TransactionId	ASId	Ingress	Egress	PathletId	Bandwidth	Delay	Reliability	Status	Full Path
1969	0	000000	000006	0	6.0	1.0	0,000	true	[000000, 000001, 000003, 000002, 000005, 000004, 000006]
1970	0	000000	000006	1	6.0	3.0	0,003	true	[000000, 000001, 000003, 000002, 000005, 000006]
1971	0	000000	000006	2	6.0	1.0	0,000	true	[000000, 000001, 000003, 000002, 000005, 000007, 000004, 000006]
1972	0	000000	000006	3	6.0	3.0	0,002	true	[000000, 000001, 000003, 000002, 000006]
1973	0	000000	000006	4	6.0	1.0	0,000	true	[000000, 000001, 000003, 000004, 000005, 000002, 000006]
1974	0	000000	000006	5	6.0	1.0	0,002	true	[000000, 000001, 000003, 000004, 000005, 000006]
1975	0	000000	000006	6	6.0	1.0	0,004	true	[000000, 000001, 000003, 000004, 000006]
1976	0	000000	000006	7	6.0	1.0	0,000	true	[000000, 000001, 000003, 000004, 000007, 000005, 000002, 000006]
1977	0	000000	000006	8	6.0	1.0	0,000	true	[000000, 000001, 000003, 000004, 000007, 000005, 000006]
1978	0	000000	000006	9	6.0	3.0	0,001	true	[000000, 000001, 000003, 000005, 000002, 000006]
1979	0	000000	000006	10	6.0	1.0	0,001	true	[000000, 000001, 000003, 000005, 000004, 000006]
1980	0	000000	000006	11	6.0	3.0	0,008	true	[000000, 000001, 000003, 000005, 000006]
1981	0	000000	000006	12	6.0	1.0	0,000	true	[000000, 000001, 000003, 000005, 000007, 000004, 000006]
1982	0	000000	000006	13	6.0	2.0	0,000	true	[000000, 000001, 000003, 000007, 000004, 000005, 000002, 000006]
1983	0	000000	000006	14	6.0	2.0	0,001	true	[000000, 000001, 000003, 000007, 000004, 000005, 000006]
1984	0	000000	000006	15	6.0	1.0	0,002	true	[000000, 000001, 000003, 000007, 000004, 000006]
1985	0	000000	000006	16	6.0	3.0	0,000	true	[000000, 000001, 000003, 000007, 000005, 000002, 000006]
1986	0	000000	000006	17	6.0	1.0	0,000	true	[000000, 000001, 000003, 000007, 000005, 000004, 000006]
1987	0	000000	000006	18	6.0	3.0	0,000	true	[000000, 000001, 000003, 000007, 000005, 000006]
1988	0	000000	000006	19	6.0	1.0	0,000	true	[000000, 000001, 000005, 000002, 000003, 000004, 000006]
1989	0	000000	000006	20	6.0	1.0	0,000	true	[000000, 000001, 000005, 000002, 000003, 000007, 000004, 000006]
1990	0	000000	000006	21	6.0	3.0	0,001	true	[000000, 000001, 000005, 000002, 000006]
1991	0	000000	000006	22	8.0	3.0	0,000	true	[000000, 000001, 000005, 000003, 000002, 000006]
1992	0	000000	000006	23	9.0	1.0	0,001	true	[000000, 000001, 000005, 000003, 000004, 000006]
1993	0	000000	000006	24	9.0	1.0	0,000	true	[000000, 000001, 000005, 000003, 000007, 000004, 000006]
1994	0	000000	000006	25	8.0	1.0	0,000	true	[000000, 000001, 000005, 000004, 000003, 000002, 000006]
1995	0	000000	000006	26	10.0	1.0	0,003	true	[000000, 000001, 000005, 000004, 000006]
1996	0	000000	000006	27	8.0	2.0	0,000	true	[000000, 000001, 000005, 000004, 000007, 000003, 000002, 000006]
1997	0	000000	000006	28	12.0	3.0	0,019	true	[000000, 000001, 000005, 000006]
1998	0	000000	000006	29	6.0	3.0	0,000	true	[000000, 000001, 000005, 000007, 000003, 000002, 000006]
1999	0	000000	000006	30	6.0	1.0	0,000	true	[000000, 000001, 000005, 000007, 000003, 000004, 000006]
2000	0	000000	000006	31	6.0	1.0	0,000	true	[000000, 000001, 000005, 000007, 000004, 000003, 000002, 000006]
2001	0	000000	000006	32	6.0	1.0	0,000	true	[000000, 000001, 000005, 000007, 000004, 000006]
2002	0	000000	000006	33	6.0	3.0	0,033	true	[000000, 000001, 000006]
2003	0	000000	000006	34	6.0	1.0	0,000	true	[000000, 000001, 000007, 000003, 000002, 000005, 000004, 000006]
2004	0	000000	000006	35	6.0	1.0	0,001	true	[000000, 000001, 000007, 000003, 000002, 000005, 000006]
2005	0	000000	000006	36	7.0	1.0	0,001	true	[000000, 000001, 000007, 000003, 000002, 000006]
2006	0	000000	000006	37	6.0	1.0	0,000	true	[000000, 000001, 000007, 000003, 000004, 000005, 000002, 000006]
2007	0	000000	000006	38	7.0	1.0	0,001	true	[000000, 000001, 000007, 000003, 000004, 000005, 000006]
2008	0	000000	000006	39	7.0	1.0	0,001	true	[000000, 000001, 000007, 000003, 000004, 000006]
2009	0	000000	000006	40	6.0	1.0	0,000	true	[000000, 000001, 000007, 000003, 000005, 000002, 000006]
2010	0	000000	000006	41	7.0	1.0	0,001	true	[000000, 000001, 000007, 000003, 000005, 000004, 000006]
2011	0	000000	000006	42	7.0	1.0	0,003	true	[000000, 000001, 000007, 000003, 000005, 000006]
2012	0	000000	000006	43	6.0	1.0	0,000	true	[000000, 000001, 000007, 000004, 000003, 000002, 000005, 000006]
2013	0	000000	000006	44	7.0	1.0	0,000	true	[000000, 000001, 000007, 000004, 000003, 000002, 000006]
2014	0	000000	000006	45	6.0	1.0	0,000	true	[000000, 000001, 000007, 000004, 000003, 000005, 000002, 000006]
2015	0	000000	000006	46	7.0	1.0	0,001	true	[000000, 000001, 000007, 000004, 000003, 000005, 000006]
2016	0	000000	000006	47	6.0	1.0	0,000	true	[000000, 000001, 000007, 000004, 000005, 000002, 000006]
2017	0	000000	000006	48	7.0	1.0	0,000	true	[000000, 000001, 000007, 000004, 000005, 000003, 000002, 000006]
2018	0	000000	000006	49	7.0	1.0	0,004	true	[000000, 000001, 000007, 000004, 000005, 000006]
2019	0	000000	000006	50	7.0	1.0	0,009	true	[000000, 000001, 000007, 000004, 000006]
2020	0	000000	000006	51	6.0	1.0	0,000	true	[000000, 000001, 000007, 000005, 000002, 000003, 000004, 000006]
2021	0	000000	000006	52	6.0	1.0	0,000	true	[000000, 000001, 000007, 000005, 000002, 000006]
2022	0	000000	000006	53	6.0	1.0	0,000	true	[000000, 000001, 000007, 000005, 000003, 000002, 000006]
2023	0	000000	000006	54	6.0	1.0	0,000	true	[000000, 000001, 000007, 000005, 000003, 000004, 000006]
2024	0	000000	000006	55	6.0	1.0	0,000	true	[000000, 000001, 000007, 000005, 000004, 000003, 000002, 000006]
2025	0	000000	000006	56	6.0	1.0	0,000	true	[000000, 000001, 000007, 000005, 000004, 000006]
2026	0	000000	000006	57	6.0	1.0	0,001	true	[000000, 000001, 000007, 000005, 000006]
2027	0	000000	000006	58	6.0	3.0	0,000	true	[000000, 000003, 000001, 000005, 000002, 000006]
2028	0	000000	000006	59	6.0	1.0	0,000	true	[000000, 000003, 000001, 000005, 000004, 000006]
2029	0	000000	000006	60	6.0	4.0	0,001	true	[000000, 000003, 000001, 000005, 000006]
2030	0	000000	000006	61	6.0	1.0	0,000	true	[000000, 000003, 000001, 000005, 000007, 000004, 000006]
2031	0	000000	000006	62	6.0	5.0	0,002	true	[000000, 000003, 000001, 000006]
2032	0	000000	000006	63	6.0	1.0	0,000	true	[000000, 000003, 000001, 000007, 000004, 000005, 000002, 000006]
2033	0	000000	000006	64	6.0	1.0	0,000	true	[000000, 000003, 000001, 000007, 000004, 000005, 000006]
2034	0	000000	000006	65	6.0	1.0	0,001	true	[000000, 000003, 000001, 000007, 000004, 000006]
2035	0	000000	000006	66	6.0	1.0	0,000	true	[000000, 000003, 000001, 000007, 000005, 000002, 000006]
2036	0	000000	000006	67	6.0	1.0	0,000	true	[000000, 000003, 000001, 000007, 000005, 000004, 000006]
2037	0	000000	000006	68	6.0	1.0	0,000	true	[000000, 000003, 000001, 000007, 000005, 000006]
2038	0	000000	000006	69	6.0	3.0	0,000	true	[000000, 000003, 000002, 000005, 000001, 000006]
2039	0	000000	000006	70	6.0	1.0	0,000	true	[000000, 000003, 000002, 000005, 000001, 000007, 000004, 000006]
2040	0	000000	000006	71	6.0	1.0	0,000	true	[000000, 000003, 000002, 000005, 000004, 000006]
2041	0	000000	000006	72	6.0	1.0	0,000	true	[000000, 000003, 000002, 000005, 000004, 000007, 000001, 000006]
2042	0	000000	000006	73	6.0	3.0	0,002	true	[000000, 000003, 000002, 000005, 000006]
2043	0	000000	000006	74	6.0	1.0	0,000	true	[000000, 000003, 000002, 000005, 000007, 000001, 000006]
2044	0	000000	000006	75	6.0	1.0	0,000	true	[000000, 000003, 000002, 000005, 000007, 000004, 000006]
2045	0	000000	000006	76	8.0	3.0	0,001	true	[000000, 000003, 000002, 000006]
2046	0	000000	000006	77	6.0	1.0	0,000	true	[000000, 000003, 000004, 000005, 000001, 000006]
2047	0	000000	000006	78	6.0	1.0	0,000	true	[000000, 000003, 000004, 000005, 000002, 000006]
2048	0	000000	000006	79	10.0	1.0	0,001	true	[000000, 000003, 000004, 000005, 000006]
2049	0	000000	000006	80	6.0	1.0	0,000	true	[000000, 000003, 000004, 000005, 000007, 000001, 000006]
2050	0	000000	000006	81	10.0	1.0	0,003	true	[000000, 000003, 000004, 000006]
2051	0	000000	000006	82	6.0	1.0	0,000	true	[000000, 000003, 000004, 000007, 000001, 000005, 000002, 000006]
2052	0	000000	000006	83	7.0	1.0	0,000	true	[000000, 000003, 000004, 000007, 000001, 000005, 000006]
2053	0	000000	000006	84	6.0	1.0	0,000	true	[000000, 000003, 000004, 000007, 000001, 000006]
2054	0	000000	000006	85	6.0	1.0	0,000	true	[000000, 000003, 000004, 000007, 000005, 000001, 000006]
2055	0	000000	000006	86	6.0	1.0	0,000	true	[000000, 000003, 000004, 000007, 000005, 000002, 000006]
2056	0	000000	000006	87	6.0	1.0	0,000	true	[000000, 000003, 000004, 000007, 000005, 000006]
2057	0	000000	000006	88	6.0	3.0	0,000	true	[000000, 000003, 000005, 000001, 000006]
2058	0	000000	000006	89	7.0	1.0	0,000	true	[000000, 000003, 000005, 000001, 000007, 000004, 000006]
2059	0	000000	000006	90	6.0	3.0	0,000	true	[000000, 000003, 000005, 000002, 000006]
2060	0	000000	000006	91	9.0	1.0	0,001	true	[000000, 000003, 000005, 000004, 000006]
2061	0	000000	000006	92	6.0	1.0	0,000	true	[000000, 000003, 000005, 000004, 000007, 000001, 000006]
2062	0	000000	000006	93	9.0	3.0	0,007	true	[000000, 000003, 000005, 000006]
2063	0	000000	000006	94	6.0	1.0	0,000	true	[000000, 000003, 000005, 000007, 000001, 000006]
2064	0	000000	000006	95	6.0	1.0	0,000	true	[000000, 000003, 000005, 000007, 000004, 000006]
2065	0	000000	000006	96	6.0	1.0	0,000	true	[000000, 000003, 000007, 000001, 000005, 000002, 000006]
2066	0	000000	000006	97	7.0	1.0	0,000	true	[000000, 000003, 000007, 000001, 000005, 000004, 000006]
2067	0	000000	000006	98	7.0	1.0	0,000	true	[000000, 000003, 000007, 000001, 000005, 000006]
2068	0	000000	000006	99	6.0	1.0	0,001	true	[000000, 000003, 000007, 000001, 000006]
2069	0	000000	000006	100	6.0	2.0	0,000	true	[000000, 000003, 000007, 000004, 000005, 000001, 000006]
2070	0	000000	000006	101	10.0	2.0	0,001	true	[000000, 000003, 000007, 000004, 000005, 000006]
2071	0	000000	000006	102	10.0	1.0	0,002	true	[000000, 000003, 000007, 000004, 000006]
2072	1	001005	001003	0	5.0	1.0	0,001	true	[001005, 001000, 001001, 001007, 001003]
2073	1	001005	001003	1	5.0	1.0	0,000	true	[001005, 001000, 001001, 001007, 001004, 001003]
2074	1	001005	001003	2	5.0	1.0	0,000	true	[001005, 001000, 001001, 001007, 001006, 001004, 001003]
2075	1	001005	001003	3	11.0	1.0	0,002	true	[001005, 001000, 001003]
2076	1	001005	001003	4	9.0	1.0	0,000	true	[001005, 001000, 001004, 001003]
2077	1	001005	001003	5	5.0	1.0	0,000	true	[001005, 001000, 001004, 001006, 001007, 001003]
2078	1	001005	001003	6	9.0	1.0	0,000	true	[001005, 001000, 001004, 001007, 001003]
2079	1	001005	001003	7	9.0	1.0	0,000	true	[001005, 001000, 001007, 001003]
2080	1	001005	001003	8	9.0	1.0	0,000	true	[001005, 001000, 001007, 001004, 001003]
2081	1	001005	001003	9	5.0	1.0	0,000	true	[001005, 001000, 001007, 001006, 001004, 001003]
2082	1	001005	001003	10	7.0	1.0	0,002	true	[001005, 001001, 001000, 001003]
2083	1	001005	001003	11	7.0	1.0	0,000	true	[001005, 001001, 001000, 001004, 001003]
2084	1	001005	001003	12	5.0	1.0	0,000	true	[001005, 001001, 001000, 001004, 001006, 001007, 001003]
2085	1	001005	001003	13	7.0	1.0	0,001	true	[001005, 001001, 001000, 001004, 001007, 001003]
2086	1	001005	001003	14	7.0	1.0	0,000	true	[001005, 001001, 001000, 001007, 001003]
2087	1	001005	001003	15	7.0	1.0	0,000	true	[001005, 001001, 001000, 001007, 001004, 001003]
2088	1	001005	001003	16	5.0	1.0	0,000	true	[001005, 001001, 001000, 001007, 001006, 001004, 001003]
2089	1	001005	001003	17	5.0	1.0	0,000	true	[001005, 001001, 001007, 001000, 001003]
2090	1	001005	001003	18	5.0	1.0	0,000	true	[001005, 001001, 001007, 001000, 001004, 001003]
2091	1	001005	001003	19	5.0	1.0	0,009	true	[001005, 001001, 001007, 001003]
2092	1	001005	001003	20	5.0	1.0	0,000	true	[001005, 001001, 001007, 001004, 001000, 001003]
2093	1	001005	001003	21	5.0	1.0	0,000	true	[001005, 001001, 001007, 001004, 001003]
2094	1	001005	001003	22	5.0	1.0	0,000	true	[001005, 001001, 001007, 001006, 001004, 001000, 001003]
2095	1	001005	001003	23	5.0	1.0	0,000	true	[001005, 001001, 001007, 001006, 001004, 001003]
2096	1	001005	001003	24	8.0	1.0	0,410	true	[001005, 001003]
2097	1	001005	001003	25	5.0	1.0	0,003	true	[001005, 001006, 001004, 001000, 001001, 001007, 001003]
2098	1	001005	001003	26	5.0	1.0	0,006	true	[001005, 001006, 001004, 001000, 001003]
2099	1	001005	001003	27	5.0	1.0	0,000	true	[001005, 001006, 001004, 001000, 001007, 001003]
2100	1	001005	001003	28	5.0	1.0	0,000	true	[001005, 001006, 001004, 001003]
2101	1	001005	001003	29	5.0	1.0	0,000	true	[001005, 001006, 001004, 001007, 001000, 001003]
2102	1	001005	001003	30	5.0	1.0	0,000	true	[001005, 001006, 001004, 001007, 001001, 001000, 001003]
2103	1	001005	001003	31	5.0	1.0	0,011	true	[001005, 001006, 001004, 001007, 001003]
2104	1	001005	001003	32	5.0	1.0	0,000	true	[001005, 001006, 001007, 001000, 001003]
2105	1	001005	001003	33	5.0	1.0	0,000	true	[001005, 001006, 001007, 001000, 001004, 001003]
2106	1	001005	001003	34	5.0	1.0	0,001	true	[001005, 001006, 001007, 001001, 001000, 001003]
2107	1	001005	001003	35	5.0	1.0	0,000	true	[001005, 001006, 001007, 001001, 001000, 001004, 001003]
2108	1	001005	001003	36	5.0	1.0	0,034	true	[001005, 001006, 001007, 001003]
2109	1	001005	001003	37	5.0	1.0	0,000	true	[001005, 001006, 001007, 001004, 001000, 001003]
2110	1	001005	001003	38	5.0	1.0	0,000	true	[001005, 001006, 001007, 001004, 001003]
2111	1	001005	001000	39	14.0	1.0	0,020	true	[001005, 001000]
2112	1	001005	001000	40	7.0	1.0	0,025	true	[001005, 001001, 001000]
2113	1	001005	001000	41	5.0	1.0	0,000	true	[001005, 001001, 001007, 001000]
2114	1	001005	001000	42	5.0	1.0	0,001	true	[001005, 001001, 001007, 001003, 001000]
2115	1	001005	001000	43	5.0	1.0	0,000	true	[001005, 001001, 001007, 001003, 001004, 001000]
2116	1	001005	001000	44	5.0	1.0	0,001	true	[001005, 001001, 001007, 001004, 001000]
2117	1	001005	001000	45	5.0	1.0	0,000	true	[001005, 001001, 001007, 001004, 001003, 001000]
2118	1	001005	001000	46	5.0	1.0	0,001	true	[001005, 001001, 001007, 001006, 001004, 001000]
2119	1	001005	001000	47	5.0	1.0	0,000	true	[001005, 001001, 001007, 001006, 001004, 001003, 001000]
2120	1	001005	001000	48	8.0	1.0	0,041	true	[001005, 001003, 001000]
2121	1	001005	001000	49	8.0	1.0	0,000	true	[001005, 001003, 001004, 001000]
2122	1	001005	001000	50	5.0	1.0	0,000	true	[001005, 001003, 001004, 001006, 001007, 001000]
2123	1	001005	001000	51	5.0	1.0	0,000	true	[001005, 001003, 001004, 001006, 001007, 001001, 001000]
2124	1	001005	001000	52	8.0	1.0	0,000	true	[001005, 001003, 001004, 001007, 001000]
2125	1	001005	001000	53	5.0	1.0	0,000	true	[001005, 001003, 001004, 001007, 001001, 001000]
2126	1	001005	001000	54	8.0	1.0	0,000	true	[001005, 001003, 001007, 001000]
2127	1	001005	001000	55	5.0	1.0	0,024	true	[001005, 001003, 001007, 001001, 001000]
2128	1	001005	001000	56	8.0	1.0	0,009	true	[001005, 001003, 001007, 001004, 001000]
2129	1	001005	001000	57	5.0	1.0	0,005	true	[001005, 001003, 001007, 001006, 001004, 001000]
2130	1	001005	001000	58	5.0	1.0	0,057	true	[001005, 001006, 001004, 001000]
2131	1	001005	001000	59	5.0	1.0	0,000	true	[001005, 001006, 001004, 001003, 001000]
2132	1	001005	001000	60	5.0	1.0	0,000	true	[001005, 001006, 001004, 001003, 001007, 001000]
2133	1	001005	001000	61	5.0	1.0	0,000	true	[001005, 001006, 001004, 001003, 001007, 001001, 001000]
2134	1	001005	001000	62	5.0	1.0	0,000	true	[001005, 001006, 001004, 001007, 001000]
2135	1	001005	001000	63	5.0	1.0	0,004	true	[001005, 001006, 001004, 001007, 001001, 001000]
2136	1	001005	001000	64	5.0	1.0	0,001	true	[001005, 001006, 001004, 001007, 001003, 001000]
2137	1	001005	001000	65	5.0	1.0	0,000	true	[001005, 001006, 001007, 001000]
2138	1	001005	001000	66	5.0	1.0	0,012	true	[001005, 001006, 001007, 001001, 001000]
2139	1	001005	001000	67	5.0	1.0	0,003	true	[001005, 001006, 001007, 001003, 001000]
2140	1	001005	001000	68	5.0	1.0	0,000	true	[001005, 001006, 001007, 001003, 001004, 001000]
2141	1	001005	001000	69	5.0	1.0	0,005	true	[001005, 001006, 001007, 001004, 001000]
2142	1	001005	001000	70	5.0	1.0	0,000	true	[001005, 001006, 001007, 001004, 001003, 001000]
2143	1	001003	001000	71	11.0	2.0	0,100	true	[001003, 001000]
2144	1	001003	001000	72	9.0	2.0	0,000	true	[001003, 001004, 001000]
2145	1	001003	001000	73	5.0	1.0	0,000	true	[001003, 001004, 001006, 001005, 001000]
2146	1	001003	001000	74	5.0	1.0	0,000	true	[001003, 001004, 001006, 001005, 001001, 001000]
2147	1	001003	001000	75	5.0	1.0	0,000	true	[001003, 001004, 001006, 001005, 001001, 001007, 001000]
2148	1	001003	001000	76	5.0	2.0	0,000	true	[001003, 001004, 001006, 001007, 001000]
2149	1	001003	001000	77	5.0	2.0	0,000	true	[001003, 001004, 001006, 001007, 001001, 001000]
2150	1	001003	001000	78	5.0	1.0	0,000	true	[001003, 001004, 001006, 001007, 001001, 001005, 001000]
2151	1	001003	001000	79	9.0	2.0	0,000	true	[001003, 001004, 001007, 001000]
2152	1	001003	001000	80	5.0	2.0	0,000	true	[001003, 001004, 001007, 001001, 001000]
2153	1	001003	001000	81	5.0	1.0	0,000	true	[001003, 001004, 001007, 001001, 001005, 001000]
2154	1	001003	001000	82	5.0	1.0	0,000	true	[001003, 001004, 001007, 001006, 001005, 001000]
2155	1	001003	001000	83	5.0	1.0	0,000	true	[001003, 001004, 001007, 001006, 001005, 001001, 001000]
2156	1	001003	001000	84	8.0	1.0	0,008	true	[001003, 001005, 001000]
2157	1	001003	001000	85	7.0	1.0	0,010	true	[001003, 001005, 001001, 001000]
2158	1	001003	001000	86	5.0	1.0	0,000	true	[001003, 001005, 001001, 001007, 001000]
2159	1	001003	001000	87	5.0	1.0	0,000	true	[001003, 001005, 001001, 001007, 001004, 001000]
2160	1	001003	001000	88	5.0	1.0	0,000	true	[001003, 001005, 001001, 001007, 001006, 001004, 001000]
2161	1	001003	001000	89	5.0	1.0	0,024	true	[001003, 001005, 001006, 001004, 001000]
2162	1	001003	001000	90	5.0	1.0	0,000	true	[001003, 001005, 001006, 001004, 001007, 001000]
2163	1	001003	001000	91	5.0	1.0	0,002	true	[001003, 001005, 001006, 001004, 001007, 001001, 001000]
2164	1	001003	001000	92	5.0	1.0	0,000	true	[001003, 001005, 001006, 001007, 001000]
2165	1	001003	001000	93	5.0	1.0	0,005	true	[001003, 001005, 001006, 001007, 001001, 001000]
2166	1	001003	001000	94	5.0	1.0	0,002	true	[001003, 001005, 001006, 001007, 001004, 001000]
2167	1	001003	001000	95	9.0	4.0	0,000	true	[001003, 001007, 001000]
2168	1	001003	001000	96	5.0	2.0	0,059	true	[001003, 001007, 001001, 001000]
2169	1	001003	001000	97	5.0	1.0	0,000	true	[001003, 001007, 001001, 001005, 001000]
2170	1	001003	001000	98	5.0	1.0	0,000	true	[001003, 001007, 001001, 001005, 001006, 001004, 001000]
2171	1	001003	001000	99	9.0	4.0	0,023	true	[001003, 001007, 001004, 001000]
2172	1	001003	001000	100	5.0	1.0	0,000	true	[001003, 001007, 001004, 001006, 001005, 001000]
2173	2	002001	002003	0	9.0	3.0	0,013	true	[002001, 002000, 002002, 002004, 002003]
2174	2	002001	002003	1	9.0	1.0	0,003	true	[002001, 002000, 002002, 002006, 002003]
2175	2	002001	002003	2	8.0	1.0	0,000	true	[002001, 002000, 002002, 002006, 002005, 002007, 002003]
2176	2	002001	002003	3	6.0	1.0	0,001	true	[002001, 002000, 002002, 002006, 002007, 002003]
2177	2	002001	002003	4	9.0	1.0	0,171	true	[002001, 002000, 002003]
2178	2	002001	002003	5	9.0	1.0	0,000	true	[002001, 002000, 002004, 002002, 002006, 002003]
2179	2	002001	002003	6	8.0	1.0	0,000	true	[002001, 002000, 002004, 002002, 002006, 002005, 002007, 002003]
2180	2	002001	002003	7	6.0	1.0	0,000	true	[002001, 002000, 002004, 002002, 002006, 002007, 002003]
2181	2	002001	002003	8	9.0	3.0	0,012	true	[002001, 002000, 002004, 002003]
2182	2	002001	002003	9	8.0	1.0	0,003	true	[002001, 002000, 002006, 002002, 002004, 002003]
2183	2	002001	002003	10	8.0	1.0	0,013	true	[002001, 002000, 002006, 002003]
2184	2	002001	002003	11	8.0	1.0	0,000	true	[002001, 002000, 002006, 002005, 002007, 002003]
2185	2	002001	002003	12	6.0	1.0	0,006	true	[002001, 002000, 002006, 002007, 002003]
2186	2	002001	002003	13	8.0	1.0	0,005	true	[002001, 002000, 002007, 002003]
2187	2	002001	002003	14	8.0	1.0	0,000	true	[002001, 002000, 002007, 002005, 002006, 002002, 002004, 002003]
2188	2	002001	002003	15	8.0	3.0	0,000	true	[002001, 002000, 002007, 002005, 002006, 002003]
2189	2	002001	002003	16	6.0	1.0	0,000	true	[002001, 002000, 002007, 002006, 002002, 002004, 002003]
2190	2	002001	002003	17	6.0	3.0	0,001	true	[002001, 002000, 002007, 002006, 002003]
2191	2	002001	002003	18	9.0	1.0	0,068	true	[002001, 002002, 002000, 002003]
2192	2	002001	002003	19	11.0	3.0	0,005	true	[002001, 002002, 002000, 002004, 002003]
2193	2	002001	002003	20	8.0	1.0	0,005	true	[002001, 002002, 002000, 002006, 002003]
2194	2	002001	002003	21	8.0	1.0	0,000	true	[002001, 002002, 002000, 002006, 002005, 002007, 002003]
2195	2	002001	002003	22	6.0	1.0	0,002	true	[002001, 002002, 002000, 002006, 002007, 002003]
2196	2	002001	002003	23	8.0	1.0	0,002	true	[002001, 002002, 002000, 002007, 002003]
2197	2	002001	002003	24	8.0	3.0	0,000	true	[002001, 002002, 002000, 002007, 002005, 002006, 002003]
2198	2	002001	002003	25	6.0	3.0	0,000	true	[002001, 002002, 002000, 002007, 002006, 002003]
2199	2	002001	002003	26	9.0	1.0	0,004	true	[002001, 002002, 002004, 002000, 002003]
2200	2	002001	002003	27	8.0	1.0	0,000	true	[002001, 002002, 002004, 002000, 002006, 002003]
2201	2	002001	002003	28	8.0	1.0	0,000	true	[002001, 002002, 002004, 002000, 002006, 002005, 002007, 002003]
2202	2	002001	002003	29	6.0	1.0	0,000	true	[002001, 002002, 002004, 002000, 002006, 002007, 002003]
2203	2	002001	002003	30	8.0	1.0	0,000	true	[002001, 002002, 002004, 002000, 002007, 002003]
2204	2	002001	002003	31	8.0	3.0	0,000	true	[002001, 002002, 002004, 002000, 002007, 002005, 002006, 002003]
2205	2	002001	002003	32	6.0	3.0	0,000	true	[002001, 002002, 002004, 002000, 002007, 002006, 002003]
2206	2	002001	002003	33	9.0	3.0	0,039	true	[002001, 002002, 002004, 002003]
2207	2	002001	002003	34	8.0	1.0	0,015	true	[002001, 002002, 002006, 002000, 002003]
2208	2	002001	002003	35	8.0	1.0	0,001	true	[002001, 002002, 002006, 002000, 002004, 002003]
2209	2	002001	002003	36	8.0	1.0	0,000	true	[002001, 002002, 002006, 002000, 002007, 002003]
2210	2	002001	002003	37	9.0	1.0	0,008	true	[002001, 002002, 002006, 002003]
2211	2	002001	002003	38	8.0	1.0	0,000	true	[002001, 002002, 002006, 002005, 002007, 002000, 002003]
2212	2	002001	002003	39	8.0	1.0	0,000	true	[002001, 002002, 002006, 002005, 002007, 002000, 002004, 002003]
2213	2	002001	002003	40	8.0	1.0	0,000	true	[002001, 002002, 002006, 002005, 002007, 002003]
2214	2	002001	002003	41	6.0	1.0	0,001	true	[002001, 002002, 002006, 002007, 002000, 002003]
2215	2	002001	002003	42	6.0	1.0	0,000	true	[002001, 002002, 002006, 002007, 002000, 002004, 002003]
2216	2	002001	002003	43	6.0	1.0	0,004	true	[002001, 002002, 002006, 002007, 002003]
2217	2	002001	002003	44	11.0	2.0	0,070	true	[002001, 002003]
2218	2	002001	002003	45	8.0	1.0	0,001	true	[002001, 002005, 002006, 002000, 002002, 002004, 002003]
2219	2	002001	002003	46	8.0	1.0	0,014	true	[002001, 002005, 002006, 002000, 002003]
2220	2	002001	002003	47	8.0	1.0	0,001	true	[002001, 002005, 002006, 002000, 002004, 002003]
2221	2	002001	002003	48	8.0	1.0	0,000	true	[002001, 002005, 002006, 002000, 002007, 002003]
2222	2	002001	002003	49	9.0	1.0	0,003	true	[002001, 002005, 002006, 002002, 002000, 002003]
2223	2	002001	002003	50	9.0	1.0	0,000	true	[002001, 002005, 002006, 002002, 002000, 002004, 002003]
2224	2	002001	002003	51	8.0	1.0	0,000	true	[002001, 002005, 002006, 002002, 002000, 002007, 002003]
2225	2	002001	002003	52	9.0	1.0	0,000	true	[002001, 002005, 002006, 002002, 002004, 002000, 002003]
2226	2	002001	002003	53	8.0	1.0	0,000	true	[002001, 002005, 002006, 002002, 002004, 002000, 002007, 002003]
2227	2	002001	002003	54	9.0	1.0	0,002	true	[002001, 002005, 002006, 002002, 002004, 002003]
2228	2	002001	002003	55	11.0	3.0	0,008	true	[002001, 002005, 002006, 002003]
2229	2	002001	002003	56	6.0	3.0	0,000	true	[002001, 002005, 002006, 002007, 002000, 002002, 002004, 002003]
2230	2	002001	002003	57	6.0	1.0	0,001	true	[002001, 002005, 002006, 002007, 002000, 002003]
2231	2	002001	002003	58	6.0	3.0	0,000	true	[002001, 002005, 002006, 002007, 002000, 002004, 002003]
2232	2	002001	002003	59	6.0	1.0	0,003	true	[002001, 002005, 002006, 002007, 002003]
2233	2	002001	002003	60	8.0	3.0	0,000	true	[002001, 002005, 002007, 002000, 002002, 002004, 002003]
2234	2	002001	002003	61	8.0	1.0	0,000	true	[002001, 002005, 002007, 002000, 002002, 002006, 002003]
2235	2	002001	002003	62	8.0	1.0	0,002	true	[002001, 002005, 002007, 002000, 002003]
2236	2	002001	002003	63	8.0	1.0	0,000	true	[002001, 002005, 002007, 002000, 002004, 002002, 002006, 002003]
2237	2	002001	002003	64	8.0	3.0	0,000	true	[002001, 002005, 002007, 002000, 002004, 002003]
2238	2	002001	002003	65	8.0	1.0	0,000	true	[002001, 002005, 002007, 002000, 002006, 002002, 002004, 002003]
2239	2	002001	002003	66	8.0	1.0	0,000	true	[002001, 002005, 002007, 002000, 002006, 002003]
2240	2	002001	002003	67	8.0	1.0	0,004	true	[002001, 002005, 002007, 002003]
2241	2	002001	002003	68	6.0	1.0	0,000	true	[002001, 002005, 002007, 002006, 002000, 002002, 002004, 002003]
2242	2	002001	002003	69	6.0	1.0	0,002	true	[002001, 002005, 002007, 002006, 002000, 002003]
2243	2	002001	002003	70	6.0	1.0	0,000	true	[002001, 002005, 002007, 002006, 002000, 002004, 002003]
2244	2	002001	002003	71	6.0	1.0	0,000	true	[002001, 002005, 002007, 002006, 002002, 002000, 002003]
2245	2	002001	002003	72	6.0	1.0	0,000	true	[002001, 002005, 002007, 002006, 002002, 002000, 002004, 002003]
2246	2	002001	002003	73	6.0	1.0	0,000	true	[002001, 002005, 002007, 002006, 002002, 002004, 002000, 002003]
2247	2	002001	002003	74	6.0	1.0	0,000	true	[002001, 002005, 002007, 002006, 002002, 002004, 002003]
2248	2	002001	002003	75	6.0	3.0	0,001	true	[002001, 002005, 002007, 002006, 002003]
2249	2	002001	002003	76	8.0	1.0	0,001	true	[002001, 002006, 002000, 002002, 002004, 002003]
2250	2	002001	002003	77	8.0	1.0	0,008	true	[002001, 002006, 002000, 002003]
2251	2	002001	002003	78	8.0	1.0	0,001	true	[002001, 002006, 002000, 002004, 002003]
2252	2	002001	002003	79	8.0	1.0	0,000	true	[002001, 002006, 002000, 002007, 002003]
2253	2	002001	002003	80	9.0	1.0	0,002	true	[002001, 002006, 002002, 002000, 002003]
2254	2	002001	002003	81	9.0	1.0	0,000	true	[002001, 002006, 002002, 002000, 002004, 002003]
2255	2	002001	002003	82	8.0	1.0	0,000	true	[002001, 002006, 002002, 002000, 002007, 002003]
2256	2	002001	002003	83	9.0	1.0	0,000	true	[002001, 002006, 002002, 002004, 002000, 002003]
2257	2	002001	002003	84	8.0	1.0	0,000	true	[002001, 002006, 002002, 002004, 002000, 002007, 002003]
2258	2	002001	002003	85	9.0	1.0	0,001	true	[002001, 002006, 002002, 002004, 002003]
2259	2	002001	002003	86	11.0	1.0	0,005	true	[002001, 002006, 002003]
2260	2	002001	002003	87	8.0	1.0	0,000	true	[002001, 002006, 002005, 002007, 002000, 002002, 002004, 002003]
2261	2	002001	002003	88	8.0	1.0	0,000	true	[002001, 002006, 002005, 002007, 002000, 002003]
2262	2	002001	002003	89	8.0	1.0	0,000	true	[002001, 002006, 002005, 002007, 002000, 002004, 002003]
2263	2	002001	002003	90	8.0	1.0	0,000	true	[002001, 002006, 002005, 002007, 002003]
2264	2	002001	002003	91	6.0	1.0	0,000	true	[002001, 002006, 002007, 002000, 002002, 002004, 002003]
2265	2	002001	002003	92	6.0	1.0	0,001	true	[002001, 002006, 002007, 002000, 002003]
2266	2	002001	002003	93	6.0	1.0	0,000	true	[002001, 002006, 002007, 002000, 002004, 002003]
2267	2	002001	002003	94	6.0	1.0	0,002	true	[002001, 002006, 002007, 002003]
2268	2	002001	002002	95	9.0	4.0	0,141	true	[002001, 002000, 002002]
2269	2	002001	002002	96	9.0	1.0	0,016	true	[002001, 002000, 002003, 002004, 002002]
2270	2	002001	002002	97	9.0	1.0	0,003	true	[002001, 002000, 002003, 002006, 002002]
2271	2	002001	002002	98	8.0	1.0	0,000	true	[002001, 002000, 002003, 002007, 002005, 002006, 002002]
2272	2	002001	002002	99	6.0	1.0	0,002	true	[002001, 002000, 002003, 002007, 002006, 002002]
2273	2	002001	002002	100	9.0	3.0	0,008	true	[002001, 002000, 002004, 002002]
2274	2	002001	002002	101	13.0	5.0	0,410	true	[002001, 002002]
2275	3	003002	003007	0	5.0	1.0	0,000	true	[003002, 003000, 003001, 003003, 003005, 003006, 003004, 003007]
2276	3	003002	003007	1	5.0	1.0	0,000	true	[003002, 003000, 003001, 003003, 003005, 003006, 003007]
2277	3	003002	003007	2	5.0	1.0	0,001	true	[003002, 003000, 003001, 003003, 003005, 003007]
2278	3	003002	003007	3	5.0	1.0	0,000	true	[003002, 003000, 003001, 003003, 003006, 003004, 003007]
2279	3	003002	003007	4	5.0	1.0	0,000	true	[003002, 003000, 003001, 003003, 003006, 003005, 003007]
2280	3	003002	003007	5	5.0	1.0	0,001	true	[003002, 003000, 003001, 003003, 003006, 003007]
2281	3	003002	003007	6	5.0	1.0	0,002	true	[003002, 003000, 003001, 003003, 003007]
2282	3	003002	003007	7	5.0	1.0	0,000	true	[003002, 003000, 003001, 003004, 003006, 003003, 003005, 003007]
2283	3	003002	003007	8	5.0	1.0	0,000	true	[003002, 003000, 003001, 003004, 003006, 003003, 003007]
2284	3	003002	003007	9	5.0	1.0	0,000	true	[003002, 003000, 003001, 003004, 003006, 003005, 003003, 003007]
2285	3	003002	003007	10	5.0	1.0	0,000	true	[003002, 003000, 003001, 003004, 003006, 003005, 003007]
2286	3	003002	003007	11	5.0	1.0	0,000	true	[003002, 003000, 003001, 003004, 003006, 003007]
2287	3	003002	003007	12	5.0	1.0	0,000	true	[003002, 003000, 003001, 003004, 003007]
2288	3	003002	003007	13	5.0	1.0	0,000	true	[003002, 003000, 003001, 003005, 003003, 003006, 003004, 003007]
2289	3	003002	003007	14	5.0	1.0	0,000	true	[003002, 003000, 003001, 003005, 003003, 003006, 003007]
2290	3	003002	003007	15	5.0	1.0	0,000	true	[003002, 003000, 003001, 003005, 003003, 003007]
2291	3	003002	003007	16	5.0	1.0	0,000	true	[003002, 003000, 003001, 003005, 003006, 003003, 003007]
2292	3	003002	003007	17	5.0	1.0	0,000	true	[003002, 003000, 003001, 003005, 003006, 003004, 003007]
2293	3	003002	003007	18	5.0	1.0	0,000	true	[003002, 003000, 003001, 003005, 003006, 003007]
2294	3	003002	003007	19	5.0	1.0	0,000	true	[003002, 003000, 003001, 003005, 003007]
2295	3	003002	003007	20	5.0	1.0	0,000	true	[003002, 003000, 003001, 003006, 003003, 003005, 003007]
2296	3	003002	003007	21	5.0	1.0	0,001	true	[003002, 003000, 003001, 003006, 003003, 003007]
2297	3	003002	003007	22	5.0	1.0	0,000	true	[003002, 003000, 003001, 003006, 003004, 003007]
2298	3	003002	003007	23	5.0	1.0	0,000	true	[003002, 003000, 003001, 003006, 003005, 003003, 003007]
2299	3	003002	003007	24	5.0	1.0	0,001	true	[003002, 003000, 003001, 003006, 003005, 003007]
2300	3	003002	003007	25	5.0	1.0	0,002	true	[003002, 003000, 003001, 003006, 003007]
2301	3	003002	003007	26	5.0	1.0	0,007	true	[003002, 003000, 003001, 003007]
2302	3	003002	003007	27	8.0	1.0	0,000	true	[003002, 003000, 003003, 003001, 003004, 003006, 003005, 003007]
2303	3	003002	003007	28	6.0	1.0	0,000	true	[003002, 003000, 003003, 003001, 003004, 003006, 003007]
2304	3	003002	003007	29	7.0	1.0	0,000	true	[003002, 003000, 003003, 003001, 003004, 003007]
2305	3	003002	003007	30	7.0	1.0	0,000	true	[003002, 003000, 003003, 003001, 003005, 003006, 003004, 003007]
2306	3	003002	003007	31	6.0	1.0	0,000	true	[003002, 003000, 003003, 003001, 003005, 003006, 003007]
2307	3	003002	003007	32	8.0	1.0	0,000	true	[003002, 003000, 003003, 003001, 003005, 003007]
2308	3	003002	003007	33	7.0	1.0	0,000	true	[003002, 003000, 003003, 003001, 003006, 003004, 003007]
2309	3	003002	003007	34	8.0	1.0	0,000	true	[003002, 003000, 003003, 003001, 003006, 003005, 003007]
2310	3	003002	003007	35	6.0	1.0	0,000	true	[003002, 003000, 003003, 003001, 003006, 003007]
2311	3	003002	003007	36	8.0	1.0	0,001	true	[003002, 003000, 003003, 003001, 003007]
2312	3	003002	003007	37	6.0	1.0	0,000	true	[003002, 003000, 003003, 003005, 003001, 003004, 003006, 003007]
2313	3	003002	003007	38	7.0	1.0	0,000	true	[003002, 003000, 003003, 003005, 003001, 003004, 003007]
2314	3	003002	003007	39	7.0	1.0	0,000	true	[003002, 003000, 003003, 003005, 003001, 003006, 003004, 003007]
2315	3	003002	003007	40	6.0	1.0	0,000	true	[003002, 003000, 003003, 003005, 003001, 003006, 003007]
2316	3	003002	003007	41	8.0	1.0	0,000	true	[003002, 003000, 003003, 003005, 003001, 003007]
2317	3	003002	003007	42	7.0	1.0	0,000	true	[003002, 003000, 003003, 003005, 003006, 003001, 003004, 003007]
2318	3	003002	003007	43	8.0	1.0	0,000	true	[003002, 003000, 003003, 003005, 003006, 003001, 003007]
2319	3	003002	003007	44	8.0	1.0	0,000	true	[003002, 003000, 003003, 003005, 003006, 003004, 003001, 003007]
2320	3	003002	003007	45	7.0	1.0	0,000	true	[003002, 003000, 003003, 003005, 003006, 003004, 003007]
2321	3	003002	003007	46	6.0	1.0	0,000	true	[003002, 003000, 003003, 003005, 003006, 003007]
2322	3	003002	003007	47	8.0	1.0	0,001	true	[003002, 003000, 003003, 003005, 003007]
2323	3	003002	003007	48	7.0	1.0	0,000	true	[003002, 003000, 003003, 003006, 003001, 003004, 003007]
2324	3	003002	003007	49	8.0	1.0	0,000	true	[003002, 003000, 003003, 003006, 003001, 003005, 003007]
2325	3	003002	003007	50	8.0	1.0	0,000	true	[003002, 003000, 003003, 003006, 003001, 003007]
2326	3	003002	003007	51	8.0	1.0	0,000	true	[003002, 003000, 003003, 003006, 003004, 003001, 003005, 003007]
2327	3	003002	003007	52	8.0	1.0	0,000	true	[003002, 003000, 003003, 003006, 003004, 003001, 003007]
2328	3	003002	003007	53	7.0	1.0	0,000	true	[003002, 003000, 003003, 003006, 003004, 003007]
2329	3	003002	003007	54	7.0	1.0	0,000	true	[003002, 003000, 003003, 003006, 003005, 003001, 003004, 003007]
2330	3	003002	003007	55	8.0	1.0	0,000	true	[003002, 003000, 003003, 003006, 003005, 003001, 003007]
2331	3	003002	003007	56	8.0	1.0	0,000	true	[003002, 003000, 003003, 003006, 003005, 003007]
2332	3	003002	003007	57	6.0	1.0	0,001	true	[003002, 003000, 003003, 003006, 003007]
2333	3	003002	003007	58	8.0	1.0	0,003	true	[003002, 003000, 003003, 003007]
2334	3	003002	003007	59	6.0	1.0	0,000	true	[003002, 003000, 003004, 003001, 003003, 003005, 003006, 003007]
2335	3	003002	003007	60	8.0	1.0	0,000	true	[003002, 003000, 003004, 003001, 003003, 003005, 003007]
2336	3	003002	003007	61	8.0	1.0	0,000	true	[003002, 003000, 003004, 003001, 003003, 003006, 003005, 003007]
2337	3	003002	003007	62	6.0	1.0	0,000	true	[003002, 003000, 003004, 003001, 003003, 003006, 003007]
2338	3	003002	003007	63	9.0	1.0	0,000	true	[003002, 003000, 003004, 003001, 003003, 003007]
2339	3	003002	003007	64	6.0	1.0	0,000	true	[003002, 003000, 003004, 003001, 003005, 003003, 003006, 003007]
2340	3	003002	003007	65	9.0	1.0	0,000	true	[003002, 003000, 003004, 003001, 003005, 003003, 003007]
2341	3	003002	003007	66	8.0	1.0	0,000	true	[003002, 003000, 003004, 003001, 003005, 003006, 003003, 003007]
2342	3	003002	003007	67	6.0	1.0	0,000	true	[003002, 003000, 003004, 003001, 003005, 003006, 003007]
2343	3	003002	003007	68	8.0	1.0	0,000	true	[003002, 003000, 003004, 003001, 003005, 003007]
2344	3	003002	003007	69	8.0	1.0	0,000	true	[003002, 003000, 003004, 003001, 003006, 003003, 003005, 003007]
2345	3	003002	003007	70	9.0	1.0	0,000	true	[003002, 003000, 003004, 003001, 003006, 003003, 003007]
2346	3	003002	003007	71	8.0	1.0	0,000	true	[003002, 003000, 003004, 003001, 003006, 003005, 003003, 003007]
2347	3	003002	003007	72	8.0	1.0	0,000	true	[003002, 003000, 003004, 003001, 003006, 003005, 003007]
2348	3	003002	003007	73	6.0	1.0	0,000	true	[003002, 003000, 003004, 003001, 003006, 003007]
2349	3	003002	003007	74	9.0	1.0	0,001	true	[003002, 003000, 003004, 003001, 003007]
2350	3	003002	003007	75	8.0	1.0	0,000	true	[003002, 003000, 003004, 003006, 003001, 003003, 003005, 003007]
2351	3	003002	003007	76	8.0	1.0	0,000	true	[003002, 003000, 003004, 003006, 003001, 003003, 003007]
2352	3	003002	003007	77	8.0	1.0	0,000	true	[003002, 003000, 003004, 003006, 003001, 003005, 003003, 003007]
2353	3	003002	003007	78	8.0	1.0	0,000	true	[003002, 003000, 003004, 003006, 003001, 003005, 003007]
2354	3	003002	003007	79	8.0	1.0	0,001	true	[003002, 003000, 003004, 003006, 003001, 003007]
2355	3	003002	003007	80	8.0	1.0	0,000	true	[003002, 003000, 003004, 003006, 003003, 003001, 003005, 003007]
2356	3	003002	003007	81	8.0	1.0	0,000	true	[003002, 003000, 003004, 003006, 003003, 003001, 003007]
2357	3	003002	003007	82	8.0	1.0	0,000	true	[003002, 003000, 003004, 003006, 003003, 003005, 003001, 003007]
2358	3	003002	003007	83	8.0	1.0	0,001	true	[003002, 003000, 003004, 003006, 003003, 003005, 003007]
2359	3	003002	003007	84	8.0	1.0	0,001	true	[003002, 003000, 003004, 003006, 003003, 003007]
2360	3	003002	003007	85	8.0	1.0	0,000	true	[003002, 003000, 003004, 003006, 003005, 003001, 003003, 003007]
2361	3	003002	003007	86	8.0	1.0	0,000	true	[003002, 003000, 003004, 003006, 003005, 003001, 003007]
2362	3	003002	003007	87	8.0	1.0	0,000	true	[003002, 003000, 003004, 003006, 003005, 003003, 003001, 003007]
2363	3	003002	003007	88	8.0	1.0	0,000	true	[003002, 003000, 003004, 003006, 003005, 003003, 003007]
2364	3	003002	003007	89	8.0	1.0	0,002	true	[003002, 003000, 003004, 003006, 003005, 003007]
2365	3	003002	003007	90	6.0	1.0	0,005	true	[003002, 003000, 003004, 003006, 003007]
2366	3	003002	003007	91	7.0	1.0	0,006	true	[003002, 003000, 003004, 003007]
2367	3	003002	003007	92	7.0	1.0	0,000	true	[003002, 003000, 003005, 003001, 003003, 003006, 003004, 003007]
2368	3	003002	003007	93	6.0	1.0	0,000	true	[003002, 003000, 003005, 003001, 003003, 003006, 003007]
2369	3	003002	003007	94	9.0	1.0	0,000	true	[003002, 003000, 003005, 003001, 003003, 003007]
2370	3	003002	003007	95	8.0	1.0	0,000	true	[003002, 003000, 003005, 003001, 003004, 003006, 003003, 003007]
2371	3	003002	003007	96	6.0	1.0	0,000	true	[003002, 003000, 003005, 003001, 003004, 003006, 003007]
2372	3	003002	003007	97	7.0	1.0	0,000	true	[003002, 003000, 003005, 003001, 003004, 003007]
2373	3	003002	003007	98	9.0	1.0	0,000	true	[003002, 003000, 003005, 003001, 003006, 003003, 003007]
2374	3	003002	003007	99	7.0	1.0	0,000	true	[003002, 003000, 003005, 003001, 003006, 003004, 003007]
2375	3	003002	003007	100	6.0	1.0	0,000	true	[003002, 003000, 003005, 003001, 003006, 003007]
2376	3	003002	003007	101	9.0	1.0	0,000	true	[003002, 003000, 003005, 003001, 003007]
2377	3	003002	003007	102	8.0	1.0	0,011	true	[003002, 003000, 003005, 003007]
2378	4	004007	004001	0	7.0	1.0	0,031	true	[004007, 004002, 004001]
2379	4	004007	004001	1	5.0	1.0	0,056	true	[004007, 004002, 004005, 004001]
2380	4	004007	004001	2	5.0	1.0	0,000	true	[004007, 004002, 004005, 004003, 004000, 004001]
2381	4	004007	004001	3	7.0	1.0	0,001	true	[004007, 004002, 004005, 004003, 004000, 004004, 004001]
2382	4	004007	004001	4	5.0	1.0	0,000	true	[004007, 004002, 004005, 004003, 004006, 004004, 004000, 004001]
2383	4	004007	004001	5	7.0	1.0	0,001	true	[004007, 004002, 004005, 004003, 004006, 004004, 004001]
2384	4	004007	004001	6	5.0	1.0	0,001	true	[004007, 004002, 004005, 004004, 004000, 004001]
2385	4	004007	004001	7	7.0	1.0	0,013	true	[004007, 004002, 004005, 004004, 004001]
2386	4	004007	004001	8	5.0	1.0	0,000	true	[004007, 004002, 004005, 004004, 004006, 004003, 004000, 004001]
2387	4	004007	004001	9	5.0	1.0	0,001	true	[004007, 004002, 004006, 004003, 004000, 004001]
2388	4	004007	004001	10	6.0	1.0	0,001	true	[004007, 004002, 004006, 004003, 004000, 004004, 004001]
2389	4	004007	004001	11	5.0	1.0	0,000	true	[004007, 004002, 004006, 004003, 004000, 004004, 004005, 004001]
2390	4	004007	004001	12	5.0	1.0	0,006	true	[004007, 004002, 004006, 004003, 004005, 004001]
2391	4	004007	004001	13	5.0	1.0	0,000	true	[004007, 004002, 004006, 004003, 004005, 004004, 004000, 004001]
2392	4	004007	004001	14	6.0	1.0	0,001	true	[004007, 004002, 004006, 004003, 004005, 004004, 004001]
2393	4	004007	004001	15	5.0	1.0	0,001	true	[004007, 004002, 004006, 004004, 004000, 004001]
2394	4	004007	004001	16	5.0	1.0	0,000	true	[004007, 004002, 004006, 004004, 004000, 004003, 004005, 004001]
2395	4	004007	004001	17	6.0	1.0	0,011	true	[004007, 004002, 004006, 004004, 004001]
2396	4	004007	004001	18	5.0	1.0	0,005	true	[004007, 004002, 004006, 004004, 004005, 004001]
2397	4	004007	004001	19	5.0	1.0	0,000	true	[004007, 004002, 004006, 004004, 004005, 004003, 004000, 004001]
2398	4	004007	004001	20	5.0	1.0	0,007	true	[004007, 004004, 004000, 004001]
2399	4	004007	004001	21	5.0	3.0	0,001	true	[004007, 004004, 004000, 004003, 004005, 004001]
2400	4	004007	004001	22	8.0	2.0	0,000	true	[004007, 004004, 004000, 004003, 004005, 004002, 004001]
2401	4	004007	004001	23	6.0	1.0	0,000	true	[004007, 004004, 004000, 004003, 004006, 004002, 004001]
2402	4	004007	004001	24	5.0	1.0	0,000	true	[004007, 004004, 004000, 004003, 004006, 004002, 004005, 004001]
2403	4	004007	004001	25	8.0	1.0	0,058	true	[004007, 004004, 004001]
2404	4	004007	004001	26	5.0	3.0	0,026	true	[004007, 004004, 004005, 004001]
2405	4	004007	004001	27	8.0	2.0	0,003	true	[004007, 004004, 004005, 004002, 004001]
2406	4	004007	004001	28	5.0	1.0	0,000	true	[004007, 004004, 004005, 004002, 004006, 004003, 004000, 004001]
2407	4	004007	004001	29	5.0	1.0	0,000	true	[004007, 004004, 004005, 004003, 004000, 004001]
2408	4	004007	004001	30	6.0	1.0	0,000	true	[004007, 004004, 004005, 004003, 004006, 004002, 004001]
2409	4	004007	004001	31	6.0	1.0	0,003	true	[004007, 004004, 004006, 004002, 004001]
2410	4	004007	004001	32	5.0	1.0	0,005	true	[004007, 004004, 004006, 004002, 004005, 004001]
2411	4	004007	004001	33	5.0	1.0	0,000	true	[004007, 004004, 004006, 004002, 004005, 004003, 004000, 004001]
2412	4	004007	004001	34	5.0	1.0	0,000	true	[004007, 004004, 004006, 004003, 004000, 004001]
2413	4	004007	004001	35	5.0	3.0	0,003	true	[004007, 004004, 004006, 004003, 004005, 004001]
2414	4	004007	004001	36	7.0	2.0	0,000	true	[004007, 004004, 004006, 004003, 004005, 004002, 004001]
2415	4	004007	004001	37	6.0	1.0	0,014	true	[004007, 004006, 004002, 004001]
2416	4	004007	004001	38	5.0	1.0	0,025	true	[004007, 004006, 004002, 004005, 004001]
2417	4	004007	004001	39	5.0	1.0	0,000	true	[004007, 004006, 004002, 004005, 004003, 004000, 004001]
2418	4	004007	004001	40	6.0	1.0	0,000	true	[004007, 004006, 004002, 004005, 004003, 004000, 004004, 004001]
2419	4	004007	004001	41	5.0	1.0	0,001	true	[004007, 004006, 004002, 004005, 004004, 004000, 004001]
2420	4	004007	004001	42	6.0	1.0	0,006	true	[004007, 004006, 004002, 004005, 004004, 004001]
2421	4	004007	004001	43	5.0	1.0	0,001	true	[004007, 004006, 004003, 004000, 004001]
2422	4	004007	004001	44	8.0	1.0	0,002	true	[004007, 004006, 004003, 004000, 004004, 004001]
2423	4	004007	004001	45	5.0	1.0	0,001	true	[004007, 004006, 004003, 004000, 004004, 004005, 004001]
2424	4	004007	004001	46	8.0	1.0	0,000	true	[004007, 004006, 004003, 004000, 004004, 004005, 004002, 004001]
2425	4	004007	004001	47	5.0	1.0	0,014	true	[004007, 004006, 004003, 004005, 004001]
2426	4	004007	004001	48	8.0	1.0	0,002	true	[004007, 004006, 004003, 004005, 004002, 004001]
2427	4	004007	004001	49	5.0	1.0	0,000	true	[004007, 004006, 004003, 004005, 004004, 004000, 004001]
2428	4	004007	004001	50	8.0	1.0	0,003	true	[004007, 004006, 004003, 004005, 004004, 004001]
2429	4	004007	004001	51	5.0	1.0	0,003	true	[004007, 004006, 004004, 004000, 004001]
2430	4	004007	004001	52	5.0	1.0	0,000	true	[004007, 004006, 004004, 004000, 004003, 004005, 004001]
2431	4	004007	004001	53	7.0	1.0	0,000	true	[004007, 004006, 004004, 004000, 004003, 004005, 004002, 004001]
2432	4	004007	004001	54	7.0	1.0	0,026	true	[004007, 004006, 004004, 004001]
2433	4	004007	004001	55	5.0	1.0	0,012	true	[004007, 004006, 004004, 004005, 004001]
2434	4	004007	004001	56	7.0	1.0	0,001	true	[004007, 004006, 004004, 004005, 004002, 004001]
2435	4	004007	004001	57	5.0	1.0	0,000	true	[004007, 004006, 004004, 004005, 004003, 004000, 004001]
2436	4	004007	004003	58	5.0	1.0	0,000	true	[004007, 004002, 004001, 004000, 004003]
2437	4	004007	004003	59	5.0	1.0	0,000	true	[004007, 004002, 004001, 004000, 004004, 004005, 004003]
2438	4	004007	004003	60	5.0	1.0	0,000	true	[004007, 004002, 004001, 004000, 004004, 004006, 004003]
2439	4	004007	004003	61	7.0	1.0	0,001	true	[004007, 004002, 004001, 004004, 004000, 004003]
2440	4	004007	004003	62	7.0	1.0	0,001	true	[004007, 004002, 004001, 004004, 004005, 004003]
2441	4	004007	004003	63	7.0	1.0	0,001	true	[004007, 004002, 004001, 004004, 004006, 004003]
2442	4	004007	004003	64	5.0	1.0	0,004	true	[004007, 004002, 004001, 004005, 004003]
2443	4	004007	004003	65	5.0	1.0	0,000	true	[004007, 004002, 004001, 004005, 004004, 004000, 004003]
2444	4	004007	004003	66	5.0	1.0	0,001	true	[004007, 004002, 004001, 004005, 004004, 004006, 004003]
2445	4	004007	004003	67	5.0	1.0	0,001	true	[004007, 004002, 004005, 004001, 004000, 004003]
2446	4	004007	004003	68	5.0	1.0	0,000	true	[004007, 004002, 004005, 004001, 004000, 004004, 004006, 004003]
2447	4	004007	004003	69	5.0	1.0	0,001	true	[004007, 004002, 004005, 004001, 004004, 004000, 004003]
2448	4	004007	004003	70	5.0	1.0	0,002	true	[004007, 004002, 004005, 004001, 004004, 004006, 004003]
2449	4	004007	004003	71	7.0	1.0	0,030	true	[004007, 004002, 004005, 004003]
2450	4	004007	004003	72	7.0	1.0	0,002	true	[004007, 004002, 004005, 004004, 004000, 004003]
2451	4	004007	004003	73	5.0	1.0	0,000	true	[004007, 004002, 004005, 004004, 004001, 004000, 004003]
2452	4	004007	004003	74	7.0	1.0	0,005	true	[004007, 004002, 004005, 004004, 004006, 004003]
2453	4	004007	004003	75	6.0	1.0	0,049	true	[004007, 004002, 004006, 004003]
2454	4	004007	004003	76	5.0	1.0	0,000	true	[004007, 004002, 004006, 004004, 004000, 004001, 004005, 004003]
2455	4	004007	004003	77	6.0	1.0	0,002	true	[004007, 004002, 004006, 004004, 004000, 004003]
2456	4	004007	004003	78	5.0	1.0	0,000	true	[004007, 004002, 004006, 004004, 004001, 004000, 004003]
2457	4	004007	004003	79	5.0	1.0	0,001	true	[004007, 004002, 004006, 004004, 004001, 004005, 004003]
2458	4	004007	004003	80	5.0	1.0	0,000	true	[004007, 004002, 004006, 004004, 004005, 004001, 004000, 004003]
2459	4	004007	004003	81	6.0	1.0	0,003	true	[004007, 004002, 004006, 004004, 004005, 004003]
2460	4	004007	004003	82	5.0	1.0	0,000	true	[004007, 004004, 004000, 004001, 004002, 004005, 004003]
2461	4	004007	004003	83	5.0	1.0	0,000	true	[004007, 004004, 004000, 004001, 004002, 004006, 004003]
2462	4	004007	004003	84	5.0	1.0	0,000	true	[004007, 004004, 004000, 004001, 004005, 004002, 004006, 004003]
2463	4	004007	004003	85	5.0	1.0	0,001	true	[004007, 004004, 004000, 004001, 004005, 004003]
2464	4	004007	004003	86	8.0	3.0	0,009	true	[004007, 004004, 004000, 004003]
2465	4	004007	004003	87	5.0	1.0	0,001	true	[004007, 004004, 004001, 004000, 004003]
2466	4	004007	004003	88	8.0	1.0	0,001	true	[004007, 004004, 004001, 004002, 004005, 004003]
2467	4	004007	004003	89	6.0	1.0	0,001	true	[004007, 004004, 004001, 004002, 004006, 004003]
2468	4	004007	004003	90	5.0	1.0	0,002	true	[004007, 004004, 004001, 004005, 004002, 004006, 004003]
2469	4	004007	004003	91	5.0	1.0	0,007	true	[004007, 004004, 004001, 004005, 004003]
2470	4	004007	004003	92	5.0	1.0	0,000	true	[004007, 004004, 004005, 004001, 004000, 004003]
2471	4	004007	004003	93	5.0	1.0	0,001	true	[004007, 004004, 004005, 004001, 004002, 004006, 004003]
2472	4	004007	004003	94	5.0	1.0	0,000	true	[004007, 004004, 004005, 004002, 004001, 004000, 004003]
2473	4	004007	004003	95	6.0	1.0	0,005	true	[004007, 004004, 004005, 004002, 004006, 004003]
2474	4	004007	004003	96	8.0	3.0	0,014	true	[004007, 004004, 004005, 004003]
2475	4	004007	004003	97	5.0	1.0	0,000	true	[004007, 004004, 004006, 004002, 004001, 004000, 004003]
2476	4	004007	004003	98	5.0	1.0	0,000	true	[004007, 004004, 004006, 004002, 004001, 004005, 004003]
2477	4	004007	004003	99	5.0	1.0	0,000	true	[004007, 004004, 004006, 004002, 004005, 004001, 004000, 004003]
2478	4	004007	004003	100	6.0	1.0	0,003	true	[004007, 004004, 004006, 004002, 004005, 004003]
2479	4	004007	004003	101	7.0	3.0	0,021	true	[004007, 004004, 004006, 004003]
2480	5	005002	005006	0	6.0	1.0	0,001	true	[005002, 005000, 005003, 005001, 005004, 005006]
2481	5	005002	005006	1	6.0	1.0	0,000	true	[005002, 005000, 005003, 005001, 005004, 005007, 005006]
2482	5	005002	005006	2	5.0	1.0	0,000	true	[005002, 005000, 005003, 005001, 005005, 005006]
2483	5	005002	005006	3	6.0	2.0	0,001	true	[005002, 005000, 005003, 005001, 005006]
2484	5	005002	005006	4	5.0	1.0	0,000	true	[005002, 005000, 005003, 005004, 005001, 005005, 005006]
2485	5	005002	005006	5	11.0	1.0	0,002	true	[005002, 005000, 005003, 005004, 005001, 005006]
2486	5	005002	005006	6	11.0	2.0	0,008	true	[005002, 005000, 005003, 005004, 005006]
2487	5	005002	005006	7	8.0	2.0	0,000	true	[005002, 005000, 005003, 005004, 005007, 005006]
2488	5	005002	005006	8	5.0	2.0	0,008	true	[005002, 005000, 005003, 005006]
2489	5	005002	005006	9	5.0	1.0	0,000	true	[005002, 005000, 005003, 005007, 005004, 005001, 005005, 005006]
2490	5	005002	005006	10	8.0	1.0	0,000	true	[005002, 005000, 005003, 005007, 005004, 005001, 005006]
2491	5	005002	005006	11	8.0	2.0	0,000	true	[005002, 005000, 005003, 005007, 005004, 005006]
2492	5	005002	005006	12	10.0	2.0	0,012	true	[005002, 005000, 005003, 005007, 005006]
2493	5	005002	005006	13	5.0	1.0	0,000	true	[005002, 005000, 005004, 005001, 005003, 005006]
2494	5	005002	005006	14	5.0	1.0	0,000	true	[005002, 005000, 005004, 005001, 005003, 005007, 005006]
2495	5	005002	005006	15	5.0	1.0	0,001	true	[005002, 005000, 005004, 005001, 005005, 005006]
2496	5	005002	005006	16	5.0	1.0	0,004	true	[005002, 005000, 005004, 005001, 005006]
2497	5	005002	005006	17	5.0	1.0	0,000	true	[005002, 005000, 005004, 005003, 005001, 005005, 005006]
2498	5	005002	005006	18	5.0	2.0	0,000	true	[005002, 005000, 005004, 005003, 005001, 005006]
2499	5	005002	005006	19	5.0	2.0	0,002	true	[005002, 005000, 005004, 005003, 005006]
2500	5	005002	005006	20	5.0	2.0	0,002	true	[005002, 005000, 005004, 005003, 005007, 005006]
2501	5	005002	005006	21	5.0	2.0	0,023	true	[005002, 005000, 005004, 005006]
2502	5	005002	005006	22	5.0	1.0	0,000	true	[005002, 005000, 005004, 005007, 005003, 005001, 005005, 005006]
2503	5	005002	005006	23	5.0	2.0	0,000	true	[005002, 005000, 005004, 005007, 005003, 005001, 005006]
2504	5	005002	005006	24	5.0	2.0	0,000	true	[005002, 005000, 005004, 005007, 005003, 005006]
2505	5	005002	005006	25	5.0	2.0	0,001	true	[005002, 005000, 005004, 005007, 005006]
2506	5	005002	005006	26	11.0	2.0	0,020	true	[005002, 005000, 005006]
2507	5	005002	005006	27	6.0	1.0	0,001	true	[005002, 005000, 005007, 005003, 005001, 005004, 005006]
2508	5	005002	005006	28	5.0	1.0	0,000	true	[005002, 005000, 005007, 005003, 005001, 005005, 005006]
2509	5	005002	005006	29	6.0	2.0	0,001	true	[005002, 005000, 005007, 005003, 005001, 005006]
2510	5	005002	005006	30	5.0	1.0	0,000	true	[005002, 005000, 005007, 005003, 005004, 005001, 005005, 005006]
2511	5	005002	005006	31	7.0	1.0	0,001	true	[005002, 005000, 005007, 005003, 005004, 005001, 005006]
2512	5	005002	005006	32	7.0	2.0	0,005	true	[005002, 005000, 005007, 005003, 005004, 005006]
2513	5	005002	005006	33	5.0	2.0	0,005	true	[005002, 005000, 005007, 005003, 005006]
2514	5	005002	005006	34	5.0	1.0	0,000	true	[005002, 005000, 005007, 005004, 005001, 005003, 005006]
2515	5	005002	005006	35	5.0	1.0	0,000	true	[005002, 005000, 005007, 005004, 005001, 005005, 005006]
2516	5	005002	005006	36	7.0	1.0	0,000	true	[005002, 005000, 005007, 005004, 005001, 005006]
2517	5	005002	005006	37	5.0	1.0	0,000	true	[005002, 005000, 005007, 005004, 005003, 005001, 005005, 005006]
2518	5	005002	005006	38	6.0	2.0	0,000	true	[005002, 005000, 005007, 005004, 005003, 005001, 005006]
2519	5	005002	005006	39	5.0	2.0	0,000	true	[005002, 005000, 005007, 005004, 005003, 005006]
2520	5	005002	005006	40	7.0	2.0	0,002	true	[005002, 005000, 005007, 005004, 005006]
2521	5	005002	005006	41	7.0	2.0	0,053	true	[005002, 005000, 005007, 005006]
2522	5	005002	005006	42	5.0	1.0	0,000	true	[005002, 005004, 005000, 005003, 005001, 005005, 005006]
2523	5	005002	005006	43	5.0	1.0	0,000	true	[005002, 005004, 005000, 005003, 005001, 005006]
2524	5	005002	005006	44	5.0	1.0	0,001	true	[005002, 005004, 005000, 005003, 005006]
2525	5	005002	005006	45	5.0	1.0	0,002	true	[005002, 005004, 005000, 005003, 005007, 005006]
2526	5	005002	005006	46	5.0	1.0	0,003	true	[005002, 005004, 005000, 005006]
2527	5	005002	005006	47	5.0	1.0	0,000	true	[005002, 005004, 005000, 005007, 005003, 005001, 005005, 005006]
2528	5	005002	005006	48	5.0	1.0	0,000	true	[005002, 005004, 005000, 005007, 005003, 005001, 005006]
2529	5	005002	005006	49	5.0	1.0	0,001	true	[005002, 005004, 005000, 005007, 005003, 005006]
2530	5	005002	005006	50	5.0	1.0	0,009	true	[005002, 005004, 005000, 005007, 005006]
2531	5	005002	005006	51	5.0	1.0	0,000	true	[005002, 005004, 005001, 005003, 005000, 005006]
2532	5	005002	005006	52	5.0	1.0	0,000	true	[005002, 005004, 005001, 005003, 005000, 005007, 005006]
2533	5	005002	005006	53	5.0	1.0	0,001	true	[005002, 005004, 005001, 005003, 005006]
2534	5	005002	005006	54	5.0	1.0	0,000	true	[005002, 005004, 005001, 005003, 005007, 005000, 005006]
2535	5	005002	005006	55	5.0	1.0	0,001	true	[005002, 005004, 005001, 005003, 005007, 005006]
2536	5	005002	005006	56	5.0	1.0	0,007	true	[005002, 005004, 005001, 005005, 005006]
2537	5	005002	005006	57	5.0	1.0	0,021	true	[005002, 005004, 005001, 005006]
2538	5	005002	005006	58	5.0	1.0	0,001	true	[005002, 005004, 005003, 005000, 005006]
2539	5	005002	005006	59	5.0	1.0	0,003	true	[005002, 005004, 005003, 005000, 005007, 005006]
2540	5	005002	005006	60	5.0	1.0	0,000	true	[005002, 005004, 005003, 005001, 005005, 005006]
2541	5	005002	005006	61	5.0	1.0	0,001	true	[005002, 005004, 005003, 005001, 005006]
2542	5	005002	005006	62	5.0	1.0	0,007	true	[005002, 005004, 005003, 005006]
2543	5	005002	005006	63	5.0	1.0	0,001	true	[005002, 005004, 005003, 005007, 005000, 005006]
2544	5	005002	005006	64	5.0	1.0	0,011	true	[005002, 005004, 005003, 005007, 005006]
2545	5	005002	005006	65	5.0	1.0	0,110	true	[005002, 005004, 005006]
2546	5	005002	005006	66	5.0	1.0	0,000	true	[005002, 005004, 005007, 005000, 005003, 005001, 005005, 005006]
2547	5	005002	005006	67	5.0	1.0	0,000	true	[005002, 005004, 005007, 005000, 005003, 005001, 005006]
2548	5	005002	005006	68	5.0	1.0	0,000	true	[005002, 005004, 005007, 005000, 005003, 005006]
2549	5	005002	005006	69	5.0	1.0	0,000	true	[005002, 005004, 005007, 005000, 005006]
2550	5	005002	005006	70	5.0	1.0	0,000	true	[005002, 005004, 005007, 005003, 005000, 005006]
2551	5	005002	005006	71	5.0	1.0	0,000	true	[005002, 005004, 005007, 005003, 005001, 005005, 005006]
2552	5	005002	005006	72	5.0	1.0	0,000	true	[005002, 005004, 005007, 005003, 005001, 005006]
2553	5	005002	005006	73	5.0	1.0	0,000	true	[005002, 005004, 005007, 005003, 005006]
2554	5	005002	005006	74	5.0	1.0	0,005	true	[005002, 005004, 005007, 005006]
2555	5	005002	005006	75	9.0	2.0	0,440	true	[005002, 005006]
2556	5	005002	005006	76	6.0	1.0	0,001	true	[005002, 005007, 005000, 005003, 005001, 005004, 005006]
2557	5	005002	005006	77	5.0	1.0	0,000	true	[005002, 005007, 005000, 005003, 005001, 005005, 005006]
2558	5	005002	005006	78	6.0	2.0	0,001	true	[005002, 005007, 005000, 005003, 005001, 005006]
2559	5	005002	005006	79	5.0	1.0	0,000	true	[005002, 005007, 005000, 005003, 005004, 005001, 005005, 005006]
2560	5	005002	005006	80	7.0	1.0	0,001	true	[005002, 005007, 005000, 005003, 005004, 005001, 005006]
2561	5	005002	005006	81	7.0	2.0	0,005	true	[005002, 005007, 005000, 005003, 005004, 005006]
2562	5	005002	005006	82	5.0	2.0	0,005	true	[005002, 005007, 005000, 005003, 005006]
2563	5	005002	005006	83	5.0	1.0	0,000	true	[005002, 005007, 005000, 005004, 005001, 005003, 005006]
2564	5	005002	005006	84	5.0	1.0	0,001	true	[005002, 005007, 005000, 005004, 005001, 005005, 005006]
2565	5	005002	005006	85	5.0	1.0	0,003	true	[005002, 005007, 005000, 005004, 005001, 005006]
2566	5	005002	005006	86	5.0	1.0	0,000	true	[005002, 005007, 005000, 005004, 005003, 005001, 005005, 005006]
2567	5	005002	005006	87	5.0	2.0	0,000	true	[005002, 005007, 005000, 005004, 005003, 005001, 005006]
2568	5	005002	005006	88	5.0	2.0	0,001	true	[005002, 005007, 005000, 005004, 005003, 005006]
2569	5	005002	005006	89	5.0	2.0	0,014	true	[005002, 005007, 005000, 005004, 005006]
2570	5	005002	005006	90	7.0	2.0	0,011	true	[005002, 005007, 005000, 005006]
2571	5	005002	005006	91	5.0	1.0	0,000	true	[005002, 005007, 005003, 005000, 005004, 005001, 005005, 005006]
2572	5	005002	005006	92	5.0	1.0	0,001	true	[005002, 005007, 005003, 005000, 005004, 005001, 005006]
2573	5	005002	005006	93	5.0	2.0	0,003	true	[005002, 005007, 005003, 005000, 005004, 005006]
2574	5	005002	005006	94	10.0	2.0	0,003	true	[005002, 005007, 005003, 005000, 005006]
2575	5	005002	005006	95	5.0	1.0	0,000	true	[005002, 005007, 005003, 005001, 005004, 005000, 005006]
2576	5	005002	005006	96	6.0	1.0	0,002	true	[005002, 005007, 005003, 005001, 005004, 005006]
2577	5	005002	005006	97	5.0	1.0	0,001	true	[005002, 005007, 005003, 005001, 005005, 005006]
2578	5	005002	005006	98	6.0	2.0	0,003	true	[005002, 005007, 005003, 005001, 005006]
2579	5	005002	005006	99	5.0	2.0	0,001	true	[005002, 005007, 005003, 005004, 005000, 005006]
2580	5	005002	005006	100	5.0	1.0	0,001	true	[005002, 005007, 005003, 005004, 005001, 005005, 005006]
2581	5	005002	005006	101	10.0	1.0	0,003	true	[005002, 005007, 005003, 005004, 005001, 005006]
2582	5	005002	005006	102	10.0	2.0	0,017	true	[005002, 005007, 005003, 005004, 005006]
2583	5	005002	005006	103	5.0	2.0	0,016	true	[005002, 005007, 005003, 005006]
2584	5	005002	005006	104	10.0	2.0	0,176	true	[005002, 005007, 005006]
2585	6	006000	006004	0	5.0	2.0	0,002	true	[006000, 006001, 006002, 006005, 006003, 006004]
2586	6	006000	006004	1	5.0	2.0	0,000	true	[006000, 006001, 006002, 006006, 006005, 006003, 006004]
2587	6	006000	006004	2	5.0	2.0	0,000	true	[006000, 006001, 006002, 006006, 006007, 006005, 006003, 006004]
2588	6	006000	006004	3	5.0	1.0	0,000	true	[006000, 006001, 006002, 006007, 006005, 006003, 006004]
2589	6	006000	006004	4	5.0	1.0	0,000	true	[006000, 006001, 006002, 006007, 006006, 006005, 006003, 006004]
2590	6	006000	006004	5	7.0	1.0	0,007	true	[006000, 006001, 006005, 006003, 006004]
2591	6	006000	006004	6	6.0	1.0	0,000	true	[006000, 006001, 006006, 006002, 006005, 006003, 006004]
2592	6	006000	006004	7	6.0	1.0	0,000	true	[006000, 006001, 006006, 006002, 006007, 006005, 006003, 006004]
2593	6	006000	006004	8	6.0	1.0	0,000	true	[006000, 006001, 006006, 006005, 006003, 006004]
2594	6	006000	006004	9	6.0	1.0	0,000	true	[006000, 006001, 006006, 006007, 006002, 006005, 006003, 006004]
2595	6	006000	006004	10	6.0	1.0	0,000	true	[006000, 006001, 006006, 006007, 006005, 006003, 006004]
2596	6	006000	006004	11	5.0	1.0	0,001	true	[006000, 006002, 006001, 006005, 006003, 006004]
2597	6	006000	006004	12	5.0	1.0	0,000	true	[006000, 006002, 006001, 006006, 006005, 006003, 006004]
2598	6	006000	006004	13	5.0	1.0	0,000	true	[006000, 006002, 006001, 006006, 006007, 006005, 006003, 006004]
2599	6	006000	006004	14	12.0	2.0	0,003	true	[006000, 006002, 006005, 006003, 006004]
2600	6	006000	006004	15	6.0	1.0	0,000	true	[006000, 006002, 006006, 006001, 006005, 006003, 006004]
2601	6	006000	006004	16	8.0	2.0	0,000	true	[006000, 006002, 006006, 006005, 006003, 006004]
2602	6	006000	006004	17	7.0	2.0	0,000	true	[006000, 006002, 006006, 006007, 006005, 006003, 006004]
2603	6	006000	006004	18	7.0	1.0	0,000	true	[006000, 006002, 006007, 006005, 006003, 006004]
2604	6	006000	006004	19	6.0	1.0	0,000	true	[006000, 006002, 006007, 006006, 006001, 006005, 006003, 006004]
2605	6	006000	006004	20	8.0	1.0	0,000	true	[006000, 006002, 006007, 006006, 006005, 006003, 006004]
2606	6	006000	006004	21	15.0	4.0	0,010	true	[006000, 006004]
2607	6	006000	006004	22	10.0	2.0	0,018	true	[006000, 006005, 006003, 006004]
2608	6	006000	006004	23	5.0	1.0	0,000	true	[006000, 006006, 006001, 006002, 006005, 006003, 006004]
2609	6	006000	006004	24	5.0	1.0	0,000	true	[006000, 006006, 006001, 006002, 006007, 006005, 006003, 006004]
2610	6	006000	006004	25	6.0	1.0	0,001	true	[006000, 006006, 006001, 006005, 006003, 006004]
2611	6	006000	006004	26	5.0	1.0	0,000	true	[006000, 006006, 006002, 006001, 006005, 006003, 006004]
2612	6	006000	006004	27	7.0	2.0	0,001	true	[006000, 006006, 006002, 006005, 006003, 006004]
2613	6	006000	006004	28	7.0	1.0	0,000	true	[006000, 006006, 006002, 006007, 006005, 006003, 006004]
2614	6	006000	006004	29	7.0	2.0	0,000	true	[006000, 006006, 006005, 006003, 006004]
2615	6	006000	006004	30	5.0	1.0	0,000	true	[006000, 006006, 006007, 006002, 006001, 006005, 006003, 006004]
2616	6	006000	006004	31	7.0	1.0	0,000	true	[006000, 006006, 006007, 006002, 006005, 006003, 006004]
2617	6	006000	006004	32	7.0	2.0	0,000	true	[006000, 006006, 006007, 006005, 006003, 006004]
2618	6	006000	006004	33	5.0	1.0	0,000	true	[006000, 006007, 006002, 006001, 006005, 006003, 006004]
2619	6	006000	006004	34	5.0	1.0	0,000	true	[006000, 006007, 006002, 006001, 006006, 006005, 006003, 006004]
2620	6	006000	006004	35	5.0	1.0	0,000	true	[006000, 006007, 006002, 006005, 006003, 006004]
2621	6	006000	006004	36	5.0	1.0	0,000	true	[006000, 006007, 006002, 006006, 006001, 006005, 006003, 006004]
2622	6	006000	006004	37	5.0	1.0	0,000	true	[006000, 006007, 006002, 006006, 006005, 006003, 006004]
2623	6	006000	006004	38	5.0	2.0	0,001	true	[006000, 006007, 006005, 006003, 006004]
2624	6	006000	006004	39	5.0	1.0	0,000	true	[006000, 006007, 006006, 006001, 006002, 006005, 006003, 006004]
2625	6	006000	006004	40	5.0	1.0	0,000	true	[006000, 006007, 006006, 006001, 006005, 006003, 006004]
2626	6	006000	006004	41	5.0	1.0	0,000	true	[006000, 006007, 006006, 006002, 006001, 006005, 006003, 006004]
2627	6	006000	006004	42	5.0	2.0	0,000	true	[006000, 006007, 006006, 006002, 006005, 006003, 006004]
2628	6	006000	006004	43	5.0	2.0	0,000	true	[006000, 006007, 006006, 006005, 006003, 006004]
2629	7	007003	007001	0	5.0	2.0	0,000	true	[007003, 007000, 007002, 007004, 007001]
2630	7	007003	007001	1	5.0	1.0	0,000	true	[007003, 007000, 007002, 007004, 007006, 007001]
2631	7	007003	007001	2	5.0	1.0	0,000	true	[007003, 007000, 007002, 007004, 007006, 007005, 007001]
2632	7	007003	007001	3	5.0	1.0	0,000	true	[007003, 007000, 007002, 007004, 007006, 007007, 007001]
2633	7	007003	007001	4	5.0	2.0	0,000	true	[007003, 007000, 007002, 007004, 007007, 007001]
2634	7	007003	007001	5	5.0	2.0	0,000	true	[007003, 007000, 007002, 007004, 007007, 007006, 007001]
2635	7	007003	007001	6	5.0	2.0	0,000	true	[007003, 007000, 007002, 007004, 007007, 007006, 007005, 007001]
2636	7	007003	007001	7	5.0	1.0	0,000	true	[007003, 007000, 007002, 007007, 007001]
2637	7	007003	007001	8	5.0	1.0	0,000	true	[007003, 007000, 007002, 007007, 007004, 007001]
2638	7	007003	007001	9	5.0	1.0	0,000	true	[007003, 007000, 007002, 007007, 007004, 007006, 007001]
2639	7	007003	007001	10	5.0	1.0	0,000	true	[007003, 007000, 007002, 007007, 007004, 007006, 007005, 007001]
2640	7	007003	007001	11	5.0	1.0	0,000	true	[007003, 007000, 007002, 007007, 007006, 007001]
2641	7	007003	007001	12	5.0	1.0	0,000	true	[007003, 007000, 007002, 007007, 007006, 007004, 007001]
2642	7	007003	007001	13	5.0	1.0	0,000	true	[007003, 007000, 007002, 007007, 007006, 007005, 007001]
2643	7	007003	007001	14	5.0	3.0	0,006	true	[007003, 007000, 007004, 007001]
2644	7	007003	007001	15	5.0	1.0	0,000	true	[007003, 007000, 007004, 007002, 007007, 007001]
2645	7	007003	007001	16	5.0	1.0	0,000	true	[007003, 007000, 007004, 007002, 007007, 007006, 007001]
2646	7	007003	007001	17	5.0	1.0	0,000	true	[007003, 007000, 007004, 007002, 007007, 007006, 007005, 007001]
2647	7	007003	007001	18	5.0	1.0	0,007	true	[007003, 007000, 007004, 007006, 007001]
2648	7	007003	007001	19	5.0	1.0	0,002	true	[007003, 007000, 007004, 007006, 007005, 007001]
2649	7	007003	007001	20	5.0	1.0	0,001	true	[007003, 007000, 007004, 007006, 007007, 007001]
2650	7	007003	007001	21	5.0	2.0	0,002	true	[007003, 007000, 007004, 007007, 007001]
2651	7	007003	007001	22	5.0	2.0	0,001	true	[007003, 007000, 007004, 007007, 007006, 007001]
2652	7	007003	007001	23	5.0	2.0	0,000	true	[007003, 007000, 007004, 007007, 007006, 007005, 007001]
2653	7	007003	007001	24	5.0	3.0	0,007	true	[007003, 007000, 007006, 007001]
2654	7	007003	007001	25	5.0	1.0	0,001	true	[007003, 007000, 007006, 007004, 007001]
2655	7	007003	007001	26	5.0	1.0	0,000	true	[007003, 007000, 007006, 007004, 007002, 007007, 007001]
2656	7	007003	007001	27	5.0	1.0	0,000	true	[007003, 007000, 007006, 007004, 007007, 007001]
2657	7	007003	007001	28	5.0	3.0	0,002	true	[007003, 007000, 007006, 007005, 007001]
2658	7	007003	007001	29	5.0	2.0	0,001	true	[007003, 007000, 007006, 007007, 007001]
2659	7	007003	007001	30	5.0	1.0	0,000	true	[007003, 007000, 007006, 007007, 007002, 007004, 007001]
2660	7	007003	007001	31	5.0	2.0	0,000	true	[007003, 007000, 007006, 007007, 007004, 007001]
2661	7	007003	007001	32	12.0	3.0	0,220	true	[007003, 007001]
2662	7	007003	007001	33	6.0	2.0	0,051	true	[007003, 007005, 007001]
2663	7	007003	007001	34	6.0	2.0	0,000	true	[007003, 007005, 007006, 007000, 007002, 007004, 007001]
2664	7	007003	007001	35	6.0	2.0	0,000	true	[007003, 007005, 007006, 007000, 007002, 007004, 007007, 007001]
2665	7	007003	007001	36	6.0	1.0	0,000	true	[007003, 007005, 007006, 007000, 007002, 007007, 007001]
2666	7	007003	007001	37	6.0	1.0	0,000	true	[007003, 007005, 007006, 007000, 007002, 007007, 007004, 007001]
2667	7	007003	007001	38	5.0	2.0	0,001	true	[007003, 007005, 007006, 007000, 007004, 007001]
2668	7	007003	007001	39	5.0	1.0	0,000	true	[007003, 007005, 007006, 007000, 007004, 007002, 007007, 007001]
2669	7	007003	007001	40	5.0	2.0	0,000	true	[007003, 007005, 007006, 007000, 007004, 007007, 007001]
2670	7	007003	007001	41	6.0	2.0	0,019	true	[007003, 007005, 007006, 007001]
2671	7	007003	007001	42	5.0	1.0	0,000	true	[007003, 007005, 007006, 007004, 007000, 007002, 007007, 007001]
2672	7	007003	007001	43	6.0	1.0	0,004	true	[007003, 007005, 007006, 007004, 007001]
2673	7	007003	007001	44	6.0	1.0	0,000	true	[007003, 007005, 007006, 007004, 007002, 007007, 007001]
2674	7	007003	007001	45	6.0	1.0	0,001	true	[007003, 007005, 007006, 007004, 007007, 007001]
2675	7	007003	007001	46	6.0	2.0	0,003	true	[007003, 007005, 007006, 007007, 007001]
2676	7	007003	007001	47	5.0	1.0	0,000	true	[007003, 007005, 007006, 007007, 007002, 007000, 007004, 007001]
2677	7	007003	007001	48	6.0	1.0	0,000	true	[007003, 007005, 007006, 007007, 007002, 007004, 007001]
2678	7	007003	007001	49	6.0	2.0	0,001	true	[007003, 007005, 007006, 007007, 007004, 007001]
2679	7	007003	007001	50	5.0	2.0	0,000	true	[007003, 007006, 007000, 007002, 007004, 007001]
2680	7	007003	007001	51	5.0	2.0	0,000	true	[007003, 007006, 007000, 007002, 007004, 007007, 007001]
2681	7	007003	007001	52	5.0	1.0	0,000	true	[007003, 007006, 007000, 007002, 007007, 007001]
2682	7	007003	007001	53	5.0	1.0	0,000	true	[007003, 007006, 007000, 007002, 007007, 007004, 007001]
2683	7	007003	007001	54	5.0	4.0	0,006	true	[007003, 007006, 007000, 007004, 007001]
2684	7	007003	007001	55	5.0	1.0	0,000	true	[007003, 007006, 007000, 007004, 007002, 007007, 007001]
2685	7	007003	007001	56	5.0	2.0	0,001	true	[007003, 007006, 007000, 007004, 007007, 007001]
2686	7	007003	007001	57	5.0	4.0	0,133	true	[007003, 007006, 007001]
2687	7	007003	007001	58	5.0	1.0	0,000	true	[007003, 007006, 007004, 007000, 007002, 007007, 007001]
2688	7	007003	007001	59	5.0	1.0	0,027	true	[007003, 007006, 007004, 007001]
2689	7	007003	007001	60	5.0	1.0	0,001	true	[007003, 007006, 007004, 007002, 007007, 007001]
2690	7	007003	007001	61	5.0	1.0	0,006	true	[007003, 007006, 007004, 007007, 007001]
2691	7	007003	007001	62	5.0	4.0	0,033	true	[007003, 007006, 007005, 007001]
2692	7	007003	007001	63	5.0	2.0	0,023	true	[007003, 007006, 007007, 007001]
2693	7	007003	007001	64	5.0	1.0	0,000	true	[007003, 007006, 007007, 007002, 007000, 007004, 007001]
2694	7	007003	007001	65	5.0	1.0	0,001	true	[007003, 007006, 007007, 007002, 007004, 007001]
2695	7	007003	007001	66	5.0	2.0	0,006	true	[007003, 007006, 007007, 007004, 007001]
2696	7	007003	007001	67	8.0	5.0	0,000	true	[007003, 007007, 007001]
2697	7	007003	007001	68	5.0	1.0	0,000	true	[007003, 007007, 007002, 007000, 007004, 007001]
2698	7	007003	007001	69	5.0	1.0	0,000	true	[007003, 007007, 007002, 007000, 007004, 007006, 007001]
2699	7	007003	007001	70	5.0	1.0	0,000	true	[007003, 007007, 007002, 007000, 007004, 007006, 007005, 007001]
2700	7	007003	007001	71	9.0	1.0	0,000	true	[007003, 007007, 007002, 007000, 007006, 007001]
2701	7	007003	007001	72	9.0	1.0	0,000	true	[007003, 007007, 007002, 007000, 007006, 007004, 007001]
2702	7	007003	007001	73	9.0	1.0	0,000	true	[007003, 007007, 007002, 007000, 007006, 007005, 007001]
2703	7	007003	007001	74	5.0	1.0	0,000	true	[007003, 007007, 007002, 007004, 007000, 007006, 007001]
2704	7	007003	007001	75	5.0	1.0	0,000	true	[007003, 007007, 007002, 007004, 007000, 007006, 007005, 007001]
2705	7	007003	007001	76	9.0	1.0	0,000	true	[007003, 007007, 007002, 007004, 007001]
2706	7	007003	007001	77	9.0	1.0	0,000	true	[007003, 007007, 007002, 007004, 007006, 007001]
2707	7	007003	007001	78	9.0	1.0	0,000	true	[007003, 007007, 007002, 007004, 007006, 007005, 007001]
2708	7	007003	007001	79	5.0	2.0	0,000	true	[007003, 007007, 007004, 007000, 007006, 007001]
2709	7	007003	007001	80	5.0	2.0	0,000	true	[007003, 007007, 007004, 007000, 007006, 007005, 007001]
2710	7	007003	007001	81	9.0	2.0	0,000	true	[007003, 007007, 007004, 007001]
2711	7	007003	007001	82	9.0	2.0	0,000	true	[007003, 007007, 007004, 007002, 007000, 007006, 007001]
2712	7	007003	007001	83	9.0	2.0	0,000	true	[007003, 007007, 007004, 007002, 007000, 007006, 007005, 007001]
2713	7	007003	007001	84	9.0	1.0	0,000	true	[007003, 007007, 007004, 007006, 007001]
2714	7	007003	007001	85	9.0	1.0	0,000	true	[007003, 007007, 007004, 007006, 007005, 007001]
2715	7	007003	007001	86	9.0	2.0	0,000	true	[007003, 007007, 007006, 007000, 007002, 007004, 007001]
2716	7	007003	007001	87	5.0	2.0	0,000	true	[007003, 007007, 007006, 007000, 007004, 007001]
2717	7	007003	007001	88	9.0	2.0	0,000	true	[007003, 007007, 007006, 007001]
2718	7	007003	007001	89	9.0	1.0	0,000	true	[007003, 007007, 007006, 007004, 007001]
2719	7	007003	007001	90	9.0	2.0	0,000	true	[007003, 007007, 007006, 007005, 007001]
2720	7	007003	007004	91	5.0	2.0	0,003	true	[007003, 007000, 007002, 007004]
2721	7	007003	007004	92	5.0	1.0	0,000	true	[007003, 007000, 007002, 007007, 007001, 007004]
2722	7	007003	007004	93	5.0	1.0	0,000	true	[007003, 007000, 007002, 007007, 007001, 007005, 007006, 007004]
2723	7	007003	007004	94	5.0	1.0	0,000	true	[007003, 007000, 007002, 007007, 007001, 007006, 007004]
2724	7	007003	007004	95	5.0	1.0	0,000	true	[007003, 007000, 007002, 007007, 007004]
2725	7	007003	007004	96	5.0	1.0	0,000	true	[007003, 007000, 007002, 007007, 007006, 007001, 007004]
2726	7	007003	007004	97	5.0	1.0	0,000	true	[007003, 007000, 007002, 007007, 007006, 007004]
2727	7	007003	007004	98	5.0	1.0	0,000	true	[007003, 007000, 007002, 007007, 007006, 007005, 007001, 007004]
2728	7	007003	007004	99	5.0	3.0	0,038	true	[007003, 007000, 007004]
2729	7	007003	007004	100	5.0	3.0	0,001	true	[007003, 007000, 007006, 007001, 007004]
2730	7	007003	007004	101	5.0	1.0	0,008	true	[007003, 007000, 007006, 007004]
2731	8	008006	008004	0	8.0	1.0	0,000	true	[008006, 008000, 008002, 008001, 008003, 008004]
2732	8	008006	008004	1	5.0	1.0	0,000	true	[008006, 008000, 008002, 008001, 008003, 008005, 008004]
2733	8	008006	008004	2	5.0	1.0	0,000	true	[008006, 008000, 008002, 008001, 008003, 008005, 008007, 008004]
2734	8	008006	008004	3	8.0	1.0	0,000	true	[008006, 008000, 008002, 008001, 008003, 008007, 008004]
2735	8	008006	008004	4	5.0	1.0	0,000	true	[008006, 008000, 008002, 008001, 008003, 008007, 008005, 008004]
2736	8	008006	008004	5	8.0	1.0	0,000	true	[008006, 008000, 008002, 008001, 008004]
2737	8	008006	008004	6	5.0	1.0	0,000	true	[008006, 008000, 008002, 008001, 008005, 008003, 008004]
2738	8	008006	008004	7	5.0	1.0	0,000	true	[008006, 008000, 008002, 008001, 008005, 008003, 008007, 008004]
2739	8	008006	008004	8	5.0	1.0	0,000	true	[008006, 008000, 008002, 008001, 008005, 008004]
2740	8	008006	008004	9	8.0	1.0	0,000	true	[008006, 008000, 008002, 008001, 008005, 008007, 008003, 008004]
2741	8	008006	008004	10	8.0	1.0	0,000	true	[008006, 008000, 008002, 008001, 008005, 008007, 008004]
2742	8	008006	008004	11	11.0	1.0	0,000	true	[008006, 008000, 008002, 008001, 008007, 008003, 008004]
2743	8	008006	008004	12	5.0	1.0	0,000	true	[008006, 008000, 008002, 008001, 008007, 008003, 008005, 008004]
2744	8	008006	008004	13	11.0	1.0	0,000	true	[008006, 008000, 008002, 008001, 008007, 008004]
2745	8	008006	008004	14	5.0	1.0	0,000	true	[008006, 008000, 008002, 008001, 008007, 008005, 008003, 008004]
2746	8	008006	008004	15	5.0	1.0	0,000	true	[008006, 008000, 008002, 008001, 008007, 008005, 008004]
2747	8	008006	008004	16	10.0	1.0	0,007	true	[008006, 008000, 008002, 008004]
2748	8	008006	008004	17	8.0	1.0	0,000	true	[008006, 008000, 008002, 008005, 008001, 008003, 008004]
2749	8	008006	008004	18	8.0	1.0	0,000	true	[008006, 008000, 008002, 008005, 008001, 008003, 008007, 008004]
2750	8	008006	008004	19	8.0	1.0	0,000	true	[008006, 008000, 008002, 008005, 008001, 008004]
2751	8	008006	008004	20	8.0	1.0	0,000	true	[008006, 008000, 008002, 008005, 008001, 008007, 008003, 008004]
2752	8	008006	008004	21	8.0	1.0	0,000	true	[008006, 008000, 008002, 008005, 008001, 008007, 008004]
2753	8	008006	008004	22	5.0	1.0	0,000	true	[008006, 008000, 008002, 008005, 008003, 008001, 008004]
2754	8	008006	008004	23	5.0	1.0	0,000	true	[008006, 008000, 008002, 008005, 008003, 008001, 008007, 008004]
2755	8	008006	008004	24	5.0	1.0	0,000	true	[008006, 008000, 008002, 008005, 008003, 008004]
2756	8	008006	008004	25	5.0	1.0	0,000	true	[008006, 008000, 008002, 008005, 008003, 008007, 008001, 008004]
2757	8	008006	008004	26	5.0	1.0	0,000	true	[008006, 008000, 008002, 008005, 008003, 008007, 008004]
2758	8	008006	008004	27	5.0	1.0	0,003	true	[008006, 008000, 008002, 008005, 008004]
2759	8	008006	008004	28	8.0	1.0	0,000	true	[008006, 008000, 008002, 008005, 008007, 008001, 008003, 008004]
2760	8	008006	008004	29	8.0	1.0	0,000	true	[008006, 008000, 008002, 008005, 008007, 008001, 008004]
2761	8	008006	008004	30	8.0	1.0	0,000	true	[008006, 008000, 008002, 008005, 008007, 008003, 008001, 008004]
2762	8	008006	008004	31	11.0	1.0	0,000	true	[008006, 008000, 008002, 008005, 008007, 008003, 008004]
2763	8	008006	008004	32	11.0	1.0	0,000	true	[008006, 008000, 008002, 008005, 008007, 008004]
2764	8	008006	008004	33	8.0	1.0	0,000	true	[008006, 008000, 008002, 008007, 008001, 008003, 008004]
2765	8	008006	008004	34	5.0	1.0	0,000	true	[008006, 008000, 008002, 008007, 008001, 008003, 008005, 008004]
2766	8	008006	008004	35	8.0	1.0	0,000	true	[008006, 008000, 008002, 008007, 008001, 008004]
2767	8	008006	008004	36	5.0	1.0	0,000	true	[008006, 008000, 008002, 008007, 008001, 008005, 008003, 008004]
2768	8	008006	008004	37	5.0	1.0	0,000	true	[008006, 008000, 008002, 008007, 008001, 008005, 008004]
2769	8	008006	008004	38	8.0	1.0	0,000	true	[008006, 008000, 008002, 008007, 008003, 008001, 008004]
2770	8	008006	008004	39	5.0	1.0	0,000	true	[008006, 008000, 008002, 008007, 008003, 008001, 008005, 008004]
2771	8	008006	008004	40	11.0	1.0	0,000	true	[008006, 008000, 008002, 008007, 008003, 008004]
2772	8	008006	008004	41	5.0	1.0	0,000	true	[008006, 008000, 008002, 008007, 008003, 008005, 008001, 008004]
2773	8	008006	008004	42	5.0	1.0	0,000	true	[008006, 008000, 008002, 008007, 008003, 008005, 008004]
2774	8	008006	008004	43	11.0	1.0	0,000	true	[008006, 008000, 008002, 008007, 008004]
2775	8	008006	008004	44	8.0	1.0	0,000	true	[008006, 008000, 008002, 008007, 008005, 008001, 008003, 008004]
2776	8	008006	008004	45	8.0	1.0	0,000	true	[008006, 008000, 008002, 008007, 008005, 008001, 008004]
2777	8	008006	008004	46	5.0	1.0	0,000	true	[008006, 008000, 008002, 008007, 008005, 008003, 008001, 008004]
2778	8	008006	008004	47	5.0	1.0	0,000	true	[008006, 008000, 008002, 008007, 008005, 008003, 008004]
2779	8	008006	008004	48	5.0	1.0	0,000	true	[008006, 008000, 008002, 008007, 008005, 008004]
2780	8	008006	008004	49	8.0	2.0	0,000	true	[008006, 008000, 008003, 008001, 008002, 008004]
2781	8	008006	008004	50	5.0	2.0	0,000	true	[008006, 008000, 008003, 008001, 008002, 008005, 008004]
2782	8	008006	008004	51	8.0	2.0	0,000	true	[008006, 008000, 008003, 008001, 008002, 008005, 008007, 008004]
2783	8	008006	008004	52	8.0	2.0	0,000	true	[008006, 008000, 008003, 008001, 008002, 008007, 008004]
2784	8	008006	008004	53	5.0	2.0	0,000	true	[008006, 008000, 008003, 008001, 008002, 008007, 008005, 008004]
2785	8	008006	008004	54	8.0	2.0	0,000	true	[008006, 008000, 008003, 008001, 008004]
2786	8	008006	008004	55	8.0	2.0	0,000	true	[008006, 008000, 008003, 008001, 008005, 008002, 008004]
2787	8	008006	008004	56	8.0	2.0	0,000	true	[008006, 008000, 008003, 008001, 008005, 008002, 008007, 008004]
2788	8	008006	008004	57	5.0	2.0	0,000	true	[008006, 008000, 008003, 008001, 008005, 008004]
2789	8	008006	008004	58	8.0	2.0	0,000	true	[008006, 008000, 008003, 008001, 008005, 008007, 008002, 008004]
2790	8	008006	008004	59	8.0	2.0	0,000	true	[008006, 008000, 008003, 008001, 008005, 008007, 008004]
2791	8	008006	008004	60	8.0	1.0	0,000	true	[008006, 008000, 008003, 008001, 008007, 008002, 008004]
2792	8	008006	008004	61	5.0	1.0	0,000	true	[008006, 008000, 008003, 008001, 008007, 008002, 008005, 008004]
2793	8	008006	008004	62	8.0	1.0	0,000	true	[008006, 008000, 008003, 008001, 008007, 008004]
2794	8	008006	008004	63	8.0	1.0	0,000	true	[008006, 008000, 008003, 008001, 008007, 008005, 008002, 008004]
2795	8	008006	008004	64	5.0	1.0	0,000	true	[008006, 008000, 008003, 008001, 008007, 008005, 008004]
2796	8	008006	008004	65	10.0	1.0	0,006	true	[008006, 008000, 008003, 008004]
2797	8	008006	008004	66	5.0	2.0	0,000	true	[008006, 008000, 008003, 008005, 008001, 008002, 008004]
2798	8	008006	008004	67	5.0	2.0	0,000	true	[008006, 008000, 008003, 008005, 008001, 008002, 008007, 008004]
2799	8	008006	008004	68	5.0	2.0	0,000	true	[008006, 008000, 008003, 008005, 008001, 008004]
2800	8	008006	008004	69	5.0	1.0	0,000	true	[008006, 008000, 008003, 008005, 008001, 008007, 008002, 008004]
2801	8	008006	008004	70	5.0	1.0	0,000	true	[008006, 008000, 008003, 008005, 008001, 008007, 008004]
2802	8	008006	008004	71	5.0	2.0	0,000	true	[008006, 008000, 008003, 008005, 008002, 008001, 008004]
2803	8	008006	008004	72	5.0	1.0	0,000	true	[008006, 008000, 008003, 008005, 008002, 008001, 008007, 008004]
2804	8	008006	008004	73	5.0	2.0	0,000	true	[008006, 008000, 008003, 008005, 008002, 008004]
2805	8	008006	008004	74	5.0	1.0	0,000	true	[008006, 008000, 008003, 008005, 008002, 008007, 008001, 008004]
2806	8	008006	008004	75	5.0	2.0	0,000	true	[008006, 008000, 008003, 008005, 008002, 008007, 008004]
2807	8	008006	008004	76	5.0	2.0	0,000	true	[008006, 008000, 008003, 008005, 008004]
2808	8	008006	008004	77	5.0	1.0	0,000	true	[008006, 008000, 008003, 008005, 008007, 008001, 008002, 008004]
2809	8	008006	008004	78	5.0	1.0	0,000	true	[008006, 008000, 008003, 008005, 008007, 008001, 008004]
2810	8	008006	008004	79	5.0	2.0	0,000	true	[008006, 008000, 008003, 008005, 008007, 008002, 008001, 008004]
2811	8	008006	008004	80	5.0	2.0	0,000	true	[008006, 008000, 008003, 008005, 008007, 008002, 008004]
2812	8	008006	008004	81	5.0	2.0	0,000	true	[008006, 008000, 008003, 008005, 008007, 008004]
2813	8	008006	008004	82	10.0	1.0	0,000	true	[008006, 008000, 008003, 008007, 008001, 008002, 008004]
2814	8	008006	008004	83	5.0	1.0	0,000	true	[008006, 008000, 008003, 008007, 008001, 008002, 008005, 008004]
2815	8	008006	008004	84	8.0	1.0	0,000	true	[008006, 008000, 008003, 008007, 008001, 008004]
2816	8	008006	008004	85	8.0	1.0	0,000	true	[008006, 008000, 008003, 008007, 008001, 008005, 008002, 008004]
2817	8	008006	008004	86	5.0	1.0	0,000	true	[008006, 008000, 008003, 008007, 008001, 008005, 008004]
2818	8	008006	008004	87	8.0	2.0	0,000	true	[008006, 008000, 008003, 008007, 008002, 008001, 008004]
2819	8	008006	008004	88	5.0	2.0	0,000	true	[008006, 008000, 008003, 008007, 008002, 008001, 008005, 008004]
2820	8	008006	008004	89	10.0	2.0	0,000	true	[008006, 008000, 008003, 008007, 008002, 008004]
2821	8	008006	008004	90	8.0	2.0	0,000	true	[008006, 008000, 008003, 008007, 008002, 008005, 008001, 008004]
2822	8	008006	008004	91	5.0	2.0	0,000	true	[008006, 008000, 008003, 008007, 008002, 008005, 008004]
2823	8	008006	008004	92	10.0	2.0	0,000	true	[008006, 008000, 008003, 008007, 008004]
2824	8	008006	008004	93	8.0	2.0	0,000	true	[008006, 008000, 008003, 008007, 008005, 008001, 008002, 008004]
2825	8	008006	008004	94	8.0	2.0	0,000	true	[008006, 008000, 008003, 008007, 008005, 008001, 008004]
2826	8	008006	008004	95	8.0	2.0	0,000	true	[008006, 008000, 008003, 008007, 008005, 008002, 008001, 008004]
2827	8	008006	008004	96	10.0	2.0	0,000	true	[008006, 008000, 008003, 008007, 008005, 008002, 008004]
2828	8	008006	008004	97	5.0	2.0	0,000	true	[008006, 008000, 008003, 008007, 008005, 008004]
2829	8	008006	008004	98	8.0	2.0	0,039	true	[008006, 008000, 008004]
2830	8	008006	008004	99	8.0	2.0	0,000	true	[008006, 008000, 008005, 008001, 008002, 008004]
2831	8	008006	008004	100	8.0	1.0	0,000	true	[008006, 008000, 008005, 008001, 008002, 008007, 008003, 008004]
2832	8	008006	008004	101	8.0	2.0	0,000	true	[008006, 008000, 008005, 008001, 008002, 008007, 008004]
2833	8	008006	008004	102	8.0	2.0	0,000	true	[008006, 008000, 008005, 008001, 008004]
2834	8	008006	008004	103	5.0	2.0	0,016	true	[008006, 008000, 008005, 008004]
2835	9	009006	009004	0	5.0	1.0	0,000	true	[009006, 009000, 009001, 009002, 009003, 009004]
2836	9	009006	009004	1	5.0	1.0	0,000	true	[009006, 009000, 009001, 009002, 009003, 009007, 009004]
2837	9	009006	009004	2	5.0	1.0	0,000	true	[009006, 009000, 009001, 009002, 009003, 009007, 009005, 009004]
2838	9	009006	009004	3	8.0	1.0	0,001	true	[009006, 009000, 009001, 009002, 009004]
2839	9	009006	009004	4	8.0	1.0	0,000	true	[009006, 009000, 009001, 009002, 009005, 009004]
2840	9	009006	009004	5	7.0	1.0	0,000	true	[009006, 009000, 009001, 009002, 009005, 009007, 009003, 009004]
2841	9	009006	009004	6	8.0	1.0	0,000	true	[009006, 009000, 009001, 009002, 009005, 009007, 009004]
2842	9	009006	009004	7	5.0	1.0	0,000	true	[009006, 009000, 009001, 009003, 009002, 009004]
2843	9	009006	009004	8	5.0	1.0	0,000	true	[009006, 009000, 009001, 009003, 009002, 009005, 009004]
2844	9	009006	009004	9	5.0	1.0	0,000	true	[009006, 009000, 009001, 009003, 009002, 009005, 009007, 009004]
2845	9	009006	009004	10	7.0	1.0	0,000	true	[009006, 009000, 009001, 009003, 009004]
2846	9	009006	009004	11	7.0	1.0	0,000	true	[009006, 009000, 009001, 009003, 009007, 009004]
2847	9	009006	009004	12	7.0	1.0	0,000	true	[009006, 009000, 009001, 009003, 009007, 009005, 009002, 009004]
2848	9	009006	009004	13	7.0	1.0	0,000	true	[009006, 009000, 009001, 009003, 009007, 009005, 009004]
2849	9	009006	009004	14	5.0	1.0	0,000	true	[009006, 009000, 009001, 009007, 009003, 009002, 009004]
2850	9	009006	009004	15	5.0	1.0	0,000	true	[009006, 009000, 009001, 009007, 009003, 009002, 009005, 009004]
2851	9	009006	009004	16	7.0	1.0	0,000	true	[009006, 009000, 009001, 009007, 009003, 009004]
2852	9	009006	009004	17	8.0	1.0	0,001	true	[009006, 009000, 009001, 009007, 009004]
2853	9	009006	009004	18	5.0	1.0	0,000	true	[009006, 009000, 009001, 009007, 009005, 009002, 009003, 009004]
2854	9	009006	009004	19	8.0	1.0	0,000	true	[009006, 009000, 009001, 009007, 009005, 009002, 009004]
2855	9	009006	009004	20	9.0	1.0	0,000	true	[009006, 009000, 009001, 009007, 009005, 009004]
2856	9	009006	009004	21	7.0	1.0	0,000	true	[009006, 009000, 009003, 009001, 009002, 009004]
2857	9	009006	009004	22	7.0	1.0	0,000	true	[009006, 009000, 009003, 009001, 009002, 009005, 009004]
2858	9	009006	009004	23	7.0	1.0	0,000	true	[009006, 009000, 009003, 009001, 009002, 009005, 009007, 009004]
2859	9	009006	009004	24	7.0	1.0	0,000	true	[009006, 009000, 009003, 009001, 009007, 009004]
2860	9	009006	009004	25	7.0	1.0	0,000	true	[009006, 009000, 009003, 009001, 009007, 009005, 009002, 009004]
2861	9	009006	009004	26	7.0	1.0	0,000	true	[009006, 009000, 009003, 009001, 009007, 009005, 009004]
2862	9	009006	009004	27	5.0	1.0	0,001	true	[009006, 009000, 009003, 009002, 009001, 009007, 009004]
2863	9	009006	009004	28	5.0	1.0	0,000	true	[009006, 009000, 009003, 009002, 009001, 009007, 009005, 009004]
2864	9	009006	009004	29	5.0	1.0	0,007	true	[009006, 009000, 009003, 009002, 009004]
2865	9	009006	009004	30	5.0	1.0	0,000	true	[009006, 009000, 009003, 009002, 009005, 009004]
2866	9	009006	009004	31	5.0	1.0	0,000	true	[009006, 009000, 009003, 009002, 009005, 009007, 009004]
2867	9	009006	009004	32	7.0	1.0	0,007	true	[009006, 009000, 009003, 009004]
2868	9	009006	009004	33	8.0	1.0	0,001	true	[009006, 009000, 009003, 009007, 009001, 009002, 009004]
2869	9	009006	009004	34	8.0	1.0	0,000	true	[009006, 009000, 009003, 009007, 009001, 009002, 009005, 009004]
2870	9	009006	009004	35	8.0	1.0	0,004	true	[009006, 009000, 009003, 009007, 009004]
2871	9	009006	009004	36	8.0	1.0	0,000	true	[009006, 009000, 009003, 009007, 009005, 009002, 009004]
2872	9	009006	009004	37	9.0	1.0	0,000	true	[009006, 009000, 009003, 009007, 009005, 009004]
2873	9	009006	009004	38	5.0	1.0	0,000	true	[009006, 009000, 009007, 009001, 009002, 009003, 009004]
2874	9	009006	009004	39	8.0	1.0	0,003	true	[009006, 009000, 009007, 009001, 009002, 009004]
2875	9	009006	009004	40	8.0	1.0	0,000	true	[009006, 009000, 009007, 009001, 009002, 009005, 009004]
2876	9	009006	009004	41	5.0	1.0	0,000	true	[009006, 009000, 009007, 009001, 009003, 009002, 009004]
2877	9	009006	009004	42	5.0	1.0	0,000	true	[009006, 009000, 009007, 009001, 009003, 009002, 009005, 009004]
2878	9	009006	009004	43	7.0	1.0	0,000	true	[009006, 009000, 009007, 009001, 009003, 009004]
2879	9	009006	009004	44	7.0	1.0	0,000	true	[009006, 009000, 009007, 009003, 009001, 009002, 009004]
2880	9	009006	009004	45	7.0	1.0	0,000	true	[009006, 009000, 009007, 009003, 009001, 009002, 009005, 009004]
2881	9	009006	009004	46	5.0	1.0	0,002	true	[009006, 009000, 009007, 009003, 009002, 009004]
2882	9	009006	009004	47	5.0	1.0	0,000	true	[009006, 009000, 009007, 009003, 009002, 009005, 009004]
2883	9	009006	009004	48	7.0	1.0	0,002	true	[009006, 009000, 009007, 009003, 009004]
2884	9	009006	009004	49	8.0	1.0	0,022	true	[009006, 009000, 009007, 009004]
2885	9	009006	009004	50	7.0	1.0	0,000	true	[009006, 009000, 009007, 009005, 009002, 009001, 009003, 009004]
2886	9	009006	009004	51	5.0	1.0	0,000	true	[009006, 009000, 009007, 009005, 009002, 009003, 009004]
2887	9	009006	009004	52	8.0	1.0	0,001	true	[009006, 009000, 009007, 009005, 009002, 009004]
2888	9	009006	009004	53	13.0	1.0	0,000	true	[009006, 009000, 009007, 009005, 009004]
2889	9	009006	009004	54	5.0	1.0	0,000	true	[009006, 009001, 009000, 009003, 009002, 009004]
2890	9	009006	009004	55	5.0	1.0	0,000	true	[009006, 009001, 009000, 009003, 009002, 009005, 009004]
2891	9	009006	009004	56	5.0	1.0	0,000	true	[009006, 009001, 009000, 009003, 009002, 009005, 009007, 009004]
2892	9	009006	009004	57	7.0	1.0	0,000	true	[009006, 009001, 009000, 009003, 009004]
2893	9	009006	009004	58	8.0	1.0	0,000	true	[009006, 009001, 009000, 009003, 009007, 009004]
2894	9	009006	009004	59	8.0	1.0	0,000	true	[009006, 009001, 009000, 009003, 009007, 009005, 009002, 009004]
2895	9	009006	009004	60	9.0	1.0	0,000	true	[009006, 009001, 009000, 009003, 009007, 009005, 009004]
2896	9	009006	009004	61	5.0	1.0	0,000	true	[009006, 009001, 009000, 009007, 009003, 009002, 009004]
2897	9	009006	009004	62	5.0	1.0	0,000	true	[009006, 009001, 009000, 009007, 009003, 009002, 009005, 009004]
2898	9	009006	009004	63	7.0	1.0	0,000	true	[009006, 009001, 009000, 009007, 009003, 009004]
2899	9	009006	009004	64	8.0	1.0	0,000	true	[009006, 009001, 009000, 009007, 009004]
2900	9	009006	009004	65	5.0	1.0	0,000	true	[009006, 009001, 009000, 009007, 009005, 009002, 009003, 009004]
2901	9	009006	009004	66	8.0	1.0	0,000	true	[009006, 009001, 009000, 009007, 009005, 009002, 009004]
2902	9	009006	009004	67	10.0	1.0	0,000	true	[009006, 009001, 009000, 009007, 009005, 009004]
2903	9	009006	009004	68	5.0	2.0	0,000	true	[009006, 009001, 009002, 009003, 009000, 009007, 009004]
2904	9	009006	009004	69	5.0	2.0	0,000	true	[009006, 009001, 009002, 009003, 009000, 009007, 009005, 009004]
2905	9	009006	009004	70	5.0	2.0	0,001	true	[009006, 009001, 009002, 009003, 009004]
2906	9	009006	009004	71	5.0	2.0	0,001	true	[009006, 009001, 009002, 009003, 009007, 009004]
2907	9	009006	009004	72	5.0	2.0	0,000	true	[009006, 009001, 009002, 009003, 009007, 009005, 009004]
2908	9	009006	009004	73	8.0	4.0	0,008	true	[009006, 009001, 009002, 009004]
2909	9	009006	009004	74	8.0	1.0	0,000	true	[009006, 009001, 009002, 009005, 009004]
2910	9	009006	009004	75	7.0	1.0	0,000	true	[009006, 009001, 009002, 009005, 009007, 009000, 009003, 009004]
2911	9	009006	009004	76	7.0	1.0	0,000	true	[009006, 009001, 009002, 009005, 009007, 009003, 009004]
2912	9	009006	009004	77	8.0	1.0	0,000	true	[009006, 009001, 009002, 009005, 009007, 009004]
2913	9	009006	009004	78	7.0	3.0	0,000	true	[009006, 009001, 009003, 009000, 009007, 009004]
2914	9	009006	009004	79	7.0	1.0	0,000	true	[009006, 009001, 009003, 009000, 009007, 009005, 009002, 009004]
2915	9	009006	009004	80	7.0	2.0	0,000	true	[009006, 009001, 009003, 009000, 009007, 009005, 009004]
2916	9	009006	009004	81	5.0	2.0	0,001	true	[009006, 009001, 009003, 009002, 009004]
2917	9	009006	009004	82	5.0	1.0	0,000	true	[009006, 009001, 009003, 009002, 009005, 009004]
2918	9	009006	009004	83	5.0	1.0	0,000	true	[009006, 009001, 009003, 009002, 009005, 009007, 009004]
2919	9	009006	009004	84	7.0	4.0	0,001	true	[009006, 009001, 009003, 009004]
2920	9	009006	009004	85	7.0	3.0	0,000	true	[009006, 009001, 009003, 009007, 009004]
2921	9	009006	009004	86	7.0	1.0	0,000	true	[009006, 009001, 009003, 009007, 009005, 009002, 009004]
2922	9	009006	009004	87	7.0	2.0	0,000	true	[009006, 009001, 009003, 009007, 009005, 009004]
2923	9	009006	009004	88	5.0	2.0	0,000	true	[009006, 009001, 009007, 009000, 009003, 009002, 009004]
2924	9	009006	009004	89	5.0	1.0	0,000	true	[009006, 009001, 009007, 009000, 009003, 009002, 009005, 009004]
2925	9	009006	009004	90	7.0	4.0	0,000	true	[009006, 009001, 009007, 009000, 009003, 009004]
2926	9	009006	009004	91	5.0	2.0	0,001	true	[009006, 009001, 009007, 009003, 009002, 009004]
2927	9	009006	009004	92	5.0	1.0	0,000	true	[009006, 009001, 009007, 009003, 009002, 009005, 009004]
2928	9	009006	009004	93	7.0	4.0	0,001	true	[009006, 009001, 009007, 009003, 009004]
2929	9	009006	009004	94	8.0	3.0	0,013	true	[009006, 009001, 009007, 009004]
2930	9	009006	009004	95	5.0	1.0	0,000	true	[009006, 009001, 009007, 009005, 009002, 009003, 009004]
2931	9	009006	009004	96	8.0	1.0	0,000	true	[009006, 009001, 009007, 009005, 009002, 009004]
2932	9	009006	009004	97	9.0	2.0	0,000	true	[009006, 009001, 009007, 009005, 009004]
2933	9	009006	009004	98	8.0	1.0	0,000	true	[009006, 009003, 009000, 009001, 009002, 009004]
2934	9	009006	009004	99	8.0	1.0	0,000	true	[009006, 009003, 009000, 009001, 009002, 009005, 009004]
2935	9	009006	009004	100	8.0	1.0	0,000	true	[009006, 009003, 009000, 009001, 009002, 009005, 009007, 009004]
2936	9	009006	009004	101	7.0	2.0	0,008	true	[009006, 009003, 009004]
2937	10	010006	010007	0	6.0	1.0	0,000	true	[010006, 010000, 010001, 010002, 010003, 010004, 010005, 010007]
2938	10	010006	010007	1	6.0	1.0	0,001	true	[010006, 010000, 010001, 010002, 010003, 010004, 010007]
2939	10	010006	010007	2	7.0	1.0	0,001	true	[010006, 010000, 010001, 010002, 010003, 010007]
2940	10	010006	010007	3	6.0	1.0	0,000	true	[010006, 010000, 010001, 010002, 010005, 010004, 010003, 010007]
2941	10	010006	010007	4	7.0	1.0	0,001	true	[010006, 010000, 010001, 010002, 010005, 010004, 010007]
2942	10	010006	010007	5	7.0	1.0	0,005	true	[010006, 010000, 010001, 010002, 010005, 010007]
2943	10	010006	010007	6	6.0	1.0	0,005	true	[010006, 010000, 010001, 010002, 010007]
2944	10	010006	010007	7	6.0	1.0	0,000	true	[010006, 010000, 010001, 010004, 010003, 010002, 010005, 010007]
2945	10	010006	010007	8	6.0	1.0	0,000	true	[010006, 010000, 010001, 010004, 010003, 010002, 010007]
2946	10	010006	010007	9	6.0	1.0	0,001	true	[010006, 010000, 010001, 010004, 010003, 010007]
2947	10	010006	010007	10	7.0	1.0	0,000	true	[010006, 010000, 010001, 010004, 010005, 010002, 010003, 010007]
2948	10	010006	010007	11	6.0	1.0	0,000	true	[010006, 010000, 010001, 010004, 010005, 010002, 010007]
2949	10	010006	010007	12	7.0	1.0	0,001	true	[010006, 010000, 010001, 010004, 010005, 010007]
2950	10	010006	010007	13	9.0	1.0	0,008	true	[010006, 010000, 010001, 010004, 010007]
2951	10	010006	010007	14	6.0	1.0	0,001	true	[010006, 010000, 010001, 010005, 010002, 010003, 010004, 010007]
2952	10	010006	010007	15	7.0	1.0	0,001	true	[010006, 010000, 010001, 010005, 010002, 010003, 010007]
2953	10	010006	010007	16	6.0	1.0	0,002	true	[010006, 010000, 010001, 010005, 010002, 010007]
2954	10	010006	010007	17	6.0	1.0	0,000	true	[010006, 010000, 010001, 010005, 010004, 010003, 010002, 010007]
2955	10	010006	010007	18	6.0	1.0	0,000	true	[010006, 010000, 010001, 010005, 010004, 010003, 010007]
2956	10	010006	010007	19	7.0	1.0	0,003	true	[010006, 010000, 010001, 010005, 010004, 010007]
2957	10	010006	010007	20	10.0	1.0	0,014	true	[010006, 010000, 010001, 010005, 010007]
2958	10	010006	010007	21	8.0	1.0	0,013	true	[010006, 010000, 010001, 010007]
2959	10	010006	010007	22	7.0	1.0	0,000	true	[010006, 010000, 010004, 010001, 010002, 010003, 010007]
2960	10	010006	010007	23	7.0	1.0	0,001	true	[010006, 010000, 010004, 010001, 010002, 010005, 010007]
2961	10	010006	010007	24	6.0	1.0	0,001	true	[010006, 010000, 010004, 010001, 010002, 010007]
2962	10	010006	010007	25	7.0	1.0	0,000	true	[010006, 010000, 010004, 010001, 010005, 010002, 010003, 010007]
2963	10	010006	010007	26	6.0	1.0	0,001	true	[010006, 010000, 010004, 010001, 010005, 010002, 010007]
2964	10	010006	010007	27	9.0	1.0	0,003	true	[010006, 010000, 010004, 010001, 010005, 010007]
2965	10	010006	010007	28	8.0	1.0	0,003	true	[010006, 010000, 010004, 010001, 010007]
2966	10	010006	010007	29	6.0	1.0	0,000	true	[010006, 010000, 010004, 010003, 010002, 010001, 010005, 010007]
2967	10	010006	010007	30	6.0	1.0	0,000	true	[010006, 010000, 010004, 010003, 010002, 010001, 010007]
2968	10	010006	010007	31	6.0	1.0	0,000	true	[010006, 010000, 010004, 010003, 010002, 010005, 010001, 010007]
2969	10	010006	010007	32	6.0	1.0	0,001	true	[010006, 010000, 010004, 010003, 010002, 010005, 010007]
2970	10	010006	010007	33	6.0	1.0	0,001	true	[010006, 010000, 010004, 010003, 010002, 010007]
2971	10	010006	010007	34	6.0	1.0	0,002	true	[010006, 010000, 010004, 010003, 010007]
2972	10	010006	010007	35	7.0	1.0	0,000	true	[010006, 010000, 010004, 010005, 010001, 010002, 010003, 010007]
2973	10	010006	010007	36	6.0	1.0	0,000	true	[010006, 010000, 010004, 010005, 010001, 010002, 010007]
2974	10	010006	010007	37	7.0	1.0	0,001	true	[010006, 010000, 010004, 010005, 010001, 010007]
2975	10	010006	010007	38	7.0	1.0	0,000	true	[010006, 010000, 010004, 010005, 010002, 010001, 010007]
2976	10	010006	010007	39	7.0	1.0	0,000	true	[010006, 010000, 010004, 010005, 010002, 010003, 010007]
2977	10	010006	010007	40	6.0	1.0	0,001	true	[010006, 010000, 010004, 010005, 010002, 010007]
2978	10	010006	010007	41	7.0	1.0	0,005	true	[010006, 010000, 010004, 010005, 010007]
2979	10	010006	010007	42	10.0	1.0	0,038	true	[010006, 010000, 010004, 010007]
2980	10	010006	010007	43	6.0	1.0	0,000	true	[010006, 010000, 010005, 010001, 010002, 010003, 010004, 010007]
2981	10	010006	010007	44	7.0	1.0	0,000	true	[010006, 010000, 010005, 010001, 010002, 010003, 010007]
2982	10	010006	010007	45	6.0	1.0	0,001	true	[010006, 010000, 010005, 010001, 010002, 010007]
2983	10	010006	010007	46	6.0	1.0	0,000	true	[010006, 010000, 010005, 010001, 010004, 010003, 010002, 010007]
2984	10	010006	010007	47	6.0	1.0	0,000	true	[010006, 010000, 010005, 010001, 010004, 010003, 010007]
2985	10	010006	010007	48	9.0	1.0	0,002	true	[010006, 010000, 010005, 010001, 010004, 010007]
2986	10	010006	010007	49	8.0	1.0	0,003	true	[010006, 010000, 010005, 010001, 010007]
2987	10	010006	010007	50	6.0	1.0	0,000	true	[010006, 010000, 010005, 010002, 010001, 010004, 010003, 010007]
2988	10	010006	010007	51	7.0	1.0	0,001	true	[010006, 010000, 010005, 010002, 010001, 010004, 010007]
2989	10	010006	010007	52	7.0	1.0	0,001	true	[010006, 010000, 010005, 010002, 010001, 010007]
2990	10	010006	010007	53	6.0	1.0	0,000	true	[010006, 010000, 010005, 010002, 010003, 010004, 010001, 010007]
2991	10	010006	010007	54	6.0	1.0	0,001	true	[010006, 010000, 010005, 010002, 010003, 010004, 010007]
2992	10	010006	010007	55	7.0	1.0	0,001	true	[010006, 010000, 010005, 010002, 010003, 010007]
2993	10	010006	010007	56	6.0	1.0	0,004	true	[010006, 010000, 010005, 010002, 010007]
2994	10	010006	010007	57	7.0	1.0	0,000	true	[010006, 010000, 010005, 010004, 010001, 010002, 010003, 010007]
2995	10	010006	010007	58	6.0	1.0	0,000	true	[010006, 010000, 010005, 010004, 010001, 010002, 010007]
2996	10	010006	010007	59	7.0	1.0	0,000	true	[010006, 010000, 010005, 010004, 010001, 010007]
2997	10	010006	010007	60	6.0	1.0	0,000	true	[010006, 010000, 010005, 010004, 010003, 010002, 010001, 010007]
2998	10	010006	010007	61	6.0	1.0	0,000	true	[010006, 010000, 010005, 010004, 010003, 010002, 010007]
2999	10	010006	010007	62	6.0	1.0	0,000	true	[010006, 010000, 010005, 010004, 010003, 010007]
3000	10	010006	010007	63	7.0	1.0	0,004	true	[010006, 010000, 010005, 010004, 010007]
3001	10	010006	010007	64	10.0	1.0	0,019	true	[010006, 010000, 010005, 010007]
3002	10	010006	010007	65	10.0	1.0	0,120	true	[010006, 010000, 010007]
3003	10	010006	010007	66	6.0	1.0	0,000	true	[010006, 010001, 010000, 010004, 010003, 010002, 010005, 010007]
3004	10	010006	010007	67	6.0	1.0	0,000	true	[010006, 010001, 010000, 010004, 010003, 010002, 010007]
3005	10	010006	010007	68	6.0	2.0	0,000	true	[010006, 010001, 010000, 010004, 010003, 010007]
3006	10	010006	010007	69	7.0	1.0	0,000	true	[010006, 010001, 010000, 010004, 010005, 010002, 010003, 010007]
3007	10	010006	010007	70	6.0	1.0	0,000	true	[010006, 010001, 010000, 010004, 010005, 010002, 010007]
3008	10	010006	010007	71	7.0	4.0	0,001	true	[010006, 010001, 010000, 010004, 010005, 010007]
3009	10	010006	010007	72	10.0	3.0	0,006	true	[010006, 010001, 010000, 010004, 010007]
3010	10	010006	010007	73	6.0	1.0	0,000	true	[010006, 010001, 010000, 010005, 010002, 010003, 010004, 010007]
3011	10	010006	010007	74	7.0	1.0	0,000	true	[010006, 010001, 010000, 010005, 010002, 010003, 010007]
3012	10	010006	010007	75	6.0	1.0	0,001	true	[010006, 010001, 010000, 010005, 010002, 010007]
3013	10	010006	010007	76	6.0	1.0	0,000	true	[010006, 010001, 010000, 010005, 010004, 010003, 010002, 010007]
3014	10	010006	010007	77	6.0	2.0	0,000	true	[010006, 010001, 010000, 010005, 010004, 010003, 010007]
3015	10	010006	010007	78	7.0	3.0	0,001	true	[010006, 010001, 010000, 010005, 010004, 010007]
3016	10	010006	010007	79	10.0	3.0	0,003	true	[010006, 010001, 010000, 010005, 010007]
3017	10	010006	010007	80	10.0	4.0	0,018	true	[010006, 010001, 010000, 010007]
3018	10	010006	010007	81	6.0	2.0	0,000	true	[010006, 010001, 010002, 010003, 010004, 010000, 010005, 010007]
3019	10	010006	010007	82	6.0	2.0	0,001	true	[010006, 010001, 010002, 010003, 010004, 010000, 010007]
3020	10	010006	010007	83	6.0	2.0	0,000	true	[010006, 010001, 010002, 010003, 010004, 010005, 010000, 010007]
3021	10	010006	010007	84	6.0	2.0	0,000	true	[010006, 010001, 010002, 010003, 010004, 010005, 010007]
3022	10	010006	010007	85	6.0	2.0	0,003	true	[010006, 010001, 010002, 010003, 010004, 010007]
3023	10	010006	010007	86	7.0	2.0	0,003	true	[010006, 010001, 010002, 010003, 010007]
3024	10	010006	010007	87	6.0	1.0	0,000	true	[010006, 010001, 010002, 010005, 010000, 010004, 010003, 010007]
3025	10	010006	010007	88	7.0	1.0	0,001	true	[010006, 010001, 010002, 010005, 010000, 010004, 010007]
3026	10	010006	010007	89	7.0	1.0	0,002	true	[010006, 010001, 010002, 010005, 010000, 010007]
3027	10	010006	010007	90	7.0	1.0	0,000	true	[010006, 010001, 010002, 010005, 010004, 010000, 010007]
3028	10	010006	010007	91	6.0	1.0	0,000	true	[010006, 010001, 010002, 010005, 010004, 010003, 010007]
3029	10	010006	010007	92	7.0	1.0	0,002	true	[010006, 010001, 010002, 010005, 010004, 010007]
3030	10	010006	010007	93	7.0	1.0	0,012	true	[010006, 010001, 010002, 010005, 010007]
3031	10	010006	010007	94	6.0	1.0	0,010	true	[010006, 010001, 010002, 010007]
3032	10	010006	010007	95	7.0	1.0	0,000	true	[010006, 010001, 010004, 010000, 010005, 010002, 010003, 010007]
3033	10	010006	010007	96	6.0	1.0	0,000	true	[010006, 010001, 010004, 010000, 010005, 010002, 010007]
3034	10	010006	010007	97	9.0	3.0	0,001	true	[010006, 010001, 010004, 010000, 010005, 010007]
3035	10	010006	010007	98	9.0	4.0	0,004	true	[010006, 010001, 010004, 010000, 010007]
3036	10	010006	010007	99	6.0	1.0	0,000	true	[010006, 010001, 010004, 010003, 010002, 010005, 010000, 010007]
3037	10	010006	010007	100	6.0	1.0	0,001	true	[010006, 010001, 010004, 010003, 010002, 010005, 010007]
3038	10	010006	010007	101	6.0	1.0	0,001	true	[010006, 010001, 010004, 010003, 010002, 010007]
3039	10	010006	010007	102	6.0	2.0	0,001	true	[010006, 010001, 010004, 010003, 010007]
3040	10	010006	010007	103	9.0	3.0	0,019	true	[010006, 010001, 010004, 010007]
3041	10	010006	010007	104	8.0	2.0	0,030	true	[010006, 010001, 010007]
3042	11	011000	011001	0	5.0	5.0	0,450	true	[011000, 011001]
3043	11	011000	011001	1	6.0	1.0	0,000	true	[011000, 011002, 011004, 011001]
3044	11	011000	011001	2	6.0	1.0	0,000	true	[011000, 011002, 011004, 011003, 011001]
3045	11	011000	011001	3	6.0	1.0	0,000	true	[011000, 011002, 011004, 011003, 011006, 011005, 011001]
3046	11	011000	011001	4	6.0	1.0	0,000	true	[011000, 011002, 011004, 011003, 011007, 011006, 011005, 011001]
3047	11	011000	011001	5	8.0	3.0	0,001	true	[011000, 011002, 011005, 011001]
3048	11	011000	011001	6	12.0	1.0	0,000	true	[011000, 011002, 011005, 011006, 011003, 011001]
3049	11	011000	011001	7	12.0	1.0	0,000	true	[011000, 011002, 011005, 011006, 011003, 011004, 011001]
3050	11	011000	011001	8	6.0	1.0	0,000	true	[011000, 011002, 011005, 011006, 011007, 011003, 011001]
3051	11	011000	011001	9	6.0	1.0	0,000	true	[011000, 011002, 011005, 011006, 011007, 011003, 011004, 011001]
3052	11	011000	011001	10	12.0	2.0	0,001	true	[011000, 011002, 011006, 011003, 011001]
3053	11	011000	011001	11	12.0	1.0	0,000	true	[011000, 011002, 011006, 011003, 011004, 011001]
3054	11	011000	011001	12	8.0	1.0	0,002	true	[011000, 011002, 011006, 011005, 011001]
3055	11	011000	011001	13	6.0	1.0	0,000	true	[011000, 011002, 011006, 011007, 011003, 011001]
3056	11	011000	011001	14	6.0	1.0	0,000	true	[011000, 011002, 011006, 011007, 011003, 011004, 011001]
3057	11	011000	011001	15	6.0	1.0	0,000	true	[011000, 011002, 011007, 011003, 011001]
3058	11	011000	011001	16	6.0	1.0	0,000	true	[011000, 011002, 011007, 011003, 011004, 011001]
3059	11	011000	011001	17	6.0	1.0	0,000	true	[011000, 011002, 011007, 011003, 011006, 011005, 011001]
3060	11	011000	011001	18	7.0	3.0	0,000	true	[011000, 011002, 011007, 011006, 011003, 011001]
3061	11	011000	011001	19	7.0	1.0	0,000	true	[011000, 011002, 011007, 011006, 011003, 011004, 011001]
3062	11	011000	011001	20	7.0	1.0	0,000	true	[011000, 011002, 011007, 011006, 011005, 011001]
3063	11	011000	011001	21	7.0	3.0	0,008	true	[011000, 011003, 011001]
3064	11	011000	011001	22	7.0	1.0	0,000	true	[011000, 011003, 011004, 011001]
3065	11	011000	011001	23	6.0	1.0	0,000	true	[011000, 011003, 011004, 011002, 011005, 011001]
3066	11	011000	011001	24	6.0	1.0	0,000	true	[011000, 011003, 011004, 011002, 011006, 011005, 011001]
3067	11	011000	011001	25	6.0	1.0	0,000	true	[011000, 011003, 011004, 011002, 011007, 011006, 011005, 011001]
3068	11	011000	011001	26	6.0	1.0	0,000	true	[011000, 011003, 011006, 011002, 011004, 011001]
3069	11	011000	011001	27	7.0	2.0	0,000	true	[011000, 011003, 011006, 011002, 011005, 011001]
3070	11	011000	011001	28	7.0	1.0	0,002	true	[011000, 011003, 011006, 011005, 011001]
3071	11	011000	011001	29	6.0	1.0	0,000	true	[011000, 011003, 011006, 011005, 011002, 011004, 011001]
3072	11	011000	011001	30	6.0	1.0	0,000	true	[011000, 011003, 011006, 011007, 011002, 011004, 011001]
3073	11	011000	011001	31	7.0	3.0	0,000	true	[011000, 011003, 011006, 011007, 011002, 011005, 011001]
3074	11	011000	011001	32	6.0	1.0	0,000	true	[011000, 011003, 011007, 011002, 011004, 011001]
3075	11	011000	011001	33	6.0	1.0	0,000	true	[011000, 011003, 011007, 011002, 011005, 011001]
3076	11	011000	011001	34	6.0	1.0	0,000	true	[011000, 011003, 011007, 011002, 011006, 011005, 011001]
3077	11	011000	011001	35	6.0	1.0	0,000	true	[011000, 011003, 011007, 011006, 011002, 011004, 011001]
3078	11	011000	011001	36	6.0	1.0	0,000	true	[011000, 011003, 011007, 011006, 011002, 011005, 011001]
3079	11	011000	011001	37	6.0	1.0	0,000	true	[011000, 011003, 011007, 011006, 011005, 011001]
3080	11	011000	011001	38	6.0	1.0	0,000	true	[011000, 011003, 011007, 011006, 011005, 011002, 011004, 011001]
3081	11	011000	011001	39	8.0	1.0	0,000	true	[011000, 011004, 011001]
3082	11	011000	011001	40	6.0	3.0	0,000	true	[011000, 011004, 011002, 011005, 011001]
3083	11	011000	011001	41	6.0	1.0	0,000	true	[011000, 011004, 011002, 011005, 011006, 011003, 011001]
3084	11	011000	011001	42	6.0	1.0	0,000	true	[011000, 011004, 011002, 011005, 011006, 011007, 011003, 011001]
3085	11	011000	011001	43	6.0	2.0	0,000	true	[011000, 011004, 011002, 011006, 011003, 011001]
3086	11	011000	011001	44	6.0	1.0	0,000	true	[011000, 011004, 011002, 011006, 011005, 011001]
3087	11	011000	011001	45	6.0	1.0	0,000	true	[011000, 011004, 011002, 011006, 011007, 011003, 011001]
3088	11	011000	011001	46	6.0	1.0	0,000	true	[011000, 011004, 011002, 011007, 011003, 011001]
3089	11	011000	011001	47	6.0	1.0	0,000	true	[011000, 011004, 011002, 011007, 011003, 011006, 011005, 011001]
3090	11	011000	011001	48	6.0	3.0	0,000	true	[011000, 011004, 011002, 011007, 011006, 011003, 011001]
3091	11	011000	011001	49	6.0	1.0	0,000	true	[011000, 011004, 011002, 011007, 011006, 011005, 011001]
3092	11	011000	011001	50	8.0	1.0	0,000	true	[011000, 011004, 011003, 011001]
3093	11	011000	011001	51	8.0	1.0	0,000	true	[011000, 011004, 011003, 011006, 011002, 011005, 011001]
3094	11	011000	011001	52	8.0	1.0	0,000	true	[011000, 011004, 011003, 011006, 011005, 011001]
3095	11	011000	011001	53	7.0	1.0	0,000	true	[011000, 011004, 011003, 011006, 011007, 011002, 011005, 011001]
3096	11	011000	011001	54	6.0	1.0	0,000	true	[011000, 011004, 011003, 011007, 011002, 011005, 011001]
3097	11	011000	011001	55	6.0	1.0	0,000	true	[011000, 011004, 011003, 011007, 011002, 011006, 011005, 011001]
3098	11	011000	011001	56	6.0	1.0	0,000	true	[011000, 011004, 011003, 011007, 011006, 011002, 011005, 011001]
3099	11	011000	011001	57	6.0	1.0	0,000	true	[011000, 011004, 011003, 011007, 011006, 011005, 011001]
3100	11	011000	011001	58	8.0	4.0	0,103	true	[011000, 011005, 011001]
3101	11	011000	011001	59	6.0	1.0	0,000	true	[011000, 011005, 011002, 011004, 011001]
3102	11	011000	011001	60	6.0	1.0	0,000	true	[011000, 011005, 011002, 011004, 011003, 011001]
3103	11	011000	011001	61	8.0	2.0	0,000	true	[011000, 011005, 011002, 011006, 011003, 011001]
3104	11	011000	011001	62	8.0	1.0	0,000	true	[011000, 011005, 011002, 011006, 011003, 011004, 011001]
3105	11	011000	011001	63	6.0	1.0	0,000	true	[011000, 011005, 011002, 011006, 011007, 011003, 011001]
3106	11	011000	011001	64	6.0	1.0	0,000	true	[011000, 011005, 011002, 011006, 011007, 011003, 011004, 011001]
3107	11	011000	011001	65	6.0	1.0	0,000	true	[011000, 011005, 011002, 011007, 011003, 011001]
3108	11	011000	011001	66	6.0	1.0	0,000	true	[011000, 011005, 011002, 011007, 011003, 011004, 011001]
3109	11	011000	011001	67	7.0	3.0	0,000	true	[011000, 011005, 011002, 011007, 011006, 011003, 011001]
3110	11	011000	011001	68	7.0	1.0	0,000	true	[011000, 011005, 011002, 011007, 011006, 011003, 011004, 011001]
3111	11	011000	011001	69	6.0	1.0	0,000	true	[011000, 011005, 011006, 011002, 011004, 011001]
3112	11	011000	011001	70	6.0	1.0	0,000	true	[011000, 011005, 011006, 011002, 011004, 011003, 011001]
3113	11	011000	011001	71	6.0	1.0	0,000	true	[011000, 011005, 011006, 011002, 011007, 011003, 011001]
3114	11	011000	011001	72	6.0	1.0	0,000	true	[011000, 011005, 011006, 011002, 011007, 011003, 011004, 011001]
3115	11	011000	011001	73	8.0	1.0	0,000	true	[011000, 011005, 011006, 011003, 011001]
3116	11	011000	011001	74	8.0	1.0	0,000	true	[011000, 011005, 011006, 011003, 011004, 011001]
3117	11	011000	011001	75	6.0	1.0	0,000	true	[011000, 011005, 011006, 011003, 011007, 011002, 011004, 011001]
3118	11	011000	011001	76	6.0	1.0	0,000	true	[011000, 011005, 011006, 011007, 011002, 011004, 011001]
3119	11	011000	011001	77	6.0	1.0	0,000	true	[011000, 011005, 011006, 011007, 011002, 011004, 011003, 011001]
3120	11	011000	011001	78	6.0	1.0	0,000	true	[011000, 011005, 011006, 011007, 011003, 011001]
3121	11	011000	011001	79	6.0	1.0	0,000	true	[011000, 011005, 011006, 011007, 011003, 011004, 011001]
3122	11	011000	011001	80	6.0	1.0	0,000	true	[011000, 011006, 011002, 011004, 011001]
3123	11	011000	011001	81	6.0	1.0	0,000	true	[011000, 011006, 011002, 011004, 011003, 011001]
3124	11	011000	011001	82	8.0	2.0	0,000	true	[011000, 011006, 011002, 011005, 011001]
3125	11	011000	011001	83	6.0	1.0	0,000	true	[011000, 011006, 011002, 011007, 011003, 011001]
3126	11	011000	011001	84	6.0	1.0	0,000	true	[011000, 011006, 011002, 011007, 011003, 011004, 011001]
3127	11	011000	011001	85	13.0	4.0	0,000	true	[011000, 011006, 011003, 011001]
3128	11	011000	011001	86	13.0	1.0	0,000	true	[011000, 011006, 011003, 011004, 011001]
3129	11	011000	011001	87	6.0	1.0	0,000	true	[011000, 011006, 011003, 011004, 011002, 011005, 011001]
3130	11	011000	011001	88	6.0	1.0	0,000	true	[011000, 011006, 011003, 011007, 011002, 011004, 011001]
3131	11	011000	011001	89	6.0	1.0	0,000	true	[011000, 011006, 011003, 011007, 011002, 011005, 011001]
3132	11	011000	011001	90	8.0	1.0	0,001	true	[011000, 011006, 011005, 011001]
3133	11	011000	011001	91	6.0	1.0	0,000	true	[011000, 011006, 011005, 011002, 011004, 011001]
3134	11	011000	011001	92	6.0	1.0	0,000	true	[011000, 011006, 011005, 011002, 011004, 011003, 011001]
3135	11	011000	011001	93	6.0	1.0	0,000	true	[011000, 011006, 011005, 011002, 011007, 011003, 011001]
3136	11	011000	011001	94	6.0	1.0	0,000	true	[011000, 011006, 011005, 011002, 011007, 011003, 011004, 011001]
3137	11	011000	011001	95	6.0	1.0	0,000	true	[011000, 011006, 011007, 011002, 011004, 011001]
3138	11	011000	011001	96	6.0	1.0	0,000	true	[011000, 011006, 011007, 011002, 011004, 011003, 011001]
3139	11	011000	011001	97	7.0	3.0	0,000	true	[011000, 011006, 011007, 011002, 011005, 011001]
3140	11	011000	011001	98	6.0	1.0	0,000	true	[011000, 011006, 011007, 011003, 011001]
3141	11	011000	011001	99	6.0	1.0	0,000	true	[011000, 011006, 011007, 011003, 011004, 011001]
3142	11	011000	011001	100	6.0	1.0	0,000	true	[011000, 011006, 011007, 011003, 011004, 011002, 011005, 011001]
3143	12	012002	012000	0	12.0	5.0	0,390	true	[012002, 012000]
3144	12	012002	012000	1	5.0	2.0	0,011	true	[012002, 012001, 012003, 012000]
3145	12	012002	012000	2	5.0	2.0	0,000	true	[012002, 012001, 012003, 012004, 012006, 012005, 012000]
3146	12	012002	012000	3	5.0	2.0	0,000	true	[012002, 012001, 012003, 012004, 012006, 012005, 012007, 012000]
3147	12	012002	012000	4	5.0	1.0	0,000	true	[012002, 012001, 012003, 012004, 012006, 012007, 012000]
3148	12	012002	012000	5	5.0	1.0	0,000	true	[012002, 012001, 012003, 012004, 012006, 012007, 012005, 012000]
3149	12	012002	012000	6	5.0	1.0	0,001	true	[012002, 012001, 012003, 012004, 012007, 012000]
3150	12	012002	012000	7	5.0	1.0	0,000	true	[012002, 012001, 012003, 012004, 012007, 012005, 012000]
3151	12	012002	012000	8	5.0	1.0	0,000	true	[012002, 012001, 012003, 012004, 012007, 012006, 012005, 012000]
3152	12	012002	012000	9	5.0	2.0	0,003	true	[012002, 012001, 012003, 012005, 012000]
3153	12	012002	012000	10	5.0	1.0	0,000	true	[012002, 012001, 012003, 012005, 012006, 012004, 012007, 012000]
3154	12	012002	012000	11	5.0	1.0	0,000	true	[012002, 012001, 012003, 012005, 012006, 012007, 012000]
3155	12	012002	012000	12	5.0	2.0	0,002	true	[012002, 012001, 012003, 012005, 012007, 012000]
3156	12	012002	012000	13	5.0	1.0	0,000	true	[012002, 012001, 012003, 012006, 012004, 012007, 012000]
3157	12	012002	012000	14	5.0	1.0	0,000	true	[012002, 012001, 012003, 012006, 012004, 012007, 012005, 012000]
3158	12	012002	012000	15	5.0	2.0	0,000	true	[012002, 012001, 012003, 012006, 012005, 012000]
3159	12	012002	012000	16	5.0	2.0	0,000	true	[012002, 012001, 012003, 012006, 012005, 012007, 012000]
3160	12	012002	012000	17	5.0	1.0	0,000	true	[012002, 012001, 012003, 012006, 012007, 012000]
3161	12	012002	012000	18	5.0	1.0	0,000	true	[012002, 012001, 012003, 012006, 012007, 012005, 012000]
3162	12	012002	012000	19	5.0	2.0	0,003	true	[012002, 012001, 012003, 012007, 012000]
3163	12	012002	012000	20	5.0	1.0	0,000	true	[012002, 012001, 012003, 012007, 012004, 012006, 012005, 012000]
3164	12	012002	012000	21	5.0	2.0	0,001	true	[012002, 012001, 012003, 012007, 012005, 012000]
3165	12	012002	012000	22	5.0	1.0	0,000	true	[012002, 012001, 012003, 012007, 012006, 012005, 012000]
3166	12	012002	012000	23	9.0	3.0	0,001	true	[012002, 012001, 012004, 012003, 012000]
3167	12	012002	012000	24	9.0	3.0	0,000	true	[012002, 012001, 012004, 012003, 012005, 012000]
3168	12	012002	012000	25	9.0	1.0	0,000	true	[012002, 012001, 012004, 012003, 012005, 012006, 012007, 012000]
3169	12	012002	012000	26	6.0	2.0	0,000	true	[012002, 012001, 012004, 012003, 012005, 012007, 012000]
3170	12	012002	012000	27	7.0	2.0	0,000	true	[012002, 012001, 012004, 012003, 012006, 012005, 012000]
3171	12	012002	012000	28	6.0	2.0	0,000	true	[012002, 012001, 012004, 012003, 012006, 012005, 012007, 012000]
3172	12	012002	012000	29	7.0	1.0	0,000	true	[012002, 012001, 012004, 012003, 012006, 012007, 012000]
3173	12	012002	012000	30	6.0	1.0	0,000	true	[012002, 012001, 012004, 012003, 012006, 012007, 012005, 012000]
3174	12	012002	012000	31	9.0	2.0	0,000	true	[012002, 012001, 012004, 012003, 012007, 012000]
3175	12	012002	012000	32	6.0	3.0	0,000	true	[012002, 012001, 012004, 012003, 012007, 012005, 012000]
3176	12	012002	012000	33	9.0	1.0	0,000	true	[012002, 012001, 012004, 012003, 012007, 012006, 012005, 012000]
3177	12	012002	012000	34	7.0	2.0	0,000	true	[012002, 012001, 012004, 012006, 012003, 012000]
3178	12	012002	012000	35	7.0	2.0	0,000	true	[012002, 012001, 012004, 012006, 012003, 012005, 012000]
3179	12	012002	012000	36	6.0	2.0	0,000	true	[012002, 012001, 012004, 012006, 012003, 012005, 012007, 012000]
3180	12	012002	012000	37	7.0	2.0	0,000	true	[012002, 012001, 012004, 012006, 012003, 012007, 012000]
3181	12	012002	012000	38	6.0	2.0	0,000	true	[012002, 012001, 012004, 012006, 012003, 012007, 012005, 012000]
3182	12	012002	012000	39	9.0	2.0	0,000	true	[012002, 012001, 012004, 012006, 012005, 012000]
3183	12	012002	012000	40	9.0	2.0	0,000	true	[012002, 012001, 012004, 012006, 012005, 012003, 012000]
3184	12	012002	012000	41	9.0	2.0	0,000	true	[012002, 012001, 012004, 012006, 012005, 012003, 012007, 012000]
3185	12	012002	012000	42	6.0	2.0	0,000	true	[012002, 012001, 012004, 012006, 012005, 012007, 012000]
3186	12	012002	012000	43	6.0	2.0	0,000	true	[012002, 012001, 012004, 012006, 012005, 012007, 012003, 012000]
3187	12	012002	012000	44	9.0	1.0	0,000	true	[012002, 012001, 012004, 012006, 012007, 012000]
3188	12	012002	012000	45	9.0	1.0	0,000	true	[012002, 012001, 012004, 012006, 012007, 012003, 012000]
3189	12	012002	012000	46	9.0	1.0	0,000	true	[012002, 012001, 012004, 012006, 012007, 012003, 012005, 012000]
3190	12	012002	012000	47	6.0	1.0	0,000	true	[012002, 012001, 012004, 012006, 012007, 012005, 012000]
3191	12	012002	012000	48	6.0	1.0	0,000	true	[012002, 012001, 012004, 012006, 012007, 012005, 012003, 012000]
3192	12	012002	012000	49	9.0	1.0	0,003	true	[012002, 012001, 012004, 012007, 012000]
3193	12	012002	012000	50	9.0	1.0	0,000	true	[012002, 012001, 012004, 012007, 012003, 012000]
3194	12	012002	012000	51	9.0	1.0	0,000	true	[012002, 012001, 012004, 012007, 012003, 012005, 012000]
3195	12	012002	012000	52	7.0	1.0	0,000	true	[012002, 012001, 012004, 012007, 012003, 012006, 012005, 012000]
3196	12	012002	012000	53	6.0	1.0	0,001	true	[012002, 012001, 012004, 012007, 012005, 012000]
3197	12	012002	012000	54	6.0	1.0	0,000	true	[012002, 012001, 012004, 012007, 012005, 012003, 012000]
3198	12	012002	012000	55	6.0	1.0	0,000	true	[012002, 012001, 012004, 012007, 012005, 012006, 012003, 012000]
3199	12	012002	012000	56	7.0	1.0	0,000	true	[012002, 012001, 012004, 012007, 012006, 012003, 012000]
3200	12	012002	012000	57	7.0	1.0	0,000	true	[012002, 012001, 012004, 012007, 012006, 012003, 012005, 012000]
3201	12	012002	012000	58	9.0	1.0	0,000	true	[012002, 012001, 012004, 012007, 012006, 012005, 012000]
3202	12	012002	012000	59	9.0	1.0	0,000	true	[012002, 012001, 012004, 012007, 012006, 012005, 012003, 012000]
3203	12	012002	012000	60	9.0	3.0	0,010	true	[012002, 012001, 012005, 012000]
3204	12	012002	012000	61	9.0	3.0	0,001	true	[012002, 012001, 012005, 012003, 012000]
3205	12	012002	012000	62	9.0	1.0	0,000	true	[012002, 012001, 012005, 012003, 012004, 012006, 012007, 012000]
3206	12	012002	012000	63	9.0	1.0	0,000	true	[012002, 012001, 012005, 012003, 012004, 012007, 012000]
3207	12	012002	012000	64	7.0	1.0	0,000	true	[012002, 012001, 012005, 012003, 012006, 012004, 012007, 012000]
3208	12	012002	012000	65	7.0	1.0	0,000	true	[012002, 012001, 012005, 012003, 012006, 012007, 012000]
3209	12	012002	012000	66	9.0	2.0	0,000	true	[012002, 012001, 012005, 012003, 012007, 012000]
3210	12	012002	012000	67	7.0	2.0	0,000	true	[012002, 012001, 012005, 012006, 012003, 012000]
3211	12	012002	012000	68	7.0	1.0	0,000	true	[012002, 012001, 012005, 012006, 012003, 012004, 012007, 012000]
3212	12	012002	012000	69	7.0	2.0	0,000	true	[012002, 012001, 012005, 012006, 012003, 012007, 012000]
3213	12	012002	012000	70	9.0	2.0	0,000	true	[012002, 012001, 012005, 012006, 012004, 012003, 012000]
3214	12	012002	012000	71	9.0	2.0	0,000	true	[012002, 012001, 012005, 012006, 012004, 012003, 012007, 012000]
3215	12	012002	012000	72	9.0	1.0	0,000	true	[012002, 012001, 012005, 012006, 012004, 012007, 012000]
3216	12	012002	012000	73	9.0	1.0	0,000	true	[012002, 012001, 012005, 012006, 012004, 012007, 012003, 012000]
3217	12	012002	012000	74	9.0	1.0	0,000	true	[012002, 012001, 012005, 012006, 012007, 012000]
3218	12	012002	012000	75	9.0	1.0	0,000	true	[012002, 012001, 012005, 012006, 012007, 012003, 012000]
3219	12	012002	012000	76	9.0	1.0	0,000	true	[012002, 012001, 012005, 012006, 012007, 012004, 012003, 012000]
3220	12	012002	012000	77	6.0	2.0	0,006	true	[012002, 012001, 012005, 012007, 012000]
3221	12	012002	012000	78	6.0	3.0	0,001	true	[012002, 012001, 012005, 012007, 012003, 012000]
3222	12	012002	012000	79	6.0	1.0	0,000	true	[012002, 012001, 012005, 012007, 012004, 012003, 012000]
3223	12	012002	012000	80	6.0	1.0	0,000	true	[012002, 012001, 012005, 012007, 012004, 012006, 012003, 012000]
3224	12	012002	012000	81	6.0	1.0	0,000	true	[012002, 012001, 012005, 012007, 012006, 012003, 012000]
3225	12	012002	012000	82	6.0	1.0	0,000	true	[012002, 012001, 012005, 012007, 012006, 012004, 012003, 012000]
3226	12	012002	012000	83	7.0	2.0	0,002	true	[012002, 012001, 012006, 012003, 012000]
3227	12	012002	012000	84	7.0	1.0	0,000	true	[012002, 012001, 012006, 012003, 012004, 012007, 012000]
3228	12	012002	012000	85	6.0	1.0	0,000	true	[012002, 012001, 012006, 012003, 012004, 012007, 012005, 012000]
3229	12	012002	012000	86	7.0	2.0	0,001	true	[012002, 012001, 012006, 012003, 012005, 012000]
3230	12	012002	012000	87	6.0	2.0	0,000	true	[012002, 012001, 012006, 012003, 012005, 012007, 012000]
3231	12	012002	012000	88	7.0	2.0	0,000	true	[012002, 012001, 012006, 012003, 012007, 012000]
3232	12	012002	012000	89	6.0	2.0	0,000	true	[012002, 012001, 012006, 012003, 012007, 012005, 012000]
3233	12	012002	012000	90	9.0	2.0	0,000	true	[012002, 012001, 012006, 012004, 012003, 012000]
3234	12	012002	012000	91	9.0	2.0	0,000	true	[012002, 012001, 012006, 012004, 012003, 012005, 012000]
3235	12	012002	012000	92	6.0	2.0	0,000	true	[012002, 012001, 012006, 012004, 012003, 012005, 012007, 012000]
3236	12	012002	012000	93	9.0	2.0	0,000	true	[012002, 012001, 012006, 012004, 012003, 012007, 012000]
3237	12	012002	012000	94	6.0	2.0	0,000	true	[012002, 012001, 012006, 012004, 012003, 012007, 012005, 012000]
3238	12	012002	012000	95	9.0	1.0	0,001	true	[012002, 012001, 012006, 012004, 012007, 012000]
3239	12	012002	012000	96	9.0	1.0	0,000	true	[012002, 012001, 012006, 012004, 012007, 012003, 012000]
3240	12	012002	012000	97	9.0	1.0	0,000	true	[012002, 012001, 012006, 012004, 012007, 012003, 012005, 012000]
3241	12	012002	012000	98	6.0	1.0	0,000	true	[012002, 012001, 012006, 012004, 012007, 012005, 012000]
3242	12	012002	012000	99	6.0	1.0	0,000	true	[012002, 012001, 012006, 012004, 012007, 012005, 012003, 012000]
3243	12	012002	012000	100	9.0	3.0	0,001	true	[012002, 012001, 012006, 012005, 012000]
3244	13	013007	013001	0	6.0	3.0	0,009	true	[013007, 013002, 013001]
3245	13	013007	013001	1	6.0	1.0	0,000	true	[013007, 013002, 013003, 013000, 013004, 013001]
3246	13	013007	013001	2	6.0	1.0	0,000	true	[013007, 013002, 013003, 013000, 013004, 013005, 013001]
3247	13	013007	013001	3	6.0	1.0	0,000	true	[013007, 013002, 013003, 013000, 013004, 013006, 013005, 013001]
3248	13	013007	013001	4	6.0	1.0	0,000	true	[013007, 013002, 013003, 013000, 013005, 013001]
3249	13	013007	013001	5	6.0	1.0	0,000	true	[013007, 013002, 013003, 013000, 013005, 013004, 013001]
3250	13	013007	013001	6	6.0	1.0	0,000	true	[013007, 013002, 013003, 013000, 013005, 013006, 013004, 013001]
3251	13	013007	013001	7	6.0	2.0	0,000	true	[013007, 013002, 013003, 013000, 013006, 013004, 013001]
3252	13	013007	013001	8	6.0	2.0	0,000	true	[013007, 013002, 013003, 013000, 013006, 013004, 013005, 013001]
3253	13	013007	013001	9	6.0	3.0	0,000	true	[013007, 013002, 013003, 013000, 013006, 013005, 013001]
3254	13	013007	013001	10	6.0	3.0	0,000	true	[013007, 013002, 013003, 013000, 013006, 013005, 013004, 013001]
3255	13	013007	013001	11	5.0	3.0	0,000	true	[013007, 013002, 013003, 013001]
3256	13	013007	013001	12	6.0	1.0	0,000	true	[013007, 013002, 013003, 013005, 013000, 013004, 013001]
3257	13	013007	013001	13	6.0	1.0	0,000	true	[013007, 013002, 013003, 013005, 013000, 013006, 013004, 013001]
3258	13	013007	013001	14	6.0	3.0	0,000	true	[013007, 013002, 013003, 013005, 013001]
3259	13	013007	013001	15	6.0	3.0	0,000	true	[013007, 013002, 013003, 013005, 013004, 013001]
3260	13	013007	013001	16	6.0	1.0	0,000	true	[013007, 013002, 013003, 013005, 013006, 013000, 013004, 013001]
3261	13	013007	013001	17	6.0	2.0	0,000	true	[013007, 013002, 013003, 013005, 013006, 013004, 013001]
3262	13	013007	013001	18	5.0	1.0	0,000	true	[013007, 013002, 013003, 013006, 013000, 013004, 013001]
3263	13	013007	013001	19	5.0	1.0	0,000	true	[013007, 013002, 013003, 013006, 013000, 013004, 013005, 013001]
3264	13	013007	013001	20	5.0	1.0	0,000	true	[013007, 013002, 013003, 013006, 013000, 013005, 013001]
3265	13	013007	013001	21	5.0	1.0	0,000	true	[013007, 013002, 013003, 013006, 013000, 013005, 013004, 013001]
3266	13	013007	013001	22	5.0	1.0	0,000	true	[013007, 013002, 013003, 013006, 013004, 013000, 013005, 013001]
3267	13	013007	013001	23	5.0	2.0	0,000	true	[013007, 013002, 013003, 013006, 013004, 013001]
3268	13	013007	013001	24	5.0	2.0	0,000	true	[013007, 013002, 013003, 013006, 013004, 013005, 013001]
3269	13	013007	013001	25	5.0	1.0	0,000	true	[013007, 013002, 013003, 013006, 013005, 013000, 013004, 013001]
3270	13	013007	013001	26	5.0	3.0	0,000	true	[013007, 013002, 013003, 013006, 013005, 013001]
3271	13	013007	013001	27	5.0	3.0	0,000	true	[013007, 013002, 013003, 013006, 013005, 013004, 013001]
3272	13	013007	013001	28	5.0	1.0	0,000	true	[013007, 013002, 013005, 013000, 013003, 013001]
3273	13	013007	013001	29	5.0	1.0	0,000	true	[013007, 013002, 013005, 013000, 013003, 013006, 013004, 013001]
3274	13	013007	013001	30	6.0	1.0	0,000	true	[013007, 013002, 013005, 013000, 013004, 013001]
3275	13	013007	013001	31	5.0	1.0	0,000	true	[013007, 013002, 013005, 013000, 013004, 013006, 013003, 013001]
3276	13	013007	013001	32	5.0	1.0	0,000	true	[013007, 013002, 013005, 013000, 013006, 013003, 013001]
3277	13	013007	013001	33	7.0	1.0	0,000	true	[013007, 013002, 013005, 013000, 013006, 013004, 013001]
3278	13	013007	013001	34	9.0	3.0	0,001	true	[013007, 013002, 013005, 013001]
3279	13	013007	013001	35	6.0	1.0	0,000	true	[013007, 013002, 013005, 013003, 013000, 013004, 013001]
3280	13	013007	013001	36	7.0	2.0	0,000	true	[013007, 013002, 013005, 013003, 013000, 013006, 013004, 013001]
3281	13	013007	013001	37	5.0	3.0	0,000	true	[013007, 013002, 013005, 013003, 013001]
3282	13	013007	013001	38	5.0	1.0	0,000	true	[013007, 013002, 013005, 013003, 013006, 013000, 013004, 013001]
3283	13	013007	013001	39	5.0	2.0	0,000	true	[013007, 013002, 013005, 013003, 013006, 013004, 013001]
3284	13	013007	013001	40	5.0	1.0	0,000	true	[013007, 013002, 013005, 013004, 013000, 013003, 013001]
3285	13	013007	013001	41	5.0	1.0	0,000	true	[013007, 013002, 013005, 013004, 013000, 013006, 013003, 013001]
3286	13	013007	013001	42	8.0	3.0	0,000	true	[013007, 013002, 013005, 013004, 013001]
3287	13	013007	013001	43	5.0	2.0	0,000	true	[013007, 013002, 013005, 013004, 013006, 013000, 013003, 013001]
3288	13	013007	013001	44	5.0	2.0	0,000	true	[013007, 013002, 013005, 013004, 013006, 013003, 013001]
3289	13	013007	013001	45	5.0	3.0	0,000	true	[013007, 013002, 013005, 013006, 013000, 013003, 013001]
3290	13	013007	013001	46	6.0	1.0	0,000	true	[013007, 013002, 013005, 013006, 013000, 013004, 013001]
3291	13	013007	013001	47	5.0	1.0	0,000	true	[013007, 013002, 013005, 013006, 013003, 013000, 013004, 013001]
3292	13	013007	013001	48	5.0	3.0	0,000	true	[013007, 013002, 013005, 013006, 013003, 013001]
3293	13	013007	013001	49	5.0	1.0	0,000	true	[013007, 013002, 013005, 013006, 013004, 013000, 013003, 013001]
3294	13	013007	013001	50	8.0	2.0	0,000	true	[013007, 013002, 013005, 013006, 013004, 013001]
3295	13	013007	013001	51	5.0	3.0	0,000	true	[013007, 013002, 013006, 013000, 013003, 013001]
3296	13	013007	013001	52	7.0	3.0	0,000	true	[013007, 013002, 013006, 013000, 013003, 013005, 013001]
3297	13	013007	013001	53	7.0	3.0	0,000	true	[013007, 013002, 013006, 013000, 013003, 013005, 013004, 013001]
3298	13	013007	013001	54	6.0	1.0	0,000	true	[013007, 013002, 013006, 013000, 013004, 013001]
3299	13	013007	013001	55	6.0	1.0	0,000	true	[013007, 013002, 013006, 013000, 013004, 013005, 013001]
3300	13	013007	013001	56	5.0	1.0	0,000	true	[013007, 013002, 013006, 013000, 013004, 013005, 013003, 013001]
3301	13	013007	013001	57	7.0	1.0	0,000	true	[013007, 013002, 013006, 013000, 013005, 013001]
3302	13	013007	013001	58	5.0	1.0	0,000	true	[013007, 013002, 013006, 013000, 013005, 013003, 013001]
3303	13	013007	013001	59	7.0	1.0	0,000	true	[013007, 013002, 013006, 013000, 013005, 013004, 013001]
3304	13	013007	013001	60	5.0	1.0	0,000	true	[013007, 013002, 013006, 013003, 013000, 013004, 013001]
3305	13	013007	013001	61	5.0	1.0	0,000	true	[013007, 013002, 013006, 013003, 013000, 013004, 013005, 013001]
3306	13	013007	013001	62	5.0	1.0	0,000	true	[013007, 013002, 013006, 013003, 013000, 013005, 013001]
3307	13	013007	013001	63	5.0	1.0	0,000	true	[013007, 013002, 013006, 013003, 013000, 013005, 013004, 013001]
3308	13	013007	013001	64	5.0	3.0	0,001	true	[013007, 013002, 013006, 013003, 013001]
3309	13	013007	013001	65	5.0	1.0	0,000	true	[013007, 013002, 013006, 013003, 013005, 013000, 013004, 013001]
3310	13	013007	013001	66	5.0	3.0	0,000	true	[013007, 013002, 013006, 013003, 013005, 013001]
3311	13	013007	013001	67	5.0	3.0	0,000	true	[013007, 013002, 013006, 013003, 013005, 013004, 013001]
3312	13	013007	013001	68	5.0	1.0	0,000	true	[013007, 013002, 013006, 013004, 013000, 013003, 013001]
3313	13	013007	013001	69	6.0	1.0	0,000	true	[013007, 013002, 013006, 013004, 013000, 013003, 013005, 013001]
3314	13	013007	013001	70	6.0	1.0	0,000	true	[013007, 013002, 013006, 013004, 013000, 013005, 013001]
3315	13	013007	013001	71	5.0	1.0	0,000	true	[013007, 013002, 013006, 013004, 013000, 013005, 013003, 013001]
3316	13	013007	013001	72	8.0	2.0	0,002	true	[013007, 013002, 013006, 013004, 013001]
3317	13	013007	013001	73	5.0	1.0	0,000	true	[013007, 013002, 013006, 013004, 013005, 013000, 013003, 013001]
3318	13	013007	013001	74	8.0	2.0	0,000	true	[013007, 013002, 013006, 013004, 013005, 013001]
3319	13	013007	013001	75	5.0	2.0	0,000	true	[013007, 013002, 013006, 013004, 013005, 013003, 013001]
3320	13	013007	013001	76	5.0	1.0	0,000	true	[013007, 013002, 013006, 013005, 013000, 013003, 013001]
3321	13	013007	013001	77	6.0	1.0	0,000	true	[013007, 013002, 013006, 013005, 013000, 013004, 013001]
3322	13	013007	013001	78	10.0	3.0	0,000	true	[013007, 013002, 013006, 013005, 013001]
3323	13	013007	013001	79	6.0	1.0	0,000	true	[013007, 013002, 013006, 013005, 013003, 013000, 013004, 013001]
3324	13	013007	013001	80	5.0	3.0	0,000	true	[013007, 013002, 013006, 013005, 013003, 013001]
3325	13	013007	013001	81	5.0	1.0	0,000	true	[013007, 013002, 013006, 013005, 013004, 013000, 013003, 013001]
3326	13	013007	013001	82	8.0	3.0	0,000	true	[013007, 013002, 013006, 013005, 013004, 013001]
3327	13	013007	013001	83	5.0	1.0	0,005	true	[013007, 013003, 013000, 013004, 013001]
3328	13	013007	013001	84	5.0	1.0	0,000	true	[013007, 013003, 013000, 013004, 013005, 013001]
3329	13	013007	013001	85	5.0	1.0	0,000	true	[013007, 013003, 013000, 013004, 013005, 013002, 013001]
3330	13	013007	013001	86	5.0	1.0	0,000	true	[013007, 013003, 013000, 013004, 013005, 013006, 013002, 013001]
3331	13	013007	013001	87	5.0	1.0	0,001	true	[013007, 013003, 013000, 013004, 013006, 013002, 013001]
3332	13	013007	013001	88	5.0	1.0	0,000	true	[013007, 013003, 013000, 013004, 013006, 013002, 013005, 013001]
3333	13	013007	013001	89	5.0	1.0	0,000	true	[013007, 013003, 013000, 013004, 013006, 013005, 013001]
3334	13	013007	013001	90	5.0	1.0	0,000	true	[013007, 013003, 013000, 013004, 013006, 013005, 013002, 013001]
3335	13	013007	013001	91	5.0	1.0	0,001	true	[013007, 013003, 013000, 013005, 013001]
3336	13	013007	013001	92	5.0	1.0	0,000	true	[013007, 013003, 013000, 013005, 013002, 013001]
3337	13	013007	013001	93	5.0	1.0	0,000	true	[013007, 013003, 013000, 013005, 013002, 013006, 013004, 013001]
3338	13	013007	013001	94	5.0	1.0	0,000	true	[013007, 013003, 013000, 013005, 013004, 013001]
3339	13	013007	013001	95	5.0	1.0	0,000	true	[013007, 013003, 013000, 013005, 013004, 013006, 013002, 013001]
3340	13	013007	013001	96	5.0	1.0	0,000	true	[013007, 013003, 013000, 013005, 013006, 013002, 013001]
3341	13	013007	013001	97	5.0	1.0	0,000	true	[013007, 013003, 013000, 013005, 013006, 013004, 013001]
3342	13	013007	013001	98	5.0	3.0	0,001	true	[013007, 013003, 013000, 013006, 013002, 013001]
3343	13	013007	013001	99	5.0	3.0	0,000	true	[013007, 013003, 013000, 013006, 013002, 013005, 013001]
3344	13	013007	013001	100	5.0	3.0	0,000	true	[013007, 013003, 013000, 013006, 013002, 013005, 013004, 013001]
3345	13	013007	013001	101	5.0	3.0	0,024	true	[013007, 013003, 013001]
3346	-1	000000	001005	0	85.0	8.0	997,000	true	[000000, 001005]
3347	-1	000006	002001	0	55.0	4.0	996,000	true	[000006, 002001]
3348	-1	000004	007003	0	95.0	7.0	997,000	true	[000004, 007003]
3349	-1	001003	002003	0	85.0	4.0	995,000	true	[001003, 002003]
3350	-1	001000	003002	0	95.0	1.0	997,000	true	[001000, 003002]
3351	-1	002002	005002	0	75.0	6.0	996,000	true	[002002, 005002]
3352	-1	003007	004007	0	90.0	1.0	998,000	true	[003007, 004007]
3353	-1	003005	010006	0	70.0	3.0	997,000	true	[003005, 010006]
3354	-1	004001	005006	0	55.0	5.0	995,000	true	[004001, 005006]
3355	-1	004003	006000	0	95.0	2.0	997,000	true	[004003, 006000]
3356	-1	005004	009006	0	85.0	8.0	996,000	true	[005004, 009006]
3357	-1	005005	012002	0	75.0	4.0	995,000	true	[005005, 012002]
3358	-1	006004	007001	0	70.0	8.0	997,000	true	[006004, 007001]
3359	-1	007004	008006	0	80.0	1.0	997,000	true	[007004, 008006]
3360	-1	008004	009004	0	100.0	9.0	998,000	true	[008004, 009004]
3361	-1	008005	011000	0	75.0	5.0	998,000	true	[008005, 011000]
3362	-1	008003	013007	0	60.0	7.0	997,000	true	[008003, 013007]
3363	-1	010007	011001	0	90.0	3.0	997,000	true	[010007, 011001]
3364	-1	010001	013001	0	95.0	8.0	996,000	true	[010001, 013001]
3365	-1	011007	013003	0	55.0	1.0	995,000	true	[011007, 013003]
3366	-1	012000	013000	0	80.0	7.0	996,000	true	[012000, 013000]
