TransactionId	ASId	Ingress	Egress	PathletId	Bandwidth	Delay	Reliability	Status	Full Path
4825	0	000008	000003	0	6.0	1.0	0,003	true	[000008, 000000, 000002, 000001, 000003]
4826	0	000008	000003	1	5.0	1.0	0,000	true	[000008, 000000, 000002, 000001, 000005, 000003]
4827	0	000008	000003	2	5.0	1.0	0,000	true	[000008, 000000, 000002, 000001, 000005, 000004, 000006, 000003]
4828	0	000008	000003	3	5.0	1.0	0,000	true	[000008, 000000, 000002, 000001, 000005, 000004, 000009, 000003]
4829	0	000008	000003	4	5.0	1.0	0,000	true	[000008, 000000, 000002, 000001, 000005, 000006, 000003]
4830	0	000008	000003	5	5.0	1.0	0,000	true	[000008, 000000, 000002, 000001, 000005, 000006, 000004, 000009, 000003]
4831	0	000008	000003	6	5.0	1.0	0,000	true	[000008, 000000, 000002, 000001, 000005, 000007, 000009, 000003]
4832	0	000008	000003	7	5.0	1.0	0,000	true	[000008, 000000, 000002, 000001, 000005, 000007, 000009, 000004, 000006, 000003]
4833	0	000008	000003	8	5.0	1.0	0,000	true	[000008, 000000, 000002, 000001, 000005, 000009, 000003]
4834	0	000008	000003	9	5.0	1.0	0,000	true	[000008, 000000, 000002, 000001, 000005, 000009, 000004, 000006, 000003]
4835	0	000008	000003	10	6.0	1.0	0,000	true	[000008, 000000, 000002, 000001, 000009, 000003]
4836	0	000008	000003	11	5.0	1.0	0,000	true	[000008, 000000, 000002, 000001, 000009, 000004, 000005, 000003]
4837	0	000008	000003	12	5.0	1.0	0,000	true	[000008, 000000, 000002, 000001, 000009, 000004, 000005, 000006, 000003]
4838	0	000008	000003	13	5.0	1.0	0,000	true	[000008, 000000, 000002, 000001, 000009, 000004, 000006, 000003]
4839	0	000008	000003	14	5.0	1.0	0,000	true	[000008, 000000, 000002, 000001, 000009, 000004, 000006, 000005, 000003]
4840	0	000008	000003	15	6.0	1.0	0,000	true	[000008, 000000, 000002, 000001, 000009, 000005, 000003]
4841	0	000008	000003	16	5.0	1.0	0,000	true	[000008, 000000, 000002, 000001, 000009, 000005, 000004, 000006, 000003]
4842	0	000008	000003	17	6.0	1.0	0,000	true	[000008, 000000, 000002, 000001, 000009, 000005, 000006, 000003]
4843	0	000008	000003	18	6.0	1.0	0,000	true	[000008, 000000, 000002, 000001, 000009, 000007, 000005, 000003]
4844	0	000008	000003	19	5.0	1.0	0,000	true	[000008, 000000, 000002, 000001, 000009, 000007, 000005, 000004, 000006, 000003]
4845	0	000008	000003	20	6.0	1.0	0,000	true	[000008, 000000, 000002, 000001, 000009, 000007, 000005, 000006, 000003]
4846	0	000008	000003	21	5.0	1.0	0,000	true	[000008, 000000, 000002, 000004, 000005, 000001, 000003]
4847	0	000008	000003	22	5.0	1.0	0,000	true	[000008, 000000, 000002, 000004, 000005, 000001, 000009, 000003]
4848	0	000008	000003	23	5.0	1.0	0,000	true	[000008, 000000, 000002, 000004, 000005, 000003]
4849	0	000008	000003	24	5.0	1.0	0,000	true	[000008, 000000, 000002, 000004, 000005, 000006, 000003]
4850	0	000008	000003	25	5.0	1.0	0,000	true	[000008, 000000, 000002, 000004, 000005, 000007, 000009, 000001, 000003]
4851	0	000008	000003	26	5.0	1.0	0,000	true	[000008, 000000, 000002, 000004, 000005, 000007, 000009, 000003]
4852	0	000008	000003	27	5.0	1.0	0,000	true	[000008, 000000, 000002, 000004, 000005, 000009, 000001, 000003]
4853	0	000008	000003	28	5.0	1.0	0,000	true	[000008, 000000, 000002, 000004, 000005, 000009, 000003]
4854	0	000008	000003	29	5.0	1.0	0,000	true	[000008, 000000, 000002, 000004, 000006, 000003]
4855	0	000008	000003	30	5.0	1.0	0,000	true	[000008, 000000, 000002, 000004, 000006, 000005, 000001, 000003]
4856	0	000008	000003	31	5.0	1.0	0,000	true	[000008, 000000, 000002, 000004, 000006, 000005, 000001, 000009, 000003]
4857	0	000008	000003	32	5.0	1.0	0,000	true	[000008, 000000, 000002, 000004, 000006, 000005, 000003]
4858	0	000008	000003	33	5.0	1.0	0,000	true	[000008, 000000, 000002, 000004, 000006, 000005, 000007, 000009, 000001, 000003]
4859	0	000008	000003	34	5.0	1.0	0,000	true	[000008, 000000, 000002, 000004, 000006, 000005, 000007, 000009, 000003]
4860	0	000008	000003	35	5.0	1.0	0,000	true	[000008, 000000, 000002, 000004, 000006, 000005, 000009, 000001, 000003]
4861	0	000008	000003	36	5.0	1.0	0,000	true	[000008, 000000, 000002, 000004, 000006, 000005, 000009, 000003]
4862	0	000008	000003	37	5.0	1.0	0,000	true	[000008, 000000, 000002, 000004, 000009, 000001, 000003]
4863	0	000008	000003	38	5.0	1.0	0,000	true	[000008, 000000, 000002, 000004, 000009, 000001, 000005, 000003]
4864	0	000008	000003	39	5.0	1.0	0,000	true	[000008, 000000, 000002, 000004, 000009, 000001, 000005, 000006, 000003]
4865	0	000008	000003	40	5.0	1.0	0,000	true	[000008, 000000, 000002, 000004, 000009, 000003]
4866	0	000008	000003	41	5.0	1.0	0,000	true	[000008, 000000, 000002, 000004, 000009, 000005, 000001, 000003]
4867	0	000008	000003	42	5.0	1.0	0,000	true	[000008, 000000, 000002, 000004, 000009, 000005, 000003]
4868	0	000008	000003	43	5.0	1.0	0,000	true	[000008, 000000, 000002, 000004, 000009, 000005, 000006, 000003]
4869	0	000008	000003	44	5.0	1.0	0,000	true	[000008, 000000, 000002, 000004, 000009, 000007, 000005, 000001, 000003]
4870	0	000008	000003	45	5.0	1.0	0,000	true	[000008, 000000, 000002, 000004, 000009, 000007, 000005, 000003]
4871	0	000008	000003	46	5.0	1.0	0,000	true	[000008, 000000, 000002, 000004, 000009, 000007, 000005, 000006, 000003]
4872	0	000008	000003	47	5.0	1.0	0,001	true	[000008, 000000, 000002, 000005, 000001, 000003]
4873	0	000008	000003	48	5.0	1.0	0,000	true	[000008, 000000, 000002, 000005, 000001, 000009, 000003]
4874	0	000008	000003	49	5.0	1.0	0,000	true	[000008, 000000, 000002, 000005, 000001, 000009, 000004, 000006, 000003]
4875	0	000008	000003	50	8.0	1.0	0,002	true	[000008, 000000, 000002, 000005, 000003]
4876	0	000008	000003	51	5.0	1.0	0,000	true	[000008, 000000, 000002, 000005, 000004, 000006, 000003]
4877	0	000008	000003	52	5.0	1.0	0,000	true	[000008, 000000, 000002, 000005, 000004, 000009, 000001, 000003]
4878	0	000008	000003	53	5.0	1.0	0,000	true	[000008, 000000, 000002, 000005, 000004, 000009, 000003]
4879	0	000008	000003	54	8.0	1.0	0,000	true	[000008, 000000, 000002, 000005, 000006, 000003]
4880	0	000008	000003	55	5.0	1.0	0,000	true	[000008, 000000, 000002, 000005, 000006, 000004, 000009, 000001, 000003]
4881	0	000008	000003	56	5.0	1.0	0,000	true	[000008, 000000, 000002, 000005, 000006, 000004, 000009, 000003]
4882	0	000008	000003	57	7.0	1.0	0,000	true	[000008, 000000, 000002, 000005, 000007, 000009, 000001, 000003]
4883	0	000008	000003	58	8.0	1.0	0,000	true	[000008, 000000, 000002, 000005, 000007, 000009, 000003]
4884	0	000008	000003	59	5.0	1.0	0,000	true	[000008, 000000, 000002, 000005, 000007, 000009, 000004, 000006, 000003]
4885	0	000008	000003	60	7.0	1.0	0,000	true	[000008, 000000, 000002, 000005, 000009, 000001, 000003]
4886	0	000008	000003	61	8.0	1.0	0,000	true	[000008, 000000, 000002, 000005, 000009, 000003]
4887	0	000008	000003	62	5.0	1.0	0,000	true	[000008, 000000, 000002, 000005, 000009, 000004, 000006, 000003]
4888	0	000008	000003	63	5.0	1.0	0,000	true	[000008, 000000, 000002, 000007, 000005, 000001, 000003]
4889	0	000008	000003	64	5.0	1.0	0,000	true	[000008, 000000, 000002, 000007, 000005, 000001, 000009, 000003]
4890	0	000008	000003	65	5.0	1.0	0,000	true	[000008, 000000, 000002, 000007, 000005, 000001, 000009, 000004, 000006, 000003]
4891	0	000008	000003	66	5.0	1.0	0,000	true	[000008, 000000, 000002, 000007, 000005, 000003]
4892	0	000008	000003	67	5.0	1.0	0,000	true	[000008, 000000, 000002, 000007, 000005, 000004, 000006, 000003]
4893	0	000008	000003	68	5.0	1.0	0,000	true	[000008, 000000, 000002, 000007, 000005, 000004, 000009, 000001, 000003]
4894	0	000008	000003	69	5.0	1.0	0,000	true	[000008, 000000, 000002, 000007, 000005, 000004, 000009, 000003]
4895	0	000008	000003	70	5.0	1.0	0,000	true	[000008, 000000, 000002, 000007, 000005, 000006, 000003]
4896	0	000008	000003	71	5.0	1.0	0,000	true	[000008, 000000, 000002, 000007, 000005, 000006, 000004, 000009, 000001, 000003]
4897	0	000008	000003	72	5.0	1.0	0,000	true	[000008, 000000, 000002, 000007, 000005, 000006, 000004, 000009, 000003]
4898	0	000008	000003	73	5.0	1.0	0,000	true	[000008, 000000, 000002, 000007, 000005, 000009, 000001, 000003]
4899	0	000008	000003	74	5.0	1.0	0,000	true	[000008, 000000, 000002, 000007, 000005, 000009, 000003]
4900	0	000008	000003	75	5.0	1.0	0,000	true	[000008, 000000, 000002, 000007, 000005, 000009, 000004, 000006, 000003]
4901	0	000008	000003	76	5.0	1.0	0,000	true	[000008, 000000, 000002, 000007, 000009, 000001, 000003]
4902	0	000008	000003	77	5.0	1.0	0,000	true	[000008, 000000, 000002, 000007, 000009, 000001, 000005, 000003]
4903	0	000008	000003	78	5.0	1.0	0,000	true	[000008, 000000, 000002, 000007, 000009, 000001, 000005, 000004, 000006, 000003]
4904	0	000008	000003	79	5.0	1.0	0,000	true	[000008, 000000, 000002, 000007, 000009, 000001, 000005, 000006, 000003]
4905	0	000008	000003	80	5.0	1.0	0,001	true	[000008, 000000, 000002, 000007, 000009, 000003]
4906	0	000008	000003	81	5.0	1.0	0,000	true	[000008, 000000, 000002, 000007, 000009, 000004, 000005, 000001, 000003]
4907	0	000008	000003	82	5.0	1.0	0,000	true	[000008, 000000, 000002, 000007, 000009, 000004, 000005, 000003]
4908	0	000008	000003	83	5.0	1.0	0,000	true	[000008, 000000, 000002, 000007, 000009, 000004, 000005, 000006, 000003]
4909	0	000008	000003	84	5.0	1.0	0,000	true	[000008, 000000, 000002, 000007, 000009, 000004, 000006, 000003]
4910	0	000008	000003	85	5.0	1.0	0,000	true	[000008, 000000, 000002, 000007, 000009, 000004, 000006, 000005, 000001, 000003]
4911	0	000008	000003	86	5.0	1.0	0,000	true	[000008, 000000, 000002, 000007, 000009, 000004, 000006, 000005, 000003]
4912	0	000008	000003	87	5.0	1.0	0,000	true	[000008, 000000, 000002, 000007, 000009, 000005, 000001, 000003]
4913	0	000008	000003	88	5.0	1.0	0,000	true	[000008, 000000, 000002, 000007, 000009, 000005, 000003]
4914	0	000008	000003	89	5.0	1.0	0,000	true	[000008, 000000, 000002, 000007, 000009, 000005, 000004, 000006, 000003]
4915	0	000008	000003	90	5.0	1.0	0,000	true	[000008, 000000, 000002, 000007, 000009, 000005, 000006, 000003]
4916	0	000008	000003	91	7.0	1.0	0,002	true	[000008, 000000, 000002, 000009, 000001, 000003]
4917	0	000008	000003	92	5.0	1.0	0,000	true	[000008, 000000, 000002, 000009, 000001, 000005, 000003]
4918	0	000008	000003	93	5.0	1.0	0,000	true	[000008, 000000, 000002, 000009, 000001, 000005, 000004, 000006, 000003]
4919	0	000008	000003	94	5.0	1.0	0,000	true	[000008, 000000, 000002, 000009, 000001, 000005, 000006, 000003]
4920	0	000008	000003	95	8.0	1.0	0,004	true	[000008, 000000, 000002, 000009, 000003]
4921	0	000008	000003	96	5.0	1.0	0,000	true	[000008, 000000, 000002, 000009, 000004, 000005, 000001, 000003]
4922	0	000008	000003	97	5.0	1.0	0,000	true	[000008, 000000, 000002, 000009, 000004, 000005, 000003]
4923	0	000008	000003	98	5.0	1.0	0,000	true	[000008, 000000, 000002, 000009, 000004, 000005, 000006, 000003]
4924	0	000008	000003	99	5.0	1.0	0,000	true	[000008, 000000, 000002, 000009, 000004, 000006, 000003]
4925	0	000008	000003	100	5.0	1.0	0,000	true	[000008, 000000, 000002, 000009, 000004, 000006, 000005, 000001, 000003]
4926	0	000008	000003	101	5.0	1.0	0,000	true	[000008, 000000, 000002, 000009, 000004, 000006, 000005, 000003]
4927	0	000008	000003	102	8.0	1.0	0,028	true	[000008, 000000, 000003]
4928	0	000008	000003	103	15.0	5.0	0,000	true	[000008, 000003]
4929	1	001006	001007	0	5.0	1.0	0,000	true	[001006, 001000, 001001, 001002, 001003, 001004, 001009, 001007]
4930	1	001006	001007	1	5.0	1.0	0,000	true	[001006, 001000, 001001, 001002, 001003, 001005, 001004, 001009, 001007]
4931	1	001006	001007	2	5.0	1.0	0,000	true	[001006, 001000, 001001, 001002, 001003, 001009, 001007]
4932	1	001006	001007	3	5.0	1.0	0,000	true	[001006, 001000, 001001, 001002, 001004, 001003, 001009, 001007]
4933	1	001006	001007	4	5.0	1.0	0,000	true	[001006, 001000, 001001, 001002, 001004, 001005, 001003, 001009, 001007]
4934	1	001006	001007	5	5.0	1.0	0,000	true	[001006, 001000, 001001, 001002, 001004, 001009, 001007]
4935	1	001006	001007	6	5.0	1.0	0,000	true	[001006, 001000, 001001, 001002, 001005, 001003, 001004, 001009, 001007]
4936	1	001006	001007	7	5.0	1.0	0,000	true	[001006, 001000, 001001, 001002, 001005, 001003, 001009, 001007]
4937	1	001006	001007	8	5.0	1.0	0,000	true	[001006, 001000, 001001, 001002, 001005, 001004, 001003, 001009, 001007]
4938	1	001006	001007	9	5.0	1.0	0,000	true	[001006, 001000, 001001, 001002, 001005, 001004, 001009, 001007]
4939	1	001006	001007	10	5.0	2.0	0,001	true	[001006, 001000, 001001, 001002, 001007]
4940	1	001006	001007	11	5.0	1.0	0,000	true	[001006, 001000, 001001, 001003, 001002, 001004, 001009, 001007]
4941	1	001006	001007	12	5.0	1.0	0,000	true	[001006, 001000, 001001, 001003, 001002, 001005, 001004, 001009, 001007]
4942	1	001006	001007	13	5.0	2.0	0,000	true	[001006, 001000, 001001, 001003, 001002, 001007]
4943	1	001006	001007	14	5.0	2.0	0,000	true	[001006, 001000, 001001, 001003, 001004, 001002, 001007]
4944	1	001006	001007	15	5.0	1.0	0,000	true	[001006, 001000, 001001, 001003, 001004, 001005, 001002, 001007]
4945	1	001006	001007	16	5.0	1.0	0,000	true	[001006, 001000, 001001, 001003, 001004, 001009, 001007]
4946	1	001006	001007	17	5.0	1.0	0,000	true	[001006, 001000, 001001, 001003, 001005, 001002, 001004, 001009, 001007]
4947	1	001006	001007	18	5.0	2.0	0,000	true	[001006, 001000, 001001, 001003, 001005, 001002, 001007]
4948	1	001006	001007	19	5.0	1.0	0,000	true	[001006, 001000, 001001, 001003, 001005, 001004, 001002, 001007]
4949	1	001006	001007	20	5.0	1.0	0,000	true	[001006, 001000, 001001, 001003, 001005, 001004, 001009, 001007]
4950	1	001006	001007	21	5.0	2.0	0,000	true	[001006, 001000, 001001, 001003, 001009, 001004, 001002, 001007]
4951	1	001006	001007	22	5.0	1.0	0,000	true	[001006, 001000, 001001, 001003, 001009, 001004, 001005, 001002, 001007]
4952	1	001006	001007	23	5.0	1.0	0,000	true	[001006, 001000, 001001, 001003, 001009, 001007]
4953	1	001006	001007	24	5.0	1.0	0,000	true	[001006, 001000, 001001, 001004, 001002, 001003, 001009, 001007]
4954	1	001006	001007	25	5.0	1.0	0,000	true	[001006, 001000, 001001, 001004, 001002, 001005, 001003, 001009, 001007]
4955	1	001006	001007	26	5.0	2.0	0,000	true	[001006, 001000, 001001, 001004, 001002, 001007]
4956	1	001006	001007	27	5.0	2.0	0,000	true	[001006, 001000, 001001, 001004, 001003, 001002, 001007]
4957	1	001006	001007	28	5.0	2.0	0,000	true	[001006, 001000, 001001, 001004, 001003, 001005, 001002, 001007]
4958	1	001006	001007	29	5.0	1.0	0,000	true	[001006, 001000, 001001, 001004, 001003, 001009, 001007]
4959	1	001006	001007	30	5.0	1.0	0,000	true	[001006, 001000, 001001, 001004, 001005, 001002, 001003, 001009, 001007]
4960	1	001006	001007	31	5.0	1.0	0,000	true	[001006, 001000, 001001, 001004, 001005, 001002, 001007]
4961	1	001006	001007	32	5.0	1.0	0,000	true	[001006, 001000, 001001, 001004, 001005, 001003, 001002, 001007]
4962	1	001006	001007	33	5.0	1.0	0,000	true	[001006, 001000, 001001, 001004, 001005, 001003, 001009, 001007]
4963	1	001006	001007	34	5.0	2.0	0,000	true	[001006, 001000, 001001, 001004, 001009, 001003, 001002, 001007]
4964	1	001006	001007	35	5.0	2.0	0,000	true	[001006, 001000, 001001, 001004, 001009, 001003, 001005, 001002, 001007]
4965	1	001006	001007	36	5.0	1.0	0,000	true	[001006, 001000, 001001, 001004, 001009, 001007]
4966	1	001006	001007	37	5.0	1.0	0,000	true	[001006, 001000, 001001, 001005, 001002, 001003, 001004, 001009, 001007]
4967	1	001006	001007	38	5.0	1.0	0,000	true	[001006, 001000, 001001, 001005, 001002, 001003, 001009, 001007]
4968	1	001006	001007	39	5.0	1.0	0,000	true	[001006, 001000, 001001, 001005, 001002, 001004, 001003, 001009, 001007]
4969	1	001006	001007	40	5.0	1.0	0,000	true	[001006, 001000, 001001, 001005, 001002, 001004, 001009, 001007]
4970	1	001006	001007	41	5.0	2.0	0,000	true	[001006, 001000, 001001, 001005, 001002, 001007]
4971	1	001006	001007	42	5.0	1.0	0,000	true	[001006, 001000, 001001, 001005, 001003, 001002, 001004, 001009, 001007]
4972	1	001006	001007	43	5.0	2.0	0,000	true	[001006, 001000, 001001, 001005, 001003, 001002, 001007]
4973	1	001006	001007	44	5.0	2.0	0,000	true	[001006, 001000, 001001, 001005, 001003, 001004, 001002, 001007]
4974	1	001006	001007	45	5.0	1.0	0,000	true	[001006, 001000, 001001, 001005, 001003, 001004, 001009, 001007]
4975	1	001006	001007	46	5.0	2.0	0,000	true	[001006, 001000, 001001, 001005, 001003, 001009, 001004, 001002, 001007]
4976	1	001006	001007	47	5.0	1.0	0,000	true	[001006, 001000, 001001, 001005, 001003, 001009, 001007]
4977	1	001006	001007	48	5.0	1.0	0,000	true	[001006, 001000, 001001, 001005, 001004, 001002, 001003, 001009, 001007]
4978	1	001006	001007	49	5.0	1.0	0,000	true	[001006, 001000, 001001, 001005, 001004, 001002, 001007]
4979	1	001006	001007	50	5.0	1.0	0,000	true	[001006, 001000, 001001, 001005, 001004, 001003, 001002, 001007]
4980	1	001006	001007	51	5.0	1.0	0,000	true	[001006, 001000, 001001, 001005, 001004, 001003, 001009, 001007]
4981	1	001006	001007	52	5.0	1.0	0,000	true	[001006, 001000, 001001, 001005, 001004, 001009, 001003, 001002, 001007]
4982	1	001006	001007	53	5.0	1.0	0,000	true	[001006, 001000, 001001, 001005, 001004, 001009, 001007]
4983	1	001006	001007	54	5.0	1.0	0,000	true	[001006, 001000, 001001, 001008, 001005, 001002, 001003, 001004, 001009, 001007]
4984	1	001006	001007	55	5.0	1.0	0,000	true	[001006, 001000, 001001, 001008, 001005, 001002, 001003, 001009, 001007]
4985	1	001006	001007	56	5.0	1.0	0,000	true	[001006, 001000, 001001, 001008, 001005, 001002, 001004, 001003, 001009, 001007]
4986	1	001006	001007	57	5.0	1.0	0,000	true	[001006, 001000, 001001, 001008, 001005, 001002, 001004, 001009, 001007]
4987	1	001006	001007	58	5.0	1.0	0,000	true	[001006, 001000, 001001, 001008, 001005, 001002, 001007]
4988	1	001006	001007	59	5.0	1.0	0,000	true	[001006, 001000, 001001, 001008, 001005, 001003, 001002, 001004, 001009, 001007]
4989	1	001006	001007	60	5.0	1.0	0,000	true	[001006, 001000, 001001, 001008, 001005, 001003, 001002, 001007]
4990	1	001006	001007	61	5.0	1.0	0,000	true	[001006, 001000, 001001, 001008, 001005, 001003, 001004, 001002, 001007]
4991	1	001006	001007	62	5.0	1.0	0,000	true	[001006, 001000, 001001, 001008, 001005, 001003, 001004, 001009, 001007]
4992	1	001006	001007	63	5.0	1.0	0,000	true	[001006, 001000, 001001, 001008, 001005, 001003, 001009, 001004, 001002, 001007]
4993	1	001006	001007	64	5.0	1.0	0,000	true	[001006, 001000, 001001, 001008, 001005, 001003, 001009, 001007]
4994	1	001006	001007	65	5.0	1.0	0,000	true	[001006, 001000, 001001, 001008, 001005, 001004, 001002, 001003, 001009, 001007]
4995	1	001006	001007	66	5.0	1.0	0,000	true	[001006, 001000, 001001, 001008, 001005, 001004, 001002, 001007]
4996	1	001006	001007	67	5.0	1.0	0,000	true	[001006, 001000, 001001, 001008, 001005, 001004, 001003, 001002, 001007]
4997	1	001006	001007	68	5.0	1.0	0,000	true	[001006, 001000, 001001, 001008, 001005, 001004, 001003, 001009, 001007]
4998	1	001006	001007	69	5.0	1.0	0,000	true	[001006, 001000, 001001, 001008, 001005, 001004, 001009, 001003, 001002, 001007]
4999	1	001006	001007	70	5.0	1.0	0,000	true	[001006, 001000, 001001, 001008, 001005, 001004, 001009, 001007]
5000	1	001006	001007	71	5.0	1.0	0,000	true	[001006, 001000, 001003, 001001, 001002, 001004, 001009, 001007]
5001	1	001006	001007	72	5.0	1.0	0,000	true	[001006, 001000, 001003, 001001, 001002, 001005, 001004, 001009, 001007]
5002	1	001006	001007	73	5.0	1.0	0,000	true	[001006, 001000, 001003, 001001, 001002, 001007]
5003	1	001006	001007	74	5.0	1.0	0,000	true	[001006, 001000, 001003, 001001, 001004, 001002, 001007]
5004	1	001006	001007	75	5.0	1.0	0,000	true	[001006, 001000, 001003, 001001, 001004, 001005, 001002, 001007]
5005	1	001006	001007	76	5.0	1.0	0,000	true	[001006, 001000, 001003, 001001, 001004, 001009, 001007]
5006	1	001006	001007	77	5.0	1.0	0,000	true	[001006, 001000, 001003, 001001, 001005, 001002, 001004, 001009, 001007]
5007	1	001006	001007	78	5.0	1.0	0,000	true	[001006, 001000, 001003, 001001, 001005, 001002, 001007]
5008	1	001006	001007	79	5.0	1.0	0,000	true	[001006, 001000, 001003, 001001, 001005, 001004, 001002, 001007]
5009	1	001006	001007	80	5.0	1.0	0,000	true	[001006, 001000, 001003, 001001, 001005, 001004, 001009, 001007]
5010	1	001006	001007	81	5.0	1.0	0,000	true	[001006, 001000, 001003, 001001, 001008, 001005, 001002, 001004, 001009, 001007]
5011	1	001006	001007	82	5.0	1.0	0,000	true	[001006, 001000, 001003, 001001, 001008, 001005, 001002, 001007]
5012	1	001006	001007	83	5.0	1.0	0,000	true	[001006, 001000, 001003, 001001, 001008, 001005, 001004, 001002, 001007]
5013	1	001006	001007	84	5.0	1.0	0,000	true	[001006, 001000, 001003, 001001, 001008, 001005, 001004, 001009, 001007]
5014	1	001006	001007	85	6.0	1.0	0,000	true	[001006, 001000, 001003, 001002, 001001, 001004, 001009, 001007]
5015	1	001006	001007	86	6.0	1.0	0,000	true	[001006, 001000, 001003, 001002, 001001, 001005, 001004, 001009, 001007]
5016	1	001006	001007	87	5.0	1.0	0,000	true	[001006, 001000, 001003, 001002, 001001, 001008, 001005, 001004, 001009, 001007]
5017	1	001006	001007	88	9.0	1.0	0,000	true	[001006, 001000, 001003, 001002, 001004, 001009, 001007]
5018	1	001006	001007	89	6.0	1.0	0,000	true	[001006, 001000, 001003, 001002, 001005, 001001, 001004, 001009, 001007]
5019	1	001006	001007	90	9.0	1.0	0,000	true	[001006, 001000, 001003, 001002, 001005, 001004, 001009, 001007]
5020	1	001006	001007	91	5.0	1.0	0,000	true	[001006, 001000, 001003, 001002, 001005, 001008, 001001, 001004, 001009, 001007]
5021	1	001006	001007	92	8.0	1.0	0,003	true	[001006, 001000, 001003, 001002, 001007]
5022	1	001006	001007	93	6.0	1.0	0,000	true	[001006, 001000, 001003, 001004, 001001, 001002, 001007]
5023	1	001006	001007	94	6.0	1.0	0,000	true	[001006, 001000, 001003, 001004, 001001, 001005, 001002, 001007]
5024	1	001006	001007	95	5.0	1.0	0,000	true	[001006, 001000, 001003, 001004, 001001, 001008, 001005, 001002, 001007]
5025	1	001006	001007	96	8.0	1.0	0,001	true	[001006, 001000, 001003, 001004, 001002, 001007]
5026	1	001006	001007	97	6.0	1.0	0,000	true	[001006, 001000, 001003, 001004, 001005, 001001, 001002, 001007]
5027	1	001006	001007	98	8.0	1.0	0,000	true	[001006, 001000, 001003, 001004, 001005, 001002, 001007]
5028	1	001006	001007	99	5.0	1.0	0,000	true	[001006, 001000, 001003, 001004, 001005, 001008, 001001, 001002, 001007]
5029	1	001006	001007	100	8.0	1.0	0,000	true	[001006, 001000, 001003, 001004, 001009, 001007]
5030	1	001006	001007	101	6.0	2.0	0,101	true	[001006, 001000, 001007]
5031	1	001006	001007	102	8.0	3.0	0,210	true	[001006, 001007]
5032	2	002008	002006	0	5.0	1.0	0,001	true	[002008, 002000, 002001, 002002, 002003, 002006]
5033	2	002008	002006	1	8.0	1.0	0,000	true	[002008, 002000, 002001, 002002, 002003, 002009, 002005, 002004, 002006]
5034	2	002008	002006	2	7.0	1.0	0,000	true	[002008, 002000, 002001, 002002, 002003, 002009, 002005, 002004, 002007, 002006]
5035	2	002008	002006	3	8.0	1.0	0,000	true	[002008, 002000, 002001, 002002, 002003, 002009, 002005, 002006]
5036	2	002008	002006	4	8.0	1.0	0,000	true	[002008, 002000, 002001, 002002, 002003, 002009, 002006]
5037	2	002008	002006	5	6.0	1.0	0,000	true	[002008, 002000, 002001, 002002, 002003, 002009, 002007, 002004, 002005, 002006]
5038	2	002008	002006	6	6.0	1.0	0,000	true	[002008, 002000, 002001, 002002, 002003, 002009, 002007, 002004, 002006]
5039	2	002008	002006	7	6.0	1.0	0,000	true	[002008, 002000, 002001, 002002, 002003, 002009, 002007, 002006]
5040	2	002008	002006	8	8.0	1.0	0,000	true	[002008, 002000, 002001, 002002, 002004, 002005, 002006]
5041	2	002008	002006	9	5.0	1.0	0,000	true	[002008, 002000, 002001, 002002, 002004, 002005, 002009, 002003, 002006]
5042	2	002008	002006	10	8.0	1.0	0,000	true	[002008, 002000, 002001, 002002, 002004, 002005, 002009, 002006]
5043	2	002008	002006	11	6.0	1.0	0,000	true	[002008, 002000, 002001, 002002, 002004, 002005, 002009, 002007, 002006]
5044	2	002008	002006	12	8.0	1.0	0,000	true	[002008, 002000, 002001, 002002, 002004, 002006]
5045	2	002008	002006	13	7.0	1.0	0,000	true	[002008, 002000, 002001, 002002, 002004, 002007, 002006]
5046	2	002008	002006	14	5.0	1.0	0,000	true	[002008, 002000, 002001, 002002, 002004, 002007, 002009, 002003, 002006]
5047	2	002008	002006	15	6.0	1.0	0,000	true	[002008, 002000, 002001, 002002, 002004, 002007, 002009, 002005, 002006]
5048	2	002008	002006	16	6.0	1.0	0,000	true	[002008, 002000, 002001, 002002, 002004, 002007, 002009, 002006]
5049	2	002008	002006	17	8.0	1.0	0,000	true	[002008, 002000, 002001, 002002, 002005, 002004, 002006]
5050	2	002008	002006	18	7.0	1.0	0,000	true	[002008, 002000, 002001, 002002, 002005, 002004, 002007, 002006]
5051	2	002008	002006	19	5.0	1.0	0,000	true	[002008, 002000, 002001, 002002, 002005, 002004, 002007, 002009, 002003, 002006]
5052	2	002008	002006	20	6.0	1.0	0,000	true	[002008, 002000, 002001, 002002, 002005, 002004, 002007, 002009, 002006]
5053	2	002008	002006	21	8.0	1.0	0,001	true	[002008, 002000, 002001, 002002, 002005, 002006]
5054	2	002008	002006	22	5.0	1.0	0,000	true	[002008, 002000, 002001, 002002, 002005, 002009, 002003, 002006]
5055	2	002008	002006	23	8.0	1.0	0,001	true	[002008, 002000, 002001, 002002, 002005, 002009, 002006]
5056	2	002008	002006	24	6.0	1.0	0,000	true	[002008, 002000, 002001, 002002, 002005, 002009, 002007, 002004, 002006]
5057	2	002008	002006	25	6.0	1.0	0,000	true	[002008, 002000, 002001, 002002, 002005, 002009, 002007, 002006]
5058	2	002008	002006	26	7.0	1.0	0,000	true	[002008, 002000, 002001, 002002, 002007, 002004, 002005, 002006]
5059	2	002008	002006	27	5.0	1.0	0,000	true	[002008, 002000, 002001, 002002, 002007, 002004, 002005, 002009, 002003, 002006]
5060	2	002008	002006	28	7.0	1.0	0,000	true	[002008, 002000, 002001, 002002, 002007, 002004, 002005, 002009, 002006]
5061	2	002008	002006	29	7.0	1.0	0,000	true	[002008, 002000, 002001, 002002, 002007, 002004, 002006]
5062	2	002008	002006	30	8.0	1.0	0,001	true	[002008, 002000, 002001, 002002, 002007, 002006]
5063	2	002008	002006	31	5.0	1.0	0,000	true	[002008, 002000, 002001, 002002, 002007, 002009, 002003, 002006]
5064	2	002008	002006	32	6.0	1.0	0,000	true	[002008, 002000, 002001, 002002, 002007, 002009, 002005, 002004, 002006]
5065	2	002008	002006	33	6.0	1.0	0,000	true	[002008, 002000, 002001, 002002, 002007, 002009, 002005, 002006]
5066	2	002008	002006	34	6.0	1.0	0,000	true	[002008, 002000, 002001, 002002, 002007, 002009, 002006]
5067	2	002008	002006	35	5.0	1.0	0,000	true	[002008, 002000, 002001, 002003, 002002, 002004, 002005, 002006]
5068	2	002008	002006	36	5.0	1.0	0,000	true	[002008, 002000, 002001, 002003, 002002, 002004, 002005, 002009, 002006]
5069	2	002008	002006	37	5.0	1.0	0,000	true	[002008, 002000, 002001, 002003, 002002, 002004, 002005, 002009, 002007, 002006]
5070	2	002008	002006	38	5.0	1.0	0,000	true	[002008, 002000, 002001, 002003, 002002, 002004, 002006]
5071	2	002008	002006	39	5.0	1.0	0,000	true	[002008, 002000, 002001, 002003, 002002, 002004, 002007, 002006]
5072	2	002008	002006	40	5.0	1.0	0,000	true	[002008, 002000, 002001, 002003, 002002, 002004, 002007, 002009, 002005, 002006]
5073	2	002008	002006	41	5.0	1.0	0,000	true	[002008, 002000, 002001, 002003, 002002, 002004, 002007, 002009, 002006]
5074	2	002008	002006	42	5.0	1.0	0,000	true	[002008, 002000, 002001, 002003, 002002, 002005, 002004, 002006]
5075	2	002008	002006	43	5.0	1.0	0,000	true	[002008, 002000, 002001, 002003, 002002, 002005, 002004, 002007, 002006]
5076	2	002008	002006	44	5.0	1.0	0,000	true	[002008, 002000, 002001, 002003, 002002, 002005, 002004, 002007, 002009, 002006]
5077	2	002008	002006	45	5.0	1.0	0,000	true	[002008, 002000, 002001, 002003, 002002, 002005, 002006]
5078	2	002008	002006	46	5.0	1.0	0,000	true	[002008, 002000, 002001, 002003, 002002, 002005, 002009, 002006]
5079	2	002008	002006	47	5.0	1.0	0,000	true	[002008, 002000, 002001, 002003, 002002, 002005, 002009, 002007, 002004, 002006]
5080	2	002008	002006	48	5.0	1.0	0,000	true	[002008, 002000, 002001, 002003, 002002, 002005, 002009, 002007, 002006]
5081	2	002008	002006	49	5.0	1.0	0,000	true	[002008, 002000, 002001, 002003, 002002, 002007, 002004, 002005, 002006]
5082	2	002008	002006	50	5.0	1.0	0,000	true	[002008, 002000, 002001, 002003, 002002, 002007, 002004, 002005, 002009, 002006]
5083	2	002008	002006	51	5.0	1.0	0,000	true	[002008, 002000, 002001, 002003, 002002, 002007, 002004, 002006]
5084	2	002008	002006	52	5.0	1.0	0,000	true	[002008, 002000, 002001, 002003, 002002, 002007, 002006]
5085	2	002008	002006	53	5.0	1.0	0,000	true	[002008, 002000, 002001, 002003, 002002, 002007, 002009, 002005, 002004, 002006]
5086	2	002008	002006	54	5.0	1.0	0,000	true	[002008, 002000, 002001, 002003, 002002, 002007, 002009, 002005, 002006]
5087	2	002008	002006	55	5.0	1.0	0,000	true	[002008, 002000, 002001, 002003, 002002, 002007, 002009, 002006]
5088	2	002008	002006	56	5.0	1.0	0,003	true	[002008, 002000, 002001, 002003, 002006]
5089	2	002008	002006	57	5.0	1.0	0,000	true	[002008, 002000, 002001, 002003, 002009, 002005, 002002, 002004, 002006]
5090	2	002008	002006	58	5.0	1.0	0,000	true	[002008, 002000, 002001, 002003, 002009, 002005, 002002, 002004, 002007, 002006]
5091	2	002008	002006	59	5.0	1.0	0,000	true	[002008, 002000, 002001, 002003, 002009, 002005, 002002, 002007, 002004, 002006]
5092	2	002008	002006	60	5.0	1.0	0,000	true	[002008, 002000, 002001, 002003, 002009, 002005, 002002, 002007, 002006]
5093	2	002008	002006	61	5.0	1.0	0,000	true	[002008, 002000, 002001, 002003, 002009, 002005, 002004, 002002, 002007, 002006]
5094	2	002008	002006	62	5.0	1.0	0,000	true	[002008, 002000, 002001, 002003, 002009, 002005, 002004, 002006]
5095	2	002008	002006	63	5.0	1.0	0,000	true	[002008, 002000, 002001, 002003, 002009, 002005, 002004, 002007, 002006]
5096	2	002008	002006	64	5.0	1.0	0,000	true	[002008, 002000, 002001, 002003, 002009, 002005, 002006]
5097	2	002008	002006	65	5.0	1.0	0,000	true	[002008, 002000, 002001, 002003, 002009, 002006]
5098	2	002008	002006	66	5.0	1.0	0,000	true	[002008, 002000, 002001, 002003, 002009, 002007, 002002, 002004, 002005, 002006]
5099	2	002008	002006	67	5.0	1.0	0,000	true	[002008, 002000, 002001, 002003, 002009, 002007, 002002, 002004, 002006]
5100	2	002008	002006	68	5.0	1.0	0,000	true	[002008, 002000, 002001, 002003, 002009, 002007, 002002, 002005, 002004, 002006]
5101	2	002008	002006	69	5.0	1.0	0,000	true	[002008, 002000, 002001, 002003, 002009, 002007, 002002, 002005, 002006]
5102	2	002008	002006	70	5.0	1.0	0,000	true	[002008, 002000, 002001, 002003, 002009, 002007, 002004, 002002, 002005, 002006]
5103	2	002008	002006	71	5.0	1.0	0,000	true	[002008, 002000, 002001, 002003, 002009, 002007, 002004, 002005, 002006]
5104	2	002008	002006	72	5.0	1.0	0,000	true	[002008, 002000, 002001, 002003, 002009, 002007, 002004, 002006]
5105	2	002008	002006	73	5.0	1.0	0,000	true	[002008, 002000, 002001, 002003, 002009, 002007, 002006]
5106	2	002008	002006	74	5.0	1.0	0,000	true	[002008, 002000, 002001, 002004, 002002, 002003, 002006]
5107	2	002008	002006	75	8.0	1.0	0,000	true	[002008, 002000, 002001, 002004, 002002, 002003, 002009, 002005, 002006]
5108	2	002008	002006	76	8.0	1.0	0,000	true	[002008, 002000, 002001, 002004, 002002, 002003, 002009, 002006]
5109	2	002008	002006	77	6.0	1.0	0,000	true	[002008, 002000, 002001, 002004, 002002, 002003, 002009, 002007, 002006]
5110	2	002008	002006	78	8.0	1.0	0,000	true	[002008, 002000, 002001, 002004, 002002, 002005, 002006]
5111	2	002008	002006	79	5.0	1.0	0,000	true	[002008, 002000, 002001, 002004, 002002, 002005, 002009, 002003, 002006]
5112	2	002008	002006	80	8.0	1.0	0,000	true	[002008, 002000, 002001, 002004, 002002, 002005, 002009, 002006]
5113	2	002008	002006	81	6.0	1.0	0,000	true	[002008, 002000, 002001, 002004, 002002, 002005, 002009, 002007, 002006]
5114	2	002008	002006	82	8.0	1.0	0,000	true	[002008, 002000, 002001, 002004, 002002, 002007, 002006]
5115	2	002008	002006	83	5.0	1.0	0,000	true	[002008, 002000, 002001, 002004, 002002, 002007, 002009, 002003, 002006]
5116	2	002008	002006	84	6.0	1.0	0,000	true	[002008, 002000, 002001, 002004, 002002, 002007, 002009, 002005, 002006]
5117	2	002008	002006	85	6.0	1.0	0,000	true	[002008, 002000, 002001, 002004, 002002, 002007, 002009, 002006]
5118	2	002008	002006	86	5.0	1.0	0,000	true	[002008, 002000, 002001, 002004, 002005, 002002, 002003, 002006]
5119	2	002008	002006	87	8.0	1.0	0,000	true	[002008, 002000, 002001, 002004, 002005, 002002, 002003, 002009, 002006]
5120	2	002008	002006	88	6.0	1.0	0,000	true	[002008, 002000, 002001, 002004, 002005, 002002, 002003, 002009, 002007, 002006]
5121	2	002008	002006	89	8.0	1.0	0,000	true	[002008, 002000, 002001, 002004, 002005, 002002, 002007, 002006]
5122	2	002008	002006	90	5.0	1.0	0,000	true	[002008, 002000, 002001, 002004, 002005, 002002, 002007, 002009, 002003, 002006]
5123	2	002008	002006	91	6.0	1.0	0,000	true	[002008, 002000, 002001, 002004, 002005, 002002, 002007, 002009, 002006]
5124	2	002008	002006	92	8.0	1.0	0,000	true	[002008, 002000, 002001, 002004, 002005, 002006]
5125	2	002008	002006	93	8.0	1.0	0,000	true	[002008, 002000, 002001, 002004, 002005, 002009, 002003, 002002, 002007, 002006]
5126	2	002008	002006	94	5.0	1.0	0,000	true	[002008, 002000, 002001, 002004, 002005, 002009, 002003, 002006]
5127	2	002008	002006	95	8.0	1.0	0,000	true	[002008, 002000, 002001, 002004, 002005, 002009, 002006]
5128	2	002008	002006	96	5.0	1.0	0,000	true	[002008, 002000, 002001, 002004, 002005, 002009, 002007, 002002, 002003, 002006]
5129	2	002008	002006	97	6.0	1.0	0,000	true	[002008, 002000, 002001, 002004, 002005, 002009, 002007, 002006]
5130	2	002008	002006	98	8.0	1.0	0,004	true	[002008, 002000, 002001, 002004, 002006]
5131	2	002008	002006	99	5.0	1.0	0,000	true	[002008, 002000, 002001, 002004, 002007, 002002, 002003, 002006]
5132	2	002008	002006	100	7.0	1.0	0,000	true	[002008, 002000, 002001, 002004, 002007, 002002, 002003, 002009, 002005, 002006]
5133	2	002008	002006	101	7.0	1.0	0,000	true	[002008, 002000, 002001, 002004, 002007, 002002, 002003, 002009, 002006]
5134	2	002008	002006	102	7.0	1.0	0,002	true	[002008, 002000, 002001, 002004, 002007, 002006]
5135	2	002008	002006	103	6.0	3.0	0,068	true	[002008, 002000, 002006]
5136	2	002008	002006	104	8.0	1.0	0,470	true	[002008, 002006]
5137	3	003008	003004	0	6.0	1.0	0,000	true	[003008, 003000, 003002, 003003, 003001, 003005, 003006, 003007, 003004]
5138	3	003008	003004	1	7.0	1.0	0,000	true	[003008, 003000, 003002, 003003, 003001, 003005, 003006, 003009, 003004]
5139	3	003008	003004	2	6.0	1.0	0,000	true	[003008, 003000, 003002, 003003, 003001, 003005, 003007, 003004]
5140	3	003008	003004	3	7.0	1.0	0,000	true	[003008, 003000, 003002, 003003, 003001, 003005, 003007, 003006, 003009, 003004]
5141	3	003008	003004	4	5.0	1.0	0,000	true	[003008, 003000, 003002, 003003, 003001, 003005, 003009, 003004]
5142	3	003008	003004	5	5.0	1.0	0,000	true	[003008, 003000, 003002, 003003, 003001, 003005, 003009, 003006, 003007, 003004]
5143	3	003008	003004	6	6.0	1.0	0,000	true	[003008, 003000, 003002, 003003, 003001, 003006, 003005, 003007, 003004]
5144	3	003008	003004	7	5.0	1.0	0,000	true	[003008, 003000, 003002, 003003, 003001, 003006, 003005, 003009, 003004]
5145	3	003008	003004	8	6.0	1.0	0,000	true	[003008, 003000, 003002, 003003, 003001, 003006, 003007, 003004]
5146	3	003008	003004	9	5.0	1.0	0,000	true	[003008, 003000, 003002, 003003, 003001, 003006, 003007, 003005, 003009, 003004]
5147	3	003008	003004	10	7.0	1.0	0,001	true	[003008, 003000, 003002, 003003, 003001, 003006, 003009, 003004]
5148	3	003008	003004	11	5.0	1.0	0,000	true	[003008, 003000, 003002, 003003, 003001, 003006, 003009, 003005, 003007, 003004]
5149	3	003008	003004	12	6.0	1.0	0,000	true	[003008, 003000, 003002, 003003, 003001, 003007, 003004]
5150	3	003008	003004	13	7.0	1.0	0,000	true	[003008, 003000, 003002, 003003, 003001, 003007, 003005, 003006, 003009, 003004]
5151	3	003008	003004	14	5.0	1.0	0,000	true	[003008, 003000, 003002, 003003, 003001, 003007, 003005, 003009, 003004]
5152	3	003008	003004	15	5.0	1.0	0,000	true	[003008, 003000, 003002, 003003, 003001, 003007, 003006, 003005, 003009, 003004]
5153	3	003008	003004	16	7.0	1.0	0,000	true	[003008, 003000, 003002, 003003, 003001, 003007, 003006, 003009, 003004]
5154	3	003008	003004	17	7.0	1.0	0,001	true	[003008, 003000, 003002, 003003, 003001, 003009, 003004]
5155	3	003008	003004	18	5.0	1.0	0,000	true	[003008, 003000, 003002, 003003, 003001, 003009, 003005, 003006, 003007, 003004]
5156	3	003008	003004	19	5.0	1.0	0,000	true	[003008, 003000, 003002, 003003, 003001, 003009, 003005, 003007, 003004]
5157	3	003008	003004	20	6.0	1.0	0,000	true	[003008, 003000, 003002, 003003, 003001, 003009, 003006, 003005, 003007, 003004]
5158	3	003008	003004	21	6.0	1.0	0,000	true	[003008, 003000, 003002, 003003, 003001, 003009, 003006, 003007, 003004]
5159	3	003008	003004	22	5.0	1.0	0,000	true	[003008, 003000, 003002, 003003, 003005, 003001, 003006, 003007, 003004]
5160	3	003008	003004	23	5.0	1.0	0,000	true	[003008, 003000, 003002, 003003, 003005, 003001, 003006, 003009, 003004]
5161	3	003008	003004	24	5.0	1.0	0,000	true	[003008, 003000, 003002, 003003, 003005, 003001, 003007, 003004]
5162	3	003008	003004	25	5.0	1.0	0,000	true	[003008, 003000, 003002, 003003, 003005, 003001, 003007, 003006, 003009, 003004]
5163	3	003008	003004	26	5.0	1.0	0,000	true	[003008, 003000, 003002, 003003, 003005, 003001, 003009, 003004]
5164	3	003008	003004	27	5.0	1.0	0,000	true	[003008, 003000, 003002, 003003, 003005, 003001, 003009, 003006, 003007, 003004]
5165	3	003008	003004	28	5.0	1.0	0,000	true	[003008, 003000, 003002, 003003, 003005, 003006, 003001, 003007, 003004]
5166	3	003008	003004	29	5.0	1.0	0,000	true	[003008, 003000, 003002, 003003, 003005, 003006, 003001, 003009, 003004]
5167	3	003008	003004	30	5.0	1.0	0,000	true	[003008, 003000, 003002, 003003, 003005, 003006, 003007, 003001, 003009, 003004]
5168	3	003008	003004	31	5.0	1.0	0,000	true	[003008, 003000, 003002, 003003, 003005, 003006, 003007, 003004]
5169	3	003008	003004	32	5.0	1.0	0,000	true	[003008, 003000, 003002, 003003, 003005, 003006, 003009, 003001, 003007, 003004]
5170	3	003008	003004	33	5.0	1.0	0,000	true	[003008, 003000, 003002, 003003, 003005, 003006, 003009, 003004]
5171	3	003008	003004	34	5.0	1.0	0,000	true	[003008, 003000, 003002, 003003, 003005, 003007, 003001, 003006, 003009, 003004]
5172	3	003008	003004	35	5.0	1.0	0,000	true	[003008, 003000, 003002, 003003, 003005, 003007, 003001, 003009, 003004]
5173	3	003008	003004	36	5.0	1.0	0,000	true	[003008, 003000, 003002, 003003, 003005, 003007, 003004]
5174	3	003008	003004	37	5.0	1.0	0,000	true	[003008, 003000, 003002, 003003, 003005, 003007, 003006, 003001, 003009, 003004]
5175	3	003008	003004	38	5.0	1.0	0,000	true	[003008, 003000, 003002, 003003, 003005, 003007, 003006, 003009, 003004]
5176	3	003008	003004	39	5.0	1.0	0,000	true	[003008, 003000, 003002, 003003, 003005, 003009, 003001, 003006, 003007, 003004]
5177	3	003008	003004	40	5.0	1.0	0,000	true	[003008, 003000, 003002, 003003, 003005, 003009, 003001, 003007, 003004]
5178	3	003008	003004	41	5.0	1.0	0,001	true	[003008, 003000, 003002, 003003, 003005, 003009, 003004]
5179	3	003008	003004	42	5.0	1.0	0,000	true	[003008, 003000, 003002, 003003, 003005, 003009, 003006, 003001, 003007, 003004]
5180	3	003008	003004	43	5.0	1.0	0,000	true	[003008, 003000, 003002, 003003, 003005, 003009, 003006, 003007, 003004]
5181	3	003008	003004	44	7.0	1.0	0,000	true	[003008, 003000, 003002, 003003, 003007, 003001, 003005, 003006, 003009, 003004]
5182	3	003008	003004	45	5.0	1.0	0,000	true	[003008, 003000, 003002, 003003, 003007, 003001, 003005, 003009, 003004]
5183	3	003008	003004	46	5.0	1.0	0,000	true	[003008, 003000, 003002, 003003, 003007, 003001, 003006, 003005, 003009, 003004]
5184	3	003008	003004	47	7.0	1.0	0,000	true	[003008, 003000, 003002, 003003, 003007, 003001, 003006, 003009, 003004]
5185	3	003008	003004	48	7.0	1.0	0,000	true	[003008, 003000, 003002, 003003, 003007, 003001, 003009, 003004]
5186	3	003008	003004	49	6.0	1.0	0,000	true	[003008, 003000, 003002, 003003, 003007, 003004]
5187	3	003008	003004	50	7.0	1.0	0,000	true	[003008, 003000, 003002, 003003, 003007, 003005, 003001, 003006, 003009, 003004]
5188	3	003008	003004	51	7.0	1.0	0,000	true	[003008, 003000, 003002, 003003, 003007, 003005, 003001, 003009, 003004]
5189	3	003008	003004	52	7.0	1.0	0,000	true	[003008, 003000, 003002, 003003, 003007, 003005, 003006, 003001, 003009, 003004]
5190	3	003008	003004	53	7.0	1.0	0,000	true	[003008, 003000, 003002, 003003, 003007, 003005, 003006, 003009, 003004]
5191	3	003008	003004	54	5.0	1.0	0,000	true	[003008, 003000, 003002, 003003, 003007, 003005, 003009, 003004]
5192	3	003008	003004	55	5.0	1.0	0,000	true	[003008, 003000, 003002, 003003, 003007, 003006, 003001, 003005, 003009, 003004]
5193	3	003008	003004	56	7.0	1.0	0,000	true	[003008, 003000, 003002, 003003, 003007, 003006, 003001, 003009, 003004]
5194	3	003008	003004	57	7.0	1.0	0,000	true	[003008, 003000, 003002, 003003, 003007, 003006, 003005, 003001, 003009, 003004]
5195	3	003008	003004	58	5.0	1.0	0,000	true	[003008, 003000, 003002, 003003, 003007, 003006, 003005, 003009, 003004]
5196	3	003008	003004	59	7.0	1.0	0,000	true	[003008, 003000, 003002, 003003, 003007, 003006, 003009, 003004]
5197	3	003008	003004	60	6.0	1.0	0,000	true	[003008, 003000, 003002, 003003, 003009, 003001, 003005, 003006, 003007, 003004]
5198	3	003008	003004	61	6.0	1.0	0,000	true	[003008, 003000, 003002, 003003, 003009, 003001, 003005, 003007, 003004]
5199	3	003008	003004	62	6.0	1.0	0,000	true	[003008, 003000, 003002, 003003, 003009, 003001, 003006, 003005, 003007, 003004]
5200	3	003008	003004	63	6.0	1.0	0,000	true	[003008, 003000, 003002, 003003, 003009, 003001, 003006, 003007, 003004]
5201	3	003008	003004	64	6.0	1.0	0,000	true	[003008, 003000, 003002, 003003, 003009, 003001, 003007, 003004]
5202	3	003008	003004	65	7.0	1.0	0,006	true	[003008, 003000, 003002, 003003, 003009, 003004]
5203	3	003008	003004	66	5.0	1.0	0,000	true	[003008, 003000, 003002, 003003, 003009, 003005, 003001, 003006, 003007, 003004]
5204	3	003008	003004	67	5.0	1.0	0,000	true	[003008, 003000, 003002, 003003, 003009, 003005, 003001, 003007, 003004]
5205	3	003008	003004	68	5.0	1.0	0,000	true	[003008, 003000, 003002, 003003, 003009, 003005, 003006, 003001, 003007, 003004]
5206	3	003008	003004	69	5.0	1.0	0,000	true	[003008, 003000, 003002, 003003, 003009, 003005, 003006, 003007, 003004]
5207	3	003008	003004	70	5.0	1.0	0,001	true	[003008, 003000, 003002, 003003, 003009, 003005, 003007, 003004]
5208	3	003008	003004	71	6.0	1.0	0,000	true	[003008, 003000, 003002, 003003, 003009, 003006, 003001, 003005, 003007, 003004]
5209	3	003008	003004	72	6.0	1.0	0,000	true	[003008, 003000, 003002, 003003, 003009, 003006, 003001, 003007, 003004]
5210	3	003008	003004	73	6.0	1.0	0,000	true	[003008, 003000, 003002, 003003, 003009, 003006, 003005, 003001, 003007, 003004]
5211	3	003008	003004	74	6.0	1.0	0,000	true	[003008, 003000, 003002, 003003, 003009, 003006, 003005, 003007, 003004]
5212	3	003008	003004	75	6.0	1.0	0,001	true	[003008, 003000, 003002, 003003, 003009, 003006, 003007, 003004]
5213	3	003008	003004	76	7.0	1.0	0,011	true	[003008, 003000, 003002, 003004]
5214	3	003008	003004	77	6.0	1.0	0,000	true	[003008, 003000, 003002, 003005, 003001, 003003, 003007, 003004]
5215	3	003008	003004	78	8.0	1.0	0,000	true	[003008, 003000, 003002, 003005, 003001, 003003, 003007, 003006, 003009, 003004]
5216	3	003008	003004	79	8.0	1.0	0,000	true	[003008, 003000, 003002, 003005, 003001, 003003, 003009, 003004]
5217	3	003008	003004	80	6.0	1.0	0,000	true	[003008, 003000, 003002, 003005, 003001, 003003, 003009, 003006, 003007, 003004]
5218	3	003008	003004	81	8.0	1.0	0,000	true	[003008, 003000, 003002, 003005, 003001, 003006, 003007, 003003, 003009, 003004]
5219	3	003008	003004	82	6.0	1.0	0,000	true	[003008, 003000, 003002, 003005, 003001, 003006, 003007, 003004]
5220	3	003008	003004	83	6.0	1.0	0,000	true	[003008, 003000, 003002, 003005, 003001, 003006, 003009, 003003, 003007, 003004]
5221	3	003008	003004	84	8.0	1.0	0,000	true	[003008, 003000, 003002, 003005, 003001, 003006, 003009, 003004]
5222	3	003008	003004	85	8.0	1.0	0,000	true	[003008, 003000, 003002, 003005, 003001, 003007, 003003, 003009, 003004]
5223	3	003008	003004	86	6.0	1.0	0,000	true	[003008, 003000, 003002, 003005, 003001, 003007, 003004]
5224	3	003008	003004	87	8.0	1.0	0,000	true	[003008, 003000, 003002, 003005, 003001, 003007, 003006, 003009, 003004]
5225	3	003008	003004	88	6.0	1.0	0,000	true	[003008, 003000, 003002, 003005, 003001, 003009, 003003, 003007, 003004]
5226	3	003008	003004	89	8.0	1.0	0,000	true	[003008, 003000, 003002, 003005, 003001, 003009, 003004]
5227	3	003008	003004	90	6.0	1.0	0,000	true	[003008, 003000, 003002, 003005, 003001, 003009, 003006, 003007, 003004]
5228	3	003008	003004	91	5.0	1.0	0,000	true	[003008, 003000, 003002, 003005, 003003, 003001, 003006, 003007, 003004]
5229	3	003008	003004	92	5.0	1.0	0,000	true	[003008, 003000, 003002, 003005, 003003, 003001, 003006, 003009, 003004]
5230	3	003008	003004	93	5.0	1.0	0,000	true	[003008, 003000, 003002, 003005, 003003, 003001, 003007, 003004]
5231	3	003008	003004	94	5.0	1.0	0,000	true	[003008, 003000, 003002, 003005, 003003, 003001, 003007, 003006, 003009, 003004]
5232	3	003008	003004	95	5.0	1.0	0,000	true	[003008, 003000, 003002, 003005, 003003, 003001, 003009, 003004]
5233	3	003008	003004	96	5.0	1.0	0,000	true	[003008, 003000, 003002, 003005, 003003, 003001, 003009, 003006, 003007, 003004]
5234	3	003008	003004	97	5.0	1.0	0,000	true	[003008, 003000, 003002, 003005, 003003, 003007, 003001, 003006, 003009, 003004]
5235	3	003008	003004	98	5.0	1.0	0,000	true	[003008, 003000, 003002, 003005, 003003, 003007, 003001, 003009, 003004]
5236	3	003008	003004	99	5.0	1.0	0,000	true	[003008, 003000, 003002, 003005, 003003, 003007, 003004]
5237	3	003008	003004	100	5.0	1.0	0,000	true	[003008, 003000, 003002, 003005, 003003, 003007, 003006, 003001, 003009, 003004]
5238	3	003008	003004	101	12.0	2.0	0,074	true	[003008, 003000, 003004]
5239	4	004007	004009	0	5.0	2.0	0,000	true	[004007, 004000, 004001, 004002, 004003, 004004, 004005, 004006, 004009]
5240	4	004007	004009	1	5.0	2.0	0,000	true	[004007, 004000, 004001, 004002, 004003, 004004, 004005, 004009]
5241	4	004007	004009	2	5.0	2.0	0,000	true	[004007, 004000, 004001, 004002, 004003, 004004, 004006, 004005, 004009]
5242	4	004007	004009	3	5.0	3.0	0,000	true	[004007, 004000, 004001, 004002, 004003, 004004, 004006, 004009]
5243	4	004007	004009	4	5.0	1.0	0,000	true	[004007, 004000, 004001, 004002, 004003, 004004, 004008, 004009]
5244	4	004007	004009	5	5.0	4.0	0,000	true	[004007, 004000, 004001, 004002, 004003, 004004, 004009]
5245	4	004007	004009	6	5.0	3.0	0,000	true	[004007, 004000, 004001, 004002, 004003, 004005, 004004, 004006, 004009]
5246	4	004007	004009	7	5.0	1.0	0,000	true	[004007, 004000, 004001, 004002, 004003, 004005, 004004, 004008, 004009]
5247	4	004007	004009	8	5.0	3.0	0,000	true	[004007, 004000, 004001, 004002, 004003, 004005, 004004, 004009]
5248	4	004007	004009	9	5.0	1.0	0,000	true	[004007, 004000, 004001, 004002, 004003, 004005, 004006, 004004, 004008, 004009]
5249	4	004007	004009	10	5.0	2.0	0,000	true	[004007, 004000, 004001, 004002, 004003, 004005, 004006, 004004, 004009]
5250	4	004007	004009	11	5.0	2.0	0,000	true	[004007, 004000, 004001, 004002, 004003, 004005, 004006, 004009]
5251	4	004007	004009	12	5.0	2.0	0,000	true	[004007, 004000, 004001, 004002, 004003, 004005, 004009]
5252	4	004007	004009	13	5.0	4.0	0,000	true	[004007, 004000, 004001, 004002, 004003, 004009]
5253	4	004007	004009	14	5.0	3.0	0,000	true	[004007, 004000, 004001, 004002, 004005, 004003, 004004, 004006, 004009]
5254	4	004007	004009	15	5.0	1.0	0,000	true	[004007, 004000, 004001, 004002, 004005, 004003, 004004, 004008, 004009]
5255	4	004007	004009	16	5.0	4.0	0,000	true	[004007, 004000, 004001, 004002, 004005, 004003, 004004, 004009]
5256	4	004007	004009	17	5.0	4.0	0,000	true	[004007, 004000, 004001, 004002, 004005, 004003, 004009]
5257	4	004007	004009	18	5.0	3.0	0,000	true	[004007, 004000, 004001, 004002, 004005, 004004, 004003, 004009]
5258	4	004007	004009	19	5.0	3.0	0,000	true	[004007, 004000, 004001, 004002, 004005, 004004, 004006, 004009]
5259	4	004007	004009	20	5.0	1.0	0,000	true	[004007, 004000, 004001, 004002, 004005, 004004, 004008, 004009]
5260	4	004007	004009	21	5.0	3.0	0,000	true	[004007, 004000, 004001, 004002, 004005, 004004, 004009]
5261	4	004007	004009	22	5.0	2.0	0,000	true	[004007, 004000, 004001, 004002, 004005, 004006, 004004, 004003, 004009]
5262	4	004007	004009	23	5.0	1.0	0,000	true	[004007, 004000, 004001, 004002, 004005, 004006, 004004, 004008, 004009]
5263	4	004007	004009	24	5.0	2.0	0,000	true	[004007, 004000, 004001, 004002, 004005, 004006, 004004, 004009]
5264	4	004007	004009	25	5.0	2.0	0,000	true	[004007, 004000, 004001, 004002, 004005, 004006, 004009]
5265	4	004007	004009	26	5.0	2.0	0,000	true	[004007, 004000, 004001, 004002, 004005, 004009]
5266	4	004007	004009	27	5.0	2.0	0,000	true	[004007, 004000, 004001, 004002, 004006, 004004, 004003, 004005, 004009]
5267	4	004007	004009	28	5.0	4.0	0,000	true	[004007, 004000, 004001, 004002, 004006, 004004, 004003, 004009]
5268	4	004007	004009	29	5.0	3.0	0,000	true	[004007, 004000, 004001, 004002, 004006, 004004, 004005, 004003, 004009]
5269	4	004007	004009	30	5.0	2.0	0,000	true	[004007, 004000, 004001, 004002, 004006, 004004, 004005, 004009]
5270	4	004007	004009	31	5.0	1.0	0,000	true	[004007, 004000, 004001, 004002, 004006, 004004, 004008, 004009]
5271	4	004007	004009	32	5.0	4.0	0,000	true	[004007, 004000, 004001, 004002, 004006, 004004, 004009]
5272	4	004007	004009	33	5.0	1.0	0,000	true	[004007, 004000, 004001, 004002, 004006, 004005, 004003, 004004, 004008, 004009]
5273	4	004007	004009	34	5.0	2.0	0,000	true	[004007, 004000, 004001, 004002, 004006, 004005, 004003, 004004, 004009]
5274	4	004007	004009	35	5.0	2.0	0,000	true	[004007, 004000, 004001, 004002, 004006, 004005, 004003, 004009]
5275	4	004007	004009	36	5.0	2.0	0,000	true	[004007, 004000, 004001, 004002, 004006, 004005, 004004, 004003, 004009]
5276	4	004007	004009	37	5.0	1.0	0,000	true	[004007, 004000, 004001, 004002, 004006, 004005, 004004, 004008, 004009]
5277	4	004007	004009	38	5.0	2.0	0,000	true	[004007, 004000, 004001, 004002, 004006, 004005, 004004, 004009]
5278	4	004007	004009	39	5.0	2.0	0,000	true	[004007, 004000, 004001, 004002, 004006, 004005, 004009]
5279	4	004007	004009	40	5.0	3.0	0,000	true	[004007, 004000, 004001, 004002, 004006, 004009]
5280	4	004007	004009	41	5.0	1.0	0,000	true	[004007, 004000, 004001, 004002, 004008, 004004, 004003, 004005, 004006, 004009]
5281	4	004007	004009	42	5.0	1.0	0,000	true	[004007, 004000, 004001, 004002, 004008, 004004, 004003, 004005, 004009]
5282	4	004007	004009	43	5.0	1.0	0,000	true	[004007, 004000, 004001, 004002, 004008, 004004, 004003, 004009]
5283	4	004007	004009	44	5.0	1.0	0,000	true	[004007, 004000, 004001, 004002, 004008, 004004, 004005, 004003, 004009]
5284	4	004007	004009	45	5.0	1.0	0,000	true	[004007, 004000, 004001, 004002, 004008, 004004, 004005, 004006, 004009]
5285	4	004007	004009	46	5.0	1.0	0,000	true	[004007, 004000, 004001, 004002, 004008, 004004, 004005, 004009]
5286	4	004007	004009	47	5.0	1.0	0,000	true	[004007, 004000, 004001, 004002, 004008, 004004, 004006, 004005, 004003, 004009]
5287	4	004007	004009	48	5.0	1.0	0,000	true	[004007, 004000, 004001, 004002, 004008, 004004, 004006, 004005, 004009]
5288	4	004007	004009	49	5.0	1.0	0,000	true	[004007, 004000, 004001, 004002, 004008, 004004, 004006, 004009]
5289	4	004007	004009	50	5.0	1.0	0,000	true	[004007, 004000, 004001, 004002, 004008, 004004, 004009]
5290	4	004007	004009	51	5.0	3.0	0,000	true	[004007, 004000, 004001, 004002, 004008, 004009]
5291	4	004007	004009	52	5.0	1.0	0,000	true	[004007, 004000, 004001, 004006, 004002, 004003, 004004, 004005, 004009]
5292	4	004007	004009	53	5.0	1.0	0,000	true	[004007, 004000, 004001, 004006, 004002, 004003, 004004, 004008, 004009]
5293	4	004007	004009	54	5.0	1.0	0,000	true	[004007, 004000, 004001, 004006, 004002, 004003, 004004, 004009]
5294	4	004007	004009	55	5.0	1.0	0,000	true	[004007, 004000, 004001, 004006, 004002, 004003, 004005, 004004, 004008, 004009]
5295	4	004007	004009	56	5.0	1.0	0,000	true	[004007, 004000, 004001, 004006, 004002, 004003, 004005, 004004, 004009]
5296	4	004007	004009	57	5.0	1.0	0,000	true	[004007, 004000, 004001, 004006, 004002, 004003, 004005, 004009]
5297	4	004007	004009	58	5.0	1.0	0,000	true	[004007, 004000, 004001, 004006, 004002, 004003, 004009]
5298	4	004007	004009	59	5.0	1.0	0,000	true	[004007, 004000, 004001, 004006, 004002, 004005, 004003, 004004, 004008, 004009]
5299	4	004007	004009	60	5.0	1.0	0,000	true	[004007, 004000, 004001, 004006, 004002, 004005, 004003, 004004, 004009]
5300	4	004007	004009	61	5.0	1.0	0,000	true	[004007, 004000, 004001, 004006, 004002, 004005, 004003, 004009]
5301	4	004007	004009	62	5.0	1.0	0,000	true	[004007, 004000, 004001, 004006, 004002, 004005, 004004, 004003, 004009]
5302	4	004007	004009	63	5.0	1.0	0,000	true	[004007, 004000, 004001, 004006, 004002, 004005, 004004, 004008, 004009]
5303	4	004007	004009	64	5.0	1.0	0,000	true	[004007, 004000, 004001, 004006, 004002, 004005, 004004, 004009]
5304	4	004007	004009	65	5.0	1.0	0,000	true	[004007, 004000, 004001, 004006, 004002, 004005, 004009]
5305	4	004007	004009	66	5.0	1.0	0,000	true	[004007, 004000, 004001, 004006, 004002, 004008, 004004, 004003, 004005, 004009]
5306	4	004007	004009	67	5.0	1.0	0,000	true	[004007, 004000, 004001, 004006, 004002, 004008, 004004, 004003, 004009]
5307	4	004007	004009	68	5.0	1.0	0,000	true	[004007, 004000, 004001, 004006, 004002, 004008, 004004, 004005, 004003, 004009]
5308	4	004007	004009	69	5.0	1.0	0,000	true	[004007, 004000, 004001, 004006, 004002, 004008, 004004, 004005, 004009]
5309	4	004007	004009	70	5.0	1.0	0,000	true	[004007, 004000, 004001, 004006, 004002, 004008, 004004, 004009]
5310	4	004007	004009	71	5.0	1.0	0,000	true	[004007, 004000, 004001, 004006, 004002, 004008, 004009]
5311	4	004007	004009	72	5.0	1.0	0,000	true	[004007, 004000, 004001, 004006, 004004, 004003, 004002, 004005, 004009]
5312	4	004007	004009	73	5.0	1.0	0,000	true	[004007, 004000, 004001, 004006, 004004, 004003, 004002, 004008, 004009]
5313	4	004007	004009	74	5.0	1.0	0,000	true	[004007, 004000, 004001, 004006, 004004, 004003, 004005, 004002, 004008, 004009]
5314	4	004007	004009	75	5.0	1.0	0,000	true	[004007, 004000, 004001, 004006, 004004, 004003, 004005, 004009]
5315	4	004007	004009	76	5.0	1.0	0,000	true	[004007, 004000, 004001, 004006, 004004, 004003, 004009]
5316	4	004007	004009	77	5.0	1.0	0,000	true	[004007, 004000, 004001, 004006, 004004, 004005, 004002, 004003, 004009]
5317	4	004007	004009	78	5.0	1.0	0,000	true	[004007, 004000, 004001, 004006, 004004, 004005, 004002, 004008, 004009]
5318	4	004007	004009	79	5.0	1.0	0,000	true	[004007, 004000, 004001, 004006, 004004, 004005, 004003, 004002, 004008, 004009]
5319	4	004007	004009	80	5.0	1.0	0,000	true	[004007, 004000, 004001, 004006, 004004, 004005, 004003, 004009]
5320	4	004007	004009	81	5.0	1.0	0,000	true	[004007, 004000, 004001, 004006, 004004, 004005, 004009]
5321	4	004007	004009	82	5.0	1.0	0,000	true	[004007, 004000, 004001, 004006, 004004, 004008, 004002, 004003, 004005, 004009]
5322	4	004007	004009	83	5.0	1.0	0,000	true	[004007, 004000, 004001, 004006, 004004, 004008, 004002, 004003, 004009]
5323	4	004007	004009	84	5.0	1.0	0,000	true	[004007, 004000, 004001, 004006, 004004, 004008, 004002, 004005, 004003, 004009]
5324	4	004007	004009	85	5.0	1.0	0,000	true	[004007, 004000, 004001, 004006, 004004, 004008, 004002, 004005, 004009]
5325	4	004007	004009	86	5.0	1.0	0,001	true	[004007, 004000, 004001, 004006, 004004, 004008, 004009]
5326	4	004007	004009	87	5.0	1.0	0,002	true	[004007, 004000, 004001, 004006, 004004, 004009]
5327	4	004007	004009	88	5.0	1.0	0,000	true	[004007, 004000, 004001, 004006, 004005, 004002, 004003, 004004, 004008, 004009]
5328	4	004007	004009	89	5.0	1.0	0,000	true	[004007, 004000, 004001, 004006, 004005, 004002, 004003, 004004, 004009]
5329	4	004007	004009	90	5.0	1.0	0,000	true	[004007, 004000, 004001, 004006, 004005, 004002, 004003, 004009]
5330	4	004007	004009	91	5.0	1.0	0,000	true	[004007, 004000, 004001, 004006, 004005, 004002, 004008, 004004, 004003, 004009]
5331	4	004007	004009	92	5.0	1.0	0,000	true	[004007, 004000, 004001, 004006, 004005, 004002, 004008, 004004, 004009]
5332	4	004007	004009	93	5.0	1.0	0,000	true	[004007, 004000, 004001, 004006, 004005, 004002, 004008, 004009]
5333	4	004007	004009	94	5.0	1.0	0,000	true	[004007, 004000, 004001, 004006, 004005, 004003, 004002, 004008, 004004, 004009]
5334	4	004007	004009	95	5.0	1.0	0,000	true	[004007, 004000, 004001, 004006, 004005, 004003, 004002, 004008, 004009]
5335	4	004007	004009	96	5.0	1.0	0,000	true	[004007, 004000, 004001, 004006, 004005, 004003, 004004, 004008, 004009]
5336	4	004007	004009	97	5.0	1.0	0,000	true	[004007, 004000, 004001, 004006, 004005, 004003, 004004, 004009]
5337	4	004007	004009	98	5.0	1.0	0,000	true	[004007, 004000, 004001, 004006, 004005, 004003, 004009]
5338	4	004007	004009	99	5.0	1.0	0,000	true	[004007, 004000, 004001, 004006, 004005, 004004, 004003, 004002, 004008, 004009]
5339	4	004007	004009	100	5.0	1.0	0,000	true	[004007, 004000, 004001, 004006, 004005, 004004, 004003, 004009]
5340	4	004007	004009	101	5.0	1.0	0,001	true	[004007, 004000, 004001, 004006, 004005, 004004, 004009]
5341	4	004007	004009	102	5.0	1.0	0,001	true	[004007, 004000, 004001, 004006, 004005, 004009]
5342	4	004007	004009	103	5.0	1.0	0,005	true	[004007, 004000, 004001, 004006, 004009]
5343	4	004007	004009	104	5.0	4.0	0,040	true	[004007, 004000, 004009]
5344	4	004007	004009	105	14.0	5.0	0,210	true	[004007, 004009]
5345	5	005008	005005	0	5.0	1.0	0,000	true	[005008, 005000, 005001, 005003, 005002, 005005]
5346	5	005008	005005	1	5.0	1.0	0,000	true	[005008, 005000, 005001, 005003, 005002, 005006, 005007, 005005]
5347	5	005008	005005	2	5.0	1.0	0,000	true	[005008, 005000, 005001, 005003, 005002, 005006, 005007, 005009, 005004, 005005]
5348	5	005008	005005	3	5.0	1.0	0,000	true	[005008, 005000, 005001, 005003, 005002, 005006, 005009, 005004, 005005]
5349	5	005008	005005	4	5.0	1.0	0,000	true	[005008, 005000, 005001, 005003, 005002, 005006, 005009, 005007, 005005]
5350	5	005008	005005	5	5.0	1.0	0,000	true	[005008, 005000, 005001, 005003, 005002, 005007, 005005]
5351	5	005008	005005	6	5.0	1.0	0,000	true	[005008, 005000, 005001, 005003, 005002, 005007, 005006, 005009, 005004, 005005]
5352	5	005008	005005	7	5.0	1.0	0,000	true	[005008, 005000, 005001, 005003, 005002, 005007, 005009, 005004, 005005]
5353	5	005008	005005	8	5.0	3.0	0,000	true	[005008, 005000, 005001, 005003, 005004, 005005]
5354	5	005008	005005	9	5.0	1.0	0,000	true	[005008, 005000, 005001, 005003, 005004, 005009, 005006, 005002, 005005]
5355	5	005008	005005	10	5.0	1.0	0,000	true	[005008, 005000, 005001, 005003, 005004, 005009, 005006, 005002, 005007, 005005]
5356	5	005008	005005	11	5.0	1.0	0,000	true	[005008, 005000, 005001, 005003, 005004, 005009, 005006, 005007, 005002, 005005]
5357	5	005008	005005	12	5.0	1.0	0,000	true	[005008, 005000, 005001, 005003, 005004, 005009, 005006, 005007, 005005]
5358	5	005008	005005	13	5.0	1.0	0,000	true	[005008, 005000, 005001, 005003, 005004, 005009, 005007, 005002, 005005]
5359	5	005008	005005	14	5.0	1.0	0,000	true	[005008, 005000, 005001, 005003, 005004, 005009, 005007, 005005]
5360	5	005008	005005	15	5.0	1.0	0,000	true	[005008, 005000, 005001, 005003, 005004, 005009, 005007, 005006, 005002, 005005]
5361	5	005008	005005	16	5.0	2.0	0,001	true	[005008, 005000, 005001, 005003, 005005]
5362	5	005008	005005	17	5.0	1.0	0,000	true	[005008, 005000, 005001, 005003, 005006, 005002, 005005]
5363	5	005008	005005	18	5.0	1.0	0,000	true	[005008, 005000, 005001, 005003, 005006, 005002, 005007, 005005]
5364	5	005008	005005	19	5.0	1.0	0,000	true	[005008, 005000, 005001, 005003, 005006, 005002, 005007, 005009, 005004, 005005]
5365	5	005008	005005	20	5.0	1.0	0,000	true	[005008, 005000, 005001, 005003, 005006, 005007, 005002, 005005]
5366	5	005008	005005	21	5.0	1.0	0,000	true	[005008, 005000, 005001, 005003, 005006, 005007, 005005]
5367	5	005008	005005	22	5.0	1.0	0,000	true	[005008, 005000, 005001, 005003, 005006, 005007, 005009, 005004, 005005]
5368	5	005008	005005	23	5.0	1.0	0,000	true	[005008, 005000, 005001, 005003, 005006, 005009, 005004, 005005]
5369	5	005008	005005	24	5.0	1.0	0,000	true	[005008, 005000, 005001, 005003, 005006, 005009, 005007, 005002, 005005]
5370	5	005008	005005	25	5.0	1.0	0,000	true	[005008, 005000, 005001, 005003, 005006, 005009, 005007, 005005]
5371	5	005008	005005	26	5.0	1.0	0,000	true	[005008, 005000, 005001, 005003, 005009, 005004, 005005]
5372	5	005008	005005	27	5.0	1.0	0,000	true	[005008, 005000, 005001, 005003, 005009, 005006, 005002, 005005]
5373	5	005008	005005	28	5.0	1.0	0,000	true	[005008, 005000, 005001, 005003, 005009, 005006, 005002, 005007, 005005]
5374	5	005008	005005	29	5.0	1.0	0,000	true	[005008, 005000, 005001, 005003, 005009, 005006, 005007, 005002, 005005]
5375	5	005008	005005	30	5.0	1.0	0,000	true	[005008, 005000, 005001, 005003, 005009, 005006, 005007, 005005]
5376	5	005008	005005	31	5.0	1.0	0,000	true	[005008, 005000, 005001, 005003, 005009, 005007, 005002, 005005]
5377	5	005008	005005	32	5.0	1.0	0,000	true	[005008, 005000, 005001, 005003, 005009, 005007, 005005]
5378	5	005008	005005	33	5.0	1.0	0,000	true	[005008, 005000, 005001, 005003, 005009, 005007, 005006, 005002, 005005]
5379	5	005008	005005	34	6.0	2.0	0,000	true	[005008, 005000, 005001, 005007, 005002, 005003, 005004, 005005]
5380	5	005008	005005	35	5.0	2.0	0,000	true	[005008, 005000, 005001, 005007, 005002, 005003, 005005]
5381	5	005008	005005	36	6.0	1.0	0,000	true	[005008, 005000, 005001, 005007, 005002, 005003, 005006, 005009, 005004, 005005]
5382	5	005008	005005	37	6.0	1.0	0,000	true	[005008, 005000, 005001, 005007, 005002, 005003, 005009, 005004, 005005]
5383	5	005008	005005	38	8.0	1.0	0,000	true	[005008, 005000, 005001, 005007, 005002, 005005]
5384	5	005008	005005	39	6.0	1.0	0,000	true	[005008, 005000, 005001, 005007, 005002, 005006, 005003, 005004, 005005]
5385	5	005008	005005	40	5.0	1.0	0,000	true	[005008, 005000, 005001, 005007, 005002, 005006, 005003, 005005]
5386	5	005008	005005	41	6.0	1.0	0,000	true	[005008, 005000, 005001, 005007, 005002, 005006, 005003, 005009, 005004, 005005]
5387	5	005008	005005	42	6.0	1.0	0,000	true	[005008, 005000, 005001, 005007, 005002, 005006, 005009, 005003, 005004, 005005]
5388	5	005008	005005	43	5.0	1.0	0,000	true	[005008, 005000, 005001, 005007, 005002, 005006, 005009, 005003, 005005]
5389	5	005008	005005	44	5.0	1.0	0,000	true	[005008, 005000, 005001, 005007, 005002, 005006, 005009, 005004, 005003, 005005]
5390	5	005008	005005	45	6.0	1.0	0,000	true	[005008, 005000, 005001, 005007, 005002, 005006, 005009, 005004, 005005]
5391	5	005008	005005	46	8.0	1.0	0,000	true	[005008, 005000, 005001, 005007, 005005]
5392	5	005008	005005	47	6.0	1.0	0,000	true	[005008, 005000, 005001, 005007, 005006, 005002, 005003, 005004, 005005]
5393	5	005008	005005	48	5.0	1.0	0,000	true	[005008, 005000, 005001, 005007, 005006, 005002, 005003, 005005]
5394	5	005008	005005	49	6.0	1.0	0,000	true	[005008, 005000, 005001, 005007, 005006, 005002, 005003, 005009, 005004, 005005]
5395	5	005008	005005	50	8.0	1.0	0,000	true	[005008, 005000, 005001, 005007, 005006, 005002, 005005]
5396	5	005008	005005	51	8.0	1.0	0,000	true	[005008, 005000, 005001, 005007, 005006, 005003, 005002, 005005]
5397	5	005008	005005	52	6.0	2.0	0,000	true	[005008, 005000, 005001, 005007, 005006, 005003, 005004, 005005]
5398	5	005008	005005	53	5.0	2.0	0,000	true	[005008, 005000, 005001, 005007, 005006, 005003, 005005]
5399	5	005008	005005	54	6.0	1.0	0,000	true	[005008, 005000, 005001, 005007, 005006, 005003, 005009, 005004, 005005]
5400	5	005008	005005	55	8.0	1.0	0,000	true	[005008, 005000, 005001, 005007, 005006, 005009, 005003, 005002, 005005]
5401	5	005008	005005	56	6.0	2.0	0,000	true	[005008, 005000, 005001, 005007, 005006, 005009, 005003, 005004, 005005]
5402	5	005008	005005	57	5.0	2.0	0,000	true	[005008, 005000, 005001, 005007, 005006, 005009, 005003, 005005]
5403	5	005008	005005	58	6.0	1.0	0,000	true	[005008, 005000, 005001, 005007, 005006, 005009, 005004, 005003, 005002, 005005]
5404	5	005008	005005	59	5.0	1.0	0,000	true	[005008, 005000, 005001, 005007, 005006, 005009, 005004, 005003, 005005]
5405	5	005008	005005	60	6.0	1.0	0,000	true	[005008, 005000, 005001, 005007, 005006, 005009, 005004, 005005]
5406	5	005008	005005	61	7.0	1.0	0,000	true	[005008, 005000, 005001, 005007, 005009, 005003, 005002, 005005]
5407	5	005008	005005	62	6.0	1.0	0,000	true	[005008, 005000, 005001, 005007, 005009, 005003, 005004, 005005]
5408	5	005008	005005	63	5.0	1.0	0,000	true	[005008, 005000, 005001, 005007, 005009, 005003, 005005]
5409	5	005008	005005	64	7.0	1.0	0,000	true	[005008, 005000, 005001, 005007, 005009, 005003, 005006, 005002, 005005]
5410	5	005008	005005	65	6.0	1.0	0,000	true	[005008, 005000, 005001, 005007, 005009, 005004, 005003, 005002, 005005]
5411	5	005008	005005	66	5.0	1.0	0,000	true	[005008, 005000, 005001, 005007, 005009, 005004, 005003, 005005]
5412	5	005008	005005	67	6.0	1.0	0,000	true	[005008, 005000, 005001, 005007, 005009, 005004, 005003, 005006, 005002, 005005]
5413	5	005008	005005	68	6.0	1.0	0,000	true	[005008, 005000, 005001, 005007, 005009, 005004, 005005]
5414	5	005008	005005	69	6.0	1.0	0,000	true	[005008, 005000, 005001, 005007, 005009, 005006, 005002, 005003, 005004, 005005]
5415	5	005008	005005	70	5.0	1.0	0,000	true	[005008, 005000, 005001, 005007, 005009, 005006, 005002, 005003, 005005]
5416	5	005008	005005	71	7.0	1.0	0,000	true	[005008, 005000, 005001, 005007, 005009, 005006, 005002, 005005]
5417	5	005008	005005	72	7.0	1.0	0,000	true	[005008, 005000, 005001, 005007, 005009, 005006, 005003, 005002, 005005]
5418	5	005008	005005	73	6.0	1.0	0,000	true	[005008, 005000, 005001, 005007, 005009, 005006, 005003, 005004, 005005]
5419	5	005008	005005	74	5.0	1.0	0,000	true	[005008, 005000, 005001, 005007, 005009, 005006, 005003, 005005]
5420	5	005008	005005	75	8.0	1.0	0,000	true	[005008, 005000, 005001, 005009, 005003, 005002, 005005]
5421	5	005008	005005	76	8.0	1.0	0,000	true	[005008, 005000, 005001, 005009, 005003, 005002, 005006, 005007, 005005]
5422	5	005008	005005	77	8.0	1.0	0,000	true	[005008, 005000, 005001, 005009, 005003, 005002, 005007, 005005]
5423	5	005008	005005	78	6.0	2.0	0,000	true	[005008, 005000, 005001, 005009, 005003, 005004, 005005]
5424	5	005008	005005	79	5.0	2.0	0,000	true	[005008, 005000, 005001, 005009, 005003, 005005]
5425	5	005008	005005	80	8.0	1.0	0,000	true	[005008, 005000, 005001, 005009, 005003, 005006, 005002, 005005]
5426	5	005008	005005	81	8.0	1.0	0,000	true	[005008, 005000, 005001, 005009, 005003, 005006, 005002, 005007, 005005]
5427	5	005008	005005	82	8.0	1.0	0,000	true	[005008, 005000, 005001, 005009, 005003, 005006, 005007, 005002, 005005]
5428	5	005008	005005	83	8.0	1.0	0,000	true	[005008, 005000, 005001, 005009, 005003, 005006, 005007, 005005]
5429	5	005008	005005	84	6.0	1.0	0,000	true	[005008, 005000, 005001, 005009, 005004, 005003, 005002, 005005]
5430	5	005008	005005	85	6.0	1.0	0,000	true	[005008, 005000, 005001, 005009, 005004, 005003, 005002, 005006, 005007, 005005]
5431	5	005008	005005	86	6.0	1.0	0,000	true	[005008, 005000, 005001, 005009, 005004, 005003, 005002, 005007, 005005]
5432	5	005008	005005	87	5.0	1.0	0,000	true	[005008, 005000, 005001, 005009, 005004, 005003, 005005]
5433	5	005008	005005	88	6.0	1.0	0,000	true	[005008, 005000, 005001, 005009, 005004, 005003, 005006, 005002, 005005]
5434	5	005008	005005	89	6.0	1.0	0,000	true	[005008, 005000, 005001, 005009, 005004, 005003, 005006, 005002, 005007, 005005]
5435	5	005008	005005	90	6.0	1.0	0,000	true	[005008, 005000, 005001, 005009, 005004, 005003, 005006, 005007, 005002, 005005]
5436	5	005008	005005	91	6.0	1.0	0,000	true	[005008, 005000, 005001, 005009, 005004, 005003, 005006, 005007, 005005]
5437	5	005008	005005	92	6.0	1.0	0,000	true	[005008, 005000, 005001, 005009, 005004, 005005]
5438	5	005008	005005	93	6.0	1.0	0,000	true	[005008, 005000, 005001, 005009, 005006, 005002, 005003, 005004, 005005]
5439	5	005008	005005	94	5.0	1.0	0,000	true	[005008, 005000, 005001, 005009, 005006, 005002, 005003, 005005]
5440	5	005008	005005	95	8.0	1.0	0,000	true	[005008, 005000, 005001, 005009, 005006, 005002, 005005]
5441	5	005008	005005	96	8.0	1.0	0,000	true	[005008, 005000, 005001, 005009, 005006, 005002, 005007, 005005]
5442	5	005008	005005	97	8.0	1.0	0,000	true	[005008, 005000, 005001, 005009, 005006, 005003, 005002, 005005]
5443	5	005008	005005	98	8.0	1.0	0,000	true	[005008, 005000, 005001, 005009, 005006, 005003, 005002, 005007, 005005]
5444	5	005008	005005	99	6.0	3.0	0,000	true	[005008, 005000, 005001, 005009, 005006, 005003, 005004, 005005]
5445	5	005008	005005	100	5.0	2.0	0,000	true	[005008, 005000, 005001, 005009, 005006, 005003, 005005]
5446	5	005008	005005	101	10.0	1.0	0,130	true	[005008, 005005]
5447	6	006008	006002	0	9.0	2.0	0,002	true	[006008, 006001, 006003, 006000, 006002]
5448	6	006008	006002	1	6.0	1.0	0,001	true	[006008, 006001, 006003, 006000, 006004, 006005, 006002]
5449	6	006008	006002	2	7.0	1.0	0,000	true	[006008, 006001, 006003, 006000, 006004, 006005, 006006, 006002]
5450	6	006008	006002	3	7.0	1.0	0,000	true	[006008, 006001, 006003, 006000, 006004, 006005, 006006, 006007, 006009, 006002]
5451	6	006008	006002	4	7.0	1.0	0,000	true	[006008, 006001, 006003, 006000, 006004, 006005, 006007, 006006, 006002]
5452	6	006008	006002	5	7.0	1.0	0,000	true	[006008, 006001, 006003, 006000, 006004, 006005, 006007, 006009, 006002]
5453	6	006008	006002	6	7.0	1.0	0,000	true	[006008, 006001, 006003, 006000, 006004, 006005, 006009, 006002]
5454	6	006008	006002	7	7.0	1.0	0,000	true	[006008, 006001, 006003, 006000, 006004, 006005, 006009, 006007, 006006, 006002]
5455	6	006008	006002	8	6.0	2.0	0,000	true	[006008, 006001, 006003, 006000, 006004, 006007, 006005, 006002]
5456	6	006008	006002	9	7.0	2.0	0,000	true	[006008, 006001, 006003, 006000, 006004, 006007, 006005, 006006, 006002]
5457	6	006008	006002	10	7.0	2.0	0,000	true	[006008, 006001, 006003, 006000, 006004, 006007, 006005, 006009, 006002]
5458	6	006008	006002	11	7.0	2.0	0,000	true	[006008, 006001, 006003, 006000, 006004, 006007, 006006, 006002]
5459	6	006008	006002	12	6.0	2.0	0,000	true	[006008, 006001, 006003, 006000, 006004, 006007, 006006, 006005, 006002]
5460	6	006008	006002	13	7.0	2.0	0,000	true	[006008, 006001, 006003, 006000, 006004, 006007, 006006, 006005, 006009, 006002]
5461	6	006008	006002	14	7.0	2.0	0,000	true	[006008, 006001, 006003, 006000, 006004, 006007, 006009, 006002]
5462	6	006008	006002	15	6.0	2.0	0,000	true	[006008, 006001, 006003, 006000, 006004, 006007, 006009, 006005, 006002]
5463	6	006008	006002	16	7.0	2.0	0,000	true	[006008, 006001, 006003, 006000, 006004, 006007, 006009, 006005, 006006, 006002]
5464	6	006008	006002	17	9.0	1.0	0,000	true	[006008, 006001, 006003, 006000, 006006, 006002]
5465	6	006008	006002	18	6.0	1.0	0,000	true	[006008, 006001, 006003, 006000, 006006, 006005, 006002]
5466	6	006008	006002	19	7.0	1.0	0,000	true	[006008, 006001, 006003, 006000, 006006, 006005, 006004, 006007, 006009, 006002]
5467	6	006008	006002	20	7.0	1.0	0,000	true	[006008, 006001, 006003, 006000, 006006, 006005, 006007, 006009, 006002]
5468	6	006008	006002	21	7.0	1.0	0,000	true	[006008, 006001, 006003, 006000, 006006, 006005, 006009, 006002]
5469	6	006008	006002	22	6.0	1.0	0,000	true	[006008, 006001, 006003, 006000, 006006, 006007, 006004, 006005, 006002]
5470	6	006008	006002	23	7.0	1.0	0,000	true	[006008, 006001, 006003, 006000, 006006, 006007, 006004, 006005, 006009, 006002]
5471	6	006008	006002	24	6.0	1.0	0,000	true	[006008, 006001, 006003, 006000, 006006, 006007, 006005, 006002]
5472	6	006008	006002	25	7.0	1.0	0,000	true	[006008, 006001, 006003, 006000, 006006, 006007, 006005, 006009, 006002]
5473	6	006008	006002	26	7.0	1.0	0,000	true	[006008, 006001, 006003, 006000, 006006, 006007, 006009, 006002]
5474	6	006008	006002	27	6.0	1.0	0,000	true	[006008, 006001, 006003, 006000, 006006, 006007, 006009, 006005, 006002]
5475	6	006008	006002	28	7.0	1.0	0,002	true	[006008, 006001, 006003, 006000, 006009, 006002]
5476	6	006008	006002	29	6.0	1.0	0,000	true	[006008, 006001, 006003, 006000, 006009, 006005, 006002]
5477	6	006008	006002	30	9.0	1.0	0,000	true	[006008, 006001, 006003, 006000, 006009, 006005, 006004, 006007, 006006, 006002]
5478	6	006008	006002	31	8.0	1.0	0,000	true	[006008, 006001, 006003, 006000, 006009, 006005, 006006, 006002]
5479	6	006008	006002	32	9.0	1.0	0,000	true	[006008, 006001, 006003, 006000, 006009, 006005, 006007, 006006, 006002]
5480	6	006008	006002	33	6.0	1.0	0,000	true	[006008, 006001, 006003, 006000, 006009, 006007, 006004, 006005, 006002]
5481	6	006008	006002	34	8.0	1.0	0,000	true	[006008, 006001, 006003, 006000, 006009, 006007, 006004, 006005, 006006, 006002]
5482	6	006008	006002	35	6.0	1.0	0,000	true	[006008, 006001, 006003, 006000, 006009, 006007, 006005, 006002]
5483	6	006008	006002	36	8.0	1.0	0,000	true	[006008, 006001, 006003, 006000, 006009, 006007, 006005, 006006, 006002]
5484	6	006008	006002	37	9.0	1.0	0,000	true	[006008, 006001, 006003, 006000, 006009, 006007, 006006, 006002]
5485	6	006008	006002	38	6.0	1.0	0,000	true	[006008, 006001, 006003, 006000, 006009, 006007, 006006, 006005, 006002]
5486	6	006008	006002	39	6.0	3.0	0,023	true	[006008, 006001, 006003, 006002]
5487	6	006008	006002	40	6.0	3.0	0,005	true	[006008, 006001, 006003, 006005, 006002]
5488	6	006008	006002	41	7.0	1.0	0,000	true	[006008, 006001, 006003, 006005, 006004, 006000, 006002]
5489	6	006008	006002	42	7.0	1.0	0,000	true	[006008, 006001, 006003, 006005, 006004, 006000, 006006, 006002]
5490	6	006008	006002	43	7.0	1.0	0,000	true	[006008, 006001, 006003, 006005, 006004, 006000, 006006, 006007, 006009, 006002]
5491	6	006008	006002	44	7.0	1.0	0,000	true	[006008, 006001, 006003, 006005, 006004, 006000, 006009, 006002]
5492	6	006008	006002	45	7.0	1.0	0,000	true	[006008, 006001, 006003, 006005, 006004, 006000, 006009, 006007, 006006, 006002]
5493	6	006008	006002	46	9.0	1.0	0,000	true	[006008, 006001, 006003, 006005, 006004, 006007, 006006, 006000, 006002]
5494	6	006008	006002	47	7.0	1.0	0,000	true	[006008, 006001, 006003, 006005, 006004, 006007, 006006, 006000, 006009, 006002]
5495	6	006008	006002	48	9.0	1.0	0,000	true	[006008, 006001, 006003, 006005, 006004, 006007, 006006, 006002]
5496	6	006008	006002	49	9.0	1.0	0,000	true	[006008, 006001, 006003, 006005, 006004, 006007, 006009, 006000, 006002]
5497	6	006008	006002	50	9.0	1.0	0,000	true	[006008, 006001, 006003, 006005, 006004, 006007, 006009, 006000, 006006, 006002]
5498	6	006008	006002	51	7.0	1.0	0,000	true	[006008, 006001, 006003, 006005, 006004, 006007, 006009, 006002]
5499	6	006008	006002	52	8.0	1.0	0,000	true	[006008, 006001, 006003, 006005, 006006, 006000, 006002]
5500	6	006008	006002	53	7.0	1.0	0,000	true	[006008, 006001, 006003, 006005, 006006, 006000, 006004, 006007, 006009, 006002]
5501	6	006008	006002	54	7.0	1.0	0,000	true	[006008, 006001, 006003, 006005, 006006, 006000, 006009, 006002]
5502	6	006008	006002	55	8.0	3.0	0,002	true	[006008, 006001, 006003, 006005, 006006, 006002]
5503	6	006008	006002	56	7.0	3.0	0,000	true	[006008, 006001, 006003, 006005, 006006, 006007, 006004, 006000, 006002]
5504	6	006008	006002	57	7.0	1.0	0,000	true	[006008, 006001, 006003, 006005, 006006, 006007, 006004, 006000, 006009, 006002]
5505	6	006008	006002	58	8.0	1.0	0,000	true	[006008, 006001, 006003, 006005, 006006, 006007, 006009, 006000, 006002]
5506	6	006008	006002	59	7.0	3.0	0,000	true	[006008, 006001, 006003, 006005, 006006, 006007, 006009, 006002]
5507	6	006008	006002	60	7.0	3.0	0,000	true	[006008, 006001, 006003, 006005, 006007, 006004, 006000, 006002]
5508	6	006008	006002	61	7.0	1.0	0,000	true	[006008, 006001, 006003, 006005, 006007, 006004, 006000, 006006, 006002]
5509	6	006008	006002	62	7.0	1.0	0,000	true	[006008, 006001, 006003, 006005, 006007, 006004, 006000, 006009, 006002]
5510	6	006008	006002	63	9.0	1.0	0,000	true	[006008, 006001, 006003, 006005, 006007, 006006, 006000, 006002]
5511	6	006008	006002	64	7.0	1.0	0,000	true	[006008, 006001, 006003, 006005, 006007, 006006, 006000, 006009, 006002]
5512	6	006008	006002	65	9.0	3.0	0,000	true	[006008, 006001, 006003, 006005, 006007, 006006, 006002]
5513	6	006008	006002	66	9.0	1.0	0,000	true	[006008, 006001, 006003, 006005, 006007, 006009, 006000, 006002]
5514	6	006008	006002	67	9.0	1.0	0,000	true	[006008, 006001, 006003, 006005, 006007, 006009, 006000, 006006, 006002]
5515	6	006008	006002	68	7.0	3.0	0,000	true	[006008, 006001, 006003, 006005, 006007, 006009, 006002]
5516	6	006008	006002	69	9.0	1.0	0,000	true	[006008, 006001, 006003, 006005, 006009, 006000, 006002]
5517	6	006008	006002	70	7.0	1.0	0,000	true	[006008, 006001, 006003, 006005, 006009, 006000, 006004, 006007, 006006, 006002]
5518	6	006008	006002	71	9.0	1.0	0,000	true	[006008, 006001, 006003, 006005, 006009, 006000, 006006, 006002]
5519	6	006008	006002	72	7.0	2.0	0,000	true	[006008, 006001, 006003, 006005, 006009, 006002]
5520	6	006008	006002	73	7.0	2.0	0,000	true	[006008, 006001, 006003, 006005, 006009, 006007, 006004, 006000, 006002]
5521	6	006008	006002	74	7.0	1.0	0,000	true	[006008, 006001, 006003, 006005, 006009, 006007, 006004, 006000, 006006, 006002]
5522	6	006008	006002	75	9.0	1.0	0,000	true	[006008, 006001, 006003, 006005, 006009, 006007, 006006, 006000, 006002]
5523	6	006008	006002	76	9.0	2.0	0,000	true	[006008, 006001, 006003, 006005, 006009, 006007, 006006, 006002]
5524	6	006008	006002	77	8.0	1.0	0,000	true	[006008, 006001, 006003, 006006, 006000, 006002]
5525	6	006008	006002	78	6.0	1.0	0,000	true	[006008, 006001, 006003, 006006, 006000, 006004, 006005, 006002]
5526	6	006008	006002	79	7.0	1.0	0,000	true	[006008, 006001, 006003, 006006, 006000, 006004, 006005, 006007, 006009, 006002]
5527	6	006008	006002	80	7.0	1.0	0,000	true	[006008, 006001, 006003, 006006, 006000, 006004, 006005, 006009, 006002]
5528	6	006008	006002	81	6.0	1.0	0,000	true	[006008, 006001, 006003, 006006, 006000, 006004, 006007, 006005, 006002]
5529	6	006008	006002	82	7.0	1.0	0,000	true	[006008, 006001, 006003, 006006, 006000, 006004, 006007, 006005, 006009, 006002]
5530	6	006008	006002	83	7.0	1.0	0,000	true	[006008, 006001, 006003, 006006, 006000, 006004, 006007, 006009, 006002]
5531	6	006008	006002	84	6.0	1.0	0,000	true	[006008, 006001, 006003, 006006, 006000, 006004, 006007, 006009, 006005, 006002]
5532	6	006008	006002	85	7.0	1.0	0,000	true	[006008, 006001, 006003, 006006, 006000, 006009, 006002]
5533	6	006008	006002	86	6.0	1.0	0,000	true	[006008, 006001, 006003, 006006, 006000, 006009, 006005, 006002]
5534	6	006008	006002	87	6.0	1.0	0,000	true	[006008, 006001, 006003, 006006, 006000, 006009, 006007, 006004, 006005, 006002]
5535	6	006008	006002	88	6.0	1.0	0,000	true	[006008, 006001, 006003, 006006, 006000, 006009, 006007, 006005, 006002]
5536	6	006008	006002	89	8.0	3.0	0,005	true	[006008, 006001, 006003, 006006, 006002]
5537	6	006008	006002	90	6.0	3.0	0,003	true	[006008, 006001, 006003, 006006, 006005, 006002]
5538	6	006008	006002	91	7.0	1.0	0,000	true	[006008, 006001, 006003, 006006, 006005, 006004, 006000, 006002]
5539	6	006008	006002	92	7.0	1.0	0,000	true	[006008, 006001, 006003, 006006, 006005, 006004, 006000, 006009, 006002]
5540	6	006008	006002	93	8.0	1.0	0,000	true	[006008, 006001, 006003, 006006, 006005, 006004, 006007, 006009, 006000, 006002]
5541	6	006008	006002	94	7.0	1.0	0,000	true	[006008, 006001, 006003, 006006, 006005, 006004, 006007, 006009, 006002]
5542	6	006008	006002	95	7.0	3.0	0,000	true	[006008, 006001, 006003, 006006, 006005, 006007, 006004, 006000, 006002]
5543	6	006008	006002	96	7.0	1.0	0,000	true	[006008, 006001, 006003, 006006, 006005, 006007, 006004, 006000, 006009, 006002]
5544	6	006008	006002	97	8.0	1.0	0,000	true	[006008, 006001, 006003, 006006, 006005, 006007, 006009, 006000, 006002]
5545	6	006008	006002	98	7.0	3.0	0,000	true	[006008, 006001, 006003, 006006, 006005, 006007, 006009, 006002]
5546	6	006008	006002	99	8.0	1.0	0,000	true	[006008, 006001, 006003, 006006, 006005, 006009, 006000, 006002]
5547	6	006008	006002	100	7.0	2.0	0,000	true	[006008, 006001, 006003, 006006, 006005, 006009, 006002]
5548	6	006008	006002	101	12.0	1.0	0,360	true	[006008, 006002]
5549	7	007000	007009	0	6.0	1.0	0,000	true	[007000, 007001, 007003, 007002, 007004, 007005, 007006, 007008, 007007, 007009]
5550	7	007000	007009	1	6.0	1.0	0,000	true	[007000, 007001, 007003, 007002, 007004, 007005, 007006, 007008, 007009]
5551	7	007000	007009	2	6.0	1.0	0,000	true	[007000, 007001, 007003, 007002, 007004, 007005, 007006, 007009]
5552	7	007000	007009	3	6.0	1.0	0,000	true	[007000, 007001, 007003, 007002, 007004, 007005, 007007, 007008, 007006, 007009]
5553	7	007000	007009	4	6.0	1.0	0,000	true	[007000, 007001, 007003, 007002, 007004, 007005, 007007, 007008, 007009]
5554	7	007000	007009	5	6.0	1.0	0,000	true	[007000, 007001, 007003, 007002, 007004, 007005, 007007, 007009]
5555	7	007000	007009	6	6.0	1.0	0,000	true	[007000, 007001, 007003, 007002, 007004, 007005, 007008, 007006, 007009]
5556	7	007000	007009	7	6.0	1.0	0,000	true	[007000, 007001, 007003, 007002, 007004, 007005, 007008, 007007, 007009]
5557	7	007000	007009	8	6.0	1.0	0,000	true	[007000, 007001, 007003, 007002, 007004, 007005, 007008, 007009]
5558	7	007000	007009	9	6.0	1.0	0,000	true	[007000, 007001, 007003, 007002, 007004, 007005, 007009]
5559	7	007000	007009	10	6.0	2.0	0,000	true	[007000, 007001, 007003, 007002, 007004, 007007, 007005, 007006, 007008, 007009]
5560	7	007000	007009	11	6.0	2.0	0,000	true	[007000, 007001, 007003, 007002, 007004, 007007, 007005, 007006, 007009]
5561	7	007000	007009	12	6.0	2.0	0,000	true	[007000, 007001, 007003, 007002, 007004, 007007, 007005, 007008, 007006, 007009]
5562	7	007000	007009	13	6.0	2.0	0,000	true	[007000, 007001, 007003, 007002, 007004, 007007, 007005, 007008, 007009]
5563	7	007000	007009	14	6.0	2.0	0,000	true	[007000, 007001, 007003, 007002, 007004, 007007, 007005, 007009]
5564	7	007000	007009	15	6.0	2.0	0,000	true	[007000, 007001, 007003, 007002, 007004, 007007, 007008, 007005, 007006, 007009]
5565	7	007000	007009	16	6.0	2.0	0,000	true	[007000, 007001, 007003, 007002, 007004, 007007, 007008, 007005, 007009]
5566	7	007000	007009	17	6.0	2.0	0,000	true	[007000, 007001, 007003, 007002, 007004, 007007, 007008, 007006, 007005, 007009]
5567	7	007000	007009	18	6.0	2.0	0,000	true	[007000, 007001, 007003, 007002, 007004, 007007, 007008, 007006, 007009]
5568	7	007000	007009	19	6.0	2.0	0,000	true	[007000, 007001, 007003, 007002, 007004, 007007, 007008, 007009]
5569	7	007000	007009	20	6.0	2.0	0,000	true	[007000, 007001, 007003, 007002, 007004, 007007, 007009]
5570	7	007000	007009	21	6.0	2.0	0,000	true	[007000, 007001, 007003, 007002, 007004, 007008, 007005, 007006, 007009]
5571	7	007000	007009	22	6.0	2.0	0,000	true	[007000, 007001, 007003, 007002, 007004, 007008, 007005, 007007, 007009]
5572	7	007000	007009	23	6.0	2.0	0,000	true	[007000, 007001, 007003, 007002, 007004, 007008, 007005, 007009]
5573	7	007000	007009	24	6.0	2.0	0,000	true	[007000, 007001, 007003, 007002, 007004, 007008, 007006, 007005, 007007, 007009]
5574	7	007000	007009	25	6.0	2.0	0,000	true	[007000, 007001, 007003, 007002, 007004, 007008, 007006, 007005, 007009]
5575	7	007000	007009	26	6.0	2.0	0,000	true	[007000, 007001, 007003, 007002, 007004, 007008, 007006, 007009]
5576	7	007000	007009	27	6.0	2.0	0,000	true	[007000, 007001, 007003, 007002, 007004, 007008, 007007, 007005, 007006, 007009]
5577	7	007000	007009	28	6.0	2.0	0,000	true	[007000, 007001, 007003, 007002, 007004, 007008, 007007, 007005, 007009]
5578	7	007000	007009	29	6.0	2.0	0,000	true	[007000, 007001, 007003, 007002, 007004, 007008, 007007, 007009]
5579	7	007000	007009	30	6.0	2.0	0,000	true	[007000, 007001, 007003, 007002, 007004, 007008, 007009]
5580	7	007000	007009	31	6.0	2.0	0,000	true	[007000, 007001, 007003, 007002, 007004, 007009]
5581	7	007000	007009	32	6.0	1.0	0,000	true	[007000, 007001, 007003, 007004, 007005, 007006, 007008, 007007, 007009]
5582	7	007000	007009	33	6.0	1.0	0,000	true	[007000, 007001, 007003, 007004, 007005, 007006, 007008, 007009]
5583	7	007000	007009	34	6.0	1.0	0,000	true	[007000, 007001, 007003, 007004, 007005, 007006, 007009]
5584	7	007000	007009	35	6.0	1.0	0,000	true	[007000, 007001, 007003, 007004, 007005, 007007, 007008, 007006, 007009]
5585	7	007000	007009	36	6.0	1.0	0,000	true	[007000, 007001, 007003, 007004, 007005, 007007, 007008, 007009]
5586	7	007000	007009	37	6.0	1.0	0,000	true	[007000, 007001, 007003, 007004, 007005, 007007, 007009]
5587	7	007000	007009	38	6.0	1.0	0,000	true	[007000, 007001, 007003, 007004, 007005, 007008, 007006, 007009]
5588	7	007000	007009	39	6.0	1.0	0,000	true	[007000, 007001, 007003, 007004, 007005, 007008, 007007, 007009]
5589	7	007000	007009	40	6.0	1.0	0,000	true	[007000, 007001, 007003, 007004, 007005, 007008, 007009]
5590	7	007000	007009	41	6.0	1.0	0,000	true	[007000, 007001, 007003, 007004, 007005, 007009]
5591	7	007000	007009	42	6.0	2.0	0,000	true	[007000, 007001, 007003, 007004, 007007, 007005, 007006, 007008, 007009]
5592	7	007000	007009	43	6.0	2.0	0,000	true	[007000, 007001, 007003, 007004, 007007, 007005, 007006, 007009]
5593	7	007000	007009	44	6.0	2.0	0,000	true	[007000, 007001, 007003, 007004, 007007, 007005, 007008, 007006, 007009]
5594	7	007000	007009	45	6.0	2.0	0,000	true	[007000, 007001, 007003, 007004, 007007, 007005, 007008, 007009]
5595	7	007000	007009	46	6.0	2.0	0,000	true	[007000, 007001, 007003, 007004, 007007, 007005, 007009]
5596	7	007000	007009	47	6.0	2.0	0,000	true	[007000, 007001, 007003, 007004, 007007, 007008, 007005, 007006, 007009]
5597	7	007000	007009	48	6.0	2.0	0,000	true	[007000, 007001, 007003, 007004, 007007, 007008, 007005, 007009]
5598	7	007000	007009	49	6.0	2.0	0,000	true	[007000, 007001, 007003, 007004, 007007, 007008, 007006, 007005, 007009]
5599	7	007000	007009	50	6.0	2.0	0,000	true	[007000, 007001, 007003, 007004, 007007, 007008, 007006, 007009]
5600	7	007000	007009	51	6.0	2.0	0,000	true	[007000, 007001, 007003, 007004, 007007, 007008, 007009]
5601	7	007000	007009	52	6.0	2.0	0,000	true	[007000, 007001, 007003, 007004, 007007, 007009]
5602	7	007000	007009	53	6.0	2.0	0,000	true	[007000, 007001, 007003, 007004, 007008, 007005, 007006, 007009]
5603	7	007000	007009	54	6.0	2.0	0,000	true	[007000, 007001, 007003, 007004, 007008, 007005, 007007, 007009]
5604	7	007000	007009	55	6.0	2.0	0,000	true	[007000, 007001, 007003, 007004, 007008, 007005, 007009]
5605	7	007000	007009	56	6.0	2.0	0,000	true	[007000, 007001, 007003, 007004, 007008, 007006, 007005, 007007, 007009]
5606	7	007000	007009	57	6.0	2.0	0,000	true	[007000, 007001, 007003, 007004, 007008, 007006, 007005, 007009]
5607	7	007000	007009	58	6.0	2.0	0,000	true	[007000, 007001, 007003, 007004, 007008, 007006, 007009]
5608	7	007000	007009	59	6.0	2.0	0,000	true	[007000, 007001, 007003, 007004, 007008, 007007, 007005, 007006, 007009]
5609	7	007000	007009	60	6.0	2.0	0,000	true	[007000, 007001, 007003, 007004, 007008, 007007, 007005, 007009]
5610	7	007000	007009	61	6.0	2.0	0,000	true	[007000, 007001, 007003, 007004, 007008, 007007, 007009]
5611	7	007000	007009	62	6.0	2.0	0,000	true	[007000, 007001, 007003, 007004, 007008, 007009]
5612	7	007000	007009	63	6.0	2.0	0,000	true	[007000, 007001, 007003, 007004, 007009]
5613	7	007000	007009	64	6.0	1.0	0,000	true	[007000, 007001, 007003, 007005, 007004, 007007, 007008, 007006, 007009]
5614	7	007000	007009	65	6.0	1.0	0,000	true	[007000, 007001, 007003, 007005, 007004, 007007, 007008, 007009]
5615	7	007000	007009	66	7.0	1.0	0,000	true	[007000, 007001, 007003, 007005, 007004, 007007, 007009]
5616	7	007000	007009	67	6.0	1.0	0,000	true	[007000, 007001, 007003, 007005, 007004, 007008, 007006, 007009]
5617	7	007000	007009	68	6.0	1.0	0,000	true	[007000, 007001, 007003, 007005, 007004, 007008, 007007, 007009]
5618	7	007000	007009	69	6.0	1.0	0,000	true	[007000, 007001, 007003, 007005, 007004, 007008, 007009]
5619	7	007000	007009	70	6.0	1.0	0,000	true	[007000, 007001, 007003, 007005, 007004, 007009]
5620	7	007000	007009	71	6.0	2.0	0,000	true	[007000, 007001, 007003, 007005, 007006, 007008, 007004, 007007, 007009]
5621	7	007000	007009	72	6.0	2.0	0,000	true	[007000, 007001, 007003, 007005, 007006, 007008, 007004, 007009]
5622	7	007000	007009	73	6.0	2.0	0,000	true	[007000, 007001, 007003, 007005, 007006, 007008, 007007, 007004, 007009]
5623	7	007000	007009	74	6.0	2.0	0,000	true	[007000, 007001, 007003, 007005, 007006, 007008, 007007, 007009]
5624	7	007000	007009	75	7.0	2.0	0,000	true	[007000, 007001, 007003, 007005, 007006, 007008, 007009]
5625	7	007000	007009	76	7.0	2.0	0,000	true	[007000, 007001, 007003, 007005, 007006, 007009]
5626	7	007000	007009	77	6.0	2.0	0,000	true	[007000, 007001, 007003, 007005, 007007, 007004, 007008, 007006, 007009]
5627	7	007000	007009	78	6.0	2.0	0,000	true	[007000, 007001, 007003, 007005, 007007, 007004, 007008, 007009]
5628	7	007000	007009	79	6.0	2.0	0,000	true	[007000, 007001, 007003, 007005, 007007, 007004, 007009]
5629	7	007000	007009	80	6.0	2.0	0,000	true	[007000, 007001, 007003, 007005, 007007, 007008, 007004, 007009]
5630	7	007000	007009	81	6.0	2.0	0,000	true	[007000, 007001, 007003, 007005, 007007, 007008, 007006, 007009]
5631	7	007000	007009	82	6.0	2.0	0,000	true	[007000, 007001, 007003, 007005, 007007, 007008, 007009]
5632	7	007000	007009	83	8.0	2.0	0,000	true	[007000, 007001, 007003, 007005, 007007, 007009]
5633	7	007000	007009	84	6.0	2.0	0,000	true	[007000, 007001, 007003, 007005, 007008, 007004, 007007, 007009]
5634	7	007000	007009	85	6.0	2.0	0,000	true	[007000, 007001, 007003, 007005, 007008, 007004, 007009]
5635	7	007000	007009	86	7.0	2.0	0,000	true	[007000, 007001, 007003, 007005, 007008, 007006, 007009]
5636	7	007000	007009	87	6.0	2.0	0,000	true	[007000, 007001, 007003, 007005, 007008, 007007, 007004, 007009]
5637	7	007000	007009	88	6.0	2.0	0,000	true	[007000, 007001, 007003, 007005, 007008, 007007, 007009]
5638	7	007000	007009	89	7.0	2.0	0,000	true	[007000, 007001, 007003, 007005, 007008, 007009]
5639	7	007000	007009	90	8.0	2.0	0,000	true	[007000, 007001, 007003, 007005, 007009]
5640	7	007000	007009	91	6.0	1.0	0,000	true	[007000, 007001, 007003, 007006, 007005, 007004, 007007, 007008, 007009]
5641	7	007000	007009	92	7.0	1.0	0,000	true	[007000, 007001, 007003, 007006, 007005, 007004, 007007, 007009]
5642	7	007000	007009	93	6.0	1.0	0,000	true	[007000, 007001, 007003, 007006, 007005, 007004, 007008, 007007, 007009]
5643	7	007000	007009	94	6.0	1.0	0,000	true	[007000, 007001, 007003, 007006, 007005, 007004, 007008, 007009]
5644	7	007000	007009	95	6.0	1.0	0,000	true	[007000, 007001, 007003, 007006, 007005, 007004, 007009]
5645	7	007000	007009	96	6.0	1.0	0,000	true	[007000, 007001, 007003, 007006, 007005, 007007, 007004, 007008, 007009]
5646	7	007000	007009	97	6.0	1.0	0,000	true	[007000, 007001, 007003, 007006, 007005, 007007, 007004, 007009]
5647	7	007000	007009	98	6.0	1.0	0,000	true	[007000, 007001, 007003, 007006, 007005, 007007, 007008, 007004, 007009]
5648	7	007000	007009	99	6.0	1.0	0,000	true	[007000, 007001, 007003, 007006, 007005, 007007, 007008, 007009]
5649	7	007000	007009	100	7.0	1.0	0,000	true	[007000, 007001, 007003, 007006, 007005, 007007, 007009]
5650	7	007000	007009	101	7.0	1.0	0,000	true	[007000, 007001, 007003, 007006, 007005, 007009]
5651	7	007000	007009	102	8.0	1.0	0,002	true	[007000, 007001, 007003, 007006, 007009]
5652	7	007000	007009	103	9.0	2.0	0,030	true	[007000, 007001, 007009]
5653	7	007000	007009	104	8.0	1.0	0,290	true	[007000, 007009]
5654	8	008002	008006	0	6.0	2.0	0,000	true	[008002, 008001, 008000, 008003, 008004, 008006]
5655	8	008002	008006	1	6.0	2.0	0,000	true	[008002, 008001, 008000, 008003, 008004, 008007, 008006]
5656	8	008002	008006	2	5.0	1.0	0,000	true	[008002, 008001, 008000, 008003, 008004, 008009, 008007, 008006]
5657	8	008002	008006	3	6.0	2.0	0,000	true	[008002, 008001, 008000, 008003, 008005, 008007, 008004, 008006]
5658	8	008002	008006	4	6.0	2.0	0,000	true	[008002, 008001, 008000, 008003, 008005, 008007, 008006]
5659	8	008002	008006	5	5.0	1.0	0,000	true	[008002, 008001, 008000, 008003, 008005, 008007, 008009, 008004, 008006]
5660	8	008002	008006	6	5.0	2.0	0,002	true	[008002, 008001, 008000, 008003, 008006]
5661	8	008002	008006	7	6.0	1.0	0,000	true	[008002, 008001, 008000, 008003, 008007, 008004, 008006]
5662	8	008002	008006	8	6.0	1.0	0,000	true	[008002, 008001, 008000, 008003, 008007, 008006]
5663	8	008002	008006	9	5.0	1.0	0,000	true	[008002, 008001, 008000, 008003, 008007, 008009, 008004, 008006]
5664	8	008002	008006	10	6.0	1.0	0,000	true	[008002, 008001, 008000, 008003, 008009, 008004, 008006]
5665	8	008002	008006	11	6.0	1.0	0,000	true	[008002, 008001, 008000, 008003, 008009, 008004, 008007, 008006]
5666	8	008002	008006	12	5.0	1.0	0,000	true	[008002, 008001, 008000, 008003, 008009, 008007, 008004, 008006]
5667	8	008002	008006	13	5.0	1.0	0,000	true	[008002, 008001, 008000, 008003, 008009, 008007, 008006]
5668	8	008002	008006	14	6.0	2.0	0,000	true	[008002, 008001, 008000, 008004, 008003, 008005, 008007, 008006]
5669	8	008002	008006	15	5.0	2.0	0,001	true	[008002, 008001, 008000, 008004, 008003, 008006]
5670	8	008002	008006	16	6.0	1.0	0,000	true	[008002, 008001, 008000, 008004, 008003, 008007, 008006]
5671	8	008002	008006	17	5.0	1.0	0,000	true	[008002, 008001, 008000, 008004, 008003, 008009, 008007, 008006]
5672	8	008002	008006	18	6.0	2.0	0,000	true	[008002, 008001, 008000, 008004, 008006]
5673	8	008002	008006	19	5.0	1.0	0,000	true	[008002, 008001, 008000, 008004, 008007, 008003, 008006]
5674	8	008002	008006	20	5.0	2.0	0,000	true	[008002, 008001, 008000, 008004, 008007, 008005, 008003, 008006]
5675	8	008002	008006	21	6.0	2.0	0,000	true	[008002, 008001, 008000, 008004, 008007, 008006]
5676	8	008002	008006	22	5.0	1.0	0,000	true	[008002, 008001, 008000, 008004, 008007, 008009, 008003, 008006]
5677	8	008002	008006	23	6.0	1.0	0,000	true	[008002, 008001, 008000, 008004, 008009, 008003, 008005, 008007, 008006]
5678	8	008002	008006	24	5.0	1.0	0,000	true	[008002, 008001, 008000, 008004, 008009, 008003, 008006]
5679	8	008002	008006	25	6.0	1.0	0,000	true	[008002, 008001, 008000, 008004, 008009, 008003, 008007, 008006]
5680	8	008002	008006	26	5.0	1.0	0,000	true	[008002, 008001, 008000, 008004, 008009, 008007, 008003, 008006]
5681	8	008002	008006	27	5.0	1.0	0,000	true	[008002, 008001, 008000, 008004, 008009, 008007, 008005, 008003, 008006]
5682	8	008002	008006	28	5.0	1.0	0,000	true	[008002, 008001, 008000, 008004, 008009, 008007, 008006]
5683	8	008002	008006	29	6.0	1.0	0,000	true	[008002, 008001, 008000, 008007, 008003, 008004, 008006]
5684	8	008002	008006	30	5.0	1.0	0,000	true	[008002, 008001, 008000, 008007, 008003, 008006]
5685	8	008002	008006	31	6.0	1.0	0,000	true	[008002, 008001, 008000, 008007, 008003, 008009, 008004, 008006]
5686	8	008002	008006	32	5.0	2.0	0,000	true	[008002, 008001, 008000, 008007, 008004, 008003, 008006]
5687	8	008002	008006	33	6.0	2.0	0,000	true	[008002, 008001, 008000, 008007, 008004, 008006]
5688	8	008002	008006	34	5.0	1.0	0,000	true	[008002, 008001, 008000, 008007, 008004, 008009, 008003, 008006]
5689	8	008002	008006	35	6.0	2.0	0,000	true	[008002, 008001, 008000, 008007, 008005, 008003, 008004, 008006]
5690	8	008002	008006	36	5.0	2.0	0,000	true	[008002, 008001, 008000, 008007, 008005, 008003, 008006]
5691	8	008002	008006	37	6.0	1.0	0,000	true	[008002, 008001, 008000, 008007, 008005, 008003, 008009, 008004, 008006]
5692	8	008002	008006	38	6.0	2.0	0,000	true	[008002, 008001, 008000, 008007, 008006]
5693	8	008002	008006	39	5.0	1.0	0,000	true	[008002, 008001, 008000, 008007, 008009, 008003, 008004, 008006]
5694	8	008002	008006	40	5.0	1.0	0,000	true	[008002, 008001, 008000, 008007, 008009, 008003, 008006]
5695	8	008002	008006	41	5.0	1.0	0,000	true	[008002, 008001, 008000, 008007, 008009, 008004, 008003, 008006]
5696	8	008002	008006	42	5.0	1.0	0,000	true	[008002, 008001, 008000, 008007, 008009, 008004, 008006]
5697	8	008002	008006	43	6.0	1.0	0,000	true	[008002, 008001, 008000, 008008, 008009, 008003, 008004, 008006]
5698	8	008002	008006	44	6.0	1.0	0,000	true	[008002, 008001, 008000, 008008, 008009, 008003, 008004, 008007, 008006]
5699	8	008002	008006	45	6.0	1.0	0,000	true	[008002, 008001, 008000, 008008, 008009, 008003, 008005, 008007, 008004, 008006]
5700	8	008002	008006	46	6.0	1.0	0,000	true	[008002, 008001, 008000, 008008, 008009, 008003, 008005, 008007, 008006]
5701	8	008002	008006	47	5.0	1.0	0,000	true	[008002, 008001, 008000, 008008, 008009, 008003, 008006]
5702	8	008002	008006	48	6.0	1.0	0,000	true	[008002, 008001, 008000, 008008, 008009, 008003, 008007, 008004, 008006]
5703	8	008002	008006	49	6.0	1.0	0,000	true	[008002, 008001, 008000, 008008, 008009, 008003, 008007, 008006]
5704	8	008002	008006	50	6.0	2.0	0,000	true	[008002, 008001, 008000, 008008, 008009, 008004, 008003, 008005, 008007, 008006]
5705	8	008002	008006	51	5.0	2.0	0,000	true	[008002, 008001, 008000, 008008, 008009, 008004, 008003, 008006]
5706	8	008002	008006	52	6.0	1.0	0,000	true	[008002, 008001, 008000, 008008, 008009, 008004, 008003, 008007, 008006]
5707	8	008002	008006	53	6.0	2.0	0,000	true	[008002, 008001, 008000, 008008, 008009, 008004, 008006]
5708	8	008002	008006	54	5.0	1.0	0,000	true	[008002, 008001, 008000, 008008, 008009, 008004, 008007, 008003, 008006]
5709	8	008002	008006	55	5.0	2.0	0,000	true	[008002, 008001, 008000, 008008, 008009, 008004, 008007, 008005, 008003, 008006]
5710	8	008002	008006	56	6.0	2.0	0,000	true	[008002, 008001, 008000, 008008, 008009, 008004, 008007, 008006]
5711	8	008002	008006	57	5.0	1.0	0,000	true	[008002, 008001, 008000, 008008, 008009, 008007, 008003, 008004, 008006]
5712	8	008002	008006	58	5.0	1.0	0,000	true	[008002, 008001, 008000, 008008, 008009, 008007, 008003, 008006]
5713	8	008002	008006	59	5.0	1.0	0,000	true	[008002, 008001, 008000, 008008, 008009, 008007, 008004, 008003, 008006]
5714	8	008002	008006	60	5.0	1.0	0,000	true	[008002, 008001, 008000, 008008, 008009, 008007, 008004, 008006]
5715	8	008002	008006	61	5.0	1.0	0,000	true	[008002, 008001, 008000, 008008, 008009, 008007, 008005, 008003, 008004, 008006]
5716	8	008002	008006	62	5.0	1.0	0,000	true	[008002, 008001, 008000, 008008, 008009, 008007, 008005, 008003, 008006]
5717	8	008002	008006	63	5.0	1.0	0,000	true	[008002, 008001, 008000, 008008, 008009, 008007, 008006]
5718	8	008002	008006	64	6.0	1.0	0,000	true	[008002, 008001, 008000, 008009, 008003, 008004, 008006]
5719	8	008002	008006	65	6.0	1.0	0,000	true	[008002, 008001, 008000, 008009, 008003, 008004, 008007, 008006]
5720	8	008002	008006	66	6.0	1.0	0,000	true	[008002, 008001, 008000, 008009, 008003, 008005, 008007, 008004, 008006]
5721	8	008002	008006	67	6.0	1.0	0,000	true	[008002, 008001, 008000, 008009, 008003, 008005, 008007, 008006]
5722	8	008002	008006	68	5.0	1.0	0,000	true	[008002, 008001, 008000, 008009, 008003, 008006]
5723	8	008002	008006	69	6.0	1.0	0,000	true	[008002, 008001, 008000, 008009, 008003, 008007, 008004, 008006]
5724	8	008002	008006	70	6.0	1.0	0,000	true	[008002, 008001, 008000, 008009, 008003, 008007, 008006]
5725	8	008002	008006	71	6.0	2.0	0,000	true	[008002, 008001, 008000, 008009, 008004, 008003, 008005, 008007, 008006]
5726	8	008002	008006	72	5.0	2.0	0,000	true	[008002, 008001, 008000, 008009, 008004, 008003, 008006]
5727	8	008002	008006	73	6.0	1.0	0,000	true	[008002, 008001, 008000, 008009, 008004, 008003, 008007, 008006]
5728	8	008002	008006	74	6.0	2.0	0,000	true	[008002, 008001, 008000, 008009, 008004, 008006]
5729	8	008002	008006	75	5.0	1.0	0,000	true	[008002, 008001, 008000, 008009, 008004, 008007, 008003, 008006]
5730	8	008002	008006	76	5.0	2.0	0,000	true	[008002, 008001, 008000, 008009, 008004, 008007, 008005, 008003, 008006]
5731	8	008002	008006	77	6.0	2.0	0,000	true	[008002, 008001, 008000, 008009, 008004, 008007, 008006]
5732	8	008002	008006	78	5.0	1.0	0,000	true	[008002, 008001, 008000, 008009, 008007, 008003, 008004, 008006]
5733	8	008002	008006	79	5.0	1.0	0,000	true	[008002, 008001, 008000, 008009, 008007, 008003, 008006]
5734	8	008002	008006	80	5.0	1.0	0,000	true	[008002, 008001, 008000, 008009, 008007, 008004, 008003, 008006]
5735	8	008002	008006	81	5.0	1.0	0,000	true	[008002, 008001, 008000, 008009, 008007, 008004, 008006]
5736	8	008002	008006	82	5.0	1.0	0,000	true	[008002, 008001, 008000, 008009, 008007, 008005, 008003, 008004, 008006]
5737	8	008002	008006	83	5.0	1.0	0,000	true	[008002, 008001, 008000, 008009, 008007, 008005, 008003, 008006]
5738	8	008002	008006	84	5.0	1.0	0,001	true	[008002, 008001, 008000, 008009, 008007, 008006]
5739	8	008002	008006	85	6.0	3.0	0,000	true	[008002, 008001, 008004, 008000, 008003, 008005, 008007, 008006]
5740	8	008002	008006	86	5.0	2.0	0,002	true	[008002, 008001, 008004, 008000, 008003, 008006]
5741	8	008002	008006	87	6.0	1.0	0,000	true	[008002, 008001, 008004, 008000, 008003, 008007, 008006]
5742	8	008002	008006	88	5.0	1.0	0,000	true	[008002, 008001, 008004, 008000, 008003, 008009, 008007, 008006]
5743	8	008002	008006	89	5.0	1.0	0,000	true	[008002, 008001, 008004, 008000, 008007, 008003, 008006]
5744	8	008002	008006	90	5.0	2.0	0,000	true	[008002, 008001, 008004, 008000, 008007, 008005, 008003, 008006]
5745	8	008002	008006	91	6.0	3.0	0,000	true	[008002, 008001, 008004, 008000, 008007, 008006]
5746	8	008002	008006	92	5.0	1.0	0,000	true	[008002, 008001, 008004, 008000, 008007, 008009, 008003, 008006]
5747	8	008002	008006	93	6.0	1.0	0,000	true	[008002, 008001, 008004, 008000, 008008, 008009, 008003, 008005, 008007, 008006]
5748	8	008002	008006	94	5.0	1.0	0,000	true	[008002, 008001, 008004, 008000, 008008, 008009, 008003, 008006]
5749	8	008002	008006	95	6.0	1.0	0,000	true	[008002, 008001, 008004, 008000, 008008, 008009, 008003, 008007, 008006]
5750	8	008002	008006	96	5.0	1.0	0,000	true	[008002, 008001, 008004, 008000, 008008, 008009, 008007, 008003, 008006]
5751	8	008002	008006	97	5.0	1.0	0,000	true	[008002, 008001, 008004, 008000, 008008, 008009, 008007, 008005, 008003, 008006]
5752	8	008002	008006	98	5.0	1.0	0,000	true	[008002, 008001, 008004, 008000, 008008, 008009, 008007, 008006]
5753	8	008002	008006	99	6.0	1.0	0,000	true	[008002, 008001, 008004, 008000, 008009, 008003, 008005, 008007, 008006]
5754	8	008002	008006	100	5.0	1.0	0,000	true	[008002, 008001, 008004, 008000, 008009, 008003, 008006]
5755	8	008002	008006	101	11.0	2.0	0,000	true	[008002, 008001, 008004, 008006]
5756	8	008002	008006	102	11.0	1.0	0,076	true	[008002, 008001, 008006]
5757	8	008002	008006	103	5.0	3.0	0,490	true	[008002, 008006]
5758	9	009003	009009	0	7.0	1.0	0,000	true	[009003, 009000, 009002, 009001, 009005, 009006, 009004, 009007, 009009]
5759	9	009003	009009	1	7.0	1.0	0,000	true	[009003, 009000, 009002, 009001, 009005, 009006, 009004, 009009]
5760	9	009003	009009	2	7.0	1.0	0,000	true	[009003, 009000, 009002, 009001, 009005, 009006, 009007, 009004, 009009]
5761	9	009003	009009	3	7.0	1.0	0,000	true	[009003, 009000, 009002, 009001, 009005, 009006, 009007, 009009]
5762	9	009003	009009	4	7.0	1.0	0,001	true	[009003, 009000, 009002, 009001, 009005, 009006, 009009]
5763	9	009003	009009	5	7.0	1.0	0,000	true	[009003, 009000, 009002, 009001, 009005, 009007, 009004, 009006, 009009]
5764	9	009003	009009	6	7.0	1.0	0,000	true	[009003, 009000, 009002, 009001, 009005, 009007, 009004, 009009]
5765	9	009003	009009	7	7.0	1.0	0,000	true	[009003, 009000, 009002, 009001, 009005, 009007, 009006, 009004, 009009]
5766	9	009003	009009	8	7.0	1.0	0,000	true	[009003, 009000, 009002, 009001, 009005, 009007, 009006, 009009]
5767	9	009003	009009	9	7.0	1.0	0,000	true	[009003, 009000, 009002, 009001, 009005, 009007, 009009]
5768	9	009003	009009	10	7.0	1.0	0,003	true	[009003, 009000, 009002, 009001, 009005, 009009]
5769	9	009003	009009	11	7.0	1.0	0,000	true	[009003, 009000, 009002, 009001, 009006, 009004, 009007, 009005, 009009]
5770	9	009003	009009	12	7.0	1.0	0,000	true	[009003, 009000, 009002, 009001, 009006, 009004, 009007, 009009]
5771	9	009003	009009	13	7.0	1.0	0,000	true	[009003, 009000, 009002, 009001, 009006, 009004, 009009]
5772	9	009003	009009	14	7.0	1.0	0,000	true	[009003, 009000, 009002, 009001, 009006, 009005, 009007, 009004, 009009]
5773	9	009003	009009	15	7.0	1.0	0,000	true	[009003, 009000, 009002, 009001, 009006, 009005, 009007, 009009]
5774	9	009003	009009	16	7.0	1.0	0,000	true	[009003, 009000, 009002, 009001, 009006, 009005, 009009]
5775	9	009003	009009	17	7.0	1.0	0,000	true	[009003, 009000, 009002, 009001, 009006, 009007, 009004, 009009]
5776	9	009003	009009	18	7.0	1.0	0,000	true	[009003, 009000, 009002, 009001, 009006, 009007, 009005, 009009]
5777	9	009003	009009	19	7.0	1.0	0,000	true	[009003, 009000, 009002, 009001, 009006, 009007, 009009]
5778	9	009003	009009	20	7.0	1.0	0,001	true	[009003, 009000, 009002, 009001, 009006, 009009]
5779	9	009003	009009	21	7.0	1.0	0,000	true	[009003, 009000, 009002, 009001, 009007, 009004, 009006, 009005, 009009]
5780	9	009003	009009	22	7.0	1.0	0,000	true	[009003, 009000, 009002, 009001, 009007, 009004, 009006, 009009]
5781	9	009003	009009	23	7.0	1.0	0,000	true	[009003, 009000, 009002, 009001, 009007, 009004, 009009]
5782	9	009003	009009	24	7.0	1.0	0,000	true	[009003, 009000, 009002, 009001, 009007, 009005, 009006, 009004, 009009]
5783	9	009003	009009	25	7.0	1.0	0,000	true	[009003, 009000, 009002, 009001, 009007, 009005, 009006, 009009]
5784	9	009003	009009	26	7.0	1.0	0,000	true	[009003, 009000, 009002, 009001, 009007, 009005, 009009]
5785	9	009003	009009	27	7.0	1.0	0,000	true	[009003, 009000, 009002, 009001, 009007, 009006, 009004, 009009]
5786	9	009003	009009	28	7.0	1.0	0,000	true	[009003, 009000, 009002, 009001, 009007, 009006, 009005, 009009]
5787	9	009003	009009	29	7.0	1.0	0,000	true	[009003, 009000, 009002, 009001, 009007, 009006, 009009]
5788	9	009003	009009	30	7.0	1.0	0,000	true	[009003, 009000, 009002, 009001, 009007, 009009]
5789	9	009003	009009	31	7.0	1.0	0,000	true	[009003, 009000, 009002, 009001, 009008, 009007, 009004, 009006, 009005, 009009]
5790	9	009003	009009	32	7.0	1.0	0,000	true	[009003, 009000, 009002, 009001, 009008, 009007, 009004, 009006, 009009]
5791	9	009003	009009	33	7.0	1.0	0,000	true	[009003, 009000, 009002, 009001, 009008, 009007, 009004, 009009]
5792	9	009003	009009	34	7.0	1.0	0,000	true	[009003, 009000, 009002, 009001, 009008, 009007, 009005, 009006, 009004, 009009]
5793	9	009003	009009	35	7.0	1.0	0,000	true	[009003, 009000, 009002, 009001, 009008, 009007, 009005, 009006, 009009]
5794	9	009003	009009	36	7.0	1.0	0,000	true	[009003, 009000, 009002, 009001, 009008, 009007, 009005, 009009]
5795	9	009003	009009	37	7.0	1.0	0,000	true	[009003, 009000, 009002, 009001, 009008, 009007, 009006, 009004, 009009]
5796	9	009003	009009	38	7.0	1.0	0,000	true	[009003, 009000, 009002, 009001, 009008, 009007, 009006, 009005, 009009]
5797	9	009003	009009	39	7.0	1.0	0,000	true	[009003, 009000, 009002, 009001, 009008, 009007, 009006, 009009]
5798	9	009003	009009	40	7.0	1.0	0,002	true	[009003, 009000, 009002, 009001, 009008, 009007, 009009]
5799	9	009003	009009	41	5.0	1.0	0,000	true	[009003, 009000, 009002, 009004, 009006, 009001, 009005, 009007, 009009]
5800	9	009003	009009	42	5.0	1.0	0,000	true	[009003, 009000, 009002, 009004, 009006, 009001, 009005, 009009]
5801	9	009003	009009	43	5.0	1.0	0,000	true	[009003, 009000, 009002, 009004, 009006, 009001, 009007, 009005, 009009]
5802	9	009003	009009	44	5.0	1.0	0,000	true	[009003, 009000, 009002, 009004, 009006, 009001, 009007, 009009]
5803	9	009003	009009	45	5.0	1.0	0,000	true	[009003, 009000, 009002, 009004, 009006, 009001, 009008, 009007, 009005, 009009]
5804	9	009003	009009	46	5.0	1.0	0,000	true	[009003, 009000, 009002, 009004, 009006, 009001, 009008, 009007, 009009]
5805	9	009003	009009	47	5.0	1.0	0,000	true	[009003, 009000, 009002, 009004, 009006, 009005, 009001, 009007, 009009]
5806	9	009003	009009	48	5.0	1.0	0,000	true	[009003, 009000, 009002, 009004, 009006, 009005, 009001, 009008, 009007, 009009]
5807	9	009003	009009	49	5.0	1.0	0,000	true	[009003, 009000, 009002, 009004, 009006, 009005, 009007, 009009]
5808	9	009003	009009	50	5.0	1.0	0,000	true	[009003, 009000, 009002, 009004, 009006, 009005, 009009]
5809	9	009003	009009	51	5.0	1.0	0,000	true	[009003, 009000, 009002, 009004, 009006, 009007, 009001, 009005, 009009]
5810	9	009003	009009	52	5.0	1.0	0,000	true	[009003, 009000, 009002, 009004, 009006, 009007, 009005, 009009]
5811	9	009003	009009	53	5.0	1.0	0,000	true	[009003, 009000, 009002, 009004, 009006, 009007, 009008, 009001, 009005, 009009]
5812	9	009003	009009	54	5.0	1.0	0,000	true	[009003, 009000, 009002, 009004, 009006, 009007, 009009]
5813	9	009003	009009	55	5.0	1.0	0,005	true	[009003, 009000, 009002, 009004, 009006, 009009]
5814	9	009003	009009	56	5.0	1.0	0,000	true	[009003, 009000, 009002, 009004, 009007, 009001, 009005, 009006, 009009]
5815	9	009003	009009	57	5.0	1.0	0,000	true	[009003, 009000, 009002, 009004, 009007, 009001, 009005, 009009]
5816	9	009003	009009	58	5.0	1.0	0,000	true	[009003, 009000, 009002, 009004, 009007, 009001, 009006, 009005, 009009]
5817	9	009003	009009	59	5.0	1.0	0,000	true	[009003, 009000, 009002, 009004, 009007, 009001, 009006, 009009]
5818	9	009003	009009	60	5.0	1.0	0,000	true	[009003, 009000, 009002, 009004, 009007, 009005, 009001, 009006, 009009]
5819	9	009003	009009	61	5.0	1.0	0,000	true	[009003, 009000, 009002, 009004, 009007, 009005, 009006, 009009]
5820	9	009003	009009	62	5.0	1.0	0,000	true	[009003, 009000, 009002, 009004, 009007, 009005, 009009]
5821	9	009003	009009	63	5.0	1.0	0,000	true	[009003, 009000, 009002, 009004, 009007, 009006, 009001, 009005, 009009]
5822	9	009003	009009	64	5.0	1.0	0,000	true	[009003, 009000, 009002, 009004, 009007, 009006, 009005, 009009]
5823	9	009003	009009	65	5.0	1.0	0,000	true	[009003, 009000, 009002, 009004, 009007, 009006, 009009]
5824	9	009003	009009	66	5.0	1.0	0,000	true	[009003, 009000, 009002, 009004, 009007, 009008, 009001, 009005, 009006, 009009]
5825	9	009003	009009	67	5.0	1.0	0,000	true	[009003, 009000, 009002, 009004, 009007, 009008, 009001, 009005, 009009]
5826	9	009003	009009	68	5.0	1.0	0,000	true	[009003, 009000, 009002, 009004, 009007, 009008, 009001, 009006, 009005, 009009]
5827	9	009003	009009	69	5.0	1.0	0,000	true	[009003, 009000, 009002, 009004, 009007, 009008, 009001, 009006, 009009]
5828	9	009003	009009	70	5.0	1.0	0,001	true	[009003, 009000, 009002, 009004, 009007, 009009]
5829	9	009003	009009	71	5.0	1.0	0,016	true	[009003, 009000, 009002, 009004, 009009]
5830	9	009003	009009	72	7.0	1.0	0,000	true	[009003, 009000, 009002, 009007, 009001, 009005, 009006, 009004, 009009]
5831	9	009003	009009	73	7.0	1.0	0,000	true	[009003, 009000, 009002, 009007, 009001, 009005, 009006, 009009]
5832	9	009003	009009	74	9.0	1.0	0,000	true	[009003, 009000, 009002, 009007, 009001, 009005, 009009]
5833	9	009003	009009	75	8.0	1.0	0,000	true	[009003, 009000, 009002, 009007, 009001, 009006, 009004, 009009]
5834	9	009003	009009	76	7.0	1.0	0,000	true	[009003, 009000, 009002, 009007, 009001, 009006, 009005, 009009]
5835	9	009003	009009	77	8.0	1.0	0,000	true	[009003, 009000, 009002, 009007, 009001, 009006, 009009]
5836	9	009003	009009	78	8.0	1.0	0,000	true	[009003, 009000, 009002, 009007, 009004, 009006, 009001, 009005, 009009]
5837	9	009003	009009	79	7.0	1.0	0,000	true	[009003, 009000, 009002, 009007, 009004, 009006, 009005, 009009]
5838	9	009003	009009	80	8.0	1.0	0,000	true	[009003, 009000, 009002, 009007, 009004, 009006, 009009]
5839	9	009003	009009	81	8.0	1.0	0,000	true	[009003, 009000, 009002, 009007, 009004, 009009]
5840	9	009003	009009	82	8.0	1.0	0,000	true	[009003, 009000, 009002, 009007, 009005, 009001, 009006, 009004, 009009]
5841	9	009003	009009	83	8.0	1.0	0,000	true	[009003, 009000, 009002, 009007, 009005, 009001, 009006, 009009]
5842	9	009003	009009	84	7.0	1.0	0,000	true	[009003, 009000, 009002, 009007, 009005, 009006, 009004, 009009]
5843	9	009003	009009	85	7.0	1.0	0,000	true	[009003, 009000, 009002, 009007, 009005, 009006, 009009]
5844	9	009003	009009	86	9.0	1.0	0,000	true	[009003, 009000, 009002, 009007, 009005, 009009]
5845	9	009003	009009	87	8.0	1.0	0,000	true	[009003, 009000, 009002, 009007, 009006, 009001, 009005, 009009]
5846	9	009003	009009	88	10.0	1.0	0,000	true	[009003, 009000, 009002, 009007, 009006, 009004, 009009]
5847	9	009003	009009	89	7.0	1.0	0,000	true	[009003, 009000, 009002, 009007, 009006, 009005, 009009]
5848	9	009003	009009	90	8.0	1.0	0,001	true	[009003, 009000, 009002, 009007, 009006, 009009]
5849	9	009003	009009	91	7.0	1.0	0,000	true	[009003, 009000, 009002, 009007, 009008, 009001, 009005, 009006, 009004, 009009]
5850	9	009003	009009	92	7.0	1.0	0,000	true	[009003, 009000, 009002, 009007, 009008, 009001, 009005, 009006, 009009]
5851	9	009003	009009	93	7.0	1.0	0,000	true	[009003, 009000, 009002, 009007, 009008, 009001, 009005, 009009]
5852	9	009003	009009	94	7.0	1.0	0,000	true	[009003, 009000, 009002, 009007, 009008, 009001, 009006, 009004, 009009]
5853	9	009003	009009	95	7.0	1.0	0,000	true	[009003, 009000, 009002, 009007, 009008, 009001, 009006, 009005, 009009]
5854	9	009003	009009	96	7.0	1.0	0,000	true	[009003, 009000, 009002, 009007, 009008, 009001, 009006, 009009]
5855	9	009003	009009	97	9.0	1.0	0,005	true	[009003, 009000, 009002, 009007, 009009]
5856	9	009003	009009	98	7.0	1.0	0,000	true	[009003, 009000, 009002, 009008, 009001, 009005, 009006, 009004, 009007, 009009]
5857	9	009003	009009	99	7.0	1.0	0,000	true	[009003, 009000, 009002, 009008, 009001, 009005, 009006, 009004, 009009]
5858	9	009003	009009	100	7.0	1.0	0,000	true	[009003, 009000, 009002, 009008, 009001, 009005, 009006, 009007, 009004, 009009]
5859	9	009003	009009	101	7.0	1.0	0,000	true	[009003, 009000, 009002, 009008, 009001, 009005, 009006, 009007, 009009]
5860	9	009003	009009	102	7.0	1.0	0,000	true	[009003, 009000, 009002, 009008, 009001, 009005, 009006, 009009]
5861	9	009003	009009	103	7.0	1.0	0,001	true	[009003, 009000, 009002, 009008, 009001, 009005, 009009]
5862	9	009003	009009	104	10.0	1.0	0,020	true	[009003, 009000, 009002, 009009]
5863	9	009003	009009	105	13.0	1.0	0,007	true	[009003, 009000, 009009]
5864	9	009003	009009	106	12.0	4.0	0,190	true	[009003, 009009]
5865	10	010002	010008	0	5.0	1.0	0,000	true	[010002, 010000, 010001, 010003, 010006, 010004, 010005, 010008]
5866	10	010002	010008	1	5.0	1.0	0,000	true	[010002, 010000, 010001, 010003, 010006, 010004, 010005, 010009, 010007, 010008]
5867	10	010002	010008	2	5.0	1.0	0,000	true	[010002, 010000, 010001, 010003, 010006, 010004, 010005, 010009, 010008]
5868	10	010002	010008	3	5.0	1.0	0,000	true	[010002, 010000, 010001, 010003, 010006, 010004, 010007, 010008]
5869	10	010002	010008	4	5.0	1.0	0,000	true	[010002, 010000, 010001, 010003, 010006, 010004, 010007, 010009, 010005, 010008]
5870	10	010002	010008	5	5.0	1.0	0,000	true	[010002, 010000, 010001, 010003, 010006, 010004, 010007, 010009, 010008]
5871	10	010002	010008	6	5.0	1.0	0,000	true	[010002, 010000, 010001, 010003, 010006, 010004, 010008]
5872	10	010002	010008	7	5.0	1.0	0,000	true	[010002, 010000, 010001, 010003, 010006, 010004, 010009, 010005, 010008]
5873	10	010002	010008	8	5.0	1.0	0,000	true	[010002, 010000, 010001, 010003, 010006, 010004, 010009, 010007, 010008]
5874	10	010002	010008	9	5.0	1.0	0,000	true	[010002, 010000, 010001, 010003, 010006, 010004, 010009, 010008]
5875	10	010002	010008	10	5.0	1.0	0,000	true	[010002, 010000, 010001, 010003, 010006, 010005, 010004, 010007, 010008]
5876	10	010002	010008	11	5.0	1.0	0,000	true	[010002, 010000, 010001, 010003, 010006, 010005, 010004, 010007, 010009, 010008]
5877	10	010002	010008	12	5.0	1.0	0,000	true	[010002, 010000, 010001, 010003, 010006, 010005, 010004, 010008]
5878	10	010002	010008	13	5.0	1.0	0,000	true	[010002, 010000, 010001, 010003, 010006, 010005, 010004, 010009, 010007, 010008]
5879	10	010002	010008	14	5.0	1.0	0,000	true	[010002, 010000, 010001, 010003, 010006, 010005, 010004, 010009, 010008]
5880	10	010002	010008	15	5.0	1.0	0,000	true	[010002, 010000, 010001, 010003, 010006, 010005, 010008]
5881	10	010002	010008	16	5.0	1.0	0,000	true	[010002, 010000, 010001, 010003, 010006, 010005, 010009, 010004, 010007, 010008]
5882	10	010002	010008	17	5.0	1.0	0,000	true	[010002, 010000, 010001, 010003, 010006, 010005, 010009, 010004, 010008]
5883	10	010002	010008	18	5.0	1.0	0,000	true	[010002, 010000, 010001, 010003, 010006, 010005, 010009, 010007, 010004, 010008]
5884	10	010002	010008	19	5.0	1.0	0,000	true	[010002, 010000, 010001, 010003, 010006, 010005, 010009, 010007, 010008]
5885	10	010002	010008	20	5.0	1.0	0,000	true	[010002, 010000, 010001, 010003, 010006, 010005, 010009, 010008]
5886	10	010002	010008	21	5.0	1.0	0,000	true	[010002, 010000, 010001, 010003, 010006, 010007, 010004, 010005, 010008]
5887	10	010002	010008	22	5.0	1.0	0,000	true	[010002, 010000, 010001, 010003, 010006, 010007, 010004, 010005, 010009, 010008]
5888	10	010002	010008	23	5.0	1.0	0,000	true	[010002, 010000, 010001, 010003, 010006, 010007, 010004, 010008]
5889	10	010002	010008	24	5.0	1.0	0,000	true	[010002, 010000, 010001, 010003, 010006, 010007, 010004, 010009, 010005, 010008]
5890	10	010002	010008	25	5.0	1.0	0,000	true	[010002, 010000, 010001, 010003, 010006, 010007, 010004, 010009, 010008]
5891	10	010002	010008	26	5.0	1.0	0,000	true	[010002, 010000, 010001, 010003, 010006, 010007, 010008]
5892	10	010002	010008	27	5.0	1.0	0,000	true	[010002, 010000, 010001, 010003, 010006, 010007, 010009, 010004, 010005, 010008]
5893	10	010002	010008	28	5.0	1.0	0,000	true	[010002, 010000, 010001, 010003, 010006, 010007, 010009, 010004, 010008]
5894	10	010002	010008	29	5.0	1.0	0,000	true	[010002, 010000, 010001, 010003, 010006, 010007, 010009, 010005, 010004, 010008]
5895	10	010002	010008	30	5.0	1.0	0,000	true	[010002, 010000, 010001, 010003, 010006, 010007, 010009, 010005, 010008]
5896	10	010002	010008	31	5.0	1.0	0,000	true	[010002, 010000, 010001, 010003, 010006, 010007, 010009, 010008]
5897	10	010002	010008	32	5.0	1.0	0,003	true	[010002, 010000, 010001, 010003, 010006, 010008]
5898	10	010002	010008	33	5.0	1.0	0,000	true	[010002, 010000, 010001, 010003, 010006, 010009, 010004, 010005, 010008]
5899	10	010002	010008	34	5.0	1.0	0,000	true	[010002, 010000, 010001, 010003, 010006, 010009, 010004, 010007, 010008]
5900	10	010002	010008	35	5.0	1.0	0,000	true	[010002, 010000, 010001, 010003, 010006, 010009, 010004, 010008]
5901	10	010002	010008	36	5.0	1.0	0,000	true	[010002, 010000, 010001, 010003, 010006, 010009, 010005, 010004, 010007, 010008]
5902	10	010002	010008	37	5.0	1.0	0,000	true	[010002, 010000, 010001, 010003, 010006, 010009, 010005, 010004, 010008]
5903	10	010002	010008	38	5.0	1.0	0,000	true	[010002, 010000, 010001, 010003, 010006, 010009, 010005, 010008]
5904	10	010002	010008	39	5.0	1.0	0,000	true	[010002, 010000, 010001, 010003, 010006, 010009, 010007, 010004, 010005, 010008]
5905	10	010002	010008	40	5.0	1.0	0,000	true	[010002, 010000, 010001, 010003, 010006, 010009, 010007, 010004, 010008]
5906	10	010002	010008	41	5.0	1.0	0,001	true	[010002, 010000, 010001, 010003, 010006, 010009, 010007, 010008]
5907	10	010002	010008	42	5.0	1.0	0,001	true	[010002, 010000, 010001, 010003, 010006, 010009, 010008]
5908	10	010002	010008	43	5.0	1.0	0,000	true	[010002, 010000, 010001, 010003, 010007, 010004, 010005, 010006, 010008]
5909	10	010002	010008	44	5.0	1.0	0,000	true	[010002, 010000, 010001, 010003, 010007, 010004, 010005, 010006, 010009, 010008]
5910	10	010002	010008	45	5.0	1.0	0,000	true	[010002, 010000, 010001, 010003, 010007, 010004, 010005, 010008]
5911	10	010002	010008	46	5.0	1.0	0,000	true	[010002, 010000, 010001, 010003, 010007, 010004, 010005, 010009, 010006, 010008]
5912	10	010002	010008	47	5.0	1.0	0,000	true	[010002, 010000, 010001, 010003, 010007, 010004, 010005, 010009, 010008]
5913	10	010002	010008	48	5.0	1.0	0,000	true	[010002, 010000, 010001, 010003, 010007, 010004, 010006, 010005, 010008]
5914	10	010002	010008	49	5.0	1.0	0,000	true	[010002, 010000, 010001, 010003, 010007, 010004, 010006, 010005, 010009, 010008]
5915	10	010002	010008	50	5.0	1.0	0,000	true	[010002, 010000, 010001, 010003, 010007, 010004, 010006, 010008]
5916	10	010002	010008	51	5.0	1.0	0,000	true	[010002, 010000, 010001, 010003, 010007, 010004, 010006, 010009, 010005, 010008]
5917	10	010002	010008	52	5.0	1.0	0,000	true	[010002, 010000, 010001, 010003, 010007, 010004, 010006, 010009, 010008]
5918	10	010002	010008	53	5.0	1.0	0,000	true	[010002, 010000, 010001, 010003, 010007, 010004, 010008]
5919	10	010002	010008	54	5.0	1.0	0,000	true	[010002, 010000, 010001, 010003, 010007, 010004, 010009, 010005, 010006, 010008]
5920	10	010002	010008	55	5.0	1.0	0,000	true	[010002, 010000, 010001, 010003, 010007, 010004, 010009, 010005, 010008]
5921	10	010002	010008	56	5.0	1.0	0,000	true	[010002, 010000, 010001, 010003, 010007, 010004, 010009, 010006, 010005, 010008]
5922	10	010002	010008	57	5.0	1.0	0,000	true	[010002, 010000, 010001, 010003, 010007, 010004, 010009, 010006, 010008]
5923	10	010002	010008	58	5.0	1.0	0,000	true	[010002, 010000, 010001, 010003, 010007, 010004, 010009, 010008]
5924	10	010002	010008	59	5.0	1.0	0,000	true	[010002, 010000, 010001, 010003, 010007, 010006, 010004, 010005, 010008]
5925	10	010002	010008	60	5.0	1.0	0,000	true	[010002, 010000, 010001, 010003, 010007, 010006, 010004, 010005, 010009, 010008]
5926	10	010002	010008	61	5.0	1.0	0,000	true	[010002, 010000, 010001, 010003, 010007, 010006, 010004, 010008]
5927	10	010002	010008	62	5.0	1.0	0,000	true	[010002, 010000, 010001, 010003, 010007, 010006, 010004, 010009, 010005, 010008]
5928	10	010002	010008	63	5.0	1.0	0,000	true	[010002, 010000, 010001, 010003, 010007, 010006, 010004, 010009, 010008]
5929	10	010002	010008	64	5.0	1.0	0,000	true	[010002, 010000, 010001, 010003, 010007, 010006, 010005, 010004, 010008]
5930	10	010002	010008	65	5.0	1.0	0,000	true	[010002, 010000, 010001, 010003, 010007, 010006, 010005, 010004, 010009, 010008]
5931	10	010002	010008	66	5.0	1.0	0,000	true	[010002, 010000, 010001, 010003, 010007, 010006, 010005, 010008]
5932	10	010002	010008	67	5.0	1.0	0,000	true	[010002, 010000, 010001, 010003, 010007, 010006, 010005, 010009, 010004, 010008]
5933	10	010002	010008	68	5.0	1.0	0,000	true	[010002, 010000, 010001, 010003, 010007, 010006, 010005, 010009, 010008]
5934	10	010002	010008	69	5.0	1.0	0,000	true	[010002, 010000, 010001, 010003, 010007, 010006, 010008]
5935	10	010002	010008	70	5.0	1.0	0,000	true	[010002, 010000, 010001, 010003, 010007, 010006, 010009, 010004, 010005, 010008]
5936	10	010002	010008	71	5.0	1.0	0,000	true	[010002, 010000, 010001, 010003, 010007, 010006, 010009, 010004, 010008]
5937	10	010002	010008	72	5.0	1.0	0,000	true	[010002, 010000, 010001, 010003, 010007, 010006, 010009, 010005, 010004, 010008]
5938	10	010002	010008	73	5.0	1.0	0,000	true	[010002, 010000, 010001, 010003, 010007, 010006, 010009, 010005, 010008]
5939	10	010002	010008	74	5.0	1.0	0,000	true	[010002, 010000, 010001, 010003, 010007, 010006, 010009, 010008]
5940	10	010002	010008	75	5.0	1.0	0,003	true	[010002, 010000, 010001, 010003, 010007, 010008]
5941	10	010002	010008	76	5.0	1.0	0,000	true	[010002, 010000, 010001, 010003, 010007, 010009, 010004, 010005, 010006, 010008]
5942	10	010002	010008	77	5.0	1.0	0,000	true	[010002, 010000, 010001, 010003, 010007, 010009, 010004, 010005, 010008]
5943	10	010002	010008	78	5.0	1.0	0,000	true	[010002, 010000, 010001, 010003, 010007, 010009, 010004, 010006, 010005, 010008]
5944	10	010002	010008	79	5.0	1.0	0,000	true	[010002, 010000, 010001, 010003, 010007, 010009, 010004, 010006, 010008]
5945	10	010002	010008	80	5.0	1.0	0,000	true	[010002, 010000, 010001, 010003, 010007, 010009, 010004, 010008]
5946	10	010002	010008	81	5.0	1.0	0,000	true	[010002, 010000, 010001, 010003, 010007, 010009, 010005, 010004, 010006, 010008]
5947	10	010002	010008	82	5.0	1.0	0,000	true	[010002, 010000, 010001, 010003, 010007, 010009, 010005, 010004, 010008]
5948	10	010002	010008	83	5.0	1.0	0,000	true	[010002, 010000, 010001, 010003, 010007, 010009, 010005, 010006, 010004, 010008]
5949	10	010002	010008	84	5.0	1.0	0,000	true	[010002, 010000, 010001, 010003, 010007, 010009, 010005, 010006, 010008]
5950	10	010002	010008	85	5.0	1.0	0,000	true	[010002, 010000, 010001, 010003, 010007, 010009, 010005, 010008]
5951	10	010002	010008	86	5.0	1.0	0,000	true	[010002, 010000, 010001, 010003, 010007, 010009, 010006, 010004, 010005, 010008]
5952	10	010002	010008	87	5.0	1.0	0,000	true	[010002, 010000, 010001, 010003, 010007, 010009, 010006, 010004, 010008]
5953	10	010002	010008	88	5.0	1.0	0,000	true	[010002, 010000, 010001, 010003, 010007, 010009, 010006, 010005, 010004, 010008]
5954	10	010002	010008	89	5.0	1.0	0,000	true	[010002, 010000, 010001, 010003, 010007, 010009, 010006, 010005, 010008]
5955	10	010002	010008	90	5.0	1.0	0,000	true	[010002, 010000, 010001, 010003, 010007, 010009, 010006, 010008]
5956	10	010002	010008	91	5.0	1.0	0,001	true	[010002, 010000, 010001, 010003, 010007, 010009, 010008]
5957	10	010002	010008	92	5.0	1.0	0,000	true	[010002, 010000, 010001, 010003, 010009, 010004, 010005, 010006, 010007, 010008]
5958	10	010002	010008	93	5.0	1.0	0,000	true	[010002, 010000, 010001, 010003, 010009, 010004, 010005, 010006, 010008]
5959	10	010002	010008	94	5.0	1.0	0,000	true	[010002, 010000, 010001, 010003, 010009, 010004, 010005, 010008]
5960	10	010002	010008	95	5.0	1.0	0,000	true	[010002, 010000, 010001, 010003, 010009, 010004, 010006, 010005, 010008]
5961	10	010002	010008	96	5.0	1.0	0,000	true	[010002, 010000, 010001, 010003, 010009, 010004, 010006, 010007, 010008]
5962	10	010002	010008	97	5.0	1.0	0,000	true	[010002, 010000, 010001, 010003, 010009, 010004, 010006, 010008]
5963	10	010002	010008	98	5.0	1.0	0,000	true	[010002, 010000, 010001, 010003, 010009, 010004, 010007, 010006, 010005, 010008]
5964	10	010002	010008	99	5.0	1.0	0,000	true	[010002, 010000, 010001, 010003, 010009, 010004, 010007, 010006, 010008]
5965	10	010002	010008	100	5.0	1.0	0,000	true	[010002, 010000, 010001, 010003, 010009, 010004, 010007, 010008]
5966	10	010002	010008	101	5.0	1.0	0,000	true	[010002, 010000, 010001, 010003, 010009, 010004, 010008]
5967	10	010002	010008	102	5.0	1.0	0,000	true	[010002, 010000, 010001, 010003, 010009, 010008]
5968	10	010002	010008	103	5.0	3.0	0,140	true	[010002, 010000, 010008]
5969	11	011008	011003	0	7.0	1.0	0,020	true	[011008, 011002, 011000, 011003]
5970	11	011008	011003	1	7.0	1.0	0,000	true	[011008, 011002, 011000, 011004, 011001, 011007, 011003]
5971	11	011008	011003	2	7.0	1.0	0,000	true	[011008, 011002, 011000, 011004, 011001, 011007, 011005, 011003]
5972	11	011008	011003	3	5.0	1.0	0,000	true	[011008, 011002, 011000, 011004, 011001, 011007, 011005, 011009, 011003]
5973	11	011008	011003	4	7.0	1.0	0,000	true	[011008, 011002, 011000, 011004, 011001, 011007, 011006, 011009, 011003]
5974	11	011008	011003	5	5.0	1.0	0,000	true	[011008, 011002, 011000, 011004, 011001, 011007, 011006, 011009, 011005, 011003]
5975	11	011008	011003	6	7.0	1.0	0,000	true	[011008, 011002, 011000, 011004, 011001, 011007, 011009, 011003]
5976	11	011008	011003	7	5.0	1.0	0,000	true	[011008, 011002, 011000, 011004, 011001, 011007, 011009, 011005, 011003]
5977	11	011008	011003	8	6.0	1.0	0,000	true	[011008, 011002, 011000, 011004, 011001, 011009, 011003]
5978	11	011008	011003	9	5.0	1.0	0,000	true	[011008, 011002, 011000, 011004, 011001, 011009, 011005, 011003]
5979	11	011008	011003	10	5.0	1.0	0,000	true	[011008, 011002, 011000, 011004, 011001, 011009, 011005, 011007, 011003]
5980	11	011008	011003	11	6.0	1.0	0,000	true	[011008, 011002, 011000, 011004, 011001, 011009, 011006, 011007, 011003]
5981	11	011008	011003	12	6.0	1.0	0,000	true	[011008, 011002, 011000, 011004, 011001, 011009, 011006, 011007, 011005, 011003]
5982	11	011008	011003	13	6.0	1.0	0,000	true	[011008, 011002, 011000, 011004, 011001, 011009, 011007, 011003]
5983	11	011008	011003	14	6.0	1.0	0,000	true	[011008, 011002, 011000, 011004, 011001, 011009, 011007, 011005, 011003]
5984	11	011008	011003	15	7.0	1.0	0,008	true	[011008, 011002, 011000, 011004, 011003]
5985	11	011008	011003	16	7.0	1.0	0,000	true	[011008, 011002, 011000, 011004, 011005, 011003]
5986	11	011008	011003	17	6.0	1.0	0,000	true	[011008, 011002, 011000, 011004, 011005, 011007, 011001, 011009, 011003]
5987	11	011008	011003	18	7.0	1.0	0,000	true	[011008, 011002, 011000, 011004, 011005, 011007, 011003]
5988	11	011008	011003	19	7.0	1.0	0,000	true	[011008, 011002, 011000, 011004, 011005, 011007, 011006, 011009, 011003]
5989	11	011008	011003	20	7.0	1.0	0,000	true	[011008, 011002, 011000, 011004, 011005, 011007, 011009, 011003]
5990	11	011008	011003	21	5.0	1.0	0,000	true	[011008, 011002, 011000, 011004, 011005, 011009, 011001, 011007, 011003]
5991	11	011008	011003	22	5.0	1.0	0,000	true	[011008, 011002, 011000, 011004, 011005, 011009, 011003]
5992	11	011008	011003	23	5.0	1.0	0,000	true	[011008, 011002, 011000, 011004, 011005, 011009, 011006, 011007, 011003]
5993	11	011008	011003	24	5.0	1.0	0,000	true	[011008, 011002, 011000, 011004, 011005, 011009, 011007, 011003]
5994	11	011008	011003	25	6.0	1.0	0,000	true	[011008, 011002, 011000, 011004, 011006, 011007, 011001, 011009, 011003]
5995	11	011008	011003	26	5.0	1.0	0,000	true	[011008, 011002, 011000, 011004, 011006, 011007, 011001, 011009, 011005, 011003]
5996	11	011008	011003	27	7.0	1.0	0,000	true	[011008, 011002, 011000, 011004, 011006, 011007, 011003]
5997	11	011008	011003	28	7.0	1.0	0,000	true	[011008, 011002, 011000, 011004, 011006, 011007, 011005, 011003]
5998	11	011008	011003	29	5.0	1.0	0,000	true	[011008, 011002, 011000, 011004, 011006, 011007, 011005, 011009, 011003]
5999	11	011008	011003	30	7.0	1.0	0,000	true	[011008, 011002, 011000, 011004, 011006, 011007, 011009, 011003]
6000	11	011008	011003	31	5.0	1.0	0,000	true	[011008, 011002, 011000, 011004, 011006, 011007, 011009, 011005, 011003]
6001	11	011008	011003	32	6.0	1.0	0,000	true	[011008, 011002, 011000, 011004, 011006, 011009, 011001, 011007, 011003]
6002	11	011008	011003	33	6.0	1.0	0,000	true	[011008, 011002, 011000, 011004, 011006, 011009, 011001, 011007, 011005, 011003]
6003	11	011008	011003	34	7.0	1.0	0,000	true	[011008, 011002, 011000, 011004, 011006, 011009, 011003]
6004	11	011008	011003	35	5.0	1.0	0,000	true	[011008, 011002, 011000, 011004, 011006, 011009, 011005, 011003]
6005	11	011008	011003	36	5.0	1.0	0,000	true	[011008, 011002, 011000, 011004, 011006, 011009, 011005, 011007, 011003]
6006	11	011008	011003	37	7.0	1.0	0,000	true	[011008, 011002, 011000, 011004, 011006, 011009, 011007, 011003]
6007	11	011008	011003	38	7.0	1.0	0,000	true	[011008, 011002, 011000, 011004, 011006, 011009, 011007, 011005, 011003]
6008	11	011008	011003	39	6.0	1.0	0,000	true	[011008, 011002, 011000, 011004, 011007, 011001, 011009, 011003]
6009	11	011008	011003	40	5.0	1.0	0,000	true	[011008, 011002, 011000, 011004, 011007, 011001, 011009, 011005, 011003]
6010	11	011008	011003	41	7.0	1.0	0,003	true	[011008, 011002, 011000, 011004, 011007, 011003]
6011	11	011008	011003	42	7.0	1.0	0,000	true	[011008, 011002, 011000, 011004, 011007, 011005, 011003]
6012	11	011008	011003	43	5.0	1.0	0,000	true	[011008, 011002, 011000, 011004, 011007, 011005, 011009, 011003]
6013	11	011008	011003	44	7.0	1.0	0,000	true	[011008, 011002, 011000, 011004, 011007, 011006, 011009, 011003]
6014	11	011008	011003	45	5.0	1.0	0,000	true	[011008, 011002, 011000, 011004, 011007, 011006, 011009, 011005, 011003]
6015	11	011008	011003	46	7.0	1.0	0,000	true	[011008, 011002, 011000, 011004, 011007, 011009, 011003]
6016	11	011008	011003	47	5.0	1.0	0,000	true	[011008, 011002, 011000, 011004, 011007, 011009, 011005, 011003]
6017	11	011008	011003	48	7.0	1.0	0,001	true	[011008, 011002, 011000, 011005, 011003]
6018	11	011008	011003	49	7.0	1.0	0,000	true	[011008, 011002, 011000, 011005, 011004, 011001, 011007, 011003]
6019	11	011008	011003	50	7.0	1.0	0,000	true	[011008, 011002, 011000, 011005, 011004, 011001, 011007, 011006, 011009, 011003]
6020	11	011008	011003	51	7.0	1.0	0,000	true	[011008, 011002, 011000, 011005, 011004, 011001, 011007, 011009, 011003]
6021	11	011008	011003	52	6.0	1.0	0,000	true	[011008, 011002, 011000, 011005, 011004, 011001, 011009, 011003]
6022	11	011008	011003	53	6.0	1.0	0,000	true	[011008, 011002, 011000, 011005, 011004, 011001, 011009, 011006, 011007, 011003]
6023	11	011008	011003	54	6.0	1.0	0,000	true	[011008, 011002, 011000, 011005, 011004, 011001, 011009, 011007, 011003]
6024	11	011008	011003	55	7.0	1.0	0,001	true	[011008, 011002, 011000, 011005, 011004, 011003]
6025	11	011008	011003	56	6.0	1.0	0,000	true	[011008, 011002, 011000, 011005, 011004, 011006, 011007, 011001, 011009, 011003]
6026	11	011008	011003	57	7.0	1.0	0,000	true	[011008, 011002, 011000, 011005, 011004, 011006, 011007, 011003]
6027	11	011008	011003	58	7.0	1.0	0,000	true	[011008, 011002, 011000, 011005, 011004, 011006, 011007, 011009, 011003]
6028	11	011008	011003	59	6.0	1.0	0,000	true	[011008, 011002, 011000, 011005, 011004, 011006, 011009, 011001, 011007, 011003]
6029	11	011008	011003	60	7.0	1.0	0,000	true	[011008, 011002, 011000, 011005, 011004, 011006, 011009, 011003]
6030	11	011008	011003	61	7.0	1.0	0,000	true	[011008, 011002, 011000, 011005, 011004, 011006, 011009, 011007, 011003]
6031	11	011008	011003	62	6.0	1.0	0,000	true	[011008, 011002, 011000, 011005, 011004, 011007, 011001, 011009, 011003]
6032	11	011008	011003	63	7.0	1.0	0,001	true	[011008, 011002, 011000, 011005, 011004, 011007, 011003]
6033	11	011008	011003	64	7.0	1.0	0,000	true	[011008, 011002, 011000, 011005, 011004, 011007, 011006, 011009, 011003]
6034	11	011008	011003	65	7.0	1.0	0,000	true	[011008, 011002, 011000, 011005, 011004, 011007, 011009, 011003]
6035	11	011008	011003	66	7.0	1.0	0,000	true	[011008, 011002, 011000, 011005, 011007, 011001, 011004, 011003]
6036	11	011008	011003	67	7.0	1.0	0,000	true	[011008, 011002, 011000, 011005, 011007, 011001, 011004, 011006, 011009, 011003]
6037	11	011008	011003	68	6.0	1.0	0,000	true	[011008, 011002, 011000, 011005, 011007, 011001, 011009, 011003]
6038	11	011008	011003	69	6.0	1.0	0,000	true	[011008, 011002, 011000, 011005, 011007, 011001, 011009, 011006, 011004, 011003]
6039	11	011008	011003	70	7.0	1.0	0,001	true	[011008, 011002, 011000, 011005, 011007, 011003]
6040	11	011008	011003	71	6.0	1.0	0,000	true	[011008, 011002, 011000, 011005, 011007, 011004, 011001, 011009, 011003]
6041	11	011008	011003	72	7.0	1.0	0,001	true	[011008, 011002, 011000, 011005, 011007, 011004, 011003]
6042	11	011008	011003	73	7.0	1.0	0,000	true	[011008, 011002, 011000, 011005, 011007, 011004, 011006, 011009, 011003]
6043	11	011008	011003	74	6.0	1.0	0,000	true	[011008, 011002, 011000, 011005, 011007, 011006, 011004, 011001, 011009, 011003]
6044	11	011008	011003	75	7.0	1.0	0,000	true	[011008, 011002, 011000, 011005, 011007, 011006, 011004, 011003]
6045	11	011008	011003	76	6.0	1.0	0,000	true	[011008, 011002, 011000, 011005, 011007, 011006, 011009, 011001, 011004, 011003]
6046	11	011008	011003	77	7.0	1.0	0,000	true	[011008, 011002, 011000, 011005, 011007, 011006, 011009, 011003]
6047	11	011008	011003	78	6.0	1.0	0,000	true	[011008, 011002, 011000, 011005, 011007, 011009, 011001, 011004, 011003]
6048	11	011008	011003	79	7.0	1.0	0,000	true	[011008, 011002, 011000, 011005, 011007, 011009, 011003]
6049	11	011008	011003	80	7.0	1.0	0,000	true	[011008, 011002, 011000, 011005, 011007, 011009, 011006, 011004, 011003]
6050	11	011008	011003	81	5.0	1.0	0,000	true	[011008, 011002, 011000, 011005, 011009, 011001, 011004, 011003]
6051	11	011008	011003	82	5.0	1.0	0,000	true	[011008, 011002, 011000, 011005, 011009, 011001, 011004, 011006, 011007, 011003]
6052	11	011008	011003	83	5.0	1.0	0,000	true	[011008, 011002, 011000, 011005, 011009, 011001, 011004, 011007, 011003]
6053	11	011008	011003	84	5.0	1.0	0,000	true	[011008, 011002, 011000, 011005, 011009, 011001, 011007, 011003]
6054	11	011008	011003	85	5.0	1.0	0,000	true	[011008, 011002, 011000, 011005, 011009, 011001, 011007, 011004, 011003]
6055	11	011008	011003	86	5.0	1.0	0,000	true	[011008, 011002, 011000, 011005, 011009, 011001, 011007, 011006, 011004, 011003]
6056	11	011008	011003	87	5.0	1.0	0,001	true	[011008, 011002, 011000, 011005, 011009, 011003]
6057	11	011008	011003	88	5.0	1.0	0,000	true	[011008, 011002, 011000, 011005, 011009, 011006, 011004, 011001, 011007, 011003]
6058	11	011008	011003	89	5.0	1.0	0,000	true	[011008, 011002, 011000, 011005, 011009, 011006, 011004, 011003]
6059	11	011008	011003	90	5.0	1.0	0,000	true	[011008, 011002, 011000, 011005, 011009, 011006, 011004, 011007, 011003]
6060	11	011008	011003	91	5.0	1.0	0,000	true	[011008, 011002, 011000, 011005, 011009, 011006, 011007, 011001, 011004, 011003]
6061	11	011008	011003	92	5.0	1.0	0,000	true	[011008, 011002, 011000, 011005, 011009, 011006, 011007, 011003]
6062	11	011008	011003	93	5.0	1.0	0,000	true	[011008, 011002, 011000, 011005, 011009, 011006, 011007, 011004, 011003]
6063	11	011008	011003	94	5.0	1.0	0,000	true	[011008, 011002, 011000, 011005, 011009, 011007, 011001, 011004, 011003]
6064	11	011008	011003	95	5.0	1.0	0,000	true	[011008, 011002, 011000, 011005, 011009, 011007, 011003]
6065	11	011008	011003	96	5.0	1.0	0,000	true	[011008, 011002, 011000, 011005, 011009, 011007, 011004, 011003]
6066	11	011008	011003	97	5.0	1.0	0,000	true	[011008, 011002, 011000, 011005, 011009, 011007, 011006, 011004, 011003]
6067	11	011008	011003	98	6.0	1.0	0,000	true	[011008, 011002, 011000, 011006, 011004, 011001, 011007, 011003]
6068	11	011008	011003	99	6.0	1.0	0,000	true	[011008, 011002, 011000, 011006, 011004, 011001, 011007, 011005, 011003]
6069	11	011008	011003	100	5.0	1.0	0,000	true	[011008, 011002, 011000, 011006, 011004, 011001, 011007, 011005, 011009, 011003]
6070	11	011008	011003	101	6.0	1.0	0,000	true	[011008, 011002, 011000, 011006, 011004, 011003]
6071	11	011008	011003	102	12.0	1.0	0,065	true	[011008, 011002, 011003]
6072	12	012000	012006	0	5.0	2.0	0,002	true	[012000, 012002, 012005, 012001, 012006]
6073	12	012000	012006	1	5.0	1.0	0,000	true	[012000, 012002, 012005, 012001, 012007, 012003, 012008, 012004, 012006]
6074	12	012000	012006	2	5.0	1.0	0,000	true	[012000, 012002, 012005, 012001, 012007, 012003, 012008, 012009, 012004, 012006]
6075	12	012000	012006	3	5.0	1.0	0,000	true	[012000, 012002, 012005, 012001, 012007, 012003, 012009, 012004, 012006]
6076	12	012000	012006	4	5.0	1.0	0,000	true	[012000, 012002, 012005, 012001, 012007, 012003, 012009, 012008, 012004, 012006]
6077	12	012000	012006	5	5.0	2.0	0,001	true	[012000, 012002, 012005, 012001, 012007, 012006]
6078	12	012000	012006	6	5.0	2.0	0,000	true	[012000, 012002, 012005, 012001, 012009, 012003, 012007, 012006]
6079	12	012000	012006	7	5.0	1.0	0,000	true	[012000, 012002, 012005, 012001, 012009, 012003, 012008, 012004, 012006]
6080	12	012000	012006	8	5.0	1.0	0,000	true	[012000, 012002, 012005, 012001, 012009, 012004, 012006]
6081	12	012000	012006	9	5.0	2.0	0,000	true	[012000, 012002, 012005, 012001, 012009, 012004, 012008, 012003, 012007, 012006]
6082	12	012000	012006	10	5.0	2.0	0,000	true	[012000, 012002, 012005, 012001, 012009, 012008, 012003, 012007, 012006]
6083	12	012000	012006	11	5.0	1.0	0,000	true	[012000, 012002, 012005, 012001, 012009, 012008, 012004, 012006]
6084	12	012000	012006	12	6.0	2.0	0,000	true	[012000, 012002, 012005, 012003, 012007, 012001, 012006]
6085	12	012000	012006	13	6.0	1.0	0,000	true	[012000, 012002, 012005, 012003, 012007, 012001, 012009, 012004, 012006]
6086	12	012000	012006	14	5.0	1.0	0,000	true	[012000, 012002, 012005, 012003, 012007, 012001, 012009, 012008, 012004, 012006]
6087	12	012000	012006	15	6.0	2.0	0,001	true	[012000, 012002, 012005, 012003, 012007, 012006]
6088	12	012000	012006	16	5.0	1.0	0,000	true	[012000, 012002, 012005, 012003, 012008, 012004, 012006]
6089	12	012000	012006	17	5.0	2.0	0,000	true	[012000, 012002, 012005, 012003, 012008, 012004, 012009, 012001, 012006]
6090	12	012000	012006	18	5.0	2.0	0,000	true	[012000, 012002, 012005, 012003, 012008, 012004, 012009, 012001, 012007, 012006]
6091	12	012000	012006	19	6.0	2.0	0,000	true	[012000, 012002, 012005, 012003, 012008, 012009, 012001, 012006]
6092	12	012000	012006	20	6.0	2.0	0,000	true	[012000, 012002, 012005, 012003, 012008, 012009, 012001, 012007, 012006]
6093	12	012000	012006	21	6.0	1.0	0,000	true	[012000, 012002, 012005, 012003, 012008, 012009, 012004, 012006]
6094	12	012000	012006	22	6.0	2.0	0,000	true	[012000, 012002, 012005, 012003, 012009, 012001, 012006]
6095	12	012000	012006	23	6.0	2.0	0,000	true	[012000, 012002, 012005, 012003, 012009, 012001, 012007, 012006]
6096	12	012000	012006	24	6.0	1.0	0,001	true	[012000, 012002, 012005, 012003, 012009, 012004, 012006]
6097	12	012000	012006	25	5.0	1.0	0,000	true	[012000, 012002, 012005, 012003, 012009, 012008, 012004, 012006]
6098	12	012000	012006	26	8.0	1.0	0,009	true	[012000, 012002, 012005, 012004, 012006]
6099	12	012000	012006	27	5.0	1.0	0,000	true	[012000, 012002, 012005, 012004, 012008, 012003, 012007, 012001, 012006]
6100	12	012000	012006	28	5.0	1.0	0,000	true	[012000, 012002, 012005, 012004, 012008, 012003, 012007, 012006]
6101	12	012000	012006	29	5.0	1.0	0,000	true	[012000, 012002, 012005, 012004, 012008, 012003, 012009, 012001, 012006]
6102	12	012000	012006	30	5.0	1.0	0,000	true	[012000, 012002, 012005, 012004, 012008, 012003, 012009, 012001, 012007, 012006]
6103	12	012000	012006	31	5.0	1.0	0,000	true	[012000, 012002, 012005, 012004, 012008, 012009, 012001, 012006]
6104	12	012000	012006	32	5.0	1.0	0,000	true	[012000, 012002, 012005, 012004, 012008, 012009, 012001, 012007, 012006]
6105	12	012000	012006	33	5.0	1.0	0,000	true	[012000, 012002, 012005, 012004, 012008, 012009, 012003, 012007, 012001, 012006]
6106	12	012000	012006	34	5.0	1.0	0,000	true	[012000, 012002, 012005, 012004, 012008, 012009, 012003, 012007, 012006]
6107	12	012000	012006	35	8.0	1.0	0,000	true	[012000, 012002, 012005, 012004, 012009, 012001, 012006]
6108	12	012000	012006	36	8.0	1.0	0,000	true	[012000, 012002, 012005, 012004, 012009, 012001, 012007, 012006]
6109	12	012000	012006	37	8.0	1.0	0,000	true	[012000, 012002, 012005, 012004, 012009, 012003, 012007, 012001, 012006]
6110	12	012000	012006	38	8.0	1.0	0,000	true	[012000, 012002, 012005, 012004, 012009, 012003, 012007, 012006]
6111	12	012000	012006	39	6.0	1.0	0,000	true	[012000, 012002, 012005, 012004, 012009, 012008, 012003, 012007, 012001, 012006]
6112	12	012000	012006	40	6.0	1.0	0,000	true	[012000, 012002, 012005, 012004, 012009, 012008, 012003, 012007, 012006]
6113	12	012000	012006	41	8.0	2.0	0,029	true	[012000, 012002, 012005, 012006]
6114	12	012000	012006	42	5.0	2.0	0,001	true	[012000, 012002, 012005, 012007, 012001, 012006]
6115	12	012000	012006	43	5.0	1.0	0,000	true	[012000, 012002, 012005, 012007, 012001, 012009, 012003, 012008, 012004, 012006]
6116	12	012000	012006	44	5.0	1.0	0,000	true	[012000, 012002, 012005, 012007, 012001, 012009, 012004, 012006]
6117	12	012000	012006	45	5.0	1.0	0,000	true	[012000, 012002, 012005, 012007, 012001, 012009, 012008, 012004, 012006]
6118	12	012000	012006	46	5.0	1.0	0,000	true	[012000, 012002, 012005, 012007, 012003, 012008, 012004, 012006]
6119	12	012000	012006	47	5.0	2.0	0,000	true	[012000, 012002, 012005, 012007, 012003, 012008, 012004, 012009, 012001, 012006]
6120	12	012000	012006	48	5.0	2.0	0,000	true	[012000, 012002, 012005, 012007, 012003, 012008, 012009, 012001, 012006]
6121	12	012000	012006	49	5.0	1.0	0,000	true	[012000, 012002, 012005, 012007, 012003, 012008, 012009, 012004, 012006]
6122	12	012000	012006	50	5.0	2.0	0,000	true	[012000, 012002, 012005, 012007, 012003, 012009, 012001, 012006]
6123	12	012000	012006	51	5.0	1.0	0,000	true	[012000, 012002, 012005, 012007, 012003, 012009, 012004, 012006]
6124	12	012000	012006	52	5.0	1.0	0,000	true	[012000, 012002, 012005, 012007, 012003, 012009, 012008, 012004, 012006]
6125	12	012000	012006	53	5.0	2.0	0,005	true	[012000, 012002, 012005, 012007, 012006]
6126	12	012000	012006	54	8.0	2.0	0,000	true	[012000, 012002, 012005, 012008, 012003, 012007, 012001, 012006]
6127	12	012000	012006	55	8.0	1.0	0,000	true	[012000, 012002, 012005, 012008, 012003, 012007, 012001, 012009, 012004, 012006]
6128	12	012000	012006	56	8.0	2.0	0,000	true	[012000, 012002, 012005, 012008, 012003, 012007, 012006]
6129	12	012000	012006	57	8.0	2.0	0,000	true	[012000, 012002, 012005, 012008, 012003, 012009, 012001, 012006]
6130	12	012000	012006	58	8.0	2.0	0,000	true	[012000, 012002, 012005, 012008, 012003, 012009, 012001, 012007, 012006]
6131	12	012000	012006	59	8.0	1.0	0,000	true	[012000, 012002, 012005, 012008, 012003, 012009, 012004, 012006]
6132	12	012000	012006	60	5.0	1.0	0,000	true	[012000, 012002, 012005, 012008, 012004, 012006]
6133	12	012000	012006	61	5.0	2.0	0,000	true	[012000, 012002, 012005, 012008, 012004, 012009, 012001, 012006]
6134	12	012000	012006	62	5.0	2.0	0,000	true	[012000, 012002, 012005, 012008, 012004, 012009, 012001, 012007, 012006]
6135	12	012000	012006	63	5.0	2.0	0,000	true	[012000, 012002, 012005, 012008, 012004, 012009, 012003, 012007, 012001, 012006]
6136	12	012000	012006	64	5.0	2.0	0,000	true	[012000, 012002, 012005, 012008, 012004, 012009, 012003, 012007, 012006]
6137	12	012000	012006	65	6.0	2.0	0,000	true	[012000, 012002, 012005, 012008, 012009, 012001, 012006]
6138	12	012000	012006	66	6.0	2.0	0,000	true	[012000, 012002, 012005, 012008, 012009, 012001, 012007, 012006]
6139	12	012000	012006	67	6.0	2.0	0,000	true	[012000, 012002, 012005, 012008, 012009, 012003, 012007, 012001, 012006]
6140	12	012000	012006	68	6.0	2.0	0,000	true	[012000, 012002, 012005, 012008, 012009, 012003, 012007, 012006]
6141	12	012000	012006	69	6.0	1.0	0,001	true	[012000, 012002, 012005, 012008, 012009, 012004, 012006]
6142	12	012000	012006	70	8.0	2.0	0,000	true	[012000, 012002, 012005, 012009, 012001, 012006]
6143	12	012000	012006	71	5.0	1.0	0,000	true	[012000, 012002, 012005, 012009, 012001, 012007, 012003, 012008, 012004, 012006]
6144	12	012000	012006	72	8.0	2.0	0,000	true	[012000, 012002, 012005, 012009, 012001, 012007, 012006]
6145	12	012000	012006	73	8.0	2.0	0,000	true	[012000, 012002, 012005, 012009, 012003, 012007, 012001, 012006]
6146	12	012000	012006	74	8.0	2.0	0,001	true	[012000, 012002, 012005, 012009, 012003, 012007, 012006]
6147	12	012000	012006	75	5.0	1.0	0,000	true	[012000, 012002, 012005, 012009, 012003, 012008, 012004, 012006]
6148	12	012000	012006	76	8.0	1.0	0,002	true	[012000, 012002, 012005, 012009, 012004, 012006]
6149	12	012000	012006	77	5.0	2.0	0,000	true	[012000, 012002, 012005, 012009, 012004, 012008, 012003, 012007, 012001, 012006]
6150	12	012000	012006	78	5.0	2.0	0,000	true	[012000, 012002, 012005, 012009, 012004, 012008, 012003, 012007, 012006]
6151	12	012000	012006	79	6.0	2.0	0,000	true	[012000, 012002, 012005, 012009, 012008, 012003, 012007, 012001, 012006]
6152	12	012000	012006	80	6.0	2.0	0,000	true	[012000, 012002, 012005, 012009, 012008, 012003, 012007, 012006]
6153	12	012000	012006	81	5.0	1.0	0,000	true	[012000, 012002, 012005, 012009, 012008, 012004, 012006]
6154	12	012000	012006	82	8.0	1.0	0,061	true	[012000, 012002, 012006]
6155	12	012000	012006	83	5.0	1.0	0,000	true	[012000, 012002, 012007, 012001, 012005, 012003, 012008, 012004, 012006]
6156	12	012000	012006	84	5.0	1.0	0,000	true	[012000, 012002, 012007, 012001, 012005, 012003, 012008, 012009, 012004, 012006]
6157	12	012000	012006	85	5.0	1.0	0,000	true	[012000, 012002, 012007, 012001, 012005, 012003, 012009, 012004, 012006]
6158	12	012000	012006	86	5.0	1.0	0,000	true	[012000, 012002, 012007, 012001, 012005, 012003, 012009, 012008, 012004, 012006]
6159	12	012000	012006	87	5.0	1.0	0,000	true	[012000, 012002, 012007, 012001, 012005, 012004, 012006]
6160	12	012000	012006	88	5.0	2.0	0,001	true	[012000, 012002, 012007, 012001, 012005, 012006]
6161	12	012000	012006	89	5.0	1.0	0,000	true	[012000, 012002, 012007, 012001, 012005, 012008, 012003, 012009, 012004, 012006]
6162	12	012000	012006	90	5.0	1.0	0,000	true	[012000, 012002, 012007, 012001, 012005, 012008, 012004, 012006]
6163	12	012000	012006	91	5.0	1.0	0,000	true	[012000, 012002, 012007, 012001, 012005, 012008, 012009, 012004, 012006]
6164	12	012000	012006	92	5.0	1.0	0,000	true	[012000, 012002, 012007, 012001, 012005, 012009, 012003, 012008, 012004, 012006]
6165	12	012000	012006	93	5.0	1.0	0,000	true	[012000, 012002, 012007, 012001, 012005, 012009, 012004, 012006]
6166	12	012000	012006	94	5.0	1.0	0,000	true	[012000, 012002, 012007, 012001, 012005, 012009, 012008, 012004, 012006]
6167	12	012000	012006	95	7.0	2.0	0,014	true	[012000, 012002, 012007, 012001, 012006]
6168	12	012000	012006	96	6.0	1.0	0,000	true	[012000, 012002, 012007, 012001, 012009, 012003, 012005, 012004, 012006]
6169	12	012000	012006	97	6.0	2.0	0,000	true	[012000, 012002, 012007, 012001, 012009, 012003, 012005, 012006]
6170	12	012000	012006	98	5.0	1.0	0,000	true	[012000, 012002, 012007, 012001, 012009, 012003, 012005, 012008, 012004, 012006]
6171	12	012000	012006	99	5.0	1.0	0,000	true	[012000, 012002, 012007, 012001, 012009, 012003, 012008, 012004, 012005, 012006]
6172	12	012000	012006	100	5.0	1.0	0,000	true	[012000, 012002, 012007, 012001, 012009, 012003, 012008, 012004, 012006]
6173	12	012000	012006	101	7.0	2.0	0,060	true	[012000, 012002, 012007, 012006]
6174	12	012000	012006	102	14.0	3.0	0,140	true	[012000, 012006]
6175	13	013001	013000	0	13.0	5.0	0,140	true	[013001, 013000]
6176	13	013001	013000	1	8.0	1.0	0,001	true	[013001, 013002, 013000]
6177	13	013001	013000	2	10.0	1.0	0,005	true	[013001, 013002, 013004, 013000]
6178	13	013001	013000	3	9.0	1.0	0,001	true	[013001, 013002, 013004, 013003, 013000]
6179	13	013001	013000	4	9.0	1.0	0,000	true	[013001, 013002, 013004, 013003, 013005, 013006, 013007, 013000]
6180	13	013001	013000	5	9.0	1.0	0,000	true	[013001, 013002, 013004, 013003, 013005, 013006, 013007, 013008, 013000]
6181	13	013001	013000	6	5.0	1.0	0,000	true	[013001, 013002, 013004, 013003, 013005, 013006, 013007, 013008, 013009, 013000]
6182	13	013001	013000	7	9.0	1.0	0,000	true	[013001, 013002, 013004, 013003, 013005, 013006, 013007, 013009, 013000]
6183	13	013001	013000	8	5.0	1.0	0,000	true	[013001, 013002, 013004, 013003, 013005, 013006, 013007, 013009, 013008, 013000]
6184	13	013001	013000	9	9.0	1.0	0,000	true	[013001, 013002, 013004, 013003, 013005, 013006, 013008, 013000]
6185	13	013001	013000	10	9.0	1.0	0,000	true	[013001, 013002, 013004, 013003, 013005, 013006, 013008, 013007, 013000]
6186	13	013001	013000	11	9.0	1.0	0,000	true	[013001, 013002, 013004, 013003, 013005, 013006, 013008, 013007, 013009, 013000]
6187	13	013001	013000	12	5.0	1.0	0,000	true	[013001, 013002, 013004, 013003, 013005, 013006, 013008, 013009, 013000]
6188	13	013001	013000	13	5.0	1.0	0,000	true	[013001, 013002, 013004, 013003, 013005, 013006, 013008, 013009, 013007, 013000]
6189	13	013001	013000	14	9.0	1.0	0,000	true	[013001, 013002, 013004, 013003, 013005, 013006, 013009, 013000]
6190	13	013001	013000	15	9.0	1.0	0,000	true	[013001, 013002, 013004, 013003, 013005, 013006, 013009, 013007, 013000]
6191	13	013001	013000	16	9.0	1.0	0,000	true	[013001, 013002, 013004, 013003, 013005, 013006, 013009, 013007, 013008, 013000]
6192	13	013001	013000	17	5.0	1.0	0,000	true	[013001, 013002, 013004, 013003, 013005, 013006, 013009, 013008, 013000]
6193	13	013001	013000	18	5.0	1.0	0,000	true	[013001, 013002, 013004, 013003, 013005, 013006, 013009, 013008, 013007, 013000]
6194	13	013001	013000	19	9.0	1.0	0,000	true	[013001, 013002, 013004, 013003, 013005, 013007, 013000]
6195	13	013001	013000	20	9.0	1.0	0,000	true	[013001, 013002, 013004, 013003, 013005, 013007, 013006, 013008, 013000]
6196	13	013001	013000	21	5.0	1.0	0,000	true	[013001, 013002, 013004, 013003, 013005, 013007, 013006, 013008, 013009, 013000]
6197	13	013001	013000	22	9.0	1.0	0,000	true	[013001, 013002, 013004, 013003, 013005, 013007, 013006, 013009, 013000]
6198	13	013001	013000	23	5.0	1.0	0,000	true	[013001, 013002, 013004, 013003, 013005, 013007, 013006, 013009, 013008, 013000]
6199	13	013001	013000	24	9.0	1.0	0,000	true	[013001, 013002, 013004, 013003, 013005, 013007, 013008, 013000]
6200	13	013001	013000	25	9.0	1.0	0,000	true	[013001, 013002, 013004, 013003, 013005, 013007, 013008, 013006, 013009, 013000]
6201	13	013001	013000	26	5.0	1.0	0,000	true	[013001, 013002, 013004, 013003, 013005, 013007, 013008, 013009, 013000]
6202	13	013001	013000	27	9.0	1.0	0,000	true	[013001, 013002, 013004, 013003, 013005, 013007, 013009, 013000]
6203	13	013001	013000	28	9.0	1.0	0,000	true	[013001, 013002, 013004, 013003, 013005, 013007, 013009, 013006, 013008, 013000]
6204	13	013001	013000	29	5.0	1.0	0,000	true	[013001, 013002, 013004, 013003, 013005, 013007, 013009, 013008, 013000]
6205	13	013001	013000	30	9.0	1.0	0,000	true	[013001, 013002, 013004, 013003, 013005, 013008, 013000]
6206	13	013001	013000	31	9.0	1.0	0,000	true	[013001, 013002, 013004, 013003, 013005, 013008, 013006, 013007, 013000]
6207	13	013001	013000	32	9.0	1.0	0,000	true	[013001, 013002, 013004, 013003, 013005, 013008, 013006, 013007, 013009, 013000]
6208	13	013001	013000	33	9.0	1.0	0,000	true	[013001, 013002, 013004, 013003, 013005, 013008, 013006, 013009, 013000]
6209	13	013001	013000	34	9.0	1.0	0,000	true	[013001, 013002, 013004, 013003, 013005, 013008, 013006, 013009, 013007, 013000]
6210	13	013001	013000	35	9.0	1.0	0,000	true	[013001, 013002, 013004, 013003, 013005, 013008, 013007, 013000]
6211	13	013001	013000	36	9.0	1.0	0,000	true	[013001, 013002, 013004, 013003, 013005, 013008, 013007, 013006, 013009, 013000]
6212	13	013001	013000	37	9.0	1.0	0,000	true	[013001, 013002, 013004, 013003, 013005, 013008, 013007, 013009, 013000]
6213	13	013001	013000	38	5.0	1.0	0,000	true	[013001, 013002, 013004, 013003, 013005, 013008, 013009, 013000]
6214	13	013001	013000	39	5.0	1.0	0,000	true	[013001, 013002, 013004, 013003, 013005, 013008, 013009, 013006, 013007, 013000]
6215	13	013001	013000	40	5.0	1.0	0,000	true	[013001, 013002, 013004, 013003, 013005, 013008, 013009, 013007, 013000]
6216	13	013001	013000	41	9.0	1.0	0,000	true	[013001, 013002, 013004, 013003, 013005, 013009, 013000]
6217	13	013001	013000	42	9.0	1.0	0,000	true	[013001, 013002, 013004, 013003, 013005, 013009, 013006, 013007, 013000]
6218	13	013001	013000	43	9.0	1.0	0,000	true	[013001, 013002, 013004, 013003, 013005, 013009, 013006, 013007, 013008, 013000]
6219	13	013001	013000	44	9.0	1.0	0,000	true	[013001, 013002, 013004, 013003, 013005, 013009, 013006, 013008, 013000]
6220	13	013001	013000	45	9.0	1.0	0,000	true	[013001, 013002, 013004, 013003, 013005, 013009, 013006, 013008, 013007, 013000]
6221	13	013001	013000	46	9.0	1.0	0,000	true	[013001, 013002, 013004, 013003, 013005, 013009, 013007, 013000]
6222	13	013001	013000	47	9.0	1.0	0,000	true	[013001, 013002, 013004, 013003, 013005, 013009, 013007, 013006, 013008, 013000]
6223	13	013001	013000	48	9.0	1.0	0,000	true	[013001, 013002, 013004, 013003, 013005, 013009, 013007, 013008, 013000]
6224	13	013001	013000	49	5.0	1.0	0,000	true	[013001, 013002, 013004, 013003, 013005, 013009, 013008, 013000]
6225	13	013001	013000	50	5.0	1.0	0,000	true	[013001, 013002, 013004, 013003, 013005, 013009, 013008, 013006, 013007, 013000]
6226	13	013001	013000	51	5.0	1.0	0,000	true	[013001, 013002, 013004, 013003, 013005, 013009, 013008, 013007, 013000]
6227	13	013001	013000	52	5.0	1.0	0,000	true	[013001, 013002, 013004, 013003, 013006, 013005, 013007, 013000]
6228	13	013001	013000	53	5.0	1.0	0,000	true	[013001, 013002, 013004, 013003, 013006, 013005, 013007, 013008, 013000]
6229	13	013001	013000	54	5.0	1.0	0,000	true	[013001, 013002, 013004, 013003, 013006, 013005, 013007, 013008, 013009, 013000]
6230	13	013001	013000	55	5.0	1.0	0,000	true	[013001, 013002, 013004, 013003, 013006, 013005, 013007, 013009, 013000]
6231	13	013001	013000	56	5.0	1.0	0,000	true	[013001, 013002, 013004, 013003, 013006, 013005, 013007, 013009, 013008, 013000]
6232	13	013001	013000	57	5.0	1.0	0,000	true	[013001, 013002, 013004, 013003, 013006, 013005, 013008, 013000]
6233	13	013001	013000	58	5.0	1.0	0,000	true	[013001, 013002, 013004, 013003, 013006, 013005, 013008, 013007, 013000]
6234	13	013001	013000	59	5.0	1.0	0,000	true	[013001, 013002, 013004, 013003, 013006, 013005, 013008, 013007, 013009, 013000]
6235	13	013001	013000	60	5.0	1.0	0,000	true	[013001, 013002, 013004, 013003, 013006, 013005, 013008, 013009, 013000]
6236	13	013001	013000	61	5.0	1.0	0,000	true	[013001, 013002, 013004, 013003, 013006, 013005, 013008, 013009, 013007, 013000]
6237	13	013001	013000	62	5.0	1.0	0,000	true	[013001, 013002, 013004, 013003, 013006, 013005, 013009, 013000]
6238	13	013001	013000	63	5.0	1.0	0,000	true	[013001, 013002, 013004, 013003, 013006, 013005, 013009, 013007, 013000]
6239	13	013001	013000	64	5.0	1.0	0,000	true	[013001, 013002, 013004, 013003, 013006, 013005, 013009, 013007, 013008, 013000]
6240	13	013001	013000	65	5.0	1.0	0,000	true	[013001, 013002, 013004, 013003, 013006, 013005, 013009, 013008, 013000]
6241	13	013001	013000	66	5.0	1.0	0,000	true	[013001, 013002, 013004, 013003, 013006, 013005, 013009, 013008, 013007, 013000]
6242	13	013001	013000	67	5.0	1.0	0,000	true	[013001, 013002, 013004, 013003, 013006, 013007, 013000]
6243	13	013001	013000	68	5.0	1.0	0,000	true	[013001, 013002, 013004, 013003, 013006, 013007, 013005, 013008, 013000]
6244	13	013001	013000	69	5.0	1.0	0,000	true	[013001, 013002, 013004, 013003, 013006, 013007, 013005, 013008, 013009, 013000]
6245	13	013001	013000	70	5.0	1.0	0,000	true	[013001, 013002, 013004, 013003, 013006, 013007, 013005, 013009, 013000]
6246	13	013001	013000	71	5.0	1.0	0,000	true	[013001, 013002, 013004, 013003, 013006, 013007, 013005, 013009, 013008, 013000]
6247	13	013001	013000	72	5.0	1.0	0,000	true	[013001, 013002, 013004, 013003, 013006, 013007, 013008, 013000]
6248	13	013001	013000	73	5.0	1.0	0,000	true	[013001, 013002, 013004, 013003, 013006, 013007, 013008, 013005, 013009, 013000]
6249	13	013001	013000	74	5.0	1.0	0,000	true	[013001, 013002, 013004, 013003, 013006, 013007, 013008, 013009, 013000]
6250	13	013001	013000	75	5.0	1.0	0,000	true	[013001, 013002, 013004, 013003, 013006, 013007, 013009, 013000]
6251	13	013001	013000	76	5.0	1.0	0,000	true	[013001, 013002, 013004, 013003, 013006, 013007, 013009, 013005, 013008, 013000]
6252	13	013001	013000	77	5.0	1.0	0,000	true	[013001, 013002, 013004, 013003, 013006, 013007, 013009, 013008, 013000]
6253	13	013001	013000	78	5.0	1.0	0,000	true	[013001, 013002, 013004, 013003, 013006, 013008, 013000]
6254	13	013001	013000	79	5.0	1.0	0,000	true	[013001, 013002, 013004, 013003, 013006, 013008, 013005, 013007, 013000]
6255	13	013001	013000	80	5.0	1.0	0,000	true	[013001, 013002, 013004, 013003, 013006, 013008, 013005, 013007, 013009, 013000]
6256	13	013001	013000	81	5.0	1.0	0,000	true	[013001, 013002, 013004, 013003, 013006, 013008, 013005, 013009, 013000]
6257	13	013001	013000	82	5.0	1.0	0,000	true	[013001, 013002, 013004, 013003, 013006, 013008, 013005, 013009, 013007, 013000]
6258	13	013001	013000	83	5.0	1.0	0,000	true	[013001, 013002, 013004, 013003, 013006, 013008, 013007, 013000]
6259	13	013001	013000	84	5.0	1.0	0,000	true	[013001, 013002, 013004, 013003, 013006, 013008, 013007, 013005, 013009, 013000]
6260	13	013001	013000	85	5.0	1.0	0,000	true	[013001, 013002, 013004, 013003, 013006, 013008, 013007, 013009, 013000]
6261	13	013001	013000	86	5.0	1.0	0,000	true	[013001, 013002, 013004, 013003, 013006, 013008, 013009, 013000]
6262	13	013001	013000	87	5.0	1.0	0,000	true	[013001, 013002, 013004, 013003, 013006, 013008, 013009, 013005, 013007, 013000]
6263	13	013001	013000	88	5.0	1.0	0,000	true	[013001, 013002, 013004, 013003, 013006, 013008, 013009, 013007, 013000]
6264	13	013001	013000	89	5.0	1.0	0,000	true	[013001, 013002, 013004, 013003, 013006, 013009, 013000]
6265	13	013001	013000	90	5.0	1.0	0,000	true	[013001, 013002, 013004, 013003, 013006, 013009, 013005, 013007, 013000]
6266	13	013001	013000	91	5.0	1.0	0,000	true	[013001, 013002, 013004, 013003, 013006, 013009, 013005, 013007, 013008, 013000]
6267	13	013001	013000	92	5.0	1.0	0,000	true	[013001, 013002, 013004, 013003, 013006, 013009, 013005, 013008, 013000]
6268	13	013001	013000	93	5.0	1.0	0,000	true	[013001, 013002, 013004, 013003, 013006, 013009, 013005, 013008, 013007, 013000]
6269	13	013001	013000	94	5.0	1.0	0,000	true	[013001, 013002, 013004, 013003, 013006, 013009, 013007, 013000]
6270	13	013001	013000	95	5.0	1.0	0,000	true	[013001, 013002, 013004, 013003, 013006, 013009, 013007, 013005, 013008, 013000]
6271	13	013001	013000	96	5.0	1.0	0,000	true	[013001, 013002, 013004, 013003, 013006, 013009, 013007, 013008, 013000]
6272	13	013001	013000	97	5.0	1.0	0,000	true	[013001, 013002, 013004, 013003, 013006, 013009, 013008, 013000]
6273	13	013001	013000	98	5.0	1.0	0,000	true	[013001, 013002, 013004, 013003, 013006, 013009, 013008, 013005, 013007, 013000]
6274	13	013001	013000	99	5.0	1.0	0,000	true	[013001, 013002, 013004, 013003, 013006, 013009, 013008, 013007, 013000]
6275	13	013001	013000	100	9.0	1.0	0,001	true	[013001, 013002, 013004, 013003, 013007, 013000]
6276	-1	000008	001006	0	85.0	8.0	997,000	true	[000008, 001006]
6277	-1	000003	002008	0	55.0	4.0	996,000	true	[000003, 002008]
6278	-1	000001	007000	0	95.0	7.0	997,000	true	[000001, 007000]
6279	-1	001007	002006	0	85.0	4.0	995,000	true	[001007, 002006]
6280	-1	001004	003008	0	95.0	1.0	997,000	true	[001004, 003008]
6281	-1	002003	005008	0	75.0	6.0	996,000	true	[002003, 005008]
6282	-1	003004	004007	0	90.0	1.0	998,000	true	[003004, 004007]
6283	-1	003006	010002	0	70.0	3.0	997,000	true	[003006, 010002]
6284	-1	004009	005005	0	55.0	5.0	995,000	true	[004009, 005005]
6285	-1	004002	006008	0	95.0	2.0	997,000	true	[004002, 006008]
6286	-1	005007	009003	0	85.0	8.0	996,000	true	[005007, 009003]
6287	-1	005009	012000	0	75.0	4.0	995,000	true	[005009, 012000]
6288	-1	006002	007009	0	70.0	8.0	997,000	true	[006002, 007009]
6289	-1	007008	008002	0	80.0	1.0	997,000	true	[007008, 008002]
6290	-1	008006	009009	0	100.0	9.0	998,000	true	[008006, 009009]
6291	-1	008001	011008	0	75.0	5.0	998,000	true	[008001, 011008]
6292	-1	008007	013001	0	60.0	7.0	997,000	true	[008007, 013001]
6293	-1	010008	011003	0	90.0	3.0	997,000	true	[010008, 011003]
6294	-1	010001	013000	0	95.0	8.0	996,000	true	[010001, 013000]
6295	-1	011006	013005	0	55.0	1.0	995,000	true	[011006, 013005]
6296	-1	012006	013004	0	80.0	7.0	996,000	true	[012006, 013004]
