TransactionId	ASId	Ingress	Egress	PathletId	Bandwidth	Delay	Reliability	Status	Full Path
3367	0	000005	000006	0	6.0	2.0	0,000	true	[000005, 000000, 000001, 000002, 000003, 000004, 000006]
3368	0	000005	000006	1	6.0	2.0	0,000	true	[000005, 000000, 000001, 000002, 000003, 000006]
3369	0	000005	000006	2	5.0	2.0	0,000	true	[000005, 000000, 000001, 000002, 000003, 000007, 000008, 000004, 000006]
3370	0	000005	000006	3	5.0	1.0	0,000	true	[000005, 000000, 000001, 000002, 000003, 000008, 000004, 000006]
3371	0	000005	000006	4	6.0	1.0	0,001	true	[000005, 000000, 000001, 000002, 000004, 000003, 000006]
3372	0	000005	000006	5	6.0	1.0	0,005	true	[000005, 000000, 000001, 000002, 000004, 000006]
3373	0	000005	000006	6	5.0	1.0	0,000	true	[000005, 000000, 000001, 000002, 000004, 000008, 000003, 000006]
3374	0	000005	000006	7	5.0	1.0	0,000	true	[000005, 000000, 000001, 000002, 000004, 000008, 000007, 000003, 000006]
3375	0	000005	000006	8	6.0	1.0	0,000	true	[000005, 000000, 000001, 000003, 000002, 000004, 000006]
3376	0	000005	000006	9	6.0	2.0	0,002	true	[000005, 000000, 000001, 000003, 000004, 000006]
3377	0	000005	000006	10	6.0	2.0	0,004	true	[000005, 000000, 000001, 000003, 000006]
3378	0	000005	000006	11	5.0	2.0	0,000	true	[000005, 000000, 000001, 000003, 000007, 000008, 000004, 000006]
3379	0	000005	000006	12	5.0	1.0	0,001	true	[000005, 000000, 000001, 000003, 000008, 000004, 000006]
3380	0	000005	000006	13	7.0	1.0	0,000	true	[000005, 000000, 000001, 000004, 000002, 000003, 000006]
3381	0	000005	000006	14	7.0	2.0	0,001	true	[000005, 000000, 000001, 000004, 000003, 000006]
3382	0	000005	000006	15	10.0	2.0	0,007	true	[000005, 000000, 000001, 000004, 000006]
3383	0	000005	000006	16	5.0	1.0	0,000	true	[000005, 000000, 000001, 000004, 000008, 000003, 000006]
3384	0	000005	000006	17	5.0	2.0	0,000	true	[000005, 000000, 000001, 000004, 000008, 000007, 000003, 000006]
3385	0	000005	000006	18	12.0	2.0	0,022	true	[000005, 000000, 000001, 000006]
3386	0	000005	000006	19	7.0	1.0	0,000	true	[000005, 000000, 000001, 000008, 000003, 000002, 000004, 000006]
3387	0	000005	000006	20	7.0	1.0	0,001	true	[000005, 000000, 000001, 000008, 000003, 000004, 000006]
3388	0	000005	000006	21	7.0	1.0	0,002	true	[000005, 000000, 000001, 000008, 000003, 000006]
3389	0	000005	000006	22	5.0	1.0	0,000	true	[000005, 000000, 000001, 000008, 000004, 000002, 000003, 000006]
3390	0	000005	000006	23	5.0	2.0	0,001	true	[000005, 000000, 000001, 000008, 000004, 000003, 000006]
3391	0	000005	000006	24	5.0	2.0	0,004	true	[000005, 000000, 000001, 000008, 000004, 000006]
3392	0	000005	000006	25	5.0	1.0	0,000	true	[000005, 000000, 000001, 000008, 000007, 000003, 000002, 000004, 000006]
3393	0	000005	000006	26	5.0	2.0	0,000	true	[000005, 000000, 000001, 000008, 000007, 000003, 000004, 000006]
3394	0	000005	000006	27	5.0	2.0	0,000	true	[000005, 000000, 000001, 000008, 000007, 000003, 000006]
3395	0	000005	000006	28	6.0	1.0	0,002	true	[000005, 000000, 000003, 000001, 000002, 000004, 000006]
3396	0	000005	000006	29	6.0	2.0	0,002	true	[000005, 000000, 000003, 000001, 000004, 000006]
3397	0	000005	000006	30	6.0	2.0	0,008	true	[000005, 000000, 000003, 000001, 000006]
3398	0	000005	000006	31	5.0	2.0	0,001	true	[000005, 000000, 000003, 000001, 000008, 000004, 000006]
3399	0	000005	000006	32	6.0	2.0	0,000	true	[000005, 000000, 000003, 000002, 000001, 000004, 000006]
3400	0	000005	000006	33	6.0	2.0	0,000	true	[000005, 000000, 000003, 000002, 000001, 000006]
3401	0	000005	000006	34	5.0	2.0	0,000	true	[000005, 000000, 000003, 000002, 000001, 000008, 000004, 000006]
3402	0	000005	000006	35	9.0	1.0	0,000	true	[000005, 000000, 000003, 000002, 000004, 000001, 000006]
3403	0	000005	000006	36	9.0	1.0	0,000	true	[000005, 000000, 000003, 000002, 000004, 000006]
3404	0	000005	000006	37	5.0	1.0	0,000	true	[000005, 000000, 000003, 000002, 000004, 000008, 000001, 000006]
3405	0	000005	000006	38	9.0	2.0	0,002	true	[000005, 000000, 000003, 000004, 000001, 000006]
3406	0	000005	000006	39	6.0	1.0	0,002	true	[000005, 000000, 000003, 000004, 000002, 000001, 000006]
3407	0	000005	000006	40	9.0	2.0	0,010	true	[000005, 000000, 000003, 000004, 000006]
3408	0	000005	000006	41	5.0	2.0	0,001	true	[000005, 000000, 000003, 000004, 000008, 000001, 000006]
3409	0	000005	000006	42	7.0	2.0	0,019	true	[000005, 000000, 000003, 000006]
3410	0	000005	000006	43	5.0	1.0	0,000	true	[000005, 000000, 000003, 000007, 000008, 000001, 000002, 000004, 000006]
3411	0	000005	000006	44	5.0	2.0	0,000	true	[000005, 000000, 000003, 000007, 000008, 000001, 000004, 000006]
3412	0	000005	000006	45	5.0	2.0	0,000	true	[000005, 000000, 000003, 000007, 000008, 000001, 000006]
3413	0	000005	000006	46	5.0	2.0	0,000	true	[000005, 000000, 000003, 000007, 000008, 000004, 000001, 000006]
3414	0	000005	000006	47	5.0	1.0	0,000	true	[000005, 000000, 000003, 000007, 000008, 000004, 000002, 000001, 000006]
3415	0	000005	000006	48	5.0	2.0	0,000	true	[000005, 000000, 000003, 000007, 000008, 000004, 000006]
3416	0	000005	000006	49	6.0	1.0	0,001	true	[000005, 000000, 000003, 000008, 000001, 000002, 000004, 000006]
3417	0	000005	000006	50	7.0	1.0	0,001	true	[000005, 000000, 000003, 000008, 000001, 000004, 000006]
3418	0	000005	000006	51	7.0	1.0	0,003	true	[000005, 000000, 000003, 000008, 000001, 000006]
3419	0	000005	000006	52	5.0	1.0	0,001	true	[000005, 000000, 000003, 000008, 000004, 000001, 000006]
3420	0	000005	000006	53	5.0	1.0	0,000	true	[000005, 000000, 000003, 000008, 000004, 000002, 000001, 000006]
3421	0	000005	000006	54	5.0	1.0	0,003	true	[000005, 000000, 000003, 000008, 000004, 000006]
3422	0	000005	000006	55	6.0	2.0	0,000	true	[000005, 000000, 000004, 000001, 000002, 000003, 000006]
3423	0	000005	000006	56	6.0	2.0	0,002	true	[000005, 000000, 000004, 000001, 000003, 000006]
3424	0	000005	000006	57	9.0	2.0	0,009	true	[000005, 000000, 000004, 000001, 000006]
3425	0	000005	000006	58	7.0	1.0	0,001	true	[000005, 000000, 000004, 000001, 000008, 000003, 000006]
3426	0	000005	000006	59	5.0	2.0	0,000	true	[000005, 000000, 000004, 000001, 000008, 000007, 000003, 000006]
3427	0	000005	000006	60	6.0	1.0	0,001	true	[000005, 000000, 000004, 000002, 000001, 000003, 000006]
3428	0	000005	000006	61	6.0	1.0	0,006	true	[000005, 000000, 000004, 000002, 000001, 000006]
3429	0	000005	000006	62	6.0	1.0	0,000	true	[000005, 000000, 000004, 000002, 000001, 000008, 000003, 000006]
3430	0	000005	000006	63	5.0	1.0	0,000	true	[000005, 000000, 000004, 000002, 000001, 000008, 000007, 000003, 000006]
3431	0	000005	000006	64	6.0	1.0	0,000	true	[000005, 000000, 000004, 000002, 000003, 000001, 000006]
3432	0	000005	000006	65	7.0	1.0	0,000	true	[000005, 000000, 000004, 000002, 000003, 000006]
3433	0	000005	000006	66	5.0	1.0	0,000	true	[000005, 000000, 000004, 000002, 000003, 000007, 000008, 000001, 000006]
3434	0	000005	000006	67	7.0	1.0	0,000	true	[000005, 000000, 000004, 000002, 000003, 000008, 000001, 000006]
3435	0	000005	000006	68	6.0	2.0	0,003	true	[000005, 000000, 000004, 000003, 000001, 000006]
3436	0	000005	000006	69	6.0	2.0	0,000	true	[000005, 000000, 000004, 000003, 000002, 000001, 000006]
3437	0	000005	000006	70	7.0	2.0	0,007	true	[000005, 000000, 000004, 000003, 000006]
3438	0	000005	000006	71	5.0	2.0	0,000	true	[000005, 000000, 000004, 000003, 000007, 000008, 000001, 000006]
3439	0	000005	000006	72	7.0	1.0	0,001	true	[000005, 000000, 000004, 000003, 000008, 000001, 000006]
3440	0	000005	000006	73	9.0	2.0	0,039	true	[000005, 000000, 000004, 000006]
3441	0	000005	000006	74	5.0	2.0	0,000	true	[000005, 000000, 000004, 000008, 000001, 000002, 000003, 000006]
3442	0	000005	000006	75	5.0	2.0	0,001	true	[000005, 000000, 000004, 000008, 000001, 000003, 000006]
3443	0	000005	000006	76	5.0	2.0	0,005	true	[000005, 000000, 000004, 000008, 000001, 000006]
3444	0	000005	000006	77	5.0	1.0	0,001	true	[000005, 000000, 000004, 000008, 000003, 000001, 000006]
3445	0	000005	000006	78	5.0	1.0	0,000	true	[000005, 000000, 000004, 000008, 000003, 000002, 000001, 000006]
3446	0	000005	000006	79	5.0	1.0	0,002	true	[000005, 000000, 000004, 000008, 000003, 000006]
3447	0	000005	000006	80	5.0	2.0	0,000	true	[000005, 000000, 000004, 000008, 000007, 000003, 000001, 000006]
3448	0	000005	000006	81	5.0	2.0	0,000	true	[000005, 000000, 000004, 000008, 000007, 000003, 000002, 000001, 000006]
3449	0	000005	000006	82	5.0	2.0	0,000	true	[000005, 000000, 000004, 000008, 000007, 000003, 000006]
3450	0	000005	000006	83	6.0	2.0	0,000	true	[000005, 000000, 000008, 000001, 000002, 000003, 000004, 000006]
3451	0	000005	000006	84	6.0	2.0	0,000	true	[000005, 000000, 000008, 000001, 000002, 000003, 000006]
3452	0	000005	000006	85	6.0	1.0	0,000	true	[000005, 000000, 000008, 000001, 000002, 000004, 000003, 000006]
3453	0	000005	000006	86	6.0	1.0	0,001	true	[000005, 000000, 000008, 000001, 000002, 000004, 000006]
3454	0	000005	000006	87	6.0	1.0	0,000	true	[000005, 000000, 000008, 000001, 000003, 000002, 000004, 000006]
3455	0	000005	000006	88	6.0	2.0	0,001	true	[000005, 000000, 000008, 000001, 000003, 000004, 000006]
3456	0	000005	000006	89	6.0	2.0	0,001	true	[000005, 000000, 000008, 000001, 000003, 000006]
3457	0	000005	000006	90	7.0	1.0	0,000	true	[000005, 000000, 000008, 000001, 000004, 000002, 000003, 000006]
3458	0	000005	000006	91	7.0	2.0	0,000	true	[000005, 000000, 000008, 000001, 000004, 000003, 000006]
3459	0	000005	000006	92	7.0	2.0	0,002	true	[000005, 000000, 000008, 000001, 000004, 000006]
3460	0	000005	000006	93	7.0	2.0	0,006	true	[000005, 000000, 000008, 000001, 000006]
3461	0	000005	000006	94	6.0	1.0	0,000	true	[000005, 000000, 000008, 000003, 000001, 000002, 000004, 000006]
3462	0	000005	000006	95	6.0	1.0	0,000	true	[000005, 000000, 000008, 000003, 000001, 000004, 000006]
3463	0	000005	000006	96	6.0	1.0	0,001	true	[000005, 000000, 000008, 000003, 000001, 000006]
3464	0	000005	000006	97	6.0	1.0	0,000	true	[000005, 000000, 000008, 000003, 000002, 000001, 000004, 000006]
3465	0	000005	000006	98	6.0	1.0	0,000	true	[000005, 000000, 000008, 000003, 000002, 000001, 000006]
3466	0	000005	000006	99	9.0	1.0	0,000	true	[000005, 000000, 000008, 000003, 000002, 000004, 000001, 000006]
3467	0	000005	000006	100	9.0	1.0	0,000	true	[000005, 000000, 000008, 000003, 000002, 000004, 000006]
3468	0	000005	000006	101	7.0	1.0	0,002	true	[000005, 000000, 000008, 000003, 000006]
3469	1	001001	001008	0	5.0	1.0	0,000	true	[001001, 001002, 001003, 001000, 001005, 001007, 001004, 001006, 001008]
3470	1	001001	001008	1	8.0	1.0	0,000	true	[001001, 001002, 001003, 001000, 001005, 001007, 001004, 001008]
3471	1	001001	001008	2	5.0	1.0	0,000	true	[001001, 001002, 001003, 001000, 001005, 001007, 001006, 001004, 001008]
3472	1	001001	001008	3	7.0	1.0	0,000	true	[001001, 001002, 001003, 001000, 001005, 001007, 001006, 001008]
3473	1	001001	001008	4	8.0	1.0	0,001	true	[001001, 001002, 001003, 001000, 001005, 001008]
3474	1	001001	001008	5	5.0	1.0	0,000	true	[001001, 001002, 001003, 001000, 001006, 001004, 001007, 001005, 001008]
3475	1	001001	001008	6	5.0	1.0	0,000	true	[001001, 001002, 001003, 001000, 001006, 001004, 001008]
3476	1	001001	001008	7	5.0	1.0	0,000	true	[001001, 001002, 001003, 001000, 001006, 001007, 001004, 001008]
3477	1	001001	001008	8	5.0	1.0	0,000	true	[001001, 001002, 001003, 001000, 001006, 001007, 001005, 001008]
3478	1	001001	001008	9	5.0	1.0	0,001	true	[001001, 001002, 001003, 001000, 001006, 001008]
3479	1	001001	001008	10	5.0	1.0	0,000	true	[001001, 001002, 001003, 001000, 001007, 001004, 001006, 001008]
3480	1	001001	001008	11	8.0	1.0	0,000	true	[001001, 001002, 001003, 001000, 001007, 001004, 001008]
3481	1	001001	001008	12	8.0	1.0	0,000	true	[001001, 001002, 001003, 001000, 001007, 001005, 001008]
3482	1	001001	001008	13	5.0	1.0	0,000	true	[001001, 001002, 001003, 001000, 001007, 001006, 001004, 001008]
3483	1	001001	001008	14	7.0	1.0	0,000	true	[001001, 001002, 001003, 001000, 001007, 001006, 001008]
3484	1	001001	001008	15	6.0	1.0	0,005	true	[001001, 001002, 001003, 001000, 001008]
3485	1	001001	001008	16	5.0	2.0	0,000	true	[001001, 001002, 001003, 001004, 001006, 001000, 001005, 001008]
3486	1	001001	001008	17	5.0	2.0	0,000	true	[001001, 001002, 001003, 001004, 001006, 001000, 001007, 001005, 001008]
3487	1	001001	001008	18	5.0	2.0	0,000	true	[001001, 001002, 001003, 001004, 001006, 001000, 001008]
3488	1	001001	001008	19	5.0	2.0	0,000	true	[001001, 001002, 001003, 001004, 001006, 001007, 001000, 001005, 001008]
3489	1	001001	001008	20	5.0	2.0	0,000	true	[001001, 001002, 001003, 001004, 001006, 001007, 001000, 001008]
3490	1	001001	001008	21	5.0	2.0	0,000	true	[001001, 001002, 001003, 001004, 001006, 001007, 001005, 001000, 001008]
3491	1	001001	001008	22	5.0	2.0	0,000	true	[001001, 001002, 001003, 001004, 001006, 001007, 001005, 001008]
3492	1	001001	001008	23	5.0	2.0	0,001	true	[001001, 001002, 001003, 001004, 001006, 001008]
3493	1	001001	001008	24	6.0	2.0	0,000	true	[001001, 001002, 001003, 001004, 001007, 001000, 001005, 001008]
3494	1	001001	001008	25	5.0	2.0	0,000	true	[001001, 001002, 001003, 001004, 001007, 001000, 001006, 001008]
3495	1	001001	001008	26	6.0	2.0	0,000	true	[001001, 001002, 001003, 001004, 001007, 001000, 001008]
3496	1	001001	001008	27	5.0	2.0	0,000	true	[001001, 001002, 001003, 001004, 001007, 001005, 001000, 001006, 001008]
3497	1	001001	001008	28	6.0	2.0	0,000	true	[001001, 001002, 001003, 001004, 001007, 001005, 001000, 001008]
3498	1	001001	001008	29	6.0	2.0	0,000	true	[001001, 001002, 001003, 001004, 001007, 001005, 001008]
3499	1	001001	001008	30	5.0	2.0	0,000	true	[001001, 001002, 001003, 001004, 001007, 001006, 001000, 001005, 001008]
3500	1	001001	001008	31	5.0	2.0	0,000	true	[001001, 001002, 001003, 001004, 001007, 001006, 001000, 001008]
3501	1	001001	001008	32	6.0	2.0	0,000	true	[001001, 001002, 001003, 001004, 001007, 001006, 001008]
3502	1	001001	001008	33	6.0	1.0	0,000	true	[001001, 001002, 001003, 001004, 001008]
3503	1	001001	001008	34	5.0	1.0	0,000	true	[001001, 001002, 001003, 001006, 001000, 001005, 001007, 001004, 001008]
3504	1	001001	001008	35	5.0	2.0	0,000	true	[001001, 001002, 001003, 001006, 001000, 001005, 001008]
3505	1	001001	001008	36	5.0	1.0	0,000	true	[001001, 001002, 001003, 001006, 001000, 001007, 001004, 001008]
3506	1	001001	001008	37	5.0	2.0	0,000	true	[001001, 001002, 001003, 001006, 001000, 001007, 001005, 001008]
3507	1	001001	001008	38	5.0	2.0	0,001	true	[001001, 001002, 001003, 001006, 001000, 001008]
3508	1	001001	001008	39	5.0	2.0	0,000	true	[001001, 001002, 001003, 001006, 001004, 001007, 001000, 001005, 001008]
3509	1	001001	001008	40	5.0	2.0	0,000	true	[001001, 001002, 001003, 001006, 001004, 001007, 001000, 001008]
3510	1	001001	001008	41	5.0	2.0	0,000	true	[001001, 001002, 001003, 001006, 001004, 001007, 001005, 001000, 001008]
3511	1	001001	001008	42	5.0	2.0	0,000	true	[001001, 001002, 001003, 001006, 001004, 001007, 001005, 001008]
3512	1	001001	001008	43	5.0	1.0	0,000	true	[001001, 001002, 001003, 001006, 001004, 001008]
3513	1	001001	001008	44	8.0	2.0	0,000	true	[001001, 001002, 001003, 001006, 001007, 001000, 001005, 001008]
3514	1	001001	001008	45	6.0	2.0	0,000	true	[001001, 001002, 001003, 001006, 001007, 001000, 001008]
3515	1	001001	001008	46	8.0	1.0	0,000	true	[001001, 001002, 001003, 001006, 001007, 001004, 001008]
3516	1	001001	001008	47	6.0	2.0	0,000	true	[001001, 001002, 001003, 001006, 001007, 001005, 001000, 001008]
3517	1	001001	001008	48	8.0	2.0	0,000	true	[001001, 001002, 001003, 001006, 001007, 001005, 001008]
3518	1	001001	001008	49	7.0	2.0	0,001	true	[001001, 001002, 001003, 001006, 001008]
3519	1	001001	001008	50	5.0	2.0	0,020	true	[001001, 001002, 001003, 001008]
3520	1	001001	001008	51	6.0	1.0	0,000	true	[001001, 001002, 001004, 001003, 001000, 001005, 001007, 001006, 001008]
3521	1	001001	001008	52	6.0	1.0	0,000	true	[001001, 001002, 001004, 001003, 001000, 001005, 001008]
3522	1	001001	001008	53	5.0	1.0	0,000	true	[001001, 001002, 001004, 001003, 001000, 001006, 001007, 001005, 001008]
3523	1	001001	001008	54	5.0	1.0	0,000	true	[001001, 001002, 001004, 001003, 001000, 001006, 001008]
3524	1	001001	001008	55	6.0	1.0	0,000	true	[001001, 001002, 001004, 001003, 001000, 001007, 001005, 001008]
3525	1	001001	001008	56	6.0	1.0	0,000	true	[001001, 001002, 001004, 001003, 001000, 001007, 001006, 001008]
3526	1	001001	001008	57	6.0	1.0	0,000	true	[001001, 001002, 001004, 001003, 001000, 001008]
3527	1	001001	001008	58	5.0	2.0	0,000	true	[001001, 001002, 001004, 001003, 001006, 001000, 001005, 001008]
3528	1	001001	001008	59	5.0	2.0	0,000	true	[001001, 001002, 001004, 001003, 001006, 001000, 001007, 001005, 001008]
3529	1	001001	001008	60	5.0	2.0	0,000	true	[001001, 001002, 001004, 001003, 001006, 001000, 001008]
3530	1	001001	001008	61	6.0	2.0	0,000	true	[001001, 001002, 001004, 001003, 001006, 001007, 001000, 001005, 001008]
3531	1	001001	001008	62	6.0	2.0	0,000	true	[001001, 001002, 001004, 001003, 001006, 001007, 001000, 001008]
3532	1	001001	001008	63	6.0	2.0	0,000	true	[001001, 001002, 001004, 001003, 001006, 001007, 001005, 001000, 001008]
3533	1	001001	001008	64	6.0	2.0	0,000	true	[001001, 001002, 001004, 001003, 001006, 001007, 001005, 001008]
3534	1	001001	001008	65	6.0	2.0	0,000	true	[001001, 001002, 001004, 001003, 001006, 001008]
3535	1	001001	001008	66	5.0	2.0	0,000	true	[001001, 001002, 001004, 001003, 001008]
3536	1	001001	001008	67	5.0	1.0	0,000	true	[001001, 001002, 001004, 001006, 001000, 001003, 001008]
3537	1	001001	001008	68	5.0	2.0	0,000	true	[001001, 001002, 001004, 001006, 001000, 001005, 001008]
3538	1	001001	001008	69	5.0	2.0	0,000	true	[001001, 001002, 001004, 001006, 001000, 001007, 001005, 001008]
3539	1	001001	001008	70	5.0	2.0	0,000	true	[001001, 001002, 001004, 001006, 001000, 001008]
3540	1	001001	001008	71	5.0	1.0	0,000	true	[001001, 001002, 001004, 001006, 001003, 001000, 001005, 001008]
3541	1	001001	001008	72	5.0	1.0	0,000	true	[001001, 001002, 001004, 001006, 001003, 001000, 001007, 001005, 001008]
3542	1	001001	001008	73	5.0	1.0	0,000	true	[001001, 001002, 001004, 001006, 001003, 001000, 001008]
3543	1	001001	001008	74	5.0	2.0	0,000	true	[001001, 001002, 001004, 001006, 001003, 001008]
3544	1	001001	001008	75	5.0	1.0	0,000	true	[001001, 001002, 001004, 001006, 001007, 001000, 001003, 001008]
3545	1	001001	001008	76	5.0	2.0	0,000	true	[001001, 001002, 001004, 001006, 001007, 001000, 001005, 001008]
3546	1	001001	001008	77	5.0	2.0	0,000	true	[001001, 001002, 001004, 001006, 001007, 001000, 001008]
3547	1	001001	001008	78	5.0	1.0	0,000	true	[001001, 001002, 001004, 001006, 001007, 001005, 001000, 001003, 001008]
3548	1	001001	001008	79	5.0	2.0	0,000	true	[001001, 001002, 001004, 001006, 001007, 001005, 001000, 001008]
3549	1	001001	001008	80	5.0	2.0	0,000	true	[001001, 001002, 001004, 001006, 001007, 001005, 001008]
3550	1	001001	001008	81	5.0	2.0	0,000	true	[001001, 001002, 001004, 001006, 001008]
3551	1	001001	001008	82	7.0	1.0	0,000	true	[001001, 001002, 001004, 001007, 001000, 001003, 001006, 001008]
3552	1	001001	001008	83	5.0	1.0	0,000	true	[001001, 001002, 001004, 001007, 001000, 001003, 001008]
3553	1	001001	001008	84	8.0	2.0	0,000	true	[001001, 001002, 001004, 001007, 001000, 001005, 001008]
3554	1	001001	001008	85	5.0	2.0	0,000	true	[001001, 001002, 001004, 001007, 001000, 001006, 001003, 001008]
3555	1	001001	001008	86	5.0	2.0	0,000	true	[001001, 001002, 001004, 001007, 001000, 001006, 001008]
3556	1	001001	001008	87	6.0	2.0	0,000	true	[001001, 001002, 001004, 001007, 001000, 001008]
3557	1	001001	001008	88	7.0	1.0	0,000	true	[001001, 001002, 001004, 001007, 001005, 001000, 001003, 001006, 001008]
3558	1	001001	001008	89	5.0	1.0	0,000	true	[001001, 001002, 001004, 001007, 001005, 001000, 001003, 001008]
3559	1	001001	001008	90	5.0	2.0	0,000	true	[001001, 001002, 001004, 001007, 001005, 001000, 001006, 001003, 001008]
3560	1	001001	001008	91	5.0	2.0	0,000	true	[001001, 001002, 001004, 001007, 001005, 001000, 001006, 001008]
3561	1	001001	001008	92	6.0	2.0	0,000	true	[001001, 001002, 001004, 001007, 001005, 001000, 001008]
3562	1	001001	001008	93	8.0	2.0	0,000	true	[001001, 001002, 001004, 001007, 001005, 001008]
3563	1	001001	001008	94	5.0	1.0	0,000	true	[001001, 001002, 001004, 001007, 001006, 001000, 001003, 001008]
3564	1	001001	001008	95	5.0	2.0	0,000	true	[001001, 001002, 001004, 001007, 001006, 001000, 001005, 001008]
3565	1	001001	001008	96	5.0	2.0	0,000	true	[001001, 001002, 001004, 001007, 001006, 001000, 001008]
3566	1	001001	001008	97	8.0	1.0	0,000	true	[001001, 001002, 001004, 001007, 001006, 001003, 001000, 001005, 001008]
3567	1	001001	001008	98	6.0	1.0	0,000	true	[001001, 001002, 001004, 001007, 001006, 001003, 001000, 001008]
3568	1	001001	001008	99	5.0	2.0	0,000	true	[001001, 001002, 001004, 001007, 001006, 001003, 001008]
3569	1	001001	001008	100	7.0	2.0	0,000	true	[001001, 001002, 001004, 001007, 001006, 001008]
3570	1	001001	001008	101	8.0	1.0	0,000	true	[001001, 001002, 001004, 001008]
3571	1	001001	001008	102	12.0	3.0	0,330	true	[001001, 001008]
3572	2	002005	002001	0	6.0	2.0	0,015	true	[002005, 002000, 002001]
3573	2	002005	002001	1	6.0	1.0	0,001	true	[002005, 002000, 002002, 002003, 002001]
3574	2	002005	002001	2	5.0	1.0	0,000	true	[002005, 002000, 002002, 002003, 002004, 002001]
3575	2	002005	002001	3	5.0	1.0	0,000	true	[002005, 002000, 002002, 002003, 002004, 002006, 002001]
3576	2	002005	002001	4	5.0	1.0	0,000	true	[002005, 002000, 002002, 002003, 002004, 002006, 002007, 002001]
3577	2	002005	002001	5	5.0	1.0	0,000	true	[002005, 002000, 002002, 002003, 002004, 002006, 002007, 002008, 002001]
3578	2	002005	002001	6	5.0	1.0	0,000	true	[002005, 002000, 002002, 002003, 002004, 002006, 002008, 002001]
3579	2	002005	002001	7	5.0	1.0	0,000	true	[002005, 002000, 002002, 002003, 002004, 002006, 002008, 002007, 002001]
3580	2	002005	002001	8	5.0	1.0	0,000	true	[002005, 002000, 002002, 002003, 002004, 002007, 002001]
3581	2	002005	002001	9	5.0	1.0	0,000	true	[002005, 002000, 002002, 002003, 002004, 002007, 002006, 002001]
3582	2	002005	002001	10	5.0	1.0	0,000	true	[002005, 002000, 002002, 002003, 002004, 002007, 002006, 002008, 002001]
3583	2	002005	002001	11	5.0	1.0	0,000	true	[002005, 002000, 002002, 002003, 002004, 002007, 002008, 002001]
3584	2	002005	002001	12	5.0	1.0	0,000	true	[002005, 002000, 002002, 002003, 002004, 002007, 002008, 002006, 002001]
3585	2	002005	002001	13	5.0	1.0	0,000	true	[002005, 002000, 002002, 002003, 002004, 002008, 002001]
3586	2	002005	002001	14	5.0	1.0	0,000	true	[002005, 002000, 002002, 002003, 002004, 002008, 002006, 002001]
3587	2	002005	002001	15	5.0	1.0	0,000	true	[002005, 002000, 002002, 002003, 002004, 002008, 002006, 002007, 002001]
3588	2	002005	002001	16	5.0	1.0	0,000	true	[002005, 002000, 002002, 002003, 002004, 002008, 002007, 002001]
3589	2	002005	002001	17	5.0	1.0	0,000	true	[002005, 002000, 002002, 002003, 002004, 002008, 002007, 002006, 002001]
3590	2	002005	002001	18	6.0	1.0	0,000	true	[002005, 002000, 002002, 002003, 002006, 002001]
3591	2	002005	002001	19	6.0	1.0	0,000	true	[002005, 002000, 002002, 002003, 002006, 002004, 002001]
3592	2	002005	002001	20	6.0	1.0	0,000	true	[002005, 002000, 002002, 002003, 002006, 002004, 002007, 002001]
3593	2	002005	002001	21	6.0	1.0	0,000	true	[002005, 002000, 002002, 002003, 002006, 002004, 002007, 002008, 002001]
3594	2	002005	002001	22	6.0	1.0	0,000	true	[002005, 002000, 002002, 002003, 002006, 002004, 002008, 002001]
3595	2	002005	002001	23	6.0	1.0	0,000	true	[002005, 002000, 002002, 002003, 002006, 002004, 002008, 002007, 002001]
3596	2	002005	002001	24	6.0	1.0	0,000	true	[002005, 002000, 002002, 002003, 002006, 002007, 002001]
3597	2	002005	002001	25	6.0	1.0	0,000	true	[002005, 002000, 002002, 002003, 002006, 002007, 002004, 002001]
3598	2	002005	002001	26	6.0	1.0	0,000	true	[002005, 002000, 002002, 002003, 002006, 002007, 002004, 002008, 002001]
3599	2	002005	002001	27	6.0	1.0	0,000	true	[002005, 002000, 002002, 002003, 002006, 002007, 002008, 002001]
3600	2	002005	002001	28	6.0	1.0	0,000	true	[002005, 002000, 002002, 002003, 002006, 002007, 002008, 002004, 002001]
3601	2	002005	002001	29	6.0	1.0	0,000	true	[002005, 002000, 002002, 002003, 002006, 002008, 002001]
3602	2	002005	002001	30	6.0	1.0	0,000	true	[002005, 002000, 002002, 002003, 002006, 002008, 002004, 002001]
3603	2	002005	002001	31	6.0	1.0	0,000	true	[002005, 002000, 002002, 002003, 002006, 002008, 002004, 002007, 002001]
3604	2	002005	002001	32	6.0	1.0	0,000	true	[002005, 002000, 002002, 002003, 002006, 002008, 002007, 002001]
3605	2	002005	002001	33	6.0	1.0	0,000	true	[002005, 002000, 002002, 002003, 002006, 002008, 002007, 002004, 002001]
3606	2	002005	002001	34	6.0	1.0	0,000	true	[002005, 002000, 002002, 002003, 002007, 002001]
3607	2	002005	002001	35	6.0	1.0	0,000	true	[002005, 002000, 002002, 002003, 002007, 002004, 002001]
3608	2	002005	002001	36	6.0	1.0	0,000	true	[002005, 002000, 002002, 002003, 002007, 002004, 002006, 002001]
3609	2	002005	002001	37	6.0	1.0	0,000	true	[002005, 002000, 002002, 002003, 002007, 002004, 002006, 002008, 002001]
3610	2	002005	002001	38	6.0	1.0	0,000	true	[002005, 002000, 002002, 002003, 002007, 002004, 002008, 002001]
3611	2	002005	002001	39	6.0	1.0	0,000	true	[002005, 002000, 002002, 002003, 002007, 002004, 002008, 002006, 002001]
3612	2	002005	002001	40	6.0	1.0	0,000	true	[002005, 002000, 002002, 002003, 002007, 002006, 002001]
3613	2	002005	002001	41	6.0	1.0	0,000	true	[002005, 002000, 002002, 002003, 002007, 002006, 002004, 002001]
3614	2	002005	002001	42	6.0	1.0	0,000	true	[002005, 002000, 002002, 002003, 002007, 002006, 002004, 002008, 002001]
3615	2	002005	002001	43	6.0	1.0	0,000	true	[002005, 002000, 002002, 002003, 002007, 002006, 002008, 002001]
3616	2	002005	002001	44	6.0	1.0	0,000	true	[002005, 002000, 002002, 002003, 002007, 002006, 002008, 002004, 002001]
3617	2	002005	002001	45	6.0	1.0	0,000	true	[002005, 002000, 002002, 002003, 002007, 002008, 002001]
3618	2	002005	002001	46	6.0	1.0	0,000	true	[002005, 002000, 002002, 002003, 002007, 002008, 002004, 002001]
3619	2	002005	002001	47	6.0	1.0	0,000	true	[002005, 002000, 002002, 002003, 002007, 002008, 002004, 002006, 002001]
3620	2	002005	002001	48	6.0	1.0	0,000	true	[002005, 002000, 002002, 002003, 002007, 002008, 002006, 002001]
3621	2	002005	002001	49	6.0	1.0	0,000	true	[002005, 002000, 002002, 002003, 002007, 002008, 002006, 002004, 002001]
3622	2	002005	002001	50	6.0	1.0	0,000	true	[002005, 002000, 002002, 002003, 002008, 002001]
3623	2	002005	002001	51	6.0	1.0	0,000	true	[002005, 002000, 002002, 002003, 002008, 002004, 002001]
3624	2	002005	002001	52	6.0	1.0	0,000	true	[002005, 002000, 002002, 002003, 002008, 002004, 002006, 002001]
3625	2	002005	002001	53	6.0	1.0	0,000	true	[002005, 002000, 002002, 002003, 002008, 002004, 002006, 002007, 002001]
3626	2	002005	002001	54	6.0	1.0	0,000	true	[002005, 002000, 002002, 002003, 002008, 002004, 002007, 002001]
3627	2	002005	002001	55	6.0	1.0	0,000	true	[002005, 002000, 002002, 002003, 002008, 002004, 002007, 002006, 002001]
3628	2	002005	002001	56	6.0	1.0	0,000	true	[002005, 002000, 002002, 002003, 002008, 002006, 002001]
3629	2	002005	002001	57	6.0	1.0	0,000	true	[002005, 002000, 002002, 002003, 002008, 002006, 002004, 002001]
3630	2	002005	002001	58	6.0	1.0	0,000	true	[002005, 002000, 002002, 002003, 002008, 002006, 002004, 002007, 002001]
3631	2	002005	002001	59	6.0	1.0	0,000	true	[002005, 002000, 002002, 002003, 002008, 002006, 002007, 002001]
3632	2	002005	002001	60	6.0	1.0	0,000	true	[002005, 002000, 002002, 002003, 002008, 002006, 002007, 002004, 002001]
3633	2	002005	002001	61	6.0	1.0	0,000	true	[002005, 002000, 002002, 002003, 002008, 002007, 002001]
3634	2	002005	002001	62	6.0	1.0	0,000	true	[002005, 002000, 002002, 002003, 002008, 002007, 002004, 002001]
3635	2	002005	002001	63	6.0	1.0	0,000	true	[002005, 002000, 002002, 002003, 002008, 002007, 002004, 002006, 002001]
3636	2	002005	002001	64	6.0	1.0	0,000	true	[002005, 002000, 002002, 002003, 002008, 002007, 002006, 002001]
3637	2	002005	002001	65	6.0	1.0	0,000	true	[002005, 002000, 002002, 002003, 002008, 002007, 002006, 002004, 002001]
3638	2	002005	002001	66	6.0	2.0	0,000	true	[002005, 002000, 002002, 002004, 002001]
3639	2	002005	002001	67	5.0	1.0	0,000	true	[002005, 002000, 002002, 002004, 002003, 002001]
3640	2	002005	002001	68	5.0	2.0	0,000	true	[002005, 002000, 002002, 002004, 002003, 002006, 002001]
3641	2	002005	002001	69	5.0	1.0	0,000	true	[002005, 002000, 002002, 002004, 002003, 002006, 002007, 002001]
3642	2	002005	002001	70	5.0	1.0	0,000	true	[002005, 002000, 002002, 002004, 002003, 002006, 002007, 002008, 002001]
3643	2	002005	002001	71	5.0	2.0	0,000	true	[002005, 002000, 002002, 002004, 002003, 002006, 002008, 002001]
3644	2	002005	002001	72	5.0	2.0	0,000	true	[002005, 002000, 002002, 002004, 002003, 002006, 002008, 002007, 002001]
3645	2	002005	002001	73	5.0	2.0	0,000	true	[002005, 002000, 002002, 002004, 002003, 002007, 002001]
3646	2	002005	002001	74	5.0	1.0	0,000	true	[002005, 002000, 002002, 002004, 002003, 002007, 002006, 002001]
3647	2	002005	002001	75	5.0	1.0	0,000	true	[002005, 002000, 002002, 002004, 002003, 002007, 002006, 002008, 002001]
3648	2	002005	002001	76	5.0	2.0	0,000	true	[002005, 002000, 002002, 002004, 002003, 002007, 002008, 002001]
3649	2	002005	002001	77	5.0	2.0	0,000	true	[002005, 002000, 002002, 002004, 002003, 002007, 002008, 002006, 002001]
3650	2	002005	002001	78	5.0	2.0	0,000	true	[002005, 002000, 002002, 002004, 002003, 002008, 002001]
3651	2	002005	002001	79	5.0	2.0	0,000	true	[002005, 002000, 002002, 002004, 002003, 002008, 002006, 002001]
3652	2	002005	002001	80	5.0	1.0	0,000	true	[002005, 002000, 002002, 002004, 002003, 002008, 002006, 002007, 002001]
3653	2	002005	002001	81	5.0	2.0	0,000	true	[002005, 002000, 002002, 002004, 002003, 002008, 002007, 002001]
3654	2	002005	002001	82	5.0	1.0	0,000	true	[002005, 002000, 002002, 002004, 002003, 002008, 002007, 002006, 002001]
3655	2	002005	002001	83	6.0	2.0	0,000	true	[002005, 002000, 002002, 002004, 002006, 002001]
3656	2	002005	002001	84	6.0	1.0	0,000	true	[002005, 002000, 002002, 002004, 002006, 002003, 002001]
3657	2	002005	002001	85	6.0	2.0	0,000	true	[002005, 002000, 002002, 002004, 002006, 002003, 002007, 002001]
3658	2	002005	002001	86	6.0	2.0	0,000	true	[002005, 002000, 002002, 002004, 002006, 002003, 002007, 002008, 002001]
3659	2	002005	002001	87	6.0	2.0	0,000	true	[002005, 002000, 002002, 002004, 002006, 002003, 002008, 002001]
3660	2	002005	002001	88	6.0	2.0	0,000	true	[002005, 002000, 002002, 002004, 002006, 002003, 002008, 002007, 002001]
3661	2	002005	002001	89	6.0	1.0	0,000	true	[002005, 002000, 002002, 002004, 002006, 002007, 002001]
3662	2	002005	002001	90	6.0	1.0	0,000	true	[002005, 002000, 002002, 002004, 002006, 002007, 002003, 002001]
3663	2	002005	002001	91	6.0	1.0	0,000	true	[002005, 002000, 002002, 002004, 002006, 002007, 002003, 002008, 002001]
3664	2	002005	002001	92	6.0	1.0	0,000	true	[002005, 002000, 002002, 002004, 002006, 002007, 002008, 002001]
3665	2	002005	002001	93	6.0	1.0	0,000	true	[002005, 002000, 002002, 002004, 002006, 002007, 002008, 002003, 002001]
3666	2	002005	002001	94	6.0	2.0	0,000	true	[002005, 002000, 002002, 002004, 002006, 002008, 002001]
3667	2	002005	002001	95	6.0	1.0	0,000	true	[002005, 002000, 002002, 002004, 002006, 002008, 002003, 002001]
3668	2	002005	002001	96	6.0	2.0	0,000	true	[002005, 002000, 002002, 002004, 002006, 002008, 002003, 002007, 002001]
3669	2	002005	002001	97	6.0	2.0	0,000	true	[002005, 002000, 002002, 002004, 002006, 002008, 002007, 002001]
3670	2	002005	002001	98	6.0	1.0	0,000	true	[002005, 002000, 002002, 002004, 002006, 002008, 002007, 002003, 002001]
3671	2	002005	002001	99	6.0	2.0	0,000	true	[002005, 002000, 002002, 002004, 002007, 002001]
3672	2	002005	002001	100	6.0	1.0	0,000	true	[002005, 002000, 002002, 002004, 002007, 002003, 002001]
3673	3	003008	003000	0	9.0	1.0	0,360	true	[003008, 003000]
3674	3	003008	003000	1	8.0	4.0	0,012	true	[003008, 003002, 003001, 003000]
3675	3	003008	003000	2	8.0	3.0	0,003	true	[003008, 003002, 003001, 003003, 003000]
3676	3	003008	003000	3	8.0	1.0	0,000	true	[003008, 003002, 003001, 003003, 003004, 003000]
3677	3	003008	003000	4	5.0	1.0	0,000	true	[003008, 003002, 003001, 003003, 003004, 003005, 003000]
3678	3	003008	003000	5	6.0	1.0	0,000	true	[003008, 003002, 003001, 003003, 003004, 003005, 003006, 003000]
3679	3	003008	003000	6	6.0	1.0	0,000	true	[003008, 003002, 003001, 003003, 003004, 003005, 003006, 003007, 003000]
3680	3	003008	003000	7	5.0	1.0	0,000	true	[003008, 003002, 003001, 003003, 003004, 003005, 003007, 003000]
3681	3	003008	003000	8	5.0	1.0	0,000	true	[003008, 003002, 003001, 003003, 003004, 003005, 003007, 003006, 003000]
3682	3	003008	003000	9	8.0	1.0	0,000	true	[003008, 003002, 003001, 003003, 003004, 003006, 003000]
3683	3	003008	003000	10	5.0	1.0	0,000	true	[003008, 003002, 003001, 003003, 003004, 003006, 003005, 003000]
3684	3	003008	003000	11	5.0	1.0	0,000	true	[003008, 003002, 003001, 003003, 003004, 003006, 003005, 003007, 003000]
3685	3	003008	003000	12	8.0	1.0	0,000	true	[003008, 003002, 003001, 003003, 003004, 003006, 003007, 003000]
3686	3	003008	003000	13	5.0	1.0	0,000	true	[003008, 003002, 003001, 003003, 003004, 003006, 003007, 003005, 003000]
3687	3	003008	003000	14	8.0	1.0	0,000	true	[003008, 003002, 003001, 003003, 003004, 003007, 003000]
3688	3	003008	003000	15	5.0	1.0	0,000	true	[003008, 003002, 003001, 003003, 003004, 003007, 003005, 003000]
3689	3	003008	003000	16	5.0	1.0	0,000	true	[003008, 003002, 003001, 003003, 003004, 003007, 003005, 003006, 003000]
3690	3	003008	003000	17	8.0	1.0	0,000	true	[003008, 003002, 003001, 003003, 003004, 003007, 003006, 003000]
3691	3	003008	003000	18	5.0	1.0	0,000	true	[003008, 003002, 003001, 003003, 003004, 003007, 003006, 003005, 003000]
3692	3	003008	003000	19	5.0	4.0	0,002	true	[003008, 003002, 003001, 003003, 003005, 003000]
3693	3	003008	003000	20	6.0	3.0	0,000	true	[003008, 003002, 003001, 003003, 003005, 003004, 003000]
3694	3	003008	003000	21	6.0	3.0	0,000	true	[003008, 003002, 003001, 003003, 003005, 003004, 003006, 003000]
3695	3	003008	003000	22	6.0	1.0	0,000	true	[003008, 003002, 003001, 003003, 003005, 003004, 003006, 003007, 003000]
3696	3	003008	003000	23	6.0	4.0	0,000	true	[003008, 003002, 003001, 003003, 003005, 003004, 003007, 003000]
3697	3	003008	003000	24	6.0	1.0	0,000	true	[003008, 003002, 003001, 003003, 003005, 003004, 003007, 003006, 003000]
3698	3	003008	003000	25	8.0	2.0	0,000	true	[003008, 003002, 003001, 003003, 003005, 003006, 003000]
3699	3	003008	003000	26	8.0	2.0	0,000	true	[003008, 003002, 003001, 003003, 003005, 003006, 003004, 003000]
3700	3	003008	003000	27	8.0	2.0	0,000	true	[003008, 003002, 003001, 003003, 003005, 003006, 003004, 003007, 003000]
3701	3	003008	003000	28	8.0	1.0	0,000	true	[003008, 003002, 003001, 003003, 003005, 003006, 003007, 003000]
3702	3	003008	003000	29	8.0	1.0	0,000	true	[003008, 003002, 003001, 003003, 003005, 003006, 003007, 003004, 003000]
3703	3	003008	003000	30	5.0	1.0	0,000	true	[003008, 003002, 003001, 003003, 003005, 003007, 003000]
3704	3	003008	003000	31	5.0	1.0	0,000	true	[003008, 003002, 003001, 003003, 003005, 003007, 003004, 003000]
3705	3	003008	003000	32	5.0	1.0	0,000	true	[003008, 003002, 003001, 003003, 003005, 003007, 003004, 003006, 003000]
3706	3	003008	003000	33	5.0	1.0	0,000	true	[003008, 003002, 003001, 003003, 003005, 003007, 003006, 003000]
3707	3	003008	003000	34	5.0	1.0	0,000	true	[003008, 003002, 003001, 003003, 003005, 003007, 003006, 003004, 003000]
3708	3	003008	003000	35	6.0	3.0	0,000	true	[003008, 003002, 003001, 003003, 003006, 003000]
3709	3	003008	003000	36	6.0	3.0	0,000	true	[003008, 003002, 003001, 003003, 003006, 003004, 003000]
3710	3	003008	003000	37	5.0	3.0	0,000	true	[003008, 003002, 003001, 003003, 003006, 003004, 003005, 003000]
3711	3	003008	003000	38	5.0	1.0	0,000	true	[003008, 003002, 003001, 003003, 003006, 003004, 003005, 003007, 003000]
3712	3	003008	003000	39	6.0	3.0	0,000	true	[003008, 003002, 003001, 003003, 003006, 003004, 003007, 003000]
3713	3	003008	003000	40	5.0	1.0	0,000	true	[003008, 003002, 003001, 003003, 003006, 003004, 003007, 003005, 003000]
3714	3	003008	003000	41	5.0	2.0	0,000	true	[003008, 003002, 003001, 003003, 003006, 003005, 003000]
3715	3	003008	003000	42	6.0	2.0	0,000	true	[003008, 003002, 003001, 003003, 003006, 003005, 003004, 003000]
3716	3	003008	003000	43	6.0	2.0	0,000	true	[003008, 003002, 003001, 003003, 003006, 003005, 003004, 003007, 003000]
3717	3	003008	003000	44	5.0	1.0	0,000	true	[003008, 003002, 003001, 003003, 003006, 003005, 003007, 003000]
3718	3	003008	003000	45	5.0	1.0	0,000	true	[003008, 003002, 003001, 003003, 003006, 003005, 003007, 003004, 003000]
3719	3	003008	003000	46	6.0	1.0	0,000	true	[003008, 003002, 003001, 003003, 003006, 003007, 003000]
3720	3	003008	003000	47	6.0	1.0	0,000	true	[003008, 003002, 003001, 003003, 003006, 003007, 003004, 003000]
3721	3	003008	003000	48	5.0	1.0	0,000	true	[003008, 003002, 003001, 003003, 003006, 003007, 003004, 003005, 003000]
3722	3	003008	003000	49	5.0	1.0	0,000	true	[003008, 003002, 003001, 003003, 003006, 003007, 003005, 003000]
3723	3	003008	003000	50	5.0	1.0	0,000	true	[003008, 003002, 003001, 003003, 003006, 003007, 003005, 003004, 003000]
3724	3	003008	003000	51	6.0	3.0	0,005	true	[003008, 003002, 003001, 003004, 003000]
3725	3	003008	003000	52	6.0	1.0	0,000	true	[003008, 003002, 003001, 003004, 003003, 003000]
3726	3	003008	003000	53	5.0	1.0	0,000	true	[003008, 003002, 003001, 003004, 003003, 003005, 003000]
3727	3	003008	003000	54	6.0	1.0	0,000	true	[003008, 003002, 003001, 003004, 003003, 003005, 003006, 003000]
3728	3	003008	003000	55	6.0	1.0	0,000	true	[003008, 003002, 003001, 003004, 003003, 003005, 003006, 003007, 003000]
3729	3	003008	003000	56	5.0	1.0	0,000	true	[003008, 003002, 003001, 003004, 003003, 003005, 003007, 003000]
3730	3	003008	003000	57	5.0	1.0	0,000	true	[003008, 003002, 003001, 003004, 003003, 003005, 003007, 003006, 003000]
3731	3	003008	003000	58	6.0	1.0	0,000	true	[003008, 003002, 003001, 003004, 003003, 003006, 003000]
3732	3	003008	003000	59	5.0	1.0	0,000	true	[003008, 003002, 003001, 003004, 003003, 003006, 003005, 003000]
3733	3	003008	003000	60	5.0	1.0	0,000	true	[003008, 003002, 003001, 003004, 003003, 003006, 003005, 003007, 003000]
3734	3	003008	003000	61	6.0	1.0	0,000	true	[003008, 003002, 003001, 003004, 003003, 003006, 003007, 003000]
3735	3	003008	003000	62	5.0	1.0	0,000	true	[003008, 003002, 003001, 003004, 003003, 003006, 003007, 003005, 003000]
3736	3	003008	003000	63	5.0	3.0	0,001	true	[003008, 003002, 003001, 003004, 003005, 003000]
3737	3	003008	003000	64	6.0	3.0	0,000	true	[003008, 003002, 003001, 003004, 003005, 003003, 003000]
3738	3	003008	003000	65	6.0	3.0	0,000	true	[003008, 003002, 003001, 003004, 003005, 003003, 003006, 003000]
3739	3	003008	003000	66	6.0	1.0	0,000	true	[003008, 003002, 003001, 003004, 003005, 003003, 003006, 003007, 003000]
3740	3	003008	003000	67	6.0	2.0	0,000	true	[003008, 003002, 003001, 003004, 003005, 003006, 003000]
3741	3	003008	003000	68	6.0	2.0	0,000	true	[003008, 003002, 003001, 003004, 003005, 003006, 003003, 003000]
3742	3	003008	003000	69	6.0	1.0	0,000	true	[003008, 003002, 003001, 003004, 003005, 003006, 003007, 003000]
3743	3	003008	003000	70	5.0	1.0	0,000	true	[003008, 003002, 003001, 003004, 003005, 003007, 003000]
3744	3	003008	003000	71	5.0	1.0	0,000	true	[003008, 003002, 003001, 003004, 003005, 003007, 003006, 003000]
3745	3	003008	003000	72	5.0	1.0	0,000	true	[003008, 003002, 003001, 003004, 003005, 003007, 003006, 003003, 003000]
3746	3	003008	003000	73	6.0	3.0	0,000	true	[003008, 003002, 003001, 003004, 003006, 003000]
3747	3	003008	003000	74	6.0	3.0	0,000	true	[003008, 003002, 003001, 003004, 003006, 003003, 003000]
3748	3	003008	003000	75	5.0	3.0	0,000	true	[003008, 003002, 003001, 003004, 003006, 003003, 003005, 003000]
3749	3	003008	003000	76	5.0	1.0	0,000	true	[003008, 003002, 003001, 003004, 003006, 003003, 003005, 003007, 003000]
3750	3	003008	003000	77	5.0	2.0	0,000	true	[003008, 003002, 003001, 003004, 003006, 003005, 003000]
3751	3	003008	003000	78	6.0	2.0	0,000	true	[003008, 003002, 003001, 003004, 003006, 003005, 003003, 003000]
3752	3	003008	003000	79	5.0	1.0	0,000	true	[003008, 003002, 003001, 003004, 003006, 003005, 003007, 003000]
3753	3	003008	003000	80	6.0	1.0	0,000	true	[003008, 003002, 003001, 003004, 003006, 003007, 003000]
3754	3	003008	003000	81	5.0	1.0	0,000	true	[003008, 003002, 003001, 003004, 003006, 003007, 003005, 003000]
3755	3	003008	003000	82	5.0	1.0	0,000	true	[003008, 003002, 003001, 003004, 003006, 003007, 003005, 003003, 003000]
3756	3	003008	003000	83	6.0	3.0	0,001	true	[003008, 003002, 003001, 003004, 003007, 003000]
3757	3	003008	003000	84	5.0	1.0	0,001	true	[003008, 003002, 003001, 003004, 003007, 003005, 003000]
3758	3	003008	003000	85	5.0	1.0	0,000	true	[003008, 003002, 003001, 003004, 003007, 003005, 003003, 003000]
3759	3	003008	003000	86	5.0	1.0	0,000	true	[003008, 003002, 003001, 003004, 003007, 003005, 003003, 003006, 003000]
3760	3	003008	003000	87	5.0	1.0	0,000	true	[003008, 003002, 003001, 003004, 003007, 003005, 003006, 003000]
3761	3	003008	003000	88	5.0	1.0	0,000	true	[003008, 003002, 003001, 003004, 003007, 003005, 003006, 003003, 003000]
3762	3	003008	003000	89	6.0	1.0	0,000	true	[003008, 003002, 003001, 003004, 003007, 003006, 003000]
3763	3	003008	003000	90	6.0	1.0	0,000	true	[003008, 003002, 003001, 003004, 003007, 003006, 003003, 003000]
3764	3	003008	003000	91	5.0	1.0	0,000	true	[003008, 003002, 003001, 003004, 003007, 003006, 003003, 003005, 003000]
3765	3	003008	003000	92	5.0	1.0	0,000	true	[003008, 003002, 003001, 003004, 003007, 003006, 003005, 003000]
3766	3	003008	003000	93	6.0	1.0	0,000	true	[003008, 003002, 003001, 003004, 003007, 003006, 003005, 003003, 003000]
3767	3	003008	003000	94	11.0	3.0	0,005	true	[003008, 003002, 003001, 003006, 003000]
3768	3	003008	003000	95	6.0	3.0	0,001	true	[003008, 003002, 003001, 003006, 003003, 003000]
3769	3	003008	003000	96	6.0	1.0	0,000	true	[003008, 003002, 003001, 003006, 003003, 003004, 003000]
3770	3	003008	003000	97	5.0	1.0	0,000	true	[003008, 003002, 003001, 003006, 003003, 003004, 003005, 003000]
3771	3	003008	003000	98	5.0	1.0	0,000	true	[003008, 003002, 003001, 003006, 003003, 003004, 003005, 003007, 003000]
3772	3	003008	003000	99	6.0	1.0	0,000	true	[003008, 003002, 003001, 003006, 003003, 003004, 003007, 003000]
3773	3	003008	003000	100	5.0	1.0	0,000	true	[003008, 003002, 003001, 003006, 003003, 003004, 003007, 003005, 003000]
3774	4	004006	004002	0	9.0	3.0	0,090	true	[004006, 004002]
3775	4	004006	004002	1	5.0	1.0	0,000	true	[004006, 004003, 004001, 004000, 004004, 004002]
3776	4	004006	004002	2	5.0	1.0	0,000	true	[004006, 004003, 004001, 004000, 004004, 004005, 004002]
3777	4	004006	004002	3	11.0	1.0	0,000	true	[004006, 004003, 004001, 004000, 004004, 004005, 004008, 004002]
3778	4	004006	004002	4	7.0	1.0	0,000	true	[004006, 004003, 004001, 004000, 004004, 004005, 004008, 004007, 004002]
3779	4	004006	004002	5	7.0	1.0	0,000	true	[004006, 004003, 004001, 004000, 004004, 004007, 004002]
3780	4	004006	004002	6	11.0	1.0	0,000	true	[004006, 004003, 004001, 004000, 004004, 004007, 004008, 004002]
3781	4	004006	004002	7	5.0	1.0	0,000	true	[004006, 004003, 004001, 004000, 004004, 004007, 004008, 004005, 004002]
3782	4	004006	004002	8	7.0	3.0	0,000	true	[004006, 004003, 004001, 004000, 004007, 004002]
3783	4	004006	004002	9	5.0	3.0	0,000	true	[004006, 004003, 004001, 004000, 004007, 004004, 004002]
3784	4	004006	004002	10	5.0	3.0	0,000	true	[004006, 004003, 004001, 004000, 004007, 004004, 004005, 004002]
3785	4	004006	004002	11	9.0	3.0	0,000	true	[004006, 004003, 004001, 004000, 004007, 004004, 004005, 004008, 004002]
3786	4	004006	004002	12	9.0	3.0	0,000	true	[004006, 004003, 004001, 004000, 004007, 004008, 004002]
3787	4	004006	004002	13	5.0	3.0	0,000	true	[004006, 004003, 004001, 004000, 004007, 004008, 004005, 004002]
3788	4	004006	004002	14	5.0	3.0	0,000	true	[004006, 004003, 004001, 004000, 004007, 004008, 004005, 004004, 004002]
3789	4	004006	004002	15	11.0	3.0	0,001	true	[004006, 004003, 004001, 004002]
3790	4	004006	004002	16	5.0	1.0	0,000	true	[004006, 004003, 004001, 004004, 004000, 004007, 004002]
3791	4	004006	004002	17	5.0	1.0	0,000	true	[004006, 004003, 004001, 004004, 004000, 004007, 004008, 004002]
3792	4	004006	004002	18	5.0	1.0	0,000	true	[004006, 004003, 004001, 004004, 004000, 004007, 004008, 004005, 004002]
3793	4	004006	004002	19	5.0	1.0	0,001	true	[004006, 004003, 004001, 004004, 004002]
3794	4	004006	004002	20	5.0	1.0	0,000	true	[004006, 004003, 004001, 004004, 004005, 004002]
3795	4	004006	004002	21	5.0	1.0	0,000	true	[004006, 004003, 004001, 004004, 004005, 004008, 004002]
3796	4	004006	004002	22	5.0	1.0	0,000	true	[004006, 004003, 004001, 004004, 004005, 004008, 004007, 004002]
3797	4	004006	004002	23	5.0	1.0	0,000	true	[004006, 004003, 004001, 004004, 004007, 004002]
3798	4	004006	004002	24	5.0	1.0	0,000	true	[004006, 004003, 004001, 004004, 004007, 004008, 004002]
3799	4	004006	004002	25	5.0	1.0	0,000	true	[004006, 004003, 004001, 004004, 004007, 004008, 004005, 004002]
3800	4	004006	004002	26	5.0	1.0	0,000	true	[004006, 004003, 004001, 004005, 004002]
3801	4	004006	004002	27	5.0	1.0	0,000	true	[004006, 004003, 004001, 004005, 004004, 004000, 004007, 004002]
3802	4	004006	004002	28	5.0	1.0	0,000	true	[004006, 004003, 004001, 004005, 004004, 004000, 004007, 004008, 004002]
3803	4	004006	004002	29	5.0	1.0	0,000	true	[004006, 004003, 004001, 004005, 004004, 004002]
3804	4	004006	004002	30	5.0	1.0	0,000	true	[004006, 004003, 004001, 004005, 004004, 004007, 004002]
3805	4	004006	004002	31	5.0	1.0	0,000	true	[004006, 004003, 004001, 004005, 004004, 004007, 004008, 004002]
3806	4	004006	004002	32	5.0	1.0	0,000	true	[004006, 004003, 004001, 004005, 004008, 004002]
3807	4	004006	004002	33	5.0	1.0	0,000	true	[004006, 004003, 004001, 004005, 004008, 004007, 004000, 004004, 004002]
3808	4	004006	004002	34	5.0	1.0	0,000	true	[004006, 004003, 004001, 004005, 004008, 004007, 004002]
3809	4	004006	004002	35	5.0	1.0	0,000	true	[004006, 004003, 004001, 004005, 004008, 004007, 004004, 004002]
3810	4	004006	004002	36	5.0	1.0	0,000	true	[004006, 004003, 004001, 004007, 004000, 004004, 004002]
3811	4	004006	004002	37	5.0	1.0	0,000	true	[004006, 004003, 004001, 004007, 004000, 004004, 004005, 004002]
3812	4	004006	004002	38	9.0	1.0	0,000	true	[004006, 004003, 004001, 004007, 004000, 004004, 004005, 004008, 004002]
3813	4	004006	004002	39	7.0	2.0	0,002	true	[004006, 004003, 004001, 004007, 004002]
3814	4	004006	004002	40	5.0	2.0	0,000	true	[004006, 004003, 004001, 004007, 004004, 004002]
3815	4	004006	004002	41	5.0	2.0	0,000	true	[004006, 004003, 004001, 004007, 004004, 004005, 004002]
3816	4	004006	004002	42	10.0	2.0	0,000	true	[004006, 004003, 004001, 004007, 004004, 004005, 004008, 004002]
3817	4	004006	004002	43	10.0	2.0	0,000	true	[004006, 004003, 004001, 004007, 004008, 004002]
3818	4	004006	004002	44	5.0	2.0	0,000	true	[004006, 004003, 004001, 004007, 004008, 004005, 004002]
3819	4	004006	004002	45	5.0	2.0	0,000	true	[004006, 004003, 004001, 004007, 004008, 004005, 004004, 004002]
3820	4	004006	004002	46	11.0	2.0	0,001	true	[004006, 004003, 004001, 004008, 004002]
3821	4	004006	004002	47	5.0	2.0	0,000	true	[004006, 004003, 004001, 004008, 004005, 004002]
3822	4	004006	004002	48	7.0	1.0	0,000	true	[004006, 004003, 004001, 004008, 004005, 004004, 004000, 004007, 004002]
3823	4	004006	004002	49	5.0	2.0	0,000	true	[004006, 004003, 004001, 004008, 004005, 004004, 004002]
3824	4	004006	004002	50	7.0	2.0	0,000	true	[004006, 004003, 004001, 004008, 004005, 004004, 004007, 004002]
3825	4	004006	004002	51	5.0	1.0	0,000	true	[004006, 004003, 004001, 004008, 004007, 004000, 004004, 004002]
3826	4	004006	004002	52	5.0	1.0	0,000	true	[004006, 004003, 004001, 004008, 004007, 004000, 004004, 004005, 004002]
3827	4	004006	004002	53	7.0	2.0	0,000	true	[004006, 004003, 004001, 004008, 004007, 004002]
3828	4	004006	004002	54	5.0	2.0	0,000	true	[004006, 004003, 004001, 004008, 004007, 004004, 004002]
3829	4	004006	004002	55	5.0	2.0	0,000	true	[004006, 004003, 004001, 004008, 004007, 004004, 004005, 004002]
3830	4	004006	004002	56	11.0	2.0	0,021	true	[004006, 004003, 004002]
3831	4	004006	004002	57	7.0	3.0	0,001	true	[004006, 004003, 004007, 004000, 004001, 004002]
3832	4	004006	004002	58	5.0	1.0	0,001	true	[004006, 004003, 004007, 004000, 004001, 004004, 004002]
3833	4	004006	004002	59	5.0	1.0	0,000	true	[004006, 004003, 004007, 004000, 004001, 004004, 004005, 004002]
3834	4	004006	004002	60	5.0	1.0	0,000	true	[004006, 004003, 004007, 004000, 004001, 004004, 004005, 004008, 004002]
3835	4	004006	004002	61	5.0	1.0	0,000	true	[004006, 004003, 004007, 004000, 004001, 004005, 004002]
3836	4	004006	004002	62	5.0	1.0	0,000	true	[004006, 004003, 004007, 004000, 004001, 004005, 004004, 004002]
3837	4	004006	004002	63	5.0	1.0	0,000	true	[004006, 004003, 004007, 004000, 004001, 004005, 004008, 004002]
3838	4	004006	004002	64	7.0	2.0	0,001	true	[004006, 004003, 004007, 004000, 004001, 004008, 004002]
3839	4	004006	004002	65	5.0	2.0	0,000	true	[004006, 004003, 004007, 004000, 004001, 004008, 004005, 004002]
3840	4	004006	004002	66	5.0	2.0	0,000	true	[004006, 004003, 004007, 004000, 004001, 004008, 004005, 004004, 004002]
3841	4	004006	004002	67	5.0	1.0	0,000	true	[004006, 004003, 004007, 004000, 004004, 004001, 004002]
3842	4	004006	004002	68	5.0	1.0	0,000	true	[004006, 004003, 004007, 004000, 004004, 004001, 004005, 004002]
3843	4	004006	004002	69	5.0	1.0	0,000	true	[004006, 004003, 004007, 004000, 004004, 004001, 004005, 004008, 004002]
3844	4	004006	004002	70	5.0	1.0	0,000	true	[004006, 004003, 004007, 004000, 004004, 004001, 004008, 004002]
3845	4	004006	004002	71	5.0	1.0	0,000	true	[004006, 004003, 004007, 004000, 004004, 004001, 004008, 004005, 004002]
3846	4	004006	004002	72	5.0	1.0	0,003	true	[004006, 004003, 004007, 004000, 004004, 004002]
3847	4	004006	004002	73	5.0	1.0	0,000	true	[004006, 004003, 004007, 004000, 004004, 004005, 004001, 004002]
3848	4	004006	004002	74	5.0	1.0	0,000	true	[004006, 004003, 004007, 004000, 004004, 004005, 004001, 004008, 004002]
3849	4	004006	004002	75	5.0	1.0	0,000	true	[004006, 004003, 004007, 004000, 004004, 004005, 004002]
3850	4	004006	004002	76	7.0	1.0	0,000	true	[004006, 004003, 004007, 004000, 004004, 004005, 004008, 004001, 004002]
3851	4	004006	004002	77	7.0	1.0	0,000	true	[004006, 004003, 004007, 004000, 004004, 004005, 004008, 004002]
3852	4	004006	004002	78	5.0	1.0	0,001	true	[004006, 004003, 004007, 004001, 004000, 004004, 004002]
3853	4	004006	004002	79	5.0	1.0	0,000	true	[004006, 004003, 004007, 004001, 004000, 004004, 004005, 004002]
3854	4	004006	004002	80	7.0	1.0	0,000	true	[004006, 004003, 004007, 004001, 004000, 004004, 004005, 004008, 004002]
3855	4	004006	004002	81	7.0	2.0	0,003	true	[004006, 004003, 004007, 004001, 004002]
3856	4	004006	004002	82	5.0	1.0	0,005	true	[004006, 004003, 004007, 004001, 004004, 004002]
3857	4	004006	004002	83	5.0	1.0	0,000	true	[004006, 004003, 004007, 004001, 004004, 004005, 004002]
3858	4	004006	004002	84	5.0	1.0	0,000	true	[004006, 004003, 004007, 004001, 004004, 004005, 004008, 004002]
3859	4	004006	004002	85	5.0	1.0	0,001	true	[004006, 004003, 004007, 004001, 004005, 004002]
3860	4	004006	004002	86	5.0	1.0	0,000	true	[004006, 004003, 004007, 004001, 004005, 004004, 004002]
3861	4	004006	004002	87	5.0	1.0	0,000	true	[004006, 004003, 004007, 004001, 004005, 004008, 004002]
3862	4	004006	004002	88	7.0	2.0	0,004	true	[004006, 004003, 004007, 004001, 004008, 004002]
3863	4	004006	004002	89	5.0	2.0	0,000	true	[004006, 004003, 004007, 004001, 004008, 004005, 004002]
3864	4	004006	004002	90	5.0	2.0	0,000	true	[004006, 004003, 004007, 004001, 004008, 004005, 004004, 004002]
3865	4	004006	004002	91	7.0	4.0	0,038	true	[004006, 004003, 004007, 004002]
3866	4	004006	004002	92	7.0	1.0	0,000	true	[004006, 004003, 004007, 004004, 004000, 004001, 004002]
3867	4	004006	004002	93	5.0	1.0	0,000	true	[004006, 004003, 004007, 004004, 004000, 004001, 004005, 004002]
3868	4	004006	004002	94	5.0	1.0	0,000	true	[004006, 004003, 004007, 004004, 004000, 004001, 004005, 004008, 004002]
3869	4	004006	004002	95	7.0	1.0	0,000	true	[004006, 004003, 004007, 004004, 004000, 004001, 004008, 004002]
3870	4	004006	004002	96	5.0	1.0	0,000	true	[004006, 004003, 004007, 004004, 004000, 004001, 004008, 004005, 004002]
3871	4	004006	004002	97	5.0	1.0	0,001	true	[004006, 004003, 004007, 004004, 004001, 004002]
3872	4	004006	004002	98	5.0	1.0	0,000	true	[004006, 004003, 004007, 004004, 004001, 004005, 004002]
3873	4	004006	004002	99	5.0	1.0	0,000	true	[004006, 004003, 004007, 004004, 004001, 004005, 004008, 004002]
3874	4	004006	004002	100	5.0	1.0	0,001	true	[004006, 004003, 004007, 004004, 004001, 004008, 004002]
3875	4	004006	004002	101	5.0	3.0	0,009	true	[004006, 004003, 004007, 004004, 004002]
3876	5	005003	005002	0	5.0	3.0	0,000	true	[005003, 005000, 005004, 005001, 005002]
3877	5	005003	005002	1	5.0	1.0	0,000	true	[005003, 005000, 005004, 005001, 005006, 005002]
3878	5	005003	005002	2	5.0	1.0	0,000	true	[005003, 005000, 005004, 005001, 005006, 005005, 005008, 005002]
3879	5	005003	005002	3	5.0	1.0	0,000	true	[005003, 005000, 005004, 005001, 005008, 005002]
3880	5	005003	005002	4	5.0	2.0	0,000	true	[005003, 005000, 005004, 005001, 005008, 005005, 005006, 005002]
3881	5	005003	005002	5	5.0	3.0	0,008	true	[005003, 005000, 005004, 005002]
3882	5	005003	005002	6	5.0	1.0	0,000	true	[005003, 005000, 005004, 005005, 005006, 005001, 005002]
3883	5	005003	005002	7	5.0	1.0	0,000	true	[005003, 005000, 005004, 005005, 005006, 005001, 005008, 005002]
3884	5	005003	005002	8	5.0	2.0	0,000	true	[005003, 005000, 005004, 005005, 005006, 005002]
3885	5	005003	005002	9	5.0	3.0	0,000	true	[005003, 005000, 005004, 005005, 005008, 005001, 005002]
3886	5	005003	005002	10	5.0	1.0	0,000	true	[005003, 005000, 005004, 005005, 005008, 005001, 005006, 005002]
3887	5	005003	005002	11	5.0	1.0	0,000	true	[005003, 005000, 005004, 005005, 005008, 005002]
3888	5	005003	005002	12	5.0	1.0	0,000	true	[005003, 005000, 005004, 005006, 005001, 005002]
3889	5	005003	005002	13	5.0	1.0	0,000	true	[005003, 005000, 005004, 005006, 005001, 005008, 005002]
3890	5	005003	005002	14	5.0	2.0	0,000	true	[005003, 005000, 005004, 005006, 005002]
3891	5	005003	005002	15	5.0	3.0	0,000	true	[005003, 005000, 005004, 005006, 005005, 005008, 005001, 005002]
3892	5	005003	005002	16	5.0	1.0	0,000	true	[005003, 005000, 005004, 005006, 005005, 005008, 005002]
3893	5	005003	005002	17	5.0	1.0	0,000	true	[005003, 005000, 005004, 005007, 005005, 005006, 005001, 005002]
3894	5	005003	005002	18	5.0	1.0	0,000	true	[005003, 005000, 005004, 005007, 005005, 005006, 005001, 005008, 005002]
3895	5	005003	005002	19	5.0	1.0	0,000	true	[005003, 005000, 005004, 005007, 005005, 005006, 005002]
3896	5	005003	005002	20	5.0	1.0	0,000	true	[005003, 005000, 005004, 005007, 005005, 005008, 005001, 005002]
3897	5	005003	005002	21	5.0	1.0	0,000	true	[005003, 005000, 005004, 005007, 005005, 005008, 005001, 005006, 005002]
3898	5	005003	005002	22	5.0	1.0	0,000	true	[005003, 005000, 005004, 005007, 005005, 005008, 005002]
3899	5	005003	005002	23	5.0	1.0	0,001	true	[005003, 005000, 005006, 005001, 005002]
3900	5	005003	005002	24	5.0	1.0	0,000	true	[005003, 005000, 005006, 005001, 005004, 005002]
3901	5	005003	005002	25	5.0	1.0	0,000	true	[005003, 005000, 005006, 005001, 005004, 005005, 005008, 005002]
3902	5	005003	005002	26	5.0	1.0	0,000	true	[005003, 005000, 005006, 005001, 005004, 005007, 005005, 005008, 005002]
3903	5	005003	005002	27	5.0	1.0	0,000	true	[005003, 005000, 005006, 005001, 005008, 005002]
3904	5	005003	005002	28	5.0	1.0	0,000	true	[005003, 005000, 005006, 005001, 005008, 005005, 005004, 005002]
3905	5	005003	005002	29	5.0	1.0	0,000	true	[005003, 005000, 005006, 005001, 005008, 005005, 005007, 005004, 005002]
3906	5	005003	005002	30	5.0	2.0	0,001	true	[005003, 005000, 005006, 005002]
3907	5	005003	005002	31	5.0	3.0	0,000	true	[005003, 005000, 005006, 005004, 005001, 005002]
3908	5	005003	005002	32	5.0	1.0	0,000	true	[005003, 005000, 005006, 005004, 005001, 005008, 005002]
3909	5	005003	005002	33	5.0	3.0	0,000	true	[005003, 005000, 005006, 005004, 005002]
3910	5	005003	005002	34	5.0	3.0	0,000	true	[005003, 005000, 005006, 005004, 005005, 005008, 005001, 005002]
3911	5	005003	005002	35	5.0	1.0	0,000	true	[005003, 005000, 005006, 005004, 005005, 005008, 005002]
3912	5	005003	005002	36	5.0	1.0	0,000	true	[005003, 005000, 005006, 005004, 005007, 005005, 005008, 005001, 005002]
3913	5	005003	005002	37	5.0	1.0	0,000	true	[005003, 005000, 005006, 005004, 005007, 005005, 005008, 005002]
3914	5	005003	005002	38	5.0	3.0	0,000	true	[005003, 005000, 005006, 005005, 005004, 005001, 005002]
3915	5	005003	005002	39	5.0	1.0	0,000	true	[005003, 005000, 005006, 005005, 005004, 005001, 005008, 005002]
3916	5	005003	005002	40	5.0	3.0	0,000	true	[005003, 005000, 005006, 005005, 005004, 005002]
3917	5	005003	005002	41	5.0	1.0	0,000	true	[005003, 005000, 005006, 005005, 005007, 005004, 005001, 005002]
3918	5	005003	005002	42	5.0	1.0	0,000	true	[005003, 005000, 005006, 005005, 005007, 005004, 005001, 005008, 005002]
3919	5	005003	005002	43	5.0	1.0	0,000	true	[005003, 005000, 005006, 005005, 005007, 005004, 005002]
3920	5	005003	005002	44	5.0	3.0	0,000	true	[005003, 005000, 005006, 005005, 005008, 005001, 005002]
3921	5	005003	005002	45	5.0	3.0	0,000	true	[005003, 005000, 005006, 005005, 005008, 005001, 005004, 005002]
3922	5	005003	005002	46	5.0	1.0	0,002	true	[005003, 005000, 005006, 005005, 005008, 005002]
3923	5	005003	005002	47	5.0	1.0	0,000	true	[005003, 005000, 005007, 005004, 005001, 005002]
3924	5	005003	005002	48	5.0	1.0	0,000	true	[005003, 005000, 005007, 005004, 005001, 005006, 005002]
3925	5	005003	005002	49	5.0	1.0	0,000	true	[005003, 005000, 005007, 005004, 005001, 005006, 005005, 005008, 005002]
3926	5	005003	005002	50	5.0	1.0	0,000	true	[005003, 005000, 005007, 005004, 005001, 005008, 005002]
3927	5	005003	005002	51	5.0	1.0	0,000	true	[005003, 005000, 005007, 005004, 005001, 005008, 005005, 005006, 005002]
3928	5	005003	005002	52	5.0	1.0	0,000	true	[005003, 005000, 005007, 005004, 005002]
3929	5	005003	005002	53	5.0	1.0	0,000	true	[005003, 005000, 005007, 005004, 005005, 005006, 005001, 005002]
3930	5	005003	005002	54	5.0	1.0	0,000	true	[005003, 005000, 005007, 005004, 005005, 005006, 005001, 005008, 005002]
3931	5	005003	005002	55	5.0	1.0	0,000	true	[005003, 005000, 005007, 005004, 005005, 005006, 005002]
3932	5	005003	005002	56	5.0	1.0	0,000	true	[005003, 005000, 005007, 005004, 005005, 005008, 005001, 005002]
3933	5	005003	005002	57	5.0	1.0	0,000	true	[005003, 005000, 005007, 005004, 005005, 005008, 005001, 005006, 005002]
3934	5	005003	005002	58	5.0	1.0	0,000	true	[005003, 005000, 005007, 005004, 005005, 005008, 005002]
3935	5	005003	005002	59	5.0	1.0	0,000	true	[005003, 005000, 005007, 005004, 005006, 005001, 005002]
3936	5	005003	005002	60	5.0	1.0	0,000	true	[005003, 005000, 005007, 005004, 005006, 005001, 005008, 005002]
3937	5	005003	005002	61	5.0	1.0	0,000	true	[005003, 005000, 005007, 005004, 005006, 005002]
3938	5	005003	005002	62	5.0	1.0	0,000	true	[005003, 005000, 005007, 005004, 005006, 005005, 005008, 005001, 005002]
3939	5	005003	005002	63	5.0	1.0	0,000	true	[005003, 005000, 005007, 005004, 005006, 005005, 005008, 005002]
3940	5	005003	005002	64	5.0	2.0	0,000	true	[005003, 005000, 005007, 005005, 005004, 005001, 005002]
3941	5	005003	005002	65	5.0	1.0	0,000	true	[005003, 005000, 005007, 005005, 005004, 005001, 005006, 005002]
3942	5	005003	005002	66	5.0	1.0	0,000	true	[005003, 005000, 005007, 005005, 005004, 005001, 005008, 005002]
3943	5	005003	005002	67	5.0	2.0	0,000	true	[005003, 005000, 005007, 005005, 005004, 005002]
3944	5	005003	005002	68	5.0	1.0	0,000	true	[005003, 005000, 005007, 005005, 005004, 005006, 005001, 005002]
3945	5	005003	005002	69	5.0	1.0	0,000	true	[005003, 005000, 005007, 005005, 005004, 005006, 005001, 005008, 005002]
3946	5	005003	005002	70	5.0	2.0	0,000	true	[005003, 005000, 005007, 005005, 005004, 005006, 005002]
3947	5	005003	005002	71	5.0	1.0	0,000	true	[005003, 005000, 005007, 005005, 005006, 005001, 005002]
3948	5	005003	005002	72	5.0	1.0	0,000	true	[005003, 005000, 005007, 005005, 005006, 005001, 005004, 005002]
3949	5	005003	005002	73	5.0	1.0	0,000	true	[005003, 005000, 005007, 005005, 005006, 005001, 005008, 005002]
3950	5	005003	005002	74	5.0	2.0	0,000	true	[005003, 005000, 005007, 005005, 005006, 005002]
3951	5	005003	005002	75	5.0	2.0	0,000	true	[005003, 005000, 005007, 005005, 005006, 005004, 005001, 005002]
3952	5	005003	005002	76	5.0	1.0	0,000	true	[005003, 005000, 005007, 005005, 005006, 005004, 005001, 005008, 005002]
3953	5	005003	005002	77	5.0	2.0	0,000	true	[005003, 005000, 005007, 005005, 005006, 005004, 005002]
3954	5	005003	005002	78	5.0	2.0	0,000	true	[005003, 005000, 005007, 005005, 005008, 005001, 005002]
3955	5	005003	005002	79	5.0	2.0	0,000	true	[005003, 005000, 005007, 005005, 005008, 005001, 005004, 005002]
3956	5	005003	005002	80	5.0	2.0	0,000	true	[005003, 005000, 005007, 005005, 005008, 005001, 005004, 005006, 005002]
3957	5	005003	005002	81	5.0	1.0	0,000	true	[005003, 005000, 005007, 005005, 005008, 005001, 005006, 005002]
3958	5	005003	005002	82	5.0	1.0	0,000	true	[005003, 005000, 005007, 005005, 005008, 005001, 005006, 005004, 005002]
3959	5	005003	005002	83	5.0	1.0	0,000	true	[005003, 005000, 005007, 005005, 005008, 005002]
3960	5	005003	005002	84	10.0	3.0	0,013	true	[005003, 005001, 005002]
3961	5	005003	005002	85	9.0	2.0	0,000	true	[005003, 005001, 005004, 005000, 005006, 005002]
3962	5	005003	005002	86	6.0	1.0	0,000	true	[005003, 005001, 005004, 005000, 005006, 005005, 005008, 005002]
3963	5	005003	005002	87	6.0	2.0	0,000	true	[005003, 005001, 005004, 005000, 005007, 005005, 005006, 005002]
3964	5	005003	005002	88	8.0	1.0	0,000	true	[005003, 005001, 005004, 005000, 005007, 005005, 005008, 005002]
3965	5	005003	005002	89	10.0	3.0	0,000	true	[005003, 005001, 005004, 005002]
3966	5	005003	005002	90	6.0	2.0	0,000	true	[005003, 005001, 005004, 005005, 005006, 005002]
3967	5	005003	005002	91	8.0	2.0	0,000	true	[005003, 005001, 005004, 005005, 005007, 005000, 005006, 005002]
3968	5	005003	005002	92	8.0	1.0	0,000	true	[005003, 005001, 005004, 005005, 005008, 005002]
3969	5	005003	005002	93	8.0	1.0	0,000	true	[005003, 005001, 005004, 005006, 005000, 005007, 005005, 005008, 005002]
3970	5	005003	005002	94	10.0	2.0	0,000	true	[005003, 005001, 005004, 005006, 005002]
3971	5	005003	005002	95	6.0	1.0	0,000	true	[005003, 005001, 005004, 005006, 005005, 005008, 005002]
3972	5	005003	005002	96	8.0	1.0	0,000	true	[005003, 005001, 005004, 005007, 005000, 005006, 005002]
3973	5	005003	005002	97	6.0	1.0	0,000	true	[005003, 005001, 005004, 005007, 005000, 005006, 005005, 005008, 005002]
3974	5	005003	005002	98	6.0	1.0	0,000	true	[005003, 005001, 005004, 005007, 005005, 005006, 005002]
3975	5	005003	005002	99	8.0	1.0	0,000	true	[005003, 005001, 005004, 005007, 005005, 005008, 005002]
3976	5	005003	005002	100	9.0	1.0	0,000	true	[005003, 005001, 005006, 005000, 005004, 005002]
3977	5	005003	005002	101	10.0	1.0	0,001	true	[005003, 005001, 005006, 005002]
3978	5	005003	005002	102	14.0	1.0	0,020	true	[005003, 005002]
3979	6	006005	006008	0	5.0	1.0	0,000	true	[006005, 006000, 006001, 006002, 006003, 006006, 006004, 006008]
3980	6	006005	006008	1	5.0	1.0	0,000	true	[006005, 006000, 006001, 006002, 006003, 006007, 006004, 006008]
3981	6	006005	006008	2	5.0	2.0	0,000	true	[006005, 006000, 006001, 006002, 006003, 006008]
3982	6	006005	006008	3	5.0	1.0	0,000	true	[006005, 006000, 006001, 006002, 006006, 006003, 006007, 006004, 006008]
3983	6	006005	006008	4	5.0	1.0	0,000	true	[006005, 006000, 006001, 006002, 006006, 006003, 006008]
3984	6	006005	006008	5	5.0	1.0	0,000	true	[006005, 006000, 006001, 006002, 006006, 006004, 006007, 006003, 006008]
3985	6	006005	006008	6	5.0	1.0	0,000	true	[006005, 006000, 006001, 006002, 006006, 006004, 006008]
3986	6	006005	006008	7	5.0	1.0	0,000	true	[006005, 006000, 006001, 006002, 006007, 006003, 006006, 006004, 006008]
3987	6	006005	006008	8	5.0	2.0	0,000	true	[006005, 006000, 006001, 006002, 006007, 006003, 006008]
3988	6	006005	006008	9	5.0	2.0	0,000	true	[006005, 006000, 006001, 006002, 006007, 006004, 006006, 006003, 006008]
3989	6	006005	006008	10	5.0	1.0	0,000	true	[006005, 006000, 006001, 006002, 006007, 006004, 006008]
3990	6	006005	006008	11	5.0	2.0	0,000	true	[006005, 006000, 006001, 006002, 006008]
3991	6	006005	006008	12	6.0	1.0	0,000	true	[006005, 006000, 006001, 006006, 006002, 006003, 006007, 006004, 006008]
3992	6	006005	006008	13	6.0	1.0	0,000	true	[006005, 006000, 006001, 006006, 006002, 006003, 006008]
3993	6	006005	006008	14	6.0	1.0	0,000	true	[006005, 006000, 006001, 006006, 006002, 006007, 006003, 006008]
3994	6	006005	006008	15	6.0	1.0	0,000	true	[006005, 006000, 006001, 006006, 006002, 006007, 006004, 006008]
3995	6	006005	006008	16	5.0	1.0	0,000	true	[006005, 006000, 006001, 006006, 006002, 006008]
3996	6	006005	006008	17	5.0	1.0	0,000	true	[006005, 006000, 006001, 006006, 006003, 006002, 006007, 006004, 006008]
3997	6	006005	006008	18	5.0	2.0	0,000	true	[006005, 006000, 006001, 006006, 006003, 006002, 006008]
3998	6	006005	006008	19	5.0	2.0	0,000	true	[006005, 006000, 006001, 006006, 006003, 006007, 006002, 006008]
3999	6	006005	006008	20	5.0	1.0	0,000	true	[006005, 006000, 006001, 006006, 006003, 006007, 006004, 006008]
4000	6	006005	006008	21	5.0	2.0	0,000	true	[006005, 006000, 006001, 006006, 006003, 006008]
4001	6	006005	006008	22	5.0	2.0	0,000	true	[006005, 006000, 006001, 006006, 006004, 006007, 006002, 006003, 006008]
4002	6	006005	006008	23	5.0	2.0	0,000	true	[006005, 006000, 006001, 006006, 006004, 006007, 006002, 006008]
4003	6	006005	006008	24	5.0	2.0	0,000	true	[006005, 006000, 006001, 006006, 006004, 006007, 006003, 006002, 006008]
4004	6	006005	006008	25	5.0	2.0	0,000	true	[006005, 006000, 006001, 006006, 006004, 006007, 006003, 006008]
4005	6	006005	006008	26	5.0	1.0	0,000	true	[006005, 006000, 006001, 006006, 006004, 006008]
4006	6	006005	006008	27	5.0	1.0	0,000	true	[006005, 006000, 006001, 006007, 006002, 006003, 006006, 006004, 006008]
4007	6	006005	006008	28	6.0	2.0	0,000	true	[006005, 006000, 006001, 006007, 006002, 006003, 006008]
4008	6	006005	006008	29	5.0	1.0	0,000	true	[006005, 006000, 006001, 006007, 006002, 006006, 006003, 006008]
4009	6	006005	006008	30	5.0	1.0	0,000	true	[006005, 006000, 006001, 006007, 006002, 006006, 006004, 006008]
4010	6	006005	006008	31	5.0	2.0	0,000	true	[006005, 006000, 006001, 006007, 006002, 006008]
4011	6	006005	006008	32	5.0	1.0	0,000	true	[006005, 006000, 006001, 006007, 006003, 006002, 006006, 006004, 006008]
4012	6	006005	006008	33	5.0	2.0	0,000	true	[006005, 006000, 006001, 006007, 006003, 006002, 006008]
4013	6	006005	006008	34	5.0	1.0	0,000	true	[006005, 006000, 006001, 006007, 006003, 006006, 006002, 006008]
4014	6	006005	006008	35	5.0	1.0	0,000	true	[006005, 006000, 006001, 006007, 006003, 006006, 006004, 006008]
4015	6	006005	006008	36	6.0	2.0	0,000	true	[006005, 006000, 006001, 006007, 006003, 006008]
4016	6	006005	006008	37	5.0	1.0	0,000	true	[006005, 006000, 006001, 006007, 006004, 006006, 006002, 006003, 006008]
4017	6	006005	006008	38	5.0	1.0	0,000	true	[006005, 006000, 006001, 006007, 006004, 006006, 006002, 006008]
4018	6	006005	006008	39	5.0	2.0	0,000	true	[006005, 006000, 006001, 006007, 006004, 006006, 006003, 006002, 006008]
4019	6	006005	006008	40	5.0	2.0	0,000	true	[006005, 006000, 006001, 006007, 006004, 006006, 006003, 006008]
4020	6	006005	006008	41	6.0	1.0	0,000	true	[006005, 006000, 006001, 006007, 006004, 006008]
4021	6	006005	006008	42	5.0	1.0	0,000	true	[006005, 006000, 006002, 006001, 006006, 006003, 006007, 006004, 006008]
4022	6	006005	006008	43	5.0	2.0	0,000	true	[006005, 006000, 006002, 006001, 006006, 006003, 006008]
4023	6	006005	006008	44	5.0	2.0	0,000	true	[006005, 006000, 006002, 006001, 006006, 006004, 006007, 006003, 006008]
4024	6	006005	006008	45	5.0	1.0	0,000	true	[006005, 006000, 006002, 006001, 006006, 006004, 006008]
4025	6	006005	006008	46	5.0	1.0	0,000	true	[006005, 006000, 006002, 006001, 006007, 006003, 006006, 006004, 006008]
4026	6	006005	006008	47	5.0	2.0	0,000	true	[006005, 006000, 006002, 006001, 006007, 006003, 006008]
4027	6	006005	006008	48	5.0	2.0	0,000	true	[006005, 006000, 006002, 006001, 006007, 006004, 006006, 006003, 006008]
4028	6	006005	006008	49	5.0	1.0	0,000	true	[006005, 006000, 006002, 006001, 006007, 006004, 006008]
4029	6	006005	006008	50	5.0	1.0	0,000	true	[006005, 006000, 006002, 006003, 006006, 006001, 006007, 006004, 006008]
4030	6	006005	006008	51	5.0	1.0	0,000	true	[006005, 006000, 006002, 006003, 006006, 006004, 006008]
4031	6	006005	006008	52	5.0	1.0	0,000	true	[006005, 006000, 006002, 006003, 006007, 006001, 006006, 006004, 006008]
4032	6	006005	006008	53	6.0	1.0	0,000	true	[006005, 006000, 006002, 006003, 006007, 006004, 006008]
4033	6	006005	006008	54	6.0	2.0	0,000	true	[006005, 006000, 006002, 006003, 006008]
4034	6	006005	006008	55	6.0	1.0	0,000	true	[006005, 006000, 006002, 006006, 006001, 006007, 006003, 006008]
4035	6	006005	006008	56	6.0	1.0	0,000	true	[006005, 006000, 006002, 006006, 006001, 006007, 006004, 006008]
4036	6	006005	006008	57	5.0	1.0	0,000	true	[006005, 006000, 006002, 006006, 006003, 006007, 006004, 006008]
4037	6	006005	006008	58	5.0	1.0	0,000	true	[006005, 006000, 006002, 006006, 006003, 006008]
4038	6	006005	006008	59	5.0	1.0	0,000	true	[006005, 006000, 006002, 006006, 006004, 006007, 006003, 006008]
4039	6	006005	006008	60	5.0	1.0	0,000	true	[006005, 006000, 006002, 006006, 006004, 006008]
4040	6	006005	006008	61	5.0	2.0	0,000	true	[006005, 006000, 006002, 006007, 006001, 006006, 006003, 006008]
4041	6	006005	006008	62	5.0	1.0	0,000	true	[006005, 006000, 006002, 006007, 006001, 006006, 006004, 006008]
4042	6	006005	006008	63	5.0	1.0	0,000	true	[006005, 006000, 006002, 006007, 006003, 006006, 006004, 006008]
4043	6	006005	006008	64	6.0	2.0	0,000	true	[006005, 006000, 006002, 006007, 006003, 006008]
4044	6	006005	006008	65	5.0	2.0	0,000	true	[006005, 006000, 006002, 006007, 006004, 006006, 006003, 006008]
4045	6	006005	006008	66	6.0	1.0	0,000	true	[006005, 006000, 006002, 006007, 006004, 006008]
4046	6	006005	006008	67	5.0	2.0	0,000	true	[006005, 006000, 006002, 006008]
4047	6	006005	006008	68	5.0	1.0	0,000	true	[006005, 006000, 006003, 006002, 006001, 006006, 006004, 006008]
4048	6	006005	006008	69	5.0	1.0	0,000	true	[006005, 006000, 006003, 006002, 006001, 006007, 006004, 006008]
4049	6	006005	006008	70	6.0	1.0	0,000	true	[006005, 006000, 006003, 006002, 006006, 006001, 006007, 006004, 006008]
4050	6	006005	006008	71	5.0	1.0	0,000	true	[006005, 006000, 006003, 006002, 006006, 006004, 006008]
4051	6	006005	006008	72	5.0	1.0	0,000	true	[006005, 006000, 006003, 006002, 006007, 006001, 006006, 006004, 006008]
4052	6	006005	006008	73	6.0	1.0	0,000	true	[006005, 006000, 006003, 006002, 006007, 006004, 006008]
4053	6	006005	006008	74	5.0	2.0	0,001	true	[006005, 006000, 006003, 006002, 006008]
4054	6	006005	006008	75	5.0	1.0	0,000	true	[006005, 006000, 006003, 006006, 006001, 006002, 006007, 006004, 006008]
4055	6	006005	006008	76	5.0	2.0	0,000	true	[006005, 006000, 006003, 006006, 006001, 006002, 006008]
4056	6	006005	006008	77	5.0	2.0	0,000	true	[006005, 006000, 006003, 006006, 006001, 006007, 006002, 006008]
4057	6	006005	006008	78	5.0	1.0	0,000	true	[006005, 006000, 006003, 006006, 006001, 006007, 006004, 006008]
4058	6	006005	006008	79	5.0	1.0	0,000	true	[006005, 006000, 006003, 006006, 006002, 006001, 006007, 006004, 006008]
4059	6	006005	006008	80	5.0	1.0	0,000	true	[006005, 006000, 006003, 006006, 006002, 006007, 006004, 006008]
4060	6	006005	006008	81	5.0	1.0	0,000	true	[006005, 006000, 006003, 006006, 006002, 006008]
4061	6	006005	006008	82	5.0	2.0	0,000	true	[006005, 006000, 006003, 006006, 006004, 006007, 006001, 006002, 006008]
4062	6	006005	006008	83	5.0	2.0	0,000	true	[006005, 006000, 006003, 006006, 006004, 006007, 006002, 006008]
4063	6	006005	006008	84	5.0	1.0	0,000	true	[006005, 006000, 006003, 006006, 006004, 006008]
4064	6	006005	006008	85	5.0	1.0	0,000	true	[006005, 006000, 006003, 006007, 006001, 006002, 006006, 006004, 006008]
4065	6	006005	006008	86	5.0	2.0	0,000	true	[006005, 006000, 006003, 006007, 006001, 006002, 006008]
4066	6	006005	006008	87	5.0	1.0	0,000	true	[006005, 006000, 006003, 006007, 006001, 006006, 006002, 006008]
4067	6	006005	006008	88	5.0	1.0	0,000	true	[006005, 006000, 006003, 006007, 006001, 006006, 006004, 006008]
4068	6	006005	006008	89	5.0	1.0	0,000	true	[006005, 006000, 006003, 006007, 006002, 006001, 006006, 006004, 006008]
4069	6	006005	006008	90	5.0	1.0	0,000	true	[006005, 006000, 006003, 006007, 006002, 006006, 006004, 006008]
4070	6	006005	006008	91	5.0	2.0	0,000	true	[006005, 006000, 006003, 006007, 006002, 006008]
4071	6	006005	006008	92	5.0	2.0	0,000	true	[006005, 006000, 006003, 006007, 006004, 006006, 006001, 006002, 006008]
4072	6	006005	006008	93	5.0	1.0	0,000	true	[006005, 006000, 006003, 006007, 006004, 006006, 006002, 006008]
4073	6	006005	006008	94	6.0	1.0	0,000	true	[006005, 006000, 006003, 006007, 006004, 006008]
4074	6	006005	006008	95	6.0	2.0	0,001	true	[006005, 006000, 006003, 006008]
4075	6	006005	006008	96	5.0	1.0	0,000	true	[006005, 006000, 006007, 006001, 006002, 006003, 006006, 006004, 006008]
4076	6	006005	006008	97	5.0	2.0	0,000	true	[006005, 006000, 006007, 006001, 006002, 006003, 006008]
4077	6	006005	006008	98	5.0	1.0	0,000	true	[006005, 006000, 006007, 006001, 006002, 006006, 006003, 006008]
4078	6	006005	006008	99	5.0	1.0	0,000	true	[006005, 006000, 006007, 006001, 006002, 006006, 006004, 006008]
4079	6	006005	006008	100	5.0	2.0	0,000	true	[006005, 006000, 006007, 006001, 006002, 006008]
4080	6	006005	006008	101	10.0	3.0	0,070	true	[006005, 006008]
4081	7	007001	007003	0	5.0	2.0	0,002	true	[007001, 007000, 007002, 007005, 007003]
4082	7	007001	007003	1	5.0	1.0	0,000	true	[007001, 007000, 007002, 007005, 007004, 007003]
4083	7	007001	007003	2	5.0	2.0	0,000	true	[007001, 007000, 007002, 007005, 007004, 007008, 007003]
4084	7	007001	007003	3	5.0	1.0	0,000	true	[007001, 007000, 007002, 007005, 007004, 007008, 007006, 007003]
4085	7	007001	007003	4	5.0	2.0	0,000	true	[007001, 007000, 007002, 007005, 007006, 007003]
4086	7	007001	007003	5	5.0	1.0	0,000	true	[007001, 007000, 007002, 007005, 007006, 007008, 007003]
4087	7	007001	007003	6	5.0	1.0	0,000	true	[007001, 007000, 007002, 007005, 007006, 007008, 007004, 007003]
4088	7	007001	007003	7	5.0	1.0	0,000	true	[007001, 007000, 007002, 007005, 007008, 007003]
4089	7	007001	007003	8	5.0	1.0	0,000	true	[007001, 007000, 007002, 007005, 007008, 007004, 007003]
4090	7	007001	007003	9	5.0	1.0	0,000	true	[007001, 007000, 007002, 007005, 007008, 007006, 007003]
4091	7	007001	007003	10	8.0	2.0	0,000	true	[007001, 007000, 007002, 007006, 007003]
4092	7	007001	007003	11	8.0	2.0	0,000	true	[007001, 007000, 007002, 007006, 007005, 007003]
4093	7	007001	007003	12	8.0	1.0	0,000	true	[007001, 007000, 007002, 007006, 007005, 007004, 007003]
4094	7	007001	007003	13	5.0	2.0	0,000	true	[007001, 007000, 007002, 007006, 007005, 007004, 007008, 007003]
4095	7	007001	007003	14	6.0	1.0	0,000	true	[007001, 007000, 007002, 007006, 007005, 007008, 007003]
4096	7	007001	007003	15	5.0	1.0	0,000	true	[007001, 007000, 007002, 007006, 007005, 007008, 007004, 007003]
4097	7	007001	007003	16	5.0	1.0	0,000	true	[007001, 007000, 007002, 007006, 007008, 007003]
4098	7	007001	007003	17	5.0	1.0	0,000	true	[007001, 007000, 007002, 007006, 007008, 007004, 007003]
4099	7	007001	007003	18	5.0	1.0	0,000	true	[007001, 007000, 007002, 007006, 007008, 007004, 007005, 007003]
4100	7	007001	007003	19	5.0	1.0	0,000	true	[007001, 007000, 007002, 007006, 007008, 007005, 007003]
4101	7	007001	007003	20	5.0	1.0	0,000	true	[007001, 007000, 007002, 007006, 007008, 007005, 007004, 007003]
4102	7	007001	007003	21	8.0	1.0	0,000	true	[007001, 007000, 007002, 007007, 007006, 007003]
4103	7	007001	007003	22	8.0	1.0	0,000	true	[007001, 007000, 007002, 007007, 007006, 007005, 007003]
4104	7	007001	007003	23	8.0	1.0	0,000	true	[007001, 007000, 007002, 007007, 007006, 007005, 007004, 007003]
4105	7	007001	007003	24	5.0	1.0	0,000	true	[007001, 007000, 007002, 007007, 007006, 007005, 007004, 007008, 007003]
4106	7	007001	007003	25	6.0	1.0	0,000	true	[007001, 007000, 007002, 007007, 007006, 007005, 007008, 007003]
4107	7	007001	007003	26	5.0	1.0	0,000	true	[007001, 007000, 007002, 007007, 007006, 007005, 007008, 007004, 007003]
4108	7	007001	007003	27	5.0	1.0	0,000	true	[007001, 007000, 007002, 007007, 007006, 007008, 007003]
4109	7	007001	007003	28	5.0	1.0	0,000	true	[007001, 007000, 007002, 007007, 007006, 007008, 007004, 007003]
4110	7	007001	007003	29	5.0	1.0	0,000	true	[007001, 007000, 007002, 007007, 007006, 007008, 007004, 007005, 007003]
4111	7	007001	007003	30	5.0	1.0	0,000	true	[007001, 007000, 007002, 007007, 007006, 007008, 007005, 007003]
4112	7	007001	007003	31	5.0	1.0	0,000	true	[007001, 007000, 007002, 007007, 007006, 007008, 007005, 007004, 007003]
4113	7	007001	007003	32	8.0	3.0	0,000	true	[007001, 007000, 007002, 007008, 007003]
4114	7	007001	007003	33	5.0	1.0	0,000	true	[007001, 007000, 007002, 007008, 007004, 007003]
4115	7	007001	007003	34	5.0	2.0	0,000	true	[007001, 007000, 007002, 007008, 007004, 007005, 007003]
4116	7	007001	007003	35	5.0	2.0	0,000	true	[007001, 007000, 007002, 007008, 007004, 007005, 007006, 007003]
4117	7	007001	007003	36	6.0	1.0	0,000	true	[007001, 007000, 007002, 007008, 007005, 007003]
4118	7	007001	007003	37	6.0	1.0	0,000	true	[007001, 007000, 007002, 007008, 007005, 007004, 007003]
4119	7	007001	007003	38	6.0	1.0	0,000	true	[007001, 007000, 007002, 007008, 007005, 007006, 007003]
4120	7	007001	007003	39	5.0	1.0	0,000	true	[007001, 007000, 007002, 007008, 007006, 007003]
4121	7	007001	007003	40	5.0	1.0	0,000	true	[007001, 007000, 007002, 007008, 007006, 007005, 007003]
4122	7	007001	007003	41	5.0	1.0	0,000	true	[007001, 007000, 007002, 007008, 007006, 007005, 007004, 007003]
4123	7	007001	007003	42	5.0	2.0	0,115	true	[007001, 007000, 007003]
4124	7	007001	007003	43	8.0	1.0	0,001	true	[007001, 007000, 007004, 007003]
4125	7	007001	007003	44	5.0	2.0	0,000	true	[007001, 007000, 007004, 007005, 007002, 007006, 007003]
4126	7	007001	007003	45	5.0	1.0	0,000	true	[007001, 007000, 007004, 007005, 007002, 007006, 007008, 007003]
4127	7	007001	007003	46	5.0	1.0	0,000	true	[007001, 007000, 007004, 007005, 007002, 007007, 007006, 007003]
4128	7	007001	007003	47	5.0	1.0	0,000	true	[007001, 007000, 007004, 007005, 007002, 007007, 007006, 007008, 007003]
4129	7	007001	007003	48	5.0	2.0	0,000	true	[007001, 007000, 007004, 007005, 007002, 007008, 007003]
4130	7	007001	007003	49	5.0	1.0	0,000	true	[007001, 007000, 007004, 007005, 007002, 007008, 007006, 007003]
4131	7	007001	007003	50	8.0	2.0	0,000	true	[007001, 007000, 007004, 007005, 007003]
4132	7	007001	007003	51	8.0	2.0	0,000	true	[007001, 007000, 007004, 007005, 007006, 007002, 007008, 007003]
4133	7	007001	007003	52	8.0	2.0	0,000	true	[007001, 007000, 007004, 007005, 007006, 007003]
4134	7	007001	007003	53	8.0	1.0	0,000	true	[007001, 007000, 007004, 007005, 007006, 007007, 007002, 007008, 007003]
4135	7	007001	007003	54	5.0	1.0	0,000	true	[007001, 007000, 007004, 007005, 007006, 007008, 007003]
4136	7	007001	007003	55	6.0	1.0	0,000	true	[007001, 007000, 007004, 007005, 007008, 007002, 007006, 007003]
4137	7	007001	007003	56	6.0	1.0	0,000	true	[007001, 007000, 007004, 007005, 007008, 007002, 007007, 007006, 007003]
4138	7	007001	007003	57	6.0	1.0	0,000	true	[007001, 007000, 007004, 007005, 007008, 007003]
4139	7	007001	007003	58	5.0	1.0	0,000	true	[007001, 007000, 007004, 007005, 007008, 007006, 007003]
4140	7	007001	007003	59	5.0	2.0	0,000	true	[007001, 007000, 007004, 007008, 007002, 007005, 007003]
4141	7	007001	007003	60	5.0	2.0	0,000	true	[007001, 007000, 007004, 007008, 007002, 007005, 007006, 007003]
4142	7	007001	007003	61	5.0	2.0	0,000	true	[007001, 007000, 007004, 007008, 007002, 007006, 007003]
4143	7	007001	007003	62	5.0	2.0	0,000	true	[007001, 007000, 007004, 007008, 007002, 007006, 007005, 007003]
4144	7	007001	007003	63	5.0	1.0	0,000	true	[007001, 007000, 007004, 007008, 007002, 007007, 007006, 007003]
4145	7	007001	007003	64	5.0	1.0	0,000	true	[007001, 007000, 007004, 007008, 007002, 007007, 007006, 007005, 007003]
4146	7	007001	007003	65	5.0	3.0	0,000	true	[007001, 007000, 007004, 007008, 007003]
4147	7	007001	007003	66	5.0	1.0	0,000	true	[007001, 007000, 007004, 007008, 007005, 007002, 007006, 007003]
4148	7	007001	007003	67	5.0	1.0	0,000	true	[007001, 007000, 007004, 007008, 007005, 007002, 007007, 007006, 007003]
4149	7	007001	007003	68	5.0	1.0	0,000	true	[007001, 007000, 007004, 007008, 007005, 007003]
4150	7	007001	007003	69	5.0	1.0	0,000	true	[007001, 007000, 007004, 007008, 007005, 007006, 007003]
4151	7	007001	007003	70	5.0	1.0	0,000	true	[007001, 007000, 007004, 007008, 007006, 007002, 007005, 007003]
4152	7	007001	007003	71	5.0	1.0	0,000	true	[007001, 007000, 007004, 007008, 007006, 007003]
4153	7	007001	007003	72	5.0	1.0	0,000	true	[007001, 007000, 007004, 007008, 007006, 007005, 007003]
4154	7	007001	007003	73	5.0	1.0	0,000	true	[007001, 007000, 007004, 007008, 007006, 007007, 007002, 007005, 007003]
4155	7	007001	007003	74	5.0	2.0	0,001	true	[007001, 007000, 007006, 007002, 007005, 007003]
4156	7	007001	007003	75	5.0	1.0	0,000	true	[007001, 007000, 007006, 007002, 007005, 007004, 007003]
4157	7	007001	007003	76	5.0	2.0	0,000	true	[007001, 007000, 007006, 007002, 007005, 007004, 007008, 007003]
4158	7	007001	007003	77	5.0	1.0	0,000	true	[007001, 007000, 007006, 007002, 007005, 007008, 007003]
4159	7	007001	007003	78	5.0	1.0	0,000	true	[007001, 007000, 007006, 007002, 007005, 007008, 007004, 007003]
4160	7	007001	007003	79	5.0	3.0	0,000	true	[007001, 007000, 007006, 007002, 007008, 007003]
4161	7	007001	007003	80	5.0	1.0	0,000	true	[007001, 007000, 007006, 007002, 007008, 007004, 007003]
4162	7	007001	007003	81	5.0	2.0	0,000	true	[007001, 007000, 007006, 007002, 007008, 007004, 007005, 007003]
4163	7	007001	007003	82	5.0	1.0	0,000	true	[007001, 007000, 007006, 007002, 007008, 007005, 007003]
4164	7	007001	007003	83	5.0	1.0	0,000	true	[007001, 007000, 007006, 007002, 007008, 007005, 007004, 007003]
4165	7	007001	007003	84	5.0	2.0	0,021	true	[007001, 007000, 007006, 007003]
4166	7	007001	007003	85	5.0	3.0	0,000	true	[007001, 007000, 007006, 007005, 007002, 007008, 007003]
4167	7	007001	007003	86	5.0	1.0	0,000	true	[007001, 007000, 007006, 007005, 007002, 007008, 007004, 007003]
4168	7	007001	007003	87	5.0	2.0	0,012	true	[007001, 007000, 007006, 007005, 007003]
4169	7	007001	007003	88	5.0	1.0	0,001	true	[007001, 007000, 007006, 007005, 007004, 007003]
4170	7	007001	007003	89	5.0	2.0	0,001	true	[007001, 007000, 007006, 007005, 007004, 007008, 007003]
4171	7	007001	007003	90	5.0	1.0	0,003	true	[007001, 007000, 007006, 007005, 007008, 007003]
4172	7	007001	007003	91	5.0	1.0	0,001	true	[007001, 007000, 007006, 007005, 007008, 007004, 007003]
4173	7	007001	007003	92	5.0	1.0	0,000	true	[007001, 007000, 007006, 007007, 007002, 007005, 007003]
4174	7	007001	007003	93	5.0	1.0	0,000	true	[007001, 007000, 007006, 007007, 007002, 007005, 007004, 007003]
4175	7	007001	007003	94	5.0	1.0	0,000	true	[007001, 007000, 007006, 007007, 007002, 007005, 007004, 007008, 007003]
4176	7	007001	007003	95	5.0	1.0	0,000	true	[007001, 007000, 007006, 007007, 007002, 007005, 007008, 007003]
4177	7	007001	007003	96	5.0	1.0	0,000	true	[007001, 007000, 007006, 007007, 007002, 007005, 007008, 007004, 007003]
4178	7	007001	007003	97	5.0	1.0	0,000	true	[007001, 007000, 007006, 007007, 007002, 007008, 007003]
4179	7	007001	007003	98	5.0	1.0	0,000	true	[007001, 007000, 007006, 007007, 007002, 007008, 007004, 007003]
4180	7	007001	007003	99	5.0	1.0	0,000	true	[007001, 007000, 007006, 007007, 007002, 007008, 007004, 007005, 007003]
4181	7	007001	007003	100	5.0	1.0	0,000	true	[007001, 007000, 007006, 007007, 007002, 007008, 007005, 007003]
4182	8	008000	008006	0	8.0	1.0	0,000	true	[008000, 008001, 008003, 008002, 008005, 008007, 008006]
4183	8	008000	008006	1	6.0	1.0	0,000	true	[008000, 008001, 008003, 008002, 008005, 008007, 008008, 008004, 008006]
4184	8	008000	008006	2	8.0	1.0	0,000	true	[008000, 008001, 008003, 008002, 008005, 008007, 008008, 008006]
4185	8	008000	008006	3	6.0	1.0	0,000	true	[008000, 008001, 008003, 008002, 008005, 008008, 008004, 008006]
4186	8	008000	008006	4	8.0	1.0	0,000	true	[008000, 008001, 008003, 008002, 008005, 008008, 008006]
4187	8	008000	008006	5	8.0	1.0	0,000	true	[008000, 008001, 008003, 008002, 008005, 008008, 008007, 008006]
4188	8	008000	008006	6	8.0	1.0	0,000	true	[008000, 008001, 008003, 008002, 008006]
4189	8	008000	008006	7	5.0	1.0	0,000	true	[008000, 008001, 008003, 008002, 008007, 008005, 008008, 008004, 008006]
4190	8	008000	008006	8	5.0	1.0	0,000	true	[008000, 008001, 008003, 008002, 008007, 008005, 008008, 008006]
4191	8	008000	008006	9	5.0	1.0	0,000	true	[008000, 008001, 008003, 008002, 008007, 008006]
4192	8	008000	008006	10	5.0	1.0	0,000	true	[008000, 008001, 008003, 008002, 008007, 008008, 008004, 008006]
4193	8	008000	008006	11	5.0	1.0	0,000	true	[008000, 008001, 008003, 008002, 008007, 008008, 008006]
4194	8	008000	008006	12	6.0	1.0	0,000	true	[008000, 008001, 008003, 008002, 008008, 008004, 008006]
4195	8	008000	008006	13	7.0	1.0	0,000	true	[008000, 008001, 008003, 008002, 008008, 008005, 008007, 008006]
4196	8	008000	008006	14	7.0	1.0	0,000	true	[008000, 008001, 008003, 008002, 008008, 008006]
4197	8	008000	008006	15	7.0	1.0	0,000	true	[008000, 008001, 008003, 008002, 008008, 008007, 008006]
4198	8	008000	008006	16	8.0	1.0	0,001	true	[008000, 008001, 008003, 008004, 008006]
4199	8	008000	008006	17	6.0	1.0	0,000	true	[008000, 008001, 008003, 008004, 008008, 008002, 008005, 008007, 008006]
4200	8	008000	008006	18	6.0	1.0	0,000	true	[008000, 008001, 008003, 008004, 008008, 008002, 008006]
4201	8	008000	008006	19	5.0	1.0	0,000	true	[008000, 008001, 008003, 008004, 008008, 008002, 008007, 008006]
4202	8	008000	008006	20	6.0	1.0	0,000	true	[008000, 008001, 008003, 008004, 008008, 008005, 008002, 008006]
4203	8	008000	008006	21	5.0	1.0	0,000	true	[008000, 008001, 008003, 008004, 008008, 008005, 008002, 008007, 008006]
4204	8	008000	008006	22	5.0	1.0	0,000	true	[008000, 008001, 008003, 008004, 008008, 008005, 008007, 008002, 008006]
4205	8	008000	008006	23	6.0	1.0	0,000	true	[008000, 008001, 008003, 008004, 008008, 008005, 008007, 008006]
4206	8	008000	008006	24	6.0	1.0	0,000	true	[008000, 008001, 008003, 008004, 008008, 008006]
4207	8	008000	008006	25	5.0	1.0	0,000	true	[008000, 008001, 008003, 008004, 008008, 008007, 008002, 008006]
4208	8	008000	008006	26	6.0	1.0	0,000	true	[008000, 008001, 008003, 008004, 008008, 008007, 008005, 008002, 008006]
4209	8	008000	008006	27	6.0	1.0	0,000	true	[008000, 008001, 008003, 008004, 008008, 008007, 008006]
4210	8	008000	008006	28	8.0	1.0	0,000	true	[008000, 008001, 008003, 008005, 008002, 008006]
4211	8	008000	008006	29	5.0	1.0	0,000	true	[008000, 008001, 008003, 008005, 008002, 008007, 008006]
4212	8	008000	008006	30	5.0	1.0	0,000	true	[008000, 008001, 008003, 008005, 008002, 008007, 008008, 008004, 008006]
4213	8	008000	008006	31	5.0	1.0	0,000	true	[008000, 008001, 008003, 008005, 008002, 008007, 008008, 008006]
4214	8	008000	008006	32	6.0	1.0	0,000	true	[008000, 008001, 008003, 008005, 008002, 008008, 008004, 008006]
4215	8	008000	008006	33	7.0	1.0	0,000	true	[008000, 008001, 008003, 008005, 008002, 008008, 008006]
4216	8	008000	008006	34	7.0	1.0	0,000	true	[008000, 008001, 008003, 008005, 008002, 008008, 008007, 008006]
4217	8	008000	008006	35	5.0	1.0	0,000	true	[008000, 008001, 008003, 008005, 008007, 008002, 008006]
4218	8	008000	008006	36	5.0	1.0	0,000	true	[008000, 008001, 008003, 008005, 008007, 008002, 008008, 008004, 008006]
4219	8	008000	008006	37	5.0	1.0	0,000	true	[008000, 008001, 008003, 008005, 008007, 008002, 008008, 008006]
4220	8	008000	008006	38	8.0	1.0	0,003	true	[008000, 008001, 008003, 008005, 008007, 008006]
4221	8	008000	008006	39	7.0	1.0	0,000	true	[008000, 008001, 008003, 008005, 008007, 008008, 008002, 008006]
4222	8	008000	008006	40	6.0	1.0	0,000	true	[008000, 008001, 008003, 008005, 008007, 008008, 008004, 008006]
4223	8	008000	008006	41	8.0	1.0	0,000	true	[008000, 008001, 008003, 008005, 008007, 008008, 008006]
4224	8	008000	008006	42	7.0	1.0	0,000	true	[008000, 008001, 008003, 008005, 008008, 008002, 008006]
4225	8	008000	008006	43	5.0	1.0	0,000	true	[008000, 008001, 008003, 008005, 008008, 008002, 008007, 008006]
4226	8	008000	008006	44	6.0	1.0	0,001	true	[008000, 008001, 008003, 008005, 008008, 008004, 008006]
4227	8	008000	008006	45	8.0	1.0	0,002	true	[008000, 008001, 008003, 008005, 008008, 008006]
4228	8	008000	008006	46	5.0	1.0	0,000	true	[008000, 008001, 008003, 008005, 008008, 008007, 008002, 008006]
4229	8	008000	008006	47	8.0	1.0	0,001	true	[008000, 008001, 008003, 008005, 008008, 008007, 008006]
4230	8	008000	008006	48	7.0	1.0	0,009	true	[008000, 008001, 008003, 008006]
4231	8	008000	008006	49	5.0	1.0	0,000	true	[008000, 008001, 008003, 008007, 008002, 008005, 008008, 008004, 008006]
4232	8	008000	008006	50	5.0	1.0	0,000	true	[008000, 008001, 008003, 008007, 008002, 008005, 008008, 008006]
4233	8	008000	008006	51	5.0	1.0	0,000	true	[008000, 008001, 008003, 008007, 008002, 008006]
4234	8	008000	008006	52	5.0	1.0	0,000	true	[008000, 008001, 008003, 008007, 008002, 008008, 008004, 008006]
4235	8	008000	008006	53	5.0	1.0	0,000	true	[008000, 008001, 008003, 008007, 008002, 008008, 008006]
4236	8	008000	008006	54	8.0	1.0	0,000	true	[008000, 008001, 008003, 008007, 008005, 008002, 008006]
4237	8	008000	008006	55	6.0	1.0	0,000	true	[008000, 008001, 008003, 008007, 008005, 008002, 008008, 008004, 008006]
4238	8	008000	008006	56	7.0	1.0	0,000	true	[008000, 008001, 008003, 008007, 008005, 008002, 008008, 008006]
4239	8	008000	008006	57	7.0	1.0	0,000	true	[008000, 008001, 008003, 008007, 008005, 008008, 008002, 008006]
4240	8	008000	008006	58	6.0	1.0	0,000	true	[008000, 008001, 008003, 008007, 008005, 008008, 008004, 008006]
4241	8	008000	008006	59	8.0	1.0	0,000	true	[008000, 008001, 008003, 008007, 008005, 008008, 008006]
4242	8	008000	008006	60	8.0	1.0	0,005	true	[008000, 008001, 008003, 008007, 008006]
4243	8	008000	008006	61	7.0	1.0	0,000	true	[008000, 008001, 008003, 008007, 008008, 008002, 008006]
4244	8	008000	008006	62	6.0	1.0	0,000	true	[008000, 008001, 008003, 008007, 008008, 008004, 008006]
4245	8	008000	008006	63	8.0	1.0	0,000	true	[008000, 008001, 008003, 008007, 008008, 008005, 008002, 008006]
4246	8	008000	008006	64	8.0	1.0	0,001	true	[008000, 008001, 008003, 008007, 008008, 008006]
4247	8	008000	008006	65	7.0	1.0	0,000	true	[008000, 008001, 008003, 008008, 008002, 008005, 008007, 008006]
4248	8	008000	008006	66	7.0	1.0	0,000	true	[008000, 008001, 008003, 008008, 008002, 008006]
4249	8	008000	008006	67	5.0	1.0	0,000	true	[008000, 008001, 008003, 008008, 008002, 008007, 008006]
4250	8	008000	008006	68	6.0	1.0	0,001	true	[008000, 008001, 008003, 008008, 008004, 008006]
4251	8	008000	008006	69	8.0	1.0	0,000	true	[008000, 008001, 008003, 008008, 008005, 008002, 008006]
4252	8	008000	008006	70	5.0	1.0	0,000	true	[008000, 008001, 008003, 008008, 008005, 008002, 008007, 008006]
4253	8	008000	008006	71	5.0	1.0	0,000	true	[008000, 008001, 008003, 008008, 008005, 008007, 008002, 008006]
4254	8	008000	008006	72	8.0	1.0	0,000	true	[008000, 008001, 008003, 008008, 008005, 008007, 008006]
4255	8	008000	008006	73	8.0	1.0	0,002	true	[008000, 008001, 008003, 008008, 008006]
4256	8	008000	008006	74	5.0	1.0	0,000	true	[008000, 008001, 008003, 008008, 008007, 008002, 008006]
4257	8	008000	008006	75	8.0	1.0	0,000	true	[008000, 008001, 008003, 008008, 008007, 008005, 008002, 008006]
4258	8	008000	008006	76	8.0	1.0	0,001	true	[008000, 008001, 008003, 008008, 008007, 008006]
4259	8	008000	008006	77	10.0	1.0	0,000	true	[008000, 008001, 008004, 008003, 008002, 008005, 008007, 008006]
4260	8	008000	008006	78	8.0	1.0	0,000	true	[008000, 008001, 008004, 008003, 008002, 008005, 008007, 008008, 008006]
4261	8	008000	008006	79	8.0	1.0	0,000	true	[008000, 008001, 008004, 008003, 008002, 008005, 008008, 008006]
4262	8	008000	008006	80	8.0	1.0	0,000	true	[008000, 008001, 008004, 008003, 008002, 008005, 008008, 008007, 008006]
4263	8	008000	008006	81	10.0	1.0	0,000	true	[008000, 008001, 008004, 008003, 008002, 008006]
4264	8	008000	008006	82	5.0	1.0	0,000	true	[008000, 008001, 008004, 008003, 008002, 008007, 008005, 008008, 008006]
4265	8	008000	008006	83	5.0	1.0	0,000	true	[008000, 008001, 008004, 008003, 008002, 008007, 008006]
4266	8	008000	008006	84	5.0	1.0	0,000	true	[008000, 008001, 008004, 008003, 008002, 008007, 008008, 008006]
4267	8	008000	008006	85	7.0	1.0	0,000	true	[008000, 008001, 008004, 008003, 008002, 008008, 008005, 008007, 008006]
4268	8	008000	008006	86	7.0	1.0	0,000	true	[008000, 008001, 008004, 008003, 008002, 008008, 008006]
4269	8	008000	008006	87	7.0	1.0	0,000	true	[008000, 008001, 008004, 008003, 008002, 008008, 008007, 008006]
4270	8	008000	008006	88	9.0	1.0	0,000	true	[008000, 008001, 008004, 008003, 008005, 008002, 008006]
4271	8	008000	008006	89	5.0	1.0	0,000	true	[008000, 008001, 008004, 008003, 008005, 008002, 008007, 008006]
4272	8	008000	008006	90	5.0	1.0	0,000	true	[008000, 008001, 008004, 008003, 008005, 008002, 008007, 008008, 008006]
4273	8	008000	008006	91	7.0	1.0	0,000	true	[008000, 008001, 008004, 008003, 008005, 008002, 008008, 008006]
4274	8	008000	008006	92	7.0	1.0	0,000	true	[008000, 008001, 008004, 008003, 008005, 008002, 008008, 008007, 008006]
4275	8	008000	008006	93	5.0	1.0	0,000	true	[008000, 008001, 008004, 008003, 008005, 008007, 008002, 008006]
4276	8	008000	008006	94	5.0	1.0	0,000	true	[008000, 008001, 008004, 008003, 008005, 008007, 008002, 008008, 008006]
4277	8	008000	008006	95	9.0	1.0	0,000	true	[008000, 008001, 008004, 008003, 008005, 008007, 008006]
4278	8	008000	008006	96	7.0	1.0	0,000	true	[008000, 008001, 008004, 008003, 008005, 008007, 008008, 008002, 008006]
4279	8	008000	008006	97	8.0	1.0	0,000	true	[008000, 008001, 008004, 008003, 008005, 008007, 008008, 008006]
4280	8	008000	008006	98	7.0	1.0	0,000	true	[008000, 008001, 008004, 008003, 008005, 008008, 008002, 008006]
4281	8	008000	008006	99	5.0	1.0	0,000	true	[008000, 008001, 008004, 008003, 008005, 008008, 008002, 008007, 008006]
4282	8	008000	008006	100	8.0	1.0	0,000	true	[008000, 008001, 008004, 008003, 008005, 008008, 008006]
4283	8	008000	008006	101	7.0	1.0	0,001	true	[008000, 008001, 008004, 008003, 008006]
4284	8	008000	008006	102	12.0	1.0	0,033	true	[008000, 008001, 008004, 008006]
4285	8	008000	008006	103	11.0	1.0	0,078	true	[008000, 008001, 008006]
4286	8	008000	008006	104	10.0	4.0	0,190	true	[008000, 008006]
4287	9	009003	009001	0	10.0	1.0	0,011	true	[009003, 009000, 009004, 009001]
4288	9	009003	009001	1	5.0	1.0	0,002	true	[009003, 009000, 009004, 009006, 009001]
4289	9	009003	009001	2	6.0	1.0	0,000	true	[009003, 009000, 009004, 009007, 009005, 009001]
4290	9	009003	009001	3	5.0	1.0	0,000	true	[009003, 009000, 009004, 009008, 009002, 009006, 009001]
4291	9	009003	009001	4	5.0	1.0	0,000	true	[009003, 009000, 009004, 009008, 009006, 009001]
4292	9	009003	009001	5	5.0	1.0	0,031	true	[009003, 009000, 009006, 009001]
4293	9	009003	009001	6	5.0	1.0	0,000	true	[009003, 009000, 009006, 009002, 009008, 009004, 009001]
4294	9	009003	009001	7	5.0	1.0	0,000	true	[009003, 009000, 009006, 009002, 009008, 009004, 009007, 009005, 009001]
4295	9	009003	009001	8	5.0	1.0	0,007	true	[009003, 009000, 009006, 009004, 009001]
4296	9	009003	009001	9	5.0	1.0	0,000	true	[009003, 009000, 009006, 009004, 009007, 009005, 009001]
4297	9	009003	009001	10	5.0	1.0	0,000	true	[009003, 009000, 009006, 009008, 009004, 009001]
4298	9	009003	009001	11	5.0	1.0	0,000	true	[009003, 009000, 009006, 009008, 009004, 009007, 009005, 009001]
4299	9	009003	009001	12	6.0	2.0	0,007	true	[009003, 009000, 009007, 009004, 009001]
4300	9	009003	009001	13	5.0	1.0	0,002	true	[009003, 009000, 009007, 009004, 009006, 009001]
4301	9	009003	009001	14	5.0	1.0	0,000	true	[009003, 009000, 009007, 009004, 009008, 009002, 009006, 009001]
4302	9	009003	009001	15	5.0	2.0	0,000	true	[009003, 009000, 009007, 009004, 009008, 009006, 009001]
4303	9	009003	009001	16	6.0	1.0	0,001	true	[009003, 009000, 009007, 009005, 009001]
4304	9	009003	009001	17	7.0	1.0	0,000	true	[009003, 009000, 009008, 009002, 009006, 009001]
4305	9	009003	009001	18	5.0	1.0	0,000	true	[009003, 009000, 009008, 009002, 009006, 009004, 009001]
4306	9	009003	009001	19	5.0	1.0	0,000	true	[009003, 009000, 009008, 009002, 009006, 009004, 009007, 009005, 009001]
4307	9	009003	009001	20	5.0	2.0	0,000	true	[009003, 009000, 009008, 009004, 009001]
4308	9	009003	009001	21	5.0	1.0	0,000	true	[009003, 009000, 009008, 009004, 009006, 009001]
4309	9	009003	009001	22	5.0	1.0	0,000	true	[009003, 009000, 009008, 009004, 009007, 009005, 009001]
4310	9	009003	009001	23	6.0	3.0	0,001	true	[009003, 009000, 009008, 009006, 009001]
4311	9	009003	009001	24	5.0	1.0	0,000	true	[009003, 009000, 009008, 009006, 009004, 009001]
4312	9	009003	009001	25	5.0	1.0	0,000	true	[009003, 009000, 009008, 009006, 009004, 009007, 009005, 009001]
4313	9	009003	009001	26	5.0	1.0	0,000	true	[009003, 009002, 009006, 009000, 009004, 009001]
4314	9	009003	009001	27	5.0	1.0	0,000	true	[009003, 009002, 009006, 009000, 009004, 009007, 009005, 009001]
4315	9	009003	009001	28	5.0	1.0	0,000	true	[009003, 009002, 009006, 009000, 009007, 009004, 009001]
4316	9	009003	009001	29	5.0	1.0	0,000	true	[009003, 009002, 009006, 009000, 009007, 009005, 009001]
4317	9	009003	009001	30	5.0	1.0	0,000	true	[009003, 009002, 009006, 009000, 009008, 009004, 009001]
4318	9	009003	009001	31	5.0	1.0	0,000	true	[009003, 009002, 009006, 009000, 009008, 009004, 009007, 009005, 009001]
4319	9	009003	009001	32	6.0	3.0	0,000	true	[009003, 009002, 009006, 009001]
4320	9	009003	009001	33	5.0	1.0	0,000	true	[009003, 009002, 009006, 009004, 009000, 009007, 009005, 009001]
4321	9	009003	009001	34	5.0	1.0	0,000	true	[009003, 009002, 009006, 009004, 009001]
4322	9	009003	009001	35	5.0	1.0	0,000	true	[009003, 009002, 009006, 009004, 009007, 009005, 009001]
4323	9	009003	009001	36	5.0	1.0	0,000	true	[009003, 009002, 009006, 009004, 009008, 009000, 009007, 009005, 009001]
4324	9	009003	009001	37	6.0	1.0	0,000	true	[009003, 009002, 009006, 009008, 009000, 009004, 009001]
4325	9	009003	009001	38	6.0	1.0	0,000	true	[009003, 009002, 009006, 009008, 009000, 009004, 009007, 009005, 009001]
4326	9	009003	009001	39	6.0	2.0	0,000	true	[009003, 009002, 009006, 009008, 009000, 009007, 009004, 009001]
4327	9	009003	009001	40	6.0	1.0	0,000	true	[009003, 009002, 009006, 009008, 009000, 009007, 009005, 009001]
4328	9	009003	009001	41	5.0	1.0	0,000	true	[009003, 009002, 009006, 009008, 009004, 009000, 009007, 009005, 009001]
4329	9	009003	009001	42	5.0	2.0	0,000	true	[009003, 009002, 009006, 009008, 009004, 009001]
4330	9	009003	009001	43	5.0	1.0	0,000	true	[009003, 009002, 009006, 009008, 009004, 009007, 009005, 009001]
4331	9	009003	009001	44	6.0	1.0	0,000	true	[009003, 009002, 009008, 009000, 009004, 009001]
4332	9	009003	009001	45	5.0	1.0	0,000	true	[009003, 009002, 009008, 009000, 009004, 009006, 009001]
4333	9	009003	009001	46	6.0	1.0	0,000	true	[009003, 009002, 009008, 009000, 009004, 009007, 009005, 009001]
4334	9	009003	009001	47	5.0	1.0	0,000	true	[009003, 009002, 009008, 009000, 009006, 009001]
4335	9	009003	009001	48	5.0	1.0	0,000	true	[009003, 009002, 009008, 009000, 009006, 009004, 009001]
4336	9	009003	009001	49	5.0	1.0	0,000	true	[009003, 009002, 009008, 009000, 009006, 009004, 009007, 009005, 009001]
4337	9	009003	009001	50	6.0	1.0	0,000	true	[009003, 009002, 009008, 009000, 009007, 009004, 009001]
4338	9	009003	009001	51	5.0	1.0	0,000	true	[009003, 009002, 009008, 009000, 009007, 009004, 009006, 009001]
4339	9	009003	009001	52	6.0	1.0	0,000	true	[009003, 009002, 009008, 009000, 009007, 009005, 009001]
4340	9	009003	009001	53	5.0	1.0	0,000	true	[009003, 009002, 009008, 009004, 009000, 009006, 009001]
4341	9	009003	009001	54	5.0	1.0	0,000	true	[009003, 009002, 009008, 009004, 009000, 009007, 009005, 009001]
4342	9	009003	009001	55	5.0	1.0	0,000	true	[009003, 009002, 009008, 009004, 009001]
4343	9	009003	009001	56	5.0	1.0	0,000	true	[009003, 009002, 009008, 009004, 009006, 009000, 009007, 009005, 009001]
4344	9	009003	009001	57	5.0	1.0	0,000	true	[009003, 009002, 009008, 009004, 009006, 009001]
4345	9	009003	009001	58	5.0	1.0	0,000	true	[009003, 009002, 009008, 009004, 009007, 009000, 009006, 009001]
4346	9	009003	009001	59	5.0	1.0	0,000	true	[009003, 009002, 009008, 009004, 009007, 009005, 009001]
4347	9	009003	009001	60	5.0	1.0	0,000	true	[009003, 009002, 009008, 009006, 009000, 009004, 009001]
4348	9	009003	009001	61	5.0	1.0	0,000	true	[009003, 009002, 009008, 009006, 009000, 009004, 009007, 009005, 009001]
4349	9	009003	009001	62	5.0	1.0	0,000	true	[009003, 009002, 009008, 009006, 009000, 009007, 009004, 009001]
4350	9	009003	009001	63	5.0	1.0	0,000	true	[009003, 009002, 009008, 009006, 009000, 009007, 009005, 009001]
4351	9	009003	009001	64	6.0	1.0	0,001	true	[009003, 009002, 009008, 009006, 009001]
4352	9	009003	009001	65	5.0	1.0	0,000	true	[009003, 009002, 009008, 009006, 009004, 009000, 009007, 009005, 009001]
4353	9	009003	009001	66	5.0	1.0	0,000	true	[009003, 009002, 009008, 009006, 009004, 009001]
4354	9	009003	009001	67	5.0	1.0	0,000	true	[009003, 009002, 009008, 009006, 009004, 009007, 009005, 009001]
4355	9	009003	009001	68	5.0	1.0	0,003	true	[009003, 009004, 009000, 009006, 009001]
4356	9	009003	009001	69	6.0	1.0	0,000	true	[009003, 009004, 009000, 009007, 009005, 009001]
4357	9	009003	009001	70	7.0	1.0	0,000	true	[009003, 009004, 009000, 009008, 009002, 009006, 009001]
4358	9	009003	009001	71	6.0	1.0	0,000	true	[009003, 009004, 009000, 009008, 009006, 009001]
4359	9	009003	009001	72	12.0	4.0	0,085	true	[009003, 009004, 009001]
4360	9	009003	009001	73	5.0	1.0	0,000	true	[009003, 009004, 009006, 009000, 009007, 009005, 009001]
4361	9	009003	009001	74	5.0	1.0	0,019	true	[009003, 009004, 009006, 009001]
4362	9	009003	009001	75	5.0	1.0	0,000	true	[009003, 009004, 009006, 009002, 009008, 009000, 009007, 009005, 009001]
4363	9	009003	009001	76	5.0	1.0	0,000	true	[009003, 009004, 009006, 009008, 009000, 009007, 009005, 009001]
4364	9	009003	009001	77	5.0	1.0	0,002	true	[009003, 009004, 009007, 009000, 009006, 009001]
4365	9	009003	009001	78	6.0	1.0	0,000	true	[009003, 009004, 009007, 009000, 009008, 009002, 009006, 009001]
4366	9	009003	009001	79	6.0	2.0	0,000	true	[009003, 009004, 009007, 009000, 009008, 009006, 009001]
4367	9	009003	009001	80	6.0	1.0	0,002	true	[009003, 009004, 009007, 009005, 009001]
4368	9	009003	009001	81	5.0	1.0	0,000	true	[009003, 009004, 009008, 009000, 009006, 009001]
4369	9	009003	009001	82	5.0	1.0	0,000	true	[009003, 009004, 009008, 009000, 009007, 009005, 009001]
4370	9	009003	009001	83	5.0	1.0	0,000	true	[009003, 009004, 009008, 009002, 009006, 009000, 009007, 009005, 009001]
4371	9	009003	009001	84	5.0	1.0	0,000	true	[009003, 009004, 009008, 009002, 009006, 009001]
4372	9	009003	009001	85	5.0	1.0	0,000	true	[009003, 009004, 009008, 009006, 009000, 009007, 009005, 009001]
4373	9	009003	009001	86	5.0	2.0	0,000	true	[009003, 009004, 009008, 009006, 009001]
4374	9	009003	009001	87	6.0	1.0	0,034	true	[009003, 009005, 009001]
4375	9	009003	009001	88	6.0	1.0	0,001	true	[009003, 009005, 009007, 009000, 009004, 009001]
4376	9	009003	009001	89	5.0	1.0	0,000	true	[009003, 009005, 009007, 009000, 009004, 009006, 009001]
4377	9	009003	009001	90	5.0	1.0	0,000	true	[009003, 009005, 009007, 009000, 009004, 009008, 009002, 009006, 009001]
4378	9	009003	009001	91	5.0	1.0	0,000	true	[009003, 009005, 009007, 009000, 009004, 009008, 009006, 009001]
4379	9	009003	009001	92	5.0	1.0	0,002	true	[009003, 009005, 009007, 009000, 009006, 009001]
4380	9	009003	009001	93	5.0	1.0	0,000	true	[009003, 009005, 009007, 009000, 009006, 009002, 009008, 009004, 009001]
4381	9	009003	009001	94	5.0	1.0	0,000	true	[009003, 009005, 009007, 009000, 009006, 009004, 009001]
4382	9	009003	009001	95	5.0	1.0	0,000	true	[009003, 009005, 009007, 009000, 009006, 009008, 009004, 009001]
4383	9	009003	009001	96	6.0	1.0	0,000	true	[009003, 009005, 009007, 009000, 009008, 009002, 009006, 009001]
4384	9	009003	009001	97	5.0	1.0	0,000	true	[009003, 009005, 009007, 009000, 009008, 009002, 009006, 009004, 009001]
4385	9	009003	009001	98	5.0	2.0	0,000	true	[009003, 009005, 009007, 009000, 009008, 009004, 009001]
4386	9	009003	009001	99	5.0	1.0	0,000	true	[009003, 009005, 009007, 009000, 009008, 009004, 009006, 009001]
4387	9	009003	009001	100	6.0	3.0	0,000	true	[009003, 009005, 009007, 009000, 009008, 009006, 009001]
4388	10	010008	010004	0	5.0	3.0	0,000	true	[010008, 010000, 010001, 010003, 010002, 010004]
4389	10	010008	010004	1	7.0	2.0	0,000	true	[010008, 010000, 010001, 010003, 010002, 010005, 010004]
4390	10	010008	010004	2	7.0	1.0	0,000	true	[010008, 010000, 010001, 010003, 010002, 010006, 010004]
4391	10	010008	010004	3	7.0	1.0	0,000	true	[010008, 010000, 010001, 010003, 010002, 010007, 010005, 010004]
4392	10	010008	010004	4	9.0	1.0	0,000	true	[010008, 010000, 010001, 010003, 010004]
4393	10	010008	010004	5	5.0	2.0	0,000	true	[010008, 010000, 010001, 010003, 010005, 010002, 010004]
4394	10	010008	010004	6	7.0	1.0	0,000	true	[010008, 010000, 010001, 010003, 010005, 010002, 010006, 010004]
4395	10	010008	010004	7	7.0	3.0	0,000	true	[010008, 010000, 010001, 010003, 010005, 010004]
4396	10	010008	010004	8	5.0	1.0	0,000	true	[010008, 010000, 010001, 010003, 010005, 010007, 010002, 010004]
4397	10	010008	010004	9	7.0	1.0	0,000	true	[010008, 010000, 010001, 010003, 010005, 010007, 010002, 010006, 010004]
4398	10	010008	010004	10	5.0	3.0	0,000	true	[010008, 010000, 010001, 010003, 010006, 010002, 010004]
4399	10	010008	010004	11	7.0	2.0	0,000	true	[010008, 010000, 010001, 010003, 010006, 010002, 010005, 010004]
4400	10	010008	010004	12	7.0	1.0	0,000	true	[010008, 010000, 010001, 010003, 010006, 010002, 010007, 010005, 010004]
4401	10	010008	010004	13	9.0	1.0	0,000	true	[010008, 010000, 010001, 010003, 010006, 010004]
4402	10	010008	010004	14	5.0	3.0	0,000	true	[010008, 010000, 010001, 010003, 010007, 010002, 010004]
4403	10	010008	010004	15	5.0	2.0	0,000	true	[010008, 010000, 010001, 010003, 010007, 010002, 010005, 010004]
4404	10	010008	010004	16	5.0	1.0	0,000	true	[010008, 010000, 010001, 010003, 010007, 010002, 010006, 010004]
4405	10	010008	010004	17	5.0	1.0	0,000	true	[010008, 010000, 010001, 010003, 010007, 010005, 010002, 010004]
4406	10	010008	010004	18	5.0	1.0	0,000	true	[010008, 010000, 010001, 010003, 010007, 010005, 010002, 010006, 010004]
4407	10	010008	010004	19	5.0	1.0	0,000	true	[010008, 010000, 010001, 010003, 010007, 010005, 010004]
4408	10	010008	010004	20	7.0	1.0	0,000	true	[010008, 010000, 010001, 010005, 010002, 010003, 010004]
4409	10	010008	010004	21	7.0	1.0	0,000	true	[010008, 010000, 010001, 010005, 010002, 010003, 010006, 010004]
4410	10	010008	010004	22	5.0	2.0	0,001	true	[010008, 010000, 010001, 010005, 010002, 010004]
4411	10	010008	010004	23	7.0	1.0	0,000	true	[010008, 010000, 010001, 010005, 010002, 010006, 010003, 010004]
4412	10	010008	010004	24	7.0	1.0	0,000	true	[010008, 010000, 010001, 010005, 010002, 010006, 010004]
4413	10	010008	010004	25	5.0	1.0	0,000	true	[010008, 010000, 010001, 010005, 010002, 010007, 010003, 010004]
4414	10	010008	010004	26	5.0	1.0	0,000	true	[010008, 010000, 010001, 010005, 010002, 010007, 010003, 010006, 010004]
4415	10	010008	010004	27	5.0	3.0	0,001	true	[010008, 010000, 010001, 010005, 010003, 010002, 010004]
4416	10	010008	010004	28	7.0	1.0	0,000	true	[010008, 010000, 010001, 010005, 010003, 010002, 010006, 010004]
4417	10	010008	010004	29	8.0	1.0	0,001	true	[010008, 010000, 010001, 010005, 010003, 010004]
4418	10	010008	010004	30	5.0	3.0	0,000	true	[010008, 010000, 010001, 010005, 010003, 010006, 010002, 010004]
4419	10	010008	010004	31	8.0	1.0	0,000	true	[010008, 010000, 010001, 010005, 010003, 010006, 010004]
4420	10	010008	010004	32	5.0	3.0	0,000	true	[010008, 010000, 010001, 010005, 010003, 010007, 010002, 010004]
4421	10	010008	010004	33	5.0	1.0	0,000	true	[010008, 010000, 010001, 010005, 010003, 010007, 010002, 010006, 010004]
4422	10	010008	010004	34	7.0	3.0	0,003	true	[010008, 010000, 010001, 010005, 010004]
4423	10	010008	010004	35	7.0	1.0	0,000	true	[010008, 010000, 010001, 010005, 010007, 010002, 010003, 010004]
4424	10	010008	010004	36	7.0	1.0	0,000	true	[010008, 010000, 010001, 010005, 010007, 010002, 010003, 010006, 010004]
4425	10	010008	010004	37	5.0	1.0	0,000	true	[010008, 010000, 010001, 010005, 010007, 010002, 010004]
4426	10	010008	010004	38	7.0	1.0	0,000	true	[010008, 010000, 010001, 010005, 010007, 010002, 010006, 010003, 010004]
4427	10	010008	010004	39	7.0	1.0	0,000	true	[010008, 010000, 010001, 010005, 010007, 010002, 010006, 010004]
4428	10	010008	010004	40	5.0	1.0	0,000	true	[010008, 010000, 010001, 010005, 010007, 010003, 010002, 010004]
4429	10	010008	010004	41	5.0	1.0	0,000	true	[010008, 010000, 010001, 010005, 010007, 010003, 010002, 010006, 010004]
4430	10	010008	010004	42	5.0	1.0	0,000	true	[010008, 010000, 010001, 010005, 010007, 010003, 010004]
4431	10	010008	010004	43	5.0	1.0	0,000	true	[010008, 010000, 010001, 010005, 010007, 010003, 010006, 010002, 010004]
4432	10	010008	010004	44	5.0	1.0	0,000	true	[010008, 010000, 010001, 010005, 010007, 010003, 010006, 010004]
4433	10	010008	010004	45	7.0	1.0	0,000	true	[010008, 010000, 010001, 010006, 010002, 010003, 010004]
4434	10	010008	010004	46	7.0	3.0	0,000	true	[010008, 010000, 010001, 010006, 010002, 010003, 010005, 010004]
4435	10	010008	010004	47	5.0	1.0	0,000	true	[010008, 010000, 010001, 010006, 010002, 010003, 010007, 010005, 010004]
4436	10	010008	010004	48	5.0	3.0	0,001	true	[010008, 010000, 010001, 010006, 010002, 010004]
4437	10	010008	010004	49	7.0	1.0	0,000	true	[010008, 010000, 010001, 010006, 010002, 010005, 010003, 010004]
4438	10	010008	010004	50	7.0	2.0	0,000	true	[010008, 010000, 010001, 010006, 010002, 010005, 010004]
4439	10	010008	010004	51	5.0	1.0	0,000	true	[010008, 010000, 010001, 010006, 010002, 010005, 010007, 010003, 010004]
4440	10	010008	010004	52	5.0	1.0	0,000	true	[010008, 010000, 010001, 010006, 010002, 010007, 010003, 010004]
4441	10	010008	010004	53	5.0	3.0	0,000	true	[010008, 010000, 010001, 010006, 010002, 010007, 010003, 010005, 010004]
4442	10	010008	010004	54	7.0	1.0	0,000	true	[010008, 010000, 010001, 010006, 010002, 010007, 010005, 010003, 010004]
4443	10	010008	010004	55	7.0	1.0	0,000	true	[010008, 010000, 010001, 010006, 010002, 010007, 010005, 010004]
4444	10	010008	010004	56	5.0	3.0	0,000	true	[010008, 010000, 010001, 010006, 010003, 010002, 010004]
4445	10	010008	010004	57	7.0	2.0	0,000	true	[010008, 010000, 010001, 010006, 010003, 010002, 010005, 010004]
4446	10	010008	010004	58	7.0	1.0	0,000	true	[010008, 010000, 010001, 010006, 010003, 010002, 010007, 010005, 010004]
4447	10	010008	010004	59	9.0	1.0	0,000	true	[010008, 010000, 010001, 010006, 010003, 010004]
4448	10	010008	010004	60	5.0	2.0	0,000	true	[010008, 010000, 010001, 010006, 010003, 010005, 010002, 010004]
4449	10	010008	010004	61	7.0	3.0	0,000	true	[010008, 010000, 010001, 010006, 010003, 010005, 010004]
4450	10	010008	010004	62	5.0	1.0	0,000	true	[010008, 010000, 010001, 010006, 010003, 010005, 010007, 010002, 010004]
4451	10	010008	010004	63	5.0	3.0	0,000	true	[010008, 010000, 010001, 010006, 010003, 010007, 010002, 010004]
4452	10	010008	010004	64	5.0	2.0	0,000	true	[010008, 010000, 010001, 010006, 010003, 010007, 010002, 010005, 010004]
4453	10	010008	010004	65	5.0	1.0	0,000	true	[010008, 010000, 010001, 010006, 010003, 010007, 010005, 010002, 010004]
4454	10	010008	010004	66	5.0	1.0	0,000	true	[010008, 010000, 010001, 010006, 010003, 010007, 010005, 010004]
4455	10	010008	010004	67	9.0	1.0	0,001	true	[010008, 010000, 010001, 010006, 010004]
4456	10	010008	010004	68	7.0	1.0	0,000	true	[010008, 010000, 010001, 010007, 010002, 010003, 010004]
4457	10	010008	010004	69	7.0	2.0	0,000	true	[010008, 010000, 010001, 010007, 010002, 010003, 010005, 010004]
4458	10	010008	010004	70	7.0	1.0	0,000	true	[010008, 010000, 010001, 010007, 010002, 010003, 010006, 010004]
4459	10	010008	010004	71	5.0	2.0	0,001	true	[010008, 010000, 010001, 010007, 010002, 010004]
4460	10	010008	010004	72	7.0	1.0	0,000	true	[010008, 010000, 010001, 010007, 010002, 010005, 010003, 010004]
4461	10	010008	010004	73	7.0	1.0	0,000	true	[010008, 010000, 010001, 010007, 010002, 010005, 010003, 010006, 010004]
4462	10	010008	010004	74	7.0	2.0	0,000	true	[010008, 010000, 010001, 010007, 010002, 010005, 010004]
4463	10	010008	010004	75	7.0	1.0	0,000	true	[010008, 010000, 010001, 010007, 010002, 010006, 010003, 010004]
4464	10	010008	010004	76	7.0	2.0	0,000	true	[010008, 010000, 010001, 010007, 010002, 010006, 010003, 010005, 010004]
4465	10	010008	010004	77	7.0	1.0	0,000	true	[010008, 010000, 010001, 010007, 010002, 010006, 010004]
4466	10	010008	010004	78	5.0	2.0	0,000	true	[010008, 010000, 010001, 010007, 010003, 010002, 010004]
4467	10	010008	010004	79	5.0	2.0	0,000	true	[010008, 010000, 010001, 010007, 010003, 010002, 010005, 010004]
4468	10	010008	010004	80	5.0	1.0	0,000	true	[010008, 010000, 010001, 010007, 010003, 010002, 010006, 010004]
4469	10	010008	010004	81	5.0	1.0	0,000	true	[010008, 010000, 010001, 010007, 010003, 010004]
4470	10	010008	010004	82	5.0	2.0	0,000	true	[010008, 010000, 010001, 010007, 010003, 010005, 010002, 010004]
4471	10	010008	010004	83	5.0	1.0	0,000	true	[010008, 010000, 010001, 010007, 010003, 010005, 010002, 010006, 010004]
4472	10	010008	010004	84	5.0	2.0	0,000	true	[010008, 010000, 010001, 010007, 010003, 010005, 010004]
4473	10	010008	010004	85	5.0	2.0	0,000	true	[010008, 010000, 010001, 010007, 010003, 010006, 010002, 010004]
4474	10	010008	010004	86	5.0	2.0	0,000	true	[010008, 010000, 010001, 010007, 010003, 010006, 010002, 010005, 010004]
4475	10	010008	010004	87	5.0	1.0	0,000	true	[010008, 010000, 010001, 010007, 010003, 010006, 010004]
4476	10	010008	010004	88	7.0	1.0	0,000	true	[010008, 010000, 010001, 010007, 010005, 010002, 010003, 010004]
4477	10	010008	010004	89	7.0	1.0	0,000	true	[010008, 010000, 010001, 010007, 010005, 010002, 010003, 010006, 010004]
4478	10	010008	010004	90	5.0	1.0	0,000	true	[010008, 010000, 010001, 010007, 010005, 010002, 010004]
4479	10	010008	010004	91	7.0	1.0	0,000	true	[010008, 010000, 010001, 010007, 010005, 010002, 010006, 010003, 010004]
4480	10	010008	010004	92	7.0	1.0	0,000	true	[010008, 010000, 010001, 010007, 010005, 010002, 010006, 010004]
4481	10	010008	010004	93	5.0	1.0	0,000	true	[010008, 010000, 010001, 010007, 010005, 010003, 010002, 010004]
4482	10	010008	010004	94	7.0	1.0	0,000	true	[010008, 010000, 010001, 010007, 010005, 010003, 010002, 010006, 010004]
4483	10	010008	010004	95	8.0	1.0	0,000	true	[010008, 010000, 010001, 010007, 010005, 010003, 010004]
4484	10	010008	010004	96	5.0	1.0	0,000	true	[010008, 010000, 010001, 010007, 010005, 010003, 010006, 010002, 010004]
4485	10	010008	010004	97	8.0	1.0	0,000	true	[010008, 010000, 010001, 010007, 010005, 010003, 010006, 010004]
4486	10	010008	010004	98	7.0	1.0	0,001	true	[010008, 010000, 010001, 010007, 010005, 010004]
4487	10	010008	010004	99	7.0	3.0	0,000	true	[010008, 010000, 010002, 010003, 010001, 010005, 010004]
4488	10	010008	010004	100	7.0	1.0	0,000	true	[010008, 010000, 010002, 010003, 010001, 010006, 010004]
4489	10	010008	010004	101	7.0	1.0	0,002	true	[010008, 010000, 010002, 010003, 010004]
4490	10	010008	010004	102	5.0	3.0	0,008	true	[010008, 010000, 010002, 010004]
4491	10	010008	010004	103	9.0	3.0	0,020	true	[010008, 010000, 010004]
4492	10	010008	010004	104	5.0	4.0	0,050	true	[010008, 010004]
4493	11	011004	011002	0	9.0	2.0	0,001	true	[011004, 011001, 011000, 011002]
4494	11	011004	011002	1	9.0	2.0	0,000	true	[011004, 011001, 011000, 011005, 011003, 011007, 011002]
4495	11	011004	011002	2	9.0	2.0	0,000	true	[011004, 011001, 011000, 011005, 011003, 011007, 011006, 011002]
4496	11	011004	011002	3	5.0	2.0	0,000	true	[011004, 011001, 011000, 011005, 011003, 011007, 011006, 011008, 011002]
4497	11	011004	011002	4	5.0	2.0	0,000	true	[011004, 011001, 011000, 011005, 011003, 011007, 011008, 011002]
4498	11	011004	011002	5	7.0	2.0	0,000	true	[011004, 011001, 011000, 011005, 011003, 011007, 011008, 011006, 011002]
4499	11	011004	011002	6	9.0	2.0	0,001	true	[011004, 011001, 011000, 011005, 011006, 011002]
4500	11	011004	011002	7	9.0	2.0	0,000	true	[011004, 011001, 011000, 011005, 011006, 011007, 011002]
4501	11	011004	011002	8	5.0	2.0	0,000	true	[011004, 011001, 011000, 011005, 011006, 011007, 011008, 011002]
4502	11	011004	011002	9	5.0	2.0	0,000	true	[011004, 011001, 011000, 011005, 011006, 011008, 011002]
4503	11	011004	011002	10	7.0	2.0	0,000	true	[011004, 011001, 011000, 011005, 011006, 011008, 011007, 011002]
4504	11	011004	011002	11	13.0	2.0	0,001	true	[011004, 011001, 011000, 011005, 011007, 011002]
4505	11	011004	011002	12	9.0	2.0	0,001	true	[011004, 011001, 011000, 011005, 011007, 011006, 011002]
4506	11	011004	011002	13	5.0	2.0	0,000	true	[011004, 011001, 011000, 011005, 011007, 011006, 011008, 011002]
4507	11	011004	011002	14	5.0	2.0	0,000	true	[011004, 011001, 011000, 011005, 011007, 011008, 011002]
4508	11	011004	011002	15	7.0	2.0	0,000	true	[011004, 011001, 011000, 011005, 011007, 011008, 011006, 011002]
4509	11	011004	011002	16	5.0	2.0	0,001	true	[011004, 011001, 011000, 011005, 011008, 011002]
4510	11	011004	011002	17	5.0	2.0	0,000	true	[011004, 011001, 011000, 011005, 011008, 011006, 011002]
4511	11	011004	011002	18	5.0	2.0	0,000	true	[011004, 011001, 011000, 011005, 011008, 011006, 011007, 011002]
4512	11	011004	011002	19	5.0	2.0	0,000	true	[011004, 011001, 011000, 011005, 011008, 011007, 011002]
4513	11	011004	011002	20	5.0	2.0	0,000	true	[011004, 011001, 011000, 011005, 011008, 011007, 011006, 011002]
4514	11	011004	011002	21	14.0	1.0	0,002	true	[011004, 011001, 011000, 011007, 011002]
4515	11	011004	011002	22	9.0	1.0	0,000	true	[011004, 011001, 011000, 011007, 011003, 011005, 011006, 011002]
4516	11	011004	011002	23	5.0	1.0	0,000	true	[011004, 011001, 011000, 011007, 011003, 011005, 011006, 011008, 011002]
4517	11	011004	011002	24	5.0	1.0	0,000	true	[011004, 011001, 011000, 011007, 011003, 011005, 011008, 011002]
4518	11	011004	011002	25	5.0	1.0	0,000	true	[011004, 011001, 011000, 011007, 011003, 011005, 011008, 011006, 011002]
4519	11	011004	011002	26	9.0	1.0	0,000	true	[011004, 011001, 011000, 011007, 011005, 011006, 011002]
4520	11	011004	011002	27	5.0	1.0	0,000	true	[011004, 011001, 011000, 011007, 011005, 011006, 011008, 011002]
4521	11	011004	011002	28	5.0	1.0	0,000	true	[011004, 011001, 011000, 011007, 011005, 011008, 011002]
4522	11	011004	011002	29	5.0	1.0	0,000	true	[011004, 011001, 011000, 011007, 011005, 011008, 011006, 011002]
4523	11	011004	011002	30	9.0	1.0	0,001	true	[011004, 011001, 011000, 011007, 011006, 011002]
4524	11	011004	011002	31	5.0	1.0	0,000	true	[011004, 011001, 011000, 011007, 011006, 011005, 011008, 011002]
4525	11	011004	011002	32	5.0	1.0	0,000	true	[011004, 011001, 011000, 011007, 011006, 011008, 011002]
4526	11	011004	011002	33	5.0	1.0	0,001	true	[011004, 011001, 011000, 011007, 011008, 011002]
4527	11	011004	011002	34	5.0	1.0	0,000	true	[011004, 011001, 011000, 011007, 011008, 011005, 011006, 011002]
4528	11	011004	011002	35	7.0	1.0	0,000	true	[011004, 011001, 011000, 011007, 011008, 011006, 011002]
4529	11	011004	011002	36	5.0	4.0	0,003	true	[011004, 011001, 011000, 011008, 011002]
4530	11	011004	011002	37	5.0	3.0	0,000	true	[011004, 011001, 011000, 011008, 011005, 011003, 011007, 011002]
4531	11	011004	011002	38	5.0	2.0	0,000	true	[011004, 011001, 011000, 011008, 011005, 011003, 011007, 011006, 011002]
4532	11	011004	011002	39	5.0	2.0	0,000	true	[011004, 011001, 011000, 011008, 011005, 011006, 011002]
4533	11	011004	011002	40	5.0	2.0	0,000	true	[011004, 011001, 011000, 011008, 011005, 011006, 011007, 011002]
4534	11	011004	011002	41	5.0	3.0	0,000	true	[011004, 011001, 011000, 011008, 011005, 011007, 011002]
4535	11	011004	011002	42	5.0	2.0	0,000	true	[011004, 011001, 011000, 011008, 011005, 011007, 011006, 011002]
4536	11	011004	011002	43	8.0	2.0	0,001	true	[011004, 011001, 011000, 011008, 011006, 011002]
4537	11	011004	011002	44	8.0	2.0	0,000	true	[011004, 011001, 011000, 011008, 011006, 011005, 011003, 011007, 011002]
4538	11	011004	011002	45	8.0	2.0	0,000	true	[011004, 011001, 011000, 011008, 011006, 011005, 011007, 011002]
4539	11	011004	011002	46	8.0	2.0	0,000	true	[011004, 011001, 011000, 011008, 011006, 011007, 011002]
4540	11	011004	011002	47	7.0	3.0	0,001	true	[011004, 011001, 011000, 011008, 011007, 011002]
4541	11	011004	011002	48	7.0	2.0	0,000	true	[011004, 011001, 011000, 011008, 011007, 011003, 011005, 011006, 011002]
4542	11	011004	011002	49	7.0	2.0	0,000	true	[011004, 011001, 011000, 011008, 011007, 011005, 011006, 011002]
4543	11	011004	011002	50	7.0	2.0	0,000	true	[011004, 011001, 011000, 011008, 011007, 011006, 011002]
4544	11	011004	011002	51	7.0	4.0	0,000	true	[011004, 011001, 011002]
4545	11	011004	011002	52	9.0	2.0	0,000	true	[011004, 011001, 011003, 011005, 011000, 011002]
4546	11	011004	011002	53	9.0	1.0	0,000	true	[011004, 011001, 011003, 011005, 011000, 011007, 011002]
4547	11	011004	011002	54	9.0	1.0	0,000	true	[011004, 011001, 011003, 011005, 011000, 011007, 011006, 011002]
4548	11	011004	011002	55	5.0	1.0	0,000	true	[011004, 011001, 011003, 011005, 011000, 011007, 011006, 011008, 011002]
4549	11	011004	011002	56	5.0	1.0	0,000	true	[011004, 011001, 011003, 011005, 011000, 011007, 011008, 011002]
4550	11	011004	011002	57	7.0	1.0	0,000	true	[011004, 011001, 011003, 011005, 011000, 011007, 011008, 011006, 011002]
4551	11	011004	011002	58	5.0	2.0	0,000	true	[011004, 011001, 011003, 011005, 011000, 011008, 011002]
4552	11	011004	011002	59	8.0	2.0	0,000	true	[011004, 011001, 011003, 011005, 011000, 011008, 011006, 011002]
4553	11	011004	011002	60	8.0	2.0	0,000	true	[011004, 011001, 011003, 011005, 011000, 011008, 011006, 011007, 011002]
4554	11	011004	011002	61	7.0	2.0	0,000	true	[011004, 011001, 011003, 011005, 011000, 011008, 011007, 011002]
4555	11	011004	011002	62	7.0	2.0	0,000	true	[011004, 011001, 011003, 011005, 011000, 011008, 011007, 011006, 011002]
4556	11	011004	011002	63	9.0	2.0	0,001	true	[011004, 011001, 011003, 011005, 011006, 011002]
4557	11	011004	011002	64	9.0	1.0	0,000	true	[011004, 011001, 011003, 011005, 011006, 011007, 011000, 011002]
4558	11	011004	011002	65	5.0	1.0	0,000	true	[011004, 011001, 011003, 011005, 011006, 011007, 011000, 011008, 011002]
4559	11	011004	011002	66	9.0	2.0	0,000	true	[011004, 011001, 011003, 011005, 011006, 011007, 011002]
4560	11	011004	011002	67	7.0	2.0	0,000	true	[011004, 011001, 011003, 011005, 011006, 011007, 011008, 011000, 011002]
4561	11	011004	011002	68	5.0	2.0	0,000	true	[011004, 011001, 011003, 011005, 011006, 011007, 011008, 011002]
4562	11	011004	011002	69	8.0	2.0	0,000	true	[011004, 011001, 011003, 011005, 011006, 011008, 011000, 011002]
4563	11	011004	011002	70	8.0	1.0	0,000	true	[011004, 011001, 011003, 011005, 011006, 011008, 011000, 011007, 011002]
4564	11	011004	011002	71	5.0	2.0	0,000	true	[011004, 011001, 011003, 011005, 011006, 011008, 011002]
4565	11	011004	011002	72	7.0	1.0	0,000	true	[011004, 011001, 011003, 011005, 011006, 011008, 011007, 011000, 011002]
4566	11	011004	011002	73	7.0	2.0	0,000	true	[011004, 011001, 011003, 011005, 011006, 011008, 011007, 011002]
4567	11	011004	011002	74	9.0	1.0	0,000	true	[011004, 011001, 011003, 011005, 011007, 011000, 011002]
4568	11	011004	011002	75	5.0	1.0	0,000	true	[011004, 011001, 011003, 011005, 011007, 011000, 011008, 011002]
4569	11	011004	011002	76	8.0	1.0	0,000	true	[011004, 011001, 011003, 011005, 011007, 011000, 011008, 011006, 011002]
4570	11	011004	011002	77	9.0	3.0	0,001	true	[011004, 011001, 011003, 011005, 011007, 011002]
4571	11	011004	011002	78	9.0	2.0	0,001	true	[011004, 011001, 011003, 011005, 011007, 011006, 011002]
4572	11	011004	011002	79	8.0	2.0	0,000	true	[011004, 011001, 011003, 011005, 011007, 011006, 011008, 011000, 011002]
4573	11	011004	011002	80	5.0	2.0	0,000	true	[011004, 011001, 011003, 011005, 011007, 011006, 011008, 011002]
4574	11	011004	011002	81	7.0	2.0	0,000	true	[011004, 011001, 011003, 011005, 011007, 011008, 011000, 011002]
4575	11	011004	011002	82	5.0	3.0	0,000	true	[011004, 011001, 011003, 011005, 011007, 011008, 011002]
4576	11	011004	011002	83	7.0	2.0	0,000	true	[011004, 011001, 011003, 011005, 011007, 011008, 011006, 011002]
4577	11	011004	011002	84	5.0	2.0	0,000	true	[011004, 011001, 011003, 011005, 011008, 011000, 011002]
4578	11	011004	011002	85	5.0	1.0	0,000	true	[011004, 011001, 011003, 011005, 011008, 011000, 011007, 011002]
4579	11	011004	011002	86	5.0	1.0	0,000	true	[011004, 011001, 011003, 011005, 011008, 011000, 011007, 011006, 011002]
4580	11	011004	011002	87	5.0	3.0	0,001	true	[011004, 011001, 011003, 011005, 011008, 011002]
4581	11	011004	011002	88	5.0	2.0	0,000	true	[011004, 011001, 011003, 011005, 011008, 011006, 011002]
4582	11	011004	011002	89	5.0	1.0	0,000	true	[011004, 011001, 011003, 011005, 011008, 011006, 011007, 011000, 011002]
4583	11	011004	011002	90	5.0	2.0	0,000	true	[011004, 011001, 011003, 011005, 011008, 011006, 011007, 011002]
4584	11	011004	011002	91	5.0	1.0	0,000	true	[011004, 011001, 011003, 011005, 011008, 011007, 011000, 011002]
4585	11	011004	011002	92	5.0	3.0	0,000	true	[011004, 011001, 011003, 011005, 011008, 011007, 011002]
4586	11	011004	011002	93	5.0	2.0	0,000	true	[011004, 011001, 011003, 011005, 011008, 011007, 011006, 011002]
4587	11	011004	011002	94	9.0	1.0	0,000	true	[011004, 011001, 011003, 011007, 011000, 011002]
4588	11	011004	011002	95	9.0	1.0	0,000	true	[011004, 011001, 011003, 011007, 011000, 011005, 011006, 011002]
4589	11	011004	011002	96	5.0	1.0	0,000	true	[011004, 011001, 011003, 011007, 011000, 011005, 011006, 011008, 011002]
4590	11	011004	011002	97	5.0	1.0	0,000	true	[011004, 011001, 011003, 011007, 011000, 011005, 011008, 011002]
4591	11	011004	011002	98	5.0	1.0	0,000	true	[011004, 011001, 011003, 011007, 011000, 011005, 011008, 011006, 011002]
4592	11	011004	011002	99	5.0	1.0	0,000	true	[011004, 011001, 011003, 011007, 011000, 011008, 011002]
4593	11	011004	011002	100	5.0	1.0	0,000	true	[011004, 011001, 011003, 011007, 011000, 011008, 011005, 011006, 011002]
4594	11	011004	011002	101	10.0	3.0	0,001	true	[011004, 011001, 011003, 011007, 011002]
4595	11	011004	011002	102	13.0	4.0	0,340	true	[011004, 011002]
4596	12	012003	012002	0	7.0	1.0	0,000	true	[012003, 012000, 012001, 012004, 012002]
4597	12	012003	012002	1	5.0	1.0	0,000	true	[012003, 012000, 012001, 012004, 012005, 012006, 012002]
4598	12	012003	012002	2	5.0	1.0	0,000	true	[012003, 012000, 012001, 012004, 012005, 012006, 012007, 012002]
4599	12	012003	012002	3	5.0	1.0	0,000	true	[012003, 012000, 012001, 012004, 012005, 012007, 012002]
4600	12	012003	012002	4	5.0	1.0	0,000	true	[012003, 012000, 012001, 012004, 012005, 012007, 012006, 012002]
4601	12	012003	012002	5	5.0	1.0	0,000	true	[012003, 012000, 012001, 012004, 012005, 012008, 012006, 012002]
4602	12	012003	012002	6	5.0	1.0	0,000	true	[012003, 012000, 012001, 012004, 012005, 012008, 012006, 012007, 012002]
4603	12	012003	012002	7	7.0	1.0	0,000	true	[012003, 012000, 012001, 012004, 012006, 012002]
4604	12	012003	012002	8	7.0	1.0	0,000	true	[012003, 012000, 012001, 012004, 012006, 012005, 012007, 012002]
4605	12	012003	012002	9	7.0	1.0	0,000	true	[012003, 012000, 012001, 012004, 012006, 012007, 012002]
4606	12	012003	012002	10	7.0	1.0	0,000	true	[012003, 012000, 012001, 012004, 012006, 012008, 012005, 012007, 012002]
4607	12	012003	012002	11	7.0	1.0	0,000	true	[012003, 012000, 012001, 012004, 012007, 012002]
4608	12	012003	012002	12	7.0	1.0	0,000	true	[012003, 012000, 012001, 012004, 012007, 012005, 012006, 012002]
4609	12	012003	012002	13	7.0	1.0	0,000	true	[012003, 012000, 012001, 012004, 012007, 012005, 012008, 012006, 012002]
4610	12	012003	012002	14	7.0	1.0	0,000	true	[012003, 012000, 012001, 012004, 012007, 012006, 012002]
4611	12	012003	012002	15	5.0	1.0	0,001	true	[012003, 012000, 012001, 012005, 012004, 012002]
4612	12	012003	012002	16	5.0	1.0	0,000	true	[012003, 012000, 012001, 012005, 012004, 012006, 012002]
4613	12	012003	012002	17	5.0	1.0	0,000	true	[012003, 012000, 012001, 012005, 012004, 012006, 012007, 012002]
4614	12	012003	012002	18	5.0	1.0	0,000	true	[012003, 012000, 012001, 012005, 012004, 012007, 012002]
4615	12	012003	012002	19	5.0	1.0	0,000	true	[012003, 012000, 012001, 012005, 012004, 012007, 012006, 012002]
4616	12	012003	012002	20	7.0	1.0	0,000	true	[012003, 012000, 012001, 012005, 012006, 012002]
4617	12	012003	012002	21	7.0	1.0	0,000	true	[012003, 012000, 012001, 012005, 012006, 012004, 012002]
4618	12	012003	012002	22	8.0	1.0	0,000	true	[012003, 012000, 012001, 012005, 012006, 012004, 012007, 012002]
4619	12	012003	012002	23	8.0	1.0	0,000	true	[012003, 012000, 012001, 012005, 012006, 012007, 012002]
4620	12	012003	012002	24	7.0	1.0	0,000	true	[012003, 012000, 012001, 012005, 012006, 012007, 012004, 012002]
4621	12	012003	012002	25	8.0	1.0	0,000	true	[012003, 012000, 012001, 012005, 012007, 012002]
4622	12	012003	012002	26	7.0	1.0	0,000	true	[012003, 012000, 012001, 012005, 012007, 012004, 012002]
4623	12	012003	012002	27	7.0	1.0	0,000	true	[012003, 012000, 012001, 012005, 012007, 012004, 012006, 012002]
4624	12	012003	012002	28	7.0	1.0	0,000	true	[012003, 012000, 012001, 012005, 012007, 012006, 012002]
4625	12	012003	012002	29	7.0	1.0	0,000	true	[012003, 012000, 012001, 012005, 012007, 012006, 012004, 012002]
4626	12	012003	012002	30	7.0	1.0	0,000	true	[012003, 012000, 012001, 012005, 012008, 012006, 012002]
4627	12	012003	012002	31	7.0	1.0	0,000	true	[012003, 012000, 012001, 012005, 012008, 012006, 012004, 012002]
4628	12	012003	012002	32	7.0	1.0	0,000	true	[012003, 012000, 012001, 012005, 012008, 012006, 012004, 012007, 012002]
4629	12	012003	012002	33	7.0	1.0	0,000	true	[012003, 012000, 012001, 012005, 012008, 012006, 012007, 012002]
4630	12	012003	012002	34	7.0	1.0	0,000	true	[012003, 012000, 012001, 012005, 012008, 012006, 012007, 012004, 012002]
4631	12	012003	012002	35	5.0	1.0	0,001	true	[012003, 012000, 012001, 012006, 012002]
4632	12	012003	012002	36	5.0	1.0	0,000	true	[012003, 012000, 012001, 012006, 012004, 012002]
4633	12	012003	012002	37	5.0	1.0	0,000	true	[012003, 012000, 012001, 012006, 012004, 012005, 012007, 012002]
4634	12	012003	012002	38	5.0	1.0	0,000	true	[012003, 012000, 012001, 012006, 012004, 012007, 012002]
4635	12	012003	012002	39	5.0	1.0	0,000	true	[012003, 012000, 012001, 012006, 012005, 012004, 012002]
4636	12	012003	012002	40	5.0	1.0	0,000	true	[012003, 012000, 012001, 012006, 012005, 012004, 012007, 012002]
4637	12	012003	012002	41	5.0	1.0	0,000	true	[012003, 012000, 012001, 012006, 012005, 012007, 012002]
4638	12	012003	012002	42	5.0	1.0	0,000	true	[012003, 012000, 012001, 012006, 012005, 012007, 012004, 012002]
4639	12	012003	012002	43	5.0	1.0	0,000	true	[012003, 012000, 012001, 012006, 012007, 012002]
4640	12	012003	012002	44	5.0	1.0	0,000	true	[012003, 012000, 012001, 012006, 012007, 012004, 012002]
4641	12	012003	012002	45	5.0	1.0	0,000	true	[012003, 012000, 012001, 012006, 012007, 012005, 012004, 012002]
4642	12	012003	012002	46	5.0	1.0	0,000	true	[012003, 012000, 012001, 012006, 012008, 012005, 012004, 012002]
4643	12	012003	012002	47	5.0	1.0	0,000	true	[012003, 012000, 012001, 012006, 012008, 012005, 012004, 012007, 012002]
4644	12	012003	012002	48	5.0	1.0	0,000	true	[012003, 012000, 012001, 012006, 012008, 012005, 012007, 012002]
4645	12	012003	012002	49	5.0	1.0	0,000	true	[012003, 012000, 012001, 012006, 012008, 012005, 012007, 012004, 012002]
4646	12	012003	012002	50	5.0	1.0	0,000	true	[012003, 012000, 012001, 012007, 012002]
4647	12	012003	012002	51	5.0	1.0	0,000	true	[012003, 012000, 012001, 012007, 012004, 012002]
4648	12	012003	012002	52	5.0	1.0	0,000	true	[012003, 012000, 012001, 012007, 012004, 012005, 012006, 012002]
4649	12	012003	012002	53	5.0	1.0	0,000	true	[012003, 012000, 012001, 012007, 012004, 012005, 012008, 012006, 012002]
4650	12	012003	012002	54	5.0	1.0	0,000	true	[012003, 012000, 012001, 012007, 012004, 012006, 012002]
4651	12	012003	012002	55	5.0	1.0	0,000	true	[012003, 012000, 012001, 012007, 012005, 012004, 012002]
4652	12	012003	012002	56	5.0	1.0	0,000	true	[012003, 012000, 012001, 012007, 012005, 012004, 012006, 012002]
4653	12	012003	012002	57	5.0	1.0	0,000	true	[012003, 012000, 012001, 012007, 012005, 012006, 012002]
4654	12	012003	012002	58	5.0	1.0	0,000	true	[012003, 012000, 012001, 012007, 012005, 012006, 012004, 012002]
4655	12	012003	012002	59	5.0	1.0	0,000	true	[012003, 012000, 012001, 012007, 012005, 012008, 012006, 012002]
4656	12	012003	012002	60	5.0	1.0	0,000	true	[012003, 012000, 012001, 012007, 012005, 012008, 012006, 012004, 012002]
4657	12	012003	012002	61	5.0	1.0	0,000	true	[012003, 012000, 012001, 012007, 012006, 012002]
4658	12	012003	012002	62	5.0	1.0	0,000	true	[012003, 012000, 012001, 012007, 012006, 012004, 012002]
4659	12	012003	012002	63	5.0	1.0	0,000	true	[012003, 012000, 012001, 012007, 012006, 012005, 012004, 012002]
4660	12	012003	012002	64	5.0	1.0	0,000	true	[012003, 012000, 012001, 012007, 012006, 012008, 012005, 012004, 012002]
4661	12	012003	012002	65	5.0	1.0	0,000	true	[012003, 012000, 012001, 012008, 012005, 012004, 012002]
4662	12	012003	012002	66	5.0	1.0	0,000	true	[012003, 012000, 012001, 012008, 012005, 012004, 012006, 012002]
4663	12	012003	012002	67	5.0	1.0	0,000	true	[012003, 012000, 012001, 012008, 012005, 012004, 012006, 012007, 012002]
4664	12	012003	012002	68	5.0	1.0	0,000	true	[012003, 012000, 012001, 012008, 012005, 012004, 012007, 012002]
4665	12	012003	012002	69	5.0	1.0	0,000	true	[012003, 012000, 012001, 012008, 012005, 012004, 012007, 012006, 012002]
4666	12	012003	012002	70	7.0	1.0	0,000	true	[012003, 012000, 012001, 012008, 012005, 012006, 012002]
4667	12	012003	012002	71	7.0	1.0	0,000	true	[012003, 012000, 012001, 012008, 012005, 012006, 012004, 012002]
4668	12	012003	012002	72	8.0	1.0	0,000	true	[012003, 012000, 012001, 012008, 012005, 012006, 012004, 012007, 012002]
4669	12	012003	012002	73	8.0	1.0	0,000	true	[012003, 012000, 012001, 012008, 012005, 012006, 012007, 012002]
4670	12	012003	012002	74	7.0	1.0	0,000	true	[012003, 012000, 012001, 012008, 012005, 012006, 012007, 012004, 012002]
4671	12	012003	012002	75	8.0	1.0	0,000	true	[012003, 012000, 012001, 012008, 012005, 012007, 012002]
4672	12	012003	012002	76	7.0	1.0	0,000	true	[012003, 012000, 012001, 012008, 012005, 012007, 012004, 012002]
4673	12	012003	012002	77	7.0	1.0	0,000	true	[012003, 012000, 012001, 012008, 012005, 012007, 012004, 012006, 012002]
4674	12	012003	012002	78	7.0	1.0	0,000	true	[012003, 012000, 012001, 012008, 012005, 012007, 012006, 012002]
4675	12	012003	012002	79	7.0	1.0	0,000	true	[012003, 012000, 012001, 012008, 012005, 012007, 012006, 012004, 012002]
4676	12	012003	012002	80	7.0	1.0	0,000	true	[012003, 012000, 012001, 012008, 012006, 012002]
4677	12	012003	012002	81	7.0	1.0	0,000	true	[012003, 012000, 012001, 012008, 012006, 012004, 012002]
4678	12	012003	012002	82	5.0	1.0	0,000	true	[012003, 012000, 012001, 012008, 012006, 012004, 012005, 012007, 012002]
4679	12	012003	012002	83	7.0	1.0	0,000	true	[012003, 012000, 012001, 012008, 012006, 012004, 012007, 012002]
4680	12	012003	012002	84	5.0	1.0	0,000	true	[012003, 012000, 012001, 012008, 012006, 012005, 012004, 012002]
4681	12	012003	012002	85	5.0	1.0	0,000	true	[012003, 012000, 012001, 012008, 012006, 012005, 012004, 012007, 012002]
4682	12	012003	012002	86	7.0	1.0	0,000	true	[012003, 012000, 012001, 012008, 012006, 012005, 012007, 012002]
4683	12	012003	012002	87	7.0	1.0	0,000	true	[012003, 012000, 012001, 012008, 012006, 012005, 012007, 012004, 012002]
4684	12	012003	012002	88	7.0	1.0	0,000	true	[012003, 012000, 012001, 012008, 012006, 012007, 012002]
4685	12	012003	012002	89	7.0	1.0	0,000	true	[012003, 012000, 012001, 012008, 012006, 012007, 012004, 012002]
4686	12	012003	012002	90	5.0	1.0	0,000	true	[012003, 012000, 012001, 012008, 012006, 012007, 012005, 012004, 012002]
4687	12	012003	012002	91	9.0	1.0	0,008	true	[012003, 012000, 012002]
4688	12	012003	012002	92	7.0	1.0	0,000	true	[012003, 012000, 012005, 012001, 012004, 012002]
4689	12	012003	012002	93	7.0	1.0	0,000	true	[012003, 012000, 012005, 012001, 012004, 012006, 012002]
4690	12	012003	012002	94	7.0	1.0	0,000	true	[012003, 012000, 012005, 012001, 012004, 012006, 012007, 012002]
4691	12	012003	012002	95	7.0	1.0	0,000	true	[012003, 012000, 012005, 012001, 012004, 012007, 012002]
4692	12	012003	012002	96	7.0	1.0	0,000	true	[012003, 012000, 012005, 012001, 012004, 012007, 012006, 012002]
4693	12	012003	012002	97	5.0	1.0	0,000	true	[012003, 012000, 012005, 012001, 012006, 012002]
4694	12	012003	012002	98	5.0	1.0	0,000	true	[012003, 012000, 012005, 012001, 012006, 012004, 012002]
4695	12	012003	012002	99	5.0	1.0	0,000	true	[012003, 012000, 012005, 012001, 012006, 012004, 012007, 012002]
4696	12	012003	012002	100	5.0	1.0	0,000	true	[012003, 012000, 012005, 012001, 012006, 012007, 012002]
4697	12	012003	012002	101	5.0	1.0	0,290	true	[012003, 012002]
4698	13	013006	013007	0	7.0	2.0	0,000	true	[013006, 013001, 013000, 013002, 013003, 013005, 013004, 013008, 013007]
4699	13	013006	013007	1	7.0	2.0	0,000	true	[013006, 013001, 013000, 013002, 013003, 013005, 013007]
4700	13	013006	013007	2	6.0	2.0	0,000	true	[013006, 013001, 013000, 013002, 013003, 013005, 013008, 013007]
4701	13	013006	013007	3	7.0	3.0	0,000	true	[013006, 013001, 013000, 013002, 013003, 013007]
4702	13	013006	013007	4	7.0	1.0	0,000	true	[013006, 013001, 013000, 013002, 013003, 013008, 013004, 013005, 013007]
4703	13	013006	013007	5	6.0	1.0	0,000	true	[013006, 013001, 013000, 013002, 013003, 013008, 013005, 013007]
4704	13	013006	013007	6	7.0	1.0	0,000	true	[013006, 013001, 013000, 013002, 013003, 013008, 013007]
4705	13	013006	013007	7	7.0	2.0	0,000	true	[013006, 013001, 013000, 013002, 013004, 013005, 013003, 013007]
4706	13	013006	013007	8	7.0	1.0	0,000	true	[013006, 013001, 013000, 013002, 013004, 013005, 013003, 013008, 013007]
4707	13	013006	013007	9	7.0	3.0	0,000	true	[013006, 013001, 013000, 013002, 013004, 013005, 013007]
4708	13	013006	013007	10	6.0	1.0	0,000	true	[013006, 013001, 013000, 013002, 013004, 013005, 013008, 013003, 013007]
4709	13	013006	013007	11	6.0	2.0	0,000	true	[013006, 013001, 013000, 013002, 013004, 013005, 013008, 013007]
4710	13	013006	013007	12	7.0	1.0	0,000	true	[013006, 013001, 013000, 013002, 013004, 013008, 013003, 013005, 013007]
4711	13	013006	013007	13	7.0	1.0	0,000	true	[013006, 013001, 013000, 013002, 013004, 013008, 013003, 013007]
4712	13	013006	013007	14	6.0	2.0	0,000	true	[013006, 013001, 013000, 013002, 013004, 013008, 013005, 013003, 013007]
4713	13	013006	013007	15	6.0	3.0	0,000	true	[013006, 013001, 013000, 013002, 013004, 013008, 013005, 013007]
4714	13	013006	013007	16	7.0	2.0	0,000	true	[013006, 013001, 013000, 013002, 013004, 013008, 013007]
4715	13	013006	013007	17	5.0	2.0	0,000	true	[013006, 013001, 013000, 013002, 013005, 013003, 013007]
4716	13	013006	013007	18	5.0	1.0	0,000	true	[013006, 013001, 013000, 013002, 013005, 013003, 013008, 013007]
4717	13	013006	013007	19	5.0	1.0	0,000	true	[013006, 013001, 013000, 013002, 013005, 013004, 013008, 013003, 013007]
4718	13	013006	013007	20	5.0	2.0	0,000	true	[013006, 013001, 013000, 013002, 013005, 013004, 013008, 013007]
4719	13	013006	013007	21	5.0	3.0	0,000	true	[013006, 013001, 013000, 013002, 013005, 013007]
4720	13	013006	013007	22	5.0	1.0	0,000	true	[013006, 013001, 013000, 013002, 013005, 013008, 013003, 013007]
4721	13	013006	013007	23	5.0	2.0	0,000	true	[013006, 013001, 013000, 013002, 013005, 013008, 013007]
4722	13	013006	013007	24	7.0	3.0	0,002	true	[013006, 013001, 013000, 013002, 013007]
4723	13	013006	013007	25	7.0	1.0	0,000	true	[013006, 013001, 013000, 013002, 013008, 013003, 013005, 013007]
4724	13	013006	013007	26	7.0	1.0	0,000	true	[013006, 013001, 013000, 013002, 013008, 013003, 013007]
4725	13	013006	013007	27	7.0	2.0	0,000	true	[013006, 013001, 013000, 013002, 013008, 013004, 013005, 013003, 013007]
4726	13	013006	013007	28	7.0	3.0	0,000	true	[013006, 013001, 013000, 013002, 013008, 013004, 013005, 013007]
4727	13	013006	013007	29	6.0	2.0	0,000	true	[013006, 013001, 013000, 013002, 013008, 013005, 013003, 013007]
4728	13	013006	013007	30	6.0	3.0	0,000	true	[013006, 013001, 013000, 013002, 013008, 013005, 013007]
4729	13	013006	013007	31	7.0	2.0	0,000	true	[013006, 013001, 013000, 013002, 013008, 013007]
4730	13	013006	013007	32	7.0	3.0	0,000	true	[013006, 013001, 013000, 013003, 013002, 013004, 013005, 013007]
4731	13	013006	013007	33	6.0	2.0	0,000	true	[013006, 013001, 013000, 013003, 013002, 013004, 013005, 013008, 013007]
4732	13	013006	013007	34	6.0	3.0	0,000	true	[013006, 013001, 013000, 013003, 013002, 013004, 013008, 013005, 013007]
4733	13	013006	013007	35	7.0	2.0	0,000	true	[013006, 013001, 013000, 013003, 013002, 013004, 013008, 013007]
4734	13	013006	013007	36	5.0	2.0	0,000	true	[013006, 013001, 013000, 013003, 013002, 013005, 013004, 013008, 013007]
4735	13	013006	013007	37	5.0	3.0	0,000	true	[013006, 013001, 013000, 013003, 013002, 013005, 013007]
4736	13	013006	013007	38	5.0	2.0	0,000	true	[013006, 013001, 013000, 013003, 013002, 013005, 013008, 013007]
4737	13	013006	013007	39	7.0	3.0	0,000	true	[013006, 013001, 013000, 013003, 013002, 013007]
4738	13	013006	013007	40	7.0	3.0	0,000	true	[013006, 013001, 013000, 013003, 013002, 013008, 013004, 013005, 013007]
4739	13	013006	013007	41	6.0	3.0	0,000	true	[013006, 013001, 013000, 013003, 013002, 013008, 013005, 013007]
4740	13	013006	013007	42	7.0	2.0	0,000	true	[013006, 013001, 013000, 013003, 013002, 013008, 013007]
4741	13	013006	013007	43	5.0	2.0	0,000	true	[013006, 013001, 013000, 013003, 013005, 013002, 013004, 013008, 013007]
4742	13	013006	013007	44	5.0	2.0	0,000	true	[013006, 013001, 013000, 013003, 013005, 013002, 013007]
4743	13	013006	013007	45	5.0	2.0	0,000	true	[013006, 013001, 013000, 013003, 013005, 013002, 013008, 013007]
4744	13	013006	013007	46	7.0	2.0	0,000	true	[013006, 013001, 013000, 013003, 013005, 013004, 013002, 013007]
4745	13	013006	013007	47	7.0	2.0	0,000	true	[013006, 013001, 013000, 013003, 013005, 013004, 013002, 013008, 013007]
4746	13	013006	013007	48	7.0	2.0	0,000	true	[013006, 013001, 013000, 013003, 013005, 013004, 013008, 013002, 013007]
4747	13	013006	013007	49	7.0	2.0	0,000	true	[013006, 013001, 013000, 013003, 013005, 013004, 013008, 013007]
4748	13	013006	013007	50	7.0	2.0	0,000	true	[013006, 013001, 013000, 013003, 013005, 013007]
4749	13	013006	013007	51	6.0	2.0	0,000	true	[013006, 013001, 013000, 013003, 013005, 013008, 013002, 013007]
4750	13	013006	013007	52	6.0	2.0	0,000	true	[013006, 013001, 013000, 013003, 013005, 013008, 013004, 013002, 013007]
4751	13	013006	013007	53	6.0	2.0	0,000	true	[013006, 013001, 013000, 013003, 013005, 013008, 013007]
4752	13	013006	013007	54	7.0	3.0	0,002	true	[013006, 013001, 013000, 013003, 013007]
4753	13	013006	013007	55	7.0	1.0	0,000	true	[013006, 013001, 013000, 013003, 013008, 013002, 013004, 013005, 013007]
4754	13	013006	013007	56	5.0	1.0	0,000	true	[013006, 013001, 013000, 013003, 013008, 013002, 013005, 013007]
4755	13	013006	013007	57	7.0	1.0	0,000	true	[013006, 013001, 013000, 013003, 013008, 013002, 013007]
4756	13	013006	013007	58	5.0	1.0	0,000	true	[013006, 013001, 013000, 013003, 013008, 013004, 013002, 013005, 013007]
4757	13	013006	013007	59	7.0	1.0	0,000	true	[013006, 013001, 013000, 013003, 013008, 013004, 013002, 013007]
4758	13	013006	013007	60	5.0	1.0	0,000	true	[013006, 013001, 013000, 013003, 013008, 013004, 013005, 013002, 013007]
4759	13	013006	013007	61	7.0	1.0	0,000	true	[013006, 013001, 013000, 013003, 013008, 013004, 013005, 013007]
4760	13	013006	013007	62	5.0	1.0	0,000	true	[013006, 013001, 013000, 013003, 013008, 013005, 013002, 013007]
4761	13	013006	013007	63	6.0	1.0	0,000	true	[013006, 013001, 013000, 013003, 013008, 013005, 013004, 013002, 013007]
4762	13	013006	013007	64	6.0	1.0	0,000	true	[013006, 013001, 013000, 013003, 013008, 013005, 013007]
4763	13	013006	013007	65	7.0	1.0	0,000	true	[013006, 013001, 013000, 013003, 013008, 013007]
4764	13	013006	013007	66	5.0	3.0	0,000	true	[013006, 013001, 013000, 013005, 013002, 013003, 013007]
4765	13	013006	013007	67	5.0	1.0	0,000	true	[013006, 013001, 013000, 013005, 013002, 013003, 013008, 013007]
4766	13	013006	013007	68	5.0	1.0	0,000	true	[013006, 013001, 013000, 013005, 013002, 013004, 013008, 013003, 013007]
4767	13	013006	013007	69	5.0	2.0	0,000	true	[013006, 013001, 013000, 013005, 013002, 013004, 013008, 013007]
4768	13	013006	013007	70	5.0	3.0	0,000	true	[013006, 013001, 013000, 013005, 013002, 013007]
4769	13	013006	013007	71	5.0	1.0	0,000	true	[013006, 013001, 013000, 013005, 013002, 013008, 013003, 013007]
4770	13	013006	013007	72	5.0	2.0	0,000	true	[013006, 013001, 013000, 013005, 013002, 013008, 013007]
4771	13	013006	013007	73	7.0	2.0	0,000	true	[013006, 013001, 013000, 013005, 013003, 013002, 013004, 013008, 013007]
4772	13	013006	013007	74	9.0	2.0	0,000	true	[013006, 013001, 013000, 013005, 013003, 013002, 013007]
4773	13	013006	013007	75	7.0	2.0	0,000	true	[013006, 013001, 013000, 013005, 013003, 013002, 013008, 013007]
4774	13	013006	013007	76	10.0	2.0	0,000	true	[013006, 013001, 013000, 013005, 013003, 013007]
4775	13	013006	013007	77	7.0	1.0	0,000	true	[013006, 013001, 013000, 013005, 013003, 013008, 013002, 013007]
4776	13	013006	013007	78	7.0	1.0	0,000	true	[013006, 013001, 013000, 013005, 013003, 013008, 013004, 013002, 013007]
4777	13	013006	013007	79	7.0	1.0	0,000	true	[013006, 013001, 013000, 013005, 013003, 013008, 013007]
4778	13	013006	013007	80	8.0	3.0	0,000	true	[013006, 013001, 013000, 013005, 013004, 013002, 013003, 013007]
4779	13	013006	013007	81	7.0	1.0	0,000	true	[013006, 013001, 013000, 013005, 013004, 013002, 013003, 013008, 013007]
4780	13	013006	013007	82	8.0	3.0	0,000	true	[013006, 013001, 013000, 013005, 013004, 013002, 013007]
4781	13	013006	013007	83	7.0	1.0	0,000	true	[013006, 013001, 013000, 013005, 013004, 013002, 013008, 013003, 013007]
4782	13	013006	013007	84	7.0	2.0	0,000	true	[013006, 013001, 013000, 013005, 013004, 013002, 013008, 013007]
4783	13	013006	013007	85	7.0	3.0	0,000	true	[013006, 013001, 013000, 013005, 013004, 013008, 013002, 013003, 013007]
4784	13	013006	013007	86	7.0	3.0	0,000	true	[013006, 013001, 013000, 013005, 013004, 013008, 013002, 013007]
4785	13	013006	013007	87	7.0	1.0	0,000	true	[013006, 013001, 013000, 013005, 013004, 013008, 013003, 013002, 013007]
4786	13	013006	013007	88	7.0	1.0	0,000	true	[013006, 013001, 013000, 013005, 013004, 013008, 013003, 013007]
4787	13	013006	013007	89	7.0	2.0	0,000	true	[013006, 013001, 013000, 013005, 013004, 013008, 013007]
4788	13	013006	013007	90	7.0	3.0	0,000	true	[013006, 013001, 013000, 013005, 013007]
4789	13	013006	013007	91	6.0	3.0	0,000	true	[013006, 013001, 013000, 013005, 013008, 013002, 013003, 013007]
4790	13	013006	013007	92	6.0	3.0	0,000	true	[013006, 013001, 013000, 013005, 013008, 013002, 013007]
4791	13	013006	013007	93	6.0	1.0	0,000	true	[013006, 013001, 013000, 013005, 013008, 013003, 013002, 013007]
4792	13	013006	013007	94	6.0	1.0	0,000	true	[013006, 013001, 013000, 013005, 013008, 013003, 013007]
4793	13	013006	013007	95	6.0	3.0	0,000	true	[013006, 013001, 013000, 013005, 013008, 013004, 013002, 013003, 013007]
4794	13	013006	013007	96	6.0	3.0	0,000	true	[013006, 013001, 013000, 013005, 013008, 013004, 013002, 013007]
4795	13	013006	013007	97	6.0	2.0	0,000	true	[013006, 013001, 013000, 013005, 013008, 013007]
4796	13	013006	013007	98	12.0	3.0	0,005	true	[013006, 013001, 013000, 013007]
4797	13	013006	013007	99	7.0	2.0	0,000	true	[013006, 013001, 013003, 013000, 013002, 013004, 013005, 013007]
4798	13	013006	013007	100	6.0	2.0	0,000	true	[013006, 013001, 013003, 013000, 013002, 013004, 013005, 013008, 013007]
4799	13	013006	013007	101	7.0	2.0	0,002	true	[013006, 013001, 013003, 013000, 013002, 013007]
4800	13	013006	013007	102	7.0	2.0	0,006	true	[013006, 013001, 013003, 013000, 013007]
4801	13	013006	013007	103	11.0	2.0	0,014	true	[013006, 013001, 013003, 013007]
4802	13	013006	013007	104	9.0	5.0	0,043	true	[013006, 013001, 013007]
4803	13	013006	013007	105	10.0	1.0	0,240	true	[013006, 013007]
4804	-1	000005	001001	0	85.0	8.0	997,000	true	[000005, 001001]
4805	-1	000006	002005	0	55.0	4.0	996,000	true	[000006, 002005]
4806	-1	000003	007001	0	95.0	7.0	997,000	true	[000003, 007001]
4807	-1	001008	002001	0	85.0	4.0	995,000	true	[001008, 002001]
4808	-1	001006	003008	0	95.0	1.0	997,000	true	[001006, 003008]
4809	-1	002004	005003	0	75.0	6.0	996,000	true	[002004, 005003]
4810	-1	003000	004006	0	90.0	1.0	998,000	true	[003000, 004006]
4811	-1	003001	010008	0	70.0	3.0	997,000	true	[003001, 010008]
4812	-1	004002	005002	0	55.0	5.0	995,000	true	[004002, 005002]
4813	-1	004000	006005	0	95.0	2.0	997,000	true	[004000, 006005]
4814	-1	005000	009003	0	85.0	8.0	996,000	true	[005000, 009003]
4815	-1	005001	012003	0	75.0	4.0	995,000	true	[005001, 012003]
4816	-1	006008	007003	0	70.0	8.0	997,000	true	[006008, 007003]
4817	-1	007005	008000	0	80.0	1.0	997,000	true	[007005, 008000]
4818	-1	008006	009001	0	100.0	9.0	998,000	true	[008006, 009001]
4819	-1	008003	011004	0	75.0	5.0	998,000	true	[008003, 011004]
4820	-1	008004	013006	0	60.0	7.0	997,000	true	[008004, 013006]
4821	-1	010004	011002	0	90.0	3.0	997,000	true	[010004, 011002]
4822	-1	010003	013007	0	95.0	8.0	996,000	true	[010003, 013007]
4823	-1	011007	013001	0	55.0	1.0	995,000	true	[011007, 013001]
4824	-1	012002	013002	0	80.0	7.0	996,000	true	[012002, 013002]
