TransactionId	ASId	Ingress	Egress	PathletId	Bandwidth	Delay	Reliability	Status	Full Path
1105	0	000003	000006	0	7.0	3.0	0,867	true	[000003, 000000, 000001, 000002, 000004, 000005, 000006]
1106	0	000003	000006	1	7.0	3.0	0,903	true	[000003, 000000, 000001, 000002, 000004, 000006]
1107	0	000003	000006	2	7.0	3.0	0,913	true	[000003, 000000, 000001, 000004, 000005, 000006]
1108	0	000003	000006	3	7.0	3.0	0,950	true	[000003, 000000, 000001, 000004, 000006]
1109	0	000003	000006	4	7.0	3.0	0,876	true	[000003, 000000, 000001, 000005, 000004, 000006]
1110	0	000003	000006	5	7.0	3.0	0,894	true	[000003, 000000, 000001, 000005, 000006]
1111	0	000003	000006	6	7.0	4.0	0,884	true	[000003, 000000, 000004, 000001, 000005, 000006]
1112	0	000003	000006	7	7.0	4.0	0,840	true	[000003, 000000, 000004, 000002, 000001, 000005, 000006]
1113	0	000003	000006	8	7.0	4.0	0,903	true	[000003, 000000, 000004, 000005, 000006]
1114	0	000003	000006	9	7.0	7.0	0,941	true	[000003, 000000, 000004, 000006]
1115	0	000003	000006	10	7.0	6.0	0,885	true	[000003, 000000, 000005, 000001, 000002, 000004, 000006]
1116	0	000003	000006	11	7.0	5.0	0,931	true	[000003, 000000, 000005, 000001, 000004, 000006]
1117	0	000003	000006	12	7.0	8.0	0,951	true	[000003, 000000, 000005, 000004, 000006]
1118	0	000003	000006	13	7.0	4.0	0,970	true	[000003, 000000, 000005, 000006]
1119	0	000003	000006	14	7.0	8.0	1,000	true	[000003, 000000, 000006]
1120	0	000003	000006	15	30.0	3.0	0,867	true	[000003, 000001, 000000, 000004, 000005, 000006]
1121	0	000003	000006	16	40.0	3.0	0,903	true	[000003, 000001, 000000, 000004, 000006]
1122	0	000003	000006	17	30.0	3.0	0,913	true	[000003, 000001, 000000, 000005, 000004, 000006]
1123	0	000003	000006	18	33.0	3.0	0,931	true	[000003, 000001, 000000, 000005, 000006]
1124	0	000003	000006	19	7.0	3.0	0,960	true	[000003, 000001, 000000, 000006]
1125	0	000003	000006	20	21.0	4.0	0,876	true	[000003, 000001, 000002, 000004, 000000, 000005, 000006]
1126	0	000003	000006	21	7.0	6.0	0,903	true	[000003, 000001, 000002, 000004, 000000, 000006]
1127	0	000003	000006	22	7.0	6.0	0,912	true	[000003, 000001, 000002, 000004, 000005, 000000, 000006]
1128	0	000003	000006	23	21.0	4.0	0,903	true	[000003, 000001, 000002, 000004, 000005, 000006]
1129	0	000003	000006	24	21.0	6.0	0,941	true	[000003, 000001, 000002, 000004, 000006]
1130	0	000003	000006	25	33.0	4.0	0,922	true	[000003, 000001, 000004, 000000, 000005, 000006]
1131	0	000003	000006	26	7.0	5.0	0,950	true	[000003, 000001, 000004, 000000, 000006]
1132	0	000003	000006	27	7.0	5.0	0,960	true	[000003, 000001, 000004, 000005, 000000, 000006]
1133	0	000003	000006	28	30.0	4.0	0,951	true	[000003, 000001, 000004, 000005, 000006]
1134	0	000003	000006	29	52.0	5.0	0,990	true	[000003, 000001, 000004, 000006]
1135	0	000003	000006	30	38.0	7.0	0,885	true	[000003, 000001, 000005, 000000, 000004, 000006]
1136	0	000003	000006	31	7.0	7.0	0,941	true	[000003, 000001, 000005, 000000, 000006]
1137	0	000003	000006	32	7.0	7.0	0,875	true	[000003, 000001, 000005, 000004, 000000, 000006]
1138	0	000003	000006	33	30.0	7.0	0,912	true	[000003, 000001, 000005, 000004, 000006]
1139	0	000003	000006	34	33.0	4.0	0,931	true	[000003, 000001, 000005, 000006]
1140	0	000003	000006	35	21.0	3.0	0,824	true	[000003, 000002, 000001, 000000, 000004, 000005, 000006]
1141	0	000003	000006	36	21.0	3.0	0,858	true	[000003, 000002, 000001, 000000, 000004, 000006]
1142	0	000003	000006	37	21.0	3.0	0,867	true	[000003, 000002, 000001, 000000, 000005, 000004, 000006]
1143	0	000003	000006	38	21.0	3.0	0,885	true	[000003, 000002, 000001, 000000, 000005, 000006]
1144	0	000003	000006	39	7.0	3.0	0,912	true	[000003, 000002, 000001, 000000, 000006]
1145	0	000003	000006	40	21.0	4.0	0,876	true	[000003, 000002, 000001, 000004, 000000, 000005, 000006]
1146	0	000003	000006	41	7.0	5.0	0,903	true	[000003, 000002, 000001, 000004, 000000, 000006]
1147	0	000003	000006	42	7.0	5.0	0,912	true	[000003, 000002, 000001, 000004, 000005, 000000, 000006]
1148	0	000003	000006	43	21.0	4.0	0,903	true	[000003, 000002, 000001, 000004, 000005, 000006]
1149	0	000003	000006	44	21.0	5.0	0,941	true	[000003, 000002, 000001, 000004, 000006]
1150	0	000003	000006	45	21.0	6.0	0,840	true	[000003, 000002, 000001, 000005, 000000, 000004, 000006]
1151	0	000003	000006	46	7.0	6.0	0,893	true	[000003, 000002, 000001, 000005, 000000, 000006]
1152	0	000003	000006	47	7.0	6.0	0,832	true	[000003, 000002, 000001, 000005, 000004, 000000, 000006]
1153	0	000003	000006	48	21.0	6.0	0,867	true	[000003, 000002, 000001, 000005, 000004, 000006]
1154	0	000003	000006	49	21.0	4.0	0,884	true	[000003, 000002, 000001, 000005, 000006]
1155	0	000003	000006	50	33.0	3.0	0,766	true	[000003, 000002, 000004, 000000, 000001, 000005, 000006]
1156	0	000003	000006	51	33.0	4.0	0,832	true	[000003, 000002, 000004, 000000, 000005, 000006]
1157	0	000003	000006	52	7.0	7.0	0,857	true	[000003, 000002, 000004, 000000, 000006]
1158	0	000003	000006	53	33.0	3.0	0,841	true	[000003, 000002, 000004, 000001, 000000, 000005, 000006]
1159	0	000003	000006	54	7.0	3.0	0,866	true	[000003, 000002, 000004, 000001, 000000, 000006]
1160	0	000003	000006	55	7.0	5.0	0,849	true	[000003, 000002, 000004, 000001, 000005, 000000, 000006]
1161	0	000003	000006	56	33.0	4.0	0,840	true	[000003, 000002, 000004, 000001, 000005, 000006]
1162	0	000003	000006	57	7.0	8.0	0,867	true	[000003, 000002, 000004, 000005, 000000, 000006]
1163	0	000003	000006	58	7.0	3.0	0,798	true	[000003, 000002, 000004, 000005, 000001, 000000, 000006]
1164	0	000003	000006	59	30.0	4.0	0,858	true	[000003, 000002, 000004, 000005, 000006]
1165	0	000003	000006	60	47.0	8.0	0,893	true	[000003, 000002, 000004, 000006]
1166	0	000003	000006	61	21.0	3.0	0,894	true	[000003, 000005, 000000, 000001, 000002, 000004, 000006]
1167	0	000003	000006	62	40.0	3.0	0,941	true	[000003, 000005, 000000, 000001, 000004, 000006]
1168	0	000003	000006	63	47.0	7.0	0,931	true	[000003, 000005, 000000, 000004, 000006]
1169	0	000003	000006	64	7.0	9.0	0,990	true	[000003, 000005, 000000, 000006]
1170	0	000003	000006	65	38.0	3.0	0,858	true	[000003, 000005, 000001, 000000, 000004, 000006]
1171	0	000003	000006	66	7.0	3.0	0,912	true	[000003, 000005, 000001, 000000, 000006]
1172	0	000003	000006	67	7.0	6.0	0,857	true	[000003, 000005, 000001, 000002, 000004, 000000, 000006]
1173	0	000003	000006	68	21.0	6.0	0,893	true	[000003, 000005, 000001, 000002, 000004, 000006]
1174	0	000003	000006	69	7.0	5.0	0,903	true	[000003, 000005, 000001, 000004, 000000, 000006]
1175	0	000003	000006	70	38.0	5.0	0,941	true	[000003, 000005, 000001, 000004, 000006]
1176	0	000003	000006	71	7.0	7.0	0,922	true	[000003, 000005, 000004, 000000, 000006]
1177	0	000003	000006	72	7.0	3.0	0,931	true	[000003, 000005, 000004, 000001, 000000, 000006]
1178	0	000003	000006	73	7.0	3.0	0,885	true	[000003, 000005, 000004, 000002, 000001, 000000, 000006]
1179	0	000003	000006	74	30.0	8.0	0,960	true	[000003, 000005, 000004, 000006]
1180	0	000003	000006	75	33.0	4.0	0,980	true	[000003, 000005, 000006]
1181	0	000003	000002	76	7.0	3.0	0,960	true	[000003, 000000, 000001, 000002]
1182	0	000003	000002	77	7.0	3.0	0,912	true	[000003, 000000, 000001, 000004, 000002]
1183	0	000003	000002	78	7.0	3.0	0,840	true	[000003, 000000, 000001, 000005, 000004, 000002]
1184	0	000003	000002	79	7.0	3.0	0,841	true	[000003, 000000, 000001, 000005, 000006, 000004, 000002]
1185	0	000003	000002	80	7.0	5.0	0,950	true	[000003, 000000, 000004, 000001, 000002]
1186	0	000003	000002	81	7.0	7.0	0,903	true	[000003, 000000, 000004, 000002]
1187	0	000003	000002	82	7.0	6.0	0,875	true	[000003, 000000, 000004, 000005, 000001, 000002]
1188	0	000003	000002	83	7.0	4.0	0,876	true	[000003, 000000, 000004, 000006, 000005, 000001, 000002]
1189	0	000003	000002	84	7.0	6.0	0,941	true	[000003, 000000, 000005, 000001, 000002]
1190	0	000003	000002	85	7.0	5.0	0,893	true	[000003, 000000, 000005, 000001, 000004, 000002]
1191	0	000003	000002	86	7.0	5.0	0,960	true	[000003, 000000, 000005, 000004, 000001, 000002]
1192	0	000003	000002	87	7.0	8.0	0,912	true	[000003, 000000, 000005, 000004, 000002]
1193	0	000003	000002	88	7.0	4.0	0,960	true	[000003, 000000, 000005, 000006, 000004, 000001, 000002]
1194	0	000003	000002	89	7.0	4.0	0,912	true	[000003, 000000, 000005, 000006, 000004, 000002]
1195	0	000003	000002	90	7.0	5.0	0,990	true	[000003, 000000, 000006, 000004, 000001, 000002]
1196	0	000003	000002	91	7.0	8.0	0,941	true	[000003, 000000, 000006, 000004, 000002]
1197	0	000003	000002	92	7.0	6.0	0,912	true	[000003, 000000, 000006, 000004, 000005, 000001, 000002]
1198	0	000003	000002	93	7.0	4.0	0,931	true	[000003, 000000, 000006, 000005, 000001, 000002]
1199	0	000003	000002	94	7.0	4.0	0,884	true	[000003, 000000, 000006, 000005, 000001, 000004, 000002]
1200	0	000003	000002	95	7.0	4.0	0,951	true	[000003, 000000, 000006, 000005, 000004, 000001, 000002]
1201	0	000003	000002	96	7.0	4.0	0,903	true	[000003, 000000, 000006, 000005, 000004, 000002]
1202	0	000003	000002	97	40.0	3.0	0,866	true	[000003, 000001, 000000, 000004, 000002]
1203	0	000003	000002	98	30.0	3.0	0,876	true	[000003, 000001, 000000, 000005, 000004, 000002]
1204	0	000003	000002	99	33.0	3.0	0,876	true	[000003, 000001, 000000, 000005, 000006, 000004, 000002]
1205	0	000003	000002	100	7.0	3.0	0,903	true	[000003, 000001, 000000, 000006, 000004, 000002]
1206	0	000003	000002	101	21.0	6.0	1,000	true	[000003, 000001, 000002]
1207	0	000003	000002	102	47.0	9.0	0,950	true	[000003, 000002]
1208	1	001005	001002	0	25.0	5.0	1,000	true	[001005, 001000, 001001, 001002]
1209	1	001005	001002	1	11.0	5.0	0,922	true	[001005, 001000, 001001, 001003, 001004, 001002]
1210	1	001005	001002	2	11.0	5.0	0,931	true	[001005, 001000, 001001, 001003, 001004, 001006, 001002]
1211	1	001005	001002	3	14.0	5.0	0,922	true	[001005, 001000, 001001, 001003, 001006, 001002]
1212	1	001005	001002	4	15.0	5.0	0,876	true	[001005, 001000, 001001, 001003, 001006, 001004, 001002]
1213	1	001005	001002	5	14.0	5.0	0,990	true	[001005, 001000, 001001, 001006, 001002]
1214	1	001005	001002	6	11.0	5.0	0,931	true	[001005, 001000, 001001, 001006, 001003, 001004, 001002]
1215	1	001005	001002	7	25.0	5.0	0,941	true	[001005, 001000, 001001, 001006, 001004, 001002]
1216	1	001005	001002	8	34.0	3.0	0,990	true	[001005, 001000, 001002]
1217	1	001005	001002	9	14.0	5.0	0,912	true	[001005, 001000, 001003, 001001, 001002]
1218	1	001005	001002	10	14.0	5.0	0,903	true	[001005, 001000, 001003, 001001, 001006, 001002]
1219	1	001005	001002	11	14.0	5.0	0,858	true	[001005, 001000, 001003, 001001, 001006, 001004, 001002]
1220	1	001005	001002	12	11.0	5.0	0,912	true	[001005, 001000, 001003, 001004, 001002]
1221	1	001005	001002	13	11.0	5.0	0,931	true	[001005, 001000, 001003, 001004, 001006, 001001, 001002]
1222	1	001005	001002	14	11.0	5.0	0,922	true	[001005, 001000, 001003, 001004, 001006, 001002]
1223	1	001005	001002	15	14.0	5.0	0,922	true	[001005, 001000, 001003, 001006, 001001, 001002]
1224	1	001005	001002	16	14.0	5.0	0,912	true	[001005, 001000, 001003, 001006, 001002]
1225	1	001005	001002	17	14.0	5.0	0,867	true	[001005, 001000, 001003, 001006, 001004, 001002]
1226	1	001005	001002	18	18.0	7.0	0,960	true	[001005, 001000, 001006, 001001, 001002]
1227	1	001005	001002	19	11.0	5.0	0,885	true	[001005, 001000, 001006, 001001, 001003, 001004, 001002]
1228	1	001005	001002	20	14.0	9.0	0,950	true	[001005, 001000, 001006, 001002]
1229	1	001005	001002	21	15.0	6.0	0,894	true	[001005, 001000, 001006, 001003, 001001, 001002]
1230	1	001005	001002	22	11.0	5.0	0,894	true	[001005, 001000, 001006, 001003, 001004, 001002]
1231	1	001005	001002	23	18.0	5.0	0,903	true	[001005, 001000, 001006, 001004, 001002]
1232	1	001005	001002	24	11.0	5.0	0,903	true	[001005, 001000, 001006, 001004, 001003, 001001, 001002]
1233	1	001005	001002	25	10.0	5.0	0,912	true	[001005, 001003, 001000, 001001, 001002]
1234	1	001005	001002	26	10.0	5.0	0,903	true	[001005, 001003, 001000, 001001, 001006, 001002]
1235	1	001005	001002	27	10.0	5.0	0,858	true	[001005, 001003, 001000, 001001, 001006, 001004, 001002]
1236	1	001005	001002	28	10.0	3.0	0,903	true	[001005, 001003, 001000, 001002]
1237	1	001005	001002	29	10.0	5.0	0,876	true	[001005, 001003, 001000, 001006, 001001, 001002]
1238	1	001005	001002	30	10.0	5.0	0,867	true	[001005, 001003, 001000, 001006, 001002]
1239	1	001005	001002	31	10.0	5.0	0,824	true	[001005, 001003, 001000, 001006, 001004, 001002]
1240	1	001005	001002	32	10.0	3.0	0,912	true	[001005, 001003, 001001, 001000, 001002]
1241	1	001005	001002	33	10.0	5.0	0,876	true	[001005, 001003, 001001, 001000, 001006, 001002]
1242	1	001005	001002	34	10.0	5.0	0,832	true	[001005, 001003, 001001, 001000, 001006, 001004, 001002]
1243	1	001005	001002	35	10.0	6.0	0,922	true	[001005, 001003, 001001, 001002]
1244	1	001005	001002	36	10.0	3.0	0,876	true	[001005, 001003, 001001, 001006, 001000, 001002]
1245	1	001005	001002	37	10.0	6.0	0,912	true	[001005, 001003, 001001, 001006, 001002]
1246	1	001005	001002	38	10.0	5.0	0,867	true	[001005, 001003, 001001, 001006, 001004, 001002]
1247	1	001005	001002	39	10.0	5.0	0,922	true	[001005, 001003, 001004, 001002]
1248	1	001005	001002	40	10.0	5.0	0,903	true	[001005, 001003, 001004, 001006, 001000, 001001, 001002]
1249	1	001005	001002	41	10.0	3.0	0,894	true	[001005, 001003, 001004, 001006, 001000, 001002]
1250	1	001005	001002	42	10.0	3.0	0,931	true	[001005, 001003, 001004, 001006, 001001, 001000, 001002]
1251	1	001005	001002	43	10.0	5.0	0,941	true	[001005, 001003, 001004, 001006, 001001, 001002]
1252	1	001005	001002	44	10.0	5.0	0,931	true	[001005, 001003, 001004, 001006, 001002]
1253	1	001005	001002	45	10.0	5.0	0,894	true	[001005, 001003, 001006, 001000, 001001, 001002]
1254	1	001005	001002	46	10.0	3.0	0,885	true	[001005, 001003, 001006, 001000, 001002]
1255	1	001005	001002	47	10.0	3.0	0,922	true	[001005, 001003, 001006, 001001, 001000, 001002]
1256	1	001005	001002	48	10.0	7.0	0,931	true	[001005, 001003, 001006, 001001, 001002]
1257	1	001005	001002	49	10.0	8.0	0,922	true	[001005, 001003, 001006, 001002]
1258	1	001005	001002	50	10.0	5.0	0,876	true	[001005, 001003, 001006, 001004, 001002]
1259	1	001005	001002	51	16.0	5.0	0,960	true	[001005, 001004, 001002]
1260	1	001005	001002	52	11.0	5.0	0,950	true	[001005, 001004, 001003, 001000, 001001, 001002]
1261	1	001005	001002	53	11.0	5.0	0,941	true	[001005, 001004, 001003, 001000, 001001, 001006, 001002]
1262	1	001005	001002	54	11.0	3.0	0,941	true	[001005, 001004, 001003, 001000, 001002]
1263	1	001005	001002	55	11.0	5.0	0,912	true	[001005, 001004, 001003, 001000, 001006, 001001, 001002]
1264	1	001005	001002	56	11.0	5.0	0,903	true	[001005, 001004, 001003, 001000, 001006, 001002]
1265	1	001005	001002	57	11.0	3.0	0,950	true	[001005, 001004, 001003, 001001, 001000, 001002]
1266	1	001005	001002	58	11.0	5.0	0,912	true	[001005, 001004, 001003, 001001, 001000, 001006, 001002]
1267	1	001005	001002	59	11.0	5.0	0,960	true	[001005, 001004, 001003, 001001, 001002]
1268	1	001005	001002	60	11.0	3.0	0,912	true	[001005, 001004, 001003, 001001, 001006, 001000, 001002]
1269	1	001005	001002	61	11.0	5.0	0,950	true	[001005, 001004, 001003, 001001, 001006, 001002]
1270	1	001005	001002	62	11.0	5.0	0,931	true	[001005, 001004, 001003, 001006, 001000, 001001, 001002]
1271	1	001005	001002	63	11.0	3.0	0,922	true	[001005, 001004, 001003, 001006, 001000, 001002]
1272	1	001005	001002	64	11.0	3.0	0,960	true	[001005, 001004, 001003, 001006, 001001, 001000, 001002]
1273	1	001005	001002	65	11.0	5.0	0,970	true	[001005, 001004, 001003, 001006, 001001, 001002]
1274	1	001005	001002	66	11.0	5.0	0,960	true	[001005, 001004, 001003, 001006, 001002]
1275	1	001005	001002	67	16.0	5.0	0,941	true	[001005, 001004, 001006, 001000, 001001, 001002]
1276	1	001005	001002	68	16.0	3.0	0,931	true	[001005, 001004, 001006, 001000, 001002]
1277	1	001005	001002	69	14.0	5.0	0,858	true	[001005, 001004, 001006, 001000, 001003, 001001, 001002]
1278	1	001005	001002	70	16.0	3.0	0,970	true	[001005, 001004, 001006, 001001, 001000, 001002]
1279	1	001005	001002	71	16.0	5.0	0,980	true	[001005, 001004, 001006, 001001, 001002]
1280	1	001005	001002	72	14.0	3.0	0,885	true	[001005, 001004, 001006, 001001, 001003, 001000, 001002]
1281	1	001005	001002	73	14.0	5.0	0,970	true	[001005, 001004, 001006, 001002]
1282	1	001005	001002	74	14.0	5.0	0,903	true	[001005, 001004, 001006, 001003, 001000, 001001, 001002]
1283	1	001005	001002	75	14.0	3.0	0,894	true	[001005, 001004, 001006, 001003, 001000, 001002]
1284	1	001005	001002	76	15.0	3.0	0,903	true	[001005, 001004, 001006, 001003, 001001, 001000, 001002]
1285	1	001005	001002	77	15.0	5.0	0,913	true	[001005, 001004, 001006, 001003, 001001, 001002]
1286	1	001005	001002	78	12.0	3.0	0,912	true	[001005, 001006, 001000, 001001, 001002]
1287	1	001005	001002	79	11.0	3.0	0,840	true	[001005, 001006, 001000, 001001, 001003, 001004, 001002]
1288	1	001005	001002	80	12.0	3.0	0,903	true	[001005, 001006, 001000, 001002]
1289	1	001005	001002	81	12.0	3.0	0,832	true	[001005, 001006, 001000, 001003, 001001, 001002]
1290	1	001005	001002	82	11.0	3.0	0,832	true	[001005, 001006, 001000, 001003, 001004, 001002]
1291	1	001005	001002	83	12.0	3.0	0,941	true	[001005, 001006, 001001, 001000, 001002]
1292	1	001005	001002	84	11.0	3.0	0,866	true	[001005, 001006, 001001, 001000, 001003, 001004, 001002]
1293	1	001005	001002	85	12.0	3.0	0,950	true	[001005, 001006, 001001, 001002]
1294	1	001005	001002	86	12.0	3.0	0,858	true	[001005, 001006, 001001, 001003, 001000, 001002]
1295	1	001005	001002	87	11.0	3.0	0,876	true	[001005, 001006, 001001, 001003, 001004, 001002]
1296	1	001005	001002	88	12.0	3.0	0,941	true	[001005, 001006, 001002]
1297	1	001005	001002	89	12.0	3.0	0,875	true	[001005, 001006, 001003, 001000, 001001, 001002]
1298	1	001005	001002	90	12.0	3.0	0,867	true	[001005, 001006, 001003, 001000, 001002]
1299	1	001005	001002	91	12.0	3.0	0,876	true	[001005, 001006, 001003, 001001, 001000, 001002]
1300	1	001005	001002	92	12.0	3.0	0,885	true	[001005, 001006, 001003, 001001, 001002]
1301	1	001005	001002	93	11.0	3.0	0,885	true	[001005, 001006, 001003, 001004, 001002]
1302	1	001005	001002	94	12.0	3.0	0,894	true	[001005, 001006, 001004, 001002]
1303	1	001005	001002	95	11.0	3.0	0,884	true	[001005, 001006, 001004, 001003, 001000, 001001, 001002]
1304	1	001005	001002	96	11.0	3.0	0,876	true	[001005, 001006, 001004, 001003, 001000, 001002]
1305	1	001005	001002	97	11.0	3.0	0,885	true	[001005, 001006, 001004, 001003, 001001, 001000, 001002]
1306	1	001005	001002	98	11.0	3.0	0,894	true	[001005, 001006, 001004, 001003, 001001, 001002]
1307	1	001005	001006	99	11.0	5.0	0,931	true	[001005, 001000, 001001, 001002, 001004, 001003, 001006]
1308	1	001005	001006	100	25.0	5.0	0,941	true	[001005, 001000, 001001, 001002, 001004, 001006]
1309	1	001005	001006	101	14.0	5.0	0,990	true	[001005, 001000, 001001, 001002, 001006]
1310	1	001005	001006	102	25.0	5.0	1,000	true	[001005, 001000, 001001, 001006]
1311	1	001005	001006	103	18.0	9.0	0,960	true	[001005, 001000, 001006]
1312	1	001005	001006	104	12.0	3.0	0,950	true	[001005, 001006]
1313	2	002005	002003	0	8.0	4.0	0,922	true	[002005, 002002, 002001, 002000, 002003]
1314	2	002005	002003	1	8.0	4.0	0,894	true	[002005, 002002, 002001, 002000, 002004, 002003]
1315	2	002005	002003	2	7.0	3.0	0,885	true	[002005, 002002, 002001, 002000, 002004, 002006, 002003]
1316	2	002005	002003	3	7.0	4.0	0,885	true	[002005, 002002, 002001, 002000, 002006, 002003]
1317	2	002005	002003	4	8.0	3.0	0,894	true	[002005, 002002, 002001, 002000, 002006, 002004, 002003]
1318	2	002005	002003	5	8.0	3.0	0,941	true	[002005, 002002, 002001, 002003]
1319	2	002005	002003	6	8.0	5.0	0,931	true	[002005, 002002, 002001, 002004, 002000, 002003]
1320	2	002005	002003	7	7.0	5.0	0,894	true	[002005, 002002, 002001, 002004, 002000, 002006, 002003]
1321	2	002005	002003	8	8.0	5.0	0,922	true	[002005, 002002, 002001, 002004, 002003]
1322	2	002005	002003	9	8.0	3.0	0,931	true	[002005, 002002, 002001, 002004, 002006, 002000, 002003]
1323	2	002005	002003	10	7.0	3.0	0,912	true	[002005, 002002, 002001, 002004, 002006, 002003]
1324	2	002005	002003	11	8.0	5.0	0,912	true	[002005, 002002, 002001, 002006, 002000, 002003]
1325	2	002005	002003	12	8.0	5.0	0,885	true	[002005, 002002, 002001, 002006, 002000, 002004, 002003]
1326	2	002005	002003	13	7.0	5.0	0,894	true	[002005, 002002, 002001, 002006, 002003]
1327	2	002005	002003	14	8.0	3.0	0,912	true	[002005, 002002, 002001, 002006, 002004, 002000, 002003]
1328	2	002005	002003	15	8.0	3.0	0,903	true	[002005, 002002, 002001, 002006, 002004, 002003]
1329	2	002005	002003	16	38.0	4.0	0,941	true	[002005, 002002, 002003]
1330	2	002005	002003	17	16.0	3.0	0,894	true	[002005, 002002, 002004, 002000, 002001, 002003]
1331	2	002005	002003	18	7.0	4.0	0,850	true	[002005, 002002, 002004, 002000, 002001, 002006, 002003]
1332	2	002005	002003	19	12.0	5.0	0,931	true	[002005, 002002, 002004, 002000, 002003]
1333	2	002005	002003	20	18.0	3.0	0,885	true	[002005, 002002, 002004, 002000, 002006, 002001, 002003]
1334	2	002005	002003	21	7.0	5.0	0,894	true	[002005, 002002, 002004, 002000, 002006, 002003]
1335	2	002005	002003	22	12.0	4.0	0,903	true	[002005, 002002, 002004, 002001, 002000, 002003]
1336	2	002005	002003	23	7.0	4.0	0,867	true	[002005, 002002, 002004, 002001, 002000, 002006, 002003]
1337	2	002005	002003	24	18.0	3.0	0,922	true	[002005, 002002, 002004, 002001, 002003]
1338	2	002005	002003	25	12.0	5.0	0,894	true	[002005, 002002, 002004, 002001, 002006, 002000, 002003]
1339	2	002005	002003	26	7.0	5.0	0,876	true	[002005, 002002, 002004, 002001, 002006, 002003]
1340	2	002005	002003	27	18.0	5.0	0,922	true	[002005, 002002, 002004, 002003]
1341	2	002005	002003	28	16.0	3.0	0,894	true	[002005, 002002, 002004, 002006, 002000, 002001, 002003]
1342	2	002005	002003	29	12.0	3.0	0,931	true	[002005, 002002, 002004, 002006, 002000, 002003]
1343	2	002005	002003	30	12.0	3.0	0,885	true	[002005, 002002, 002004, 002006, 002001, 002000, 002003]
1344	2	002005	002003	31	18.0	3.0	0,903	true	[002005, 002002, 002004, 002006, 002001, 002003]
1345	2	002005	002003	32	7.0	3.0	0,912	true	[002005, 002002, 002004, 002006, 002003]
1346	2	002005	002003	33	16.0	3.0	0,858	true	[002005, 002002, 002006, 002000, 002001, 002003]
1347	2	002005	002003	34	16.0	3.0	0,841	true	[002005, 002002, 002006, 002000, 002001, 002004, 002003]
1348	2	002005	002003	35	12.0	3.0	0,893	true	[002005, 002002, 002006, 002000, 002003]
1349	2	002005	002003	36	24.0	3.0	0,867	true	[002005, 002002, 002006, 002000, 002004, 002001, 002003]
1350	2	002005	002003	37	19.0	3.0	0,867	true	[002005, 002002, 002006, 002000, 002004, 002003]
1351	2	002005	002003	38	12.0	3.0	0,849	true	[002005, 002002, 002006, 002001, 002000, 002003]
1352	2	002005	002003	39	16.0	3.0	0,824	true	[002005, 002002, 002006, 002001, 002000, 002004, 002003]
1353	2	002005	002003	40	35.0	3.0	0,867	true	[002005, 002002, 002006, 002001, 002003]
1354	2	002005	002003	41	12.0	3.0	0,858	true	[002005, 002002, 002006, 002001, 002004, 002000, 002003]
1355	2	002005	002003	42	19.0	3.0	0,849	true	[002005, 002002, 002006, 002001, 002004, 002003]
1356	2	002005	002003	43	7.0	3.0	0,875	true	[002005, 002002, 002006, 002003]
1357	2	002005	002003	44	16.0	3.0	0,858	true	[002005, 002002, 002006, 002004, 002000, 002001, 002003]
1358	2	002005	002003	45	12.0	3.0	0,893	true	[002005, 002002, 002006, 002004, 002000, 002003]
1359	2	002005	002003	46	12.0	3.0	0,867	true	[002005, 002002, 002006, 002004, 002001, 002000, 002003]
1360	2	002005	002003	47	38.0	3.0	0,885	true	[002005, 002002, 002006, 002004, 002001, 002003]
1361	2	002005	002003	48	19.0	3.0	0,884	true	[002005, 002002, 002006, 002004, 002003]
1362	2	002005	002003	49	8.0	4.0	0,903	true	[002005, 002004, 002000, 002001, 002002, 002003]
1363	2	002005	002003	50	7.0	3.0	0,841	true	[002005, 002004, 002000, 002001, 002002, 002006, 002003]
1364	2	002005	002003	51	16.0	3.0	0,903	true	[002005, 002004, 002000, 002001, 002003]
1365	2	002005	002003	52	16.0	3.0	0,832	true	[002005, 002004, 002000, 002001, 002006, 002002, 002003]
1366	2	002005	002003	53	7.0	4.0	0,858	true	[002005, 002004, 002000, 002001, 002006, 002003]
1367	2	002005	002003	54	12.0	5.0	0,941	true	[002005, 002004, 002000, 002003]
1368	2	002005	002003	55	8.0	4.0	0,894	true	[002005, 002004, 002000, 002006, 002001, 002002, 002003]
1369	2	002005	002003	56	24.0	3.0	0,894	true	[002005, 002004, 002000, 002006, 002001, 002003]
1370	2	002005	002003	57	8.0	3.0	0,876	true	[002005, 002004, 002000, 002006, 002002, 002001, 002003]
1371	2	002005	002003	58	24.0	3.0	0,876	true	[002005, 002004, 002000, 002006, 002002, 002003]
1372	2	002005	002003	59	7.0	5.0	0,903	true	[002005, 002004, 002000, 002006, 002003]
1373	2	002005	002003	60	12.0	4.0	0,912	true	[002005, 002004, 002001, 002000, 002003]
1374	2	002005	002003	61	16.0	3.0	0,849	true	[002005, 002004, 002001, 002000, 002006, 002002, 002003]
1375	2	002005	002003	62	7.0	4.0	0,876	true	[002005, 002004, 002001, 002000, 002006, 002003]
1376	2	002005	002003	63	8.0	4.0	0,931	true	[002005, 002004, 002001, 002002, 002003]
1377	2	002005	002003	64	8.0	3.0	0,885	true	[002005, 002004, 002001, 002002, 002006, 002000, 002003]
1378	2	002005	002003	65	7.0	3.0	0,867	true	[002005, 002004, 002001, 002002, 002006, 002003]
1379	2	002005	002003	66	28.0	3.0	0,931	true	[002005, 002004, 002001, 002003]
1380	2	002005	002003	67	12.0	5.0	0,903	true	[002005, 002004, 002001, 002006, 002000, 002003]
1381	2	002005	002003	68	28.0	3.0	0,858	true	[002005, 002004, 002001, 002006, 002002, 002003]
1382	2	002005	002003	69	7.0	5.0	0,885	true	[002005, 002004, 002001, 002006, 002003]
1383	2	002005	002003	70	8.0	4.0	0,912	true	[002005, 002004, 002002, 002001, 002000, 002003]
1384	2	002005	002003	71	7.0	4.0	0,876	true	[002005, 002004, 002002, 002001, 002000, 002006, 002003]
1385	2	002005	002003	72	8.0	3.0	0,931	true	[002005, 002004, 002002, 002001, 002003]
1386	2	002005	002003	73	8.0	5.0	0,903	true	[002005, 002004, 002002, 002001, 002006, 002000, 002003]
1387	2	002005	002003	74	7.0	5.0	0,885	true	[002005, 002004, 002002, 002001, 002006, 002003]
1388	2	002005	002003	75	18.0	4.0	0,931	true	[002005, 002004, 002002, 002003]
1389	2	002005	002003	76	16.0	3.0	0,849	true	[002005, 002004, 002002, 002006, 002000, 002001, 002003]
1390	2	002005	002003	77	12.0	3.0	0,885	true	[002005, 002004, 002002, 002006, 002000, 002003]
1391	2	002005	002003	78	12.0	3.0	0,841	true	[002005, 002004, 002002, 002006, 002001, 002000, 002003]
1392	2	002005	002003	79	18.0	3.0	0,858	true	[002005, 002004, 002002, 002006, 002001, 002003]
1393	2	002005	002003	80	7.0	3.0	0,867	true	[002005, 002004, 002002, 002006, 002003]
1394	2	002005	002003	81	19.0	5.0	0,931	true	[002005, 002004, 002003]
1395	2	002005	002003	82	8.0	3.0	0,903	true	[002005, 002004, 002006, 002000, 002001, 002002, 002003]
1396	2	002005	002003	83	16.0	3.0	0,903	true	[002005, 002004, 002006, 002000, 002001, 002003]
1397	2	002005	002003	84	12.0	3.0	0,941	true	[002005, 002004, 002006, 002000, 002003]
1398	2	002005	002003	85	12.0	3.0	0,894	true	[002005, 002004, 002006, 002001, 002000, 002003]
1399	2	002005	002003	86	8.0	3.0	0,912	true	[002005, 002004, 002006, 002001, 002002, 002003]
1400	2	002005	002003	87	28.0	3.0	0,912	true	[002005, 002004, 002006, 002001, 002003]
1401	2	002005	002003	88	8.0	3.0	0,875	true	[002005, 002004, 002006, 002002, 002001, 002000, 002003]
1402	2	002005	002003	89	8.0	3.0	0,893	true	[002005, 002004, 002006, 002002, 002001, 002003]
1403	2	002005	002003	90	28.0	3.0	0,893	true	[002005, 002004, 002006, 002002, 002003]
1404	2	002005	002003	91	7.0	3.0	0,922	true	[002005, 002004, 002006, 002003]
1405	2	002005	002003	92	8.0	4.0	0,903	true	[002005, 002006, 002000, 002001, 002002, 002003]
1406	2	002005	002003	93	8.0	4.0	0,885	true	[002005, 002006, 002000, 002001, 002002, 002004, 002003]
1407	2	002005	002003	94	16.0	3.0	0,903	true	[002005, 002006, 002000, 002001, 002003]
1408	2	002005	002003	95	16.0	4.0	0,885	true	[002005, 002006, 002000, 002001, 002004, 002002, 002003]
1409	2	002005	002003	96	16.0	4.0	0,885	true	[002005, 002006, 002000, 002001, 002004, 002003]
1410	2	002005	002003	97	12.0	7.0	0,941	true	[002005, 002006, 002000, 002003]
1411	2	002005	002003	98	8.0	4.0	0,913	true	[002005, 002006, 002000, 002004, 002001, 002002, 002003]
1412	2	002005	002003	99	19.0	3.0	0,913	true	[002005, 002006, 002000, 002004, 002001, 002003]
1413	2	002005	002003	100	8.0	3.0	0,913	true	[002005, 002006, 002000, 002004, 002002, 002001, 002003]
1414	2	002005	002003	101	18.0	4.0	0,913	true	[002005, 002006, 002000, 002004, 002002, 002003]
1415	2	002005	002003	102	19.0	5.0	0,912	true	[002005, 002006, 002000, 002004, 002003]
1416	2	002005	002003	103	7.0	5.0	0,922	true	[002005, 002006, 002003]
1417	3	003004	003003	0	15.0	6.0	0,941	true	[003004, 003001, 003002, 003003]
1418	3	003004	003003	1	15.0	4.0	0,960	true	[003004, 003001, 003002, 003005, 003003]
1419	3	003004	003003	2	15.0	3.0	0,867	true	[003004, 003001, 003002, 003005, 003006, 003000, 003003]
1420	3	003004	003003	3	15.0	3.0	0,904	true	[003004, 003001, 003002, 003005, 003006, 003003]
1421	3	003004	003003	4	15.0	3.0	0,850	true	[003004, 003001, 003002, 003006, 003000, 003003]
1422	3	003004	003003	5	15.0	3.0	0,885	true	[003004, 003001, 003002, 003006, 003003]
1423	3	003004	003003	6	15.0	4.0	0,885	true	[003004, 003001, 003002, 003006, 003005, 003003]
1424	3	003004	003003	7	15.0	6.0	0,980	true	[003004, 003001, 003003]
1425	3	003004	003003	8	15.0	4.0	0,951	true	[003004, 003001, 003005, 003002, 003003]
1426	3	003004	003003	9	15.0	3.0	0,858	true	[003004, 003001, 003005, 003002, 003006, 003000, 003003]
1427	3	003004	003003	10	15.0	3.0	0,894	true	[003004, 003001, 003005, 003002, 003006, 003003]
1428	3	003004	003003	11	15.0	5.0	0,970	true	[003004, 003001, 003005, 003003]
1429	3	003004	003003	12	15.0	3.0	0,876	true	[003004, 003001, 003005, 003006, 003000, 003003]
1430	3	003004	003003	13	15.0	4.0	0,876	true	[003004, 003001, 003005, 003006, 003002, 003003]
1431	3	003004	003003	14	15.0	3.0	0,913	true	[003004, 003001, 003005, 003006, 003003]
1432	3	003004	003003	15	39.0	4.0	0,941	true	[003004, 003002, 003001, 003003]
1433	3	003004	003003	16	39.0	4.0	0,931	true	[003004, 003002, 003001, 003005, 003003]
1434	3	003004	003003	17	16.0	3.0	0,841	true	[003004, 003002, 003001, 003005, 003006, 003000, 003003]
1435	3	003004	003003	18	16.0	3.0	0,876	true	[003004, 003002, 003001, 003005, 003006, 003003]
1436	3	003004	003003	19	18.0	4.0	0,941	true	[003004, 003002, 003003]
1437	3	003004	003003	20	41.0	4.0	0,950	true	[003004, 003002, 003005, 003001, 003003]
1438	3	003004	003003	21	62.0	4.0	0,960	true	[003004, 003002, 003005, 003003]
1439	3	003004	003003	22	16.0	3.0	0,867	true	[003004, 003002, 003005, 003006, 003000, 003003]
1440	3	003004	003003	23	16.0	3.0	0,903	true	[003004, 003002, 003005, 003006, 003003]
1441	3	003004	003003	24	40.0	3.0	0,849	true	[003004, 003002, 003006, 003000, 003003]
1442	3	003004	003003	25	40.0	3.0	0,885	true	[003004, 003002, 003006, 003003]
1443	3	003004	003003	26	16.0	4.0	0,876	true	[003004, 003002, 003006, 003005, 003001, 003003]
1444	3	003004	003003	27	16.0	4.0	0,885	true	[003004, 003002, 003006, 003005, 003003]
1445	3	003004	003003	28	9.0	7.0	0,960	true	[003004, 003003]
1446	3	003004	003003	29	50.0	3.0	0,922	true	[003004, 003006, 003000, 003003]
1447	3	003004	003003	30	39.0	4.0	0,922	true	[003004, 003006, 003002, 003001, 003003]
1448	3	003004	003003	31	39.0	4.0	0,912	true	[003004, 003006, 003002, 003001, 003005, 003003]
1449	3	003004	003003	32	18.0	4.0	0,922	true	[003004, 003006, 003002, 003003]
1450	3	003004	003003	33	40.0	4.0	0,931	true	[003004, 003006, 003002, 003005, 003001, 003003]
1451	3	003004	003003	34	40.0	4.0	0,941	true	[003004, 003006, 003002, 003005, 003003]
1452	3	003004	003003	35	51.0	3.0	0,960	true	[003004, 003006, 003003]
1453	3	003004	003003	36	16.0	5.0	0,913	true	[003004, 003006, 003005, 003001, 003002, 003003]
1454	3	003004	003003	37	16.0	5.0	0,951	true	[003004, 003006, 003005, 003001, 003003]
1455	3	003004	003003	38	16.0	4.0	0,941	true	[003004, 003006, 003005, 003002, 003001, 003003]
1456	3	003004	003003	39	16.0	4.0	0,941	true	[003004, 003006, 003005, 003002, 003003]
1457	3	003004	003003	40	16.0	5.0	0,960	true	[003004, 003006, 003005, 003003]
1458	3	003004	003001	41	15.0	6.0	0,980	true	[003004, 003001]
1459	3	003004	003001	42	39.0	4.0	0,941	true	[003004, 003002, 003001]
1460	3	003004	003001	43	16.0	3.0	0,841	true	[003004, 003002, 003003, 003000, 003006, 003005, 003001]
1461	3	003004	003001	44	18.0	4.0	0,941	true	[003004, 003002, 003003, 003001]
1462	3	003004	003001	45	18.0	4.0	0,931	true	[003004, 003002, 003003, 003005, 003001]
1463	3	003004	003001	46	16.0	3.0	0,876	true	[003004, 003002, 003003, 003006, 003005, 003001]
1464	3	003004	003001	47	43.0	4.0	0,950	true	[003004, 003002, 003005, 003001]
1465	3	003004	003001	48	41.0	4.0	0,960	true	[003004, 003002, 003005, 003003, 003001]
1466	3	003004	003001	49	16.0	3.0	0,867	true	[003004, 003002, 003005, 003006, 003000, 003003, 003001]
1467	3	003004	003001	50	16.0	3.0	0,903	true	[003004, 003002, 003005, 003006, 003003, 003001]
1468	3	003004	003001	51	40.0	3.0	0,849	true	[003004, 003002, 003006, 003000, 003003, 003001]
1469	3	003004	003001	52	40.0	3.0	0,841	true	[003004, 003002, 003006, 003000, 003003, 003005, 003001]
1470	3	003004	003001	53	40.0	3.0	0,885	true	[003004, 003002, 003006, 003003, 003001]
1471	3	003004	003001	54	40.0	3.0	0,876	true	[003004, 003002, 003006, 003003, 003005, 003001]
1472	3	003004	003001	55	16.0	4.0	0,876	true	[003004, 003002, 003006, 003005, 003001]
1473	3	003004	003001	56	16.0	4.0	0,885	true	[003004, 003002, 003006, 003005, 003003, 003001]
1474	3	003004	003001	57	9.0	3.0	0,832	true	[003004, 003003, 003000, 003006, 003002, 003001]
1475	3	003004	003001	58	9.0	3.0	0,841	true	[003004, 003003, 003000, 003006, 003002, 003005, 003001]
1476	3	003004	003001	59	9.0	3.0	0,858	true	[003004, 003003, 003000, 003006, 003005, 003001]
1477	3	003004	003001	60	9.0	3.0	0,850	true	[003004, 003003, 003000, 003006, 003005, 003002, 003001]
1478	3	003004	003001	61	9.0	7.0	0,960	true	[003004, 003003, 003001]
1479	3	003004	003001	62	9.0	6.0	0,922	true	[003004, 003003, 003002, 003001]
1480	3	003004	003001	63	9.0	4.0	0,931	true	[003004, 003003, 003002, 003005, 003001]
1481	3	003004	003001	64	9.0	4.0	0,858	true	[003004, 003003, 003002, 003006, 003005, 003001]
1482	3	003004	003001	65	9.0	5.0	0,950	true	[003004, 003003, 003005, 003001]
1483	3	003004	003001	66	9.0	4.0	0,941	true	[003004, 003003, 003005, 003002, 003001]
1484	3	003004	003001	67	9.0	4.0	0,867	true	[003004, 003003, 003005, 003006, 003002, 003001]
1485	3	003004	003001	68	9.0	3.0	0,867	true	[003004, 003003, 003006, 003002, 003001]
1486	3	003004	003001	69	9.0	3.0	0,876	true	[003004, 003003, 003006, 003002, 003005, 003001]
1487	3	003004	003001	70	9.0	3.0	0,894	true	[003004, 003003, 003006, 003005, 003001]
1488	3	003004	003001	71	9.0	3.0	0,885	true	[003004, 003003, 003006, 003005, 003002, 003001]
1489	3	003004	003001	72	41.0	3.0	0,922	true	[003004, 003006, 003000, 003003, 003001]
1490	3	003004	003001	73	18.0	3.0	0,885	true	[003004, 003006, 003000, 003003, 003002, 003001]
1491	3	003004	003001	74	18.0	3.0	0,894	true	[003004, 003006, 003000, 003003, 003002, 003005, 003001]
1492	3	003004	003001	75	43.0	3.0	0,913	true	[003004, 003006, 003000, 003003, 003005, 003001]
1493	3	003004	003001	76	39.0	3.0	0,903	true	[003004, 003006, 003000, 003003, 003005, 003002, 003001]
1494	3	003004	003001	77	39.0	4.0	0,922	true	[003004, 003006, 003002, 003001]
1495	3	003004	003001	78	18.0	4.0	0,922	true	[003004, 003006, 003002, 003003, 003001]
1496	3	003004	003001	79	18.0	4.0	0,912	true	[003004, 003006, 003002, 003003, 003005, 003001]
1497	3	003004	003001	80	40.0	4.0	0,931	true	[003004, 003006, 003002, 003005, 003001]
1498	3	003004	003001	81	40.0	4.0	0,941	true	[003004, 003006, 003002, 003005, 003003, 003001]
1499	3	003004	003001	82	41.0	3.0	0,960	true	[003004, 003006, 003003, 003001]
1500	3	003004	003001	83	18.0	3.0	0,922	true	[003004, 003006, 003003, 003002, 003001]
1501	3	003004	003001	84	18.0	3.0	0,932	true	[003004, 003006, 003003, 003002, 003005, 003001]
1502	3	003004	003001	85	43.0	3.0	0,951	true	[003004, 003006, 003003, 003005, 003001]
1503	3	003004	003001	86	39.0	3.0	0,941	true	[003004, 003006, 003003, 003005, 003002, 003001]
1504	3	003004	003001	87	16.0	5.0	0,951	true	[003004, 003006, 003005, 003001]
1505	3	003004	003001	88	16.0	4.0	0,941	true	[003004, 003006, 003005, 003002, 003001]
1506	3	003004	003001	89	16.0	4.0	0,941	true	[003004, 003006, 003005, 003002, 003003, 003001]
1507	3	003004	003001	90	16.0	5.0	0,960	true	[003004, 003006, 003005, 003003, 003001]
1508	3	003004	003001	91	16.0	5.0	0,922	true	[003004, 003006, 003005, 003003, 003002, 003001]
1509	3	003003	003001	92	39.0	3.0	0,867	true	[003003, 003000, 003006, 003002, 003001]
1510	3	003003	003001	93	15.0	3.0	0,832	true	[003003, 003000, 003006, 003002, 003004, 003001]
1511	3	003003	003001	94	40.0	3.0	0,876	true	[003003, 003000, 003006, 003002, 003005, 003001]
1512	3	003003	003001	95	15.0	3.0	0,903	true	[003003, 003000, 003006, 003004, 003001]
1513	3	003003	003001	96	39.0	3.0	0,867	true	[003003, 003000, 003006, 003004, 003002, 003001]
1514	3	003003	003001	97	43.0	3.0	0,876	true	[003003, 003000, 003006, 003004, 003002, 003005, 003001]
1515	3	003003	003001	98	16.0	3.0	0,894	true	[003003, 003000, 003006, 003005, 003001]
1516	3	003003	003001	99	16.0	3.0	0,885	true	[003003, 003000, 003006, 003005, 003002, 003001]
1517	3	003003	003001	100	15.0	3.0	0,850	true	[003003, 003000, 003006, 003005, 003002, 003004, 003001]
1518	3	003003	003001	101	41.0	8.0	1,000	true	[003003, 003001]
1519	4	004000	004005	0	39.0	4.0	0,876	true	[004000, 004001, 004002, 004004, 004005]
1520	4	004000	004005	1	61.0	4.0	0,922	true	[004000, 004001, 004002, 004005]
1521	4	004000	004005	2	8.0	4.0	0,885	true	[004000, 004001, 004002, 004006, 004003, 004005]
1522	4	004000	004005	3	46.0	4.0	0,922	true	[004000, 004001, 004004, 004002, 004005]
1523	4	004000	004005	4	8.0	5.0	0,886	true	[004000, 004001, 004004, 004002, 004006, 004003, 004005]
1524	4	004000	004005	5	39.0	5.0	0,912	true	[004000, 004001, 004004, 004005]
1525	4	004000	004005	6	8.0	5.0	0,885	true	[004000, 004001, 004006, 004002, 004004, 004005]
1526	4	004000	004005	7	8.0	4.0	0,932	true	[004000, 004001, 004006, 004002, 004005]
1527	4	004000	004005	8	34.0	5.0	0,951	true	[004000, 004001, 004006, 004003, 004005]
1528	4	004000	004005	9	39.0	3.0	0,858	true	[004000, 004002, 004001, 004004, 004005]
1529	4	004000	004005	10	34.0	3.0	0,894	true	[004000, 004002, 004001, 004006, 004003, 004005]
1530	4	004000	004005	11	34.0	3.0	0,895	true	[004000, 004002, 004004, 004001, 004006, 004003, 004005]
1531	4	004000	004005	12	39.0	3.0	0,894	true	[004000, 004002, 004004, 004005]
1532	4	004000	004005	13	54.0	3.0	0,941	true	[004000, 004002, 004005]
1533	4	004000	004005	14	8.0	3.0	0,867	true	[004000, 004002, 004006, 004001, 004004, 004005]
1534	4	004000	004005	15	8.0	3.0	0,903	true	[004000, 004002, 004006, 004003, 004005]
1535	4	004000	004005	16	20.0	3.0	0,960	true	[004000, 004003, 004005]
1536	4	004000	004005	17	20.0	3.0	0,850	true	[004000, 004003, 004006, 004001, 004002, 004004, 004005]
1537	4	004000	004005	18	20.0	3.0	0,894	true	[004000, 004003, 004006, 004001, 004002, 004005]
1538	4	004000	004005	19	20.0	3.0	0,895	true	[004000, 004003, 004006, 004001, 004004, 004002, 004005]
1539	4	004000	004005	20	20.0	3.0	0,885	true	[004000, 004003, 004006, 004001, 004004, 004005]
1540	4	004000	004005	21	8.0	3.0	0,824	true	[004000, 004003, 004006, 004002, 004001, 004004, 004005]
1541	4	004000	004005	22	8.0	3.0	0,858	true	[004000, 004003, 004006, 004002, 004004, 004005]
1542	4	004000	004005	23	8.0	3.0	0,904	true	[004000, 004003, 004006, 004002, 004005]
1543	4	004000	004005	24	14.0	4.0	0,867	true	[004000, 004006, 004001, 004002, 004004, 004005]
1544	4	004000	004005	25	14.0	4.0	0,913	true	[004000, 004006, 004001, 004002, 004005]
1545	4	004000	004005	26	14.0	4.0	0,913	true	[004000, 004006, 004001, 004004, 004002, 004005]
1546	4	004000	004005	27	14.0	5.0	0,903	true	[004000, 004006, 004001, 004004, 004005]
1547	4	004000	004005	28	8.0	4.0	0,841	true	[004000, 004006, 004002, 004001, 004004, 004005]
1548	4	004000	004005	29	8.0	5.0	0,876	true	[004000, 004006, 004002, 004004, 004005]
1549	4	004000	004005	30	8.0	4.0	0,922	true	[004000, 004006, 004002, 004005]
1550	4	004000	004005	31	14.0	5.0	0,941	true	[004000, 004006, 004003, 004005]
1551	4	004000	004002	32	61.0	4.0	0,941	true	[004000, 004001, 004002]
1552	4	004000	004002	33	46.0	5.0	0,941	true	[004000, 004001, 004004, 004002]
1553	4	004000	004002	34	39.0	4.0	0,894	true	[004000, 004001, 004004, 004005, 004002]
1554	4	004000	004002	35	8.0	5.0	0,859	true	[004000, 004001, 004004, 004005, 004003, 004006, 004002]
1555	4	004000	004002	36	8.0	5.0	0,951	true	[004000, 004001, 004006, 004002]
1556	4	004000	004002	37	34.0	4.0	0,932	true	[004000, 004001, 004006, 004003, 004005, 004002]
1557	4	004000	004002	38	34.0	5.0	0,885	true	[004000, 004001, 004006, 004003, 004005, 004004, 004002]
1558	4	004000	004002	39	54.0	3.0	0,960	true	[004000, 004002]
1559	4	004000	004002	40	20.0	3.0	0,941	true	[004000, 004003, 004005, 004002]
1560	4	004000	004002	41	20.0	3.0	0,858	true	[004000, 004003, 004005, 004004, 004001, 004002]
1561	4	004000	004002	42	8.0	3.0	0,867	true	[004000, 004003, 004005, 004004, 004001, 004006, 004002]
1562	4	004000	004002	43	20.0	3.0	0,894	true	[004000, 004003, 004005, 004004, 004002]
1563	4	004000	004002	44	20.0	3.0	0,913	true	[004000, 004003, 004006, 004001, 004002]
1564	4	004000	004002	45	20.0	3.0	0,913	true	[004000, 004003, 004006, 004001, 004004, 004002]
1565	4	004000	004002	46	20.0	3.0	0,867	true	[004000, 004003, 004006, 004001, 004004, 004005, 004002]
1566	4	004000	004002	47	8.0	3.0	0,922	true	[004000, 004003, 004006, 004002]
1567	4	004000	004002	48	14.0	4.0	0,931	true	[004000, 004006, 004001, 004002]
1568	4	004000	004002	49	14.0	5.0	0,932	true	[004000, 004006, 004001, 004004, 004002]
1569	4	004000	004002	50	14.0	4.0	0,885	true	[004000, 004006, 004001, 004004, 004005, 004002]
1570	4	004000	004002	51	8.0	5.0	0,941	true	[004000, 004006, 004002]
1571	4	004000	004002	52	14.0	4.0	0,922	true	[004000, 004006, 004003, 004005, 004002]
1572	4	004000	004002	53	14.0	4.0	0,841	true	[004000, 004006, 004003, 004005, 004004, 004001, 004002]
1573	4	004000	004002	54	14.0	5.0	0,876	true	[004000, 004006, 004003, 004005, 004004, 004002]
1574	4	004005	004002	55	65.0	4.0	0,980	true	[004005, 004002]
1575	4	004005	004002	56	20.0	3.0	0,903	true	[004005, 004003, 004000, 004001, 004002]
1576	4	004005	004002	57	20.0	3.0	0,904	true	[004005, 004003, 004000, 004001, 004004, 004002]
1577	4	004005	004002	58	8.0	3.0	0,913	true	[004005, 004003, 004000, 004001, 004006, 004002]
1578	4	004005	004002	59	20.0	3.0	0,922	true	[004005, 004003, 004000, 004002]
1579	4	004005	004002	60	14.0	3.0	0,894	true	[004005, 004003, 004000, 004006, 004001, 004002]
1580	4	004005	004002	61	14.0	3.0	0,895	true	[004005, 004003, 004000, 004006, 004001, 004004, 004002]
1581	4	004005	004002	62	8.0	3.0	0,904	true	[004005, 004003, 004000, 004006, 004002]
1582	4	004005	004002	63	14.0	4.0	0,885	true	[004005, 004003, 004006, 004000, 004001, 004002]
1583	4	004005	004002	64	14.0	5.0	0,886	true	[004005, 004003, 004006, 004000, 004001, 004004, 004002]
1584	4	004005	004002	65	14.0	3.0	0,903	true	[004005, 004003, 004006, 004000, 004002]
1585	4	004005	004002	66	34.0	3.0	0,913	true	[004005, 004003, 004006, 004001, 004000, 004002]
1586	4	004005	004002	67	34.0	4.0	0,931	true	[004005, 004003, 004006, 004001, 004002]
1587	4	004005	004002	68	34.0	5.0	0,932	true	[004005, 004003, 004006, 004001, 004004, 004002]
1588	4	004005	004002	69	8.0	5.0	0,941	true	[004005, 004003, 004006, 004002]
1589	4	004005	004002	70	39.0	3.0	0,876	true	[004005, 004004, 004001, 004000, 004002]
1590	4	004005	004002	71	8.0	3.0	0,841	true	[004005, 004004, 004001, 004000, 004003, 004006, 004002]
1591	4	004005	004002	72	8.0	5.0	0,858	true	[004005, 004004, 004001, 004000, 004006, 004002]
1592	4	004005	004002	73	39.0	4.0	0,894	true	[004005, 004004, 004001, 004002]
1593	4	004005	004002	74	14.0	3.0	0,867	true	[004005, 004004, 004001, 004006, 004000, 004002]
1594	4	004005	004002	75	8.0	5.0	0,903	true	[004005, 004004, 004001, 004006, 004002]
1595	4	004005	004002	76	20.0	3.0	0,850	true	[004005, 004004, 004001, 004006, 004003, 004000, 004002]
1596	4	004005	004002	77	39.0	8.0	0,931	true	[004005, 004004, 004002]
1597	5	005005	005003	0	33.0	7.0	0,931	true	[005005, 005000, 005001, 005002, 005003]
1598	5	005005	005003	1	12.0	5.0	0,876	true	[005005, 005000, 005001, 005002, 005006, 005003]
1599	5	005005	005003	2	13.0	5.0	0,885	true	[005005, 005000, 005001, 005002, 005006, 005004, 005003]
1600	5	005005	005003	3	33.0	6.0	0,922	true	[005005, 005000, 005001, 005003]
1601	5	005005	005003	4	7.0	3.0	0,931	true	[005005, 005000, 005001, 005004, 005003]
1602	5	005005	005003	5	7.0	3.0	0,867	true	[005005, 005000, 005001, 005004, 005006, 005002, 005003]
1603	5	005005	005003	6	7.0	3.0	0,903	true	[005005, 005000, 005001, 005004, 005006, 005003]
1604	5	005005	005003	7	33.0	5.0	0,858	true	[005005, 005000, 005001, 005006, 005002, 005003]
1605	5	005005	005003	8	12.0	7.0	0,894	true	[005005, 005000, 005001, 005006, 005003]
1606	5	005005	005003	9	13.0	7.0	0,903	true	[005005, 005000, 005001, 005006, 005004, 005003]
1607	5	005005	005003	10	43.0	7.0	0,970	true	[005005, 005000, 005003]
1608	5	005005	005003	11	7.0	3.0	0,922	true	[005005, 005000, 005004, 005001, 005002, 005003]
1609	5	005005	005003	12	7.0	3.0	0,867	true	[005005, 005000, 005004, 005001, 005002, 005006, 005003]
1610	5	005005	005003	13	7.0	3.0	0,913	true	[005005, 005000, 005004, 005001, 005003]
1611	5	005005	005003	14	7.0	3.0	0,849	true	[005005, 005000, 005004, 005001, 005006, 005002, 005003]
1612	5	005005	005003	15	7.0	3.0	0,885	true	[005005, 005000, 005004, 005001, 005006, 005003]
1613	5	005005	005003	16	44.0	8.0	0,980	true	[005005, 005000, 005004, 005003]
1614	5	005005	005003	17	13.0	7.0	0,894	true	[005005, 005000, 005004, 005006, 005001, 005002, 005003]
1615	5	005005	005003	18	13.0	6.0	0,885	true	[005005, 005000, 005004, 005006, 005001, 005003]
1616	5	005005	005003	19	13.0	5.0	0,867	true	[005005, 005000, 005004, 005006, 005002, 005001, 005003]
1617	5	005005	005003	20	13.0	5.0	0,912	true	[005005, 005000, 005004, 005006, 005002, 005003]
1618	5	005005	005003	21	12.0	8.0	0,951	true	[005005, 005000, 005004, 005006, 005003]
1619	5	005005	005003	22	25.0	7.0	0,922	true	[005005, 005001, 005000, 005003]
1620	5	005005	005003	23	25.0	7.0	0,931	true	[005005, 005001, 005000, 005004, 005003]
1621	5	005005	005003	24	13.0	5.0	0,867	true	[005005, 005001, 005000, 005004, 005006, 005002, 005003]
1622	5	005005	005003	25	12.0	7.0	0,904	true	[005005, 005001, 005000, 005004, 005006, 005003]
1623	5	005005	005003	26	25.0	7.0	0,960	true	[005005, 005001, 005002, 005003]
1624	5	005005	005003	27	12.0	5.0	0,903	true	[005005, 005001, 005002, 005006, 005003]
1625	5	005005	005003	28	13.0	5.0	0,867	true	[005005, 005001, 005002, 005006, 005004, 005000, 005003]
1626	5	005005	005003	29	13.0	5.0	0,912	true	[005005, 005001, 005002, 005006, 005004, 005003]
1627	5	005005	005003	30	25.0	6.0	0,950	true	[005005, 005001, 005003]
1628	5	005005	005003	31	7.0	3.0	0,913	true	[005005, 005001, 005004, 005000, 005003]
1629	5	005005	005003	32	7.0	3.0	0,960	true	[005005, 005001, 005004, 005003]
1630	5	005005	005003	33	7.0	3.0	0,894	true	[005005, 005001, 005004, 005006, 005002, 005003]
1631	5	005005	005003	34	7.0	3.0	0,932	true	[005005, 005001, 005004, 005006, 005003]
1632	5	005005	005003	35	25.0	5.0	0,885	true	[005005, 005001, 005006, 005002, 005003]
1633	5	005005	005003	36	12.0	7.0	0,922	true	[005005, 005001, 005006, 005003]
1634	5	005005	005003	37	13.0	7.0	0,885	true	[005005, 005001, 005006, 005004, 005000, 005003]
1635	5	005005	005003	38	13.0	7.0	0,931	true	[005005, 005001, 005006, 005004, 005003]
1636	5	005005	005003	39	33.0	7.0	0,903	true	[005005, 005002, 005001, 005000, 005003]
1637	5	005005	005003	40	33.0	7.0	0,913	true	[005005, 005002, 005001, 005000, 005004, 005003]
1638	5	005005	005003	41	12.0	7.0	0,886	true	[005005, 005002, 005001, 005000, 005004, 005006, 005003]
1639	5	005005	005003	42	56.0	6.0	0,931	true	[005005, 005002, 005001, 005003]
1640	5	005005	005003	43	7.0	3.0	0,895	true	[005005, 005002, 005001, 005004, 005000, 005003]
1641	5	005005	005003	44	7.0	3.0	0,941	true	[005005, 005002, 005001, 005004, 005003]
1642	5	005005	005003	45	7.0	3.0	0,913	true	[005005, 005002, 005001, 005004, 005006, 005003]
1643	5	005005	005003	46	12.0	7.0	0,903	true	[005005, 005002, 005001, 005006, 005003]
1644	5	005005	005003	47	13.0	7.0	0,867	true	[005005, 005002, 005001, 005006, 005004, 005000, 005003]
1645	5	005005	005003	48	13.0	7.0	0,912	true	[005005, 005002, 005001, 005006, 005004, 005003]
1646	5	005005	005003	49	57.0	7.0	0,980	true	[005005, 005002, 005003]
1647	5	005005	005003	50	33.0	5.0	0,832	true	[005005, 005002, 005006, 005001, 005000, 005003]
1648	5	005005	005003	51	33.0	5.0	0,841	true	[005005, 005002, 005006, 005001, 005000, 005004, 005003]
1649	5	005005	005003	52	33.0	5.0	0,858	true	[005005, 005002, 005006, 005001, 005003]
1650	5	005005	005003	53	7.0	3.0	0,824	true	[005005, 005002, 005006, 005001, 005004, 005000, 005003]
1651	5	005005	005003	54	7.0	3.0	0,867	true	[005005, 005002, 005006, 005001, 005004, 005003]
1652	5	005005	005003	55	12.0	5.0	0,922	true	[005005, 005002, 005006, 005003]
1653	5	005005	005003	56	13.0	5.0	0,841	true	[005005, 005002, 005006, 005004, 005000, 005001, 005003]
1654	5	005005	005003	57	13.0	5.0	0,885	true	[005005, 005002, 005006, 005004, 005000, 005003]
1655	5	005005	005003	58	7.0	3.0	0,841	true	[005005, 005002, 005006, 005004, 005001, 005000, 005003]
1656	5	005005	005003	59	7.0	3.0	0,867	true	[005005, 005002, 005006, 005004, 005001, 005003]
1657	5	005005	005003	60	13.0	5.0	0,931	true	[005005, 005002, 005006, 005004, 005003]
1658	5	005005	005003	61	12.0	10.0	0,960	true	[005005, 005003]
1659	5	005005	005003	62	33.0	7.0	0,840	true	[005005, 005006, 005001, 005000, 005003]
1660	5	005005	005003	63	33.0	7.0	0,849	true	[005005, 005006, 005001, 005000, 005004, 005003]
1661	5	005005	005003	64	33.0	7.0	0,876	true	[005005, 005006, 005001, 005002, 005003]
1662	5	005005	005003	65	33.0	6.0	0,866	true	[005005, 005006, 005001, 005003]
1663	5	005005	005003	66	7.0	3.0	0,832	true	[005005, 005006, 005001, 005004, 005000, 005003]
1664	5	005005	005003	67	7.0	3.0	0,875	true	[005005, 005006, 005001, 005004, 005003]
1665	5	005005	005003	68	33.0	5.0	0,824	true	[005005, 005006, 005002, 005001, 005000, 005003]
1666	5	005005	005003	69	33.0	5.0	0,832	true	[005005, 005006, 005002, 005001, 005000, 005004, 005003]
1667	5	005005	005003	70	50.0	5.0	0,849	true	[005005, 005006, 005002, 005001, 005003]
1668	5	005005	005003	71	7.0	3.0	0,816	true	[005005, 005006, 005002, 005001, 005004, 005000, 005003]
1669	5	005005	005003	72	7.0	3.0	0,858	true	[005005, 005006, 005002, 005001, 005004, 005003]
1670	5	005005	005003	73	50.0	5.0	0,893	true	[005005, 005006, 005002, 005003]
1671	5	005005	005003	74	12.0	8.0	0,931	true	[005005, 005006, 005003]
1672	5	005005	005003	75	13.0	7.0	0,858	true	[005005, 005006, 005004, 005000, 005001, 005002, 005003]
1673	5	005005	005003	76	13.0	6.0	0,849	true	[005005, 005006, 005004, 005000, 005001, 005003]
1674	5	005005	005003	77	13.0	7.0	0,894	true	[005005, 005006, 005004, 005000, 005003]
1675	5	005005	005003	78	7.0	3.0	0,850	true	[005005, 005006, 005004, 005001, 005000, 005003]
1676	5	005005	005003	79	7.0	3.0	0,885	true	[005005, 005006, 005004, 005001, 005002, 005003]
1677	5	005005	005003	80	7.0	3.0	0,876	true	[005005, 005006, 005004, 005001, 005003]
1678	5	005005	005003	81	13.0	8.0	0,941	true	[005005, 005006, 005004, 005003]
1679	5	005005	005006	82	13.0	7.0	0,922	true	[005005, 005000, 005001, 005002, 005003, 005004, 005006]
1680	5	005005	005006	83	12.0	7.0	0,913	true	[005005, 005000, 005001, 005002, 005003, 005006]
1681	5	005005	005006	84	33.0	5.0	0,894	true	[005005, 005000, 005001, 005002, 005006]
1682	5	005005	005006	85	33.0	5.0	0,867	true	[005005, 005000, 005001, 005003, 005002, 005006]
1683	5	005005	005006	86	13.0	6.0	0,912	true	[005005, 005000, 005001, 005003, 005004, 005006]
1684	5	005005	005006	87	12.0	6.0	0,903	true	[005005, 005000, 005001, 005003, 005006]
1685	5	005005	005006	88	7.0	3.0	0,876	true	[005005, 005000, 005001, 005004, 005003, 005002, 005006]
1686	5	005005	005006	89	7.0	3.0	0,913	true	[005005, 005000, 005001, 005004, 005003, 005006]
1687	5	005005	005006	90	7.0	3.0	0,922	true	[005005, 005000, 005001, 005004, 005006]
1688	5	005005	005006	91	33.0	7.0	0,912	true	[005005, 005000, 005001, 005006]
1689	5	005005	005006	92	43.0	5.0	0,867	true	[005005, 005000, 005003, 005001, 005002, 005006]
1690	5	005005	005006	93	7.0	3.0	0,894	true	[005005, 005000, 005003, 005001, 005004, 005006]
1691	5	005005	005006	94	33.0	6.0	0,885	true	[005005, 005000, 005003, 005001, 005006]
1692	5	005005	005006	95	7.0	3.0	0,904	true	[005005, 005000, 005003, 005002, 005001, 005004, 005006]
1693	5	005005	005006	96	33.0	7.0	0,894	true	[005005, 005000, 005003, 005002, 005001, 005006]
1694	5	005005	005006	97	43.0	5.0	0,912	true	[005005, 005000, 005003, 005002, 005006]
1695	5	005005	005006	98	7.0	3.0	0,876	true	[005005, 005000, 005003, 005004, 005001, 005002, 005006]
1696	5	005005	005006	99	7.0	3.0	0,894	true	[005005, 005000, 005003, 005004, 005001, 005006]
1697	5	005005	005006	100	13.0	7.0	0,960	true	[005005, 005000, 005003, 005004, 005006]
1698	5	005005	005006	101	12.0	7.0	0,951	true	[005005, 005000, 005003, 005006]
1699	5	005005	005006	102	50.0	8.0	0,950	true	[005005, 005006]
1700	6	006004	006000	0	33.0	7.0	0,980	true	[006004, 006000]
1701	6	006004	006000	1	9.0	5.0	0,931	true	[006004, 006002, 006000]
1702	6	006004	006000	2	19.0	6.0	0,932	true	[006004, 006002, 006001, 006000]
1703	6	006004	006000	3	7.0	5.0	0,885	true	[006004, 006002, 006001, 006003, 006005, 006000]
1704	6	006004	006000	4	19.0	5.0	0,867	true	[006004, 006002, 006001, 006003, 006006, 006000]
1705	6	006004	006000	5	19.0	4.0	0,885	true	[006004, 006002, 006001, 006006, 006000]
1706	6	006004	006000	6	7.0	4.0	0,816	true	[006004, 006002, 006001, 006006, 006003, 006005, 006000]
1707	6	006004	006000	7	7.0	8.0	0,941	true	[006004, 006002, 006005, 006000]
1708	6	006004	006000	8	12.0	5.0	0,894	true	[006004, 006002, 006005, 006003, 006001, 006000]
1709	6	006004	006000	9	12.0	4.0	0,850	true	[006004, 006002, 006005, 006003, 006001, 006006, 006000]
1710	6	006004	006000	10	12.0	7.0	0,850	true	[006004, 006002, 006005, 006003, 006006, 006000]
1711	6	006004	006000	11	12.0	4.0	0,824	true	[006004, 006002, 006005, 006003, 006006, 006001, 006000]
1712	6	006004	006000	12	19.0	6.0	0,903	true	[006004, 006002, 006006, 006000]
1713	6	006004	006000	13	19.0	4.0	0,876	true	[006004, 006002, 006006, 006001, 006000]
1714	6	006004	006000	14	7.0	4.0	0,833	true	[006004, 006002, 006006, 006001, 006003, 006005, 006000]
1715	6	006004	006000	15	19.0	5.0	0,858	true	[006004, 006002, 006006, 006003, 006001, 006000]
1716	6	006004	006000	16	7.0	6.0	0,832	true	[006004, 006002, 006006, 006003, 006005, 006000]
1717	6	006004	006000	17	7.0	5.0	0,941	true	[006004, 006003, 006001, 006000]
1718	6	006004	006000	18	7.0	5.0	0,903	true	[006004, 006003, 006001, 006002, 006000]
1719	6	006004	006000	19	7.0	5.0	0,913	true	[006004, 006003, 006001, 006002, 006005, 006000]
1720	6	006004	006000	20	7.0	5.0	0,876	true	[006004, 006003, 006001, 006002, 006006, 006000]
1721	6	006004	006000	21	7.0	4.0	0,894	true	[006004, 006003, 006001, 006006, 006000]
1722	6	006004	006000	22	7.0	4.0	0,850	true	[006004, 006003, 006001, 006006, 006002, 006000]
1723	6	006004	006000	23	7.0	4.0	0,859	true	[006004, 006003, 006001, 006006, 006002, 006005, 006000]
1724	6	006004	006000	24	7.0	7.0	0,913	true	[006004, 006003, 006005, 006000]
1725	6	006004	006000	25	7.0	5.0	0,885	true	[006004, 006003, 006005, 006002, 006000]
1726	6	006004	006000	26	7.0	6.0	0,885	true	[006004, 006003, 006005, 006002, 006001, 006000]
1727	6	006004	006000	27	7.0	4.0	0,841	true	[006004, 006003, 006005, 006002, 006001, 006006, 006000]
1728	6	006004	006000	28	7.0	6.0	0,858	true	[006004, 006003, 006005, 006002, 006006, 006000]
1729	6	006004	006000	29	7.0	4.0	0,833	true	[006004, 006003, 006005, 006002, 006006, 006001, 006000]
1730	6	006004	006000	30	7.0	7.0	0,894	true	[006004, 006003, 006006, 006000]
1731	6	006004	006000	31	7.0	4.0	0,867	true	[006004, 006003, 006006, 006001, 006000]
1732	6	006004	006000	32	7.0	4.0	0,832	true	[006004, 006003, 006006, 006001, 006002, 006000]
1733	6	006004	006000	33	7.0	4.0	0,841	true	[006004, 006003, 006006, 006001, 006002, 006005, 006000]
1734	6	006004	006000	34	7.0	5.0	0,849	true	[006004, 006003, 006006, 006002, 006000]
1735	6	006004	006000	35	7.0	6.0	0,850	true	[006004, 006003, 006006, 006002, 006001, 006000]
1736	6	006004	006000	36	7.0	6.0	0,858	true	[006004, 006003, 006006, 006002, 006005, 006000]
1737	6	006004	006000	37	7.0	6.0	0,970	true	[006004, 006005, 006000]
1738	6	006004	006000	38	9.0	5.0	0,941	true	[006004, 006005, 006002, 006000]
1739	6	006004	006000	39	12.0	6.0	0,941	true	[006004, 006005, 006002, 006001, 006000]
1740	6	006004	006000	40	12.0	5.0	0,876	true	[006004, 006005, 006002, 006001, 006003, 006006, 006000]
1741	6	006004	006000	41	12.0	4.0	0,894	true	[006004, 006005, 006002, 006001, 006006, 006000]
1742	6	006004	006000	42	12.0	6.0	0,913	true	[006004, 006005, 006002, 006006, 006000]
1743	6	006004	006000	43	12.0	4.0	0,885	true	[006004, 006005, 006002, 006006, 006001, 006000]
1744	6	006004	006000	44	12.0	5.0	0,867	true	[006004, 006005, 006002, 006006, 006003, 006001, 006000]
1745	6	006004	006000	45	30.0	5.0	0,922	true	[006004, 006005, 006003, 006001, 006000]
1746	6	006004	006000	46	9.0	5.0	0,885	true	[006004, 006005, 006003, 006001, 006002, 006000]
1747	6	006004	006000	47	20.0	5.0	0,859	true	[006004, 006005, 006003, 006001, 006002, 006006, 006000]
1748	6	006004	006000	48	30.0	4.0	0,876	true	[006004, 006005, 006003, 006001, 006006, 006000]
1749	6	006004	006000	49	9.0	4.0	0,832	true	[006004, 006005, 006003, 006001, 006006, 006002, 006000]
1750	6	006004	006000	50	34.0	6.0	0,876	true	[006004, 006005, 006003, 006006, 006000]
1751	6	006004	006000	51	34.0	4.0	0,849	true	[006004, 006005, 006003, 006006, 006001, 006000]
1752	6	006004	006000	52	9.0	4.0	0,815	true	[006004, 006005, 006003, 006006, 006001, 006002, 006000]
1753	6	006004	006000	53	9.0	5.0	0,832	true	[006004, 006005, 006003, 006006, 006002, 006000]
1754	6	006004	006000	54	20.0	6.0	0,832	true	[006004, 006005, 006003, 006006, 006002, 006001, 006000]
1755	7	007000	007003	0	6.0	9.0	0,922	true	[007000, 007002, 007001, 007003]
1756	7	007000	007003	1	6.0	4.0	0,903	true	[007000, 007002, 007001, 007004, 007003]
1757	7	007000	007003	2	6.0	5.0	0,931	true	[007000, 007002, 007001, 007005, 007003]
1758	7	007000	007003	3	5.0	5.0	0,894	true	[007000, 007002, 007001, 007005, 007006, 007003]
1759	7	007000	007003	4	6.0	4.0	0,970	true	[007000, 007002, 007003]
1760	7	007000	007003	5	6.0	3.0	0,858	true	[007000, 007002, 007005, 007001, 007003]
1761	7	007000	007003	6	6.0	3.0	0,841	true	[007000, 007002, 007005, 007001, 007004, 007003]
1762	7	007000	007003	7	6.0	3.0	0,941	true	[007000, 007002, 007005, 007003]
1763	7	007000	007003	8	5.0	3.0	0,903	true	[007000, 007002, 007005, 007006, 007003]
1764	7	007000	007003	9	48.0	7.0	0,970	true	[007000, 007003]
1765	7	007000	007003	10	7.0	4.0	0,951	true	[007000, 007004, 007001, 007002, 007003]
1766	7	007000	007003	11	32.0	3.0	0,922	true	[007000, 007004, 007001, 007002, 007005, 007003]
1767	7	007000	007003	12	5.0	3.0	0,885	true	[007000, 007004, 007001, 007002, 007005, 007006, 007003]
1768	7	007000	007003	13	32.0	4.0	0,903	true	[007000, 007004, 007001, 007003]
1769	7	007000	007003	14	7.0	3.0	0,885	true	[007000, 007004, 007001, 007005, 007002, 007003]
1770	7	007000	007003	15	30.0	4.0	0,913	true	[007000, 007004, 007001, 007005, 007003]
1771	7	007000	007003	16	5.0	4.0	0,876	true	[007000, 007004, 007001, 007005, 007006, 007003]
1772	7	007000	007003	17	43.0	5.0	0,941	true	[007000, 007004, 007003]
1773	7	007000	007003	18	7.0	4.0	0,922	true	[007000, 007005, 007001, 007002, 007003]
1774	7	007000	007003	19	30.0	5.0	0,876	true	[007000, 007005, 007001, 007003]
1775	7	007000	007003	20	30.0	4.0	0,858	true	[007000, 007005, 007001, 007004, 007003]
1776	7	007000	007003	21	32.0	3.0	0,885	true	[007000, 007005, 007002, 007001, 007003]
1777	7	007000	007003	22	47.0	3.0	0,867	true	[007000, 007005, 007002, 007001, 007004, 007003]
1778	7	007000	007003	23	7.0	3.0	0,931	true	[007000, 007005, 007002, 007003]
1779	7	007000	007003	24	32.0	6.0	0,960	true	[007000, 007005, 007003]
1780	7	007000	007003	25	5.0	6.0	0,922	true	[007000, 007005, 007006, 007003]
1781	7	007000	007004	26	6.0	7.0	0,885	true	[007000, 007002, 007001, 007003, 007004]
1782	7	007000	007004	27	6.0	4.0	0,941	true	[007000, 007002, 007001, 007004]
1783	7	007000	007004	28	6.0	5.0	0,894	true	[007000, 007002, 007001, 007005, 007003, 007004]
1784	7	007000	007004	29	5.0	5.0	0,858	true	[007000, 007002, 007001, 007005, 007006, 007003, 007004]
1785	7	007000	007004	30	6.0	4.0	0,894	true	[007000, 007002, 007003, 007001, 007004]
1786	7	007000	007004	31	6.0	4.0	0,931	true	[007000, 007002, 007003, 007004]
1787	7	007000	007004	32	6.0	4.0	0,903	true	[007000, 007002, 007003, 007005, 007001, 007004]
1788	7	007000	007004	33	5.0	4.0	0,867	true	[007000, 007002, 007003, 007006, 007005, 007001, 007004]
1789	7	007000	007004	34	6.0	3.0	0,824	true	[007000, 007002, 007005, 007001, 007003, 007004]
1790	7	007000	007004	35	6.0	3.0	0,876	true	[007000, 007002, 007005, 007001, 007004]
1791	7	007000	007004	36	6.0	3.0	0,867	true	[007000, 007002, 007005, 007003, 007001, 007004]
1792	7	007000	007004	37	6.0	3.0	0,903	true	[007000, 007002, 007005, 007003, 007004]
1793	7	007000	007004	38	5.0	3.0	0,832	true	[007000, 007002, 007005, 007006, 007003, 007001, 007004]
1794	7	007000	007004	39	5.0	3.0	0,867	true	[007000, 007002, 007005, 007006, 007003, 007004]
1795	7	007000	007004	40	32.0	4.0	0,894	true	[007000, 007003, 007001, 007004]
1796	7	007000	007004	41	7.0	4.0	0,941	true	[007000, 007003, 007002, 007001, 007004]
1797	7	007000	007004	42	7.0	3.0	0,876	true	[007000, 007003, 007002, 007005, 007001, 007004]
1798	7	007000	007004	43	48.0	7.0	0,931	true	[007000, 007003, 007004]
1799	7	007000	007004	44	30.0	4.0	0,903	true	[007000, 007003, 007005, 007001, 007004]
1800	7	007000	007004	45	32.0	3.0	0,913	true	[007000, 007003, 007005, 007002, 007001, 007004]
1801	7	007000	007004	46	5.0	4.0	0,867	true	[007000, 007003, 007006, 007005, 007001, 007004]
1802	7	007000	007004	47	5.0	3.0	0,876	true	[007000, 007003, 007006, 007005, 007002, 007001, 007004]
1803	7	007000	007004	48	43.0	5.0	0,980	true	[007000, 007004]
1804	7	007000	007004	49	7.0	4.0	0,885	true	[007000, 007005, 007001, 007002, 007003, 007004]
1805	7	007000	007004	50	30.0	5.0	0,840	true	[007000, 007005, 007001, 007003, 007004]
1806	7	007000	007004	51	30.0	4.0	0,894	true	[007000, 007005, 007001, 007004]
1807	7	007000	007004	52	32.0	3.0	0,849	true	[007000, 007005, 007002, 007001, 007003, 007004]
1808	7	007000	007004	53	47.0	3.0	0,903	true	[007000, 007005, 007002, 007001, 007004]
1809	7	007000	007004	54	7.0	3.0	0,858	true	[007000, 007005, 007002, 007003, 007001, 007004]
1810	7	007000	007004	55	7.0	3.0	0,894	true	[007000, 007005, 007002, 007003, 007004]
1811	7	007000	007004	56	32.0	4.0	0,885	true	[007000, 007005, 007003, 007001, 007004]
1812	7	007000	007004	57	7.0	4.0	0,931	true	[007000, 007005, 007003, 007002, 007001, 007004]
1813	7	007000	007004	58	32.0	6.0	0,922	true	[007000, 007005, 007003, 007004]
1814	7	007000	007004	59	5.0	4.0	0,849	true	[007000, 007005, 007006, 007003, 007001, 007004]
1815	7	007000	007004	60	5.0	4.0	0,894	true	[007000, 007005, 007006, 007003, 007002, 007001, 007004]
1816	7	007000	007004	61	5.0	6.0	0,885	true	[007000, 007005, 007006, 007003, 007004]
1817	7	007003	007004	62	6.0	4.0	0,913	true	[007003, 007000, 007002, 007001, 007004]
1818	7	007003	007004	63	6.0	3.0	0,850	true	[007003, 007000, 007002, 007005, 007001, 007004]
1819	7	007003	007004	64	43.0	5.0	0,951	true	[007003, 007000, 007004]
1820	7	007003	007004	65	30.0	4.0	0,867	true	[007003, 007000, 007005, 007001, 007004]
1821	7	007003	007004	66	47.0	3.0	0,876	true	[007003, 007000, 007005, 007002, 007001, 007004]
1822	7	007003	007004	67	6.0	5.0	0,903	true	[007003, 007001, 007002, 007000, 007004]
1823	7	007003	007004	68	32.0	3.0	0,867	true	[007003, 007001, 007002, 007005, 007000, 007004]
1824	7	007003	007004	69	32.0	4.0	0,922	true	[007003, 007001, 007004]
1825	7	007003	007004	70	30.0	5.0	0,858	true	[007003, 007001, 007005, 007000, 007004]
1826	7	007003	007004	71	6.0	3.0	0,841	true	[007003, 007001, 007005, 007002, 007000, 007004]
1827	7	007003	007004	72	6.0	4.0	0,951	true	[007003, 007002, 007000, 007004]
1828	7	007003	007004	73	6.0	4.0	0,867	true	[007003, 007002, 007000, 007005, 007001, 007004]
1829	7	007003	007004	74	7.0	4.0	0,970	true	[007003, 007002, 007001, 007004]
1830	7	007003	007004	75	7.0	4.0	0,903	true	[007003, 007002, 007001, 007005, 007000, 007004]
1831	7	007003	007004	76	7.0	3.0	0,913	true	[007003, 007002, 007005, 007000, 007004]
1832	7	007003	007004	77	7.0	3.0	0,903	true	[007003, 007002, 007005, 007001, 007004]
1833	7	007003	007004	78	62.0	7.0	0,960	true	[007003, 007004]
1834	7	007003	007004	79	6.0	4.0	0,903	true	[007003, 007005, 007000, 007002, 007001, 007004]
1835	7	007003	007004	80	32.0	5.0	0,941	true	[007003, 007005, 007000, 007004]
1836	7	007003	007004	81	6.0	5.0	0,913	true	[007003, 007005, 007001, 007002, 007000, 007004]
1837	7	007003	007004	82	30.0	4.0	0,931	true	[007003, 007005, 007001, 007004]
1838	7	007003	007004	83	6.0	3.0	0,922	true	[007003, 007005, 007002, 007000, 007004]
1839	7	007003	007004	84	32.0	3.0	0,941	true	[007003, 007005, 007002, 007001, 007004]
1840	7	007003	007004	85	5.0	4.0	0,867	true	[007003, 007006, 007005, 007000, 007002, 007001, 007004]
1841	7	007003	007004	86	5.0	5.0	0,903	true	[007003, 007006, 007005, 007000, 007004]
1842	7	007003	007004	87	5.0	5.0	0,876	true	[007003, 007006, 007005, 007001, 007002, 007000, 007004]
1843	7	007003	007004	88	5.0	4.0	0,894	true	[007003, 007006, 007005, 007001, 007004]
1844	7	007003	007004	89	5.0	3.0	0,885	true	[007003, 007006, 007005, 007002, 007000, 007004]
1845	7	007003	007004	90	5.0	3.0	0,903	true	[007003, 007006, 007005, 007002, 007001, 007004]
1846	8	008004	008002	0	7.0	3.0	0,903	true	[008004, 008000, 008001, 008002]
1847	8	008004	008002	1	7.0	3.0	0,858	true	[008004, 008000, 008001, 008003, 008005, 008002]
1848	8	008004	008002	2	7.0	3.0	0,912	true	[008004, 008000, 008001, 008005, 008002]
1849	8	008004	008002	3	7.0	3.0	0,894	true	[008004, 008000, 008001, 008006, 008005, 008002]
1850	8	008004	008002	4	31.0	4.0	0,922	true	[008004, 008000, 008002]
1851	8	008004	008002	5	33.0	4.0	0,876	true	[008004, 008000, 008005, 008001, 008002]
1852	8	008004	008002	6	18.0	4.0	0,922	true	[008004, 008000, 008005, 008002]
1853	8	008004	008002	7	27.0	4.0	0,824	true	[008004, 008000, 008005, 008003, 008001, 008002]
1854	8	008004	008002	8	37.0	4.0	0,858	true	[008004, 008000, 008005, 008006, 008001, 008002]
1855	8	008004	008002	9	7.0	3.0	0,941	true	[008004, 008001, 008000, 008002]
1856	8	008004	008002	10	7.0	3.0	0,941	true	[008004, 008001, 008000, 008005, 008002]
1857	8	008004	008002	11	58.0	4.0	0,941	true	[008004, 008001, 008002]
1858	8	008004	008002	12	27.0	4.0	0,858	true	[008004, 008001, 008003, 008005, 008000, 008002]
1859	8	008004	008002	13	18.0	4.0	0,894	true	[008004, 008001, 008003, 008005, 008002]
1860	8	008004	008002	14	31.0	4.0	0,913	true	[008004, 008001, 008005, 008000, 008002]
1861	8	008004	008002	15	18.0	4.0	0,951	true	[008004, 008001, 008005, 008002]
1862	8	008004	008002	16	31.0	4.0	0,895	true	[008004, 008001, 008006, 008005, 008000, 008002]
1863	8	008004	008002	17	18.0	4.0	0,932	true	[008004, 008001, 008006, 008005, 008002]
1864	8	008004	008002	18	43.0	5.0	0,970	true	[008004, 008002]
1865	8	008004	008002	19	7.0	3.0	0,867	true	[008004, 008003, 008001, 008000, 008002]
1866	8	008004	008002	20	7.0	3.0	0,867	true	[008004, 008003, 008001, 008000, 008005, 008002]
1867	8	008004	008002	21	50.0	5.0	0,866	true	[008004, 008003, 008001, 008002]
1868	8	008004	008002	22	31.0	5.0	0,841	true	[008004, 008003, 008001, 008005, 008000, 008002]
1869	8	008004	008002	23	18.0	4.0	0,876	true	[008004, 008003, 008001, 008005, 008002]
1870	8	008004	008002	24	31.0	5.0	0,824	true	[008004, 008003, 008001, 008006, 008005, 008000, 008002]
1871	8	008004	008002	25	18.0	4.0	0,858	true	[008004, 008003, 008001, 008006, 008005, 008002]
1872	8	008004	008002	26	7.0	3.0	0,858	true	[008004, 008003, 008005, 008000, 008001, 008002]
1873	8	008004	008002	27	27.0	5.0	0,876	true	[008004, 008003, 008005, 008000, 008002]
1874	8	008004	008002	28	7.0	3.0	0,867	true	[008004, 008003, 008005, 008001, 008000, 008002]
1875	8	008004	008002	29	27.0	5.0	0,867	true	[008004, 008003, 008005, 008001, 008002]
1876	8	008004	008002	30	18.0	4.0	0,912	true	[008004, 008003, 008005, 008002]
1877	8	008004	008002	31	7.0	3.0	0,850	true	[008004, 008003, 008005, 008006, 008001, 008000, 008002]
1878	8	008004	008002	32	27.0	5.0	0,850	true	[008004, 008003, 008005, 008006, 008001, 008002]
1879	8	008004	008002	33	7.0	3.0	0,922	true	[008004, 008005, 008000, 008001, 008002]
1880	8	008004	008002	34	22.0	5.0	0,941	true	[008004, 008005, 008000, 008002]
1881	8	008004	008002	35	7.0	3.0	0,932	true	[008004, 008005, 008001, 008000, 008002]
1882	8	008004	008002	36	22.0	6.0	0,931	true	[008004, 008005, 008001, 008002]
1883	8	008004	008002	37	18.0	4.0	0,980	true	[008004, 008005, 008002]
1884	8	008004	008002	38	7.0	3.0	0,876	true	[008004, 008005, 008003, 008001, 008000, 008002]
1885	8	008004	008002	39	22.0	7.0	0,876	true	[008004, 008005, 008003, 008001, 008002]
1886	8	008004	008002	40	7.0	3.0	0,913	true	[008004, 008005, 008006, 008001, 008000, 008002]
1887	8	008004	008002	41	22.0	5.0	0,913	true	[008004, 008005, 008006, 008001, 008002]
1888	8	008004	008002	42	7.0	3.0	0,922	true	[008004, 008006, 008001, 008000, 008002]
1889	8	008004	008002	43	7.0	3.0	0,922	true	[008004, 008006, 008001, 008000, 008005, 008002]
1890	8	008004	008002	44	37.0	6.0	0,922	true	[008004, 008006, 008001, 008002]
1891	8	008004	008002	45	27.0	5.0	0,841	true	[008004, 008006, 008001, 008003, 008005, 008000, 008002]
1892	8	008004	008002	46	18.0	4.0	0,876	true	[008004, 008006, 008001, 008003, 008005, 008002]
1893	8	008004	008002	47	31.0	5.0	0,895	true	[008004, 008006, 008001, 008005, 008000, 008002]
1894	8	008004	008002	48	18.0	4.0	0,932	true	[008004, 008006, 008001, 008005, 008002]
1895	8	008004	008002	49	7.0	3.0	0,913	true	[008004, 008006, 008005, 008000, 008001, 008002]
1896	8	008004	008002	50	31.0	5.0	0,932	true	[008004, 008006, 008005, 008000, 008002]
1897	8	008004	008002	51	7.0	3.0	0,922	true	[008004, 008006, 008005, 008001, 008000, 008002]
1898	8	008004	008002	52	33.0	5.0	0,922	true	[008004, 008006, 008005, 008001, 008002]
1899	8	008004	008002	53	18.0	4.0	0,970	true	[008004, 008006, 008005, 008002]
1900	8	008004	008002	54	7.0	3.0	0,867	true	[008004, 008006, 008005, 008003, 008001, 008000, 008002]
1901	8	008004	008002	55	27.0	5.0	0,867	true	[008004, 008006, 008005, 008003, 008001, 008002]
1902	8	008004	008001	56	7.0	3.0	0,941	true	[008004, 008000, 008001]
1903	8	008004	008001	57	31.0	4.0	0,885	true	[008004, 008000, 008002, 008001]
1904	8	008004	008001	58	18.0	4.0	0,894	true	[008004, 008000, 008002, 008005, 008001]
1905	8	008004	008001	59	18.0	4.0	0,841	true	[008004, 008000, 008002, 008005, 008003, 008001]
1906	8	008004	008001	60	18.0	4.0	0,876	true	[008004, 008000, 008002, 008005, 008006, 008001]
1907	8	008004	008001	61	33.0	4.0	0,912	true	[008004, 008000, 008005, 008001]
1908	8	008004	008001	62	18.0	4.0	0,885	true	[008004, 008000, 008005, 008002, 008001]
1909	8	008004	008001	63	27.0	4.0	0,858	true	[008004, 008000, 008005, 008003, 008001]
1910	8	008004	008001	64	37.0	4.0	0,894	true	[008004, 008000, 008005, 008006, 008001]
1911	8	008004	008001	65	58.0	4.0	0,980	true	[008004, 008001]
1912	8	008004	008001	66	7.0	3.0	0,931	true	[008004, 008002, 008000, 008001]
1913	8	008004	008001	67	31.0	5.0	0,904	true	[008004, 008002, 008000, 008005, 008001]
1914	8	008004	008001	68	27.0	5.0	0,850	true	[008004, 008002, 008000, 008005, 008003, 008001]
1915	8	008004	008001	69	31.0	5.0	0,885	true	[008004, 008002, 008000, 008005, 008006, 008001]
1916	8	008004	008001	70	43.0	5.0	0,931	true	[008004, 008002, 008001]
1917	8	008004	008001	71	7.0	3.0	0,932	true	[008004, 008002, 008005, 008000, 008001]
1918	8	008004	008001	72	18.0	4.0	0,941	true	[008004, 008002, 008005, 008001]
1919	8	008004	008001	73	18.0	4.0	0,885	true	[008004, 008002, 008005, 008003, 008001]
1920	8	008004	008001	74	18.0	4.0	0,922	true	[008004, 008002, 008005, 008006, 008001]
1921	8	008004	008001	75	50.0	5.0	0,903	true	[008004, 008003, 008001]
1922	8	008004	008001	76	7.0	3.0	0,894	true	[008004, 008003, 008005, 008000, 008001]
1923	8	008004	008001	77	27.0	5.0	0,841	true	[008004, 008003, 008005, 008000, 008002, 008001]
1924	8	008004	008001	78	27.0	5.0	0,903	true	[008004, 008003, 008005, 008001]
1925	8	008004	008001	79	7.0	3.0	0,876	true	[008004, 008003, 008005, 008002, 008000, 008001]
1926	8	008004	008001	80	18.0	4.0	0,876	true	[008004, 008003, 008005, 008002, 008001]
1927	8	008004	008001	81	27.0	5.0	0,885	true	[008004, 008003, 008005, 008006, 008001]
1928	8	008004	008001	82	7.0	3.0	0,960	true	[008004, 008005, 008000, 008001]
1929	8	008004	008001	83	22.0	5.0	0,903	true	[008004, 008005, 008000, 008002, 008001]
1930	8	008004	008001	84	22.0	6.0	0,970	true	[008004, 008005, 008001]
1931	8	008004	008001	85	7.0	3.0	0,941	true	[008004, 008005, 008002, 008000, 008001]
1932	8	008004	008001	86	18.0	4.0	0,941	true	[008004, 008005, 008002, 008001]
1933	8	008004	008001	87	22.0	7.0	0,912	true	[008004, 008005, 008003, 008001]
1934	8	008004	008001	88	22.0	5.0	0,951	true	[008004, 008005, 008006, 008001]
1935	8	008004	008001	89	37.0	6.0	0,960	true	[008004, 008006, 008001]
1936	8	008004	008001	90	7.0	3.0	0,951	true	[008004, 008006, 008005, 008000, 008001]
1937	8	008004	008001	91	31.0	5.0	0,894	true	[008004, 008006, 008005, 008000, 008002, 008001]
1938	8	008004	008001	92	33.0	5.0	0,960	true	[008004, 008006, 008005, 008001]
1939	8	008004	008001	93	7.0	3.0	0,932	true	[008004, 008006, 008005, 008002, 008000, 008001]
1940	8	008004	008001	94	18.0	4.0	0,931	true	[008004, 008006, 008005, 008002, 008001]
1941	8	008004	008001	95	27.0	5.0	0,903	true	[008004, 008006, 008005, 008003, 008001]
1942	8	008004	008006	96	7.0	3.0	0,885	true	[008004, 008000, 008001, 008002, 008005, 008006]
1943	8	008004	008006	97	7.0	3.0	0,858	true	[008004, 008000, 008001, 008003, 008005, 008006]
1944	8	008004	008006	98	7.0	3.0	0,912	true	[008004, 008000, 008001, 008005, 008006]
1945	8	008004	008006	99	7.0	3.0	0,912	true	[008004, 008000, 008001, 008006]
1946	8	008004	008006	100	27.0	4.0	0,807	true	[008004, 008000, 008002, 008001, 008003, 008005, 008006]
1947	8	008004	008006	101	31.0	4.0	0,858	true	[008004, 008000, 008002, 008001, 008006]
1948	8	008004	008006	102	71.0	10.0	0,990	true	[008004, 008006]
1949	9	009006	009003	0	8.0	3.0	0,922	true	[009006, 009000, 009001, 009002, 009003]
1950	9	009006	009003	1	8.0	3.0	0,885	true	[009006, 009000, 009001, 009002, 009004, 009005, 009003]
1951	9	009006	009003	2	8.0	3.0	0,894	true	[009006, 009000, 009001, 009002, 009005, 009003]
1952	9	009006	009003	3	20.0	3.0	0,941	true	[009006, 009000, 009001, 009003]
1953	9	009006	009003	4	20.0	3.0	0,903	true	[009006, 009000, 009001, 009004, 009002, 009003]
1954	9	009006	009003	5	20.0	3.0	0,876	true	[009006, 009000, 009001, 009004, 009002, 009005, 009003]
1955	9	009006	009003	6	20.0	3.0	0,913	true	[009006, 009000, 009001, 009004, 009005, 009002, 009003]
1956	9	009006	009003	7	20.0	3.0	0,960	true	[009006, 009000, 009001, 009004, 009005, 009003]
1957	9	009006	009003	8	8.0	3.0	0,904	true	[009006, 009000, 009002, 009001, 009003]
1958	9	009006	009003	9	8.0	3.0	0,922	true	[009006, 009000, 009002, 009001, 009004, 009005, 009003]
1959	9	009006	009003	10	20.0	3.0	0,941	true	[009006, 009000, 009002, 009003]
1960	9	009006	009003	11	20.0	3.0	0,885	true	[009006, 009000, 009002, 009004, 009001, 009003]
1961	9	009006	009003	12	20.0	3.0	0,903	true	[009006, 009000, 009002, 009004, 009005, 009003]
1962	9	009006	009003	13	20.0	3.0	0,913	true	[009006, 009000, 009002, 009005, 009003]
1963	9	009006	009003	14	20.0	3.0	0,894	true	[009006, 009000, 009002, 009005, 009004, 009001, 009003]
1964	9	009006	009003	15	8.0	3.0	0,913	true	[009006, 009000, 009004, 009001, 009002, 009003]
1965	9	009006	009003	16	8.0	3.0	0,885	true	[009006, 009000, 009004, 009001, 009002, 009005, 009003]
1966	9	009006	009003	17	20.0	3.0	0,931	true	[009006, 009000, 009004, 009001, 009003]
1967	9	009006	009003	18	8.0	3.0	0,858	true	[009006, 009000, 009004, 009002, 009001, 009003]
1968	9	009006	009003	19	20.0	3.0	0,894	true	[009006, 009000, 009004, 009002, 009003]
1969	9	009006	009003	20	20.0	3.0	0,867	true	[009006, 009000, 009004, 009002, 009005, 009003]
1970	9	009006	009003	21	8.0	3.0	0,867	true	[009006, 009000, 009004, 009005, 009002, 009001, 009003]
1971	9	009006	009003	22	20.0	3.0	0,903	true	[009006, 009000, 009004, 009005, 009002, 009003]
1972	9	009006	009003	23	20.0	3.0	0,951	true	[009006, 009000, 009004, 009005, 009003]
1973	9	009006	009003	24	23.0	3.0	0,904	true	[009006, 009001, 009000, 009002, 009003]
1974	9	009006	009003	25	21.0	3.0	0,867	true	[009006, 009001, 009000, 009002, 009004, 009005, 009003]
1975	9	009006	009003	26	21.0	3.0	0,876	true	[009006, 009001, 009000, 009002, 009005, 009003]
1976	9	009006	009003	27	39.0	4.0	0,858	true	[009006, 009001, 009000, 009004, 009002, 009003]
1977	9	009006	009003	28	21.0	4.0	0,833	true	[009006, 009001, 009000, 009004, 009002, 009005, 009003]
1978	9	009006	009003	29	40.0	4.0	0,867	true	[009006, 009001, 009000, 009004, 009005, 009002, 009003]
1979	9	009006	009003	30	21.0	4.0	0,913	true	[009006, 009001, 009000, 009004, 009005, 009003]
1980	9	009006	009003	31	8.0	3.0	0,876	true	[009006, 009001, 009002, 009000, 009004, 009005, 009003]
1981	9	009006	009003	32	8.0	4.0	0,922	true	[009006, 009001, 009002, 009003]
1982	9	009006	009003	33	8.0	4.0	0,885	true	[009006, 009001, 009002, 009004, 009005, 009003]
1983	9	009006	009003	34	8.0	4.0	0,894	true	[009006, 009001, 009002, 009005, 009003]
1984	9	009006	009003	35	39.0	4.0	0,941	true	[009006, 009001, 009003]
1985	9	009006	009003	36	23.0	3.0	0,894	true	[009006, 009001, 009004, 009000, 009002, 009003]
1986	9	009006	009003	37	21.0	3.0	0,867	true	[009006, 009001, 009004, 009000, 009002, 009005, 009003]
1987	9	009006	009003	38	39.0	3.0	0,903	true	[009006, 009001, 009004, 009002, 009003]
1988	9	009006	009003	39	21.0	3.0	0,876	true	[009006, 009001, 009004, 009002, 009005, 009003]
1989	9	009006	009003	40	40.0	3.0	0,913	true	[009006, 009001, 009004, 009005, 009002, 009003]
1990	9	009006	009003	41	21.0	3.0	0,960	true	[009006, 009001, 009004, 009005, 009003]
1991	9	009006	009003	42	23.0	3.0	0,904	true	[009006, 009002, 009000, 009001, 009003]
1992	9	009006	009003	43	21.0	3.0	0,922	true	[009006, 009002, 009000, 009001, 009004, 009005, 009003]
1993	9	009006	009003	44	23.0	3.0	0,894	true	[009006, 009002, 009000, 009004, 009001, 009003]
1994	9	009006	009003	45	21.0	3.0	0,913	true	[009006, 009002, 009000, 009004, 009005, 009003]
1995	9	009006	009003	46	8.0	4.0	0,895	true	[009006, 009002, 009001, 009000, 009004, 009005, 009003]
1996	9	009006	009003	47	8.0	4.0	0,922	true	[009006, 009002, 009001, 009003]
1997	9	009006	009003	48	8.0	3.0	0,941	true	[009006, 009002, 009001, 009004, 009005, 009003]
1998	9	009006	009003	49	58.0	5.0	0,960	true	[009006, 009002, 009003]
1999	9	009006	009003	50	39.0	4.0	0,858	true	[009006, 009002, 009004, 009000, 009001, 009003]
2000	9	009006	009003	51	39.0	3.0	0,903	true	[009006, 009002, 009004, 009001, 009003]
2001	9	009006	009003	52	21.0	5.0	0,922	true	[009006, 009002, 009004, 009005, 009003]
2002	9	009006	009003	53	21.0	5.0	0,931	true	[009006, 009002, 009005, 009003]
2003	9	009006	009003	54	39.0	4.0	0,867	true	[009006, 009002, 009005, 009004, 009000, 009001, 009003]
2004	9	009006	009003	55	39.0	3.0	0,913	true	[009006, 009002, 009005, 009004, 009001, 009003]
2005	9	009006	009003	56	53.0	5.0	0,960	true	[009006, 009003]
2006	9	009006	009003	57	8.0	4.0	0,886	true	[009006, 009004, 009000, 009001, 009002, 009003]
2007	9	009006	009003	58	8.0	4.0	0,859	true	[009006, 009004, 009000, 009001, 009002, 009005, 009003]
2008	9	009006	009003	59	39.0	4.0	0,904	true	[009006, 009004, 009000, 009001, 009003]
2009	9	009006	009003	60	8.0	3.0	0,868	true	[009006, 009004, 009000, 009002, 009001, 009003]
2010	9	009006	009003	61	23.0	3.0	0,904	true	[009006, 009004, 009000, 009002, 009003]
2011	9	009006	009003	62	21.0	3.0	0,876	true	[009006, 009004, 009000, 009002, 009005, 009003]
2012	9	009006	009003	63	23.0	3.0	0,913	true	[009006, 009004, 009001, 009000, 009002, 009003]
2013	9	009006	009003	64	21.0	3.0	0,885	true	[009006, 009004, 009001, 009000, 009002, 009005, 009003]
2014	9	009006	009003	65	8.0	3.0	0,932	true	[009006, 009004, 009001, 009002, 009003]
2015	9	009006	009003	66	8.0	3.0	0,903	true	[009006, 009004, 009001, 009002, 009005, 009003]
2016	9	009006	009003	67	39.0	3.0	0,951	true	[009006, 009004, 009001, 009003]
2017	9	009006	009003	68	23.0	3.0	0,858	true	[009006, 009004, 009002, 009000, 009001, 009003]
2018	9	009006	009003	69	8.0	4.0	0,876	true	[009006, 009004, 009002, 009001, 009003]
2019	9	009006	009003	70	39.0	5.0	0,912	true	[009006, 009004, 009002, 009003]
2020	9	009006	009003	71	21.0	5.0	0,885	true	[009006, 009004, 009002, 009005, 009003]
2021	9	009006	009003	72	23.0	3.0	0,867	true	[009006, 009004, 009005, 009002, 009000, 009001, 009003]
2022	9	009006	009003	73	8.0	4.0	0,885	true	[009006, 009004, 009005, 009002, 009001, 009003]
2023	9	009006	009003	74	52.0	5.0	0,922	true	[009006, 009004, 009005, 009002, 009003]
2024	9	009006	009003	75	21.0	5.0	0,970	true	[009006, 009004, 009005, 009003]
2025	10	010000	010003	0	8.0	7.0	0,922	true	[010000, 010001, 010002, 010003]
2026	10	010000	010003	1	8.0	7.0	0,932	true	[010000, 010001, 010002, 010005, 010003]
2027	10	010000	010003	2	8.0	7.0	0,894	true	[010000, 010001, 010002, 010005, 010006, 010003]
2028	10	010000	010003	3	8.0	7.0	0,932	true	[010000, 010001, 010002, 010006, 010003]
2029	10	010000	010003	4	8.0	7.0	0,876	true	[010000, 010001, 010002, 010006, 010005, 010003]
2030	10	010000	010003	5	12.0	7.0	0,970	true	[010000, 010001, 010003]
2031	10	010000	010003	6	9.0	7.0	0,951	true	[010000, 010001, 010005, 010002, 010003]
2032	10	010000	010003	7	12.0	7.0	0,960	true	[010000, 010001, 010005, 010002, 010006, 010003]
2033	10	010000	010003	8	12.0	7.0	0,960	true	[010000, 010001, 010005, 010003]
2034	10	010000	010003	9	9.0	7.0	0,894	true	[010000, 010001, 010005, 010006, 010002, 010003]
2035	10	010000	010003	10	12.0	7.0	0,922	true	[010000, 010001, 010005, 010006, 010003]
2036	10	010000	010003	11	9.0	7.0	0,941	true	[010000, 010001, 010006, 010002, 010003]
2037	10	010000	010003	12	12.0	7.0	0,951	true	[010000, 010001, 010006, 010002, 010005, 010003]
2038	10	010000	010003	13	12.0	7.0	0,970	true	[010000, 010001, 010006, 010003]
2039	10	010000	010003	14	9.0	7.0	0,903	true	[010000, 010001, 010006, 010005, 010002, 010003]
2040	10	010000	010003	15	12.0	7.0	0,912	true	[010000, 010001, 010006, 010005, 010003]
2041	10	010000	010003	16	8.0	7.0	0,922	true	[010000, 010002, 010001, 010003]
2042	10	010000	010003	17	8.0	7.0	0,913	true	[010000, 010002, 010001, 010005, 010003]
2043	10	010000	010003	18	8.0	8.0	0,876	true	[010000, 010002, 010001, 010005, 010006, 010003]
2044	10	010000	010003	19	8.0	8.0	0,922	true	[010000, 010002, 010001, 010006, 010003]
2045	10	010000	010003	20	8.0	7.0	0,867	true	[010000, 010002, 010001, 010006, 010005, 010003]
2046	10	010000	010003	21	9.0	8.0	0,931	true	[010000, 010002, 010003]
2047	10	010000	010003	22	53.0	7.0	0,950	true	[010000, 010002, 010005, 010001, 010003]
2048	10	010000	010003	23	46.0	8.0	0,950	true	[010000, 010002, 010005, 010001, 010006, 010003]
2049	10	010000	010003	24	53.0	7.0	0,941	true	[010000, 010002, 010005, 010003]
2050	10	010000	010003	25	46.0	7.0	0,903	true	[010000, 010002, 010005, 010006, 010001, 010003]
2051	10	010000	010003	26	47.0	8.0	0,903	true	[010000, 010002, 010005, 010006, 010003]
2052	10	010000	010003	27	46.0	7.0	0,941	true	[010000, 010002, 010006, 010001, 010003]
2053	10	010000	010003	28	46.0	7.0	0,931	true	[010000, 010002, 010006, 010001, 010005, 010003]
2054	10	010000	010003	29	56.0	8.0	0,941	true	[010000, 010002, 010006, 010003]
2055	10	010000	010003	30	47.0	7.0	0,894	true	[010000, 010002, 010006, 010005, 010001, 010003]
2056	10	010000	010003	31	47.0	7.0	0,885	true	[010000, 010002, 010006, 010005, 010003]
2057	10	010000	010003	32	45.0	3.0	0,970	true	[010000, 010003]
2058	10	010000	010003	33	8.0	4.0	0,941	true	[010000, 010004, 010001, 010002, 010003]
2059	10	010000	010003	34	8.0	4.0	0,951	true	[010000, 010004, 010001, 010002, 010005, 010003]
2060	10	010000	010003	35	8.0	4.0	0,912	true	[010000, 010004, 010001, 010002, 010005, 010006, 010003]
2061	10	010000	010003	36	8.0	4.0	0,951	true	[010000, 010004, 010001, 010002, 010006, 010003]
2062	10	010000	010003	37	8.0	4.0	0,894	true	[010000, 010004, 010001, 010002, 010006, 010005, 010003]
2063	10	010000	010003	38	24.0	4.0	0,990	true	[010000, 010004, 010001, 010003]
2064	10	010000	010003	39	9.0	4.0	0,970	true	[010000, 010004, 010001, 010005, 010002, 010003]
2065	10	010000	010003	40	24.0	4.0	0,980	true	[010000, 010004, 010001, 010005, 010002, 010006, 010003]
2066	10	010000	010003	41	24.0	4.0	0,980	true	[010000, 010004, 010001, 010005, 010003]
2067	10	010000	010003	42	9.0	4.0	0,912	true	[010000, 010004, 010001, 010005, 010006, 010002, 010003]
2068	10	010000	010003	43	24.0	4.0	0,941	true	[010000, 010004, 010001, 010005, 010006, 010003]
2069	10	010000	010003	44	9.0	4.0	0,960	true	[010000, 010004, 010001, 010006, 010002, 010003]
2070	10	010000	010003	45	24.0	4.0	0,970	true	[010000, 010004, 010001, 010006, 010002, 010005, 010003]
2071	10	010000	010003	46	24.0	4.0	0,990	true	[010000, 010004, 010001, 010006, 010003]
2072	10	010000	010003	47	9.0	4.0	0,922	true	[010000, 010004, 010001, 010006, 010005, 010002, 010003]
2073	10	010000	010003	48	24.0	4.0	0,931	true	[010000, 010004, 010001, 010006, 010005, 010003]
2074	10	010000	010003	49	8.0	5.0	0,913	true	[010000, 010006, 010001, 010002, 010003]
2075	10	010000	010003	50	8.0	5.0	0,922	true	[010000, 010006, 010001, 010002, 010005, 010003]
2076	10	010000	010003	51	46.0	5.0	0,960	true	[010000, 010006, 010001, 010003]
2077	10	010000	010003	52	9.0	5.0	0,941	true	[010000, 010006, 010001, 010005, 010002, 010003]
2078	10	010000	010003	53	46.0	5.0	0,951	true	[010000, 010006, 010001, 010005, 010003]
2079	10	010000	010003	54	8.0	5.0	0,922	true	[010000, 010006, 010002, 010001, 010003]
2080	10	010000	010003	55	8.0	5.0	0,913	true	[010000, 010006, 010002, 010001, 010005, 010003]
2081	10	010000	010003	56	9.0	5.0	0,931	true	[010000, 010006, 010002, 010003]
2082	10	010000	010003	57	53.0	5.0	0,951	true	[010000, 010006, 010002, 010005, 010001, 010003]
2083	10	010000	010003	58	53.0	5.0	0,941	true	[010000, 010006, 010002, 010005, 010003]
2084	10	010000	010003	59	61.0	5.0	0,960	true	[010000, 010006, 010003]
2085	10	010000	010003	60	8.0	5.0	0,867	true	[010000, 010006, 010005, 010001, 010002, 010003]
2086	10	010000	010003	61	47.0	5.0	0,912	true	[010000, 010006, 010005, 010001, 010003]
2087	10	010000	010003	62	8.0	5.0	0,885	true	[010000, 010006, 010005, 010002, 010001, 010003]
2088	10	010000	010003	63	9.0	5.0	0,894	true	[010000, 010006, 010005, 010002, 010003]
2089	10	010000	010003	64	47.0	5.0	0,903	true	[010000, 010006, 010005, 010003]
2090	10	010000	010002	65	8.0	7.0	0,951	true	[010000, 010001, 010002]
2091	10	010000	010002	66	9.0	7.0	0,941	true	[010000, 010001, 010003, 010002]
2092	10	010000	010002	67	12.0	7.0	0,951	true	[010000, 010001, 010003, 010005, 010002]
2093	10	010000	010002	68	12.0	7.0	0,894	true	[010000, 010001, 010003, 010005, 010006, 010002]
2094	10	010000	010002	69	12.0	7.0	0,951	true	[010000, 010001, 010003, 010006, 010002]
2095	10	010000	010002	70	12.0	7.0	0,912	true	[010000, 010001, 010003, 010006, 010005, 010002]
2096	10	010000	010002	71	12.0	7.0	0,980	true	[010000, 010001, 010005, 010002]
2097	10	010000	010002	72	9.0	7.0	0,932	true	[010000, 010001, 010005, 010003, 010002]
2098	10	010000	010002	73	12.0	7.0	0,941	true	[010000, 010001, 010005, 010003, 010006, 010002]
2099	10	010000	010002	74	12.0	7.0	0,922	true	[010000, 010001, 010005, 010006, 010002]
2100	10	010000	010002	75	9.0	7.0	0,894	true	[010000, 010001, 010005, 010006, 010003, 010002]
2101	10	010000	010002	76	12.0	7.0	0,970	true	[010000, 010001, 010006, 010002]
2102	10	010000	010002	77	9.0	7.0	0,941	true	[010000, 010001, 010006, 010003, 010002]
2103	10	010000	010002	78	12.0	7.0	0,951	true	[010000, 010001, 010006, 010003, 010005, 010002]
2104	10	010000	010002	79	12.0	7.0	0,931	true	[010000, 010001, 010006, 010005, 010002]
2105	10	010000	010002	80	9.0	7.0	0,885	true	[010000, 010001, 010006, 010005, 010003, 010002]
2106	10	010000	010002	81	56.0	8.0	0,960	true	[010000, 010002]
2107	10	010000	010002	82	8.0	3.0	0,931	true	[010000, 010003, 010001, 010002]
2108	10	010000	010002	83	45.0	3.0	0,960	true	[010000, 010003, 010001, 010005, 010002]
2109	10	010000	010002	84	45.0	3.0	0,903	true	[010000, 010003, 010001, 010005, 010006, 010002]
2110	10	010000	010002	85	45.0	3.0	0,951	true	[010000, 010003, 010001, 010006, 010002]
2111	10	010000	010002	86	45.0	3.0	0,912	true	[010000, 010003, 010001, 010006, 010005, 010002]
2112	10	010000	010002	87	9.0	3.0	0,941	true	[010000, 010003, 010002]
2113	10	010000	010002	88	8.0	3.0	0,922	true	[010000, 010003, 010005, 010001, 010002]
2114	10	010000	010002	89	45.0	3.0	0,941	true	[010000, 010003, 010005, 010001, 010006, 010002]
2115	10	010000	010002	90	45.0	3.0	0,951	true	[010000, 010003, 010005, 010002]
2116	10	010000	010002	91	8.0	3.0	0,876	true	[010000, 010003, 010005, 010006, 010001, 010002]
2117	10	010000	010002	92	45.0	3.0	0,894	true	[010000, 010003, 010005, 010006, 010002]
2118	10	010000	010002	93	8.0	3.0	0,931	true	[010000, 010003, 010006, 010001, 010002]
2119	10	010000	010002	94	45.0	3.0	0,960	true	[010000, 010003, 010006, 010001, 010005, 010002]
2120	10	010000	010002	95	45.0	3.0	0,951	true	[010000, 010003, 010006, 010002]
2121	10	010000	010002	96	8.0	3.0	0,885	true	[010000, 010003, 010006, 010005, 010001, 010002]
2122	10	010000	010002	97	45.0	3.0	0,912	true	[010000, 010003, 010006, 010005, 010002]
2123	10	010000	010002	98	8.0	4.0	0,970	true	[010000, 010004, 010001, 010002]
2124	10	010000	010002	99	9.0	4.0	0,960	true	[010000, 010004, 010001, 010003, 010002]
2125	10	010000	010002	100	24.0	4.0	0,970	true	[010000, 010004, 010001, 010003, 010005, 010002]
2126	11	011005	011000	0	61.0	5.0	0,950	true	[011005, 011000]
2127	11	011005	011000	1	25.0	5.0	1,000	true	[011005, 011002, 011000]
2128	11	011005	011000	2	31.0	4.0	0,941	true	[011005, 011002, 011004, 011000]
2129	11	011005	011000	3	26.0	4.0	0,903	true	[011005, 011002, 011004, 011003, 011000]
2130	11	011005	011000	4	26.0	4.0	0,867	true	[011005, 011002, 011004, 011003, 011006, 011000]
2131	11	011005	011000	5	26.0	4.0	0,841	true	[011005, 011002, 011004, 011003, 011006, 011001, 011000]
2132	11	011005	011000	6	31.0	4.0	0,932	true	[011005, 011002, 011004, 011006, 011000]
2133	11	011005	011000	7	31.0	4.0	0,903	true	[011005, 011002, 011004, 011006, 011001, 011000]
2134	11	011005	011000	8	28.0	4.0	0,894	true	[011005, 011002, 011004, 011006, 011003, 011000]
2135	11	011005	011000	9	30.0	5.0	0,941	true	[011005, 011002, 011006, 011000]
2136	11	011005	011000	10	30.0	5.0	0,912	true	[011005, 011002, 011006, 011001, 011000]
2137	11	011005	011000	11	28.0	4.0	0,903	true	[011005, 011002, 011006, 011003, 011000]
2138	11	011005	011000	12	26.0	4.0	0,849	true	[011005, 011002, 011006, 011003, 011004, 011000]
2139	11	011005	011000	13	30.0	5.0	0,913	true	[011005, 011002, 011006, 011004, 011000]
2140	11	011005	011000	14	26.0	5.0	0,876	true	[011005, 011002, 011006, 011004, 011003, 011000]
2141	11	011005	011000	15	28.0	7.0	0,970	true	[011005, 011003, 011000]
2142	11	011005	011000	16	26.0	7.0	0,912	true	[011005, 011003, 011004, 011000]
2143	11	011005	011000	17	25.0	4.0	0,912	true	[011005, 011003, 011004, 011002, 011000]
2144	11	011005	011000	18	26.0	4.0	0,858	true	[011005, 011003, 011004, 011002, 011006, 011000]
2145	11	011005	011000	19	26.0	4.0	0,832	true	[011005, 011003, 011004, 011002, 011006, 011001, 011000]
2146	11	011005	011000	20	26.0	7.0	0,903	true	[011005, 011003, 011004, 011006, 011000]
2147	11	011005	011000	21	26.0	7.0	0,876	true	[011005, 011003, 011004, 011006, 011001, 011000]
2148	11	011005	011000	22	25.0	7.0	0,885	true	[011005, 011003, 011004, 011006, 011002, 011000]
2149	11	011005	011000	23	35.0	4.0	0,931	true	[011005, 011003, 011006, 011000]
2150	11	011005	011000	24	48.0	4.0	0,903	true	[011005, 011003, 011006, 011001, 011000]
2151	11	011005	011000	25	25.0	4.0	0,912	true	[011005, 011003, 011006, 011002, 011000]
2152	11	011005	011000	26	30.0	4.0	0,858	true	[011005, 011003, 011006, 011002, 011004, 011000]
2153	11	011005	011000	27	54.0	4.0	0,903	true	[011005, 011003, 011006, 011004, 011000]
2154	11	011005	011000	28	25.0	4.0	0,903	true	[011005, 011003, 011006, 011004, 011002, 011000]
2155	11	011005	011000	29	15.0	3.0	0,970	true	[011005, 011004, 011000]
2156	11	011005	011000	30	15.0	3.0	0,970	true	[011005, 011004, 011002, 011000]
2157	11	011005	011000	31	15.0	3.0	0,913	true	[011005, 011004, 011002, 011006, 011000]
2158	11	011005	011000	32	15.0	3.0	0,885	true	[011005, 011004, 011002, 011006, 011001, 011000]
2159	11	011005	011000	33	15.0	3.0	0,876	true	[011005, 011004, 011002, 011006, 011003, 011000]
2160	11	011005	011000	34	15.0	3.0	0,931	true	[011005, 011004, 011003, 011000]
2161	11	011005	011000	35	15.0	3.0	0,894	true	[011005, 011004, 011003, 011006, 011000]
2162	11	011005	011000	36	15.0	3.0	0,867	true	[011005, 011004, 011003, 011006, 011001, 011000]
2163	11	011005	011000	37	15.0	3.0	0,876	true	[011005, 011004, 011003, 011006, 011002, 011000]
2164	11	011005	011000	38	15.0	3.0	0,960	true	[011005, 011004, 011006, 011000]
2165	11	011005	011000	39	15.0	3.0	0,931	true	[011005, 011004, 011006, 011001, 011000]
2166	11	011005	011000	40	15.0	3.0	0,941	true	[011005, 011004, 011006, 011002, 011000]
2167	11	011005	011000	41	15.0	3.0	0,922	true	[011005, 011004, 011006, 011003, 011000]
2168	11	011005	011000	42	35.0	4.0	0,980	true	[011005, 011006, 011000]
2169	11	011005	011000	43	48.0	4.0	0,950	true	[011005, 011006, 011001, 011000]
2170	11	011005	011000	44	25.0	4.0	0,960	true	[011005, 011006, 011002, 011000]
2171	11	011005	011000	45	30.0	4.0	0,903	true	[011005, 011006, 011002, 011004, 011000]
2172	11	011005	011000	46	26.0	4.0	0,867	true	[011005, 011006, 011002, 011004, 011003, 011000]
2173	11	011005	011000	47	28.0	4.0	0,941	true	[011005, 011006, 011003, 011000]
2174	11	011005	011000	48	26.0	4.0	0,885	true	[011005, 011006, 011003, 011004, 011000]
2175	11	011005	011000	49	25.0	4.0	0,885	true	[011005, 011006, 011003, 011004, 011002, 011000]
2176	11	011005	011000	50	53.0	4.0	0,951	true	[011005, 011006, 011004, 011000]
2177	11	011005	011000	51	25.0	4.0	0,951	true	[011005, 011006, 011004, 011002, 011000]
2178	11	011005	011000	52	26.0	4.0	0,912	true	[011005, 011006, 011004, 011003, 011000]
2179	11	011005	011004	53	30.0	4.0	0,841	true	[011005, 011000, 011001, 011006, 011002, 011004]
2180	11	011005	011004	54	26.0	4.0	0,823	true	[011005, 011000, 011001, 011006, 011003, 011004]
2181	11	011005	011004	55	48.0	5.0	0,885	true	[011005, 011000, 011001, 011006, 011004]
2182	11	011005	011004	56	25.0	4.0	0,922	true	[011005, 011000, 011002, 011004]
2183	11	011005	011004	57	25.0	4.0	0,832	true	[011005, 011000, 011002, 011006, 011003, 011004]
2184	11	011005	011004	58	25.0	5.0	0,894	true	[011005, 011000, 011002, 011006, 011004]
2185	11	011005	011004	59	26.0	5.0	0,884	true	[011005, 011000, 011003, 011004]
2186	11	011005	011004	60	28.0	4.0	0,832	true	[011005, 011000, 011003, 011006, 011002, 011004]
2187	11	011005	011004	61	28.0	4.0	0,876	true	[011005, 011000, 011003, 011006, 011004]
2188	11	011005	011004	62	61.0	5.0	0,922	true	[011005, 011000, 011004]
2189	11	011005	011004	63	30.0	4.0	0,867	true	[011005, 011000, 011006, 011002, 011004]
2190	11	011005	011004	64	26.0	4.0	0,849	true	[011005, 011000, 011006, 011003, 011004]
2191	11	011005	011004	65	35.0	5.0	0,912	true	[011005, 011000, 011006, 011004]
2192	11	011005	011004	66	25.0	4.0	0,867	true	[011005, 011002, 011000, 011001, 011006, 011003, 011004]
2193	11	011005	011004	67	25.0	5.0	0,931	true	[011005, 011002, 011000, 011001, 011006, 011004]
2194	11	011005	011004	68	25.0	5.0	0,931	true	[011005, 011002, 011000, 011003, 011004]
2195	11	011005	011004	69	25.0	4.0	0,922	true	[011005, 011002, 011000, 011003, 011006, 011004]
2196	11	011005	011004	70	25.0	5.0	0,970	true	[011005, 011002, 011000, 011004]
2197	11	011005	011004	71	25.0	4.0	0,894	true	[011005, 011002, 011000, 011006, 011003, 011004]
2198	11	011005	011004	72	25.0	5.0	0,960	true	[011005, 011002, 011000, 011006, 011004]
2199	11	011005	011004	73	31.0	4.0	0,970	true	[011005, 011002, 011004]
2200	11	011005	011004	74	26.0	5.0	0,876	true	[011005, 011002, 011006, 011000, 011003, 011004]
2201	11	011005	011004	75	30.0	5.0	0,913	true	[011005, 011002, 011006, 011000, 011004]
2202	11	011005	011004	76	26.0	5.0	0,849	true	[011005, 011002, 011006, 011001, 011000, 011003, 011004]
2203	11	011005	011004	77	30.0	5.0	0,885	true	[011005, 011002, 011006, 011001, 011000, 011004]
2204	11	011005	011004	78	28.0	4.0	0,876	true	[011005, 011002, 011006, 011003, 011000, 011004]
2205	11	011005	011004	79	26.0	4.0	0,876	true	[011005, 011002, 011006, 011003, 011004]
2206	11	011005	011004	80	30.0	5.0	0,941	true	[011005, 011002, 011006, 011004]
2207	11	011005	011004	81	28.0	4.0	0,859	true	[011005, 011003, 011000, 011001, 011006, 011002, 011004]
2208	11	011005	011004	82	28.0	7.0	0,904	true	[011005, 011003, 011000, 011001, 011006, 011004]
2209	11	011005	011004	83	25.0	4.0	0,941	true	[011005, 011003, 011000, 011002, 011004]
2210	11	011005	011004	84	25.0	7.0	0,913	true	[011005, 011003, 011000, 011002, 011006, 011004]
2211	11	011005	011004	85	28.0	7.0	0,941	true	[011005, 011003, 011000, 011004]
2212	11	011005	011004	86	28.0	4.0	0,885	true	[011005, 011003, 011000, 011006, 011002, 011004]
2213	11	011005	011004	87	28.0	7.0	0,932	true	[011005, 011003, 011000, 011006, 011004]
2214	11	011005	011004	88	26.0	7.0	0,941	true	[011005, 011003, 011004]
2215	11	011005	011004	89	25.0	4.0	0,903	true	[011005, 011003, 011006, 011000, 011002, 011004]
2216	11	011005	011004	90	35.0	4.0	0,903	true	[011005, 011003, 011006, 011000, 011004]
2217	11	011005	011004	91	25.0	4.0	0,876	true	[011005, 011003, 011006, 011001, 011000, 011002, 011004]
2218	11	011005	011004	92	48.0	4.0	0,876	true	[011005, 011003, 011006, 011001, 011000, 011004]
2219	11	011005	011004	93	25.0	4.0	0,885	true	[011005, 011003, 011006, 011002, 011000, 011004]
2220	11	011005	011004	94	30.0	4.0	0,885	true	[011005, 011003, 011006, 011002, 011004]
2221	11	011005	011004	95	54.0	4.0	0,931	true	[011005, 011003, 011006, 011004]
2222	11	011005	011004	96	15.0	3.0	1,000	true	[011005, 011004]
2223	11	011005	011004	97	25.0	4.0	0,951	true	[011005, 011006, 011000, 011002, 011004]
2224	11	011005	011004	98	26.0	4.0	0,912	true	[011005, 011006, 011000, 011003, 011004]
2225	11	011005	011004	99	35.0	4.0	0,951	true	[011005, 011006, 011000, 011004]
2226	11	011005	011004	100	25.0	4.0	0,922	true	[011005, 011006, 011001, 011000, 011002, 011004]
2227	11	011005	011004	101	48.0	4.0	0,922	true	[011005, 011006, 011001, 011000, 011004]
2228	11	011005	011004	102	53.0	4.0	0,980	true	[011005, 011006, 011004]
2229	12	012005	012004	0	23.0	5.0	0,903	true	[012005, 012000, 012001, 012002, 012004]
2230	12	012005	012004	1	32.0	5.0	0,867	true	[012005, 012000, 012001, 012003, 012002, 012004]
2231	12	012005	012004	2	47.0	6.0	0,913	true	[012005, 012000, 012001, 012004]
2232	12	012005	012004	3	6.0	5.0	0,885	true	[012005, 012000, 012002, 012001, 012004]
2233	12	012005	012004	4	6.0	5.0	0,849	true	[012005, 012000, 012002, 012003, 012001, 012004]
2234	12	012005	012004	5	6.0	5.0	0,912	true	[012005, 012000, 012002, 012004]
2235	12	012005	012004	6	14.0	5.0	0,922	true	[012005, 012000, 012003, 012001, 012002, 012004]
2236	12	012005	012004	7	14.0	6.0	0,931	true	[012005, 012000, 012003, 012001, 012004]
2237	12	012005	012004	8	14.0	5.0	0,876	true	[012005, 012000, 012003, 012002, 012001, 012004]
2238	12	012005	012004	9	14.0	5.0	0,903	true	[012005, 012000, 012003, 012002, 012004]
2239	12	012005	012004	10	43.0	6.0	0,950	true	[012005, 012000, 012004]
2240	12	012005	012004	11	7.0	3.0	0,867	true	[012005, 012000, 012006, 012001, 012002, 012004]
2241	12	012005	012004	12	7.0	3.0	0,832	true	[012005, 012000, 012006, 012001, 012003, 012002, 012004]
2242	12	012005	012004	13	7.0	3.0	0,876	true	[012005, 012000, 012006, 012001, 012004]
2243	12	012005	012004	14	6.0	5.0	0,885	true	[012005, 012001, 012000, 012002, 012004]
2244	12	012005	012004	15	8.0	5.0	0,876	true	[012005, 012001, 012000, 012003, 012002, 012004]
2245	12	012005	012004	16	8.0	9.0	0,922	true	[012005, 012001, 012000, 012004]
2246	12	012005	012004	17	6.0	5.0	0,894	true	[012005, 012001, 012002, 012000, 012004]
2247	12	012005	012004	18	8.0	5.0	0,885	true	[012005, 012001, 012002, 012003, 012000, 012004]
2248	12	012005	012004	19	8.0	5.0	0,931	true	[012005, 012001, 012002, 012004]
2249	12	012005	012004	20	6.0	5.0	0,903	true	[012005, 012001, 012003, 012000, 012002, 012004]
2250	12	012005	012004	21	8.0	6.0	0,941	true	[012005, 012001, 012003, 012000, 012004]
2251	12	012005	012004	22	6.0	5.0	0,858	true	[012005, 012001, 012003, 012002, 012000, 012004]
2252	12	012005	012004	23	8.0	5.0	0,894	true	[012005, 012001, 012003, 012002, 012004]
2253	12	012005	012004	24	8.0	7.0	0,941	true	[012005, 012001, 012004]
2254	12	012005	012004	25	6.0	3.0	0,849	true	[012005, 012001, 012006, 012000, 012002, 012004]
2255	12	012005	012004	26	7.0	3.0	0,841	true	[012005, 012001, 012006, 012000, 012003, 012002, 012004]
2256	12	012005	012004	27	7.0	3.0	0,885	true	[012005, 012001, 012006, 012000, 012004]
2257	12	012005	012004	28	5.0	5.0	0,903	true	[012005, 012003, 012000, 012001, 012002, 012004]
2258	12	012005	012004	29	5.0	6.0	0,913	true	[012005, 012003, 012000, 012001, 012004]
2259	12	012005	012004	30	5.0	5.0	0,885	true	[012005, 012003, 012000, 012002, 012001, 012004]
2260	12	012005	012004	31	5.0	5.0	0,912	true	[012005, 012003, 012000, 012002, 012004]
2261	12	012005	012004	32	5.0	6.0	0,950	true	[012005, 012003, 012000, 012004]
2262	12	012005	012004	33	5.0	3.0	0,867	true	[012005, 012003, 012000, 012006, 012001, 012002, 012004]
2263	12	012005	012004	34	5.0	3.0	0,876	true	[012005, 012003, 012000, 012006, 012001, 012004]
2264	12	012005	012004	35	5.0	5.0	0,876	true	[012005, 012003, 012001, 012000, 012002, 012004]
2265	12	012005	012004	36	5.0	8.0	0,913	true	[012005, 012003, 012001, 012000, 012004]
2266	12	012005	012004	37	5.0	5.0	0,885	true	[012005, 012003, 012001, 012002, 012000, 012004]
2267	12	012005	012004	38	5.0	5.0	0,922	true	[012005, 012003, 012001, 012002, 012004]
2268	12	012005	012004	39	5.0	7.0	0,931	true	[012005, 012003, 012001, 012004]
2269	12	012005	012004	40	5.0	3.0	0,841	true	[012005, 012003, 012001, 012006, 012000, 012002, 012004]
2270	12	012005	012004	41	5.0	3.0	0,876	true	[012005, 012003, 012001, 012006, 012000, 012004]
2271	12	012005	012004	42	5.0	5.0	0,832	true	[012005, 012003, 012002, 012000, 012001, 012004]
2272	12	012005	012004	43	5.0	5.0	0,867	true	[012005, 012003, 012002, 012000, 012004]
2273	12	012005	012004	44	5.0	3.0	0,799	true	[012005, 012003, 012002, 012000, 012006, 012001, 012004]
2274	12	012005	012004	45	5.0	5.0	0,858	true	[012005, 012003, 012002, 012001, 012000, 012004]
2275	12	012005	012004	46	5.0	5.0	0,876	true	[012005, 012003, 012002, 012001, 012004]
2276	12	012005	012004	47	5.0	3.0	0,824	true	[012005, 012003, 012002, 012001, 012006, 012000, 012004]
2277	12	012005	012004	48	5.0	5.0	0,903	true	[012005, 012003, 012002, 012004]
2278	12	012005	012004	49	74.0	8.0	1,000	true	[012005, 012004]
2279	13	013006	013000	0	36.0	10.0	0,990	true	[013006, 013000]
2280	13	013006	013000	1	17.0	4.0	0,922	true	[013006, 013002, 013003, 013000]
2281	13	013006	013000	2	17.0	4.0	0,885	true	[013006, 013002, 013003, 013001, 013004, 013000]
2282	13	013006	013000	3	17.0	3.0	0,876	true	[013006, 013002, 013003, 013001, 013005, 013000]
2283	13	013006	013000	4	17.0	4.0	0,876	true	[013006, 013002, 013003, 013004, 013000]
2284	13	013006	013000	5	17.0	3.0	0,850	true	[013006, 013002, 013003, 013004, 013001, 013005, 013000]
2285	13	013006	013000	6	17.0	4.0	0,904	true	[013006, 013002, 013003, 013005, 013000]
2286	13	013006	013000	7	17.0	3.0	0,841	true	[013006, 013002, 013003, 013005, 013001, 013004, 013000]
2287	13	013006	013000	8	25.0	4.0	0,941	true	[013006, 013002, 013004, 013000]
2288	13	013006	013000	9	25.0	4.0	0,922	true	[013006, 013002, 013004, 013001, 013003, 013000]
2289	13	013006	013000	10	21.0	4.0	0,904	true	[013006, 013002, 013004, 013001, 013003, 013005, 013000]
2290	13	013006	013000	11	25.0	3.0	0,913	true	[013006, 013002, 013004, 013001, 013005, 013000]
2291	13	013006	013000	12	21.0	3.0	0,876	true	[013006, 013002, 013004, 013001, 013005, 013003, 013000]
2292	13	013006	013000	13	25.0	4.0	0,912	true	[013006, 013002, 013004, 013003, 013000]
2293	13	013006	013000	14	25.0	3.0	0,867	true	[013006, 013002, 013004, 013003, 013001, 013005, 013000]
2294	13	013006	013000	15	21.0	4.0	0,894	true	[013006, 013002, 013004, 013003, 013005, 013000]
2295	13	013006	013000	16	29.0	5.0	0,931	true	[013006, 013003, 013000]
2296	13	013006	013000	17	28.0	4.0	0,894	true	[013006, 013003, 013001, 013004, 013000]
2297	13	013006	013000	18	36.0	3.0	0,885	true	[013006, 013003, 013001, 013005, 013000]
2298	13	013006	013000	19	17.0	4.0	0,894	true	[013006, 013003, 013002, 013004, 013000]
2299	13	013006	013000	20	17.0	3.0	0,867	true	[013006, 013003, 013002, 013004, 013001, 013005, 013000]
2300	13	013006	013000	21	36.0	4.0	0,885	true	[013006, 013003, 013004, 013000]
2301	13	013006	013000	22	28.0	3.0	0,858	true	[013006, 013003, 013004, 013001, 013005, 013000]
2302	13	013006	013000	23	21.0	6.0	0,913	true	[013006, 013003, 013005, 013000]
2303	13	013006	013000	24	21.0	3.0	0,850	true	[013006, 013003, 013005, 013001, 013004, 013000]
2304	13	013006	013000	25	23.0	4.0	0,941	true	[013006, 013004, 013000]
2305	13	013006	013000	26	23.0	4.0	0,922	true	[013006, 013004, 013001, 013003, 013000]
2306	13	013006	013000	27	21.0	4.0	0,904	true	[013006, 013004, 013001, 013003, 013005, 013000]
2307	13	013006	013000	28	23.0	3.0	0,913	true	[013006, 013004, 013001, 013005, 013000]
2308	13	013006	013000	29	21.0	3.0	0,876	true	[013006, 013004, 013001, 013005, 013003, 013000]
2309	13	013006	013000	30	17.0	5.0	0,922	true	[013006, 013004, 013002, 013003, 013000]
2310	13	013006	013000	31	17.0	3.0	0,876	true	[013006, 013004, 013002, 013003, 013001, 013005, 013000]
2311	13	013006	013000	32	17.0	5.0	0,904	true	[013006, 013004, 013002, 013003, 013005, 013000]
2312	13	013006	013000	33	23.0	5.0	0,912	true	[013006, 013004, 013003, 013000]
2313	13	013006	013000	34	23.0	3.0	0,867	true	[013006, 013004, 013003, 013001, 013005, 013000]
2314	13	013006	013000	35	21.0	5.0	0,894	true	[013006, 013004, 013003, 013005, 013000]
2315	13	013006	013000	36	56.0	6.0	0,951	true	[013006, 013005, 013000]
2316	13	013006	013000	37	29.0	3.0	0,885	true	[013006, 013005, 013001, 013003, 013000]
2317	13	013006	013000	38	17.0	3.0	0,850	true	[013006, 013005, 013001, 013003, 013002, 013004, 013000]
2318	13	013006	013000	39	36.0	3.0	0,841	true	[013006, 013005, 013001, 013003, 013004, 013000]
2319	13	013006	013000	40	28.0	3.0	0,885	true	[013006, 013005, 013001, 013004, 013000]
2320	13	013006	013000	41	17.0	3.0	0,867	true	[013006, 013005, 013001, 013004, 013002, 013003, 013000]
2321	13	013006	013000	42	28.0	3.0	0,858	true	[013006, 013005, 013001, 013004, 013003, 013000]
2322	13	013006	013000	43	21.0	5.0	0,913	true	[013006, 013005, 013003, 013000]
2323	13	013006	013000	44	21.0	4.0	0,876	true	[013006, 013005, 013003, 013001, 013004, 013000]
2324	13	013006	013000	45	17.0	4.0	0,876	true	[013006, 013005, 013003, 013002, 013004, 013000]
2325	13	013006	013000	46	21.0	4.0	0,867	true	[013006, 013005, 013003, 013004, 013000]
2326	13	013006	013001	47	29.0	4.0	0,931	true	[013006, 013000, 013003, 013001]
2327	13	013006	013001	48	17.0	5.0	0,913	true	[013006, 013000, 013003, 013002, 013004, 013001]
2328	13	013006	013001	49	28.0	5.0	0,903	true	[013006, 013000, 013003, 013004, 013001]
2329	13	013006	013001	50	21.0	3.0	0,885	true	[013006, 013000, 013003, 013005, 013001]
2330	13	013006	013001	51	28.0	4.0	0,931	true	[013006, 013000, 013004, 013001]
2331	13	013006	013001	52	17.0	4.0	0,894	true	[013006, 013000, 013004, 013002, 013003, 013001]
2332	13	013006	013001	53	17.0	3.0	0,850	true	[013006, 013000, 013004, 013002, 013003, 013005, 013001]
2333	13	013006	013001	54	36.0	4.0	0,885	true	[013006, 013000, 013004, 013003, 013001]
2334	13	013006	013001	55	21.0	3.0	0,841	true	[013006, 013000, 013004, 013003, 013005, 013001]
2335	13	013006	013001	56	36.0	3.0	0,922	true	[013006, 013000, 013005, 013001]
2336	13	013006	013001	57	21.0	4.0	0,913	true	[013006, 013000, 013005, 013003, 013001]
2337	13	013006	013001	58	17.0	5.0	0,895	true	[013006, 013000, 013005, 013003, 013002, 013004, 013001]
2338	13	013006	013001	59	21.0	5.0	0,885	true	[013006, 013000, 013005, 013003, 013004, 013001]
2339	13	013006	013001	60	17.0	4.0	0,867	true	[013006, 013002, 013003, 013000, 013004, 013001]
2340	13	013006	013001	61	17.0	3.0	0,858	true	[013006, 013002, 013003, 013000, 013005, 013001]
2341	13	013006	013001	62	17.0	4.0	0,941	true	[013006, 013002, 013003, 013001]
2342	13	013006	013001	63	17.0	3.0	0,816	true	[013006, 013002, 013003, 013004, 013000, 013005, 013001]
2343	13	013006	013001	64	17.0	4.0	0,913	true	[013006, 013002, 013003, 013004, 013001]
2344	13	013006	013001	65	17.0	4.0	0,850	true	[013006, 013002, 013003, 013005, 013000, 013004, 013001]
2345	13	013006	013001	66	17.0	3.0	0,894	true	[013006, 013002, 013003, 013005, 013001]
2346	13	013006	013001	67	25.0	4.0	0,885	true	[013006, 013002, 013004, 013000, 013003, 013001]
2347	13	013006	013001	68	21.0	3.0	0,841	true	[013006, 013002, 013004, 013000, 013003, 013005, 013001]
2348	13	013006	013001	69	25.0	3.0	0,876	true	[013006, 013002, 013004, 013000, 013005, 013001]
2349	13	013006	013001	70	21.0	4.0	0,867	true	[013006, 013002, 013004, 013000, 013005, 013003, 013001]
2350	13	013006	013001	71	25.0	4.0	0,980	true	[013006, 013002, 013004, 013001]
2351	13	013006	013001	72	25.0	3.0	0,850	true	[013006, 013002, 013004, 013003, 013000, 013005, 013001]
2352	13	013006	013001	73	25.0	4.0	0,931	true	[013006, 013002, 013004, 013003, 013001]
2353	13	013006	013001	74	21.0	3.0	0,885	true	[013006, 013002, 013004, 013003, 013005, 013001]
2354	13	013006	013001	75	28.0	4.0	0,876	true	[013006, 013003, 013000, 013004, 013001]
2355	13	013006	013001	76	29.0	3.0	0,867	true	[013006, 013003, 013000, 013005, 013001]
2356	13	013006	013001	77	55.0	4.0	0,951	true	[013006, 013003, 013001]
2357	13	013006	013001	78	17.0	3.0	0,832	true	[013006, 013003, 013002, 013004, 013000, 013005, 013001]
2358	13	013006	013001	79	17.0	5.0	0,931	true	[013006, 013003, 013002, 013004, 013001]
2359	13	013006	013001	80	36.0	3.0	0,824	true	[013006, 013003, 013004, 013000, 013005, 013001]
2360	13	013006	013001	81	28.0	5.0	0,922	true	[013006, 013003, 013004, 013001]
2361	13	013006	013001	82	21.0	4.0	0,858	true	[013006, 013003, 013005, 013000, 013004, 013001]
2362	13	013006	013001	83	21.0	3.0	0,903	true	[013006, 013003, 013005, 013001]
2363	13	013006	013001	84	23.0	4.0	0,885	true	[013006, 013004, 013000, 013003, 013001]
2364	13	013006	013001	85	21.0	3.0	0,841	true	[013006, 013004, 013000, 013003, 013005, 013001]
2365	13	013006	013001	86	23.0	3.0	0,876	true	[013006, 013004, 013000, 013005, 013001]
2366	13	013006	013001	87	21.0	4.0	0,867	true	[013006, 013004, 013000, 013005, 013003, 013001]
2367	13	013006	013001	88	23.0	5.0	0,980	true	[013006, 013004, 013001]
2368	13	013006	013001	89	17.0	3.0	0,858	true	[013006, 013004, 013002, 013003, 013000, 013005, 013001]
2369	13	013006	013001	90	17.0	4.0	0,941	true	[013006, 013004, 013002, 013003, 013001]
2370	13	013006	013001	91	17.0	3.0	0,894	true	[013006, 013004, 013002, 013003, 013005, 013001]
2371	13	013006	013001	92	23.0	3.0	0,850	true	[013006, 013004, 013003, 013000, 013005, 013001]
2372	13	013006	013001	93	23.0	4.0	0,931	true	[013006, 013004, 013003, 013001]
2373	13	013006	013001	94	21.0	3.0	0,885	true	[013006, 013004, 013003, 013005, 013001]
2374	13	013006	013001	95	29.0	4.0	0,894	true	[013006, 013005, 013000, 013003, 013001]
2375	13	013006	013001	96	17.0	5.0	0,876	true	[013006, 013005, 013000, 013003, 013002, 013004, 013001]
2376	13	013006	013001	97	28.0	5.0	0,867	true	[013006, 013005, 013000, 013003, 013004, 013001]
2377	13	013006	013001	98	28.0	4.0	0,894	true	[013006, 013005, 013000, 013004, 013001]
2378	13	013006	013001	99	17.0	4.0	0,858	true	[013006, 013005, 013000, 013004, 013002, 013003, 013001]
2379	13	013006	013001	100	36.0	4.0	0,850	true	[013006, 013005, 013000, 013004, 013003, 013001]
2380	13	013006	013001	101	36.0	3.0	0,941	true	[013006, 013005, 013001]
2381	-1	000003	001005	0	125.0	44.0	0,997	true	[000003, 001005]
2382	-1	000006	002005	0	150.0	25.0	0,998	true	[000006, 002005]
2383	-1	000002	007000	0	100.0	29.0	0,996	true	[000002, 007000]
2384	-1	001002	002003	0	125.0	43.0	0,995	true	[001002, 002003]
2385	-1	001006	003004	0	140.0	36.0	0,997	true	[001006, 003004]
2386	-1	002006	005005	0	130.0	26.0	0,998	true	[002006, 005005]
2387	-1	003003	004000	0	115.0	23.0	0,996	true	[003003, 004000]
2388	-1	003001	010000	0	150.0	42.0	0,995	true	[003001, 010000]
2389	-1	004005	005003	0	145.0	33.0	0,995	true	[004005, 005003]
2390	-1	004002	006004	0	105.0	48.0	0,996	true	[004002, 006004]
2391	-1	005006	009006	0	115.0	50.0	0,997	true	[005006, 009006]
2392	-1	005000	012005	0	120.0	28.0	0,998	true	[005000, 012005]
2393	-1	006000	007003	0	105.0	26.0	0,999	true	[006000, 007003]
2394	-1	007004	008004	0	150.0	45.0	0,999	true	[007004, 008004]
2395	-1	008002	009003	0	145.0	37.0	0,996	true	[008002, 009003]
2396	-1	008001	011005	0	125.0	41.0	0,999	true	[008001, 011005]
2397	-1	008006	013006	0	115.0	36.0	0,998	true	[008006, 013006]
2398	-1	010003	011000	0	150.0	34.0	0,996	true	[010003, 011000]
2399	-1	010002	013000	0	145.0	39.0	0,995	true	[010002, 013000]
2400	-1	011004	013001	0	135.0	30.0	0,999	true	[011004, 013001]
2401	-1	012004	013003	0	135.0	43.0	0,998	true	[012004, 013003]
