TransactionId	ASId	Ingress	Egress	PathletId	Bandwidth	Delay	Reliability	Status	Full Path
5276	0	000000	000003	0	19.0	8.0	0,931	true	[000000, 000001, 000002, 000003]
5277	0	000000	000003	1	12.0	3.0	0,841	true	[000000, 000001, 000002, 000004, 000005, 000006, 000003]
5278	0	000000	000003	2	12.0	3.0	0,800	true	[000000, 000001, 000002, 000004, 000005, 000006, 000007, 000008, 000009, 000003]
5279	0	000000	000003	3	12.0	3.0	0,833	true	[000000, 000001, 000002, 000004, 000005, 000006, 000007, 000009, 000003]
5280	0	000000	000003	4	12.0	3.0	0,784	true	[000000, 000001, 000002, 000004, 000005, 000006, 000008, 000007, 000009, 000003]
5281	0	000000	000003	5	12.0	3.0	0,783	true	[000000, 000001, 000002, 000004, 000005, 000006, 000008, 000009, 000003]
5282	0	000000	000003	6	12.0	3.0	0,825	true	[000000, 000001, 000002, 000004, 000005, 000006, 000009, 000003]
5283	0	000000	000003	7	12.0	5.0	0,841	true	[000000, 000001, 000002, 000004, 000005, 000008, 000006, 000003]
5284	0	000000	000003	8	12.0	3.0	0,833	true	[000000, 000001, 000002, 000004, 000005, 000008, 000006, 000007, 000009, 000003]
5285	0	000000	000003	9	12.0	3.0	0,825	true	[000000, 000001, 000002, 000004, 000005, 000008, 000006, 000009, 000003]
5286	0	000000	000003	10	12.0	3.0	0,859	true	[000000, 000001, 000002, 000004, 000005, 000008, 000007, 000006, 000003]
5287	0	000000	000003	11	12.0	3.0	0,842	true	[000000, 000001, 000002, 000004, 000005, 000008, 000007, 000006, 000009, 000003]
5288	0	000000	000003	12	12.0	3.0	0,850	true	[000000, 000001, 000002, 000004, 000005, 000008, 000007, 000009, 000003]
5289	0	000000	000003	13	12.0	5.0	0,833	true	[000000, 000001, 000002, 000004, 000005, 000008, 000007, 000009, 000006, 000003]
5290	0	000000	000003	14	12.0	3.0	0,850	true	[000000, 000001, 000002, 000004, 000005, 000008, 000009, 000003]
5291	0	000000	000003	15	12.0	5.0	0,833	true	[000000, 000001, 000002, 000004, 000005, 000008, 000009, 000006, 000003]
5292	0	000000	000003	16	12.0	3.0	0,842	true	[000000, 000001, 000002, 000004, 000005, 000008, 000009, 000007, 000006, 000003]
5293	0	000000	000003	17	12.0	3.0	0,859	true	[000000, 000001, 000002, 000004, 000005, 000009, 000003]
5294	0	000000	000003	18	12.0	5.0	0,842	true	[000000, 000001, 000002, 000004, 000005, 000009, 000006, 000003]
5295	0	000000	000003	19	12.0	3.0	0,850	true	[000000, 000001, 000002, 000004, 000005, 000009, 000007, 000006, 000003]
5296	0	000000	000003	20	12.0	5.0	0,800	true	[000000, 000001, 000002, 000004, 000005, 000009, 000007, 000008, 000006, 000003]
5297	0	000000	000003	21	12.0	5.0	0,800	true	[000000, 000001, 000002, 000004, 000005, 000009, 000008, 000006, 000003]
5298	0	000000	000003	22	12.0	3.0	0,816	true	[000000, 000001, 000002, 000004, 000005, 000009, 000008, 000007, 000006, 000003]
5299	0	000000	000003	23	12.0	5.0	0,850	true	[000000, 000001, 000002, 000004, 000006, 000003]
5300	0	000000	000003	24	12.0	3.0	0,791	true	[000000, 000001, 000002, 000004, 000006, 000005, 000008, 000007, 000009, 000003]
5301	0	000000	000003	25	12.0	3.0	0,791	true	[000000, 000001, 000002, 000004, 000006, 000005, 000008, 000009, 000003]
5302	0	000000	000003	26	12.0	3.0	0,799	true	[000000, 000001, 000002, 000004, 000006, 000005, 000009, 000003]
5303	0	000000	000003	27	12.0	3.0	0,816	true	[000000, 000001, 000002, 000004, 000006, 000007, 000008, 000005, 000009, 000003]
5304	0	000000	000003	28	12.0	3.0	0,808	true	[000000, 000001, 000002, 000004, 000006, 000007, 000008, 000009, 000003]
5305	0	000000	000003	29	12.0	3.0	0,841	true	[000000, 000001, 000002, 000004, 000006, 000007, 000009, 000003]
5306	0	000000	000003	30	12.0	3.0	0,799	true	[000000, 000001, 000002, 000004, 000006, 000008, 000005, 000009, 000003]
5307	0	000000	000003	31	12.0	3.0	0,791	true	[000000, 000001, 000002, 000004, 000006, 000008, 000007, 000009, 000003]
5308	0	000000	000003	32	12.0	3.0	0,791	true	[000000, 000001, 000002, 000004, 000006, 000008, 000009, 000003]
5309	0	000000	000003	33	12.0	3.0	0,833	true	[000000, 000001, 000002, 000004, 000006, 000009, 000003]
5310	0	000000	000003	34	12.0	3.0	0,894	true	[000000, 000001, 000002, 000004, 000007, 000006, 000003]
5311	0	000000	000003	35	12.0	3.0	0,833	true	[000000, 000001, 000002, 000004, 000007, 000006, 000005, 000008, 000009, 000003]
5312	0	000000	000003	36	12.0	3.0	0,841	true	[000000, 000001, 000002, 000004, 000007, 000006, 000005, 000009, 000003]
5313	0	000000	000003	37	12.0	3.0	0,841	true	[000000, 000001, 000002, 000004, 000007, 000006, 000008, 000005, 000009, 000003]
5314	0	000000	000003	38	12.0	3.0	0,833	true	[000000, 000001, 000002, 000004, 000007, 000006, 000008, 000009, 000003]
5315	0	000000	000003	39	12.0	3.0	0,876	true	[000000, 000001, 000002, 000004, 000007, 000006, 000009, 000003]
5316	0	000000	000003	40	12.0	3.0	0,841	true	[000000, 000001, 000002, 000004, 000007, 000008, 000005, 000006, 000003]
5317	0	000000	000003	41	12.0	3.0	0,825	true	[000000, 000001, 000002, 000004, 000007, 000008, 000005, 000006, 000009, 000003]
5318	0	000000	000003	42	12.0	3.0	0,859	true	[000000, 000001, 000002, 000004, 000007, 000008, 000005, 000009, 000003]
5319	0	000000	000003	43	12.0	5.0	0,842	true	[000000, 000001, 000002, 000004, 000007, 000008, 000005, 000009, 000006, 000003]
5320	0	000000	000003	44	12.0	5.0	0,841	true	[000000, 000001, 000002, 000004, 000007, 000008, 000006, 000003]
5321	0	000000	000003	45	12.0	3.0	0,792	true	[000000, 000001, 000002, 000004, 000007, 000008, 000006, 000005, 000009, 000003]
5322	0	000000	000003	46	12.0	3.0	0,825	true	[000000, 000001, 000002, 000004, 000007, 000008, 000006, 000009, 000003]
5323	0	000000	000003	47	12.0	3.0	0,850	true	[000000, 000001, 000002, 000004, 000007, 000008, 000009, 000003]
5324	0	000000	000003	48	12.0	3.0	0,800	true	[000000, 000001, 000002, 000004, 000007, 000008, 000009, 000005, 000006, 000003]
5325	0	000000	000003	49	12.0	5.0	0,833	true	[000000, 000001, 000002, 000004, 000007, 000008, 000009, 000006, 000003]
5326	0	000000	000003	50	12.0	3.0	0,885	true	[000000, 000001, 000002, 000004, 000007, 000009, 000003]
5327	0	000000	000003	51	12.0	3.0	0,833	true	[000000, 000001, 000002, 000004, 000007, 000009, 000005, 000006, 000003]
5328	0	000000	000003	52	12.0	5.0	0,833	true	[000000, 000001, 000002, 000004, 000007, 000009, 000005, 000008, 000006, 000003]
5329	0	000000	000003	53	12.0	5.0	0,868	true	[000000, 000001, 000002, 000004, 000007, 000009, 000006, 000003]
5330	0	000000	000003	54	12.0	3.0	0,824	true	[000000, 000001, 000002, 000004, 000007, 000009, 000008, 000005, 000006, 000003]
5331	0	000000	000003	55	12.0	5.0	0,824	true	[000000, 000001, 000002, 000004, 000007, 000009, 000008, 000006, 000003]
5332	0	000000	000003	56	12.0	3.0	0,833	true	[000000, 000001, 000002, 000004, 000008, 000005, 000006, 000003]
5333	0	000000	000003	57	12.0	3.0	0,824	true	[000000, 000001, 000002, 000004, 000008, 000005, 000006, 000007, 000009, 000003]
5334	0	000000	000003	58	12.0	3.0	0,816	true	[000000, 000001, 000002, 000004, 000008, 000005, 000006, 000009, 000003]
5335	0	000000	000003	59	12.0	3.0	0,850	true	[000000, 000001, 000002, 000004, 000008, 000005, 000009, 000003]
5336	0	000000	000003	60	12.0	4.0	0,833	true	[000000, 000001, 000002, 000004, 000008, 000005, 000009, 000006, 000003]
5337	0	000000	000003	61	12.0	3.0	0,842	true	[000000, 000001, 000002, 000004, 000008, 000005, 000009, 000007, 000006, 000003]
5338	0	000000	000003	62	12.0	4.0	0,833	true	[000000, 000001, 000002, 000004, 000008, 000006, 000003]
5339	0	000000	000003	63	12.0	3.0	0,783	true	[000000, 000001, 000002, 000004, 000008, 000006, 000005, 000009, 000003]
5340	0	000000	000003	64	12.0	3.0	0,824	true	[000000, 000001, 000002, 000004, 000008, 000006, 000007, 000009, 000003]
5341	0	000000	000003	65	12.0	3.0	0,816	true	[000000, 000001, 000002, 000004, 000008, 000006, 000009, 000003]
5342	0	000000	000003	66	12.0	3.0	0,850	true	[000000, 000001, 000002, 000004, 000008, 000007, 000006, 000003]
5343	0	000000	000003	67	12.0	3.0	0,800	true	[000000, 000001, 000002, 000004, 000008, 000007, 000006, 000005, 000009, 000003]
5344	0	000000	000003	68	12.0	3.0	0,833	true	[000000, 000001, 000002, 000004, 000008, 000007, 000006, 000009, 000003]
5345	0	000000	000003	69	12.0	3.0	0,842	true	[000000, 000001, 000002, 000004, 000008, 000007, 000009, 000003]
5346	0	000000	000003	70	12.0	3.0	0,792	true	[000000, 000001, 000002, 000004, 000008, 000007, 000009, 000005, 000006, 000003]
5347	0	000000	000003	71	12.0	4.0	0,825	true	[000000, 000001, 000002, 000004, 000008, 000007, 000009, 000006, 000003]
5348	0	000000	000003	72	12.0	3.0	0,841	true	[000000, 000001, 000002, 000004, 000008, 000009, 000003]
5349	0	000000	000003	73	12.0	3.0	0,792	true	[000000, 000001, 000002, 000004, 000008, 000009, 000005, 000006, 000003]
5350	0	000000	000003	74	12.0	4.0	0,825	true	[000000, 000001, 000002, 000004, 000008, 000009, 000006, 000003]
5351	0	000000	000003	75	12.0	3.0	0,833	true	[000000, 000001, 000002, 000004, 000008, 000009, 000007, 000006, 000003]
5352	0	000000	000003	76	28.0	5.0	0,841	true	[000000, 000001, 000002, 000005, 000004, 000006, 000003]
5353	0	000000	000003	77	28.0	3.0	0,800	true	[000000, 000001, 000002, 000005, 000004, 000006, 000007, 000008, 000009, 000003]
5354	0	000000	000003	78	28.0	3.0	0,833	true	[000000, 000001, 000002, 000005, 000004, 000006, 000007, 000009, 000003]
5355	0	000000	000003	79	28.0	3.0	0,783	true	[000000, 000001, 000002, 000005, 000004, 000006, 000008, 000007, 000009, 000003]
5356	0	000000	000003	80	28.0	3.0	0,783	true	[000000, 000001, 000002, 000005, 000004, 000006, 000008, 000009, 000003]
5357	0	000000	000003	81	28.0	3.0	0,824	true	[000000, 000001, 000002, 000005, 000004, 000006, 000009, 000003]
5358	0	000000	000003	82	28.0	3.0	0,885	true	[000000, 000001, 000002, 000005, 000004, 000007, 000006, 000003]
5359	0	000000	000003	83	28.0	3.0	0,824	true	[000000, 000001, 000002, 000005, 000004, 000007, 000006, 000008, 000009, 000003]
5360	0	000000	000003	84	28.0	3.0	0,868	true	[000000, 000001, 000002, 000005, 000004, 000007, 000006, 000009, 000003]
5361	0	000000	000003	85	28.0	6.0	0,833	true	[000000, 000001, 000002, 000005, 000004, 000007, 000008, 000006, 000003]
5362	0	000000	000003	86	28.0	3.0	0,816	true	[000000, 000001, 000002, 000005, 000004, 000007, 000008, 000006, 000009, 000003]
5363	0	000000	000003	87	28.0	3.0	0,842	true	[000000, 000001, 000002, 000005, 000004, 000007, 000008, 000009, 000003]
5364	0	000000	000003	88	28.0	6.0	0,825	true	[000000, 000001, 000002, 000005, 000004, 000007, 000008, 000009, 000006, 000003]
5365	0	000000	000003	89	28.0	3.0	0,877	true	[000000, 000001, 000002, 000005, 000004, 000007, 000009, 000003]
5366	0	000000	000003	90	28.0	5.0	0,859	true	[000000, 000001, 000002, 000005, 000004, 000007, 000009, 000006, 000003]
5367	0	000000	000003	91	28.0	5.0	0,816	true	[000000, 000001, 000002, 000005, 000004, 000007, 000009, 000008, 000006, 000003]
5368	0	000000	000003	92	28.0	4.0	0,824	true	[000000, 000001, 000002, 000005, 000004, 000008, 000006, 000003]
5369	0	000000	000003	93	28.0	3.0	0,816	true	[000000, 000001, 000002, 000005, 000004, 000008, 000006, 000007, 000009, 000003]
5370	0	000000	000003	94	28.0	3.0	0,808	true	[000000, 000001, 000002, 000005, 000004, 000008, 000006, 000009, 000003]
5371	0	000000	000003	95	28.0	3.0	0,842	true	[000000, 000001, 000002, 000005, 000004, 000008, 000007, 000006, 000003]
5372	0	000000	000003	96	28.0	3.0	0,825	true	[000000, 000001, 000002, 000005, 000004, 000008, 000007, 000006, 000009, 000003]
5373	0	000000	000003	97	28.0	3.0	0,833	true	[000000, 000001, 000002, 000005, 000004, 000008, 000007, 000009, 000003]
5374	0	000000	000003	98	28.0	4.0	0,817	true	[000000, 000001, 000002, 000005, 000004, 000008, 000007, 000009, 000006, 000003]
5375	0	000000	000003	99	28.0	3.0	0,833	true	[000000, 000001, 000002, 000005, 000004, 000008, 000009, 000003]
5376	0	000000	000003	100	28.0	4.0	0,816	true	[000000, 000001, 000002, 000005, 000004, 000008, 000009, 000006, 000003]
5377	0	000000	000003	101	37.0	6.0	0,941	true	[000000, 000001, 000003]
5378	0	000000	000003	102	45.0	10.0	0,950	true	[000000, 000003]
5379	1	001002	001008	0	6.0	3.0	0,790	true	[001002, 001001, 001003, 001000, 001004, 001005, 001007, 001006, 001008]
5380	1	001002	001008	1	19.0	3.0	0,832	true	[001002, 001001, 001003, 001000, 001004, 001005, 001007, 001008]
5381	1	001002	001008	2	19.0	3.0	0,759	true	[001002, 001001, 001003, 001000, 001004, 001005, 001007, 001009, 001008]
5382	1	001002	001008	3	19.0	4.0	0,832	true	[001002, 001001, 001003, 001000, 001004, 001005, 001008]
5383	1	001002	001008	4	6.0	3.0	0,799	true	[001002, 001001, 001003, 001000, 001004, 001005, 001009, 001007, 001006, 001008]
5384	1	001002	001008	5	19.0	3.0	0,840	true	[001002, 001001, 001003, 001000, 001004, 001005, 001009, 001007, 001008]
5385	1	001002	001008	6	19.0	4.0	0,832	true	[001002, 001001, 001003, 001000, 001004, 001005, 001009, 001008]
5386	1	001002	001008	7	6.0	3.0	0,790	true	[001002, 001001, 001003, 001000, 001004, 001009, 001005, 001007, 001006, 001008]
5387	1	001002	001008	8	19.0	3.0	0,832	true	[001002, 001001, 001003, 001000, 001004, 001009, 001005, 001007, 001008]
5388	1	001002	001008	9	19.0	4.0	0,832	true	[001002, 001001, 001003, 001000, 001004, 001009, 001005, 001008]
5389	1	001002	001008	10	19.0	3.0	0,759	true	[001002, 001001, 001003, 001000, 001004, 001009, 001007, 001005, 001008]
5390	1	001002	001008	11	6.0	3.0	0,799	true	[001002, 001001, 001003, 001000, 001004, 001009, 001007, 001006, 001008]
5391	1	001002	001008	12	19.0	3.0	0,840	true	[001002, 001001, 001003, 001000, 001004, 001009, 001007, 001008]
5392	1	001002	001008	13	19.0	4.0	0,832	true	[001002, 001001, 001003, 001000, 001004, 001009, 001008]
5393	1	001002	001008	14	19.0	4.0	0,849	true	[001002, 001001, 001003, 001000, 001008]
5394	1	001002	001008	15	19.0	3.0	0,876	true	[001002, 001001, 001003, 001005, 001004, 001000, 001008]
5395	1	001002	001008	16	6.0	3.0	0,824	true	[001002, 001001, 001003, 001005, 001004, 001009, 001007, 001006, 001008]
5396	1	001002	001008	17	19.0	3.0	0,867	true	[001002, 001001, 001003, 001005, 001004, 001009, 001007, 001008]
5397	1	001002	001008	18	19.0	3.0	0,858	true	[001002, 001001, 001003, 001005, 001004, 001009, 001008]
5398	1	001002	001008	19	6.0	3.0	0,815	true	[001002, 001001, 001003, 001005, 001007, 001006, 001008]
5399	1	001002	001008	20	19.0	3.0	0,858	true	[001002, 001001, 001003, 001005, 001007, 001008]
5400	1	001002	001008	21	19.0	3.0	0,799	true	[001002, 001001, 001003, 001005, 001007, 001009, 001004, 001000, 001008]
5401	1	001002	001008	22	19.0	3.0	0,782	true	[001002, 001001, 001003, 001005, 001007, 001009, 001008]
5402	1	001002	001008	23	19.0	3.0	0,858	true	[001002, 001001, 001003, 001005, 001008]
5403	1	001002	001008	24	19.0	3.0	0,876	true	[001002, 001001, 001003, 001005, 001009, 001004, 001000, 001008]
5404	1	001002	001008	25	6.0	3.0	0,824	true	[001002, 001001, 001003, 001005, 001009, 001007, 001006, 001008]
5405	1	001002	001008	26	19.0	3.0	0,867	true	[001002, 001001, 001003, 001005, 001009, 001007, 001008]
5406	1	001002	001008	27	19.0	3.0	0,858	true	[001002, 001001, 001003, 001005, 001009, 001008]
5407	1	001002	001008	28	5.0	3.0	0,815	true	[001002, 001001, 001003, 001007, 001005, 001004, 001000, 001008]
5408	1	001002	001008	29	5.0	3.0	0,798	true	[001002, 001001, 001003, 001007, 001005, 001004, 001009, 001008]
5409	1	001002	001008	30	5.0	3.0	0,798	true	[001002, 001001, 001003, 001007, 001005, 001008]
5410	1	001002	001008	31	5.0	3.0	0,815	true	[001002, 001001, 001003, 001007, 001005, 001009, 001004, 001000, 001008]
5411	1	001002	001008	32	5.0	3.0	0,798	true	[001002, 001001, 001003, 001007, 001005, 001009, 001008]
5412	1	001002	001008	33	5.0	3.0	0,841	true	[001002, 001001, 001003, 001007, 001006, 001008]
5413	1	001002	001008	34	5.0	4.0	0,885	true	[001002, 001001, 001003, 001007, 001008]
5414	1	001002	001008	35	5.0	3.0	0,824	true	[001002, 001001, 001003, 001007, 001009, 001004, 001000, 001008]
5415	1	001002	001008	36	5.0	3.0	0,807	true	[001002, 001001, 001003, 001007, 001009, 001004, 001005, 001008]
5416	1	001002	001008	37	5.0	3.0	0,824	true	[001002, 001001, 001003, 001007, 001009, 001005, 001004, 001000, 001008]
5417	1	001002	001008	38	5.0	3.0	0,807	true	[001002, 001001, 001003, 001007, 001009, 001005, 001008]
5418	1	001002	001008	39	5.0	3.0	0,807	true	[001002, 001001, 001003, 001007, 001009, 001008]
5419	1	001002	001008	40	19.0	3.0	0,903	true	[001002, 001001, 001003, 001008]
5420	1	001002	001008	41	19.0	4.0	0,840	true	[001002, 001001, 001003, 001009, 001004, 001000, 001008]
5421	1	001002	001008	42	6.0	3.0	0,782	true	[001002, 001001, 001003, 001009, 001004, 001005, 001007, 001006, 001008]
5422	1	001002	001008	43	19.0	3.0	0,823	true	[001002, 001001, 001003, 001009, 001004, 001005, 001007, 001008]
5423	1	001002	001008	44	19.0	4.0	0,823	true	[001002, 001001, 001003, 001009, 001004, 001005, 001008]
5424	1	001002	001008	45	19.0	4.0	0,840	true	[001002, 001001, 001003, 001009, 001005, 001004, 001000, 001008]
5425	1	001002	001008	46	6.0	3.0	0,782	true	[001002, 001001, 001003, 001009, 001005, 001007, 001006, 001008]
5426	1	001002	001008	47	19.0	3.0	0,823	true	[001002, 001001, 001003, 001009, 001005, 001007, 001008]
5427	1	001002	001008	48	19.0	4.0	0,823	true	[001002, 001001, 001003, 001009, 001005, 001008]
5428	1	001002	001008	49	19.0	3.0	0,766	true	[001002, 001001, 001003, 001009, 001007, 001005, 001004, 001000, 001008]
5429	1	001002	001008	50	19.0	3.0	0,751	true	[001002, 001001, 001003, 001009, 001007, 001005, 001008]
5430	1	001002	001008	51	6.0	3.0	0,790	true	[001002, 001001, 001003, 001009, 001007, 001006, 001008]
5431	1	001002	001008	52	19.0	3.0	0,832	true	[001002, 001001, 001003, 001009, 001007, 001008]
5432	1	001002	001008	53	19.0	4.0	0,823	true	[001002, 001001, 001003, 001009, 001008]
5433	1	001002	001008	54	6.0	3.0	0,799	true	[001002, 001001, 001004, 001000, 001003, 001005, 001007, 001006, 001008]
5434	1	001002	001008	55	25.0	3.0	0,841	true	[001002, 001001, 001004, 001000, 001003, 001005, 001007, 001008]
5435	1	001002	001008	56	24.0	3.0	0,767	true	[001002, 001001, 001004, 001000, 001003, 001005, 001007, 001009, 001008]
5436	1	001002	001008	57	25.0	3.0	0,841	true	[001002, 001001, 001004, 001000, 001003, 001005, 001008]
5437	1	001002	001008	58	6.0	3.0	0,807	true	[001002, 001001, 001004, 001000, 001003, 001005, 001009, 001007, 001006, 001008]
5438	1	001002	001008	59	24.0	3.0	0,850	true	[001002, 001001, 001004, 001000, 001003, 001005, 001009, 001007, 001008]
5439	1	001002	001008	60	25.0	3.0	0,841	true	[001002, 001001, 001004, 001000, 001003, 001005, 001009, 001008]
5440	1	001002	001008	61	5.0	3.0	0,783	true	[001002, 001001, 001004, 001000, 001003, 001007, 001005, 001008]
5441	1	001002	001008	62	5.0	3.0	0,783	true	[001002, 001001, 001004, 001000, 001003, 001007, 001005, 001009, 001008]
5442	1	001002	001008	63	5.0	3.0	0,824	true	[001002, 001001, 001004, 001000, 001003, 001007, 001006, 001008]
5443	1	001002	001008	64	5.0	4.0	0,867	true	[001002, 001001, 001004, 001000, 001003, 001007, 001008]
5444	1	001002	001008	65	5.0	3.0	0,791	true	[001002, 001001, 001004, 001000, 001003, 001007, 001009, 001005, 001008]
5445	1	001002	001008	66	5.0	3.0	0,791	true	[001002, 001001, 001004, 001000, 001003, 001007, 001009, 001008]
5446	1	001002	001008	67	25.0	3.0	0,885	true	[001002, 001001, 001004, 001000, 001003, 001008]
5447	1	001002	001008	68	6.0	3.0	0,767	true	[001002, 001001, 001004, 001000, 001003, 001009, 001005, 001007, 001006, 001008]
5448	1	001002	001008	69	25.0	3.0	0,807	true	[001002, 001001, 001004, 001000, 001003, 001009, 001005, 001007, 001008]
5449	1	001002	001008	70	25.0	4.0	0,807	true	[001002, 001001, 001004, 001000, 001003, 001009, 001005, 001008]
5450	1	001002	001008	71	24.0	3.0	0,736	true	[001002, 001001, 001004, 001000, 001003, 001009, 001007, 001005, 001008]
5451	1	001002	001008	72	6.0	3.0	0,775	true	[001002, 001001, 001004, 001000, 001003, 001009, 001007, 001006, 001008]
5452	1	001002	001008	73	24.0	3.0	0,815	true	[001002, 001001, 001004, 001000, 001003, 001009, 001007, 001008]
5453	1	001002	001008	74	25.0	4.0	0,807	true	[001002, 001001, 001004, 001000, 001003, 001009, 001008]
5454	1	001002	001008	75	25.0	4.0	0,903	true	[001002, 001001, 001004, 001000, 001008]
5455	1	001002	001008	76	33.0	3.0	0,858	true	[001002, 001001, 001004, 001005, 001003, 001000, 001008]
5456	1	001002	001008	77	5.0	3.0	0,850	true	[001002, 001001, 001004, 001005, 001003, 001007, 001006, 001008]
5457	1	001002	001008	78	5.0	3.0	0,894	true	[001002, 001001, 001004, 001005, 001003, 001007, 001008]
5458	1	001002	001008	79	5.0	3.0	0,816	true	[001002, 001001, 001004, 001005, 001003, 001007, 001009, 001008]
5459	1	001002	001008	80	36.0	3.0	0,913	true	[001002, 001001, 001004, 001005, 001003, 001008]
5460	1	001002	001008	81	6.0	3.0	0,799	true	[001002, 001001, 001004, 001005, 001003, 001009, 001007, 001006, 001008]
5461	1	001002	001008	82	24.0	3.0	0,841	true	[001002, 001001, 001004, 001005, 001003, 001009, 001007, 001008]
5462	1	001002	001008	83	46.0	3.0	0,832	true	[001002, 001001, 001004, 001005, 001003, 001009, 001008]
5463	1	001002	001008	84	5.0	3.0	0,799	true	[001002, 001001, 001004, 001005, 001007, 001003, 001000, 001008]
5464	1	001002	001008	85	5.0	3.0	0,850	true	[001002, 001001, 001004, 001005, 001007, 001003, 001008]
5465	1	001002	001008	86	5.0	3.0	0,774	true	[001002, 001001, 001004, 001005, 001007, 001003, 001009, 001008]
5466	1	001002	001008	87	6.0	3.0	0,841	true	[001002, 001001, 001004, 001005, 001007, 001006, 001008]
5467	1	001002	001008	88	28.0	3.0	0,885	true	[001002, 001001, 001004, 001005, 001007, 001008]
5468	1	001002	001008	89	24.0	3.0	0,751	true	[001002, 001001, 001004, 001005, 001007, 001009, 001003, 001000, 001008]
5469	1	001002	001008	90	24.0	3.0	0,799	true	[001002, 001001, 001004, 001005, 001007, 001009, 001003, 001008]
5470	1	001002	001008	91	24.0	3.0	0,807	true	[001002, 001001, 001004, 001005, 001007, 001009, 001008]
5471	1	001002	001008	92	36.0	4.0	0,885	true	[001002, 001001, 001004, 001005, 001008]
5472	1	001002	001008	93	33.0	4.0	0,824	true	[001002, 001001, 001004, 001005, 001009, 001003, 001000, 001008]
5473	1	001002	001008	94	5.0	3.0	0,816	true	[001002, 001001, 001004, 001005, 001009, 001003, 001007, 001006, 001008]
5474	1	001002	001008	95	5.0	4.0	0,858	true	[001002, 001001, 001004, 001005, 001009, 001003, 001007, 001008]
5475	1	001002	001008	96	36.0	3.0	0,876	true	[001002, 001001, 001004, 001005, 001009, 001003, 001008]
5476	1	001002	001008	97	5.0	3.0	0,807	true	[001002, 001001, 001004, 001005, 001009, 001007, 001003, 001000, 001008]
5477	1	001002	001008	98	5.0	3.0	0,858	true	[001002, 001001, 001004, 001005, 001009, 001007, 001003, 001008]
5478	1	001002	001008	99	6.0	3.0	0,850	true	[001002, 001001, 001004, 001005, 001009, 001007, 001006, 001008]
5479	1	001002	001008	100	24.0	3.0	0,894	true	[001002, 001001, 001004, 001005, 001009, 001007, 001008]
5480	1	001002	001008	101	46.0	4.0	0,885	true	[001002, 001001, 001004, 001005, 001009, 001008]
5481	1	001002	001008	102	51.0	6.0	0,912	true	[001002, 001001, 001008]
5482	1	001002	001008	103	33.0	5.0	0,960	true	[001002, 001008]
5483	2	002009	002007	0	14.0	3.0	0,859	true	[002009, 002000, 002001, 002004, 002002, 002003, 002005, 002007]
5484	2	002009	002007	1	14.0	6.0	0,885	true	[002009, 002000, 002001, 002004, 002002, 002003, 002007]
5485	2	002009	002007	2	14.0	4.0	0,850	true	[002009, 002000, 002001, 002004, 002002, 002003, 002008, 002007]
5486	2	002009	002007	3	18.0	3.0	0,894	true	[002009, 002000, 002001, 002004, 002002, 002005, 002003, 002007]
5487	2	002009	002007	4	42.0	3.0	0,858	true	[002009, 002000, 002001, 002004, 002002, 002005, 002003, 002008, 002007]
5488	2	002009	002007	5	56.0	6.0	0,922	true	[002009, 002000, 002001, 002004, 002002, 002005, 002007]
5489	2	002009	002007	6	14.0	6.0	0,894	true	[002009, 002000, 002001, 002004, 002003, 002002, 002005, 002007]
5490	2	002009	002007	7	20.0	3.0	0,904	true	[002009, 002000, 002001, 002004, 002003, 002005, 002007]
5491	2	002009	002007	8	18.0	6.0	0,931	true	[002009, 002000, 002001, 002004, 002003, 002007]
5492	2	002009	002007	9	20.0	4.0	0,894	true	[002009, 002000, 002001, 002004, 002003, 002008, 002007]
5493	2	002009	002007	10	14.0	3.0	0,903	true	[002009, 002000, 002001, 002004, 002005, 002002, 002003, 002007]
5494	2	002009	002007	11	14.0	3.0	0,867	true	[002009, 002000, 002001, 002004, 002005, 002002, 002003, 002008, 002007]
5495	2	002009	002007	12	18.0	3.0	0,913	true	[002009, 002000, 002001, 002004, 002005, 002003, 002007]
5496	2	002009	002007	13	42.0	3.0	0,876	true	[002009, 002000, 002001, 002004, 002005, 002003, 002008, 002007]
5497	2	002009	002007	14	57.0	3.0	0,941	true	[002009, 002000, 002001, 002004, 002005, 002007]
5498	2	002009	002007	15	13.0	4.0	0,850	true	[002009, 002000, 002001, 002004, 002006, 002008, 002003, 002002, 002005, 002007]
5499	2	002009	002007	16	13.0	3.0	0,859	true	[002009, 002000, 002001, 002004, 002006, 002008, 002003, 002005, 002007]
5500	2	002009	002007	17	13.0	4.0	0,886	true	[002009, 002000, 002001, 002004, 002006, 002008, 002003, 002007]
5501	2	002009	002007	18	13.0	7.0	0,885	true	[002009, 002000, 002001, 002004, 002006, 002008, 002007]
5502	2	002009	002007	19	21.0	7.0	0,960	true	[002009, 002000, 002001, 002004, 002007]
5503	2	002009	002007	20	14.0	4.0	0,867	true	[002009, 002000, 002001, 002004, 002008, 002003, 002002, 002005, 002007]
5504	2	002009	002007	21	38.0	3.0	0,877	true	[002009, 002000, 002001, 002004, 002008, 002003, 002005, 002007]
5505	2	002009	002007	22	18.0	4.0	0,904	true	[002009, 002000, 002001, 002004, 002008, 002003, 002007]
5506	2	002009	002007	23	38.0	7.0	0,903	true	[002009, 002000, 002001, 002004, 002008, 002007]
5507	2	002009	002007	24	13.0	6.0	0,850	true	[002009, 002000, 002001, 002005, 002002, 002003, 002004, 002006, 002008, 002007]
5508	2	002009	002007	25	14.0	6.0	0,922	true	[002009, 002000, 002001, 002005, 002002, 002003, 002004, 002007]
5509	2	002009	002007	26	14.0	6.0	0,867	true	[002009, 002000, 002001, 002005, 002002, 002003, 002004, 002008, 002007]
5510	2	002009	002007	27	14.0	6.0	0,913	true	[002009, 002000, 002001, 002005, 002002, 002003, 002007]
5511	2	002009	002007	28	14.0	4.0	0,895	true	[002009, 002000, 002001, 002005, 002002, 002003, 002008, 002004, 002007]
5512	2	002009	002007	29	13.0	4.0	0,877	true	[002009, 002000, 002001, 002005, 002002, 002003, 002008, 002006, 002004, 002007]
5513	2	002009	002007	30	14.0	4.0	0,876	true	[002009, 002000, 002001, 002005, 002002, 002003, 002008, 002007]
5514	2	002009	002007	31	18.0	6.0	0,922	true	[002009, 002000, 002001, 002005, 002002, 002004, 002003, 002007]
5515	2	002009	002007	32	20.0	4.0	0,885	true	[002009, 002000, 002001, 002005, 002002, 002004, 002003, 002008, 002007]
5516	2	002009	002007	33	13.0	4.0	0,877	true	[002009, 002000, 002001, 002005, 002002, 002004, 002006, 002008, 002003, 002007]
5517	2	002009	002007	34	13.0	6.0	0,876	true	[002009, 002000, 002001, 002005, 002002, 002004, 002006, 002008, 002007]
5518	2	002009	002007	35	21.0	6.0	0,951	true	[002009, 002000, 002001, 002005, 002002, 002004, 002007]
5519	2	002009	002007	36	18.0	4.0	0,895	true	[002009, 002000, 002001, 002005, 002002, 002004, 002008, 002003, 002007]
5520	2	002009	002007	37	38.0	6.0	0,894	true	[002009, 002000, 002001, 002005, 002002, 002004, 002008, 002007]
5521	2	002009	002007	38	13.0	3.0	0,816	true	[002009, 002000, 002001, 002005, 002003, 002002, 002004, 002006, 002008, 002007]
5522	2	002009	002007	39	14.0	3.0	0,885	true	[002009, 002000, 002001, 002005, 002003, 002002, 002004, 002007]
5523	2	002009	002007	40	14.0	3.0	0,833	true	[002009, 002000, 002001, 002005, 002003, 002002, 002004, 002008, 002007]
5524	2	002009	002007	41	13.0	3.0	0,859	true	[002009, 002000, 002001, 002005, 002003, 002004, 002006, 002008, 002007]
5525	2	002009	002007	42	20.0	3.0	0,932	true	[002009, 002000, 002001, 002005, 002003, 002004, 002007]
5526	2	002009	002007	43	20.0	3.0	0,876	true	[002009, 002000, 002001, 002005, 002003, 002004, 002008, 002007]
5527	2	002009	002007	44	18.0	3.0	0,922	true	[002009, 002000, 002001, 002005, 002003, 002007]
5528	2	002009	002007	45	21.0	3.0	0,904	true	[002009, 002000, 002001, 002005, 002003, 002008, 002004, 002007]
5529	2	002009	002007	46	13.0	3.0	0,886	true	[002009, 002000, 002001, 002005, 002003, 002008, 002006, 002004, 002007]
5530	2	002009	002007	47	42.0	3.0	0,885	true	[002009, 002000, 002001, 002005, 002003, 002008, 002007]
5531	2	002009	002007	48	14.0	3.0	0,894	true	[002009, 002000, 002001, 002005, 002004, 002002, 002003, 002007]
5532	2	002009	002007	49	14.0	3.0	0,858	true	[002009, 002000, 002001, 002005, 002004, 002002, 002003, 002008, 002007]
5533	2	002009	002007	50	18.0	3.0	0,941	true	[002009, 002000, 002001, 002005, 002004, 002003, 002007]
5534	2	002009	002007	51	20.0	3.0	0,903	true	[002009, 002000, 002001, 002005, 002004, 002003, 002008, 002007]
5535	2	002009	002007	52	13.0	3.0	0,895	true	[002009, 002000, 002001, 002005, 002004, 002006, 002008, 002003, 002007]
5536	2	002009	002007	53	13.0	3.0	0,894	true	[002009, 002000, 002001, 002005, 002004, 002006, 002008, 002007]
5537	2	002009	002007	54	21.0	3.0	0,970	true	[002009, 002000, 002001, 002005, 002004, 002007]
5538	2	002009	002007	55	18.0	3.0	0,913	true	[002009, 002000, 002001, 002005, 002004, 002008, 002003, 002007]
5539	2	002009	002007	56	38.0	3.0	0,912	true	[002009, 002000, 002001, 002005, 002004, 002008, 002007]
5540	2	002009	002007	57	55.0	7.0	0,951	true	[002009, 002000, 002001, 002005, 002007]
5541	2	002009	002007	58	13.0	3.0	0,841	true	[002009, 002000, 002001, 002006, 002004, 002002, 002003, 002005, 002007]
5542	2	002009	002007	59	13.0	6.0	0,867	true	[002009, 002000, 002001, 002006, 002004, 002002, 002003, 002007]
5543	2	002009	002007	60	13.0	4.0	0,833	true	[002009, 002000, 002001, 002006, 002004, 002002, 002003, 002008, 002007]
5544	2	002009	002007	61	13.0	3.0	0,877	true	[002009, 002000, 002001, 002006, 002004, 002002, 002005, 002003, 002007]
5545	2	002009	002007	62	13.0	3.0	0,841	true	[002009, 002000, 002001, 002006, 002004, 002002, 002005, 002003, 002008, 002007]
5546	2	002009	002007	63	13.0	6.0	0,904	true	[002009, 002000, 002001, 002006, 002004, 002002, 002005, 002007]
5547	2	002009	002007	64	13.0	6.0	0,876	true	[002009, 002000, 002001, 002006, 002004, 002003, 002002, 002005, 002007]
5548	2	002009	002007	65	13.0	3.0	0,885	true	[002009, 002000, 002001, 002006, 002004, 002003, 002005, 002007]
5549	2	002009	002007	66	13.0	6.0	0,913	true	[002009, 002000, 002001, 002006, 002004, 002003, 002007]
5550	2	002009	002007	67	13.0	4.0	0,876	true	[002009, 002000, 002001, 002006, 002004, 002003, 002008, 002007]
5551	2	002009	002007	68	13.0	3.0	0,885	true	[002009, 002000, 002001, 002006, 002004, 002005, 002002, 002003, 002007]
5552	2	002009	002007	69	13.0	3.0	0,850	true	[002009, 002000, 002001, 002006, 002004, 002005, 002002, 002003, 002008, 002007]
5553	2	002009	002007	70	13.0	3.0	0,894	true	[002009, 002000, 002001, 002006, 002004, 002005, 002003, 002007]
5554	2	002009	002007	71	13.0	3.0	0,858	true	[002009, 002000, 002001, 002006, 002004, 002005, 002003, 002008, 002007]
5555	2	002009	002007	72	13.0	3.0	0,922	true	[002009, 002000, 002001, 002006, 002004, 002005, 002007]
5556	2	002009	002007	73	13.0	7.0	0,941	true	[002009, 002000, 002001, 002006, 002004, 002007]
5557	2	002009	002007	74	13.0	4.0	0,850	true	[002009, 002000, 002001, 002006, 002004, 002008, 002003, 002002, 002005, 002007]
5558	2	002009	002007	75	13.0	3.0	0,859	true	[002009, 002000, 002001, 002006, 002004, 002008, 002003, 002005, 002007]
5559	2	002009	002007	76	13.0	4.0	0,886	true	[002009, 002000, 002001, 002006, 002004, 002008, 002003, 002007]
5560	2	002009	002007	77	13.0	7.0	0,885	true	[002009, 002000, 002001, 002006, 002004, 002008, 002007]
5561	2	002009	002007	78	14.0	3.0	0,850	true	[002009, 002000, 002001, 002006, 002008, 002003, 002002, 002004, 002005, 002007]
5562	2	002009	002007	79	14.0	4.0	0,868	true	[002009, 002000, 002001, 002006, 002008, 002003, 002002, 002004, 002007]
5563	2	002009	002007	80	14.0	3.0	0,885	true	[002009, 002000, 002001, 002006, 002008, 002003, 002002, 002005, 002004, 002007]
5564	2	002009	002007	81	14.0	4.0	0,867	true	[002009, 002000, 002001, 002006, 002008, 002003, 002002, 002005, 002007]
5565	2	002009	002007	82	20.0	4.0	0,877	true	[002009, 002000, 002001, 002006, 002008, 002003, 002004, 002002, 002005, 002007]
5566	2	002009	002007	83	20.0	3.0	0,895	true	[002009, 002000, 002001, 002006, 002008, 002003, 002004, 002005, 002007]
5567	2	002009	002007	84	20.0	4.0	0,913	true	[002009, 002000, 002001, 002006, 002008, 002003, 002004, 002007]
5568	2	002009	002007	85	20.0	3.0	0,877	true	[002009, 002000, 002001, 002006, 002008, 002003, 002005, 002002, 002004, 002007]
5569	2	002009	002007	86	20.0	3.0	0,895	true	[002009, 002000, 002001, 002006, 002008, 002003, 002005, 002004, 002007]
5570	2	002009	002007	87	20.0	3.0	0,877	true	[002009, 002000, 002001, 002006, 002008, 002003, 002005, 002007]
5571	2	002009	002007	88	18.0	4.0	0,904	true	[002009, 002000, 002001, 002006, 002008, 002003, 002007]
5572	2	002009	002007	89	14.0	3.0	0,825	true	[002009, 002000, 002001, 002006, 002008, 002004, 002002, 002003, 002005, 002007]
5573	2	002009	002007	90	14.0	6.0	0,850	true	[002009, 002000, 002001, 002006, 002008, 002004, 002002, 002003, 002007]
5574	2	002009	002007	91	18.0	3.0	0,859	true	[002009, 002000, 002001, 002006, 002008, 002004, 002002, 002005, 002003, 002007]
5575	2	002009	002007	92	20.0	6.0	0,886	true	[002009, 002000, 002001, 002006, 002008, 002004, 002002, 002005, 002007]
5576	2	002009	002007	93	14.0	6.0	0,859	true	[002009, 002000, 002001, 002006, 002008, 002004, 002003, 002002, 002005, 002007]
5577	2	002009	002007	94	20.0	3.0	0,868	true	[002009, 002000, 002001, 002006, 002008, 002004, 002003, 002005, 002007]
5578	2	002009	002007	95	18.0	6.0	0,895	true	[002009, 002000, 002001, 002006, 002008, 002004, 002003, 002007]
5579	2	002009	002007	96	14.0	3.0	0,867	true	[002009, 002000, 002001, 002006, 002008, 002004, 002005, 002002, 002003, 002007]
5580	2	002009	002007	97	18.0	3.0	0,877	true	[002009, 002000, 002001, 002006, 002008, 002004, 002005, 002003, 002007]
5581	2	002009	002007	98	20.0	3.0	0,904	true	[002009, 002000, 002001, 002006, 002008, 002004, 002005, 002007]
5582	2	002009	002007	99	20.0	7.0	0,922	true	[002009, 002000, 002001, 002006, 002008, 002004, 002007]
5583	2	002009	002007	100	20.0	7.0	0,903	true	[002009, 002000, 002001, 002006, 002008, 002007]
5584	2	002009	002007	101	30.0	7.0	0,990	true	[002009, 002000, 002001, 002007]
5585	2	002009	002007	102	52.0	6.0	0,990	true	[002009, 002000, 002007]
5586	2	002009	002007	103	20.0	6.0	0,980	true	[002009, 002007]
5587	3	003002	003003	0	20.0	6.0	0,950	true	[003002, 003000, 003001, 003004, 003003]
5588	3	003002	003003	1	20.0	6.0	0,857	true	[003002, 003000, 003001, 003004, 003005, 003003]
5589	3	003002	003003	2	12.0	3.0	0,850	true	[003002, 003000, 003001, 003004, 003005, 003006, 003007, 003008, 003003]
5590	3	003002	003003	3	12.0	3.0	0,867	true	[003002, 003000, 003001, 003004, 003005, 003006, 003007, 003009, 003003]
5591	3	003002	003003	4	20.0	3.0	0,858	true	[003002, 003000, 003001, 003004, 003005, 003006, 003008, 003003]
5592	3	003002	003003	5	20.0	3.0	0,858	true	[003002, 003000, 003001, 003004, 003005, 003006, 003008, 003007, 003009, 003003]
5593	3	003002	003003	6	20.0	6.0	0,875	true	[003002, 003000, 003001, 003004, 003005, 003009, 003003]
5594	3	003002	003003	7	12.0	4.0	0,832	true	[003002, 003000, 003001, 003004, 003005, 003009, 003007, 003006, 003008, 003003]
5595	3	003002	003003	8	20.0	5.0	0,841	true	[003002, 003000, 003001, 003004, 003005, 003009, 003007, 003008, 003003]
5596	3	003002	003003	9	20.0	3.0	0,876	true	[003002, 003000, 003001, 003004, 003006, 003005, 003003]
5597	3	003002	003003	10	20.0	3.0	0,894	true	[003002, 003000, 003001, 003004, 003006, 003005, 003009, 003003]
5598	3	003002	003003	11	20.0	3.0	0,859	true	[003002, 003000, 003001, 003004, 003006, 003005, 003009, 003007, 003008, 003003]
5599	3	003002	003003	12	12.0	4.0	0,903	true	[003002, 003000, 003001, 003004, 003006, 003007, 003008, 003003]
5600	3	003002	003003	13	12.0	4.0	0,922	true	[003002, 003000, 003001, 003004, 003006, 003007, 003009, 003003]
5601	3	003002	003003	14	12.0	4.0	0,849	true	[003002, 003000, 003001, 003004, 003006, 003007, 003009, 003005, 003003]
5602	3	003002	003003	15	20.0	4.0	0,912	true	[003002, 003000, 003001, 003004, 003006, 003008, 003003]
5603	3	003002	003003	16	20.0	4.0	0,913	true	[003002, 003000, 003001, 003004, 003006, 003008, 003007, 003009, 003003]
5604	3	003002	003003	17	20.0	4.0	0,841	true	[003002, 003000, 003001, 003004, 003006, 003008, 003007, 003009, 003005, 003003]
5605	3	003002	003003	18	12.0	3.0	0,832	true	[003002, 003000, 003001, 003004, 003007, 003006, 003005, 003003]
5606	3	003002	003003	19	12.0	3.0	0,849	true	[003002, 003000, 003001, 003004, 003007, 003006, 003005, 003009, 003003]
5607	3	003002	003003	20	12.0	4.0	0,867	true	[003002, 003000, 003001, 003004, 003007, 003006, 003008, 003003]
5608	3	003002	003003	21	20.0	4.0	0,876	true	[003002, 003000, 003001, 003004, 003007, 003008, 003003]
5609	3	003002	003003	22	20.0	3.0	0,824	true	[003002, 003000, 003001, 003004, 003007, 003008, 003006, 003005, 003003]
5610	3	003002	003003	23	20.0	3.0	0,841	true	[003002, 003000, 003001, 003004, 003007, 003008, 003006, 003005, 003009, 003003]
5611	3	003002	003003	24	20.0	4.0	0,893	true	[003002, 003000, 003001, 003004, 003007, 003009, 003003]
5612	3	003002	003003	25	20.0	4.0	0,823	true	[003002, 003000, 003001, 003004, 003007, 003009, 003005, 003003]
5613	3	003002	003003	26	20.0	3.0	0,824	true	[003002, 003000, 003001, 003004, 003007, 003009, 003005, 003006, 003008, 003003]
5614	3	003002	003003	27	20.0	6.0	0,912	true	[003002, 003000, 003001, 003004, 003009, 003003]
5615	3	003002	003003	28	20.0	6.0	0,840	true	[003002, 003000, 003001, 003004, 003009, 003005, 003003]
5616	3	003002	003003	29	12.0	3.0	0,833	true	[003002, 003000, 003001, 003004, 003009, 003005, 003006, 003007, 003008, 003003]
5617	3	003002	003003	30	20.0	3.0	0,841	true	[003002, 003000, 003001, 003004, 003009, 003005, 003006, 003008, 003003]
5618	3	003002	003003	31	12.0	3.0	0,832	true	[003002, 003000, 003001, 003004, 003009, 003007, 003006, 003005, 003003]
5619	3	003002	003003	32	12.0	4.0	0,867	true	[003002, 003000, 003001, 003004, 003009, 003007, 003006, 003008, 003003]
5620	3	003002	003003	33	20.0	5.0	0,876	true	[003002, 003000, 003001, 003004, 003009, 003007, 003008, 003003]
5621	3	003002	003003	34	20.0	3.0	0,824	true	[003002, 003000, 003001, 003004, 003009, 003007, 003008, 003006, 003005, 003003]
5622	3	003002	003003	35	26.0	3.0	0,866	true	[003002, 003000, 003001, 003005, 003003]
5623	3	003002	003003	36	23.0	3.0	0,866	true	[003002, 003000, 003001, 003005, 003004, 003003]
5624	3	003002	003003	37	12.0	3.0	0,824	true	[003002, 003000, 003001, 003005, 003004, 003006, 003007, 003008, 003003]
5625	3	003002	003003	38	12.0	3.0	0,841	true	[003002, 003000, 003001, 003005, 003004, 003006, 003007, 003009, 003003]
5626	3	003002	003003	39	22.0	3.0	0,832	true	[003002, 003000, 003001, 003005, 003004, 003006, 003008, 003003]
5627	3	003002	003003	40	22.0	3.0	0,832	true	[003002, 003000, 003001, 003005, 003004, 003006, 003008, 003007, 003009, 003003]
5628	3	003002	003003	41	12.0	3.0	0,791	true	[003002, 003000, 003001, 003005, 003004, 003007, 003006, 003008, 003003]
5629	3	003002	003003	42	23.0	3.0	0,799	true	[003002, 003000, 003001, 003005, 003004, 003007, 003008, 003003]
5630	3	003002	003003	43	23.0	3.0	0,815	true	[003002, 003000, 003001, 003005, 003004, 003007, 003009, 003003]
5631	3	003002	003003	44	23.0	3.0	0,832	true	[003002, 003000, 003001, 003005, 003004, 003009, 003003]
5632	3	003002	003003	45	12.0	3.0	0,791	true	[003002, 003000, 003001, 003005, 003004, 003009, 003007, 003006, 003008, 003003]
5633	3	003002	003003	46	23.0	3.0	0,799	true	[003002, 003000, 003001, 003005, 003004, 003009, 003007, 003008, 003003]
5634	3	003002	003003	47	26.0	3.0	0,885	true	[003002, 003000, 003001, 003005, 003006, 003004, 003003]
5635	3	003002	003003	48	26.0	3.0	0,816	true	[003002, 003000, 003001, 003005, 003006, 003004, 003007, 003008, 003003]
5636	3	003002	003003	49	23.0	3.0	0,832	true	[003002, 003000, 003001, 003005, 003006, 003004, 003007, 003009, 003003]
5637	3	003002	003003	50	26.0	3.0	0,849	true	[003002, 003000, 003001, 003005, 003006, 003004, 003009, 003003]
5638	3	003002	003003	51	23.0	3.0	0,816	true	[003002, 003000, 003001, 003005, 003006, 003004, 003009, 003007, 003008, 003003]
5639	3	003002	003003	52	12.0	3.0	0,841	true	[003002, 003000, 003001, 003005, 003006, 003007, 003004, 003003]
5640	3	003002	003003	53	12.0	3.0	0,807	true	[003002, 003000, 003001, 003005, 003006, 003007, 003004, 003009, 003003]
5641	3	003002	003003	54	12.0	3.0	0,858	true	[003002, 003000, 003001, 003005, 003006, 003007, 003008, 003003]
5642	3	003002	003003	55	12.0	3.0	0,876	true	[003002, 003000, 003001, 003005, 003006, 003007, 003009, 003003]
5643	3	003002	003003	56	12.0	3.0	0,841	true	[003002, 003000, 003001, 003005, 003006, 003007, 003009, 003004, 003003]
5644	3	003002	003003	57	22.0	3.0	0,867	true	[003002, 003000, 003001, 003005, 003006, 003008, 003003]
5645	3	003002	003003	58	22.0	3.0	0,832	true	[003002, 003000, 003001, 003005, 003006, 003008, 003007, 003004, 003003]
5646	3	003002	003003	59	22.0	3.0	0,799	true	[003002, 003000, 003001, 003005, 003006, 003008, 003007, 003004, 003009, 003003]
5647	3	003002	003003	60	22.0	3.0	0,867	true	[003002, 003000, 003001, 003005, 003006, 003008, 003007, 003009, 003003]
5648	3	003002	003003	61	22.0	3.0	0,833	true	[003002, 003000, 003001, 003005, 003006, 003008, 003007, 003009, 003004, 003003]
5649	3	003002	003003	62	20.0	3.0	0,885	true	[003002, 003000, 003001, 003005, 003009, 003003]
5650	3	003002	003003	63	20.0	3.0	0,849	true	[003002, 003000, 003001, 003005, 003009, 003004, 003003]
5651	3	003002	003003	64	12.0	3.0	0,808	true	[003002, 003000, 003001, 003005, 003009, 003004, 003006, 003007, 003008, 003003]
5652	3	003002	003003	65	20.0	3.0	0,816	true	[003002, 003000, 003001, 003005, 003009, 003004, 003006, 003008, 003003]
5653	3	003002	003003	66	12.0	3.0	0,775	true	[003002, 003000, 003001, 003005, 003009, 003004, 003007, 003006, 003008, 003003]
5654	3	003002	003003	67	20.0	3.0	0,783	true	[003002, 003000, 003001, 003005, 003009, 003004, 003007, 003008, 003003]
5655	3	003002	003003	68	20.0	3.0	0,832	true	[003002, 003000, 003001, 003005, 003009, 003007, 003004, 003003]
5656	3	003002	003003	69	20.0	3.0	0,799	true	[003002, 003000, 003001, 003005, 003009, 003007, 003004, 003006, 003008, 003003]
5657	3	003002	003003	70	12.0	3.0	0,858	true	[003002, 003000, 003001, 003005, 003009, 003007, 003006, 003004, 003003]
5658	3	003002	003003	71	12.0	3.0	0,841	true	[003002, 003000, 003001, 003005, 003009, 003007, 003006, 003008, 003003]
5659	3	003002	003003	72	20.0	3.0	0,850	true	[003002, 003000, 003001, 003005, 003009, 003007, 003008, 003003]
5660	3	003002	003003	73	20.0	3.0	0,850	true	[003002, 003000, 003001, 003005, 003009, 003007, 003008, 003006, 003004, 003003]
5661	3	003002	003003	74	13.0	6.0	0,941	true	[003002, 003000, 003001, 003006, 003004, 003003]
5662	3	003002	003003	75	13.0	6.0	0,849	true	[003002, 003000, 003001, 003006, 003004, 003005, 003003]
5663	3	003002	003003	76	13.0	6.0	0,867	true	[003002, 003000, 003001, 003006, 003004, 003005, 003009, 003003]
5664	3	003002	003003	77	13.0	5.0	0,832	true	[003002, 003000, 003001, 003006, 003004, 003005, 003009, 003007, 003008, 003003]
5665	3	003002	003003	78	13.0	4.0	0,867	true	[003002, 003000, 003001, 003006, 003004, 003007, 003008, 003003]
5666	3	003002	003003	79	13.0	4.0	0,885	true	[003002, 003000, 003001, 003006, 003004, 003007, 003009, 003003]
5667	3	003002	003003	80	13.0	4.0	0,815	true	[003002, 003000, 003001, 003006, 003004, 003007, 003009, 003005, 003003]
5668	3	003002	003003	81	13.0	6.0	0,903	true	[003002, 003000, 003001, 003006, 003004, 003009, 003003]
5669	3	003002	003003	82	13.0	6.0	0,832	true	[003002, 003000, 003001, 003006, 003004, 003009, 003005, 003003]
5670	3	003002	003003	83	13.0	5.0	0,867	true	[003002, 003000, 003001, 003006, 003004, 003009, 003007, 003008, 003003]
5671	3	003002	003003	84	13.0	3.0	0,884	true	[003002, 003000, 003001, 003006, 003005, 003003]
5672	3	003002	003003	85	13.0	3.0	0,884	true	[003002, 003000, 003001, 003006, 003005, 003004, 003003]
5673	3	003002	003003	86	13.0	3.0	0,815	true	[003002, 003000, 003001, 003006, 003005, 003004, 003007, 003008, 003003]
5674	3	003002	003003	87	13.0	3.0	0,832	true	[003002, 003000, 003001, 003006, 003005, 003004, 003007, 003009, 003003]
5675	3	003002	003003	88	13.0	3.0	0,849	true	[003002, 003000, 003001, 003006, 003005, 003004, 003009, 003003]
5676	3	003002	003003	89	13.0	3.0	0,816	true	[003002, 003000, 003001, 003006, 003005, 003004, 003009, 003007, 003008, 003003]
5677	3	003002	003003	90	13.0	3.0	0,903	true	[003002, 003000, 003001, 003006, 003005, 003009, 003003]
5678	3	003002	003003	91	13.0	3.0	0,867	true	[003002, 003000, 003001, 003006, 003005, 003009, 003004, 003003]
5679	3	003002	003003	92	13.0	3.0	0,799	true	[003002, 003000, 003001, 003006, 003005, 003009, 003004, 003007, 003008, 003003]
5680	3	003002	003003	93	13.0	3.0	0,849	true	[003002, 003000, 003001, 003006, 003005, 003009, 003007, 003004, 003003]
5681	3	003002	003003	94	13.0	3.0	0,867	true	[003002, 003000, 003001, 003006, 003005, 003009, 003007, 003008, 003003]
5682	3	003002	003003	95	12.0	4.0	0,893	true	[003002, 003000, 003001, 003006, 003007, 003004, 003003]
5683	3	003002	003003	96	12.0	4.0	0,806	true	[003002, 003000, 003001, 003006, 003007, 003004, 003005, 003003]
5684	3	003002	003003	97	12.0	4.0	0,823	true	[003002, 003000, 003001, 003006, 003007, 003004, 003005, 003009, 003003]
5685	3	003002	003003	98	12.0	4.0	0,858	true	[003002, 003000, 003001, 003006, 003007, 003004, 003009, 003003]
5686	3	003002	003003	99	12.0	4.0	0,790	true	[003002, 003000, 003001, 003006, 003007, 003004, 003009, 003005, 003003]
5687	3	003002	003003	100	12.0	4.0	0,912	true	[003002, 003000, 003001, 003006, 003007, 003008, 003003]
5688	4	004004	004009	0	6.0	6.0	0,833	true	[004004, 004000, 004001, 004002, 004003, 004005, 004006, 004007, 004008, 004009]
5689	4	004004	004009	1	6.0	3.0	0,886	true	[004004, 004000, 004001, 004002, 004003, 004005, 004006, 004007, 004009]
5690	4	004004	004009	2	6.0	3.0	0,825	true	[004004, 004000, 004001, 004002, 004003, 004005, 004006, 004008, 004007, 004009]
5691	4	004004	004009	3	6.0	4.0	0,859	true	[004004, 004000, 004001, 004002, 004003, 004005, 004006, 004008, 004009]
5692	4	004004	004009	4	6.0	3.0	0,824	true	[004004, 004000, 004001, 004002, 004003, 004005, 004007, 004006, 004008, 004009]
5693	4	004004	004009	5	6.0	3.0	0,799	true	[004004, 004000, 004001, 004002, 004003, 004005, 004007, 004008, 004009]
5694	4	004004	004009	6	6.0	3.0	0,850	true	[004004, 004000, 004001, 004002, 004003, 004005, 004007, 004009]
5695	4	004004	004009	7	6.0	3.0	0,859	true	[004004, 004000, 004001, 004002, 004003, 004005, 004008, 004006, 004007, 004009]
5696	4	004004	004009	8	6.0	3.0	0,833	true	[004004, 004000, 004001, 004002, 004003, 004005, 004008, 004007, 004009]
5697	4	004004	004009	9	6.0	6.0	0,868	true	[004004, 004000, 004001, 004002, 004003, 004005, 004008, 004009]
5698	4	004004	004009	10	6.0	6.0	0,885	true	[004004, 004000, 004001, 004002, 004003, 004005, 004009]
5699	4	004004	004009	11	6.0	3.0	0,799	true	[004004, 004000, 004001, 004002, 004003, 004006, 004005, 004007, 004008, 004009]
5700	4	004004	004009	12	6.0	3.0	0,850	true	[004004, 004000, 004001, 004002, 004003, 004006, 004005, 004007, 004009]
5701	4	004004	004009	13	6.0	3.0	0,833	true	[004004, 004000, 004001, 004002, 004003, 004006, 004005, 004008, 004007, 004009]
5702	4	004004	004009	14	6.0	6.0	0,868	true	[004004, 004000, 004001, 004002, 004003, 004006, 004005, 004008, 004009]
5703	4	004004	004009	15	6.0	6.0	0,886	true	[004004, 004000, 004001, 004002, 004003, 004006, 004005, 004009]
5704	4	004004	004009	16	6.0	3.0	0,833	true	[004004, 004000, 004001, 004002, 004003, 004006, 004007, 004005, 004008, 004009]
5705	4	004004	004009	17	6.0	3.0	0,850	true	[004004, 004000, 004001, 004002, 004003, 004006, 004007, 004005, 004009]
5706	4	004004	004009	18	6.0	6.0	0,833	true	[004004, 004000, 004001, 004002, 004003, 004006, 004007, 004008, 004005, 004009]
5707	4	004004	004009	19	6.0	6.0	0,850	true	[004004, 004000, 004001, 004002, 004003, 004006, 004007, 004008, 004009]
5708	4	004004	004009	20	6.0	3.0	0,904	true	[004004, 004000, 004001, 004002, 004003, 004006, 004007, 004009]
5709	4	004004	004009	21	6.0	3.0	0,825	true	[004004, 004000, 004001, 004002, 004003, 004006, 004008, 004005, 004007, 004009]
5710	4	004004	004009	22	6.0	4.0	0,859	true	[004004, 004000, 004001, 004002, 004003, 004006, 004008, 004005, 004009]
5711	4	004004	004009	23	6.0	3.0	0,791	true	[004004, 004000, 004001, 004002, 004003, 004006, 004008, 004007, 004005, 004009]
5712	4	004004	004009	24	6.0	3.0	0,841	true	[004004, 004000, 004001, 004002, 004003, 004006, 004008, 004007, 004009]
5713	4	004004	004009	25	6.0	4.0	0,877	true	[004004, 004000, 004001, 004002, 004003, 004006, 004008, 004009]
5714	4	004004	004009	26	6.0	3.0	0,791	true	[004004, 004000, 004001, 004002, 004003, 004007, 004005, 004006, 004008, 004009]
5715	4	004004	004009	27	6.0	3.0	0,799	true	[004004, 004000, 004001, 004002, 004003, 004007, 004005, 004008, 004009]
5716	4	004004	004009	28	6.0	3.0	0,815	true	[004004, 004000, 004001, 004002, 004003, 004007, 004005, 004009]
5717	4	004004	004009	29	6.0	3.0	0,833	true	[004004, 004000, 004001, 004002, 004003, 004007, 004006, 004005, 004008, 004009]
5718	4	004004	004009	30	6.0	3.0	0,850	true	[004004, 004000, 004001, 004002, 004003, 004007, 004006, 004005, 004009]
5719	4	004004	004009	31	6.0	3.0	0,824	true	[004004, 004000, 004001, 004002, 004003, 004007, 004006, 004008, 004005, 004009]
5720	4	004004	004009	32	6.0	3.0	0,841	true	[004004, 004000, 004001, 004002, 004003, 004007, 004006, 004008, 004009]
5721	4	004004	004009	33	6.0	3.0	0,799	true	[004004, 004000, 004001, 004002, 004003, 004007, 004008, 004005, 004009]
5722	4	004004	004009	34	6.0	3.0	0,791	true	[004004, 004000, 004001, 004002, 004003, 004007, 004008, 004006, 004005, 004009]
5723	4	004004	004009	35	6.0	3.0	0,815	true	[004004, 004000, 004001, 004002, 004003, 004007, 004008, 004009]
5724	4	004004	004009	36	6.0	3.0	0,867	true	[004004, 004000, 004001, 004002, 004003, 004007, 004009]
5725	4	004004	004009	37	6.0	3.0	0,868	true	[004004, 004000, 004001, 004002, 004003, 004008, 004005, 004006, 004007, 004009]
5726	4	004004	004009	38	6.0	3.0	0,833	true	[004004, 004000, 004001, 004002, 004003, 004008, 004005, 004007, 004009]
5727	4	004004	004009	39	6.0	4.0	0,868	true	[004004, 004000, 004001, 004002, 004003, 004008, 004005, 004009]
5728	4	004004	004009	40	6.0	3.0	0,825	true	[004004, 004000, 004001, 004002, 004003, 004008, 004006, 004005, 004007, 004009]
5729	4	004004	004009	41	6.0	4.0	0,859	true	[004004, 004000, 004001, 004002, 004003, 004008, 004006, 004005, 004009]
5730	4	004004	004009	42	6.0	3.0	0,824	true	[004004, 004000, 004001, 004002, 004003, 004008, 004006, 004007, 004005, 004009]
5731	4	004004	004009	43	6.0	3.0	0,877	true	[004004, 004000, 004001, 004002, 004003, 004008, 004006, 004007, 004009]
5732	4	004004	004009	44	6.0	3.0	0,799	true	[004004, 004000, 004001, 004002, 004003, 004008, 004007, 004005, 004009]
5733	4	004004	004009	45	6.0	4.0	0,833	true	[004004, 004000, 004001, 004002, 004003, 004008, 004007, 004006, 004005, 004009]
5734	4	004004	004009	46	6.0	3.0	0,850	true	[004004, 004000, 004001, 004002, 004003, 004008, 004007, 004009]
5735	4	004004	004009	47	6.0	4.0	0,885	true	[004004, 004000, 004001, 004002, 004003, 004008, 004009]
5736	4	004004	004009	48	5.0	6.0	0,951	true	[004004, 004000, 004001, 004002, 004009]
5737	4	004004	004009	49	5.0	6.0	0,876	true	[004004, 004000, 004001, 004003, 004002, 004009]
5738	4	004004	004009	50	26.0	6.0	0,816	true	[004004, 004000, 004001, 004003, 004005, 004006, 004007, 004008, 004009]
5739	4	004004	004009	51	26.0	3.0	0,867	true	[004004, 004000, 004001, 004003, 004005, 004006, 004007, 004009]
5740	4	004004	004009	52	26.0	3.0	0,808	true	[004004, 004000, 004001, 004003, 004005, 004006, 004008, 004007, 004009]
5741	4	004004	004009	53	26.0	4.0	0,841	true	[004004, 004000, 004001, 004003, 004005, 004006, 004008, 004009]
5742	4	004004	004009	54	15.0	3.0	0,807	true	[004004, 004000, 004001, 004003, 004005, 004007, 004006, 004008, 004009]
5743	4	004004	004009	55	15.0	3.0	0,783	true	[004004, 004000, 004001, 004003, 004005, 004007, 004008, 004009]
5744	4	004004	004009	56	15.0	3.0	0,832	true	[004004, 004000, 004001, 004003, 004005, 004007, 004009]
5745	4	004004	004009	57	26.0	3.0	0,841	true	[004004, 004000, 004001, 004003, 004005, 004008, 004006, 004007, 004009]
5746	4	004004	004009	58	26.0	3.0	0,816	true	[004004, 004000, 004001, 004003, 004005, 004008, 004007, 004009]
5747	4	004004	004009	59	26.0	7.0	0,850	true	[004004, 004000, 004001, 004003, 004005, 004008, 004009]
5748	4	004004	004009	60	26.0	7.0	0,867	true	[004004, 004000, 004001, 004003, 004005, 004009]
5749	4	004004	004009	61	15.0	3.0	0,783	true	[004004, 004000, 004001, 004003, 004006, 004005, 004007, 004008, 004009]
5750	4	004004	004009	62	15.0	3.0	0,832	true	[004004, 004000, 004001, 004003, 004006, 004005, 004007, 004009]
5751	4	004004	004009	63	26.0	3.0	0,816	true	[004004, 004000, 004001, 004003, 004006, 004005, 004008, 004007, 004009]
5752	4	004004	004009	64	26.0	7.0	0,850	true	[004004, 004000, 004001, 004003, 004006, 004005, 004008, 004009]
5753	4	004004	004009	65	26.0	7.0	0,867	true	[004004, 004000, 004001, 004003, 004006, 004005, 004009]
5754	4	004004	004009	66	15.0	3.0	0,816	true	[004004, 004000, 004001, 004003, 004006, 004007, 004005, 004008, 004009]
5755	4	004004	004009	67	15.0	3.0	0,832	true	[004004, 004000, 004001, 004003, 004006, 004007, 004005, 004009]
5756	4	004004	004009	68	26.0	6.0	0,816	true	[004004, 004000, 004001, 004003, 004006, 004007, 004008, 004005, 004009]
5757	4	004004	004009	69	26.0	6.0	0,832	true	[004004, 004000, 004001, 004003, 004006, 004007, 004008, 004009]
5758	4	004004	004009	70	26.0	3.0	0,885	true	[004004, 004000, 004001, 004003, 004006, 004007, 004009]
5759	4	004004	004009	71	15.0	3.0	0,808	true	[004004, 004000, 004001, 004003, 004006, 004008, 004005, 004007, 004009]
5760	4	004004	004009	72	26.0	4.0	0,841	true	[004004, 004000, 004001, 004003, 004006, 004008, 004005, 004009]
5761	4	004004	004009	73	15.0	3.0	0,775	true	[004004, 004000, 004001, 004003, 004006, 004008, 004007, 004005, 004009]
5762	4	004004	004009	74	26.0	3.0	0,824	true	[004004, 004000, 004001, 004003, 004006, 004008, 004007, 004009]
5763	4	004004	004009	75	26.0	4.0	0,859	true	[004004, 004000, 004001, 004003, 004006, 004008, 004009]
5764	4	004004	004009	76	15.0	3.0	0,775	true	[004004, 004000, 004001, 004003, 004007, 004005, 004006, 004008, 004009]
5765	4	004004	004009	77	15.0	3.0	0,783	true	[004004, 004000, 004001, 004003, 004007, 004005, 004008, 004009]
5766	4	004004	004009	78	15.0	3.0	0,799	true	[004004, 004000, 004001, 004003, 004007, 004005, 004009]
5767	4	004004	004009	79	26.0	3.0	0,816	true	[004004, 004000, 004001, 004003, 004007, 004006, 004005, 004008, 004009]
5768	4	004004	004009	80	26.0	3.0	0,832	true	[004004, 004000, 004001, 004003, 004007, 004006, 004005, 004009]
5769	4	004004	004009	81	26.0	3.0	0,807	true	[004004, 004000, 004001, 004003, 004007, 004006, 004008, 004005, 004009]
5770	4	004004	004009	82	26.0	3.0	0,824	true	[004004, 004000, 004001, 004003, 004007, 004006, 004008, 004009]
5771	4	004004	004009	83	26.0	3.0	0,783	true	[004004, 004000, 004001, 004003, 004007, 004008, 004005, 004009]
5772	4	004004	004009	84	26.0	3.0	0,775	true	[004004, 004000, 004001, 004003, 004007, 004008, 004006, 004005, 004009]
5773	4	004004	004009	85	26.0	3.0	0,799	true	[004004, 004000, 004001, 004003, 004007, 004008, 004009]
5774	4	004004	004009	86	26.0	3.0	0,849	true	[004004, 004000, 004001, 004003, 004007, 004009]
5775	4	004004	004009	87	26.0	3.0	0,850	true	[004004, 004000, 004001, 004003, 004008, 004005, 004006, 004007, 004009]
5776	4	004004	004009	88	15.0	3.0	0,816	true	[004004, 004000, 004001, 004003, 004008, 004005, 004007, 004009]
5777	4	004004	004009	89	26.0	4.0	0,850	true	[004004, 004000, 004001, 004003, 004008, 004005, 004009]
5778	4	004004	004009	90	15.0	3.0	0,808	true	[004004, 004000, 004001, 004003, 004008, 004006, 004005, 004007, 004009]
5779	4	004004	004009	91	26.0	4.0	0,841	true	[004004, 004000, 004001, 004003, 004008, 004006, 004005, 004009]
5780	4	004004	004009	92	15.0	3.0	0,807	true	[004004, 004000, 004001, 004003, 004008, 004006, 004007, 004005, 004009]
5781	4	004004	004009	93	26.0	3.0	0,859	true	[004004, 004000, 004001, 004003, 004008, 004006, 004007, 004009]
5782	4	004004	004009	94	15.0	3.0	0,783	true	[004004, 004000, 004001, 004003, 004008, 004007, 004005, 004009]
5783	4	004004	004009	95	26.0	4.0	0,816	true	[004004, 004000, 004001, 004003, 004008, 004007, 004006, 004005, 004009]
5784	4	004004	004009	96	26.0	3.0	0,832	true	[004004, 004000, 004001, 004003, 004008, 004007, 004009]
5785	4	004004	004009	97	26.0	4.0	0,867	true	[004004, 004000, 004001, 004003, 004008, 004009]
5786	4	004004	004009	98	5.0	6.0	0,886	true	[004004, 004000, 004001, 004005, 004003, 004002, 004009]
5787	4	004004	004009	99	26.0	6.0	0,841	true	[004004, 004000, 004001, 004005, 004003, 004006, 004007, 004008, 004009]
5788	4	004004	004009	100	26.0	3.0	0,895	true	[004004, 004000, 004001, 004005, 004003, 004006, 004007, 004009]
5789	4	004004	004009	101	26.0	7.0	0,913	true	[004004, 004000, 004001, 004005, 004009]
5790	4	004004	004009	102	26.0	7.0	0,912	true	[004004, 004000, 004001, 004009]
5791	4	004004	004009	103	16.0	8.0	0,980	true	[004004, 004000, 004009]
5792	4	004004	004009	104	25.0	3.0	0,980	true	[004004, 004009]
5793	5	005007	005008	0	9.0	3.0	0,858	true	[005007, 005001, 005000, 005002, 005003, 005004, 005006, 005008]
5794	5	005007	005008	1	9.0	4.0	0,885	true	[005007, 005001, 005000, 005002, 005003, 005004, 005008]
5795	5	005007	005008	2	9.0	4.0	0,893	true	[005007, 005001, 005000, 005002, 005003, 005008]
5796	5	005007	005008	3	9.0	3.0	0,876	true	[005007, 005001, 005000, 005002, 005003, 005009, 005005, 005008]
5797	5	005007	005008	4	9.0	3.0	0,885	true	[005007, 005001, 005000, 005002, 005003, 005009, 005008]
5798	5	005007	005008	5	9.0	3.0	0,858	true	[005007, 005001, 005000, 005002, 005004, 005003, 005008]
5799	5	005007	005008	6	9.0	3.0	0,841	true	[005007, 005001, 005000, 005002, 005004, 005003, 005009, 005005, 005008]
5800	5	005007	005008	7	9.0	3.0	0,850	true	[005007, 005001, 005000, 005002, 005004, 005003, 005009, 005008]
5801	5	005007	005008	8	9.0	3.0	0,841	true	[005007, 005001, 005000, 005002, 005004, 005006, 005008]
5802	5	005007	005008	9	9.0	3.0	0,867	true	[005007, 005001, 005000, 005002, 005004, 005008]
5803	5	005007	005008	10	9.0	3.0	0,832	true	[005007, 005001, 005000, 005002, 005006, 005004, 005003, 005008]
5804	5	005007	005008	11	9.0	3.0	0,816	true	[005007, 005001, 005000, 005002, 005006, 005004, 005003, 005009, 005005, 005008]
5805	5	005007	005008	12	9.0	3.0	0,824	true	[005007, 005001, 005000, 005002, 005006, 005004, 005003, 005009, 005008]
5806	5	005007	005008	13	9.0	3.0	0,840	true	[005007, 005001, 005000, 005002, 005006, 005004, 005008]
5807	5	005007	005008	14	9.0	4.0	0,903	true	[005007, 005001, 005000, 005002, 005006, 005008]
5808	5	005007	005008	15	9.0	4.0	0,922	true	[005007, 005001, 005000, 005002, 005008]
5809	5	005007	005008	16	9.0	3.0	0,799	true	[005007, 005001, 005000, 005002, 005009, 005003, 005004, 005006, 005008]
5810	5	005007	005008	17	9.0	3.0	0,824	true	[005007, 005001, 005000, 005002, 005009, 005003, 005004, 005008]
5811	5	005007	005008	18	9.0	3.0	0,832	true	[005007, 005001, 005000, 005002, 005009, 005003, 005008]
5812	5	005007	005008	19	9.0	4.0	0,867	true	[005007, 005001, 005000, 005002, 005009, 005005, 005008]
5813	5	005007	005008	20	9.0	4.0	0,876	true	[005007, 005001, 005000, 005002, 005009, 005008]
5814	5	005007	005008	21	9.0	3.0	0,849	true	[005007, 005001, 005000, 005004, 005002, 005003, 005008]
5815	5	005007	005008	22	9.0	3.0	0,833	true	[005007, 005001, 005000, 005004, 005002, 005003, 005009, 005005, 005008]
5816	5	005007	005008	23	9.0	3.0	0,841	true	[005007, 005001, 005000, 005004, 005002, 005003, 005009, 005008]
5817	5	005007	005008	24	9.0	3.0	0,859	true	[005007, 005001, 005000, 005004, 005002, 005006, 005008]
5818	5	005007	005008	25	9.0	3.0	0,876	true	[005007, 005001, 005000, 005004, 005002, 005008]
5819	5	005007	005008	26	9.0	3.0	0,791	true	[005007, 005001, 005000, 005004, 005002, 005009, 005003, 005008]
5820	5	005007	005008	27	9.0	3.0	0,824	true	[005007, 005001, 005000, 005004, 005002, 005009, 005005, 005008]
5821	5	005007	005008	28	9.0	3.0	0,833	true	[005007, 005001, 005000, 005004, 005002, 005009, 005008]
5822	5	005007	005008	29	9.0	4.0	0,876	true	[005007, 005001, 005000, 005004, 005003, 005002, 005006, 005008]
5823	5	005007	005008	30	9.0	4.0	0,894	true	[005007, 005001, 005000, 005004, 005003, 005002, 005008]
5824	5	005007	005008	31	9.0	4.0	0,841	true	[005007, 005001, 005000, 005004, 005003, 005002, 005009, 005005, 005008]
5825	5	005007	005008	32	9.0	4.0	0,850	true	[005007, 005001, 005000, 005004, 005003, 005002, 005009, 005008]
5826	5	005007	005008	33	9.0	4.0	0,867	true	[005007, 005001, 005000, 005004, 005003, 005008]
5827	5	005007	005008	34	9.0	3.0	0,816	true	[005007, 005001, 005000, 005004, 005003, 005009, 005002, 005006, 005008]
5828	5	005007	005008	35	9.0	3.0	0,833	true	[005007, 005001, 005000, 005004, 005003, 005009, 005002, 005008]
5829	5	005007	005008	36	9.0	3.0	0,850	true	[005007, 005001, 005000, 005004, 005003, 005009, 005005, 005008]
5830	5	005007	005008	37	9.0	3.0	0,859	true	[005007, 005001, 005000, 005004, 005003, 005009, 005008]
5831	5	005007	005008	38	9.0	3.0	0,824	true	[005007, 005001, 005000, 005004, 005006, 005002, 005003, 005008]
5832	5	005007	005008	39	9.0	3.0	0,807	true	[005007, 005001, 005000, 005004, 005006, 005002, 005003, 005009, 005005, 005008]
5833	5	005007	005008	40	9.0	3.0	0,816	true	[005007, 005001, 005000, 005004, 005006, 005002, 005003, 005009, 005008]
5834	5	005007	005008	41	9.0	3.0	0,850	true	[005007, 005001, 005000, 005004, 005006, 005002, 005008]
5835	5	005007	005008	42	9.0	3.0	0,767	true	[005007, 005001, 005000, 005004, 005006, 005002, 005009, 005003, 005008]
5836	5	005007	005008	43	9.0	3.0	0,799	true	[005007, 005001, 005000, 005004, 005006, 005002, 005009, 005005, 005008]
5837	5	005007	005008	44	9.0	3.0	0,807	true	[005007, 005001, 005000, 005004, 005006, 005002, 005009, 005008]
5838	5	005007	005008	45	9.0	3.0	0,849	true	[005007, 005001, 005000, 005004, 005006, 005008]
5839	5	005007	005008	46	9.0	4.0	0,876	true	[005007, 005001, 005000, 005004, 005008]
5840	5	005007	005008	47	9.0	3.0	0,867	true	[005007, 005001, 005000, 005005, 005008]
5841	5	005007	005008	48	9.0	3.0	0,775	true	[005007, 005001, 005000, 005005, 005009, 005002, 005003, 005004, 005006, 005008]
5842	5	005007	005008	49	9.0	3.0	0,799	true	[005007, 005001, 005000, 005005, 005009, 005002, 005003, 005004, 005008]
5843	5	005007	005008	50	9.0	3.0	0,807	true	[005007, 005001, 005000, 005005, 005009, 005002, 005003, 005008]
5844	5	005007	005008	51	9.0	3.0	0,775	true	[005007, 005001, 005000, 005005, 005009, 005002, 005004, 005003, 005008]
5845	5	005007	005008	52	9.0	3.0	0,759	true	[005007, 005001, 005000, 005005, 005009, 005002, 005004, 005006, 005008]
5846	5	005007	005008	53	9.0	3.0	0,782	true	[005007, 005001, 005000, 005005, 005009, 005002, 005004, 005008]
5847	5	005007	005008	54	9.0	3.0	0,751	true	[005007, 005001, 005000, 005005, 005009, 005002, 005006, 005004, 005003, 005008]
5848	5	005007	005008	55	9.0	3.0	0,759	true	[005007, 005001, 005000, 005005, 005009, 005002, 005006, 005004, 005008]
5849	5	005007	005008	56	9.0	3.0	0,815	true	[005007, 005001, 005000, 005005, 005009, 005002, 005006, 005008]
5850	5	005007	005008	57	9.0	3.0	0,832	true	[005007, 005001, 005000, 005005, 005009, 005002, 005008]
5851	5	005007	005008	58	9.0	3.0	0,767	true	[005007, 005001, 005000, 005005, 005009, 005003, 005002, 005004, 005006, 005008]
5852	5	005007	005008	59	9.0	3.0	0,791	true	[005007, 005001, 005000, 005005, 005009, 005003, 005002, 005004, 005008]
5853	5	005007	005008	60	9.0	3.0	0,767	true	[005007, 005001, 005000, 005005, 005009, 005003, 005002, 005006, 005004, 005008]
5854	5	005007	005008	61	9.0	3.0	0,824	true	[005007, 005001, 005000, 005005, 005009, 005003, 005002, 005006, 005008]
5855	5	005007	005008	62	9.0	3.0	0,841	true	[005007, 005001, 005000, 005005, 005009, 005003, 005002, 005008]
5856	5	005007	005008	63	9.0	3.0	0,791	true	[005007, 005001, 005000, 005005, 005009, 005003, 005004, 005002, 005006, 005008]
5857	5	005007	005008	64	9.0	3.0	0,807	true	[005007, 005001, 005000, 005005, 005009, 005003, 005004, 005002, 005008]
5858	5	005007	005008	65	9.0	3.0	0,783	true	[005007, 005001, 005000, 005005, 005009, 005003, 005004, 005006, 005002, 005008]
5859	5	005007	005008	66	9.0	3.0	0,783	true	[005007, 005001, 005000, 005005, 005009, 005003, 005004, 005006, 005008]
5860	5	005007	005008	67	9.0	3.0	0,807	true	[005007, 005001, 005000, 005005, 005009, 005003, 005004, 005008]
5861	5	005007	005008	68	9.0	3.0	0,815	true	[005007, 005001, 005000, 005005, 005009, 005003, 005008]
5862	5	005007	005008	69	9.0	3.0	0,858	true	[005007, 005001, 005000, 005005, 005009, 005008]
5863	5	005007	005008	70	9.0	4.0	0,849	true	[005007, 005001, 005000, 005006, 005002, 005003, 005004, 005008]
5864	5	005007	005008	71	9.0	4.0	0,858	true	[005007, 005001, 005000, 005006, 005002, 005003, 005008]
5865	5	005007	005008	72	9.0	3.0	0,841	true	[005007, 005001, 005000, 005006, 005002, 005003, 005009, 005005, 005008]
5866	5	005007	005008	73	9.0	3.0	0,850	true	[005007, 005001, 005000, 005006, 005002, 005003, 005009, 005008]
5867	5	005007	005008	74	9.0	3.0	0,824	true	[005007, 005001, 005000, 005006, 005002, 005004, 005003, 005008]
5868	5	005007	005008	75	9.0	3.0	0,808	true	[005007, 005001, 005000, 005006, 005002, 005004, 005003, 005009, 005005, 005008]
5869	5	005007	005008	76	9.0	3.0	0,816	true	[005007, 005001, 005000, 005006, 005002, 005004, 005003, 005009, 005008]
5870	5	005007	005008	77	9.0	3.0	0,832	true	[005007, 005001, 005000, 005006, 005002, 005004, 005008]
5871	5	005007	005008	78	9.0	4.0	0,885	true	[005007, 005001, 005000, 005006, 005002, 005008]
5872	5	005007	005008	79	9.0	3.0	0,791	true	[005007, 005001, 005000, 005006, 005002, 005009, 005003, 005004, 005008]
5873	5	005007	005008	80	9.0	3.0	0,799	true	[005007, 005001, 005000, 005006, 005002, 005009, 005003, 005008]
5874	5	005007	005008	81	9.0	4.0	0,833	true	[005007, 005001, 005000, 005006, 005002, 005009, 005005, 005008]
5875	5	005007	005008	82	9.0	4.0	0,841	true	[005007, 005001, 005000, 005006, 005002, 005009, 005008]
5876	5	005007	005008	83	9.0	3.0	0,799	true	[005007, 005001, 005000, 005006, 005004, 005002, 005003, 005008]
5877	5	005007	005008	84	9.0	3.0	0,783	true	[005007, 005001, 005000, 005006, 005004, 005002, 005003, 005009, 005005, 005008]
5878	5	005007	005008	85	9.0	3.0	0,791	true	[005007, 005001, 005000, 005006, 005004, 005002, 005003, 005009, 005008]
5879	5	005007	005008	86	9.0	3.0	0,824	true	[005007, 005001, 005000, 005006, 005004, 005002, 005008]
5880	5	005007	005008	87	9.0	3.0	0,744	true	[005007, 005001, 005000, 005006, 005004, 005002, 005009, 005003, 005008]
5881	5	005007	005008	88	9.0	3.0	0,775	true	[005007, 005001, 005000, 005006, 005004, 005002, 005009, 005005, 005008]
5882	5	005007	005008	89	9.0	3.0	0,783	true	[005007, 005001, 005000, 005006, 005004, 005002, 005009, 005008]
5883	5	005007	005008	90	9.0	3.0	0,841	true	[005007, 005001, 005000, 005006, 005004, 005003, 005002, 005008]
5884	5	005007	005008	91	9.0	3.0	0,791	true	[005007, 005001, 005000, 005006, 005004, 005003, 005002, 005009, 005005, 005008]
5885	5	005007	005008	92	9.0	3.0	0,799	true	[005007, 005001, 005000, 005006, 005004, 005003, 005002, 005009, 005008]
5886	5	005007	005008	93	9.0	3.0	0,815	true	[005007, 005001, 005000, 005006, 005004, 005003, 005008]
5887	5	005007	005008	94	9.0	3.0	0,783	true	[005007, 005001, 005000, 005006, 005004, 005003, 005009, 005002, 005008]
5888	5	005007	005008	95	9.0	3.0	0,799	true	[005007, 005001, 005000, 005006, 005004, 005003, 005009, 005005, 005008]
5889	5	005007	005008	96	9.0	3.0	0,807	true	[005007, 005001, 005000, 005006, 005004, 005003, 005009, 005008]
5890	5	005007	005008	97	9.0	3.0	0,823	true	[005007, 005001, 005000, 005006, 005004, 005008]
5891	5	005007	005008	98	9.0	4.0	0,885	true	[005007, 005001, 005000, 005006, 005008]
5892	5	005007	005008	99	9.0	3.0	0,912	true	[005007, 005001, 005000, 005008]
5893	5	005007	005008	100	9.0	3.0	0,824	true	[005007, 005001, 005000, 005009, 005002, 005003, 005004, 005006, 005008]
5894	5	005007	005008	101	9.0	4.0	0,849	true	[005007, 005001, 005000, 005009, 005002, 005003, 005004, 005008]
5895	5	005007	005008	102	9.0	4.0	0,858	true	[005007, 005001, 005000, 005009, 005002, 005003, 005008]
5896	5	005007	005008	103	9.0	4.0	0,885	true	[005007, 005001, 005000, 005009, 005002, 005008]
5897	5	005007	005008	104	9.0	4.0	0,912	true	[005007, 005001, 005000, 005009, 005008]
5898	5	005007	005008	105	50.0	3.0	0,912	true	[005007, 005001, 005008]
5899	5	005007	005008	106	8.0	8.0	0,960	true	[005007, 005008]
5900	6	006003	006009	0	10.0	5.0	0,751	true	[006003, 006000, 006001, 006002, 006004, 006005, 006006, 006007, 006008, 006009]
5901	6	006003	006009	1	10.0	5.0	0,783	true	[006003, 006000, 006001, 006002, 006004, 006005, 006006, 006007, 006009]
5902	6	006003	006009	2	7.0	5.0	0,759	true	[006003, 006000, 006001, 006002, 006004, 006005, 006006, 006008, 006007, 006009]
5903	6	006003	006009	3	7.0	5.0	0,743	true	[006003, 006000, 006001, 006002, 006004, 006005, 006006, 006008, 006009]
5904	6	006003	006009	4	10.0	4.0	0,791	true	[006003, 006000, 006001, 006002, 006004, 006005, 006006, 006009]
5905	6	006003	006009	5	7.0	6.0	0,759	true	[006003, 006000, 006001, 006002, 006004, 006005, 006008, 006006, 006007, 006009]
5906	6	006003	006009	6	7.0	4.0	0,767	true	[006003, 006000, 006001, 006002, 006004, 006005, 006008, 006006, 006009]
5907	6	006003	006009	7	10.0	4.0	0,775	true	[006003, 006000, 006001, 006002, 006004, 006005, 006008, 006007, 006006, 006009]
5908	6	006003	006009	8	10.0	5.0	0,799	true	[006003, 006000, 006001, 006002, 006004, 006005, 006008, 006007, 006009]
5909	6	006003	006009	9	10.0	6.0	0,782	true	[006003, 006000, 006001, 006002, 006004, 006005, 006008, 006009]
5910	6	006003	006009	10	10.0	3.0	0,849	true	[006003, 006000, 006001, 006002, 006004, 006005, 006009]
5911	6	006003	006009	11	10.0	5.0	0,759	true	[006003, 006000, 006001, 006002, 006004, 006006, 006005, 006008, 006007, 006009]
5912	6	006003	006009	12	10.0	5.0	0,744	true	[006003, 006000, 006001, 006002, 006004, 006006, 006005, 006008, 006009]
5913	6	006003	006009	13	10.0	3.0	0,807	true	[006003, 006000, 006001, 006002, 006004, 006006, 006005, 006009]
5914	6	006003	006009	14	10.0	3.0	0,791	true	[006003, 006000, 006001, 006002, 006004, 006006, 006007, 006008, 006005, 006009]
5915	6	006003	006009	15	10.0	5.0	0,775	true	[006003, 006000, 006001, 006002, 006004, 006006, 006007, 006008, 006009]
5916	6	006003	006009	16	10.0	6.0	0,807	true	[006003, 006000, 006001, 006002, 006004, 006006, 006007, 006009]
5917	6	006003	006009	17	7.0	3.0	0,783	true	[006003, 006000, 006001, 006002, 006004, 006006, 006008, 006005, 006009]
5918	6	006003	006009	18	7.0	5.0	0,783	true	[006003, 006000, 006001, 006002, 006004, 006006, 006008, 006007, 006009]
5919	6	006003	006009	19	7.0	6.0	0,767	true	[006003, 006000, 006001, 006002, 006004, 006006, 006008, 006009]
5920	6	006003	006009	20	10.0	4.0	0,815	true	[006003, 006000, 006001, 006002, 006004, 006006, 006009]
5921	6	006003	006009	21	10.0	5.0	0,699	true	[006003, 006000, 006001, 006002, 006004, 006007, 006006, 006005, 006008, 006009]
5922	6	006003	006009	22	10.0	3.0	0,759	true	[006003, 006000, 006001, 006002, 006004, 006007, 006006, 006005, 006009]
5923	6	006003	006009	23	7.0	3.0	0,736	true	[006003, 006000, 006001, 006002, 006004, 006007, 006006, 006008, 006005, 006009]
5924	6	006003	006009	24	7.0	6.0	0,721	true	[006003, 006000, 006001, 006002, 006004, 006007, 006006, 006008, 006009]
5925	6	006003	006009	25	10.0	4.0	0,767	true	[006003, 006000, 006001, 006002, 006004, 006007, 006006, 006009]
5926	6	006003	006009	26	10.0	4.0	0,721	true	[006003, 006000, 006001, 006002, 006004, 006007, 006008, 006005, 006006, 006009]
5927	6	006003	006009	27	10.0	3.0	0,775	true	[006003, 006000, 006001, 006002, 006004, 006007, 006008, 006005, 006009]
5928	6	006003	006009	28	7.0	3.0	0,736	true	[006003, 006000, 006001, 006002, 006004, 006007, 006008, 006006, 006005, 006009]
5929	6	006003	006009	29	7.0	4.0	0,744	true	[006003, 006000, 006001, 006002, 006004, 006007, 006008, 006006, 006009]
5930	6	006003	006009	30	10.0	5.0	0,759	true	[006003, 006000, 006001, 006002, 006004, 006007, 006008, 006009]
5931	6	006003	006009	31	10.0	6.0	0,790	true	[006003, 006000, 006001, 006002, 006004, 006007, 006009]
5932	6	006003	006009	32	10.0	4.0	0,752	true	[006003, 006000, 006001, 006002, 006004, 006008, 006005, 006006, 006007, 006009]
5933	6	006003	006009	33	10.0	4.0	0,759	true	[006003, 006000, 006001, 006002, 006004, 006008, 006005, 006006, 006009]
5934	6	006003	006009	34	10.0	3.0	0,815	true	[006003, 006000, 006001, 006002, 006004, 006008, 006005, 006009]
5935	6	006003	006009	35	7.0	3.0	0,775	true	[006003, 006000, 006001, 006002, 006004, 006008, 006006, 006005, 006009]
5936	6	006003	006009	36	7.0	4.0	0,775	true	[006003, 006000, 006001, 006002, 006004, 006008, 006006, 006007, 006009]
5937	6	006003	006009	37	7.0	4.0	0,783	true	[006003, 006000, 006001, 006002, 006004, 006008, 006006, 006009]
5938	6	006003	006009	38	10.0	3.0	0,783	true	[006003, 006000, 006001, 006002, 006004, 006008, 006007, 006006, 006005, 006009]
5939	6	006003	006009	39	10.0	4.0	0,791	true	[006003, 006000, 006001, 006002, 006004, 006008, 006007, 006006, 006009]
5940	6	006003	006009	40	10.0	4.0	0,816	true	[006003, 006000, 006001, 006002, 006004, 006008, 006007, 006009]
5941	6	006003	006009	41	10.0	4.0	0,799	true	[006003, 006000, 006001, 006002, 006004, 006008, 006009]
5942	6	006003	006009	42	10.0	6.0	0,849	true	[006003, 006000, 006001, 006002, 006004, 006009]
5943	6	006003	006009	43	10.0	3.0	0,783	true	[006003, 006000, 006001, 006002, 006005, 006004, 006006, 006007, 006008, 006009]
5944	6	006003	006009	44	10.0	3.0	0,816	true	[006003, 006000, 006001, 006002, 006005, 006004, 006006, 006007, 006009]
5945	6	006003	006009	45	7.0	3.0	0,791	true	[006003, 006000, 006001, 006002, 006005, 006004, 006006, 006008, 006007, 006009]
5946	6	006003	006009	46	7.0	3.0	0,775	true	[006003, 006000, 006001, 006002, 006005, 006004, 006006, 006008, 006009]
5947	6	006003	006009	47	10.0	3.0	0,824	true	[006003, 006000, 006001, 006002, 006005, 006004, 006006, 006009]
5948	6	006003	006009	48	7.0	3.0	0,728	true	[006003, 006000, 006001, 006002, 006005, 006004, 006007, 006006, 006008, 006009]
5949	6	006003	006009	49	10.0	3.0	0,775	true	[006003, 006000, 006001, 006002, 006005, 006004, 006007, 006006, 006009]
5950	6	006003	006009	50	7.0	3.0	0,751	true	[006003, 006000, 006001, 006002, 006005, 006004, 006007, 006008, 006006, 006009]
5951	6	006003	006009	51	10.0	3.0	0,767	true	[006003, 006000, 006001, 006002, 006005, 006004, 006007, 006008, 006009]
5952	6	006003	006009	52	10.0	3.0	0,799	true	[006003, 006000, 006001, 006002, 006005, 006004, 006007, 006009]
5953	6	006003	006009	53	7.0	3.0	0,783	true	[006003, 006000, 006001, 006002, 006005, 006004, 006008, 006006, 006007, 006009]
5954	6	006003	006009	54	7.0	3.0	0,791	true	[006003, 006000, 006001, 006002, 006005, 006004, 006008, 006006, 006009]
5955	6	006003	006009	55	10.0	3.0	0,799	true	[006003, 006000, 006001, 006002, 006005, 006004, 006008, 006007, 006006, 006009]
5956	6	006003	006009	56	10.0	3.0	0,824	true	[006003, 006000, 006001, 006002, 006005, 006004, 006008, 006007, 006009]
5957	6	006003	006009	57	10.0	3.0	0,807	true	[006003, 006000, 006001, 006002, 006005, 006004, 006008, 006009]
5958	6	006003	006009	58	10.0	3.0	0,858	true	[006003, 006000, 006001, 006002, 006005, 006004, 006009]
5959	6	006003	006009	59	10.0	3.0	0,729	true	[006003, 006000, 006001, 006002, 006005, 006006, 006004, 006007, 006008, 006009]
5960	6	006003	006009	60	10.0	3.0	0,759	true	[006003, 006000, 006001, 006002, 006005, 006006, 006004, 006007, 006009]
5961	6	006003	006009	61	10.0	3.0	0,783	true	[006003, 006000, 006001, 006002, 006005, 006006, 006004, 006008, 006007, 006009]
5962	6	006003	006009	62	10.0	3.0	0,767	true	[006003, 006000, 006001, 006002, 006005, 006006, 006004, 006008, 006009]
5963	6	006003	006009	63	10.0	3.0	0,815	true	[006003, 006000, 006001, 006002, 006005, 006006, 006004, 006009]
5964	6	006003	006009	64	10.0	3.0	0,721	true	[006003, 006000, 006001, 006002, 006005, 006006, 006007, 006004, 006008, 006009]
5965	6	006003	006009	65	10.0	3.0	0,767	true	[006003, 006000, 006001, 006002, 006005, 006006, 006007, 006004, 006009]
5966	6	006003	006009	66	10.0	3.0	0,791	true	[006003, 006000, 006001, 006002, 006005, 006006, 006007, 006008, 006004, 006009]
5967	6	006003	006009	67	10.0	3.0	0,759	true	[006003, 006000, 006001, 006002, 006005, 006006, 006007, 006008, 006009]
5968	6	006003	006009	68	10.0	3.0	0,791	true	[006003, 006000, 006001, 006002, 006005, 006006, 006007, 006009]
5969	6	006003	006009	69	7.0	3.0	0,729	true	[006003, 006000, 006001, 006002, 006005, 006006, 006008, 006004, 006007, 006009]
5970	6	006003	006009	70	7.0	3.0	0,783	true	[006003, 006000, 006001, 006002, 006005, 006006, 006008, 006004, 006009]
5971	6	006003	006009	71	7.0	3.0	0,744	true	[006003, 006000, 006001, 006002, 006005, 006006, 006008, 006007, 006004, 006009]
5972	6	006003	006009	72	7.0	3.0	0,767	true	[006003, 006000, 006001, 006002, 006005, 006006, 006008, 006007, 006009]
5973	6	006003	006009	73	7.0	3.0	0,751	true	[006003, 006000, 006001, 006002, 006005, 006006, 006008, 006009]
5974	6	006003	006009	74	10.0	3.0	0,799	true	[006003, 006000, 006001, 006002, 006005, 006006, 006009]
5975	6	006003	006009	75	10.0	3.0	0,783	true	[006003, 006000, 006001, 006002, 006005, 006008, 006004, 006006, 006007, 006009]
5976	6	006003	006009	76	10.0	3.0	0,791	true	[006003, 006000, 006001, 006002, 006005, 006008, 006004, 006006, 006009]
5977	6	006003	006009	77	10.0	3.0	0,744	true	[006003, 006000, 006001, 006002, 006005, 006008, 006004, 006007, 006006, 006009]
5978	6	006003	006009	78	10.0	3.0	0,767	true	[006003, 006000, 006001, 006002, 006005, 006008, 006004, 006007, 006009]
5979	6	006003	006009	79	10.0	3.0	0,824	true	[006003, 006000, 006001, 006002, 006005, 006008, 006004, 006009]
5980	6	006003	006009	80	7.0	3.0	0,736	true	[006003, 006000, 006001, 006002, 006005, 006008, 006006, 006004, 006007, 006009]
5981	6	006003	006009	81	7.0	3.0	0,791	true	[006003, 006000, 006001, 006002, 006005, 006008, 006006, 006004, 006009]
5982	6	006003	006009	82	7.0	3.0	0,744	true	[006003, 006000, 006001, 006002, 006005, 006008, 006006, 006007, 006004, 006009]
5983	6	006003	006009	83	7.0	3.0	0,767	true	[006003, 006000, 006001, 006002, 006005, 006008, 006006, 006007, 006009]
5984	6	006003	006009	84	7.0	3.0	0,775	true	[006003, 006000, 006001, 006002, 006005, 006008, 006006, 006009]
5985	6	006003	006009	85	10.0	3.0	0,752	true	[006003, 006000, 006001, 006002, 006005, 006008, 006007, 006004, 006006, 006009]
5986	6	006003	006009	86	10.0	3.0	0,783	true	[006003, 006000, 006001, 006002, 006005, 006008, 006007, 006004, 006009]
5987	6	006003	006009	87	10.0	3.0	0,799	true	[006003, 006000, 006001, 006002, 006005, 006008, 006007, 006006, 006004, 006009]
5988	6	006003	006009	88	10.0	3.0	0,783	true	[006003, 006000, 006001, 006002, 006005, 006008, 006007, 006006, 006009]
5989	6	006003	006009	89	10.0	3.0	0,807	true	[006003, 006000, 006001, 006002, 006005, 006008, 006007, 006009]
5990	6	006003	006009	90	10.0	3.0	0,791	true	[006003, 006000, 006001, 006002, 006005, 006008, 006009]
5991	6	006003	006009	91	10.0	3.0	0,858	true	[006003, 006000, 006001, 006002, 006005, 006009]
5992	6	006003	006009	92	10.0	5.0	0,791	true	[006003, 006000, 006001, 006002, 006006, 006004, 006005, 006008, 006007, 006009]
5993	6	006003	006009	93	10.0	6.0	0,775	true	[006003, 006000, 006001, 006002, 006006, 006004, 006005, 006008, 006009]
5994	6	006003	006009	94	10.0	3.0	0,841	true	[006003, 006000, 006001, 006002, 006006, 006004, 006005, 006009]
5995	6	006003	006009	95	10.0	3.0	0,767	true	[006003, 006000, 006001, 006002, 006006, 006004, 006007, 006008, 006005, 006009]
5996	6	006003	006009	96	10.0	5.0	0,751	true	[006003, 006000, 006001, 006002, 006006, 006004, 006007, 006008, 006009]
5997	6	006003	006009	97	10.0	6.0	0,783	true	[006003, 006000, 006001, 006002, 006006, 006004, 006007, 006009]
5998	6	006003	006009	98	10.0	3.0	0,807	true	[006003, 006000, 006001, 006002, 006006, 006004, 006008, 006005, 006009]
5999	6	006003	006009	99	10.0	4.0	0,807	true	[006003, 006000, 006001, 006002, 006006, 006004, 006008, 006007, 006009]
6000	6	006003	006009	100	10.0	4.0	0,791	true	[006003, 006000, 006001, 006002, 006006, 006004, 006008, 006009]
6001	6	006003	006009	101	10.0	6.0	0,841	true	[006003, 006000, 006001, 006002, 006006, 006004, 006009]
6002	6	006003	006009	102	10.0	4.0	0,824	true	[006003, 006000, 006001, 006002, 006006, 006009]
6003	6	006003	006009	103	10.0	6.0	0,922	true	[006003, 006000, 006001, 006009]
6004	6	006003	006009	104	14.0	4.0	0,903	true	[006003, 006000, 006009]
6005	6	006003	006009	105	52.0	3.0	0,970	true	[006003, 006009]
6006	7	007005	007006	0	19.0	3.0	0,876	true	[007005, 007000, 007002, 007001, 007004, 007003, 007006]
6007	7	007005	007006	1	19.0	3.0	0,841	true	[007005, 007000, 007002, 007001, 007004, 007003, 007007, 007006]
6008	7	007005	007006	2	19.0	3.0	0,783	true	[007005, 007000, 007002, 007001, 007004, 007003, 007007, 007008, 007006]
6009	7	007005	007006	3	19.0	3.0	0,799	true	[007005, 007000, 007002, 007001, 007004, 007003, 007008, 007006]
6010	7	007005	007006	4	19.0	3.0	0,775	true	[007005, 007000, 007002, 007001, 007004, 007003, 007008, 007007, 007006]
6011	7	007005	007006	5	18.0	3.0	0,858	true	[007005, 007000, 007002, 007001, 007004, 007006]
6012	7	007005	007006	6	19.0	3.0	0,867	true	[007005, 007000, 007002, 007001, 007004, 007007, 007003, 007006]
6013	7	007005	007006	7	19.0	3.0	0,791	true	[007005, 007000, 007002, 007001, 007004, 007007, 007003, 007008, 007006]
6014	7	007005	007006	8	19.0	3.0	0,867	true	[007005, 007000, 007002, 007001, 007004, 007007, 007006]
6015	7	007005	007006	9	19.0	3.0	0,799	true	[007005, 007000, 007002, 007001, 007004, 007007, 007008, 007003, 007006]
6016	7	007005	007006	10	19.0	3.0	0,807	true	[007005, 007000, 007002, 007001, 007004, 007007, 007008, 007006]
6017	7	007005	007006	11	19.0	3.0	0,824	true	[007005, 007000, 007002, 007001, 007004, 007008, 007003, 007006]
6018	7	007005	007006	12	19.0	3.0	0,791	true	[007005, 007000, 007002, 007001, 007004, 007008, 007003, 007007, 007006]
6019	7	007005	007006	13	19.0	3.0	0,832	true	[007005, 007000, 007002, 007001, 007004, 007008, 007006]
6020	7	007005	007006	14	19.0	3.0	0,807	true	[007005, 007000, 007002, 007001, 007004, 007008, 007007, 007003, 007006]
6021	7	007005	007006	15	19.0	3.0	0,807	true	[007005, 007000, 007002, 007001, 007004, 007008, 007007, 007006]
6022	7	007005	007006	16	19.0	3.0	0,807	true	[007005, 007000, 007002, 007001, 007004, 007009, 007008, 007003, 007006]
6023	7	007005	007006	17	19.0	3.0	0,775	true	[007005, 007000, 007002, 007001, 007004, 007009, 007008, 007003, 007007, 007006]
6024	7	007005	007006	18	19.0	3.0	0,816	true	[007005, 007000, 007002, 007001, 007004, 007009, 007008, 007006]
6025	7	007005	007006	19	19.0	3.0	0,791	true	[007005, 007000, 007002, 007001, 007004, 007009, 007008, 007007, 007003, 007006]
6026	7	007005	007006	20	19.0	3.0	0,791	true	[007005, 007000, 007002, 007001, 007004, 007009, 007008, 007007, 007006]
6027	7	007005	007006	21	18.0	3.0	0,867	true	[007005, 007000, 007002, 007001, 007007, 007003, 007004, 007006]
6028	7	007005	007006	22	19.0	3.0	0,841	true	[007005, 007000, 007002, 007001, 007007, 007003, 007004, 007008, 007006]
6029	7	007005	007006	23	19.0	3.0	0,824	true	[007005, 007000, 007002, 007001, 007007, 007003, 007004, 007009, 007008, 007006]
6030	7	007005	007006	24	19.0	3.0	0,903	true	[007005, 007000, 007002, 007001, 007007, 007003, 007006]
6031	7	007005	007006	25	18.0	3.0	0,816	true	[007005, 007000, 007002, 007001, 007007, 007003, 007008, 007004, 007006]
6032	7	007005	007006	26	19.0	3.0	0,824	true	[007005, 007000, 007002, 007001, 007007, 007003, 007008, 007006]
6033	7	007005	007006	27	18.0	3.0	0,799	true	[007005, 007000, 007002, 007001, 007007, 007003, 007008, 007009, 007004, 007006]
6034	7	007005	007006	28	19.0	3.0	0,913	true	[007005, 007000, 007002, 007001, 007007, 007004, 007003, 007006]
6035	7	007005	007006	29	19.0	3.0	0,832	true	[007005, 007000, 007002, 007001, 007007, 007004, 007003, 007008, 007006]
6036	7	007005	007006	30	18.0	3.0	0,894	true	[007005, 007000, 007002, 007001, 007007, 007004, 007006]
6037	7	007005	007006	31	19.0	3.0	0,858	true	[007005, 007000, 007002, 007001, 007007, 007004, 007008, 007003, 007006]
6038	7	007005	007006	32	19.0	3.0	0,867	true	[007005, 007000, 007002, 007001, 007007, 007004, 007008, 007006]
6039	7	007005	007006	33	19.0	3.0	0,841	true	[007005, 007000, 007002, 007001, 007007, 007004, 007009, 007008, 007003, 007006]
6040	7	007005	007006	34	19.0	3.0	0,850	true	[007005, 007000, 007002, 007001, 007007, 007004, 007009, 007008, 007006]
6041	7	007005	007006	35	19.0	3.0	0,903	true	[007005, 007000, 007002, 007001, 007007, 007006]
6042	7	007005	007006	36	18.0	3.0	0,799	true	[007005, 007000, 007002, 007001, 007007, 007008, 007003, 007004, 007006]
6043	7	007005	007006	37	19.0	3.0	0,832	true	[007005, 007000, 007002, 007001, 007007, 007008, 007003, 007006]
6044	7	007005	007006	38	19.0	3.0	0,850	true	[007005, 007000, 007002, 007001, 007007, 007008, 007004, 007003, 007006]
6045	7	007005	007006	39	18.0	3.0	0,832	true	[007005, 007000, 007002, 007001, 007007, 007008, 007004, 007006]
6046	7	007005	007006	40	19.0	3.0	0,840	true	[007005, 007000, 007002, 007001, 007007, 007008, 007006]
6047	7	007005	007006	41	19.0	3.0	0,833	true	[007005, 007000, 007002, 007001, 007007, 007008, 007009, 007004, 007003, 007006]
6048	7	007005	007006	42	18.0	3.0	0,816	true	[007005, 007000, 007002, 007001, 007007, 007008, 007009, 007004, 007006]
6049	7	007005	007006	43	13.0	3.0	0,824	true	[007005, 007000, 007002, 007001, 007008, 007003, 007004, 007006]
6050	7	007005	007006	44	13.0	3.0	0,832	true	[007005, 007000, 007002, 007001, 007008, 007003, 007004, 007007, 007006]
6051	7	007005	007006	45	13.0	3.0	0,858	true	[007005, 007000, 007002, 007001, 007008, 007003, 007006]
6052	7	007005	007006	46	13.0	3.0	0,816	true	[007005, 007000, 007002, 007001, 007008, 007003, 007007, 007004, 007006]
6053	7	007005	007006	47	13.0	3.0	0,824	true	[007005, 007000, 007002, 007001, 007008, 007003, 007007, 007006]
6054	7	007005	007006	48	13.0	3.0	0,876	true	[007005, 007000, 007002, 007001, 007008, 007004, 007003, 007006]
6055	7	007005	007006	49	13.0	3.0	0,842	true	[007005, 007000, 007002, 007001, 007008, 007004, 007003, 007007, 007006]
6056	7	007005	007006	50	13.0	3.0	0,858	true	[007005, 007000, 007002, 007001, 007008, 007004, 007006]
6057	7	007005	007006	51	13.0	3.0	0,868	true	[007005, 007000, 007002, 007001, 007008, 007004, 007007, 007003, 007006]
6058	7	007005	007006	52	13.0	3.0	0,867	true	[007005, 007000, 007002, 007001, 007008, 007004, 007007, 007006]
6059	7	007005	007006	53	13.0	3.0	0,867	true	[007005, 007000, 007002, 007001, 007008, 007006]
6060	7	007005	007006	54	13.0	3.0	0,807	true	[007005, 007000, 007002, 007001, 007008, 007007, 007003, 007004, 007006]
6061	7	007005	007006	55	13.0	3.0	0,841	true	[007005, 007000, 007002, 007001, 007008, 007007, 007003, 007006]
6062	7	007005	007006	56	13.0	3.0	0,850	true	[007005, 007000, 007002, 007001, 007008, 007007, 007004, 007003, 007006]
6063	7	007005	007006	57	13.0	3.0	0,832	true	[007005, 007000, 007002, 007001, 007008, 007007, 007004, 007006]
6064	7	007005	007006	58	13.0	3.0	0,841	true	[007005, 007000, 007002, 007001, 007008, 007007, 007006]
6065	7	007005	007006	59	13.0	3.0	0,859	true	[007005, 007000, 007002, 007001, 007008, 007009, 007004, 007003, 007006]
6066	7	007005	007006	60	13.0	3.0	0,825	true	[007005, 007000, 007002, 007001, 007008, 007009, 007004, 007003, 007007, 007006]
6067	7	007005	007006	61	13.0	3.0	0,841	true	[007005, 007000, 007002, 007001, 007008, 007009, 007004, 007006]
6068	7	007005	007006	62	13.0	3.0	0,850	true	[007005, 007000, 007002, 007001, 007008, 007009, 007004, 007007, 007003, 007006]
6069	7	007005	007006	63	13.0	3.0	0,850	true	[007005, 007000, 007002, 007001, 007008, 007009, 007004, 007007, 007006]
6070	7	007005	007006	64	19.0	3.0	0,876	true	[007005, 007000, 007002, 007001, 007009, 007004, 007003, 007006]
6071	7	007005	007006	65	19.0	3.0	0,842	true	[007005, 007000, 007002, 007001, 007009, 007004, 007003, 007007, 007006]
6072	7	007005	007006	66	19.0	3.0	0,783	true	[007005, 007000, 007002, 007001, 007009, 007004, 007003, 007007, 007008, 007006]
6073	7	007005	007006	67	19.0	3.0	0,799	true	[007005, 007000, 007002, 007001, 007009, 007004, 007003, 007008, 007006]
6074	7	007005	007006	68	19.0	3.0	0,775	true	[007005, 007000, 007002, 007001, 007009, 007004, 007003, 007008, 007007, 007006]
6075	7	007005	007006	69	18.0	3.0	0,858	true	[007005, 007000, 007002, 007001, 007009, 007004, 007006]
6076	7	007005	007006	70	19.0	3.0	0,868	true	[007005, 007000, 007002, 007001, 007009, 007004, 007007, 007003, 007006]
6077	7	007005	007006	71	19.0	3.0	0,791	true	[007005, 007000, 007002, 007001, 007009, 007004, 007007, 007003, 007008, 007006]
6078	7	007005	007006	72	19.0	3.0	0,867	true	[007005, 007000, 007002, 007001, 007009, 007004, 007007, 007006]
6079	7	007005	007006	73	19.0	3.0	0,799	true	[007005, 007000, 007002, 007001, 007009, 007004, 007007, 007008, 007003, 007006]
6080	7	007005	007006	74	19.0	3.0	0,807	true	[007005, 007000, 007002, 007001, 007009, 007004, 007007, 007008, 007006]
6081	7	007005	007006	75	19.0	3.0	0,824	true	[007005, 007000, 007002, 007001, 007009, 007004, 007008, 007003, 007006]
6082	7	007005	007006	76	19.0	3.0	0,791	true	[007005, 007000, 007002, 007001, 007009, 007004, 007008, 007003, 007007, 007006]
6083	7	007005	007006	77	19.0	3.0	0,833	true	[007005, 007000, 007002, 007001, 007009, 007004, 007008, 007006]
6084	7	007005	007006	78	19.0	3.0	0,808	true	[007005, 007000, 007002, 007001, 007009, 007004, 007008, 007007, 007003, 007006]
6085	7	007005	007006	79	19.0	3.0	0,808	true	[007005, 007000, 007002, 007001, 007009, 007004, 007008, 007007, 007006]
6086	7	007005	007006	80	18.0	3.0	0,807	true	[007005, 007000, 007002, 007001, 007009, 007008, 007003, 007004, 007006]
6087	7	007005	007006	81	19.0	3.0	0,816	true	[007005, 007000, 007002, 007001, 007009, 007008, 007003, 007004, 007007, 007006]
6088	7	007005	007006	82	19.0	3.0	0,841	true	[007005, 007000, 007002, 007001, 007009, 007008, 007003, 007006]
6089	7	007005	007006	83	18.0	3.0	0,799	true	[007005, 007000, 007002, 007001, 007009, 007008, 007003, 007007, 007004, 007006]
6090	7	007005	007006	84	19.0	3.0	0,808	true	[007005, 007000, 007002, 007001, 007009, 007008, 007003, 007007, 007006]
6091	7	007005	007006	85	19.0	3.0	0,859	true	[007005, 007000, 007002, 007001, 007009, 007008, 007004, 007003, 007006]
6092	7	007005	007006	86	19.0	3.0	0,825	true	[007005, 007000, 007002, 007001, 007009, 007008, 007004, 007003, 007007, 007006]
6093	7	007005	007006	87	18.0	3.0	0,841	true	[007005, 007000, 007002, 007001, 007009, 007008, 007004, 007006]
6094	7	007005	007006	88	19.0	3.0	0,850	true	[007005, 007000, 007002, 007001, 007009, 007008, 007004, 007007, 007003, 007006]
6095	7	007005	007006	89	19.0	3.0	0,850	true	[007005, 007000, 007002, 007001, 007009, 007008, 007004, 007007, 007006]
6096	7	007005	007006	90	19.0	3.0	0,850	true	[007005, 007000, 007002, 007001, 007009, 007008, 007006]
6097	7	007005	007006	91	18.0	3.0	0,791	true	[007005, 007000, 007002, 007001, 007009, 007008, 007007, 007003, 007004, 007006]
6098	7	007005	007006	92	19.0	3.0	0,824	true	[007005, 007000, 007002, 007001, 007009, 007008, 007007, 007003, 007006]
6099	7	007005	007006	93	19.0	3.0	0,833	true	[007005, 007000, 007002, 007001, 007009, 007008, 007007, 007004, 007003, 007006]
6100	7	007005	007006	94	18.0	3.0	0,816	true	[007005, 007000, 007002, 007001, 007009, 007008, 007007, 007004, 007006]
6101	7	007005	007006	95	19.0	3.0	0,824	true	[007005, 007000, 007002, 007001, 007009, 007008, 007007, 007006]
6102	7	007005	007006	96	36.0	5.0	0,867	true	[007005, 007000, 007002, 007003, 007004, 007001, 007007, 007006]
6103	7	007005	007006	97	25.0	3.0	0,807	true	[007005, 007000, 007002, 007003, 007004, 007001, 007007, 007008, 007006]
6104	7	007005	007006	98	13.0	3.0	0,832	true	[007005, 007000, 007002, 007003, 007004, 007001, 007008, 007006]
6105	7	007005	007006	99	13.0	7.0	0,807	true	[007005, 007000, 007002, 007003, 007004, 007001, 007008, 007007, 007006]
6106	7	007005	007006	100	20.0	3.0	0,816	true	[007005, 007000, 007002, 007003, 007004, 007001, 007009, 007008, 007006]
6107	7	007005	007006	101	18.0	7.0	0,894	true	[007005, 007000, 007002, 007003, 007004, 007006]
6108	7	007005	007006	102	48.0	7.0	0,931	true	[007005, 007000, 007002, 007003, 007006]
6109	7	007005	007006	103	24.0	3.0	0,950	true	[007005, 007000, 007006]
6110	7	007005	007006	104	13.0	8.0	0,980	true	[007005, 007006]
6111	8	008005	008006	0	8.0	3.0	0,867	true	[008005, 008000, 008003, 008001, 008004, 008006]
6112	8	008005	008006	1	8.0	3.0	0,858	true	[008005, 008000, 008003, 008001, 008004, 008007, 008006]
6113	8	008005	008006	2	8.0	3.0	0,894	true	[008005, 008000, 008003, 008001, 008006]
6114	8	008005	008006	3	8.0	3.0	0,867	true	[008005, 008000, 008003, 008001, 008007, 008004, 008006]
6115	8	008005	008006	4	8.0	3.0	0,858	true	[008005, 008000, 008003, 008001, 008007, 008006]
6116	8	008005	008006	5	8.0	3.0	0,903	true	[008005, 008000, 008003, 008001, 008009, 008008, 008007, 008004, 008006]
6117	8	008005	008006	6	8.0	3.0	0,894	true	[008005, 008000, 008003, 008001, 008009, 008008, 008007, 008006]
6118	8	008005	008006	7	6.0	3.0	0,833	true	[008005, 008000, 008003, 008002, 008008, 008007, 008001, 008004, 008006]
6119	8	008005	008006	8	6.0	3.0	0,858	true	[008005, 008000, 008003, 008002, 008008, 008007, 008001, 008006]
6120	8	008005	008006	9	6.0	3.0	0,858	true	[008005, 008000, 008003, 008002, 008008, 008007, 008004, 008001, 008006]
6121	8	008005	008006	10	6.0	3.0	0,922	true	[008005, 008000, 008003, 008002, 008008, 008007, 008004, 008006]
6122	8	008005	008006	11	6.0	3.0	0,913	true	[008005, 008000, 008003, 008002, 008008, 008007, 008006]
6123	8	008005	008006	12	6.0	3.0	0,868	true	[008005, 008000, 008003, 008002, 008008, 008009, 008001, 008004, 008006]
6124	8	008005	008006	13	6.0	3.0	0,859	true	[008005, 008000, 008003, 008002, 008008, 008009, 008001, 008004, 008007, 008006]
6125	8	008005	008006	14	6.0	3.0	0,895	true	[008005, 008000, 008003, 008002, 008008, 008009, 008001, 008006]
6126	8	008005	008006	15	6.0	3.0	0,868	true	[008005, 008000, 008003, 008002, 008008, 008009, 008001, 008007, 008004, 008006]
6127	8	008005	008006	16	6.0	3.0	0,859	true	[008005, 008000, 008003, 008002, 008008, 008009, 008001, 008007, 008006]
6128	8	008005	008006	17	8.0	3.0	0,858	true	[008005, 008000, 008003, 008004, 008001, 008006]
6129	8	008005	008006	18	8.0	3.0	0,824	true	[008005, 008000, 008003, 008004, 008001, 008007, 008006]
6130	8	008005	008006	19	8.0	3.0	0,858	true	[008005, 008000, 008003, 008004, 008001, 008009, 008008, 008007, 008006]
6131	8	008005	008006	20	8.0	3.0	0,922	true	[008005, 008000, 008003, 008004, 008006]
6132	8	008005	008006	21	8.0	3.0	0,858	true	[008005, 008000, 008003, 008004, 008007, 008001, 008006]
6133	8	008005	008006	22	8.0	3.0	0,913	true	[008005, 008000, 008003, 008004, 008007, 008006]
6134	8	008005	008006	23	8.0	3.0	0,894	true	[008005, 008000, 008003, 008004, 008007, 008008, 008009, 008001, 008006]
6135	8	008005	008006	24	8.0	3.0	0,960	true	[008005, 008000, 008003, 008006]
6136	8	008005	008006	25	8.0	3.0	0,867	true	[008005, 008000, 008003, 008008, 008007, 008001, 008004, 008006]
6137	8	008005	008006	26	8.0	3.0	0,894	true	[008005, 008000, 008003, 008008, 008007, 008001, 008006]
6138	8	008005	008006	27	8.0	3.0	0,894	true	[008005, 008000, 008003, 008008, 008007, 008004, 008001, 008006]
6139	8	008005	008006	28	8.0	3.0	0,960	true	[008005, 008000, 008003, 008008, 008007, 008004, 008006]
6140	8	008005	008006	29	8.0	3.0	0,951	true	[008005, 008000, 008003, 008008, 008007, 008006]
6141	8	008005	008006	30	8.0	3.0	0,903	true	[008005, 008000, 008003, 008008, 008009, 008001, 008004, 008006]
6142	8	008005	008006	31	8.0	3.0	0,894	true	[008005, 008000, 008003, 008008, 008009, 008001, 008004, 008007, 008006]
6143	8	008005	008006	32	8.0	3.0	0,931	true	[008005, 008000, 008003, 008008, 008009, 008001, 008006]
6144	8	008005	008006	33	8.0	3.0	0,903	true	[008005, 008000, 008003, 008008, 008009, 008001, 008007, 008004, 008006]
6145	8	008005	008006	34	8.0	3.0	0,894	true	[008005, 008000, 008003, 008008, 008009, 008001, 008007, 008006]
6146	8	008005	008006	35	8.0	3.0	0,903	true	[008005, 008000, 008003, 008009, 008001, 008004, 008006]
6147	8	008005	008006	36	8.0	3.0	0,894	true	[008005, 008000, 008003, 008009, 008001, 008004, 008007, 008006]
6148	8	008005	008006	37	8.0	3.0	0,931	true	[008005, 008000, 008003, 008009, 008001, 008006]
6149	8	008005	008006	38	8.0	3.0	0,903	true	[008005, 008000, 008003, 008009, 008001, 008007, 008004, 008006]
6150	8	008005	008006	39	8.0	3.0	0,894	true	[008005, 008000, 008003, 008009, 008001, 008007, 008006]
6151	8	008005	008006	40	8.0	3.0	0,867	true	[008005, 008000, 008003, 008009, 008008, 008007, 008001, 008004, 008006]
6152	8	008005	008006	41	8.0	3.0	0,894	true	[008005, 008000, 008003, 008009, 008008, 008007, 008001, 008006]
6153	8	008005	008006	42	8.0	3.0	0,894	true	[008005, 008000, 008003, 008009, 008008, 008007, 008004, 008001, 008006]
6154	8	008005	008006	43	8.0	3.0	0,960	true	[008005, 008000, 008003, 008009, 008008, 008007, 008004, 008006]
6155	8	008005	008006	44	8.0	3.0	0,951	true	[008005, 008000, 008003, 008009, 008008, 008007, 008006]
6156	8	008005	008006	45	5.0	3.0	0,832	true	[008005, 008000, 008004, 008001, 008003, 008002, 008008, 008007, 008006]
6157	8	008005	008006	46	5.0	3.0	0,876	true	[008005, 008000, 008004, 008001, 008003, 008006]
6158	8	008005	008006	47	5.0	3.0	0,867	true	[008005, 008000, 008004, 008001, 008003, 008008, 008007, 008006]
6159	8	008005	008006	48	5.0	3.0	0,867	true	[008005, 008000, 008004, 008001, 008003, 008009, 008008, 008007, 008006]
6160	8	008005	008006	49	5.0	3.0	0,903	true	[008005, 008000, 008004, 008001, 008006]
6161	8	008005	008006	50	5.0	3.0	0,867	true	[008005, 008000, 008004, 008001, 008007, 008006]
6162	8	008005	008006	51	5.0	3.0	0,841	true	[008005, 008000, 008004, 008001, 008007, 008008, 008002, 008003, 008006]
6163	8	008005	008006	52	5.0	3.0	0,876	true	[008005, 008000, 008004, 008001, 008007, 008008, 008003, 008006]
6164	8	008005	008006	53	5.0	3.0	0,876	true	[008005, 008000, 008004, 008001, 008007, 008008, 008009, 008003, 008006]
6165	8	008005	008006	54	5.0	3.0	0,867	true	[008005, 008000, 008004, 008001, 008009, 008003, 008002, 008008, 008007, 008006]
6166	8	008005	008006	55	5.0	3.0	0,912	true	[008005, 008000, 008004, 008001, 008009, 008003, 008006]
6167	8	008005	008006	56	5.0	3.0	0,903	true	[008005, 008000, 008004, 008001, 008009, 008003, 008008, 008007, 008006]
6168	8	008005	008006	57	5.0	3.0	0,876	true	[008005, 008000, 008004, 008001, 008009, 008008, 008002, 008003, 008006]
6169	8	008005	008006	58	5.0	3.0	0,912	true	[008005, 008000, 008004, 008001, 008009, 008008, 008003, 008006]
6170	8	008005	008006	59	5.0	3.0	0,903	true	[008005, 008000, 008004, 008001, 008009, 008008, 008007, 008006]
6171	8	008005	008006	60	5.0	3.0	0,867	true	[008005, 008000, 008004, 008003, 008001, 008006]
6172	8	008005	008006	61	5.0	3.0	0,832	true	[008005, 008000, 008004, 008003, 008001, 008007, 008006]
6173	8	008005	008006	62	5.0	3.0	0,867	true	[008005, 008000, 008004, 008003, 008001, 008009, 008008, 008007, 008006]
6174	8	008005	008006	63	5.0	3.0	0,832	true	[008005, 008000, 008004, 008003, 008002, 008008, 008007, 008001, 008006]
6175	8	008005	008006	64	5.0	3.0	0,885	true	[008005, 008000, 008004, 008003, 008002, 008008, 008007, 008006]
6176	8	008005	008006	65	5.0	3.0	0,867	true	[008005, 008000, 008004, 008003, 008002, 008008, 008009, 008001, 008006]
6177	8	008005	008006	66	5.0	3.0	0,833	true	[008005, 008000, 008004, 008003, 008002, 008008, 008009, 008001, 008007, 008006]
6178	8	008005	008006	67	5.0	3.0	0,931	true	[008005, 008000, 008004, 008003, 008006]
6179	8	008005	008006	68	5.0	3.0	0,867	true	[008005, 008000, 008004, 008003, 008008, 008007, 008001, 008006]
6180	8	008005	008006	69	5.0	3.0	0,922	true	[008005, 008000, 008004, 008003, 008008, 008007, 008006]
6181	8	008005	008006	70	5.0	3.0	0,903	true	[008005, 008000, 008004, 008003, 008008, 008009, 008001, 008006]
6182	8	008005	008006	71	5.0	3.0	0,867	true	[008005, 008000, 008004, 008003, 008008, 008009, 008001, 008007, 008006]
6183	8	008005	008006	72	5.0	3.0	0,903	true	[008005, 008000, 008004, 008003, 008009, 008001, 008006]
6184	8	008005	008006	73	5.0	3.0	0,867	true	[008005, 008000, 008004, 008003, 008009, 008001, 008007, 008006]
6185	8	008005	008006	74	5.0	3.0	0,867	true	[008005, 008000, 008004, 008003, 008009, 008008, 008007, 008001, 008006]
6186	8	008005	008006	75	5.0	3.0	0,922	true	[008005, 008000, 008004, 008003, 008009, 008008, 008007, 008006]
6187	8	008005	008006	76	5.0	3.0	0,970	true	[008005, 008000, 008004, 008006]
6188	8	008005	008006	77	5.0	3.0	0,876	true	[008005, 008000, 008004, 008007, 008001, 008003, 008006]
6189	8	008005	008006	78	5.0	3.0	0,903	true	[008005, 008000, 008004, 008007, 008001, 008006]
6190	8	008005	008006	79	5.0	3.0	0,912	true	[008005, 008000, 008004, 008007, 008001, 008009, 008003, 008006]
6191	8	008005	008006	80	5.0	3.0	0,876	true	[008005, 008000, 008004, 008007, 008001, 008009, 008008, 008002, 008003, 008006]
6192	8	008005	008006	81	5.0	3.0	0,912	true	[008005, 008000, 008004, 008007, 008001, 008009, 008008, 008003, 008006]
6193	8	008005	008006	82	5.0	3.0	0,960	true	[008005, 008000, 008004, 008007, 008006]
6194	8	008005	008006	83	5.0	3.0	0,867	true	[008005, 008000, 008004, 008007, 008008, 008002, 008003, 008001, 008006]
6195	8	008005	008006	84	5.0	3.0	0,932	true	[008005, 008000, 008004, 008007, 008008, 008002, 008003, 008006]
6196	8	008005	008006	85	5.0	3.0	0,904	true	[008005, 008000, 008004, 008007, 008008, 008002, 008003, 008009, 008001, 008006]
6197	8	008005	008006	86	5.0	3.0	0,903	true	[008005, 008000, 008004, 008007, 008008, 008003, 008001, 008006]
6198	8	008005	008006	87	5.0	3.0	0,970	true	[008005, 008000, 008004, 008007, 008008, 008003, 008006]
6199	8	008005	008006	88	5.0	3.0	0,941	true	[008005, 008000, 008004, 008007, 008008, 008003, 008009, 008001, 008006]
6200	8	008005	008006	89	5.0	3.0	0,912	true	[008005, 008000, 008004, 008007, 008008, 008009, 008001, 008003, 008006]
6201	8	008005	008006	90	5.0	3.0	0,941	true	[008005, 008000, 008004, 008007, 008008, 008009, 008001, 008006]
6202	8	008005	008006	91	5.0	3.0	0,903	true	[008005, 008000, 008004, 008007, 008008, 008009, 008003, 008001, 008006]
6203	8	008005	008006	92	5.0	3.0	0,970	true	[008005, 008000, 008004, 008007, 008008, 008009, 008003, 008006]
6204	8	008005	008006	93	8.0	3.0	0,970	true	[008005, 008000, 008006]
6205	8	008005	008006	94	8.0	3.0	0,832	true	[008005, 008000, 008007, 008001, 008003, 008004, 008006]
6206	8	008005	008006	95	8.0	3.0	0,867	true	[008005, 008000, 008007, 008001, 008003, 008006]
6207	8	008005	008006	96	8.0	3.0	0,832	true	[008005, 008000, 008007, 008001, 008004, 008003, 008006]
6208	8	008005	008006	97	8.0	3.0	0,867	true	[008005, 008000, 008007, 008001, 008004, 008006]
6209	8	008005	008006	98	8.0	3.0	0,894	true	[008005, 008000, 008007, 008001, 008006]
6210	8	008005	008006	99	8.0	3.0	0,867	true	[008005, 008000, 008007, 008001, 008009, 008003, 008004, 008006]
6211	8	008005	008006	100	8.0	3.0	0,903	true	[008005, 008000, 008007, 008001, 008009, 008003, 008006]
6212	8	008005	008006	101	8.0	3.0	0,951	true	[008005, 008000, 008007, 008006]
6213	8	008005	008006	102	48.0	9.0	0,960	true	[008005, 008006]
6214	9	009004	009007	0	24.0	4.0	0,824	true	[009004, 009000, 009006, 009001, 009003, 009005, 009007]
6215	9	009004	009007	1	6.0	3.0	0,791	true	[009004, 009000, 009006, 009001, 009003, 009005, 009008, 009002, 009007]
6216	9	009004	009007	2	21.0	3.0	0,767	true	[009004, 009000, 009006, 009001, 009003, 009005, 009008, 009002, 009009, 009007]
6217	9	009004	009007	3	9.0	3.0	0,832	true	[009004, 009000, 009006, 009001, 009003, 009005, 009008, 009007]
6218	9	009004	009007	4	6.0	3.0	0,767	true	[009004, 009000, 009006, 009001, 009003, 009005, 009008, 009009, 009002, 009007]
6219	9	009004	009007	5	21.0	3.0	0,791	true	[009004, 009000, 009006, 009001, 009003, 009005, 009008, 009009, 009007]
6220	9	009004	009007	6	5.0	4.0	0,858	true	[009004, 009000, 009006, 009001, 009003, 009007]
6221	9	009004	009007	7	6.0	3.0	0,799	true	[009004, 009000, 009006, 009001, 009003, 009008, 009002, 009007]
6222	9	009004	009007	8	10.0	4.0	0,775	true	[009004, 009000, 009006, 009001, 009003, 009008, 009002, 009009, 009007]
6223	9	009004	009007	9	10.0	3.0	0,832	true	[009004, 009000, 009006, 009001, 009003, 009008, 009005, 009007]
6224	9	009004	009007	10	9.0	4.0	0,841	true	[009004, 009000, 009006, 009001, 009003, 009008, 009007]
6225	9	009004	009007	11	6.0	3.0	0,775	true	[009004, 009000, 009006, 009001, 009003, 009008, 009009, 009002, 009007]
6226	9	009004	009007	12	10.0	4.0	0,799	true	[009004, 009000, 009006, 009001, 009003, 009008, 009009, 009007]
6227	9	009004	009007	13	6.0	3.0	0,816	true	[009004, 009000, 009006, 009001, 009003, 009009, 009002, 009007]
6228	9	009004	009007	14	21.0	3.0	0,816	true	[009004, 009000, 009006, 009001, 009003, 009009, 009002, 009008, 009005, 009007]
6229	9	009004	009007	15	9.0	4.0	0,824	true	[009004, 009000, 009006, 009001, 009003, 009009, 009002, 009008, 009007]
6230	9	009004	009007	16	24.0	4.0	0,841	true	[009004, 009000, 009006, 009001, 009003, 009009, 009007]
6231	9	009004	009007	17	6.0	3.0	0,808	true	[009004, 009000, 009006, 009001, 009003, 009009, 009008, 009002, 009007]
6232	9	009004	009007	18	21.0	3.0	0,841	true	[009004, 009000, 009006, 009001, 009003, 009009, 009008, 009005, 009007]
6233	9	009004	009007	19	9.0	4.0	0,850	true	[009004, 009000, 009006, 009001, 009003, 009009, 009008, 009007]
6234	9	009004	009007	20	5.0	3.0	0,807	true	[009004, 009000, 009006, 009001, 009005, 009003, 009007]
6235	9	009004	009007	21	5.0	3.0	0,752	true	[009004, 009000, 009006, 009001, 009005, 009003, 009008, 009002, 009007]
6236	9	009004	009007	22	5.0	3.0	0,729	true	[009004, 009000, 009006, 009001, 009005, 009003, 009008, 009002, 009009, 009007]
6237	9	009004	009007	23	5.0	3.0	0,791	true	[009004, 009000, 009006, 009001, 009005, 009003, 009008, 009007]
6238	9	009004	009007	24	5.0	3.0	0,729	true	[009004, 009000, 009006, 009001, 009005, 009003, 009008, 009009, 009002, 009007]
6239	9	009004	009007	25	5.0	3.0	0,752	true	[009004, 009000, 009006, 009001, 009005, 009003, 009008, 009009, 009007]
6240	9	009004	009007	26	5.0	3.0	0,767	true	[009004, 009000, 009006, 009001, 009005, 009003, 009009, 009002, 009007]
6241	9	009004	009007	27	5.0	3.0	0,775	true	[009004, 009000, 009006, 009001, 009005, 009003, 009009, 009002, 009008, 009007]
6242	9	009004	009007	28	5.0	3.0	0,791	true	[009004, 009000, 009006, 009001, 009005, 009003, 009009, 009007]
6243	9	009004	009007	29	5.0	3.0	0,760	true	[009004, 009000, 009006, 009001, 009005, 009003, 009009, 009008, 009002, 009007]
6244	9	009004	009007	30	5.0	3.0	0,799	true	[009004, 009000, 009006, 009001, 009005, 009003, 009009, 009008, 009007]
6245	9	009004	009007	31	5.0	3.0	0,858	true	[009004, 009000, 009006, 009001, 009005, 009007]
6246	9	009004	009007	32	5.0	3.0	0,824	true	[009004, 009000, 009006, 009001, 009005, 009008, 009002, 009007]
6247	9	009004	009007	33	5.0	3.0	0,800	true	[009004, 009000, 009006, 009001, 009005, 009008, 009002, 009009, 009003, 009007]
6248	9	009004	009007	34	5.0	3.0	0,799	true	[009004, 009000, 009006, 009001, 009005, 009008, 009002, 009009, 009007]
6249	9	009004	009007	35	5.0	3.0	0,816	true	[009004, 009000, 009006, 009001, 009005, 009008, 009003, 009007]
6250	9	009004	009007	36	5.0	3.0	0,775	true	[009004, 009000, 009006, 009001, 009005, 009008, 009003, 009009, 009002, 009007]
6251	9	009004	009007	37	5.0	3.0	0,799	true	[009004, 009000, 009006, 009001, 009005, 009008, 009003, 009009, 009007]
6252	9	009004	009007	38	5.0	3.0	0,867	true	[009004, 009000, 009006, 009001, 009005, 009008, 009007]
6253	9	009004	009007	39	5.0	3.0	0,799	true	[009004, 009000, 009006, 009001, 009005, 009008, 009009, 009002, 009007]
6254	9	009004	009007	40	5.0	3.0	0,824	true	[009004, 009000, 009006, 009001, 009005, 009008, 009009, 009003, 009007]
6255	9	009004	009007	41	5.0	3.0	0,824	true	[009004, 009000, 009006, 009001, 009005, 009008, 009009, 009007]
6256	9	009004	009007	42	6.0	3.0	0,833	true	[009004, 009000, 009006, 009001, 009008, 009002, 009007]
6257	9	009004	009007	43	24.0	4.0	0,775	true	[009004, 009000, 009006, 009001, 009008, 009002, 009009, 009003, 009005, 009007]
6258	9	009004	009007	44	5.0	4.0	0,808	true	[009004, 009000, 009006, 009001, 009008, 009002, 009009, 009003, 009007]
6259	9	009004	009007	45	24.0	4.0	0,808	true	[009004, 009000, 009006, 009001, 009008, 009002, 009009, 009007]
6260	9	009004	009007	46	10.0	4.0	0,791	true	[009004, 009000, 009006, 009001, 009008, 009003, 009005, 009007]
6261	9	009004	009007	47	5.0	4.0	0,824	true	[009004, 009000, 009006, 009001, 009008, 009003, 009007]
6262	9	009004	009007	48	6.0	3.0	0,783	true	[009004, 009000, 009006, 009001, 009008, 009003, 009009, 009002, 009007]
6263	9	009004	009007	49	10.0	4.0	0,807	true	[009004, 009000, 009006, 009001, 009008, 009003, 009009, 009007]
6264	9	009004	009007	50	5.0	3.0	0,815	true	[009004, 009000, 009006, 009001, 009008, 009005, 009003, 009007]
6265	9	009004	009007	51	6.0	3.0	0,775	true	[009004, 009000, 009006, 009001, 009008, 009005, 009003, 009009, 009002, 009007]
6266	9	009004	009007	52	21.0	3.0	0,799	true	[009004, 009000, 009006, 009001, 009008, 009005, 009003, 009009, 009007]
6267	9	009004	009007	53	21.0	3.0	0,867	true	[009004, 009000, 009006, 009001, 009008, 009005, 009007]
6268	9	009004	009007	54	9.0	4.0	0,876	true	[009004, 009000, 009006, 009001, 009008, 009007]
6269	9	009004	009007	55	6.0	3.0	0,808	true	[009004, 009000, 009006, 009001, 009008, 009009, 009002, 009007]
6270	9	009004	009007	56	24.0	4.0	0,799	true	[009004, 009000, 009006, 009001, 009008, 009009, 009003, 009005, 009007]
6271	9	009004	009007	57	5.0	4.0	0,833	true	[009004, 009000, 009006, 009001, 009008, 009009, 009003, 009007]
6272	9	009004	009007	58	24.0	4.0	0,833	true	[009004, 009000, 009006, 009001, 009008, 009009, 009007]
6273	9	009004	009007	59	6.0	3.0	0,833	true	[009004, 009000, 009006, 009001, 009009, 009002, 009007]
6274	9	009004	009007	60	10.0	4.0	0,759	true	[009004, 009000, 009006, 009001, 009009, 009002, 009008, 009003, 009005, 009007]
6275	9	009004	009007	61	5.0	4.0	0,791	true	[009004, 009000, 009006, 009001, 009009, 009002, 009008, 009003, 009007]
6276	9	009004	009007	62	5.0	3.0	0,783	true	[009004, 009000, 009006, 009001, 009009, 009002, 009008, 009005, 009003, 009007]
6277	9	009004	009007	63	21.0	3.0	0,833	true	[009004, 009000, 009006, 009001, 009009, 009002, 009008, 009005, 009007]
6278	9	009004	009007	64	9.0	4.0	0,841	true	[009004, 009000, 009006, 009001, 009009, 009002, 009008, 009007]
6279	9	009004	009007	65	24.0	4.0	0,824	true	[009004, 009000, 009006, 009001, 009009, 009003, 009005, 009007]
6280	9	009004	009007	66	6.0	3.0	0,791	true	[009004, 009000, 009006, 009001, 009009, 009003, 009005, 009008, 009002, 009007]
6281	9	009004	009007	67	9.0	3.0	0,832	true	[009004, 009000, 009006, 009001, 009009, 009003, 009005, 009008, 009007]
6282	9	009004	009007	68	5.0	4.0	0,858	true	[009004, 009000, 009006, 009001, 009009, 009003, 009007]
6283	9	009004	009007	69	6.0	3.0	0,799	true	[009004, 009000, 009006, 009001, 009009, 009003, 009008, 009002, 009007]
6284	9	009004	009007	70	10.0	3.0	0,833	true	[009004, 009000, 009006, 009001, 009009, 009003, 009008, 009005, 009007]
6285	9	009004	009007	71	9.0	4.0	0,841	true	[009004, 009000, 009006, 009001, 009009, 009003, 009008, 009007]
6286	9	009004	009007	72	24.0	4.0	0,858	true	[009004, 009000, 009006, 009001, 009009, 009007]
6287	9	009004	009007	73	6.0	3.0	0,824	true	[009004, 009000, 009006, 009001, 009009, 009008, 009002, 009007]
6288	9	009004	009007	74	10.0	4.0	0,783	true	[009004, 009000, 009006, 009001, 009009, 009008, 009003, 009005, 009007]
6289	9	009004	009007	75	5.0	4.0	0,816	true	[009004, 009000, 009006, 009001, 009009, 009008, 009003, 009007]
6290	9	009004	009007	76	5.0	3.0	0,807	true	[009004, 009000, 009006, 009001, 009009, 009008, 009005, 009003, 009007]
6291	9	009004	009007	77	21.0	3.0	0,858	true	[009004, 009000, 009006, 009001, 009009, 009008, 009005, 009007]
6292	9	009004	009007	78	9.0	4.0	0,867	true	[009004, 009000, 009006, 009001, 009009, 009008, 009007]
6293	9	009004	009007	79	6.0	3.0	0,867	true	[009004, 009000, 009006, 009002, 009007]
6294	9	009004	009007	80	29.0	4.0	0,791	true	[009004, 009000, 009006, 009002, 009008, 009001, 009003, 009005, 009007]
6295	9	009004	009007	81	5.0	4.0	0,824	true	[009004, 009000, 009006, 009002, 009008, 009001, 009003, 009007]
6296	9	009004	009007	82	29.0	4.0	0,808	true	[009004, 009000, 009006, 009002, 009008, 009001, 009003, 009009, 009007]
6297	9	009004	009007	83	5.0	3.0	0,775	true	[009004, 009000, 009006, 009002, 009008, 009001, 009005, 009003, 009007]
6298	9	009004	009007	84	5.0	3.0	0,760	true	[009004, 009000, 009006, 009002, 009008, 009001, 009005, 009003, 009009, 009007]
6299	9	009004	009007	85	5.0	3.0	0,824	true	[009004, 009000, 009006, 009002, 009008, 009001, 009005, 009007]
6300	9	009004	009007	86	38.0	4.0	0,791	true	[009004, 009000, 009006, 009002, 009008, 009001, 009009, 009003, 009005, 009007]
6301	9	009004	009007	87	5.0	4.0	0,824	true	[009004, 009000, 009006, 009002, 009008, 009001, 009009, 009003, 009007]
6302	9	009004	009007	88	38.0	4.0	0,824	true	[009004, 009000, 009006, 009002, 009008, 009001, 009009, 009007]
6303	9	009004	009007	89	5.0	3.0	0,791	true	[009004, 009000, 009006, 009002, 009008, 009003, 009001, 009005, 009007]
6304	9	009004	009007	90	10.0	4.0	0,791	true	[009004, 009000, 009006, 009002, 009008, 009003, 009001, 009009, 009007]
6305	9	009004	009007	91	5.0	3.0	0,744	true	[009004, 009000, 009006, 009002, 009008, 009003, 009005, 009001, 009009, 009007]
6306	9	009004	009007	92	10.0	4.0	0,791	true	[009004, 009000, 009006, 009002, 009008, 009003, 009005, 009007]
6307	9	009004	009007	93	5.0	4.0	0,824	true	[009004, 009000, 009006, 009002, 009008, 009003, 009007]
6308	9	009004	009007	94	5.0	3.0	0,791	true	[009004, 009000, 009006, 009002, 009008, 009003, 009009, 009001, 009005, 009007]
6309	9	009004	009007	95	10.0	4.0	0,807	true	[009004, 009000, 009006, 009002, 009008, 009003, 009009, 009007]
6310	9	009004	009007	96	5.0	3.0	0,816	true	[009004, 009000, 009006, 009002, 009008, 009005, 009001, 009003, 009007]
6311	9	009004	009007	97	5.0	3.0	0,800	true	[009004, 009000, 009006, 009002, 009008, 009005, 009001, 009003, 009009, 009007]
6312	9	009004	009007	98	5.0	3.0	0,816	true	[009004, 009000, 009006, 009002, 009008, 009005, 009001, 009009, 009003, 009007]
6313	9	009004	009007	99	5.0	3.0	0,816	true	[009004, 009000, 009006, 009002, 009008, 009005, 009001, 009009, 009007]
6314	9	009004	009007	100	21.0	3.0	0,783	true	[009004, 009000, 009006, 009002, 009008, 009005, 009003, 009001, 009009, 009007]
6315	9	009004	009007	101	5.0	3.0	0,815	true	[009004, 009000, 009006, 009002, 009008, 009005, 009003, 009007]
6316	9	009004	009007	102	21.0	3.0	0,867	true	[009004, 009000, 009006, 009002, 009008, 009005, 009007]
6317	9	009004	009007	103	9.0	4.0	0,876	true	[009004, 009000, 009006, 009002, 009008, 009007]
6318	9	009004	009007	104	38.0	4.0	0,885	true	[009004, 009000, 009006, 009007]
6319	9	009004	009007	105	19.0	5.0	0,912	true	[009004, 009000, 009007]
6320	9	009004	009007	106	58.0	7.0	1,000	true	[009004, 009007]
6321	10	010000	010009	0	15.0	5.0	0,824	true	[010000, 010001, 010002, 010003, 010004, 010006, 010005, 010007, 010008, 010009]
6322	10	010000	010009	1	16.0	3.0	0,824	true	[010000, 010001, 010002, 010003, 010004, 010006, 010005, 010008, 010009]
6323	10	010000	010009	2	16.0	5.0	0,799	true	[010000, 010001, 010002, 010003, 010004, 010006, 010005, 010009]
6324	10	010000	010009	3	15.0	3.0	0,799	true	[010000, 010001, 010002, 010003, 010004, 010006, 010007, 010005, 010008, 010009]
6325	10	010000	010009	4	15.0	5.0	0,775	true	[010000, 010001, 010002, 010003, 010004, 010006, 010007, 010005, 010009]
6326	10	010000	010009	5	16.0	3.0	0,775	true	[010000, 010001, 010002, 010003, 010004, 010006, 010007, 010008, 010005, 010009]
6327	10	010000	010009	6	16.0	5.0	0,815	true	[010000, 010001, 010002, 010003, 010004, 010006, 010007, 010008, 010009]
6328	10	010000	010009	7	7.0	3.0	0,799	true	[010000, 010001, 010002, 010003, 010004, 010006, 010008, 010005, 010009]
6329	10	010000	010009	8	7.0	5.0	0,799	true	[010000, 010001, 010002, 010003, 010004, 010006, 010008, 010007, 010005, 010009]
6330	10	010000	010009	9	7.0	5.0	0,841	true	[010000, 010001, 010002, 010003, 010004, 010006, 010008, 010009]
6331	10	010000	010009	10	16.0	3.0	0,841	true	[010000, 010001, 010002, 010003, 010004, 010006, 010009]
6332	10	010000	010009	11	7.0	4.0	0,841	true	[010000, 010001, 010002, 010003, 010004, 010007, 010005, 010006, 010008, 010009]
6333	10	010000	010009	12	15.0	3.0	0,841	true	[010000, 010001, 010002, 010003, 010004, 010007, 010005, 010006, 010009]
6334	10	010000	010009	13	7.0	3.0	0,841	true	[010000, 010001, 010002, 010003, 010004, 010007, 010005, 010008, 010006, 010009]
6335	10	010000	010009	14	15.0	3.0	0,841	true	[010000, 010001, 010002, 010003, 010004, 010007, 010005, 010008, 010009]
6336	10	010000	010009	15	15.0	4.0	0,815	true	[010000, 010001, 010002, 010003, 010004, 010007, 010005, 010009]
6337	10	010000	010009	16	16.0	3.0	0,816	true	[010000, 010001, 010002, 010003, 010004, 010007, 010006, 010005, 010008, 010009]
6338	10	010000	010009	17	16.0	4.0	0,791	true	[010000, 010001, 010002, 010003, 010004, 010007, 010006, 010005, 010009]
6339	10	010000	010009	18	7.0	3.0	0,791	true	[010000, 010001, 010002, 010003, 010004, 010007, 010006, 010008, 010005, 010009]
6340	10	010000	010009	19	7.0	4.0	0,833	true	[010000, 010001, 010002, 010003, 010004, 010007, 010006, 010008, 010009]
6341	10	010000	010009	20	16.0	3.0	0,833	true	[010000, 010001, 010002, 010003, 010004, 010007, 010006, 010009]
6342	10	010000	010009	21	16.0	3.0	0,841	true	[010000, 010001, 010002, 010003, 010004, 010007, 010008, 010005, 010006, 010009]
6343	10	010000	010009	22	16.0	3.0	0,815	true	[010000, 010001, 010002, 010003, 010004, 010007, 010008, 010005, 010009]
6344	10	010000	010009	23	7.0	4.0	0,815	true	[010000, 010001, 010002, 010003, 010004, 010007, 010008, 010006, 010005, 010009]
6345	10	010000	010009	24	7.0	3.0	0,858	true	[010000, 010001, 010002, 010003, 010004, 010007, 010008, 010006, 010009]
6346	10	010000	010009	25	16.0	4.0	0,858	true	[010000, 010001, 010002, 010003, 010004, 010007, 010008, 010009]
6347	10	010000	010009	26	16.0	3.0	0,867	true	[010000, 010001, 010002, 010003, 010004, 010008, 010005, 010006, 010009]
6348	10	010000	010009	27	15.0	3.0	0,841	true	[010000, 010001, 010002, 010003, 010004, 010008, 010005, 010007, 010006, 010009]
6349	10	010000	010009	28	16.0	3.0	0,841	true	[010000, 010001, 010002, 010003, 010004, 010008, 010005, 010009]
6350	10	010000	010009	29	7.0	5.0	0,841	true	[010000, 010001, 010002, 010003, 010004, 010008, 010006, 010005, 010009]
6351	10	010000	010009	30	7.0	5.0	0,815	true	[010000, 010001, 010002, 010003, 010004, 010008, 010006, 010007, 010005, 010009]
6352	10	010000	010009	31	7.0	3.0	0,885	true	[010000, 010001, 010002, 010003, 010004, 010008, 010006, 010009]
6353	10	010000	010009	32	15.0	3.0	0,867	true	[010000, 010001, 010002, 010003, 010004, 010008, 010007, 010005, 010006, 010009]
6354	10	010000	010009	33	15.0	5.0	0,841	true	[010000, 010001, 010002, 010003, 010004, 010008, 010007, 010005, 010009]
6355	10	010000	010009	34	16.0	5.0	0,815	true	[010000, 010001, 010002, 010003, 010004, 010008, 010007, 010006, 010005, 010009]
6356	10	010000	010009	35	16.0	3.0	0,858	true	[010000, 010001, 010002, 010003, 010004, 010008, 010007, 010006, 010009]
6357	10	010000	010009	36	16.0	5.0	0,885	true	[010000, 010001, 010002, 010003, 010004, 010008, 010009]
6358	10	010000	010009	37	14.0	5.0	0,885	true	[010000, 010001, 010002, 010003, 010004, 010009]
6359	10	010000	010009	38	13.0	3.0	0,808	true	[010000, 010001, 010002, 010003, 010006, 010004, 010007, 010005, 010008, 010009]
6360	10	010000	010009	39	13.0	4.0	0,783	true	[010000, 010001, 010002, 010003, 010006, 010004, 010007, 010005, 010009]
6361	10	010000	010009	40	13.0	3.0	0,783	true	[010000, 010001, 010002, 010003, 010006, 010004, 010007, 010008, 010005, 010009]
6362	10	010000	010009	41	13.0	4.0	0,824	true	[010000, 010001, 010002, 010003, 010006, 010004, 010007, 010008, 010009]
6363	10	010000	010009	42	13.0	3.0	0,807	true	[010000, 010001, 010002, 010003, 010006, 010004, 010008, 010005, 010009]
6364	10	010000	010009	43	13.0	5.0	0,807	true	[010000, 010001, 010002, 010003, 010006, 010004, 010008, 010007, 010005, 010009]
6365	10	010000	010009	44	13.0	5.0	0,849	true	[010000, 010001, 010002, 010003, 010006, 010004, 010008, 010009]
6366	10	010000	010009	45	13.0	5.0	0,849	true	[010000, 010001, 010002, 010003, 010006, 010004, 010009]
6367	10	010000	010009	46	13.0	4.0	0,850	true	[010000, 010001, 010002, 010003, 010006, 010005, 010007, 010004, 010008, 010009]
6368	10	010000	010009	47	13.0	4.0	0,850	true	[010000, 010001, 010002, 010003, 010006, 010005, 010007, 010004, 010009]
6369	10	010000	010009	48	13.0	5.0	0,876	true	[010000, 010001, 010002, 010003, 010006, 010005, 010007, 010008, 010004, 010009]
6370	10	010000	010009	49	13.0	5.0	0,876	true	[010000, 010001, 010002, 010003, 010006, 010005, 010007, 010008, 010009]
6371	10	010000	010009	50	13.0	3.0	0,876	true	[010000, 010001, 010002, 010003, 010006, 010005, 010008, 010004, 010009]
6372	10	010000	010009	51	13.0	3.0	0,850	true	[010000, 010001, 010002, 010003, 010006, 010005, 010008, 010007, 010004, 010009]
6373	10	010000	010009	52	13.0	3.0	0,876	true	[010000, 010001, 010002, 010003, 010006, 010005, 010008, 010009]
6374	10	010000	010009	53	13.0	5.0	0,849	true	[010000, 010001, 010002, 010003, 010006, 010005, 010009]
6375	10	010000	010009	54	13.0	3.0	0,799	true	[010000, 010001, 010002, 010003, 010006, 010007, 010004, 010008, 010005, 010009]
6376	10	010000	010009	55	13.0	4.0	0,841	true	[010000, 010001, 010002, 010003, 010006, 010007, 010004, 010008, 010009]
6377	10	010000	010009	56	13.0	4.0	0,841	true	[010000, 010001, 010002, 010003, 010006, 010007, 010004, 010009]
6378	10	010000	010009	57	13.0	3.0	0,850	true	[010000, 010001, 010002, 010003, 010006, 010007, 010005, 010008, 010004, 010009]
6379	10	010000	010009	58	13.0	3.0	0,850	true	[010000, 010001, 010002, 010003, 010006, 010007, 010005, 010008, 010009]
6380	10	010000	010009	59	13.0	5.0	0,824	true	[010000, 010001, 010002, 010003, 010006, 010007, 010005, 010009]
6381	10	010000	010009	60	13.0	5.0	0,867	true	[010000, 010001, 010002, 010003, 010006, 010007, 010008, 010004, 010009]
6382	10	010000	010009	61	13.0	3.0	0,824	true	[010000, 010001, 010002, 010003, 010006, 010007, 010008, 010005, 010009]
6383	10	010000	010009	62	13.0	5.0	0,867	true	[010000, 010001, 010002, 010003, 010006, 010007, 010008, 010009]
6384	10	010000	010009	63	7.0	4.0	0,824	true	[010000, 010001, 010002, 010003, 010006, 010008, 010004, 010007, 010005, 010009]
6385	10	010000	010009	64	7.0	5.0	0,894	true	[010000, 010001, 010002, 010003, 010006, 010008, 010004, 010009]
6386	10	010000	010009	65	7.0	3.0	0,850	true	[010000, 010001, 010002, 010003, 010006, 010008, 010005, 010007, 010004, 010009]
6387	10	010000	010009	66	7.0	3.0	0,849	true	[010000, 010001, 010002, 010003, 010006, 010008, 010005, 010009]
6388	10	010000	010009	67	7.0	4.0	0,867	true	[010000, 010001, 010002, 010003, 010006, 010008, 010007, 010004, 010009]
6389	10	010000	010009	68	7.0	5.0	0,849	true	[010000, 010001, 010002, 010003, 010006, 010008, 010007, 010005, 010009]
6390	10	010000	010009	69	7.0	5.0	0,894	true	[010000, 010001, 010002, 010003, 010006, 010008, 010009]
6391	10	010000	010009	70	13.0	3.0	0,894	true	[010000, 010001, 010002, 010003, 010006, 010009]
6392	10	010000	010009	71	16.0	5.0	0,799	true	[010000, 010001, 010002, 010003, 010008, 010004, 010006, 010005, 010009]
6393	10	010000	010009	72	15.0	5.0	0,775	true	[010000, 010001, 010002, 010003, 010008, 010004, 010006, 010007, 010005, 010009]
6394	10	010000	010009	73	16.0	3.0	0,841	true	[010000, 010001, 010002, 010003, 010008, 010004, 010006, 010009]
6395	10	010000	010009	74	15.0	3.0	0,841	true	[010000, 010001, 010002, 010003, 010008, 010004, 010007, 010005, 010006, 010009]
6396	10	010000	010009	75	15.0	4.0	0,815	true	[010000, 010001, 010002, 010003, 010008, 010004, 010007, 010005, 010009]
6397	10	010000	010009	76	16.0	4.0	0,791	true	[010000, 010001, 010002, 010003, 010008, 010004, 010007, 010006, 010005, 010009]
6398	10	010000	010009	77	16.0	3.0	0,833	true	[010000, 010001, 010002, 010003, 010008, 010004, 010007, 010006, 010009]
6399	10	010000	010009	78	14.0	5.0	0,885	true	[010000, 010001, 010002, 010003, 010008, 010004, 010009]
6400	10	010000	010009	79	14.0	3.0	0,824	true	[010000, 010001, 010002, 010003, 010008, 010005, 010006, 010004, 010009]
6401	10	010000	010009	80	14.0	3.0	0,816	true	[010000, 010001, 010002, 010003, 010008, 010005, 010006, 010007, 010004, 010009]
6402	10	010000	010009	81	16.0	3.0	0,867	true	[010000, 010001, 010002, 010003, 010008, 010005, 010006, 010009]
6403	10	010000	010009	82	15.0	3.0	0,799	true	[010000, 010001, 010002, 010003, 010008, 010005, 010007, 010004, 010006, 010009]
6404	10	010000	010009	83	14.0	3.0	0,841	true	[010000, 010001, 010002, 010003, 010008, 010005, 010007, 010004, 010009]
6405	10	010000	010009	84	14.0	3.0	0,799	true	[010000, 010001, 010002, 010003, 010008, 010005, 010007, 010006, 010004, 010009]
6406	10	010000	010009	85	15.0	3.0	0,841	true	[010000, 010001, 010002, 010003, 010008, 010005, 010007, 010006, 010009]
6407	10	010000	010009	86	16.0	3.0	0,841	true	[010000, 010001, 010002, 010003, 010008, 010005, 010009]
6408	10	010000	010009	87	7.0	4.0	0,775	true	[010000, 010001, 010002, 010003, 010008, 010006, 010004, 010007, 010005, 010009]
6409	10	010000	010009	88	7.0	5.0	0,841	true	[010000, 010001, 010002, 010003, 010008, 010006, 010004, 010009]
6410	10	010000	010009	89	7.0	4.0	0,841	true	[010000, 010001, 010002, 010003, 010008, 010006, 010005, 010007, 010004, 010009]
6411	10	010000	010009	90	7.0	5.0	0,841	true	[010000, 010001, 010002, 010003, 010008, 010006, 010005, 010009]
6412	10	010000	010009	91	7.0	4.0	0,833	true	[010000, 010001, 010002, 010003, 010008, 010006, 010007, 010004, 010009]
6413	10	010000	010009	92	7.0	5.0	0,815	true	[010000, 010001, 010002, 010003, 010008, 010006, 010007, 010005, 010009]
6414	10	010000	010009	93	7.0	3.0	0,885	true	[010000, 010001, 010002, 010003, 010008, 010006, 010009]
6415	10	010000	010009	94	16.0	4.0	0,775	true	[010000, 010001, 010002, 010003, 010008, 010007, 010004, 010006, 010005, 010009]
6416	10	010000	010009	95	16.0	3.0	0,815	true	[010000, 010001, 010002, 010003, 010008, 010007, 010004, 010006, 010009]
6417	10	010000	010009	96	14.0	4.0	0,858	true	[010000, 010001, 010002, 010003, 010008, 010007, 010004, 010009]
6418	10	010000	010009	97	14.0	5.0	0,824	true	[010000, 010001, 010002, 010003, 010008, 010007, 010005, 010006, 010004, 010009]
6419	10	010000	010009	98	15.0	3.0	0,867	true	[010000, 010001, 010002, 010003, 010008, 010007, 010005, 010006, 010009]
6420	10	010000	010009	99	15.0	5.0	0,841	true	[010000, 010001, 010002, 010003, 010008, 010007, 010005, 010009]
6421	10	010000	010009	100	14.0	5.0	0,815	true	[010000, 010001, 010002, 010003, 010008, 010007, 010006, 010004, 010009]
6422	10	010000	010009	101	16.0	3.0	0,858	true	[010000, 010001, 010002, 010003, 010008, 010007, 010006, 010009]
6423	10	010000	010009	102	16.0	5.0	0,885	true	[010000, 010001, 010002, 010003, 010008, 010009]
6424	10	010000	010009	103	16.0	6.0	0,941	true	[010000, 010001, 010002, 010009]
6425	10	010000	010009	104	47.0	7.0	0,912	true	[010000, 010001, 010009]
6426	11	011008	011007	0	12.0	4.0	0,867	true	[011008, 011001, 011000, 011003, 011002, 011005, 011004, 011007]
6427	11	011008	011007	1	10.0	4.0	0,791	true	[011008, 011001, 011000, 011003, 011002, 011005, 011004, 011009, 011006, 011007]
6428	11	011008	011007	2	12.0	3.0	0,816	true	[011008, 011001, 011000, 011003, 011002, 011005, 011004, 011009, 011007]
6429	11	011008	011007	3	12.0	4.0	0,849	true	[011008, 011001, 011000, 011003, 011002, 011005, 011007]
6430	11	011008	011007	4	12.0	4.0	0,841	true	[011008, 011001, 011000, 011003, 011002, 011005, 011009, 011004, 011007]
6431	11	011008	011007	5	10.0	4.0	0,799	true	[011008, 011001, 011000, 011003, 011002, 011005, 011009, 011006, 011007]
6432	11	011008	011007	6	12.0	3.0	0,824	true	[011008, 011001, 011000, 011003, 011002, 011005, 011009, 011007]
6433	11	011008	011007	7	12.0	4.0	0,807	true	[011008, 011001, 011000, 011003, 011002, 011006, 011007]
6434	11	011008	011007	8	10.0	4.0	0,767	true	[011008, 011001, 011000, 011003, 011002, 011006, 011009, 011004, 011005, 011007]
6435	11	011008	011007	9	10.0	4.0	0,815	true	[011008, 011001, 011000, 011003, 011002, 011006, 011009, 011004, 011007]
6436	11	011008	011007	10	10.0	4.0	0,791	true	[011008, 011001, 011000, 011003, 011002, 011006, 011009, 011005, 011004, 011007]
6437	11	011008	011007	11	10.0	4.0	0,775	true	[011008, 011001, 011000, 011003, 011002, 011006, 011009, 011005, 011007]
6438	11	011008	011007	12	10.0	3.0	0,799	true	[011008, 011001, 011000, 011003, 011002, 011006, 011009, 011007]
6439	11	011008	011007	13	12.0	4.0	0,894	true	[011008, 011001, 011000, 011003, 011002, 011007]
6440	11	011008	011007	14	12.0	4.0	0,799	true	[011008, 011001, 011000, 011003, 011002, 011009, 011004, 011005, 011007]
6441	11	011008	011007	15	12.0	4.0	0,850	true	[011008, 011001, 011000, 011003, 011002, 011009, 011004, 011007]
6442	11	011008	011007	16	12.0	4.0	0,824	true	[011008, 011001, 011000, 011003, 011002, 011009, 011005, 011004, 011007]
6443	11	011008	011007	17	12.0	4.0	0,807	true	[011008, 011001, 011000, 011003, 011002, 011009, 011005, 011007]
6444	11	011008	011007	18	10.0	4.0	0,807	true	[011008, 011001, 011000, 011003, 011002, 011009, 011006, 011007]
6445	11	011008	011007	19	12.0	3.0	0,832	true	[011008, 011001, 011000, 011003, 011002, 011009, 011007]
6446	11	011008	011007	20	12.0	4.0	0,832	true	[011008, 011001, 011000, 011003, 011005, 011002, 011006, 011007]
6447	11	011008	011007	21	10.0	4.0	0,841	true	[011008, 011001, 011000, 011003, 011005, 011002, 011006, 011009, 011004, 011007]
6448	11	011008	011007	22	10.0	3.0	0,824	true	[011008, 011001, 011000, 011003, 011005, 011002, 011006, 011009, 011007]
6449	11	011008	011007	23	12.0	4.0	0,922	true	[011008, 011001, 011000, 011003, 011005, 011002, 011007]
6450	11	011008	011007	24	12.0	4.0	0,877	true	[011008, 011001, 011000, 011003, 011005, 011002, 011009, 011004, 011007]
6451	11	011008	011007	25	10.0	4.0	0,833	true	[011008, 011001, 011000, 011003, 011005, 011002, 011009, 011006, 011007]
6452	11	011008	011007	26	12.0	3.0	0,859	true	[011008, 011001, 011000, 011003, 011005, 011002, 011009, 011007]
6453	11	011008	011007	27	12.0	4.0	0,913	true	[011008, 011001, 011000, 011003, 011005, 011004, 011007]
6454	11	011008	011007	28	12.0	4.0	0,783	true	[011008, 011001, 011000, 011003, 011005, 011004, 011009, 011002, 011006, 011007]
6455	11	011008	011007	29	12.0	4.0	0,868	true	[011008, 011001, 011000, 011003, 011005, 011004, 011009, 011002, 011007]
6456	11	011008	011007	30	10.0	4.0	0,833	true	[011008, 011001, 011000, 011003, 011005, 011004, 011009, 011006, 011002, 011007]
6457	11	011008	011007	31	10.0	4.0	0,833	true	[011008, 011001, 011000, 011003, 011005, 011004, 011009, 011006, 011007]
6458	11	011008	011007	32	12.0	3.0	0,859	true	[011008, 011001, 011000, 011003, 011005, 011004, 011009, 011007]
6459	11	011008	011007	33	12.0	4.0	0,894	true	[011008, 011001, 011000, 011003, 011005, 011007]
6460	11	011008	011007	34	12.0	4.0	0,791	true	[011008, 011001, 011000, 011003, 011005, 011009, 011002, 011006, 011007]
6461	11	011008	011007	35	12.0	4.0	0,876	true	[011008, 011001, 011000, 011003, 011005, 011009, 011002, 011007]
6462	11	011008	011007	36	12.0	4.0	0,885	true	[011008, 011001, 011000, 011003, 011005, 011009, 011004, 011007]
6463	11	011008	011007	37	10.0	4.0	0,841	true	[011008, 011001, 011000, 011003, 011005, 011009, 011006, 011002, 011007]
6464	11	011008	011007	38	10.0	4.0	0,841	true	[011008, 011001, 011000, 011003, 011005, 011009, 011006, 011007]
6465	11	011008	011007	39	12.0	3.0	0,867	true	[011008, 011001, 011000, 011003, 011005, 011009, 011007]
6466	11	011008	011007	40	12.0	4.0	0,858	true	[011008, 011001, 011000, 011003, 011006, 011002, 011005, 011004, 011007]
6467	11	011008	011007	41	12.0	3.0	0,808	true	[011008, 011001, 011000, 011003, 011006, 011002, 011005, 011004, 011009, 011007]
6468	11	011008	011007	42	12.0	4.0	0,841	true	[011008, 011001, 011000, 011003, 011006, 011002, 011005, 011007]
6469	11	011008	011007	43	12.0	4.0	0,833	true	[011008, 011001, 011000, 011003, 011006, 011002, 011005, 011009, 011004, 011007]
6470	11	011008	011007	44	12.0	3.0	0,816	true	[011008, 011001, 011000, 011003, 011006, 011002, 011005, 011009, 011007]
6471	11	011008	011007	45	12.0	4.0	0,885	true	[011008, 011001, 011000, 011003, 011006, 011002, 011007]
6472	11	011008	011007	46	12.0	4.0	0,791	true	[011008, 011001, 011000, 011003, 011006, 011002, 011009, 011004, 011005, 011007]
6473	11	011008	011007	47	12.0	4.0	0,841	true	[011008, 011001, 011000, 011003, 011006, 011002, 011009, 011004, 011007]
6474	11	011008	011007	48	12.0	4.0	0,816	true	[011008, 011001, 011000, 011003, 011006, 011002, 011009, 011005, 011004, 011007]
6475	11	011008	011007	49	12.0	4.0	0,799	true	[011008, 011001, 011000, 011003, 011006, 011002, 011009, 011005, 011007]
6476	11	011008	011007	50	12.0	3.0	0,824	true	[011008, 011001, 011000, 011003, 011006, 011002, 011009, 011007]
6477	11	011008	011007	51	12.0	4.0	0,885	true	[011008, 011001, 011000, 011003, 011006, 011007]
6478	11	011008	011007	52	10.0	4.0	0,859	true	[011008, 011001, 011000, 011003, 011006, 011009, 011002, 011005, 011004, 011007]
6479	11	011008	011007	53	10.0	4.0	0,841	true	[011008, 011001, 011000, 011003, 011006, 011009, 011002, 011005, 011007]
6480	11	011008	011007	54	10.0	4.0	0,885	true	[011008, 011001, 011000, 011003, 011006, 011009, 011002, 011007]
6481	11	011008	011007	55	10.0	4.0	0,868	true	[011008, 011001, 011000, 011003, 011006, 011009, 011004, 011005, 011002, 011007]
6482	11	011008	011007	56	10.0	4.0	0,842	true	[011008, 011001, 011000, 011003, 011006, 011009, 011004, 011005, 011007]
6483	11	011008	011007	57	10.0	4.0	0,895	true	[011008, 011001, 011000, 011003, 011006, 011009, 011004, 011007]
6484	11	011008	011007	58	10.0	4.0	0,877	true	[011008, 011001, 011000, 011003, 011006, 011009, 011005, 011002, 011007]
6485	11	011008	011007	59	10.0	4.0	0,868	true	[011008, 011001, 011000, 011003, 011006, 011009, 011005, 011004, 011007]
6486	11	011008	011007	60	10.0	4.0	0,850	true	[011008, 011001, 011000, 011003, 011006, 011009, 011005, 011007]
6487	11	011008	011007	61	10.0	3.0	0,876	true	[011008, 011001, 011000, 011003, 011006, 011009, 011007]
6488	11	011008	011007	62	12.0	4.0	0,903	true	[011008, 011001, 011000, 011003, 011007]
6489	11	011008	011007	63	12.0	4.0	0,868	true	[011008, 011001, 011000, 011003, 011009, 011002, 011005, 011004, 011007]
6490	11	011008	011007	64	12.0	4.0	0,850	true	[011008, 011001, 011000, 011003, 011009, 011002, 011005, 011007]
6491	11	011008	011007	65	12.0	4.0	0,807	true	[011008, 011001, 011000, 011003, 011009, 011002, 011006, 011007]
6492	11	011008	011007	66	12.0	4.0	0,894	true	[011008, 011001, 011000, 011003, 011009, 011002, 011007]
6493	11	011008	011007	67	12.0	4.0	0,791	true	[011008, 011001, 011000, 011003, 011009, 011004, 011005, 011002, 011006, 011007]
6494	11	011008	011007	68	12.0	4.0	0,877	true	[011008, 011001, 011000, 011003, 011009, 011004, 011005, 011002, 011007]
6495	11	011008	011007	69	12.0	4.0	0,850	true	[011008, 011001, 011000, 011003, 011009, 011004, 011005, 011007]
6496	11	011008	011007	70	12.0	4.0	0,904	true	[011008, 011001, 011000, 011003, 011009, 011004, 011007]
6497	11	011008	011007	71	12.0	4.0	0,799	true	[011008, 011001, 011000, 011003, 011009, 011005, 011002, 011006, 011007]
6498	11	011008	011007	72	12.0	4.0	0,885	true	[011008, 011001, 011000, 011003, 011009, 011005, 011002, 011007]
6499	11	011008	011007	73	12.0	4.0	0,876	true	[011008, 011001, 011000, 011003, 011009, 011005, 011004, 011007]
6500	11	011008	011007	74	12.0	4.0	0,859	true	[011008, 011001, 011000, 011003, 011009, 011005, 011007]
6501	11	011008	011007	75	10.0	4.0	0,833	true	[011008, 011001, 011000, 011003, 011009, 011006, 011002, 011005, 011004, 011007]
6502	11	011008	011007	76	10.0	4.0	0,816	true	[011008, 011001, 011000, 011003, 011009, 011006, 011002, 011005, 011007]
6503	11	011008	011007	77	10.0	4.0	0,858	true	[011008, 011001, 011000, 011003, 011009, 011006, 011002, 011007]
6504	11	011008	011007	78	10.0	4.0	0,858	true	[011008, 011001, 011000, 011003, 011009, 011006, 011007]
6505	11	011008	011007	79	12.0	3.0	0,885	true	[011008, 011001, 011000, 011003, 011009, 011007]
6506	11	011008	011007	80	12.0	3.0	0,816	true	[011008, 011001, 011000, 011004, 011005, 011002, 011003, 011006, 011007]
6507	11	011008	011007	81	10.0	3.0	0,808	true	[011008, 011001, 011000, 011004, 011005, 011002, 011003, 011006, 011009, 011007]
6508	11	011008	011007	82	12.0	3.0	0,832	true	[011008, 011001, 011000, 011004, 011005, 011002, 011003, 011007]
6509	11	011008	011007	83	10.0	3.0	0,791	true	[011008, 011001, 011000, 011004, 011005, 011002, 011003, 011009, 011006, 011007]
6510	11	011008	011007	84	12.0	3.0	0,816	true	[011008, 011001, 011000, 011004, 011005, 011002, 011003, 011009, 011007]
6511	11	011008	011007	85	12.0	3.0	0,824	true	[011008, 011001, 011000, 011004, 011005, 011002, 011006, 011003, 011007]
6512	11	011008	011007	86	12.0	3.0	0,808	true	[011008, 011001, 011000, 011004, 011005, 011002, 011006, 011003, 011009, 011007]
6513	11	011008	011007	87	12.0	3.0	0,824	true	[011008, 011001, 011000, 011004, 011005, 011002, 011006, 011007]
6514	11	011008	011007	88	10.0	3.0	0,799	true	[011008, 011001, 011000, 011004, 011005, 011002, 011006, 011009, 011003, 011007]
6515	11	011008	011007	89	10.0	3.0	0,816	true	[011008, 011001, 011000, 011004, 011005, 011002, 011006, 011009, 011007]
6516	11	011008	011007	90	12.0	3.0	0,913	true	[011008, 011001, 011000, 011004, 011005, 011002, 011007]
6517	11	011008	011007	91	12.0	3.0	0,816	true	[011008, 011001, 011000, 011004, 011005, 011002, 011009, 011003, 011006, 011007]
6518	11	011008	011007	92	12.0	3.0	0,833	true	[011008, 011001, 011000, 011004, 011005, 011002, 011009, 011003, 011007]
6519	11	011008	011007	93	10.0	3.0	0,825	true	[011008, 011001, 011000, 011004, 011005, 011002, 011009, 011006, 011003, 011007]
6520	11	011008	011007	94	10.0	3.0	0,824	true	[011008, 011001, 011000, 011004, 011005, 011002, 011009, 011006, 011007]
6521	11	011008	011007	95	12.0	3.0	0,850	true	[011008, 011001, 011000, 011004, 011005, 011002, 011009, 011007]
6522	11	011008	011007	96	12.0	3.0	0,783	true	[011008, 011001, 011000, 011004, 011005, 011003, 011002, 011006, 011007]
6523	11	011008	011007	97	10.0	3.0	0,775	true	[011008, 011001, 011000, 011004, 011005, 011003, 011002, 011006, 011009, 011007]
6524	11	011008	011007	98	12.0	3.0	0,867	true	[011008, 011001, 011000, 011004, 011005, 011003, 011002, 011007]
6525	11	011008	011007	99	10.0	3.0	0,783	true	[011008, 011001, 011000, 011004, 011005, 011003, 011002, 011009, 011006, 011007]
6526	11	011008	011007	100	12.0	3.0	0,807	true	[011008, 011001, 011000, 011004, 011005, 011003, 011002, 011009, 011007]
6527	11	011008	011007	101	12.0	3.0	0,876	true	[011008, 011001, 011000, 011004, 011005, 011003, 011007]
6528	11	011008	011007	102	12.0	3.0	0,885	true	[011008, 011001, 011000, 011004, 011005, 011007]
6529	11	011008	011007	103	12.0	3.0	0,941	true	[011008, 011001, 011000, 011004, 011007]
6530	11	011008	011007	104	11.0	9.0	0,950	true	[011008, 011001, 011000, 011007]
6531	11	011008	011007	105	66.0	6.0	0,960	true	[011008, 011007]
6532	12	012008	012002	0	16.0	3.0	0,931	true	[012008, 012001, 012003, 012000, 012002]
6533	12	012008	012002	1	16.0	3.0	0,840	true	[012008, 012001, 012003, 012000, 012004, 012005, 012002]
6534	12	012008	012002	2	16.0	3.0	0,815	true	[012008, 012001, 012003, 012000, 012004, 012005, 012006, 012002]
6535	12	012008	012002	3	6.0	3.0	0,751	true	[012008, 012001, 012003, 012000, 012004, 012005, 012006, 012007, 012009, 012002]
6536	12	012008	012002	4	6.0	3.0	0,815	true	[012008, 012001, 012003, 012000, 012004, 012005, 012007, 012006, 012002]
6537	12	012008	012002	5	16.0	3.0	0,782	true	[012008, 012001, 012003, 012000, 012004, 012005, 012007, 012009, 012002]
6538	12	012008	012002	6	16.0	3.0	0,766	true	[012008, 012001, 012003, 012000, 012004, 012005, 012009, 012002]
6539	12	012008	012002	7	6.0	3.0	0,767	true	[012008, 012001, 012003, 012000, 012004, 012005, 012009, 012007, 012006, 012002]
6540	12	012008	012002	8	16.0	3.0	0,885	true	[012008, 012001, 012003, 012000, 012004, 012007, 012005, 012002]
6541	12	012008	012002	9	16.0	3.0	0,858	true	[012008, 012001, 012003, 012000, 012004, 012007, 012005, 012006, 012002]
6542	12	012008	012002	10	16.0	3.0	0,807	true	[012008, 012001, 012003, 012000, 012004, 012007, 012005, 012009, 012002]
6543	12	012008	012002	11	6.0	3.0	0,858	true	[012008, 012001, 012003, 012000, 012004, 012007, 012006, 012002]
6544	12	012008	012002	12	6.0	3.0	0,850	true	[012008, 012001, 012003, 012000, 012004, 012007, 012006, 012005, 012002]
6545	12	012008	012002	13	6.0	3.0	0,775	true	[012008, 012001, 012003, 012000, 012004, 012007, 012006, 012005, 012009, 012002]
6546	12	012008	012002	14	16.0	3.0	0,824	true	[012008, 012001, 012003, 012000, 012004, 012007, 012009, 012002]
6547	12	012008	012002	15	16.0	3.0	0,832	true	[012008, 012001, 012003, 012000, 012004, 012007, 012009, 012005, 012002]
6548	12	012008	012002	16	16.0	3.0	0,807	true	[012008, 012001, 012003, 012000, 012004, 012007, 012009, 012005, 012006, 012002]
6549	12	012008	012002	17	16.0	3.0	0,913	true	[012008, 012001, 012003, 012000, 012006, 012002]
6550	12	012008	012002	18	16.0	3.0	0,903	true	[012008, 012001, 012003, 012000, 012006, 012005, 012002]
6551	12	012008	012002	19	16.0	3.0	0,799	true	[012008, 012001, 012003, 012000, 012006, 012005, 012004, 012007, 012009, 012002]
6552	12	012008	012002	20	16.0	3.0	0,841	true	[012008, 012001, 012003, 012000, 012006, 012005, 012007, 012009, 012002]
6553	12	012008	012002	21	16.0	3.0	0,824	true	[012008, 012001, 012003, 012000, 012006, 012005, 012009, 012002]
6554	12	012008	012002	22	6.0	3.0	0,858	true	[012008, 012001, 012003, 012000, 012006, 012007, 012004, 012005, 012002]
6555	12	012008	012002	23	6.0	3.0	0,783	true	[012008, 012001, 012003, 012000, 012006, 012007, 012004, 012005, 012009, 012002]
6556	12	012008	012002	24	6.0	3.0	0,903	true	[012008, 012001, 012003, 012000, 012006, 012007, 012005, 012002]
6557	12	012008	012002	25	6.0	3.0	0,824	true	[012008, 012001, 012003, 012000, 012006, 012007, 012005, 012009, 012002]
6558	12	012008	012002	26	6.0	3.0	0,841	true	[012008, 012001, 012003, 012000, 012006, 012007, 012009, 012002]
6559	12	012008	012002	27	6.0	3.0	0,850	true	[012008, 012001, 012003, 012000, 012006, 012007, 012009, 012005, 012002]
6560	12	012008	012002	28	16.0	3.0	0,885	true	[012008, 012001, 012003, 012000, 012009, 012002]
6561	12	012008	012002	29	16.0	3.0	0,894	true	[012008, 012001, 012003, 012000, 012009, 012005, 012002]
6562	12	012008	012002	30	6.0	3.0	0,824	true	[012008, 012001, 012003, 012000, 012009, 012005, 012004, 012007, 012006, 012002]
6563	12	012008	012002	31	16.0	3.0	0,867	true	[012008, 012001, 012003, 012000, 012009, 012005, 012006, 012002]
6564	12	012008	012002	32	6.0	3.0	0,867	true	[012008, 012001, 012003, 012000, 012009, 012005, 012007, 012006, 012002]
6565	12	012008	012002	33	16.0	3.0	0,867	true	[012008, 012001, 012003, 012000, 012009, 012007, 012004, 012005, 012002]
6566	12	012008	012002	34	16.0	3.0	0,841	true	[012008, 012001, 012003, 012000, 012009, 012007, 012004, 012005, 012006, 012002]
6567	12	012008	012002	35	16.0	3.0	0,913	true	[012008, 012001, 012003, 012000, 012009, 012007, 012005, 012002]
6568	12	012008	012002	36	16.0	3.0	0,885	true	[012008, 012001, 012003, 012000, 012009, 012007, 012005, 012006, 012002]
6569	12	012008	012002	37	6.0	3.0	0,885	true	[012008, 012001, 012003, 012000, 012009, 012007, 012006, 012002]
6570	12	012008	012002	38	6.0	3.0	0,876	true	[012008, 012001, 012003, 012000, 012009, 012007, 012006, 012005, 012002]
6571	12	012008	012002	39	16.0	3.0	0,941	true	[012008, 012001, 012003, 012002]
6572	12	012008	012002	40	16.0	3.0	0,922	true	[012008, 012001, 012003, 012005, 012002]
6573	12	012008	012002	41	16.0	3.0	0,832	true	[012008, 012001, 012003, 012005, 012004, 012000, 012002]
6574	12	012008	012002	42	16.0	3.0	0,815	true	[012008, 012001, 012003, 012005, 012004, 012000, 012006, 012002]
6575	12	012008	012002	43	6.0	3.0	0,751	true	[012008, 012001, 012003, 012005, 012004, 012000, 012006, 012007, 012009, 012002]
6576	12	012008	012002	44	16.0	3.0	0,790	true	[012008, 012001, 012003, 012005, 012004, 012000, 012009, 012002]
6577	12	012008	012002	45	6.0	3.0	0,791	true	[012008, 012001, 012003, 012005, 012004, 012000, 012009, 012007, 012006, 012002]
6578	12	012008	012002	46	6.0	3.0	0,849	true	[012008, 012001, 012003, 012005, 012004, 012007, 012006, 012000, 012002]
6579	12	012008	012002	47	6.0	3.0	0,807	true	[012008, 012001, 012003, 012005, 012004, 012007, 012006, 012000, 012009, 012002]
6580	12	012008	012002	48	6.0	3.0	0,849	true	[012008, 012001, 012003, 012005, 012004, 012007, 012006, 012002]
6581	12	012008	012002	49	16.0	3.0	0,858	true	[012008, 012001, 012003, 012005, 012004, 012007, 012009, 012000, 012002]
6582	12	012008	012002	50	16.0	3.0	0,841	true	[012008, 012001, 012003, 012005, 012004, 012007, 012009, 012000, 012006, 012002]
6583	12	012008	012002	51	16.0	3.0	0,815	true	[012008, 012001, 012003, 012005, 012004, 012007, 012009, 012002]
6584	12	012008	012002	52	16.0	3.0	0,894	true	[012008, 012001, 012003, 012005, 012006, 012000, 012002]
6585	12	012008	012002	53	16.0	3.0	0,791	true	[012008, 012001, 012003, 012005, 012006, 012000, 012004, 012007, 012009, 012002]
6586	12	012008	012002	54	16.0	3.0	0,849	true	[012008, 012001, 012003, 012005, 012006, 012000, 012009, 012002]
6587	12	012008	012002	55	16.0	3.0	0,894	true	[012008, 012001, 012003, 012005, 012006, 012002]
6588	12	012008	012002	56	6.0	3.0	0,841	true	[012008, 012001, 012003, 012005, 012006, 012007, 012004, 012000, 012002]
6589	12	012008	012002	57	6.0	3.0	0,799	true	[012008, 012001, 012003, 012005, 012006, 012007, 012004, 012000, 012009, 012002]
6590	12	012008	012002	58	6.0	3.0	0,867	true	[012008, 012001, 012003, 012005, 012006, 012007, 012009, 012000, 012002]
6591	12	012008	012002	59	6.0	3.0	0,824	true	[012008, 012001, 012003, 012005, 012006, 012007, 012009, 012002]
6592	12	012008	012002	60	16.0	3.0	0,876	true	[012008, 012001, 012003, 012005, 012007, 012004, 012000, 012002]
6593	12	012008	012002	61	16.0	3.0	0,858	true	[012008, 012001, 012003, 012005, 012007, 012004, 012000, 012006, 012002]
6594	12	012008	012002	62	16.0	3.0	0,832	true	[012008, 012001, 012003, 012005, 012007, 012004, 012000, 012009, 012002]
6595	12	012008	012002	63	6.0	3.0	0,894	true	[012008, 012001, 012003, 012005, 012007, 012006, 012000, 012002]
6596	12	012008	012002	64	6.0	3.0	0,849	true	[012008, 012001, 012003, 012005, 012007, 012006, 012000, 012009, 012002]
6597	12	012008	012002	65	6.0	3.0	0,894	true	[012008, 012001, 012003, 012005, 012007, 012006, 012002]
6598	12	012008	012002	66	16.0	3.0	0,903	true	[012008, 012001, 012003, 012005, 012007, 012009, 012000, 012002]
6599	12	012008	012002	67	16.0	3.0	0,885	true	[012008, 012001, 012003, 012005, 012007, 012009, 012000, 012006, 012002]
6600	12	012008	012002	68	16.0	3.0	0,858	true	[012008, 012001, 012003, 012005, 012007, 012009, 012002]
6601	12	012008	012002	69	16.0	3.0	0,885	true	[012008, 012001, 012003, 012005, 012009, 012000, 012002]
6602	12	012008	012002	70	6.0	3.0	0,815	true	[012008, 012001, 012003, 012005, 012009, 012000, 012004, 012007, 012006, 012002]
6603	12	012008	012002	71	16.0	3.0	0,867	true	[012008, 012001, 012003, 012005, 012009, 012000, 012006, 012002]
6604	12	012008	012002	72	16.0	3.0	0,840	true	[012008, 012001, 012003, 012005, 012009, 012002]
6605	12	012008	012002	73	16.0	3.0	0,824	true	[012008, 012001, 012003, 012005, 012009, 012007, 012004, 012000, 012002]
6606	12	012008	012002	74	16.0	3.0	0,807	true	[012008, 012001, 012003, 012005, 012009, 012007, 012004, 012000, 012006, 012002]
6607	12	012008	012002	75	6.0	3.0	0,841	true	[012008, 012001, 012003, 012005, 012009, 012007, 012006, 012000, 012002]
6608	12	012008	012002	76	6.0	3.0	0,841	true	[012008, 012001, 012003, 012005, 012009, 012007, 012006, 012002]
6609	12	012008	012002	77	16.0	3.0	0,903	true	[012008, 012001, 012003, 012006, 012000, 012002]
6610	12	012008	012002	78	16.0	3.0	0,815	true	[012008, 012001, 012003, 012006, 012000, 012004, 012005, 012002]
6611	12	012008	012002	79	16.0	3.0	0,759	true	[012008, 012001, 012003, 012006, 012000, 012004, 012005, 012007, 012009, 012002]
6612	12	012008	012002	80	16.0	3.0	0,743	true	[012008, 012001, 012003, 012006, 012000, 012004, 012005, 012009, 012002]
6613	12	012008	012002	81	16.0	3.0	0,858	true	[012008, 012001, 012003, 012006, 012000, 012004, 012007, 012005, 012002]
6614	12	012008	012002	82	16.0	3.0	0,782	true	[012008, 012001, 012003, 012006, 012000, 012004, 012007, 012005, 012009, 012002]
6615	12	012008	012002	83	16.0	3.0	0,799	true	[012008, 012001, 012003, 012006, 012000, 012004, 012007, 012009, 012002]
6616	12	012008	012002	84	16.0	3.0	0,807	true	[012008, 012001, 012003, 012006, 012000, 012004, 012007, 012009, 012005, 012002]
6617	12	012008	012002	85	16.0	3.0	0,858	true	[012008, 012001, 012003, 012006, 012000, 012009, 012002]
6618	12	012008	012002	86	16.0	3.0	0,867	true	[012008, 012001, 012003, 012006, 012000, 012009, 012005, 012002]
6619	12	012008	012002	87	16.0	3.0	0,841	true	[012008, 012001, 012003, 012006, 012000, 012009, 012007, 012004, 012005, 012002]
6620	12	012008	012002	88	16.0	3.0	0,885	true	[012008, 012001, 012003, 012006, 012000, 012009, 012007, 012005, 012002]
6621	12	012008	012002	89	16.0	3.0	0,903	true	[012008, 012001, 012003, 012006, 012002]
6622	12	012008	012002	90	16.0	3.0	0,894	true	[012008, 012001, 012003, 012006, 012005, 012002]
6623	12	012008	012002	91	16.0	3.0	0,807	true	[012008, 012001, 012003, 012006, 012005, 012004, 012000, 012002]
6624	12	012008	012002	92	16.0	3.0	0,766	true	[012008, 012001, 012003, 012006, 012005, 012004, 012000, 012009, 012002]
6625	12	012008	012002	93	16.0	3.0	0,832	true	[012008, 012001, 012003, 012006, 012005, 012004, 012007, 012009, 012000, 012002]
6626	12	012008	012002	94	16.0	3.0	0,790	true	[012008, 012001, 012003, 012006, 012005, 012004, 012007, 012009, 012002]
6627	12	012008	012002	95	16.0	3.0	0,849	true	[012008, 012001, 012003, 012006, 012005, 012007, 012004, 012000, 012002]
6628	12	012008	012002	96	16.0	3.0	0,807	true	[012008, 012001, 012003, 012006, 012005, 012007, 012004, 012000, 012009, 012002]
6629	12	012008	012002	97	16.0	3.0	0,876	true	[012008, 012001, 012003, 012006, 012005, 012007, 012009, 012000, 012002]
6630	12	012008	012002	98	16.0	3.0	0,832	true	[012008, 012001, 012003, 012006, 012005, 012007, 012009, 012002]
6631	12	012008	012002	99	16.0	3.0	0,858	true	[012008, 012001, 012003, 012006, 012005, 012009, 012000, 012002]
6632	12	012008	012002	100	16.0	3.0	0,815	true	[012008, 012001, 012003, 012006, 012005, 012009, 012002]
6633	12	012008	012002	101	42.0	6.0	1,000	true	[012008, 012002]
6634	13	013006	013008	0	9.0	4.0	0,868	true	[013006, 013000, 013001, 013002, 013003, 013005, 013004, 013007, 013008]
6635	13	013006	013008	1	9.0	4.0	0,894	true	[013006, 013000, 013001, 013002, 013003, 013005, 013008]
6636	13	013006	013008	2	9.0	5.0	0,894	true	[013006, 013000, 013001, 013002, 013003, 013008]
6637	13	013006	013008	3	9.0	5.0	0,885	true	[013006, 013000, 013001, 013002, 013003, 013009, 013008]
6638	13	013006	013008	4	9.0	4.0	0,824	true	[013006, 013000, 013001, 013002, 013004, 013005, 013003, 013008]
6639	13	013006	013008	5	9.0	4.0	0,816	true	[013006, 013000, 013001, 013002, 013004, 013005, 013003, 013009, 013008]
6640	13	013006	013008	6	9.0	4.0	0,841	true	[013006, 013000, 013001, 013002, 013004, 013005, 013008]
6641	13	013006	013008	7	9.0	5.0	0,850	true	[013006, 013000, 013001, 013002, 013004, 013007, 013008]
6642	13	013006	013008	8	9.0	4.0	0,859	true	[013006, 013000, 013001, 013002, 013005, 013003, 013008]
6643	13	013006	013008	9	9.0	4.0	0,850	true	[013006, 013000, 013001, 013002, 013005, 013003, 013009, 013008]
6644	13	013006	013008	10	9.0	4.0	0,850	true	[013006, 013000, 013001, 013002, 013005, 013004, 013007, 013008]
6645	13	013006	013008	11	9.0	8.0	0,876	true	[013006, 013000, 013001, 013002, 013005, 013008]
6646	13	013006	013008	12	9.0	4.0	0,842	true	[013006, 013000, 013001, 013002, 013007, 013004, 013005, 013003, 013008]
6647	13	013006	013008	13	9.0	4.0	0,833	true	[013006, 013000, 013001, 013002, 013007, 013004, 013005, 013003, 013009, 013008]
6648	13	013006	013008	14	9.0	4.0	0,859	true	[013006, 013000, 013001, 013002, 013007, 013004, 013005, 013008]
6649	13	013006	013008	15	9.0	4.0	0,885	true	[013006, 013000, 013001, 013002, 013007, 013008]
6650	13	013006	013008	16	9.0	3.0	0,932	true	[013006, 013000, 013001, 013002, 013008]
6651	13	013006	013008	17	9.0	3.0	0,800	true	[013006, 013000, 013001, 013002, 013009, 013003, 013005, 013004, 013007, 013008]
6652	13	013006	013008	18	9.0	3.0	0,824	true	[013006, 013000, 013001, 013002, 013009, 013003, 013005, 013008]
6653	13	013006	013008	19	9.0	3.0	0,824	true	[013006, 013000, 013001, 013002, 013009, 013003, 013008]
6654	13	013006	013008	20	9.0	3.0	0,885	true	[013006, 013000, 013001, 013002, 013009, 013008]
6655	13	013006	013008	21	12.0	4.0	0,824	true	[013006, 013000, 013001, 013003, 013002, 013004, 013005, 013008]
6656	13	013006	013008	22	12.0	5.0	0,832	true	[013006, 013000, 013001, 013003, 013002, 013004, 013007, 013008]
6657	13	013006	013008	23	25.0	4.0	0,833	true	[013006, 013000, 013001, 013003, 013002, 013005, 013004, 013007, 013008]
6658	13	013006	013008	24	38.0	5.0	0,858	true	[013006, 013000, 013001, 013003, 013002, 013005, 013008]
6659	13	013006	013008	25	30.0	4.0	0,841	true	[013006, 013000, 013001, 013003, 013002, 013007, 013004, 013005, 013008]
6660	13	013006	013008	26	25.0	4.0	0,867	true	[013006, 013000, 013001, 013003, 013002, 013007, 013008]
6661	13	013006	013008	27	38.0	3.0	0,912	true	[013006, 013000, 013001, 013003, 013002, 013008]
6662	13	013006	013008	28	38.0	3.0	0,867	true	[013006, 013000, 013001, 013003, 013002, 013009, 013008]
6663	13	013006	013008	29	12.0	4.0	0,799	true	[013006, 013000, 013001, 013003, 013005, 013002, 013004, 013007, 013008]
6664	13	013006	013008	30	25.0	4.0	0,833	true	[013006, 013000, 013001, 013003, 013005, 013002, 013007, 013008]
6665	13	013006	013008	31	38.0	3.0	0,876	true	[013006, 013000, 013001, 013003, 013005, 013002, 013008]
6666	13	013006	013008	32	38.0	3.0	0,833	true	[013006, 013000, 013001, 013003, 013005, 013002, 013009, 013008]
6667	13	013006	013008	33	12.0	4.0	0,799	true	[013006, 013000, 013001, 013003, 013005, 013004, 013002, 013007, 013008]
6668	13	013006	013008	34	12.0	3.0	0,841	true	[013006, 013000, 013001, 013003, 013005, 013004, 013002, 013008]
6669	13	013006	013008	35	12.0	3.0	0,799	true	[013006, 013000, 013001, 013003, 013005, 013004, 013002, 013009, 013008]
6670	13	013006	013008	36	30.0	3.0	0,859	true	[013006, 013000, 013001, 013003, 013005, 013004, 013007, 013002, 013008]
6671	13	013006	013008	37	30.0	3.0	0,816	true	[013006, 013000, 013001, 013003, 013005, 013004, 013007, 013002, 013009, 013008]
6672	13	013006	013008	38	25.0	4.0	0,850	true	[013006, 013000, 013001, 013003, 013005, 013004, 013007, 013008]
6673	13	013006	013008	39	38.0	4.0	0,876	true	[013006, 013000, 013001, 013003, 013005, 013008]
6674	13	013006	013008	40	38.0	5.0	0,876	true	[013006, 013000, 013001, 013003, 013008]
6675	13	013006	013008	41	12.0	3.0	0,759	true	[013006, 013000, 013001, 013003, 013009, 013002, 013004, 013005, 013008]
6676	13	013006	013008	42	12.0	3.0	0,767	true	[013006, 013000, 013001, 013003, 013009, 013002, 013004, 013007, 013008]
6677	13	013006	013008	43	25.0	3.0	0,767	true	[013006, 013000, 013001, 013003, 013009, 013002, 013005, 013004, 013007, 013008]
6678	13	013006	013008	44	38.0	3.0	0,791	true	[013006, 013000, 013001, 013003, 013009, 013002, 013005, 013008]
6679	13	013006	013008	45	30.0	3.0	0,775	true	[013006, 013000, 013001, 013003, 013009, 013002, 013007, 013004, 013005, 013008]
6680	13	013006	013008	46	25.0	3.0	0,799	true	[013006, 013000, 013001, 013003, 013009, 013002, 013007, 013008]
6681	13	013006	013008	47	38.0	3.0	0,841	true	[013006, 013000, 013001, 013003, 013009, 013002, 013008]
6682	13	013006	013008	48	38.0	7.0	0,867	true	[013006, 013000, 013001, 013003, 013009, 013008]
6683	13	013006	013008	49	12.0	4.0	0,841	true	[013006, 013000, 013001, 013004, 013002, 013003, 013005, 013008]
6684	13	013006	013008	50	12.0	5.0	0,841	true	[013006, 013000, 013001, 013004, 013002, 013003, 013008]
6685	13	013006	013008	51	12.0	5.0	0,832	true	[013006, 013000, 013001, 013004, 013002, 013003, 013009, 013008]
6686	13	013006	013008	52	12.0	4.0	0,807	true	[013006, 013000, 013001, 013004, 013002, 013005, 013003, 013008]
6687	13	013006	013008	53	12.0	4.0	0,799	true	[013006, 013000, 013001, 013004, 013002, 013005, 013003, 013009, 013008]
6688	13	013006	013008	54	12.0	5.0	0,824	true	[013006, 013000, 013001, 013004, 013002, 013005, 013008]
6689	13	013006	013008	55	12.0	4.0	0,832	true	[013006, 013000, 013001, 013004, 013002, 013007, 013008]
6690	13	013006	013008	56	12.0	3.0	0,876	true	[013006, 013000, 013001, 013004, 013002, 013008]
6691	13	013006	013008	57	12.0	3.0	0,775	true	[013006, 013000, 013001, 013004, 013002, 013009, 013003, 013005, 013008]
6692	13	013006	013008	58	12.0	3.0	0,775	true	[013006, 013000, 013001, 013004, 013002, 013009, 013003, 013008]
6693	13	013006	013008	59	12.0	3.0	0,832	true	[013006, 013000, 013001, 013004, 013002, 013009, 013008]
6694	13	013006	013008	60	30.0	4.0	0,841	true	[013006, 013000, 013001, 013004, 013005, 013002, 013003, 013008]
6695	13	013006	013008	61	30.0	4.0	0,833	true	[013006, 013000, 013001, 013004, 013005, 013002, 013003, 013009, 013008]
6696	13	013006	013008	62	25.0	4.0	0,833	true	[013006, 013000, 013001, 013004, 013005, 013002, 013007, 013008]
6697	13	013006	013008	63	30.0	3.0	0,877	true	[013006, 013000, 013001, 013004, 013005, 013002, 013008]
6698	13	013006	013008	64	30.0	3.0	0,775	true	[013006, 013000, 013001, 013004, 013005, 013002, 013009, 013003, 013008]
6699	13	013006	013008	65	30.0	3.0	0,833	true	[013006, 013000, 013001, 013004, 013005, 013002, 013009, 013008]
6700	13	013006	013008	66	25.0	4.0	0,850	true	[013006, 013000, 013001, 013004, 013005, 013003, 013002, 013007, 013008]
6701	13	013006	013008	67	30.0	3.0	0,895	true	[013006, 013000, 013001, 013004, 013005, 013003, 013002, 013008]
6702	13	013006	013008	68	30.0	3.0	0,850	true	[013006, 013000, 013001, 013004, 013005, 013003, 013002, 013009, 013008]
6703	13	013006	013008	69	30.0	4.0	0,858	true	[013006, 013000, 013001, 013004, 013005, 013003, 013008]
6704	13	013006	013008	70	25.0	3.0	0,783	true	[013006, 013000, 013001, 013004, 013005, 013003, 013009, 013002, 013007, 013008]
6705	13	013006	013008	71	30.0	3.0	0,824	true	[013006, 013000, 013001, 013004, 013005, 013003, 013009, 013002, 013008]
6706	13	013006	013008	72	30.0	4.0	0,850	true	[013006, 013000, 013001, 013004, 013005, 013003, 013009, 013008]
6707	13	013006	013008	73	30.0	4.0	0,876	true	[013006, 013000, 013001, 013004, 013005, 013008]
6708	13	013006	013008	74	41.0	4.0	0,859	true	[013006, 013000, 013001, 013004, 013007, 013002, 013003, 013005, 013008]
6709	13	013006	013008	75	41.0	4.0	0,858	true	[013006, 013000, 013001, 013004, 013007, 013002, 013003, 013008]
6710	13	013006	013008	76	41.0	4.0	0,850	true	[013006, 013000, 013001, 013004, 013007, 013002, 013003, 013009, 013008]
6711	13	013006	013008	77	41.0	4.0	0,824	true	[013006, 013000, 013001, 013004, 013007, 013002, 013005, 013003, 013008]
6712	13	013006	013008	78	41.0	4.0	0,816	true	[013006, 013000, 013001, 013004, 013007, 013002, 013005, 013003, 013009, 013008]
6713	13	013006	013008	79	41.0	4.0	0,841	true	[013006, 013000, 013001, 013004, 013007, 013002, 013005, 013008]
6714	13	013006	013008	80	41.0	3.0	0,895	true	[013006, 013000, 013001, 013004, 013007, 013002, 013008]
6715	13	013006	013008	81	41.0	3.0	0,791	true	[013006, 013000, 013001, 013004, 013007, 013002, 013009, 013003, 013005, 013008]
6716	13	013006	013008	82	41.0	3.0	0,791	true	[013006, 013000, 013001, 013004, 013007, 013002, 013009, 013003, 013008]
6717	13	013006	013008	83	41.0	3.0	0,850	true	[013006, 013000, 013001, 013004, 013007, 013002, 013009, 013008]
6718	13	013006	013008	84	25.0	6.0	0,885	true	[013006, 013000, 013001, 013004, 013007, 013008]
6719	13	013006	013008	85	40.0	4.0	0,951	true	[013006, 013000, 013001, 013008]
6720	13	013006	013008	86	21.0	3.0	0,842	true	[013006, 013000, 013001, 013009, 013002, 013003, 013005, 013004, 013007, 013008]
6721	13	013006	013008	87	21.0	3.0	0,867	true	[013006, 013000, 013001, 013009, 013002, 013003, 013005, 013008]
6722	13	013006	013008	88	21.0	3.0	0,867	true	[013006, 013000, 013001, 013009, 013002, 013003, 013008]
6723	13	013006	013008	89	12.0	3.0	0,799	true	[013006, 013000, 013001, 013009, 013002, 013004, 013005, 013003, 013008]
6724	13	013006	013008	90	12.0	3.0	0,816	true	[013006, 013000, 013001, 013009, 013002, 013004, 013005, 013008]
6725	13	013006	013008	91	12.0	3.0	0,824	true	[013006, 013000, 013001, 013009, 013002, 013004, 013007, 013008]
6726	13	013006	013008	92	21.0	3.0	0,833	true	[013006, 013000, 013001, 013009, 013002, 013005, 013003, 013008]
6727	13	013006	013008	93	21.0	3.0	0,825	true	[013006, 013000, 013001, 013009, 013002, 013005, 013004, 013007, 013008]
6728	13	013006	013008	94	21.0	3.0	0,850	true	[013006, 013000, 013001, 013009, 013002, 013005, 013008]
6729	13	013006	013008	95	21.0	3.0	0,816	true	[013006, 013000, 013001, 013009, 013002, 013007, 013004, 013005, 013003, 013008]
6730	13	013006	013008	96	21.0	3.0	0,833	true	[013006, 013000, 013001, 013009, 013002, 013007, 013004, 013005, 013008]
6731	13	013006	013008	97	21.0	3.0	0,859	true	[013006, 013000, 013001, 013009, 013002, 013007, 013008]
6732	13	013006	013008	98	21.0	3.0	0,904	true	[013006, 013000, 013001, 013009, 013002, 013008]
6733	13	013006	013008	99	12.0	4.0	0,816	true	[013006, 013000, 013001, 013009, 013003, 013002, 013004, 013005, 013008]
6734	13	013006	013008	100	12.0	5.0	0,824	true	[013006, 013000, 013001, 013009, 013003, 013002, 013004, 013007, 013008]
6735	13	013006	013008	101	21.0	3.0	0,904	true	[013006, 013000, 013001, 013009, 013003, 013002, 013008]
6736	13	013006	013008	102	21.0	5.0	0,867	true	[013006, 013000, 013001, 013009, 013003, 013008]
6737	13	013006	013008	103	21.0	7.0	0,932	true	[013006, 013000, 013001, 013009, 013008]
6738	13	013006	013008	104	21.0	5.0	0,960	true	[013006, 013000, 013008]
6739	-1	000000	001002	0	125.0	44.0	0,997	true	[000000, 001002]
6740	-1	000003	002009	0	150.0	25.0	0,998	true	[000003, 002009]
6741	-1	000008	007005	0	100.0	29.0	0,996	true	[000008, 007005]
6742	-1	001008	002007	0	125.0	43.0	0,995	true	[001008, 002007]
6743	-1	001007	003002	0	140.0	36.0	0,997	true	[001007, 003002]
6744	-1	002005	005007	0	130.0	26.0	0,998	true	[002005, 005007]
6745	-1	003003	004004	0	115.0	23.0	0,996	true	[003003, 004004]
6746	-1	003000	010000	0	150.0	42.0	0,995	true	[003000, 010000]
6747	-1	004009	005008	0	145.0	33.0	0,995	true	[004009, 005008]
6748	-1	004005	006003	0	105.0	48.0	0,996	true	[004005, 006003]
6749	-1	005002	009004	0	115.0	50.0	0,997	true	[005002, 009004]
6750	-1	005003	012008	0	120.0	28.0	0,998	true	[005003, 012008]
6751	-1	006009	007006	0	105.0	26.0	0,999	true	[006009, 007006]
6752	-1	007008	008005	0	150.0	45.0	0,999	true	[007008, 008005]
6753	-1	008006	009007	0	145.0	37.0	0,996	true	[008006, 009007]
6754	-1	008003	011008	0	125.0	41.0	0,999	true	[008003, 011008]
6755	-1	008002	013006	0	115.0	36.0	0,998	true	[008002, 013006]
6756	-1	010009	011007	0	150.0	34.0	0,996	true	[010009, 011007]
6757	-1	010006	013008	0	145.0	39.0	0,995	true	[010006, 013008]
6758	-1	011003	013004	0	135.0	30.0	0,999	true	[011003, 013004]
6759	-1	012002	013003	0	135.0	43.0	0,998	true	[012002, 013003]
