TransactionId	ASId	Ingress	Egress	PathletId	Bandwidth	Delay	Reliability	Status	Full Path
2402	0	000007	000001	0	70.0	4.0	0,950	true	[000007, 000000, 000001]
2403	0	000007	000001	1	6.0	4.0	0,941	true	[000007, 000000, 000002, 000001]
2404	0	000007	000001	2	41.0	4.0	0,885	true	[000007, 000000, 000002, 000003, 000001]
2405	0	000007	000001	3	16.0	5.0	0,876	true	[000007, 000000, 000002, 000003, 000004, 000001]
2406	0	000007	000001	4	16.0	5.0	0,849	true	[000007, 000000, 000002, 000003, 000004, 000005, 000001]
2407	0	000007	000001	5	16.0	3.0	0,867	true	[000007, 000000, 000002, 000003, 000004, 000006, 000005, 000001]
2408	0	000007	000001	6	36.0	5.0	0,912	true	[000007, 000000, 000002, 000003, 000005, 000001]
2409	0	000007	000001	7	27.0	5.0	0,867	true	[000007, 000000, 000002, 000003, 000005, 000004, 000001]
2410	0	000007	000001	8	27.0	3.0	0,885	true	[000007, 000000, 000002, 000003, 000005, 000006, 000004, 000001]
2411	0	000007	000001	9	20.0	5.0	0,876	true	[000007, 000000, 000002, 000003, 000006, 000004, 000001]
2412	0	000007	000001	10	20.0	5.0	0,850	true	[000007, 000000, 000002, 000003, 000006, 000004, 000005, 000001]
2413	0	000007	000001	11	20.0	3.0	0,903	true	[000007, 000000, 000002, 000003, 000006, 000005, 000001]
2414	0	000007	000001	12	20.0	3.0	0,858	true	[000007, 000000, 000002, 000003, 000006, 000005, 000004, 000001]
2415	0	000007	000001	13	27.0	5.0	0,893	true	[000007, 000000, 000002, 000004, 000001]
2416	0	000007	000001	14	16.0	4.0	0,832	true	[000007, 000000, 000002, 000004, 000003, 000001]
2417	0	000007	000001	15	16.0	5.0	0,858	true	[000007, 000000, 000002, 000004, 000003, 000005, 000001]
2418	0	000007	000001	16	16.0	3.0	0,849	true	[000007, 000000, 000002, 000004, 000003, 000006, 000005, 000001]
2419	0	000007	000001	17	35.0	5.0	0,866	true	[000007, 000000, 000002, 000004, 000005, 000001]
2420	0	000007	000001	18	35.0	4.0	0,823	true	[000007, 000000, 000002, 000004, 000005, 000003, 000001]
2421	0	000007	000001	19	20.0	3.0	0,815	true	[000007, 000000, 000002, 000004, 000005, 000006, 000003, 000001]
2422	0	000007	000001	20	20.0	4.0	0,832	true	[000007, 000000, 000002, 000004, 000006, 000003, 000001]
2423	0	000007	000001	21	20.0	5.0	0,858	true	[000007, 000000, 000002, 000004, 000006, 000003, 000005, 000001]
2424	0	000007	000001	22	35.0	3.0	0,884	true	[000007, 000000, 000002, 000004, 000006, 000005, 000001]
2425	0	000007	000001	23	35.0	3.0	0,841	true	[000007, 000000, 000002, 000004, 000006, 000005, 000003, 000001]
2426	0	000007	000001	24	46.0	4.0	0,922	true	[000007, 000000, 000003, 000001]
2427	0	000007	000001	25	6.0	4.0	0,922	true	[000007, 000000, 000003, 000002, 000001]
2428	0	000007	000001	26	27.0	6.0	0,876	true	[000007, 000000, 000003, 000002, 000004, 000001]
2429	0	000007	000001	27	35.0	6.0	0,849	true	[000007, 000000, 000003, 000002, 000004, 000005, 000001]
2430	0	000007	000001	28	35.0	3.0	0,867	true	[000007, 000000, 000003, 000002, 000004, 000006, 000005, 000001]
2431	0	000007	000001	29	16.0	6.0	0,912	true	[000007, 000000, 000003, 000004, 000001]
2432	0	000007	000001	30	6.0	4.0	0,867	true	[000007, 000000, 000003, 000004, 000002, 000001]
2433	0	000007	000001	31	16.0	6.0	0,885	true	[000007, 000000, 000003, 000004, 000005, 000001]
2434	0	000007	000001	32	16.0	3.0	0,903	true	[000007, 000000, 000003, 000004, 000006, 000005, 000001]
2435	0	000007	000001	33	36.0	6.0	0,950	true	[000007, 000000, 000003, 000005, 000001]
2436	0	000007	000001	34	27.0	6.0	0,903	true	[000007, 000000, 000003, 000005, 000004, 000001]
2437	0	000007	000001	35	6.0	4.0	0,858	true	[000007, 000000, 000003, 000005, 000004, 000002, 000001]
2438	0	000007	000001	36	27.0	3.0	0,922	true	[000007, 000000, 000003, 000005, 000006, 000004, 000001]
2439	0	000007	000001	37	6.0	3.0	0,876	true	[000007, 000000, 000003, 000005, 000006, 000004, 000002, 000001]
2440	0	000007	000001	38	20.0	6.0	0,913	true	[000007, 000000, 000003, 000006, 000004, 000001]
2441	0	000007	000001	39	6.0	4.0	0,867	true	[000007, 000000, 000003, 000006, 000004, 000002, 000001]
2442	0	000007	000001	40	20.0	6.0	0,885	true	[000007, 000000, 000003, 000006, 000004, 000005, 000001]
2443	0	000007	000001	41	20.0	3.0	0,941	true	[000007, 000000, 000003, 000006, 000005, 000001]
2444	0	000007	000001	42	20.0	3.0	0,894	true	[000007, 000000, 000003, 000006, 000005, 000004, 000001]
2445	0	000007	000001	43	6.0	3.0	0,849	true	[000007, 000000, 000003, 000006, 000005, 000004, 000002, 000001]
2446	0	000007	000001	44	27.0	5.0	0,941	true	[000007, 000000, 000004, 000001]
2447	0	000007	000001	45	6.0	4.0	0,893	true	[000007, 000000, 000004, 000002, 000001]
2448	0	000007	000001	46	35.0	4.0	0,840	true	[000007, 000000, 000004, 000002, 000003, 000001]
2449	0	000007	000001	47	35.0	5.0	0,867	true	[000007, 000000, 000004, 000002, 000003, 000005, 000001]
2450	0	000007	000001	48	20.0	3.0	0,858	true	[000007, 000000, 000004, 000002, 000003, 000006, 000005, 000001]
2451	0	000007	000001	49	16.0	4.0	0,876	true	[000007, 000000, 000004, 000003, 000001]
2452	0	000007	000001	50	6.0	4.0	0,876	true	[000007, 000000, 000004, 000003, 000002, 000001]
2453	0	000007	000001	51	16.0	5.0	0,903	true	[000007, 000000, 000004, 000003, 000005, 000001]
2454	0	000007	000001	52	16.0	3.0	0,894	true	[000007, 000000, 000004, 000003, 000006, 000005, 000001]
2455	0	000007	000001	53	38.0	5.0	0,912	true	[000007, 000000, 000004, 000005, 000001]
2456	0	000007	000001	54	36.0	4.0	0,867	true	[000007, 000000, 000004, 000005, 000003, 000001]
2457	0	000007	000001	55	6.0	4.0	0,867	true	[000007, 000000, 000004, 000005, 000003, 000002, 000001]
2458	0	000007	000001	56	20.0	3.0	0,858	true	[000007, 000000, 000004, 000005, 000006, 000003, 000001]
2459	0	000007	000001	57	6.0	3.0	0,858	true	[000007, 000000, 000004, 000005, 000006, 000003, 000002, 000001]
2460	0	000007	000001	58	20.0	4.0	0,876	true	[000007, 000000, 000004, 000006, 000003, 000001]
2461	0	000007	000001	59	6.0	4.0	0,876	true	[000007, 000000, 000004, 000006, 000003, 000002, 000001]
2462	0	000007	000001	60	20.0	5.0	0,903	true	[000007, 000000, 000004, 000006, 000003, 000005, 000001]
2463	0	000007	000001	61	38.0	3.0	0,931	true	[000007, 000000, 000004, 000006, 000005, 000001]
2464	0	000007	000001	62	36.0	3.0	0,885	true	[000007, 000000, 000004, 000006, 000005, 000003, 000001]
2465	0	000007	000001	63	6.0	3.0	0,885	true	[000007, 000000, 000004, 000006, 000005, 000003, 000002, 000001]
2466	0	000007	000001	64	36.0	5.0	0,970	true	[000007, 000000, 000005, 000001]
2467	0	000007	000001	65	36.0	4.0	0,922	true	[000007, 000000, 000005, 000003, 000001]
2468	0	000007	000001	66	6.0	4.0	0,922	true	[000007, 000000, 000005, 000003, 000002, 000001]
2469	0	000007	000001	67	27.0	5.0	0,876	true	[000007, 000000, 000005, 000003, 000002, 000004, 000001]
2470	0	000007	000001	68	16.0	5.0	0,913	true	[000007, 000000, 000005, 000003, 000004, 000001]
2471	0	000007	000001	69	6.0	4.0	0,867	true	[000007, 000000, 000005, 000003, 000004, 000002, 000001]
2472	0	000007	000001	70	20.0	5.0	0,913	true	[000007, 000000, 000005, 000003, 000006, 000004, 000001]
2473	0	000007	000001	71	6.0	4.0	0,867	true	[000007, 000000, 000005, 000003, 000006, 000004, 000002, 000001]
2474	0	000007	000001	72	27.0	5.0	0,922	true	[000007, 000000, 000005, 000004, 000001]
2475	0	000007	000001	73	6.0	4.0	0,876	true	[000007, 000000, 000005, 000004, 000002, 000001]
2476	0	000007	000001	74	35.0	4.0	0,824	true	[000007, 000000, 000005, 000004, 000002, 000003, 000001]
2477	0	000007	000001	75	16.0	4.0	0,858	true	[000007, 000000, 000005, 000004, 000003, 000001]
2478	0	000007	000001	76	6.0	4.0	0,858	true	[000007, 000000, 000005, 000004, 000003, 000002, 000001]
2479	0	000007	000001	77	20.0	4.0	0,859	true	[000007, 000000, 000005, 000004, 000006, 000003, 000001]
2480	0	000007	000001	78	6.0	4.0	0,859	true	[000007, 000000, 000005, 000004, 000006, 000003, 000002, 000001]
2481	0	000007	000001	79	20.0	3.0	0,913	true	[000007, 000000, 000005, 000006, 000003, 000001]
2482	0	000007	000001	80	6.0	3.0	0,913	true	[000007, 000000, 000005, 000006, 000003, 000002, 000001]
2483	0	000007	000001	81	20.0	3.0	0,867	true	[000007, 000000, 000005, 000006, 000003, 000002, 000004, 000001]
2484	0	000007	000001	82	16.0	3.0	0,903	true	[000007, 000000, 000005, 000006, 000003, 000004, 000001]
2485	0	000007	000001	83	6.0	3.0	0,858	true	[000007, 000000, 000005, 000006, 000003, 000004, 000002, 000001]
2486	0	000007	000001	84	27.0	3.0	0,941	true	[000007, 000000, 000005, 000006, 000004, 000001]
2487	0	000007	000001	85	6.0	3.0	0,894	true	[000007, 000000, 000005, 000006, 000004, 000002, 000001]
2488	0	000007	000001	86	35.0	3.0	0,841	true	[000007, 000000, 000005, 000006, 000004, 000002, 000003, 000001]
2489	0	000007	000001	87	16.0	3.0	0,876	true	[000007, 000000, 000005, 000006, 000004, 000003, 000001]
2490	0	000007	000001	88	6.0	3.0	0,876	true	[000007, 000000, 000005, 000006, 000004, 000003, 000002, 000001]
2491	0	000007	000001	89	20.0	4.0	0,903	true	[000007, 000000, 000006, 000003, 000001]
2492	0	000007	000001	90	6.0	4.0	0,903	true	[000007, 000000, 000006, 000003, 000002, 000001]
2493	0	000007	000001	91	20.0	6.0	0,858	true	[000007, 000000, 000006, 000003, 000002, 000004, 000001]
2494	0	000007	000001	92	20.0	6.0	0,832	true	[000007, 000000, 000006, 000003, 000002, 000004, 000005, 000001]
2495	0	000007	000001	93	16.0	6.0	0,894	true	[000007, 000000, 000006, 000003, 000004, 000001]
2496	0	000007	000001	94	6.0	4.0	0,849	true	[000007, 000000, 000006, 000003, 000004, 000002, 000001]
2497	0	000007	000001	95	16.0	6.0	0,867	true	[000007, 000000, 000006, 000003, 000004, 000005, 000001]
2498	0	000007	000001	96	20.0	6.0	0,931	true	[000007, 000000, 000006, 000003, 000005, 000001]
2499	0	000007	000001	97	20.0	6.0	0,885	true	[000007, 000000, 000006, 000003, 000005, 000004, 000001]
2500	0	000007	000001	98	6.0	4.0	0,841	true	[000007, 000000, 000006, 000003, 000005, 000004, 000002, 000001]
2501	0	000007	000001	99	27.0	6.0	0,931	true	[000007, 000000, 000006, 000004, 000001]
2502	0	000007	000001	100	6.0	4.0	0,885	true	[000007, 000000, 000006, 000004, 000002, 000001]
2503	0	000007	000001	101	10.0	6.0	1,000	true	[000007, 000001]
2504	1	001002	001000	0	54.0	3.0	0,950	true	[001002, 001000]
2505	1	001002	001000	1	57.0	9.0	0,990	true	[001002, 001001, 001000]
2506	1	001002	001000	2	24.0	9.0	0,950	true	[001002, 001001, 001004, 001000]
2507	1	001002	001000	3	31.0	3.0	0,815	true	[001002, 001001, 001004, 001003, 001005, 001006, 001000]
2508	1	001002	001000	4	31.0	3.0	0,833	true	[001002, 001001, 001004, 001003, 001005, 001007, 001000]
2509	1	001002	001000	5	21.0	4.0	0,867	true	[001002, 001001, 001004, 001003, 001006, 001000]
2510	1	001002	001000	6	21.0	3.0	0,816	true	[001002, 001001, 001004, 001003, 001006, 001005, 001007, 001000]
2511	1	001002	001000	7	35.0	4.0	0,885	true	[001002, 001001, 001004, 001003, 001007, 001000]
2512	1	001002	001000	8	35.0	3.0	0,799	true	[001002, 001001, 001004, 001003, 001007, 001005, 001006, 001000]
2513	1	001002	001000	9	21.0	5.0	0,815	true	[001002, 001001, 001004, 001005, 001003, 001006, 001000]
2514	1	001002	001000	10	31.0	8.0	0,833	true	[001002, 001001, 001004, 001005, 001003, 001007, 001000]
2515	1	001002	001000	11	47.0	3.0	0,832	true	[001002, 001001, 001004, 001005, 001006, 001000]
2516	1	001002	001000	12	21.0	3.0	0,816	true	[001002, 001001, 001004, 001005, 001006, 001003, 001007, 001000]
2517	1	001002	001000	13	36.0	3.0	0,850	true	[001002, 001001, 001004, 001005, 001007, 001000]
2518	1	001002	001000	14	21.0	3.0	0,799	true	[001002, 001001, 001004, 001005, 001007, 001003, 001006, 001000]
2519	1	001002	001000	15	57.0	3.0	0,885	true	[001002, 001001, 001004, 001006, 001000]
2520	1	001002	001000	16	21.0	3.0	0,816	true	[001002, 001001, 001004, 001006, 001003, 001005, 001007, 001000]
2521	1	001002	001000	17	21.0	3.0	0,868	true	[001002, 001001, 001004, 001006, 001003, 001007, 001000]
2522	1	001002	001000	18	31.0	3.0	0,816	true	[001002, 001001, 001004, 001006, 001005, 001003, 001007, 001000]
2523	1	001002	001000	19	36.0	3.0	0,833	true	[001002, 001001, 001004, 001006, 001005, 001007, 001000]
2524	1	001002	001000	20	36.0	4.0	0,913	true	[001002, 001001, 001004, 001007, 001000]
2525	1	001002	001000	21	31.0	3.0	0,807	true	[001002, 001001, 001004, 001007, 001003, 001005, 001006, 001000]
2526	1	001002	001000	22	21.0	4.0	0,858	true	[001002, 001001, 001004, 001007, 001003, 001006, 001000]
2527	1	001002	001000	23	21.0	3.0	0,807	true	[001002, 001001, 001004, 001007, 001005, 001003, 001006, 001000]
2528	1	001002	001000	24	47.0	3.0	0,824	true	[001002, 001001, 001004, 001007, 001005, 001006, 001000]
2529	1	001002	001000	25	17.0	3.0	0,894	true	[001002, 001001, 001005, 001003, 001004, 001000]
2530	1	001002	001000	26	17.0	3.0	0,832	true	[001002, 001001, 001005, 001003, 001004, 001006, 001000]
2531	1	001002	001000	27	17.0	3.0	0,859	true	[001002, 001001, 001005, 001003, 001004, 001007, 001000]
2532	1	001002	001000	28	17.0	3.0	0,849	true	[001002, 001001, 001005, 001003, 001006, 001000]
2533	1	001002	001000	29	17.0	3.0	0,876	true	[001002, 001001, 001005, 001003, 001006, 001004, 001000]
2534	1	001002	001000	30	17.0	3.0	0,841	true	[001002, 001001, 001005, 001003, 001006, 001004, 001007, 001000]
2535	1	001002	001000	31	17.0	3.0	0,867	true	[001002, 001001, 001005, 001003, 001007, 001000]
2536	1	001002	001000	32	17.0	3.0	0,885	true	[001002, 001001, 001005, 001003, 001007, 001004, 001000]
2537	1	001002	001000	33	17.0	3.0	0,824	true	[001002, 001001, 001005, 001003, 001007, 001004, 001006, 001000]
2538	1	001002	001000	34	17.0	3.0	0,912	true	[001002, 001001, 001005, 001004, 001000]
2539	1	001002	001000	35	17.0	3.0	0,832	true	[001002, 001001, 001005, 001004, 001003, 001006, 001000]
2540	1	001002	001000	36	17.0	3.0	0,850	true	[001002, 001001, 001005, 001004, 001003, 001007, 001000]
2541	1	001002	001000	37	17.0	3.0	0,849	true	[001002, 001001, 001005, 001004, 001006, 001000]
2542	1	001002	001000	38	17.0	3.0	0,833	true	[001002, 001001, 001005, 001004, 001006, 001003, 001007, 001000]
2543	1	001002	001000	39	17.0	3.0	0,876	true	[001002, 001001, 001005, 001004, 001007, 001000]
2544	1	001002	001000	40	17.0	3.0	0,824	true	[001002, 001001, 001005, 001004, 001007, 001003, 001006, 001000]
2545	1	001002	001000	41	17.0	3.0	0,867	true	[001002, 001001, 001005, 001006, 001000]
2546	1	001002	001000	42	17.0	3.0	0,876	true	[001002, 001001, 001005, 001006, 001003, 001004, 001000]
2547	1	001002	001000	43	17.0	3.0	0,841	true	[001002, 001001, 001005, 001006, 001003, 001004, 001007, 001000]
2548	1	001002	001000	44	17.0	3.0	0,850	true	[001002, 001001, 001005, 001006, 001003, 001007, 001000]
2549	1	001002	001000	45	17.0	3.0	0,867	true	[001002, 001001, 001005, 001006, 001003, 001007, 001004, 001000]
2550	1	001002	001000	46	17.0	3.0	0,894	true	[001002, 001001, 001005, 001006, 001004, 001000]
2551	1	001002	001000	47	17.0	3.0	0,833	true	[001002, 001001, 001005, 001006, 001004, 001003, 001007, 001000]
2552	1	001002	001000	48	17.0	3.0	0,859	true	[001002, 001001, 001005, 001006, 001004, 001007, 001000]
2553	1	001002	001000	49	17.0	3.0	0,885	true	[001002, 001001, 001005, 001007, 001000]
2554	1	001002	001000	50	17.0	3.0	0,876	true	[001002, 001001, 001005, 001007, 001003, 001004, 001000]
2555	1	001002	001000	51	17.0	3.0	0,816	true	[001002, 001001, 001005, 001007, 001003, 001004, 001006, 001000]
2556	1	001002	001000	52	17.0	3.0	0,832	true	[001002, 001001, 001005, 001007, 001003, 001006, 001000]
2557	1	001002	001000	53	17.0	3.0	0,859	true	[001002, 001001, 001005, 001007, 001003, 001006, 001004, 001000]
2558	1	001002	001000	54	17.0	3.0	0,903	true	[001002, 001001, 001005, 001007, 001004, 001000]
2559	1	001002	001000	55	17.0	3.0	0,824	true	[001002, 001001, 001005, 001007, 001004, 001003, 001006, 001000]
2560	1	001002	001000	56	17.0	3.0	0,841	true	[001002, 001001, 001005, 001007, 001004, 001006, 001000]
2561	1	001002	001000	57	22.0	3.0	0,931	true	[001002, 001001, 001006, 001000]
2562	1	001002	001000	58	21.0	3.0	0,941	true	[001002, 001001, 001006, 001003, 001004, 001000]
2563	1	001002	001000	59	21.0	3.0	0,841	true	[001002, 001001, 001006, 001003, 001004, 001005, 001007, 001000]
2564	1	001002	001000	60	21.0	3.0	0,904	true	[001002, 001001, 001006, 001003, 001004, 001007, 001000]
2565	1	001002	001000	61	21.0	3.0	0,885	true	[001002, 001001, 001006, 001003, 001005, 001004, 001000]
2566	1	001002	001000	62	21.0	3.0	0,850	true	[001002, 001001, 001006, 001003, 001005, 001004, 001007, 001000]
2567	1	001002	001000	63	21.0	3.0	0,859	true	[001002, 001001, 001006, 001003, 001005, 001007, 001000]
2568	1	001002	001000	64	21.0	3.0	0,876	true	[001002, 001001, 001006, 001003, 001005, 001007, 001004, 001000]
2569	1	001002	001000	65	21.0	3.0	0,913	true	[001002, 001001, 001006, 001003, 001007, 001000]
2570	1	001002	001000	66	21.0	3.0	0,932	true	[001002, 001001, 001006, 001003, 001007, 001004, 001000]
2571	1	001002	001000	67	21.0	3.0	0,867	true	[001002, 001001, 001006, 001003, 001007, 001005, 001004, 001000]
2572	1	001002	001000	68	22.0	3.0	0,960	true	[001002, 001001, 001006, 001004, 001000]
2573	1	001002	001000	69	22.0	3.0	0,841	true	[001002, 001001, 001006, 001004, 001003, 001005, 001007, 001000]
2574	1	001002	001000	70	22.0	3.0	0,895	true	[001002, 001001, 001006, 001004, 001003, 001007, 001000]
2575	1	001002	001000	71	22.0	3.0	0,841	true	[001002, 001001, 001006, 001004, 001005, 001003, 001007, 001000]
2576	1	001002	001000	72	22.0	3.0	0,859	true	[001002, 001001, 001006, 001004, 001005, 001007, 001000]
2577	1	001002	001000	73	22.0	3.0	0,922	true	[001002, 001001, 001006, 001004, 001007, 001000]
2578	1	001002	001000	74	22.0	3.0	0,885	true	[001002, 001001, 001006, 001005, 001003, 001004, 001000]
2579	1	001002	001000	75	22.0	3.0	0,850	true	[001002, 001001, 001006, 001005, 001003, 001004, 001007, 001000]
2580	1	001002	001000	76	22.0	3.0	0,859	true	[001002, 001001, 001006, 001005, 001003, 001007, 001000]
2581	1	001002	001000	77	22.0	3.0	0,876	true	[001002, 001001, 001006, 001005, 001003, 001007, 001004, 001000]
2582	1	001002	001000	78	22.0	3.0	0,903	true	[001002, 001001, 001006, 001005, 001004, 001000]
2583	1	001002	001000	79	22.0	3.0	0,841	true	[001002, 001001, 001006, 001005, 001004, 001003, 001007, 001000]
2584	1	001002	001000	80	22.0	3.0	0,867	true	[001002, 001001, 001006, 001005, 001004, 001007, 001000]
2585	1	001002	001000	81	22.0	3.0	0,876	true	[001002, 001001, 001006, 001005, 001007, 001000]
2586	1	001002	001000	82	22.0	3.0	0,867	true	[001002, 001001, 001006, 001005, 001007, 001003, 001004, 001000]
2587	1	001002	001000	83	22.0	3.0	0,894	true	[001002, 001001, 001006, 001005, 001007, 001004, 001000]
2588	1	001002	001000	84	36.0	8.0	0,941	true	[001002, 001001, 001007, 001000]
2589	1	001002	001000	85	24.0	4.0	0,932	true	[001002, 001001, 001007, 001003, 001004, 001000]
2590	1	001002	001000	86	35.0	3.0	0,816	true	[001002, 001001, 001007, 001003, 001004, 001005, 001006, 001000]
2591	1	001002	001000	87	35.0	3.0	0,867	true	[001002, 001001, 001007, 001003, 001004, 001006, 001000]
2592	1	001002	001000	88	24.0	8.0	0,876	true	[001002, 001001, 001007, 001003, 001005, 001004, 001000]
2593	1	001002	001000	89	31.0	3.0	0,816	true	[001002, 001001, 001007, 001003, 001005, 001004, 001006, 001000]
2594	1	001002	001000	90	31.0	3.0	0,832	true	[001002, 001001, 001007, 001003, 001005, 001006, 001000]
2595	1	001002	001000	91	24.0	3.0	0,859	true	[001002, 001001, 001007, 001003, 001005, 001006, 001004, 001000]
2596	1	001002	001000	92	21.0	5.0	0,885	true	[001002, 001001, 001007, 001003, 001006, 001000]
2597	1	001002	001000	93	21.0	3.0	0,913	true	[001002, 001001, 001007, 001003, 001006, 001004, 001000]
2598	1	001002	001000	94	21.0	3.0	0,859	true	[001002, 001001, 001007, 001003, 001006, 001005, 001004, 001000]
2599	1	001002	001000	95	24.0	4.0	0,960	true	[001002, 001001, 001007, 001004, 001000]
2600	1	001002	001000	96	31.0	3.0	0,824	true	[001002, 001001, 001007, 001004, 001003, 001005, 001006, 001000]
2601	1	001002	001000	97	21.0	4.0	0,876	true	[001002, 001001, 001007, 001004, 001003, 001006, 001000]
2602	1	001002	001000	98	21.0	4.0	0,824	true	[001002, 001001, 001007, 001004, 001005, 001003, 001006, 001000]
2603	1	001002	001000	99	47.0	3.0	0,841	true	[001002, 001001, 001007, 001004, 001005, 001006, 001000]
2604	1	001002	001000	100	57.0	3.0	0,894	true	[001002, 001001, 001007, 001004, 001006, 001000]
2605	2	002000	002002	0	11.0	8.0	0,990	true	[002000, 002001, 002002]
2606	2	002000	002002	1	46.0	3.0	0,950	true	[002000, 002001, 002003, 002002]
2607	2	002000	002002	2	33.0	5.0	0,931	true	[002000, 002001, 002003, 002005, 002002]
2608	2	002000	002002	3	21.0	4.0	0,922	true	[002000, 002001, 002003, 002006, 002004, 002002]
2609	2	002000	002002	4	17.0	5.0	0,903	true	[002000, 002001, 002004, 002002]
2610	2	002000	002002	5	17.0	3.0	0,894	true	[002000, 002001, 002004, 002006, 002003, 002002]
2611	2	002000	002002	6	17.0	4.0	0,876	true	[002000, 002001, 002004, 002006, 002003, 002005, 002002]
2612	2	002000	002002	7	46.0	3.0	0,922	true	[002000, 002001, 002007, 002006, 002003, 002002]
2613	2	002000	002002	8	33.0	3.0	0,904	true	[002000, 002001, 002007, 002006, 002003, 002005, 002002]
2614	2	002000	002002	9	21.0	3.0	0,894	true	[002000, 002001, 002007, 002006, 002004, 002002]
2615	2	002000	002002	10	75.0	7.0	0,970	true	[002000, 002002]
2616	2	002000	002002	11	11.0	6.0	0,951	true	[002000, 002003, 002001, 002002]
2617	2	002000	002002	12	17.0	5.0	0,867	true	[002000, 002003, 002001, 002004, 002002]
2618	2	002000	002002	13	21.0	3.0	0,859	true	[002000, 002003, 002001, 002007, 002006, 002004, 002002]
2619	2	002000	002002	14	46.0	3.0	0,931	true	[002000, 002003, 002002]
2620	2	002000	002002	15	33.0	5.0	0,913	true	[002000, 002003, 002005, 002002]
2621	2	002000	002002	16	11.0	4.0	0,894	true	[002000, 002003, 002006, 002004, 002001, 002002]
2622	2	002000	002002	17	21.0	4.0	0,903	true	[002000, 002003, 002006, 002004, 002002]
2623	2	002000	002002	18	11.0	3.0	0,922	true	[002000, 002003, 002006, 002007, 002001, 002002]
2624	2	002000	002002	19	17.0	3.0	0,841	true	[002000, 002003, 002006, 002007, 002001, 002004, 002002]
2625	2	002000	002002	20	11.0	3.0	0,903	true	[002000, 002004, 002001, 002002]
2626	2	002000	002002	21	17.0	3.0	0,867	true	[002000, 002004, 002001, 002003, 002002]
2627	2	002000	002002	22	17.0	3.0	0,850	true	[002000, 002004, 002001, 002003, 002005, 002002]
2628	2	002000	002002	23	17.0	3.0	0,841	true	[002000, 002004, 002001, 002007, 002006, 002003, 002002]
2629	2	002000	002002	24	17.0	3.0	0,824	true	[002000, 002004, 002001, 002007, 002006, 002003, 002005, 002002]
2630	2	002000	002002	25	21.0	3.0	0,912	true	[002000, 002004, 002002]
2631	2	002000	002002	26	11.0	3.0	0,922	true	[002000, 002004, 002006, 002003, 002001, 002002]
2632	2	002000	002002	27	41.0	3.0	0,903	true	[002000, 002004, 002006, 002003, 002002]
2633	2	002000	002002	28	33.0	3.0	0,885	true	[002000, 002004, 002006, 002003, 002005, 002002]
2634	2	002000	002002	29	11.0	3.0	0,895	true	[002000, 002004, 002006, 002007, 002001, 002002]
2635	2	002000	002002	30	41.0	3.0	0,859	true	[002000, 002004, 002006, 002007, 002001, 002003, 002002]
2636	2	002000	002002	31	33.0	3.0	0,842	true	[002000, 002004, 002006, 002007, 002001, 002003, 002005, 002002]
2637	2	002000	002002	32	33.0	5.0	0,922	true	[002000, 002005, 002002]
2638	2	002000	002002	33	11.0	5.0	0,903	true	[002000, 002005, 002003, 002001, 002002]
2639	2	002000	002002	34	17.0	5.0	0,823	true	[002000, 002005, 002003, 002001, 002004, 002002]
2640	2	002000	002002	35	21.0	3.0	0,816	true	[002000, 002005, 002003, 002001, 002007, 002006, 002004, 002002]
2641	2	002000	002002	36	36.0	3.0	0,885	true	[002000, 002005, 002003, 002002]
2642	2	002000	002002	37	11.0	4.0	0,849	true	[002000, 002005, 002003, 002006, 002004, 002001, 002002]
2643	2	002000	002002	38	21.0	4.0	0,858	true	[002000, 002005, 002003, 002006, 002004, 002002]
2644	2	002000	002002	39	11.0	3.0	0,876	true	[002000, 002005, 002003, 002006, 002007, 002001, 002002]
2645	2	002000	002002	40	17.0	3.0	0,799	true	[002000, 002005, 002003, 002006, 002007, 002001, 002004, 002002]
2646	2	002000	002002	41	11.0	3.0	0,960	true	[002000, 002007, 002001, 002002]
2647	2	002000	002002	42	15.0	3.0	0,922	true	[002000, 002007, 002001, 002003, 002002]
2648	2	002000	002002	43	15.0	3.0	0,904	true	[002000, 002007, 002001, 002003, 002005, 002002]
2649	2	002000	002002	44	15.0	3.0	0,894	true	[002000, 002007, 002001, 002003, 002006, 002004, 002002]
2650	2	002000	002002	45	15.0	3.0	0,876	true	[002000, 002007, 002001, 002004, 002002]
2651	2	002000	002002	46	15.0	3.0	0,867	true	[002000, 002007, 002001, 002004, 002006, 002003, 002002]
2652	2	002000	002002	47	15.0	3.0	0,850	true	[002000, 002007, 002001, 002004, 002006, 002003, 002005, 002002]
2653	2	002000	002002	48	11.0	3.0	0,951	true	[002000, 002007, 002006, 002003, 002001, 002002]
2654	2	002000	002002	49	15.0	3.0	0,867	true	[002000, 002007, 002006, 002003, 002001, 002004, 002002]
2655	2	002000	002002	50	15.0	3.0	0,931	true	[002000, 002007, 002006, 002003, 002002]
2656	2	002000	002002	51	15.0	3.0	0,913	true	[002000, 002007, 002006, 002003, 002005, 002002]
2657	2	002000	002002	52	11.0	3.0	0,894	true	[002000, 002007, 002006, 002004, 002001, 002002]
2658	2	002000	002002	53	15.0	3.0	0,858	true	[002000, 002007, 002006, 002004, 002001, 002003, 002002]
2659	2	002000	002002	54	15.0	3.0	0,841	true	[002000, 002007, 002006, 002004, 002001, 002003, 002005, 002002]
2660	2	002000	002002	55	15.0	3.0	0,903	true	[002000, 002007, 002006, 002004, 002002]
2661	2	002000	002003	56	11.0	3.0	0,950	true	[002000, 002001, 002002, 002003]
2662	2	002000	002003	57	11.0	4.0	0,922	true	[002000, 002001, 002002, 002004, 002006, 002003]
2663	2	002000	002003	58	11.0	5.0	0,931	true	[002000, 002001, 002002, 002005, 002003]
2664	2	002000	002003	59	51.0	9.0	0,990	true	[002000, 002001, 002003]
2665	2	002000	002003	60	17.0	3.0	0,866	true	[002000, 002001, 002004, 002002, 002003]
2666	2	002000	002003	61	17.0	5.0	0,849	true	[002000, 002001, 002004, 002002, 002005, 002003]
2667	2	002000	002003	62	17.0	4.0	0,931	true	[002000, 002001, 002004, 002006, 002003]
2668	2	002000	002003	63	54.0	3.0	0,960	true	[002000, 002001, 002007, 002006, 002003]
2669	2	002000	002003	64	21.0	3.0	0,858	true	[002000, 002001, 002007, 002006, 002004, 002002, 002003]
2670	2	002000	002003	65	21.0	3.0	0,841	true	[002000, 002001, 002007, 002006, 002004, 002002, 002005, 002003]
2671	2	002000	002003	66	11.0	7.0	0,951	true	[002000, 002002, 002001, 002003]
2672	2	002000	002003	67	11.0	4.0	0,894	true	[002000, 002002, 002001, 002004, 002006, 002003]
2673	2	002000	002003	68	11.0	3.0	0,922	true	[002000, 002002, 002001, 002007, 002006, 002003]
2674	2	002000	002003	69	46.0	3.0	0,931	true	[002000, 002002, 002003]
2675	2	002000	002003	70	17.0	5.0	0,867	true	[002000, 002002, 002004, 002001, 002003]
2676	2	002000	002003	71	17.0	3.0	0,841	true	[002000, 002002, 002004, 002001, 002007, 002006, 002003]
2677	2	002000	002003	72	21.0	4.0	0,903	true	[002000, 002002, 002004, 002006, 002003]
2678	2	002000	002003	73	21.0	3.0	0,859	true	[002000, 002002, 002004, 002006, 002007, 002001, 002003]
2679	2	002000	002003	74	33.0	5.0	0,913	true	[002000, 002002, 002005, 002003]
2680	2	002000	002003	75	66.0	6.0	0,970	true	[002000, 002003]
2681	2	002000	002003	76	11.0	3.0	0,867	true	[002000, 002004, 002001, 002002, 002003]
2682	2	002000	002003	77	11.0	3.0	0,850	true	[002000, 002004, 002001, 002002, 002005, 002003]
2683	2	002000	002003	78	17.0	3.0	0,903	true	[002000, 002004, 002001, 002003]
2684	2	002000	002003	79	17.0	3.0	0,876	true	[002000, 002004, 002001, 002007, 002006, 002003]
2685	2	002000	002003	80	11.0	3.0	0,894	true	[002000, 002004, 002002, 002001, 002003]
2686	2	002000	002003	81	11.0	3.0	0,867	true	[002000, 002004, 002002, 002001, 002007, 002006, 002003]
2687	2	002000	002003	82	21.0	3.0	0,876	true	[002000, 002004, 002002, 002003]
2688	2	002000	002003	83	21.0	3.0	0,858	true	[002000, 002004, 002002, 002005, 002003]
2689	2	002000	002003	84	41.0	3.0	0,941	true	[002000, 002004, 002006, 002003]
2690	2	002000	002003	85	11.0	3.0	0,859	true	[002000, 002004, 002006, 002007, 002001, 002002, 002003]
2691	2	002000	002003	86	11.0	3.0	0,842	true	[002000, 002004, 002006, 002007, 002001, 002002, 002005, 002003]
2692	2	002000	002003	87	41.0	3.0	0,895	true	[002000, 002004, 002006, 002007, 002001, 002003]
2693	2	002000	002003	88	11.0	5.0	0,903	true	[002000, 002005, 002002, 002001, 002003]
2694	2	002000	002003	89	11.0	4.0	0,849	true	[002000, 002005, 002002, 002001, 002004, 002006, 002003]
2695	2	002000	002003	90	11.0	3.0	0,876	true	[002000, 002005, 002002, 002001, 002007, 002006, 002003]
2696	2	002000	002003	91	33.0	3.0	0,885	true	[002000, 002005, 002002, 002003]
2697	2	002000	002003	92	17.0	5.0	0,823	true	[002000, 002005, 002002, 002004, 002001, 002003]
2698	2	002000	002003	93	17.0	3.0	0,799	true	[002000, 002005, 002002, 002004, 002001, 002007, 002006, 002003]
2699	2	002000	002003	94	21.0	4.0	0,858	true	[002000, 002005, 002002, 002004, 002006, 002003]
2700	2	002000	002003	95	21.0	3.0	0,816	true	[002000, 002005, 002002, 002004, 002006, 002007, 002001, 002003]
2701	2	002000	002003	96	36.0	5.0	0,922	true	[002000, 002005, 002003]
2702	2	002000	002003	97	11.0	3.0	0,922	true	[002000, 002007, 002001, 002002, 002003]
2703	2	002000	002003	98	11.0	3.0	0,894	true	[002000, 002007, 002001, 002002, 002004, 002006, 002003]
2704	2	002000	002003	99	11.0	3.0	0,904	true	[002000, 002007, 002001, 002002, 002005, 002003]
2705	2	002000	002003	100	15.0	3.0	0,960	true	[002000, 002007, 002001, 002003]
2706	3	003000	003006	0	15.0	3.0	0,807	true	[003000, 003001, 003002, 003003, 003004, 003007, 003006]
2707	3	003000	003006	1	11.0	3.0	0,912	true	[003000, 003001, 003002, 003003, 003006]
2708	3	003000	003006	2	15.0	3.0	0,849	true	[003000, 003001, 003002, 003003, 003007, 003006]
2709	3	003000	003006	3	11.0	3.0	0,876	true	[003000, 003001, 003002, 003004, 003003, 003006]
2710	3	003000	003006	4	15.0	3.0	0,815	true	[003000, 003001, 003002, 003004, 003003, 003007, 003006]
2711	3	003000	003006	5	11.0	3.0	0,849	true	[003000, 003001, 003002, 003004, 003007, 003003, 003006]
2712	3	003000	003006	6	15.0	3.0	0,823	true	[003000, 003001, 003002, 003004, 003007, 003006]
2713	3	003000	003006	7	11.0	3.0	0,885	true	[003000, 003001, 003002, 003007, 003003, 003006]
2714	3	003000	003006	8	11.0	3.0	0,841	true	[003000, 003001, 003002, 003007, 003004, 003003, 003006]
2715	3	003000	003006	9	15.0	3.0	0,858	true	[003000, 003001, 003002, 003007, 003006]
2716	3	003000	003006	10	15.0	4.0	0,823	true	[003000, 003001, 003003, 003002, 003004, 003007, 003006]
2717	3	003000	003006	11	15.0	4.0	0,858	true	[003000, 003001, 003003, 003002, 003007, 003006]
2718	3	003000	003006	12	15.0	4.0	0,824	true	[003000, 003001, 003003, 003004, 003002, 003007, 003006]
2719	3	003000	003006	13	15.0	4.0	0,807	true	[003000, 003001, 003003, 003004, 003007, 003006]
2720	3	003000	003006	14	11.0	4.0	0,912	true	[003000, 003001, 003003, 003006]
2721	3	003000	003006	15	15.0	4.0	0,849	true	[003000, 003001, 003003, 003007, 003006]
2722	3	003000	003006	16	10.0	5.0	0,922	true	[003000, 003001, 003004, 003002, 003003, 003006]
2723	3	003000	003006	17	10.0	5.0	0,858	true	[003000, 003001, 003004, 003002, 003003, 003007, 003006]
2724	3	003000	003006	18	10.0	5.0	0,894	true	[003000, 003001, 003004, 003002, 003007, 003003, 003006]
2725	3	003000	003006	19	10.0	5.0	0,867	true	[003000, 003001, 003004, 003002, 003007, 003006]
2726	3	003000	003006	20	10.0	8.0	0,849	true	[003000, 003001, 003004, 003003, 003002, 003007, 003006]
2727	3	003000	003006	21	10.0	8.0	0,903	true	[003000, 003001, 003004, 003003, 003006]
2728	3	003000	003006	22	10.0	8.0	0,841	true	[003000, 003001, 003004, 003003, 003007, 003006]
2729	3	003000	003006	23	10.0	8.0	0,885	true	[003000, 003001, 003004, 003007, 003002, 003003, 003006]
2730	3	003000	003006	24	10.0	8.0	0,876	true	[003000, 003001, 003004, 003007, 003003, 003006]
2731	3	003000	003006	25	10.0	8.0	0,849	true	[003000, 003001, 003004, 003007, 003006]
2732	3	003000	003006	26	11.0	7.0	0,941	true	[003000, 003001, 003007, 003002, 003003, 003006]
2733	3	003000	003006	27	11.0	5.0	0,903	true	[003000, 003001, 003007, 003002, 003004, 003003, 003006]
2734	3	003000	003006	28	11.0	7.0	0,931	true	[003000, 003001, 003007, 003003, 003006]
2735	3	003000	003006	29	11.0	5.0	0,903	true	[003000, 003001, 003007, 003004, 003002, 003003, 003006]
2736	3	003000	003006	30	11.0	7.0	0,885	true	[003000, 003001, 003007, 003004, 003003, 003006]
2737	3	003000	003006	31	15.0	7.0	0,903	true	[003000, 003001, 003007, 003006]
2738	3	003000	003006	32	18.0	3.0	0,791	true	[003000, 003002, 003001, 003003, 003004, 003007, 003006]
2739	3	003000	003006	33	11.0	3.0	0,894	true	[003000, 003002, 003001, 003003, 003006]
2740	3	003000	003006	34	18.0	3.0	0,832	true	[003000, 003002, 003001, 003003, 003007, 003006]
2741	3	003000	003006	35	10.0	3.0	0,885	true	[003000, 003002, 003001, 003004, 003003, 003006]
2742	3	003000	003006	36	10.0	3.0	0,824	true	[003000, 003002, 003001, 003004, 003003, 003007, 003006]
2743	3	003000	003006	37	10.0	3.0	0,859	true	[003000, 003002, 003001, 003004, 003007, 003003, 003006]
2744	3	003000	003006	38	10.0	3.0	0,832	true	[003000, 003002, 003001, 003004, 003007, 003006]
2745	3	003000	003006	39	11.0	3.0	0,913	true	[003000, 003002, 003001, 003007, 003003, 003006]
2746	3	003000	003006	40	11.0	3.0	0,867	true	[003000, 003002, 003001, 003007, 003004, 003003, 003006]
2747	3	003000	003006	41	18.0	3.0	0,885	true	[003000, 003002, 003001, 003007, 003006]
2748	3	003000	003006	42	10.0	4.0	0,832	true	[003000, 003002, 003003, 003001, 003004, 003007, 003006]
2749	3	003000	003006	43	18.0	4.0	0,885	true	[003000, 003002, 003003, 003001, 003007, 003006]
2750	3	003000	003006	44	10.0	7.0	0,876	true	[003000, 003002, 003003, 003004, 003001, 003007, 003006]
2751	3	003000	003006	45	18.0	9.0	0,858	true	[003000, 003002, 003003, 003004, 003007, 003006]
2752	3	003000	003006	46	11.0	9.0	0,970	true	[003000, 003002, 003003, 003006]
2753	3	003000	003006	47	18.0	8.0	0,903	true	[003000, 003002, 003003, 003007, 003006]
2754	3	003000	003006	48	10.0	4.0	0,903	true	[003000, 003002, 003004, 003001, 003003, 003006]
2755	3	003000	003006	49	10.0	4.0	0,841	true	[003000, 003002, 003004, 003001, 003003, 003007, 003006]
2756	3	003000	003006	50	10.0	5.0	0,922	true	[003000, 003002, 003004, 003001, 003007, 003003, 003006]
2757	3	003000	003006	51	10.0	5.0	0,894	true	[003000, 003002, 003004, 003001, 003007, 003006]
2758	3	003000	003006	52	18.0	4.0	0,850	true	[003000, 003002, 003004, 003003, 003001, 003007, 003006]
2759	3	003000	003006	53	11.0	5.0	0,931	true	[003000, 003002, 003004, 003003, 003006]
2760	3	003000	003006	54	18.0	5.0	0,867	true	[003000, 003002, 003004, 003003, 003007, 003006]
2761	3	003000	003006	55	11.0	4.0	0,885	true	[003000, 003002, 003004, 003007, 003001, 003003, 003006]
2762	3	003000	003006	56	11.0	5.0	0,903	true	[003000, 003002, 003004, 003007, 003003, 003006]
2763	3	003000	003006	57	18.0	5.0	0,876	true	[003000, 003002, 003004, 003007, 003006]
2764	3	003000	003006	58	11.0	4.0	0,922	true	[003000, 003002, 003007, 003001, 003003, 003006]
2765	3	003000	003006	59	10.0	7.0	0,913	true	[003000, 003002, 003007, 003001, 003004, 003003, 003006]
2766	3	003000	003006	60	11.0	8.0	0,941	true	[003000, 003002, 003007, 003003, 003006]
2767	3	003000	003006	61	10.0	4.0	0,867	true	[003000, 003002, 003007, 003004, 003001, 003003, 003006]
2768	3	003000	003006	62	11.0	8.0	0,894	true	[003000, 003002, 003007, 003004, 003003, 003006]
2769	3	003000	003006	63	18.0	8.0	0,912	true	[003000, 003002, 003007, 003006]
2770	3	003000	003006	64	18.0	3.0	0,832	true	[003000, 003003, 003001, 003002, 003004, 003007, 003006]
2771	3	003000	003006	65	18.0	3.0	0,867	true	[003000, 003003, 003001, 003002, 003007, 003006]
2772	3	003000	003006	66	10.0	3.0	0,876	true	[003000, 003003, 003001, 003004, 003002, 003007, 003006]
2773	3	003000	003006	67	10.0	3.0	0,858	true	[003000, 003003, 003001, 003004, 003007, 003006]
2774	3	003000	003006	68	18.0	3.0	0,912	true	[003000, 003003, 003001, 003007, 003006]
2775	3	003000	003006	69	10.0	3.0	0,858	true	[003000, 003003, 003002, 003001, 003004, 003007, 003006]
2776	3	003000	003006	70	18.0	3.0	0,912	true	[003000, 003003, 003002, 003001, 003007, 003006]
2777	3	003000	003006	71	10.0	3.0	0,922	true	[003000, 003003, 003002, 003004, 003001, 003007, 003006]
2778	3	003000	003006	72	18.0	3.0	0,903	true	[003000, 003003, 003002, 003004, 003007, 003006]
2779	3	003000	003006	73	18.0	3.0	0,941	true	[003000, 003003, 003002, 003007, 003006]
2780	3	003000	003006	74	10.0	3.0	0,858	true	[003000, 003003, 003004, 003001, 003002, 003007, 003006]
2781	3	003000	003006	75	10.0	3.0	0,903	true	[003000, 003003, 003004, 003001, 003007, 003006]
2782	3	003000	003006	76	18.0	3.0	0,876	true	[003000, 003003, 003004, 003002, 003001, 003007, 003006]
2783	3	003000	003006	77	18.0	3.0	0,903	true	[003000, 003003, 003004, 003002, 003007, 003006]
2784	3	003000	003006	78	18.0	3.0	0,885	true	[003000, 003003, 003004, 003007, 003006]
2785	3	003000	003006	79	11.0	3.0	1,000	true	[003000, 003003, 003006]
2786	3	003000	003006	80	18.0	3.0	0,931	true	[003000, 003003, 003007, 003006]
2787	3	003000	003006	81	10.0	3.0	0,913	true	[003000, 003004, 003001, 003002, 003003, 003006]
2788	3	003000	003006	82	10.0	3.0	0,850	true	[003000, 003004, 003001, 003002, 003003, 003007, 003006]
2789	3	003000	003006	83	10.0	3.0	0,885	true	[003000, 003004, 003001, 003002, 003007, 003003, 003006]
2790	3	003000	003006	84	10.0	3.0	0,858	true	[003000, 003004, 003001, 003002, 003007, 003006]
2791	3	003000	003006	85	10.0	4.0	0,858	true	[003000, 003004, 003001, 003003, 003002, 003007, 003006]
2792	3	003000	003006	86	10.0	4.0	0,913	true	[003000, 003004, 003001, 003003, 003006]
2793	3	003000	003006	87	10.0	4.0	0,850	true	[003000, 003004, 003001, 003003, 003007, 003006]
2794	3	003000	003006	88	10.0	7.0	0,941	true	[003000, 003004, 003001, 003007, 003002, 003003, 003006]
2795	3	003000	003006	89	10.0	7.0	0,932	true	[003000, 003004, 003001, 003007, 003003, 003006]
2796	3	003000	003006	90	10.0	7.0	0,903	true	[003000, 003004, 003001, 003007, 003006]
2797	3	003000	003006	91	11.0	3.0	0,885	true	[003000, 003004, 003002, 003001, 003003, 003006]
2798	3	003000	003006	92	18.0	3.0	0,824	true	[003000, 003004, 003002, 003001, 003003, 003007, 003006]
2799	3	003000	003006	93	11.0	3.0	0,903	true	[003000, 003004, 003002, 003001, 003007, 003003, 003006]
2800	3	003000	003006	94	18.0	3.0	0,876	true	[003000, 003004, 003002, 003001, 003007, 003006]
2801	3	003000	003006	95	18.0	4.0	0,876	true	[003000, 003004, 003002, 003003, 003001, 003007, 003006]
2802	3	003000	003006	96	11.0	5.0	0,960	true	[003000, 003004, 003002, 003003, 003006]
2803	3	003000	003006	97	18.0	5.0	0,894	true	[003000, 003004, 003002, 003003, 003007, 003006]
2804	3	003000	003006	98	11.0	4.0	0,913	true	[003000, 003004, 003002, 003007, 003001, 003003, 003006]
2805	3	003000	003006	99	11.0	5.0	0,932	true	[003000, 003004, 003002, 003007, 003003, 003006]
2806	3	003000	003006	100	18.0	5.0	0,903	true	[003000, 003004, 003002, 003007, 003006]
2807	3	003000	003006	101	32.0	8.0	1,000	true	[003000, 003006]
2808	4	004003	004002	0	16.0	3.0	0,990	true	[004003, 004000, 004002]
2809	4	004003	004002	1	20.0	3.0	0,922	true	[004003, 004000, 004004, 004001, 004005, 004002]
2810	4	004003	004002	2	6.0	3.0	0,913	true	[004003, 004000, 004004, 004001, 004005, 004007, 004002]
2811	4	004003	004002	3	6.0	3.0	0,885	true	[004003, 004000, 004004, 004001, 004007, 004002]
2812	4	004003	004002	4	20.0	3.0	0,876	true	[004003, 004000, 004004, 004001, 004007, 004005, 004002]
2813	4	004003	004002	5	63.0	3.0	0,912	true	[004003, 004000, 004004, 004002]
2814	4	004003	004002	6	6.0	3.0	0,799	true	[004003, 004000, 004004, 004006, 004005, 004001, 004007, 004002]
2815	4	004003	004002	7	10.0	3.0	0,849	true	[004003, 004000, 004004, 004006, 004005, 004002]
2816	4	004003	004002	8	6.0	3.0	0,841	true	[004003, 004000, 004004, 004006, 004005, 004007, 004002]
2817	4	004003	004002	9	20.0	3.0	0,841	true	[004003, 004000, 004004, 004007, 004001, 004005, 004002]
2818	4	004003	004002	10	6.0	3.0	0,894	true	[004003, 004000, 004004, 004007, 004002]
2819	4	004003	004002	11	20.0	3.0	0,885	true	[004003, 004000, 004004, 004007, 004005, 004002]
2820	4	004003	004002	12	21.0	3.0	0,885	true	[004003, 004000, 004005, 004001, 004004, 004002]
2821	4	004003	004002	13	6.0	3.0	0,867	true	[004003, 004000, 004005, 004001, 004004, 004007, 004002]
2822	4	004003	004002	14	6.0	3.0	0,876	true	[004003, 004000, 004005, 004001, 004007, 004002]
2823	4	004003	004002	15	21.0	3.0	0,807	true	[004003, 004000, 004005, 004001, 004007, 004004, 004002]
2824	4	004003	004002	16	20.0	3.0	0,931	true	[004003, 004000, 004005, 004002]
2825	4	004003	004002	17	6.0	3.0	0,790	true	[004003, 004000, 004005, 004006, 004004, 004001, 004007, 004002]
2826	4	004003	004002	18	10.0	3.0	0,815	true	[004003, 004000, 004005, 004006, 004004, 004002]
2827	4	004003	004002	19	6.0	3.0	0,798	true	[004003, 004000, 004005, 004006, 004004, 004007, 004002]
2828	4	004003	004002	20	25.0	3.0	0,841	true	[004003, 004000, 004005, 004007, 004001, 004004, 004002]
2829	4	004003	004002	21	6.0	3.0	0,922	true	[004003, 004000, 004005, 004007, 004002]
2830	4	004003	004002	22	31.0	3.0	0,849	true	[004003, 004000, 004005, 004007, 004004, 004002]
2831	4	004003	004002	23	10.0	3.0	0,903	true	[004003, 004000, 004006, 004004, 004001, 004005, 004002]
2832	4	004003	004002	24	6.0	3.0	0,894	true	[004003, 004000, 004006, 004004, 004001, 004005, 004007, 004002]
2833	4	004003	004002	25	6.0	3.0	0,867	true	[004003, 004000, 004006, 004004, 004001, 004007, 004002]
2834	4	004003	004002	26	10.0	3.0	0,858	true	[004003, 004000, 004006, 004004, 004001, 004007, 004005, 004002]
2835	4	004003	004002	27	10.0	3.0	0,894	true	[004003, 004000, 004006, 004004, 004002]
2836	4	004003	004002	28	10.0	3.0	0,824	true	[004003, 004000, 004006, 004004, 004007, 004001, 004005, 004002]
2837	4	004003	004002	29	6.0	3.0	0,876	true	[004003, 004000, 004006, 004004, 004007, 004002]
2838	4	004003	004002	30	10.0	3.0	0,867	true	[004003, 004000, 004006, 004004, 004007, 004005, 004002]
2839	4	004003	004002	31	10.0	3.0	0,876	true	[004003, 004000, 004006, 004005, 004001, 004004, 004002]
2840	4	004003	004002	32	6.0	3.0	0,858	true	[004003, 004000, 004006, 004005, 004001, 004004, 004007, 004002]
2841	4	004003	004002	33	6.0	3.0	0,867	true	[004003, 004000, 004006, 004005, 004001, 004007, 004002]
2842	4	004003	004002	34	10.0	3.0	0,799	true	[004003, 004000, 004006, 004005, 004001, 004007, 004004, 004002]
2843	4	004003	004002	35	10.0	3.0	0,922	true	[004003, 004000, 004006, 004005, 004002]
2844	4	004003	004002	36	10.0	3.0	0,832	true	[004003, 004000, 004006, 004005, 004007, 004001, 004004, 004002]
2845	4	004003	004002	37	6.0	3.0	0,913	true	[004003, 004000, 004006, 004005, 004007, 004002]
2846	4	004003	004002	38	10.0	3.0	0,841	true	[004003, 004000, 004006, 004005, 004007, 004004, 004002]
2847	4	004003	004002	39	25.0	3.0	0,858	true	[004003, 004000, 004007, 004001, 004004, 004002]
2848	4	004003	004002	40	10.0	3.0	0,799	true	[004003, 004000, 004007, 004001, 004004, 004006, 004005, 004002]
2849	4	004003	004002	41	20.0	3.0	0,885	true	[004003, 004000, 004007, 004001, 004005, 004002]
2850	4	004003	004002	42	10.0	3.0	0,774	true	[004003, 004000, 004007, 004001, 004005, 004006, 004004, 004002]
2851	4	004003	004002	43	6.0	3.0	0,941	true	[004003, 004000, 004007, 004002]
2852	4	004003	004002	44	20.0	3.0	0,876	true	[004003, 004000, 004007, 004004, 004001, 004005, 004002]
2853	4	004003	004002	45	31.0	3.0	0,867	true	[004003, 004000, 004007, 004004, 004002]
2854	4	004003	004002	46	10.0	3.0	0,807	true	[004003, 004000, 004007, 004004, 004006, 004005, 004002]
2855	4	004003	004002	47	21.0	3.0	0,885	true	[004003, 004000, 004007, 004005, 004001, 004004, 004002]
2856	4	004003	004002	48	20.0	3.0	0,931	true	[004003, 004000, 004007, 004005, 004002]
2857	4	004003	004002	49	10.0	3.0	0,815	true	[004003, 004000, 004007, 004005, 004006, 004004, 004002]
2858	4	004003	004002	50	9.0	3.0	0,912	true	[004003, 004001, 004004, 004000, 004002]
2859	4	004003	004002	51	9.0	3.0	0,858	true	[004003, 004001, 004004, 004000, 004005, 004002]
2860	4	004003	004002	52	6.0	3.0	0,850	true	[004003, 004001, 004004, 004000, 004005, 004007, 004002]
2861	4	004003	004002	53	9.0	3.0	0,850	true	[004003, 004001, 004004, 004000, 004006, 004005, 004002]
2862	4	004003	004002	54	6.0	3.0	0,841	true	[004003, 004001, 004004, 004000, 004006, 004005, 004007, 004002]
2863	4	004003	004002	55	6.0	3.0	0,867	true	[004003, 004001, 004004, 004000, 004007, 004002]
2864	4	004003	004002	56	9.0	3.0	0,858	true	[004003, 004001, 004004, 004000, 004007, 004005, 004002]
2865	4	004003	004002	57	9.0	3.0	0,912	true	[004003, 004001, 004004, 004002]
2866	4	004003	004002	58	9.0	3.0	0,894	true	[004003, 004001, 004004, 004006, 004000, 004002]
2867	4	004003	004002	59	9.0	3.0	0,841	true	[004003, 004001, 004004, 004006, 004000, 004005, 004002]
2868	4	004003	004002	60	6.0	3.0	0,832	true	[004003, 004001, 004004, 004006, 004000, 004005, 004007, 004002]
2869	4	004003	004002	61	6.0	3.0	0,850	true	[004003, 004001, 004004, 004006, 004000, 004007, 004002]
2870	4	004003	004002	62	9.0	3.0	0,841	true	[004003, 004001, 004004, 004006, 004000, 004007, 004005, 004002]
2871	4	004003	004002	63	9.0	3.0	0,815	true	[004003, 004001, 004004, 004006, 004005, 004000, 004002]
2872	4	004003	004002	64	6.0	3.0	0,774	true	[004003, 004001, 004004, 004006, 004005, 004000, 004007, 004002]
2873	4	004003	004002	65	9.0	3.0	0,849	true	[004003, 004001, 004004, 004006, 004005, 004002]
2874	4	004003	004002	66	9.0	3.0	0,815	true	[004003, 004001, 004004, 004006, 004005, 004007, 004000, 004002]
2875	4	004003	004002	67	6.0	3.0	0,841	true	[004003, 004001, 004004, 004006, 004005, 004007, 004002]
2876	4	004003	004002	68	9.0	3.0	0,867	true	[004003, 004001, 004004, 004007, 004000, 004002]
2877	4	004003	004002	69	9.0	3.0	0,815	true	[004003, 004001, 004004, 004007, 004000, 004005, 004002]
2878	4	004003	004002	70	9.0	3.0	0,807	true	[004003, 004001, 004004, 004007, 004000, 004006, 004005, 004002]
2879	4	004003	004002	71	6.0	3.0	0,894	true	[004003, 004001, 004004, 004007, 004002]
2880	4	004003	004002	72	9.0	3.0	0,849	true	[004003, 004001, 004004, 004007, 004005, 004000, 004002]
2881	4	004003	004002	73	9.0	3.0	0,885	true	[004003, 004001, 004004, 004007, 004005, 004002]
2882	4	004003	004002	74	9.0	3.0	0,841	true	[004003, 004001, 004004, 004007, 004005, 004006, 004000, 004002]
2883	4	004003	004002	75	9.0	3.0	0,903	true	[004003, 004001, 004005, 004000, 004002]
2884	4	004003	004002	76	9.0	4.0	0,832	true	[004003, 004001, 004005, 004000, 004004, 004002]
2885	4	004003	004002	77	6.0	4.0	0,815	true	[004003, 004001, 004005, 004000, 004004, 004007, 004002]
2886	4	004003	004002	78	9.0	4.0	0,815	true	[004003, 004001, 004005, 004000, 004006, 004004, 004002]
2887	4	004003	004002	79	6.0	4.0	0,799	true	[004003, 004001, 004005, 004000, 004006, 004004, 004007, 004002]
2888	4	004003	004002	80	6.0	4.0	0,858	true	[004003, 004001, 004005, 004000, 004007, 004002]
2889	4	004003	004002	81	9.0	4.0	0,790	true	[004003, 004001, 004005, 004000, 004007, 004004, 004002]
2890	4	004003	004002	82	9.0	7.0	0,941	true	[004003, 004001, 004005, 004002]
2891	4	004003	004002	83	9.0	3.0	0,894	true	[004003, 004001, 004005, 004006, 004000, 004002]
2892	4	004003	004002	84	9.0	4.0	0,824	true	[004003, 004001, 004005, 004006, 004000, 004004, 004002]
2893	4	004003	004002	85	6.0	4.0	0,807	true	[004003, 004001, 004005, 004006, 004000, 004004, 004007, 004002]
2894	4	004003	004002	86	6.0	5.0	0,850	true	[004003, 004001, 004005, 004006, 004000, 004007, 004002]
2895	4	004003	004002	87	9.0	4.0	0,783	true	[004003, 004001, 004005, 004006, 004000, 004007, 004004, 004002]
2896	4	004003	004002	88	9.0	3.0	0,823	true	[004003, 004001, 004005, 004006, 004004, 004000, 004002]
2897	4	004003	004002	89	6.0	5.0	0,783	true	[004003, 004001, 004005, 004006, 004004, 004000, 004007, 004002]
2898	4	004003	004002	90	9.0	4.0	0,823	true	[004003, 004001, 004005, 004006, 004004, 004002]
2899	4	004003	004002	91	9.0	3.0	0,782	true	[004003, 004001, 004005, 004006, 004004, 004007, 004000, 004002]
2900	4	004003	004002	92	6.0	4.0	0,807	true	[004003, 004001, 004005, 004006, 004004, 004007, 004002]
2901	4	004003	004002	93	9.0	3.0	0,903	true	[004003, 004001, 004005, 004007, 004000, 004002]
2902	4	004003	004002	94	9.0	4.0	0,832	true	[004003, 004001, 004005, 004007, 004000, 004004, 004002]
2903	4	004003	004002	95	9.0	4.0	0,816	true	[004003, 004001, 004005, 004007, 004000, 004006, 004004, 004002]
2904	4	004003	004002	96	6.0	4.0	0,931	true	[004003, 004001, 004005, 004007, 004002]
2905	4	004003	004002	97	9.0	3.0	0,858	true	[004003, 004001, 004005, 004007, 004004, 004000, 004002]
2906	4	004003	004002	98	9.0	4.0	0,858	true	[004003, 004001, 004005, 004007, 004004, 004002]
2907	4	004003	004002	99	9.0	3.0	0,841	true	[004003, 004001, 004005, 004007, 004004, 004006, 004000, 004002]
2908	4	004003	004002	100	9.0	3.0	0,876	true	[004003, 004001, 004007, 004000, 004002]
2909	4	004003	004002	101	6.0	6.0	0,903	true	[004003, 004001, 004007, 004002]
2910	4	004003	004002	102	7.0	7.0	0,990	true	[004003, 004002]
2911	5	005000	005001	0	57.0	7.0	1,000	true	[005000, 005001]
2912	5	005000	005001	1	57.0	4.0	0,970	true	[005000, 005002, 005001]
2913	5	005000	005001	2	34.0	7.0	0,960	true	[005000, 005002, 005003, 005001]
2914	5	005000	005001	3	37.0	7.0	0,941	true	[005000, 005002, 005003, 005005, 005001]
2915	5	005000	005001	4	14.0	4.0	0,903	true	[005000, 005002, 005003, 005005, 005004, 005001]
2916	5	005000	005001	5	14.0	4.0	0,832	true	[005000, 005002, 005003, 005005, 005004, 005006, 005001]
2917	5	005000	005001	6	15.0	5.0	0,867	true	[005000, 005002, 005003, 005005, 005007, 005001]
2918	5	005000	005001	7	50.0	7.0	0,894	true	[005000, 005002, 005003, 005006, 005001]
2919	5	005000	005001	8	22.0	6.0	0,876	true	[005000, 005002, 005003, 005006, 005004, 005001]
2920	5	005000	005001	9	14.0	4.0	0,823	true	[005000, 005002, 005003, 005006, 005004, 005005, 005001]
2921	5	005000	005001	10	14.0	4.0	0,759	true	[005000, 005002, 005003, 005006, 005004, 005005, 005007, 005001]
2922	5	005000	005001	11	39.0	5.0	0,912	true	[005000, 005002, 005003, 005007, 005001]
2923	5	005000	005001	12	15.0	7.0	0,894	true	[005000, 005002, 005003, 005007, 005005, 005001]
2924	5	005000	005001	13	14.0	4.0	0,858	true	[005000, 005002, 005003, 005007, 005005, 005004, 005001]
2925	5	005000	005001	14	14.0	4.0	0,790	true	[005000, 005002, 005003, 005007, 005005, 005004, 005006, 005001]
2926	5	005000	005001	15	9.0	7.0	1,000	true	[005000, 005002, 005004, 005001]
2927	5	005000	005001	16	9.0	4.0	0,941	true	[005000, 005002, 005004, 005005, 005001]
2928	5	005000	005001	17	9.0	4.0	0,941	true	[005000, 005002, 005004, 005005, 005003, 005001]
2929	5	005000	005001	18	9.0	4.0	0,876	true	[005000, 005002, 005004, 005005, 005003, 005006, 005001]
2930	5	005000	005001	19	9.0	4.0	0,894	true	[005000, 005002, 005004, 005005, 005003, 005007, 005001]
2931	5	005000	005001	20	9.0	4.0	0,866	true	[005000, 005002, 005004, 005005, 005007, 005001]
2932	5	005000	005001	21	9.0	4.0	0,893	true	[005000, 005002, 005004, 005005, 005007, 005003, 005001]
2933	5	005000	005001	22	9.0	4.0	0,832	true	[005000, 005002, 005004, 005005, 005007, 005003, 005006, 005001]
2934	5	005000	005001	23	9.0	6.0	0,922	true	[005000, 005002, 005004, 005006, 005001]
2935	5	005000	005001	24	9.0	6.0	0,912	true	[005000, 005002, 005004, 005006, 005003, 005001]
2936	5	005000	005001	25	9.0	6.0	0,894	true	[005000, 005002, 005004, 005006, 005003, 005005, 005001]
2937	5	005000	005001	26	9.0	5.0	0,823	true	[005000, 005002, 005004, 005006, 005003, 005005, 005007, 005001]
2938	5	005000	005001	27	9.0	5.0	0,867	true	[005000, 005002, 005004, 005006, 005003, 005007, 005001]
2939	5	005000	005001	28	9.0	6.0	0,849	true	[005000, 005002, 005004, 005006, 005003, 005007, 005005, 005001]
2940	5	005000	005001	29	12.0	9.0	0,960	true	[005000, 005002, 005005, 005001]
2941	5	005000	005001	30	12.0	7.0	0,960	true	[005000, 005002, 005005, 005003, 005001]
2942	5	005000	005001	31	12.0	7.0	0,894	true	[005000, 005002, 005005, 005003, 005006, 005001]
2943	5	005000	005001	32	12.0	6.0	0,876	true	[005000, 005002, 005005, 005003, 005006, 005004, 005001]
2944	5	005000	005001	33	12.0	5.0	0,913	true	[005000, 005002, 005005, 005003, 005007, 005001]
2945	5	005000	005001	34	12.0	4.0	0,922	true	[005000, 005002, 005005, 005004, 005001]
2946	5	005000	005001	35	12.0	4.0	0,849	true	[005000, 005002, 005005, 005004, 005006, 005001]
2947	5	005000	005001	36	12.0	4.0	0,840	true	[005000, 005002, 005005, 005004, 005006, 005003, 005001]
2948	5	005000	005001	37	12.0	4.0	0,799	true	[005000, 005002, 005005, 005004, 005006, 005003, 005007, 005001]
2949	5	005000	005001	38	12.0	5.0	0,885	true	[005000, 005002, 005005, 005007, 005001]
2950	5	005000	005001	39	12.0	9.0	0,912	true	[005000, 005002, 005005, 005007, 005003, 005001]
2951	5	005000	005001	40	12.0	9.0	0,850	true	[005000, 005002, 005005, 005007, 005003, 005006, 005001]
2952	5	005000	005001	41	12.0	6.0	0,832	true	[005000, 005002, 005005, 005007, 005003, 005006, 005004, 005001]
2953	5	005000	005001	42	23.0	9.0	0,922	true	[005000, 005002, 005006, 005001]
2954	5	005000	005001	43	23.0	9.0	0,912	true	[005000, 005002, 005006, 005003, 005001]
2955	5	005000	005001	44	23.0	7.0	0,894	true	[005000, 005002, 005006, 005003, 005005, 005001]
2956	5	005000	005001	45	14.0	4.0	0,858	true	[005000, 005002, 005006, 005003, 005005, 005004, 005001]
2957	5	005000	005001	46	15.0	5.0	0,823	true	[005000, 005002, 005006, 005003, 005005, 005007, 005001]
2958	5	005000	005001	47	23.0	5.0	0,867	true	[005000, 005002, 005006, 005003, 005007, 005001]
2959	5	005000	005001	48	15.0	9.0	0,849	true	[005000, 005002, 005006, 005003, 005007, 005005, 005001]
2960	5	005000	005001	49	14.0	4.0	0,815	true	[005000, 005002, 005006, 005003, 005007, 005005, 005004, 005001]
2961	5	005000	005001	50	22.0	6.0	0,903	true	[005000, 005002, 005006, 005004, 005001]
2962	5	005000	005001	51	14.0	4.0	0,849	true	[005000, 005002, 005006, 005004, 005005, 005001]
2963	5	005000	005001	52	14.0	4.0	0,849	true	[005000, 005002, 005006, 005004, 005005, 005003, 005001]
2964	5	005000	005001	53	14.0	4.0	0,807	true	[005000, 005002, 005006, 005004, 005005, 005003, 005007, 005001]
2965	5	005000	005001	54	14.0	4.0	0,782	true	[005000, 005002, 005006, 005004, 005005, 005007, 005001]
2966	5	005000	005001	55	14.0	4.0	0,806	true	[005000, 005002, 005006, 005004, 005005, 005007, 005003, 005001]
2967	5	005000	005001	56	12.0	3.0	0,960	true	[005000, 005002, 005007, 005001]
2968	5	005000	005001	57	12.0	3.0	0,990	true	[005000, 005002, 005007, 005003, 005001]
2969	5	005000	005001	58	12.0	3.0	0,970	true	[005000, 005002, 005007, 005003, 005005, 005001]
2970	5	005000	005001	59	12.0	3.0	0,931	true	[005000, 005002, 005007, 005003, 005005, 005004, 005001]
2971	5	005000	005001	60	12.0	3.0	0,858	true	[005000, 005002, 005007, 005003, 005005, 005004, 005006, 005001]
2972	5	005000	005001	61	12.0	3.0	0,922	true	[005000, 005002, 005007, 005003, 005006, 005001]
2973	5	005000	005001	62	12.0	3.0	0,903	true	[005000, 005002, 005007, 005003, 005006, 005004, 005001]
2974	5	005000	005001	63	12.0	3.0	0,849	true	[005000, 005002, 005007, 005003, 005006, 005004, 005005, 005001]
2975	5	005000	005001	64	12.0	3.0	0,941	true	[005000, 005002, 005007, 005005, 005001]
2976	5	005000	005001	65	12.0	3.0	0,941	true	[005000, 005002, 005007, 005005, 005003, 005001]
2977	5	005000	005001	66	12.0	3.0	0,876	true	[005000, 005002, 005007, 005005, 005003, 005006, 005001]
2978	5	005000	005001	67	12.0	3.0	0,858	true	[005000, 005002, 005007, 005005, 005003, 005006, 005004, 005001]
2979	5	005000	005001	68	12.0	3.0	0,903	true	[005000, 005002, 005007, 005005, 005004, 005001]
2980	5	005000	005001	69	12.0	3.0	0,832	true	[005000, 005002, 005007, 005005, 005004, 005006, 005001]
2981	5	005000	005001	70	12.0	3.0	0,823	true	[005000, 005002, 005007, 005005, 005004, 005006, 005003, 005001]
2982	5	005000	005001	71	22.0	4.0	0,960	true	[005000, 005004, 005001]
2983	5	005000	005001	72	9.0	4.0	0,931	true	[005000, 005004, 005002, 005001]
2984	5	005000	005001	73	9.0	4.0	0,922	true	[005000, 005004, 005002, 005003, 005001]
2985	5	005000	005001	74	9.0	4.0	0,903	true	[005000, 005004, 005002, 005003, 005005, 005001]
2986	5	005000	005001	75	9.0	4.0	0,832	true	[005000, 005004, 005002, 005003, 005005, 005007, 005001]
2987	5	005000	005001	76	9.0	4.0	0,858	true	[005000, 005004, 005002, 005003, 005006, 005001]
2988	5	005000	005001	77	9.0	4.0	0,876	true	[005000, 005004, 005002, 005003, 005007, 005001]
2989	5	005000	005001	78	9.0	4.0	0,858	true	[005000, 005004, 005002, 005003, 005007, 005005, 005001]
2990	5	005000	005001	79	9.0	4.0	0,922	true	[005000, 005004, 005002, 005005, 005001]
2991	5	005000	005001	80	9.0	4.0	0,922	true	[005000, 005004, 005002, 005005, 005003, 005001]
2992	5	005000	005001	81	9.0	4.0	0,858	true	[005000, 005004, 005002, 005005, 005003, 005006, 005001]
2993	5	005000	005001	82	9.0	4.0	0,876	true	[005000, 005004, 005002, 005005, 005003, 005007, 005001]
2994	5	005000	005001	83	9.0	4.0	0,849	true	[005000, 005004, 005002, 005005, 005007, 005001]
2995	5	005000	005001	84	9.0	4.0	0,876	true	[005000, 005004, 005002, 005005, 005007, 005003, 005001]
2996	5	005000	005001	85	9.0	4.0	0,816	true	[005000, 005004, 005002, 005005, 005007, 005003, 005006, 005001]
2997	5	005000	005001	86	9.0	4.0	0,885	true	[005000, 005004, 005002, 005006, 005001]
2998	5	005000	005001	87	9.0	4.0	0,876	true	[005000, 005004, 005002, 005006, 005003, 005001]
2999	5	005000	005001	88	9.0	4.0	0,858	true	[005000, 005004, 005002, 005006, 005003, 005005, 005001]
3000	5	005000	005001	89	9.0	4.0	0,790	true	[005000, 005004, 005002, 005006, 005003, 005005, 005007, 005001]
3001	5	005000	005001	90	9.0	4.0	0,832	true	[005000, 005004, 005002, 005006, 005003, 005007, 005001]
3002	5	005000	005001	91	9.0	4.0	0,815	true	[005000, 005004, 005002, 005006, 005003, 005007, 005005, 005001]
3003	5	005000	005001	92	9.0	3.0	0,922	true	[005000, 005004, 005002, 005007, 005001]
3004	5	005000	005001	93	9.0	3.0	0,950	true	[005000, 005004, 005002, 005007, 005003, 005001]
3005	5	005000	005001	94	9.0	3.0	0,931	true	[005000, 005004, 005002, 005007, 005003, 005005, 005001]
3006	5	005000	005001	95	9.0	3.0	0,885	true	[005000, 005004, 005002, 005007, 005003, 005006, 005001]
3007	5	005000	005001	96	9.0	3.0	0,903	true	[005000, 005004, 005002, 005007, 005005, 005001]
3008	5	005000	005001	97	9.0	3.0	0,903	true	[005000, 005004, 005002, 005007, 005005, 005003, 005001]
3009	5	005000	005001	98	9.0	3.0	0,841	true	[005000, 005004, 005002, 005007, 005005, 005003, 005006, 005001]
3010	5	005000	005001	99	14.0	4.0	0,903	true	[005000, 005004, 005005, 005001]
3011	5	005000	005001	100	12.0	4.0	0,858	true	[005000, 005004, 005005, 005002, 005001]
3012	6	006000	006003	0	21.0	4.0	0,931	true	[006000, 006001, 006003]
3013	6	006000	006003	1	21.0	4.0	0,912	true	[006000, 006001, 006004, 006003]
3014	6	006000	006003	2	21.0	4.0	0,903	true	[006000, 006001, 006004, 006005, 006003]
3015	6	006000	006003	3	21.0	4.0	0,858	true	[006000, 006001, 006004, 006005, 006006, 006002, 006003]
3016	6	006000	006003	4	21.0	4.0	0,833	true	[006000, 006001, 006004, 006005, 006006, 006002, 006007, 006003]
3017	6	006000	006003	5	21.0	4.0	0,858	true	[006000, 006001, 006004, 006005, 006006, 006003]
3018	6	006000	006003	6	13.0	4.0	0,885	true	[006000, 006001, 006004, 006005, 006006, 006007, 006002, 006003]
3019	6	006000	006003	7	13.0	4.0	0,858	true	[006000, 006001, 006004, 006005, 006006, 006007, 006003]
3020	6	006000	006003	8	21.0	4.0	0,903	true	[006000, 006001, 006004, 006005, 006007, 006002, 006003]
3021	6	006000	006003	9	21.0	4.0	0,850	true	[006000, 006001, 006004, 006005, 006007, 006002, 006006, 006003]
3022	6	006000	006003	10	21.0	4.0	0,876	true	[006000, 006001, 006004, 006005, 006007, 006003]
3023	6	006000	006003	11	13.0	4.0	0,876	true	[006000, 006001, 006004, 006005, 006007, 006006, 006002, 006003]
3024	6	006000	006003	12	13.0	4.0	0,876	true	[006000, 006001, 006004, 006005, 006007, 006006, 006003]
3025	6	006000	006003	13	21.0	4.0	0,849	true	[006000, 006001, 006004, 006006, 006002, 006003]
3026	6	006000	006003	14	21.0	4.0	0,824	true	[006000, 006001, 006004, 006006, 006002, 006007, 006003]
3027	6	006000	006003	15	21.0	4.0	0,849	true	[006000, 006001, 006004, 006006, 006002, 006007, 006005, 006003]
3028	6	006000	006003	16	21.0	4.0	0,849	true	[006000, 006001, 006004, 006006, 006003]
3029	6	006000	006003	17	21.0	4.0	0,858	true	[006000, 006001, 006004, 006006, 006005, 006003]
3030	6	006000	006003	18	21.0	4.0	0,858	true	[006000, 006001, 006004, 006006, 006005, 006007, 006002, 006003]
3031	6	006000	006003	19	21.0	4.0	0,832	true	[006000, 006001, 006004, 006006, 006005, 006007, 006003]
3032	6	006000	006003	20	13.0	4.0	0,876	true	[006000, 006001, 006004, 006006, 006007, 006002, 006003]
3033	6	006000	006003	21	13.0	4.0	0,849	true	[006000, 006001, 006004, 006006, 006007, 006003]
3034	6	006000	006003	22	13.0	4.0	0,876	true	[006000, 006001, 006004, 006006, 006007, 006005, 006003]
3035	6	006000	006003	23	21.0	4.0	0,931	true	[006000, 006001, 006005, 006003]
3036	6	006000	006003	24	21.0	4.0	0,922	true	[006000, 006001, 006005, 006004, 006003]
3037	6	006000	006003	25	21.0	4.0	0,858	true	[006000, 006001, 006005, 006004, 006006, 006002, 006003]
3038	6	006000	006003	26	21.0	4.0	0,833	true	[006000, 006001, 006005, 006004, 006006, 006002, 006007, 006003]
3039	6	006000	006003	27	21.0	4.0	0,858	true	[006000, 006001, 006005, 006004, 006006, 006003]
3040	6	006000	006003	28	13.0	4.0	0,885	true	[006000, 006001, 006005, 006004, 006006, 006007, 006002, 006003]
3041	6	006000	006003	29	13.0	4.0	0,858	true	[006000, 006001, 006005, 006004, 006006, 006007, 006003]
3042	6	006000	006003	30	21.0	4.0	0,885	true	[006000, 006001, 006005, 006006, 006002, 006003]
3043	6	006000	006003	31	21.0	4.0	0,859	true	[006000, 006001, 006005, 006006, 006002, 006007, 006003]
3044	6	006000	006003	32	21.0	4.0	0,885	true	[006000, 006001, 006005, 006006, 006003]
3045	6	006000	006003	33	21.0	4.0	0,876	true	[006000, 006001, 006005, 006006, 006004, 006003]
3046	6	006000	006003	34	13.0	4.0	0,913	true	[006000, 006001, 006005, 006006, 006007, 006002, 006003]
3047	6	006000	006003	35	13.0	4.0	0,885	true	[006000, 006001, 006005, 006006, 006007, 006003]
3048	6	006000	006003	36	21.0	4.0	0,931	true	[006000, 006001, 006005, 006007, 006002, 006003]
3049	6	006000	006003	37	21.0	4.0	0,876	true	[006000, 006001, 006005, 006007, 006002, 006006, 006003]
3050	6	006000	006003	38	21.0	4.0	0,867	true	[006000, 006001, 006005, 006007, 006002, 006006, 006004, 006003]
3051	6	006000	006003	39	21.0	4.0	0,903	true	[006000, 006001, 006005, 006007, 006003]
3052	6	006000	006003	40	13.0	4.0	0,903	true	[006000, 006001, 006005, 006007, 006006, 006002, 006003]
3053	6	006000	006003	41	13.0	4.0	0,903	true	[006000, 006001, 006005, 006007, 006006, 006003]
3054	6	006000	006003	42	13.0	4.0	0,894	true	[006000, 006001, 006005, 006007, 006006, 006004, 006003]
3055	6	006000	006003	43	5.0	4.0	0,913	true	[006000, 006001, 006006, 006002, 006003]
3056	6	006000	006003	44	5.0	4.0	0,885	true	[006000, 006001, 006006, 006002, 006007, 006003]
3057	6	006000	006003	45	5.0	4.0	0,913	true	[006000, 006001, 006006, 006002, 006007, 006005, 006003]
3058	6	006000	006003	46	5.0	4.0	0,903	true	[006000, 006001, 006006, 006002, 006007, 006005, 006004, 006003]
3059	6	006000	006003	47	5.0	4.0	0,913	true	[006000, 006001, 006006, 006003]
3060	6	006000	006003	48	5.0	4.0	0,903	true	[006000, 006001, 006006, 006004, 006003]
3061	6	006000	006003	49	5.0	4.0	0,894	true	[006000, 006001, 006006, 006004, 006005, 006003]
3062	6	006000	006003	50	5.0	4.0	0,894	true	[006000, 006001, 006006, 006004, 006005, 006007, 006002, 006003]
3063	6	006000	006003	51	5.0	4.0	0,867	true	[006000, 006001, 006006, 006004, 006005, 006007, 006003]
3064	6	006000	006003	52	5.0	4.0	0,922	true	[006000, 006001, 006006, 006005, 006003]
3065	6	006000	006003	53	5.0	4.0	0,913	true	[006000, 006001, 006006, 006005, 006004, 006003]
3066	6	006000	006003	54	5.0	4.0	0,922	true	[006000, 006001, 006006, 006005, 006007, 006002, 006003]
3067	6	006000	006003	55	5.0	4.0	0,894	true	[006000, 006001, 006006, 006005, 006007, 006003]
3068	6	006000	006003	56	5.0	4.0	0,941	true	[006000, 006001, 006006, 006007, 006002, 006003]
3069	6	006000	006003	57	5.0	4.0	0,913	true	[006000, 006001, 006006, 006007, 006003]
3070	6	006000	006003	58	5.0	4.0	0,941	true	[006000, 006001, 006006, 006007, 006005, 006003]
3071	6	006000	006003	59	5.0	4.0	0,931	true	[006000, 006001, 006006, 006007, 006005, 006004, 006003]
3072	6	006000	006003	60	21.0	4.0	0,960	true	[006000, 006001, 006007, 006002, 006003]
3073	6	006000	006003	61	21.0	4.0	0,903	true	[006000, 006001, 006007, 006002, 006006, 006003]
3074	6	006000	006003	62	21.0	4.0	0,894	true	[006000, 006001, 006007, 006002, 006006, 006004, 006003]
3075	6	006000	006003	63	21.0	4.0	0,885	true	[006000, 006001, 006007, 006002, 006006, 006004, 006005, 006003]
3076	6	006000	006003	64	21.0	4.0	0,913	true	[006000, 006001, 006007, 006002, 006006, 006005, 006003]
3077	6	006000	006003	65	21.0	4.0	0,903	true	[006000, 006001, 006007, 006002, 006006, 006005, 006004, 006003]
3078	6	006000	006003	66	21.0	4.0	0,931	true	[006000, 006001, 006007, 006003]
3079	6	006000	006003	67	21.0	4.0	0,960	true	[006000, 006001, 006007, 006005, 006003]
3080	6	006000	006003	68	21.0	4.0	0,950	true	[006000, 006001, 006007, 006005, 006004, 006003]
3081	6	006000	006003	69	21.0	4.0	0,885	true	[006000, 006001, 006007, 006005, 006004, 006006, 006002, 006003]
3082	6	006000	006003	70	21.0	4.0	0,885	true	[006000, 006001, 006007, 006005, 006004, 006006, 006003]
3083	6	006000	006003	71	21.0	4.0	0,913	true	[006000, 006001, 006007, 006005, 006006, 006002, 006003]
3084	6	006000	006003	72	21.0	4.0	0,913	true	[006000, 006001, 006007, 006005, 006006, 006003]
3085	6	006000	006003	73	21.0	4.0	0,903	true	[006000, 006001, 006007, 006005, 006006, 006004, 006003]
3086	6	006000	006003	74	13.0	4.0	0,931	true	[006000, 006001, 006007, 006006, 006002, 006003]
3087	6	006000	006003	75	13.0	4.0	0,931	true	[006000, 006001, 006007, 006006, 006003]
3088	6	006000	006003	76	13.0	4.0	0,922	true	[006000, 006001, 006007, 006006, 006004, 006003]
3089	6	006000	006003	77	13.0	4.0	0,912	true	[006000, 006001, 006007, 006006, 006004, 006005, 006003]
3090	6	006000	006003	78	13.0	4.0	0,941	true	[006000, 006001, 006007, 006006, 006005, 006003]
3091	6	006000	006003	79	13.0	4.0	0,931	true	[006000, 006001, 006007, 006006, 006005, 006004, 006003]
3092	6	006000	006003	80	60.0	5.0	0,980	true	[006000, 006002, 006003]
3093	6	006000	006003	81	5.0	5.0	0,904	true	[006000, 006002, 006006, 006001, 006003]
3094	6	006000	006003	82	5.0	5.0	0,885	true	[006000, 006002, 006006, 006001, 006004, 006003]
3095	6	006000	006003	83	5.0	5.0	0,876	true	[006000, 006002, 006006, 006001, 006004, 006005, 006003]
3096	6	006000	006003	84	5.0	5.0	0,850	true	[006000, 006002, 006006, 006001, 006004, 006005, 006007, 006003]
3097	6	006000	006003	85	5.0	5.0	0,904	true	[006000, 006002, 006006, 006001, 006005, 006003]
3098	6	006000	006003	86	5.0	5.0	0,895	true	[006000, 006002, 006006, 006001, 006005, 006004, 006003]
3099	6	006000	006003	87	5.0	5.0	0,877	true	[006000, 006002, 006006, 006001, 006005, 006007, 006003]
3100	6	006000	006003	88	5.0	5.0	0,904	true	[006000, 006002, 006006, 006001, 006007, 006003]
3101	6	006000	006003	89	5.0	5.0	0,932	true	[006000, 006002, 006006, 006001, 006007, 006005, 006003]
3102	6	006000	006003	90	5.0	5.0	0,922	true	[006000, 006002, 006006, 006001, 006007, 006005, 006004, 006003]
3103	6	006000	006003	91	35.0	5.0	0,922	true	[006000, 006002, 006006, 006003]
3104	6	006000	006003	92	55.0	5.0	0,841	true	[006000, 006002, 006006, 006004, 006001, 006003]
3105	6	006000	006003	93	26.0	5.0	0,841	true	[006000, 006002, 006006, 006004, 006001, 006005, 006003]
3106	6	006000	006003	94	26.0	5.0	0,816	true	[006000, 006002, 006006, 006004, 006001, 006005, 006007, 006003]
3107	6	006000	006003	95	32.0	5.0	0,841	true	[006000, 006002, 006006, 006004, 006001, 006007, 006003]
3108	6	006000	006003	96	32.0	5.0	0,867	true	[006000, 006002, 006006, 006004, 006001, 006007, 006005, 006003]
3109	6	006000	006003	97	38.0	5.0	0,913	true	[006000, 006002, 006006, 006004, 006003]
3110	6	006000	006003	98	26.0	5.0	0,850	true	[006000, 006002, 006006, 006004, 006005, 006001, 006003]
3111	6	006000	006003	99	26.0	5.0	0,850	true	[006000, 006002, 006006, 006004, 006005, 006001, 006007, 006003]
3112	6	006000	006003	100	31.0	5.0	0,903	true	[006000, 006002, 006006, 006004, 006005, 006003]
3113	7	007000	007005	0	13.0	7.0	0,941	true	[007000, 007001, 007003, 007002, 007004, 007005]
3114	7	007000	007005	1	9.0	3.0	0,932	true	[007000, 007001, 007003, 007002, 007004, 007006, 007005]
3115	7	007000	007005	2	9.0	3.0	0,886	true	[007000, 007001, 007003, 007002, 007004, 007006, 007007, 007005]
3116	7	007000	007005	3	23.0	4.0	0,960	true	[007000, 007001, 007003, 007002, 007005]
3117	7	007000	007005	4	9.0	7.0	0,951	true	[007000, 007001, 007003, 007002, 007006, 007004, 007005]
3118	7	007000	007005	5	23.0	3.0	0,980	true	[007000, 007001, 007003, 007002, 007006, 007005]
3119	7	007000	007005	6	23.0	3.0	0,932	true	[007000, 007001, 007003, 007002, 007006, 007007, 007005]
3120	7	007000	007005	7	13.0	3.0	0,922	true	[007000, 007001, 007003, 007004, 007002, 007005]
3121	7	007000	007005	8	13.0	3.0	0,941	true	[007000, 007001, 007003, 007004, 007002, 007006, 007005]
3122	7	007000	007005	9	13.0	3.0	0,895	true	[007000, 007001, 007003, 007004, 007002, 007006, 007007, 007005]
3123	7	007000	007005	10	32.0	3.0	0,960	true	[007000, 007001, 007003, 007004, 007005]
3124	7	007000	007005	11	9.0	3.0	0,932	true	[007000, 007001, 007003, 007004, 007006, 007002, 007005]
3125	7	007000	007005	12	9.0	3.0	0,951	true	[007000, 007001, 007003, 007004, 007006, 007005]
3126	7	007000	007005	13	9.0	3.0	0,904	true	[007000, 007001, 007003, 007004, 007006, 007007, 007005]
3127	7	007000	007005	14	32.0	7.0	0,980	true	[007000, 007001, 007003, 007005]
3128	7	007000	007005	15	32.0	3.0	0,932	true	[007000, 007001, 007003, 007007, 007005]
3129	7	007000	007005	16	13.0	6.0	0,904	true	[007000, 007001, 007003, 007007, 007006, 007002, 007004, 007005]
3130	7	007000	007005	17	32.0	4.0	0,922	true	[007000, 007001, 007003, 007007, 007006, 007002, 007005]
3131	7	007000	007005	18	9.0	4.0	0,877	true	[007000, 007001, 007003, 007007, 007006, 007004, 007002, 007005]
3132	7	007000	007005	19	9.0	6.0	0,913	true	[007000, 007001, 007003, 007007, 007006, 007004, 007005]
3133	7	007000	007005	20	32.0	3.0	0,941	true	[007000, 007001, 007003, 007007, 007006, 007005]
3134	7	007000	007005	21	38.0	6.0	0,990	true	[007000, 007001, 007005]
3135	7	007000	007005	22	13.0	8.0	0,894	true	[007000, 007001, 007007, 007003, 007002, 007004, 007005]
3136	7	007000	007005	23	9.0	3.0	0,885	true	[007000, 007001, 007007, 007003, 007002, 007004, 007006, 007005]
3137	7	007000	007005	24	23.0	4.0	0,912	true	[007000, 007001, 007007, 007003, 007002, 007005]
3138	7	007000	007005	25	9.0	8.0	0,903	true	[007000, 007001, 007007, 007003, 007002, 007006, 007004, 007005]
3139	7	007000	007005	26	23.0	3.0	0,931	true	[007000, 007001, 007007, 007003, 007002, 007006, 007005]
3140	7	007000	007005	27	13.0	3.0	0,876	true	[007000, 007001, 007007, 007003, 007004, 007002, 007005]
3141	7	007000	007005	28	13.0	3.0	0,894	true	[007000, 007001, 007007, 007003, 007004, 007002, 007006, 007005]
3142	7	007000	007005	29	54.0	3.0	0,912	true	[007000, 007001, 007007, 007003, 007004, 007005]
3143	7	007000	007005	30	9.0	3.0	0,885	true	[007000, 007001, 007007, 007003, 007004, 007006, 007002, 007005]
3144	7	007000	007005	31	9.0	3.0	0,903	true	[007000, 007001, 007007, 007003, 007004, 007006, 007005]
3145	7	007000	007005	32	36.0	8.0	0,931	true	[007000, 007001, 007007, 007003, 007005]
3146	7	007000	007005	33	46.0	3.0	0,922	true	[007000, 007001, 007007, 007005]
3147	7	007000	007005	34	23.0	3.0	0,912	true	[007000, 007001, 007007, 007006, 007002, 007003, 007004, 007005]
3148	7	007000	007005	35	23.0	6.0	0,931	true	[007000, 007001, 007007, 007006, 007002, 007003, 007005]
3149	7	007000	007005	36	13.0	3.0	0,894	true	[007000, 007001, 007007, 007006, 007002, 007004, 007003, 007005]
3150	7	007000	007005	37	13.0	6.0	0,894	true	[007000, 007001, 007007, 007006, 007002, 007004, 007005]
3151	7	007000	007005	38	35.0	4.0	0,912	true	[007000, 007001, 007007, 007006, 007002, 007005]
3152	7	007000	007005	39	9.0	6.0	0,885	true	[007000, 007001, 007007, 007006, 007004, 007002, 007003, 007005]
3153	7	007000	007005	40	9.0	4.0	0,867	true	[007000, 007001, 007007, 007006, 007004, 007002, 007005]
3154	7	007000	007005	41	9.0	3.0	0,885	true	[007000, 007001, 007007, 007006, 007004, 007003, 007002, 007005]
3155	7	007000	007005	42	9.0	3.0	0,903	true	[007000, 007001, 007007, 007006, 007004, 007003, 007005]
3156	7	007000	007005	43	9.0	6.0	0,903	true	[007000, 007001, 007007, 007006, 007004, 007005]
3157	7	007000	007005	44	35.0	3.0	0,931	true	[007000, 007001, 007007, 007006, 007005]
3158	7	007000	007005	45	23.0	3.0	0,931	true	[007000, 007002, 007003, 007001, 007005]
3159	7	007000	007005	46	23.0	3.0	0,867	true	[007000, 007002, 007003, 007001, 007007, 007005]
3160	7	007000	007005	47	9.0	3.0	0,850	true	[007000, 007002, 007003, 007001, 007007, 007006, 007004, 007005]
3161	7	007000	007005	48	23.0	3.0	0,876	true	[007000, 007002, 007003, 007001, 007007, 007006, 007005]
3162	7	007000	007005	49	23.0	3.0	0,941	true	[007000, 007002, 007003, 007004, 007005]
3163	7	007000	007005	50	9.0	3.0	0,931	true	[007000, 007002, 007003, 007004, 007006, 007005]
3164	7	007000	007005	51	9.0	3.0	0,858	true	[007000, 007002, 007003, 007004, 007006, 007007, 007001, 007005]
3165	7	007000	007005	52	9.0	3.0	0,885	true	[007000, 007002, 007003, 007004, 007006, 007007, 007005]
3166	7	007000	007005	53	23.0	3.0	0,960	true	[007000, 007002, 007003, 007005]
3167	7	007000	007005	54	23.0	3.0	0,885	true	[007000, 007002, 007003, 007007, 007001, 007005]
3168	7	007000	007005	55	23.0	3.0	0,913	true	[007000, 007002, 007003, 007007, 007005]
3169	7	007000	007005	56	9.0	3.0	0,895	true	[007000, 007002, 007003, 007007, 007006, 007004, 007005]
3170	7	007000	007005	57	23.0	3.0	0,922	true	[007000, 007002, 007003, 007007, 007006, 007005]
3171	7	007000	007005	58	13.0	3.0	0,894	true	[007000, 007002, 007004, 007003, 007001, 007005]
3172	7	007000	007005	59	13.0	3.0	0,833	true	[007000, 007002, 007004, 007003, 007001, 007007, 007005]
3173	7	007000	007005	60	13.0	3.0	0,841	true	[007000, 007002, 007004, 007003, 007001, 007007, 007006, 007005]
3174	7	007000	007005	61	13.0	3.0	0,922	true	[007000, 007002, 007004, 007003, 007005]
3175	7	007000	007005	62	13.0	3.0	0,850	true	[007000, 007002, 007004, 007003, 007007, 007001, 007005]
3176	7	007000	007005	63	13.0	3.0	0,876	true	[007000, 007002, 007004, 007003, 007007, 007005]
3177	7	007000	007005	64	13.0	3.0	0,885	true	[007000, 007002, 007004, 007003, 007007, 007006, 007005]
3178	7	007000	007005	65	13.0	3.0	0,922	true	[007000, 007002, 007004, 007005]
3179	7	007000	007005	66	9.0	3.0	0,913	true	[007000, 007002, 007004, 007006, 007005]
3180	7	007000	007005	67	9.0	3.0	0,833	true	[007000, 007002, 007004, 007006, 007007, 007001, 007003, 007005]
3181	7	007000	007005	68	9.0	3.0	0,841	true	[007000, 007002, 007004, 007006, 007007, 007001, 007005]
3182	7	007000	007005	69	9.0	3.0	0,850	true	[007000, 007002, 007004, 007006, 007007, 007003, 007001, 007005]
3183	7	007000	007005	70	9.0	3.0	0,876	true	[007000, 007002, 007004, 007006, 007007, 007003, 007005]
3184	7	007000	007005	71	9.0	3.0	0,867	true	[007000, 007002, 007004, 007006, 007007, 007005]
3185	7	007000	007005	72	33.0	3.0	0,941	true	[007000, 007002, 007005]
3186	7	007000	007005	73	9.0	3.0	0,904	true	[007000, 007002, 007006, 007004, 007003, 007001, 007005]
3187	7	007000	007005	74	9.0	3.0	0,841	true	[007000, 007002, 007006, 007004, 007003, 007001, 007007, 007005]
3188	7	007000	007005	75	9.0	3.0	0,931	true	[007000, 007002, 007006, 007004, 007003, 007005]
3189	7	007000	007005	76	9.0	3.0	0,858	true	[007000, 007002, 007006, 007004, 007003, 007007, 007001, 007005]
3190	7	007000	007005	77	9.0	3.0	0,885	true	[007000, 007002, 007006, 007004, 007003, 007007, 007005]
3191	7	007000	007005	78	9.0	3.0	0,931	true	[007000, 007002, 007006, 007004, 007005]
3192	7	007000	007005	79	33.0	3.0	0,960	true	[007000, 007002, 007006, 007005]
3193	7	007000	007005	80	32.0	3.0	0,858	true	[007000, 007002, 007006, 007007, 007001, 007003, 007004, 007005]
3194	7	007000	007005	81	32.0	3.0	0,876	true	[007000, 007002, 007006, 007007, 007001, 007003, 007005]
3195	7	007000	007005	82	33.0	3.0	0,885	true	[007000, 007002, 007006, 007007, 007001, 007005]
3196	7	007000	007005	83	32.0	3.0	0,895	true	[007000, 007002, 007006, 007007, 007003, 007001, 007005]
3197	7	007000	007005	84	33.0	3.0	0,904	true	[007000, 007002, 007006, 007007, 007003, 007004, 007005]
3198	7	007000	007005	85	33.0	3.0	0,922	true	[007000, 007002, 007006, 007007, 007003, 007005]
3199	7	007000	007005	86	33.0	3.0	0,913	true	[007000, 007002, 007006, 007007, 007005]
3200	7	007000	007005	87	23.0	3.0	0,951	true	[007000, 007006, 007002, 007003, 007001, 007005]
3201	7	007000	007005	88	23.0	3.0	0,885	true	[007000, 007006, 007002, 007003, 007001, 007007, 007005]
3202	7	007000	007005	89	23.0	3.0	0,960	true	[007000, 007006, 007002, 007003, 007004, 007005]
3203	7	007000	007005	90	23.0	3.0	0,980	true	[007000, 007006, 007002, 007003, 007005]
3204	7	007000	007005	91	23.0	3.0	0,903	true	[007000, 007006, 007002, 007003, 007007, 007001, 007005]
3205	7	007000	007005	92	23.0	3.0	0,932	true	[007000, 007006, 007002, 007003, 007007, 007005]
3206	7	007000	007005	93	13.0	3.0	0,913	true	[007000, 007006, 007002, 007004, 007003, 007001, 007005]
3207	7	007000	007005	94	13.0	3.0	0,850	true	[007000, 007006, 007002, 007004, 007003, 007001, 007007, 007005]
3208	7	007000	007005	95	13.0	3.0	0,941	true	[007000, 007006, 007002, 007004, 007003, 007005]
3209	7	007000	007005	96	13.0	3.0	0,867	true	[007000, 007006, 007002, 007004, 007003, 007007, 007001, 007005]
3210	7	007000	007005	97	13.0	3.0	0,895	true	[007000, 007006, 007002, 007004, 007003, 007007, 007005]
3211	7	007000	007005	98	13.0	3.0	0,941	true	[007000, 007006, 007002, 007004, 007005]
3212	7	007000	007005	99	48.0	3.0	0,960	true	[007000, 007006, 007002, 007005]
3213	7	007000	007005	100	9.0	3.0	0,904	true	[007000, 007006, 007004, 007002, 007003, 007001, 007005]
3214	7	007000	007005	101	9.0	3.0	0,932	true	[007000, 007006, 007004, 007002, 007003, 007005]
3215	7	007000	007005	102	9.0	3.0	0,913	true	[007000, 007006, 007004, 007002, 007005]
3216	7	007000	007005	103	9.0	3.0	0,951	true	[007000, 007006, 007004, 007005]
3217	7	007000	007005	104	48.0	3.0	0,980	true	[007000, 007006, 007005]
3218	8	008002	008007	0	13.0	5.0	0,876	true	[008002, 008001, 008000, 008004, 008003, 008007]
3219	8	008002	008007	1	13.0	3.0	0,867	true	[008002, 008001, 008000, 008004, 008005, 008007]
3220	8	008002	008007	2	8.0	3.0	0,876	true	[008002, 008001, 008000, 008004, 008006, 008003, 008007]
3221	8	008002	008007	3	13.0	3.0	0,913	true	[008002, 008001, 008000, 008004, 008007]
3222	8	008002	008007	4	13.0	5.0	0,859	true	[008002, 008001, 008000, 008005, 008004, 008003, 008007]
3223	8	008002	008007	5	8.0	3.0	0,859	true	[008002, 008001, 008000, 008005, 008004, 008006, 008003, 008007]
3224	8	008002	008007	6	13.0	3.0	0,894	true	[008002, 008001, 008000, 008005, 008004, 008007]
3225	8	008002	008007	7	13.0	3.0	0,885	true	[008002, 008001, 008000, 008005, 008007]
3226	8	008002	008007	8	8.0	3.0	0,841	true	[008002, 008001, 008000, 008006, 008003, 008004, 008005, 008007]
3227	8	008002	008007	9	8.0	3.0	0,885	true	[008002, 008001, 008000, 008006, 008003, 008004, 008007]
3228	8	008002	008007	10	8.0	3.0	0,867	true	[008002, 008001, 008000, 008006, 008003, 008007]
3229	8	008002	008007	11	13.0	5.0	0,867	true	[008002, 008001, 008000, 008006, 008004, 008003, 008007]
3230	8	008002	008007	12	13.0	3.0	0,858	true	[008002, 008001, 008000, 008006, 008004, 008005, 008007]
3231	8	008002	008007	13	13.0	3.0	0,903	true	[008002, 008001, 008000, 008006, 008004, 008007]
3232	8	008002	008007	14	13.0	5.0	0,903	true	[008002, 008001, 008000, 008007]
3233	8	008002	008007	15	13.0	3.0	0,850	true	[008002, 008001, 008004, 008000, 008005, 008007]
3234	8	008002	008007	16	8.0	3.0	0,832	true	[008002, 008001, 008004, 008000, 008006, 008003, 008007]
3235	8	008002	008007	17	13.0	5.0	0,867	true	[008002, 008001, 008004, 008000, 008007]
3236	8	008002	008007	18	8.0	3.0	0,824	true	[008002, 008001, 008004, 008003, 008006, 008000, 008005, 008007]
3237	8	008002	008007	19	8.0	3.0	0,841	true	[008002, 008001, 008004, 008003, 008006, 008000, 008007]
3238	8	008002	008007	20	13.0	5.0	0,894	true	[008002, 008001, 008004, 008003, 008007]
3239	8	008002	008007	21	8.0	3.0	0,816	true	[008002, 008001, 008004, 008005, 008000, 008006, 008003, 008007]
3240	8	008002	008007	22	13.0	5.0	0,849	true	[008002, 008001, 008004, 008005, 008000, 008007]
3241	8	008002	008007	23	13.0	3.0	0,885	true	[008002, 008001, 008004, 008005, 008007]
3242	8	008002	008007	24	13.0	3.0	0,841	true	[008002, 008001, 008004, 008006, 008000, 008005, 008007]
3243	8	008002	008007	25	13.0	5.0	0,858	true	[008002, 008001, 008004, 008006, 008000, 008007]
3244	8	008002	008007	26	8.0	3.0	0,894	true	[008002, 008001, 008004, 008006, 008003, 008007]
3245	8	008002	008007	27	13.0	3.0	0,931	true	[008002, 008001, 008004, 008007]
3246	8	008002	008007	28	13.0	5.0	0,868	true	[008002, 008001, 008005, 008000, 008004, 008003, 008007]
3247	8	008002	008007	29	8.0	3.0	0,868	true	[008002, 008001, 008005, 008000, 008004, 008006, 008003, 008007]
3248	8	008002	008007	30	13.0	3.0	0,904	true	[008002, 008001, 008005, 008000, 008004, 008007]
3249	8	008002	008007	31	8.0	3.0	0,877	true	[008002, 008001, 008005, 008000, 008006, 008003, 008004, 008007]
3250	8	008002	008007	32	8.0	3.0	0,859	true	[008002, 008001, 008005, 008000, 008006, 008003, 008007]
3251	8	008002	008007	33	13.0	5.0	0,859	true	[008002, 008001, 008005, 008000, 008006, 008004, 008003, 008007]
3252	8	008002	008007	34	13.0	3.0	0,894	true	[008002, 008001, 008005, 008000, 008006, 008004, 008007]
3253	8	008002	008007	35	13.0	5.0	0,894	true	[008002, 008001, 008005, 008000, 008007]
3254	8	008002	008007	36	8.0	3.0	0,841	true	[008002, 008001, 008005, 008004, 008000, 008006, 008003, 008007]
3255	8	008002	008007	37	13.0	5.0	0,876	true	[008002, 008001, 008005, 008004, 008000, 008007]
3256	8	008002	008007	38	8.0	3.0	0,850	true	[008002, 008001, 008005, 008004, 008003, 008006, 008000, 008007]
3257	8	008002	008007	39	13.0	5.0	0,904	true	[008002, 008001, 008005, 008004, 008003, 008007]
3258	8	008002	008007	40	13.0	5.0	0,867	true	[008002, 008001, 008005, 008004, 008006, 008000, 008007]
3259	8	008002	008007	41	8.0	3.0	0,904	true	[008002, 008001, 008005, 008004, 008006, 008003, 008007]
3260	8	008002	008007	42	13.0	3.0	0,941	true	[008002, 008001, 008005, 008004, 008007]
3261	8	008002	008007	43	13.0	3.0	0,931	true	[008002, 008001, 008005, 008007]
3262	8	008002	008007	44	13.0	5.0	0,832	true	[008002, 008001, 008006, 008000, 008004, 008003, 008007]
3263	8	008002	008007	45	13.0	3.0	0,824	true	[008002, 008001, 008006, 008000, 008004, 008005, 008007]
3264	8	008002	008007	46	13.0	3.0	0,867	true	[008002, 008001, 008006, 008000, 008004, 008007]
3265	8	008002	008007	47	13.0	5.0	0,816	true	[008002, 008001, 008006, 008000, 008005, 008004, 008003, 008007]
3266	8	008002	008007	48	13.0	3.0	0,850	true	[008002, 008001, 008006, 008000, 008005, 008004, 008007]
3267	8	008002	008007	49	13.0	3.0	0,841	true	[008002, 008001, 008006, 008000, 008005, 008007]
3268	8	008002	008007	50	13.0	5.0	0,858	true	[008002, 008001, 008006, 008000, 008007]
3269	8	008002	008007	51	8.0	3.0	0,833	true	[008002, 008001, 008006, 008003, 008004, 008000, 008005, 008007]
3270	8	008002	008007	52	8.0	3.0	0,849	true	[008002, 008001, 008006, 008003, 008004, 008000, 008007]
3271	8	008002	008007	53	8.0	3.0	0,832	true	[008002, 008001, 008006, 008003, 008004, 008005, 008000, 008007]
3272	8	008002	008007	54	8.0	3.0	0,867	true	[008002, 008001, 008006, 008003, 008004, 008005, 008007]
3273	8	008002	008007	55	8.0	3.0	0,913	true	[008002, 008001, 008006, 008003, 008004, 008007]
3274	8	008002	008007	56	8.0	3.0	0,894	true	[008002, 008001, 008006, 008003, 008007]
3275	8	008002	008007	57	13.0	3.0	0,850	true	[008002, 008001, 008006, 008004, 008000, 008005, 008007]
3276	8	008002	008007	58	13.0	5.0	0,867	true	[008002, 008001, 008006, 008004, 008000, 008007]
3277	8	008002	008007	59	13.0	5.0	0,894	true	[008002, 008001, 008006, 008004, 008003, 008007]
3278	8	008002	008007	60	13.0	5.0	0,849	true	[008002, 008001, 008006, 008004, 008005, 008000, 008007]
3279	8	008002	008007	61	13.0	3.0	0,885	true	[008002, 008001, 008006, 008004, 008005, 008007]
3280	8	008002	008007	62	13.0	3.0	0,931	true	[008002, 008001, 008006, 008004, 008007]
3281	8	008002	008007	63	13.0	3.0	0,950	true	[008002, 008001, 008007]
3282	8	008002	008007	64	21.0	3.0	0,824	true	[008002, 008003, 008004, 008000, 008001, 008005, 008007]
3283	8	008002	008007	65	21.0	3.0	0,841	true	[008002, 008003, 008004, 008000, 008001, 008007]
3284	8	008002	008007	66	13.0	3.0	0,833	true	[008002, 008003, 008004, 008000, 008005, 008001, 008007]
3285	8	008002	008007	67	13.0	3.0	0,850	true	[008002, 008003, 008004, 008000, 008005, 008007]
3286	8	008002	008007	68	34.0	3.0	0,783	true	[008002, 008003, 008004, 008000, 008006, 008001, 008005, 008007]
3287	8	008002	008007	69	28.0	3.0	0,799	true	[008002, 008003, 008004, 008000, 008006, 008001, 008007]
3288	8	008002	008007	70	32.0	5.0	0,867	true	[008002, 008003, 008004, 008000, 008007]
3289	8	008002	008007	71	13.0	3.0	0,799	true	[008002, 008003, 008004, 008001, 008000, 008005, 008007]
3290	8	008002	008007	72	21.0	6.0	0,815	true	[008002, 008003, 008004, 008001, 008000, 008007]
3291	8	008002	008007	73	13.0	6.0	0,807	true	[008002, 008003, 008004, 008001, 008005, 008000, 008007]
3292	8	008002	008007	74	34.0	3.0	0,841	true	[008002, 008003, 008004, 008001, 008005, 008007]
3293	8	008002	008007	75	13.0	3.0	0,759	true	[008002, 008003, 008004, 008001, 008006, 008000, 008005, 008007]
3294	8	008002	008007	76	32.0	5.0	0,774	true	[008002, 008003, 008004, 008001, 008006, 008000, 008007]
3295	8	008002	008007	77	28.0	3.0	0,858	true	[008002, 008003, 008004, 008001, 008007]
3296	8	008002	008007	78	13.0	3.0	0,824	true	[008002, 008003, 008004, 008005, 008000, 008001, 008007]
3297	8	008002	008007	79	13.0	3.0	0,783	true	[008002, 008003, 008004, 008005, 008000, 008006, 008001, 008007]
3298	8	008002	008007	80	13.0	6.0	0,849	true	[008002, 008003, 008004, 008005, 008000, 008007]
3299	8	008002	008007	81	21.0	6.0	0,824	true	[008002, 008003, 008004, 008005, 008001, 008000, 008007]
3300	8	008002	008007	82	32.0	5.0	0,783	true	[008002, 008003, 008004, 008005, 008001, 008006, 008000, 008007]
3301	8	008002	008007	83	28.0	3.0	0,867	true	[008002, 008003, 008004, 008005, 008001, 008007]
3302	8	008002	008007	84	36.0	3.0	0,885	true	[008002, 008003, 008004, 008005, 008007]
3303	8	008002	008007	85	21.0	3.0	0,815	true	[008002, 008003, 008004, 008006, 008000, 008001, 008005, 008007]
3304	8	008002	008007	86	21.0	3.0	0,832	true	[008002, 008003, 008004, 008006, 008000, 008001, 008007]
3305	8	008002	008007	87	13.0	3.0	0,824	true	[008002, 008003, 008004, 008006, 008000, 008005, 008001, 008007]
3306	8	008002	008007	88	13.0	3.0	0,841	true	[008002, 008003, 008004, 008006, 008000, 008005, 008007]
3307	8	008002	008007	89	32.0	5.0	0,858	true	[008002, 008003, 008004, 008006, 008000, 008007]
3308	8	008002	008007	90	13.0	3.0	0,799	true	[008002, 008003, 008004, 008006, 008001, 008000, 008005, 008007]
3309	8	008002	008007	91	21.0	6.0	0,815	true	[008002, 008003, 008004, 008006, 008001, 008000, 008007]
3310	8	008002	008007	92	13.0	6.0	0,807	true	[008002, 008003, 008004, 008006, 008001, 008005, 008000, 008007]
3311	8	008002	008007	93	34.0	3.0	0,841	true	[008002, 008003, 008004, 008006, 008001, 008005, 008007]
3312	8	008002	008007	94	28.0	3.0	0,858	true	[008002, 008003, 008004, 008006, 008001, 008007]
3313	8	008002	008007	95	24.0	3.0	0,931	true	[008002, 008003, 008004, 008007]
3314	8	008002	008007	96	8.0	3.0	0,775	true	[008002, 008003, 008006, 008000, 008001, 008004, 008005, 008007]
3315	8	008002	008007	97	8.0	3.0	0,815	true	[008002, 008003, 008006, 008000, 008001, 008004, 008007]
3316	8	008002	008007	98	8.0	3.0	0,824	true	[008002, 008003, 008006, 008000, 008001, 008005, 008004, 008007]
3317	8	008002	008007	99	8.0	3.0	0,815	true	[008002, 008003, 008006, 008000, 008001, 008005, 008007]
3318	8	008002	008007	100	8.0	3.0	0,832	true	[008002, 008003, 008006, 008000, 008001, 008007]
3319	8	008002	008007	101	8.0	3.0	0,858	true	[008002, 008003, 008006, 008000, 008007]
3320	8	008002	008007	102	64.0	6.0	0,912	true	[008002, 008003, 008007]
3321	8	008002	008007	103	54.0	10.0	0,970	true	[008002, 008007]
3322	9	009003	009006	0	5.0	4.0	0,904	true	[009003, 009000, 009001, 009002, 009005, 009007, 009006]
3323	9	009003	009006	1	5.0	4.0	0,876	true	[009003, 009000, 009001, 009002, 009006]
3324	9	009003	009006	2	5.0	3.0	0,886	true	[009003, 009000, 009001, 009002, 009007, 009006]
3325	9	009003	009006	3	16.0	3.0	0,867	true	[009003, 009000, 009001, 009004, 009002, 009005, 009007, 009006]
3326	9	009003	009006	4	17.0	3.0	0,841	true	[009003, 009000, 009001, 009004, 009002, 009006]
3327	9	009003	009006	5	17.0	3.0	0,850	true	[009003, 009000, 009001, 009004, 009002, 009007, 009006]
3328	9	009003	009006	6	17.0	4.0	0,941	true	[009003, 009000, 009001, 009006]
3329	9	009003	009006	7	17.0	3.0	0,841	true	[009003, 009000, 009001, 009007, 009002, 009006]
3330	9	009003	009006	8	16.0	4.0	0,858	true	[009003, 009000, 009001, 009007, 009005, 009002, 009006]
3331	9	009003	009006	9	17.0	4.0	0,885	true	[009003, 009000, 009001, 009007, 009006]
3332	9	009003	009006	10	5.0	4.0	0,922	true	[009003, 009000, 009002, 009001, 009006]
3333	9	009003	009006	11	5.0	4.0	0,867	true	[009003, 009000, 009002, 009001, 009007, 009006]
3334	9	009003	009006	12	17.0	3.0	0,885	true	[009003, 009000, 009002, 009004, 009001, 009006]
3335	9	009003	009006	13	17.0	3.0	0,833	true	[009003, 009000, 009002, 009004, 009001, 009007, 009006]
3336	9	009003	009006	14	16.0	5.0	0,903	true	[009003, 009000, 009002, 009005, 009007, 009001, 009006]
3337	9	009003	009006	15	16.0	4.0	0,922	true	[009003, 009000, 009002, 009005, 009007, 009006]
3338	9	009003	009006	16	17.0	6.0	0,894	true	[009003, 009000, 009002, 009006]
3339	9	009003	009006	17	17.0	3.0	0,885	true	[009003, 009000, 009002, 009007, 009001, 009006]
3340	9	009003	009006	18	17.0	3.0	0,904	true	[009003, 009000, 009002, 009007, 009006]
3341	9	009003	009006	19	5.0	4.0	0,913	true	[009003, 009000, 009005, 009002, 009001, 009006]
3342	9	009003	009006	20	5.0	4.0	0,859	true	[009003, 009000, 009005, 009002, 009001, 009007, 009006]
3343	9	009003	009006	21	16.0	3.0	0,876	true	[009003, 009000, 009005, 009002, 009004, 009001, 009006]
3344	9	009003	009006	22	16.0	3.0	0,824	true	[009003, 009000, 009005, 009002, 009004, 009001, 009007, 009006]
3345	9	009003	009006	23	16.0	7.0	0,885	true	[009003, 009000, 009005, 009002, 009006]
3346	9	009003	009006	24	16.0	3.0	0,876	true	[009003, 009000, 009005, 009002, 009007, 009001, 009006]
3347	9	009003	009006	25	16.0	3.0	0,894	true	[009003, 009000, 009005, 009002, 009007, 009006]
3348	9	009003	009006	26	5.0	4.0	0,832	true	[009003, 009000, 009005, 009007, 009001, 009002, 009006]
3349	9	009003	009006	27	17.0	3.0	0,799	true	[009003, 009000, 009005, 009007, 009001, 009004, 009002, 009006]
3350	9	009003	009006	28	17.0	5.0	0,894	true	[009003, 009000, 009005, 009007, 009001, 009006]
3351	9	009003	009006	29	5.0	3.0	0,894	true	[009003, 009000, 009005, 009007, 009002, 009001, 009006]
3352	9	009003	009006	30	17.0	3.0	0,858	true	[009003, 009000, 009005, 009007, 009002, 009004, 009001, 009006]
3353	9	009003	009006	31	17.0	3.0	0,867	true	[009003, 009000, 009005, 009007, 009002, 009006]
3354	9	009003	009006	32	17.0	4.0	0,913	true	[009003, 009000, 009005, 009007, 009006]
3355	9	009003	009006	33	17.0	5.0	0,951	true	[009003, 009000, 009006]
3356	9	009003	009006	34	21.0	4.0	0,913	true	[009003, 009002, 009000, 009001, 009006]
3357	9	009003	009006	35	21.0	4.0	0,859	true	[009003, 009002, 009000, 009001, 009007, 009006]
3358	9	009003	009006	36	21.0	5.0	0,867	true	[009003, 009002, 009000, 009005, 009007, 009001, 009006]
3359	9	009003	009006	37	21.0	4.0	0,885	true	[009003, 009002, 009000, 009005, 009007, 009006]
3360	9	009003	009006	38	21.0	5.0	0,922	true	[009003, 009002, 009000, 009006]
3361	9	009003	009006	39	5.0	4.0	0,867	true	[009003, 009002, 009001, 009000, 009005, 009007, 009006]
3362	9	009003	009006	40	5.0	4.0	0,904	true	[009003, 009002, 009001, 009000, 009006]
3363	9	009003	009006	41	5.0	4.0	0,951	true	[009003, 009002, 009001, 009006]
3364	9	009003	009006	42	5.0	4.0	0,859	true	[009003, 009002, 009001, 009007, 009005, 009000, 009006]
3365	9	009003	009006	43	5.0	4.0	0,894	true	[009003, 009002, 009001, 009007, 009006]
3366	9	009003	009006	44	35.0	3.0	0,833	true	[009003, 009002, 009004, 009001, 009000, 009005, 009007, 009006]
3367	9	009003	009006	45	35.0	3.0	0,867	true	[009003, 009002, 009004, 009001, 009000, 009006]
3368	9	009003	009006	46	35.0	3.0	0,912	true	[009003, 009002, 009004, 009001, 009006]
3369	9	009003	009006	47	35.0	3.0	0,824	true	[009003, 009002, 009004, 009001, 009007, 009005, 009000, 009006]
3370	9	009003	009006	48	35.0	3.0	0,858	true	[009003, 009002, 009004, 009001, 009007, 009006]
3371	9	009003	009006	49	16.0	4.0	0,903	true	[009003, 009002, 009005, 009000, 009001, 009006]
3372	9	009003	009006	50	16.0	4.0	0,850	true	[009003, 009002, 009005, 009000, 009001, 009007, 009006]
3373	9	009003	009006	51	16.0	5.0	0,913	true	[009003, 009002, 009005, 009000, 009006]
3374	9	009003	009006	52	16.0	4.0	0,885	true	[009003, 009002, 009005, 009007, 009001, 009000, 009006]
3375	9	009003	009006	53	16.0	5.0	0,931	true	[009003, 009002, 009005, 009007, 009001, 009006]
3376	9	009003	009006	54	16.0	4.0	0,951	true	[009003, 009002, 009005, 009007, 009006]
3377	9	009003	009006	55	37.0	9.0	0,922	true	[009003, 009002, 009006]
3378	9	009003	009006	56	43.0	3.0	0,867	true	[009003, 009002, 009007, 009001, 009000, 009006]
3379	9	009003	009006	57	43.0	3.0	0,913	true	[009003, 009002, 009007, 009001, 009006]
3380	9	009003	009006	58	43.0	3.0	0,885	true	[009003, 009002, 009007, 009005, 009000, 009001, 009006]
3381	9	009003	009006	59	43.0	3.0	0,894	true	[009003, 009002, 009007, 009005, 009000, 009006]
3382	9	009003	009006	60	43.0	3.0	0,932	true	[009003, 009002, 009007, 009006]
3383	10	010005	010006	0	24.0	5.0	0,824	true	[010005, 010001, 010003, 010000, 010002, 010004, 010006]
3384	10	010005	010006	1	24.0	3.0	0,791	true	[010005, 010001, 010003, 010000, 010002, 010004, 010007, 010006]
3385	10	010005	010006	2	24.0	3.0	0,791	true	[010005, 010001, 010003, 010000, 010002, 010007, 010004, 010006]
3386	10	010005	010006	3	24.0	5.0	0,824	true	[010005, 010001, 010003, 010000, 010002, 010007, 010006]
3387	10	010005	010006	4	24.0	5.0	0,850	true	[010005, 010001, 010003, 010000, 010004, 010002, 010007, 010006]
3388	10	010005	010006	5	24.0	5.0	0,850	true	[010005, 010001, 010003, 010000, 010004, 010006]
3389	10	010005	010006	6	24.0	3.0	0,816	true	[010005, 010001, 010003, 010000, 010004, 010007, 010006]
3390	10	010005	010006	7	24.0	5.0	0,903	true	[010005, 010001, 010003, 010000, 010006]
3391	10	010005	010006	8	22.0	7.0	0,885	true	[010005, 010001, 010003, 010006]
3392	10	010005	010006	9	25.0	5.0	0,824	true	[010005, 010001, 010003, 010007, 010002, 010000, 010004, 010006]
3393	10	010005	010006	10	29.0	5.0	0,876	true	[010005, 010001, 010003, 010007, 010002, 010000, 010006]
3394	10	010005	010006	11	25.0	5.0	0,903	true	[010005, 010001, 010003, 010007, 010002, 010004, 010000, 010006]
3395	10	010005	010006	12	29.0	6.0	0,885	true	[010005, 010001, 010003, 010007, 010002, 010004, 010006]
3396	10	010005	010006	13	25.0	3.0	0,867	true	[010005, 010001, 010003, 010007, 010004, 010000, 010006]
3397	10	010005	010006	14	29.0	3.0	0,841	true	[010005, 010001, 010003, 010007, 010004, 010002, 010000, 010006]
3398	10	010005	010006	15	37.0	3.0	0,850	true	[010005, 010001, 010003, 010007, 010004, 010006]
3399	10	010005	010006	16	37.0	6.0	0,885	true	[010005, 010001, 010003, 010007, 010006]
3400	10	010005	010006	17	12.0	5.0	0,799	true	[010005, 010001, 010004, 010000, 010002, 010007, 010003, 010006]
3401	10	010005	010006	18	12.0	5.0	0,815	true	[010005, 010001, 010004, 010000, 010002, 010007, 010006]
3402	10	010005	010006	19	12.0	5.0	0,824	true	[010005, 010001, 010004, 010000, 010003, 010006]
3403	10	010005	010006	20	12.0	5.0	0,824	true	[010005, 010001, 010004, 010000, 010003, 010007, 010006]
3404	10	010005	010006	21	12.0	5.0	0,894	true	[010005, 010001, 010004, 010000, 010006]
3405	10	010005	010006	22	12.0	5.0	0,798	true	[010005, 010001, 010004, 010002, 010000, 010003, 010006]
3406	10	010005	010006	23	12.0	5.0	0,799	true	[010005, 010001, 010004, 010002, 010000, 010003, 010007, 010006]
3407	10	010005	010006	24	12.0	5.0	0,866	true	[010005, 010001, 010004, 010002, 010000, 010006]
3408	10	010005	010006	25	12.0	5.0	0,876	true	[010005, 010001, 010004, 010002, 010007, 010003, 010000, 010006]
3409	10	010005	010006	26	12.0	6.0	0,858	true	[010005, 010001, 010004, 010002, 010007, 010003, 010006]
3410	10	010005	010006	27	12.0	6.0	0,876	true	[010005, 010001, 010004, 010002, 010007, 010006]
3411	10	010005	010006	28	12.0	7.0	0,876	true	[010005, 010001, 010004, 010006]
3412	10	010005	010006	29	12.0	3.0	0,766	true	[010005, 010001, 010004, 010007, 010002, 010000, 010003, 010006]
3413	10	010005	010006	30	12.0	3.0	0,832	true	[010005, 010001, 010004, 010007, 010002, 010000, 010006]
3414	10	010005	010006	31	12.0	3.0	0,841	true	[010005, 010001, 010004, 010007, 010003, 010000, 010006]
3415	10	010005	010006	32	12.0	3.0	0,823	true	[010005, 010001, 010004, 010007, 010003, 010006]
3416	10	010005	010006	33	12.0	3.0	0,840	true	[010005, 010001, 010004, 010007, 010006]
3417	10	010005	010006	34	31.0	7.0	0,931	true	[010005, 010001, 010006]
3418	10	010005	010006	35	22.0	5.0	0,832	true	[010005, 010001, 010007, 010002, 010000, 010003, 010006]
3419	10	010005	010006	36	24.0	5.0	0,849	true	[010005, 010001, 010007, 010002, 010000, 010004, 010006]
3420	10	010005	010006	37	24.0	5.0	0,903	true	[010005, 010001, 010007, 010002, 010000, 010006]
3421	10	010005	010006	38	22.0	5.0	0,858	true	[010005, 010001, 010007, 010002, 010004, 010000, 010003, 010006]
3422	10	010005	010006	39	24.0	5.0	0,931	true	[010005, 010001, 010007, 010002, 010004, 010000, 010006]
3423	10	010005	010006	40	24.0	6.0	0,912	true	[010005, 010001, 010007, 010002, 010004, 010006]
3424	10	010005	010006	41	24.0	5.0	0,832	true	[010005, 010001, 010007, 010003, 010000, 010002, 010004, 010006]
3425	10	010005	010006	42	24.0	5.0	0,859	true	[010005, 010001, 010007, 010003, 010000, 010004, 010006]
3426	10	010005	010006	43	24.0	5.0	0,913	true	[010005, 010001, 010007, 010003, 010000, 010006]
3427	10	010005	010006	44	22.0	6.0	0,894	true	[010005, 010001, 010007, 010003, 010006]
3428	10	010005	010006	45	22.0	3.0	0,824	true	[010005, 010001, 010007, 010004, 010000, 010003, 010006]
3429	10	010005	010006	46	24.0	3.0	0,894	true	[010005, 010001, 010007, 010004, 010000, 010006]
3430	10	010005	010006	47	22.0	3.0	0,799	true	[010005, 010001, 010007, 010004, 010002, 010000, 010003, 010006]
3431	10	010005	010006	48	24.0	3.0	0,867	true	[010005, 010001, 010007, 010004, 010002, 010000, 010006]
3432	10	010005	010006	49	24.0	3.0	0,876	true	[010005, 010001, 010007, 010004, 010006]
3433	10	010005	010006	50	24.0	7.0	0,912	true	[010005, 010001, 010007, 010006]
3434	10	010005	010006	51	12.0	5.0	0,849	true	[010005, 010003, 010000, 010002, 010004, 010001, 010006]
3435	10	010005	010006	52	12.0	5.0	0,832	true	[010005, 010003, 010000, 010002, 010004, 010001, 010007, 010006]
3436	10	010005	010006	53	14.0	5.0	0,885	true	[010005, 010003, 010000, 010002, 010004, 010006]
3437	10	010005	010006	54	14.0	3.0	0,850	true	[010005, 010003, 010000, 010002, 010004, 010007, 010001, 010006]
3438	10	010005	010006	55	14.0	3.0	0,849	true	[010005, 010003, 010000, 010002, 010004, 010007, 010006]
3439	10	010005	010006	56	12.0	5.0	0,832	true	[010005, 010003, 010000, 010002, 010007, 010001, 010004, 010006]
3440	10	010005	010006	57	14.0	5.0	0,885	true	[010005, 010003, 010000, 010002, 010007, 010001, 010006]
3441	10	010005	010006	58	12.0	3.0	0,815	true	[010005, 010003, 010000, 010002, 010007, 010004, 010001, 010006]
3442	10	010005	010006	59	14.0	3.0	0,849	true	[010005, 010003, 010000, 010002, 010007, 010004, 010006]
3443	10	010005	010006	60	14.0	5.0	0,885	true	[010005, 010003, 010000, 010002, 010007, 010006]
3444	10	010005	010006	61	12.0	5.0	0,876	true	[010005, 010003, 010000, 010004, 010001, 010006]
3445	10	010005	010006	62	12.0	5.0	0,858	true	[010005, 010003, 010000, 010004, 010001, 010007, 010006]
3446	10	010005	010006	63	14.0	5.0	0,913	true	[010005, 010003, 010000, 010004, 010002, 010007, 010001, 010006]
3447	10	010005	010006	64	14.0	5.0	0,913	true	[010005, 010003, 010000, 010004, 010002, 010007, 010006]
3448	10	010005	010006	65	14.0	5.0	0,913	true	[010005, 010003, 010000, 010004, 010006]
3449	10	010005	010006	66	14.0	3.0	0,876	true	[010005, 010003, 010000, 010004, 010007, 010001, 010006]
3450	10	010005	010006	67	14.0	3.0	0,876	true	[010005, 010003, 010000, 010004, 010007, 010006]
3451	10	010005	010006	68	14.0	5.0	0,970	true	[010005, 010003, 010000, 010006]
3452	10	010005	010006	69	12.0	5.0	0,824	true	[010005, 010003, 010001, 010004, 010000, 010002, 010007, 010006]
3453	10	010005	010006	70	12.0	5.0	0,903	true	[010005, 010003, 010001, 010004, 010000, 010006]
3454	10	010005	010006	71	12.0	5.0	0,875	true	[010005, 010003, 010001, 010004, 010002, 010000, 010006]
3455	10	010005	010006	72	12.0	6.0	0,885	true	[010005, 010003, 010001, 010004, 010002, 010007, 010006]
3456	10	010005	010006	73	12.0	7.0	0,885	true	[010005, 010003, 010001, 010004, 010006]
3457	10	010005	010006	74	12.0	3.0	0,840	true	[010005, 010003, 010001, 010004, 010007, 010002, 010000, 010006]
3458	10	010005	010006	75	12.0	3.0	0,849	true	[010005, 010003, 010001, 010004, 010007, 010006]
3459	10	010005	010006	76	14.0	7.0	0,941	true	[010005, 010003, 010001, 010006]
3460	10	010005	010006	77	14.0	5.0	0,858	true	[010005, 010003, 010001, 010007, 010002, 010000, 010004, 010006]
3461	10	010005	010006	78	14.0	5.0	0,912	true	[010005, 010003, 010001, 010007, 010002, 010000, 010006]
3462	10	010005	010006	79	14.0	5.0	0,941	true	[010005, 010003, 010001, 010007, 010002, 010004, 010000, 010006]
3463	10	010005	010006	80	14.0	6.0	0,922	true	[010005, 010003, 010001, 010007, 010002, 010004, 010006]
3464	10	010005	010006	81	14.0	3.0	0,903	true	[010005, 010003, 010001, 010007, 010004, 010000, 010006]
3465	10	010005	010006	82	14.0	3.0	0,876	true	[010005, 010003, 010001, 010007, 010004, 010002, 010000, 010006]
3466	10	010005	010006	83	14.0	3.0	0,885	true	[010005, 010003, 010001, 010007, 010004, 010006]
3467	10	010005	010006	84	14.0	7.0	0,922	true	[010005, 010003, 010001, 010007, 010006]
3468	10	010005	010006	85	14.0	9.0	0,950	true	[010005, 010003, 010006]
3469	10	010005	010006	86	12.0	5.0	0,912	true	[010005, 010003, 010007, 010001, 010004, 010000, 010006]
3470	10	010005	010006	87	12.0	5.0	0,885	true	[010005, 010003, 010007, 010001, 010004, 010002, 010000, 010006]
3471	10	010005	010006	88	12.0	6.0	0,894	true	[010005, 010003, 010007, 010001, 010004, 010006]
3472	10	010005	010006	89	14.0	6.0	0,951	true	[010005, 010003, 010007, 010001, 010006]
3473	10	010005	010006	90	12.0	5.0	0,849	true	[010005, 010003, 010007, 010002, 010000, 010004, 010001, 010006]
3474	10	010005	010006	91	14.0	5.0	0,885	true	[010005, 010003, 010007, 010002, 010000, 010004, 010006]
3475	10	010005	010006	92	14.0	5.0	0,941	true	[010005, 010003, 010007, 010002, 010000, 010006]
3476	10	010005	010006	93	14.0	5.0	0,970	true	[010005, 010003, 010007, 010002, 010004, 010000, 010006]
3477	10	010005	010006	94	12.0	6.0	0,912	true	[010005, 010003, 010007, 010002, 010004, 010001, 010006]
3478	10	010005	010006	95	14.0	6.0	0,950	true	[010005, 010003, 010007, 010002, 010004, 010006]
3479	10	010005	010006	96	14.0	3.0	0,931	true	[010005, 010003, 010007, 010004, 010000, 010006]
3480	10	010005	010006	97	12.0	3.0	0,876	true	[010005, 010003, 010007, 010004, 010001, 010006]
3481	10	010005	010006	98	14.0	3.0	0,903	true	[010005, 010003, 010007, 010004, 010002, 010000, 010006]
3482	10	010005	010006	99	14.0	3.0	0,912	true	[010005, 010003, 010007, 010004, 010006]
3483	10	010005	010006	100	14.0	6.0	0,950	true	[010005, 010003, 010007, 010006]
3484	10	010005	010006	101	36.0	10.0	0,990	true	[010005, 010006]
3485	11	011002	011003	0	5.0	4.0	0,960	true	[011002, 011000, 011001, 011003]
3486	11	011002	011003	1	5.0	3.0	0,951	true	[011002, 011000, 011001, 011004, 011003]
3487	11	011002	011003	2	5.0	3.0	0,931	true	[011002, 011000, 011001, 011004, 011005, 011003]
3488	11	011002	011003	3	5.0	3.0	0,960	true	[011002, 011000, 011001, 011004, 011005, 011006, 011003]
3489	11	011002	011003	4	5.0	3.0	0,931	true	[011002, 011000, 011001, 011004, 011006, 011003]
3490	11	011002	011003	5	5.0	3.0	0,885	true	[011002, 011000, 011001, 011004, 011006, 011005, 011003]
3491	11	011002	011003	6	5.0	3.0	0,922	true	[011002, 011000, 011001, 011004, 011007, 011006, 011003]
3492	11	011002	011003	7	5.0	3.0	0,876	true	[011002, 011000, 011001, 011004, 011007, 011006, 011005, 011003]
3493	11	011002	011003	8	5.0	4.0	0,894	true	[011002, 011000, 011001, 011005, 011003]
3494	11	011002	011003	9	5.0	3.0	0,913	true	[011002, 011000, 011001, 011005, 011004, 011003]
3495	11	011002	011003	10	5.0	3.0	0,894	true	[011002, 011000, 011001, 011005, 011004, 011006, 011003]
3496	11	011002	011003	11	5.0	3.0	0,885	true	[011002, 011000, 011001, 011005, 011004, 011007, 011006, 011003]
3497	11	011002	011003	12	5.0	4.0	0,922	true	[011002, 011000, 011001, 011005, 011006, 011003]
3498	11	011002	011003	13	5.0	4.0	0,867	true	[011002, 011000, 011001, 011005, 011006, 011004, 011003]
3499	11	011002	011003	14	5.0	4.0	0,859	true	[011002, 011000, 011001, 011005, 011006, 011007, 011004, 011003]
3500	11	011002	011003	15	5.0	4.0	0,951	true	[011002, 011000, 011001, 011006, 011003]
3501	11	011002	011003	16	5.0	4.0	0,894	true	[011002, 011000, 011001, 011006, 011004, 011003]
3502	11	011002	011003	17	5.0	3.0	0,876	true	[011002, 011000, 011001, 011006, 011004, 011005, 011003]
3503	11	011002	011003	18	5.0	4.0	0,903	true	[011002, 011000, 011001, 011006, 011005, 011003]
3504	11	011002	011003	19	5.0	3.0	0,922	true	[011002, 011000, 011001, 011006, 011005, 011004, 011003]
3505	11	011002	011003	20	5.0	4.0	0,886	true	[011002, 011000, 011001, 011006, 011007, 011004, 011003]
3506	11	011002	011003	21	5.0	3.0	0,867	true	[011002, 011000, 011001, 011006, 011007, 011004, 011005, 011003]
3507	11	011002	011003	22	41.0	4.0	0,951	true	[011002, 011000, 011003]
3508	11	011002	011003	23	9.0	3.0	0,922	true	[011002, 011000, 011004, 011001, 011003]
3509	11	011002	011003	24	9.0	3.0	0,858	true	[011002, 011000, 011004, 011001, 011005, 011003]
3510	11	011002	011003	25	9.0	3.0	0,885	true	[011002, 011000, 011004, 011001, 011005, 011006, 011003]
3511	11	011002	011003	26	9.0	3.0	0,913	true	[011002, 011000, 011004, 011001, 011006, 011003]
3512	11	011002	011003	27	9.0	3.0	0,867	true	[011002, 011000, 011004, 011001, 011006, 011005, 011003]
3513	11	011002	011003	28	9.0	4.0	0,913	true	[011002, 011000, 011004, 011003]
3514	11	011002	011003	29	9.0	3.0	0,885	true	[011002, 011000, 011004, 011005, 011001, 011003]
3515	11	011002	011003	30	9.0	3.0	0,876	true	[011002, 011000, 011004, 011005, 011001, 011006, 011003]
3516	11	011002	011003	31	9.0	3.0	0,894	true	[011002, 011000, 011004, 011005, 011003]
3517	11	011002	011003	32	9.0	3.0	0,894	true	[011002, 011000, 011004, 011005, 011006, 011001, 011003]
3518	11	011002	011003	33	9.0	3.0	0,922	true	[011002, 011000, 011004, 011005, 011006, 011003]
3519	11	011002	011003	34	9.0	4.0	0,867	true	[011002, 011000, 011004, 011006, 011001, 011003]
3520	11	011002	011003	35	9.0	4.0	0,807	true	[011002, 011000, 011004, 011006, 011001, 011005, 011003]
3521	11	011002	011003	36	9.0	4.0	0,894	true	[011002, 011000, 011004, 011006, 011003]
3522	11	011002	011003	37	9.0	4.0	0,841	true	[011002, 011000, 011004, 011006, 011005, 011001, 011003]
3523	11	011002	011003	38	9.0	4.0	0,850	true	[011002, 011000, 011004, 011006, 011005, 011003]
3524	11	011002	011003	39	8.0	4.0	0,859	true	[011002, 011000, 011004, 011007, 011006, 011001, 011003]
3525	11	011002	011003	40	8.0	4.0	0,799	true	[011002, 011000, 011004, 011007, 011006, 011001, 011005, 011003]
3526	11	011002	011003	41	8.0	4.0	0,885	true	[011002, 011000, 011004, 011007, 011006, 011003]
3527	11	011002	011003	42	8.0	4.0	0,833	true	[011002, 011000, 011004, 011007, 011006, 011005, 011001, 011003]
3528	11	011002	011003	43	8.0	4.0	0,841	true	[011002, 011000, 011004, 011007, 011006, 011005, 011003]
3529	11	011002	011003	44	19.0	4.0	0,876	true	[011002, 011000, 011005, 011001, 011003]
3530	11	011002	011003	45	19.0	3.0	0,867	true	[011002, 011000, 011005, 011001, 011004, 011003]
3531	11	011002	011003	46	13.0	3.0	0,849	true	[011002, 011000, 011005, 011001, 011004, 011006, 011003]
3532	11	011002	011003	47	8.0	3.0	0,841	true	[011002, 011000, 011005, 011001, 011004, 011007, 011006, 011003]
3533	11	011002	011003	48	13.0	4.0	0,867	true	[011002, 011000, 011005, 011001, 011006, 011003]
3534	11	011002	011003	49	19.0	4.0	0,816	true	[011002, 011000, 011005, 011001, 011006, 011004, 011003]
3535	11	011002	011003	50	8.0	4.0	0,808	true	[011002, 011000, 011005, 011001, 011006, 011007, 011004, 011003]
3536	11	011002	011003	51	27.0	4.0	0,885	true	[011002, 011000, 011005, 011003]
3537	11	011002	011003	52	34.0	3.0	0,912	true	[011002, 011000, 011005, 011004, 011001, 011003]
3538	11	011002	011003	53	13.0	3.0	0,903	true	[011002, 011000, 011005, 011004, 011001, 011006, 011003]
3539	11	011002	011003	54	41.0	3.0	0,903	true	[011002, 011000, 011005, 011004, 011003]
3540	11	011002	011003	55	41.0	3.0	0,858	true	[011002, 011000, 011005, 011004, 011006, 011001, 011003]
3541	11	011002	011003	56	13.0	3.0	0,885	true	[011002, 011000, 011005, 011004, 011006, 011003]
3542	11	011002	011003	57	8.0	3.0	0,850	true	[011002, 011000, 011005, 011004, 011007, 011006, 011001, 011003]
3543	11	011002	011003	58	8.0	3.0	0,876	true	[011002, 011000, 011005, 011004, 011007, 011006, 011003]
3544	11	011002	011003	59	41.0	4.0	0,885	true	[011002, 011000, 011005, 011006, 011001, 011003]
3545	11	011002	011003	60	34.0	3.0	0,876	true	[011002, 011000, 011005, 011006, 011001, 011004, 011003]
3546	11	011002	011003	61	13.0	4.0	0,912	true	[011002, 011000, 011005, 011006, 011003]
3547	11	011002	011003	62	34.0	3.0	0,867	true	[011002, 011000, 011005, 011006, 011004, 011001, 011003]
3548	11	011002	011003	63	41.0	4.0	0,858	true	[011002, 011000, 011005, 011006, 011004, 011003]
3549	11	011002	011003	64	8.0	3.0	0,859	true	[011002, 011000, 011005, 011006, 011007, 011004, 011001, 011003]
3550	11	011002	011003	65	8.0	4.0	0,850	true	[011002, 011000, 011005, 011006, 011007, 011004, 011003]
3551	11	011002	011003	66	32.0	4.0	0,932	true	[011002, 011000, 011006, 011001, 011003]
3552	11	011002	011003	67	32.0	3.0	0,922	true	[011002, 011000, 011006, 011001, 011004, 011003]
3553	11	011002	011003	68	27.0	3.0	0,903	true	[011002, 011000, 011006, 011001, 011004, 011005, 011003]
3554	11	011002	011003	69	19.0	4.0	0,867	true	[011002, 011000, 011006, 011001, 011005, 011003]
3555	11	011002	011003	70	19.0	3.0	0,885	true	[011002, 011000, 011006, 011001, 011005, 011004, 011003]
3556	11	011002	011003	71	13.0	4.0	0,960	true	[011002, 011000, 011006, 011003]
3557	11	011002	011003	72	32.0	3.0	0,913	true	[011002, 011000, 011006, 011004, 011001, 011003]
3558	11	011002	011003	73	19.0	3.0	0,850	true	[011002, 011000, 011006, 011004, 011001, 011005, 011003]
3559	11	011002	011003	74	32.0	4.0	0,903	true	[011002, 011000, 011006, 011004, 011003]
3560	11	011002	011003	75	19.0	3.0	0,876	true	[011002, 011000, 011006, 011004, 011005, 011001, 011003]
3561	11	011002	011003	76	27.0	3.0	0,885	true	[011002, 011000, 011006, 011004, 011005, 011003]
3562	11	011002	011003	77	19.0	4.0	0,904	true	[011002, 011000, 011006, 011005, 011001, 011003]
3563	11	011002	011003	78	19.0	3.0	0,894	true	[011002, 011000, 011006, 011005, 011001, 011004, 011003]
3564	11	011002	011003	79	27.0	4.0	0,913	true	[011002, 011000, 011006, 011005, 011003]
3565	11	011002	011003	80	32.0	3.0	0,941	true	[011002, 011000, 011006, 011005, 011004, 011001, 011003]
3566	11	011002	011003	81	32.0	3.0	0,932	true	[011002, 011000, 011006, 011005, 011004, 011003]
3567	11	011002	011003	82	8.0	3.0	0,904	true	[011002, 011000, 011006, 011007, 011004, 011001, 011003]
3568	11	011002	011003	83	8.0	3.0	0,841	true	[011002, 011000, 011006, 011007, 011004, 011001, 011005, 011003]
3569	11	011002	011003	84	8.0	4.0	0,895	true	[011002, 011000, 011006, 011007, 011004, 011003]
3570	11	011002	011003	85	8.0	3.0	0,868	true	[011002, 011000, 011006, 011007, 011004, 011005, 011001, 011003]
3571	11	011002	011003	86	8.0	3.0	0,876	true	[011002, 011000, 011006, 011007, 011004, 011005, 011003]
3572	11	011002	011003	87	18.0	3.0	0,903	true	[011002, 011000, 011007, 011004, 011001, 011003]
3573	11	011002	011003	88	18.0	3.0	0,841	true	[011002, 011000, 011007, 011004, 011001, 011005, 011003]
3574	11	011002	011003	89	13.0	3.0	0,867	true	[011002, 011000, 011007, 011004, 011001, 011005, 011006, 011003]
3575	11	011002	011003	90	13.0	3.0	0,894	true	[011002, 011000, 011007, 011004, 011001, 011006, 011003]
3576	11	011002	011003	91	18.0	3.0	0,850	true	[011002, 011000, 011007, 011004, 011001, 011006, 011005, 011003]
3577	11	011002	011003	92	18.0	4.0	0,894	true	[011002, 011000, 011007, 011004, 011003]
3578	11	011002	011003	93	18.0	3.0	0,867	true	[011002, 011000, 011007, 011004, 011005, 011001, 011003]
3579	11	011002	011003	94	13.0	3.0	0,859	true	[011002, 011000, 011007, 011004, 011005, 011001, 011006, 011003]
3580	11	011002	011003	95	18.0	3.0	0,876	true	[011002, 011000, 011007, 011004, 011005, 011003]
3581	11	011002	011003	96	18.0	3.0	0,877	true	[011002, 011000, 011007, 011004, 011005, 011006, 011001, 011003]
3582	11	011002	011003	97	13.0	3.0	0,903	true	[011002, 011000, 011007, 011004, 011005, 011006, 011003]
3583	11	011002	011003	98	18.0	4.0	0,850	true	[011002, 011000, 011007, 011004, 011006, 011001, 011003]
3584	11	011002	011003	99	18.0	4.0	0,791	true	[011002, 011000, 011007, 011004, 011006, 011001, 011005, 011003]
3585	11	011002	011003	100	13.0	4.0	0,876	true	[011002, 011000, 011007, 011004, 011006, 011003]
3586	11	011002	011003	101	27.0	10.0	0,970	true	[011002, 011003]
3587	12	012004	012003	0	51.0	4.0	0,912	true	[012004, 012000, 012001, 012002, 012003]
3588	12	012004	012003	1	23.0	4.0	0,876	true	[012004, 012000, 012001, 012002, 012006, 012005, 012003]
3589	12	012004	012003	2	52.0	4.0	0,894	true	[012004, 012000, 012001, 012002, 012006, 012007, 012003]
3590	12	012004	012003	3	10.0	4.0	0,903	true	[012004, 012000, 012001, 012002, 012007, 012003]
3591	12	012004	012003	4	10.0	4.0	0,885	true	[012004, 012000, 012001, 012002, 012007, 012006, 012005, 012003]
3592	12	012004	012003	5	28.0	4.0	0,894	true	[012004, 012000, 012001, 012005, 012003]
3593	12	012004	012003	6	23.0	4.0	0,841	true	[012004, 012000, 012001, 012005, 012006, 012002, 012003]
3594	12	012004	012003	7	10.0	4.0	0,833	true	[012004, 012000, 012001, 012005, 012006, 012002, 012007, 012003]
3595	12	012004	012003	8	10.0	4.0	0,850	true	[012004, 012000, 012001, 012005, 012006, 012007, 012002, 012003]
3596	12	012004	012003	9	23.0	4.0	0,858	true	[012004, 012000, 012001, 012005, 012006, 012007, 012003]
3597	12	012004	012003	10	36.0	4.0	0,885	true	[012004, 012000, 012001, 012006, 012002, 012003]
3598	12	012004	012003	11	10.0	4.0	0,876	true	[012004, 012000, 012001, 012006, 012002, 012007, 012003]
3599	12	012004	012003	12	23.0	4.0	0,885	true	[012004, 012000, 012001, 012006, 012005, 012003]
3600	12	012004	012003	13	10.0	4.0	0,894	true	[012004, 012000, 012001, 012006, 012007, 012002, 012003]
3601	12	012004	012003	14	36.0	4.0	0,903	true	[012004, 012000, 012001, 012006, 012007, 012003]
3602	12	012004	012003	15	10.0	4.0	0,867	true	[012004, 012000, 012001, 012007, 012002, 012003]
3603	12	012004	012003	16	10.0	4.0	0,833	true	[012004, 012000, 012001, 012007, 012002, 012006, 012005, 012003]
3604	12	012004	012003	17	56.0	4.0	0,876	true	[012004, 012000, 012001, 012007, 012003]
3605	12	012004	012003	18	51.0	4.0	0,858	true	[012004, 012000, 012001, 012007, 012006, 012002, 012003]
3606	12	012004	012003	19	23.0	4.0	0,858	true	[012004, 012000, 012001, 012007, 012006, 012005, 012003]
3607	12	012004	012003	20	45.0	3.0	0,912	true	[012004, 012000, 012003]
3608	12	012004	012003	21	28.0	7.0	0,894	true	[012004, 012000, 012005, 012001, 012002, 012003]
3609	12	012004	012003	22	28.0	5.0	0,876	true	[012004, 012000, 012005, 012001, 012002, 012006, 012007, 012003]
3610	12	012004	012003	23	10.0	5.0	0,885	true	[012004, 012000, 012005, 012001, 012002, 012007, 012003]
3611	12	012004	012003	24	28.0	7.0	0,868	true	[012004, 012000, 012005, 012001, 012006, 012002, 012003]
3612	12	012004	012003	25	10.0	5.0	0,859	true	[012004, 012000, 012005, 012001, 012006, 012002, 012007, 012003]
3613	12	012004	012003	26	10.0	7.0	0,876	true	[012004, 012000, 012005, 012001, 012006, 012007, 012002, 012003]
3614	12	012004	012003	27	28.0	5.0	0,885	true	[012004, 012000, 012005, 012001, 012006, 012007, 012003]
3615	12	012004	012003	28	10.0	6.0	0,850	true	[012004, 012000, 012005, 012001, 012007, 012002, 012003]
3616	12	012004	012003	29	28.0	5.0	0,858	true	[012004, 012000, 012005, 012001, 012007, 012003]
3617	12	012004	012003	30	28.0	6.0	0,841	true	[012004, 012000, 012005, 012001, 012007, 012006, 012002, 012003]
3618	12	012004	012003	31	36.0	6.0	0,931	true	[012004, 012000, 012005, 012003]
3619	12	012004	012003	32	23.0	7.0	0,885	true	[012004, 012000, 012005, 012006, 012001, 012002, 012003]
3620	12	012004	012003	33	10.0	5.0	0,876	true	[012004, 012000, 012005, 012006, 012001, 012002, 012007, 012003]
3621	12	012004	012003	34	10.0	6.0	0,841	true	[012004, 012000, 012005, 012006, 012001, 012007, 012002, 012003]
3622	12	012004	012003	35	23.0	5.0	0,850	true	[012004, 012000, 012005, 012006, 012001, 012007, 012003]
3623	12	012004	012003	36	23.0	5.0	0,841	true	[012004, 012000, 012005, 012006, 012002, 012001, 012007, 012003]
3624	12	012004	012003	37	23.0	7.0	0,876	true	[012004, 012000, 012005, 012006, 012002, 012003]
3625	12	012004	012003	38	10.0	5.0	0,868	true	[012004, 012000, 012005, 012006, 012002, 012007, 012003]
3626	12	012004	012003	39	23.0	6.0	0,858	true	[012004, 012000, 012005, 012006, 012007, 012001, 012002, 012003]
3627	12	012004	012003	40	10.0	7.0	0,885	true	[012004, 012000, 012005, 012006, 012007, 012002, 012003]
3628	12	012004	012003	41	23.0	5.0	0,894	true	[012004, 012000, 012005, 012006, 012007, 012003]
3629	12	012004	012003	42	36.0	7.0	0,894	true	[012004, 012000, 012006, 012001, 012002, 012003]
3630	12	012004	012003	43	10.0	5.0	0,885	true	[012004, 012000, 012006, 012001, 012002, 012007, 012003]
3631	12	012004	012003	44	28.0	6.0	0,876	true	[012004, 012000, 012006, 012001, 012005, 012003]
3632	12	012004	012003	45	10.0	6.0	0,850	true	[012004, 012000, 012006, 012001, 012007, 012002, 012003]
3633	12	012004	012003	46	36.0	5.0	0,858	true	[012004, 012000, 012006, 012001, 012007, 012003]
3634	12	012004	012003	47	28.0	6.0	0,867	true	[012004, 012000, 012006, 012002, 012001, 012005, 012003]
3635	12	012004	012003	48	52.0	5.0	0,849	true	[012004, 012000, 012006, 012002, 012001, 012007, 012003]
3636	12	012004	012003	49	51.0	7.0	0,885	true	[012004, 012000, 012006, 012002, 012003]
3637	12	012004	012003	50	10.0	6.0	0,824	true	[012004, 012000, 012006, 012002, 012007, 012001, 012005, 012003]
3638	12	012004	012003	51	10.0	5.0	0,876	true	[012004, 012000, 012006, 012002, 012007, 012003]
3639	12	012004	012003	52	23.0	8.0	0,850	true	[012004, 012000, 012006, 012005, 012001, 012002, 012003]
3640	12	012004	012003	53	10.0	5.0	0,841	true	[012004, 012000, 012006, 012005, 012001, 012002, 012007, 012003]
3641	12	012004	012003	54	10.0	6.0	0,807	true	[012004, 012000, 012006, 012005, 012001, 012007, 012002, 012003]
3642	12	012004	012003	55	23.0	5.0	0,816	true	[012004, 012000, 012006, 012005, 012001, 012007, 012003]
3643	12	012004	012003	56	23.0	6.0	0,885	true	[012004, 012000, 012006, 012005, 012003]
3644	12	012004	012003	57	51.0	6.0	0,867	true	[012004, 012000, 012006, 012007, 012001, 012002, 012003]
3645	12	012004	012003	58	28.0	6.0	0,849	true	[012004, 012000, 012006, 012007, 012001, 012005, 012003]
3646	12	012004	012003	59	10.0	6.0	0,876	true	[012004, 012000, 012006, 012007, 012002, 012001, 012005, 012003]
3647	12	012004	012003	60	10.0	7.0	0,894	true	[012004, 012000, 012006, 012007, 012002, 012003]
3648	12	012004	012003	61	56.0	5.0	0,903	true	[012004, 012000, 012006, 012007, 012003]
3649	12	012004	012003	62	51.0	3.0	0,876	true	[012004, 012000, 012007, 012001, 012002, 012003]
3650	12	012004	012003	63	23.0	3.0	0,841	true	[012004, 012000, 012007, 012001, 012002, 012006, 012005, 012003]
3651	12	012004	012003	64	28.0	3.0	0,858	true	[012004, 012000, 012007, 012001, 012005, 012003]
3652	12	012004	012003	65	23.0	3.0	0,808	true	[012004, 012000, 012007, 012001, 012005, 012006, 012002, 012003]
3653	12	012004	012003	66	36.0	3.0	0,850	true	[012004, 012000, 012007, 012001, 012006, 012002, 012003]
3654	12	012004	012003	67	23.0	3.0	0,850	true	[012004, 012000, 012007, 012001, 012006, 012005, 012003]
3655	12	012004	012003	68	10.0	3.0	0,885	true	[012004, 012000, 012007, 012002, 012001, 012005, 012003]
3656	12	012004	012003	69	10.0	3.0	0,876	true	[012004, 012000, 012007, 012002, 012001, 012006, 012005, 012003]
3657	12	012004	012003	70	10.0	3.0	0,903	true	[012004, 012000, 012007, 012002, 012003]
3658	12	012004	012003	71	10.0	3.0	0,859	true	[012004, 012000, 012007, 012002, 012006, 012001, 012005, 012003]
3659	12	012004	012003	72	10.0	3.0	0,867	true	[012004, 012000, 012007, 012002, 012006, 012005, 012003]
3660	12	012004	012003	73	56.0	3.0	0,912	true	[012004, 012000, 012007, 012003]
3661	12	012004	012003	74	36.0	3.0	0,903	true	[012004, 012000, 012007, 012006, 012001, 012002, 012003]
3662	12	012004	012003	75	28.0	3.0	0,885	true	[012004, 012000, 012007, 012006, 012001, 012005, 012003]
3663	12	012004	012003	76	28.0	3.0	0,876	true	[012004, 012000, 012007, 012006, 012002, 012001, 012005, 012003]
3664	12	012004	012003	77	51.0	3.0	0,894	true	[012004, 012000, 012007, 012006, 012002, 012003]
3665	12	012004	012003	78	23.0	3.0	0,858	true	[012004, 012000, 012007, 012006, 012005, 012001, 012002, 012003]
3666	12	012004	012003	79	23.0	3.0	0,894	true	[012004, 012000, 012007, 012006, 012005, 012003]
3667	12	012004	012003	80	45.0	3.0	0,866	true	[012004, 012001, 012000, 012003]
3668	12	012004	012003	81	36.0	4.0	0,885	true	[012004, 012001, 012000, 012005, 012003]
3669	12	012004	012003	82	23.0	4.0	0,833	true	[012004, 012001, 012000, 012005, 012006, 012002, 012003]
3670	12	012004	012003	83	10.0	4.0	0,824	true	[012004, 012001, 012000, 012005, 012006, 012002, 012007, 012003]
3671	12	012004	012003	84	10.0	4.0	0,841	true	[012004, 012001, 012000, 012005, 012006, 012007, 012002, 012003]
3672	12	012004	012003	85	23.0	4.0	0,850	true	[012004, 012001, 012000, 012005, 012006, 012007, 012003]
3673	12	012004	012003	86	51.0	4.0	0,841	true	[012004, 012001, 012000, 012006, 012002, 012003]
3674	12	012004	012003	87	10.0	4.0	0,832	true	[012004, 012001, 012000, 012006, 012002, 012007, 012003]
3675	12	012004	012003	88	23.0	4.0	0,840	true	[012004, 012001, 012000, 012006, 012005, 012003]
3676	12	012004	012003	89	10.0	4.0	0,849	true	[012004, 012001, 012000, 012006, 012007, 012002, 012003]
3677	12	012004	012003	90	56.0	4.0	0,858	true	[012004, 012001, 012000, 012006, 012007, 012003]
3678	12	012004	012003	91	10.0	3.0	0,858	true	[012004, 012001, 012000, 012007, 012002, 012003]
3679	12	012004	012003	92	10.0	3.0	0,824	true	[012004, 012001, 012000, 012007, 012002, 012006, 012005, 012003]
3680	12	012004	012003	93	56.0	3.0	0,867	true	[012004, 012001, 012000, 012007, 012003]
3681	12	012004	012003	94	51.0	3.0	0,849	true	[012004, 012001, 012000, 012007, 012006, 012002, 012003]
3682	12	012004	012003	95	23.0	3.0	0,849	true	[012004, 012001, 012000, 012007, 012006, 012005, 012003]
3683	12	012004	012003	96	51.0	6.0	0,941	true	[012004, 012001, 012002, 012003]
3684	12	012004	012003	97	45.0	3.0	0,840	true	[012004, 012001, 012002, 012006, 012000, 012003]
3685	12	012004	012003	98	36.0	6.0	0,858	true	[012004, 012001, 012002, 012006, 012000, 012005, 012003]
3686	12	012004	012003	99	52.0	3.0	0,841	true	[012004, 012001, 012002, 012006, 012000, 012007, 012003]
3687	12	012004	012003	100	23.0	3.0	0,832	true	[012004, 012001, 012002, 012006, 012005, 012000, 012003]
3688	12	012004	012003	101	23.0	6.0	0,903	true	[012004, 012001, 012002, 012006, 012005, 012003]
3689	12	012004	012003	102	25.0	3.0	0,990	true	[012004, 012003]
3690	13	013004	013002	0	18.0	6.0	0,980	true	[013004, 013000, 013001, 013002]
3691	13	013004	013002	1	25.0	3.0	0,903	true	[013004, 013000, 013001, 013003, 013002]
3692	13	013004	013002	2	12.0	3.0	0,885	true	[013004, 013000, 013001, 013003, 013005, 013002]
3693	13	013004	013002	3	12.0	3.0	0,876	true	[013004, 013000, 013001, 013003, 013005, 013006, 013007, 013002]
3694	13	013004	013002	4	12.0	3.0	0,904	true	[013004, 013000, 013001, 013003, 013005, 013007, 013002]
3695	13	013004	013002	5	25.0	3.0	0,832	true	[013004, 013000, 013001, 013003, 013006, 013005, 013002]
3696	13	013004	013002	6	25.0	3.0	0,850	true	[013004, 013000, 013001, 013003, 013006, 013005, 013007, 013002]
3697	13	013004	013002	7	17.0	3.0	0,894	true	[013004, 013000, 013001, 013003, 013006, 013007, 013002]
3698	13	013004	013002	8	17.0	3.0	0,858	true	[013004, 013000, 013001, 013003, 013006, 013007, 013005, 013002]
3699	13	013004	013002	9	25.0	3.0	0,941	true	[013004, 013000, 013001, 013003, 013007, 013002]
3700	13	013004	013002	10	25.0	3.0	0,904	true	[013004, 013000, 013001, 013003, 013007, 013005, 013002]
3701	13	013004	013002	11	17.0	3.0	0,876	true	[013004, 013000, 013001, 013003, 013007, 013006, 013005, 013002]
3702	13	013004	013002	12	14.0	5.0	0,894	true	[013004, 013000, 013001, 013005, 013002]
3703	13	013004	013002	13	12.0	3.0	0,858	true	[013004, 013000, 013001, 013005, 013003, 013002]
3704	13	013004	013002	14	12.0	3.0	0,849	true	[013004, 013000, 013001, 013005, 013003, 013006, 013007, 013002]
3705	13	013004	013002	15	12.0	3.0	0,894	true	[013004, 013000, 013001, 013005, 013003, 013007, 013002]
3706	13	013004	013002	16	14.0	3.0	0,807	true	[013004, 013000, 013001, 013005, 013006, 013003, 013002]
3707	13	013004	013002	17	14.0	3.0	0,841	true	[013004, 013000, 013001, 013005, 013006, 013003, 013007, 013002]
3708	13	013004	013002	18	14.0	3.0	0,885	true	[013004, 013000, 013001, 013005, 013006, 013007, 013002]
3709	13	013004	013002	19	14.0	3.0	0,849	true	[013004, 013000, 013001, 013005, 013006, 013007, 013003, 013002]
3710	13	013004	013002	20	14.0	3.0	0,913	true	[013004, 013000, 013001, 013005, 013007, 013002]
3711	13	013004	013002	21	14.0	6.0	0,876	true	[013004, 013000, 013001, 013005, 013007, 013003, 013002]
3712	13	013004	013002	22	14.0	4.0	0,832	true	[013004, 013000, 013001, 013005, 013007, 013006, 013003, 013002]
3713	13	013004	013002	23	25.0	4.0	0,885	true	[013004, 013000, 013001, 013006, 013003, 013002]
3714	13	013004	013002	24	12.0	3.0	0,867	true	[013004, 013000, 013001, 013006, 013003, 013005, 013002]
3715	13	013004	013002	25	12.0	3.0	0,885	true	[013004, 013000, 013001, 013006, 013003, 013005, 013007, 013002]
3716	13	013004	013002	26	25.0	3.0	0,922	true	[013004, 013000, 013001, 013006, 013003, 013007, 013002]
3717	13	013004	013002	27	25.0	4.0	0,885	true	[013004, 013000, 013001, 013006, 013003, 013007, 013005, 013002]
3718	13	013004	013002	28	25.0	3.0	0,903	true	[013004, 013000, 013001, 013006, 013005, 013002]
3719	13	013004	013002	29	12.0	3.0	0,867	true	[013004, 013000, 013001, 013006, 013005, 013003, 013002]
3720	13	013004	013002	30	12.0	3.0	0,904	true	[013004, 013000, 013001, 013006, 013005, 013003, 013007, 013002]
3721	13	013004	013002	31	25.0	3.0	0,922	true	[013004, 013000, 013001, 013006, 013005, 013007, 013002]
3722	13	013004	013002	32	25.0	3.0	0,885	true	[013004, 013000, 013001, 013006, 013005, 013007, 013003, 013002]
3723	13	013004	013002	33	17.0	3.0	0,970	true	[013004, 013000, 013001, 013006, 013007, 013002]
3724	13	013004	013002	34	17.0	6.0	0,931	true	[013004, 013000, 013001, 013006, 013007, 013003, 013002]
3725	13	013004	013002	35	12.0	3.0	0,913	true	[013004, 013000, 013001, 013006, 013007, 013003, 013005, 013002]
3726	13	013004	013002	36	17.0	5.0	0,931	true	[013004, 013000, 013001, 013006, 013007, 013005, 013002]
3727	13	013004	013002	37	12.0	3.0	0,894	true	[013004, 013000, 013001, 013006, 013007, 013005, 013003, 013002]
3728	13	013004	013002	38	25.0	3.0	0,941	true	[013004, 013000, 013001, 013007, 013002]
3729	13	013004	013002	39	25.0	5.0	0,903	true	[013004, 013000, 013001, 013007, 013003, 013002]
3730	13	013004	013002	40	12.0	3.0	0,885	true	[013004, 013000, 013001, 013007, 013003, 013005, 013002]
3731	13	013004	013002	41	25.0	3.0	0,832	true	[013004, 013000, 013001, 013007, 013003, 013006, 013005, 013002]
3732	13	013004	013002	42	25.0	5.0	0,904	true	[013004, 013000, 013001, 013007, 013005, 013002]
3733	13	013004	013002	43	12.0	3.0	0,867	true	[013004, 013000, 013001, 013007, 013005, 013003, 013002]
3734	13	013004	013002	44	25.0	3.0	0,815	true	[013004, 013000, 013001, 013007, 013005, 013006, 013003, 013002]
3735	13	013004	013002	45	17.0	4.0	0,858	true	[013004, 013000, 013001, 013007, 013006, 013003, 013002]
3736	13	013004	013002	46	12.0	3.0	0,841	true	[013004, 013000, 013001, 013007, 013006, 013003, 013005, 013002]
3737	13	013004	013002	47	17.0	3.0	0,876	true	[013004, 013000, 013001, 013007, 013006, 013005, 013002]
3738	13	013004	013002	48	12.0	3.0	0,841	true	[013004, 013000, 013001, 013007, 013006, 013005, 013003, 013002]
3739	13	013004	013002	49	16.0	7.0	0,970	true	[013004, 013000, 013002]
3740	13	013004	013002	50	18.0	3.0	0,960	true	[013004, 013000, 013003, 013001, 013002]
3741	13	013004	013002	51	14.0	3.0	0,876	true	[013004, 013000, 013003, 013001, 013005, 013002]
3742	13	013004	013002	52	14.0	3.0	0,867	true	[013004, 013000, 013003, 013001, 013005, 013006, 013007, 013002]
3743	13	013004	013002	53	14.0	3.0	0,894	true	[013004, 013000, 013003, 013001, 013005, 013007, 013002]
3744	13	013004	013002	54	25.0	3.0	0,885	true	[013004, 013000, 013003, 013001, 013006, 013005, 013002]
3745	13	013004	013002	55	25.0	3.0	0,904	true	[013004, 013000, 013003, 013001, 013006, 013005, 013007, 013002]
3746	13	013004	013002	56	17.0	3.0	0,951	true	[013004, 013000, 013003, 013001, 013006, 013007, 013002]
3747	13	013004	013002	57	17.0	3.0	0,913	true	[013004, 013000, 013003, 013001, 013006, 013007, 013005, 013002]
3748	13	013004	013002	58	25.0	3.0	0,922	true	[013004, 013000, 013003, 013001, 013007, 013002]
3749	13	013004	013002	59	25.0	3.0	0,885	true	[013004, 013000, 013003, 013001, 013007, 013005, 013002]
3750	13	013004	013002	60	17.0	3.0	0,858	true	[013004, 013000, 013003, 013001, 013007, 013006, 013005, 013002]
3751	13	013004	013002	61	25.0	8.0	0,941	true	[013004, 013000, 013003, 013002]
3752	13	013004	013002	62	12.0	3.0	0,912	true	[013004, 013000, 013003, 013005, 013001, 013002]
3753	13	013004	013002	63	12.0	3.0	0,903	true	[013004, 013000, 013003, 013005, 013001, 013006, 013007, 013002]
3754	13	013004	013002	64	12.0	3.0	0,876	true	[013004, 013000, 013003, 013005, 013001, 013007, 013002]
3755	13	013004	013002	65	12.0	3.0	0,922	true	[013004, 013000, 013003, 013005, 013002]
3756	13	013004	013002	66	12.0	3.0	0,922	true	[013004, 013000, 013003, 013005, 013006, 013001, 013002]
3757	13	013004	013002	67	12.0	3.0	0,885	true	[013004, 013000, 013003, 013005, 013006, 013001, 013007, 013002]
3758	13	013004	013002	68	12.0	3.0	0,894	true	[013004, 013000, 013003, 013005, 013006, 013007, 013001, 013002]
3759	13	013004	013002	69	12.0	3.0	0,913	true	[013004, 013000, 013003, 013005, 013006, 013007, 013002]
3760	13	013004	013002	70	12.0	3.0	0,922	true	[013004, 013000, 013003, 013005, 013007, 013001, 013002]
3761	13	013004	013002	71	12.0	3.0	0,941	true	[013004, 013000, 013003, 013005, 013007, 013002]
3762	13	013004	013002	72	12.0	3.0	0,951	true	[013004, 013000, 013003, 013005, 013007, 013006, 013001, 013002]
3763	13	013004	013002	73	18.0	4.0	0,941	true	[013004, 013000, 013003, 013006, 013001, 013002]
3764	13	013004	013002	74	14.0	4.0	0,858	true	[013004, 013000, 013003, 013006, 013001, 013005, 013002]
3765	13	013004	013002	75	14.0	3.0	0,876	true	[013004, 013000, 013003, 013006, 013001, 013005, 013007, 013002]
3766	13	013004	013002	76	25.0	3.0	0,903	true	[013004, 013000, 013003, 013006, 013001, 013007, 013002]
3767	13	013004	013002	77	25.0	4.0	0,867	true	[013004, 013000, 013003, 013006, 013001, 013007, 013005, 013002]
3768	13	013004	013002	78	14.0	3.0	0,858	true	[013004, 013000, 013003, 013006, 013005, 013001, 013002]
3769	13	013004	013002	79	14.0	3.0	0,824	true	[013004, 013000, 013003, 013006, 013005, 013001, 013007, 013002]
3770	13	013004	013002	80	25.0	3.0	0,867	true	[013004, 013000, 013003, 013006, 013005, 013002]
3771	13	013004	013002	81	18.0	3.0	0,867	true	[013004, 013000, 013003, 013006, 013005, 013007, 013001, 013002]
3772	13	013004	013002	82	25.0	3.0	0,885	true	[013004, 013000, 013003, 013006, 013005, 013007, 013002]
3773	13	013004	013002	83	17.0	4.0	0,912	true	[013004, 013000, 013003, 013006, 013007, 013001, 013002]
3774	13	013004	013002	84	14.0	4.0	0,832	true	[013004, 013000, 013003, 013006, 013007, 013001, 013005, 013002]
3775	13	013004	013002	85	17.0	3.0	0,931	true	[013004, 013000, 013003, 013006, 013007, 013002]
3776	13	013004	013002	86	14.0	4.0	0,885	true	[013004, 013000, 013003, 013006, 013007, 013005, 013001, 013002]
3777	13	013004	013002	87	17.0	4.0	0,894	true	[013004, 013000, 013003, 013006, 013007, 013005, 013002]
3778	13	013004	013002	88	18.0	5.0	0,960	true	[013004, 013000, 013003, 013007, 013001, 013002]
3779	13	013004	013002	89	14.0	5.0	0,876	true	[013004, 013000, 013003, 013007, 013001, 013005, 013002]
3780	13	013004	013002	90	25.0	3.0	0,885	true	[013004, 013000, 013003, 013007, 013001, 013006, 013005, 013002]
3781	13	013004	013002	91	25.0	3.0	0,980	true	[013004, 013000, 013003, 013007, 013002]
3782	13	013004	013002	92	14.0	6.0	0,931	true	[013004, 013000, 013003, 013007, 013005, 013001, 013002]
3783	13	013004	013002	93	25.0	5.0	0,941	true	[013004, 013000, 013003, 013007, 013005, 013002]
3784	13	013004	013002	94	18.0	3.0	0,941	true	[013004, 013000, 013003, 013007, 013005, 013006, 013001, 013002]
3785	13	013004	013002	95	17.0	6.0	0,990	true	[013004, 013000, 013003, 013007, 013006, 013001, 013002]
3786	13	013004	013002	96	14.0	5.0	0,903	true	[013004, 013000, 013003, 013007, 013006, 013001, 013005, 013002]
3787	13	013004	013002	97	14.0	3.0	0,903	true	[013004, 013000, 013003, 013007, 013006, 013005, 013001, 013002]
3788	13	013004	013002	98	17.0	3.0	0,912	true	[013004, 013000, 013003, 013007, 013006, 013005, 013002]
3789	13	013004	013002	99	14.0	6.0	0,931	true	[013004, 013000, 013005, 013001, 013002]
3790	13	013004	013002	100	14.0	3.0	0,858	true	[013004, 013000, 013005, 013001, 013003, 013002]
3791	13	013004	013002	101	14.0	5.0	0,941	true	[013004, 013000, 013005, 013002]
3792	13	013004	013002	102	13.0	10.0	0,980	true	[013004, 013002]
3793	-1	000007	001002	0	125.0	44.0	0,997	true	[000007, 001002]
3794	-1	000001	002000	0	150.0	25.0	0,998	true	[000001, 002000]
3795	-1	000000	007000	0	100.0	29.0	0,996	true	[000000, 007000]
3796	-1	001000	002002	0	125.0	43.0	0,995	true	[001000, 002002]
3797	-1	001001	003000	0	140.0	36.0	0,997	true	[001001, 003000]
3798	-1	002003	005000	0	130.0	26.0	0,998	true	[002003, 005000]
3799	-1	003006	004003	0	115.0	23.0	0,996	true	[003006, 004003]
3800	-1	003007	010005	0	150.0	42.0	0,995	true	[003007, 010005]
3801	-1	004002	005001	0	145.0	33.0	0,995	true	[004002, 005001]
3802	-1	004001	006000	0	105.0	48.0	0,996	true	[004001, 006000]
3803	-1	005005	009003	0	115.0	50.0	0,997	true	[005005, 009003]
3804	-1	005004	012004	0	120.0	28.0	0,998	true	[005004, 012004]
3805	-1	006003	007005	0	105.0	26.0	0,999	true	[006003, 007005]
3806	-1	007004	008002	0	150.0	45.0	0,999	true	[007004, 008002]
3807	-1	008007	009006	0	145.0	37.0	0,996	true	[008007, 009006]
3808	-1	008001	011002	0	125.0	41.0	0,999	true	[008001, 011002]
3809	-1	008005	013004	0	115.0	36.0	0,998	true	[008005, 013004]
3810	-1	010006	011003	0	150.0	34.0	0,996	true	[010006, 011003]
3811	-1	010000	013002	0	145.0	39.0	0,995	true	[010000, 013002]
3812	-1	011004	013000	0	135.0	30.0	0,999	true	[011004, 013000]
3813	-1	012003	013005	0	135.0	43.0	0,998	true	[012003, 013005]
