TransactionId	ASId	Ingress	Egress	PathletId	Bandwidth	Delay	Reliability	Status	Full Path
3814	0	000007	000003	0	12.0	4.0	0,913	true	[000007, 000000, 000001, 000002, 000003]
3815	0	000007	000003	1	12.0	4.0	0,894	true	[000007, 000000, 000001, 000002, 000006, 000003]
3816	0	000007	000003	2	12.0	3.0	0,859	true	[000007, 000000, 000001, 000002, 000006, 000004, 000003]
3817	0	000007	000003	3	12.0	6.0	0,815	true	[000007, 000000, 000001, 000002, 000006, 000005, 000003]
3818	0	000007	000003	4	12.0	3.0	0,858	true	[000007, 000000, 000001, 000002, 000006, 000008, 000003]
3819	0	000007	000003	5	12.0	3.0	0,876	true	[000007, 000000, 000001, 000002, 000008, 000003]
3820	0	000007	000003	6	12.0	4.0	0,894	true	[000007, 000000, 000001, 000002, 000008, 000006, 000003]
3821	0	000007	000003	7	12.0	3.0	0,859	true	[000007, 000000, 000001, 000002, 000008, 000006, 000004, 000003]
3822	0	000007	000003	8	12.0	4.0	0,816	true	[000007, 000000, 000001, 000002, 000008, 000006, 000005, 000003]
3823	0	000007	000003	9	12.0	3.0	0,931	true	[000007, 000000, 000001, 000003]
3824	0	000007	000003	10	12.0	8.0	0,922	true	[000007, 000000, 000001, 000004, 000003]
3825	0	000007	000003	11	12.0	3.0	0,867	true	[000007, 000000, 000001, 000004, 000006, 000002, 000003]
3826	0	000007	000003	12	12.0	3.0	0,833	true	[000007, 000000, 000001, 000004, 000006, 000002, 000008, 000003]
3827	0	000007	000003	13	12.0	3.0	0,922	true	[000007, 000000, 000001, 000004, 000006, 000003]
3828	0	000007	000003	14	12.0	3.0	0,841	true	[000007, 000000, 000001, 000004, 000006, 000005, 000003]
3829	0	000007	000003	15	12.0	3.0	0,868	true	[000007, 000000, 000001, 000004, 000006, 000008, 000002, 000003]
3830	0	000007	000003	16	12.0	3.0	0,885	true	[000007, 000000, 000001, 000004, 000006, 000008, 000003]
3831	0	000007	000003	17	12.0	6.0	0,894	true	[000007, 000000, 000001, 000005, 000003]
3832	0	000007	000003	18	12.0	4.0	0,832	true	[000007, 000000, 000001, 000005, 000006, 000002, 000003]
3833	0	000007	000003	19	12.0	3.0	0,799	true	[000007, 000000, 000001, 000005, 000006, 000002, 000008, 000003]
3834	0	000007	000003	20	12.0	4.0	0,885	true	[000007, 000000, 000001, 000005, 000006, 000003]
3835	0	000007	000003	21	12.0	3.0	0,850	true	[000007, 000000, 000001, 000005, 000006, 000004, 000003]
3836	0	000007	000003	22	12.0	4.0	0,833	true	[000007, 000000, 000001, 000005, 000006, 000008, 000002, 000003]
3837	0	000007	000003	23	12.0	3.0	0,850	true	[000007, 000000, 000001, 000005, 000006, 000008, 000003]
3838	0	000007	000003	24	12.0	3.0	0,903	true	[000007, 000000, 000001, 000006, 000002, 000003]
3839	0	000007	000003	25	12.0	3.0	0,867	true	[000007, 000000, 000001, 000006, 000002, 000008, 000003]
3840	0	000007	000003	26	12.0	3.0	0,960	true	[000007, 000000, 000001, 000006, 000003]
3841	0	000007	000003	27	12.0	3.0	0,922	true	[000007, 000000, 000001, 000006, 000004, 000003]
3842	0	000007	000003	28	12.0	3.0	0,876	true	[000007, 000000, 000001, 000006, 000005, 000003]
3843	0	000007	000003	29	12.0	3.0	0,903	true	[000007, 000000, 000001, 000006, 000008, 000002, 000003]
3844	0	000007	000003	30	12.0	3.0	0,922	true	[000007, 000000, 000001, 000006, 000008, 000003]
3845	0	000007	000003	31	12.0	3.0	0,913	true	[000007, 000000, 000001, 000008, 000002, 000003]
3846	0	000007	000003	32	12.0	3.0	0,894	true	[000007, 000000, 000001, 000008, 000002, 000006, 000003]
3847	0	000007	000003	33	12.0	3.0	0,859	true	[000007, 000000, 000001, 000008, 000002, 000006, 000004, 000003]
3848	0	000007	000003	34	12.0	3.0	0,815	true	[000007, 000000, 000001, 000008, 000002, 000006, 000005, 000003]
3849	0	000007	000003	35	12.0	3.0	0,931	true	[000007, 000000, 000001, 000008, 000003]
3850	0	000007	000003	36	12.0	3.0	0,894	true	[000007, 000000, 000001, 000008, 000006, 000002, 000003]
3851	0	000007	000003	37	12.0	3.0	0,950	true	[000007, 000000, 000001, 000008, 000006, 000003]
3852	0	000007	000003	38	12.0	3.0	0,913	true	[000007, 000000, 000001, 000008, 000006, 000004, 000003]
3853	0	000007	000003	39	12.0	3.0	0,867	true	[000007, 000000, 000001, 000008, 000006, 000005, 000003]
3854	0	000007	000003	40	12.0	3.0	0,941	true	[000007, 000000, 000002, 000001, 000003]
3855	0	000007	000003	41	12.0	7.0	0,932	true	[000007, 000000, 000002, 000001, 000004, 000003]
3856	0	000007	000003	42	12.0	3.0	0,932	true	[000007, 000000, 000002, 000001, 000004, 000006, 000003]
3857	0	000007	000003	43	12.0	3.0	0,850	true	[000007, 000000, 000002, 000001, 000004, 000006, 000005, 000003]
3858	0	000007	000003	44	12.0	3.0	0,895	true	[000007, 000000, 000002, 000001, 000004, 000006, 000008, 000003]
3859	0	000007	000003	45	12.0	6.0	0,903	true	[000007, 000000, 000002, 000001, 000005, 000003]
3860	0	000007	000003	46	12.0	4.0	0,894	true	[000007, 000000, 000002, 000001, 000005, 000006, 000003]
3861	0	000007	000003	47	12.0	3.0	0,858	true	[000007, 000000, 000002, 000001, 000005, 000006, 000004, 000003]
3862	0	000007	000003	48	12.0	3.0	0,858	true	[000007, 000000, 000002, 000001, 000005, 000006, 000008, 000003]
3863	0	000007	000003	49	12.0	3.0	0,970	true	[000007, 000000, 000002, 000001, 000006, 000003]
3864	0	000007	000003	50	12.0	3.0	0,932	true	[000007, 000000, 000002, 000001, 000006, 000004, 000003]
3865	0	000007	000003	51	12.0	3.0	0,885	true	[000007, 000000, 000002, 000001, 000006, 000005, 000003]
3866	0	000007	000003	52	12.0	3.0	0,931	true	[000007, 000000, 000002, 000001, 000006, 000008, 000003]
3867	0	000007	000003	53	12.0	3.0	0,941	true	[000007, 000000, 000002, 000001, 000008, 000003]
3868	0	000007	000003	54	12.0	3.0	0,960	true	[000007, 000000, 000002, 000001, 000008, 000006, 000003]
3869	0	000007	000003	55	12.0	3.0	0,922	true	[000007, 000000, 000002, 000001, 000008, 000006, 000004, 000003]
3870	0	000007	000003	56	12.0	3.0	0,876	true	[000007, 000000, 000002, 000001, 000008, 000006, 000005, 000003]
3871	0	000007	000003	57	12.0	4.0	0,980	true	[000007, 000000, 000002, 000003]
3872	0	000007	000003	58	12.0	3.0	0,931	true	[000007, 000000, 000002, 000006, 000001, 000003]
3873	0	000007	000003	59	12.0	3.0	0,922	true	[000007, 000000, 000002, 000006, 000001, 000004, 000003]
3874	0	000007	000003	60	12.0	3.0	0,894	true	[000007, 000000, 000002, 000006, 000001, 000005, 000003]
3875	0	000007	000003	61	12.0	3.0	0,931	true	[000007, 000000, 000002, 000006, 000001, 000008, 000003]
3876	0	000007	000003	62	12.0	4.0	0,960	true	[000007, 000000, 000002, 000006, 000003]
3877	0	000007	000003	63	12.0	3.0	0,894	true	[000007, 000000, 000002, 000006, 000004, 000001, 000003]
3878	0	000007	000003	64	12.0	3.0	0,859	true	[000007, 000000, 000002, 000006, 000004, 000001, 000005, 000003]
3879	0	000007	000003	65	12.0	3.0	0,894	true	[000007, 000000, 000002, 000006, 000004, 000001, 000008, 000003]
3880	0	000007	000003	66	12.0	3.0	0,922	true	[000007, 000000, 000002, 000006, 000004, 000003]
3881	0	000007	000003	67	12.0	3.0	0,858	true	[000007, 000000, 000002, 000006, 000005, 000001, 000003]
3882	0	000007	000003	68	12.0	6.0	0,850	true	[000007, 000000, 000002, 000006, 000005, 000001, 000004, 000003]
3883	0	000007	000003	69	12.0	3.0	0,858	true	[000007, 000000, 000002, 000006, 000005, 000001, 000008, 000003]
3884	0	000007	000003	70	12.0	6.0	0,876	true	[000007, 000000, 000002, 000006, 000005, 000003]
3885	0	000007	000003	71	12.0	3.0	0,922	true	[000007, 000000, 000002, 000006, 000008, 000001, 000003]
3886	0	000007	000003	72	12.0	3.0	0,913	true	[000007, 000000, 000002, 000006, 000008, 000001, 000004, 000003]
3887	0	000007	000003	73	12.0	3.0	0,885	true	[000007, 000000, 000002, 000006, 000008, 000001, 000005, 000003]
3888	0	000007	000003	74	12.0	3.0	0,922	true	[000007, 000000, 000002, 000006, 000008, 000003]
3889	0	000007	000003	75	12.0	3.0	0,941	true	[000007, 000000, 000002, 000008, 000001, 000003]
3890	0	000007	000003	76	12.0	3.0	0,932	true	[000007, 000000, 000002, 000008, 000001, 000004, 000003]
3891	0	000007	000003	77	12.0	3.0	0,932	true	[000007, 000000, 000002, 000008, 000001, 000004, 000006, 000003]
3892	0	000007	000003	78	12.0	3.0	0,850	true	[000007, 000000, 000002, 000008, 000001, 000004, 000006, 000005, 000003]
3893	0	000007	000003	79	12.0	3.0	0,903	true	[000007, 000000, 000002, 000008, 000001, 000005, 000003]
3894	0	000007	000003	80	12.0	3.0	0,894	true	[000007, 000000, 000002, 000008, 000001, 000005, 000006, 000003]
3895	0	000007	000003	81	12.0	3.0	0,858	true	[000007, 000000, 000002, 000008, 000001, 000005, 000006, 000004, 000003]
3896	0	000007	000003	82	12.0	3.0	0,970	true	[000007, 000000, 000002, 000008, 000001, 000006, 000003]
3897	0	000007	000003	83	12.0	3.0	0,932	true	[000007, 000000, 000002, 000008, 000001, 000006, 000004, 000003]
3898	0	000007	000003	84	12.0	3.0	0,885	true	[000007, 000000, 000002, 000008, 000001, 000006, 000005, 000003]
3899	0	000007	000003	85	12.0	3.0	0,941	true	[000007, 000000, 000002, 000008, 000003]
3900	0	000007	000003	86	12.0	3.0	0,931	true	[000007, 000000, 000002, 000008, 000006, 000001, 000003]
3901	0	000007	000003	87	12.0	3.0	0,922	true	[000007, 000000, 000002, 000008, 000006, 000001, 000004, 000003]
3902	0	000007	000003	88	12.0	3.0	0,894	true	[000007, 000000, 000002, 000008, 000006, 000001, 000005, 000003]
3903	0	000007	000003	89	12.0	4.0	0,960	true	[000007, 000000, 000002, 000008, 000006, 000003]
3904	0	000007	000003	90	12.0	3.0	0,895	true	[000007, 000000, 000002, 000008, 000006, 000004, 000001, 000003]
3905	0	000007	000003	91	12.0	3.0	0,859	true	[000007, 000000, 000002, 000008, 000006, 000004, 000001, 000005, 000003]
3906	0	000007	000003	92	12.0	3.0	0,922	true	[000007, 000000, 000002, 000008, 000006, 000004, 000003]
3907	0	000007	000003	93	12.0	3.0	0,858	true	[000007, 000000, 000002, 000008, 000006, 000005, 000001, 000003]
3908	0	000007	000003	94	12.0	4.0	0,850	true	[000007, 000000, 000002, 000008, 000006, 000005, 000001, 000004, 000003]
3909	0	000007	000003	95	12.0	4.0	0,876	true	[000007, 000000, 000002, 000008, 000006, 000005, 000003]
3910	0	000007	000003	96	12.0	4.0	0,970	true	[000007, 000000, 000003]
3911	0	000007	000003	97	12.0	3.0	0,913	true	[000007, 000000, 000004, 000001, 000002, 000003]
3912	0	000007	000003	98	12.0	3.0	0,894	true	[000007, 000000, 000004, 000001, 000002, 000006, 000003]
3913	0	000007	000003	99	12.0	3.0	0,816	true	[000007, 000000, 000004, 000001, 000002, 000006, 000005, 000003]
3914	0	000007	000003	100	12.0	3.0	0,859	true	[000007, 000000, 000004, 000001, 000002, 000006, 000008, 000003]
3915	0	000007	000003	101	12.0	3.0	0,932	true	[000007, 000000, 000004, 000001, 000003]
3916	0	000007	000003	102	12.0	3.0	0,960	true	[000007, 000000, 000004, 000003]
3917	1	001004	001006	0	22.0	6.0	0,960	true	[001004, 001000, 001001, 001002, 001003, 001006]
3918	1	001004	001006	1	22.0	4.0	0,932	true	[001004, 001000, 001001, 001002, 001003, 001008, 001005, 001006]
3919	1	001004	001006	2	22.0	6.0	0,960	true	[001004, 001000, 001001, 001002, 001003, 001008, 001006]
3920	1	001004	001006	3	24.0	5.0	0,932	true	[001004, 001000, 001001, 001002, 001005, 001006]
3921	1	001004	001006	4	22.0	4.0	0,960	true	[001004, 001000, 001001, 001002, 001005, 001008, 001003, 001006]
3922	1	001004	001006	5	22.0	4.0	0,960	true	[001004, 001000, 001001, 001002, 001005, 001008, 001006]
3923	1	001004	001006	6	21.0	5.0	0,941	true	[001004, 001000, 001001, 001002, 001006]
3924	1	001004	001006	7	24.0	6.0	0,912	true	[001004, 001000, 001001, 001002, 001008, 001003, 001006]
3925	1	001004	001006	8	22.0	4.0	0,885	true	[001004, 001000, 001001, 001002, 001008, 001005, 001006]
3926	1	001004	001006	9	24.0	6.0	0,912	true	[001004, 001000, 001001, 001002, 001008, 001006]
3927	1	001004	001006	10	17.0	4.0	0,941	true	[001004, 001000, 001001, 001003, 001002, 001005, 001006]
3928	1	001004	001006	11	17.0	4.0	0,970	true	[001004, 001000, 001001, 001003, 001002, 001005, 001008, 001006]
3929	1	001004	001006	12	17.0	4.0	0,951	true	[001004, 001000, 001001, 001003, 001002, 001006]
3930	1	001004	001006	13	17.0	4.0	0,894	true	[001004, 001000, 001001, 001003, 001002, 001008, 001005, 001006]
3931	1	001004	001006	14	17.0	4.0	0,922	true	[001004, 001000, 001001, 001003, 001002, 001008, 001006]
3932	1	001004	001006	15	17.0	4.0	0,970	true	[001004, 001000, 001001, 001003, 001006]
3933	1	001004	001006	16	17.0	4.0	0,894	true	[001004, 001000, 001001, 001003, 001008, 001002, 001005, 001006]
3934	1	001004	001006	17	17.0	4.0	0,903	true	[001004, 001000, 001001, 001003, 001008, 001002, 001006]
3935	1	001004	001006	18	17.0	4.0	0,951	true	[001004, 001000, 001001, 001003, 001008, 001005, 001002, 001006]
3936	1	001004	001006	19	17.0	4.0	0,941	true	[001004, 001000, 001001, 001003, 001008, 001005, 001006]
3937	1	001004	001006	20	17.0	4.0	0,970	true	[001004, 001000, 001001, 001003, 001008, 001006]
3938	1	001004	001006	21	5.0	5.0	0,951	true	[001004, 001000, 001001, 001005, 001002, 001003, 001006]
3939	1	001004	001006	22	5.0	5.0	0,951	true	[001004, 001000, 001001, 001005, 001002, 001003, 001008, 001006]
3940	1	001004	001006	23	5.0	5.0	0,932	true	[001004, 001000, 001001, 001005, 001002, 001006]
3941	1	001004	001006	24	5.0	5.0	0,903	true	[001004, 001000, 001001, 001005, 001002, 001008, 001003, 001006]
3942	1	001004	001006	25	5.0	5.0	0,903	true	[001004, 001000, 001001, 001005, 001002, 001008, 001006]
3943	1	001004	001006	26	5.0	6.0	0,922	true	[001004, 001000, 001001, 001005, 001006]
3944	1	001004	001006	27	5.0	4.0	0,903	true	[001004, 001000, 001001, 001005, 001008, 001002, 001003, 001006]
3945	1	001004	001006	28	5.0	4.0	0,885	true	[001004, 001000, 001001, 001005, 001008, 001002, 001006]
3946	1	001004	001006	29	5.0	4.0	0,932	true	[001004, 001000, 001001, 001005, 001008, 001003, 001002, 001006]
3947	1	001004	001006	30	5.0	4.0	0,951	true	[001004, 001000, 001001, 001005, 001008, 001003, 001006]
3948	1	001004	001006	31	5.0	4.0	0,951	true	[001004, 001000, 001001, 001005, 001008, 001006]
3949	1	001004	001006	32	24.0	5.0	0,970	true	[001004, 001000, 001001, 001006]
3950	1	001004	001006	33	22.0	3.0	0,912	true	[001004, 001000, 001001, 001007, 001008, 001002, 001003, 001006]
3951	1	001004	001006	34	24.0	3.0	0,885	true	[001004, 001000, 001001, 001007, 001008, 001002, 001005, 001006]
3952	1	001004	001006	35	21.0	3.0	0,894	true	[001004, 001000, 001001, 001007, 001008, 001002, 001006]
3953	1	001004	001006	36	22.0	3.0	0,932	true	[001004, 001000, 001001, 001007, 001008, 001003, 001002, 001005, 001006]
3954	1	001004	001006	37	21.0	3.0	0,941	true	[001004, 001000, 001001, 001007, 001008, 001003, 001002, 001006]
3955	1	001004	001006	38	24.0	3.0	0,960	true	[001004, 001000, 001001, 001007, 001008, 001003, 001006]
3956	1	001004	001006	39	22.0	3.0	0,960	true	[001004, 001000, 001001, 001007, 001008, 001005, 001002, 001003, 001006]
3957	1	001004	001006	40	21.0	3.0	0,941	true	[001004, 001000, 001001, 001007, 001008, 001005, 001002, 001006]
3958	1	001004	001006	41	22.0	3.0	0,932	true	[001004, 001000, 001001, 001007, 001008, 001005, 001006]
3959	1	001004	001006	42	24.0	3.0	0,960	true	[001004, 001000, 001001, 001007, 001008, 001006]
3960	1	001004	001006	43	22.0	3.0	0,912	true	[001004, 001000, 001001, 001008, 001002, 001003, 001006]
3961	1	001004	001006	44	24.0	3.0	0,885	true	[001004, 001000, 001001, 001008, 001002, 001005, 001006]
3962	1	001004	001006	45	21.0	3.0	0,894	true	[001004, 001000, 001001, 001008, 001002, 001006]
3963	1	001004	001006	46	22.0	3.0	0,932	true	[001004, 001000, 001001, 001008, 001003, 001002, 001005, 001006]
3964	1	001004	001006	47	21.0	3.0	0,941	true	[001004, 001000, 001001, 001008, 001003, 001002, 001006]
3965	1	001004	001006	48	24.0	3.0	0,960	true	[001004, 001000, 001001, 001008, 001003, 001006]
3966	1	001004	001006	49	22.0	3.0	0,960	true	[001004, 001000, 001001, 001008, 001005, 001002, 001003, 001006]
3967	1	001004	001006	50	21.0	3.0	0,941	true	[001004, 001000, 001001, 001008, 001005, 001002, 001006]
3968	1	001004	001006	51	22.0	3.0	0,932	true	[001004, 001000, 001001, 001008, 001005, 001006]
3969	1	001004	001006	52	24.0	3.0	0,960	true	[001004, 001000, 001001, 001008, 001006]
3970	1	001004	001006	53	17.0	4.0	0,932	true	[001004, 001000, 001002, 001001, 001003, 001006]
3971	1	001004	001006	54	17.0	4.0	0,904	true	[001004, 001000, 001002, 001001, 001003, 001008, 001005, 001006]
3972	1	001004	001006	55	17.0	4.0	0,932	true	[001004, 001000, 001002, 001001, 001003, 001008, 001006]
3973	1	001004	001006	56	5.0	6.0	0,885	true	[001004, 001000, 001002, 001001, 001005, 001006]
3974	1	001004	001006	57	5.0	4.0	0,913	true	[001004, 001000, 001002, 001001, 001005, 001008, 001003, 001006]
3975	1	001004	001006	58	5.0	4.0	0,913	true	[001004, 001000, 001002, 001001, 001005, 001008, 001006]
3976	1	001004	001006	59	25.0	5.0	0,932	true	[001004, 001000, 001002, 001001, 001006]
3977	1	001004	001006	60	34.0	3.0	0,922	true	[001004, 001000, 001002, 001001, 001007, 001008, 001003, 001006]
3978	1	001004	001006	61	22.0	3.0	0,895	true	[001004, 001000, 001002, 001001, 001007, 001008, 001005, 001006]
3979	1	001004	001006	62	27.0	3.0	0,922	true	[001004, 001000, 001002, 001001, 001007, 001008, 001006]
3980	1	001004	001006	63	34.0	3.0	0,922	true	[001004, 001000, 001002, 001001, 001008, 001003, 001006]
3981	1	001004	001006	64	22.0	3.0	0,895	true	[001004, 001000, 001002, 001001, 001008, 001005, 001006]
3982	1	001004	001006	65	27.0	3.0	0,922	true	[001004, 001000, 001002, 001001, 001008, 001006]
3983	1	001004	001006	66	5.0	4.0	0,895	true	[001004, 001000, 001002, 001003, 001001, 001005, 001006]
3984	1	001004	001006	67	5.0	4.0	0,922	true	[001004, 001000, 001002, 001003, 001001, 001005, 001008, 001006]
3985	1	001004	001006	68	17.0	4.0	0,941	true	[001004, 001000, 001002, 001003, 001001, 001006]
3986	1	001004	001006	69	17.0	3.0	0,904	true	[001004, 001000, 001002, 001003, 001001, 001007, 001008, 001005, 001006]
3987	1	001004	001006	70	17.0	3.0	0,932	true	[001004, 001000, 001002, 001003, 001001, 001007, 001008, 001006]
3988	1	001004	001006	71	17.0	3.0	0,904	true	[001004, 001000, 001002, 001003, 001001, 001008, 001005, 001006]
3989	1	001004	001006	72	17.0	3.0	0,932	true	[001004, 001000, 001002, 001003, 001001, 001008, 001006]
3990	1	001004	001006	73	22.0	6.0	0,960	true	[001004, 001000, 001002, 001003, 001006]
3991	1	001004	001006	74	5.0	3.0	0,885	true	[001004, 001000, 001002, 001003, 001008, 001001, 001005, 001006]
3992	1	001004	001006	75	22.0	3.0	0,932	true	[001004, 001000, 001002, 001003, 001008, 001001, 001006]
3993	1	001004	001006	76	5.0	4.0	0,922	true	[001004, 001000, 001002, 001003, 001008, 001005, 001001, 001006]
3994	1	001004	001006	77	22.0	4.0	0,931	true	[001004, 001000, 001002, 001003, 001008, 001005, 001006]
3995	1	001004	001006	78	22.0	6.0	0,960	true	[001004, 001000, 001002, 001003, 001008, 001006]
3996	1	001004	001006	79	5.0	3.0	0,885	true	[001004, 001000, 001002, 001003, 001008, 001007, 001001, 001005, 001006]
3997	1	001004	001006	80	22.0	3.0	0,932	true	[001004, 001000, 001002, 001003, 001008, 001007, 001001, 001006]
3998	1	001004	001006	81	5.0	4.0	0,922	true	[001004, 001000, 001002, 001005, 001001, 001003, 001006]
3999	1	001004	001006	82	5.0	4.0	0,922	true	[001004, 001000, 001002, 001005, 001001, 001003, 001008, 001006]
4000	1	001004	001006	83	5.0	5.0	0,922	true	[001004, 001000, 001002, 001005, 001001, 001006]
4001	1	001004	001006	84	5.0	3.0	0,913	true	[001004, 001000, 001002, 001005, 001001, 001007, 001008, 001003, 001006]
4002	1	001004	001006	85	5.0	3.0	0,913	true	[001004, 001000, 001002, 001005, 001001, 001007, 001008, 001006]
4003	1	001004	001006	86	5.0	3.0	0,913	true	[001004, 001000, 001002, 001005, 001001, 001008, 001003, 001006]
4004	1	001004	001006	87	5.0	3.0	0,913	true	[001004, 001000, 001002, 001005, 001001, 001008, 001006]
4005	1	001004	001006	88	27.0	5.0	0,931	true	[001004, 001000, 001002, 001005, 001006]
4006	1	001004	001006	89	17.0	3.0	0,932	true	[001004, 001000, 001002, 001005, 001008, 001001, 001003, 001006]
4007	1	001004	001006	90	22.0	3.0	0,932	true	[001004, 001000, 001002, 001005, 001008, 001001, 001006]
4008	1	001004	001006	91	17.0	4.0	0,941	true	[001004, 001000, 001002, 001005, 001008, 001003, 001001, 001006]
4009	1	001004	001006	92	22.0	4.0	0,960	true	[001004, 001000, 001002, 001005, 001008, 001003, 001006]
4010	1	001004	001006	93	22.0	4.0	0,960	true	[001004, 001000, 001002, 001005, 001008, 001006]
4011	1	001004	001006	94	17.0	3.0	0,932	true	[001004, 001000, 001002, 001005, 001008, 001007, 001001, 001003, 001006]
4012	1	001004	001006	95	22.0	3.0	0,932	true	[001004, 001000, 001002, 001005, 001008, 001007, 001001, 001006]
4013	1	001004	001006	96	21.0	5.0	0,941	true	[001004, 001000, 001002, 001006]
4014	1	001004	001006	97	17.0	3.0	0,885	true	[001004, 001000, 001002, 001008, 001001, 001003, 001006]
4015	1	001004	001006	98	5.0	3.0	0,841	true	[001004, 001000, 001002, 001008, 001001, 001005, 001006]
4016	1	001004	001006	99	25.0	3.0	0,885	true	[001004, 001000, 001002, 001008, 001001, 001006]
4017	1	001004	001006	100	5.0	4.0	0,850	true	[001004, 001000, 001002, 001008, 001003, 001001, 001005, 001006]
4018	1	001004	001006	101	17.0	4.0	0,894	true	[001004, 001000, 001002, 001008, 001003, 001001, 001006]
4019	1	001004	001006	102	34.0	6.0	0,912	true	[001004, 001000, 001002, 001008, 001003, 001006]
4020	1	001004	001006	103	27.0	6.0	0,912	true	[001004, 001000, 001002, 001008, 001006]
4021	1	001004	001006	104	47.0	5.0	0,960	true	[001004, 001000, 001006]
4022	1	001004	001006	105	33.0	9.0	0,960	true	[001004, 001006]
4023	2	002004	002003	0	38.0	5.0	0,941	true	[002004, 002000, 002003]
4024	2	002004	002003	1	9.0	3.0	0,841	true	[002004, 002000, 002007, 002001, 002002, 002005, 002003]
4025	2	002004	002003	2	16.0	3.0	0,815	true	[002004, 002000, 002007, 002001, 002002, 002005, 002006, 002003]
4026	2	002004	002003	3	5.0	3.0	0,841	true	[002004, 002000, 002007, 002001, 002002, 002005, 002008, 002003]
4027	2	002004	002003	4	16.0	3.0	0,849	true	[002004, 002000, 002007, 002001, 002002, 002006, 002003]
4028	2	002004	002003	5	9.0	3.0	0,824	true	[002004, 002000, 002007, 002001, 002002, 002006, 002005, 002003]
4029	2	002004	002003	6	5.0	3.0	0,824	true	[002004, 002000, 002007, 002001, 002002, 002006, 002005, 002008, 002003]
4030	2	002004	002003	7	16.0	5.0	0,922	true	[002004, 002000, 002007, 002001, 002003]
4031	2	002004	002003	8	9.0	3.0	0,799	true	[002004, 002000, 002007, 002001, 002005, 002002, 002006, 002003]
4032	2	002004	002003	9	9.0	3.0	0,858	true	[002004, 002000, 002007, 002001, 002005, 002003]
4033	2	002004	002003	10	9.0	3.0	0,832	true	[002004, 002000, 002007, 002001, 002005, 002006, 002003]
4034	2	002004	002003	11	5.0	3.0	0,859	true	[002004, 002000, 002007, 002001, 002005, 002008, 002003]
4035	2	002004	002003	12	9.0	5.0	0,815	true	[002004, 002000, 002007, 002001, 002006, 002002, 002005, 002003]
4036	2	002004	002003	13	5.0	3.0	0,816	true	[002004, 002000, 002007, 002001, 002006, 002002, 002005, 002008, 002003]
4037	2	002004	002003	14	16.0	5.0	0,876	true	[002004, 002000, 002007, 002001, 002006, 002003]
4038	2	002004	002003	15	9.0	5.0	0,849	true	[002004, 002000, 002007, 002001, 002006, 002005, 002003]
4039	2	002004	002003	16	5.0	3.0	0,850	true	[002004, 002000, 002007, 002001, 002006, 002005, 002008, 002003]
4040	2	002004	002003	17	16.0	5.0	0,941	true	[002004, 002000, 002007, 002003]
4041	2	002004	002003	18	9.0	3.0	0,807	true	[002004, 002000, 002007, 002005, 002001, 002002, 002006, 002003]
4042	2	002004	002003	19	9.0	3.0	0,876	true	[002004, 002000, 002007, 002005, 002001, 002003]
4043	2	002004	002003	20	9.0	3.0	0,832	true	[002004, 002000, 002007, 002005, 002001, 002006, 002003]
4044	2	002004	002003	21	16.0	3.0	0,858	true	[002004, 002000, 002007, 002005, 002002, 002001, 002003]
4045	2	002004	002003	22	16.0	3.0	0,815	true	[002004, 002000, 002007, 002005, 002002, 002001, 002006, 002003]
4046	2	002004	002003	23	16.0	5.0	0,833	true	[002004, 002000, 002007, 002005, 002002, 002006, 002001, 002003]
4047	2	002004	002003	24	16.0	5.0	0,807	true	[002004, 002000, 002007, 002005, 002002, 002006, 002003]
4048	2	002004	002003	25	9.0	5.0	0,867	true	[002004, 002000, 002007, 002005, 002003]
4049	2	002004	002003	26	16.0	5.0	0,867	true	[002004, 002000, 002007, 002005, 002006, 002001, 002003]
4050	2	002004	002003	27	16.0	3.0	0,841	true	[002004, 002000, 002007, 002005, 002006, 002002, 002001, 002003]
4051	2	002004	002003	28	16.0	5.0	0,841	true	[002004, 002000, 002007, 002005, 002006, 002003]
4052	2	002004	002003	29	5.0	3.0	0,867	true	[002004, 002000, 002007, 002005, 002008, 002003]
4053	2	002004	002003	30	5.0	3.0	0,867	true	[002004, 002000, 002007, 002008, 002003]
4054	2	002004	002003	31	9.0	3.0	0,775	true	[002004, 002000, 002007, 002008, 002005, 002001, 002002, 002006, 002003]
4055	2	002004	002003	32	9.0	3.0	0,841	true	[002004, 002000, 002007, 002008, 002005, 002001, 002003]
4056	2	002004	002003	33	9.0	3.0	0,799	true	[002004, 002000, 002007, 002008, 002005, 002001, 002006, 002003]
4057	2	002004	002003	34	16.0	3.0	0,824	true	[002004, 002000, 002007, 002008, 002005, 002002, 002001, 002003]
4058	2	002004	002003	35	16.0	3.0	0,783	true	[002004, 002000, 002007, 002008, 002005, 002002, 002001, 002006, 002003]
4059	2	002004	002003	36	16.0	5.0	0,799	true	[002004, 002000, 002007, 002008, 002005, 002002, 002006, 002001, 002003]
4060	2	002004	002003	37	16.0	5.0	0,775	true	[002004, 002000, 002007, 002008, 002005, 002002, 002006, 002003]
4061	2	002004	002003	38	9.0	5.0	0,832	true	[002004, 002000, 002007, 002008, 002005, 002003]
4062	2	002004	002003	39	16.0	5.0	0,832	true	[002004, 002000, 002007, 002008, 002005, 002006, 002001, 002003]
4063	2	002004	002003	40	16.0	3.0	0,807	true	[002004, 002000, 002007, 002008, 002005, 002006, 002002, 002001, 002003]
4064	2	002004	002003	41	16.0	5.0	0,807	true	[002004, 002000, 002007, 002008, 002005, 002006, 002003]
4065	2	002004	002003	42	9.0	3.0	0,867	true	[002004, 002001, 002002, 002005, 002003]
4066	2	002004	002003	43	34.0	3.0	0,841	true	[002004, 002001, 002002, 002005, 002006, 002003]
4067	2	002004	002003	44	16.0	3.0	0,799	true	[002004, 002001, 002002, 002005, 002007, 002000, 002003]
4068	2	002004	002003	45	34.0	3.0	0,885	true	[002004, 002001, 002002, 002005, 002007, 002003]
4069	2	002004	002003	46	5.0	3.0	0,816	true	[002004, 002001, 002002, 002005, 002007, 002008, 002003]
4070	2	002004	002003	47	5.0	3.0	0,867	true	[002004, 002001, 002002, 002005, 002008, 002003]
4071	2	002004	002003	48	16.0	3.0	0,767	true	[002004, 002001, 002002, 002005, 002008, 002007, 002000, 002003]
4072	2	002004	002003	49	34.0	3.0	0,849	true	[002004, 002001, 002002, 002005, 002008, 002007, 002003]
4073	2	002004	002003	50	28.0	3.0	0,876	true	[002004, 002001, 002002, 002006, 002003]
4074	2	002004	002003	51	9.0	3.0	0,850	true	[002004, 002001, 002002, 002006, 002005, 002003]
4075	2	002004	002003	52	16.0	3.0	0,783	true	[002004, 002001, 002002, 002006, 002005, 002007, 002000, 002003]
4076	2	002004	002003	53	28.0	3.0	0,867	true	[002004, 002001, 002002, 002006, 002005, 002007, 002003]
4077	2	002004	002003	54	5.0	3.0	0,799	true	[002004, 002001, 002002, 002006, 002005, 002007, 002008, 002003]
4078	2	002004	002003	55	5.0	3.0	0,850	true	[002004, 002001, 002002, 002006, 002005, 002008, 002003]
4079	2	002004	002003	56	16.0	3.0	0,751	true	[002004, 002001, 002002, 002006, 002005, 002008, 002007, 002000, 002003]
4080	2	002004	002003	57	28.0	3.0	0,833	true	[002004, 002001, 002002, 002006, 002005, 002008, 002007, 002003]
4081	2	002004	002003	58	54.0	9.0	0,950	true	[002004, 002001, 002003]
4082	2	002004	002003	59	9.0	3.0	0,824	true	[002004, 002001, 002005, 002002, 002006, 002003]
4083	2	002004	002003	60	9.0	3.0	0,885	true	[002004, 002001, 002005, 002003]
4084	2	002004	002003	61	9.0	3.0	0,858	true	[002004, 002001, 002005, 002006, 002003]
4085	2	002004	002003	62	9.0	3.0	0,815	true	[002004, 002001, 002005, 002007, 002000, 002003]
4086	2	002004	002003	63	9.0	3.0	0,903	true	[002004, 002001, 002005, 002007, 002003]
4087	2	002004	002003	64	5.0	3.0	0,832	true	[002004, 002001, 002005, 002007, 002008, 002003]
4088	2	002004	002003	65	5.0	3.0	0,885	true	[002004, 002001, 002005, 002008, 002003]
4089	2	002004	002003	66	9.0	3.0	0,782	true	[002004, 002001, 002005, 002008, 002007, 002000, 002003]
4090	2	002004	002003	67	9.0	3.0	0,867	true	[002004, 002001, 002005, 002008, 002007, 002003]
4091	2	002004	002003	68	9.0	7.0	0,841	true	[002004, 002001, 002006, 002002, 002005, 002003]
4092	2	002004	002003	69	16.0	5.0	0,775	true	[002004, 002001, 002006, 002002, 002005, 002007, 002000, 002003]
4093	2	002004	002003	70	26.0	7.0	0,858	true	[002004, 002001, 002006, 002002, 002005, 002007, 002003]
4094	2	002004	002003	71	5.0	3.0	0,791	true	[002004, 002001, 002006, 002002, 002005, 002007, 002008, 002003]
4095	2	002004	002003	72	5.0	3.0	0,841	true	[002004, 002001, 002006, 002002, 002005, 002008, 002003]
4096	2	002004	002003	73	16.0	5.0	0,744	true	[002004, 002001, 002006, 002002, 002005, 002008, 002007, 002000, 002003]
4097	2	002004	002003	74	26.0	7.0	0,824	true	[002004, 002001, 002006, 002002, 002005, 002008, 002007, 002003]
4098	2	002004	002003	75	26.0	7.0	0,903	true	[002004, 002001, 002006, 002003]
4099	2	002004	002003	76	9.0	7.0	0,876	true	[002004, 002001, 002006, 002005, 002003]
4100	2	002004	002003	77	16.0	5.0	0,807	true	[002004, 002001, 002006, 002005, 002007, 002000, 002003]
4101	2	002004	002003	78	26.0	7.0	0,894	true	[002004, 002001, 002006, 002005, 002007, 002003]
4102	2	002004	002003	79	5.0	3.0	0,824	true	[002004, 002001, 002006, 002005, 002007, 002008, 002003]
4103	2	002004	002003	80	5.0	3.0	0,876	true	[002004, 002001, 002006, 002005, 002008, 002003]
4104	2	002004	002003	81	16.0	5.0	0,775	true	[002004, 002001, 002006, 002005, 002008, 002007, 002000, 002003]
4105	2	002004	002003	82	26.0	7.0	0,858	true	[002004, 002001, 002006, 002005, 002008, 002007, 002003]
4106	2	002004	002003	83	16.0	5.0	0,858	true	[002004, 002001, 002007, 002000, 002003]
4107	2	002004	002003	84	54.0	8.0	0,950	true	[002004, 002001, 002007, 002003]
4108	2	002004	002003	85	28.0	7.0	0,816	true	[002004, 002001, 002007, 002005, 002002, 002006, 002003]
4109	2	002004	002003	86	9.0	7.0	0,876	true	[002004, 002001, 002007, 002005, 002003]
4110	2	002004	002003	87	36.0	7.0	0,850	true	[002004, 002001, 002007, 002005, 002006, 002003]
4111	2	002004	002003	88	5.0	3.0	0,876	true	[002004, 002001, 002007, 002005, 002008, 002003]
4112	2	002004	002003	89	5.0	3.0	0,876	true	[002004, 002001, 002007, 002008, 002003]
4113	2	002004	002003	90	28.0	7.0	0,783	true	[002004, 002001, 002007, 002008, 002005, 002002, 002006, 002003]
4114	2	002004	002003	91	9.0	7.0	0,841	true	[002004, 002001, 002007, 002008, 002005, 002003]
4115	2	002004	002003	92	36.0	7.0	0,815	true	[002004, 002001, 002007, 002008, 002005, 002006, 002003]
4116	2	002004	002003	93	28.0	3.0	0,980	true	[002004, 002002, 002001, 002003]
4117	2	002004	002003	94	9.0	3.0	0,912	true	[002004, 002002, 002001, 002005, 002003]
4118	2	002004	002003	95	9.0	3.0	0,885	true	[002004, 002002, 002001, 002005, 002006, 002003]
4119	2	002004	002003	96	9.0	3.0	0,841	true	[002004, 002002, 002001, 002005, 002007, 002000, 002003]
4120	2	002004	002003	97	9.0	3.0	0,931	true	[002004, 002002, 002001, 002005, 002007, 002003]
4121	2	002004	002003	98	5.0	3.0	0,858	true	[002004, 002002, 002001, 002005, 002007, 002008, 002003]
4122	2	002004	002003	99	5.0	3.0	0,913	true	[002004, 002002, 002001, 002005, 002008, 002003]
4123	2	002004	002003	100	9.0	3.0	0,807	true	[002004, 002002, 002001, 002005, 002008, 002007, 002000, 002003]
4124	2	002004	002003	101	9.0	3.0	0,894	true	[002004, 002002, 002001, 002005, 002008, 002007, 002003]
4125	3	003002	003003	0	25.0	4.0	0,894	true	[003002, 003000, 003001, 003005, 003003]
4126	3	003002	003003	1	18.0	5.0	0,867	true	[003002, 003000, 003001, 003005, 003004, 003007, 003006, 003003]
4127	3	003002	003003	2	18.0	5.0	0,824	true	[003002, 003000, 003001, 003005, 003004, 003007, 003006, 003008, 003003]
4128	3	003002	003003	3	18.0	5.0	0,850	true	[003002, 003000, 003001, 003005, 003004, 003007, 003008, 003003]
4129	3	003002	003003	4	18.0	5.0	0,807	true	[003002, 003000, 003001, 003005, 003004, 003007, 003008, 003006, 003003]
4130	3	003002	003003	5	25.0	5.0	0,894	true	[003002, 003000, 003001, 003005, 003004, 003008, 003003]
4131	3	003002	003003	6	25.0	5.0	0,849	true	[003002, 003000, 003001, 003005, 003004, 003008, 003006, 003003]
4132	3	003002	003003	7	25.0	5.0	0,858	true	[003002, 003000, 003001, 003005, 003004, 003008, 003007, 003006, 003003]
4133	3	003002	003003	8	24.0	5.0	0,885	true	[003002, 003000, 003001, 003005, 003006, 003003]
4134	3	003002	003003	9	18.0	5.0	0,859	true	[003002, 003000, 003001, 003005, 003006, 003007, 003004, 003008, 003003]
4135	3	003002	003003	10	24.0	5.0	0,850	true	[003002, 003000, 003001, 003005, 003006, 003007, 003008, 003003]
4136	3	003002	003003	11	24.0	5.0	0,841	true	[003002, 003000, 003001, 003005, 003006, 003008, 003003]
4137	3	003002	003003	12	18.0	5.0	0,832	true	[003002, 003000, 003001, 003005, 003007, 003004, 003008, 003003]
4138	3	003002	003003	13	18.0	5.0	0,791	true	[003002, 003000, 003001, 003005, 003007, 003004, 003008, 003006, 003003]
4139	3	003002	003003	14	21.0	5.0	0,841	true	[003002, 003000, 003001, 003005, 003007, 003006, 003003]
4140	3	003002	003003	15	21.0	5.0	0,799	true	[003002, 003000, 003001, 003005, 003007, 003006, 003008, 003003]
4141	3	003002	003003	16	21.0	5.0	0,824	true	[003002, 003000, 003001, 003005, 003007, 003008, 003003]
4142	3	003002	003003	17	21.0	5.0	0,783	true	[003002, 003000, 003001, 003005, 003007, 003008, 003006, 003003]
4143	3	003002	003003	18	25.0	5.0	0,876	true	[003002, 003000, 003001, 003005, 003008, 003003]
4144	3	003002	003003	19	18.0	5.0	0,850	true	[003002, 003000, 003001, 003005, 003008, 003004, 003007, 003006, 003003]
4145	3	003002	003003	20	25.0	5.0	0,832	true	[003002, 003000, 003001, 003005, 003008, 003006, 003003]
4146	3	003002	003003	21	25.0	5.0	0,841	true	[003002, 003000, 003001, 003005, 003008, 003007, 003006, 003003]
4147	3	003002	003003	22	25.0	3.0	0,931	true	[003002, 003000, 003001, 003006, 003003]
4148	3	003002	003003	23	24.0	3.0	0,922	true	[003002, 003000, 003001, 003006, 003005, 003003]
4149	3	003002	003003	24	18.0	3.0	0,876	true	[003002, 003000, 003001, 003006, 003005, 003004, 003007, 003008, 003003]
4150	3	003002	003003	25	24.0	3.0	0,922	true	[003002, 003000, 003001, 003006, 003005, 003004, 003008, 003003]
4151	3	003002	003003	26	18.0	3.0	0,858	true	[003002, 003000, 003001, 003006, 003005, 003007, 003004, 003008, 003003]
4152	3	003002	003003	27	21.0	3.0	0,850	true	[003002, 003000, 003001, 003006, 003005, 003007, 003008, 003003]
4153	3	003002	003003	28	24.0	3.0	0,903	true	[003002, 003000, 003001, 003006, 003005, 003008, 003003]
4154	3	003002	003003	29	18.0	3.0	0,903	true	[003002, 003000, 003001, 003006, 003007, 003004, 003005, 003003]
4155	3	003002	003003	30	18.0	3.0	0,885	true	[003002, 003000, 003001, 003006, 003007, 003004, 003005, 003008, 003003]
4156	3	003002	003003	31	18.0	3.0	0,903	true	[003002, 003000, 003001, 003006, 003007, 003004, 003008, 003003]
4157	3	003002	003003	32	18.0	3.0	0,885	true	[003002, 003000, 003001, 003006, 003007, 003004, 003008, 003005, 003003]
4158	3	003002	003003	33	21.0	3.0	0,876	true	[003002, 003000, 003001, 003006, 003007, 003005, 003003]
4159	3	003002	003003	34	21.0	3.0	0,876	true	[003002, 003000, 003001, 003006, 003007, 003005, 003004, 003008, 003003]
4160	3	003002	003003	35	21.0	3.0	0,858	true	[003002, 003000, 003001, 003006, 003007, 003005, 003008, 003003]
4161	3	003002	003003	36	25.0	3.0	0,894	true	[003002, 003000, 003001, 003006, 003007, 003008, 003003]
4162	3	003002	003003	37	25.0	3.0	0,894	true	[003002, 003000, 003001, 003006, 003007, 003008, 003004, 003005, 003003]
4163	3	003002	003003	38	25.0	3.0	0,876	true	[003002, 003000, 003001, 003006, 003007, 003008, 003005, 003003]
4164	3	003002	003003	39	25.0	3.0	0,885	true	[003002, 003000, 003001, 003006, 003008, 003003]
4165	3	003002	003003	40	25.0	3.0	0,885	true	[003002, 003000, 003001, 003006, 003008, 003004, 003005, 003003]
4166	3	003002	003003	41	18.0	3.0	0,824	true	[003002, 003000, 003001, 003006, 003008, 003004, 003007, 003005, 003003]
4167	3	003002	003003	42	25.0	3.0	0,867	true	[003002, 003000, 003001, 003006, 003008, 003005, 003003]
4168	3	003002	003003	43	18.0	3.0	0,841	true	[003002, 003000, 003001, 003006, 003008, 003007, 003004, 003005, 003003]
4169	3	003002	003003	44	21.0	3.0	0,815	true	[003002, 003000, 003001, 003006, 003008, 003007, 003005, 003003]
4170	3	003002	003003	45	25.0	4.0	0,885	true	[003002, 003000, 003001, 003008, 003003]
4171	3	003002	003003	46	25.0	4.0	0,885	true	[003002, 003000, 003001, 003008, 003004, 003005, 003003]
4172	3	003002	003003	47	24.0	4.0	0,876	true	[003002, 003000, 003001, 003008, 003004, 003005, 003006, 003003]
4173	3	003002	003003	48	21.0	4.0	0,832	true	[003002, 003000, 003001, 003008, 003004, 003005, 003007, 003006, 003003]
4174	3	003002	003003	49	18.0	4.0	0,824	true	[003002, 003000, 003001, 003008, 003004, 003007, 003005, 003003]
4175	3	003002	003003	50	18.0	4.0	0,815	true	[003002, 003000, 003001, 003008, 003004, 003007, 003005, 003006, 003003]
4176	3	003002	003003	51	18.0	4.0	0,858	true	[003002, 003000, 003001, 003008, 003004, 003007, 003006, 003003]
4177	3	003002	003003	52	18.0	4.0	0,850	true	[003002, 003000, 003001, 003008, 003004, 003007, 003006, 003005, 003003]
4178	3	003002	003003	53	25.0	4.0	0,867	true	[003002, 003000, 003001, 003008, 003005, 003003]
4179	3	003002	003003	54	18.0	4.0	0,841	true	[003002, 003000, 003001, 003008, 003005, 003004, 003007, 003006, 003003]
4180	3	003002	003003	55	24.0	4.0	0,858	true	[003002, 003000, 003001, 003008, 003005, 003006, 003003]
4181	3	003002	003003	56	21.0	4.0	0,815	true	[003002, 003000, 003001, 003008, 003005, 003007, 003006, 003003]
4182	3	003002	003003	57	25.0	4.0	0,840	true	[003002, 003000, 003001, 003008, 003006, 003003]
4183	3	003002	003003	58	24.0	4.0	0,832	true	[003002, 003000, 003001, 003008, 003006, 003005, 003003]
4184	3	003002	003003	59	18.0	4.0	0,815	true	[003002, 003000, 003001, 003008, 003006, 003007, 003004, 003005, 003003]
4185	3	003002	003003	60	21.0	4.0	0,790	true	[003002, 003000, 003001, 003008, 003006, 003007, 003005, 003003]
4186	3	003002	003003	61	18.0	4.0	0,841	true	[003002, 003000, 003001, 003008, 003007, 003004, 003005, 003003]
4187	3	003002	003003	62	18.0	4.0	0,833	true	[003002, 003000, 003001, 003008, 003007, 003004, 003005, 003006, 003003]
4188	3	003002	003003	63	21.0	4.0	0,815	true	[003002, 003000, 003001, 003008, 003007, 003005, 003003]
4189	3	003002	003003	64	21.0	4.0	0,807	true	[003002, 003000, 003001, 003008, 003007, 003005, 003006, 003003]
4190	3	003002	003003	65	25.0	4.0	0,850	true	[003002, 003000, 003001, 003008, 003007, 003006, 003003]
4191	3	003002	003003	66	24.0	4.0	0,841	true	[003002, 003000, 003001, 003008, 003007, 003006, 003005, 003003]
4192	3	003002	003003	67	25.0	3.0	0,885	true	[003002, 003000, 003004, 003005, 003001, 003006, 003003]
4193	3	003002	003003	68	25.0	3.0	0,850	true	[003002, 003000, 003004, 003005, 003001, 003006, 003007, 003008, 003003]
4194	3	003002	003003	69	25.0	3.0	0,840	true	[003002, 003000, 003004, 003005, 003001, 003006, 003008, 003003]
4195	3	003002	003003	70	25.0	4.0	0,840	true	[003002, 003000, 003004, 003005, 003001, 003008, 003003]
4196	3	003002	003003	71	25.0	4.0	0,798	true	[003002, 003000, 003004, 003005, 003001, 003008, 003006, 003003]
4197	3	003002	003003	72	25.0	4.0	0,807	true	[003002, 003000, 003004, 003005, 003001, 003008, 003007, 003006, 003003]
4198	3	003002	003003	73	25.0	4.0	0,922	true	[003002, 003000, 003004, 003005, 003003]
4199	3	003002	003003	74	24.0	3.0	0,867	true	[003002, 003000, 003004, 003005, 003006, 003001, 003008, 003003]
4200	3	003002	003003	75	24.0	4.0	0,912	true	[003002, 003000, 003004, 003005, 003006, 003003]
4201	3	003002	003003	76	24.0	4.0	0,876	true	[003002, 003000, 003004, 003005, 003006, 003007, 003008, 003003]
4202	3	003002	003003	77	24.0	4.0	0,867	true	[003002, 003000, 003004, 003005, 003006, 003008, 003003]
4203	3	003002	003003	78	21.0	3.0	0,823	true	[003002, 003000, 003004, 003005, 003007, 003006, 003001, 003008, 003003]
4204	3	003002	003003	79	21.0	4.0	0,867	true	[003002, 003000, 003004, 003005, 003007, 003006, 003003]
4205	3	003002	003003	80	21.0	4.0	0,823	true	[003002, 003000, 003004, 003005, 003007, 003006, 003008, 003003]
4206	3	003002	003003	81	21.0	3.0	0,807	true	[003002, 003000, 003004, 003005, 003007, 003008, 003001, 003006, 003003]
4207	3	003002	003003	82	21.0	4.0	0,849	true	[003002, 003000, 003004, 003005, 003007, 003008, 003003]
4208	3	003002	003003	83	21.0	4.0	0,807	true	[003002, 003000, 003004, 003005, 003007, 003008, 003006, 003003]
4209	3	003002	003003	84	25.0	3.0	0,858	true	[003002, 003000, 003004, 003005, 003008, 003001, 003006, 003003]
4210	3	003002	003003	85	25.0	4.0	0,903	true	[003002, 003000, 003004, 003005, 003008, 003003]
4211	3	003002	003003	86	25.0	4.0	0,858	true	[003002, 003000, 003004, 003005, 003008, 003006, 003003]
4212	3	003002	003003	87	25.0	4.0	0,867	true	[003002, 003000, 003004, 003005, 003008, 003007, 003006, 003003]
4213	3	003002	003003	88	18.0	3.0	0,824	true	[003002, 003000, 003004, 003007, 003005, 003001, 003006, 003003]
4214	3	003002	003003	89	18.0	3.0	0,783	true	[003002, 003000, 003004, 003007, 003005, 003001, 003006, 003008, 003003]
4215	3	003002	003003	90	18.0	4.0	0,783	true	[003002, 003000, 003004, 003007, 003005, 003001, 003008, 003003]
4216	3	003002	003003	91	18.0	4.0	0,743	true	[003002, 003000, 003004, 003007, 003005, 003001, 003008, 003006, 003003]
4217	3	003002	003003	92	18.0	4.0	0,858	true	[003002, 003000, 003004, 003007, 003005, 003003]
4218	3	003002	003003	93	18.0	3.0	0,807	true	[003002, 003000, 003004, 003007, 003005, 003006, 003001, 003008, 003003]
4219	3	003002	003003	94	18.0	4.0	0,849	true	[003002, 003000, 003004, 003007, 003005, 003006, 003003]
4220	3	003002	003003	95	18.0	4.0	0,807	true	[003002, 003000, 003004, 003007, 003005, 003006, 003008, 003003]
4221	3	003002	003003	96	18.0	3.0	0,799	true	[003002, 003000, 003004, 003007, 003005, 003008, 003001, 003006, 003003]
4222	3	003002	003003	97	18.0	4.0	0,841	true	[003002, 003000, 003004, 003007, 003005, 003008, 003003]
4223	3	003002	003003	98	18.0	4.0	0,799	true	[003002, 003000, 003004, 003007, 003005, 003008, 003006, 003003]
4224	3	003002	003003	99	18.0	3.0	0,858	true	[003002, 003000, 003004, 003007, 003006, 003001, 003005, 003003]
4225	3	003002	003003	100	18.0	3.0	0,841	true	[003002, 003000, 003004, 003007, 003006, 003001, 003005, 003008, 003003]
4226	3	003002	003003	101	18.0	4.0	0,894	true	[003002, 003000, 003004, 003007, 003006, 003003]
4227	4	004003	004006	0	14.0	3.0	0,791	true	[004003, 004000, 004001, 004004, 004002, 004007, 004005, 004006]
4228	4	004003	004006	1	14.0	4.0	0,815	true	[004003, 004000, 004001, 004004, 004002, 004007, 004006]
4229	4	004003	004006	2	7.0	4.0	0,824	true	[004003, 004000, 004001, 004004, 004002, 004008, 004006]
4230	4	004003	004006	3	14.0	4.0	0,867	true	[004003, 004000, 004001, 004004, 004006]
4231	4	004003	004006	4	7.0	4.0	0,807	true	[004003, 004000, 004001, 004004, 004007, 004002, 004008, 004006]
4232	4	004003	004006	5	14.0	3.0	0,791	true	[004003, 004000, 004001, 004004, 004007, 004005, 004006]
4233	4	004003	004006	6	14.0	4.0	0,815	true	[004003, 004000, 004001, 004004, 004007, 004006]
4234	4	004003	004006	7	7.0	3.0	0,759	true	[004003, 004000, 004001, 004004, 004008, 004002, 004007, 004005, 004006]
4235	4	004003	004006	8	7.0	4.0	0,783	true	[004003, 004000, 004001, 004004, 004008, 004002, 004007, 004006]
4236	4	004003	004006	9	14.0	4.0	0,841	true	[004003, 004000, 004001, 004004, 004008, 004006]
4237	4	004003	004006	10	14.0	4.0	0,894	true	[004003, 004000, 004001, 004005, 004006]
4238	4	004003	004006	11	14.0	3.0	0,850	true	[004003, 004000, 004001, 004005, 004007, 004002, 004004, 004006]
4239	4	004003	004006	12	14.0	3.0	0,824	true	[004003, 004000, 004001, 004005, 004007, 004002, 004004, 004008, 004006]
4240	4	004003	004006	13	7.0	3.0	0,816	true	[004003, 004000, 004001, 004005, 004007, 004002, 004008, 004004, 004006]
4241	4	004003	004006	14	7.0	3.0	0,824	true	[004003, 004000, 004001, 004005, 004007, 004002, 004008, 004006]
4242	4	004003	004006	15	7.0	3.0	0,807	true	[004003, 004000, 004001, 004005, 004007, 004004, 004002, 004008, 004006]
4243	4	004003	004006	16	14.0	3.0	0,849	true	[004003, 004000, 004001, 004005, 004007, 004004, 004006]
4244	4	004003	004006	17	14.0	3.0	0,824	true	[004003, 004000, 004001, 004005, 004007, 004004, 004008, 004006]
4245	4	004003	004006	18	14.0	3.0	0,832	true	[004003, 004000, 004001, 004005, 004007, 004006]
4246	4	004003	004006	19	14.0	4.0	0,876	true	[004003, 004000, 004001, 004006]
4247	4	004003	004006	20	7.0	4.0	0,850	true	[004003, 004000, 004001, 004008, 004002, 004004, 004006]
4248	4	004003	004006	21	7.0	3.0	0,775	true	[004003, 004000, 004001, 004008, 004002, 004004, 004007, 004005, 004006]
4249	4	004003	004006	22	7.0	4.0	0,799	true	[004003, 004000, 004001, 004008, 004002, 004004, 004007, 004006]
4250	4	004003	004006	23	7.0	4.0	0,833	true	[004003, 004000, 004001, 004008, 004002, 004007, 004004, 004006]
4251	4	004003	004006	24	7.0	3.0	0,791	true	[004003, 004000, 004001, 004008, 004002, 004007, 004005, 004006]
4252	4	004003	004006	25	7.0	4.0	0,816	true	[004003, 004000, 004001, 004008, 004002, 004007, 004006]
4253	4	004003	004006	26	14.0	3.0	0,791	true	[004003, 004000, 004001, 004008, 004004, 004002, 004007, 004005, 004006]
4254	4	004003	004006	27	14.0	4.0	0,816	true	[004003, 004000, 004001, 004008, 004004, 004002, 004007, 004006]
4255	4	004003	004006	28	14.0	4.0	0,867	true	[004003, 004000, 004001, 004008, 004004, 004006]
4256	4	004003	004006	29	14.0	3.0	0,791	true	[004003, 004000, 004001, 004008, 004004, 004007, 004005, 004006]
4257	4	004003	004006	30	14.0	4.0	0,816	true	[004003, 004000, 004001, 004008, 004004, 004007, 004006]
4258	4	004003	004006	31	14.0	4.0	0,876	true	[004003, 004000, 004001, 004008, 004006]
4259	4	004003	004006	32	15.0	5.0	0,960	true	[004003, 004000, 004006]
4260	4	004003	004006	33	13.0	5.0	0,832	true	[004003, 004000, 004007, 004002, 004004, 004001, 004005, 004006]
4261	4	004003	004006	34	13.0	5.0	0,815	true	[004003, 004000, 004007, 004002, 004004, 004001, 004006]
4262	4	004003	004006	35	13.0	5.0	0,816	true	[004003, 004000, 004007, 004002, 004004, 004001, 004008, 004006]
4263	4	004003	004006	36	13.0	7.0	0,894	true	[004003, 004000, 004007, 004002, 004004, 004006]
4264	4	004003	004006	37	13.0	7.0	0,833	true	[004003, 004000, 004007, 004002, 004004, 004008, 004001, 004005, 004006]
4265	4	004003	004006	38	13.0	7.0	0,816	true	[004003, 004000, 004007, 004002, 004004, 004008, 004001, 004006]
4266	4	004003	004006	39	13.0	5.0	0,867	true	[004003, 004000, 004007, 004002, 004004, 004008, 004006]
4267	4	004003	004006	40	7.0	5.0	0,807	true	[004003, 004000, 004007, 004002, 004008, 004001, 004004, 004006]
4268	4	004003	004006	41	7.0	7.0	0,833	true	[004003, 004000, 004007, 004002, 004008, 004001, 004005, 004006]
4269	4	004003	004006	42	7.0	7.0	0,816	true	[004003, 004000, 004007, 004002, 004008, 004001, 004006]
4270	4	004003	004006	43	7.0	5.0	0,799	true	[004003, 004000, 004007, 004002, 004008, 004004, 004001, 004005, 004006]
4271	4	004003	004006	44	7.0	5.0	0,783	true	[004003, 004000, 004007, 004002, 004008, 004004, 004001, 004006]
4272	4	004003	004006	45	7.0	7.0	0,859	true	[004003, 004000, 004007, 004002, 004008, 004004, 004006]
4273	4	004003	004006	46	7.0	5.0	0,867	true	[004003, 004000, 004007, 004002, 004008, 004006]
4274	4	004003	004006	47	13.0	5.0	0,832	true	[004003, 004000, 004007, 004004, 004001, 004005, 004006]
4275	4	004003	004006	48	13.0	5.0	0,815	true	[004003, 004000, 004007, 004004, 004001, 004006]
4276	4	004003	004006	49	13.0	5.0	0,816	true	[004003, 004000, 004007, 004004, 004001, 004008, 004006]
4277	4	004003	004006	50	7.0	6.0	0,816	true	[004003, 004000, 004007, 004004, 004002, 004008, 004001, 004005, 004006]
4278	4	004003	004006	51	7.0	6.0	0,799	true	[004003, 004000, 004007, 004004, 004002, 004008, 004001, 004006]
4279	4	004003	004006	52	7.0	5.0	0,850	true	[004003, 004000, 004007, 004004, 004002, 004008, 004006]
4280	4	004003	004006	53	13.0	6.0	0,894	true	[004003, 004000, 004007, 004004, 004006]
4281	4	004003	004006	54	13.0	6.0	0,833	true	[004003, 004000, 004007, 004004, 004008, 004001, 004005, 004006]
4282	4	004003	004006	55	13.0	6.0	0,816	true	[004003, 004000, 004007, 004004, 004008, 004001, 004006]
4283	4	004003	004006	56	13.0	5.0	0,867	true	[004003, 004000, 004007, 004004, 004008, 004006]
4284	4	004003	004006	57	7.0	3.0	0,783	true	[004003, 004000, 004007, 004005, 004001, 004004, 004002, 004008, 004006]
4285	4	004003	004006	58	13.0	3.0	0,823	true	[004003, 004000, 004007, 004005, 004001, 004004, 004006]
4286	4	004003	004006	59	13.0	3.0	0,799	true	[004003, 004000, 004007, 004005, 004001, 004004, 004008, 004006]
4287	4	004003	004006	60	13.0	3.0	0,832	true	[004003, 004000, 004007, 004005, 004001, 004006]
4288	4	004003	004006	61	7.0	3.0	0,807	true	[004003, 004000, 004007, 004005, 004001, 004008, 004002, 004004, 004006]
4289	4	004003	004006	62	13.0	3.0	0,824	true	[004003, 004000, 004007, 004005, 004001, 004008, 004004, 004006]
4290	4	004003	004006	63	13.0	3.0	0,832	true	[004003, 004000, 004007, 004005, 004001, 004008, 004006]
4291	4	004003	004006	64	13.0	3.0	0,849	true	[004003, 004000, 004007, 004005, 004006]
4292	4	004003	004006	65	13.0	5.0	0,876	true	[004003, 004000, 004007, 004006]
4293	4	004003	004006	66	22.0	3.0	0,767	true	[004003, 004000, 004008, 004001, 004004, 004002, 004007, 004005, 004006]
4294	4	004003	004006	67	22.0	5.0	0,791	true	[004003, 004000, 004008, 004001, 004004, 004002, 004007, 004006]
4295	4	004003	004006	68	22.0	5.0	0,841	true	[004003, 004000, 004008, 004001, 004004, 004006]
4296	4	004003	004006	69	22.0	3.0	0,767	true	[004003, 004000, 004008, 004001, 004004, 004007, 004005, 004006]
4297	4	004003	004006	70	22.0	5.0	0,791	true	[004003, 004000, 004008, 004001, 004004, 004007, 004006]
4298	4	004003	004006	71	44.0	7.0	0,867	true	[004003, 004000, 004008, 004001, 004005, 004006]
4299	4	004003	004006	72	26.0	3.0	0,824	true	[004003, 004000, 004008, 004001, 004005, 004007, 004002, 004004, 004006]
4300	4	004003	004006	73	57.0	3.0	0,824	true	[004003, 004000, 004008, 004001, 004005, 004007, 004004, 004006]
4301	4	004003	004006	74	49.0	3.0	0,807	true	[004003, 004000, 004008, 004001, 004005, 004007, 004006]
4302	4	004003	004006	75	47.0	7.0	0,849	true	[004003, 004000, 004008, 004001, 004006]
4303	4	004003	004006	76	7.0	5.0	0,816	true	[004003, 004000, 004008, 004002, 004004, 004001, 004005, 004006]
4304	4	004003	004006	77	7.0	3.0	0,759	true	[004003, 004000, 004008, 004002, 004004, 004001, 004005, 004007, 004006]
4305	4	004003	004006	78	7.0	5.0	0,799	true	[004003, 004000, 004008, 004002, 004004, 004001, 004006]
4306	4	004003	004006	79	7.0	7.0	0,876	true	[004003, 004000, 004008, 004002, 004004, 004006]
4307	4	004003	004006	80	7.0	3.0	0,783	true	[004003, 004000, 004008, 004002, 004004, 004007, 004005, 004001, 004006]
4308	4	004003	004006	81	7.0	3.0	0,799	true	[004003, 004000, 004008, 004002, 004004, 004007, 004005, 004006]
4309	4	004003	004006	82	7.0	5.0	0,824	true	[004003, 004000, 004008, 004002, 004004, 004007, 004006]
4310	4	004003	004006	83	7.0	5.0	0,799	true	[004003, 004000, 004008, 004002, 004007, 004004, 004001, 004005, 004006]
4311	4	004003	004006	84	7.0	5.0	0,783	true	[004003, 004000, 004008, 004002, 004007, 004004, 004001, 004006]
4312	4	004003	004006	85	7.0	6.0	0,859	true	[004003, 004000, 004008, 004002, 004007, 004004, 004006]
4313	4	004003	004006	86	7.0	3.0	0,791	true	[004003, 004000, 004008, 004002, 004007, 004005, 004001, 004004, 004006]
4314	4	004003	004006	87	7.0	3.0	0,799	true	[004003, 004000, 004008, 004002, 004007, 004005, 004001, 004006]
4315	4	004003	004006	88	7.0	3.0	0,816	true	[004003, 004000, 004008, 004002, 004007, 004005, 004006]
4316	4	004003	004006	89	7.0	5.0	0,841	true	[004003, 004000, 004008, 004002, 004007, 004006]
4317	4	004003	004006	90	22.0	5.0	0,832	true	[004003, 004000, 004008, 004004, 004001, 004005, 004006]
4318	4	004003	004006	91	22.0	3.0	0,774	true	[004003, 004000, 004008, 004004, 004001, 004005, 004007, 004006]
4319	4	004003	004006	92	22.0	5.0	0,815	true	[004003, 004000, 004008, 004004, 004001, 004006]
4320	4	004003	004006	93	22.0	3.0	0,799	true	[004003, 004000, 004008, 004004, 004002, 004007, 004005, 004001, 004006]
4321	4	004003	004006	94	22.0	3.0	0,816	true	[004003, 004000, 004008, 004004, 004002, 004007, 004005, 004006]
4322	4	004003	004006	95	22.0	5.0	0,841	true	[004003, 004000, 004008, 004004, 004002, 004007, 004006]
4323	4	004003	004006	96	22.0	7.0	0,894	true	[004003, 004000, 004008, 004004, 004006]
4324	4	004003	004006	97	22.0	3.0	0,799	true	[004003, 004000, 004008, 004004, 004007, 004005, 004001, 004006]
4325	4	004003	004006	98	22.0	3.0	0,816	true	[004003, 004000, 004008, 004004, 004007, 004005, 004006]
4326	4	004003	004006	99	22.0	5.0	0,841	true	[004003, 004000, 004008, 004004, 004007, 004006]
4327	4	004003	004006	100	22.0	5.0	0,903	true	[004003, 004000, 004008, 004006]
4328	4	004003	004006	101	47.0	10.0	0,990	true	[004003, 004006]
4329	5	005007	005000	0	53.0	3.0	0,980	true	[005007, 005000]
4330	5	005007	005000	1	52.0	9.0	0,960	true	[005007, 005001, 005000]
4331	5	005007	005000	2	19.0	3.0	0,876	true	[005007, 005001, 005002, 005003, 005000]
4332	5	005007	005000	3	19.0	3.0	0,824	true	[005007, 005001, 005002, 005003, 005004, 005005, 005000]
4333	5	005007	005000	4	19.0	3.0	0,799	true	[005007, 005001, 005002, 005003, 005004, 005005, 005006, 005000]
4334	5	005007	005000	5	19.0	3.0	0,767	true	[005007, 005001, 005002, 005003, 005004, 005005, 005006, 005008, 005000]
4335	5	005007	005000	6	13.0	3.0	0,808	true	[005007, 005001, 005002, 005003, 005004, 005005, 005008, 005000]
4336	5	005007	005000	7	13.0	3.0	0,759	true	[005007, 005001, 005002, 005003, 005004, 005005, 005008, 005006, 005000]
4337	5	005007	005000	8	12.0	3.0	0,816	true	[005007, 005001, 005002, 005003, 005004, 005006, 005000]
4338	5	005007	005000	9	12.0	3.0	0,824	true	[005007, 005001, 005002, 005003, 005004, 005006, 005005, 005000]
4339	5	005007	005000	10	12.0	3.0	0,808	true	[005007, 005001, 005002, 005003, 005004, 005006, 005005, 005008, 005000]
4340	5	005007	005000	11	12.0	3.0	0,783	true	[005007, 005001, 005002, 005003, 005004, 005006, 005008, 005000]
4341	5	005007	005000	12	12.0	3.0	0,783	true	[005007, 005001, 005002, 005003, 005004, 005006, 005008, 005005, 005000]
4342	5	005007	005000	13	19.0	4.0	0,867	true	[005007, 005001, 005002, 005003, 005006, 005000]
4343	5	005007	005000	14	12.0	5.0	0,842	true	[005007, 005001, 005002, 005003, 005006, 005004, 005005, 005000]
4344	5	005007	005000	15	12.0	4.0	0,825	true	[005007, 005001, 005002, 005003, 005006, 005004, 005005, 005008, 005000]
4345	5	005007	005000	16	19.0	5.0	0,876	true	[005007, 005001, 005002, 005003, 005006, 005005, 005000]
4346	5	005007	005000	17	13.0	4.0	0,859	true	[005007, 005001, 005002, 005003, 005006, 005005, 005008, 005000]
4347	5	005007	005000	18	19.0	4.0	0,833	true	[005007, 005001, 005002, 005003, 005006, 005008, 005000]
4348	5	005007	005000	19	13.0	4.0	0,833	true	[005007, 005001, 005002, 005003, 005006, 005008, 005005, 005000]
4349	5	005007	005000	20	19.0	3.0	0,885	true	[005007, 005001, 005002, 005003, 005008, 005000]
4350	5	005007	005000	21	13.0	3.0	0,885	true	[005007, 005001, 005002, 005003, 005008, 005005, 005000]
4351	5	005007	005000	22	12.0	3.0	0,825	true	[005007, 005001, 005002, 005003, 005008, 005005, 005004, 005006, 005000]
4352	5	005007	005000	23	13.0	3.0	0,859	true	[005007, 005001, 005002, 005003, 005008, 005005, 005006, 005000]
4353	5	005007	005000	24	19.0	3.0	0,832	true	[005007, 005001, 005002, 005003, 005008, 005006, 005000]
4354	5	005007	005000	25	12.0	3.0	0,808	true	[005007, 005001, 005002, 005003, 005008, 005006, 005004, 005005, 005000]
4355	5	005007	005000	26	19.0	3.0	0,841	true	[005007, 005001, 005002, 005003, 005008, 005006, 005005, 005000]
4356	5	005007	005000	27	21.0	3.0	0,850	true	[005007, 005001, 005002, 005004, 005003, 005000]
4357	5	005007	005000	28	21.0	3.0	0,841	true	[005007, 005001, 005002, 005004, 005003, 005006, 005000]
4358	5	005007	005000	29	21.0	3.0	0,850	true	[005007, 005001, 005002, 005004, 005003, 005006, 005005, 005000]
4359	5	005007	005000	30	13.0	3.0	0,833	true	[005007, 005001, 005002, 005004, 005003, 005006, 005005, 005008, 005000]
4360	5	005007	005000	31	21.0	3.0	0,807	true	[005007, 005001, 005002, 005004, 005003, 005006, 005008, 005000]
4361	5	005007	005000	32	13.0	3.0	0,807	true	[005007, 005001, 005002, 005004, 005003, 005006, 005008, 005005, 005000]
4362	5	005007	005000	33	21.0	3.0	0,858	true	[005007, 005001, 005002, 005004, 005003, 005008, 005000]
4363	5	005007	005000	34	13.0	3.0	0,858	true	[005007, 005001, 005002, 005004, 005003, 005008, 005005, 005000]
4364	5	005007	005000	35	13.0	3.0	0,833	true	[005007, 005001, 005002, 005004, 005003, 005008, 005005, 005006, 005000]
4365	5	005007	005000	36	21.0	3.0	0,807	true	[005007, 005001, 005002, 005004, 005003, 005008, 005006, 005000]
4366	5	005007	005000	37	21.0	3.0	0,815	true	[005007, 005001, 005002, 005004, 005003, 005008, 005006, 005005, 005000]
4367	5	005007	005000	38	21.0	4.0	0,885	true	[005007, 005001, 005002, 005004, 005005, 005000]
4368	5	005007	005000	39	21.0	4.0	0,859	true	[005007, 005001, 005002, 005004, 005005, 005006, 005000]
4369	5	005007	005000	40	21.0	3.0	0,850	true	[005007, 005001, 005002, 005004, 005005, 005006, 005003, 005000]
4370	5	005007	005000	41	21.0	3.0	0,859	true	[005007, 005001, 005002, 005004, 005005, 005006, 005003, 005008, 005000]
4371	5	005007	005000	42	21.0	4.0	0,824	true	[005007, 005001, 005002, 005004, 005005, 005006, 005008, 005000]
4372	5	005007	005000	43	21.0	3.0	0,816	true	[005007, 005001, 005002, 005004, 005005, 005006, 005008, 005003, 005000]
4373	5	005007	005000	44	13.0	4.0	0,868	true	[005007, 005001, 005002, 005004, 005005, 005008, 005000]
4374	5	005007	005000	45	13.0	3.0	0,859	true	[005007, 005001, 005002, 005004, 005005, 005008, 005003, 005000]
4375	5	005007	005000	46	13.0	3.0	0,850	true	[005007, 005001, 005002, 005004, 005005, 005008, 005003, 005006, 005000]
4376	5	005007	005000	47	13.0	4.0	0,816	true	[005007, 005001, 005002, 005004, 005005, 005008, 005006, 005000]
4377	5	005007	005000	48	13.0	3.0	0,808	true	[005007, 005001, 005002, 005004, 005005, 005008, 005006, 005003, 005000]
4378	5	005007	005000	49	12.0	4.0	0,876	true	[005007, 005001, 005002, 005004, 005006, 005000]
4379	5	005007	005000	50	12.0	3.0	0,868	true	[005007, 005001, 005002, 005004, 005006, 005003, 005000]
4380	5	005007	005000	51	12.0	3.0	0,877	true	[005007, 005001, 005002, 005004, 005006, 005003, 005008, 005000]
4381	5	005007	005000	52	12.0	3.0	0,877	true	[005007, 005001, 005002, 005004, 005006, 005003, 005008, 005005, 005000]
4382	5	005007	005000	53	12.0	4.0	0,885	true	[005007, 005001, 005002, 005004, 005006, 005005, 005000]
4383	5	005007	005000	54	12.0	4.0	0,868	true	[005007, 005001, 005002, 005004, 005006, 005005, 005008, 005000]
4384	5	005007	005000	55	12.0	3.0	0,859	true	[005007, 005001, 005002, 005004, 005006, 005005, 005008, 005003, 005000]
4385	5	005007	005000	56	12.0	4.0	0,841	true	[005007, 005001, 005002, 005004, 005006, 005008, 005000]
4386	5	005007	005000	57	12.0	3.0	0,833	true	[005007, 005001, 005002, 005004, 005006, 005008, 005003, 005000]
4387	5	005007	005000	58	12.0	4.0	0,841	true	[005007, 005001, 005002, 005004, 005006, 005008, 005005, 005000]
4388	5	005007	005000	59	9.0	4.0	0,903	true	[005007, 005001, 005002, 005006, 005000]
4389	5	005007	005000	60	9.0	3.0	0,894	true	[005007, 005001, 005002, 005006, 005003, 005000]
4390	5	005007	005000	61	9.0	3.0	0,841	true	[005007, 005001, 005002, 005006, 005003, 005004, 005005, 005000]
4391	5	005007	005000	62	9.0	3.0	0,824	true	[005007, 005001, 005002, 005006, 005003, 005004, 005005, 005008, 005000]
4392	5	005007	005000	63	9.0	3.0	0,903	true	[005007, 005001, 005002, 005006, 005003, 005008, 005000]
4393	5	005007	005000	64	9.0	3.0	0,904	true	[005007, 005001, 005002, 005006, 005003, 005008, 005005, 005000]
4394	5	005007	005000	65	9.0	3.0	0,841	true	[005007, 005001, 005002, 005006, 005004, 005003, 005000]
4395	5	005007	005000	66	9.0	3.0	0,850	true	[005007, 005001, 005002, 005006, 005004, 005003, 005008, 005000]
4396	5	005007	005000	67	9.0	3.0	0,850	true	[005007, 005001, 005002, 005006, 005004, 005003, 005008, 005005, 005000]
4397	5	005007	005000	68	9.0	5.0	0,876	true	[005007, 005001, 005002, 005006, 005004, 005005, 005000]
4398	5	005007	005000	69	9.0	4.0	0,859	true	[005007, 005001, 005002, 005006, 005004, 005005, 005008, 005000]
4399	5	005007	005000	70	9.0	3.0	0,850	true	[005007, 005001, 005002, 005006, 005004, 005005, 005008, 005003, 005000]
4400	5	005007	005000	71	9.0	5.0	0,913	true	[005007, 005001, 005002, 005006, 005005, 005000]
4401	5	005007	005000	72	9.0	3.0	0,824	true	[005007, 005001, 005002, 005006, 005005, 005004, 005003, 005000]
4402	5	005007	005000	73	9.0	3.0	0,833	true	[005007, 005001, 005002, 005006, 005005, 005004, 005003, 005008, 005000]
4403	5	005007	005000	74	9.0	4.0	0,894	true	[005007, 005001, 005002, 005006, 005005, 005008, 005000]
4404	5	005007	005000	75	9.0	3.0	0,885	true	[005007, 005001, 005002, 005006, 005005, 005008, 005003, 005000]
4405	5	005007	005000	76	9.0	4.0	0,867	true	[005007, 005001, 005002, 005006, 005008, 005000]
4406	5	005007	005000	77	9.0	3.0	0,858	true	[005007, 005001, 005002, 005006, 005008, 005003, 005000]
4407	5	005007	005000	78	9.0	3.0	0,807	true	[005007, 005001, 005002, 005006, 005008, 005003, 005004, 005005, 005000]
4408	5	005007	005000	79	9.0	4.0	0,867	true	[005007, 005001, 005002, 005006, 005008, 005005, 005000]
4409	5	005007	005000	80	9.0	3.0	0,783	true	[005007, 005001, 005002, 005006, 005008, 005005, 005004, 005003, 005000]
4410	5	005007	005000	81	19.0	5.0	0,894	true	[005007, 005001, 005002, 005008, 005000]
4411	5	005007	005000	82	19.0	3.0	0,885	true	[005007, 005001, 005002, 005008, 005003, 005000]
4412	5	005007	005000	83	19.0	3.0	0,833	true	[005007, 005001, 005002, 005008, 005003, 005004, 005005, 005000]
4413	5	005007	005000	84	19.0	3.0	0,808	true	[005007, 005001, 005002, 005008, 005003, 005004, 005005, 005006, 005000]
4414	5	005007	005000	85	12.0	3.0	0,824	true	[005007, 005001, 005002, 005008, 005003, 005004, 005006, 005000]
4415	5	005007	005000	86	12.0	3.0	0,833	true	[005007, 005001, 005002, 005008, 005003, 005004, 005006, 005005, 005000]
4416	5	005007	005000	87	19.0	3.0	0,876	true	[005007, 005001, 005002, 005008, 005003, 005006, 005000]
4417	5	005007	005000	88	12.0	3.0	0,850	true	[005007, 005001, 005002, 005008, 005003, 005006, 005004, 005005, 005000]
4418	5	005007	005000	89	19.0	3.0	0,885	true	[005007, 005001, 005002, 005008, 005003, 005006, 005005, 005000]
4419	5	005007	005000	90	13.0	4.0	0,894	true	[005007, 005001, 005002, 005008, 005005, 005000]
4420	5	005007	005000	91	13.0	3.0	0,808	true	[005007, 005001, 005002, 005008, 005005, 005004, 005003, 005000]
4421	5	005007	005000	92	13.0	3.0	0,799	true	[005007, 005001, 005002, 005008, 005005, 005004, 005003, 005006, 005000]
4422	5	005007	005000	93	12.0	4.0	0,833	true	[005007, 005001, 005002, 005008, 005005, 005004, 005006, 005000]
4423	5	005007	005000	94	12.0	3.0	0,825	true	[005007, 005001, 005002, 005008, 005005, 005004, 005006, 005003, 005000]
4424	5	005007	005000	95	13.0	4.0	0,868	true	[005007, 005001, 005002, 005008, 005005, 005006, 005000]
4425	5	005007	005000	96	13.0	3.0	0,859	true	[005007, 005001, 005002, 005008, 005005, 005006, 005003, 005000]
4426	5	005007	005000	97	12.0	3.0	0,808	true	[005007, 005001, 005002, 005008, 005005, 005006, 005004, 005003, 005000]
4427	5	005007	005000	98	19.0	4.0	0,841	true	[005007, 005001, 005002, 005008, 005006, 005000]
4428	5	005007	005000	99	19.0	3.0	0,833	true	[005007, 005001, 005002, 005008, 005006, 005003, 005000]
4429	5	005007	005000	100	19.0	3.0	0,783	true	[005007, 005001, 005002, 005008, 005006, 005003, 005004, 005005, 005000]
4430	6	006004	006003	0	13.0	3.0	0,912	true	[006004, 006000, 006001, 006002, 006005, 006006, 006003]
4431	6	006004	006003	1	11.0	3.0	0,894	true	[006004, 006000, 006001, 006002, 006005, 006007, 006008, 006006, 006003]
4432	6	006004	006003	2	13.0	3.0	0,894	true	[006004, 006000, 006001, 006002, 006005, 006008, 006006, 006003]
4433	6	006004	006003	3	13.0	3.0	0,876	true	[006004, 006000, 006001, 006002, 006006, 006003]
4434	6	006004	006003	4	11.0	3.0	0,894	true	[006004, 006000, 006001, 006002, 006007, 006005, 006006, 006003]
4435	6	006004	006003	5	11.0	3.0	0,876	true	[006004, 006000, 006001, 006002, 006007, 006005, 006008, 006006, 006003]
4436	6	006004	006003	6	13.0	3.0	0,894	true	[006004, 006000, 006001, 006002, 006007, 006008, 006005, 006006, 006003]
4437	6	006004	006003	7	13.0	3.0	0,876	true	[006004, 006000, 006001, 006002, 006007, 006008, 006006, 006003]
4438	6	006004	006003	8	13.0	3.0	0,867	true	[006004, 006000, 006001, 006002, 006008, 006005, 006006, 006003]
4439	6	006004	006003	9	13.0	3.0	0,849	true	[006004, 006000, 006001, 006002, 006008, 006006, 006003]
4440	6	006004	006003	10	11.0	3.0	0,867	true	[006004, 006000, 006001, 006002, 006008, 006007, 006005, 006006, 006003]
4441	6	006004	006003	11	13.0	5.0	0,931	true	[006004, 006000, 006001, 006003]
4442	6	006004	006003	12	13.0	3.0	0,849	true	[006004, 006000, 006001, 006005, 006002, 006006, 006003]
4443	6	006004	006003	13	13.0	3.0	0,850	true	[006004, 006000, 006001, 006005, 006002, 006007, 006008, 006006, 006003]
4444	6	006004	006003	14	13.0	3.0	0,824	true	[006004, 006000, 006001, 006005, 006002, 006008, 006006, 006003]
4445	6	006004	006003	15	13.0	3.0	0,885	true	[006004, 006000, 006001, 006005, 006006, 006003]
4446	6	006004	006003	16	11.0	3.0	0,832	true	[006004, 006000, 006001, 006005, 006007, 006002, 006006, 006003]
4447	6	006004	006003	17	11.0	3.0	0,807	true	[006004, 006000, 006001, 006005, 006007, 006002, 006008, 006006, 006003]
4448	6	006004	006003	18	11.0	3.0	0,807	true	[006004, 006000, 006001, 006005, 006007, 006008, 006002, 006006, 006003]
4449	6	006004	006003	19	11.0	3.0	0,867	true	[006004, 006000, 006001, 006005, 006007, 006008, 006006, 006003]
4450	6	006004	006003	20	13.0	3.0	0,807	true	[006004, 006000, 006001, 006005, 006008, 006002, 006006, 006003]
4451	6	006004	006003	21	13.0	3.0	0,867	true	[006004, 006000, 006001, 006005, 006008, 006006, 006003]
4452	6	006004	006003	22	13.0	3.0	0,832	true	[006004, 006000, 006001, 006005, 006008, 006007, 006002, 006006, 006003]
4453	6	006004	006003	23	13.0	3.0	0,884	true	[006004, 006000, 006001, 006006, 006003]
4454	6	006004	006003	24	13.0	3.0	0,894	true	[006004, 006000, 006001, 006007, 006002, 006005, 006006, 006003]
4455	6	006004	006003	25	13.0	3.0	0,876	true	[006004, 006000, 006001, 006007, 006002, 006005, 006008, 006006, 006003]
4456	6	006004	006003	26	13.0	3.0	0,858	true	[006004, 006000, 006001, 006007, 006002, 006006, 006003]
4457	6	006004	006003	27	13.0	3.0	0,850	true	[006004, 006000, 006001, 006007, 006002, 006008, 006005, 006006, 006003]
4458	6	006004	006003	28	13.0	3.0	0,832	true	[006004, 006000, 006001, 006007, 006002, 006008, 006006, 006003]
4459	6	006004	006003	29	11.0	3.0	0,876	true	[006004, 006000, 006001, 006007, 006005, 006002, 006006, 006003]
4460	6	006004	006003	30	11.0	3.0	0,849	true	[006004, 006000, 006001, 006007, 006005, 006002, 006008, 006006, 006003]
4461	6	006004	006003	31	11.0	3.0	0,912	true	[006004, 006000, 006001, 006007, 006005, 006006, 006003]
4462	6	006004	006003	32	11.0	3.0	0,832	true	[006004, 006000, 006001, 006007, 006005, 006008, 006002, 006006, 006003]
4463	6	006004	006003	33	11.0	3.0	0,894	true	[006004, 006000, 006001, 006007, 006005, 006008, 006006, 006003]
4464	6	006004	006003	34	13.0	3.0	0,867	true	[006004, 006000, 006001, 006007, 006008, 006002, 006005, 006006, 006003]
4465	6	006004	006003	35	13.0	3.0	0,832	true	[006004, 006000, 006001, 006007, 006008, 006002, 006006, 006003]
4466	6	006004	006003	36	13.0	3.0	0,876	true	[006004, 006000, 006001, 006007, 006008, 006005, 006002, 006006, 006003]
4467	6	006004	006003	37	13.0	3.0	0,912	true	[006004, 006000, 006001, 006007, 006008, 006005, 006006, 006003]
4468	6	006004	006003	38	13.0	3.0	0,894	true	[006004, 006000, 006001, 006007, 006008, 006006, 006003]
4469	6	006004	006003	39	13.0	3.0	0,841	true	[006004, 006000, 006001, 006008, 006002, 006005, 006006, 006003]
4470	6	006004	006003	40	13.0	3.0	0,807	true	[006004, 006000, 006001, 006008, 006002, 006006, 006003]
4471	6	006004	006003	41	11.0	3.0	0,824	true	[006004, 006000, 006001, 006008, 006002, 006007, 006005, 006006, 006003]
4472	6	006004	006003	42	13.0	3.0	0,849	true	[006004, 006000, 006001, 006008, 006005, 006002, 006006, 006003]
4473	6	006004	006003	43	13.0	3.0	0,885	true	[006004, 006000, 006001, 006008, 006005, 006006, 006003]
4474	6	006004	006003	44	11.0	3.0	0,832	true	[006004, 006000, 006001, 006008, 006005, 006007, 006002, 006006, 006003]
4475	6	006004	006003	45	13.0	3.0	0,867	true	[006004, 006000, 006001, 006008, 006006, 006003]
4476	6	006004	006003	46	13.0	3.0	0,867	true	[006004, 006000, 006001, 006008, 006007, 006002, 006005, 006006, 006003]
4477	6	006004	006003	47	13.0	3.0	0,832	true	[006004, 006000, 006001, 006008, 006007, 006002, 006006, 006003]
4478	6	006004	006003	48	11.0	3.0	0,849	true	[006004, 006000, 006001, 006008, 006007, 006005, 006002, 006006, 006003]
4479	6	006004	006003	49	11.0	3.0	0,885	true	[006004, 006000, 006001, 006008, 006007, 006005, 006006, 006003]
4480	6	006004	006003	50	13.0	3.0	0,885	true	[006004, 006000, 006002, 006001, 006003]
4481	6	006004	006003	51	13.0	3.0	0,841	true	[006004, 006000, 006002, 006001, 006005, 006006, 006003]
4482	6	006004	006003	52	11.0	3.0	0,824	true	[006004, 006000, 006002, 006001, 006005, 006007, 006008, 006006, 006003]
4483	6	006004	006003	53	13.0	3.0	0,824	true	[006004, 006000, 006002, 006001, 006005, 006008, 006006, 006003]
4484	6	006004	006003	54	13.0	3.0	0,841	true	[006004, 006000, 006002, 006001, 006006, 006003]
4485	6	006004	006003	55	11.0	3.0	0,867	true	[006004, 006000, 006002, 006001, 006007, 006005, 006006, 006003]
4486	6	006004	006003	56	11.0	3.0	0,850	true	[006004, 006000, 006002, 006001, 006007, 006005, 006008, 006006, 006003]
4487	6	006004	006003	57	13.0	3.0	0,867	true	[006004, 006000, 006002, 006001, 006007, 006008, 006005, 006006, 006003]
4488	6	006004	006003	58	13.0	3.0	0,850	true	[006004, 006000, 006002, 006001, 006007, 006008, 006006, 006003]
4489	6	006004	006003	59	13.0	3.0	0,841	true	[006004, 006000, 006002, 006001, 006008, 006005, 006006, 006003]
4490	6	006004	006003	60	13.0	3.0	0,824	true	[006004, 006000, 006002, 006001, 006008, 006006, 006003]
4491	6	006004	006003	61	11.0	3.0	0,841	true	[006004, 006000, 006002, 006001, 006008, 006007, 006005, 006006, 006003]
4492	6	006004	006003	62	13.0	3.0	0,858	true	[006004, 006000, 006002, 006005, 006001, 006003]
4493	6	006004	006003	63	13.0	3.0	0,815	true	[006004, 006000, 006002, 006005, 006001, 006006, 006003]
4494	6	006004	006003	64	13.0	3.0	0,824	true	[006004, 006000, 006002, 006005, 006001, 006007, 006008, 006006, 006003]
4495	6	006004	006003	65	13.0	3.0	0,799	true	[006004, 006000, 006002, 006005, 006001, 006008, 006006, 006003]
4496	6	006004	006003	66	13.0	3.0	0,841	true	[006004, 006000, 006002, 006005, 006006, 006001, 006003]
4497	6	006004	006003	67	13.0	3.0	0,885	true	[006004, 006000, 006002, 006005, 006006, 006003]
4498	6	006004	006003	68	13.0	3.0	0,824	true	[006004, 006000, 006002, 006005, 006006, 006008, 006001, 006003]
4499	6	006004	006003	69	13.0	3.0	0,850	true	[006004, 006000, 006002, 006005, 006006, 006008, 006007, 006001, 006003]
4500	6	006004	006003	70	11.0	3.0	0,885	true	[006004, 006000, 006002, 006005, 006007, 006001, 006003]
4501	6	006004	006003	71	11.0	3.0	0,841	true	[006004, 006000, 006002, 006005, 006007, 006001, 006006, 006003]
4502	6	006004	006003	72	11.0	3.0	0,824	true	[006004, 006000, 006002, 006005, 006007, 006001, 006008, 006006, 006003]
4503	6	006004	006003	73	11.0	3.0	0,858	true	[006004, 006000, 006002, 006005, 006007, 006008, 006001, 006003]
4504	6	006004	006003	74	11.0	3.0	0,815	true	[006004, 006000, 006002, 006005, 006007, 006008, 006001, 006006, 006003]
4505	6	006004	006003	75	11.0	3.0	0,824	true	[006004, 006000, 006002, 006005, 006007, 006008, 006006, 006001, 006003]
4506	6	006004	006003	76	11.0	3.0	0,867	true	[006004, 006000, 006002, 006005, 006007, 006008, 006006, 006003]
4507	6	006004	006003	77	13.0	3.0	0,858	true	[006004, 006000, 006002, 006005, 006008, 006001, 006003]
4508	6	006004	006003	78	13.0	3.0	0,815	true	[006004, 006000, 006002, 006005, 006008, 006001, 006006, 006003]
4509	6	006004	006003	79	13.0	3.0	0,824	true	[006004, 006000, 006002, 006005, 006008, 006006, 006001, 006003]
4510	6	006004	006003	80	13.0	3.0	0,867	true	[006004, 006000, 006002, 006005, 006008, 006006, 006003]
4511	6	006004	006003	81	13.0	3.0	0,885	true	[006004, 006000, 006002, 006005, 006008, 006007, 006001, 006003]
4512	6	006004	006003	82	13.0	3.0	0,841	true	[006004, 006000, 006002, 006005, 006008, 006007, 006001, 006006, 006003]
4513	6	006004	006003	83	13.0	3.0	0,807	true	[006004, 006000, 006002, 006006, 006001, 006003]
4514	6	006004	006003	84	13.0	3.0	0,849	true	[006004, 006000, 006002, 006006, 006003]
4515	6	006004	006003	85	13.0	3.0	0,807	true	[006004, 006000, 006002, 006006, 006005, 006001, 006003]
4516	6	006004	006003	86	11.0	3.0	0,832	true	[006004, 006000, 006002, 006006, 006005, 006007, 006001, 006003]
4517	6	006004	006003	87	11.0	3.0	0,807	true	[006004, 006000, 006002, 006006, 006005, 006007, 006008, 006001, 006003]
4518	6	006004	006003	88	13.0	3.0	0,807	true	[006004, 006000, 006002, 006006, 006005, 006008, 006001, 006003]
4519	6	006004	006003	89	13.0	3.0	0,832	true	[006004, 006000, 006002, 006006, 006005, 006008, 006007, 006001, 006003]
4520	6	006004	006003	90	13.0	3.0	0,791	true	[006004, 006000, 006002, 006006, 006008, 006001, 006003]
4521	6	006004	006003	91	13.0	3.0	0,791	true	[006004, 006000, 006002, 006006, 006008, 006005, 006001, 006003]
4522	6	006004	006003	92	11.0	3.0	0,815	true	[006004, 006000, 006002, 006006, 006008, 006005, 006007, 006001, 006003]
4523	6	006004	006003	93	13.0	3.0	0,815	true	[006004, 006000, 006002, 006006, 006008, 006007, 006001, 006003]
4524	6	006004	006003	94	11.0	3.0	0,791	true	[006004, 006000, 006002, 006006, 006008, 006007, 006005, 006001, 006003]
4525	6	006004	006003	95	13.0	3.0	0,867	true	[006004, 006000, 006002, 006007, 006001, 006003]
4526	6	006004	006003	96	13.0	3.0	0,824	true	[006004, 006000, 006002, 006007, 006001, 006005, 006006, 006003]
4527	6	006004	006003	97	13.0	3.0	0,807	true	[006004, 006000, 006002, 006007, 006001, 006005, 006008, 006006, 006003]
4528	6	006004	006003	98	13.0	3.0	0,824	true	[006004, 006000, 006002, 006007, 006001, 006006, 006003]
4529	6	006004	006003	99	13.0	3.0	0,824	true	[006004, 006000, 006002, 006007, 006001, 006008, 006005, 006006, 006003]
4530	6	006004	006003	100	13.0	3.0	0,807	true	[006004, 006000, 006002, 006007, 006001, 006008, 006006, 006003]
4531	6	006004	006003	101	44.0	10.0	0,990	true	[006004, 006003]
4532	7	007000	007006	0	32.0	4.0	0,950	true	[007000, 007001, 007007, 007002, 007006]
4533	7	007000	007006	1	20.0	5.0	0,832	true	[007000, 007001, 007007, 007002, 007008, 007003, 007004, 007005, 007006]
4534	7	007000	007006	2	10.0	5.0	0,903	true	[007000, 007001, 007007, 007002, 007008, 007003, 007005, 007006]
4535	7	007000	007006	3	20.0	5.0	0,913	true	[007000, 007001, 007007, 007002, 007008, 007003, 007006]
4536	7	007000	007006	4	10.0	5.0	0,832	true	[007000, 007001, 007007, 007002, 007008, 007004, 007003, 007005, 007006]
4537	7	007000	007006	5	32.0	5.0	0,840	true	[007000, 007001, 007007, 007002, 007008, 007004, 007003, 007006]
4538	7	007000	007006	6	10.0	5.0	0,841	true	[007000, 007001, 007007, 007002, 007008, 007004, 007005, 007003, 007006]
4539	7	007000	007006	7	23.0	5.0	0,849	true	[007000, 007001, 007007, 007002, 007008, 007004, 007005, 007006]
4540	7	007000	007006	8	10.0	5.0	0,922	true	[007000, 007001, 007007, 007002, 007008, 007005, 007003, 007006]
4541	7	007000	007006	9	32.0	5.0	0,849	true	[007000, 007001, 007007, 007002, 007008, 007005, 007004, 007003, 007006]
4542	7	007000	007006	10	23.0	5.0	0,931	true	[007000, 007001, 007007, 007002, 007008, 007005, 007006]
4543	7	007000	007006	11	14.0	3.0	0,832	true	[007000, 007001, 007007, 007003, 007004, 007005, 007006]
4544	7	007000	007006	12	14.0	3.0	0,799	true	[007000, 007001, 007007, 007003, 007004, 007005, 007008, 007002, 007006]
4545	7	007000	007006	13	14.0	3.0	0,790	true	[007000, 007001, 007007, 007003, 007004, 007008, 007002, 007006]
4546	7	007000	007006	14	14.0	3.0	0,823	true	[007000, 007001, 007007, 007003, 007004, 007008, 007005, 007006]
4547	7	007000	007006	15	10.0	3.0	0,791	true	[007000, 007001, 007007, 007003, 007005, 007004, 007008, 007002, 007006]
4548	7	007000	007006	16	10.0	3.0	0,903	true	[007000, 007001, 007007, 007003, 007005, 007006]
4549	7	007000	007006	17	10.0	3.0	0,867	true	[007000, 007001, 007007, 007003, 007005, 007008, 007002, 007006]
4550	7	007000	007006	18	14.0	3.0	0,912	true	[007000, 007001, 007007, 007003, 007006]
4551	7	007000	007006	19	14.0	3.0	0,858	true	[007000, 007001, 007007, 007003, 007008, 007002, 007006]
4552	7	007000	007006	20	14.0	3.0	0,815	true	[007000, 007001, 007007, 007003, 007008, 007004, 007005, 007006]
4553	7	007000	007006	21	14.0	3.0	0,894	true	[007000, 007001, 007007, 007003, 007008, 007005, 007006]
4554	7	007000	007006	22	52.0	3.0	0,912	true	[007000, 007001, 007007, 007006]
4555	7	007000	007006	23	44.0	3.0	0,960	true	[007000, 007001, 007008, 007002, 007006]
4556	7	007000	007006	24	14.0	3.0	0,840	true	[007000, 007001, 007008, 007002, 007007, 007003, 007004, 007005, 007006]
4557	7	007000	007006	25	10.0	3.0	0,912	true	[007000, 007001, 007008, 007002, 007007, 007003, 007005, 007006]
4558	7	007000	007006	26	14.0	3.0	0,922	true	[007000, 007001, 007008, 007002, 007007, 007003, 007006]
4559	7	007000	007006	27	32.0	3.0	0,922	true	[007000, 007001, 007008, 007002, 007007, 007006]
4560	7	007000	007006	28	20.0	3.0	0,894	true	[007000, 007001, 007008, 007003, 007004, 007005, 007006]
4561	7	007000	007006	29	10.0	3.0	0,970	true	[007000, 007001, 007008, 007003, 007005, 007006]
4562	7	007000	007006	30	20.0	3.0	0,980	true	[007000, 007001, 007008, 007003, 007006]
4563	7	007000	007006	31	14.0	3.0	0,922	true	[007000, 007001, 007008, 007003, 007007, 007002, 007006]
4564	7	007000	007006	32	14.0	3.0	0,884	true	[007000, 007001, 007008, 007003, 007007, 007006]
4565	7	007000	007006	33	10.0	3.0	0,893	true	[007000, 007001, 007008, 007004, 007003, 007005, 007006]
4566	7	007000	007006	34	44.0	3.0	0,903	true	[007000, 007001, 007008, 007004, 007003, 007006]
4567	7	007000	007006	35	14.0	3.0	0,849	true	[007000, 007001, 007008, 007004, 007003, 007007, 007002, 007006]
4568	7	007000	007006	36	14.0	3.0	0,815	true	[007000, 007001, 007008, 007004, 007003, 007007, 007006]
4569	7	007000	007006	37	10.0	3.0	0,903	true	[007000, 007001, 007008, 007004, 007005, 007003, 007006]
4570	7	007000	007006	38	10.0	3.0	0,849	true	[007000, 007001, 007008, 007004, 007005, 007003, 007007, 007002, 007006]
4571	7	007000	007006	39	10.0	3.0	0,815	true	[007000, 007001, 007008, 007004, 007005, 007003, 007007, 007006]
4572	7	007000	007006	40	23.0	3.0	0,912	true	[007000, 007001, 007008, 007004, 007005, 007006]
4573	7	007000	007006	41	10.0	3.0	0,990	true	[007000, 007001, 007008, 007005, 007003, 007006]
4574	7	007000	007006	42	10.0	3.0	0,931	true	[007000, 007001, 007008, 007005, 007003, 007007, 007002, 007006]
4575	7	007000	007006	43	10.0	3.0	0,893	true	[007000, 007001, 007008, 007005, 007003, 007007, 007006]
4576	7	007000	007006	44	38.0	3.0	0,912	true	[007000, 007001, 007008, 007005, 007004, 007003, 007006]
4577	7	007000	007006	45	14.0	3.0	0,858	true	[007000, 007001, 007008, 007005, 007004, 007003, 007007, 007002, 007006]
4578	7	007000	007006	46	14.0	3.0	0,823	true	[007000, 007001, 007008, 007005, 007004, 007003, 007007, 007006]
4579	7	007000	007006	47	23.0	3.0	1,000	true	[007000, 007001, 007008, 007005, 007006]
4580	7	007000	007006	48	43.0	4.0	0,980	true	[007000, 007002, 007006]
4581	7	007000	007006	49	20.0	3.0	0,849	true	[007000, 007002, 007007, 007001, 007008, 007003, 007004, 007005, 007006]
4582	7	007000	007006	50	10.0	3.0	0,922	true	[007000, 007002, 007007, 007001, 007008, 007003, 007005, 007006]
4583	7	007000	007006	51	20.0	3.0	0,931	true	[007000, 007002, 007007, 007001, 007008, 007003, 007006]
4584	7	007000	007006	52	10.0	3.0	0,849	true	[007000, 007002, 007007, 007001, 007008, 007004, 007003, 007005, 007006]
4585	7	007000	007006	53	32.0	3.0	0,858	true	[007000, 007002, 007007, 007001, 007008, 007004, 007003, 007006]
4586	7	007000	007006	54	10.0	3.0	0,858	true	[007000, 007002, 007007, 007001, 007008, 007004, 007005, 007003, 007006]
4587	7	007000	007006	55	23.0	3.0	0,867	true	[007000, 007002, 007007, 007001, 007008, 007004, 007005, 007006]
4588	7	007000	007006	56	10.0	3.0	0,941	true	[007000, 007002, 007007, 007001, 007008, 007005, 007003, 007006]
4589	7	007000	007006	57	32.0	3.0	0,867	true	[007000, 007002, 007007, 007001, 007008, 007005, 007004, 007003, 007006]
4590	7	007000	007006	58	23.0	3.0	0,950	true	[007000, 007002, 007007, 007001, 007008, 007005, 007006]
4591	7	007000	007006	59	14.0	3.0	0,858	true	[007000, 007002, 007007, 007003, 007004, 007005, 007006]
4592	7	007000	007006	60	14.0	3.0	0,849	true	[007000, 007002, 007007, 007003, 007004, 007008, 007005, 007006]
4593	7	007000	007006	61	10.0	3.0	0,931	true	[007000, 007002, 007007, 007003, 007005, 007006]
4594	7	007000	007006	62	14.0	3.0	0,941	true	[007000, 007002, 007007, 007003, 007006]
4595	7	007000	007006	63	14.0	3.0	0,841	true	[007000, 007002, 007007, 007003, 007008, 007004, 007005, 007006]
4596	7	007000	007006	64	14.0	3.0	0,922	true	[007000, 007002, 007007, 007003, 007008, 007005, 007006]
4597	7	007000	007006	65	32.0	3.0	0,941	true	[007000, 007002, 007007, 007006]
4598	7	007000	007006	66	14.0	3.0	0,799	true	[007000, 007002, 007008, 007001, 007007, 007003, 007004, 007005, 007006]
4599	7	007000	007006	67	10.0	3.0	0,867	true	[007000, 007002, 007008, 007001, 007007, 007003, 007005, 007006]
4600	7	007000	007006	68	14.0	3.0	0,876	true	[007000, 007002, 007008, 007001, 007007, 007003, 007006]
4601	7	007000	007006	69	43.0	3.0	0,876	true	[007000, 007002, 007008, 007001, 007007, 007006]
4602	7	007000	007006	70	20.0	6.0	0,858	true	[007000, 007002, 007008, 007003, 007004, 007005, 007006]
4603	7	007000	007006	71	10.0	6.0	0,932	true	[007000, 007002, 007008, 007003, 007005, 007006]
4604	7	007000	007006	72	20.0	6.0	0,941	true	[007000, 007002, 007008, 007003, 007006]
4605	7	007000	007006	73	14.0	3.0	0,849	true	[007000, 007002, 007008, 007003, 007007, 007006]
4606	7	007000	007006	74	10.0	5.0	0,858	true	[007000, 007002, 007008, 007004, 007003, 007005, 007006]
4607	7	007000	007006	75	43.0	5.0	0,867	true	[007000, 007002, 007008, 007004, 007003, 007006]
4608	7	007000	007006	76	14.0	3.0	0,782	true	[007000, 007002, 007008, 007004, 007003, 007007, 007006]
4609	7	007000	007006	77	10.0	5.0	0,867	true	[007000, 007002, 007008, 007004, 007005, 007003, 007006]
4610	7	007000	007006	78	10.0	3.0	0,782	true	[007000, 007002, 007008, 007004, 007005, 007003, 007007, 007006]
4611	7	007000	007006	79	23.0	5.0	0,876	true	[007000, 007002, 007008, 007004, 007005, 007006]
4612	7	007000	007006	80	10.0	6.0	0,951	true	[007000, 007002, 007008, 007005, 007003, 007006]
4613	7	007000	007006	81	10.0	3.0	0,858	true	[007000, 007002, 007008, 007005, 007003, 007007, 007006]
4614	7	007000	007006	82	38.0	6.0	0,876	true	[007000, 007002, 007008, 007005, 007004, 007003, 007006]
4615	7	007000	007006	83	14.0	3.0	0,790	true	[007000, 007002, 007008, 007005, 007004, 007003, 007007, 007006]
4616	7	007000	007006	84	23.0	6.0	0,960	true	[007000, 007002, 007008, 007005, 007006]
4617	7	007000	007006	85	7.0	3.0	0,894	true	[007000, 007003, 007004, 007005, 007006]
4618	7	007000	007006	86	7.0	3.0	0,849	true	[007000, 007003, 007004, 007005, 007008, 007001, 007007, 007002, 007006]
4619	7	007000	007006	87	7.0	3.0	0,815	true	[007000, 007003, 007004, 007005, 007008, 007001, 007007, 007006]
4620	7	007000	007006	88	7.0	3.0	0,858	true	[007000, 007003, 007004, 007005, 007008, 007002, 007006]
4621	7	007000	007006	89	7.0	3.0	0,824	true	[007000, 007003, 007004, 007005, 007008, 007002, 007007, 007006]
4622	7	007000	007006	90	7.0	3.0	0,841	true	[007000, 007003, 007004, 007008, 007001, 007007, 007002, 007006]
4623	7	007000	007006	91	7.0	3.0	0,807	true	[007000, 007003, 007004, 007008, 007001, 007007, 007006]
4624	7	007000	007006	92	7.0	3.0	0,849	true	[007000, 007003, 007004, 007008, 007002, 007006]
4625	7	007000	007006	93	7.0	3.0	0,815	true	[007000, 007003, 007004, 007008, 007002, 007007, 007006]
4626	7	007000	007006	94	7.0	3.0	0,884	true	[007000, 007003, 007004, 007008, 007005, 007006]
4627	7	007000	007006	95	7.0	3.0	0,841	true	[007000, 007003, 007005, 007004, 007008, 007001, 007007, 007002, 007006]
4628	7	007000	007006	96	7.0	3.0	0,807	true	[007000, 007003, 007005, 007004, 007008, 007001, 007007, 007006]
4629	7	007000	007006	97	7.0	3.0	0,850	true	[007000, 007003, 007005, 007004, 007008, 007002, 007006]
4630	7	007000	007006	98	7.0	3.0	0,815	true	[007000, 007003, 007005, 007004, 007008, 007002, 007007, 007006]
4631	7	007000	007006	99	7.0	3.0	0,970	true	[007000, 007003, 007005, 007006]
4632	7	007000	007006	100	7.0	3.0	0,922	true	[007000, 007003, 007005, 007008, 007001, 007007, 007002, 007006]
4633	7	007000	007006	101	7.0	3.0	0,885	true	[007000, 007003, 007005, 007008, 007001, 007007, 007006]
4634	7	007000	007006	102	7.0	3.0	0,980	true	[007000, 007003, 007006]
4635	7	007000	007006	103	15.0	10.0	1,000	true	[007000, 007006]
4636	8	008004	008002	0	11.0	3.0	1,000	true	[008004, 008000, 008001, 008002]
4637	8	008004	008002	1	9.0	3.0	0,931	true	[008004, 008000, 008001, 008003, 008002]
4638	8	008004	008002	2	6.0	3.0	0,894	true	[008004, 008000, 008001, 008003, 008005, 008006, 008002]
4639	8	008004	008002	3	6.0	3.0	0,876	true	[008004, 008000, 008001, 008003, 008005, 008006, 008007, 008002]
4640	8	008004	008002	4	6.0	3.0	0,894	true	[008004, 008000, 008001, 008003, 008005, 008006, 008007, 008008, 008002]
4641	8	008004	008002	5	6.0	3.0	0,894	true	[008004, 008000, 008001, 008003, 008005, 008006, 008008, 008002]
4642	8	008004	008002	6	6.0	3.0	0,859	true	[008004, 008000, 008001, 008003, 008005, 008006, 008008, 008007, 008002]
4643	8	008004	008002	7	9.0	3.0	0,903	true	[008004, 008000, 008001, 008003, 008005, 008007, 008002]
4644	8	008004	008002	8	9.0	3.0	0,903	true	[008004, 008000, 008001, 008003, 008005, 008007, 008006, 008002]
4645	8	008004	008002	9	9.0	3.0	0,903	true	[008004, 008000, 008001, 008003, 008005, 008007, 008006, 008008, 008002]
4646	8	008004	008002	10	9.0	3.0	0,922	true	[008004, 008000, 008001, 008003, 008005, 008007, 008008, 008002]
4647	8	008004	008002	11	9.0	3.0	0,885	true	[008004, 008000, 008001, 008003, 008005, 008007, 008008, 008006, 008002]
4648	8	008004	008002	12	9.0	3.0	0,960	true	[008004, 008000, 008001, 008003, 008006, 008002]
4649	8	008004	008002	13	6.0	3.0	0,932	true	[008004, 008000, 008001, 008003, 008006, 008005, 008007, 008002]
4650	8	008004	008002	14	6.0	3.0	0,951	true	[008004, 008000, 008001, 008003, 008006, 008005, 008007, 008008, 008002]
4651	8	008004	008002	15	9.0	3.0	0,941	true	[008004, 008000, 008001, 008003, 008006, 008007, 008002]
4652	8	008004	008002	16	9.0	3.0	0,960	true	[008004, 008000, 008001, 008003, 008006, 008007, 008008, 008002]
4653	8	008004	008002	17	9.0	3.0	0,960	true	[008004, 008000, 008001, 008003, 008006, 008008, 008002]
4654	8	008004	008002	18	9.0	3.0	0,922	true	[008004, 008000, 008001, 008003, 008006, 008008, 008007, 008002]
4655	8	008004	008002	19	11.0	3.0	0,960	true	[008004, 008000, 008001, 008006, 008002]
4656	8	008004	008002	20	11.0	3.0	0,931	true	[008004, 008000, 008001, 008006, 008003, 008002]
4657	8	008004	008002	21	11.0	3.0	0,903	true	[008004, 008000, 008001, 008006, 008003, 008005, 008007, 008002]
4658	8	008004	008002	22	11.0	3.0	0,922	true	[008004, 008000, 008001, 008006, 008003, 008005, 008007, 008008, 008002]
4659	8	008004	008002	23	6.0	3.0	0,867	true	[008004, 008000, 008001, 008006, 008005, 008003, 008002]
4660	8	008004	008002	24	6.0	3.0	0,932	true	[008004, 008000, 008001, 008006, 008005, 008007, 008002]
4661	8	008004	008002	25	6.0	3.0	0,951	true	[008004, 008000, 008001, 008006, 008005, 008007, 008008, 008002]
4662	8	008004	008002	26	11.0	3.0	0,941	true	[008004, 008000, 008001, 008006, 008007, 008002]
4663	8	008004	008002	27	11.0	3.0	0,876	true	[008004, 008000, 008001, 008006, 008007, 008005, 008003, 008002]
4664	8	008004	008002	28	11.0	3.0	0,960	true	[008004, 008000, 008001, 008006, 008007, 008008, 008002]
4665	8	008004	008002	29	11.0	3.0	0,960	true	[008004, 008000, 008001, 008006, 008008, 008002]
4666	8	008004	008002	30	11.0	3.0	0,922	true	[008004, 008000, 008001, 008006, 008008, 008007, 008002]
4667	8	008004	008002	31	11.0	3.0	0,858	true	[008004, 008000, 008001, 008006, 008008, 008007, 008005, 008003, 008002]
4668	8	008004	008002	32	11.0	3.0	0,951	true	[008004, 008000, 008001, 008007, 008002]
4669	8	008004	008002	33	11.0	3.0	0,884	true	[008004, 008000, 008001, 008007, 008005, 008003, 008002]
4670	8	008004	008002	34	11.0	3.0	0,912	true	[008004, 008000, 008001, 008007, 008005, 008003, 008006, 008002]
4671	8	008004	008002	35	11.0	3.0	0,912	true	[008004, 008000, 008001, 008007, 008005, 008003, 008006, 008008, 008002]
4672	8	008004	008002	36	6.0	3.0	0,941	true	[008004, 008000, 008001, 008007, 008005, 008006, 008002]
4673	8	008004	008002	37	6.0	3.0	0,912	true	[008004, 008000, 008001, 008007, 008005, 008006, 008003, 008002]
4674	8	008004	008002	38	6.0	3.0	0,941	true	[008004, 008000, 008001, 008007, 008005, 008006, 008008, 008002]
4675	8	008004	008002	39	11.0	3.0	0,951	true	[008004, 008000, 008001, 008007, 008006, 008002]
4676	8	008004	008002	40	11.0	3.0	0,922	true	[008004, 008000, 008001, 008007, 008006, 008003, 008002]
4677	8	008004	008002	41	6.0	3.0	0,858	true	[008004, 008000, 008001, 008007, 008006, 008005, 008003, 008002]
4678	8	008004	008002	42	11.0	3.0	0,951	true	[008004, 008000, 008001, 008007, 008006, 008008, 008002]
4679	8	008004	008002	43	11.0	3.0	0,970	true	[008004, 008000, 008001, 008007, 008008, 008002]
4680	8	008004	008002	44	11.0	3.0	0,932	true	[008004, 008000, 008001, 008007, 008008, 008006, 008002]
4681	8	008004	008002	45	11.0	3.0	0,903	true	[008004, 008000, 008001, 008007, 008008, 008006, 008003, 008002]
4682	8	008004	008002	46	6.0	3.0	0,841	true	[008004, 008000, 008001, 008007, 008008, 008006, 008005, 008003, 008002]
4683	8	008004	008002	47	24.0	3.0	0,990	true	[008004, 008000, 008002]
4684	8	008004	008002	48	9.0	3.0	0,941	true	[008004, 008000, 008003, 008001, 008002]
4685	8	008004	008002	49	9.0	3.0	0,904	true	[008004, 008000, 008003, 008001, 008006, 008002]
4686	8	008004	008002	50	6.0	3.0	0,876	true	[008004, 008000, 008003, 008001, 008006, 008005, 008007, 008002]
4687	8	008004	008002	51	6.0	3.0	0,895	true	[008004, 008000, 008003, 008001, 008006, 008005, 008007, 008008, 008002]
4688	8	008004	008002	52	9.0	3.0	0,885	true	[008004, 008000, 008003, 008001, 008006, 008007, 008002]
4689	8	008004	008002	53	9.0	3.0	0,904	true	[008004, 008000, 008003, 008001, 008006, 008007, 008008, 008002]
4690	8	008004	008002	54	9.0	3.0	0,904	true	[008004, 008000, 008003, 008001, 008006, 008008, 008002]
4691	8	008004	008002	55	9.0	3.0	0,868	true	[008004, 008000, 008003, 008001, 008006, 008008, 008007, 008002]
4692	8	008004	008002	56	9.0	3.0	0,894	true	[008004, 008000, 008003, 008001, 008007, 008002]
4693	8	008004	008002	57	6.0	3.0	0,885	true	[008004, 008000, 008003, 008001, 008007, 008005, 008006, 008002]
4694	8	008004	008002	58	6.0	3.0	0,885	true	[008004, 008000, 008003, 008001, 008007, 008005, 008006, 008008, 008002]
4695	8	008004	008002	59	9.0	3.0	0,895	true	[008004, 008000, 008003, 008001, 008007, 008006, 008002]
4696	8	008004	008002	60	9.0	3.0	0,895	true	[008004, 008000, 008003, 008001, 008007, 008006, 008008, 008002]
4697	8	008004	008002	61	9.0	3.0	0,913	true	[008004, 008000, 008003, 008001, 008007, 008008, 008002]
4698	8	008004	008002	62	9.0	3.0	0,877	true	[008004, 008000, 008003, 008001, 008007, 008008, 008006, 008002]
4699	8	008004	008002	63	29.0	3.0	0,912	true	[008004, 008000, 008003, 008002]
4700	8	008004	008002	64	6.0	3.0	0,876	true	[008004, 008000, 008003, 008005, 008006, 008001, 008002]
4701	8	008004	008002	65	6.0	3.0	0,833	true	[008004, 008000, 008003, 008005, 008006, 008001, 008007, 008002]
4702	8	008004	008002	66	6.0	3.0	0,850	true	[008004, 008000, 008003, 008005, 008006, 008001, 008007, 008008, 008002]
4703	8	008004	008002	67	6.0	3.0	0,876	true	[008004, 008000, 008003, 008005, 008006, 008002]
4704	8	008004	008002	68	6.0	3.0	0,867	true	[008004, 008000, 008003, 008005, 008006, 008007, 008001, 008002]
4705	8	008004	008002	69	6.0	3.0	0,858	true	[008004, 008000, 008003, 008005, 008006, 008007, 008002]
4706	8	008004	008002	70	6.0	3.0	0,876	true	[008004, 008000, 008003, 008005, 008006, 008007, 008008, 008002]
4707	8	008004	008002	71	6.0	3.0	0,876	true	[008004, 008000, 008003, 008005, 008006, 008008, 008002]
4708	8	008004	008002	72	6.0	3.0	0,850	true	[008004, 008000, 008003, 008005, 008006, 008008, 008007, 008001, 008002]
4709	8	008004	008002	73	6.0	3.0	0,841	true	[008004, 008000, 008003, 008005, 008006, 008008, 008007, 008002]
4710	8	008004	008002	74	29.0	3.0	0,894	true	[008004, 008000, 008003, 008005, 008007, 008001, 008002]
4711	8	008004	008002	75	29.0	3.0	0,858	true	[008004, 008000, 008003, 008005, 008007, 008001, 008006, 008002]
4712	8	008004	008002	76	18.0	3.0	0,858	true	[008004, 008000, 008003, 008005, 008007, 008001, 008006, 008008, 008002]
4713	8	008004	008002	77	29.0	3.0	0,885	true	[008004, 008000, 008003, 008005, 008007, 008002]
4714	8	008004	008002	78	29.0	3.0	0,885	true	[008004, 008000, 008003, 008005, 008007, 008006, 008001, 008002]
4715	8	008004	008002	79	29.0	3.0	0,885	true	[008004, 008000, 008003, 008005, 008007, 008006, 008002]
4716	8	008004	008002	80	18.0	3.0	0,885	true	[008004, 008000, 008003, 008005, 008007, 008006, 008008, 008002]
4717	8	008004	008002	81	18.0	3.0	0,903	true	[008004, 008000, 008003, 008005, 008007, 008008, 008002]
4718	8	008004	008002	82	29.0	3.0	0,867	true	[008004, 008000, 008003, 008005, 008007, 008008, 008006, 008001, 008002]
4719	8	008004	008002	83	29.0	3.0	0,867	true	[008004, 008000, 008003, 008005, 008007, 008008, 008006, 008002]
4720	8	008004	008002	84	29.0	3.0	0,941	true	[008004, 008000, 008003, 008006, 008001, 008002]
4721	8	008004	008002	85	29.0	3.0	0,894	true	[008004, 008000, 008003, 008006, 008001, 008007, 008002]
4722	8	008004	008002	86	18.0	3.0	0,913	true	[008004, 008000, 008003, 008006, 008001, 008007, 008008, 008002]
4723	8	008004	008002	87	29.0	3.0	0,941	true	[008004, 008000, 008003, 008006, 008002]
4724	8	008004	008002	88	6.0	3.0	0,922	true	[008004, 008000, 008003, 008006, 008005, 008007, 008001, 008002]
4725	8	008004	008002	89	6.0	3.0	0,913	true	[008004, 008000, 008003, 008006, 008005, 008007, 008002]
4726	8	008004	008002	90	6.0	3.0	0,931	true	[008004, 008000, 008003, 008006, 008005, 008007, 008008, 008002]
4727	8	008004	008002	91	29.0	3.0	0,931	true	[008004, 008000, 008003, 008006, 008007, 008001, 008002]
4728	8	008004	008002	92	29.0	3.0	0,922	true	[008004, 008000, 008003, 008006, 008007, 008002]
4729	8	008004	008002	93	18.0	3.0	0,941	true	[008004, 008000, 008003, 008006, 008007, 008008, 008002]
4730	8	008004	008002	94	18.0	3.0	0,941	true	[008004, 008000, 008003, 008006, 008008, 008002]
4731	8	008004	008002	95	29.0	3.0	0,913	true	[008004, 008000, 008003, 008006, 008008, 008007, 008001, 008002]
4732	8	008004	008002	96	29.0	3.0	0,903	true	[008004, 008000, 008003, 008006, 008008, 008007, 008002]
4733	8	008004	008002	97	9.0	3.0	0,894	true	[008004, 008000, 008005, 008003, 008001, 008002]
4734	8	008004	008002	98	9.0	3.0	0,858	true	[008004, 008000, 008005, 008003, 008001, 008006, 008002]
4735	8	008004	008002	99	9.0	3.0	0,841	true	[008004, 008000, 008005, 008003, 008001, 008006, 008007, 008002]
4736	8	008004	008002	100	9.0	3.0	0,858	true	[008004, 008000, 008005, 008003, 008001, 008006, 008007, 008008, 008002]
4737	8	008004	008002	101	22.0	3.0	0,866	true	[008004, 008000, 008005, 008003, 008002]
4738	8	008004	008002	102	43.0	4.0	1,000	true	[008004, 008002]
4739	9	009002	009000	0	65.0	6.0	0,980	true	[009002, 009000]
4740	9	009002	009000	1	8.0	8.0	0,941	true	[009002, 009001, 009000]
4741	9	009002	009000	2	15.0	3.0	0,922	true	[009002, 009001, 009003, 009000]
4742	9	009002	009000	3	32.0	3.0	0,903	true	[009002, 009001, 009003, 009004, 009000]
4743	9	009002	009000	4	32.0	3.0	0,849	true	[009002, 009001, 009003, 009004, 009006, 009000]
4744	9	009002	009000	5	27.0	3.0	0,775	true	[009002, 009001, 009003, 009004, 009006, 009005, 009007, 009000]
4745	9	009002	009000	6	27.0	3.0	0,775	true	[009002, 009001, 009003, 009004, 009006, 009005, 009007, 009008, 009000]
4746	9	009002	009000	7	18.0	3.0	0,807	true	[009002, 009001, 009003, 009004, 009006, 009005, 009008, 009000]
4747	9	009002	009000	8	18.0	3.0	0,744	true	[009002, 009001, 009003, 009004, 009006, 009005, 009008, 009007, 009000]
4748	9	009002	009000	9	23.0	3.0	0,832	true	[009002, 009001, 009003, 009004, 009006, 009007, 009000]
4749	9	009002	009000	10	18.0	3.0	0,799	true	[009002, 009001, 009003, 009004, 009006, 009007, 009005, 009008, 009000]
4750	9	009002	009000	11	23.0	3.0	0,832	true	[009002, 009001, 009003, 009004, 009006, 009007, 009008, 009000]
4751	9	009002	009000	12	32.0	3.0	0,858	true	[009002, 009001, 009003, 009004, 009007, 009000]
4752	9	009002	009000	13	27.0	3.0	0,799	true	[009002, 009001, 009003, 009004, 009007, 009005, 009006, 009000]
4753	9	009002	009000	14	18.0	3.0	0,824	true	[009002, 009001, 009003, 009004, 009007, 009005, 009008, 009000]
4754	9	009002	009000	15	23.0	3.0	0,858	true	[009002, 009001, 009003, 009004, 009007, 009006, 009000]
4755	9	009002	009000	16	18.0	3.0	0,816	true	[009002, 009001, 009003, 009004, 009007, 009006, 009005, 009008, 009000]
4756	9	009002	009000	17	32.0	3.0	0,858	true	[009002, 009001, 009003, 009004, 009007, 009008, 009000]
4757	9	009002	009000	18	18.0	3.0	0,767	true	[009002, 009001, 009003, 009004, 009007, 009008, 009005, 009006, 009000]
4758	9	009002	009000	19	32.0	3.0	0,849	true	[009002, 009001, 009003, 009006, 009000]
4759	9	009002	009000	20	32.0	3.0	0,815	true	[009002, 009001, 009003, 009006, 009004, 009000]
4760	9	009002	009000	21	32.0	3.0	0,775	true	[009002, 009001, 009003, 009006, 009004, 009007, 009000]
4761	9	009002	009000	22	18.0	3.0	0,744	true	[009002, 009001, 009003, 009006, 009004, 009007, 009005, 009008, 009000]
4762	9	009002	009000	23	32.0	3.0	0,775	true	[009002, 009001, 009003, 009006, 009004, 009007, 009008, 009000]
4763	9	009002	009000	24	27.0	3.0	0,775	true	[009002, 009001, 009003, 009006, 009005, 009007, 009000]
4764	9	009002	009000	25	27.0	3.0	0,767	true	[009002, 009001, 009003, 009006, 009005, 009007, 009004, 009000]
4765	9	009002	009000	26	27.0	3.0	0,775	true	[009002, 009001, 009003, 009006, 009005, 009007, 009008, 009000]
4766	9	009002	009000	27	18.0	3.0	0,807	true	[009002, 009001, 009003, 009006, 009005, 009008, 009000]
4767	9	009002	009000	28	18.0	3.0	0,744	true	[009002, 009001, 009003, 009006, 009005, 009008, 009007, 009000]
4768	9	009002	009000	29	18.0	3.0	0,736	true	[009002, 009001, 009003, 009006, 009005, 009008, 009007, 009004, 009000]
4769	9	009002	009000	30	23.0	3.0	0,832	true	[009002, 009001, 009003, 009006, 009007, 009000]
4770	9	009002	009000	31	23.0	3.0	0,824	true	[009002, 009001, 009003, 009006, 009007, 009004, 009000]
4771	9	009002	009000	32	18.0	3.0	0,799	true	[009002, 009001, 009003, 009006, 009007, 009005, 009008, 009000]
4772	9	009002	009000	33	23.0	3.0	0,832	true	[009002, 009001, 009003, 009006, 009007, 009008, 009000]
4773	9	009002	009000	34	9.0	3.0	0,876	true	[009002, 009001, 009003, 009007, 009000]
4774	9	009002	009000	35	9.0	3.0	0,867	true	[009002, 009001, 009003, 009007, 009004, 009000]
4775	9	009002	009000	36	9.0	3.0	0,816	true	[009002, 009001, 009003, 009007, 009004, 009006, 009000]
4776	9	009002	009000	37	9.0	3.0	0,775	true	[009002, 009001, 009003, 009007, 009004, 009006, 009005, 009008, 009000]
4777	9	009002	009000	38	9.0	3.0	0,816	true	[009002, 009001, 009003, 009007, 009005, 009006, 009000]
4778	9	009002	009000	39	9.0	3.0	0,783	true	[009002, 009001, 009003, 009007, 009005, 009006, 009004, 009000]
4779	9	009002	009000	40	9.0	3.0	0,841	true	[009002, 009001, 009003, 009007, 009005, 009008, 009000]
4780	9	009002	009000	41	9.0	3.0	0,876	true	[009002, 009001, 009003, 009007, 009006, 009000]
4781	9	009002	009000	42	9.0	3.0	0,841	true	[009002, 009001, 009003, 009007, 009006, 009004, 009000]
4782	9	009002	009000	43	9.0	3.0	0,832	true	[009002, 009001, 009003, 009007, 009006, 009005, 009008, 009000]
4783	9	009002	009000	44	9.0	3.0	0,876	true	[009002, 009001, 009003, 009007, 009008, 009000]
4784	9	009002	009000	45	9.0	3.0	0,783	true	[009002, 009001, 009003, 009007, 009008, 009005, 009006, 009000]
4785	9	009002	009000	46	9.0	3.0	0,752	true	[009002, 009001, 009003, 009007, 009008, 009005, 009006, 009004, 009000]
4786	9	009002	009000	47	32.0	3.0	0,885	true	[009002, 009001, 009003, 009008, 009000]
4787	9	009002	009000	48	18.0	3.0	0,791	true	[009002, 009001, 009003, 009008, 009005, 009006, 009000]
4788	9	009002	009000	49	18.0	3.0	0,759	true	[009002, 009001, 009003, 009008, 009005, 009006, 009004, 009000]
4789	9	009002	009000	50	18.0	3.0	0,721	true	[009002, 009001, 009003, 009008, 009005, 009006, 009004, 009007, 009000]
4790	9	009002	009000	51	18.0	3.0	0,775	true	[009002, 009001, 009003, 009008, 009005, 009006, 009007, 009000]
4791	9	009002	009000	52	18.0	3.0	0,767	true	[009002, 009001, 009003, 009008, 009005, 009006, 009007, 009004, 009000]
4792	9	009002	009000	53	18.0	3.0	0,783	true	[009002, 009001, 009003, 009008, 009005, 009007, 009000]
4793	9	009002	009000	54	18.0	3.0	0,775	true	[009002, 009001, 009003, 009008, 009005, 009007, 009004, 009000]
4794	9	009002	009000	55	18.0	3.0	0,729	true	[009002, 009001, 009003, 009008, 009005, 009007, 009004, 009006, 009000]
4795	9	009002	009000	56	18.0	3.0	0,783	true	[009002, 009001, 009003, 009008, 009005, 009007, 009006, 009000]
4796	9	009002	009000	57	18.0	3.0	0,752	true	[009002, 009001, 009003, 009008, 009005, 009007, 009006, 009004, 009000]
4797	9	009002	009000	58	32.0	3.0	0,815	true	[009002, 009001, 009003, 009008, 009007, 009000]
4798	9	009002	009000	59	32.0	3.0	0,807	true	[009002, 009001, 009003, 009008, 009007, 009004, 009000]
4799	9	009002	009000	60	32.0	3.0	0,759	true	[009002, 009001, 009003, 009008, 009007, 009004, 009006, 009000]
4800	9	009002	009000	61	27.0	3.0	0,759	true	[009002, 009001, 009003, 009008, 009007, 009005, 009006, 009000]
4801	9	009002	009000	62	27.0	3.0	0,729	true	[009002, 009001, 009003, 009008, 009007, 009005, 009006, 009004, 009000]
4802	9	009002	009000	63	23.0	3.0	0,816	true	[009002, 009001, 009003, 009008, 009007, 009006, 009000]
4803	9	009002	009000	64	23.0	3.0	0,783	true	[009002, 009001, 009003, 009008, 009007, 009006, 009004, 009000]
4804	9	009002	009000	65	17.0	3.0	0,885	true	[009002, 009001, 009005, 009006, 009000]
4805	9	009002	009000	66	15.0	4.0	0,867	true	[009002, 009001, 009005, 009006, 009003, 009000]
4806	9	009002	009000	67	17.0	3.0	0,849	true	[009002, 009001, 009005, 009006, 009003, 009004, 009000]
4807	9	009002	009000	68	17.0	3.0	0,807	true	[009002, 009001, 009005, 009006, 009003, 009004, 009007, 009000]
4808	9	009002	009000	69	17.0	3.0	0,807	true	[009002, 009001, 009005, 009006, 009003, 009004, 009007, 009008, 009000]
4809	9	009002	009000	70	9.0	4.0	0,824	true	[009002, 009001, 009005, 009006, 009003, 009007, 009000]
4810	9	009002	009000	71	9.0	4.0	0,816	true	[009002, 009001, 009005, 009006, 009003, 009007, 009004, 009000]
4811	9	009002	009000	72	9.0	4.0	0,824	true	[009002, 009001, 009005, 009006, 009003, 009007, 009008, 009000]
4812	9	009002	009000	73	17.0	4.0	0,832	true	[009002, 009001, 009005, 009006, 009003, 009008, 009000]
4813	9	009002	009000	74	17.0	4.0	0,767	true	[009002, 009001, 009005, 009006, 009003, 009008, 009007, 009000]
4814	9	009002	009000	75	17.0	4.0	0,759	true	[009002, 009001, 009005, 009006, 009003, 009008, 009007, 009004, 009000]
4815	9	009002	009000	76	17.0	3.0	0,849	true	[009002, 009001, 009005, 009006, 009004, 009000]
4816	9	009002	009000	77	15.0	3.0	0,867	true	[009002, 009001, 009005, 009006, 009004, 009003, 009000]
4817	9	009002	009000	78	9.0	3.0	0,824	true	[009002, 009001, 009005, 009006, 009004, 009003, 009007, 009000]
4818	9	009002	009000	79	9.0	3.0	0,824	true	[009002, 009001, 009005, 009006, 009004, 009003, 009007, 009008, 009000]
4819	9	009002	009000	80	17.0	3.0	0,832	true	[009002, 009001, 009005, 009006, 009004, 009003, 009008, 009000]
4820	9	009002	009000	81	17.0	3.0	0,767	true	[009002, 009001, 009005, 009006, 009004, 009003, 009008, 009007, 009000]
4821	9	009002	009000	82	17.0	3.0	0,807	true	[009002, 009001, 009005, 009006, 009004, 009007, 009000]
4822	9	009002	009000	83	9.0	3.0	0,832	true	[009002, 009001, 009005, 009006, 009004, 009007, 009003, 009000]
4823	9	009002	009000	84	9.0	3.0	0,799	true	[009002, 009001, 009005, 009006, 009004, 009007, 009003, 009008, 009000]
4824	9	009002	009000	85	17.0	3.0	0,807	true	[009002, 009001, 009005, 009006, 009004, 009007, 009008, 009000]
4825	9	009002	009000	86	15.0	3.0	0,775	true	[009002, 009001, 009005, 009006, 009004, 009007, 009008, 009003, 009000]
4826	9	009002	009000	87	17.0	4.0	0,867	true	[009002, 009001, 009005, 009006, 009007, 009000]
4827	9	009002	009000	88	9.0	4.0	0,894	true	[009002, 009001, 009005, 009006, 009007, 009003, 009000]
4828	9	009002	009000	89	9.0	3.0	0,876	true	[009002, 009001, 009005, 009006, 009007, 009003, 009004, 009000]
4829	9	009002	009000	90	9.0	4.0	0,858	true	[009002, 009001, 009005, 009006, 009007, 009003, 009008, 009000]
4830	9	009002	009000	91	17.0	4.0	0,859	true	[009002, 009001, 009005, 009006, 009007, 009004, 009000]
4831	9	009002	009000	92	15.0	3.0	0,876	true	[009002, 009001, 009005, 009006, 009007, 009004, 009003, 009000]
4832	9	009002	009000	93	17.0	3.0	0,841	true	[009002, 009001, 009005, 009006, 009007, 009004, 009003, 009008, 009000]
4833	9	009002	009000	94	17.0	4.0	0,867	true	[009002, 009001, 009005, 009006, 009007, 009008, 009000]
4834	9	009002	009000	95	15.0	4.0	0,832	true	[009002, 009001, 009005, 009006, 009007, 009008, 009003, 009000]
4835	9	009002	009000	96	17.0	3.0	0,816	true	[009002, 009001, 009005, 009006, 009007, 009008, 009003, 009004, 009000]
4836	9	009002	009000	97	17.0	5.0	0,876	true	[009002, 009001, 009005, 009007, 009000]
4837	9	009002	009000	98	9.0	5.0	0,903	true	[009002, 009001, 009005, 009007, 009003, 009000]
4838	9	009002	009000	99	9.0	3.0	0,885	true	[009002, 009001, 009005, 009007, 009003, 009004, 009000]
4839	9	009002	009000	100	9.0	3.0	0,832	true	[009002, 009001, 009005, 009007, 009003, 009004, 009006, 009000]
4840	10	010002	010008	0	11.0	4.0	0,894	true	[010002, 010003, 010001, 010004, 010000, 010005, 010006, 010007, 010008]
4841	10	010002	010008	1	11.0	4.0	0,903	true	[010002, 010003, 010001, 010004, 010000, 010005, 010006, 010008]
4842	10	010002	010008	2	11.0	4.0	0,913	true	[010002, 010003, 010001, 010004, 010000, 010005, 010008]
4843	10	010002	010008	3	27.0	4.0	0,941	true	[010002, 010003, 010001, 010004, 010000, 010006, 010005, 010008]
4844	10	010002	010008	4	27.0	4.0	0,922	true	[010002, 010003, 010001, 010004, 010000, 010006, 010007, 010008]
4845	10	010002	010008	5	12.0	4.0	0,931	true	[010002, 010003, 010001, 010004, 010000, 010006, 010008]
4846	10	010002	010008	6	11.0	4.0	0,877	true	[010002, 010003, 010001, 010004, 010005, 010000, 010006, 010007, 010008]
4847	10	010002	010008	7	11.0	4.0	0,885	true	[010002, 010003, 010001, 010004, 010005, 010000, 010006, 010008]
4848	10	010002	010008	8	27.0	4.0	0,904	true	[010002, 010003, 010001, 010004, 010005, 010006, 010007, 010008]
4849	10	010002	010008	9	12.0	4.0	0,913	true	[010002, 010003, 010001, 010004, 010005, 010006, 010008]
4850	10	010002	010008	10	27.0	4.0	0,922	true	[010002, 010003, 010001, 010004, 010005, 010008]
4851	10	010002	010008	11	11.0	4.0	0,913	true	[010002, 010003, 010001, 010004, 010006, 010000, 010005, 010008]
4852	10	010002	010008	12	27.0	4.0	0,941	true	[010002, 010003, 010001, 010004, 010006, 010005, 010008]
4853	10	010002	010008	13	27.0	4.0	0,922	true	[010002, 010003, 010001, 010004, 010006, 010007, 010008]
4854	10	010002	010008	14	12.0	4.0	0,931	true	[010002, 010003, 010001, 010004, 010006, 010008]
4855	10	010002	010008	15	11.0	4.0	0,841	true	[010002, 010003, 010001, 010004, 010007, 010006, 010000, 010005, 010008]
4856	10	010002	010008	16	27.0	4.0	0,867	true	[010002, 010003, 010001, 010004, 010007, 010006, 010005, 010008]
4857	10	010002	010008	17	12.0	4.0	0,858	true	[010002, 010003, 010001, 010004, 010007, 010006, 010008]
4858	10	010002	010008	18	27.0	4.0	0,922	true	[010002, 010003, 010001, 010004, 010007, 010008]
4859	10	010002	010008	19	27.0	4.0	0,931	true	[010002, 010003, 010001, 010004, 010008]
4860	10	010002	010008	20	29.0	4.0	0,922	true	[010002, 010003, 010001, 010006, 010000, 010004, 010005, 010008]
4861	10	010002	010008	21	29.0	4.0	0,922	true	[010002, 010003, 010001, 010006, 010000, 010004, 010007, 010008]
4862	10	010002	010008	22	29.0	4.0	0,931	true	[010002, 010003, 010001, 010006, 010000, 010004, 010008]
4863	10	010002	010008	23	11.0	4.0	0,877	true	[010002, 010003, 010001, 010006, 010000, 010005, 010004, 010007, 010008]
4864	10	010002	010008	24	11.0	4.0	0,885	true	[010002, 010003, 010001, 010006, 010000, 010005, 010004, 010008]
4865	10	010002	010008	25	11.0	4.0	0,913	true	[010002, 010003, 010001, 010006, 010000, 010005, 010008]
4866	10	010002	010008	26	11.0	4.0	0,913	true	[010002, 010003, 010001, 010006, 010004, 010000, 010005, 010008]
4867	10	010002	010008	27	34.0	4.0	0,922	true	[010002, 010003, 010001, 010006, 010004, 010005, 010008]
4868	10	010002	010008	28	34.0	4.0	0,922	true	[010002, 010003, 010001, 010006, 010004, 010007, 010008]
4869	10	010002	010008	29	34.0	4.0	0,931	true	[010002, 010003, 010001, 010006, 010004, 010008]
4870	10	010002	010008	30	11.0	4.0	0,894	true	[010002, 010003, 010001, 010006, 010005, 010000, 010004, 010007, 010008]
4871	10	010002	010008	31	11.0	4.0	0,903	true	[010002, 010003, 010001, 010006, 010005, 010000, 010004, 010008]
4872	10	010002	010008	32	34.0	4.0	0,904	true	[010002, 010003, 010001, 010006, 010005, 010004, 010007, 010008]
4873	10	010002	010008	33	34.0	4.0	0,913	true	[010002, 010003, 010001, 010006, 010005, 010004, 010008]
4874	10	010002	010008	34	34.0	4.0	0,941	true	[010002, 010003, 010001, 010006, 010005, 010008]
4875	10	010002	010008	35	11.0	4.0	0,841	true	[010002, 010003, 010001, 010006, 010007, 010004, 010000, 010005, 010008]
4876	10	010002	010008	36	34.0	4.0	0,850	true	[010002, 010003, 010001, 010006, 010007, 010004, 010005, 010008]
4877	10	010002	010008	37	34.0	4.0	0,858	true	[010002, 010003, 010001, 010006, 010007, 010004, 010008]
4878	10	010002	010008	38	34.0	4.0	0,922	true	[010002, 010003, 010001, 010006, 010007, 010008]
4879	10	010002	010008	39	12.0	4.0	0,931	true	[010002, 010003, 010001, 010006, 010008]
4880	10	010002	010008	40	11.0	4.0	0,867	true	[010002, 010003, 010001, 010007, 010004, 010000, 010005, 010006, 010008]
4881	10	010002	010008	41	11.0	4.0	0,876	true	[010002, 010003, 010001, 010007, 010004, 010000, 010005, 010008]
4882	10	010002	010008	42	11.0	4.0	0,903	true	[010002, 010003, 010001, 010007, 010004, 010000, 010006, 010005, 010008]
4883	10	010002	010008	43	11.0	4.0	0,894	true	[010002, 010003, 010001, 010007, 010004, 010000, 010006, 010008]
4884	10	010002	010008	44	11.0	4.0	0,850	true	[010002, 010003, 010001, 010007, 010004, 010005, 010000, 010006, 010008]
4885	10	010002	010008	45	11.0	4.0	0,876	true	[010002, 010003, 010001, 010007, 010004, 010005, 010006, 010008]
4886	10	010002	010008	46	11.0	4.0	0,885	true	[010002, 010003, 010001, 010007, 010004, 010005, 010008]
4887	10	010002	010008	47	11.0	4.0	0,876	true	[010002, 010003, 010001, 010007, 010004, 010006, 010000, 010005, 010008]
4888	10	010002	010008	48	11.0	4.0	0,903	true	[010002, 010003, 010001, 010007, 010004, 010006, 010005, 010008]
4889	10	010002	010008	49	11.0	4.0	0,894	true	[010002, 010003, 010001, 010007, 010004, 010006, 010008]
4890	10	010002	010008	50	11.0	4.0	0,894	true	[010002, 010003, 010001, 010007, 010004, 010008]
4891	10	010002	010008	51	11.0	4.0	0,885	true	[010002, 010003, 010001, 010007, 010006, 010000, 010004, 010005, 010008]
4892	10	010002	010008	52	11.0	4.0	0,894	true	[010002, 010003, 010001, 010007, 010006, 010000, 010004, 010008]
4893	10	010002	010008	53	11.0	4.0	0,850	true	[010002, 010003, 010001, 010007, 010006, 010000, 010005, 010004, 010008]
4894	10	010002	010008	54	11.0	4.0	0,876	true	[010002, 010003, 010001, 010007, 010006, 010000, 010005, 010008]
4895	10	010002	010008	55	11.0	4.0	0,876	true	[010002, 010003, 010001, 010007, 010006, 010004, 010000, 010005, 010008]
4896	10	010002	010008	56	11.0	4.0	0,885	true	[010002, 010003, 010001, 010007, 010006, 010004, 010005, 010008]
4897	10	010002	010008	57	11.0	4.0	0,894	true	[010002, 010003, 010001, 010007, 010006, 010004, 010008]
4898	10	010002	010008	58	11.0	4.0	0,867	true	[010002, 010003, 010001, 010007, 010006, 010005, 010000, 010004, 010008]
4899	10	010002	010008	59	11.0	4.0	0,876	true	[010002, 010003, 010001, 010007, 010006, 010005, 010004, 010008]
4900	10	010002	010008	60	11.0	4.0	0,903	true	[010002, 010003, 010001, 010007, 010006, 010005, 010008]
4901	10	010002	010008	61	11.0	4.0	0,894	true	[010002, 010003, 010001, 010007, 010006, 010008]
4902	10	010002	010008	62	11.0	4.0	0,960	true	[010002, 010003, 010001, 010007, 010008]
4903	10	010002	010008	63	24.0	3.0	0,950	true	[010002, 010003, 010001, 010008]
4904	10	010002	010008	64	11.0	4.0	0,877	true	[010002, 010003, 010005, 010000, 010004, 010001, 010006, 010007, 010008]
4905	10	010002	010008	65	11.0	4.0	0,885	true	[010002, 010003, 010005, 010000, 010004, 010001, 010006, 010008]
4906	10	010002	010008	66	11.0	4.0	0,850	true	[010002, 010003, 010005, 010000, 010004, 010001, 010007, 010006, 010008]
4907	10	010002	010008	67	11.0	4.0	0,913	true	[010002, 010003, 010005, 010000, 010004, 010001, 010007, 010008]
4908	10	010002	010008	68	11.0	3.0	0,903	true	[010002, 010003, 010005, 010000, 010004, 010001, 010008]
4909	10	010002	010008	69	11.0	4.0	0,913	true	[010002, 010003, 010005, 010000, 010004, 010006, 010001, 010007, 010008]
4910	10	010002	010008	70	11.0	3.0	0,903	true	[010002, 010003, 010005, 010000, 010004, 010006, 010001, 010008]
4911	10	010002	010008	71	11.0	3.0	0,867	true	[010002, 010003, 010005, 010000, 010004, 010006, 010007, 010001, 010008]
4912	10	010002	010008	72	11.0	4.0	0,913	true	[010002, 010003, 010005, 010000, 010004, 010006, 010007, 010008]
4913	10	010002	010008	73	11.0	4.0	0,922	true	[010002, 010003, 010005, 010000, 010004, 010006, 010008]
4914	10	010002	010008	74	11.0	4.0	0,850	true	[010002, 010003, 010005, 010000, 010004, 010007, 010001, 010006, 010008]
4915	10	010002	010008	75	11.0	3.0	0,867	true	[010002, 010003, 010005, 010000, 010004, 010007, 010001, 010008]
4916	10	010002	010008	76	11.0	3.0	0,833	true	[010002, 010003, 010005, 010000, 010004, 010007, 010006, 010001, 010008]
4917	10	010002	010008	77	11.0	4.0	0,850	true	[010002, 010003, 010005, 010000, 010004, 010007, 010006, 010008]
4918	10	010002	010008	78	11.0	4.0	0,913	true	[010002, 010003, 010005, 010000, 010004, 010007, 010008]
4919	10	010002	010008	79	11.0	4.0	0,922	true	[010002, 010003, 010005, 010000, 010004, 010008]
4920	10	010002	010008	80	11.0	4.0	0,877	true	[010002, 010003, 010005, 010000, 010006, 010001, 010004, 010007, 010008]
4921	10	010002	010008	81	11.0	4.0	0,885	true	[010002, 010003, 010005, 010000, 010006, 010001, 010004, 010008]
4922	10	010002	010008	82	11.0	4.0	0,850	true	[010002, 010003, 010005, 010000, 010006, 010001, 010007, 010004, 010008]
4923	10	010002	010008	83	11.0	4.0	0,913	true	[010002, 010003, 010005, 010000, 010006, 010001, 010007, 010008]
4924	10	010002	010008	84	11.0	3.0	0,903	true	[010002, 010003, 010005, 010000, 010006, 010001, 010008]
4925	10	010002	010008	85	11.0	4.0	0,913	true	[010002, 010003, 010005, 010000, 010006, 010004, 010001, 010007, 010008]
4926	10	010002	010008	86	11.0	3.0	0,903	true	[010002, 010003, 010005, 010000, 010006, 010004, 010001, 010008]
4927	10	010002	010008	87	11.0	3.0	0,867	true	[010002, 010003, 010005, 010000, 010006, 010004, 010007, 010001, 010008]
4928	10	010002	010008	88	11.0	4.0	0,913	true	[010002, 010003, 010005, 010000, 010006, 010004, 010007, 010008]
4929	10	010002	010008	89	11.0	4.0	0,922	true	[010002, 010003, 010005, 010000, 010006, 010004, 010008]
4930	10	010002	010008	90	11.0	4.0	0,850	true	[010002, 010003, 010005, 010000, 010006, 010007, 010001, 010004, 010008]
4931	10	010002	010008	91	11.0	3.0	0,867	true	[010002, 010003, 010005, 010000, 010006, 010007, 010001, 010008]
4932	10	010002	010008	92	11.0	3.0	0,833	true	[010002, 010003, 010005, 010000, 010006, 010007, 010004, 010001, 010008]
4933	10	010002	010008	93	11.0	4.0	0,850	true	[010002, 010003, 010005, 010000, 010006, 010007, 010004, 010008]
4934	10	010002	010008	94	11.0	4.0	0,913	true	[010002, 010003, 010005, 010000, 010006, 010007, 010008]
4935	10	010002	010008	95	11.0	4.0	0,922	true	[010002, 010003, 010005, 010000, 010006, 010008]
4936	10	010002	010008	96	11.0	4.0	0,922	true	[010002, 010003, 010005, 010004, 010000, 010006, 010001, 010007, 010008]
4937	10	010002	010008	97	24.0	3.0	0,913	true	[010002, 010003, 010005, 010004, 010000, 010006, 010001, 010008]
4938	10	010002	010008	98	11.0	3.0	0,876	true	[010002, 010003, 010005, 010004, 010000, 010006, 010007, 010001, 010008]
4939	10	010002	010008	99	29.0	4.0	0,922	true	[010002, 010003, 010005, 010004, 010000, 010006, 010007, 010008]
4940	10	010002	010008	100	12.0	4.0	0,931	true	[010002, 010003, 010005, 010004, 010000, 010006, 010008]
4941	10	010002	010008	101	34.0	4.0	0,931	true	[010002, 010003, 010005, 010004, 010008]
4942	10	010002	010008	102	44.0	4.0	0,960	true	[010002, 010003, 010005, 010008]
4943	10	010002	010008	103	46.0	4.0	0,970	true	[010002, 010003, 010008]
4944	10	010002	010008	104	51.0	3.0	0,970	true	[010002, 010008]
4945	11	011006	011007	0	20.0	4.0	0,876	true	[011006, 011000, 011002, 011001, 011003, 011005, 011007]
4946	11	011006	011007	1	18.0	3.0	0,841	true	[011006, 011000, 011002, 011001, 011003, 011005, 011008, 011004, 011007]
4947	11	011006	011007	2	18.0	4.0	0,859	true	[011006, 011000, 011002, 011001, 011003, 011005, 011008, 011007]
4948	11	011006	011007	3	20.0	4.0	0,913	true	[011006, 011000, 011002, 011001, 011003, 011007]
4949	11	011006	011007	4	20.0	7.0	0,895	true	[011006, 011000, 011002, 011001, 011004, 011007]
4950	11	011006	011007	5	18.0	3.0	0,841	true	[011006, 011000, 011002, 011001, 011004, 011008, 011005, 011003, 011007]
4951	11	011006	011007	6	18.0	3.0	0,824	true	[011006, 011000, 011002, 011001, 011004, 011008, 011005, 011007]
4952	11	011006	011007	7	20.0	3.0	0,895	true	[011006, 011000, 011002, 011001, 011004, 011008, 011007]
4953	11	011006	011007	8	20.0	7.0	0,904	true	[011006, 011000, 011002, 011001, 011005, 011003, 011007]
4954	11	011006	011007	9	20.0	4.0	0,885	true	[011006, 011000, 011002, 011001, 011005, 011007]
4955	11	011006	011007	10	18.0	3.0	0,850	true	[011006, 011000, 011002, 011001, 011005, 011008, 011004, 011007]
4956	11	011006	011007	11	18.0	7.0	0,867	true	[011006, 011000, 011002, 011001, 011005, 011008, 011007]
4957	11	011006	011007	12	20.0	7.0	0,922	true	[011006, 011000, 011002, 011001, 011007]
4958	11	011006	011007	13	20.0	3.0	0,886	true	[011006, 011000, 011002, 011001, 011008, 011004, 011007]
4959	11	011006	011007	14	18.0	4.0	0,850	true	[011006, 011000, 011002, 011001, 011008, 011005, 011003, 011007]
4960	11	011006	011007	15	18.0	4.0	0,833	true	[011006, 011000, 011002, 011001, 011008, 011005, 011007]
4961	11	011006	011007	16	20.0	4.0	0,904	true	[011006, 011000, 011002, 011001, 011008, 011007]
4962	11	011006	011007	17	6.0	4.0	0,850	true	[011006, 011000, 011002, 011003, 011001, 011004, 011007]
4963	11	011006	011007	18	6.0	3.0	0,783	true	[011006, 011000, 011002, 011003, 011001, 011004, 011008, 011005, 011007]
4964	11	011006	011007	19	6.0	3.0	0,850	true	[011006, 011000, 011002, 011003, 011001, 011004, 011008, 011007]
4965	11	011006	011007	20	6.0	4.0	0,841	true	[011006, 011000, 011002, 011003, 011001, 011005, 011007]
4966	11	011006	011007	21	6.0	3.0	0,807	true	[011006, 011000, 011002, 011003, 011001, 011005, 011008, 011004, 011007]
4967	11	011006	011007	22	6.0	4.0	0,824	true	[011006, 011000, 011002, 011003, 011001, 011005, 011008, 011007]
4968	11	011006	011007	23	6.0	4.0	0,876	true	[011006, 011000, 011002, 011003, 011001, 011007]
4969	11	011006	011007	24	6.0	3.0	0,841	true	[011006, 011000, 011002, 011003, 011001, 011008, 011004, 011007]
4970	11	011006	011007	25	6.0	4.0	0,791	true	[011006, 011000, 011002, 011003, 011001, 011008, 011005, 011007]
4971	11	011006	011007	26	6.0	4.0	0,859	true	[011006, 011000, 011002, 011003, 011001, 011008, 011007]
4972	11	011006	011007	27	6.0	6.0	0,841	true	[011006, 011000, 011002, 011003, 011005, 011001, 011004, 011007]
4973	11	011006	011007	28	6.0	3.0	0,841	true	[011006, 011000, 011002, 011003, 011005, 011001, 011004, 011008, 011007]
4974	11	011006	011007	29	6.0	6.0	0,867	true	[011006, 011000, 011002, 011003, 011005, 011001, 011007]
4975	11	011006	011007	30	6.0	3.0	0,833	true	[011006, 011000, 011002, 011003, 011005, 011001, 011008, 011004, 011007]
4976	11	011006	011007	31	6.0	4.0	0,850	true	[011006, 011000, 011002, 011003, 011005, 011001, 011008, 011007]
4977	11	011006	011007	32	6.0	4.0	0,850	true	[011006, 011000, 011002, 011003, 011005, 011007]
4978	11	011006	011007	33	6.0	4.0	0,791	true	[011006, 011000, 011002, 011003, 011005, 011008, 011001, 011004, 011007]
4979	11	011006	011007	34	6.0	4.0	0,816	true	[011006, 011000, 011002, 011003, 011005, 011008, 011001, 011007]
4980	11	011006	011007	35	6.0	3.0	0,807	true	[011006, 011000, 011002, 011003, 011005, 011008, 011004, 011001, 011007]
4981	11	011006	011007	36	6.0	3.0	0,816	true	[011006, 011000, 011002, 011003, 011005, 011008, 011004, 011007]
4982	11	011006	011007	37	6.0	6.0	0,832	true	[011006, 011000, 011002, 011003, 011005, 011008, 011007]
4983	11	011006	011007	38	6.0	6.0	0,885	true	[011006, 011000, 011002, 011003, 011007]
4984	11	011006	011007	39	22.0	4.0	0,859	true	[011006, 011000, 011002, 011004, 011001, 011003, 011005, 011007]
4985	11	011006	011007	40	18.0	4.0	0,841	true	[011006, 011000, 011002, 011004, 011001, 011003, 011005, 011008, 011007]
4986	11	011006	011007	41	22.0	4.0	0,895	true	[011006, 011000, 011002, 011004, 011001, 011003, 011007]
4987	11	011006	011007	42	22.0	7.0	0,886	true	[011006, 011000, 011002, 011004, 011001, 011005, 011003, 011007]
4988	11	011006	011007	43	22.0	4.0	0,868	true	[011006, 011000, 011002, 011004, 011001, 011005, 011007]
4989	11	011006	011007	44	18.0	7.0	0,850	true	[011006, 011000, 011002, 011004, 011001, 011005, 011008, 011007]
4990	11	011006	011007	45	22.0	7.0	0,904	true	[011006, 011000, 011002, 011004, 011001, 011007]
4991	11	011006	011007	46	18.0	4.0	0,833	true	[011006, 011000, 011002, 011004, 011001, 011008, 011005, 011003, 011007]
4992	11	011006	011007	47	18.0	4.0	0,816	true	[011006, 011000, 011002, 011004, 011001, 011008, 011005, 011007]
4993	11	011006	011007	48	22.0	4.0	0,886	true	[011006, 011000, 011002, 011004, 011001, 011008, 011007]
4994	11	011006	011007	49	22.0	7.0	0,913	true	[011006, 011000, 011002, 011004, 011007]
4995	11	011006	011007	50	22.0	3.0	0,850	true	[011006, 011000, 011002, 011004, 011008, 011001, 011003, 011005, 011007]
4996	11	011006	011007	51	22.0	3.0	0,886	true	[011006, 011000, 011002, 011004, 011008, 011001, 011003, 011007]
4997	11	011006	011007	52	22.0	3.0	0,877	true	[011006, 011000, 011002, 011004, 011008, 011001, 011005, 011003, 011007]
4998	11	011006	011007	53	22.0	3.0	0,859	true	[011006, 011000, 011002, 011004, 011008, 011001, 011005, 011007]
4999	11	011006	011007	54	22.0	3.0	0,895	true	[011006, 011000, 011002, 011004, 011008, 011001, 011007]
5000	11	011006	011007	55	18.0	3.0	0,850	true	[011006, 011000, 011002, 011004, 011008, 011005, 011001, 011003, 011007]
5001	11	011006	011007	56	18.0	3.0	0,859	true	[011006, 011000, 011002, 011004, 011008, 011005, 011001, 011007]
5002	11	011006	011007	57	18.0	3.0	0,850	true	[011006, 011000, 011002, 011004, 011008, 011005, 011003, 011001, 011007]
5003	11	011006	011007	58	18.0	3.0	0,859	true	[011006, 011000, 011002, 011004, 011008, 011005, 011003, 011007]
5004	11	011006	011007	59	18.0	3.0	0,841	true	[011006, 011000, 011002, 011004, 011008, 011005, 011007]
5005	11	011006	011007	60	22.0	3.0	0,913	true	[011006, 011000, 011002, 011004, 011008, 011007]
5006	11	011006	011007	61	23.0	3.0	0,824	true	[011006, 011000, 011002, 011008, 011001, 011003, 011005, 011007]
5007	11	011006	011007	62	23.0	3.0	0,859	true	[011006, 011000, 011002, 011008, 011001, 011003, 011007]
5008	11	011006	011007	63	32.0	3.0	0,841	true	[011006, 011000, 011002, 011008, 011001, 011004, 011007]
5009	11	011006	011007	64	35.0	3.0	0,850	true	[011006, 011000, 011002, 011008, 011001, 011005, 011003, 011007]
5010	11	011006	011007	65	33.0	3.0	0,833	true	[011006, 011000, 011002, 011008, 011001, 011005, 011007]
5011	11	011006	011007	66	35.0	3.0	0,867	true	[011006, 011000, 011002, 011008, 011001, 011007]
5012	11	011006	011007	67	23.0	3.0	0,816	true	[011006, 011000, 011002, 011008, 011004, 011001, 011003, 011005, 011007]
5013	11	011006	011007	68	23.0	3.0	0,850	true	[011006, 011000, 011002, 011008, 011004, 011001, 011003, 011007]
5014	11	011006	011007	69	35.0	3.0	0,841	true	[011006, 011000, 011002, 011008, 011004, 011001, 011005, 011003, 011007]
5015	11	011006	011007	70	33.0	3.0	0,824	true	[011006, 011000, 011002, 011008, 011004, 011001, 011005, 011007]
5016	11	011006	011007	71	35.0	3.0	0,859	true	[011006, 011000, 011002, 011008, 011004, 011001, 011007]
5017	11	011006	011007	72	32.0	3.0	0,867	true	[011006, 011000, 011002, 011008, 011004, 011007]
5018	11	011006	011007	73	18.0	3.0	0,824	true	[011006, 011000, 011002, 011008, 011005, 011001, 011003, 011007]
5019	11	011006	011007	74	18.0	3.0	0,807	true	[011006, 011000, 011002, 011008, 011005, 011001, 011004, 011007]
5020	11	011006	011007	75	18.0	3.0	0,832	true	[011006, 011000, 011002, 011008, 011005, 011001, 011007]
5021	11	011006	011007	76	18.0	3.0	0,799	true	[011006, 011000, 011002, 011008, 011005, 011003, 011001, 011004, 011007]
5022	11	011006	011007	77	18.0	3.0	0,824	true	[011006, 011000, 011002, 011008, 011005, 011003, 011001, 011007]
5023	11	011006	011007	78	18.0	3.0	0,832	true	[011006, 011000, 011002, 011008, 011005, 011003, 011007]
5024	11	011006	011007	79	18.0	3.0	0,815	true	[011006, 011000, 011002, 011008, 011005, 011007]
5025	11	011006	011007	80	34.0	3.0	0,885	true	[011006, 011000, 011002, 011008, 011007]
5026	11	011006	011007	81	20.0	4.0	0,922	true	[011006, 011000, 011003, 011001, 011002, 011004, 011007]
5027	11	011006	011007	82	18.0	3.0	0,850	true	[011006, 011000, 011003, 011001, 011002, 011004, 011008, 011005, 011007]
5028	11	011006	011007	83	20.0	3.0	0,922	true	[011006, 011000, 011003, 011001, 011002, 011004, 011008, 011007]
5029	11	011006	011007	84	20.0	3.0	0,876	true	[011006, 011000, 011003, 011001, 011002, 011008, 011004, 011007]
5030	11	011006	011007	85	18.0	3.0	0,824	true	[011006, 011000, 011003, 011001, 011002, 011008, 011005, 011007]
5031	11	011006	011007	86	20.0	3.0	0,894	true	[011006, 011000, 011003, 011001, 011002, 011008, 011007]
5032	11	011006	011007	87	18.0	3.0	0,807	true	[011006, 011000, 011003, 011001, 011004, 011002, 011008, 011005, 011007]
5033	11	011006	011007	88	22.0	3.0	0,876	true	[011006, 011000, 011003, 011001, 011004, 011002, 011008, 011007]
5034	11	011006	011007	89	23.0	4.0	0,922	true	[011006, 011000, 011003, 011001, 011004, 011007]
5035	11	011006	011007	90	18.0	3.0	0,850	true	[011006, 011000, 011003, 011001, 011004, 011008, 011005, 011007]
5036	11	011006	011007	91	23.0	3.0	0,922	true	[011006, 011000, 011003, 011001, 011004, 011008, 011007]
5037	11	011006	011007	92	23.0	4.0	0,913	true	[011006, 011000, 011003, 011001, 011005, 011007]
5038	11	011006	011007	93	18.0	3.0	0,832	true	[011006, 011000, 011003, 011001, 011005, 011008, 011002, 011004, 011007]
5039	11	011006	011007	94	18.0	3.0	0,876	true	[011006, 011000, 011003, 011001, 011005, 011008, 011004, 011007]
5040	11	011006	011007	95	18.0	4.0	0,894	true	[011006, 011000, 011003, 011001, 011005, 011008, 011007]
5041	11	011006	011007	96	23.0	4.0	0,951	true	[011006, 011000, 011003, 011001, 011007]
5042	11	011006	011007	97	22.0	3.0	0,867	true	[011006, 011000, 011003, 011001, 011008, 011002, 011004, 011007]
5043	11	011006	011007	98	23.0	3.0	0,913	true	[011006, 011000, 011003, 011001, 011008, 011004, 011007]
5044	11	011006	011007	99	18.0	4.0	0,858	true	[011006, 011000, 011003, 011001, 011008, 011005, 011007]
5045	11	011006	011007	100	23.0	4.0	0,932	true	[011006, 011000, 011003, 011001, 011008, 011007]
5046	11	011006	011007	101	55.0	7.0	0,960	true	[011006, 011000, 011003, 011007]
5047	11	011006	011007	102	55.0	3.0	0,960	true	[011006, 011000, 011007]
5048	12	012004	012007	0	5.0	3.0	0,840	true	[012004, 012001, 012000, 012002, 012003, 012006, 012007]
5049	12	012004	012007	1	5.0	3.0	0,857	true	[012004, 012001, 012000, 012002, 012003, 012007]
5050	12	012004	012007	2	5.0	3.0	0,790	true	[012004, 012001, 012000, 012002, 012003, 012008, 012005, 012006, 012007]
5051	12	012004	012007	3	5.0	3.0	0,815	true	[012004, 012001, 012000, 012002, 012003, 012008, 012006, 012007]
5052	12	012004	012007	4	10.0	3.0	0,815	true	[012004, 012001, 012000, 012002, 012006, 012003, 012007]
5053	12	012004	012007	5	8.0	3.0	0,767	true	[012004, 012001, 012000, 012002, 012006, 012005, 012008, 012003, 012007]
5054	12	012004	012007	6	19.0	3.0	0,832	true	[012004, 012001, 012000, 012002, 012006, 012007]
5055	12	012004	012007	7	8.0	3.0	0,791	true	[012004, 012001, 012000, 012002, 012006, 012008, 012003, 012007]
5056	12	012004	012007	8	19.0	4.0	0,884	true	[012004, 012001, 012000, 012002, 012007]
5057	12	012004	012007	9	8.0	3.0	0,774	true	[012004, 012001, 012000, 012002, 012008, 012003, 012006, 012007]
5058	12	012004	012007	10	8.0	4.0	0,790	true	[012004, 012001, 012000, 012002, 012008, 012003, 012007]
5059	12	012004	012007	11	10.0	3.0	0,759	true	[012004, 012001, 012000, 012002, 012008, 012005, 012006, 012003, 012007]
5060	12	012004	012007	12	19.0	3.0	0,774	true	[012004, 012001, 012000, 012002, 012008, 012005, 012006, 012007]
5061	12	012004	012007	13	10.0	4.0	0,782	true	[012004, 012001, 012000, 012002, 012008, 012006, 012003, 012007]
5062	12	012004	012007	14	19.0	3.0	0,798	true	[012004, 012001, 012000, 012002, 012008, 012006, 012007]
5063	12	012004	012007	15	5.0	3.0	0,815	true	[012004, 012001, 012000, 012003, 012002, 012006, 012007]
5064	12	012004	012007	16	5.0	3.0	0,867	true	[012004, 012001, 012000, 012003, 012002, 012007]
5065	12	012004	012007	17	5.0	3.0	0,759	true	[012004, 012001, 012000, 012003, 012002, 012008, 012005, 012006, 012007]
5066	12	012004	012007	18	5.0	3.0	0,782	true	[012004, 012001, 012000, 012003, 012002, 012008, 012006, 012007]
5067	12	012004	012007	19	19.0	3.0	0,824	true	[012004, 012001, 012000, 012003, 012006, 012002, 012007]
5068	12	012004	012007	20	19.0	3.0	0,767	true	[012004, 012001, 012000, 012003, 012006, 012005, 012008, 012002, 012007]
5069	12	012004	012007	21	19.0	3.0	0,823	true	[012004, 012001, 012000, 012003, 012006, 012007]
5070	12	012004	012007	22	19.0	4.0	0,791	true	[012004, 012001, 012000, 012003, 012006, 012008, 012002, 012007]
5071	12	012004	012007	23	10.0	4.0	0,840	true	[012004, 012001, 012000, 012003, 012007]
5072	12	012004	012007	24	8.0	3.0	0,751	true	[012004, 012001, 012000, 012003, 012008, 012002, 012006, 012007]
5073	12	012004	012007	25	8.0	4.0	0,799	true	[012004, 012001, 012000, 012003, 012008, 012002, 012007]
5074	12	012004	012007	26	8.0	3.0	0,775	true	[012004, 012001, 012000, 012003, 012008, 012005, 012006, 012002, 012007]
5075	12	012004	012007	27	8.0	3.0	0,775	true	[012004, 012001, 012000, 012003, 012008, 012005, 012006, 012007]
5076	12	012004	012007	28	8.0	3.0	0,799	true	[012004, 012001, 012000, 012003, 012008, 012006, 012002, 012007]
5077	12	012004	012007	29	8.0	3.0	0,799	true	[012004, 012001, 012000, 012003, 012008, 012006, 012007]
5078	12	012004	012007	30	5.0	3.0	0,823	true	[012004, 012001, 012000, 012006, 012002, 012003, 012007]
5079	12	012004	012007	31	19.0	3.0	0,849	true	[012004, 012001, 012000, 012006, 012002, 012007]
5080	12	012004	012007	32	8.0	3.0	0,759	true	[012004, 012001, 012000, 012006, 012002, 012008, 012003, 012007]
5081	12	012004	012007	33	5.0	3.0	0,858	true	[012004, 012001, 012000, 012006, 012003, 012002, 012007]
5082	12	012004	012007	34	10.0	4.0	0,832	true	[012004, 012001, 012000, 012006, 012003, 012007]
5083	12	012004	012007	35	8.0	4.0	0,791	true	[012004, 012001, 012000, 012006, 012003, 012008, 012002, 012007]
5084	12	012004	012007	36	5.0	3.0	0,766	true	[012004, 012001, 012000, 012006, 012005, 012008, 012002, 012003, 012007]
5085	12	012004	012007	37	19.0	3.0	0,791	true	[012004, 012001, 012000, 012006, 012005, 012008, 012002, 012007]
5086	12	012004	012007	38	5.0	3.0	0,807	true	[012004, 012001, 012000, 012006, 012005, 012008, 012003, 012002, 012007]
5087	12	012004	012007	39	8.0	3.0	0,782	true	[012004, 012001, 012000, 012006, 012005, 012008, 012003, 012007]
5088	12	012004	012007	40	19.0	3.0	0,849	true	[012004, 012001, 012000, 012006, 012007]
5089	12	012004	012007	41	5.0	3.0	0,790	true	[012004, 012001, 012000, 012006, 012008, 012002, 012003, 012007]
5090	12	012004	012007	42	19.0	4.0	0,815	true	[012004, 012001, 012000, 012006, 012008, 012002, 012007]
5091	12	012004	012007	43	5.0	3.0	0,832	true	[012004, 012001, 012000, 012006, 012008, 012003, 012002, 012007]
5092	12	012004	012007	44	8.0	4.0	0,807	true	[012004, 012001, 012000, 012006, 012008, 012003, 012007]
5093	12	012004	012007	45	5.0	3.0	0,774	true	[012004, 012001, 012000, 012008, 012002, 012003, 012006, 012007]
5094	12	012004	012007	46	5.0	3.0	0,790	true	[012004, 012001, 012000, 012008, 012002, 012003, 012007]
5095	12	012004	012007	47	10.0	3.0	0,751	true	[012004, 012001, 012000, 012008, 012002, 012006, 012003, 012007]
5096	12	012004	012007	48	19.0	3.0	0,766	true	[012004, 012001, 012000, 012008, 012002, 012006, 012007]
5097	12	012004	012007	49	19.0	3.0	0,815	true	[012004, 012001, 012000, 012008, 012002, 012007]
5098	12	012004	012007	50	5.0	3.0	0,783	true	[012004, 012001, 012000, 012008, 012003, 012002, 012006, 012007]
5099	12	012004	012007	51	5.0	3.0	0,832	true	[012004, 012001, 012000, 012008, 012003, 012002, 012007]
5100	12	012004	012007	52	8.0	3.0	0,791	true	[012004, 012001, 012000, 012008, 012003, 012006, 012002, 012007]
5101	12	012004	012007	53	8.0	3.0	0,791	true	[012004, 012001, 012000, 012008, 012003, 012006, 012007]
5102	12	012004	012007	54	8.0	3.0	0,807	true	[012004, 012001, 012000, 012008, 012003, 012007]
5103	12	012004	012007	55	5.0	3.0	0,767	true	[012004, 012001, 012000, 012008, 012005, 012006, 012002, 012003, 012007]
5104	12	012004	012007	56	19.0	3.0	0,791	true	[012004, 012001, 012000, 012008, 012005, 012006, 012002, 012007]
5105	12	012004	012007	57	5.0	3.0	0,799	true	[012004, 012001, 012000, 012008, 012005, 012006, 012003, 012002, 012007]
5106	12	012004	012007	58	10.0	3.0	0,775	true	[012004, 012001, 012000, 012008, 012005, 012006, 012003, 012007]
5107	12	012004	012007	59	19.0	3.0	0,790	true	[012004, 012001, 012000, 012008, 012005, 012006, 012007]
5108	12	012004	012007	60	5.0	3.0	0,791	true	[012004, 012001, 012000, 012008, 012006, 012002, 012003, 012007]
5109	12	012004	012007	61	19.0	3.0	0,816	true	[012004, 012001, 012000, 012008, 012006, 012002, 012007]
5110	12	012004	012007	62	5.0	3.0	0,824	true	[012004, 012001, 012000, 012008, 012006, 012003, 012002, 012007]
5111	12	012004	012007	63	10.0	3.0	0,799	true	[012004, 012001, 012000, 012008, 012006, 012003, 012007]
5112	12	012004	012007	64	19.0	3.0	0,815	true	[012004, 012001, 012000, 012008, 012006, 012007]
5113	12	012004	012007	65	23.0	3.0	0,841	true	[012004, 012001, 012002, 012000, 012003, 012006, 012007]
5114	12	012004	012007	66	10.0	5.0	0,858	true	[012004, 012001, 012002, 012000, 012003, 012007]
5115	12	012004	012007	67	8.0	3.0	0,791	true	[012004, 012001, 012002, 012000, 012003, 012008, 012005, 012006, 012007]
5116	12	012004	012007	68	8.0	3.0	0,816	true	[012004, 012001, 012002, 012000, 012003, 012008, 012006, 012007]
5117	12	012004	012007	69	10.0	5.0	0,849	true	[012004, 012001, 012002, 012000, 012006, 012003, 012007]
5118	12	012004	012007	70	8.0	3.0	0,799	true	[012004, 012001, 012002, 012000, 012006, 012005, 012008, 012003, 012007]
5119	12	012004	012007	71	23.0	3.0	0,867	true	[012004, 012001, 012002, 012000, 012006, 012007]
5120	12	012004	012007	72	8.0	5.0	0,824	true	[012004, 012001, 012002, 012000, 012006, 012008, 012003, 012007]
5121	12	012004	012007	73	8.0	3.0	0,807	true	[012004, 012001, 012002, 012000, 012008, 012003, 012006, 012007]
5122	12	012004	012007	74	8.0	3.0	0,824	true	[012004, 012001, 012002, 012000, 012008, 012003, 012007]
5123	12	012004	012007	75	10.0	3.0	0,791	true	[012004, 012001, 012002, 012000, 012008, 012005, 012006, 012003, 012007]
5124	12	012004	012007	76	23.0	3.0	0,807	true	[012004, 012001, 012002, 012000, 012008, 012005, 012006, 012007]
5125	12	012004	012007	77	10.0	3.0	0,816	true	[012004, 012001, 012002, 012000, 012008, 012006, 012003, 012007]
5126	12	012004	012007	78	23.0	3.0	0,832	true	[012004, 012001, 012002, 012000, 012008, 012006, 012007]
5127	12	012004	012007	79	5.0	3.0	0,849	true	[012004, 012001, 012002, 012003, 012000, 012006, 012007]
5128	12	012004	012007	80	5.0	3.0	0,791	true	[012004, 012001, 012002, 012003, 012000, 012008, 012005, 012006, 012007]
5129	12	012004	012007	81	5.0	3.0	0,816	true	[012004, 012001, 012002, 012003, 012000, 012008, 012006, 012007]
5130	12	012004	012007	82	5.0	3.0	0,858	true	[012004, 012001, 012002, 012003, 012006, 012007]
5131	12	012004	012007	83	5.0	3.0	0,875	true	[012004, 012001, 012002, 012003, 012007]
5132	12	012004	012007	84	5.0	3.0	0,815	true	[012004, 012001, 012002, 012003, 012008, 012000, 012006, 012007]
5133	12	012004	012007	85	5.0	3.0	0,807	true	[012004, 012001, 012002, 012003, 012008, 012005, 012006, 012007]
5134	12	012004	012007	86	5.0	3.0	0,832	true	[012004, 012001, 012002, 012003, 012008, 012006, 012007]
5135	12	012004	012007	87	10.0	3.0	0,824	true	[012004, 012001, 012002, 012006, 012000, 012003, 012007]
5136	12	012004	012007	88	8.0	3.0	0,791	true	[012004, 012001, 012002, 012006, 012000, 012008, 012003, 012007]
5137	12	012004	012007	89	10.0	3.0	0,832	true	[012004, 012001, 012002, 012006, 012003, 012007]
5138	12	012004	012007	90	10.0	3.0	0,767	true	[012004, 012001, 012002, 012006, 012005, 012008, 012000, 012003, 012007]
5139	12	012004	012007	91	8.0	3.0	0,783	true	[012004, 012001, 012002, 012006, 012005, 012008, 012003, 012007]
5140	12	012004	012007	92	23.0	3.0	0,849	true	[012004, 012001, 012002, 012006, 012007]
5141	12	012004	012007	93	10.0	3.0	0,791	true	[012004, 012001, 012002, 012006, 012008, 012000, 012003, 012007]
5142	12	012004	012007	94	8.0	3.0	0,807	true	[012004, 012001, 012002, 012006, 012008, 012003, 012007]
5143	12	012004	012007	95	23.0	5.0	0,903	true	[012004, 012001, 012002, 012007]
5144	12	012004	012007	96	23.0	3.0	0,775	true	[012004, 012001, 012002, 012008, 012000, 012003, 012006, 012007]
5145	12	012004	012007	97	10.0	3.0	0,791	true	[012004, 012001, 012002, 012008, 012000, 012003, 012007]
5146	12	012004	012007	98	10.0	3.0	0,783	true	[012004, 012001, 012002, 012008, 012000, 012006, 012003, 012007]
5147	12	012004	012007	99	23.0	3.0	0,799	true	[012004, 012001, 012002, 012008, 012000, 012006, 012007]
5148	12	012004	012007	100	8.0	3.0	0,783	true	[012004, 012001, 012002, 012008, 012003, 012000, 012006, 012007]
5149	12	012004	012007	101	8.0	4.0	0,807	true	[012004, 012001, 012002, 012008, 012003, 012007]
5150	12	012004	012007	102	23.0	5.0	0,931	true	[012004, 012001, 012007]
5151	12	012004	012007	103	65.0	10.0	0,990	true	[012004, 012007]
5152	13	013003	013006	0	18.0	3.0	0,841	true	[013003, 013000, 013001, 013002, 013005, 013004, 013006]
5153	13	013003	013006	1	18.0	3.0	0,816	true	[013003, 013000, 013001, 013002, 013005, 013004, 013007, 013006]
5154	13	013003	013006	2	16.0	3.0	0,807	true	[013003, 013000, 013001, 013002, 013005, 013004, 013008, 013006]
5155	13	013003	013006	3	18.0	3.0	0,832	true	[013003, 013000, 013001, 013002, 013005, 013006]
5156	13	013003	013006	4	18.0	3.0	0,832	true	[013003, 013000, 013001, 013002, 013005, 013007, 013004, 013006]
5157	13	013003	013006	5	16.0	3.0	0,799	true	[013003, 013000, 013001, 013002, 013005, 013007, 013004, 013008, 013006]
5158	13	013003	013006	6	18.0	3.0	0,824	true	[013003, 013000, 013001, 013002, 013005, 013007, 013006]
5159	13	013003	013006	7	13.0	3.0	0,849	true	[013003, 013000, 013001, 013002, 013005, 013008, 013004, 013006]
5160	13	013003	013006	8	13.0	3.0	0,824	true	[013003, 013000, 013001, 013002, 013005, 013008, 013004, 013007, 013006]
5161	13	013003	013006	9	13.0	3.0	0,815	true	[013003, 013000, 013001, 013002, 013005, 013008, 013006]
5162	13	013003	013006	10	18.0	3.0	0,841	true	[013003, 013000, 013001, 013002, 013007, 013004, 013005, 013006]
5163	13	013003	013006	11	13.0	4.0	0,824	true	[013003, 013000, 013001, 013002, 013007, 013004, 013005, 013008, 013006]
5164	13	013003	013006	12	18.0	4.0	0,885	true	[013003, 013000, 013001, 013002, 013007, 013004, 013006]
5165	13	013003	013006	13	13.0	3.0	0,850	true	[013003, 013000, 013001, 013002, 013007, 013004, 013008, 013005, 013006]
5166	13	013003	013006	14	16.0	4.0	0,849	true	[013003, 013000, 013001, 013002, 013007, 013004, 013008, 013006]
5167	13	013003	013006	15	18.0	4.0	0,859	true	[013003, 013000, 013001, 013002, 013007, 013005, 013004, 013006]
5168	13	013003	013006	16	16.0	4.0	0,824	true	[013003, 013000, 013001, 013002, 013007, 013005, 013004, 013008, 013006]
5169	13	013003	013006	17	18.0	3.0	0,850	true	[013003, 013000, 013001, 013002, 013007, 013005, 013006]
5170	13	013003	013006	18	13.0	4.0	0,867	true	[013003, 013000, 013001, 013002, 013007, 013005, 013008, 013004, 013006]
5171	13	013003	013006	19	13.0	4.0	0,832	true	[013003, 013000, 013001, 013002, 013007, 013005, 013008, 013006]
5172	13	013003	013006	20	18.0	4.0	0,876	true	[013003, 013000, 013001, 013002, 013007, 013006]
5173	13	013003	013006	21	16.0	3.0	0,841	true	[013003, 013000, 013001, 013002, 013008, 013004, 013005, 013006]
5174	13	013003	013006	22	16.0	5.0	0,833	true	[013003, 013000, 013001, 013002, 013008, 013004, 013005, 013007, 013006]
5175	13	013003	013006	23	16.0	5.0	0,885	true	[013003, 013000, 013001, 013002, 013008, 013004, 013006]
5176	13	013003	013006	24	16.0	3.0	0,833	true	[013003, 013000, 013001, 013002, 013008, 013004, 013007, 013005, 013006]
5177	13	013003	013006	25	16.0	5.0	0,859	true	[013003, 013000, 013001, 013002, 013008, 013004, 013007, 013006]
5178	13	013003	013006	26	13.0	5.0	0,859	true	[013003, 013000, 013001, 013002, 013008, 013005, 013004, 013006]
5179	13	013003	013006	27	13.0	5.0	0,833	true	[013003, 013000, 013001, 013002, 013008, 013005, 013004, 013007, 013006]
5180	13	013003	013006	28	13.0	3.0	0,850	true	[013003, 013000, 013001, 013002, 013008, 013005, 013006]
5181	13	013003	013006	29	13.0	5.0	0,850	true	[013003, 013000, 013001, 013002, 013008, 013005, 013007, 013004, 013006]
5182	13	013003	013006	30	13.0	5.0	0,841	true	[013003, 013000, 013001, 013002, 013008, 013005, 013007, 013006]
5183	13	013003	013006	31	18.0	5.0	0,849	true	[013003, 013000, 013001, 013002, 013008, 013006]
5184	13	013003	013006	32	29.0	3.0	0,841	true	[013003, 013000, 013001, 013005, 013002, 013007, 013004, 013006]
5185	13	013003	013006	33	16.0	3.0	0,807	true	[013003, 013000, 013001, 013005, 013002, 013007, 013004, 013008, 013006]
5186	13	013003	013006	34	29.0	3.0	0,832	true	[013003, 013000, 013001, 013005, 013002, 013007, 013006]
5187	13	013003	013006	35	16.0	3.0	0,841	true	[013003, 013000, 013001, 013005, 013002, 013008, 013004, 013006]
5188	13	013003	013006	36	16.0	3.0	0,816	true	[013003, 013000, 013001, 013005, 013002, 013008, 013004, 013007, 013006]
5189	13	013003	013006	37	42.0	3.0	0,807	true	[013003, 013000, 013001, 013005, 013002, 013008, 013006]
5190	13	013003	013006	38	23.0	5.0	0,885	true	[013003, 013000, 013001, 013005, 013004, 013006]
5191	13	013003	013006	39	23.0	4.0	0,816	true	[013003, 013000, 013001, 013005, 013004, 013007, 013002, 013008, 013006]
5192	13	013003	013006	40	23.0	5.0	0,859	true	[013003, 013000, 013001, 013005, 013004, 013007, 013006]
5193	13	013003	013006	41	16.0	4.0	0,841	true	[013003, 013000, 013001, 013005, 013004, 013008, 013002, 013007, 013006]
5194	13	013003	013006	42	16.0	5.0	0,849	true	[013003, 013000, 013001, 013005, 013004, 013008, 013006]
5195	13	013003	013006	43	43.0	3.0	0,876	true	[013003, 013000, 013001, 013005, 013006]
5196	13	013003	013006	44	16.0	4.0	0,859	true	[013003, 013000, 013001, 013005, 013007, 013002, 013008, 013004, 013006]
5197	13	013003	013006	45	29.0	4.0	0,824	true	[013003, 013000, 013001, 013005, 013007, 013002, 013008, 013006]
5198	13	013003	013006	46	36.0	5.0	0,876	true	[013003, 013000, 013001, 013005, 013007, 013004, 013006]
5199	13	013003	013006	47	16.0	5.0	0,841	true	[013003, 013000, 013001, 013005, 013007, 013004, 013008, 013006]
5200	13	013003	013006	48	37.0	5.0	0,867	true	[013003, 013000, 013001, 013005, 013007, 013006]
5201	13	013003	013006	49	13.0	4.0	0,859	true	[013003, 013000, 013001, 013005, 013008, 013002, 013007, 013004, 013006]
5202	13	013003	013006	50	13.0	4.0	0,850	true	[013003, 013000, 013001, 013005, 013008, 013002, 013007, 013006]
5203	13	013003	013006	51	13.0	5.0	0,894	true	[013003, 013000, 013001, 013005, 013008, 013004, 013006]
5204	13	013003	013006	52	13.0	5.0	0,867	true	[013003, 013000, 013001, 013005, 013008, 013004, 013007, 013006]
5205	13	013003	013006	53	13.0	5.0	0,858	true	[013003, 013000, 013001, 013005, 013008, 013006]
5206	13	013003	013006	54	18.0	5.0	0,868	true	[013003, 013000, 013002, 013001, 013005, 013004, 013006]
5207	13	013003	013006	55	18.0	5.0	0,842	true	[013003, 013000, 013002, 013001, 013005, 013004, 013007, 013006]
5208	13	013003	013006	56	16.0	5.0	0,833	true	[013003, 013000, 013002, 013001, 013005, 013004, 013008, 013006]
5209	13	013003	013006	57	18.0	3.0	0,858	true	[013003, 013000, 013002, 013001, 013005, 013006]
5210	13	013003	013006	58	18.0	5.0	0,859	true	[013003, 013000, 013002, 013001, 013005, 013007, 013004, 013006]
5211	13	013003	013006	59	16.0	5.0	0,824	true	[013003, 013000, 013002, 013001, 013005, 013007, 013004, 013008, 013006]
5212	13	013003	013006	60	18.0	5.0	0,850	true	[013003, 013000, 013002, 013001, 013005, 013007, 013006]
5213	13	013003	013006	61	13.0	5.0	0,876	true	[013003, 013000, 013002, 013001, 013005, 013008, 013004, 013006]
5214	13	013003	013006	62	13.0	5.0	0,850	true	[013003, 013000, 013002, 013001, 013005, 013008, 013004, 013007, 013006]
5215	13	013003	013006	63	13.0	5.0	0,841	true	[013003, 013000, 013002, 013001, 013005, 013008, 013006]
5216	13	013003	013006	64	23.0	3.0	0,876	true	[013003, 013000, 013002, 013005, 013004, 013006]
5217	13	013003	013006	65	23.0	3.0	0,850	true	[013003, 013000, 013002, 013005, 013004, 013007, 013006]
5218	13	013003	013006	66	16.0	3.0	0,841	true	[013003, 013000, 013002, 013005, 013004, 013008, 013006]
5219	13	013003	013006	67	38.0	3.0	0,867	true	[013003, 013000, 013002, 013005, 013006]
5220	13	013003	013006	68	36.0	3.0	0,867	true	[013003, 013000, 013002, 013005, 013007, 013004, 013006]
5221	13	013003	013006	69	16.0	3.0	0,832	true	[013003, 013000, 013002, 013005, 013007, 013004, 013008, 013006]
5222	13	013003	013006	70	37.0	3.0	0,858	true	[013003, 013000, 013002, 013005, 013007, 013006]
5223	13	013003	013006	71	13.0	3.0	0,885	true	[013003, 013000, 013002, 013005, 013008, 013004, 013006]
5224	13	013003	013006	72	13.0	3.0	0,858	true	[013003, 013000, 013002, 013005, 013008, 013004, 013007, 013006]
5225	13	013003	013006	73	13.0	3.0	0,849	true	[013003, 013000, 013002, 013005, 013008, 013006]
5226	13	013003	013006	74	23.0	3.0	0,876	true	[013003, 013000, 013002, 013007, 013004, 013005, 013006]
5227	13	013003	013006	75	13.0	4.0	0,859	true	[013003, 013000, 013002, 013007, 013004, 013005, 013008, 013006]
5228	13	013003	013006	76	29.0	4.0	0,922	true	[013003, 013000, 013002, 013007, 013004, 013006]
5229	13	013003	013006	77	13.0	3.0	0,885	true	[013003, 013000, 013002, 013007, 013004, 013008, 013005, 013006]
5230	13	013003	013006	78	16.0	4.0	0,885	true	[013003, 013000, 013002, 013007, 013004, 013008, 013006]
5231	13	013003	013006	79	23.0	4.0	0,895	true	[013003, 013000, 013002, 013007, 013005, 013004, 013006]
5232	13	013003	013006	80	16.0	4.0	0,858	true	[013003, 013000, 013002, 013007, 013005, 013004, 013008, 013006]
5233	13	013003	013006	81	29.0	3.0	0,885	true	[013003, 013000, 013002, 013007, 013005, 013006]
5234	13	013003	013006	82	13.0	4.0	0,904	true	[013003, 013000, 013002, 013007, 013005, 013008, 013004, 013006]
5235	13	013003	013006	83	13.0	4.0	0,867	true	[013003, 013000, 013002, 013007, 013005, 013008, 013006]
5236	13	013003	013006	84	29.0	4.0	0,913	true	[013003, 013000, 013002, 013007, 013006]
5237	13	013003	013006	85	16.0	3.0	0,876	true	[013003, 013000, 013002, 013008, 013004, 013005, 013006]
5238	13	013003	013006	86	16.0	5.0	0,868	true	[013003, 013000, 013002, 013008, 013004, 013005, 013007, 013006]
5239	13	013003	013006	87	16.0	5.0	0,922	true	[013003, 013000, 013002, 013008, 013004, 013006]
5240	13	013003	013006	88	16.0	3.0	0,867	true	[013003, 013000, 013002, 013008, 013004, 013007, 013005, 013006]
5241	13	013003	013006	89	16.0	5.0	0,894	true	[013003, 013000, 013002, 013008, 013004, 013007, 013006]
5242	13	013003	013006	90	13.0	5.0	0,895	true	[013003, 013000, 013002, 013008, 013005, 013004, 013006]
5243	13	013003	013006	91	13.0	5.0	0,868	true	[013003, 013000, 013002, 013008, 013005, 013004, 013007, 013006]
5244	13	013003	013006	92	13.0	3.0	0,885	true	[013003, 013000, 013002, 013008, 013005, 013006]
5245	13	013003	013006	93	13.0	5.0	0,886	true	[013003, 013000, 013002, 013008, 013005, 013007, 013004, 013006]
5246	13	013003	013006	94	13.0	5.0	0,877	true	[013003, 013000, 013002, 013008, 013005, 013007, 013006]
5247	13	013003	013006	95	38.0	5.0	0,885	true	[013003, 013000, 013002, 013008, 013006]
5248	13	013003	013006	96	18.0	4.0	0,868	true	[013003, 013000, 013004, 013005, 013001, 013002, 013007, 013006]
5249	13	013003	013006	97	18.0	5.0	0,841	true	[013003, 013000, 013004, 013005, 013001, 013002, 013008, 013006]
5250	13	013003	013006	98	23.0	3.0	0,876	true	[013003, 013000, 013004, 013005, 013002, 013007, 013006]
5251	13	013003	013006	99	23.0	3.0	0,850	true	[013003, 013000, 013004, 013005, 013002, 013008, 013006]
5252	13	013003	013006	100	23.0	3.0	0,922	true	[013003, 013000, 013004, 013005, 013006]
5253	13	013003	013006	101	45.0	5.0	0,970	true	[013003, 013000, 013004, 013006]
5254	13	013003	013006	102	22.0	7.0	1,000	true	[013003, 013006]
5255	-1	000007	001004	0	125.0	44.0	0,997	true	[000007, 001004]
5256	-1	000003	002004	0	150.0	25.0	0,998	true	[000003, 002004]
5257	-1	000001	007000	0	100.0	29.0	0,996	true	[000001, 007000]
5258	-1	001006	002003	0	125.0	43.0	0,995	true	[001006, 002003]
5259	-1	001003	003002	0	140.0	36.0	0,997	true	[001003, 003002]
5260	-1	002005	005007	0	130.0	26.0	0,998	true	[002005, 005007]
5261	-1	003003	004003	0	115.0	23.0	0,996	true	[003003, 004003]
5262	-1	003007	010002	0	150.0	42.0	0,995	true	[003007, 010002]
5263	-1	004006	005000	0	145.0	33.0	0,995	true	[004006, 005000]
5264	-1	004008	006004	0	105.0	48.0	0,996	true	[004008, 006004]
5265	-1	005004	009002	0	115.0	50.0	0,997	true	[005004, 009002]
5266	-1	005002	012004	0	120.0	28.0	0,998	true	[005002, 012004]
5267	-1	006003	007006	0	105.0	26.0	0,999	true	[006003, 007006]
5268	-1	007004	008004	0	150.0	45.0	0,999	true	[007004, 008004]
5269	-1	008002	009000	0	145.0	37.0	0,996	true	[008002, 009000]
5270	-1	008000	011006	0	125.0	41.0	0,999	true	[008000, 011006]
5271	-1	008007	013003	0	115.0	36.0	0,998	true	[008007, 013003]
5272	-1	010008	011007	0	150.0	34.0	0,996	true	[010008, 011007]
5273	-1	010000	013006	0	145.0	39.0	0,995	true	[010000, 013006]
5274	-1	011001	013007	0	135.0	30.0	0,999	true	[011001, 013007]
5275	-1	012007	013001	0	135.0	43.0	0,998	true	[012007, 013001]
