TransactionId	ASId	Ingress	Egress	PathletId	Bandwidth	Delay	Reliability	Status	Full Path
1824	0	000002	000004	0	8.0	4.0	0,922	true	[000002, 000001, 000000, 000003, 000004]
1825	0	000002	000004	1	8.0	4.0	0,913	true	[000002, 000001, 000000, 000003, 000006, 000004]
1826	0	000002	000004	2	8.0	4.0	0,922	true	[000002, 000001, 000000, 000004]
1827	0	000002	000004	3	8.0	3.0	0,876	true	[000002, 000001, 000000, 000005, 000006, 000003, 000004]
1828	0	000002	000004	4	8.0	3.0	0,922	true	[000002, 000001, 000000, 000005, 000006, 000004]
1829	0	000002	000004	5	8.0	4.0	0,858	true	[000002, 000001, 000000, 000006, 000003, 000004]
1830	0	000002	000004	6	8.0	4.0	0,903	true	[000002, 000001, 000000, 000006, 000004]
1831	0	000002	000004	7	8.0	3.0	0,850	true	[000002, 000001, 000005, 000000, 000003, 000004]
1832	0	000002	000004	8	8.0	3.0	0,841	true	[000002, 000001, 000005, 000000, 000003, 000006, 000004]
1833	0	000002	000004	9	8.0	3.0	0,849	true	[000002, 000001, 000005, 000000, 000004]
1834	0	000002	000004	10	8.0	3.0	0,791	true	[000002, 000001, 000005, 000000, 000006, 000003, 000004]
1835	0	000002	000004	11	8.0	3.0	0,832	true	[000002, 000001, 000005, 000000, 000006, 000004]
1836	0	000002	000004	12	8.0	3.0	0,832	true	[000002, 000001, 000005, 000006, 000000, 000003, 000004]
1837	0	000002	000004	13	8.0	3.0	0,832	true	[000002, 000001, 000005, 000006, 000000, 000004]
1838	0	000002	000004	14	8.0	3.0	0,841	true	[000002, 000001, 000005, 000006, 000003, 000000, 000004]
1839	0	000002	000004	15	8.0	3.0	0,858	true	[000002, 000001, 000005, 000006, 000003, 000004]
1840	0	000002	000004	16	8.0	3.0	0,903	true	[000002, 000001, 000005, 000006, 000004]
1841	0	000002	000004	17	8.0	4.0	0,850	true	[000002, 000001, 000006, 000000, 000003, 000004]
1842	0	000002	000004	18	8.0	4.0	0,849	true	[000002, 000001, 000006, 000000, 000004]
1843	0	000002	000004	19	8.0	4.0	0,858	true	[000002, 000001, 000006, 000003, 000000, 000004]
1844	0	000002	000004	20	8.0	4.0	0,876	true	[000002, 000001, 000006, 000003, 000004]
1845	0	000002	000004	21	8.0	4.0	0,922	true	[000002, 000001, 000006, 000004]
1846	0	000002	000004	22	8.0	3.0	0,867	true	[000002, 000001, 000006, 000005, 000000, 000003, 000004]
1847	0	000002	000004	23	8.0	3.0	0,867	true	[000002, 000001, 000006, 000005, 000000, 000004]
1848	0	000002	000004	24	8.0	3.0	0,903	true	[000002, 000003, 000000, 000001, 000005, 000006, 000004]
1849	0	000002	000004	25	8.0	3.0	0,922	true	[000002, 000003, 000000, 000001, 000006, 000004]
1850	0	000002	000004	26	8.0	3.0	0,922	true	[000002, 000003, 000000, 000004]
1851	0	000002	000004	27	8.0	3.0	0,850	true	[000002, 000003, 000000, 000005, 000001, 000006, 000004]
1852	0	000002	000004	28	8.0	3.0	0,922	true	[000002, 000003, 000000, 000005, 000006, 000004]
1853	0	000002	000004	29	8.0	3.0	0,903	true	[000002, 000003, 000000, 000006, 000004]
1854	0	000002	000004	30	12.0	3.0	0,941	true	[000002, 000003, 000004]
1855	0	000002	000004	31	23.0	3.0	0,858	true	[000002, 000003, 000006, 000000, 000004]
1856	0	000002	000004	32	12.0	3.0	0,876	true	[000002, 000003, 000006, 000001, 000000, 000004]
1857	0	000002	000004	33	11.0	3.0	0,807	true	[000002, 000003, 000006, 000001, 000005, 000000, 000004]
1858	0	000002	000004	34	23.0	3.0	0,932	true	[000002, 000003, 000006, 000004]
1859	0	000002	000004	35	23.0	3.0	0,876	true	[000002, 000003, 000006, 000005, 000000, 000004]
1860	0	000002	000004	36	11.0	3.0	0,858	true	[000002, 000003, 000006, 000005, 000001, 000000, 000004]
1861	0	000002	000004	37	26.0	6.0	0,960	true	[000002, 000004]
1862	0	000002	000004	38	12.0	3.0	0,832	true	[000002, 000005, 000000, 000001, 000006, 000003, 000004]
1863	0	000002	000004	39	12.0	3.0	0,876	true	[000002, 000005, 000000, 000001, 000006, 000004]
1864	0	000002	000004	40	8.0	3.0	0,876	true	[000002, 000005, 000000, 000003, 000004]
1865	0	000002	000004	41	8.0	3.0	0,867	true	[000002, 000005, 000000, 000003, 000006, 000004]
1866	0	000002	000004	42	43.0	3.0	0,875	true	[000002, 000005, 000000, 000004]
1867	0	000002	000004	43	12.0	3.0	0,815	true	[000002, 000005, 000000, 000006, 000003, 000004]
1868	0	000002	000004	44	46.0	3.0	0,858	true	[000002, 000005, 000000, 000006, 000004]
1869	0	000002	000004	45	8.0	3.0	0,858	true	[000002, 000005, 000001, 000000, 000003, 000004]
1870	0	000002	000004	46	8.0	3.0	0,849	true	[000002, 000005, 000001, 000000, 000003, 000006, 000004]
1871	0	000002	000004	47	11.0	3.0	0,857	true	[000002, 000005, 000001, 000000, 000004]
1872	0	000002	000004	48	11.0	3.0	0,798	true	[000002, 000005, 000001, 000000, 000006, 000003, 000004]
1873	0	000002	000004	49	11.0	3.0	0,840	true	[000002, 000005, 000001, 000000, 000006, 000004]
1874	0	000002	000004	50	8.0	3.0	0,790	true	[000002, 000005, 000001, 000006, 000000, 000003, 000004]
1875	0	000002	000004	51	11.0	3.0	0,790	true	[000002, 000005, 000001, 000006, 000000, 000004]
1876	0	000002	000004	52	8.0	3.0	0,799	true	[000002, 000005, 000001, 000006, 000003, 000000, 000004]
1877	0	000002	000004	53	11.0	3.0	0,815	true	[000002, 000005, 000001, 000006, 000003, 000004]
1878	0	000002	000004	54	11.0	3.0	0,858	true	[000002, 000005, 000001, 000006, 000004]
1879	0	000002	000004	55	8.0	6.0	0,858	true	[000002, 000005, 000006, 000000, 000003, 000004]
1880	0	000002	000004	56	26.0	7.0	0,857	true	[000002, 000005, 000006, 000000, 000004]
1881	0	000002	000004	57	8.0	5.0	0,876	true	[000002, 000005, 000006, 000001, 000000, 000003, 000004]
1882	0	000002	000004	58	12.0	5.0	0,875	true	[000002, 000005, 000006, 000001, 000000, 000004]
1883	0	000002	000004	59	8.0	4.0	0,867	true	[000002, 000005, 000006, 000003, 000000, 000004]
1884	0	000002	000004	60	12.0	4.0	0,885	true	[000002, 000005, 000006, 000003, 000004]
1885	0	000002	000004	61	26.0	7.0	0,931	true	[000002, 000005, 000006, 000004]
1886	1	001004	001000	0	52.0	4.0	0,990	true	[001004, 001000]
1887	1	001004	001000	1	5.0	9.0	0,922	true	[001004, 001001, 001002, 001000]
1888	1	001004	001000	2	15.0	5.0	0,867	true	[001004, 001001, 001002, 001003, 001000]
1889	1	001004	001000	3	12.0	4.0	0,876	true	[001004, 001001, 001002, 001003, 001005, 001000]
1890	1	001004	001000	4	9.0	4.0	0,858	true	[001004, 001001, 001002, 001003, 001006, 001000]
1891	1	001004	001000	5	12.0	5.0	0,903	true	[001004, 001001, 001002, 001005, 001000]
1892	1	001004	001000	6	15.0	4.0	0,841	true	[001004, 001001, 001002, 001005, 001003, 001000]
1893	1	001004	001000	7	9.0	4.0	0,833	true	[001004, 001001, 001002, 001005, 001003, 001006, 001000]
1894	1	001004	001000	8	9.0	5.0	0,912	true	[001004, 001001, 001002, 001006, 001000]
1895	1	001004	001000	9	15.0	4.0	0,849	true	[001004, 001001, 001002, 001006, 001003, 001000]
1896	1	001004	001000	10	12.0	4.0	0,858	true	[001004, 001001, 001002, 001006, 001003, 001005, 001000]
1897	1	001004	001000	11	15.0	5.0	0,885	true	[001004, 001001, 001003, 001000]
1898	1	001004	001000	12	5.0	5.0	0,903	true	[001004, 001001, 001003, 001002, 001000]
1899	1	001004	001000	13	12.0	5.0	0,885	true	[001004, 001001, 001003, 001002, 001005, 001000]
1900	1	001004	001000	14	9.0	5.0	0,894	true	[001004, 001001, 001003, 001002, 001006, 001000]
1901	1	001004	001000	15	12.0	4.0	0,894	true	[001004, 001001, 001003, 001005, 001000]
1902	1	001004	001000	16	5.0	4.0	0,876	true	[001004, 001001, 001003, 001005, 001002, 001000]
1903	1	001004	001000	17	9.0	4.0	0,867	true	[001004, 001001, 001003, 001005, 001002, 001006, 001000]
1904	1	001004	001000	18	9.0	4.0	0,876	true	[001004, 001001, 001003, 001006, 001000]
1905	1	001004	001000	19	5.0	4.0	0,885	true	[001004, 001001, 001003, 001006, 001002, 001000]
1906	1	001004	001000	20	12.0	4.0	0,867	true	[001004, 001001, 001003, 001006, 001002, 001005, 001000]
1907	1	001004	001000	21	12.0	5.0	0,922	true	[001004, 001001, 001005, 001000]
1908	1	001004	001000	22	5.0	5.0	0,903	true	[001004, 001001, 001005, 001002, 001000]
1909	1	001004	001000	23	15.0	5.0	0,850	true	[001004, 001001, 001005, 001002, 001003, 001000]
1910	1	001004	001000	24	9.0	4.0	0,841	true	[001004, 001001, 001005, 001002, 001003, 001006, 001000]
1911	1	001004	001000	25	9.0	5.0	0,894	true	[001004, 001001, 001005, 001002, 001006, 001000]
1912	1	001004	001000	26	15.0	4.0	0,832	true	[001004, 001001, 001005, 001002, 001006, 001003, 001000]
1913	1	001004	001000	27	15.0	4.0	0,858	true	[001004, 001001, 001005, 001003, 001000]
1914	1	001004	001000	28	5.0	4.0	0,876	true	[001004, 001001, 001005, 001003, 001002, 001000]
1915	1	001004	001000	29	9.0	4.0	0,867	true	[001004, 001001, 001005, 001003, 001002, 001006, 001000]
1916	1	001004	001000	30	9.0	4.0	0,850	true	[001004, 001001, 001005, 001003, 001006, 001000]
1917	1	001004	001000	31	5.0	4.0	0,858	true	[001004, 001001, 001005, 001003, 001006, 001002, 001000]
1918	1	001004	001000	32	12.0	5.0	0,970	true	[001004, 001005, 001000]
1919	1	001004	001000	33	5.0	8.0	0,894	true	[001004, 001005, 001001, 001002, 001000]
1920	1	001004	001000	34	20.0	5.0	0,841	true	[001004, 001005, 001001, 001002, 001003, 001000]
1921	1	001004	001000	35	9.0	4.0	0,833	true	[001004, 001005, 001001, 001002, 001003, 001006, 001000]
1922	1	001004	001000	36	9.0	5.0	0,885	true	[001004, 001005, 001001, 001002, 001006, 001000]
1923	1	001004	001000	37	17.0	4.0	0,824	true	[001004, 001005, 001001, 001002, 001006, 001003, 001000]
1924	1	001004	001000	38	20.0	5.0	0,858	true	[001004, 001005, 001001, 001003, 001000]
1925	1	001004	001000	39	5.0	5.0	0,876	true	[001004, 001005, 001001, 001003, 001002, 001000]
1926	1	001004	001000	40	9.0	5.0	0,867	true	[001004, 001005, 001001, 001003, 001002, 001006, 001000]
1927	1	001004	001000	41	9.0	4.0	0,850	true	[001004, 001005, 001001, 001003, 001006, 001000]
1928	1	001004	001000	42	5.0	4.0	0,858	true	[001004, 001005, 001001, 001003, 001006, 001002, 001000]
1929	1	001004	001000	43	5.0	5.0	0,951	true	[001004, 001005, 001002, 001000]
1930	1	001004	001000	44	29.0	5.0	0,841	true	[001004, 001005, 001002, 001001, 001003, 001000]
1931	1	001004	001000	45	9.0	4.0	0,833	true	[001004, 001005, 001002, 001001, 001003, 001006, 001000]
1932	1	001004	001000	46	30.0	5.0	0,894	true	[001004, 001005, 001002, 001003, 001000]
1933	1	001004	001000	47	9.0	4.0	0,885	true	[001004, 001005, 001002, 001003, 001006, 001000]
1934	1	001004	001000	48	9.0	5.0	0,941	true	[001004, 001005, 001002, 001006, 001000]
1935	1	001004	001000	49	17.0	4.0	0,876	true	[001004, 001005, 001002, 001006, 001003, 001000]
1936	1	001004	001000	50	30.0	4.0	0,903	true	[001004, 001005, 001003, 001000]
1937	1	001004	001000	51	5.0	4.0	0,867	true	[001004, 001005, 001003, 001001, 001002, 001000]
1938	1	001004	001000	52	9.0	4.0	0,858	true	[001004, 001005, 001003, 001001, 001002, 001006, 001000]
1939	1	001004	001000	53	5.0	4.0	0,922	true	[001004, 001005, 001003, 001002, 001000]
1940	1	001004	001000	54	9.0	4.0	0,913	true	[001004, 001005, 001003, 001002, 001006, 001000]
1941	1	001004	001000	55	9.0	4.0	0,894	true	[001004, 001005, 001003, 001006, 001000]
1942	1	001004	001000	56	5.0	4.0	0,903	true	[001004, 001005, 001003, 001006, 001002, 001000]
1943	1	001004	001006	57	5.0	4.0	0,876	true	[001004, 001000, 001002, 001001, 001003, 001006]
1944	1	001004	001006	58	5.0	4.0	0,850	true	[001004, 001000, 001002, 001001, 001005, 001003, 001006]
1945	1	001004	001006	59	5.0	4.0	0,931	true	[001004, 001000, 001002, 001003, 001006]
1946	1	001004	001006	60	5.0	4.0	0,858	true	[001004, 001000, 001002, 001005, 001001, 001003, 001006]
1947	1	001004	001006	61	5.0	4.0	0,903	true	[001004, 001000, 001002, 001005, 001003, 001006]
1948	1	001004	001006	62	5.0	4.0	0,990	true	[001004, 001000, 001002, 001006]
1949	1	001004	001006	63	29.0	4.0	0,876	true	[001004, 001000, 001003, 001001, 001002, 001006]
1950	1	001004	001006	64	20.0	4.0	0,858	true	[001004, 001000, 001003, 001001, 001005, 001002, 001006]
1951	1	001004	001006	65	30.0	4.0	0,931	true	[001004, 001000, 001003, 001002, 001006]
1952	1	001004	001006	66	20.0	4.0	0,850	true	[001004, 001000, 001003, 001005, 001001, 001002, 001006]
1953	1	001004	001006	67	30.0	4.0	0,903	true	[001004, 001000, 001003, 001005, 001002, 001006]
1954	1	001004	001006	68	17.0	4.0	0,912	true	[001004, 001000, 001003, 001006]
1955	1	001004	001006	69	12.0	4.0	0,858	true	[001004, 001000, 001005, 001001, 001002, 001003, 001006]
1956	1	001004	001006	70	12.0	4.0	0,912	true	[001004, 001000, 001005, 001001, 001002, 001006]
1957	1	001004	001006	71	12.0	4.0	0,894	true	[001004, 001000, 001005, 001001, 001003, 001002, 001006]
1958	1	001004	001006	72	12.0	4.0	0,876	true	[001004, 001000, 001005, 001001, 001003, 001006]
1959	1	001004	001006	73	12.0	4.0	0,858	true	[001004, 001000, 001005, 001002, 001001, 001003, 001006]
1960	1	001004	001006	74	12.0	4.0	0,913	true	[001004, 001000, 001005, 001002, 001003, 001006]
1961	1	001004	001006	75	12.0	4.0	0,970	true	[001004, 001000, 001005, 001002, 001006]
1962	1	001004	001006	76	12.0	4.0	0,885	true	[001004, 001000, 001005, 001003, 001001, 001002, 001006]
1963	1	001004	001006	77	12.0	4.0	0,941	true	[001004, 001000, 001005, 001003, 001002, 001006]
1964	1	001004	001006	78	12.0	4.0	0,922	true	[001004, 001000, 001005, 001003, 001006]
1965	1	001004	001006	79	9.0	4.0	0,980	true	[001004, 001000, 001006]
1966	1	001004	001006	80	5.0	4.0	0,849	true	[001004, 001001, 001002, 001000, 001003, 001006]
1967	1	001004	001006	81	5.0	4.0	0,858	true	[001004, 001001, 001002, 001000, 001005, 001003, 001006]
1968	1	001004	001006	82	5.0	5.0	0,912	true	[001004, 001001, 001002, 001000, 001006]
1969	1	001004	001006	83	9.0	5.0	0,858	true	[001004, 001001, 001002, 001003, 001000, 001006]
1970	1	001004	001006	84	9.0	4.0	0,867	true	[001004, 001001, 001002, 001003, 001005, 001000, 001006]
1971	1	001004	001006	85	15.0	4.0	0,867	true	[001004, 001001, 001002, 001003, 001006]
1972	1	001004	001006	86	12.0	4.0	0,832	true	[001004, 001001, 001002, 001005, 001000, 001003, 001006]
1973	1	001004	001006	87	9.0	5.0	0,894	true	[001004, 001001, 001002, 001005, 001000, 001006]
1974	1	001004	001006	88	9.0	4.0	0,833	true	[001004, 001001, 001002, 001005, 001003, 001000, 001006]
1975	1	001004	001006	89	15.0	4.0	0,841	true	[001004, 001001, 001002, 001005, 001003, 001006]
1976	1	001004	001006	90	15.0	9.0	0,922	true	[001004, 001001, 001002, 001006]
1977	1	001004	001006	91	5.0	5.0	0,885	true	[001004, 001001, 001003, 001000, 001002, 001006]
1978	1	001004	001006	92	12.0	5.0	0,867	true	[001004, 001001, 001003, 001000, 001005, 001002, 001006]
1979	1	001004	001006	93	9.0	5.0	0,876	true	[001004, 001001, 001003, 001000, 001006]
1980	1	001004	001006	94	5.0	5.0	0,894	true	[001004, 001001, 001003, 001002, 001000, 001006]
1981	1	001004	001006	95	9.0	5.0	0,876	true	[001004, 001001, 001003, 001002, 001005, 001000, 001006]
1982	1	001004	001006	96	15.0	5.0	0,903	true	[001004, 001001, 001003, 001002, 001006]
1983	1	001004	001006	97	5.0	4.0	0,894	true	[001004, 001001, 001003, 001005, 001000, 001002, 001006]
1984	1	001004	001006	98	9.0	4.0	0,885	true	[001004, 001001, 001003, 001005, 001000, 001006]
1985	1	001004	001006	99	5.0	4.0	0,867	true	[001004, 001001, 001003, 001005, 001002, 001000, 001006]
1986	1	001004	001006	100	15.0	4.0	0,876	true	[001004, 001001, 001003, 001005, 001002, 001006]
1987	1	001004	001006	101	15.0	4.0	0,885	true	[001004, 001001, 001003, 001006]
1988	2	002003	002001	0	38.0	10.0	0,970	true	[002003, 002001]
1989	2	002003	002001	1	8.0	9.0	0,885	true	[002003, 002004, 002000, 002002, 002001]
1990	2	002003	002001	2	8.0	3.0	0,840	true	[002003, 002004, 002000, 002002, 002006, 002001]
1991	2	002003	002001	3	17.0	3.0	0,913	true	[002003, 002004, 002000, 002005, 002002, 002001]
1992	2	002003	002001	4	17.0	3.0	0,867	true	[002003, 002004, 002000, 002005, 002002, 002006, 002001]
1993	2	002003	002001	5	33.0	8.0	0,990	true	[002003, 002004, 002001]
1994	2	002003	002001	6	5.0	5.0	0,931	true	[002003, 002004, 002002, 002001]
1995	2	002003	002001	7	5.0	3.0	0,885	true	[002003, 002004, 002002, 002006, 002001]
1996	2	002003	002001	8	8.0	3.0	0,885	true	[002003, 002004, 002005, 002000, 002002, 002001]
1997	2	002003	002001	9	8.0	3.0	0,841	true	[002003, 002004, 002005, 002000, 002002, 002006, 002001]
1998	2	002003	002001	10	27.0	5.0	0,931	true	[002003, 002004, 002005, 002002, 002001]
1999	2	002003	002001	11	27.0	3.0	0,885	true	[002003, 002004, 002005, 002002, 002006, 002001]
2000	2	002003	002001	12	8.0	3.0	0,894	true	[002003, 002005, 002000, 002002, 002001]
2001	2	002003	002001	13	5.0	3.0	0,876	true	[002003, 002005, 002000, 002002, 002004, 002001]
2002	2	002003	002001	14	8.0	3.0	0,849	true	[002003, 002005, 002000, 002002, 002006, 002001]
2003	2	002003	002001	15	17.0	3.0	0,922	true	[002003, 002005, 002000, 002004, 002001]
2004	2	002003	002001	16	5.0	3.0	0,867	true	[002003, 002005, 002000, 002004, 002002, 002001]
2005	2	002003	002001	17	5.0	3.0	0,824	true	[002003, 002005, 002000, 002004, 002002, 002006, 002001]
2006	2	002003	002001	18	8.0	5.0	0,876	true	[002003, 002005, 002002, 002000, 002004, 002001]
2007	2	002003	002001	19	27.0	5.0	0,941	true	[002003, 002005, 002002, 002001]
2008	2	002003	002001	20	5.0	5.0	0,922	true	[002003, 002005, 002002, 002004, 002001]
2009	2	002003	002001	21	27.0	3.0	0,894	true	[002003, 002005, 002002, 002006, 002001]
2010	2	002003	002001	22	8.0	6.0	0,841	true	[002003, 002005, 002004, 002000, 002002, 002001]
2011	2	002003	002001	23	8.0	3.0	0,799	true	[002003, 002005, 002004, 002000, 002002, 002006, 002001]
2012	2	002003	002001	24	33.0	6.0	0,941	true	[002003, 002005, 002004, 002001]
2013	2	002003	002001	25	5.0	5.0	0,885	true	[002003, 002005, 002004, 002002, 002001]
2014	2	002003	002001	26	5.0	3.0	0,841	true	[002003, 002005, 002004, 002002, 002006, 002001]
2015	2	002003	002001	27	16.0	8.0	0,931	true	[002003, 002006, 002001]
2016	2	002003	002001	28	8.0	3.0	0,858	true	[002003, 002006, 002002, 002000, 002004, 002001]
2017	2	002003	002001	29	8.0	3.0	0,859	true	[002003, 002006, 002002, 002000, 002005, 002004, 002001]
2018	2	002003	002001	30	16.0	3.0	0,922	true	[002003, 002006, 002002, 002001]
2019	2	002003	002001	31	5.0	3.0	0,903	true	[002003, 002006, 002002, 002004, 002001]
2020	2	002003	002001	32	16.0	3.0	0,885	true	[002003, 002006, 002002, 002005, 002000, 002004, 002001]
2021	2	002003	002001	33	16.0	3.0	0,904	true	[002003, 002006, 002002, 002005, 002004, 002001]
2022	2	002003	002000	34	8.0	9.0	0,894	true	[002003, 002001, 002002, 002000]
2023	2	002003	002000	35	5.0	5.0	0,867	true	[002003, 002001, 002002, 002004, 002000]
2024	2	002003	002000	36	5.0	3.0	0,867	true	[002003, 002001, 002002, 002004, 002005, 002000]
2025	2	002003	002000	37	27.0	3.0	0,922	true	[002003, 002001, 002002, 002005, 002000]
2026	2	002003	002000	38	17.0	5.0	0,867	true	[002003, 002001, 002002, 002005, 002004, 002000]
2027	2	002003	002000	39	17.0	8.0	0,922	true	[002003, 002001, 002004, 002000]
2028	2	002003	002000	40	5.0	5.0	0,876	true	[002003, 002001, 002004, 002002, 002000]
2029	2	002003	002000	41	5.0	3.0	0,904	true	[002003, 002001, 002004, 002002, 002005, 002000]
2030	2	002003	002000	42	33.0	3.0	0,922	true	[002003, 002001, 002004, 002005, 002000]
2031	2	002003	002000	43	8.0	5.0	0,876	true	[002003, 002001, 002004, 002005, 002002, 002000]
2032	2	002003	002000	44	8.0	3.0	0,849	true	[002003, 002001, 002006, 002002, 002000]
2033	2	002003	002000	45	5.0	3.0	0,824	true	[002003, 002001, 002006, 002002, 002004, 002000]
2034	2	002003	002000	46	5.0	3.0	0,824	true	[002003, 002001, 002006, 002002, 002004, 002005, 002000]
2035	2	002003	002000	47	27.0	3.0	0,876	true	[002003, 002001, 002006, 002002, 002005, 002000]
2036	2	002003	002000	48	17.0	3.0	0,824	true	[002003, 002001, 002006, 002002, 002005, 002004, 002000]
2037	2	002003	002000	49	17.0	9.0	0,960	true	[002003, 002004, 002000]
2038	2	002003	002000	50	8.0	8.0	0,912	true	[002003, 002004, 002001, 002002, 002000]
2039	2	002003	002000	51	27.0	3.0	0,941	true	[002003, 002004, 002001, 002002, 002005, 002000]
2040	2	002003	002000	52	8.0	3.0	0,867	true	[002003, 002004, 002001, 002006, 002002, 002000]
2041	2	002003	002000	53	27.0	3.0	0,894	true	[002003, 002004, 002001, 002006, 002002, 002005, 002000]
2042	2	002003	002000	54	5.0	5.0	0,912	true	[002003, 002004, 002002, 002000]
2043	2	002003	002000	55	5.0	3.0	0,941	true	[002003, 002004, 002002, 002005, 002000]
2044	2	002003	002000	56	40.0	3.0	0,960	true	[002003, 002004, 002005, 002000]
2045	2	002003	002000	57	8.0	5.0	0,912	true	[002003, 002004, 002005, 002002, 002000]
2046	2	002003	002000	58	39.0	3.0	0,970	true	[002003, 002005, 002000]
2047	2	002003	002000	59	8.0	5.0	0,922	true	[002003, 002005, 002002, 002000]
2048	2	002003	002000	60	17.0	5.0	0,894	true	[002003, 002005, 002002, 002001, 002004, 002000]
2049	2	002003	002000	61	5.0	5.0	0,894	true	[002003, 002005, 002002, 002004, 002000]
2050	2	002003	002000	62	17.0	3.0	0,850	true	[002003, 002005, 002002, 002006, 002001, 002004, 002000]
2051	2	002003	002000	63	17.0	6.0	0,913	true	[002003, 002005, 002004, 002000]
2052	2	002003	002000	64	8.0	6.0	0,867	true	[002003, 002005, 002004, 002001, 002002, 002000]
2053	2	002003	002000	65	8.0	3.0	0,824	true	[002003, 002005, 002004, 002001, 002006, 002002, 002000]
2054	2	002003	002000	66	5.0	5.0	0,867	true	[002003, 002005, 002004, 002002, 002000]
2055	2	002003	002000	67	8.0	8.0	0,858	true	[002003, 002006, 002001, 002002, 002000]
2056	2	002003	002000	68	5.0	5.0	0,832	true	[002003, 002006, 002001, 002002, 002004, 002000]
2057	2	002003	002000	69	5.0	3.0	0,833	true	[002003, 002006, 002001, 002002, 002004, 002005, 002000]
2058	2	002003	002000	70	16.0	3.0	0,885	true	[002003, 002006, 002001, 002002, 002005, 002000]
2059	2	002003	002000	71	16.0	5.0	0,833	true	[002003, 002006, 002001, 002002, 002005, 002004, 002000]
2060	2	002003	002000	72	16.0	8.0	0,885	true	[002003, 002006, 002001, 002004, 002000]
2061	2	002003	002000	73	5.0	5.0	0,841	true	[002003, 002006, 002001, 002004, 002002, 002000]
2062	2	002003	002000	74	5.0	3.0	0,867	true	[002003, 002006, 002001, 002004, 002002, 002005, 002000]
2063	2	002003	002000	75	16.0	3.0	0,885	true	[002003, 002006, 002001, 002004, 002005, 002000]
2064	2	002003	002000	76	8.0	5.0	0,841	true	[002003, 002006, 002001, 002004, 002005, 002002, 002000]
2065	2	002003	002000	77	8.0	3.0	0,903	true	[002003, 002006, 002002, 002000]
2066	2	002003	002000	78	16.0	3.0	0,876	true	[002003, 002006, 002002, 002001, 002004, 002000]
2067	2	002003	002000	79	16.0	3.0	0,877	true	[002003, 002006, 002002, 002001, 002004, 002005, 002000]
2068	2	002003	002000	80	5.0	3.0	0,876	true	[002003, 002006, 002002, 002004, 002000]
2069	2	002003	002000	81	5.0	3.0	0,876	true	[002003, 002006, 002002, 002004, 002005, 002000]
2070	2	002003	002000	82	16.0	3.0	0,932	true	[002003, 002006, 002002, 002005, 002000]
2071	2	002003	002000	83	16.0	3.0	0,876	true	[002003, 002006, 002002, 002005, 002004, 002000]
2072	2	002003	002005	84	8.0	6.0	0,832	true	[002003, 002001, 002002, 002000, 002004, 002005]
2073	2	002003	002005	85	8.0	3.0	0,885	true	[002003, 002001, 002002, 002000, 002005]
2074	2	002003	002005	86	5.0	3.0	0,858	true	[002003, 002001, 002002, 002004, 002000, 002005]
2075	2	002003	002005	87	5.0	5.0	0,876	true	[002003, 002001, 002002, 002004, 002005]
2076	2	002003	002005	88	27.0	5.0	0,931	true	[002003, 002001, 002002, 002005]
2077	2	002003	002005	89	8.0	5.0	0,867	true	[002003, 002001, 002004, 002000, 002002, 002005]
2078	2	002003	002005	90	17.0	3.0	0,913	true	[002003, 002001, 002004, 002000, 002005]
2079	2	002003	002005	91	5.0	3.0	0,867	true	[002003, 002001, 002004, 002002, 002000, 002005]
2080	2	002003	002005	92	5.0	5.0	0,913	true	[002003, 002001, 002004, 002002, 002005]
2081	2	002003	002005	93	33.0	6.0	0,931	true	[002003, 002001, 002004, 002005]
2082	2	002003	002005	94	8.0	3.0	0,791	true	[002003, 002001, 002006, 002002, 002000, 002004, 002005]
2083	2	002003	002005	95	8.0	3.0	0,841	true	[002003, 002001, 002006, 002002, 002000, 002005]
2084	2	002003	002005	96	5.0	3.0	0,816	true	[002003, 002001, 002006, 002002, 002004, 002000, 002005]
2085	2	002003	002005	97	5.0	3.0	0,832	true	[002003, 002001, 002006, 002002, 002004, 002005]
2086	2	002003	002005	98	27.0	3.0	0,885	true	[002003, 002001, 002006, 002002, 002005]
2087	2	002003	002005	99	8.0	5.0	0,903	true	[002003, 002004, 002000, 002002, 002005]
2088	2	002003	002005	100	17.0	3.0	0,950	true	[002003, 002004, 002000, 002005]
2089	2	002003	002005	101	40.0	6.0	0,970	true	[002003, 002004, 002005]
2090	2	002003	002005	102	39.0	7.0	0,980	true	[002003, 002005]
2091	3	003006	003004	0	27.0	6.0	0,922	true	[003006, 003001, 003000, 003003, 003004]
2092	3	003006	003004	1	17.0	7.0	0,894	true	[003006, 003001, 003000, 003004]
2093	3	003006	003004	2	11.0	5.0	0,824	true	[003006, 003001, 003000, 003005, 003002, 003003, 003004]
2094	3	003006	003004	3	19.0	5.0	0,885	true	[003006, 003001, 003000, 003005, 003003, 003004]
2095	3	003006	003004	4	5.0	4.0	0,849	true	[003006, 003001, 003002, 003003, 003000, 003004]
2096	3	003006	003004	5	5.0	4.0	0,875	true	[003006, 003001, 003002, 003003, 003004]
2097	3	003006	003004	6	5.0	4.0	0,815	true	[003006, 003001, 003002, 003003, 003005, 003000, 003004]
2098	3	003006	003004	7	5.0	4.0	0,867	true	[003006, 003001, 003002, 003005, 003000, 003003, 003004]
2099	3	003006	003004	8	5.0	4.0	0,841	true	[003006, 003001, 003002, 003005, 003000, 003004]
2100	3	003006	003004	9	5.0	4.0	0,858	true	[003006, 003001, 003002, 003005, 003003, 003000, 003004]
2101	3	003006	003004	10	5.0	4.0	0,885	true	[003006, 003001, 003002, 003005, 003003, 003004]
2102	3	003006	003004	11	14.0	7.0	0,913	true	[003006, 003001, 003003, 003000, 003004]
2103	3	003006	003004	12	11.0	5.0	0,816	true	[003006, 003001, 003003, 003002, 003005, 003000, 003004]
2104	3	003006	003004	13	14.0	6.0	0,941	true	[003006, 003001, 003003, 003004]
2105	3	003006	003004	14	14.0	5.0	0,876	true	[003006, 003001, 003003, 003005, 003000, 003004]
2106	3	003006	003004	15	27.0	5.0	0,922	true	[003006, 003001, 003004]
2107	3	003006	003004	16	19.0	5.0	0,913	true	[003006, 003001, 003005, 003000, 003003, 003004]
2108	3	003006	003004	17	17.0	5.0	0,885	true	[003006, 003001, 003005, 003000, 003004]
2109	3	003006	003004	18	11.0	5.0	0,841	true	[003006, 003001, 003005, 003002, 003003, 003000, 003004]
2110	3	003006	003004	19	11.0	5.0	0,867	true	[003006, 003001, 003005, 003002, 003003, 003004]
2111	3	003006	003004	20	17.0	7.0	0,904	true	[003006, 003001, 003005, 003003, 003000, 003004]
2112	3	003006	003004	21	27.0	6.0	0,931	true	[003006, 003001, 003005, 003003, 003004]
2113	3	003006	003004	22	5.0	4.0	0,884	true	[003006, 003002, 003001, 003000, 003003, 003004]
2114	3	003006	003004	23	5.0	4.0	0,858	true	[003006, 003002, 003001, 003000, 003004]
2115	3	003006	003004	24	5.0	4.0	0,849	true	[003006, 003002, 003001, 003000, 003005, 003003, 003004]
2116	3	003006	003004	25	5.0	4.0	0,876	true	[003006, 003002, 003001, 003003, 003000, 003004]
2117	3	003006	003004	26	5.0	4.0	0,903	true	[003006, 003002, 003001, 003003, 003004]
2118	3	003006	003004	27	5.0	4.0	0,841	true	[003006, 003002, 003001, 003003, 003005, 003000, 003004]
2119	3	003006	003004	28	5.0	4.0	0,884	true	[003006, 003002, 003001, 003004]
2120	3	003006	003004	29	5.0	4.0	0,876	true	[003006, 003002, 003001, 003005, 003000, 003003, 003004]
2121	3	003006	003004	30	5.0	4.0	0,850	true	[003006, 003002, 003001, 003005, 003000, 003004]
2122	3	003006	003004	31	5.0	4.0	0,867	true	[003006, 003002, 003001, 003005, 003003, 003000, 003004]
2123	3	003006	003004	32	5.0	4.0	0,894	true	[003006, 003002, 003001, 003005, 003003, 003004]
2124	3	003006	003004	33	23.0	5.0	0,840	true	[003006, 003002, 003003, 003000, 003001, 003004]
2125	3	003006	003004	34	17.0	5.0	0,903	true	[003006, 003002, 003003, 003000, 003004]
2126	3	003006	003004	35	19.0	5.0	0,832	true	[003006, 003002, 003003, 003000, 003005, 003001, 003004]
2127	3	003006	003004	36	14.0	5.0	0,832	true	[003006, 003002, 003003, 003001, 003000, 003004]
2128	3	003006	003004	37	14.0	5.0	0,858	true	[003006, 003002, 003003, 003001, 003004]
2129	3	003006	003004	38	14.0	5.0	0,824	true	[003006, 003002, 003003, 003001, 003005, 003000, 003004]
2130	3	003006	003004	39	23.0	5.0	0,931	true	[003006, 003002, 003003, 003004]
2131	3	003006	003004	40	19.0	5.0	0,807	true	[003006, 003002, 003003, 003005, 003000, 003001, 003004]
2132	3	003006	003004	41	17.0	5.0	0,867	true	[003006, 003002, 003003, 003005, 003000, 003004]
2133	3	003006	003004	42	17.0	5.0	0,824	true	[003006, 003002, 003003, 003005, 003001, 003000, 003004]
2134	3	003006	003004	43	23.0	5.0	0,849	true	[003006, 003002, 003003, 003005, 003001, 003004]
2135	3	003006	003004	44	11.0	5.0	0,850	true	[003006, 003002, 003005, 003000, 003001, 003003, 003004]
2136	3	003006	003004	45	11.0	5.0	0,832	true	[003006, 003002, 003005, 003000, 003001, 003004]
2137	3	003006	003004	46	11.0	5.0	0,850	true	[003006, 003002, 003005, 003000, 003003, 003001, 003004]
2138	3	003006	003004	47	11.0	5.0	0,922	true	[003006, 003002, 003005, 003000, 003003, 003004]
2139	3	003006	003004	48	11.0	5.0	0,894	true	[003006, 003002, 003005, 003000, 003004]
2140	3	003006	003004	49	11.0	6.0	0,876	true	[003006, 003002, 003005, 003001, 003000, 003003, 003004]
2141	3	003006	003004	50	11.0	7.0	0,850	true	[003006, 003002, 003005, 003001, 003000, 003004]
2142	3	003006	003004	51	11.0	7.0	0,868	true	[003006, 003002, 003005, 003001, 003003, 003000, 003004]
2143	3	003006	003004	52	11.0	6.0	0,894	true	[003006, 003002, 003005, 003001, 003003, 003004]
2144	3	003006	003004	53	11.0	5.0	0,876	true	[003006, 003002, 003005, 003001, 003004]
2145	3	003006	003004	54	11.0	5.0	0,849	true	[003006, 003002, 003005, 003003, 003000, 003001, 003004]
2146	3	003006	003004	55	11.0	7.0	0,913	true	[003006, 003002, 003005, 003003, 003000, 003004]
2147	3	003006	003004	56	11.0	7.0	0,841	true	[003006, 003002, 003005, 003003, 003001, 003000, 003004]
2148	3	003006	003004	57	11.0	5.0	0,867	true	[003006, 003002, 003005, 003003, 003001, 003004]
2149	3	003006	003004	58	11.0	6.0	0,941	true	[003006, 003002, 003005, 003003, 003004]
2150	3	003006	003004	59	30.0	4.0	0,875	true	[003006, 003003, 003000, 003001, 003004]
2151	3	003006	003004	60	17.0	4.0	0,941	true	[003006, 003003, 003000, 003004]
2152	3	003006	003004	61	19.0	4.0	0,867	true	[003006, 003003, 003000, 003005, 003001, 003004]
2153	3	003006	003004	62	5.0	4.0	0,824	true	[003006, 003003, 003000, 003005, 003002, 003001, 003004]
2154	3	003006	003004	63	14.0	4.0	0,867	true	[003006, 003003, 003001, 003000, 003004]
2155	3	003006	003004	64	5.0	4.0	0,816	true	[003006, 003003, 003001, 003002, 003005, 003000, 003004]
2156	3	003006	003004	65	14.0	4.0	0,894	true	[003006, 003003, 003001, 003004]
2157	3	003006	003004	66	14.0	4.0	0,859	true	[003006, 003003, 003001, 003005, 003000, 003004]
2158	3	003006	003004	67	5.0	4.0	0,807	true	[003006, 003003, 003002, 003001, 003000, 003004]
2159	3	003006	003004	68	5.0	4.0	0,832	true	[003006, 003003, 003002, 003001, 003004]
2160	3	003006	003004	69	5.0	4.0	0,799	true	[003006, 003003, 003002, 003001, 003005, 003000, 003004]
2161	3	003006	003004	70	11.0	4.0	0,783	true	[003006, 003003, 003002, 003005, 003000, 003001, 003004]
2162	3	003006	003004	71	11.0	4.0	0,841	true	[003006, 003003, 003002, 003005, 003000, 003004]
2163	3	003006	003004	72	11.0	4.0	0,799	true	[003006, 003003, 003002, 003005, 003001, 003000, 003004]
2164	3	003006	003004	73	11.0	4.0	0,824	true	[003006, 003003, 003002, 003005, 003001, 003004]
2165	3	003006	003004	74	39.0	4.0	0,970	true	[003006, 003003, 003004]
2166	3	003006	003004	75	19.0	4.0	0,841	true	[003006, 003003, 003005, 003000, 003001, 003004]
2167	3	003006	003004	76	17.0	4.0	0,904	true	[003006, 003003, 003005, 003000, 003004]
2168	3	003006	003004	77	17.0	4.0	0,858	true	[003006, 003003, 003005, 003001, 003000, 003004]
2169	3	003006	003004	78	37.0	4.0	0,885	true	[003006, 003003, 003005, 003001, 003004]
2170	3	003006	003004	79	5.0	4.0	0,815	true	[003006, 003003, 003005, 003002, 003001, 003000, 003004]
2171	3	003006	003004	80	5.0	4.0	0,841	true	[003006, 003003, 003005, 003002, 003001, 003004]
2172	3	003006	003004	81	52.0	7.0	0,990	true	[003006, 003004]
2173	3	003006	003004	82	5.0	4.0	0,823	true	[003006, 003005, 003000, 003001, 003002, 003003, 003004]
2174	3	003006	003004	83	14.0	5.0	0,885	true	[003006, 003005, 003000, 003001, 003003, 003004]
2175	3	003006	003004	84	19.0	5.0	0,867	true	[003006, 003005, 003000, 003001, 003004]
2176	3	003006	003004	85	14.0	5.0	0,885	true	[003006, 003005, 003000, 003003, 003001, 003004]
2177	3	003006	003004	86	5.0	4.0	0,823	true	[003006, 003005, 003000, 003003, 003002, 003001, 003004]
2178	3	003006	003004	87	19.0	5.0	0,960	true	[003006, 003005, 003000, 003003, 003004]
2179	3	003006	003004	88	17.0	5.0	0,931	true	[003006, 003005, 003000, 003004]
2180	3	003006	003004	89	30.0	6.0	0,912	true	[003006, 003005, 003001, 003000, 003003, 003004]
2181	3	003006	003004	90	17.0	7.0	0,885	true	[003006, 003005, 003001, 003000, 003004]
2182	3	003006	003004	91	5.0	4.0	0,841	true	[003006, 003005, 003001, 003002, 003003, 003000, 003004]
2183	3	003006	003004	92	5.0	4.0	0,867	true	[003006, 003005, 003001, 003002, 003003, 003004]
2184	3	003006	003004	93	14.0	7.0	0,904	true	[003006, 003005, 003001, 003003, 003000, 003004]
2185	3	003006	003004	94	14.0	6.0	0,931	true	[003006, 003005, 003001, 003003, 003004]
2186	3	003006	003004	95	37.0	5.0	0,912	true	[003006, 003005, 003001, 003004]
2187	3	003006	003004	96	5.0	4.0	0,867	true	[003006, 003005, 003002, 003001, 003000, 003003, 003004]
2188	3	003006	003004	97	5.0	4.0	0,841	true	[003006, 003005, 003002, 003001, 003000, 003004]
2189	3	003006	003004	98	5.0	4.0	0,858	true	[003006, 003005, 003002, 003001, 003003, 003000, 003004]
2190	3	003006	003004	99	5.0	4.0	0,885	true	[003006, 003005, 003002, 003001, 003003, 003004]
2191	3	003006	003004	100	5.0	4.0	0,867	true	[003006, 003005, 003002, 003001, 003004]
2192	4	004003	004006	0	23.0	3.0	0,876	true	[004003, 004000, 004004, 004002, 004001, 004006]
2193	4	004003	004006	1	8.0	3.0	0,858	true	[004003, 004000, 004004, 004005, 004002, 004001, 004006]
2194	4	004003	004006	2	32.0	5.0	0,941	true	[004003, 004000, 004004, 004006]
2195	4	004003	004006	3	36.0	5.0	0,960	true	[004003, 004000, 004006]
2196	4	004003	004006	4	37.0	5.0	0,894	true	[004003, 004001, 004002, 004004, 004000, 004006]
2197	4	004003	004006	5	32.0	5.0	0,876	true	[004003, 004001, 004002, 004004, 004006]
2198	4	004003	004006	6	8.0	4.0	0,877	true	[004003, 004001, 004002, 004005, 004004, 004000, 004006]
2199	4	004003	004006	7	8.0	4.0	0,859	true	[004003, 004001, 004002, 004005, 004004, 004006]
2200	4	004003	004006	8	23.0	3.0	0,922	true	[004003, 004001, 004006]
2201	4	004003	004006	9	23.0	3.0	0,884	true	[004003, 004002, 004001, 004006]
2202	4	004003	004006	10	37.0	3.0	0,894	true	[004003, 004002, 004004, 004000, 004006]
2203	4	004003	004006	11	32.0	3.0	0,876	true	[004003, 004002, 004004, 004006]
2204	4	004003	004006	12	8.0	3.0	0,876	true	[004003, 004002, 004005, 004004, 004000, 004006]
2205	4	004003	004006	13	8.0	3.0	0,858	true	[004003, 004002, 004005, 004004, 004006]
2206	4	004003	004006	14	27.0	3.0	0,951	true	[004003, 004004, 004000, 004006]
2207	4	004003	004006	15	23.0	3.0	0,867	true	[004003, 004004, 004002, 004001, 004006]
2208	4	004003	004006	16	8.0	3.0	0,850	true	[004003, 004004, 004005, 004002, 004001, 004006]
2209	4	004003	004006	17	27.0	3.0	0,931	true	[004003, 004004, 004006]
2210	4	004003	004006	18	22.0	7.0	0,990	true	[004003, 004006]
2211	4	004003	004004	19	36.0	5.0	0,980	true	[004003, 004000, 004004]
2212	4	004003	004004	20	23.0	3.0	0,858	true	[004003, 004000, 004006, 004001, 004002, 004004]
2213	4	004003	004004	21	8.0	3.0	0,841	true	[004003, 004000, 004006, 004001, 004002, 004005, 004004]
2214	4	004003	004004	22	32.0	5.0	0,922	true	[004003, 004000, 004006, 004004]
2215	4	004003	004004	23	37.0	5.0	0,913	true	[004003, 004001, 004002, 004004]
2216	4	004003	004004	24	8.0	4.0	0,894	true	[004003, 004001, 004002, 004005, 004004]
2217	4	004003	004004	25	23.0	3.0	0,903	true	[004003, 004001, 004006, 004000, 004004]
2218	4	004003	004004	26	23.0	3.0	0,885	true	[004003, 004001, 004006, 004004]
2219	4	004003	004004	27	23.0	3.0	0,867	true	[004003, 004002, 004001, 004006, 004000, 004004]
2220	4	004003	004004	28	23.0	3.0	0,849	true	[004003, 004002, 004001, 004006, 004004]
2221	4	004003	004004	29	37.0	3.0	0,912	true	[004003, 004002, 004004]
2222	4	004003	004004	30	8.0	3.0	0,894	true	[004003, 004002, 004005, 004004]
2223	4	004003	004004	31	27.0	3.0	0,970	true	[004003, 004004]
2224	4	004003	004004	32	22.0	7.0	0,970	true	[004003, 004006, 004000, 004004]
2225	4	004003	004004	33	22.0	3.0	0,885	true	[004003, 004006, 004001, 004002, 004004]
2226	4	004003	004004	34	8.0	3.0	0,867	true	[004003, 004006, 004001, 004002, 004005, 004004]
2227	4	004003	004004	35	22.0	7.0	0,950	true	[004003, 004006, 004004]
2228	4	004006	004004	36	36.0	5.0	0,876	true	[004006, 004000, 004003, 004001, 004002, 004004]
2229	4	004006	004004	37	8.0	4.0	0,859	true	[004006, 004000, 004003, 004001, 004002, 004005, 004004]
2230	4	004006	004004	38	36.0	3.0	0,876	true	[004006, 004000, 004003, 004002, 004004]
2231	4	004006	004004	39	8.0	3.0	0,858	true	[004006, 004000, 004003, 004002, 004005, 004004]
2232	4	004006	004004	40	27.0	3.0	0,932	true	[004006, 004000, 004003, 004004]
2233	4	004006	004004	41	45.0	7.0	0,980	true	[004006, 004000, 004004]
2234	4	004006	004004	42	23.0	3.0	0,867	true	[004006, 004001, 004002, 004003, 004000, 004004]
2235	4	004006	004004	43	23.0	3.0	0,858	true	[004006, 004001, 004002, 004003, 004004]
2236	4	004006	004004	44	23.0	3.0	0,894	true	[004006, 004001, 004002, 004004]
2237	4	004006	004004	45	8.0	3.0	0,876	true	[004006, 004001, 004002, 004005, 004004]
2238	4	004006	004004	46	23.0	3.0	0,903	true	[004006, 004001, 004003, 004000, 004004]
2239	4	004006	004004	47	23.0	3.0	0,840	true	[004006, 004001, 004003, 004002, 004004]
2240	4	004006	004004	48	8.0	3.0	0,824	true	[004006, 004001, 004003, 004002, 004005, 004004]
2241	4	004006	004004	49	23.0	3.0	0,894	true	[004006, 004001, 004003, 004004]
2242	4	004006	004004	50	22.0	5.0	0,970	true	[004006, 004003, 004000, 004004]
2243	4	004006	004004	51	22.0	5.0	0,903	true	[004006, 004003, 004001, 004002, 004004]
2244	4	004006	004004	52	8.0	4.0	0,885	true	[004006, 004003, 004001, 004002, 004005, 004004]
2245	4	004006	004004	53	22.0	3.0	0,903	true	[004006, 004003, 004002, 004004]
2246	4	004006	004004	54	8.0	3.0	0,885	true	[004006, 004003, 004002, 004005, 004004]
2247	4	004006	004004	55	22.0	3.0	0,960	true	[004006, 004003, 004004]
2248	4	004006	004004	56	32.0	8.0	0,960	true	[004006, 004004]
2249	5	005006	005000	0	19.0	6.0	0,941	true	[005006, 005002, 005000]
2250	5	005006	005000	1	7.0	3.0	0,903	true	[005006, 005002, 005001, 005003, 005000]
2251	5	005006	005000	2	7.0	3.0	0,867	true	[005006, 005002, 005001, 005003, 005005, 005000]
2252	5	005006	005000	3	7.0	3.0	0,867	true	[005006, 005002, 005001, 005003, 005005, 005004, 005000]
2253	5	005006	005000	4	7.0	3.0	0,884	true	[005006, 005002, 005001, 005005, 005000]
2254	5	005006	005000	5	7.0	3.0	0,884	true	[005006, 005002, 005001, 005005, 005003, 005000]
2255	5	005006	005000	6	7.0	3.0	0,884	true	[005006, 005002, 005001, 005005, 005004, 005000]
2256	5	005006	005000	7	30.0	5.0	0,941	true	[005006, 005002, 005004, 005000]
2257	5	005006	005000	8	36.0	5.0	0,903	true	[005006, 005002, 005004, 005005, 005000]
2258	5	005006	005000	9	23.0	3.0	0,832	true	[005006, 005002, 005004, 005005, 005001, 005003, 005000]
2259	5	005006	005000	10	23.0	3.0	0,903	true	[005006, 005002, 005004, 005005, 005003, 005000]
2260	5	005006	005000	11	12.0	6.0	0,922	true	[005006, 005002, 005005, 005000]
2261	5	005006	005000	12	12.0	3.0	0,849	true	[005006, 005002, 005005, 005001, 005003, 005000]
2262	5	005006	005000	13	12.0	3.0	0,922	true	[005006, 005002, 005005, 005003, 005000]
2263	5	005006	005000	14	12.0	5.0	0,922	true	[005006, 005002, 005005, 005004, 005000]
2264	5	005006	005000	15	23.0	3.0	0,990	true	[005006, 005003, 005000]
2265	5	005006	005000	16	7.0	3.0	0,931	true	[005006, 005003, 005001, 005002, 005000]
2266	5	005006	005000	17	7.0	3.0	0,931	true	[005006, 005003, 005001, 005002, 005004, 005000]
2267	5	005006	005000	18	7.0	3.0	0,894	true	[005006, 005003, 005001, 005002, 005004, 005005, 005000]
2268	5	005006	005000	19	7.0	3.0	0,912	true	[005006, 005003, 005001, 005002, 005005, 005000]
2269	5	005006	005000	20	7.0	3.0	0,912	true	[005006, 005003, 005001, 005002, 005005, 005004, 005000]
2270	5	005006	005000	21	32.0	4.0	0,876	true	[005006, 005003, 005001, 005005, 005000]
2271	5	005006	005000	22	12.0	4.0	0,876	true	[005006, 005003, 005001, 005005, 005002, 005000]
2272	5	005006	005000	23	12.0	4.0	0,876	true	[005006, 005003, 005001, 005005, 005002, 005004, 005000]
2273	5	005006	005000	24	30.0	4.0	0,876	true	[005006, 005003, 005001, 005005, 005004, 005000]
2274	5	005006	005000	25	19.0	4.0	0,858	true	[005006, 005003, 005001, 005005, 005004, 005002, 005000]
2275	5	005006	005000	26	38.0	4.0	0,951	true	[005006, 005003, 005005, 005000]
2276	5	005006	005000	27	7.0	3.0	0,912	true	[005006, 005003, 005005, 005001, 005002, 005000]
2277	5	005006	005000	28	7.0	3.0	0,912	true	[005006, 005003, 005005, 005001, 005002, 005004, 005000]
2278	5	005006	005000	29	12.0	4.0	0,951	true	[005006, 005003, 005005, 005002, 005000]
2279	5	005006	005000	30	12.0	4.0	0,951	true	[005006, 005003, 005005, 005002, 005004, 005000]
2280	5	005006	005000	31	30.0	4.0	0,951	true	[005006, 005003, 005005, 005004, 005000]
2281	5	005006	005000	32	19.0	4.0	0,932	true	[005006, 005003, 005005, 005004, 005002, 005000]
2282	5	005006	005000	33	30.0	4.0	0,960	true	[005006, 005004, 005000]
2283	5	005006	005000	34	19.0	4.0	0,941	true	[005006, 005004, 005002, 005000]
2284	5	005006	005000	35	7.0	3.0	0,903	true	[005006, 005004, 005002, 005001, 005003, 005000]
2285	5	005006	005000	36	7.0	3.0	0,867	true	[005006, 005004, 005002, 005001, 005003, 005005, 005000]
2286	5	005006	005000	37	7.0	3.0	0,885	true	[005006, 005004, 005002, 005001, 005005, 005000]
2287	5	005006	005000	38	7.0	3.0	0,885	true	[005006, 005004, 005002, 005001, 005005, 005003, 005000]
2288	5	005006	005000	39	12.0	4.0	0,922	true	[005006, 005004, 005002, 005005, 005000]
2289	5	005006	005000	40	12.0	3.0	0,849	true	[005006, 005004, 005002, 005005, 005001, 005003, 005000]
2290	5	005006	005000	41	12.0	3.0	0,922	true	[005006, 005004, 005002, 005005, 005003, 005000]
2291	5	005006	005000	42	36.0	4.0	0,922	true	[005006, 005004, 005005, 005000]
2292	5	005006	005000	43	7.0	3.0	0,885	true	[005006, 005004, 005005, 005001, 005002, 005000]
2293	5	005006	005000	44	23.0	3.0	0,849	true	[005006, 005004, 005005, 005001, 005003, 005000]
2294	5	005006	005000	45	12.0	4.0	0,922	true	[005006, 005004, 005005, 005002, 005000]
2295	5	005006	005000	46	7.0	3.0	0,885	true	[005006, 005004, 005005, 005002, 005001, 005003, 005000]
2296	5	005006	005000	47	23.0	3.0	0,922	true	[005006, 005004, 005005, 005003, 005000]
2297	5	005006	005000	48	7.0	3.0	0,867	true	[005006, 005004, 005005, 005003, 005001, 005002, 005000]
2298	5	005006	005000	49	27.0	4.0	0,931	true	[005006, 005005, 005000]
2299	5	005006	005000	50	7.0	3.0	0,893	true	[005006, 005005, 005001, 005002, 005000]
2300	5	005006	005000	51	7.0	3.0	0,893	true	[005006, 005005, 005001, 005002, 005004, 005000]
2301	5	005006	005000	52	23.0	3.0	0,857	true	[005006, 005005, 005001, 005003, 005000]
2302	5	005006	005000	53	12.0	4.0	0,931	true	[005006, 005005, 005002, 005000]
2303	5	005006	005000	54	7.0	3.0	0,893	true	[005006, 005005, 005002, 005001, 005003, 005000]
2304	5	005006	005000	55	12.0	4.0	0,931	true	[005006, 005005, 005002, 005004, 005000]
2305	5	005006	005000	56	23.0	3.0	0,931	true	[005006, 005005, 005003, 005000]
2306	5	005006	005000	57	7.0	3.0	0,876	true	[005006, 005005, 005003, 005001, 005002, 005000]
2307	5	005006	005000	58	7.0	3.0	0,876	true	[005006, 005005, 005003, 005001, 005002, 005004, 005000]
2308	5	005006	005000	59	27.0	4.0	0,931	true	[005006, 005005, 005004, 005000]
2309	5	005006	005000	60	19.0	4.0	0,912	true	[005006, 005005, 005004, 005002, 005000]
2310	5	005006	005000	61	7.0	3.0	0,876	true	[005006, 005005, 005004, 005002, 005001, 005003, 005000]
2311	5	005006	005003	62	19.0	3.0	0,941	true	[005006, 005002, 005000, 005003]
2312	5	005006	005003	63	19.0	4.0	0,832	true	[005006, 005002, 005000, 005004, 005005, 005001, 005003]
2313	5	005006	005003	64	19.0	4.0	0,903	true	[005006, 005002, 005000, 005004, 005005, 005003]
2314	5	005006	005003	65	19.0	4.0	0,832	true	[005006, 005002, 005000, 005005, 005001, 005003]
2315	5	005006	005003	66	19.0	4.0	0,903	true	[005006, 005002, 005000, 005005, 005003]
2316	5	005006	005003	67	7.0	3.0	0,903	true	[005006, 005002, 005001, 005003]
2317	5	005006	005003	68	7.0	3.0	0,884	true	[005006, 005002, 005001, 005005, 005000, 005003]
2318	5	005006	005003	69	7.0	3.0	0,884	true	[005006, 005002, 005001, 005005, 005003]
2319	5	005006	005003	70	7.0	3.0	0,884	true	[005006, 005002, 005001, 005005, 005004, 005000, 005003]
2320	5	005006	005003	71	23.0	3.0	0,941	true	[005006, 005002, 005004, 005000, 005003]
2321	5	005006	005003	72	30.0	4.0	0,832	true	[005006, 005002, 005004, 005000, 005005, 005001, 005003]
2322	5	005006	005003	73	30.0	4.0	0,903	true	[005006, 005002, 005004, 005000, 005005, 005003]
2323	5	005006	005003	74	23.0	3.0	0,903	true	[005006, 005002, 005004, 005005, 005000, 005003]
2324	5	005006	005003	75	32.0	4.0	0,832	true	[005006, 005002, 005004, 005005, 005001, 005003]
2325	5	005006	005003	76	36.0	4.0	0,903	true	[005006, 005002, 005004, 005005, 005003]
2326	5	005006	005003	77	12.0	3.0	0,922	true	[005006, 005002, 005005, 005000, 005003]
2327	5	005006	005003	78	12.0	4.0	0,849	true	[005006, 005002, 005005, 005001, 005003]
2328	5	005006	005003	79	12.0	4.0	0,922	true	[005006, 005002, 005005, 005003]
2329	5	005006	005003	80	12.0	3.0	0,922	true	[005006, 005002, 005005, 005004, 005000, 005003]
2330	5	005006	005003	81	48.0	8.0	0,990	true	[005006, 005003]
2331	5	005006	005003	82	7.0	3.0	0,903	true	[005006, 005004, 005000, 005002, 005001, 005003]
2332	5	005006	005003	83	7.0	3.0	0,885	true	[005006, 005004, 005000, 005002, 005001, 005005, 005003]
2333	5	005006	005003	84	12.0	4.0	0,849	true	[005006, 005004, 005000, 005002, 005005, 005001, 005003]
2334	5	005006	005003	85	12.0	4.0	0,922	true	[005006, 005004, 005000, 005002, 005005, 005003]
2335	5	005006	005003	86	23.0	3.0	0,960	true	[005006, 005004, 005000, 005003]
2336	5	005006	005003	87	30.0	4.0	0,849	true	[005006, 005004, 005000, 005005, 005001, 005003]
2337	5	005006	005003	88	7.0	3.0	0,885	true	[005006, 005004, 005000, 005005, 005002, 005001, 005003]
2338	5	005006	005003	89	30.0	4.0	0,922	true	[005006, 005004, 005000, 005005, 005003]
2339	5	005006	005003	90	19.0	3.0	0,941	true	[005006, 005004, 005002, 005000, 005003]
2340	5	005006	005003	91	19.0	4.0	0,832	true	[005006, 005004, 005002, 005000, 005005, 005001, 005003]
2341	5	005006	005003	92	19.0	4.0	0,904	true	[005006, 005004, 005002, 005000, 005005, 005003]
2342	5	005006	005003	93	7.0	3.0	0,903	true	[005006, 005004, 005002, 005001, 005003]
2343	5	005006	005003	94	7.0	3.0	0,885	true	[005006, 005004, 005002, 005001, 005005, 005000, 005003]
2344	5	005006	005003	95	7.0	3.0	0,885	true	[005006, 005004, 005002, 005001, 005005, 005003]
2345	5	005006	005003	96	12.0	3.0	0,922	true	[005006, 005004, 005002, 005005, 005000, 005003]
2346	5	005006	005003	97	12.0	4.0	0,849	true	[005006, 005004, 005002, 005005, 005001, 005003]
2347	5	005006	005003	98	12.0	4.0	0,922	true	[005006, 005004, 005002, 005005, 005003]
2348	5	005006	005003	99	7.0	3.0	0,867	true	[005006, 005004, 005005, 005000, 005002, 005001, 005003]
2349	5	005006	005003	100	23.0	3.0	0,922	true	[005006, 005004, 005005, 005000, 005003]
2350	5	005006	005003	101	36.0	4.0	0,922	true	[005006, 005004, 005005, 005003]
2351	6	006004	006002	0	39.0	4.0	0,931	true	[006004, 006000, 006001, 006002]
2352	6	006004	006002	1	21.0	3.0	0,951	true	[006004, 006000, 006001, 006005, 006002]
2353	6	006004	006002	2	26.0	4.0	0,922	true	[006004, 006000, 006001, 006005, 006003, 006002]
2354	6	006004	006002	3	19.0	3.0	0,867	true	[006004, 006000, 006001, 006005, 006006, 006003, 006002]
2355	6	006004	006002	4	14.0	4.0	0,922	true	[006004, 006000, 006005, 006001, 006002]
2356	6	006004	006002	5	14.0	3.0	0,941	true	[006004, 006000, 006005, 006002]
2357	6	006004	006002	6	14.0	4.0	0,913	true	[006004, 006000, 006005, 006003, 006002]
2358	6	006004	006002	7	14.0	3.0	0,858	true	[006004, 006000, 006005, 006006, 006003, 006002]
2359	6	006004	006002	8	20.0	3.0	0,894	true	[006004, 006000, 006006, 006003, 006002]
2360	6	006004	006002	9	20.0	3.0	0,904	true	[006004, 006000, 006006, 006003, 006005, 006001, 006002]
2361	6	006004	006002	10	20.0	3.0	0,922	true	[006004, 006000, 006006, 006003, 006005, 006002]
2362	6	006004	006002	11	19.0	4.0	0,867	true	[006004, 006000, 006006, 006005, 006001, 006002]
2363	6	006004	006002	12	19.0	3.0	0,885	true	[006004, 006000, 006006, 006005, 006002]
2364	6	006004	006002	13	19.0	4.0	0,858	true	[006004, 006000, 006006, 006005, 006003, 006002]
2365	6	006004	006002	14	12.0	7.0	0,922	true	[006004, 006003, 006002]
2366	6	006004	006002	15	12.0	5.0	0,903	true	[006004, 006003, 006005, 006000, 006001, 006002]
2367	6	006004	006002	16	12.0	5.0	0,931	true	[006004, 006003, 006005, 006001, 006002]
2368	6	006004	006002	17	12.0	3.0	0,950	true	[006004, 006003, 006005, 006002]
2369	6	006004	006002	18	12.0	5.0	0,850	true	[006004, 006003, 006005, 006006, 006000, 006001, 006002]
2370	6	006004	006002	19	12.0	3.0	0,885	true	[006004, 006003, 006006, 006000, 006001, 006002]
2371	6	006004	006002	20	12.0	3.0	0,904	true	[006004, 006003, 006006, 006000, 006001, 006005, 006002]
2372	6	006004	006002	21	12.0	3.0	0,876	true	[006004, 006003, 006006, 006000, 006005, 006001, 006002]
2373	6	006004	006002	22	12.0	3.0	0,894	true	[006004, 006003, 006006, 006000, 006005, 006002]
2374	6	006004	006002	23	12.0	3.0	0,850	true	[006004, 006003, 006006, 006005, 006000, 006001, 006002]
2375	6	006004	006002	24	12.0	3.0	0,876	true	[006004, 006003, 006006, 006005, 006001, 006002]
2376	6	006004	006002	25	12.0	3.0	0,894	true	[006004, 006003, 006006, 006005, 006002]
2377	6	006004	006002	26	14.0	4.0	0,903	true	[006004, 006005, 006000, 006001, 006002]
2378	6	006004	006002	27	14.0	3.0	0,867	true	[006004, 006005, 006000, 006006, 006003, 006002]
2379	6	006004	006002	28	20.0	3.0	0,876	true	[006004, 006005, 006001, 006000, 006006, 006003, 006002]
2380	6	006004	006002	29	40.0	4.0	0,931	true	[006004, 006005, 006001, 006002]
2381	6	006004	006002	30	21.0	3.0	0,950	true	[006004, 006005, 006002]
2382	6	006004	006002	31	26.0	4.0	0,922	true	[006004, 006005, 006003, 006002]
2383	6	006004	006002	32	20.0	3.0	0,885	true	[006004, 006005, 006003, 006006, 006000, 006001, 006002]
2384	6	006004	006002	33	19.0	4.0	0,850	true	[006004, 006005, 006006, 006000, 006001, 006002]
2385	6	006004	006002	34	19.0	3.0	0,867	true	[006004, 006005, 006006, 006003, 006002]
2386	6	006004	006002	35	20.0	8.0	0,913	true	[006004, 006006, 006000, 006001, 006002]
2387	6	006004	006002	36	20.0	3.0	0,932	true	[006004, 006006, 006000, 006001, 006005, 006002]
2388	6	006004	006002	37	20.0	5.0	0,903	true	[006004, 006006, 006000, 006001, 006005, 006003, 006002]
2389	6	006004	006002	38	14.0	6.0	0,904	true	[006004, 006006, 006000, 006005, 006001, 006002]
2390	6	006004	006002	39	14.0	3.0	0,922	true	[006004, 006006, 006000, 006005, 006002]
2391	6	006004	006002	40	14.0	5.0	0,894	true	[006004, 006006, 006000, 006005, 006003, 006002]
2392	6	006004	006002	41	26.0	3.0	0,931	true	[006004, 006006, 006003, 006002]
2393	6	006004	006002	42	14.0	3.0	0,913	true	[006004, 006006, 006003, 006005, 006000, 006001, 006002]
2394	6	006004	006002	43	26.0	3.0	0,941	true	[006004, 006006, 006003, 006005, 006001, 006002]
2395	6	006004	006002	44	21.0	3.0	0,960	true	[006004, 006006, 006003, 006005, 006002]
2396	6	006004	006002	45	14.0	6.0	0,876	true	[006004, 006006, 006005, 006000, 006001, 006002]
2397	6	006004	006002	46	19.0	6.0	0,903	true	[006004, 006006, 006005, 006001, 006002]
2398	6	006004	006002	47	19.0	3.0	0,922	true	[006004, 006006, 006005, 006002]
2399	6	006004	006002	48	19.0	5.0	0,894	true	[006004, 006006, 006005, 006003, 006002]
2400	6	006004	006000	49	39.0	4.0	0,970	true	[006004, 006000]
2401	6	006004	006000	50	12.0	7.0	0,885	true	[006004, 006003, 006002, 006001, 006000]
2402	6	006004	006000	51	12.0	6.0	0,876	true	[006004, 006003, 006002, 006001, 006005, 006000]
2403	6	006004	006000	52	12.0	6.0	0,824	true	[006004, 006003, 006002, 006001, 006005, 006006, 006000]
2404	6	006004	006000	53	12.0	3.0	0,894	true	[006004, 006003, 006002, 006005, 006000]
2405	6	006004	006000	54	12.0	3.0	0,903	true	[006004, 006003, 006002, 006005, 006001, 006000]
2406	6	006004	006000	55	12.0	3.0	0,841	true	[006004, 006003, 006002, 006005, 006006, 006000]
2407	6	006004	006000	56	12.0	5.0	0,941	true	[006004, 006003, 006005, 006000]
2408	6	006004	006000	57	12.0	5.0	0,950	true	[006004, 006003, 006005, 006001, 006000]
2409	6	006004	006000	58	12.0	3.0	0,913	true	[006004, 006003, 006005, 006002, 006001, 006000]
2410	6	006004	006000	59	12.0	5.0	0,885	true	[006004, 006003, 006005, 006006, 006000]
2411	6	006004	006000	60	12.0	3.0	0,922	true	[006004, 006003, 006006, 006000]
2412	6	006004	006000	61	12.0	3.0	0,885	true	[006004, 006003, 006006, 006005, 006000]
2413	6	006004	006000	62	12.0	3.0	0,894	true	[006004, 006003, 006006, 006005, 006001, 006000]
2414	6	006004	006000	63	12.0	3.0	0,858	true	[006004, 006003, 006006, 006005, 006002, 006001, 006000]
2415	6	006004	006000	64	14.0	4.0	0,941	true	[006004, 006005, 006000]
2416	6	006004	006000	65	47.0	4.0	0,950	true	[006004, 006005, 006001, 006000]
2417	6	006004	006000	66	20.0	3.0	0,858	true	[006004, 006005, 006001, 006002, 006003, 006006, 006000]
2418	6	006004	006000	67	21.0	3.0	0,913	true	[006004, 006005, 006002, 006001, 006000]
2419	6	006004	006000	68	20.0	3.0	0,876	true	[006004, 006005, 006002, 006003, 006006, 006000]
2420	6	006004	006000	69	26.0	4.0	0,885	true	[006004, 006005, 006003, 006002, 006001, 006000]
2421	6	006004	006000	70	20.0	3.0	0,922	true	[006004, 006005, 006003, 006006, 006000]
2422	6	006004	006000	71	19.0	4.0	0,885	true	[006004, 006005, 006006, 006000]
2423	6	006004	006000	72	19.0	3.0	0,832	true	[006004, 006005, 006006, 006003, 006002, 006001, 006000]
2424	6	006004	006000	73	20.0	8.0	0,951	true	[006004, 006006, 006000]
2425	6	006004	006000	74	26.0	3.0	0,894	true	[006004, 006006, 006003, 006002, 006001, 006000]
2426	6	006004	006000	75	14.0	3.0	0,885	true	[006004, 006006, 006003, 006002, 006001, 006005, 006000]
2427	6	006004	006000	76	14.0	3.0	0,904	true	[006004, 006006, 006003, 006002, 006005, 006000]
2428	6	006004	006000	77	21.0	3.0	0,913	true	[006004, 006006, 006003, 006002, 006005, 006001, 006000]
2429	6	006004	006000	78	14.0	3.0	0,951	true	[006004, 006006, 006003, 006005, 006000]
2430	6	006004	006000	79	26.0	3.0	0,960	true	[006004, 006006, 006003, 006005, 006001, 006000]
2431	6	006004	006000	80	21.0	3.0	0,922	true	[006004, 006006, 006003, 006005, 006002, 006001, 006000]
2432	6	006004	006000	81	14.0	6.0	0,912	true	[006004, 006006, 006005, 006000]
2433	6	006004	006000	82	19.0	6.0	0,922	true	[006004, 006006, 006005, 006001, 006000]
2434	6	006004	006000	83	19.0	3.0	0,885	true	[006004, 006006, 006005, 006002, 006001, 006000]
2435	6	006004	006000	84	19.0	5.0	0,858	true	[006004, 006006, 006005, 006003, 006002, 006001, 006000]
2436	6	006004	006001	85	39.0	4.0	0,960	true	[006004, 006000, 006001]
2437	6	006004	006001	86	14.0	4.0	0,951	true	[006004, 006000, 006005, 006001]
2438	6	006004	006001	87	14.0	3.0	0,913	true	[006004, 006000, 006005, 006002, 006001]
2439	6	006004	006001	88	14.0	4.0	0,885	true	[006004, 006000, 006005, 006003, 006002, 006001]
2440	6	006004	006001	89	14.0	3.0	0,833	true	[006004, 006000, 006005, 006006, 006003, 006002, 006001]
2441	6	006004	006001	90	20.0	3.0	0,867	true	[006004, 006000, 006006, 006003, 006002, 006001]
2442	6	006004	006001	91	20.0	3.0	0,885	true	[006004, 006000, 006006, 006003, 006002, 006005, 006001]
2443	6	006004	006001	92	20.0	3.0	0,931	true	[006004, 006000, 006006, 006003, 006005, 006001]
2444	6	006004	006001	93	20.0	3.0	0,895	true	[006004, 006000, 006006, 006003, 006005, 006002, 006001]
2445	6	006004	006001	94	19.0	4.0	0,894	true	[006004, 006000, 006006, 006005, 006001]
2446	6	006004	006001	95	19.0	3.0	0,858	true	[006004, 006000, 006006, 006005, 006002, 006001]
2447	6	006004	006001	96	19.0	4.0	0,832	true	[006004, 006000, 006006, 006005, 006003, 006002, 006001]
2448	6	006004	006001	97	12.0	7.0	0,894	true	[006004, 006003, 006002, 006001]
2449	6	006004	006001	98	12.0	3.0	0,885	true	[006004, 006003, 006002, 006005, 006000, 006001]
2450	6	006004	006001	99	12.0	3.0	0,912	true	[006004, 006003, 006002, 006005, 006001]
2451	6	006004	006001	100	12.0	3.0	0,832	true	[006004, 006003, 006002, 006005, 006006, 006000, 006001]
2452	7	007003	007000	0	16.0	6.0	0,980	true	[007003, 007004, 007000]
2453	7	007003	007000	1	17.0	7.0	0,912	true	[007003, 007004, 007001, 007002, 007000]
2454	7	007003	007000	2	5.0	6.0	0,858	true	[007003, 007004, 007001, 007005, 007000]
2455	7	007003	007000	3	15.0	7.0	0,980	true	[007003, 007004, 007002, 007000]
2456	7	007003	007000	4	5.0	6.0	0,867	true	[007003, 007004, 007002, 007001, 007005, 007000]
2457	7	007003	007000	5	17.0	6.0	0,867	true	[007003, 007004, 007006, 007001, 007002, 007000]
2458	7	007003	007000	6	5.0	6.0	0,815	true	[007003, 007004, 007006, 007001, 007005, 007000]
2459	7	007003	007000	7	24.0	5.0	0,922	true	[007003, 007006, 007001, 007002, 007000]
2460	7	007003	007000	8	15.0	5.0	0,903	true	[007003, 007006, 007001, 007002, 007004, 007000]
2461	7	007003	007000	9	16.0	5.0	0,893	true	[007003, 007006, 007001, 007004, 007000]
2462	7	007003	007000	10	15.0	5.0	0,893	true	[007003, 007006, 007001, 007004, 007002, 007000]
2463	7	007003	007000	11	5.0	5.0	0,866	true	[007003, 007006, 007001, 007005, 007000]
2464	7	007003	007000	12	16.0	5.0	0,941	true	[007003, 007006, 007004, 007000]
2465	7	007003	007000	13	24.0	5.0	0,875	true	[007003, 007006, 007004, 007001, 007002, 007000]
2466	7	007003	007000	14	5.0	5.0	0,823	true	[007003, 007006, 007004, 007001, 007005, 007000]
2467	7	007003	007000	15	15.0	5.0	0,941	true	[007003, 007006, 007004, 007002, 007000]
2468	7	007003	007000	16	5.0	5.0	0,832	true	[007003, 007006, 007004, 007002, 007001, 007005, 007000]
2469	7	007003	007001	17	16.0	6.0	0,951	true	[007003, 007004, 007000, 007002, 007001]
2470	7	007003	007001	18	5.0	6.0	0,894	true	[007003, 007004, 007000, 007005, 007001]
2471	7	007003	007001	19	17.0	7.0	0,941	true	[007003, 007004, 007001]
2472	7	007003	007001	20	5.0	6.0	0,894	true	[007003, 007004, 007002, 007000, 007005, 007001]
2473	7	007003	007001	21	15.0	7.0	0,951	true	[007003, 007004, 007002, 007001]
2474	7	007003	007001	22	17.0	6.0	0,893	true	[007003, 007004, 007006, 007001]
2475	7	007003	007001	23	33.0	5.0	0,950	true	[007003, 007006, 007001]
2476	7	007003	007001	24	16.0	5.0	0,912	true	[007003, 007006, 007004, 007000, 007002, 007001]
2477	7	007003	007001	25	5.0	5.0	0,858	true	[007003, 007006, 007004, 007000, 007005, 007001]
2478	7	007003	007001	26	33.0	5.0	0,903	true	[007003, 007006, 007004, 007001]
2479	7	007003	007001	27	5.0	5.0	0,858	true	[007003, 007006, 007004, 007002, 007000, 007005, 007001]
2480	7	007003	007001	28	15.0	5.0	0,912	true	[007003, 007006, 007004, 007002, 007001]
2481	7	007000	007001	29	24.0	9.0	0,970	true	[007000, 007002, 007001]
2482	7	007000	007001	30	15.0	7.0	0,941	true	[007000, 007002, 007004, 007001]
2483	7	007000	007001	31	15.0	5.0	0,931	true	[007000, 007002, 007004, 007003, 007006, 007001]
2484	7	007000	007001	32	15.0	6.0	0,893	true	[007000, 007002, 007004, 007006, 007001]
2485	7	007000	007001	33	16.0	6.0	0,941	true	[007000, 007004, 007001]
2486	7	007000	007001	34	15.0	6.0	0,951	true	[007000, 007004, 007002, 007001]
2487	7	007000	007001	35	16.0	5.0	0,931	true	[007000, 007004, 007003, 007006, 007001]
2488	7	007000	007001	36	16.0	6.0	0,893	true	[007000, 007004, 007006, 007001]
2489	7	007000	007001	37	5.0	6.0	0,912	true	[007000, 007005, 007001]
2490	8	008004	008005	0	12.0	3.0	0,932	true	[008004, 008000, 008001, 008002, 008003, 008005]
2491	8	008004	008005	1	12.0	3.0	0,885	true	[008004, 008000, 008001, 008002, 008003, 008006, 008005]
2492	8	008004	008005	2	12.0	3.0	0,941	true	[008004, 008000, 008001, 008002, 008005]
2493	8	008004	008005	3	12.0	3.0	0,941	true	[008004, 008000, 008001, 008002, 008006, 008003, 008005]
2494	8	008004	008005	4	12.0	3.0	0,894	true	[008004, 008000, 008001, 008002, 008006, 008005]
2495	8	008004	008005	5	9.0	3.0	0,970	true	[008004, 008000, 008001, 008005]
2496	8	008004	008005	6	9.0	4.0	0,912	true	[008004, 008000, 008006, 008002, 008001, 008005]
2497	8	008004	008005	7	25.0	3.0	0,894	true	[008004, 008000, 008006, 008002, 008003, 008005]
2498	8	008004	008005	8	13.0	4.0	0,903	true	[008004, 008000, 008006, 008002, 008005]
2499	8	008004	008005	9	9.0	3.0	0,903	true	[008004, 008000, 008006, 008003, 008002, 008001, 008005]
2500	8	008004	008005	10	13.0	3.0	0,894	true	[008004, 008000, 008006, 008003, 008002, 008005]
2501	8	008004	008005	11	25.0	4.0	0,941	true	[008004, 008000, 008006, 008003, 008005]
2502	8	008004	008005	12	12.0	4.0	0,893	true	[008004, 008000, 008006, 008005]
2503	8	008004	008005	13	25.0	3.0	0,867	true	[008004, 008001, 008000, 008006, 008002, 008003, 008005]
2504	8	008004	008005	14	13.0	3.0	0,876	true	[008004, 008001, 008000, 008006, 008002, 008005]
2505	8	008004	008005	15	13.0	3.0	0,867	true	[008004, 008001, 008000, 008006, 008003, 008002, 008005]
2506	8	008004	008005	16	25.0	3.0	0,912	true	[008004, 008001, 008000, 008006, 008003, 008005]
2507	8	008004	008005	17	12.0	3.0	0,867	true	[008004, 008001, 008000, 008006, 008005]
2508	8	008004	008005	18	12.0	3.0	0,941	true	[008004, 008001, 008002, 008003, 008005]
2509	8	008004	008005	19	12.0	3.0	0,894	true	[008004, 008001, 008002, 008003, 008006, 008005]
2510	8	008004	008005	20	12.0	6.0	0,951	true	[008004, 008001, 008002, 008005]
2511	8	008004	008005	21	12.0	5.0	0,951	true	[008004, 008001, 008002, 008006, 008003, 008005]
2512	8	008004	008005	22	12.0	6.0	0,903	true	[008004, 008001, 008002, 008006, 008005]
2513	8	008004	008005	23	9.0	6.0	0,980	true	[008004, 008001, 008005]
2514	8	008004	008005	24	12.0	3.0	0,903	true	[008004, 008002, 008001, 008000, 008006, 008003, 008005]
2515	8	008004	008005	25	12.0	3.0	0,858	true	[008004, 008002, 008001, 008000, 008006, 008005]
2516	8	008004	008005	26	9.0	6.0	0,970	true	[008004, 008002, 008001, 008005]
2517	8	008004	008005	27	25.0	3.0	0,951	true	[008004, 008002, 008003, 008005]
2518	8	008004	008005	28	9.0	3.0	0,885	true	[008004, 008002, 008003, 008006, 008000, 008001, 008005]
2519	8	008004	008005	29	12.0	3.0	0,903	true	[008004, 008002, 008003, 008006, 008005]
2520	8	008004	008005	30	13.0	6.0	0,960	true	[008004, 008002, 008005]
2521	8	008004	008005	31	9.0	3.0	0,894	true	[008004, 008002, 008006, 008000, 008001, 008005]
2522	8	008004	008005	32	25.0	5.0	0,960	true	[008004, 008002, 008006, 008003, 008005]
2523	8	008004	008005	33	12.0	6.0	0,912	true	[008004, 008002, 008006, 008005]
2524	8	008004	008005	34	12.0	3.0	0,807	true	[008004, 008003, 008002, 008001, 008000, 008006, 008005]
2525	8	008004	008005	35	9.0	3.0	0,912	true	[008004, 008003, 008002, 008001, 008005]
2526	8	008004	008005	36	13.0	3.0	0,903	true	[008004, 008003, 008002, 008005]
2527	8	008004	008005	37	9.0	3.0	0,841	true	[008004, 008003, 008002, 008006, 008000, 008001, 008005]
2528	8	008004	008005	38	12.0	3.0	0,858	true	[008004, 008003, 008002, 008006, 008005]
2529	8	008004	008005	39	24.0	4.0	0,950	true	[008004, 008003, 008005]
2530	8	008004	008005	40	12.0	3.0	0,858	true	[008004, 008003, 008006, 008000, 008001, 008002, 008005]
2531	8	008004	008005	41	9.0	3.0	0,884	true	[008004, 008003, 008006, 008000, 008001, 008005]
2532	8	008004	008005	42	9.0	4.0	0,922	true	[008004, 008003, 008006, 008002, 008001, 008005]
2533	8	008004	008005	43	13.0	4.0	0,912	true	[008004, 008003, 008006, 008002, 008005]
2534	8	008004	008005	44	12.0	4.0	0,903	true	[008004, 008003, 008006, 008005]
2535	8	008004	008005	45	43.0	10.0	0,960	true	[008004, 008005]
2536	8	008004	008005	46	12.0	3.0	0,885	true	[008004, 008006, 008000, 008001, 008002, 008003, 008005]
2537	8	008004	008005	47	12.0	3.0	0,894	true	[008004, 008006, 008000, 008001, 008002, 008005]
2538	8	008004	008005	48	9.0	3.0	0,922	true	[008004, 008006, 008000, 008001, 008005]
2539	8	008004	008005	49	9.0	7.0	0,960	true	[008004, 008006, 008002, 008001, 008005]
2540	8	008004	008005	50	20.0	3.0	0,941	true	[008004, 008006, 008002, 008003, 008005]
2541	8	008004	008005	51	13.0	7.0	0,951	true	[008004, 008006, 008002, 008005]
2542	8	008004	008005	52	9.0	3.0	0,951	true	[008004, 008006, 008003, 008002, 008001, 008005]
2543	8	008004	008005	53	13.0	3.0	0,941	true	[008004, 008006, 008003, 008002, 008005]
2544	8	008004	008005	54	20.0	5.0	0,990	true	[008004, 008006, 008003, 008005]
2545	8	008004	008005	55	12.0	8.0	0,941	true	[008004, 008006, 008005]
2546	8	008004	008001	56	49.0	3.0	0,970	true	[008004, 008000, 008001]
2547	8	008004	008001	57	12.0	4.0	0,912	true	[008004, 008000, 008006, 008002, 008001]
2548	8	008004	008001	58	9.0	3.0	0,894	true	[008004, 008000, 008006, 008002, 008003, 008005, 008001]
2549	8	008004	008001	59	9.0	4.0	0,903	true	[008004, 008000, 008006, 008002, 008005, 008001]
2550	8	008004	008001	60	12.0	3.0	0,903	true	[008004, 008000, 008006, 008003, 008002, 008001]
2551	8	008004	008001	61	9.0	3.0	0,894	true	[008004, 008000, 008006, 008003, 008002, 008005, 008001]
2552	8	008004	008001	62	9.0	4.0	0,941	true	[008004, 008000, 008006, 008003, 008005, 008001]
2553	8	008004	008001	63	12.0	4.0	0,912	true	[008004, 008000, 008006, 008003, 008005, 008002, 008001]
2554	8	008004	008001	64	9.0	4.0	0,893	true	[008004, 008000, 008006, 008005, 008001]
2555	8	008004	008001	65	12.0	4.0	0,867	true	[008004, 008000, 008006, 008005, 008002, 008001]
2556	8	008004	008001	66	12.0	3.0	0,858	true	[008004, 008000, 008006, 008005, 008003, 008002, 008001]
2557	8	008004	008001	67	33.0	6.0	0,980	true	[008004, 008001]
2558	8	008004	008001	68	12.0	6.0	0,970	true	[008004, 008002, 008001]
2559	8	008004	008001	69	9.0	3.0	0,951	true	[008004, 008002, 008003, 008005, 008001]
2560	8	008004	008001	70	12.0	3.0	0,841	true	[008004, 008002, 008003, 008005, 008006, 008000, 008001]
2561	8	008004	008001	71	27.0	3.0	0,885	true	[008004, 008002, 008003, 008006, 008000, 008001]
2562	8	008004	008001	72	9.0	3.0	0,903	true	[008004, 008002, 008003, 008006, 008005, 008001]
2563	8	008004	008001	73	9.0	6.0	0,960	true	[008004, 008002, 008005, 008001]
2564	8	008004	008001	74	13.0	3.0	0,894	true	[008004, 008002, 008005, 008003, 008006, 008000, 008001]
2565	8	008004	008001	75	12.0	3.0	0,849	true	[008004, 008002, 008005, 008006, 008000, 008001]
2566	8	008004	008001	76	41.0	3.0	0,894	true	[008004, 008002, 008006, 008000, 008001]
2567	8	008004	008001	77	9.0	5.0	0,960	true	[008004, 008002, 008006, 008003, 008005, 008001]
2568	8	008004	008001	78	9.0	6.0	0,912	true	[008004, 008002, 008006, 008005, 008001]
2569	8	008004	008001	79	12.0	3.0	0,912	true	[008004, 008003, 008002, 008001]
2570	8	008004	008001	80	9.0	3.0	0,903	true	[008004, 008003, 008002, 008005, 008001]
2571	8	008004	008001	81	12.0	3.0	0,799	true	[008004, 008003, 008002, 008005, 008006, 008000, 008001]
2572	8	008004	008001	82	24.0	3.0	0,841	true	[008004, 008003, 008002, 008006, 008000, 008001]
2573	8	008004	008001	83	9.0	3.0	0,858	true	[008004, 008003, 008002, 008006, 008005, 008001]
2574	8	008004	008001	84	9.0	4.0	0,950	true	[008004, 008003, 008005, 008001]
2575	8	008004	008001	85	12.0	4.0	0,922	true	[008004, 008003, 008005, 008002, 008001]
2576	8	008004	008001	86	13.0	3.0	0,849	true	[008004, 008003, 008005, 008002, 008006, 008000, 008001]
2577	8	008004	008001	87	12.0	3.0	0,840	true	[008004, 008003, 008005, 008006, 008000, 008001]
2578	8	008004	008001	88	12.0	4.0	0,876	true	[008004, 008003, 008005, 008006, 008002, 008001]
2579	8	008004	008001	89	24.0	3.0	0,884	true	[008004, 008003, 008006, 008000, 008001]
2580	8	008004	008001	90	12.0	4.0	0,922	true	[008004, 008003, 008006, 008002, 008001]
2581	8	008004	008001	91	9.0	4.0	0,912	true	[008004, 008003, 008006, 008002, 008005, 008001]
2582	8	008004	008001	92	9.0	4.0	0,903	true	[008004, 008003, 008006, 008005, 008001]
2583	8	008004	008001	93	12.0	4.0	0,876	true	[008004, 008003, 008006, 008005, 008002, 008001]
2584	8	008004	008001	94	9.0	8.0	0,960	true	[008004, 008005, 008001]
2585	8	008004	008001	95	12.0	7.0	0,931	true	[008004, 008005, 008002, 008001]
2586	8	008004	008001	96	13.0	3.0	0,850	true	[008004, 008005, 008002, 008003, 008006, 008000, 008001]
2587	8	008004	008001	97	13.0	3.0	0,858	true	[008004, 008005, 008002, 008006, 008000, 008001]
2588	8	008004	008001	98	12.0	3.0	0,922	true	[008004, 008005, 008003, 008002, 008001]
2589	8	008004	008001	99	25.0	3.0	0,850	true	[008004, 008005, 008003, 008002, 008006, 008000, 008001]
2590	8	008004	008001	100	25.0	3.0	0,894	true	[008004, 008005, 008003, 008006, 008000, 008001]
2591	9	009003	009006	0	6.0	3.0	0,913	true	[009003, 009000, 009002, 009001, 009005, 009006]
2592	9	009003	009006	1	7.0	4.0	0,903	true	[009003, 009000, 009002, 009005, 009006]
2593	9	009003	009006	2	6.0	4.0	0,876	true	[009003, 009000, 009004, 009001, 009002, 009005, 009006]
2594	9	009003	009006	3	15.0	3.0	0,941	true	[009003, 009000, 009004, 009001, 009005, 009006]
2595	9	009003	009006	4	15.0	3.0	0,941	true	[009003, 009000, 009005, 009006]
2596	9	009003	009006	5	6.0	3.0	0,832	true	[009003, 009001, 009002, 009000, 009005, 009006]
2597	9	009003	009006	6	6.0	4.0	0,867	true	[009003, 009001, 009002, 009005, 009006]
2598	9	009003	009006	7	7.0	4.0	0,824	true	[009003, 009001, 009004, 009000, 009002, 009005, 009006]
2599	9	009003	009006	8	21.0	3.0	0,858	true	[009003, 009001, 009004, 009000, 009005, 009006]
2600	9	009003	009006	9	50.0	3.0	0,931	true	[009003, 009001, 009005, 009006]
2601	9	009003	009006	10	21.0	3.0	0,903	true	[009003, 009002, 009000, 009004, 009001, 009005, 009006]
2602	9	009003	009006	11	27.0	3.0	0,903	true	[009003, 009002, 009000, 009005, 009006]
2603	9	009003	009006	12	6.0	3.0	0,876	true	[009003, 009002, 009001, 009004, 009000, 009005, 009006]
2604	9	009003	009006	13	6.0	3.0	0,951	true	[009003, 009002, 009001, 009005, 009006]
2605	9	009003	009006	14	7.0	4.0	0,941	true	[009003, 009002, 009005, 009006]
2606	9	009003	009006	15	6.0	3.0	0,867	true	[009003, 009004, 009000, 009002, 009001, 009005, 009006]
2607	9	009003	009006	16	7.0	4.0	0,858	true	[009003, 009004, 009000, 009002, 009005, 009006]
2608	9	009003	009006	17	13.0	3.0	0,894	true	[009003, 009004, 009000, 009005, 009006]
2609	9	009003	009006	18	6.0	3.0	0,867	true	[009003, 009004, 009001, 009002, 009000, 009005, 009006]
2610	9	009003	009006	19	6.0	4.0	0,903	true	[009003, 009004, 009001, 009002, 009005, 009006]
2611	9	009003	009006	20	13.0	3.0	0,970	true	[009003, 009004, 009001, 009005, 009006]
2612	9	009003	009006	21	17.0	4.0	0,980	true	[009003, 009005, 009006]
2613	9	009003	009006	22	8.0	10.0	0,970	true	[009003, 009006]
2614	9	009003	009001	23	6.0	4.0	0,931	true	[009003, 009000, 009002, 009001]
2615	9	009003	009001	24	7.0	3.0	0,922	true	[009003, 009000, 009002, 009005, 009001]
2616	9	009003	009001	25	15.0	7.0	0,960	true	[009003, 009000, 009004, 009001]
2617	9	009003	009001	26	15.0	3.0	0,960	true	[009003, 009000, 009005, 009001]
2618	9	009003	009001	27	6.0	3.0	0,894	true	[009003, 009000, 009005, 009002, 009001]
2619	9	009003	009001	28	54.0	6.0	0,950	true	[009003, 009001]
2620	9	009003	009001	29	21.0	7.0	0,922	true	[009003, 009002, 009000, 009004, 009001]
2621	9	009003	009001	30	27.0	3.0	0,922	true	[009003, 009002, 009000, 009005, 009001]
2622	9	009003	009001	31	6.0	4.0	0,970	true	[009003, 009002, 009001]
2623	9	009003	009001	32	7.0	3.0	0,885	true	[009003, 009002, 009005, 009000, 009004, 009001]
2624	9	009003	009001	33	7.0	3.0	0,960	true	[009003, 009002, 009005, 009001]
2625	9	009003	009001	34	6.0	4.0	0,885	true	[009003, 009004, 009000, 009002, 009001]
2626	9	009003	009001	35	7.0	3.0	0,876	true	[009003, 009004, 009000, 009002, 009005, 009001]
2627	9	009003	009001	36	13.0	3.0	0,912	true	[009003, 009004, 009000, 009005, 009001]
2628	9	009003	009001	37	6.0	3.0	0,850	true	[009003, 009004, 009000, 009005, 009002, 009001]
2629	9	009003	009001	38	13.0	5.0	0,990	true	[009003, 009004, 009001]
2630	9	009003	009001	39	6.0	3.0	0,894	true	[009003, 009005, 009000, 009002, 009001]
2631	9	009003	009001	40	17.0	3.0	0,922	true	[009003, 009005, 009000, 009004, 009001]
2632	9	009003	009001	41	17.0	3.0	1,000	true	[009003, 009005, 009001]
2633	9	009003	009001	42	7.0	6.0	0,885	true	[009003, 009005, 009002, 009000, 009004, 009001]
2634	9	009003	009001	43	6.0	4.0	0,931	true	[009003, 009005, 009002, 009001]
2635	9	009003	009001	44	6.0	3.0	0,850	true	[009003, 009006, 009005, 009000, 009002, 009001]
2636	9	009003	009001	45	8.0	3.0	0,876	true	[009003, 009006, 009005, 009000, 009004, 009001]
2637	9	009003	009001	46	8.0	3.0	0,951	true	[009003, 009006, 009005, 009001]
2638	9	009003	009001	47	7.0	4.0	0,841	true	[009003, 009006, 009005, 009002, 009000, 009004, 009001]
2639	9	009003	009001	48	6.0	4.0	0,885	true	[009003, 009006, 009005, 009002, 009001]
2640	9	009006	009001	49	6.0	4.0	0,903	true	[009006, 009003, 009000, 009002, 009001]
2641	9	009006	009001	50	7.0	3.0	0,894	true	[009006, 009003, 009000, 009002, 009005, 009001]
2642	9	009006	009001	51	8.0	7.0	0,931	true	[009006, 009003, 009000, 009004, 009001]
2643	9	009006	009001	52	8.0	3.0	0,931	true	[009006, 009003, 009000, 009005, 009001]
2644	9	009006	009001	53	6.0	3.0	0,867	true	[009006, 009003, 009000, 009005, 009002, 009001]
2645	9	009006	009001	54	8.0	6.0	0,922	true	[009006, 009003, 009001]
2646	9	009006	009001	55	8.0	7.0	0,894	true	[009006, 009003, 009002, 009000, 009004, 009001]
2647	9	009006	009001	56	8.0	3.0	0,894	true	[009006, 009003, 009002, 009000, 009005, 009001]
2648	9	009006	009001	57	6.0	4.0	0,941	true	[009006, 009003, 009002, 009001]
2649	9	009006	009001	58	7.0	3.0	0,858	true	[009006, 009003, 009002, 009005, 009000, 009004, 009001]
2650	9	009006	009001	59	7.0	3.0	0,931	true	[009006, 009003, 009002, 009005, 009001]
2651	9	009006	009001	60	6.0	4.0	0,858	true	[009006, 009003, 009004, 009000, 009002, 009001]
2652	9	009006	009001	61	7.0	3.0	0,850	true	[009006, 009003, 009004, 009000, 009002, 009005, 009001]
2653	9	009006	009001	62	8.0	3.0	0,885	true	[009006, 009003, 009004, 009000, 009005, 009001]
2654	9	009006	009001	63	6.0	3.0	0,824	true	[009006, 009003, 009004, 009000, 009005, 009002, 009001]
2655	9	009006	009001	64	8.0	5.0	0,960	true	[009006, 009003, 009004, 009001]
2656	9	009006	009001	65	6.0	3.0	0,867	true	[009006, 009003, 009005, 009000, 009002, 009001]
2657	9	009006	009001	66	8.0	3.0	0,894	true	[009006, 009003, 009005, 009000, 009004, 009001]
2658	9	009006	009001	67	8.0	3.0	0,970	true	[009006, 009003, 009005, 009001]
2659	9	009006	009001	68	7.0	6.0	0,858	true	[009006, 009003, 009005, 009002, 009000, 009004, 009001]
2660	9	009006	009001	69	6.0	4.0	0,903	true	[009006, 009003, 009005, 009002, 009001]
2661	9	009006	009001	70	6.0	3.0	0,876	true	[009006, 009005, 009000, 009002, 009001]
2662	9	009006	009001	71	27.0	3.0	0,858	true	[009006, 009005, 009000, 009002, 009003, 009001]
2663	9	009006	009001	72	13.0	3.0	0,894	true	[009006, 009005, 009000, 009002, 009003, 009004, 009001]
2664	9	009006	009001	73	15.0	3.0	0,894	true	[009006, 009005, 009000, 009003, 009001]
2665	9	009006	009001	74	6.0	3.0	0,913	true	[009006, 009005, 009000, 009003, 009002, 009001]
2666	9	009006	009001	75	13.0	3.0	0,931	true	[009006, 009005, 009000, 009003, 009004, 009001]
2667	9	009006	009001	76	21.0	3.0	0,903	true	[009006, 009005, 009000, 009004, 009001]
2668	9	009006	009001	77	13.0	3.0	0,849	true	[009006, 009005, 009000, 009004, 009003, 009001]
2669	9	009006	009001	78	6.0	3.0	0,867	true	[009006, 009005, 009000, 009004, 009003, 009002, 009001]
2670	9	009006	009001	79	50.0	3.0	0,980	true	[009006, 009005, 009001]
2671	9	009006	009001	80	7.0	4.0	0,858	true	[009006, 009005, 009002, 009000, 009003, 009001]
2672	9	009006	009001	81	7.0	4.0	0,894	true	[009006, 009005, 009002, 009000, 009003, 009004, 009001]
2673	9	009006	009001	82	7.0	4.0	0,867	true	[009006, 009005, 009002, 009000, 009004, 009001]
2674	9	009006	009001	83	7.0	4.0	0,815	true	[009006, 009005, 009002, 009000, 009004, 009003, 009001]
2675	9	009006	009001	84	6.0	4.0	0,913	true	[009006, 009005, 009002, 009001]
2676	9	009006	009001	85	7.0	4.0	0,903	true	[009006, 009005, 009002, 009003, 009000, 009004, 009001]
2677	9	009006	009001	86	7.0	4.0	0,894	true	[009006, 009005, 009002, 009003, 009001]
2678	9	009006	009001	87	7.0	4.0	0,931	true	[009006, 009005, 009002, 009003, 009004, 009001]
2679	9	009006	009001	88	6.0	4.0	0,913	true	[009006, 009005, 009003, 009000, 009002, 009001]
2680	9	009006	009001	89	15.0	4.0	0,941	true	[009006, 009005, 009003, 009000, 009004, 009001]
2681	9	009006	009001	90	17.0	4.0	0,931	true	[009006, 009005, 009003, 009001]
2682	9	009006	009001	91	17.0	4.0	0,903	true	[009006, 009005, 009003, 009002, 009000, 009004, 009001]
2683	9	009006	009001	92	6.0	4.0	0,951	true	[009006, 009005, 009003, 009002, 009001]
2684	9	009006	009001	93	6.0	4.0	0,867	true	[009006, 009005, 009003, 009004, 009000, 009002, 009001]
2685	9	009006	009001	94	13.0	4.0	0,970	true	[009006, 009005, 009003, 009004, 009001]
2686	10	010003	010006	0	14.0	5.0	0,867	true	[010003, 010000, 010002, 010001, 010005, 010006]
2687	10	010003	010006	1	28.0	5.0	0,951	true	[010003, 010000, 010002, 010005, 010006]
2688	10	010003	010006	2	14.0	3.0	0,885	true	[010003, 010000, 010004, 010001, 010002, 010005, 010006]
2689	10	010003	010006	3	19.0	3.0	0,876	true	[010003, 010000, 010004, 010001, 010005, 010006]
2690	10	010003	010006	4	33.0	6.0	0,912	true	[010003, 010000, 010005, 010006]
2691	10	010003	010006	5	14.0	3.0	0,867	true	[010003, 010001, 010002, 010000, 010005, 010006]
2692	10	010003	010006	6	14.0	3.0	0,922	true	[010003, 010001, 010002, 010005, 010006]
2693	10	010003	010006	7	18.0	3.0	0,913	true	[010003, 010001, 010004, 010000, 010002, 010005, 010006]
2694	10	010003	010006	8	18.0	3.0	0,876	true	[010003, 010001, 010004, 010000, 010005, 010006]
2695	10	010003	010006	9	18.0	3.0	0,912	true	[010003, 010001, 010005, 010006]
2696	10	010003	010006	10	19.0	3.0	0,894	true	[010003, 010002, 010000, 010004, 010001, 010005, 010006]
2697	10	010003	010006	11	33.0	5.0	0,931	true	[010003, 010002, 010000, 010005, 010006]
2698	10	010003	010006	12	14.0	3.0	0,867	true	[010003, 010002, 010001, 010004, 010000, 010005, 010006]
2699	10	010003	010006	13	14.0	5.0	0,903	true	[010003, 010002, 010001, 010005, 010006]
2700	10	010003	010006	14	28.0	8.0	0,990	true	[010003, 010002, 010005, 010006]
2701	10	010003	010006	15	14.0	3.0	0,815	true	[010003, 010004, 010000, 010002, 010001, 010005, 010006]
2702	10	010003	010006	16	19.0	3.0	0,894	true	[010003, 010004, 010000, 010002, 010005, 010006]
2703	10	010003	010006	17	19.0	3.0	0,858	true	[010003, 010004, 010000, 010005, 010006]
2704	10	010003	010006	18	14.0	3.0	0,849	true	[010003, 010004, 010001, 010002, 010000, 010005, 010006]
2705	10	010003	010006	19	14.0	3.0	0,903	true	[010003, 010004, 010001, 010002, 010005, 010006]
2706	10	010003	010006	20	19.0	3.0	0,893	true	[010003, 010004, 010001, 010005, 010006]
2707	10	010003	010006	21	27.0	9.0	0,950	true	[010003, 010005, 010006]
2708	10	010003	010006	22	24.0	6.0	0,980	true	[010003, 010006]
2709	10	010003	010004	23	14.0	3.0	0,922	true	[010003, 010000, 010002, 010001, 010004]
2710	10	010003	010004	24	19.0	3.0	0,912	true	[010003, 010000, 010002, 010005, 010001, 010004]
2711	10	010003	010004	25	33.0	3.0	0,931	true	[010003, 010000, 010004]
2712	10	010003	010004	26	19.0	3.0	0,875	true	[010003, 010000, 010005, 010001, 010004]
2713	10	010003	010004	27	14.0	3.0	0,885	true	[010003, 010000, 010005, 010002, 010001, 010004]
2714	10	010003	010004	28	14.0	3.0	0,885	true	[010003, 010001, 010002, 010000, 010004]
2715	10	010003	010004	29	14.0	3.0	0,849	true	[010003, 010001, 010002, 010005, 010000, 010004]
2716	10	010003	010004	30	18.0	3.0	0,970	true	[010003, 010001, 010004]
2717	10	010003	010004	31	18.0	3.0	0,840	true	[010003, 010001, 010005, 010000, 010004]
2718	10	010003	010004	32	18.0	3.0	0,876	true	[010003, 010001, 010005, 010002, 010000, 010004]
2719	10	010003	010004	33	33.0	3.0	0,950	true	[010003, 010002, 010000, 010004]
2720	10	010003	010004	34	19.0	3.0	0,893	true	[010003, 010002, 010000, 010005, 010001, 010004]
2721	10	010003	010004	35	14.0	3.0	0,960	true	[010003, 010002, 010001, 010004]
2722	10	010003	010004	36	14.0	3.0	0,832	true	[010003, 010002, 010001, 010005, 010000, 010004]
2723	10	010003	010004	37	28.0	3.0	0,912	true	[010003, 010002, 010005, 010000, 010004]
2724	10	010003	010004	38	19.0	3.0	0,950	true	[010003, 010002, 010005, 010001, 010004]
2725	10	010003	010004	39	19.0	9.0	0,950	true	[010003, 010004]
2726	10	010003	010004	40	14.0	3.0	0,867	true	[010003, 010005, 010000, 010002, 010001, 010004]
2727	10	010003	010004	41	27.0	3.0	0,876	true	[010003, 010005, 010000, 010004]
2728	10	010003	010004	42	14.0	3.0	0,832	true	[010003, 010005, 010001, 010002, 010000, 010004]
2729	10	010003	010004	43	19.0	3.0	0,912	true	[010003, 010005, 010001, 010004]
2730	10	010003	010004	44	27.0	3.0	0,912	true	[010003, 010005, 010002, 010000, 010004]
2731	10	010003	010004	45	14.0	3.0	0,922	true	[010003, 010005, 010002, 010001, 010004]
2732	10	010003	010004	46	14.0	3.0	0,876	true	[010003, 010006, 010005, 010000, 010002, 010001, 010004]
2733	10	010003	010004	47	24.0	3.0	0,885	true	[010003, 010006, 010005, 010000, 010004]
2734	10	010003	010004	48	14.0	3.0	0,841	true	[010003, 010006, 010005, 010001, 010002, 010000, 010004]
2735	10	010003	010004	49	19.0	3.0	0,922	true	[010003, 010006, 010005, 010001, 010004]
2736	10	010003	010004	50	24.0	3.0	0,922	true	[010003, 010006, 010005, 010002, 010000, 010004]
2737	10	010003	010004	51	14.0	3.0	0,931	true	[010003, 010006, 010005, 010002, 010001, 010004]
2738	10	010003	010000	52	50.0	7.0	0,970	true	[010003, 010000]
2739	10	010003	010000	53	14.0	3.0	0,922	true	[010003, 010001, 010002, 010000]
2740	10	010003	010000	54	14.0	3.0	0,885	true	[010003, 010001, 010002, 010005, 010000]
2741	10	010003	010000	55	18.0	3.0	0,931	true	[010003, 010001, 010004, 010000]
2742	10	010003	010000	56	18.0	3.0	0,875	true	[010003, 010001, 010005, 010000]
2743	10	010003	010000	57	18.0	3.0	0,912	true	[010003, 010001, 010005, 010002, 010000]
2744	10	010003	010000	58	33.0	5.0	0,990	true	[010003, 010002, 010000]
2745	10	010003	010000	59	14.0	3.0	0,922	true	[010003, 010002, 010001, 010004, 010000]
2746	10	010003	010000	60	14.0	5.0	0,866	true	[010003, 010002, 010001, 010005, 010000]
2747	10	010003	010000	61	28.0	6.0	0,950	true	[010003, 010002, 010005, 010000]
2748	10	010003	010000	62	19.0	3.0	0,912	true	[010003, 010002, 010005, 010001, 010004, 010000]
2749	10	010003	010000	63	19.0	3.0	0,912	true	[010003, 010004, 010000]
2750	10	010003	010000	64	14.0	3.0	0,903	true	[010003, 010004, 010001, 010002, 010000]
2751	10	010003	010000	65	14.0	3.0	0,866	true	[010003, 010004, 010001, 010002, 010005, 010000]
2752	10	010003	010000	66	19.0	3.0	0,857	true	[010003, 010004, 010001, 010005, 010000]
2753	10	010003	010000	67	19.0	3.0	0,893	true	[010003, 010004, 010001, 010005, 010002, 010000]
2754	10	010003	010000	68	27.0	6.0	0,912	true	[010003, 010005, 010000]
2755	10	010003	010000	69	14.0	5.0	0,867	true	[010003, 010005, 010001, 010002, 010000]
2756	10	010003	010000	70	19.0	3.0	0,876	true	[010003, 010005, 010001, 010004, 010000]
2757	10	010003	010000	71	27.0	5.0	0,950	true	[010003, 010005, 010002, 010000]
2758	10	010003	010000	72	14.0	3.0	0,885	true	[010003, 010005, 010002, 010001, 010004, 010000]
2759	10	010003	010000	73	24.0	6.0	0,922	true	[010003, 010006, 010005, 010000]
2760	10	010003	010000	74	14.0	5.0	0,876	true	[010003, 010006, 010005, 010001, 010002, 010000]
2761	10	010003	010000	75	19.0	3.0	0,885	true	[010003, 010006, 010005, 010001, 010004, 010000]
2762	10	010003	010000	76	24.0	5.0	0,960	true	[010003, 010006, 010005, 010002, 010000]
2763	10	010003	010000	77	14.0	3.0	0,894	true	[010003, 010006, 010005, 010002, 010001, 010004, 010000]
2764	10	010006	010004	78	14.0	3.0	0,903	true	[010006, 010003, 010000, 010002, 010001, 010004]
2765	10	010006	010004	79	19.0	3.0	0,894	true	[010006, 010003, 010000, 010002, 010005, 010001, 010004]
2766	10	010006	010004	80	24.0	3.0	0,913	true	[010006, 010003, 010000, 010004]
2767	10	010006	010004	81	19.0	3.0	0,858	true	[010006, 010003, 010000, 010005, 010001, 010004]
2768	10	010006	010004	82	14.0	3.0	0,867	true	[010006, 010003, 010000, 010005, 010002, 010001, 010004]
2769	10	010006	010004	83	14.0	3.0	0,867	true	[010006, 010003, 010001, 010002, 010000, 010004]
2770	10	010006	010004	84	14.0	3.0	0,832	true	[010006, 010003, 010001, 010002, 010005, 010000, 010004]
2771	10	010006	010004	85	18.0	3.0	0,951	true	[010006, 010003, 010001, 010004]
2772	10	010006	010004	86	18.0	3.0	0,824	true	[010006, 010003, 010001, 010005, 010000, 010004]
2773	10	010006	010004	87	18.0	3.0	0,858	true	[010006, 010003, 010001, 010005, 010002, 010000, 010004]
2774	10	010006	010004	88	24.0	3.0	0,931	true	[010006, 010003, 010002, 010000, 010004]
2775	10	010006	010004	89	19.0	3.0	0,876	true	[010006, 010003, 010002, 010000, 010005, 010001, 010004]
2776	10	010006	010004	90	14.0	3.0	0,941	true	[010006, 010003, 010002, 010001, 010004]
2777	10	010006	010004	91	14.0	3.0	0,815	true	[010006, 010003, 010002, 010001, 010005, 010000, 010004]
2778	10	010006	010004	92	24.0	3.0	0,894	true	[010006, 010003, 010002, 010005, 010000, 010004]
2779	10	010006	010004	93	19.0	3.0	0,931	true	[010006, 010003, 010002, 010005, 010001, 010004]
2780	10	010006	010004	94	19.0	6.0	0,931	true	[010006, 010003, 010004]
2781	10	010006	010004	95	14.0	3.0	0,849	true	[010006, 010003, 010005, 010000, 010002, 010001, 010004]
2782	10	010006	010004	96	24.0	3.0	0,858	true	[010006, 010003, 010005, 010000, 010004]
2783	10	010006	010004	97	14.0	3.0	0,815	true	[010006, 010003, 010005, 010001, 010002, 010000, 010004]
2784	10	010006	010004	98	19.0	3.0	0,894	true	[010006, 010003, 010005, 010001, 010004]
2785	10	010006	010004	99	24.0	3.0	0,894	true	[010006, 010003, 010005, 010002, 010000, 010004]
2786	10	010006	010004	100	14.0	3.0	0,903	true	[010006, 010003, 010005, 010002, 010001, 010004]
2787	11	011002	011005	0	10.0	3.0	0,913	true	[011002, 011001, 011000, 011003, 011005]
2788	11	011002	011005	1	26.0	3.0	0,885	true	[011002, 011001, 011000, 011004, 011005]
2789	11	011002	011005	2	18.0	3.0	0,904	true	[011002, 011001, 011000, 011004, 011006, 011005]
2790	11	011002	011005	3	26.0	3.0	0,941	true	[011002, 011001, 011000, 011005]
2791	11	011002	011005	4	14.0	3.0	0,903	true	[011002, 011001, 011000, 011006, 011004, 011005]
2792	11	011002	011005	5	14.0	3.0	0,922	true	[011002, 011001, 011000, 011006, 011005]
2793	11	011002	011005	6	10.0	3.0	0,841	true	[011002, 011001, 011003, 011000, 011004, 011005]
2794	11	011002	011005	7	10.0	3.0	0,859	true	[011002, 011001, 011003, 011000, 011004, 011006, 011005]
2795	11	011002	011005	8	10.0	7.0	0,894	true	[011002, 011001, 011003, 011000, 011005]
2796	11	011002	011005	9	10.0	3.0	0,858	true	[011002, 011001, 011003, 011000, 011006, 011004, 011005]
2797	11	011002	011005	10	10.0	5.0	0,876	true	[011002, 011001, 011003, 011000, 011006, 011005]
2798	11	011002	011005	11	29.0	7.0	0,941	true	[011002, 011001, 011003, 011005]
2799	11	011002	011005	12	10.0	7.0	0,903	true	[011002, 011001, 011004, 011000, 011003, 011005]
2800	11	011002	011005	13	27.0	7.0	0,932	true	[011002, 011001, 011004, 011000, 011005]
2801	11	011002	011005	14	14.0	5.0	0,913	true	[011002, 011001, 011004, 011000, 011006, 011005]
2802	11	011002	011005	15	29.0	3.0	0,931	true	[011002, 011001, 011004, 011005]
2803	11	011002	011005	16	10.0	3.0	0,922	true	[011002, 011001, 011004, 011006, 011000, 011003, 011005]
2804	11	011002	011005	17	14.0	3.0	0,951	true	[011002, 011001, 011004, 011006, 011000, 011005]
2805	11	011002	011005	18	18.0	3.0	0,951	true	[011002, 011001, 011004, 011006, 011005]
2806	11	011002	011005	19	29.0	5.0	0,931	true	[011002, 011001, 011005]
2807	11	011002	011005	20	10.0	3.0	0,850	true	[011002, 011003, 011000, 011001, 011004, 011005]
2808	11	011002	011005	21	10.0	3.0	0,867	true	[011002, 011003, 011000, 011001, 011004, 011006, 011005]
2809	11	011002	011005	22	10.0	3.0	0,849	true	[011002, 011003, 011000, 011001, 011005]
2810	11	011002	011005	23	10.0	5.0	0,841	true	[011002, 011003, 011000, 011004, 011001, 011005]
2811	11	011002	011005	24	10.0	3.0	0,858	true	[011002, 011003, 011000, 011004, 011005]
2812	11	011002	011005	25	10.0	3.0	0,876	true	[011002, 011003, 011000, 011004, 011006, 011005]
2813	11	011002	011005	26	10.0	7.0	0,912	true	[011002, 011003, 011000, 011005]
2814	11	011002	011005	27	10.0	3.0	0,858	true	[011002, 011003, 011000, 011006, 011004, 011001, 011005]
2815	11	011002	011005	28	10.0	3.0	0,876	true	[011002, 011003, 011000, 011006, 011004, 011005]
2816	11	011002	011005	29	10.0	5.0	0,894	true	[011002, 011003, 011000, 011006, 011005]
2817	11	011002	011005	30	17.0	3.0	0,832	true	[011002, 011003, 011001, 011000, 011004, 011005]
2818	11	011002	011005	31	17.0	3.0	0,850	true	[011002, 011003, 011001, 011000, 011004, 011006, 011005]
2819	11	011002	011005	32	17.0	3.0	0,885	true	[011002, 011003, 011001, 011000, 011005]
2820	11	011002	011005	33	14.0	3.0	0,850	true	[011002, 011003, 011001, 011000, 011006, 011004, 011005]
2821	11	011002	011005	34	14.0	3.0	0,867	true	[011002, 011003, 011001, 011000, 011006, 011005]
2822	11	011002	011005	35	17.0	7.0	0,876	true	[011002, 011003, 011001, 011004, 011000, 011005]
2823	11	011002	011005	36	14.0	5.0	0,859	true	[011002, 011003, 011001, 011004, 011000, 011006, 011005]
2824	11	011002	011005	37	17.0	3.0	0,876	true	[011002, 011003, 011001, 011004, 011005]
2825	11	011002	011005	38	14.0	3.0	0,894	true	[011002, 011003, 011001, 011004, 011006, 011000, 011005]
2826	11	011002	011005	39	17.0	3.0	0,894	true	[011002, 011003, 011001, 011004, 011006, 011005]
2827	11	011002	011005	40	17.0	5.0	0,876	true	[011002, 011003, 011001, 011005]
2828	11	011002	011005	41	17.0	7.0	0,960	true	[011002, 011003, 011005]
2829	11	011002	011005	42	26.0	3.0	0,867	true	[011002, 011004, 011000, 011001, 011003, 011005]
2830	11	011002	011005	43	26.0	3.0	0,858	true	[011002, 011004, 011000, 011001, 011005]
2831	11	011002	011005	44	10.0	5.0	0,815	true	[011002, 011004, 011000, 011003, 011001, 011005]
2832	11	011002	011005	45	10.0	6.0	0,894	true	[011002, 011004, 011000, 011003, 011005]
2833	11	011002	011005	46	27.0	6.0	0,922	true	[011002, 011004, 011000, 011005]
2834	11	011002	011005	47	14.0	5.0	0,903	true	[011002, 011004, 011000, 011006, 011005]
2835	11	011002	011005	48	10.0	3.0	0,885	true	[011002, 011004, 011001, 011000, 011003, 011005]
2836	11	011002	011005	49	26.0	3.0	0,913	true	[011002, 011004, 011001, 011000, 011005]
2837	11	011002	011005	50	14.0	3.0	0,894	true	[011002, 011004, 011001, 011000, 011006, 011005]
2838	11	011002	011005	51	10.0	6.0	0,867	true	[011002, 011004, 011001, 011003, 011000, 011005]
2839	11	011002	011005	52	10.0	5.0	0,850	true	[011002, 011004, 011001, 011003, 011000, 011006, 011005]
2840	11	011002	011005	53	33.0	6.0	0,912	true	[011002, 011004, 011001, 011003, 011005]
2841	11	011002	011005	54	33.0	5.0	0,903	true	[011002, 011004, 011001, 011005]
2842	11	011002	011005	55	33.0	3.0	0,922	true	[011002, 011004, 011005]
2843	11	011002	011005	56	14.0	3.0	0,885	true	[011002, 011004, 011006, 011000, 011001, 011003, 011005]
2844	11	011002	011005	57	14.0	3.0	0,876	true	[011002, 011004, 011006, 011000, 011001, 011005]
2845	11	011002	011005	58	10.0	3.0	0,832	true	[011002, 011004, 011006, 011000, 011003, 011001, 011005]
2846	11	011002	011005	59	10.0	3.0	0,912	true	[011002, 011004, 011006, 011000, 011003, 011005]
2847	11	011002	011005	60	14.0	3.0	0,941	true	[011002, 011004, 011006, 011000, 011005]
2848	11	011002	011005	61	18.0	3.0	0,941	true	[011002, 011004, 011006, 011005]
2849	11	011002	011000	62	26.0	3.0	0,951	true	[011002, 011001, 011000]
2850	11	011002	011000	63	10.0	9.0	0,903	true	[011002, 011001, 011003, 011000]
2851	11	011002	011000	64	27.0	7.0	0,931	true	[011002, 011001, 011003, 011005, 011000]
2852	11	011002	011000	65	29.0	3.0	0,876	true	[011002, 011001, 011003, 011005, 011004, 011000]
2853	11	011002	011000	66	14.0	3.0	0,894	true	[011002, 011001, 011003, 011005, 011004, 011006, 011000]
2854	11	011002	011000	67	14.0	5.0	0,913	true	[011002, 011001, 011003, 011005, 011006, 011000]
2855	11	011002	011000	68	18.0	3.0	0,894	true	[011002, 011001, 011003, 011005, 011006, 011004, 011000]
2856	11	011002	011000	69	29.0	9.0	0,941	true	[011002, 011001, 011004, 011000]
2857	11	011002	011000	70	27.0	3.0	0,922	true	[011002, 011001, 011004, 011005, 011000]
2858	11	011002	011000	71	10.0	3.0	0,894	true	[011002, 011001, 011004, 011005, 011003, 011000]
2859	11	011002	011000	72	14.0	3.0	0,904	true	[011002, 011001, 011004, 011005, 011006, 011000]
2860	11	011002	011000	73	14.0	3.0	0,960	true	[011002, 011001, 011004, 011006, 011000]
2861	11	011002	011000	74	18.0	3.0	0,941	true	[011002, 011001, 011004, 011006, 011005, 011000]
2862	11	011002	011000	75	10.0	3.0	0,913	true	[011002, 011001, 011004, 011006, 011005, 011003, 011000]
2863	11	011002	011000	76	27.0	5.0	0,922	true	[011002, 011001, 011005, 011000]
2864	11	011002	011000	77	10.0	5.0	0,894	true	[011002, 011001, 011005, 011003, 011000]
2865	11	011002	011000	78	29.0	3.0	0,867	true	[011002, 011001, 011005, 011004, 011000]
2866	11	011002	011000	79	14.0	3.0	0,885	true	[011002, 011001, 011005, 011004, 011006, 011000]
2867	11	011002	011000	80	14.0	5.0	0,903	true	[011002, 011001, 011005, 011006, 011000]
2868	11	011002	011000	81	18.0	3.0	0,885	true	[011002, 011001, 011005, 011006, 011004, 011000]
2869	11	011002	011000	82	10.0	7.0	0,922	true	[011002, 011003, 011000]
2870	11	011002	011000	83	17.0	3.0	0,894	true	[011002, 011003, 011001, 011000]
2871	11	011002	011000	84	17.0	7.0	0,885	true	[011002, 011003, 011001, 011004, 011000]
2872	11	011002	011000	85	17.0	3.0	0,867	true	[011002, 011003, 011001, 011004, 011005, 011000]
2873	11	011002	011000	86	14.0	3.0	0,850	true	[011002, 011003, 011001, 011004, 011005, 011006, 011000]
2874	11	011002	011000	87	14.0	3.0	0,903	true	[011002, 011003, 011001, 011004, 011006, 011000]
2875	11	011002	011000	88	17.0	3.0	0,885	true	[011002, 011003, 011001, 011004, 011006, 011005, 011000]
2876	11	011002	011000	89	17.0	5.0	0,867	true	[011002, 011003, 011001, 011005, 011000]
2877	11	011002	011000	90	17.0	3.0	0,815	true	[011002, 011003, 011001, 011005, 011004, 011000]
2878	11	011002	011000	91	14.0	3.0	0,832	true	[011002, 011003, 011001, 011005, 011004, 011006, 011000]
2879	11	011002	011000	92	14.0	5.0	0,849	true	[011002, 011003, 011001, 011005, 011006, 011000]
2880	11	011002	011000	93	17.0	3.0	0,832	true	[011002, 011003, 011001, 011005, 011006, 011004, 011000]
2881	11	011002	011000	94	17.0	7.0	0,950	true	[011002, 011003, 011005, 011000]
2882	11	011002	011000	95	17.0	3.0	0,885	true	[011002, 011003, 011005, 011001, 011000]
2883	11	011002	011000	96	17.0	5.0	0,876	true	[011002, 011003, 011005, 011001, 011004, 011000]
2884	11	011002	011000	97	14.0	3.0	0,894	true	[011002, 011003, 011005, 011001, 011004, 011006, 011000]
2885	11	011002	011000	98	17.0	3.0	0,894	true	[011002, 011003, 011005, 011004, 011000]
2886	11	011002	011000	99	17.0	3.0	0,885	true	[011002, 011003, 011005, 011004, 011001, 011000]
2887	11	011002	011000	100	14.0	3.0	0,912	true	[011002, 011003, 011005, 011004, 011006, 011000]
2888	12	012000	012003	0	12.0	3.0	0,903	true	[012000, 012002, 012001, 012004, 012003]
2889	12	012000	012003	1	12.0	3.0	0,876	true	[012000, 012002, 012001, 012004, 012006, 012003]
2890	12	012000	012003	2	24.0	4.0	0,894	true	[012000, 012002, 012001, 012006, 012003]
2891	12	012000	012003	3	24.0	4.0	0,832	true	[012000, 012002, 012001, 012006, 012004, 012003]
2892	12	012000	012003	4	12.0	3.0	0,885	true	[012000, 012002, 012004, 012001, 012006, 012003]
2893	12	012000	012003	5	27.0	7.0	0,894	true	[012000, 012002, 012004, 012003]
2894	12	012000	012003	6	27.0	4.0	0,867	true	[012000, 012002, 012004, 012006, 012003]
2895	12	012000	012003	7	6.0	3.0	0,960	true	[012000, 012004, 012001, 012006, 012003]
2896	12	012000	012003	8	6.0	4.0	0,894	true	[012000, 012004, 012002, 012001, 012006, 012003]
2897	12	012000	012003	9	6.0	5.0	0,970	true	[012000, 012004, 012003]
2898	12	012000	012003	10	6.0	4.0	0,941	true	[012000, 012004, 012006, 012003]
2899	12	012000	012003	11	24.0	4.0	0,858	true	[012000, 012005, 012001, 012002, 012004, 012003]
2900	12	012000	012003	12	24.0	4.0	0,832	true	[012000, 012005, 012001, 012002, 012004, 012006, 012003]
2901	12	012000	012003	13	12.0	3.0	0,922	true	[012000, 012005, 012001, 012004, 012003]
2902	12	012000	012003	14	12.0	3.0	0,893	true	[012000, 012005, 012001, 012004, 012006, 012003]
2903	12	012000	012003	15	26.0	6.0	0,912	true	[012000, 012005, 012001, 012006, 012003]
2904	12	012000	012003	16	26.0	4.0	0,849	true	[012000, 012005, 012001, 012006, 012004, 012003]
2905	12	012000	012001	17	24.0	4.0	0,931	true	[012000, 012002, 012001]
2906	12	012000	012001	18	12.0	3.0	0,922	true	[012000, 012002, 012004, 012001]
2907	12	012000	012001	19	27.0	6.0	0,858	true	[012000, 012002, 012004, 012003, 012006, 012001]
2908	12	012000	012001	20	27.0	4.0	0,849	true	[012000, 012002, 012004, 012006, 012001]
2909	12	012000	012001	21	6.0	3.0	1,000	true	[012000, 012004, 012001]
2910	12	012000	012001	22	6.0	4.0	0,931	true	[012000, 012004, 012002, 012001]
2911	12	012000	012001	23	6.0	5.0	0,931	true	[012000, 012004, 012003, 012006, 012001]
2912	12	012000	012001	24	6.0	4.0	0,922	true	[012000, 012004, 012006, 012001]
2913	12	012000	012001	25	26.0	6.0	0,950	true	[012000, 012005, 012001]
2914	12	012000	012006	26	12.0	3.0	0,894	true	[012000, 012002, 012001, 012004, 012003, 012006]
2915	12	012000	012006	27	12.0	3.0	0,885	true	[012000, 012002, 012001, 012004, 012006]
2916	12	012000	012006	28	24.0	4.0	0,903	true	[012000, 012002, 012001, 012006]
2917	12	012000	012006	29	12.0	3.0	0,894	true	[012000, 012002, 012004, 012001, 012006]
2918	12	012000	012006	30	27.0	6.0	0,885	true	[012000, 012002, 012004, 012003, 012006]
2919	12	012000	012006	31	27.0	4.0	0,876	true	[012000, 012002, 012004, 012006]
2920	12	012000	012006	32	6.0	3.0	0,970	true	[012000, 012004, 012001, 012006]
2921	12	012000	012006	33	6.0	4.0	0,903	true	[012000, 012004, 012002, 012001, 012006]
2922	12	012000	012006	34	6.0	5.0	0,960	true	[012000, 012004, 012003, 012006]
2923	12	012000	012006	35	6.0	4.0	0,950	true	[012000, 012004, 012006]
2924	12	012000	012006	36	24.0	4.0	0,850	true	[012000, 012005, 012001, 012002, 012004, 012003, 012006]
2925	12	012000	012006	37	24.0	4.0	0,840	true	[012000, 012005, 012001, 012002, 012004, 012006]
2926	12	012000	012006	38	12.0	3.0	0,912	true	[012000, 012005, 012001, 012004, 012003, 012006]
2927	12	012000	012006	39	12.0	3.0	0,903	true	[012000, 012005, 012001, 012004, 012006]
2928	12	012000	012006	40	26.0	6.0	0,922	true	[012000, 012005, 012001, 012006]
2929	12	012003	012001	41	6.0	4.0	0,903	true	[012003, 012004, 012000, 012002, 012001]
2930	12	012003	012001	42	6.0	5.0	0,922	true	[012003, 012004, 012000, 012005, 012001]
2931	12	012003	012001	43	12.0	3.0	0,970	true	[012003, 012004, 012001]
2932	12	012003	012001	44	26.0	6.0	0,849	true	[012003, 012004, 012002, 012000, 012005, 012001]
2933	12	012003	012001	45	24.0	4.0	0,903	true	[012003, 012004, 012002, 012001]
2934	12	012003	012001	46	31.0	4.0	0,894	true	[012003, 012004, 012006, 012001]
2935	12	012003	012001	47	43.0	6.0	0,960	true	[012003, 012006, 012001]
2936	12	012003	012001	48	6.0	4.0	0,876	true	[012003, 012006, 012004, 012000, 012002, 012001]
2937	12	012003	012001	49	6.0	4.0	0,893	true	[012003, 012006, 012004, 012000, 012005, 012001]
2938	12	012003	012001	50	12.0	3.0	0,941	true	[012003, 012006, 012004, 012001]
2939	12	012003	012001	51	26.0	4.0	0,823	true	[012003, 012006, 012004, 012002, 012000, 012005, 012001]
2940	12	012003	012001	52	24.0	4.0	0,876	true	[012003, 012006, 012004, 012002, 012001]
2941	12	012003	012006	53	6.0	4.0	0,876	true	[012003, 012004, 012000, 012002, 012001, 012006]
2942	12	012003	012006	54	6.0	5.0	0,894	true	[012003, 012004, 012000, 012005, 012001, 012006]
2943	12	012003	012006	55	12.0	3.0	0,941	true	[012003, 012004, 012001, 012006]
2944	12	012003	012006	56	26.0	6.0	0,824	true	[012003, 012004, 012002, 012000, 012005, 012001, 012006]
2945	12	012003	012006	57	24.0	4.0	0,876	true	[012003, 012004, 012002, 012001, 012006]
2946	12	012003	012006	58	31.0	4.0	0,922	true	[012003, 012004, 012006]
2947	12	012003	012006	59	43.0	6.0	0,990	true	[012003, 012006]
2948	12	012001	012006	60	6.0	4.0	0,894	true	[012001, 012002, 012000, 012004, 012003, 012006]
2949	12	012001	012006	61	6.0	4.0	0,885	true	[012001, 012002, 012000, 012004, 012006]
2950	12	012001	012006	62	24.0	4.0	0,894	true	[012001, 012002, 012004, 012003, 012006]
2951	12	012001	012006	63	24.0	4.0	0,885	true	[012001, 012002, 012004, 012006]
2952	12	012001	012006	64	12.0	3.0	0,960	true	[012001, 012004, 012003, 012006]
2953	12	012001	012006	65	12.0	3.0	0,950	true	[012001, 012004, 012006]
2954	12	012001	012006	66	26.0	6.0	0,841	true	[012001, 012005, 012000, 012002, 012004, 012003, 012006]
2955	12	012001	012006	67	26.0	4.0	0,832	true	[012001, 012005, 012000, 012002, 012004, 012006]
2956	12	012001	012006	68	6.0	5.0	0,912	true	[012001, 012005, 012000, 012004, 012003, 012006]
2957	12	012001	012006	69	6.0	4.0	0,903	true	[012001, 012005, 012000, 012004, 012006]
2958	12	012001	012006	70	53.0	10.0	0,970	true	[012001, 012006]
2959	13	013000	013005	0	8.0	4.0	0,903	true	[013000, 013002, 013001, 013004, 013003, 013005]
2960	13	013000	013005	1	8.0	4.0	0,903	true	[013000, 013002, 013001, 013004, 013005]
2961	13	013000	013005	2	8.0	3.0	0,894	true	[013000, 013002, 013001, 013004, 013006, 013003, 013005]
2962	13	013000	013005	3	8.0	4.0	0,903	true	[013000, 013002, 013001, 013005]
2963	13	013000	013005	4	18.0	5.0	0,913	true	[013000, 013002, 013004, 013001, 013005]
2964	13	013000	013005	5	15.0	5.0	0,932	true	[013000, 013002, 013004, 013003, 013005]
2965	13	013000	013005	6	18.0	5.0	0,932	true	[013000, 013002, 013004, 013005]
2966	13	013000	013005	7	15.0	3.0	0,922	true	[013000, 013002, 013004, 013006, 013003, 013005]
2967	13	013000	013005	8	12.0	5.0	0,824	true	[013000, 013002, 013006, 013003, 013004, 013001, 013005]
2968	13	013000	013005	9	12.0	5.0	0,841	true	[013000, 013002, 013006, 013003, 013004, 013005]
2969	13	013000	013005	10	12.0	5.0	0,894	true	[013000, 013002, 013006, 013003, 013005]
2970	13	013000	013005	11	12.0	3.0	0,885	true	[013000, 013002, 013006, 013004, 013001, 013005]
2971	13	013000	013005	12	12.0	3.0	0,903	true	[013000, 013002, 013006, 013004, 013003, 013005]
2972	13	013000	013005	13	12.0	3.0	0,903	true	[013000, 013002, 013006, 013004, 013005]
2973	13	013000	013005	14	6.0	5.0	0,876	true	[013000, 013003, 013004, 013001, 013005]
2974	13	013000	013005	15	6.0	4.0	0,832	true	[013000, 013003, 013004, 013002, 013001, 013005]
2975	13	013000	013005	16	6.0	5.0	0,894	true	[013000, 013003, 013004, 013005]
2976	13	013000	013005	17	6.0	3.0	0,807	true	[013000, 013003, 013004, 013006, 013002, 013001, 013005]
2977	13	013000	013005	18	6.0	8.0	0,950	true	[013000, 013003, 013005]
2978	13	013000	013005	19	6.0	4.0	0,799	true	[013000, 013003, 013006, 013002, 013001, 013004, 013005]
2979	13	013000	013005	20	6.0	4.0	0,798	true	[013000, 013003, 013006, 013002, 013001, 013005]
2980	13	013000	013005	21	6.0	5.0	0,807	true	[013000, 013003, 013006, 013002, 013004, 013001, 013005]
2981	13	013000	013005	22	6.0	6.0	0,824	true	[013000, 013003, 013006, 013002, 013004, 013005]
2982	13	013000	013005	23	6.0	3.0	0,867	true	[013000, 013003, 013006, 013004, 013001, 013005]
2983	13	013000	013005	24	6.0	3.0	0,824	true	[013000, 013003, 013006, 013004, 013002, 013001, 013005]
2984	13	013000	013005	25	6.0	3.0	0,885	true	[013000, 013003, 013006, 013004, 013005]
2985	13	013000	013005	26	8.0	4.0	0,841	true	[013000, 013004, 013001, 013002, 013006, 013003, 013005]
2986	13	013000	013005	27	23.0	5.0	0,922	true	[013000, 013004, 013001, 013005]
2987	13	013000	013005	28	8.0	4.0	0,876	true	[013000, 013004, 013002, 013001, 013005]
2988	13	013000	013005	29	12.0	6.0	0,867	true	[013000, 013004, 013002, 013006, 013003, 013005]
2989	13	013000	013005	30	15.0	5.0	0,941	true	[013000, 013004, 013003, 013005]
2990	13	013000	013005	31	8.0	4.0	0,791	true	[013000, 013004, 013003, 013006, 013002, 013001, 013005]
2991	13	013000	013005	32	30.0	6.0	0,941	true	[013000, 013004, 013005]
2992	13	013000	013005	33	8.0	3.0	0,849	true	[013000, 013004, 013006, 013002, 013001, 013005]
2993	13	013000	013005	34	15.0	3.0	0,931	true	[013000, 013004, 013006, 013003, 013005]
2994	13	013000	013005	35	8.0	4.0	0,867	true	[013000, 013006, 013002, 013001, 013004, 013003, 013005]
2995	13	013000	013005	36	8.0	4.0	0,867	true	[013000, 013006, 013002, 013001, 013004, 013005]
2996	13	013000	013005	37	8.0	4.0	0,867	true	[013000, 013006, 013002, 013001, 013005]
2997	13	013000	013005	38	12.0	4.0	0,876	true	[013000, 013006, 013002, 013004, 013001, 013005]
2998	13	013000	013005	39	12.0	4.0	0,894	true	[013000, 013006, 013002, 013004, 013003, 013005]
2999	13	013000	013005	40	12.0	4.0	0,894	true	[013000, 013006, 013002, 013004, 013005]
3000	13	013000	013005	41	14.0	4.0	0,876	true	[013000, 013006, 013003, 013004, 013001, 013005]
3001	13	013000	013005	42	8.0	4.0	0,833	true	[013000, 013006, 013003, 013004, 013002, 013001, 013005]
3002	13	013000	013005	43	14.0	4.0	0,894	true	[013000, 013006, 013003, 013004, 013005]
3003	13	013000	013005	44	14.0	4.0	0,950	true	[013000, 013006, 013003, 013005]
3004	13	013000	013005	45	14.0	3.0	0,941	true	[013000, 013006, 013004, 013001, 013005]
3005	13	013000	013005	46	8.0	3.0	0,894	true	[013000, 013006, 013004, 013002, 013001, 013005]
3006	13	013000	013005	47	14.0	3.0	0,960	true	[013000, 013006, 013004, 013003, 013005]
3007	13	013000	013005	48	14.0	3.0	0,960	true	[013000, 013006, 013004, 013005]
3008	14	014000	014003	0	46.0	8.0	0,960	true	[014000, 014003]
3009	14	014000	014003	1	11.0	5.0	0,913	true	[014000, 014004, 014001, 014002, 014003]
3010	14	014000	014003	2	11.0	6.0	0,913	true	[014000, 014004, 014001, 014002, 014005, 014003]
3011	14	014000	014003	3	23.0	6.0	0,904	true	[014000, 014004, 014001, 014002, 014005, 014006, 014003]
3012	14	014000	014003	4	27.0	6.0	0,922	true	[014000, 014004, 014001, 014002, 014006, 014003]
3013	14	014000	014003	5	11.0	6.0	0,877	true	[014000, 014004, 014001, 014002, 014006, 014005, 014003]
3014	14	014000	014003	6	27.0	6.0	0,970	true	[014000, 014004, 014001, 014003]
3015	14	014000	014003	7	11.0	5.0	0,867	true	[014000, 014004, 014001, 014005, 014002, 014003]
3016	14	014000	014003	8	20.0	6.0	0,876	true	[014000, 014004, 014001, 014005, 014002, 014006, 014003]
3017	14	014000	014003	9	11.0	6.0	0,903	true	[014000, 014004, 014001, 014005, 014003]
3018	14	014000	014003	10	11.0	5.0	0,832	true	[014000, 014004, 014001, 014005, 014006, 014002, 014003]
3019	14	014000	014003	11	20.0	6.0	0,894	true	[014000, 014004, 014001, 014005, 014006, 014003]
3020	14	014000	014003	12	11.0	5.0	0,903	true	[014000, 014004, 014001, 014006, 014002, 014003]
3021	14	014000	014003	13	11.0	6.0	0,904	true	[014000, 014004, 014001, 014006, 014002, 014005, 014003]
3022	14	014000	014003	14	17.0	6.0	0,970	true	[014000, 014004, 014001, 014006, 014003]
3023	14	014000	014003	15	11.0	5.0	0,885	true	[014000, 014004, 014001, 014006, 014005, 014002, 014003]
3024	14	014000	014003	16	11.0	6.0	0,922	true	[014000, 014004, 014001, 014006, 014005, 014003]
3025	14	014000	014003	17	18.0	3.0	0,931	true	[014000, 014004, 014002, 014001, 014003]
3026	14	014000	014003	18	11.0	3.0	0,867	true	[014000, 014004, 014002, 014001, 014005, 014003]
3027	14	014000	014003	19	18.0	3.0	0,858	true	[014000, 014004, 014002, 014001, 014005, 014006, 014003]
3028	14	014000	014003	20	17.0	3.0	0,931	true	[014000, 014004, 014002, 014001, 014006, 014003]
3029	14	014000	014003	21	11.0	3.0	0,885	true	[014000, 014004, 014002, 014001, 014006, 014005, 014003]
3030	14	014000	014003	22	11.0	3.0	0,912	true	[014000, 014004, 014002, 014003]
3031	14	014000	014003	23	18.0	3.0	0,884	true	[014000, 014004, 014002, 014005, 014001, 014003]
3032	14	014000	014003	24	17.0	3.0	0,884	true	[014000, 014004, 014002, 014005, 014001, 014006, 014003]
3033	14	014000	014003	25	11.0	3.0	0,912	true	[014000, 014004, 014002, 014005, 014003]
3034	14	014000	014003	26	17.0	3.0	0,903	true	[014000, 014004, 014002, 014005, 014006, 014001, 014003]
3035	14	014000	014003	27	18.0	3.0	0,903	true	[014000, 014004, 014002, 014005, 014006, 014003]
3036	14	014000	014003	28	17.0	3.0	0,922	true	[014000, 014004, 014002, 014006, 014001, 014003]
3037	14	014000	014003	29	11.0	3.0	0,858	true	[014000, 014004, 014002, 014006, 014001, 014005, 014003]
3038	14	014000	014003	30	18.0	3.0	0,922	true	[014000, 014004, 014002, 014006, 014003]
3039	14	014000	014003	31	18.0	3.0	0,849	true	[014000, 014004, 014002, 014006, 014005, 014001, 014003]
3040	14	014000	014003	32	11.0	3.0	0,876	true	[014000, 014004, 014002, 014006, 014005, 014003]
3041	14	014000	014003	33	37.0	6.0	0,970	true	[014000, 014004, 014003]
3042	14	014000	014003	34	11.0	3.0	0,913	true	[014000, 014004, 014006, 014001, 014002, 014003]
3043	14	014000	014003	35	11.0	3.0	0,913	true	[014000, 014004, 014006, 014001, 014002, 014005, 014003]
3044	14	014000	014003	36	17.0	3.0	0,970	true	[014000, 014004, 014006, 014001, 014003]
3045	14	014000	014003	37	11.0	3.0	0,867	true	[014000, 014004, 014006, 014001, 014005, 014002, 014003]
3046	14	014000	014003	38	11.0	3.0	0,903	true	[014000, 014004, 014006, 014001, 014005, 014003]
3047	14	014000	014003	39	27.0	3.0	0,922	true	[014000, 014004, 014006, 014002, 014001, 014003]
3048	14	014000	014003	40	11.0	3.0	0,858	true	[014000, 014004, 014006, 014002, 014001, 014005, 014003]
3049	14	014000	014003	41	11.0	3.0	0,903	true	[014000, 014004, 014006, 014002, 014003]
3050	14	014000	014003	42	20.0	3.0	0,876	true	[014000, 014004, 014006, 014002, 014005, 014001, 014003]
3051	14	014000	014003	43	11.0	3.0	0,904	true	[014000, 014004, 014006, 014002, 014005, 014003]
3052	14	014000	014003	44	27.0	3.0	0,970	true	[014000, 014004, 014006, 014003]
3053	14	014000	014003	45	11.0	3.0	0,841	true	[014000, 014004, 014006, 014005, 014001, 014002, 014003]
3054	14	014000	014003	46	20.0	3.0	0,894	true	[014000, 014004, 014006, 014005, 014001, 014003]
3055	14	014000	014003	47	23.0	3.0	0,904	true	[014000, 014004, 014006, 014005, 014002, 014001, 014003]
3056	14	014000	014003	48	11.0	3.0	0,885	true	[014000, 014004, 014006, 014005, 014002, 014003]
3057	14	014000	014003	49	11.0	3.0	0,922	true	[014000, 014004, 014006, 014005, 014003]
3058	14	014000	014003	50	11.0	5.0	0,849	true	[014000, 014005, 014001, 014002, 014003]
3059	14	014000	014003	51	18.0	3.0	0,815	true	[014000, 014005, 014001, 014002, 014004, 014003]
3060	14	014000	014003	52	18.0	3.0	0,815	true	[014000, 014005, 014001, 014002, 014004, 014006, 014003]
3061	14	014000	014003	53	20.0	7.0	0,858	true	[014000, 014005, 014001, 014002, 014006, 014003]
3062	14	014000	014003	54	20.0	3.0	0,807	true	[014000, 014005, 014001, 014002, 014006, 014004, 014003]
3063	14	014000	014003	55	20.0	7.0	0,903	true	[014000, 014005, 014001, 014003]
3064	14	014000	014003	56	11.0	3.0	0,798	true	[014000, 014005, 014001, 014004, 014002, 014003]
3065	14	014000	014003	57	18.0	3.0	0,807	true	[014000, 014005, 014001, 014004, 014002, 014006, 014003]
3066	14	014000	014003	58	20.0	6.0	0,849	true	[014000, 014005, 014001, 014004, 014003]
3067	14	014000	014003	59	11.0	3.0	0,791	true	[014000, 014005, 014001, 014004, 014006, 014002, 014003]
3068	14	014000	014003	60	20.0	3.0	0,849	true	[014000, 014005, 014001, 014004, 014006, 014003]
3069	14	014000	014003	61	11.0	5.0	0,840	true	[014000, 014005, 014001, 014006, 014002, 014003]
3070	14	014000	014003	62	17.0	3.0	0,807	true	[014000, 014005, 014001, 014006, 014002, 014004, 014003]
3071	14	014000	014003	63	17.0	7.0	0,903	true	[014000, 014005, 014001, 014006, 014003]
3072	14	014000	014003	64	11.0	3.0	0,798	true	[014000, 014005, 014001, 014006, 014004, 014002, 014003]
3073	14	014000	014003	65	17.0	3.0	0,849	true	[014000, 014005, 014001, 014006, 014004, 014003]
3074	14	014000	014003	66	21.0	7.0	0,912	true	[014000, 014005, 014002, 014001, 014003]
3075	14	014000	014003	67	21.0	6.0	0,858	true	[014000, 014005, 014002, 014001, 014004, 014003]
3076	14	014000	014003	68	21.0	3.0	0,858	true	[014000, 014005, 014002, 014001, 014004, 014006, 014003]
3077	14	014000	014003	69	17.0	7.0	0,912	true	[014000, 014005, 014002, 014001, 014006, 014003]
3078	14	014000	014003	70	17.0	3.0	0,858	true	[014000, 014005, 014002, 014001, 014006, 014004, 014003]
3079	14	014000	014003	71	11.0	5.0	0,894	true	[014000, 014005, 014002, 014003]
3080	14	014000	014003	72	18.0	3.0	0,858	true	[014000, 014005, 014002, 014004, 014001, 014003]
3081	14	014000	014003	73	17.0	3.0	0,858	true	[014000, 014005, 014002, 014004, 014001, 014006, 014003]
3082	14	014000	014003	74	18.0	3.0	0,858	true	[014000, 014005, 014002, 014004, 014003]
3083	14	014000	014003	75	17.0	3.0	0,858	true	[014000, 014005, 014002, 014004, 014006, 014001, 014003]
3084	14	014000	014003	76	18.0	3.0	0,858	true	[014000, 014005, 014002, 014004, 014006, 014003]
3085	14	014000	014003	77	17.0	7.0	0,903	true	[014000, 014005, 014002, 014006, 014001, 014003]
3086	14	014000	014003	78	17.0	6.0	0,850	true	[014000, 014005, 014002, 014006, 014001, 014004, 014003]
3087	14	014000	014003	79	21.0	7.0	0,903	true	[014000, 014005, 014002, 014006, 014003]
3088	14	014000	014003	80	21.0	3.0	0,850	true	[014000, 014005, 014002, 014006, 014004, 014001, 014003]
3089	14	014000	014003	81	21.0	3.0	0,850	true	[014000, 014005, 014002, 014006, 014004, 014003]
3090	14	014000	014003	82	11.0	6.0	0,931	true	[014000, 014005, 014003]
3091	14	014000	014003	83	11.0	5.0	0,867	true	[014000, 014005, 014006, 014001, 014002, 014003]
3092	14	014000	014003	84	17.0	3.0	0,832	true	[014000, 014005, 014006, 014001, 014002, 014004, 014003]
3093	14	014000	014003	85	17.0	7.0	0,922	true	[014000, 014005, 014006, 014001, 014003]
3094	14	014000	014003	86	11.0	3.0	0,815	true	[014000, 014005, 014006, 014001, 014004, 014002, 014003]
3095	14	014000	014003	87	17.0	6.0	0,867	true	[014000, 014005, 014006, 014001, 014004, 014003]
3096	14	014000	014003	88	21.0	7.0	0,876	true	[014000, 014005, 014006, 014002, 014001, 014003]
3097	14	014000	014003	89	21.0	6.0	0,824	true	[014000, 014005, 014006, 014002, 014001, 014004, 014003]
3098	14	014000	014003	90	11.0	5.0	0,858	true	[014000, 014005, 014006, 014002, 014003]
3099	14	014000	014003	91	18.0	3.0	0,824	true	[014000, 014005, 014006, 014002, 014004, 014001, 014003]
3100	14	014000	014003	92	18.0	3.0	0,824	true	[014000, 014005, 014006, 014002, 014004, 014003]
3101	14	014000	014003	93	21.0	7.0	0,922	true	[014000, 014005, 014006, 014003]
3102	14	014000	014003	94	11.0	3.0	0,816	true	[014000, 014005, 014006, 014004, 014001, 014002, 014003]
3103	14	014000	014003	95	21.0	3.0	0,867	true	[014000, 014005, 014006, 014004, 014001, 014003]
3104	14	014000	014003	96	18.0	3.0	0,832	true	[014000, 014005, 014006, 014004, 014002, 014001, 014003]
3105	14	014000	014003	97	11.0	3.0	0,815	true	[014000, 014005, 014006, 014004, 014002, 014003]
3106	14	014000	014003	98	21.0	3.0	0,867	true	[014000, 014005, 014006, 014004, 014003]
3107	14	014000	014003	99	11.0	3.0	0,913	true	[014000, 014006, 014001, 014002, 014003]
3108	14	014000	014003	100	17.0	3.0	0,876	true	[014000, 014006, 014001, 014002, 014004, 014003]
3109	14	014000	014003	101	17.0	3.0	0,970	true	[014000, 014006, 014001, 014003]
3110	14	014000	014003	102	32.0	3.0	0,970	true	[014000, 014006, 014003]
3111	15	015005	015003	0	38.0	3.0	0,931	true	[015005, 015002, 015001, 015000, 015003]
3112	15	015005	015003	1	38.0	3.0	0,876	true	[015005, 015002, 015001, 015000, 015006, 015003]
3113	15	015005	015003	2	24.0	5.0	0,912	true	[015005, 015002, 015001, 015003]
3114	15	015005	015003	3	26.0	4.0	0,885	true	[015005, 015002, 015001, 015004, 015000, 015003]
3115	15	015005	015003	4	26.0	4.0	0,833	true	[015005, 015002, 015001, 015004, 015000, 015006, 015003]
3116	15	015005	015003	5	29.0	5.0	0,876	true	[015005, 015002, 015001, 015006, 015000, 015003]
3117	15	015005	015003	6	29.0	4.0	0,858	true	[015005, 015002, 015001, 015006, 015003]
3118	15	015005	015003	7	13.0	5.0	0,941	true	[015005, 015002, 015003]
3119	15	015005	015003	8	22.0	3.0	0,895	true	[015005, 015002, 015004, 015000, 015001, 015003]
3120	15	015005	015003	9	22.0	3.0	0,841	true	[015005, 015002, 015004, 015000, 015001, 015006, 015003]
3121	15	015005	015003	10	22.0	4.0	0,931	true	[015005, 015002, 015004, 015000, 015003]
3122	15	015005	015003	11	22.0	4.0	0,841	true	[015005, 015002, 015004, 015000, 015006, 015001, 015003]
3123	15	015005	015003	12	22.0	4.0	0,876	true	[015005, 015002, 015004, 015000, 015006, 015003]
3124	15	015005	015003	13	22.0	3.0	0,922	true	[015005, 015002, 015004, 015001, 015000, 015003]
3125	15	015005	015003	14	22.0	3.0	0,868	true	[015005, 015002, 015004, 015001, 015000, 015006, 015003]
3126	15	015005	015003	15	22.0	4.0	0,904	true	[015005, 015002, 015004, 015001, 015003]
3127	15	015005	015003	16	22.0	4.0	0,867	true	[015005, 015002, 015004, 015001, 015006, 015000, 015003]
3128	15	015005	015003	17	22.0	4.0	0,850	true	[015005, 015002, 015004, 015001, 015006, 015003]
3129	15	015005	015003	18	19.0	3.0	0,904	true	[015005, 015002, 015006, 015000, 015001, 015003]
3130	15	015005	015003	19	19.0	5.0	0,941	true	[015005, 015002, 015006, 015000, 015003]
3131	15	015005	015003	20	19.0	4.0	0,859	true	[015005, 015002, 015006, 015000, 015004, 015001, 015003]
3132	15	015005	015003	21	19.0	3.0	0,903	true	[015005, 015002, 015006, 015001, 015000, 015003]
3133	15	015005	015003	22	19.0	5.0	0,885	true	[015005, 015002, 015006, 015001, 015003]
3134	15	015005	015003	23	19.0	4.0	0,858	true	[015005, 015002, 015006, 015001, 015004, 015000, 015003]
3135	15	015005	015003	24	19.0	4.0	0,922	true	[015005, 015002, 015006, 015003]
3136	15	015005	015003	25	8.0	8.0	0,970	true	[015005, 015003]
3137	15	015005	015003	26	13.0	3.0	0,867	true	[015005, 015004, 015000, 015001, 015002, 015003]
3138	15	015005	015003	27	19.0	3.0	0,850	true	[015005, 015004, 015000, 015001, 015002, 015006, 015003]
3139	15	015005	015003	28	24.0	3.0	0,931	true	[015005, 015004, 015000, 015001, 015003]
3140	15	015005	015003	29	13.0	3.0	0,841	true	[015005, 015004, 015000, 015001, 015006, 015002, 015003]
3141	15	015005	015003	30	29.0	3.0	0,876	true	[015005, 015004, 015000, 015001, 015006, 015003]
3142	15	015005	015003	31	43.0	4.0	0,970	true	[015005, 015004, 015000, 015003]
3143	15	015005	015003	32	13.0	4.0	0,815	true	[015005, 015004, 015000, 015006, 015001, 015002, 015003]
3144	15	015005	015003	33	24.0	4.0	0,876	true	[015005, 015004, 015000, 015006, 015001, 015003]
3145	15	015005	015003	34	19.0	4.0	0,850	true	[015005, 015004, 015000, 015006, 015002, 015001, 015003]
3146	15	015005	015003	35	13.0	4.0	0,876	true	[015005, 015004, 015000, 015006, 015002, 015003]
3147	15	015005	015003	36	39.0	4.0	0,913	true	[015005, 015004, 015000, 015006, 015003]
3148	15	015005	015003	37	26.0	3.0	0,960	true	[015005, 015004, 015001, 015000, 015003]
3149	15	015005	015003	38	13.0	3.0	0,867	true	[015005, 015004, 015001, 015000, 015006, 015002, 015003]
3150	15	015005	015003	39	26.0	3.0	0,903	true	[015005, 015004, 015001, 015000, 015006, 015003]
3151	15	015005	015003	40	13.0	5.0	0,875	true	[015005, 015004, 015001, 015002, 015003]
3152	15	015005	015003	41	19.0	5.0	0,876	true	[015005, 015004, 015001, 015002, 015006, 015000, 015003]
3153	15	015005	015003	42	19.0	4.0	0,858	true	[015005, 015004, 015001, 015002, 015006, 015003]
3154	15	015005	015003	43	24.0	5.0	0,941	true	[015005, 015004, 015001, 015003]
3155	15	015005	015003	44	26.0	5.0	0,903	true	[015005, 015004, 015001, 015006, 015000, 015003]
3156	15	015005	015003	45	13.0	5.0	0,849	true	[015005, 015004, 015001, 015006, 015002, 015003]
3157	15	015005	015003	46	26.0	4.0	0,885	true	[015005, 015004, 015001, 015006, 015003]
3158	15	015005	015003	47	22.0	3.0	0,912	true	[015005, 015004, 015002, 015001, 015000, 015003]
3159	15	015005	015003	48	22.0	3.0	0,858	true	[015005, 015004, 015002, 015001, 015000, 015006, 015003]
3160	15	015005	015003	49	22.0	4.0	0,894	true	[015005, 015004, 015002, 015001, 015003]
3161	15	015005	015003	50	22.0	4.0	0,858	true	[015005, 015004, 015002, 015001, 015006, 015000, 015003]
3162	15	015005	015003	51	22.0	4.0	0,840	true	[015005, 015004, 015002, 015001, 015006, 015003]
3163	15	015005	015003	52	13.0	4.0	0,922	true	[015005, 015004, 015002, 015003]
3164	15	015005	015003	53	19.0	3.0	0,885	true	[015005, 015004, 015002, 015006, 015000, 015001, 015003]
3165	15	015005	015003	54	19.0	4.0	0,922	true	[015005, 015004, 015002, 015006, 015000, 015003]
3166	15	015005	015003	55	19.0	3.0	0,885	true	[015005, 015004, 015002, 015006, 015001, 015000, 015003]
3167	15	015005	015003	56	19.0	4.0	0,867	true	[015005, 015004, 015002, 015006, 015001, 015003]
3168	15	015005	015003	57	19.0	4.0	0,903	true	[015005, 015004, 015002, 015006, 015003]
3169	15	015005	015003	58	13.0	3.0	0,858	true	[015005, 015006, 015000, 015001, 015002, 015003]
3170	15	015005	015003	59	18.0	3.0	0,922	true	[015005, 015006, 015000, 015001, 015003]
3171	15	015005	015003	60	13.0	3.0	0,850	true	[015005, 015006, 015000, 015001, 015004, 015002, 015003]
3172	15	015005	015003	61	18.0	9.0	0,960	true	[015005, 015006, 015000, 015003]
3173	15	015005	015003	62	13.0	4.0	0,816	true	[015005, 015006, 015000, 015004, 015001, 015002, 015003]
3174	15	015005	015003	63	18.0	4.0	0,877	true	[015005, 015006, 015000, 015004, 015001, 015003]
3175	15	015005	015003	64	18.0	4.0	0,833	true	[015005, 015006, 015000, 015004, 015002, 015001, 015003]
3176	15	015005	015003	65	13.0	4.0	0,858	true	[015005, 015006, 015000, 015004, 015002, 015003]
3177	15	015005	015003	66	18.0	3.0	0,922	true	[015005, 015006, 015001, 015000, 015003]
3178	15	015005	015003	67	13.0	3.0	0,824	true	[015005, 015006, 015001, 015000, 015004, 015002, 015003]
3179	15	015005	015003	68	13.0	5.0	0,840	true	[015005, 015006, 015001, 015002, 015003]
3180	15	015005	015003	69	18.0	4.0	0,832	true	[015005, 015006, 015001, 015002, 015004, 015000, 015003]
3181	15	015005	015003	70	18.0	5.0	0,903	true	[015005, 015006, 015001, 015003]
3182	15	015005	015003	71	18.0	4.0	0,876	true	[015005, 015006, 015001, 015004, 015000, 015003]
3183	15	015005	015003	72	13.0	4.0	0,832	true	[015005, 015006, 015001, 015004, 015002, 015003]
3184	15	015005	015003	73	18.0	3.0	0,894	true	[015005, 015006, 015002, 015001, 015000, 015003]
3185	15	015005	015003	74	18.0	5.0	0,876	true	[015005, 015006, 015002, 015001, 015003]
3186	15	015005	015003	75	18.0	4.0	0,850	true	[015005, 015006, 015002, 015001, 015004, 015000, 015003]
3187	15	015005	015003	76	13.0	5.0	0,903	true	[015005, 015006, 015002, 015003]
3188	15	015005	015003	77	18.0	3.0	0,859	true	[015005, 015006, 015002, 015004, 015000, 015001, 015003]
3189	15	015005	015003	78	18.0	4.0	0,894	true	[015005, 015006, 015002, 015004, 015000, 015003]
3190	15	015005	015003	79	18.0	3.0	0,885	true	[015005, 015006, 015002, 015004, 015001, 015000, 015003]
3191	15	015005	015003	80	18.0	4.0	0,868	true	[015005, 015006, 015002, 015004, 015001, 015003]
3192	15	015005	015003	81	18.0	4.0	0,941	true	[015005, 015006, 015003]
3193	15	015005	015001	82	38.0	5.0	0,941	true	[015005, 015002, 015001]
3194	15	015005	015001	83	13.0	3.0	0,931	true	[015005, 015002, 015003, 015000, 015001]
3195	15	015005	015001	84	13.0	4.0	0,885	true	[015005, 015002, 015003, 015000, 015004, 015001]
3196	15	015005	015001	85	13.0	5.0	0,876	true	[015005, 015002, 015003, 015000, 015006, 015001]
3197	15	015005	015001	86	13.0	5.0	0,912	true	[015005, 015002, 015003, 015001]
3198	15	015005	015001	87	13.0	3.0	0,876	true	[015005, 015002, 015003, 015006, 015000, 015001]
3199	15	015005	015001	88	13.0	4.0	0,833	true	[015005, 015002, 015003, 015006, 015000, 015004, 015001]
3200	15	015005	015001	89	13.0	4.0	0,858	true	[015005, 015002, 015003, 015006, 015001]
3201	15	015005	015001	90	22.0	3.0	0,922	true	[015005, 015002, 015004, 015000, 015001]
3202	15	015005	015001	91	22.0	4.0	0,904	true	[015005, 015002, 015004, 015000, 015003, 015001]
3203	15	015005	015001	92	22.0	4.0	0,850	true	[015005, 015002, 015004, 015000, 015003, 015006, 015001]
3204	15	015005	015001	93	22.0	4.0	0,867	true	[015005, 015002, 015004, 015000, 015006, 015001]
3205	15	015005	015001	94	22.0	4.0	0,850	true	[015005, 015002, 015004, 015000, 015006, 015003, 015001]
3206	15	015005	015001	95	22.0	4.0	0,931	true	[015005, 015002, 015004, 015001]
3207	15	015005	015001	96	19.0	3.0	0,932	true	[015005, 015002, 015006, 015000, 015001]
3208	15	015005	015001	97	19.0	5.0	0,913	true	[015005, 015002, 015006, 015000, 015003, 015001]
3209	15	015005	015001	98	19.0	4.0	0,885	true	[015005, 015002, 015006, 015000, 015004, 015001]
3210	15	015005	015001	99	19.0	5.0	0,912	true	[015005, 015002, 015006, 015001]
3211	15	015005	015001	100	19.0	3.0	0,913	true	[015005, 015002, 015006, 015003, 015000, 015001]
3212	15	015005	015001	101	19.0	4.0	0,894	true	[015005, 015002, 015006, 015003, 015001]
3213	16	016003	016002	0	12.0	4.0	0,903	true	[016003, 016001, 016000, 016002]
3214	16	016003	016002	1	12.0	4.0	0,894	true	[016003, 016001, 016000, 016004, 016002]
3215	16	016003	016002	2	12.0	4.0	0,867	true	[016003, 016001, 016000, 016004, 016005, 016002]
3216	16	016003	016002	3	12.0	3.0	0,849	true	[016003, 016001, 016000, 016004, 016006, 016002]
3217	16	016003	016002	4	12.0	4.0	0,950	true	[016003, 016001, 016002]
3218	16	016003	016002	5	12.0	4.0	0,922	true	[016003, 016001, 016004, 016000, 016002]
3219	16	016003	016002	6	12.0	4.0	0,931	true	[016003, 016001, 016004, 016002]
3220	16	016003	016002	7	12.0	4.0	0,903	true	[016003, 016001, 016004, 016005, 016002]
3221	16	016003	016002	8	12.0	3.0	0,885	true	[016003, 016001, 016004, 016006, 016002]
3222	16	016003	016002	9	12.0	3.0	0,912	true	[016003, 016001, 016006, 016002]
3223	16	016003	016002	10	12.0	4.0	0,858	true	[016003, 016001, 016006, 016004, 016000, 016002]
3224	16	016003	016002	11	12.0	4.0	0,867	true	[016003, 016001, 016006, 016004, 016002]
3225	16	016003	016002	12	12.0	4.0	0,840	true	[016003, 016001, 016006, 016004, 016005, 016002]
3226	16	016003	016002	13	53.0	8.0	0,950	true	[016003, 016002]
3227	16	016003	016002	14	25.0	5.0	0,950	true	[016003, 016004, 016000, 016001, 016002]
3228	16	016003	016002	15	25.0	3.0	0,913	true	[016003, 016004, 016000, 016001, 016006, 016002]
3229	16	016003	016002	16	25.0	5.0	0,980	true	[016003, 016004, 016000, 016002]
3230	16	016003	016002	17	25.0	5.0	0,941	true	[016003, 016004, 016001, 016000, 016002]
3231	16	016003	016002	18	25.0	5.0	0,990	true	[016003, 016004, 016001, 016002]
3232	16	016003	016002	19	25.0	3.0	0,951	true	[016003, 016004, 016001, 016006, 016002]
3233	16	016003	016002	20	25.0	5.0	0,990	true	[016003, 016004, 016002]
3234	16	016003	016002	21	15.0	5.0	0,960	true	[016003, 016004, 016005, 016002]
3235	16	016003	016002	22	25.0	5.0	0,876	true	[016003, 016004, 016006, 016001, 016000, 016002]
3236	16	016003	016002	23	25.0	5.0	0,922	true	[016003, 016004, 016006, 016001, 016002]
3237	16	016003	016002	24	25.0	3.0	0,941	true	[016003, 016004, 016006, 016002]
3238	16	016003	016002	25	15.0	5.0	0,922	true	[016003, 016005, 016002]
3239	16	016003	016002	26	16.0	5.0	0,912	true	[016003, 016005, 016004, 016000, 016001, 016002]
3240	16	016003	016002	27	16.0	3.0	0,876	true	[016003, 016005, 016004, 016000, 016001, 016006, 016002]
3241	16	016003	016002	28	16.0	5.0	0,941	true	[016003, 016005, 016004, 016000, 016002]
3242	16	016003	016002	29	16.0	5.0	0,903	true	[016003, 016005, 016004, 016001, 016000, 016002]
3243	16	016003	016002	30	16.0	5.0	0,950	true	[016003, 016005, 016004, 016001, 016002]
3244	16	016003	016002	31	16.0	3.0	0,913	true	[016003, 016005, 016004, 016001, 016006, 016002]
3245	16	016003	016002	32	16.0	5.0	0,950	true	[016003, 016005, 016004, 016002]
3246	16	016003	016002	33	16.0	5.0	0,841	true	[016003, 016005, 016004, 016006, 016001, 016000, 016002]
3247	16	016003	016002	34	16.0	5.0	0,885	true	[016003, 016005, 016004, 016006, 016001, 016002]
3248	16	016003	016002	35	16.0	3.0	0,903	true	[016003, 016005, 016004, 016006, 016002]
3249	16	016003	016002	36	13.0	3.0	0,922	true	[016003, 016006, 016001, 016000, 016002]
3250	16	016003	016002	37	13.0	3.0	0,913	true	[016003, 016006, 016001, 016000, 016004, 016002]
3251	16	016003	016002	38	13.0	3.0	0,885	true	[016003, 016006, 016001, 016000, 016004, 016005, 016002]
3252	16	016003	016002	39	13.0	3.0	0,970	true	[016003, 016006, 016001, 016002]
3253	16	016003	016002	40	13.0	3.0	0,941	true	[016003, 016006, 016001, 016004, 016000, 016002]
3254	16	016003	016002	41	13.0	3.0	0,951	true	[016003, 016006, 016001, 016004, 016002]
3255	16	016003	016002	42	13.0	3.0	0,922	true	[016003, 016006, 016001, 016004, 016005, 016002]
3256	16	016003	016002	43	13.0	3.0	0,990	true	[016003, 016006, 016002]
3257	16	016003	016002	44	13.0	3.0	0,903	true	[016003, 016006, 016004, 016000, 016001, 016002]
3258	16	016003	016002	45	13.0	3.0	0,931	true	[016003, 016006, 016004, 016000, 016002]
3259	16	016003	016002	46	13.0	3.0	0,894	true	[016003, 016006, 016004, 016001, 016000, 016002]
3260	16	016003	016002	47	13.0	3.0	0,941	true	[016003, 016006, 016004, 016001, 016002]
3261	16	016003	016002	48	13.0	3.0	0,941	true	[016003, 016006, 016004, 016002]
3262	16	016003	016002	49	13.0	3.0	0,912	true	[016003, 016006, 016004, 016005, 016002]
3263	16	016003	016004	50	12.0	4.0	0,894	true	[016003, 016001, 016000, 016002, 016004]
3264	16	016003	016004	51	12.0	4.0	0,867	true	[016003, 016001, 016000, 016002, 016005, 016004]
3265	16	016003	016004	52	12.0	3.0	0,849	true	[016003, 016001, 016000, 016002, 016006, 016004]
3266	16	016003	016004	53	12.0	4.0	0,903	true	[016003, 016001, 016000, 016004]
3267	16	016003	016004	54	12.0	4.0	0,931	true	[016003, 016001, 016002, 016000, 016004]
3268	16	016003	016004	55	12.0	4.0	0,941	true	[016003, 016001, 016002, 016004]
3269	16	016003	016004	56	12.0	4.0	0,912	true	[016003, 016001, 016002, 016005, 016004]
3270	16	016003	016004	57	12.0	3.0	0,893	true	[016003, 016001, 016002, 016006, 016004]
3271	16	016003	016004	58	12.0	4.0	0,941	true	[016003, 016001, 016004]
3272	16	016003	016004	59	12.0	3.0	0,894	true	[016003, 016001, 016006, 016002, 016000, 016004]
3273	16	016003	016004	60	12.0	3.0	0,903	true	[016003, 016001, 016006, 016002, 016004]
3274	16	016003	016004	61	12.0	3.0	0,876	true	[016003, 016001, 016006, 016002, 016005, 016004]
3275	16	016003	016004	62	12.0	4.0	0,875	true	[016003, 016001, 016006, 016004]
3276	16	016003	016004	63	41.0	8.0	0,894	true	[016003, 016002, 016000, 016001, 016004]
3277	16	016003	016004	64	30.0	7.0	0,832	true	[016003, 016002, 016000, 016001, 016006, 016004]
3278	16	016003	016004	65	26.0	8.0	0,931	true	[016003, 016002, 016000, 016004]
3279	16	016003	016004	66	26.0	6.0	0,903	true	[016003, 016002, 016001, 016000, 016004]
3280	16	016003	016004	67	41.0	6.0	0,941	true	[016003, 016002, 016001, 016004]
3281	16	016003	016004	68	30.0	6.0	0,875	true	[016003, 016002, 016001, 016006, 016004]
3282	16	016003	016004	69	38.0	8.0	0,941	true	[016003, 016002, 016004]
3283	16	016003	016004	70	15.0	8.0	0,912	true	[016003, 016002, 016005, 016004]
3284	16	016003	016004	71	26.0	3.0	0,867	true	[016003, 016002, 016006, 016001, 016000, 016004]
3285	16	016003	016004	72	40.0	3.0	0,903	true	[016003, 016002, 016006, 016001, 016004]
3286	16	016003	016004	73	30.0	3.0	0,893	true	[016003, 016002, 016006, 016004]
3287	16	016003	016004	74	25.0	5.0	1,000	true	[016003, 016004]
3288	16	016003	016004	75	15.0	5.0	0,867	true	[016003, 016005, 016002, 016000, 016001, 016004]
3289	16	016003	016004	76	15.0	5.0	0,807	true	[016003, 016005, 016002, 016000, 016001, 016006, 016004]
3290	16	016003	016004	77	15.0	5.0	0,903	true	[016003, 016005, 016002, 016000, 016004]
3291	16	016003	016004	78	15.0	5.0	0,876	true	[016003, 016005, 016002, 016001, 016000, 016004]
3292	16	016003	016004	79	15.0	5.0	0,912	true	[016003, 016005, 016002, 016001, 016004]
3293	16	016003	016004	80	15.0	5.0	0,849	true	[016003, 016005, 016002, 016001, 016006, 016004]
3294	16	016003	016004	81	15.0	5.0	0,912	true	[016003, 016005, 016002, 016004]
3295	16	016003	016004	82	15.0	3.0	0,841	true	[016003, 016005, 016002, 016006, 016001, 016000, 016004]
3296	16	016003	016004	83	15.0	3.0	0,876	true	[016003, 016005, 016002, 016006, 016001, 016004]
3297	16	016003	016004	84	15.0	3.0	0,867	true	[016003, 016005, 016002, 016006, 016004]
3298	16	016003	016004	85	16.0	5.0	0,960	true	[016003, 016005, 016004]
3299	16	016003	016004	86	13.0	3.0	0,913	true	[016003, 016006, 016001, 016000, 016002, 016004]
3300	16	016003	016004	87	13.0	3.0	0,885	true	[016003, 016006, 016001, 016000, 016002, 016005, 016004]
3301	16	016003	016004	88	13.0	3.0	0,922	true	[016003, 016006, 016001, 016000, 016004]
3302	16	016003	016004	89	13.0	3.0	0,951	true	[016003, 016006, 016001, 016002, 016000, 016004]
3303	16	016003	016004	90	13.0	3.0	0,960	true	[016003, 016006, 016001, 016002, 016004]
3304	16	016003	016004	91	13.0	3.0	0,931	true	[016003, 016006, 016001, 016002, 016005, 016004]
3305	16	016003	016004	92	13.0	3.0	0,960	true	[016003, 016006, 016001, 016004]
3306	16	016003	016004	93	13.0	3.0	0,931	true	[016003, 016006, 016002, 016000, 016001, 016004]
3307	16	016003	016004	94	13.0	3.0	0,970	true	[016003, 016006, 016002, 016000, 016004]
3308	16	016003	016004	95	13.0	3.0	0,941	true	[016003, 016006, 016002, 016001, 016000, 016004]
3309	16	016003	016004	96	13.0	3.0	0,980	true	[016003, 016006, 016002, 016001, 016004]
3310	16	016003	016004	97	13.0	3.0	0,980	true	[016003, 016006, 016002, 016004]
3311	16	016003	016004	98	13.0	3.0	0,950	true	[016003, 016006, 016002, 016005, 016004]
3312	16	016003	016004	99	13.0	3.0	0,950	true	[016003, 016006, 016004]
3313	16	016003	016001	100	12.0	4.0	0,950	true	[016003, 016001]
3314	17	017002	017003	0	21.0	3.0	0,960	true	[017002, 017000, 017001, 017003]
3315	17	017002	017003	1	21.0	4.0	0,876	true	[017002, 017000, 017001, 017004, 017003]
3316	17	017002	017003	2	15.0	4.0	0,858	true	[017002, 017000, 017001, 017004, 017006, 017005, 017003]
3317	17	017002	017003	3	15.0	4.0	0,941	true	[017002, 017000, 017001, 017005, 017003]
3318	17	017002	017003	4	21.0	4.0	0,849	true	[017002, 017000, 017001, 017005, 017006, 017004, 017003]
3319	17	017002	017003	5	21.0	4.0	0,894	true	[017002, 017000, 017001, 017006, 017004, 017003]
3320	17	017002	017003	6	15.0	4.0	0,894	true	[017002, 017000, 017001, 017006, 017005, 017003]
3321	17	017002	017003	7	15.0	3.0	0,941	true	[017002, 017000, 017003]
3322	17	017002	017003	8	21.0	3.0	0,894	true	[017002, 017000, 017004, 017001, 017003]
3323	17	017002	017003	9	15.0	4.0	0,876	true	[017002, 017000, 017004, 017001, 017005, 017003]
3324	17	017002	017003	10	15.0	4.0	0,832	true	[017002, 017000, 017004, 017001, 017006, 017005, 017003]
3325	17	017002	017003	11	21.0	4.0	0,885	true	[017002, 017000, 017004, 017003]
3326	17	017002	017003	12	21.0	3.0	0,913	true	[017002, 017000, 017004, 017006, 017001, 017003]
3327	17	017002	017003	13	15.0	4.0	0,895	true	[017002, 017000, 017004, 017006, 017001, 017005, 017003]
3328	17	017002	017003	14	21.0	3.0	0,867	true	[017002, 017000, 017004, 017006, 017005, 017001, 017003]
3329	17	017002	017003	15	15.0	4.0	0,867	true	[017002, 017000, 017004, 017006, 017005, 017003]
3330	17	017002	017003	16	21.0	3.0	0,941	true	[017002, 017000, 017005, 017001, 017003]
3331	17	017002	017003	17	21.0	4.0	0,858	true	[017002, 017000, 017005, 017001, 017004, 017003]
3332	17	017002	017003	18	21.0	4.0	0,876	true	[017002, 017000, 017005, 017001, 017006, 017004, 017003]
3333	17	017002	017003	19	15.0	4.0	0,941	true	[017002, 017000, 017005, 017003]
3334	17	017002	017003	20	21.0	3.0	0,894	true	[017002, 017000, 017005, 017006, 017001, 017003]
3335	17	017002	017003	21	21.0	4.0	0,815	true	[017002, 017000, 017005, 017006, 017001, 017004, 017003]
3336	17	017002	017003	22	21.0	3.0	0,858	true	[017002, 017000, 017005, 017006, 017004, 017001, 017003]
3337	17	017002	017003	23	21.0	4.0	0,849	true	[017002, 017000, 017005, 017006, 017004, 017003]
3338	17	017002	017003	24	21.0	3.0	0,903	true	[017002, 017000, 017006, 017001, 017003]
3339	17	017002	017003	25	21.0	4.0	0,823	true	[017002, 017000, 017006, 017001, 017004, 017003]
3340	17	017002	017003	26	15.0	4.0	0,885	true	[017002, 017000, 017006, 017001, 017005, 017003]
3341	17	017002	017003	27	21.0	3.0	0,867	true	[017002, 017000, 017006, 017004, 017001, 017003]
3342	17	017002	017003	28	15.0	4.0	0,850	true	[017002, 017000, 017006, 017004, 017001, 017005, 017003]
3343	17	017002	017003	29	21.0	4.0	0,858	true	[017002, 017000, 017006, 017004, 017003]
3344	17	017002	017003	30	21.0	3.0	0,858	true	[017002, 017000, 017006, 017005, 017001, 017003]
3345	17	017002	017003	31	21.0	4.0	0,782	true	[017002, 017000, 017006, 017005, 017001, 017004, 017003]
3346	17	017002	017003	32	15.0	4.0	0,858	true	[017002, 017000, 017006, 017005, 017003]
3347	17	017002	017003	33	15.0	3.0	0,941	true	[017002, 017001, 017000, 017003]
3348	17	017002	017003	34	35.0	4.0	0,885	true	[017002, 017001, 017000, 017004, 017003]
3349	17	017002	017003	35	15.0	4.0	0,867	true	[017002, 017001, 017000, 017004, 017006, 017005, 017003]
3350	17	017002	017003	36	15.0	4.0	0,941	true	[017002, 017001, 017000, 017005, 017003]
3351	17	017002	017003	37	39.0	4.0	0,849	true	[017002, 017001, 017000, 017005, 017006, 017004, 017003]
3352	17	017002	017003	38	31.0	4.0	0,858	true	[017002, 017001, 017000, 017006, 017004, 017003]
3353	17	017002	017003	39	15.0	4.0	0,858	true	[017002, 017001, 017000, 017006, 017005, 017003]
3354	17	017002	017003	40	40.0	3.0	0,960	true	[017002, 017001, 017003]
3355	17	017002	017003	41	15.0	3.0	0,876	true	[017002, 017001, 017004, 017000, 017003]
3356	17	017002	017003	42	15.0	4.0	0,876	true	[017002, 017001, 017004, 017000, 017005, 017003]
3357	17	017002	017003	43	15.0	6.0	0,799	true	[017002, 017001, 017004, 017000, 017006, 017005, 017003]
3358	17	017002	017003	44	25.0	5.0	0,876	true	[017002, 017001, 017004, 017003]
3359	17	017002	017003	45	15.0	3.0	0,849	true	[017002, 017001, 017004, 017006, 017000, 017003]
3360	17	017002	017003	46	15.0	4.0	0,850	true	[017002, 017001, 017004, 017006, 017000, 017005, 017003]
3361	17	017002	017003	47	15.0	3.0	0,841	true	[017002, 017001, 017004, 017006, 017005, 017000, 017003]
3362	17	017002	017003	48	15.0	4.0	0,858	true	[017002, 017001, 017004, 017006, 017005, 017003]
3363	17	017002	017003	49	15.0	3.0	0,922	true	[017002, 017001, 017005, 017000, 017003]
3364	17	017002	017003	50	21.0	4.0	0,867	true	[017002, 017001, 017005, 017000, 017004, 017003]
3365	17	017002	017003	51	21.0	4.0	0,841	true	[017002, 017001, 017005, 017000, 017006, 017004, 017003]
3366	17	017002	017003	52	15.0	7.0	0,941	true	[017002, 017001, 017005, 017003]
3367	17	017002	017003	53	15.0	3.0	0,841	true	[017002, 017001, 017005, 017006, 017000, 017003]
3368	17	017002	017003	54	21.0	5.0	0,790	true	[017002, 017001, 017005, 017006, 017000, 017004, 017003]
3369	17	017002	017003	55	15.0	3.0	0,850	true	[017002, 017001, 017005, 017006, 017004, 017000, 017003]
3370	17	017002	017003	56	21.0	4.0	0,849	true	[017002, 017001, 017005, 017006, 017004, 017003]
3371	17	017002	017003	57	15.0	3.0	0,885	true	[017002, 017001, 017006, 017000, 017003]
3372	17	017002	017003	58	31.0	5.0	0,832	true	[017002, 017001, 017006, 017000, 017004, 017003]
3373	17	017002	017003	59	15.0	4.0	0,885	true	[017002, 017001, 017006, 017000, 017005, 017003]
3374	17	017002	017003	60	15.0	3.0	0,894	true	[017002, 017001, 017006, 017004, 017000, 017003]
3375	17	017002	017003	61	15.0	4.0	0,895	true	[017002, 017001, 017006, 017004, 017000, 017005, 017003]
3376	17	017002	017003	62	40.0	4.0	0,894	true	[017002, 017001, 017006, 017004, 017003]
3377	17	017002	017003	63	15.0	3.0	0,876	true	[017002, 017001, 017006, 017005, 017000, 017003]
3378	17	017002	017003	64	35.0	4.0	0,824	true	[017002, 017001, 017006, 017005, 017000, 017004, 017003]
3379	17	017002	017003	65	15.0	7.0	0,894	true	[017002, 017001, 017006, 017005, 017003]
3380	17	017002	017003	66	45.0	3.0	0,990	true	[017002, 017003]
3381	17	017002	017003	67	15.0	3.0	0,970	true	[017002, 017004, 017000, 017001, 017003]
3382	17	017002	017003	68	15.0	4.0	0,951	true	[017002, 017004, 017000, 017001, 017005, 017003]
3383	17	017002	017003	69	15.0	4.0	0,903	true	[017002, 017004, 017000, 017001, 017006, 017005, 017003]
3384	17	017002	017003	70	15.0	3.0	0,951	true	[017002, 017004, 017000, 017003]
3385	17	017002	017003	71	15.0	3.0	0,951	true	[017002, 017004, 017000, 017005, 017001, 017003]
3386	17	017002	017003	72	15.0	4.0	0,951	true	[017002, 017004, 017000, 017005, 017003]
3387	17	017002	017003	73	15.0	3.0	0,903	true	[017002, 017004, 017000, 017005, 017006, 017001, 017003]
3388	17	017002	017003	74	15.0	3.0	0,912	true	[017002, 017004, 017000, 017006, 017001, 017003]
3389	17	017002	017003	75	15.0	4.0	0,894	true	[017002, 017004, 017000, 017006, 017001, 017005, 017003]
3390	17	017002	017003	76	15.0	3.0	0,867	true	[017002, 017004, 017000, 017006, 017005, 017001, 017003]
3391	17	017002	017003	77	15.0	4.0	0,867	true	[017002, 017004, 017000, 017006, 017005, 017003]
3392	17	017002	017003	78	15.0	3.0	0,941	true	[017002, 017004, 017001, 017000, 017003]
3393	17	017002	017003	79	15.0	4.0	0,941	true	[017002, 017004, 017001, 017000, 017005, 017003]
3394	17	017002	017003	80	15.0	4.0	0,858	true	[017002, 017004, 017001, 017000, 017006, 017005, 017003]
3395	17	017002	017003	81	15.0	3.0	0,960	true	[017002, 017004, 017001, 017003]
3396	17	017002	017003	82	15.0	3.0	0,922	true	[017002, 017004, 017001, 017005, 017000, 017003]
3397	17	017002	017003	83	15.0	4.0	0,941	true	[017002, 017004, 017001, 017005, 017003]
3398	17	017002	017003	84	15.0	3.0	0,841	true	[017002, 017004, 017001, 017005, 017006, 017000, 017003]
3399	17	017002	017003	85	15.0	3.0	0,885	true	[017002, 017004, 017001, 017006, 017000, 017003]
3400	17	017002	017003	86	15.0	4.0	0,885	true	[017002, 017004, 017001, 017006, 017000, 017005, 017003]
3401	17	017002	017003	87	15.0	3.0	0,876	true	[017002, 017004, 017001, 017006, 017005, 017000, 017003]
3402	17	017002	017003	88	15.0	4.0	0,894	true	[017002, 017004, 017001, 017006, 017005, 017003]
3403	17	017002	017003	89	15.0	4.0	0,950	true	[017002, 017004, 017003]
3404	17	017002	017003	90	15.0	3.0	0,941	true	[017002, 017004, 017006, 017000, 017001, 017003]
3405	17	017002	017003	91	15.0	4.0	0,922	true	[017002, 017004, 017006, 017000, 017001, 017005, 017003]
3406	17	017002	017003	92	15.0	3.0	0,922	true	[017002, 017004, 017006, 017000, 017003]
3407	17	017002	017003	93	15.0	3.0	0,922	true	[017002, 017004, 017006, 017000, 017005, 017001, 017003]
3408	17	017002	017003	94	15.0	4.0	0,922	true	[017002, 017004, 017006, 017000, 017005, 017003]
3409	17	017002	017003	95	15.0	3.0	0,960	true	[017002, 017004, 017006, 017001, 017000, 017003]
3410	17	017002	017003	96	15.0	4.0	0,961	true	[017002, 017004, 017006, 017001, 017000, 017005, 017003]
3411	17	017002	017003	97	15.0	3.0	0,980	true	[017002, 017004, 017006, 017001, 017003]
3412	17	017002	017003	98	15.0	3.0	0,941	true	[017002, 017004, 017006, 017001, 017005, 017000, 017003]
3413	17	017002	017003	99	15.0	4.0	0,961	true	[017002, 017004, 017006, 017001, 017005, 017003]
3414	17	017002	017003	100	15.0	3.0	0,931	true	[017002, 017004, 017006, 017005, 017000, 017001, 017003]
3415	17	017002	017003	101	15.0	3.0	0,912	true	[017002, 017004, 017006, 017005, 017000, 017003]
3416	17	017002	017003	102	15.0	4.0	0,931	true	[017002, 017004, 017006, 017005, 017003]
3417	18	018006	018003	0	11.0	4.0	0,885	true	[018006, 018001, 018000, 018002, 018003]
3418	18	018006	018003	1	11.0	4.0	0,840	true	[018006, 018001, 018000, 018002, 018004, 018003]
3419	18	018006	018003	2	11.0	4.0	0,783	true	[018006, 018001, 018000, 018002, 018004, 018005, 018003]
3420	18	018006	018003	3	11.0	4.0	0,815	true	[018006, 018001, 018000, 018002, 018005, 018003]
3421	18	018006	018003	4	11.0	4.0	0,807	true	[018006, 018001, 018000, 018002, 018005, 018004, 018003]
3422	18	018006	018003	5	12.0	4.0	0,894	true	[018006, 018001, 018000, 018003]
3423	18	018006	018003	6	21.0	4.0	0,885	true	[018006, 018001, 018000, 018004, 018002, 018003]
3424	18	018006	018003	7	21.0	4.0	0,815	true	[018006, 018001, 018000, 018004, 018002, 018005, 018003]
3425	18	018006	018003	8	19.0	4.0	0,931	true	[018006, 018001, 018000, 018004, 018003]
3426	18	018006	018003	9	21.0	4.0	0,849	true	[018006, 018001, 018000, 018004, 018005, 018002, 018003]
3427	18	018006	018003	10	21.0	4.0	0,867	true	[018006, 018001, 018000, 018004, 018005, 018003]
3428	18	018006	018003	11	11.0	4.0	0,840	true	[018006, 018001, 018002, 018000, 018003]
3429	18	018006	018003	12	11.0	4.0	0,876	true	[018006, 018001, 018002, 018000, 018004, 018003]
3430	18	018006	018003	13	11.0	4.0	0,815	true	[018006, 018001, 018002, 018000, 018004, 018005, 018003]
3431	18	018006	018003	14	22.0	4.0	0,922	true	[018006, 018001, 018002, 018003]
3432	18	018006	018003	15	12.0	4.0	0,840	true	[018006, 018001, 018002, 018004, 018000, 018003]
3433	18	018006	018003	16	19.0	4.0	0,876	true	[018006, 018001, 018002, 018004, 018003]
3434	18	018006	018003	17	22.0	4.0	0,815	true	[018006, 018001, 018002, 018004, 018005, 018003]
3435	18	018006	018003	18	21.0	4.0	0,849	true	[018006, 018001, 018002, 018005, 018003]
3436	18	018006	018003	19	12.0	4.0	0,807	true	[018006, 018001, 018002, 018005, 018004, 018000, 018003]
3437	18	018006	018003	20	19.0	4.0	0,840	true	[018006, 018001, 018002, 018005, 018004, 018003]
3438	18	018006	018003	21	22.0	4.0	0,960	true	[018006, 018001, 018003]
3439	18	018006	018003	22	11.0	4.0	0,866	true	[018006, 018001, 018004, 018000, 018002, 018003]
3440	18	018006	018003	23	11.0	4.0	0,798	true	[018006, 018001, 018004, 018000, 018002, 018005, 018003]
3441	18	018006	018003	24	12.0	4.0	0,876	true	[018006, 018001, 018004, 018000, 018003]
3442	18	018006	018003	25	11.0	4.0	0,790	true	[018006, 018001, 018004, 018002, 018000, 018003]
3443	18	018006	018003	26	15.0	4.0	0,866	true	[018006, 018001, 018004, 018002, 018003]
3444	18	018006	018003	27	15.0	4.0	0,798	true	[018006, 018001, 018004, 018002, 018005, 018003]
3445	18	018006	018003	28	15.0	4.0	0,912	true	[018006, 018001, 018004, 018003]
3446	18	018006	018003	29	11.0	4.0	0,759	true	[018006, 018001, 018004, 018005, 018002, 018000, 018003]
3447	18	018006	018003	30	15.0	4.0	0,832	true	[018006, 018001, 018004, 018005, 018002, 018003]
3448	18	018006	018003	31	15.0	4.0	0,849	true	[018006, 018001, 018004, 018005, 018003]
3449	18	018006	018003	32	11.0	4.0	0,790	true	[018006, 018001, 018005, 018002, 018000, 018003]
3450	18	018006	018003	33	11.0	4.0	0,823	true	[018006, 018001, 018005, 018002, 018000, 018004, 018003]
3451	18	018006	018003	34	21.0	4.0	0,866	true	[018006, 018001, 018005, 018002, 018003]
3452	18	018006	018003	35	12.0	4.0	0,790	true	[018006, 018001, 018005, 018002, 018004, 018000, 018003]
3453	18	018006	018003	36	19.0	4.0	0,823	true	[018006, 018001, 018005, 018002, 018004, 018003]
3454	18	018006	018003	37	22.0	4.0	0,885	true	[018006, 018001, 018005, 018003]
3455	18	018006	018003	38	11.0	4.0	0,832	true	[018006, 018001, 018005, 018004, 018000, 018002, 018003]
3456	18	018006	018003	39	12.0	4.0	0,840	true	[018006, 018001, 018005, 018004, 018000, 018003]
3457	18	018006	018003	40	11.0	4.0	0,759	true	[018006, 018001, 018005, 018004, 018002, 018000, 018003]
3458	18	018006	018003	41	22.0	4.0	0,832	true	[018006, 018001, 018005, 018004, 018002, 018003]
3459	18	018006	018003	42	19.0	4.0	0,876	true	[018006, 018001, 018005, 018004, 018003]
3460	18	018006	018003	43	11.0	4.0	0,903	true	[018006, 018002, 018000, 018001, 018003]
3461	18	018006	018003	44	11.0	4.0	0,858	true	[018006, 018002, 018000, 018001, 018004, 018003]
3462	18	018006	018003	45	11.0	4.0	0,799	true	[018006, 018002, 018000, 018001, 018004, 018005, 018003]
3463	18	018006	018003	46	11.0	4.0	0,832	true	[018006, 018002, 018000, 018001, 018005, 018003]
3464	18	018006	018003	47	11.0	4.0	0,824	true	[018006, 018002, 018000, 018001, 018005, 018004, 018003]
3465	18	018006	018003	48	11.0	4.0	0,894	true	[018006, 018002, 018000, 018003]
3466	18	018006	018003	49	11.0	4.0	0,884	true	[018006, 018002, 018000, 018004, 018001, 018003]
3467	18	018006	018003	50	11.0	4.0	0,815	true	[018006, 018002, 018000, 018004, 018001, 018005, 018003]
3468	18	018006	018003	51	11.0	4.0	0,931	true	[018006, 018002, 018000, 018004, 018003]
3469	18	018006	018003	52	11.0	4.0	0,849	true	[018006, 018002, 018000, 018004, 018005, 018001, 018003]
3470	18	018006	018003	53	11.0	4.0	0,867	true	[018006, 018002, 018000, 018004, 018005, 018003]
3471	18	018006	018003	54	12.0	4.0	0,876	true	[018006, 018002, 018001, 018000, 018003]
3472	18	018006	018003	55	19.0	4.0	0,913	true	[018006, 018002, 018001, 018000, 018004, 018003]
3473	18	018006	018003	56	21.0	4.0	0,850	true	[018006, 018002, 018001, 018000, 018004, 018005, 018003]
3474	18	018006	018003	57	29.0	4.0	0,941	true	[018006, 018002, 018001, 018003]
3475	18	018006	018003	58	12.0	4.0	0,858	true	[018006, 018002, 018001, 018004, 018000, 018003]
3476	18	018006	018003	59	15.0	4.0	0,894	true	[018006, 018002, 018001, 018004, 018003]
3477	18	018006	018003	60	15.0	4.0	0,832	true	[018006, 018002, 018001, 018004, 018005, 018003]
3478	18	018006	018003	61	26.0	4.0	0,867	true	[018006, 018002, 018001, 018005, 018003]
3479	18	018006	018003	62	12.0	4.0	0,824	true	[018006, 018002, 018001, 018005, 018004, 018000, 018003]
3480	18	018006	018003	63	19.0	4.0	0,858	true	[018006, 018002, 018001, 018005, 018004, 018003]
3481	18	018006	018003	64	44.0	4.0	0,980	true	[018006, 018002, 018003]
3482	18	018006	018003	65	21.0	4.0	0,903	true	[018006, 018002, 018004, 018000, 018001, 018003]
3483	18	018006	018003	66	21.0	4.0	0,832	true	[018006, 018002, 018004, 018000, 018001, 018005, 018003]
3484	18	018006	018003	67	12.0	4.0	0,894	true	[018006, 018002, 018004, 018000, 018003]
3485	18	018006	018003	68	12.0	4.0	0,824	true	[018006, 018002, 018004, 018001, 018000, 018003]
3486	18	018006	018003	69	15.0	4.0	0,884	true	[018006, 018002, 018004, 018001, 018003]
3487	18	018006	018003	70	15.0	4.0	0,815	true	[018006, 018002, 018004, 018001, 018005, 018003]
3488	18	018006	018003	71	19.0	4.0	0,931	true	[018006, 018002, 018004, 018003]
3489	18	018006	018003	72	12.0	4.0	0,791	true	[018006, 018002, 018004, 018005, 018001, 018000, 018003]
3490	18	018006	018003	73	29.0	4.0	0,849	true	[018006, 018002, 018004, 018005, 018001, 018003]
3491	18	018006	018003	74	26.0	4.0	0,867	true	[018006, 018002, 018004, 018005, 018003]
3492	18	018006	018003	75	12.0	4.0	0,824	true	[018006, 018002, 018005, 018001, 018000, 018003]
3493	18	018006	018003	76	19.0	4.0	0,858	true	[018006, 018002, 018005, 018001, 018000, 018004, 018003]
3494	18	018006	018003	77	21.0	4.0	0,884	true	[018006, 018002, 018005, 018001, 018003]
3495	18	018006	018003	78	12.0	4.0	0,807	true	[018006, 018002, 018005, 018001, 018004, 018000, 018003]
3496	18	018006	018003	79	15.0	4.0	0,840	true	[018006, 018002, 018005, 018001, 018004, 018003]
3497	18	018006	018003	80	21.0	4.0	0,903	true	[018006, 018002, 018005, 018003]
3498	18	018006	018003	81	21.0	4.0	0,867	true	[018006, 018002, 018005, 018004, 018000, 018001, 018003]
3499	18	018006	018003	82	12.0	4.0	0,858	true	[018006, 018002, 018005, 018004, 018000, 018003]
3500	18	018006	018003	83	12.0	4.0	0,791	true	[018006, 018002, 018005, 018004, 018001, 018000, 018003]
3501	18	018006	018003	84	15.0	4.0	0,849	true	[018006, 018002, 018005, 018004, 018001, 018003]
3502	18	018006	018003	85	19.0	4.0	0,894	true	[018006, 018002, 018005, 018004, 018003]
3503	18	018006	018003	86	53.0	9.0	0,980	true	[018006, 018003]
3504	18	018006	018003	87	21.0	4.0	0,894	true	[018006, 018004, 018000, 018001, 018002, 018003]
3505	18	018006	018003	88	21.0	4.0	0,824	true	[018006, 018004, 018000, 018001, 018002, 018005, 018003]
3506	18	018006	018003	89	21.0	4.0	0,931	true	[018006, 018004, 018000, 018001, 018003]
3507	18	018006	018003	90	21.0	4.0	0,840	true	[018006, 018004, 018000, 018001, 018005, 018002, 018003]
3508	18	018006	018003	91	21.0	4.0	0,858	true	[018006, 018004, 018000, 018001, 018005, 018003]
3509	18	018006	018003	92	11.0	4.0	0,876	true	[018006, 018004, 018000, 018002, 018001, 018003]
3510	18	018006	018003	93	11.0	4.0	0,807	true	[018006, 018004, 018000, 018002, 018001, 018005, 018003]
3511	18	018006	018003	94	11.0	4.0	0,912	true	[018006, 018004, 018000, 018002, 018003]
3512	18	018006	018003	95	11.0	4.0	0,823	true	[018006, 018004, 018000, 018002, 018005, 018001, 018003]
3513	18	018006	018003	96	11.0	4.0	0,840	true	[018006, 018004, 018000, 018002, 018005, 018003]
3514	18	018006	018003	97	12.0	4.0	0,922	true	[018006, 018004, 018000, 018003]
3515	18	018006	018003	98	11.0	4.0	0,840	true	[018006, 018004, 018001, 018000, 018002, 018003]
3516	18	018006	018003	99	11.0	4.0	0,774	true	[018006, 018004, 018001, 018000, 018002, 018005, 018003]
3517	18	018006	018003	100	12.0	5.0	0,849	true	[018006, 018004, 018001, 018000, 018003]
3518	18	018006	018003	101	15.0	5.0	0,912	true	[018006, 018004, 018001, 018003]
3519	18	018006	018003	102	19.0	5.0	0,960	true	[018006, 018004, 018003]
3520	19	019004	019000	0	23.0	5.0	1,000	true	[019004, 019000]
3521	19	019004	019000	1	18.0	3.0	0,941	true	[019004, 019005, 019000]
3522	19	019004	019000	2	20.0	3.0	0,903	true	[019004, 019005, 019001, 019002, 019000]
3523	19	019004	019000	3	14.0	3.0	0,931	true	[019004, 019005, 019002, 019000]
3524	19	019004	019000	4	20.0	3.0	0,858	true	[019004, 019005, 019003, 019001, 019002, 019000]
3525	19	019004	019001	5	20.0	5.0	0,950	true	[019004, 019000, 019002, 019001]
3526	19	019004	019001	6	14.0	5.0	0,903	true	[019004, 019000, 019002, 019005, 019001]
3527	19	019004	019001	7	14.0	5.0	0,858	true	[019004, 019000, 019002, 019005, 019003, 019001]
3528	19	019004	019001	8	18.0	4.0	0,912	true	[019004, 019000, 019005, 019001]
3529	19	019004	019001	9	14.0	4.0	0,922	true	[019004, 019000, 019005, 019002, 019001]
3530	19	019004	019001	10	18.0	4.0	0,866	true	[019004, 019000, 019005, 019003, 019001]
3531	19	019004	019001	11	18.0	3.0	0,894	true	[019004, 019005, 019000, 019002, 019001]
3532	19	019004	019001	12	24.0	3.0	0,950	true	[019004, 019005, 019001]
3533	19	019004	019001	13	14.0	3.0	0,960	true	[019004, 019005, 019002, 019001]
3534	19	019004	019001	14	22.0	3.0	0,903	true	[019004, 019005, 019003, 019001]
3535	19	019000	019001	15	20.0	9.0	0,950	true	[019000, 019002, 019001]
3536	19	019000	019001	16	14.0	5.0	0,903	true	[019000, 019002, 019005, 019001]
3537	19	019000	019001	17	14.0	5.0	0,858	true	[019000, 019002, 019005, 019003, 019001]
3538	19	019000	019001	18	23.0	3.0	0,950	true	[019000, 019004, 019005, 019001]
3539	19	019000	019001	19	14.0	3.0	0,960	true	[019000, 019004, 019005, 019002, 019001]
3540	19	019000	019001	20	22.0	3.0	0,903	true	[019000, 019004, 019005, 019003, 019001]
3541	19	019000	019001	21	18.0	4.0	0,912	true	[019000, 019005, 019001]
3542	19	019000	019001	22	14.0	4.0	0,922	true	[019000, 019005, 019002, 019001]
3543	19	019000	019001	23	18.0	4.0	0,866	true	[019000, 019005, 019003, 019001]
3544	20	020002	020000	0	25.0	6.0	0,950	true	[020002, 020000]
3545	20	020002	020000	1	27.0	5.0	0,922	true	[020002, 020001, 020000]
3546	20	020002	020000	2	11.0	5.0	0,876	true	[020002, 020001, 020005, 020004, 020000]
3547	20	020002	020000	3	22.0	4.0	0,960	true	[020002, 020004, 020000]
3548	20	020002	020000	4	11.0	4.0	0,913	true	[020002, 020004, 020005, 020001, 020000]
3549	20	020002	020000	5	27.0	4.0	0,894	true	[020002, 020006, 020003, 020001, 020000]
3550	20	020002	020000	6	11.0	4.0	0,850	true	[020002, 020006, 020003, 020001, 020005, 020004, 020000]
3551	20	020002	020001	7	25.0	5.0	0,922	true	[020002, 020000, 020001]
3552	20	020002	020001	8	11.0	6.0	0,876	true	[020002, 020000, 020004, 020005, 020001]
3553	20	020002	020001	9	51.0	5.0	0,950	true	[020002, 020001]
3554	20	020002	020001	10	22.0	4.0	0,931	true	[020002, 020004, 020000, 020001]
3555	20	020002	020001	11	11.0	4.0	0,941	true	[020002, 020004, 020005, 020001]
3556	20	020002	020001	12	40.0	4.0	0,922	true	[020002, 020006, 020003, 020001]
3557	20	020000	020001	13	27.0	5.0	0,970	true	[020000, 020001]
3558	20	020000	020001	14	25.0	5.0	0,903	true	[020000, 020002, 020001]
3559	20	020000	020001	15	11.0	4.0	0,894	true	[020000, 020002, 020004, 020005, 020001]
3560	20	020000	020001	16	25.0	4.0	0,875	true	[020000, 020002, 020006, 020003, 020001]
3561	20	020000	020001	17	22.0	4.0	0,912	true	[020000, 020004, 020002, 020001]
3562	20	020000	020001	18	22.0	4.0	0,885	true	[020000, 020004, 020002, 020006, 020003, 020001]
3563	20	020000	020001	19	11.0	8.0	0,922	true	[020000, 020004, 020005, 020001]
3564	21	021006	021003	0	14.0	5.0	0,903	true	[021006, 021000, 021002, 021004, 021003]
3565	21	021006	021003	1	14.0	3.0	0,840	true	[021006, 021000, 021002, 021004, 021005, 021003]
3566	21	021006	021003	2	14.0	6.0	0,893	true	[021006, 021000, 021002, 021005, 021003]
3567	21	021006	021003	3	14.0	3.0	0,867	true	[021006, 021000, 021002, 021005, 021004, 021003]
3568	21	021006	021003	4	49.0	4.0	0,903	true	[021006, 021000, 021003]
3569	21	021006	021003	5	24.0	4.0	0,858	true	[021006, 021000, 021004, 021002, 021005, 021003]
3570	21	021006	021003	6	26.0	4.0	0,885	true	[021006, 021000, 021004, 021003]
3571	21	021006	021003	7	20.0	3.0	0,823	true	[021006, 021000, 021004, 021005, 021003]
3572	21	021006	021003	8	24.0	5.0	0,885	true	[021006, 021000, 021005, 021002, 021004, 021003]
3573	21	021006	021003	9	25.0	6.0	0,875	true	[021006, 021000, 021005, 021003]
3574	21	021006	021003	10	20.0	3.0	0,849	true	[021006, 021000, 021005, 021004, 021003]
3575	21	021006	021003	11	7.0	3.0	0,895	true	[021006, 021001, 021000, 021002, 021004, 021003]
3576	21	021006	021003	12	7.0	3.0	0,832	true	[021006, 021001, 021000, 021002, 021004, 021005, 021003]
3577	21	021006	021003	13	7.0	3.0	0,885	true	[021006, 021001, 021000, 021002, 021005, 021003]
3578	21	021006	021003	14	7.0	3.0	0,858	true	[021006, 021001, 021000, 021002, 021005, 021004, 021003]
3579	21	021006	021003	15	7.0	3.0	0,894	true	[021006, 021001, 021000, 021003]
3580	21	021006	021003	16	7.0	3.0	0,850	true	[021006, 021001, 021000, 021004, 021002, 021005, 021003]
3581	21	021006	021003	17	7.0	3.0	0,876	true	[021006, 021001, 021000, 021004, 021003]
3582	21	021006	021003	18	7.0	3.0	0,815	true	[021006, 021001, 021000, 021004, 021005, 021003]
3583	21	021006	021003	19	7.0	3.0	0,876	true	[021006, 021001, 021000, 021005, 021002, 021004, 021003]
3584	21	021006	021003	20	7.0	3.0	0,867	true	[021006, 021001, 021000, 021005, 021003]
3585	21	021006	021003	21	7.0	3.0	0,841	true	[021006, 021001, 021000, 021005, 021004, 021003]
3586	21	021006	021003	22	14.0	4.0	0,931	true	[021006, 021002, 021000, 021003]
3587	21	021006	021003	23	14.0	4.0	0,913	true	[021006, 021002, 021000, 021004, 021003]
3588	21	021006	021003	24	14.0	3.0	0,849	true	[021006, 021002, 021000, 021004, 021005, 021003]
3589	21	021006	021003	25	14.0	6.0	0,903	true	[021006, 021002, 021000, 021005, 021003]
3590	21	021006	021003	26	14.0	3.0	0,876	true	[021006, 021002, 021000, 021005, 021004, 021003]
3591	21	021006	021003	27	30.0	4.0	0,894	true	[021006, 021002, 021004, 021000, 021003]
3592	21	021006	021003	28	25.0	4.0	0,867	true	[021006, 021002, 021004, 021000, 021005, 021003]
3593	21	021006	021003	29	26.0	5.0	0,951	true	[021006, 021002, 021004, 021003]
3594	21	021006	021003	30	20.0	3.0	0,858	true	[021006, 021002, 021004, 021005, 021000, 021003]
3595	21	021006	021003	31	20.0	3.0	0,885	true	[021006, 021002, 021004, 021005, 021003]
3596	21	021006	021003	32	24.0	4.0	0,912	true	[021006, 021002, 021005, 021000, 021003]
3597	21	021006	021003	33	24.0	4.0	0,894	true	[021006, 021002, 021005, 021000, 021004, 021003]
3598	21	021006	021003	34	24.0	6.0	0,941	true	[021006, 021002, 021005, 021003]
3599	21	021006	021003	35	20.0	3.0	0,858	true	[021006, 021002, 021005, 021004, 021000, 021003]
3600	21	021006	021003	36	20.0	3.0	0,912	true	[021006, 021002, 021005, 021004, 021003]
3601	21	021006	021003	37	6.0	3.0	0,970	true	[021006, 021003]
3602	21	021006	021003	38	14.0	4.0	0,858	true	[021006, 021004, 021000, 021002, 021005, 021003]
3603	21	021006	021003	39	28.0	4.0	0,866	true	[021006, 021004, 021000, 021003]
3604	21	021006	021003	40	25.0	4.0	0,840	true	[021006, 021004, 021000, 021005, 021003]
3605	21	021006	021003	41	14.0	4.0	0,885	true	[021006, 021004, 021002, 021000, 021003]
3606	21	021006	021003	42	14.0	5.0	0,858	true	[021006, 021004, 021002, 021000, 021005, 021003]
3607	21	021006	021003	43	24.0	4.0	0,867	true	[021006, 021004, 021002, 021005, 021000, 021003]
3608	21	021006	021003	44	24.0	5.0	0,893	true	[021006, 021004, 021002, 021005, 021003]
3609	21	021006	021003	45	26.0	5.0	0,922	true	[021006, 021004, 021003]
3610	21	021006	021003	46	20.0	3.0	0,832	true	[021006, 021004, 021005, 021000, 021003]
3611	21	021006	021003	47	14.0	3.0	0,849	true	[021006, 021004, 021005, 021002, 021000, 021003]
3612	21	021006	021003	48	20.0	3.0	0,857	true	[021006, 021004, 021005, 021003]
3613	21	021006	021003	49	14.0	5.0	0,885	true	[021006, 021005, 021000, 021002, 021004, 021003]
3614	21	021006	021003	50	25.0	4.0	0,885	true	[021006, 021005, 021000, 021003]
3615	21	021006	021003	51	25.0	4.0	0,867	true	[021006, 021005, 021000, 021004, 021003]
3616	21	021006	021003	52	14.0	4.0	0,903	true	[021006, 021005, 021002, 021000, 021003]
3617	21	021006	021003	53	14.0	4.0	0,885	true	[021006, 021005, 021002, 021000, 021004, 021003]
3618	21	021006	021003	54	24.0	4.0	0,867	true	[021006, 021005, 021002, 021004, 021000, 021003]
3619	21	021006	021003	55	24.0	5.0	0,922	true	[021006, 021005, 021002, 021004, 021003]
3620	21	021006	021003	56	25.0	7.0	0,912	true	[021006, 021005, 021003]
3621	21	021006	021003	57	20.0	3.0	0,832	true	[021006, 021005, 021004, 021000, 021003]
3622	21	021006	021003	58	14.0	3.0	0,849	true	[021006, 021005, 021004, 021002, 021000, 021003]
3623	21	021006	021003	59	20.0	3.0	0,885	true	[021006, 021005, 021004, 021003]
3624	21	021006	021005	60	14.0	5.0	0,858	true	[021006, 021000, 021002, 021004, 021003, 021005]
3625	21	021006	021005	61	14.0	3.0	0,885	true	[021006, 021000, 021002, 021004, 021005]
3626	21	021006	021005	62	14.0	6.0	0,941	true	[021006, 021000, 021002, 021005]
3627	21	021006	021005	63	24.0	4.0	0,867	true	[021006, 021000, 021003, 021004, 021002, 021005]
3628	21	021006	021005	64	20.0	3.0	0,832	true	[021006, 021000, 021003, 021004, 021005]
3629	21	021006	021005	65	46.0	4.0	0,857	true	[021006, 021000, 021003, 021005]
3630	21	021006	021005	66	24.0	4.0	0,903	true	[021006, 021000, 021004, 021002, 021005]
3631	21	021006	021005	67	26.0	4.0	0,840	true	[021006, 021000, 021004, 021003, 021005]
3632	21	021006	021005	68	20.0	3.0	0,866	true	[021006, 021000, 021004, 021005]
3633	21	021006	021005	69	25.0	6.0	0,922	true	[021006, 021000, 021005]
3634	21	021006	021005	70	7.0	3.0	0,850	true	[021006, 021001, 021000, 021002, 021004, 021003, 021005]
3635	21	021006	021005	71	7.0	3.0	0,876	true	[021006, 021001, 021000, 021002, 021004, 021005]
3636	21	021006	021005	72	7.0	3.0	0,931	true	[021006, 021001, 021000, 021002, 021005]
3637	21	021006	021005	73	7.0	3.0	0,858	true	[021006, 021001, 021000, 021003, 021004, 021002, 021005]
3638	21	021006	021005	74	7.0	3.0	0,824	true	[021006, 021001, 021000, 021003, 021004, 021005]
3639	21	021006	021005	75	7.0	3.0	0,849	true	[021006, 021001, 021000, 021003, 021005]
3640	21	021006	021005	76	7.0	3.0	0,894	true	[021006, 021001, 021000, 021004, 021002, 021005]
3641	21	021006	021005	77	7.0	3.0	0,832	true	[021006, 021001, 021000, 021004, 021003, 021005]
3642	21	021006	021005	78	7.0	3.0	0,858	true	[021006, 021001, 021000, 021004, 021005]
3643	21	021006	021005	79	7.0	3.0	0,913	true	[021006, 021001, 021000, 021005]
3644	21	021006	021005	80	14.0	3.0	0,858	true	[021006, 021002, 021000, 021003, 021004, 021005]
3645	21	021006	021005	81	14.0	4.0	0,885	true	[021006, 021002, 021000, 021003, 021005]
3646	21	021006	021005	82	14.0	4.0	0,867	true	[021006, 021002, 021000, 021004, 021003, 021005]
3647	21	021006	021005	83	14.0	3.0	0,894	true	[021006, 021002, 021000, 021004, 021005]
3648	21	021006	021005	84	14.0	6.0	0,951	true	[021006, 021002, 021000, 021005]
3649	21	021006	021005	85	30.0	4.0	0,849	true	[021006, 021002, 021004, 021000, 021003, 021005]
3650	21	021006	021005	86	25.0	4.0	0,913	true	[021006, 021002, 021004, 021000, 021005]
3651	21	021006	021005	87	25.0	4.0	0,876	true	[021006, 021002, 021004, 021003, 021000, 021005]
3652	21	021006	021005	88	26.0	5.0	0,903	true	[021006, 021002, 021004, 021003, 021005]
3653	21	021006	021005	89	20.0	3.0	0,931	true	[021006, 021002, 021004, 021005]
3654	21	021006	021005	90	24.0	6.0	0,990	true	[021006, 021002, 021005]
3655	21	021006	021005	91	6.0	3.0	0,858	true	[021006, 021003, 021000, 021002, 021004, 021005]
3656	21	021006	021005	92	6.0	3.0	0,912	true	[021006, 021003, 021000, 021002, 021005]
3657	21	021006	021005	93	6.0	3.0	0,876	true	[021006, 021003, 021000, 021004, 021002, 021005]
3658	21	021006	021005	94	6.0	3.0	0,840	true	[021006, 021003, 021000, 021004, 021005]
3659	21	021006	021005	95	6.0	3.0	0,894	true	[021006, 021003, 021000, 021005]
3660	21	021006	021005	96	6.0	3.0	0,894	true	[021006, 021003, 021004, 021000, 021002, 021005]
3661	21	021006	021005	97	6.0	3.0	0,876	true	[021006, 021003, 021004, 021000, 021005]
3662	21	021006	021005	98	6.0	3.0	0,895	true	[021006, 021003, 021004, 021002, 021000, 021005]
3663	21	021006	021005	99	6.0	3.0	0,931	true	[021006, 021003, 021004, 021002, 021005]
3664	21	021006	021005	100	6.0	3.0	0,894	true	[021006, 021003, 021004, 021005]
3665	21	021006	021005	101	6.0	3.0	0,922	true	[021006, 021003, 021005]
3666	21	021006	021005	102	25.0	9.0	0,960	true	[021006, 021005]
3667	22	022005	022004	0	11.0	4.0	0,867	true	[022005, 022001, 022000, 022002, 022003, 022004]
3668	22	022005	022004	1	11.0	4.0	0,875	true	[022005, 022001, 022000, 022002, 022004]
3669	22	022005	022004	2	11.0	4.0	0,849	true	[022005, 022001, 022000, 022002, 022006, 022004]
3670	22	022005	022004	3	12.0	5.0	0,867	true	[022005, 022001, 022000, 022003, 022002, 022004]
3671	22	022005	022004	4	12.0	5.0	0,841	true	[022005, 022001, 022000, 022003, 022002, 022006, 022004]
3672	22	022005	022004	5	19.0	5.0	0,932	true	[022005, 022001, 022000, 022003, 022004]
3673	22	022005	022004	6	6.0	5.0	0,951	true	[022005, 022001, 022000, 022004]
3674	22	022005	022004	7	12.0	3.0	0,832	true	[022005, 022001, 022000, 022006, 022002, 022003, 022004]
3675	22	022005	022004	8	12.0	3.0	0,840	true	[022005, 022001, 022000, 022006, 022002, 022004]
3676	22	022005	022004	9	33.0	3.0	0,903	true	[022005, 022001, 022000, 022006, 022004]
3677	22	022005	022004	10	11.0	4.0	0,850	true	[022005, 022001, 022002, 022000, 022003, 022004]
3678	22	022005	022004	11	6.0	4.0	0,867	true	[022005, 022001, 022002, 022000, 022004]
3679	22	022005	022004	12	11.0	3.0	0,824	true	[022005, 022001, 022002, 022000, 022006, 022004]
3680	22	022005	022004	13	6.0	5.0	0,859	true	[022005, 022001, 022002, 022003, 022000, 022004]
3681	22	022005	022004	14	12.0	3.0	0,816	true	[022005, 022001, 022002, 022003, 022000, 022006, 022004]
3682	22	022005	022004	15	12.0	5.0	0,876	true	[022005, 022001, 022002, 022003, 022004]
3683	22	022005	022004	16	15.0	5.0	0,885	true	[022005, 022001, 022002, 022004]
3684	22	022005	022004	17	12.0	3.0	0,816	true	[022005, 022001, 022002, 022006, 022000, 022003, 022004]
3685	22	022005	022004	18	6.0	3.0	0,832	true	[022005, 022001, 022002, 022006, 022000, 022004]
3686	22	022005	022004	19	12.0	5.0	0,858	true	[022005, 022001, 022002, 022006, 022004]
3687	22	022005	022004	20	11.0	4.0	0,841	true	[022005, 022001, 022003, 022000, 022002, 022004]
3688	22	022005	022004	21	11.0	4.0	0,816	true	[022005, 022001, 022003, 022000, 022002, 022006, 022004]
3689	22	022005	022004	22	6.0	4.0	0,913	true	[022005, 022001, 022003, 022000, 022004]
3690	22	022005	022004	23	12.0	3.0	0,807	true	[022005, 022001, 022003, 022000, 022006, 022002, 022004]
3691	22	022005	022004	24	22.0	3.0	0,867	true	[022005, 022001, 022003, 022000, 022006, 022004]
3692	22	022005	022004	25	6.0	4.0	0,850	true	[022005, 022001, 022003, 022002, 022000, 022004]
3693	22	022005	022004	26	11.0	3.0	0,807	true	[022005, 022001, 022003, 022002, 022000, 022006, 022004]
3694	22	022005	022004	27	12.0	4.0	0,867	true	[022005, 022001, 022003, 022002, 022004]
3695	22	022005	022004	28	6.0	3.0	0,816	true	[022005, 022001, 022003, 022002, 022006, 022000, 022004]
3696	22	022005	022004	29	12.0	4.0	0,841	true	[022005, 022001, 022003, 022002, 022006, 022004]
3697	22	022005	022004	30	19.0	4.0	0,932	true	[022005, 022001, 022003, 022004]
3698	22	022005	022004	31	40.0	5.0	0,960	true	[022005, 022001, 022004]
3699	22	022005	022004	32	11.0	3.0	0,816	true	[022005, 022001, 022006, 022000, 022002, 022003, 022004]
3700	22	022005	022004	33	11.0	3.0	0,824	true	[022005, 022001, 022006, 022000, 022002, 022004]
3701	22	022005	022004	34	12.0	3.0	0,816	true	[022005, 022001, 022006, 022000, 022003, 022002, 022004]
3702	22	022005	022004	35	19.0	3.0	0,876	true	[022005, 022001, 022006, 022000, 022003, 022004]
3703	22	022005	022004	36	6.0	3.0	0,894	true	[022005, 022001, 022006, 022000, 022004]
3704	22	022005	022004	37	11.0	4.0	0,824	true	[022005, 022001, 022006, 022002, 022000, 022003, 022004]
3705	22	022005	022004	38	6.0	4.0	0,841	true	[022005, 022001, 022006, 022002, 022000, 022004]
3706	22	022005	022004	39	6.0	5.0	0,833	true	[022005, 022001, 022006, 022002, 022003, 022000, 022004]
3707	22	022005	022004	40	12.0	5.0	0,850	true	[022005, 022001, 022006, 022002, 022003, 022004]
3708	22	022005	022004	41	12.0	5.0	0,858	true	[022005, 022001, 022006, 022002, 022004]
3709	22	022005	022004	42	33.0	5.0	0,922	true	[022005, 022001, 022006, 022004]
3710	22	022005	022004	43	11.0	4.0	0,876	true	[022005, 022002, 022000, 022001, 022003, 022004]
3711	22	022005	022004	44	11.0	4.0	0,903	true	[022005, 022002, 022000, 022001, 022004]
3712	22	022005	022004	45	11.0	4.0	0,867	true	[022005, 022002, 022000, 022001, 022006, 022004]
3713	22	022005	022004	46	11.0	4.0	0,867	true	[022005, 022002, 022000, 022003, 022001, 022004]
3714	22	022005	022004	47	11.0	4.0	0,833	true	[022005, 022002, 022000, 022003, 022001, 022006, 022004]
3715	22	022005	022004	48	11.0	4.0	0,876	true	[022005, 022002, 022000, 022003, 022004]
3716	22	022005	022004	49	6.0	4.0	0,894	true	[022005, 022002, 022000, 022004]
3717	22	022005	022004	50	11.0	3.0	0,824	true	[022005, 022002, 022000, 022006, 022001, 022003, 022004]
3718	22	022005	022004	51	11.0	3.0	0,849	true	[022005, 022002, 022000, 022006, 022001, 022004]
3719	22	022005	022004	52	11.0	3.0	0,849	true	[022005, 022002, 022000, 022006, 022004]
3720	22	022005	022004	53	15.0	5.0	0,885	true	[022005, 022002, 022001, 022000, 022003, 022004]
3721	22	022005	022004	54	6.0	5.0	0,903	true	[022005, 022002, 022001, 022000, 022004]
3722	22	022005	022004	55	15.0	3.0	0,858	true	[022005, 022002, 022001, 022000, 022006, 022004]
3723	22	022005	022004	56	6.0	4.0	0,867	true	[022005, 022002, 022001, 022003, 022000, 022004]
3724	22	022005	022004	57	15.0	3.0	0,824	true	[022005, 022002, 022001, 022003, 022000, 022006, 022004]
3725	22	022005	022004	58	15.0	4.0	0,885	true	[022005, 022002, 022001, 022003, 022004]
3726	22	022005	022004	59	15.0	5.0	0,912	true	[022005, 022002, 022001, 022004]
3727	22	022005	022004	60	15.0	3.0	0,833	true	[022005, 022002, 022001, 022006, 022000, 022003, 022004]
3728	22	022005	022004	61	6.0	3.0	0,850	true	[022005, 022002, 022001, 022006, 022000, 022004]
3729	22	022005	022004	62	15.0	5.0	0,876	true	[022005, 022002, 022001, 022006, 022004]
3730	22	022005	022004	63	12.0	5.0	0,894	true	[022005, 022002, 022003, 022000, 022001, 022004]
3731	22	022005	022004	64	12.0	5.0	0,859	true	[022005, 022002, 022003, 022000, 022001, 022006, 022004]
3732	22	022005	022004	65	6.0	5.0	0,885	true	[022005, 022002, 022003, 022000, 022004]
3733	22	022005	022004	66	12.0	3.0	0,841	true	[022005, 022002, 022003, 022000, 022006, 022001, 022004]
3734	22	022005	022004	67	12.0	3.0	0,841	true	[022005, 022002, 022003, 022000, 022006, 022004]
3735	22	022005	022004	68	6.0	4.0	0,885	true	[022005, 022002, 022003, 022001, 022000, 022004]
3736	22	022005	022004	69	12.0	3.0	0,841	true	[022005, 022002, 022003, 022001, 022000, 022006, 022004]
3737	22	022005	022004	70	12.0	4.0	0,894	true	[022005, 022002, 022003, 022001, 022004]
3738	22	022005	022004	71	6.0	3.0	0,833	true	[022005, 022002, 022003, 022001, 022006, 022000, 022004]
3739	22	022005	022004	72	12.0	4.0	0,859	true	[022005, 022002, 022003, 022001, 022006, 022004]
3740	22	022005	022004	73	12.0	6.0	0,903	true	[022005, 022002, 022003, 022004]
3741	22	022005	022004	74	23.0	7.0	0,912	true	[022005, 022002, 022004]
3742	22	022005	022004	75	12.0	3.0	0,841	true	[022005, 022002, 022006, 022000, 022001, 022003, 022004]
3743	22	022005	022004	76	12.0	3.0	0,867	true	[022005, 022002, 022006, 022000, 022001, 022004]
3744	22	022005	022004	77	12.0	3.0	0,832	true	[022005, 022002, 022006, 022000, 022003, 022001, 022004]
3745	22	022005	022004	78	12.0	3.0	0,841	true	[022005, 022002, 022006, 022000, 022003, 022004]
3746	22	022005	022004	79	6.0	3.0	0,858	true	[022005, 022002, 022006, 022000, 022004]
3747	22	022005	022004	80	12.0	5.0	0,858	true	[022005, 022002, 022006, 022001, 022000, 022003, 022004]
3748	22	022005	022004	81	6.0	7.0	0,876	true	[022005, 022002, 022006, 022001, 022000, 022004]
3749	22	022005	022004	82	6.0	4.0	0,841	true	[022005, 022002, 022006, 022001, 022003, 022000, 022004]
3750	22	022005	022004	83	12.0	4.0	0,858	true	[022005, 022002, 022006, 022001, 022003, 022004]
3751	22	022005	022004	84	12.0	6.0	0,885	true	[022005, 022002, 022006, 022001, 022004]
3752	22	022005	022004	85	12.0	7.0	0,885	true	[022005, 022002, 022006, 022004]
3753	22	022005	022004	86	44.0	6.0	0,990	true	[022005, 022004]
3754	22	022005	022004	87	10.0	3.0	0,841	true	[022005, 022006, 022000, 022001, 022002, 022003, 022004]
3755	22	022005	022004	88	10.0	3.0	0,849	true	[022005, 022006, 022000, 022001, 022002, 022004]
3756	22	022005	022004	89	10.0	3.0	0,832	true	[022005, 022006, 022000, 022001, 022003, 022002, 022004]
3757	22	022005	022004	90	10.0	3.0	0,894	true	[022005, 022006, 022000, 022001, 022003, 022004]
3758	22	022005	022004	91	10.0	3.0	0,922	true	[022005, 022006, 022000, 022001, 022004]
3759	22	022005	022004	92	10.0	3.0	0,816	true	[022005, 022006, 022000, 022002, 022001, 022003, 022004]
3760	22	022005	022004	93	10.0	3.0	0,841	true	[022005, 022006, 022000, 022002, 022001, 022004]
3761	22	022005	022004	94	10.0	3.0	0,824	true	[022005, 022006, 022000, 022002, 022003, 022001, 022004]
3762	22	022005	022004	95	10.0	3.0	0,832	true	[022005, 022006, 022000, 022002, 022003, 022004]
3763	22	022005	022004	96	10.0	3.0	0,840	true	[022005, 022006, 022000, 022002, 022004]
3764	22	022005	022004	97	10.0	3.0	0,816	true	[022005, 022006, 022000, 022003, 022001, 022002, 022004]
3765	22	022005	022004	98	10.0	3.0	0,885	true	[022005, 022006, 022000, 022003, 022001, 022004]
3766	22	022005	022004	99	10.0	3.0	0,833	true	[022005, 022006, 022000, 022003, 022002, 022001, 022004]
3767	22	022005	022004	100	10.0	3.0	0,832	true	[022005, 022006, 022000, 022003, 022002, 022004]
3768	22	022005	022004	101	10.0	3.0	0,894	true	[022005, 022006, 022000, 022003, 022004]
3769	22	022005	022004	102	6.0	3.0	0,913	true	[022005, 022006, 022000, 022004]
3770	22	022005	022004	103	10.0	4.0	0,941	true	[022005, 022006, 022004]
3771	23	023002	023000	0	51.0	9.0	0,950	true	[023002, 023000]
3772	23	023002	023000	1	31.0	3.0	0,980	true	[023002, 023003, 023000]
3773	23	023002	023000	2	31.0	3.0	0,941	true	[023002, 023003, 023001, 023000]
3774	23	023002	023000	3	31.0	3.0	0,912	true	[023002, 023003, 023001, 023004, 023000]
3775	23	023002	023000	4	14.0	3.0	0,931	true	[023002, 023003, 023001, 023005, 023000]
3776	23	023002	023000	5	20.0	3.0	0,876	true	[023002, 023003, 023001, 023006, 023005, 023000]
3777	23	023002	023000	6	31.0	3.0	0,922	true	[023002, 023003, 023005, 023000]
3778	23	023002	023000	7	14.0	3.0	0,931	true	[023002, 023003, 023005, 023001, 023000]
3779	23	023002	023000	8	14.0	3.0	0,903	true	[023002, 023003, 023005, 023001, 023004, 023000]
3780	23	023002	023000	9	20.0	3.0	0,876	true	[023002, 023003, 023005, 023006, 023001, 023000]
3781	23	023002	023000	10	20.0	3.0	0,850	true	[023002, 023003, 023005, 023006, 023001, 023004, 023000]
3782	23	023002	023000	11	31.0	3.0	0,885	true	[023002, 023003, 023006, 023001, 023000]
3783	23	023002	023000	12	31.0	3.0	0,858	true	[023002, 023003, 023006, 023001, 023004, 023000]
3784	23	023002	023000	13	14.0	3.0	0,875	true	[023002, 023003, 023006, 023001, 023005, 023000]
3785	23	023002	023000	14	20.0	3.0	0,875	true	[023002, 023003, 023006, 023005, 023000]
3786	23	023002	023000	15	14.0	3.0	0,885	true	[023002, 023003, 023006, 023005, 023001, 023000]
3787	23	023002	023000	16	14.0	3.0	0,858	true	[023002, 023003, 023006, 023005, 023001, 023004, 023000]
3788	23	023002	023000	17	26.0	8.0	0,941	true	[023002, 023004, 023000]
3789	23	023002	023000	18	26.0	5.0	0,876	true	[023002, 023004, 023001, 023000]
3790	23	023002	023000	19	26.0	4.0	0,876	true	[023002, 023004, 023001, 023003, 023000]
3791	23	023002	023000	20	26.0	4.0	0,824	true	[023002, 023004, 023001, 023003, 023005, 023000]
3792	23	023002	023000	21	20.0	5.0	0,782	true	[023002, 023004, 023001, 023003, 023006, 023005, 023000]
3793	23	023002	023000	22	14.0	7.0	0,866	true	[023002, 023004, 023001, 023005, 023000]
3794	23	023002	023000	23	14.0	4.0	0,867	true	[023002, 023004, 023001, 023005, 023003, 023000]
3795	23	023002	023000	24	14.0	4.0	0,824	true	[023002, 023004, 023001, 023005, 023006, 023003, 023000]
3796	23	023002	023000	25	26.0	4.0	0,824	true	[023002, 023004, 023001, 023006, 023003, 023000]
3797	23	023002	023000	26	26.0	4.0	0,774	true	[023002, 023004, 023001, 023006, 023003, 023005, 023000]
3798	23	023002	023000	27	20.0	5.0	0,815	true	[023002, 023004, 023001, 023006, 023005, 023000]
3799	23	023002	023000	28	20.0	4.0	0,816	true	[023002, 023004, 023001, 023006, 023005, 023003, 023000]
3800	23	023002	023000	29	40.0	5.0	0,885	true	[023002, 023006, 023001, 023000]
3801	23	023002	023000	30	37.0	4.0	0,885	true	[023002, 023006, 023001, 023003, 023000]
3802	23	023002	023000	31	42.0	4.0	0,832	true	[023002, 023006, 023001, 023003, 023005, 023000]
3803	23	023002	023000	32	34.0	7.0	0,858	true	[023002, 023006, 023001, 023004, 023000]
3804	23	023002	023000	33	14.0	7.0	0,875	true	[023002, 023006, 023001, 023005, 023000]
3805	23	023002	023000	34	14.0	4.0	0,876	true	[023002, 023006, 023001, 023005, 023003, 023000]
3806	23	023002	023000	35	34.0	4.0	0,884	true	[023002, 023006, 023003, 023000]
3807	23	023002	023000	36	34.0	5.0	0,849	true	[023002, 023006, 023003, 023001, 023000]
3808	23	023002	023000	37	34.0	7.0	0,823	true	[023002, 023006, 023003, 023001, 023004, 023000]
3809	23	023002	023000	38	14.0	8.0	0,840	true	[023002, 023006, 023003, 023001, 023005, 023000]
3810	23	023002	023000	39	34.0	4.0	0,832	true	[023002, 023006, 023003, 023005, 023000]
3811	23	023002	023000	40	14.0	4.0	0,840	true	[023002, 023006, 023003, 023005, 023001, 023000]
3812	23	023002	023000	41	14.0	4.0	0,815	true	[023002, 023006, 023003, 023005, 023001, 023004, 023000]
3813	23	023002	023000	42	20.0	5.0	0,875	true	[023002, 023006, 023005, 023000]
3814	23	023002	023000	43	14.0	5.0	0,885	true	[023002, 023006, 023005, 023001, 023000]
3815	23	023002	023000	44	14.0	4.0	0,885	true	[023002, 023006, 023005, 023001, 023003, 023000]
3816	23	023002	023000	45	14.0	5.0	0,858	true	[023002, 023006, 023005, 023001, 023004, 023000]
3817	23	023002	023000	46	20.0	4.0	0,876	true	[023002, 023006, 023005, 023003, 023000]
3818	23	023002	023000	47	20.0	4.0	0,841	true	[023002, 023006, 023005, 023003, 023001, 023000]
3819	23	023002	023000	48	20.0	4.0	0,816	true	[023002, 023006, 023005, 023003, 023001, 023004, 023000]
3820	-1	000002	001004	0	100.0	38.0	0,995	true	[000002, 001004]
3821	-1	000004	005006	0	110.0	28.0	0,998	true	[000004, 005006]
3822	-1	001000	002003	0	145.0	29.0	0,998	true	[001000, 002003]
3823	-1	001006	005000	0	130.0	47.0	0,998	true	[001006, 005000]
3824	-1	002001	003006	0	140.0	35.0	0,996	true	[002001, 003006]
3825	-1	002000	004003	0	150.0	48.0	0,997	true	[002000, 004003]
3826	-1	002005	006004	0	100.0	31.0	0,995	true	[002005, 006004]
3827	-1	003004	004006	0	135.0	50.0	0,998	true	[003004, 004006]
3828	-1	003003	006002	0	105.0	34.0	0,995	true	[003003, 006002]
3829	-1	004004	007003	0	110.0	37.0	0,999	true	[004004, 007003]
3830	-1	005003	006000	0	105.0	30.0	0,996	true	[005003, 006000]
3831	-1	005002	008004	0	105.0	31.0	0,998	true	[005002, 008004]
3832	-1	005004	010003	0	100.0	21.0	0,995	true	[005004, 010003]
3833	-1	006001	007000	0	145.0	46.0	0,996	true	[006001, 007000]
3834	-1	006006	008005	0	120.0	30.0	0,999	true	[006006, 008005]
3835	-1	007001	009003	0	140.0	47.0	0,999	true	[007001, 009003]
3836	-1	008001	009006	0	135.0	41.0	0,999	true	[008001, 009006]
3837	-1	008003	010006	0	130.0	49.0	0,999	true	[008003, 010006]
3838	-1	008006	011002	0	100.0	27.0	0,997	true	[008006, 011002]
3839	-1	009001	012000	0	120.0	34.0	0,995	true	[009001, 012000]
3840	-1	010004	011005	0	145.0	28.0	0,996	true	[010004, 011005]
3841	-1	010000	014000	0	100.0	44.0	0,998	true	[010000, 014000]
3842	-1	011000	012003	0	120.0	21.0	0,999	true	[011000, 012003]
3843	-1	011001	015005	0	140.0	30.0	0,996	true	[011001, 015005]
3844	-1	012001	013000	0	130.0	24.0	0,998	true	[012001, 013000]
3845	-1	012006	016003	0	135.0	21.0	0,998	true	[012006, 016003]
3846	-1	013005	017002	0	145.0	34.0	0,998	true	[013005, 017002]
3847	-1	014003	015003	0	115.0	34.0	0,999	true	[014003, 015003]
3848	-1	014004	018006	0	130.0	28.0	0,996	true	[014004, 018006]
3849	-1	014005	019004	0	150.0	44.0	0,999	true	[014005, 019004]
3850	-1	015001	016002	0	120.0	35.0	0,999	true	[015001, 016002]
3851	-1	015006	020002	0	150.0	24.0	0,997	true	[015006, 020002]
3852	-1	015004	021006	0	125.0	29.0	0,998	true	[015004, 021006]
3853	-1	016004	017003	0	105.0	48.0	0,996	true	[016004, 017003]
3854	-1	016001	021003	0	145.0	43.0	0,997	true	[016001, 021003]
3855	-1	016005	022005	0	125.0	34.0	0,999	true	[016005, 022005]
3856	-1	017004	023002	0	140.0	25.0	0,999	true	[017004, 023002]
3857	-1	018003	019000	0	100.0	50.0	0,998	true	[018003, 019000]
3858	-1	019001	020000	0	135.0	48.0	0,997	true	[019001, 020000]
3859	-1	020001	021005	0	120.0	33.0	0,998	true	[020001, 021005]
3860	-1	021000	022004	0	110.0	47.0	0,996	true	[021000, 022004]
3861	-1	022000	023000	0	145.0	35.0	0,998	true	[022000, 023000]
