TransactionId	ASId	Ingress	Egress	PathletId	Bandwidth	Delay	Reliability	Status	Full Path
3862	0	000005	000004	0	12.0	4.0	0,876	true	[000005, 000000, 000001, 000002, 000004]
3863	0	000005	000004	1	6.0	4.0	0,832	true	[000005, 000000, 000001, 000002, 000006, 000003, 000004]
3864	0	000005	000004	2	6.0	4.0	0,782	true	[000005, 000000, 000001, 000002, 000006, 000003, 000007, 000004]
3865	0	000005	000004	3	12.0	4.0	0,849	true	[000005, 000000, 000001, 000002, 000006, 000004]
3866	0	000005	000004	4	12.0	4.0	0,824	true	[000005, 000000, 000001, 000002, 000007, 000003, 000004]
3867	0	000005	000004	5	6.0	4.0	0,824	true	[000005, 000000, 000001, 000002, 000007, 000003, 000006, 000004]
3868	0	000005	000004	6	12.0	4.0	0,823	true	[000005, 000000, 000001, 000002, 000007, 000004]
3869	0	000005	000004	7	39.0	8.0	0,866	true	[000005, 000000, 000001, 000004]
3870	0	000005	000004	8	37.0	6.0	0,807	true	[000005, 000000, 000001, 000007, 000002, 000004]
3871	0	000005	000004	9	6.0	4.0	0,767	true	[000005, 000000, 000001, 000007, 000002, 000006, 000003, 000004]
3872	0	000005	000004	10	17.0	4.0	0,782	true	[000005, 000000, 000001, 000007, 000002, 000006, 000004]
3873	0	000005	000004	11	22.0	4.0	0,824	true	[000005, 000000, 000001, 000007, 000003, 000004]
3874	0	000005	000004	12	6.0	4.0	0,767	true	[000005, 000000, 000001, 000007, 000003, 000006, 000002, 000004]
3875	0	000005	000004	13	6.0	4.0	0,824	true	[000005, 000000, 000001, 000007, 000003, 000006, 000004]
3876	0	000005	000004	14	37.0	8.0	0,823	true	[000005, 000000, 000001, 000007, 000004]
3877	0	000005	000004	15	11.0	4.0	0,884	true	[000005, 000000, 000003, 000004]
3878	0	000005	000004	16	6.0	4.0	0,798	true	[000005, 000000, 000003, 000006, 000002, 000001, 000004]
3879	0	000005	000004	17	6.0	4.0	0,758	true	[000005, 000000, 000003, 000006, 000002, 000001, 000007, 000004]
3880	0	000005	000004	18	6.0	4.0	0,823	true	[000005, 000000, 000003, 000006, 000002, 000004]
3881	0	000005	000004	19	6.0	4.0	0,735	true	[000005, 000000, 000003, 000006, 000002, 000007, 000001, 000004]
3882	0	000005	000004	20	6.0	4.0	0,774	true	[000005, 000000, 000003, 000006, 000002, 000007, 000004]
3883	0	000005	000004	21	6.0	6.0	0,885	true	[000005, 000000, 000003, 000006, 000004]
3884	0	000005	000004	22	11.0	4.0	0,799	true	[000005, 000000, 000003, 000007, 000001, 000002, 000004]
3885	0	000005	000004	23	11.0	4.0	0,774	true	[000005, 000000, 000003, 000007, 000001, 000002, 000006, 000004]
3886	0	000005	000004	24	11.0	4.0	0,790	true	[000005, 000000, 000003, 000007, 000001, 000004]
3887	0	000005	000004	25	11.0	4.0	0,790	true	[000005, 000000, 000003, 000007, 000002, 000001, 000004]
3888	0	000005	000004	26	11.0	4.0	0,815	true	[000005, 000000, 000003, 000007, 000002, 000004]
3889	0	000005	000004	27	11.0	4.0	0,790	true	[000005, 000000, 000003, 000007, 000002, 000006, 000004]
3890	0	000005	000004	28	11.0	4.0	0,832	true	[000005, 000000, 000003, 000007, 000004]
3891	0	000005	000004	29	38.0	6.0	0,931	true	[000005, 000000, 000004]
3892	0	000005	000004	30	12.0	4.0	0,815	true	[000005, 000000, 000006, 000002, 000001, 000004]
3893	0	000005	000004	31	12.0	4.0	0,775	true	[000005, 000000, 000006, 000002, 000001, 000007, 000003, 000004]
3894	0	000005	000004	32	12.0	4.0	0,774	true	[000005, 000000, 000006, 000002, 000001, 000007, 000004]
3895	0	000005	000004	33	17.0	4.0	0,840	true	[000005, 000000, 000006, 000002, 000004]
3896	0	000005	000004	34	17.0	4.0	0,751	true	[000005, 000000, 000006, 000002, 000007, 000001, 000004]
3897	0	000005	000004	35	17.0	4.0	0,791	true	[000005, 000000, 000006, 000002, 000007, 000003, 000004]
3898	0	000005	000004	36	17.0	4.0	0,790	true	[000005, 000000, 000006, 000002, 000007, 000004]
3899	0	000005	000004	37	6.0	4.0	0,885	true	[000005, 000000, 000006, 000003, 000004]
3900	0	000005	000004	38	6.0	4.0	0,799	true	[000005, 000000, 000006, 000003, 000007, 000001, 000002, 000004]
3901	0	000005	000004	39	6.0	4.0	0,790	true	[000005, 000000, 000006, 000003, 000007, 000001, 000004]
3902	0	000005	000004	40	6.0	4.0	0,791	true	[000005, 000000, 000006, 000003, 000007, 000002, 000001, 000004]
3903	0	000005	000004	41	6.0	4.0	0,816	true	[000005, 000000, 000006, 000003, 000007, 000002, 000004]
3904	0	000005	000004	42	6.0	4.0	0,832	true	[000005, 000000, 000006, 000003, 000007, 000004]
3905	0	000005	000004	43	29.0	6.0	0,903	true	[000005, 000000, 000006, 000004]
3906	0	000005	000004	44	12.0	4.0	0,841	true	[000005, 000000, 000007, 000001, 000002, 000004]
3907	0	000005	000004	45	6.0	4.0	0,799	true	[000005, 000000, 000007, 000001, 000002, 000006, 000003, 000004]
3908	0	000005	000004	46	12.0	4.0	0,815	true	[000005, 000000, 000007, 000001, 000002, 000006, 000004]
3909	0	000005	000004	47	37.0	4.0	0,832	true	[000005, 000000, 000007, 000001, 000004]
3910	0	000005	000004	48	12.0	4.0	0,832	true	[000005, 000000, 000007, 000002, 000001, 000004]
3911	0	000005	000004	49	46.0	4.0	0,858	true	[000005, 000000, 000007, 000002, 000004]
3912	0	000005	000004	50	6.0	4.0	0,815	true	[000005, 000000, 000007, 000002, 000006, 000003, 000004]
3913	0	000005	000004	51	17.0	4.0	0,832	true	[000005, 000000, 000007, 000002, 000006, 000004]
3914	0	000005	000004	52	22.0	4.0	0,876	true	[000005, 000000, 000007, 000003, 000004]
3915	0	000005	000004	53	6.0	4.0	0,791	true	[000005, 000000, 000007, 000003, 000006, 000002, 000001, 000004]
3916	0	000005	000004	54	6.0	4.0	0,815	true	[000005, 000000, 000007, 000003, 000006, 000002, 000004]
3917	0	000005	000004	55	6.0	4.0	0,876	true	[000005, 000000, 000007, 000003, 000006, 000004]
3918	0	000005	000004	56	48.0	4.0	0,875	true	[000005, 000000, 000007, 000004]
3919	0	000005	000004	57	11.0	4.0	0,885	true	[000005, 000001, 000000, 000003, 000004]
3920	0	000005	000004	58	6.0	4.0	0,824	true	[000005, 000001, 000000, 000003, 000006, 000002, 000004]
3921	0	000005	000004	59	6.0	4.0	0,774	true	[000005, 000001, 000000, 000003, 000006, 000002, 000007, 000004]
3922	0	000005	000004	60	6.0	4.0	0,885	true	[000005, 000001, 000000, 000003, 000006, 000004]
3923	0	000005	000004	61	11.0	4.0	0,816	true	[000005, 000001, 000000, 000003, 000007, 000002, 000004]
3924	0	000005	000004	62	11.0	4.0	0,791	true	[000005, 000001, 000000, 000003, 000007, 000002, 000006, 000004]
3925	0	000005	000004	63	11.0	4.0	0,832	true	[000005, 000001, 000000, 000003, 000007, 000004]
3926	0	000005	000004	64	11.0	4.0	0,931	true	[000005, 000001, 000000, 000004]
3927	0	000005	000004	65	11.0	4.0	0,841	true	[000005, 000001, 000000, 000006, 000002, 000004]
3928	0	000005	000004	66	11.0	4.0	0,791	true	[000005, 000001, 000000, 000006, 000002, 000007, 000003, 000004]
3929	0	000005	000004	67	11.0	4.0	0,790	true	[000005, 000001, 000000, 000006, 000002, 000007, 000004]
3930	0	000005	000004	68	6.0	4.0	0,885	true	[000005, 000001, 000000, 000006, 000003, 000004]
3931	0	000005	000004	69	6.0	4.0	0,816	true	[000005, 000001, 000000, 000006, 000003, 000007, 000002, 000004]
3932	0	000005	000004	70	6.0	4.0	0,832	true	[000005, 000001, 000000, 000006, 000003, 000007, 000004]
3933	0	000005	000004	71	11.0	4.0	0,903	true	[000005, 000001, 000000, 000006, 000004]
3934	0	000005	000004	72	11.0	4.0	0,858	true	[000005, 000001, 000000, 000007, 000002, 000004]
3935	0	000005	000004	73	6.0	4.0	0,816	true	[000005, 000001, 000000, 000007, 000002, 000006, 000003, 000004]
3936	0	000005	000004	74	11.0	4.0	0,832	true	[000005, 000001, 000000, 000007, 000002, 000006, 000004]
3937	0	000005	000004	75	11.0	4.0	0,876	true	[000005, 000001, 000000, 000007, 000003, 000004]
3938	0	000005	000004	76	6.0	4.0	0,816	true	[000005, 000001, 000000, 000007, 000003, 000006, 000002, 000004]
3939	0	000005	000004	77	6.0	4.0	0,876	true	[000005, 000001, 000000, 000007, 000003, 000006, 000004]
3940	0	000005	000004	78	11.0	4.0	0,876	true	[000005, 000001, 000000, 000007, 000004]
3941	0	000005	000004	79	11.0	4.0	0,951	true	[000005, 000001, 000002, 000004]
3942	0	000005	000004	80	11.0	4.0	0,832	true	[000005, 000001, 000002, 000006, 000000, 000003, 000004]
3943	0	000005	000004	81	11.0	4.0	0,782	true	[000005, 000001, 000002, 000006, 000000, 000003, 000007, 000004]
3944	0	000005	000004	82	11.0	4.0	0,876	true	[000005, 000001, 000002, 000006, 000000, 000004]
3945	0	000005	000004	83	11.0	4.0	0,824	true	[000005, 000001, 000002, 000006, 000000, 000007, 000003, 000004]
3946	0	000005	000004	84	11.0	4.0	0,824	true	[000005, 000001, 000002, 000006, 000000, 000007, 000004]
3947	0	000005	000004	85	6.0	4.0	0,858	true	[000005, 000001, 000002, 000006, 000003, 000000, 000004]
3948	0	000005	000004	86	6.0	4.0	0,807	true	[000005, 000001, 000002, 000006, 000003, 000000, 000007, 000004]
3949	0	000005	000004	87	6.0	4.0	0,903	true	[000005, 000001, 000002, 000006, 000003, 000004]
3950	0	000005	000004	88	6.0	4.0	0,850	true	[000005, 000001, 000002, 000006, 000003, 000007, 000000, 000004]
3951	0	000005	000004	89	6.0	4.0	0,849	true	[000005, 000001, 000002, 000006, 000003, 000007, 000004]
3952	0	000005	000004	90	11.0	4.0	0,922	true	[000005, 000001, 000002, 000006, 000004]
3953	0	000005	000004	91	11.0	4.0	0,850	true	[000005, 000001, 000002, 000007, 000000, 000003, 000004]
3954	0	000005	000004	92	6.0	4.0	0,850	true	[000005, 000001, 000002, 000007, 000000, 000003, 000006, 000004]
3955	0	000005	000004	93	11.0	4.0	0,894	true	[000005, 000001, 000002, 000007, 000000, 000004]
3956	0	000005	000004	94	6.0	4.0	0,850	true	[000005, 000001, 000002, 000007, 000000, 000006, 000003, 000004]
3957	0	000005	000004	95	11.0	4.0	0,867	true	[000005, 000001, 000002, 000007, 000000, 000006, 000004]
3958	0	000005	000004	96	11.0	4.0	0,850	true	[000005, 000001, 000002, 000007, 000003, 000000, 000004]
3959	0	000005	000004	97	11.0	4.0	0,824	true	[000005, 000001, 000002, 000007, 000003, 000000, 000006, 000004]
3960	0	000005	000004	98	11.0	4.0	0,894	true	[000005, 000001, 000002, 000007, 000003, 000004]
3961	0	000005	000004	99	6.0	4.0	0,850	true	[000005, 000001, 000002, 000007, 000003, 000006, 000000, 000004]
3962	0	000005	000004	100	6.0	4.0	0,895	true	[000005, 000001, 000002, 000007, 000003, 000006, 000004]
3963	0	000005	000004	101	11.0	4.0	0,894	true	[000005, 000001, 000002, 000007, 000004]
3964	0	000005	000004	102	11.0	4.0	0,941	true	[000005, 000001, 000004]
3965	0	000005	000004	103	20.0	3.0	0,970	true	[000005, 000004]
3966	1	001002	001007	0	10.0	3.0	0,767	true	[001002, 001000, 001003, 001004, 001001, 001005, 001006, 001007]
3967	1	001002	001007	1	10.0	4.0	0,832	true	[001002, 001000, 001003, 001004, 001001, 001005, 001007]
3968	1	001002	001007	2	10.0	4.0	0,766	true	[001002, 001000, 001003, 001004, 001001, 001006, 001005, 001007]
3969	1	001002	001007	3	10.0	3.0	0,783	true	[001002, 001000, 001003, 001004, 001001, 001006, 001007]
3970	1	001002	001007	4	10.0	3.0	0,775	true	[001002, 001000, 001003, 001004, 001005, 001001, 001006, 001007]
3971	1	001002	001007	5	10.0	3.0	0,791	true	[001002, 001000, 001003, 001004, 001005, 001006, 001007]
3972	1	001002	001007	6	10.0	4.0	0,858	true	[001002, 001000, 001003, 001004, 001005, 001007]
3973	1	001002	001007	7	10.0	4.0	0,799	true	[001002, 001000, 001003, 001004, 001006, 001001, 001005, 001007]
3974	1	001002	001007	8	10.0	4.0	0,815	true	[001002, 001000, 001003, 001004, 001006, 001005, 001007]
3975	1	001002	001007	9	10.0	3.0	0,832	true	[001002, 001000, 001003, 001004, 001006, 001007]
3976	1	001002	001007	10	10.0	4.0	0,885	true	[001002, 001000, 001003, 001004, 001007]
3977	1	001002	001007	11	6.0	3.0	0,775	true	[001002, 001000, 001003, 001005, 001001, 001004, 001006, 001007]
3978	1	001002	001007	12	6.0	4.0	0,824	true	[001002, 001000, 001003, 001005, 001001, 001004, 001007]
3979	1	001002	001007	13	6.0	4.0	0,791	true	[001002, 001000, 001003, 001005, 001001, 001006, 001004, 001007]
3980	1	001002	001007	14	6.0	3.0	0,807	true	[001002, 001000, 001003, 001005, 001001, 001006, 001007]
3981	1	001002	001007	15	6.0	3.0	0,751	true	[001002, 001000, 001003, 001005, 001004, 001001, 001006, 001007]
3982	1	001002	001007	16	6.0	3.0	0,799	true	[001002, 001000, 001003, 001005, 001004, 001006, 001007]
3983	1	001002	001007	17	6.0	4.0	0,850	true	[001002, 001000, 001003, 001005, 001004, 001007]
3984	1	001002	001007	18	6.0	4.0	0,759	true	[001002, 001000, 001003, 001005, 001006, 001001, 001004, 001007]
3985	1	001002	001007	19	6.0	4.0	0,807	true	[001002, 001000, 001003, 001005, 001006, 001004, 001007]
3986	1	001002	001007	20	6.0	3.0	0,824	true	[001002, 001000, 001003, 001005, 001006, 001007]
3987	1	001002	001007	21	6.0	4.0	0,894	true	[001002, 001000, 001003, 001005, 001007]
3988	1	001002	001007	22	10.0	4.0	0,774	true	[001002, 001000, 001003, 001006, 001001, 001004, 001005, 001007]
3989	1	001002	001007	23	10.0	4.0	0,799	true	[001002, 001000, 001003, 001006, 001001, 001004, 001007]
3990	1	001002	001007	24	10.0	4.0	0,791	true	[001002, 001000, 001003, 001006, 001001, 001005, 001004, 001007]
3991	1	001002	001007	25	10.0	4.0	0,832	true	[001002, 001000, 001003, 001006, 001001, 001005, 001007]
3992	1	001002	001007	26	10.0	4.0	0,799	true	[001002, 001000, 001003, 001006, 001004, 001001, 001005, 001007]
3993	1	001002	001007	27	10.0	4.0	0,824	true	[001002, 001000, 001003, 001006, 001004, 001005, 001007]
3994	1	001002	001007	28	10.0	4.0	0,850	true	[001002, 001000, 001003, 001006, 001004, 001007]
3995	1	001002	001007	29	10.0	4.0	0,783	true	[001002, 001000, 001003, 001006, 001005, 001001, 001004, 001007]
3996	1	001002	001007	30	10.0	4.0	0,807	true	[001002, 001000, 001003, 001006, 001005, 001004, 001007]
3997	1	001002	001007	31	10.0	4.0	0,849	true	[001002, 001000, 001003, 001006, 001005, 001007]
3998	1	001002	001007	32	10.0	3.0	0,867	true	[001002, 001000, 001003, 001006, 001007]
3999	1	001002	001007	33	10.0	4.0	0,922	true	[001002, 001000, 001003, 001007]
4000	1	001002	001007	34	6.0	3.0	0,775	true	[001002, 001000, 001004, 001001, 001005, 001003, 001006, 001007]
4001	1	001002	001007	35	6.0	4.0	0,824	true	[001002, 001000, 001004, 001001, 001005, 001003, 001007]
4002	1	001002	001007	36	15.0	4.0	0,783	true	[001002, 001000, 001004, 001001, 001005, 001006, 001003, 001007]
4003	1	001002	001007	37	15.0	3.0	0,816	true	[001002, 001000, 001004, 001001, 001005, 001006, 001007]
4004	1	001002	001007	38	15.0	4.0	0,885	true	[001002, 001000, 001004, 001001, 001005, 001007]
4005	1	001002	001007	39	6.0	4.0	0,774	true	[001002, 001000, 001004, 001001, 001006, 001003, 001005, 001007]
4006	1	001002	001007	40	15.0	4.0	0,799	true	[001002, 001000, 001004, 001001, 001006, 001003, 001007]
4007	1	001002	001007	41	6.0	4.0	0,759	true	[001002, 001000, 001004, 001001, 001006, 001005, 001003, 001007]
4008	1	001002	001007	42	15.0	4.0	0,815	true	[001002, 001000, 001004, 001001, 001006, 001005, 001007]
4009	1	001002	001007	43	15.0	3.0	0,832	true	[001002, 001000, 001004, 001001, 001006, 001007]
4010	1	001002	001007	44	6.0	3.0	0,775	true	[001002, 001000, 001004, 001003, 001005, 001001, 001006, 001007]
4011	1	001002	001007	45	6.0	3.0	0,791	true	[001002, 001000, 001004, 001003, 001005, 001006, 001007]
4012	1	001002	001007	46	6.0	5.0	0,858	true	[001002, 001000, 001004, 001003, 001005, 001007]
4013	1	001002	001007	47	23.0	5.0	0,799	true	[001002, 001000, 001004, 001003, 001006, 001001, 001005, 001007]
4014	1	001002	001007	48	22.0	5.0	0,815	true	[001002, 001000, 001004, 001003, 001006, 001005, 001007]
4015	1	001002	001007	49	20.0	3.0	0,832	true	[001002, 001000, 001004, 001003, 001006, 001007]
4016	1	001002	001007	50	25.0	5.0	0,885	true	[001002, 001000, 001004, 001003, 001007]
4017	1	001002	001007	51	25.0	4.0	0,791	true	[001002, 001000, 001004, 001005, 001001, 001006, 001003, 001007]
4018	1	001002	001007	52	20.0	3.0	0,824	true	[001002, 001000, 001004, 001005, 001001, 001006, 001007]
4019	1	001002	001007	53	6.0	3.0	0,799	true	[001002, 001000, 001004, 001005, 001003, 001006, 001007]
4020	1	001002	001007	54	6.0	4.0	0,850	true	[001002, 001000, 001004, 001005, 001003, 001007]
4021	1	001002	001007	55	22.0	4.0	0,807	true	[001002, 001000, 001004, 001005, 001006, 001003, 001007]
4022	1	001002	001007	56	20.0	3.0	0,841	true	[001002, 001000, 001004, 001005, 001006, 001007]
4023	1	001002	001007	57	23.0	4.0	0,913	true	[001002, 001000, 001004, 001005, 001007]
4024	1	001002	001007	58	6.0	5.0	0,791	true	[001002, 001000, 001004, 001006, 001001, 001005, 001003, 001007]
4025	1	001002	001007	59	23.0	5.0	0,850	true	[001002, 001000, 001004, 001006, 001001, 001005, 001007]
4026	1	001002	001007	60	6.0	5.0	0,824	true	[001002, 001000, 001004, 001006, 001003, 001005, 001007]
4027	1	001002	001007	61	25.0	5.0	0,850	true	[001002, 001000, 001004, 001006, 001003, 001007]
4028	1	001002	001007	62	6.0	5.0	0,807	true	[001002, 001000, 001004, 001006, 001005, 001003, 001007]
4029	1	001002	001007	63	22.0	5.0	0,867	true	[001002, 001000, 001004, 001006, 001005, 001007]
4030	1	001002	001007	64	20.0	3.0	0,885	true	[001002, 001000, 001004, 001006, 001007]
4031	1	001002	001007	65	26.0	5.0	0,941	true	[001002, 001000, 001004, 001007]
4032	1	001002	001007	66	14.0	3.0	0,783	true	[001002, 001000, 001005, 001001, 001004, 001003, 001006, 001007]
4033	1	001002	001007	67	14.0	4.0	0,832	true	[001002, 001000, 001005, 001001, 001004, 001003, 001007]
4034	1	001002	001007	68	14.0	4.0	0,799	true	[001002, 001000, 001005, 001001, 001004, 001006, 001003, 001007]
4035	1	001002	001007	69	14.0	3.0	0,833	true	[001002, 001000, 001005, 001001, 001004, 001006, 001007]
4036	1	001002	001007	70	14.0	4.0	0,885	true	[001002, 001000, 001005, 001001, 001004, 001007]
4037	1	001002	001007	71	14.0	5.0	0,799	true	[001002, 001000, 001005, 001001, 001006, 001003, 001004, 001007]
4038	1	001002	001007	72	14.0	5.0	0,832	true	[001002, 001000, 001005, 001001, 001006, 001003, 001007]
4039	1	001002	001007	73	14.0	5.0	0,799	true	[001002, 001000, 001005, 001001, 001006, 001004, 001003, 001007]
4040	1	001002	001007	74	14.0	5.0	0,850	true	[001002, 001000, 001005, 001001, 001006, 001004, 001007]
4041	1	001002	001007	75	14.0	3.0	0,867	true	[001002, 001000, 001005, 001001, 001006, 001007]
4042	1	001002	001007	76	6.0	3.0	0,759	true	[001002, 001000, 001005, 001003, 001004, 001001, 001006, 001007]
4043	1	001002	001007	77	6.0	3.0	0,807	true	[001002, 001000, 001005, 001003, 001004, 001006, 001007]
4044	1	001002	001007	78	6.0	5.0	0,858	true	[001002, 001000, 001005, 001003, 001004, 001007]
4045	1	001002	001007	79	6.0	4.0	0,774	true	[001002, 001000, 001005, 001003, 001006, 001001, 001004, 001007]
4046	1	001002	001007	80	6.0	5.0	0,824	true	[001002, 001000, 001005, 001003, 001006, 001004, 001007]
4047	1	001002	001007	81	6.0	3.0	0,841	true	[001002, 001000, 001005, 001003, 001006, 001007]
4048	1	001002	001007	82	6.0	5.0	0,894	true	[001002, 001000, 001005, 001003, 001007]
4049	1	001002	001007	83	14.0	4.0	0,775	true	[001002, 001000, 001005, 001004, 001001, 001006, 001003, 001007]
4050	1	001002	001007	84	14.0	3.0	0,807	true	[001002, 001000, 001005, 001004, 001001, 001006, 001007]
4051	1	001002	001007	85	14.0	3.0	0,807	true	[001002, 001000, 001005, 001004, 001003, 001006, 001007]
4052	1	001002	001007	86	14.0	4.0	0,858	true	[001002, 001000, 001005, 001004, 001003, 001007]
4053	1	001002	001007	87	14.0	4.0	0,824	true	[001002, 001000, 001005, 001004, 001006, 001003, 001007]
4054	1	001002	001007	88	14.0	3.0	0,858	true	[001002, 001000, 001005, 001004, 001006, 001007]
4055	1	001002	001007	89	14.0	4.0	0,913	true	[001002, 001000, 001005, 001004, 001007]
4056	1	001002	001007	90	14.0	4.0	0,767	true	[001002, 001000, 001005, 001006, 001001, 001004, 001003, 001007]
4057	1	001002	001007	91	14.0	4.0	0,815	true	[001002, 001000, 001005, 001006, 001001, 001004, 001007]
4058	1	001002	001007	92	14.0	5.0	0,815	true	[001002, 001000, 001005, 001006, 001003, 001004, 001007]
4059	1	001002	001007	93	14.0	5.0	0,849	true	[001002, 001000, 001005, 001006, 001003, 001007]
4060	1	001002	001007	94	14.0	5.0	0,815	true	[001002, 001000, 001005, 001006, 001004, 001003, 001007]
4061	1	001002	001007	95	14.0	5.0	0,867	true	[001002, 001000, 001005, 001006, 001004, 001007]
4062	1	001002	001007	96	14.0	3.0	0,885	true	[001002, 001000, 001005, 001006, 001007]
4063	1	001002	001007	97	14.0	5.0	0,960	true	[001002, 001000, 001005, 001007]
4064	1	001002	001007	98	6.0	4.0	0,782	true	[001002, 001000, 001006, 001001, 001004, 001003, 001005, 001007]
4065	1	001002	001007	99	10.0	4.0	0,807	true	[001002, 001000, 001006, 001001, 001004, 001003, 001007]
4066	1	001002	001007	100	6.0	4.0	0,775	true	[001002, 001000, 001006, 001001, 001004, 001005, 001003, 001007]
4067	1	001002	001007	101	10.0	4.0	0,832	true	[001002, 001000, 001006, 001001, 001004, 001005, 001007]
4068	1	001002	001007	102	10.0	4.0	0,858	true	[001002, 001000, 001006, 001001, 001004, 001007]
4069	1	001002	001007	103	10.0	3.0	0,931	true	[001002, 001000, 001006, 001007]
4070	1	001002	001007	104	16.0	3.0	0,970	true	[001002, 001000, 001007]
4071	1	001002	001007	105	51.0	8.0	0,970	true	[001002, 001007]
4072	2	002005	002003	0	11.0	3.0	0,894	true	[002005, 002002, 002001, 002000, 002004, 002003]
4073	2	002005	002003	1	11.0	3.0	0,885	true	[002005, 002002, 002001, 002000, 002006, 002004, 002003]
4074	2	002005	002003	2	11.0	3.0	0,876	true	[002005, 002002, 002001, 002000, 002007, 002003]
4075	2	002005	002003	3	11.0	3.0	0,885	true	[002005, 002002, 002001, 002004, 002000, 002007, 002003]
4076	2	002005	002003	4	11.0	3.0	0,960	true	[002005, 002002, 002001, 002004, 002003]
4077	2	002005	002003	5	11.0	3.0	0,876	true	[002005, 002002, 002001, 002004, 002006, 002000, 002007, 002003]
4078	2	002005	002003	6	11.0	3.0	0,876	true	[002005, 002002, 002001, 002007, 002000, 002004, 002003]
4079	2	002005	002003	7	11.0	3.0	0,867	true	[002005, 002002, 002001, 002007, 002000, 002006, 002004, 002003]
4080	2	002005	002003	8	11.0	3.0	0,894	true	[002005, 002002, 002001, 002007, 002003]
4081	2	002005	002003	9	15.0	3.0	0,824	true	[002005, 002002, 002004, 002000, 002001, 002007, 002003]
4082	2	002005	002003	10	17.0	3.0	0,876	true	[002005, 002002, 002004, 002000, 002007, 002003]
4083	2	002005	002003	11	17.0	3.0	0,867	true	[002005, 002002, 002004, 002001, 002000, 002007, 002003]
4084	2	002005	002003	12	15.0	3.0	0,885	true	[002005, 002002, 002004, 002001, 002007, 002003]
4085	2	002005	002003	13	17.0	6.0	0,950	true	[002005, 002002, 002004, 002003]
4086	2	002005	002003	14	15.0	3.0	0,816	true	[002005, 002002, 002004, 002006, 002000, 002001, 002007, 002003]
4087	2	002005	002003	15	17.0	3.0	0,868	true	[002005, 002002, 002004, 002006, 002000, 002007, 002003]
4088	2	002005	002003	16	13.0	3.0	0,903	true	[002005, 002002, 002006, 002000, 002001, 002004, 002003]
4089	2	002005	002003	17	13.0	3.0	0,841	true	[002005, 002002, 002006, 002000, 002001, 002007, 002003]
4090	2	002005	002003	18	13.0	3.0	0,850	true	[002005, 002002, 002006, 002000, 002004, 002001, 002007, 002003]
4091	2	002005	002003	19	13.0	3.0	0,913	true	[002005, 002002, 002006, 002000, 002004, 002003]
4092	2	002005	002003	20	13.0	3.0	0,885	true	[002005, 002002, 002006, 002000, 002007, 002001, 002004, 002003]
4093	2	002005	002003	21	13.0	3.0	0,894	true	[002005, 002002, 002006, 002000, 002007, 002003]
4094	2	002005	002003	22	13.0	3.0	0,816	true	[002005, 002002, 002006, 002004, 002000, 002001, 002007, 002003]
4095	2	002005	002003	23	13.0	3.0	0,867	true	[002005, 002002, 002006, 002004, 002000, 002007, 002003]
4096	2	002005	002003	24	13.0	3.0	0,859	true	[002005, 002002, 002006, 002004, 002001, 002000, 002007, 002003]
4097	2	002005	002003	25	13.0	3.0	0,876	true	[002005, 002002, 002006, 002004, 002001, 002007, 002003]
4098	2	002005	002003	26	13.0	3.0	0,941	true	[002005, 002002, 002006, 002004, 002003]
4099	2	002005	002003	27	25.0	3.0	0,894	true	[002005, 002002, 002007, 002000, 002001, 002004, 002003]
4100	2	002005	002003	28	25.0	3.0	0,903	true	[002005, 002002, 002007, 002000, 002004, 002003]
4101	2	002005	002003	29	18.0	3.0	0,895	true	[002005, 002002, 002007, 002000, 002006, 002004, 002003]
4102	2	002005	002003	30	15.0	3.0	0,850	true	[002005, 002002, 002007, 002001, 002000, 002004, 002003]
4103	2	002005	002003	31	15.0	3.0	0,841	true	[002005, 002002, 002007, 002001, 002000, 002006, 002004, 002003]
4104	2	002005	002003	32	15.0	3.0	0,912	true	[002005, 002002, 002007, 002001, 002004, 002003]
4105	2	002005	002003	33	25.0	5.0	0,922	true	[002005, 002002, 002007, 002003]
4106	2	002005	002003	34	42.0	6.0	0,960	true	[002005, 002003]
4107	2	002005	002003	35	11.0	3.0	0,858	true	[002005, 002004, 002000, 002001, 002002, 002007, 002003]
4108	2	002005	002003	36	15.0	3.0	0,832	true	[002005, 002004, 002000, 002001, 002007, 002003]
4109	2	002005	002003	37	11.0	3.0	0,850	true	[002005, 002004, 002000, 002006, 002002, 002001, 002007, 002003]
4110	2	002005	002003	38	13.0	3.0	0,876	true	[002005, 002004, 002000, 002006, 002002, 002007, 002003]
4111	2	002005	002003	39	27.0	3.0	0,885	true	[002005, 002004, 002000, 002007, 002003]
4112	2	002005	002003	40	13.0	3.0	0,867	true	[002005, 002004, 002001, 002000, 002006, 002002, 002007, 002003]
4113	2	002005	002003	41	27.0	3.0	0,876	true	[002005, 002004, 002001, 002000, 002007, 002003]
4114	2	002005	002003	42	11.0	3.0	0,894	true	[002005, 002004, 002001, 002002, 002006, 002000, 002007, 002003]
4115	2	002005	002003	43	11.0	3.0	0,922	true	[002005, 002004, 002001, 002002, 002007, 002003]
4116	2	002005	002003	44	15.0	3.0	0,894	true	[002005, 002004, 002001, 002007, 002003]
4117	2	002005	002003	45	11.0	3.0	0,867	true	[002005, 002004, 002002, 002001, 002000, 002007, 002003]
4118	2	002005	002003	46	11.0	3.0	0,885	true	[002005, 002004, 002002, 002001, 002007, 002003]
4119	2	002005	002003	47	13.0	3.0	0,833	true	[002005, 002004, 002002, 002006, 002000, 002001, 002007, 002003]
4120	2	002005	002003	48	13.0	3.0	0,885	true	[002005, 002004, 002002, 002006, 002000, 002007, 002003]
4121	2	002005	002003	49	17.0	3.0	0,913	true	[002005, 002004, 002002, 002007, 002003]
4122	2	002005	002003	50	40.0	3.0	0,960	true	[002005, 002004, 002003]
4123	2	002005	002003	51	11.0	3.0	0,850	true	[002005, 002004, 002006, 002000, 002001, 002002, 002007, 002003]
4124	2	002005	002003	52	15.0	3.0	0,824	true	[002005, 002004, 002006, 002000, 002001, 002007, 002003]
4125	2	002005	002003	53	18.0	3.0	0,876	true	[002005, 002004, 002006, 002000, 002007, 002003]
4126	2	002005	002003	54	11.0	3.0	0,859	true	[002005, 002004, 002006, 002002, 002001, 002000, 002007, 002003]
4127	2	002005	002003	55	11.0	3.0	0,876	true	[002005, 002004, 002006, 002002, 002001, 002007, 002003]
4128	2	002005	002003	56	13.0	3.0	0,903	true	[002005, 002004, 002006, 002002, 002007, 002003]
4129	2	002005	002004	57	11.0	3.0	0,894	true	[002005, 002002, 002001, 002000, 002004]
4130	2	002005	002004	58	11.0	3.0	0,885	true	[002005, 002002, 002001, 002000, 002006, 002004]
4131	2	002005	002004	59	11.0	3.0	0,876	true	[002005, 002002, 002001, 002000, 002007, 002003, 002004]
4132	2	002005	002004	60	11.0	3.0	0,960	true	[002005, 002002, 002001, 002004]
4133	2	002005	002004	61	11.0	3.0	0,876	true	[002005, 002002, 002001, 002007, 002000, 002004]
4134	2	002005	002004	62	11.0	3.0	0,867	true	[002005, 002002, 002001, 002007, 002000, 002006, 002004]
4135	2	002005	002004	63	11.0	3.0	0,894	true	[002005, 002002, 002001, 002007, 002003, 002004]
4136	2	002005	002004	64	17.0	8.0	0,950	true	[002005, 002002, 002004]
4137	2	002005	002004	65	13.0	3.0	0,903	true	[002005, 002002, 002006, 002000, 002001, 002004]
4138	2	002005	002004	66	13.0	3.0	0,841	true	[002005, 002002, 002006, 002000, 002001, 002007, 002003, 002004]
4139	2	002005	002004	67	13.0	3.0	0,913	true	[002005, 002002, 002006, 002000, 002004]
4140	2	002005	002004	68	13.0	3.0	0,885	true	[002005, 002002, 002006, 002000, 002007, 002001, 002004]
4141	2	002005	002004	69	13.0	3.0	0,894	true	[002005, 002002, 002006, 002000, 002007, 002003, 002004]
4142	2	002005	002004	70	13.0	3.0	0,941	true	[002005, 002002, 002006, 002004]
4143	2	002005	002004	71	25.0	3.0	0,894	true	[002005, 002002, 002007, 002000, 002001, 002004]
4144	2	002005	002004	72	25.0	3.0	0,903	true	[002005, 002002, 002007, 002000, 002004]
4145	2	002005	002004	73	18.0	3.0	0,895	true	[002005, 002002, 002007, 002000, 002006, 002004]
4146	2	002005	002004	74	15.0	3.0	0,850	true	[002005, 002002, 002007, 002001, 002000, 002004]
4147	2	002005	002004	75	15.0	3.0	0,841	true	[002005, 002002, 002007, 002001, 002000, 002006, 002004]
4148	2	002005	002004	76	15.0	3.0	0,912	true	[002005, 002002, 002007, 002001, 002004]
4149	2	002005	002004	77	25.0	5.0	0,922	true	[002005, 002002, 002007, 002003, 002004]
4150	2	002005	002004	78	42.0	6.0	0,960	true	[002005, 002003, 002004]
4151	2	002005	002004	79	11.0	3.0	0,867	true	[002005, 002003, 002007, 002000, 002001, 002002, 002004]
4152	2	002005	002004	80	11.0	3.0	0,859	true	[002005, 002003, 002007, 002000, 002001, 002002, 002006, 002004]
4153	2	002005	002004	81	27.0	3.0	0,876	true	[002005, 002003, 002007, 002000, 002001, 002004]
4154	2	002005	002004	82	27.0	3.0	0,885	true	[002005, 002003, 002007, 002000, 002004]
4155	2	002005	002004	83	11.0	3.0	0,894	true	[002005, 002003, 002007, 002000, 002006, 002002, 002001, 002004]
4156	2	002005	002004	84	13.0	3.0	0,885	true	[002005, 002003, 002007, 002000, 002006, 002002, 002004]
4157	2	002005	002004	85	18.0	3.0	0,876	true	[002005, 002003, 002007, 002000, 002006, 002004]
4158	2	002005	002004	86	15.0	3.0	0,832	true	[002005, 002003, 002007, 002001, 002000, 002004]
4159	2	002005	002004	87	13.0	3.0	0,833	true	[002005, 002003, 002007, 002001, 002000, 002006, 002002, 002004]
4160	2	002005	002004	88	15.0	3.0	0,824	true	[002005, 002003, 002007, 002001, 002000, 002006, 002004]
4161	2	002005	002004	89	11.0	3.0	0,885	true	[002005, 002003, 002007, 002001, 002002, 002004]
4162	2	002005	002004	90	11.0	3.0	0,850	true	[002005, 002003, 002007, 002001, 002002, 002006, 002000, 002004]
4163	2	002005	002004	91	11.0	3.0	0,876	true	[002005, 002003, 002007, 002001, 002002, 002006, 002004]
4164	2	002005	002004	92	15.0	3.0	0,894	true	[002005, 002003, 002007, 002001, 002004]
4165	2	002005	002004	93	11.0	3.0	0,858	true	[002005, 002003, 002007, 002002, 002001, 002000, 002004]
4166	2	002005	002004	94	11.0	3.0	0,850	true	[002005, 002003, 002007, 002002, 002001, 002000, 002006, 002004]
4167	2	002005	002004	95	11.0	3.0	0,922	true	[002005, 002003, 002007, 002002, 002001, 002004]
4168	2	002005	002004	96	17.0	5.0	0,913	true	[002005, 002003, 002007, 002002, 002004]
4169	2	002005	002004	97	13.0	3.0	0,867	true	[002005, 002003, 002007, 002002, 002006, 002000, 002001, 002004]
4170	2	002005	002004	98	13.0	3.0	0,876	true	[002005, 002003, 002007, 002002, 002006, 002000, 002004]
4171	2	002005	002004	99	13.0	3.0	0,903	true	[002005, 002003, 002007, 002002, 002006, 002004]
4172	2	002005	002004	100	40.0	3.0	0,960	true	[002005, 002004]
4173	3	003002	003003	0	23.0	4.0	0,922	true	[003002, 003000, 003001, 003003]
4174	3	003002	003003	1	19.0	4.0	0,816	true	[003002, 003000, 003001, 003004, 003005, 003007, 003003]
4175	3	003002	003003	2	19.0	4.0	0,904	true	[003002, 003000, 003001, 003004, 003006, 003003]
4176	3	003002	003003	3	22.0	4.0	0,850	true	[003002, 003000, 003001, 003005, 003004, 003006, 003003]
4177	3	003002	003003	4	22.0	4.0	0,832	true	[003002, 003000, 003001, 003005, 003007, 003003]
4178	3	003002	003003	5	22.0	4.0	0,922	true	[003002, 003000, 003001, 003006, 003003]
4179	3	003002	003003	6	22.0	4.0	0,816	true	[003002, 003000, 003001, 003006, 003004, 003005, 003007, 003003]
4180	3	003002	003003	7	23.0	4.0	0,885	true	[003002, 003000, 003001, 003007, 003003]
4181	3	003002	003003	8	23.0	4.0	0,850	true	[003002, 003000, 003001, 003007, 003005, 003004, 003006, 003003]
4182	3	003002	003003	9	22.0	4.0	0,876	true	[003002, 003000, 003005, 003001, 003003]
4183	3	003002	003003	10	19.0	4.0	0,858	true	[003002, 003000, 003005, 003001, 003004, 003006, 003003]
4184	3	003002	003003	11	22.0	4.0	0,876	true	[003002, 003000, 003005, 003001, 003006, 003003]
4185	3	003002	003003	12	22.0	4.0	0,840	true	[003002, 003000, 003005, 003001, 003007, 003003]
4186	3	003002	003003	13	19.0	4.0	0,858	true	[003002, 003000, 003005, 003004, 003001, 003003]
4187	3	003002	003003	14	19.0	4.0	0,858	true	[003002, 003000, 003005, 003004, 003001, 003006, 003003]
4188	3	003002	003003	15	19.0	4.0	0,823	true	[003002, 003000, 003005, 003004, 003001, 003007, 003003]
4189	3	003002	003003	16	22.0	4.0	0,858	true	[003002, 003000, 003005, 003004, 003006, 003001, 003003]
4190	3	003002	003003	17	22.0	4.0	0,823	true	[003002, 003000, 003005, 003004, 003006, 003001, 003007, 003003]
4191	3	003002	003003	18	23.0	4.0	0,858	true	[003002, 003000, 003005, 003004, 003006, 003003]
4192	3	003002	003003	19	23.0	4.0	0,876	true	[003002, 003000, 003005, 003007, 003001, 003003]
4193	3	003002	003003	20	19.0	4.0	0,858	true	[003002, 003000, 003005, 003007, 003001, 003004, 003006, 003003]
4194	3	003002	003003	21	22.0	4.0	0,876	true	[003002, 003000, 003005, 003007, 003001, 003006, 003003]
4195	3	003002	003003	22	23.0	4.0	0,840	true	[003002, 003000, 003005, 003007, 003003]
4196	3	003002	003003	23	22.0	4.0	0,903	true	[003002, 003000, 003006, 003001, 003003]
4197	3	003002	003003	24	19.0	4.0	0,799	true	[003002, 003000, 003006, 003001, 003004, 003005, 003007, 003003]
4198	3	003002	003003	25	22.0	4.0	0,815	true	[003002, 003000, 003006, 003001, 003005, 003007, 003003]
4199	3	003002	003003	26	22.0	4.0	0,866	true	[003002, 003000, 003006, 003001, 003007, 003003]
4200	3	003002	003003	27	23.0	4.0	0,903	true	[003002, 003000, 003006, 003003]
4201	3	003002	003003	28	19.0	4.0	0,885	true	[003002, 003000, 003006, 003004, 003001, 003003]
4202	3	003002	003003	29	19.0	4.0	0,799	true	[003002, 003000, 003006, 003004, 003001, 003005, 003007, 003003]
4203	3	003002	003003	30	19.0	4.0	0,849	true	[003002, 003000, 003006, 003004, 003001, 003007, 003003]
4204	3	003002	003003	31	22.0	4.0	0,832	true	[003002, 003000, 003006, 003004, 003005, 003001, 003003]
4205	3	003002	003003	32	22.0	4.0	0,799	true	[003002, 003000, 003006, 003004, 003005, 003001, 003007, 003003]
4206	3	003002	003003	33	23.0	4.0	0,832	true	[003002, 003000, 003006, 003004, 003005, 003007, 003001, 003003]
4207	3	003002	003003	34	23.0	4.0	0,799	true	[003002, 003000, 003006, 003004, 003005, 003007, 003003]
4208	3	003002	003003	35	20.0	4.0	0,903	true	[003002, 003000, 003007, 003001, 003003]
4209	3	003002	003003	36	19.0	4.0	0,885	true	[003002, 003000, 003007, 003001, 003004, 003006, 003003]
4210	3	003002	003003	37	20.0	4.0	0,832	true	[003002, 003000, 003007, 003001, 003005, 003004, 003006, 003003]
4211	3	003002	003003	38	20.0	4.0	0,903	true	[003002, 003000, 003007, 003001, 003006, 003003]
4212	3	003002	003003	39	20.0	4.0	0,866	true	[003002, 003000, 003007, 003003]
4213	3	003002	003003	40	20.0	4.0	0,850	true	[003002, 003000, 003007, 003005, 003001, 003003]
4214	3	003002	003003	41	19.0	4.0	0,833	true	[003002, 003000, 003007, 003005, 003001, 003004, 003006, 003003]
4215	3	003002	003003	42	20.0	4.0	0,850	true	[003002, 003000, 003007, 003005, 003001, 003006, 003003]
4216	3	003002	003003	43	19.0	4.0	0,832	true	[003002, 003000, 003007, 003005, 003004, 003001, 003003]
4217	3	003002	003003	44	19.0	4.0	0,832	true	[003002, 003000, 003007, 003005, 003004, 003001, 003006, 003003]
4218	3	003002	003003	45	20.0	4.0	0,832	true	[003002, 003000, 003007, 003005, 003004, 003006, 003001, 003003]
4219	3	003002	003003	46	20.0	4.0	0,832	true	[003002, 003000, 003007, 003005, 003004, 003006, 003003]
4220	3	003002	003003	47	5.0	4.0	0,832	true	[003002, 003001, 003000, 003005, 003004, 003006, 003003]
4221	3	003002	003003	48	5.0	5.0	0,815	true	[003002, 003001, 003000, 003005, 003007, 003003]
4222	3	003002	003003	49	5.0	4.0	0,876	true	[003002, 003001, 003000, 003006, 003003]
4223	3	003002	003003	50	5.0	5.0	0,775	true	[003002, 003001, 003000, 003006, 003004, 003005, 003007, 003003]
4224	3	003002	003003	51	5.0	6.0	0,840	true	[003002, 003001, 003000, 003007, 003003]
4225	3	003002	003003	52	5.0	4.0	0,807	true	[003002, 003001, 003000, 003007, 003005, 003004, 003006, 003003]
4226	3	003002	003003	53	5.0	6.0	0,950	true	[003002, 003001, 003003]
4227	3	003002	003003	54	5.0	4.0	0,815	true	[003002, 003001, 003004, 003005, 003000, 003006, 003003]
4228	3	003002	003003	55	5.0	6.0	0,782	true	[003002, 003001, 003004, 003005, 003000, 003007, 003003]
4229	3	003002	003003	56	5.0	4.0	0,791	true	[003002, 003001, 003004, 003005, 003007, 003000, 003006, 003003]
4230	3	003002	003003	57	5.0	5.0	0,841	true	[003002, 003001, 003004, 003005, 003007, 003003]
4231	3	003002	003003	58	5.0	5.0	0,782	true	[003002, 003001, 003004, 003006, 003000, 003005, 003007, 003003]
4232	3	003002	003003	59	5.0	6.0	0,807	true	[003002, 003001, 003004, 003006, 003000, 003007, 003003]
4233	3	003002	003003	60	5.0	4.0	0,931	true	[003002, 003001, 003004, 003006, 003003]
4234	3	003002	003003	61	5.0	4.0	0,832	true	[003002, 003001, 003005, 003000, 003006, 003003]
4235	3	003002	003003	62	5.0	4.0	0,798	true	[003002, 003001, 003005, 003000, 003007, 003003]
4236	3	003002	003003	63	5.0	4.0	0,759	true	[003002, 003001, 003005, 003004, 003006, 003000, 003007, 003003]
4237	3	003002	003003	64	5.0	4.0	0,876	true	[003002, 003001, 003005, 003004, 003006, 003003]
4238	3	003002	003003	65	5.0	4.0	0,807	true	[003002, 003001, 003005, 003007, 003000, 003006, 003003]
4239	3	003002	003003	66	5.0	4.0	0,858	true	[003002, 003001, 003005, 003007, 003003]
4240	3	003002	003003	67	5.0	5.0	0,798	true	[003002, 003001, 003006, 003000, 003005, 003007, 003003]
4241	3	003002	003003	68	5.0	6.0	0,823	true	[003002, 003001, 003006, 003000, 003007, 003003]
4242	3	003002	003003	69	5.0	4.0	0,950	true	[003002, 003001, 003006, 003003]
4243	3	003002	003003	70	5.0	6.0	0,782	true	[003002, 003001, 003006, 003004, 003005, 003000, 003007, 003003]
4244	3	003002	003003	71	5.0	5.0	0,841	true	[003002, 003001, 003006, 003004, 003005, 003007, 003003]
4245	3	003002	003003	72	5.0	4.0	0,815	true	[003002, 003001, 003007, 003000, 003005, 003004, 003006, 003003]
4246	3	003002	003003	73	5.0	4.0	0,858	true	[003002, 003001, 003007, 003000, 003006, 003003]
4247	3	003002	003003	74	5.0	6.0	0,912	true	[003002, 003001, 003007, 003003]
4248	3	003002	003003	75	5.0	4.0	0,832	true	[003002, 003001, 003007, 003005, 003000, 003006, 003003]
4249	3	003002	003003	76	5.0	4.0	0,876	true	[003002, 003001, 003007, 003005, 003004, 003006, 003003]
4250	3	003002	003003	77	17.0	4.0	0,960	true	[003002, 003003]
4251	3	003002	003003	78	19.0	5.0	0,807	true	[003002, 003004, 003001, 003000, 003005, 003007, 003003]
4252	3	003002	003003	79	19.0	4.0	0,867	true	[003002, 003004, 003001, 003000, 003006, 003003]
4253	3	003002	003003	80	19.0	6.0	0,832	true	[003002, 003004, 003001, 003000, 003007, 003003]
4254	3	003002	003003	81	19.0	7.0	0,941	true	[003002, 003004, 003001, 003003]
4255	3	003002	003003	82	19.0	4.0	0,824	true	[003002, 003004, 003001, 003005, 003000, 003006, 003003]
4256	3	003002	003003	83	19.0	4.0	0,790	true	[003002, 003004, 003001, 003005, 003000, 003007, 003003]
4257	3	003002	003003	84	19.0	4.0	0,799	true	[003002, 003004, 003001, 003005, 003007, 003000, 003006, 003003]
4258	3	003002	003003	85	19.0	4.0	0,850	true	[003002, 003004, 003001, 003005, 003007, 003003]
4259	3	003002	003003	86	19.0	5.0	0,790	true	[003002, 003004, 003001, 003006, 003000, 003005, 003007, 003003]
4260	3	003002	003003	87	19.0	6.0	0,815	true	[003002, 003004, 003001, 003006, 003000, 003007, 003003]
4261	3	003002	003003	88	19.0	4.0	0,941	true	[003002, 003004, 003001, 003006, 003003]
4262	3	003002	003003	89	19.0	4.0	0,849	true	[003002, 003004, 003001, 003007, 003000, 003006, 003003]
4263	3	003002	003003	90	19.0	6.0	0,903	true	[003002, 003004, 003001, 003007, 003003]
4264	3	003002	003003	91	19.0	4.0	0,824	true	[003002, 003004, 003001, 003007, 003005, 003000, 003006, 003003]
4265	3	003002	003003	92	24.0	7.0	0,841	true	[003002, 003004, 003005, 003000, 003001, 003003]
4266	3	003002	003003	93	22.0	4.0	0,841	true	[003002, 003004, 003005, 003000, 003001, 003006, 003003]
4267	3	003002	003003	94	24.0	6.0	0,807	true	[003002, 003004, 003005, 003000, 003001, 003007, 003003]
4268	3	003002	003003	95	22.0	7.0	0,823	true	[003002, 003004, 003005, 003000, 003006, 003001, 003003]
4269	3	003002	003003	96	22.0	6.0	0,790	true	[003002, 003004, 003005, 003000, 003006, 003001, 003007, 003003]
4270	3	003002	003003	97	24.0	4.0	0,823	true	[003002, 003004, 003005, 003000, 003006, 003003]
4271	3	003002	003003	98	20.0	7.0	0,823	true	[003002, 003004, 003005, 003000, 003007, 003001, 003003]
4272	3	003002	003003	99	20.0	4.0	0,823	true	[003002, 003004, 003005, 003000, 003007, 003001, 003006, 003003]
4273	3	003002	003003	100	20.0	6.0	0,790	true	[003002, 003004, 003005, 003000, 003007, 003003]
4274	4	004001	004002	0	25.0	5.0	0,922	true	[004001, 004000, 004002]
4275	4	004001	004002	1	29.0	4.0	0,903	true	[004001, 004000, 004003, 004002]
4276	4	004001	004002	2	27.0	3.0	0,885	true	[004001, 004000, 004003, 004004, 004006, 004002]
4277	4	004001	004002	3	14.0	5.0	0,841	true	[004001, 004000, 004003, 004004, 004007, 004005, 004002]
4278	4	004001	004002	4	6.0	3.0	0,885	true	[004001, 004000, 004003, 004006, 004002]
4279	4	004001	004002	5	6.0	5.0	0,841	true	[004001, 004000, 004003, 004006, 004004, 004007, 004005, 004002]
4280	4	004001	004002	6	29.0	4.0	0,894	true	[004001, 004000, 004004, 004003, 004002]
4281	4	004001	004002	7	6.0	3.0	0,876	true	[004001, 004000, 004004, 004003, 004006, 004002]
4282	4	004001	004002	8	27.0	3.0	0,912	true	[004001, 004000, 004004, 004006, 004002]
4283	4	004001	004002	9	6.0	4.0	0,894	true	[004001, 004000, 004004, 004006, 004003, 004002]
4284	4	004001	004002	10	14.0	4.0	0,867	true	[004001, 004000, 004004, 004007, 004005, 004002]
4285	4	004001	004002	11	17.0	3.0	0,990	true	[004001, 004002]
4286	4	004001	004002	12	25.0	4.0	0,941	true	[004001, 004004, 004000, 004002]
4287	4	004001	004002	13	29.0	4.0	0,922	true	[004001, 004004, 004000, 004003, 004002]
4288	4	004001	004002	14	6.0	3.0	0,903	true	[004001, 004004, 004000, 004003, 004006, 004002]
4289	4	004001	004002	15	25.0	6.0	0,913	true	[004001, 004004, 004003, 004000, 004002]
4290	4	004001	004002	16	29.0	4.0	0,970	true	[004001, 004004, 004003, 004002]
4291	4	004001	004002	17	6.0	3.0	0,951	true	[004001, 004004, 004003, 004006, 004002]
4292	4	004001	004002	18	27.0	3.0	0,990	true	[004001, 004004, 004006, 004002]
4293	4	004001	004002	19	6.0	6.0	0,913	true	[004001, 004004, 004006, 004003, 004000, 004002]
4294	4	004001	004002	20	6.0	4.0	0,970	true	[004001, 004004, 004006, 004003, 004002]
4295	4	004001	004002	21	14.0	7.0	0,941	true	[004001, 004004, 004007, 004005, 004002]
4296	4	004001	004002	22	14.0	8.0	0,970	true	[004001, 004005, 004002]
4297	4	004001	004002	23	25.0	4.0	0,859	true	[004001, 004005, 004007, 004004, 004000, 004002]
4298	4	004001	004002	24	29.0	4.0	0,841	true	[004001, 004005, 004007, 004004, 004000, 004003, 004002]
4299	4	004001	004002	25	6.0	3.0	0,824	true	[004001, 004005, 004007, 004004, 004000, 004003, 004006, 004002]
4300	4	004001	004002	26	25.0	6.0	0,833	true	[004001, 004005, 004007, 004004, 004003, 004000, 004002]
4301	4	004001	004002	27	29.0	4.0	0,885	true	[004001, 004005, 004007, 004004, 004003, 004002]
4302	4	004001	004002	28	6.0	3.0	0,868	true	[004001, 004005, 004007, 004004, 004003, 004006, 004002]
4303	4	004001	004002	29	27.0	3.0	0,903	true	[004001, 004005, 004007, 004004, 004006, 004002]
4304	4	004001	004002	30	6.0	6.0	0,833	true	[004001, 004005, 004007, 004004, 004006, 004003, 004000, 004002]
4305	4	004001	004002	31	6.0	4.0	0,885	true	[004001, 004005, 004007, 004004, 004006, 004003, 004002]
4306	4	004001	004002	32	27.0	3.0	0,941	true	[004001, 004006, 004002]
4307	4	004001	004002	33	6.0	4.0	0,867	true	[004001, 004006, 004003, 004000, 004002]
4308	4	004001	004002	34	6.0	4.0	0,816	true	[004001, 004006, 004003, 004000, 004004, 004007, 004005, 004002]
4309	4	004001	004002	35	6.0	4.0	0,922	true	[004001, 004006, 004003, 004002]
4310	4	004001	004002	36	6.0	4.0	0,858	true	[004001, 004006, 004003, 004004, 004000, 004002]
4311	4	004001	004002	37	6.0	4.0	0,858	true	[004001, 004006, 004003, 004004, 004007, 004005, 004002]
4312	4	004001	004002	38	25.0	4.0	0,894	true	[004001, 004006, 004004, 004000, 004002]
4313	4	004001	004002	39	29.0	4.0	0,876	true	[004001, 004006, 004004, 004000, 004003, 004002]
4314	4	004001	004002	40	25.0	4.0	0,867	true	[004001, 004006, 004004, 004003, 004000, 004002]
4315	4	004001	004002	41	29.0	4.0	0,922	true	[004001, 004006, 004004, 004003, 004002]
4316	4	004001	004002	42	14.0	4.0	0,894	true	[004001, 004006, 004004, 004007, 004005, 004002]
4317	4	004001	004006	43	25.0	4.0	0,894	true	[004001, 004000, 004002, 004003, 004004, 004006]
4318	4	004001	004006	44	6.0	4.0	0,894	true	[004001, 004000, 004002, 004003, 004006]
4319	4	004001	004006	45	6.0	5.0	0,833	true	[004001, 004000, 004002, 004005, 004007, 004004, 004003, 004006]
4320	4	004001	004006	46	14.0	5.0	0,867	true	[004001, 004000, 004002, 004005, 004007, 004004, 004006]
4321	4	004001	004006	47	25.0	3.0	0,912	true	[004001, 004000, 004002, 004006]
4322	4	004001	004006	48	14.0	4.0	0,849	true	[004001, 004000, 004003, 004002, 004005, 004007, 004004, 004006]
4323	4	004001	004006	49	27.0	3.0	0,894	true	[004001, 004000, 004003, 004002, 004006]
4324	4	004001	004006	50	29.0	5.0	0,894	true	[004001, 004000, 004003, 004004, 004006]
4325	4	004001	004006	51	14.0	3.0	0,832	true	[004001, 004000, 004003, 004004, 004007, 004005, 004002, 004006]
4326	4	004001	004006	52	6.0	5.0	0,894	true	[004001, 004000, 004003, 004006]
4327	4	004001	004006	53	27.0	3.0	0,885	true	[004001, 004000, 004004, 004003, 004002, 004006]
4328	4	004001	004006	54	6.0	4.0	0,885	true	[004001, 004000, 004004, 004003, 004006]
4329	4	004001	004006	55	29.0	4.0	0,922	true	[004001, 004000, 004004, 004006]
4330	4	004001	004006	56	6.0	4.0	0,841	true	[004001, 004000, 004004, 004007, 004005, 004002, 004003, 004006]
4331	4	004001	004006	57	14.0	3.0	0,858	true	[004001, 004000, 004004, 004007, 004005, 004002, 004006]
4332	4	004001	004006	58	17.0	3.0	0,903	true	[004001, 004002, 004000, 004003, 004004, 004006]
4333	4	004001	004006	59	6.0	3.0	0,903	true	[004001, 004002, 004000, 004003, 004006]
4334	4	004001	004006	60	6.0	3.0	0,895	true	[004001, 004002, 004000, 004004, 004003, 004006]
4335	4	004001	004006	61	17.0	3.0	0,931	true	[004001, 004002, 004000, 004004, 004006]
4336	4	004001	004006	62	17.0	3.0	0,913	true	[004001, 004002, 004003, 004000, 004004, 004006]
4337	4	004001	004006	63	17.0	3.0	0,960	true	[004001, 004002, 004003, 004004, 004006]
4338	4	004001	004006	64	6.0	3.0	0,960	true	[004001, 004002, 004003, 004006]
4339	4	004001	004006	65	6.0	3.0	0,850	true	[004001, 004002, 004005, 004007, 004004, 004000, 004003, 004006]
4340	4	004001	004006	66	6.0	3.0	0,895	true	[004001, 004002, 004005, 004007, 004004, 004003, 004006]
4341	4	004001	004006	67	14.0	3.0	0,931	true	[004001, 004002, 004005, 004007, 004004, 004006]
4342	4	004001	004006	68	17.0	3.0	0,980	true	[004001, 004002, 004006]
4343	4	004001	004006	69	6.0	4.0	0,913	true	[004001, 004004, 004000, 004002, 004003, 004006]
4344	4	004001	004006	70	25.0	3.0	0,931	true	[004001, 004004, 004000, 004002, 004006]
4345	4	004001	004006	71	27.0	3.0	0,913	true	[004001, 004004, 004000, 004003, 004002, 004006]
4346	4	004001	004006	72	6.0	4.0	0,913	true	[004001, 004004, 004000, 004003, 004006]
4347	4	004001	004006	73	25.0	3.0	0,903	true	[004001, 004004, 004003, 004000, 004002, 004006]
4348	4	004001	004006	74	27.0	3.0	0,960	true	[004001, 004004, 004003, 004002, 004006]
4349	4	004001	004006	75	6.0	6.0	0,960	true	[004001, 004004, 004003, 004006]
4350	4	004001	004006	76	29.0	9.0	1,000	true	[004001, 004004, 004006]
4351	4	004001	004006	77	6.0	6.0	0,859	true	[004001, 004004, 004007, 004005, 004002, 004000, 004003, 004006]
4352	4	004001	004006	78	6.0	4.0	0,913	true	[004001, 004004, 004007, 004005, 004002, 004003, 004006]
4353	4	004001	004006	79	14.0	3.0	0,931	true	[004001, 004004, 004007, 004005, 004002, 004006]
4354	4	004001	004006	80	14.0	6.0	0,885	true	[004001, 004005, 004002, 004000, 004003, 004004, 004006]
4355	4	004001	004006	81	6.0	6.0	0,885	true	[004001, 004005, 004002, 004000, 004003, 004006]
4356	4	004001	004006	82	6.0	4.0	0,877	true	[004001, 004005, 004002, 004000, 004004, 004003, 004006]
4357	4	004001	004006	83	14.0	4.0	0,913	true	[004001, 004005, 004002, 004000, 004004, 004006]
4358	4	004001	004006	84	14.0	4.0	0,894	true	[004001, 004005, 004002, 004003, 004000, 004004, 004006]
4359	4	004001	004006	85	14.0	4.0	0,941	true	[004001, 004005, 004002, 004003, 004004, 004006]
4360	4	004001	004006	86	6.0	4.0	0,941	true	[004001, 004005, 004002, 004003, 004006]
4361	4	004001	004006	87	14.0	3.0	0,960	true	[004001, 004005, 004002, 004006]
4362	4	004001	004006	88	6.0	4.0	0,833	true	[004001, 004005, 004007, 004004, 004000, 004002, 004003, 004006]
4363	4	004001	004006	89	25.0	3.0	0,850	true	[004001, 004005, 004007, 004004, 004000, 004002, 004006]
4364	4	004001	004006	90	27.0	3.0	0,833	true	[004001, 004005, 004007, 004004, 004000, 004003, 004002, 004006]
4365	4	004001	004006	91	6.0	4.0	0,833	true	[004001, 004005, 004007, 004004, 004000, 004003, 004006]
4366	4	004001	004006	92	25.0	3.0	0,824	true	[004001, 004005, 004007, 004004, 004003, 004000, 004002, 004006]
4367	4	004001	004006	93	27.0	3.0	0,877	true	[004001, 004005, 004007, 004004, 004003, 004002, 004006]
4368	4	004001	004006	94	6.0	6.0	0,876	true	[004001, 004005, 004007, 004004, 004003, 004006]
4369	4	004001	004006	95	29.0	7.0	0,913	true	[004001, 004005, 004007, 004004, 004006]
4370	4	004001	004006	96	34.0	4.0	0,950	true	[004001, 004006]
4371	4	004002	004006	97	6.0	5.0	0,885	true	[004002, 004000, 004001, 004004, 004003, 004006]
4372	4	004002	004006	98	25.0	5.0	0,922	true	[004002, 004000, 004001, 004004, 004006]
4373	4	004002	004006	99	6.0	5.0	0,808	true	[004002, 004000, 004001, 004005, 004007, 004004, 004003, 004006]
4374	4	004002	004006	100	25.0	5.0	0,841	true	[004002, 004000, 004001, 004005, 004007, 004004, 004006]
4375	4	004002	004006	101	25.0	4.0	0,875	true	[004002, 004000, 004001, 004006]
4376	4	004002	004006	102	27.0	3.0	0,990	true	[004002, 004006]
4377	5	005006	005007	0	5.0	3.0	0,913	true	[005006, 005001, 005000, 005003, 005002, 005005, 005004, 005007]
4378	5	005006	005007	1	5.0	3.0	0,904	true	[005006, 005001, 005000, 005003, 005002, 005005, 005007]
4379	5	005006	005007	2	8.0	4.0	0,885	true	[005006, 005001, 005000, 005003, 005004, 005005, 005007]
4380	5	005006	005007	3	8.0	4.0	0,894	true	[005006, 005001, 005000, 005003, 005004, 005007]
4381	5	005006	005007	4	8.0	3.0	0,904	true	[005006, 005001, 005000, 005003, 005005, 005004, 005007]
4382	5	005006	005007	5	8.0	3.0	0,894	true	[005006, 005001, 005000, 005003, 005005, 005007]
4383	5	005006	005007	6	8.0	4.0	0,932	true	[005006, 005001, 005000, 005003, 005007]
4384	5	005006	005007	7	5.0	3.0	0,859	true	[005006, 005001, 005000, 005004, 005003, 005002, 005005, 005007]
4385	5	005006	005007	8	18.0	3.0	0,850	true	[005006, 005001, 005000, 005004, 005003, 005005, 005007]
4386	5	005006	005007	9	24.0	4.0	0,885	true	[005006, 005001, 005000, 005004, 005003, 005007]
4387	5	005006	005007	10	5.0	3.0	0,904	true	[005006, 005001, 005000, 005004, 005005, 005002, 005003, 005007]
4388	5	005006	005007	11	18.0	3.0	0,894	true	[005006, 005001, 005000, 005004, 005005, 005003, 005007]
4389	5	005006	005007	12	24.0	4.0	0,932	true	[005006, 005001, 005000, 005004, 005005, 005007]
4390	5	005006	005007	13	13.0	4.0	0,941	true	[005006, 005001, 005000, 005004, 005007]
4391	5	005006	005007	14	5.0	3.0	0,841	true	[005006, 005001, 005000, 005005, 005002, 005003, 005004, 005007]
4392	5	005006	005007	15	5.0	3.0	0,877	true	[005006, 005001, 005000, 005005, 005002, 005003, 005007]
4393	5	005006	005007	16	13.0	3.0	0,833	true	[005006, 005001, 005000, 005005, 005003, 005004, 005007]
4394	5	005006	005007	17	18.0	3.0	0,867	true	[005006, 005001, 005000, 005005, 005003, 005007]
4395	5	005006	005007	18	21.0	4.0	0,858	true	[005006, 005001, 005000, 005005, 005004, 005003, 005007]
4396	5	005006	005007	19	13.0	4.0	0,913	true	[005006, 005001, 005000, 005005, 005004, 005007]
4397	5	005006	005007	20	21.0	4.0	0,904	true	[005006, 005001, 005000, 005005, 005007]
4398	5	005006	005007	21	8.0	5.0	0,941	true	[005006, 005001, 005003, 005000, 005004, 005005, 005007]
4399	5	005006	005007	22	8.0	5.0	0,951	true	[005006, 005001, 005003, 005000, 005004, 005007]
4400	5	005006	005007	23	8.0	5.0	0,922	true	[005006, 005001, 005003, 005000, 005005, 005004, 005007]
4401	5	005006	005007	24	8.0	5.0	0,913	true	[005006, 005001, 005003, 005000, 005005, 005007]
4402	5	005006	005007	25	5.0	3.0	0,895	true	[005006, 005001, 005003, 005002, 005005, 005000, 005004, 005007]
4403	5	005006	005007	26	5.0	3.0	0,922	true	[005006, 005001, 005003, 005002, 005005, 005004, 005007]
4404	5	005006	005007	27	5.0	3.0	0,913	true	[005006, 005001, 005003, 005002, 005005, 005007]
4405	5	005006	005007	28	21.0	5.0	0,867	true	[005006, 005001, 005003, 005004, 005000, 005005, 005007]
4406	5	005006	005007	29	24.0	5.0	0,894	true	[005006, 005001, 005003, 005004, 005005, 005007]
4407	5	005006	005007	30	13.0	5.0	0,903	true	[005006, 005001, 005003, 005004, 005007]
4408	5	005006	005007	31	13.0	3.0	0,885	true	[005006, 005001, 005003, 005005, 005000, 005004, 005007]
4409	5	005006	005007	32	13.0	3.0	0,913	true	[005006, 005001, 005003, 005005, 005004, 005007]
4410	5	005006	005007	33	18.0	3.0	0,903	true	[005006, 005001, 005003, 005005, 005007]
4411	5	005006	005007	34	24.0	5.0	0,941	true	[005006, 005001, 005003, 005007]
4412	5	005006	005007	35	8.0	6.0	0,841	true	[005006, 005001, 005005, 005000, 005003, 005004, 005007]
4413	5	005006	005007	36	8.0	5.0	0,876	true	[005006, 005001, 005005, 005000, 005003, 005007]
4414	5	005006	005007	37	17.0	5.0	0,832	true	[005006, 005001, 005005, 005000, 005004, 005003, 005007]
4415	5	005006	005007	38	13.0	6.0	0,885	true	[005006, 005001, 005005, 005000, 005004, 005007]
4416	5	005006	005007	39	5.0	3.0	0,885	true	[005006, 005001, 005005, 005002, 005003, 005000, 005004, 005007]
4417	5	005006	005007	40	5.0	3.0	0,841	true	[005006, 005001, 005005, 005002, 005003, 005004, 005007]
4418	5	005006	005007	41	5.0	3.0	0,876	true	[005006, 005001, 005005, 005002, 005003, 005007]
4419	5	005006	005007	42	8.0	3.0	0,876	true	[005006, 005001, 005005, 005003, 005000, 005004, 005007]
4420	5	005006	005007	43	13.0	3.0	0,832	true	[005006, 005001, 005005, 005003, 005004, 005007]
4421	5	005006	005007	44	17.0	3.0	0,867	true	[005006, 005001, 005005, 005003, 005007]
4422	5	005006	005007	45	8.0	5.0	0,903	true	[005006, 005001, 005005, 005004, 005000, 005003, 005007]
4423	5	005006	005007	46	17.0	5.0	0,858	true	[005006, 005001, 005005, 005004, 005003, 005007]
4424	5	005006	005007	47	13.0	6.0	0,912	true	[005006, 005001, 005005, 005004, 005007]
4425	5	005006	005007	48	17.0	6.0	0,903	true	[005006, 005001, 005005, 005007]
4426	5	005006	005007	49	19.0	6.0	0,941	true	[005006, 005001, 005007]
4427	5	005006	005007	50	5.0	4.0	0,894	true	[005006, 005002, 005003, 005000, 005001, 005005, 005004, 005007]
4428	5	005006	005007	51	5.0	4.0	0,885	true	[005006, 005002, 005003, 005000, 005001, 005005, 005007]
4429	5	005006	005007	52	5.0	4.0	0,922	true	[005006, 005002, 005003, 005000, 005001, 005007]
4430	5	005006	005007	53	5.0	6.0	0,894	true	[005006, 005002, 005003, 005000, 005004, 005005, 005001, 005007]
4431	5	005006	005007	54	5.0	6.0	0,951	true	[005006, 005002, 005003, 005000, 005004, 005005, 005007]
4432	5	005006	005007	55	5.0	6.0	0,960	true	[005006, 005002, 005003, 005000, 005004, 005007]
4433	5	005006	005007	56	5.0	6.0	0,867	true	[005006, 005002, 005003, 005000, 005005, 005001, 005007]
4434	5	005006	005007	57	5.0	6.0	0,932	true	[005006, 005002, 005003, 005000, 005005, 005004, 005007]
4435	5	005006	005007	58	5.0	6.0	0,922	true	[005006, 005002, 005003, 005000, 005005, 005007]
4436	5	005006	005007	59	5.0	4.0	0,922	true	[005006, 005002, 005003, 005001, 005000, 005004, 005005, 005007]
4437	5	005006	005007	60	5.0	4.0	0,932	true	[005006, 005002, 005003, 005001, 005000, 005004, 005007]
4438	5	005006	005007	61	5.0	4.0	0,904	true	[005006, 005002, 005003, 005001, 005000, 005005, 005004, 005007]
4439	5	005006	005007	62	5.0	4.0	0,895	true	[005006, 005002, 005003, 005001, 005000, 005005, 005007]
4440	5	005006	005007	63	5.0	5.0	0,876	true	[005006, 005002, 005003, 005001, 005005, 005000, 005004, 005007]
4441	5	005006	005007	64	5.0	5.0	0,903	true	[005006, 005002, 005003, 005001, 005005, 005004, 005007]
4442	5	005006	005007	65	5.0	5.0	0,894	true	[005006, 005002, 005003, 005001, 005005, 005007]
4443	5	005006	005007	66	5.0	5.0	0,931	true	[005006, 005002, 005003, 005001, 005007]
4444	5	005006	005007	67	5.0	4.0	0,841	true	[005006, 005002, 005003, 005004, 005000, 005001, 005005, 005007]
4445	5	005006	005007	68	5.0	4.0	0,876	true	[005006, 005002, 005003, 005004, 005000, 005001, 005007]
4446	5	005006	005007	69	5.0	6.0	0,824	true	[005006, 005002, 005003, 005004, 005000, 005005, 005001, 005007]
4447	5	005006	005007	70	5.0	6.0	0,876	true	[005006, 005002, 005003, 005004, 005000, 005005, 005007]
4448	5	005006	005007	71	5.0	4.0	0,850	true	[005006, 005002, 005003, 005004, 005005, 005000, 005001, 005007]
4449	5	005006	005007	72	5.0	6.0	0,849	true	[005006, 005002, 005003, 005004, 005005, 005001, 005007]
4450	5	005006	005007	73	5.0	6.0	0,903	true	[005006, 005002, 005003, 005004, 005005, 005007]
4451	5	005006	005007	74	5.0	6.0	0,912	true	[005006, 005002, 005003, 005004, 005007]
4452	5	005006	005007	75	5.0	3.0	0,859	true	[005006, 005002, 005003, 005005, 005000, 005001, 005007]
4453	5	005006	005007	76	5.0	3.0	0,894	true	[005006, 005002, 005003, 005005, 005000, 005004, 005007]
4454	5	005006	005007	77	5.0	3.0	0,858	true	[005006, 005002, 005003, 005005, 005001, 005000, 005004, 005007]
4455	5	005006	005007	78	5.0	3.0	0,858	true	[005006, 005002, 005003, 005005, 005001, 005007]
4456	5	005006	005007	79	5.0	3.0	0,885	true	[005006, 005002, 005003, 005005, 005004, 005000, 005001, 005007]
4457	5	005006	005007	80	5.0	3.0	0,922	true	[005006, 005002, 005003, 005005, 005004, 005007]
4458	5	005006	005007	81	5.0	3.0	0,913	true	[005006, 005002, 005003, 005005, 005007]
4459	5	005006	005007	82	5.0	5.0	0,951	true	[005006, 005002, 005003, 005007]
4460	5	005006	005007	83	13.0	3.0	0,850	true	[005006, 005002, 005005, 005000, 005001, 005003, 005004, 005007]
4461	5	005006	005007	84	21.0	3.0	0,886	true	[005006, 005002, 005005, 005000, 005001, 005003, 005007]
4462	5	005006	005007	85	19.0	3.0	0,885	true	[005006, 005002, 005005, 005000, 005001, 005007]
4463	5	005006	005007	86	8.0	3.0	0,894	true	[005006, 005002, 005005, 005000, 005003, 005001, 005007]
4464	5	005006	005007	87	8.0	3.0	0,876	true	[005006, 005002, 005005, 005000, 005003, 005004, 005007]
4465	5	005006	005007	88	8.0	3.0	0,913	true	[005006, 005002, 005005, 005000, 005003, 005007]
4466	5	005006	005007	89	19.0	3.0	0,850	true	[005006, 005002, 005005, 005000, 005004, 005003, 005001, 005007]
4467	5	005006	005007	90	21.0	3.0	0,867	true	[005006, 005002, 005005, 005000, 005004, 005003, 005007]
4468	5	005006	005007	91	13.0	3.0	0,922	true	[005006, 005002, 005005, 005000, 005004, 005007]
4469	5	005006	005007	92	8.0	3.0	0,841	true	[005006, 005002, 005005, 005001, 005000, 005003, 005004, 005007]
4470	5	005006	005007	93	8.0	3.0	0,876	true	[005006, 005002, 005005, 005001, 005000, 005003, 005007]
4471	5	005006	005007	94	17.0	3.0	0,832	true	[005006, 005002, 005005, 005001, 005000, 005004, 005003, 005007]
4472	5	005006	005007	95	13.0	3.0	0,885	true	[005006, 005002, 005005, 005001, 005000, 005004, 005007]
4473	5	005006	005007	96	8.0	3.0	0,894	true	[005006, 005002, 005005, 005001, 005003, 005000, 005004, 005007]
4474	5	005006	005007	97	13.0	3.0	0,850	true	[005006, 005002, 005005, 005001, 005003, 005004, 005007]
4475	5	005006	005007	98	17.0	3.0	0,885	true	[005006, 005002, 005005, 005001, 005003, 005007]
4476	5	005006	005007	99	17.0	3.0	0,885	true	[005006, 005002, 005005, 005001, 005007]
4477	5	005006	005007	100	8.0	3.0	0,876	true	[005006, 005002, 005005, 005003, 005000, 005001, 005007]
4478	5	005006	005007	101	18.0	3.0	0,903	true	[005006, 005002, 005005, 005003, 005007]
4479	5	005006	005007	102	38.0	3.0	0,941	true	[005006, 005002, 005005, 005007]
4480	6	006004	006006	0	8.0	3.0	0,867	true	[006004, 006001, 006000, 006003, 006002, 006007, 006005, 006006]
4481	6	006004	006006	1	8.0	4.0	0,951	true	[006004, 006001, 006000, 006003, 006006]
4482	6	006004	006006	2	8.0	3.0	0,904	true	[006004, 006001, 006000, 006003, 006007, 006005, 006006]
4483	6	006004	006006	3	8.0	3.0	0,833	true	[006004, 006001, 006003, 006002, 006007, 006005, 006006]
4484	6	006004	006006	4	28.0	4.0	0,913	true	[006004, 006001, 006003, 006006]
4485	6	006004	006006	5	9.0	3.0	0,867	true	[006004, 006001, 006003, 006007, 006005, 006006]
4486	6	006004	006006	6	33.0	3.0	0,913	true	[006004, 006001, 006005, 006006]
4487	6	006004	006006	7	8.0	4.0	0,833	true	[006004, 006001, 006005, 006007, 006002, 006003, 006006]
4488	6	006004	006006	8	9.0	4.0	0,867	true	[006004, 006001, 006005, 006007, 006003, 006006]
4489	6	006004	006006	9	36.0	4.0	0,980	true	[006004, 006001, 006006]
4490	6	006004	006006	10	8.0	4.0	0,876	true	[006004, 006001, 006007, 006002, 006003, 006006]
4491	6	006004	006006	11	9.0	4.0	0,913	true	[006004, 006001, 006007, 006003, 006006]
4492	6	006004	006006	12	36.0	3.0	0,904	true	[006004, 006001, 006007, 006005, 006006]
4493	6	006004	006006	13	8.0	3.0	0,885	true	[006004, 006003, 006000, 006001, 006005, 006006]
4494	6	006004	006006	14	8.0	5.0	0,950	true	[006004, 006003, 006000, 006001, 006006]
4495	6	006004	006006	15	8.0	3.0	0,876	true	[006004, 006003, 006000, 006001, 006007, 006005, 006006]
4496	6	006004	006006	16	33.0	3.0	0,849	true	[006004, 006003, 006001, 006005, 006006]
4497	6	006004	006006	17	33.0	5.0	0,912	true	[006004, 006003, 006001, 006006]
4498	6	006004	006006	18	33.0	3.0	0,841	true	[006004, 006003, 006001, 006007, 006005, 006006]
4499	6	006004	006006	19	8.0	3.0	0,816	true	[006004, 006003, 006002, 006007, 006001, 006005, 006006]
4500	6	006004	006006	20	8.0	4.0	0,876	true	[006004, 006003, 006002, 006007, 006001, 006006]
4501	6	006004	006006	21	8.0	4.0	0,832	true	[006004, 006003, 006002, 006007, 006005, 006001, 006006]
4502	6	006004	006006	22	8.0	3.0	0,841	true	[006004, 006003, 006002, 006007, 006005, 006006]
4503	6	006004	006006	23	28.0	5.0	0,922	true	[006004, 006003, 006006]
4504	6	006004	006006	24	9.0	3.0	0,850	true	[006004, 006003, 006007, 006001, 006005, 006006]
4505	6	006004	006006	25	9.0	4.0	0,912	true	[006004, 006003, 006007, 006001, 006006]
4506	6	006004	006006	26	9.0	5.0	0,867	true	[006004, 006003, 006007, 006005, 006001, 006006]
4507	6	006004	006006	27	9.0	3.0	0,876	true	[006004, 006003, 006007, 006005, 006006]
4508	6	006004	006006	28	8.0	3.0	0,951	true	[006004, 006007, 006001, 006000, 006003, 006006]
4509	6	006004	006006	29	28.0	3.0	0,913	true	[006004, 006007, 006001, 006003, 006006]
4510	6	006004	006006	30	33.0	3.0	0,913	true	[006004, 006007, 006001, 006005, 006006]
4511	6	006004	006006	31	44.0	3.0	0,980	true	[006004, 006007, 006001, 006006]
4512	6	006004	006006	32	8.0	3.0	0,876	true	[006004, 006007, 006002, 006003, 006000, 006001, 006005, 006006]
4513	6	006004	006006	33	8.0	3.0	0,941	true	[006004, 006007, 006002, 006003, 006000, 006001, 006006]
4514	6	006004	006006	34	8.0	3.0	0,841	true	[006004, 006007, 006002, 006003, 006001, 006005, 006006]
4515	6	006004	006006	35	8.0	3.0	0,903	true	[006004, 006007, 006002, 006003, 006001, 006006]
4516	6	006004	006006	36	8.0	3.0	0,913	true	[006004, 006007, 006002, 006003, 006006]
4517	6	006004	006006	37	8.0	3.0	0,913	true	[006004, 006007, 006003, 006000, 006001, 006005, 006006]
4518	6	006004	006006	38	8.0	3.0	0,980	true	[006004, 006007, 006003, 006000, 006001, 006006]
4519	6	006004	006006	39	9.0	3.0	0,876	true	[006004, 006007, 006003, 006001, 006005, 006006]
4520	6	006004	006006	40	9.0	3.0	0,941	true	[006004, 006007, 006003, 006001, 006006]
4521	6	006004	006006	41	9.0	3.0	0,951	true	[006004, 006007, 006003, 006006]
4522	6	006004	006006	42	8.0	3.0	0,903	true	[006004, 006007, 006005, 006001, 006000, 006003, 006006]
4523	6	006004	006006	43	28.0	3.0	0,867	true	[006004, 006007, 006005, 006001, 006003, 006006]
4524	6	006004	006006	44	33.0	3.0	0,931	true	[006004, 006007, 006005, 006001, 006006]
4525	6	006004	006006	45	36.0	3.0	0,941	true	[006004, 006007, 006005, 006006]
4526	6	006004	006003	46	8.0	4.0	0,980	true	[006004, 006001, 006000, 006003]
4527	6	006004	006003	47	33.0	4.0	0,941	true	[006004, 006001, 006003]
4528	6	006004	006003	48	28.0	3.0	0,885	true	[006004, 006001, 006005, 006006, 006003]
4529	6	006004	006003	49	8.0	4.0	0,859	true	[006004, 006001, 006005, 006007, 006002, 006003]
4530	6	006004	006003	50	9.0	4.0	0,894	true	[006004, 006001, 006005, 006007, 006003]
4531	6	006004	006003	51	28.0	4.0	0,951	true	[006004, 006001, 006006, 006003]
4532	6	006004	006003	52	8.0	3.0	0,867	true	[006004, 006001, 006006, 006005, 006007, 006002, 006003]
4533	6	006004	006003	53	9.0	3.0	0,904	true	[006004, 006001, 006006, 006005, 006007, 006003]
4534	6	006004	006003	54	8.0	4.0	0,904	true	[006004, 006001, 006007, 006002, 006003]
4535	6	006004	006003	55	9.0	4.0	0,941	true	[006004, 006001, 006007, 006003]
4536	6	006004	006003	56	28.0	3.0	0,877	true	[006004, 006001, 006007, 006005, 006006, 006003]
4537	6	006004	006003	57	39.0	5.0	0,950	true	[006004, 006003]
4538	6	006004	006003	58	8.0	3.0	0,980	true	[006004, 006007, 006001, 006000, 006003]
4539	6	006004	006003	59	33.0	3.0	0,941	true	[006004, 006007, 006001, 006003]
4540	6	006004	006003	60	28.0	3.0	0,885	true	[006004, 006007, 006001, 006005, 006006, 006003]
4541	6	006004	006003	61	28.0	3.0	0,951	true	[006004, 006007, 006001, 006006, 006003]
4542	6	006004	006003	62	8.0	3.0	0,941	true	[006004, 006007, 006002, 006003]
4543	6	006004	006003	63	9.0	3.0	0,980	true	[006004, 006007, 006003]
4544	6	006004	006003	64	8.0	3.0	0,931	true	[006004, 006007, 006005, 006001, 006000, 006003]
4545	6	006004	006003	65	33.0	3.0	0,894	true	[006004, 006007, 006005, 006001, 006003]
4546	6	006004	006003	66	28.0	3.0	0,903	true	[006004, 006007, 006005, 006001, 006006, 006003]
4547	6	006004	006003	67	8.0	3.0	0,941	true	[006004, 006007, 006005, 006006, 006001, 006000, 006003]
4548	6	006004	006003	68	33.0	3.0	0,903	true	[006004, 006007, 006005, 006006, 006001, 006003]
4549	6	006004	006003	69	28.0	3.0	0,913	true	[006004, 006007, 006005, 006006, 006003]
4550	6	006004	006000	70	8.0	4.0	0,980	true	[006004, 006001, 006000]
4551	6	006004	006000	71	33.0	4.0	0,941	true	[006004, 006001, 006003, 006000]
4552	6	006004	006000	72	28.0	3.0	0,885	true	[006004, 006001, 006005, 006006, 006003, 006000]
4553	6	006004	006000	73	8.0	4.0	0,859	true	[006004, 006001, 006005, 006007, 006002, 006003, 006000]
4554	6	006004	006000	74	9.0	4.0	0,894	true	[006004, 006001, 006005, 006007, 006003, 006000]
4555	6	006004	006000	75	28.0	4.0	0,951	true	[006004, 006001, 006006, 006003, 006000]
4556	6	006004	006000	76	8.0	3.0	0,867	true	[006004, 006001, 006006, 006005, 006007, 006002, 006003, 006000]
4557	6	006004	006000	77	9.0	3.0	0,904	true	[006004, 006001, 006006, 006005, 006007, 006003, 006000]
4558	6	006004	006000	78	8.0	4.0	0,904	true	[006004, 006001, 006007, 006002, 006003, 006000]
4559	6	006004	006000	79	9.0	4.0	0,941	true	[006004, 006001, 006007, 006003, 006000]
4560	6	006004	006000	80	28.0	3.0	0,877	true	[006004, 006001, 006007, 006005, 006006, 006003, 006000]
4561	6	006004	006000	81	34.0	5.0	0,950	true	[006004, 006003, 006000]
4562	6	006004	006000	82	8.0	5.0	0,912	true	[006004, 006003, 006001, 006000]
4563	6	006004	006000	83	8.0	4.0	0,876	true	[006004, 006003, 006002, 006007, 006001, 006000]
4564	6	006004	006000	84	8.0	4.0	0,832	true	[006004, 006003, 006002, 006007, 006005, 006001, 006000]
4565	6	006004	006000	85	8.0	3.0	0,841	true	[006004, 006003, 006002, 006007, 006005, 006006, 006001, 006000]
4566	6	006004	006000	86	8.0	5.0	0,922	true	[006004, 006003, 006006, 006001, 006000]
4567	6	006004	006000	87	8.0	3.0	0,858	true	[006004, 006003, 006006, 006005, 006001, 006000]
4568	6	006004	006000	88	8.0	3.0	0,850	true	[006004, 006003, 006006, 006005, 006007, 006001, 006000]
4569	6	006004	006000	89	8.0	4.0	0,912	true	[006004, 006003, 006007, 006001, 006000]
4570	6	006004	006000	90	8.0	5.0	0,867	true	[006004, 006003, 006007, 006005, 006001, 006000]
4571	6	006004	006000	91	8.0	3.0	0,876	true	[006004, 006003, 006007, 006005, 006006, 006001, 006000]
4572	6	006004	006000	92	8.0	3.0	0,980	true	[006004, 006007, 006001, 006000]
4573	6	006004	006000	93	33.0	3.0	0,941	true	[006004, 006007, 006001, 006003, 006000]
4574	6	006004	006000	94	28.0	3.0	0,885	true	[006004, 006007, 006001, 006005, 006006, 006003, 006000]
4575	6	006004	006000	95	28.0	3.0	0,951	true	[006004, 006007, 006001, 006006, 006003, 006000]
4576	6	006004	006000	96	8.0	3.0	0,941	true	[006004, 006007, 006002, 006003, 006000]
4577	6	006004	006000	97	8.0	3.0	0,903	true	[006004, 006007, 006002, 006003, 006001, 006000]
4578	6	006004	006000	98	8.0	3.0	0,913	true	[006004, 006007, 006002, 006003, 006006, 006001, 006000]
4579	6	006004	006000	99	8.0	3.0	0,850	true	[006004, 006007, 006002, 006003, 006006, 006005, 006001, 006000]
4580	6	006004	006000	100	9.0	3.0	0,980	true	[006004, 006007, 006003, 006000]
4581	7	007007	007000	0	36.0	9.0	0,960	true	[007007, 007000]
4582	7	007007	007000	1	42.0	3.0	0,960	true	[007007, 007002, 007003, 007000]
4583	7	007007	007000	2	8.0	5.0	0,840	true	[007007, 007002, 007003, 007001, 007004, 007005, 007000]
4584	7	007007	007000	3	5.0	5.0	0,824	true	[007007, 007002, 007003, 007001, 007004, 007005, 007006, 007000]
4585	7	007007	007000	4	8.0	5.0	0,876	true	[007007, 007002, 007003, 007001, 007005, 007000]
4586	7	007007	007000	5	5.0	5.0	0,858	true	[007007, 007002, 007003, 007001, 007005, 007006, 007000]
4587	7	007007	007000	6	5.0	3.0	0,885	true	[007007, 007002, 007003, 007001, 007006, 007000]
4588	7	007007	007000	7	8.0	3.0	0,815	true	[007007, 007002, 007003, 007001, 007006, 007005, 007000]
4589	7	007007	007000	8	14.0	5.0	0,867	true	[007007, 007002, 007003, 007004, 007001, 007005, 007000]
4590	7	007007	007000	9	5.0	5.0	0,849	true	[007007, 007002, 007003, 007004, 007001, 007005, 007006, 007000]
4591	7	007007	007000	10	5.0	3.0	0,876	true	[007007, 007002, 007003, 007004, 007001, 007006, 007000]
4592	7	007007	007000	11	24.0	3.0	0,807	true	[007007, 007002, 007003, 007004, 007001, 007006, 007005, 007000]
4593	7	007007	007000	12	19.0	5.0	0,903	true	[007007, 007002, 007003, 007004, 007005, 007000]
4594	7	007007	007000	13	5.0	3.0	0,913	true	[007007, 007002, 007003, 007004, 007005, 007001, 007006, 007000]
4595	7	007007	007000	14	5.0	5.0	0,885	true	[007007, 007002, 007003, 007004, 007005, 007006, 007000]
4596	7	007007	007000	15	13.0	5.0	0,903	true	[007007, 007002, 007003, 007005, 007000]
4597	7	007007	007000	16	5.0	3.0	0,913	true	[007007, 007002, 007003, 007005, 007001, 007006, 007000]
4598	7	007007	007000	17	5.0	3.0	0,876	true	[007007, 007002, 007003, 007005, 007004, 007001, 007006, 007000]
4599	7	007007	007000	18	5.0	5.0	0,885	true	[007007, 007002, 007003, 007005, 007006, 007000]
4600	7	007007	007000	19	5.0	3.0	0,913	true	[007007, 007002, 007003, 007006, 007000]
4601	7	007007	007000	20	9.0	3.0	0,832	true	[007007, 007002, 007003, 007006, 007001, 007004, 007005, 007000]
4602	7	007007	007000	21	9.0	3.0	0,867	true	[007007, 007002, 007003, 007006, 007001, 007005, 007000]
4603	7	007007	007000	22	9.0	3.0	0,840	true	[007007, 007002, 007003, 007006, 007005, 007000]
4604	7	007007	007000	23	24.0	5.0	0,866	true	[007007, 007002, 007005, 007000]
4605	7	007007	007000	24	8.0	3.0	0,876	true	[007007, 007002, 007005, 007001, 007003, 007000]
4606	7	007007	007000	25	5.0	3.0	0,832	true	[007007, 007002, 007005, 007001, 007003, 007006, 007000]
4607	7	007007	007000	26	14.0	3.0	0,867	true	[007007, 007002, 007005, 007001, 007004, 007003, 007000]
4608	7	007007	007000	27	5.0	3.0	0,824	true	[007007, 007002, 007005, 007001, 007004, 007003, 007006, 007000]
4609	7	007007	007000	28	5.0	3.0	0,876	true	[007007, 007002, 007005, 007001, 007006, 007000]
4610	7	007007	007000	29	9.0	3.0	0,867	true	[007007, 007002, 007005, 007001, 007006, 007003, 007000]
4611	7	007007	007000	30	13.0	3.0	0,903	true	[007007, 007002, 007005, 007003, 007000]
4612	7	007007	007000	31	5.0	3.0	0,832	true	[007007, 007002, 007005, 007003, 007001, 007006, 007000]
4613	7	007007	007000	32	5.0	3.0	0,824	true	[007007, 007002, 007005, 007003, 007004, 007001, 007006, 007000]
4614	7	007007	007000	33	5.0	3.0	0,858	true	[007007, 007002, 007005, 007003, 007006, 007000]
4615	7	007007	007000	34	8.0	3.0	0,840	true	[007007, 007002, 007005, 007004, 007001, 007003, 007000]
4616	7	007007	007000	35	5.0	3.0	0,799	true	[007007, 007002, 007005, 007004, 007001, 007003, 007006, 007000]
4617	7	007007	007000	36	5.0	3.0	0,841	true	[007007, 007002, 007005, 007004, 007001, 007006, 007000]
4618	7	007007	007000	37	9.0	3.0	0,832	true	[007007, 007002, 007005, 007004, 007001, 007006, 007003, 007000]
4619	7	007007	007000	38	19.0	3.0	0,903	true	[007007, 007002, 007005, 007004, 007003, 007000]
4620	7	007007	007000	39	5.0	3.0	0,832	true	[007007, 007002, 007005, 007004, 007003, 007001, 007006, 007000]
4621	7	007007	007000	40	5.0	3.0	0,858	true	[007007, 007002, 007005, 007004, 007003, 007006, 007000]
4622	7	007007	007000	41	5.0	5.0	0,849	true	[007007, 007002, 007005, 007006, 007000]
4623	7	007007	007000	42	8.0	3.0	0,815	true	[007007, 007002, 007005, 007006, 007001, 007003, 007000]
4624	7	007007	007000	43	27.0	3.0	0,807	true	[007007, 007002, 007005, 007006, 007001, 007004, 007003, 007000]
4625	7	007007	007000	44	9.0	3.0	0,840	true	[007007, 007002, 007005, 007006, 007003, 007000]
4626	7	007007	007000	45	5.0	5.0	0,922	true	[007007, 007002, 007006, 007000]
4627	7	007007	007000	46	8.0	3.0	0,885	true	[007007, 007002, 007006, 007001, 007003, 007000]
4628	7	007007	007000	47	8.0	3.0	0,832	true	[007007, 007002, 007006, 007001, 007003, 007004, 007005, 007000]
4629	7	007007	007000	48	8.0	3.0	0,832	true	[007007, 007002, 007006, 007001, 007003, 007005, 007000]
4630	7	007007	007000	49	14.0	3.0	0,876	true	[007007, 007002, 007006, 007001, 007004, 007003, 007000]
4631	7	007007	007000	50	13.0	3.0	0,824	true	[007007, 007002, 007006, 007001, 007004, 007003, 007005, 007000]
4632	7	007007	007000	51	14.0	3.0	0,841	true	[007007, 007002, 007006, 007001, 007004, 007005, 007000]
4633	7	007007	007000	52	13.0	3.0	0,876	true	[007007, 007002, 007006, 007001, 007004, 007005, 007003, 007000]
4634	7	007007	007000	53	14.0	3.0	0,876	true	[007007, 007002, 007006, 007001, 007005, 007000]
4635	7	007007	007000	54	13.0	3.0	0,913	true	[007007, 007002, 007006, 007001, 007005, 007003, 007000]
4636	7	007007	007000	55	14.0	3.0	0,913	true	[007007, 007002, 007006, 007001, 007005, 007004, 007003, 007000]
4637	7	007007	007000	56	9.0	3.0	0,913	true	[007007, 007002, 007006, 007003, 007000]
4638	7	007007	007000	57	8.0	3.0	0,799	true	[007007, 007002, 007006, 007003, 007001, 007004, 007005, 007000]
4639	7	007007	007000	58	8.0	3.0	0,832	true	[007007, 007002, 007006, 007003, 007001, 007005, 007000]
4640	7	007007	007000	59	9.0	3.0	0,824	true	[007007, 007002, 007006, 007003, 007004, 007001, 007005, 007000]
4641	7	007007	007000	60	9.0	3.0	0,858	true	[007007, 007002, 007006, 007003, 007004, 007005, 007000]
4642	7	007007	007000	61	9.0	3.0	0,858	true	[007007, 007002, 007006, 007003, 007005, 007000]
4643	7	007007	007000	62	14.0	5.0	0,849	true	[007007, 007002, 007006, 007005, 007000]
4644	7	007007	007000	63	8.0	3.0	0,858	true	[007007, 007002, 007006, 007005, 007001, 007003, 007000]
4645	7	007007	007000	64	14.0	3.0	0,849	true	[007007, 007002, 007006, 007005, 007001, 007004, 007003, 007000]
4646	7	007007	007000	65	13.0	3.0	0,885	true	[007007, 007002, 007006, 007005, 007003, 007000]
4647	7	007007	007000	66	8.0	3.0	0,824	true	[007007, 007002, 007006, 007005, 007004, 007001, 007003, 007000]
4648	7	007007	007000	67	14.0	3.0	0,885	true	[007007, 007002, 007006, 007005, 007004, 007003, 007000]
4649	7	007007	007000	68	24.0	6.0	0,922	true	[007007, 007005, 007000]
4650	7	007007	007000	69	8.0	3.0	0,931	true	[007007, 007005, 007001, 007003, 007000]
4651	7	007007	007000	70	5.0	6.0	0,894	true	[007007, 007005, 007001, 007003, 007002, 007006, 007000]
4652	7	007007	007000	71	5.0	3.0	0,885	true	[007007, 007005, 007001, 007003, 007006, 007000]
4653	7	007007	007000	72	14.0	3.0	0,922	true	[007007, 007005, 007001, 007004, 007003, 007000]
4654	7	007007	007000	73	5.0	6.0	0,885	true	[007007, 007005, 007001, 007004, 007003, 007002, 007006, 007000]
4655	7	007007	007000	74	5.0	3.0	0,876	true	[007007, 007005, 007001, 007004, 007003, 007006, 007000]
4656	7	007007	007000	75	5.0	3.0	0,932	true	[007007, 007005, 007001, 007006, 007000]
4657	7	007007	007000	76	14.0	3.0	0,932	true	[007007, 007005, 007001, 007006, 007002, 007003, 007000]
4658	7	007007	007000	77	9.0	3.0	0,922	true	[007007, 007005, 007001, 007006, 007003, 007000]
4659	7	007007	007000	78	37.0	3.0	0,922	true	[007007, 007005, 007002, 007003, 007000]
4660	7	007007	007000	79	5.0	3.0	0,850	true	[007007, 007005, 007002, 007003, 007001, 007006, 007000]
4661	7	007007	007000	80	5.0	3.0	0,841	true	[007007, 007005, 007002, 007003, 007004, 007001, 007006, 007000]
4662	7	007007	007000	81	5.0	3.0	0,876	true	[007007, 007005, 007002, 007003, 007006, 007000]
4663	7	007007	007000	82	5.0	9.0	0,885	true	[007007, 007005, 007002, 007006, 007000]
4664	7	007007	007000	83	8.0	3.0	0,850	true	[007007, 007005, 007002, 007006, 007001, 007003, 007000]
4665	7	007007	007000	84	14.0	3.0	0,841	true	[007007, 007005, 007002, 007006, 007001, 007004, 007003, 007000]
4666	7	007007	007000	85	9.0	3.0	0,876	true	[007007, 007005, 007002, 007006, 007003, 007000]
4667	7	007007	007000	86	13.0	3.0	0,960	true	[007007, 007005, 007003, 007000]
4668	7	007007	007000	87	5.0	3.0	0,885	true	[007007, 007005, 007003, 007001, 007006, 007000]
4669	7	007007	007000	88	5.0	6.0	0,922	true	[007007, 007005, 007003, 007002, 007006, 007000]
4670	7	007007	007000	89	5.0	3.0	0,877	true	[007007, 007005, 007003, 007004, 007001, 007006, 007000]
4671	7	007007	007000	90	5.0	3.0	0,913	true	[007007, 007005, 007003, 007006, 007000]
4672	7	007007	007000	91	8.0	3.0	0,894	true	[007007, 007005, 007004, 007001, 007003, 007000]
4673	7	007007	007000	92	5.0	6.0	0,859	true	[007007, 007005, 007004, 007001, 007003, 007002, 007006, 007000]
4674	7	007007	007000	93	5.0	3.0	0,850	true	[007007, 007005, 007004, 007001, 007003, 007006, 007000]
4675	7	007007	007000	94	5.0	3.0	0,894	true	[007007, 007005, 007004, 007001, 007006, 007000]
4676	7	007007	007000	95	14.0	3.0	0,894	true	[007007, 007005, 007004, 007001, 007006, 007002, 007003, 007000]
4677	7	007007	007000	96	9.0	3.0	0,885	true	[007007, 007005, 007004, 007001, 007006, 007003, 007000]
4678	7	007007	007000	97	19.0	3.0	0,960	true	[007007, 007005, 007004, 007003, 007000]
4679	7	007007	007000	98	5.0	3.0	0,885	true	[007007, 007005, 007004, 007003, 007001, 007006, 007000]
4680	7	007007	007000	99	5.0	6.0	0,922	true	[007007, 007005, 007004, 007003, 007002, 007006, 007000]
4681	7	007007	007000	100	5.0	3.0	0,913	true	[007007, 007005, 007004, 007003, 007006, 007000]
4682	8	008005	008004	0	10.0	4.0	0,850	true	[008005, 008001, 008000, 008003, 008006, 008002, 008004]
4683	8	008005	008004	1	15.0	4.0	0,867	true	[008005, 008001, 008000, 008003, 008006, 008004]
4684	8	008005	008004	2	6.0	4.0	0,824	true	[008005, 008001, 008000, 008003, 008006, 008007, 008002, 008004]
4685	8	008005	008004	3	6.0	4.0	0,832	true	[008005, 008001, 008000, 008003, 008007, 008002, 008004]
4686	8	008005	008004	4	6.0	4.0	0,833	true	[008005, 008001, 008000, 008003, 008007, 008002, 008006, 008004]
4687	8	008005	008004	5	10.0	4.0	0,858	true	[008005, 008001, 008000, 008003, 008007, 008006, 008002, 008004]
4688	8	008005	008004	6	15.0	4.0	0,876	true	[008005, 008001, 008000, 008003, 008007, 008006, 008004]
4689	8	008005	008004	7	15.0	5.0	0,913	true	[008005, 008001, 008000, 008004]
4690	8	008005	008004	8	6.0	4.0	0,849	true	[008005, 008001, 008000, 008007, 008002, 008004]
4691	8	008005	008004	9	6.0	4.0	0,850	true	[008005, 008001, 008000, 008007, 008002, 008006, 008004]
4692	8	008005	008004	10	10.0	4.0	0,867	true	[008005, 008001, 008000, 008007, 008003, 008006, 008002, 008004]
4693	8	008005	008004	11	15.0	4.0	0,885	true	[008005, 008001, 008000, 008007, 008003, 008006, 008004]
4694	8	008005	008004	12	10.0	4.0	0,876	true	[008005, 008001, 008000, 008007, 008006, 008002, 008004]
4695	8	008005	008004	13	15.0	4.0	0,894	true	[008005, 008001, 008000, 008007, 008006, 008004]
4696	8	008005	008004	14	10.0	4.0	0,931	true	[008005, 008001, 008002, 008004]
4697	8	008005	008004	15	25.0	5.0	0,904	true	[008005, 008001, 008002, 008006, 008003, 008000, 008004]
4698	8	008005	008004	16	24.0	5.0	0,922	true	[008005, 008001, 008002, 008006, 008003, 008007, 008000, 008004]
4699	8	008005	008004	17	25.0	4.0	0,931	true	[008005, 008001, 008002, 008006, 008004]
4700	8	008005	008004	18	24.0	5.0	0,932	true	[008005, 008001, 008002, 008006, 008007, 008000, 008004]
4701	8	008005	008004	19	25.0	6.0	0,913	true	[008005, 008001, 008002, 008006, 008007, 008003, 008000, 008004]
4702	8	008005	008004	20	6.0	4.0	0,859	true	[008005, 008001, 008002, 008007, 008000, 008003, 008006, 008004]
4703	8	008005	008004	21	6.0	5.0	0,903	true	[008005, 008001, 008002, 008007, 008000, 008004]
4704	8	008005	008004	22	6.0	5.0	0,885	true	[008005, 008001, 008002, 008007, 008003, 008000, 008004]
4705	8	008005	008004	23	6.0	4.0	0,894	true	[008005, 008001, 008002, 008007, 008003, 008006, 008004]
4706	8	008005	008004	24	6.0	5.0	0,876	true	[008005, 008001, 008002, 008007, 008006, 008003, 008000, 008004]
4707	8	008005	008004	25	6.0	4.0	0,903	true	[008005, 008001, 008002, 008007, 008006, 008004]
4708	8	008005	008004	26	31.0	6.0	0,904	true	[008005, 008001, 008003, 008000, 008004]
4709	8	008005	008004	27	6.0	4.0	0,841	true	[008005, 008001, 008003, 008000, 008007, 008002, 008004]
4710	8	008005	008004	28	6.0	4.0	0,841	true	[008005, 008001, 008003, 008000, 008007, 008002, 008006, 008004]
4711	8	008005	008004	29	10.0	4.0	0,867	true	[008005, 008001, 008003, 008000, 008007, 008006, 008002, 008004]
4712	8	008005	008004	30	24.0	4.0	0,885	true	[008005, 008001, 008003, 008000, 008007, 008006, 008004]
4713	8	008005	008004	31	10.0	4.0	0,894	true	[008005, 008001, 008003, 008006, 008002, 008004]
4714	8	008005	008004	32	6.0	5.0	0,868	true	[008005, 008001, 008003, 008006, 008002, 008007, 008000, 008004]
4715	8	008005	008004	33	41.0	4.0	0,913	true	[008005, 008001, 008003, 008006, 008004]
4716	8	008005	008004	34	24.0	5.0	0,913	true	[008005, 008001, 008003, 008006, 008007, 008000, 008004]
4717	8	008005	008004	35	6.0	4.0	0,867	true	[008005, 008001, 008003, 008006, 008007, 008002, 008004]
4718	8	008005	008004	36	24.0	5.0	0,922	true	[008005, 008001, 008003, 008007, 008000, 008004]
4719	8	008005	008004	37	6.0	4.0	0,876	true	[008005, 008001, 008003, 008007, 008002, 008004]
4720	8	008005	008004	38	6.0	4.0	0,876	true	[008005, 008001, 008003, 008007, 008002, 008006, 008004]
4721	8	008005	008004	39	10.0	4.0	0,903	true	[008005, 008001, 008003, 008007, 008006, 008002, 008004]
4722	8	008005	008004	40	38.0	4.0	0,922	true	[008005, 008001, 008003, 008007, 008006, 008004]
4723	8	008005	008004	41	46.0	4.0	0,960	true	[008005, 008001, 008004]
4724	8	008005	008004	42	10.0	3.0	0,867	true	[008005, 008001, 008007, 008000, 008003, 008006, 008002, 008004]
4725	8	008005	008004	43	13.0	3.0	0,885	true	[008005, 008001, 008007, 008000, 008003, 008006, 008004]
4726	8	008005	008004	44	13.0	3.0	0,932	true	[008005, 008001, 008007, 008000, 008004]
4727	8	008005	008004	45	6.0	3.0	0,885	true	[008005, 008001, 008007, 008002, 008004]
4728	8	008005	008004	46	6.0	3.0	0,859	true	[008005, 008001, 008007, 008002, 008006, 008003, 008000, 008004]
4729	8	008005	008004	47	6.0	3.0	0,885	true	[008005, 008001, 008007, 008002, 008006, 008004]
4730	8	008005	008004	48	13.0	3.0	0,913	true	[008005, 008001, 008007, 008003, 008000, 008004]
4731	8	008005	008004	49	10.0	3.0	0,903	true	[008005, 008001, 008007, 008003, 008006, 008002, 008004]
4732	8	008005	008004	50	13.0	3.0	0,922	true	[008005, 008001, 008007, 008003, 008006, 008004]
4733	8	008005	008004	51	10.0	3.0	0,912	true	[008005, 008001, 008007, 008006, 008002, 008004]
4734	8	008005	008004	52	13.0	3.0	0,904	true	[008005, 008001, 008007, 008006, 008003, 008000, 008004]
4735	8	008005	008004	53	13.0	3.0	0,931	true	[008005, 008001, 008007, 008006, 008004]
4736	8	008005	008004	54	15.0	4.0	0,885	true	[008005, 008002, 008001, 008000, 008003, 008006, 008004]
4737	8	008005	008004	55	15.0	4.0	0,894	true	[008005, 008002, 008001, 008000, 008003, 008007, 008006, 008004]
4738	8	008005	008004	56	15.0	5.0	0,931	true	[008005, 008002, 008001, 008000, 008004]
4739	8	008005	008004	57	15.0	4.0	0,903	true	[008005, 008002, 008001, 008000, 008007, 008003, 008006, 008004]
4740	8	008005	008004	58	15.0	4.0	0,912	true	[008005, 008002, 008001, 008000, 008007, 008006, 008004]
4741	8	008005	008004	59	25.0	6.0	0,922	true	[008005, 008002, 008001, 008003, 008000, 008004]
4742	8	008005	008004	60	24.0	4.0	0,903	true	[008005, 008002, 008001, 008003, 008000, 008007, 008006, 008004]
4743	8	008005	008004	61	25.0	4.0	0,931	true	[008005, 008002, 008001, 008003, 008006, 008004]
4744	8	008005	008004	62	24.0	5.0	0,932	true	[008005, 008002, 008001, 008003, 008006, 008007, 008000, 008004]
4745	8	008005	008004	63	24.0	5.0	0,941	true	[008005, 008002, 008001, 008003, 008007, 008000, 008004]
4746	8	008005	008004	64	25.0	4.0	0,941	true	[008005, 008002, 008001, 008003, 008007, 008006, 008004]
4747	8	008005	008004	65	25.0	4.0	0,980	true	[008005, 008002, 008001, 008004]
4748	8	008005	008004	66	13.0	3.0	0,904	true	[008005, 008002, 008001, 008007, 008000, 008003, 008006, 008004]
4749	8	008005	008004	67	13.0	3.0	0,951	true	[008005, 008002, 008001, 008007, 008000, 008004]
4750	8	008005	008004	68	13.0	3.0	0,931	true	[008005, 008002, 008001, 008007, 008003, 008000, 008004]
4751	8	008005	008004	69	13.0	3.0	0,941	true	[008005, 008002, 008001, 008007, 008003, 008006, 008004]
4752	8	008005	008004	70	13.0	3.0	0,922	true	[008005, 008002, 008001, 008007, 008006, 008003, 008000, 008004]
4753	8	008005	008004	71	13.0	3.0	0,950	true	[008005, 008002, 008001, 008007, 008006, 008004]
4754	8	008005	008004	72	10.0	4.0	0,950	true	[008005, 008002, 008004]
4755	8	008005	008004	73	15.0	4.0	0,894	true	[008005, 008002, 008006, 008003, 008000, 008001, 008004]
4756	8	008005	008004	74	28.0	5.0	0,922	true	[008005, 008002, 008006, 008003, 008000, 008004]
4757	8	008005	008004	75	13.0	3.0	0,913	true	[008005, 008002, 008006, 008003, 008000, 008007, 008001, 008004]
4758	8	008005	008004	76	15.0	5.0	0,894	true	[008005, 008002, 008006, 008003, 008001, 008000, 008004]
4759	8	008005	008004	77	28.0	4.0	0,941	true	[008005, 008002, 008006, 008003, 008001, 008004]
4760	8	008005	008004	78	13.0	3.0	0,913	true	[008005, 008002, 008006, 008003, 008001, 008007, 008000, 008004]
4761	8	008005	008004	79	15.0	4.0	0,913	true	[008005, 008002, 008006, 008003, 008007, 008000, 008001, 008004]
4762	8	008005	008004	80	24.0	5.0	0,941	true	[008005, 008002, 008006, 008003, 008007, 008000, 008004]
4763	8	008005	008004	81	13.0	3.0	0,904	true	[008005, 008002, 008006, 008003, 008007, 008001, 008000, 008004]
4764	8	008005	008004	82	13.0	3.0	0,951	true	[008005, 008002, 008006, 008003, 008007, 008001, 008004]
4765	8	008005	008004	83	28.0	4.0	0,950	true	[008005, 008002, 008006, 008004]
4766	8	008005	008004	84	15.0	4.0	0,922	true	[008005, 008002, 008006, 008007, 008000, 008001, 008004]
4767	8	008005	008004	85	24.0	4.0	0,913	true	[008005, 008002, 008006, 008007, 008000, 008003, 008001, 008004]
4768	8	008005	008004	86	24.0	5.0	0,951	true	[008005, 008002, 008006, 008007, 008000, 008004]
4769	8	008005	008004	87	13.0	3.0	0,913	true	[008005, 008002, 008006, 008007, 008001, 008000, 008004]
4770	8	008005	008004	88	13.0	3.0	0,904	true	[008005, 008002, 008006, 008007, 008001, 008003, 008000, 008004]
4771	8	008005	008004	89	13.0	3.0	0,960	true	[008005, 008002, 008006, 008007, 008001, 008004]
4772	8	008005	008004	90	15.0	4.0	0,903	true	[008005, 008002, 008006, 008007, 008003, 008000, 008001, 008004]
4773	8	008005	008004	91	28.0	6.0	0,931	true	[008005, 008002, 008006, 008007, 008003, 008000, 008004]
4774	8	008005	008004	92	15.0	5.0	0,903	true	[008005, 008002, 008006, 008007, 008003, 008001, 008000, 008004]
4775	8	008005	008004	93	28.0	4.0	0,951	true	[008005, 008002, 008006, 008007, 008003, 008001, 008004]
4776	8	008005	008004	94	6.0	4.0	0,850	true	[008005, 008002, 008007, 008000, 008001, 008003, 008006, 008004]
4777	8	008005	008004	95	6.0	4.0	0,894	true	[008005, 008002, 008007, 008000, 008001, 008004]
4778	8	008005	008004	96	6.0	4.0	0,885	true	[008005, 008002, 008007, 008000, 008003, 008001, 008004]
4779	8	008005	008004	97	6.0	4.0	0,876	true	[008005, 008002, 008007, 008000, 008003, 008006, 008004]
4780	8	008005	008004	98	6.0	5.0	0,922	true	[008005, 008002, 008007, 008000, 008004]
4781	8	008005	008004	99	6.0	3.0	0,841	true	[008005, 008002, 008007, 008001, 008000, 008003, 008006, 008004]
4782	8	008005	008004	100	6.0	3.0	0,885	true	[008005, 008002, 008007, 008001, 008000, 008004]
4783	8	008005	008004	101	6.0	3.0	0,931	true	[008005, 008002, 008007, 008001, 008004]
4784	8	008005	008004	102	18.0	4.0	0,980	true	[008005, 008004]
4785	9	009001	009004	0	17.0	5.0	0,970	true	[009001, 009002, 009000, 009004]
4786	9	009001	009004	1	5.0	3.0	0,867	true	[009001, 009002, 009000, 009006, 009005, 009003, 009004]
4787	9	009001	009004	2	5.0	3.0	0,859	true	[009001, 009002, 009000, 009006, 009005, 009003, 009007, 009004]
4788	9	009001	009004	3	5.0	3.0	0,824	true	[009001, 009002, 009000, 009006, 009005, 009007, 009003, 009004]
4789	9	009001	009004	4	5.0	3.0	0,885	true	[009001, 009002, 009000, 009006, 009005, 009007, 009004]
4790	9	009001	009004	5	5.0	4.0	0,849	true	[009001, 009002, 009000, 009006, 009007, 009003, 009004]
4791	9	009001	009004	6	5.0	5.0	0,912	true	[009001, 009002, 009000, 009006, 009007, 009004]
4792	9	009001	009004	7	5.0	4.0	0,824	true	[009001, 009002, 009000, 009006, 009007, 009005, 009003, 009004]
4793	9	009001	009004	8	17.0	4.0	0,858	true	[009001, 009002, 009000, 009007, 009003, 009004]
4794	9	009001	009004	9	17.0	5.0	0,922	true	[009001, 009002, 009000, 009007, 009004]
4795	9	009001	009004	10	17.0	4.0	0,832	true	[009001, 009002, 009000, 009007, 009005, 009003, 009004]
4796	9	009001	009004	11	17.0	3.0	0,791	true	[009001, 009002, 009000, 009007, 009006, 009005, 009003, 009004]
4797	9	009001	009004	12	17.0	4.0	0,922	true	[009001, 009002, 009003, 009004]
4798	9	009001	009004	13	5.0	3.0	0,876	true	[009001, 009002, 009003, 009005, 009006, 009000, 009004]
4799	9	009001	009004	14	5.0	3.0	0,832	true	[009001, 009002, 009003, 009005, 009006, 009000, 009007, 009004]
4800	9	009001	009004	15	17.0	3.0	0,799	true	[009001, 009002, 009003, 009005, 009006, 009007, 009000, 009004]
4801	9	009001	009004	16	17.0	3.0	0,841	true	[009001, 009002, 009003, 009005, 009006, 009007, 009004]
4802	9	009001	009004	17	17.0	4.0	0,841	true	[009001, 009002, 009003, 009005, 009007, 009000, 009004]
4803	9	009001	009004	18	17.0	4.0	0,885	true	[009001, 009002, 009003, 009005, 009007, 009004]
4804	9	009001	009004	19	5.0	4.0	0,832	true	[009001, 009002, 009003, 009005, 009007, 009006, 009000, 009004]
4805	9	009001	009004	20	17.0	4.0	0,867	true	[009001, 009002, 009003, 009007, 009000, 009004]
4806	9	009001	009004	21	17.0	4.0	0,912	true	[009001, 009002, 009003, 009007, 009004]
4807	9	009001	009004	22	5.0	3.0	0,832	true	[009001, 009002, 009003, 009007, 009005, 009006, 009000, 009004]
4808	9	009001	009004	23	5.0	4.0	0,858	true	[009001, 009002, 009003, 009007, 009006, 009000, 009004]
4809	9	009001	009004	24	17.0	7.0	0,970	true	[009001, 009002, 009004]
4810	9	009001	009004	25	17.0	4.0	0,931	true	[009001, 009002, 009005, 009003, 009004]
4811	9	009001	009004	26	17.0	4.0	0,876	true	[009001, 009002, 009005, 009003, 009007, 009000, 009004]
4812	9	009001	009004	27	17.0	4.0	0,922	true	[009001, 009002, 009005, 009003, 009007, 009004]
4813	9	009001	009004	28	5.0	4.0	0,867	true	[009001, 009002, 009005, 009003, 009007, 009006, 009000, 009004]
4814	9	009001	009004	29	5.0	3.0	0,941	true	[009001, 009002, 009005, 009006, 009000, 009004]
4815	9	009001	009004	30	5.0	3.0	0,832	true	[009001, 009002, 009005, 009006, 009000, 009007, 009003, 009004]
4816	9	009001	009004	31	5.0	3.0	0,894	true	[009001, 009002, 009005, 009006, 009000, 009007, 009004]
4817	9	009001	009004	32	17.0	3.0	0,858	true	[009001, 009002, 009005, 009006, 009007, 009000, 009004]
4818	9	009001	009004	33	17.0	3.0	0,840	true	[009001, 009002, 009005, 009006, 009007, 009003, 009004]
4819	9	009001	009004	34	17.0	3.0	0,903	true	[009001, 009002, 009005, 009006, 009007, 009004]
4820	9	009001	009004	35	17.0	5.0	0,903	true	[009001, 009002, 009005, 009007, 009000, 009004]
4821	9	009001	009004	36	17.0	4.0	0,885	true	[009001, 009002, 009005, 009007, 009003, 009004]
4822	9	009001	009004	37	17.0	5.0	0,950	true	[009001, 009002, 009005, 009007, 009004]
4823	9	009001	009004	38	5.0	5.0	0,894	true	[009001, 009002, 009005, 009007, 009006, 009000, 009004]
4824	9	009001	009004	39	5.0	6.0	0,980	true	[009001, 009002, 009006, 009000, 009004]
4825	9	009001	009004	40	5.0	4.0	0,867	true	[009001, 009002, 009006, 009000, 009007, 009003, 009004]
4826	9	009001	009004	41	5.0	6.0	0,931	true	[009001, 009002, 009006, 009000, 009007, 009004]
4827	9	009001	009004	42	5.0	4.0	0,841	true	[009001, 009002, 009006, 009000, 009007, 009005, 009003, 009004]
4828	9	009001	009004	43	9.0	3.0	0,894	true	[009001, 009002, 009006, 009005, 009003, 009004]
4829	9	009001	009004	44	9.0	3.0	0,841	true	[009001, 009002, 009006, 009005, 009003, 009007, 009000, 009004]
4830	9	009001	009004	45	9.0	3.0	0,885	true	[009001, 009002, 009006, 009005, 009003, 009007, 009004]
4831	9	009001	009004	46	9.0	3.0	0,867	true	[009001, 009002, 009006, 009005, 009007, 009000, 009004]
4832	9	009001	009004	47	9.0	3.0	0,849	true	[009001, 009002, 009006, 009005, 009007, 009003, 009004]
4833	9	009001	009004	48	9.0	3.0	0,912	true	[009001, 009002, 009006, 009005, 009007, 009004]
4834	9	009001	009004	49	9.0	6.0	0,893	true	[009001, 009002, 009006, 009007, 009000, 009004]
4835	9	009001	009004	50	9.0	4.0	0,876	true	[009001, 009002, 009006, 009007, 009003, 009004]
4836	9	009001	009004	51	9.0	6.0	0,941	true	[009001, 009002, 009006, 009007, 009004]
4837	9	009001	009004	52	9.0	4.0	0,849	true	[009001, 009002, 009006, 009007, 009005, 009003, 009004]
4838	9	009001	009004	53	17.0	6.0	0,941	true	[009001, 009002, 009007, 009000, 009004]
4839	9	009001	009004	54	5.0	3.0	0,841	true	[009001, 009002, 009007, 009000, 009006, 009005, 009003, 009004]
4840	9	009001	009004	55	17.0	4.0	0,922	true	[009001, 009002, 009007, 009003, 009004]
4841	9	009001	009004	56	5.0	3.0	0,876	true	[009001, 009002, 009007, 009003, 009005, 009006, 009000, 009004]
4842	9	009001	009004	57	17.0	7.0	0,990	true	[009001, 009002, 009007, 009004]
4843	9	009001	009004	58	17.0	4.0	0,894	true	[009001, 009002, 009007, 009005, 009003, 009004]
4844	9	009001	009004	59	5.0	3.0	0,903	true	[009001, 009002, 009007, 009005, 009006, 009000, 009004]
4845	9	009001	009004	60	5.0	6.0	0,931	true	[009001, 009002, 009007, 009006, 009000, 009004]
4846	9	009001	009004	61	17.0	3.0	0,849	true	[009001, 009002, 009007, 009006, 009005, 009003, 009004]
4847	9	009001	009004	62	16.0	3.0	0,885	true	[009001, 009003, 009002, 009000, 009004]
4848	9	009001	009004	63	5.0	3.0	0,807	true	[009001, 009003, 009002, 009000, 009006, 009005, 009007, 009004]
4849	9	009001	009004	64	5.0	3.0	0,832	true	[009001, 009003, 009002, 009000, 009006, 009007, 009004]
4850	9	009001	009004	65	16.0	3.0	0,841	true	[009001, 009003, 009002, 009000, 009007, 009004]
4851	9	009001	009004	66	16.0	3.0	0,885	true	[009001, 009003, 009002, 009004]
4852	9	009001	009004	67	5.0	3.0	0,858	true	[009001, 009003, 009002, 009005, 009006, 009000, 009004]
4853	9	009001	009004	68	5.0	3.0	0,815	true	[009001, 009003, 009002, 009005, 009006, 009000, 009007, 009004]
4854	9	009001	009004	69	16.0	3.0	0,782	true	[009001, 009003, 009002, 009005, 009006, 009007, 009000, 009004]
4855	9	009001	009004	70	16.0	3.0	0,823	true	[009001, 009003, 009002, 009005, 009006, 009007, 009004]
4856	9	009001	009004	71	16.0	3.0	0,823	true	[009001, 009003, 009002, 009005, 009007, 009000, 009004]
4857	9	009001	009004	72	16.0	3.0	0,867	true	[009001, 009003, 009002, 009005, 009007, 009004]
4858	9	009001	009004	73	5.0	3.0	0,815	true	[009001, 009003, 009002, 009005, 009007, 009006, 009000, 009004]
4859	9	009001	009004	74	5.0	3.0	0,894	true	[009001, 009003, 009002, 009006, 009000, 009004]
4860	9	009001	009004	75	5.0	3.0	0,849	true	[009001, 009003, 009002, 009006, 009000, 009007, 009004]
4861	9	009001	009004	76	9.0	3.0	0,790	true	[009001, 009003, 009002, 009006, 009005, 009007, 009000, 009004]
4862	9	009001	009004	77	9.0	3.0	0,832	true	[009001, 009003, 009002, 009006, 009005, 009007, 009004]
4863	9	009001	009004	78	9.0	3.0	0,815	true	[009001, 009003, 009002, 009006, 009007, 009000, 009004]
4864	9	009001	009004	79	9.0	3.0	0,858	true	[009001, 009003, 009002, 009006, 009007, 009004]
4865	9	009001	009004	80	16.0	3.0	0,858	true	[009001, 009003, 009002, 009007, 009000, 009004]
4866	9	009001	009004	81	16.0	3.0	0,903	true	[009001, 009003, 009002, 009007, 009004]
4867	9	009001	009004	82	5.0	3.0	0,824	true	[009001, 009003, 009002, 009007, 009005, 009006, 009000, 009004]
4868	9	009001	009004	83	5.0	3.0	0,849	true	[009001, 009003, 009002, 009007, 009006, 009000, 009004]
4869	9	009001	009004	84	16.0	3.0	0,912	true	[009001, 009003, 009004]
4870	9	009001	009004	85	16.0	3.0	0,894	true	[009001, 009003, 009005, 009002, 009000, 009004]
4871	9	009001	009004	86	5.0	3.0	0,841	true	[009001, 009003, 009005, 009002, 009000, 009006, 009007, 009004]
4872	9	009001	009004	87	16.0	3.0	0,849	true	[009001, 009003, 009005, 009002, 009000, 009007, 009004]
4873	9	009001	009004	88	16.0	3.0	0,894	true	[009001, 009003, 009005, 009002, 009004]
4874	9	009001	009004	89	5.0	3.0	0,903	true	[009001, 009003, 009005, 009002, 009006, 009000, 009004]
4875	9	009001	009004	90	5.0	3.0	0,858	true	[009001, 009003, 009005, 009002, 009006, 009000, 009007, 009004]
4876	9	009001	009004	91	9.0	3.0	0,823	true	[009001, 009003, 009005, 009002, 009006, 009007, 009000, 009004]
4877	9	009001	009004	92	9.0	3.0	0,867	true	[009001, 009003, 009005, 009002, 009006, 009007, 009004]
4878	9	009001	009004	93	16.0	3.0	0,867	true	[009001, 009003, 009005, 009002, 009007, 009000, 009004]
4879	9	009001	009004	94	16.0	3.0	0,912	true	[009001, 009003, 009005, 009002, 009007, 009004]
4880	9	009001	009004	95	5.0	3.0	0,858	true	[009001, 009003, 009005, 009002, 009007, 009006, 009000, 009004]
4881	9	009001	009004	96	5.0	3.0	0,833	true	[009001, 009003, 009005, 009006, 009000, 009002, 009004]
4882	9	009001	009004	97	5.0	3.0	0,850	true	[009001, 009003, 009005, 009006, 009000, 009002, 009007, 009004]
4883	9	009001	009004	98	5.0	3.0	0,867	true	[009001, 009003, 009005, 009006, 009000, 009004]
4884	9	009001	009004	99	5.0	3.0	0,807	true	[009001, 009003, 009005, 009006, 009000, 009007, 009002, 009004]
4885	9	009001	009004	100	5.0	3.0	0,824	true	[009001, 009003, 009005, 009006, 009000, 009007, 009004]
4886	9	009001	009004	101	6.0	6.0	0,980	true	[009001, 009004]
4887	10	010000	010001	0	20.0	6.0	1,000	true	[010000, 010001]
4888	10	010000	010001	1	32.0	10.0	0,980	true	[010000, 010003, 010001]
4889	10	010000	010001	2	6.0	3.0	0,951	true	[010000, 010003, 010002, 010001]
4890	10	010000	010001	3	6.0	3.0	0,941	true	[010000, 010003, 010002, 010004, 010001]
4891	10	010000	010001	4	6.0	3.0	0,904	true	[010000, 010003, 010002, 010004, 010005, 010001]
4892	10	010000	010001	5	6.0	3.0	0,922	true	[010000, 010003, 010002, 010004, 010005, 010006, 010001]
4893	10	010000	010001	6	6.0	3.0	0,859	true	[010000, 010003, 010002, 010004, 010005, 010007, 010001]
4894	10	010000	010001	7	6.0	3.0	0,885	true	[010000, 010003, 010002, 010004, 010007, 010001]
4895	10	010000	010001	8	6.0	3.0	0,859	true	[010000, 010003, 010002, 010004, 010007, 010005, 010001]
4896	10	010000	010001	9	6.0	3.0	0,876	true	[010000, 010003, 010002, 010004, 010007, 010005, 010006, 010001]
4897	10	010000	010001	10	6.0	3.0	0,951	true	[010000, 010003, 010002, 010005, 010001]
4898	10	010000	010001	11	6.0	3.0	0,932	true	[010000, 010003, 010002, 010005, 010004, 010001]
4899	10	010000	010001	12	6.0	3.0	0,876	true	[010000, 010003, 010002, 010005, 010004, 010007, 010001]
4900	10	010000	010001	13	6.0	3.0	0,970	true	[010000, 010003, 010002, 010005, 010006, 010001]
4901	10	010000	010001	14	6.0	3.0	0,903	true	[010000, 010003, 010002, 010005, 010007, 010001]
4902	10	010000	010001	15	6.0	3.0	0,885	true	[010000, 010003, 010002, 010005, 010007, 010004, 010001]
4903	10	010000	010001	16	6.0	3.0	0,970	true	[010000, 010003, 010002, 010006, 010001]
4904	10	010000	010001	17	6.0	3.0	0,932	true	[010000, 010003, 010002, 010006, 010005, 010001]
4905	10	010000	010001	18	6.0	3.0	0,913	true	[010000, 010003, 010002, 010006, 010005, 010004, 010001]
4906	10	010000	010001	19	6.0	3.0	0,859	true	[010000, 010003, 010002, 010006, 010005, 010004, 010007, 010001]
4907	10	010000	010001	20	6.0	3.0	0,885	true	[010000, 010003, 010002, 010006, 010005, 010007, 010001]
4908	10	010000	010001	21	6.0	3.0	0,867	true	[010000, 010003, 010002, 010006, 010005, 010007, 010004, 010001]
4909	10	010000	010001	22	6.0	3.0	0,913	true	[010000, 010003, 010002, 010007, 010001]
4910	10	010000	010001	23	6.0	3.0	0,894	true	[010000, 010003, 010002, 010007, 010004, 010001]
4911	10	010000	010001	24	6.0	3.0	0,859	true	[010000, 010003, 010002, 010007, 010004, 010005, 010001]
4912	10	010000	010001	25	6.0	3.0	0,876	true	[010000, 010003, 010002, 010007, 010004, 010005, 010006, 010001]
4913	10	010000	010001	26	6.0	3.0	0,885	true	[010000, 010003, 010002, 010007, 010005, 010001]
4914	10	010000	010001	27	6.0	3.0	0,867	true	[010000, 010003, 010002, 010007, 010005, 010004, 010001]
4915	10	010000	010001	28	6.0	3.0	0,903	true	[010000, 010003, 010002, 010007, 010005, 010006, 010001]
4916	10	010000	010001	29	23.0	6.0	0,922	true	[010000, 010003, 010004, 010001]
4917	10	010000	010001	30	18.0	5.0	0,894	true	[010000, 010003, 010004, 010002, 010001]
4918	10	010000	010001	31	7.0	5.0	0,894	true	[010000, 010003, 010004, 010002, 010005, 010001]
4919	10	010000	010001	32	7.0	5.0	0,913	true	[010000, 010003, 010004, 010002, 010005, 010006, 010001]
4920	10	010000	010001	33	7.0	5.0	0,850	true	[010000, 010003, 010004, 010002, 010005, 010007, 010001]
4921	10	010000	010001	34	13.0	5.0	0,913	true	[010000, 010003, 010004, 010002, 010006, 010001]
4922	10	010000	010001	35	13.0	5.0	0,877	true	[010000, 010003, 010004, 010002, 010006, 010005, 010001]
4923	10	010000	010001	36	7.0	5.0	0,833	true	[010000, 010003, 010004, 010002, 010006, 010005, 010007, 010001]
4924	10	010000	010001	37	23.0	5.0	0,859	true	[010000, 010003, 010004, 010002, 010007, 010001]
4925	10	010000	010001	38	7.0	5.0	0,833	true	[010000, 010003, 010004, 010002, 010007, 010005, 010001]
4926	10	010000	010001	39	7.0	5.0	0,850	true	[010000, 010003, 010004, 010002, 010007, 010005, 010006, 010001]
4927	10	010000	010001	40	23.0	4.0	0,885	true	[010000, 010003, 010004, 010005, 010001]
4928	10	010000	010001	41	7.0	4.0	0,885	true	[010000, 010003, 010004, 010005, 010002, 010001]
4929	10	010000	010001	42	7.0	4.0	0,903	true	[010000, 010003, 010004, 010005, 010002, 010006, 010001]
4930	10	010000	010001	43	7.0	4.0	0,850	true	[010000, 010003, 010004, 010005, 010002, 010007, 010001]
4931	10	010000	010001	44	23.0	4.0	0,903	true	[010000, 010003, 010004, 010005, 010006, 010001]
4932	10	010000	010001	45	13.0	4.0	0,868	true	[010000, 010003, 010004, 010005, 010006, 010002, 010001]
4933	10	010000	010001	46	13.0	4.0	0,833	true	[010000, 010003, 010004, 010005, 010006, 010002, 010007, 010001]
4934	10	010000	010001	47	7.0	4.0	0,841	true	[010000, 010003, 010004, 010005, 010007, 010001]
4935	10	010000	010001	48	7.0	4.0	0,824	true	[010000, 010003, 010004, 010005, 010007, 010002, 010001]
4936	10	010000	010001	49	7.0	4.0	0,841	true	[010000, 010003, 010004, 010005, 010007, 010002, 010006, 010001]
4937	10	010000	010001	50	23.0	5.0	0,867	true	[010000, 010003, 010004, 010007, 010001]
4938	10	010000	010001	51	18.0	5.0	0,850	true	[010000, 010003, 010004, 010007, 010002, 010001]
4939	10	010000	010001	52	7.0	5.0	0,850	true	[010000, 010003, 010004, 010007, 010002, 010005, 010001]
4940	10	010000	010001	53	7.0	5.0	0,867	true	[010000, 010003, 010004, 010007, 010002, 010005, 010006, 010001]
4941	10	010000	010001	54	13.0	5.0	0,867	true	[010000, 010003, 010004, 010007, 010002, 010006, 010001]
4942	10	010000	010001	55	13.0	5.0	0,833	true	[010000, 010003, 010004, 010007, 010002, 010006, 010005, 010001]
4943	10	010000	010001	56	7.0	5.0	0,841	true	[010000, 010003, 010004, 010007, 010005, 010001]
4944	10	010000	010001	57	7.0	5.0	0,841	true	[010000, 010003, 010004, 010007, 010005, 010002, 010001]
4945	10	010000	010001	58	7.0	5.0	0,858	true	[010000, 010003, 010004, 010007, 010005, 010002, 010006, 010001]
4946	10	010000	010001	59	7.0	5.0	0,858	true	[010000, 010003, 010004, 010007, 010005, 010006, 010001]
4947	10	010000	010001	60	7.0	5.0	0,824	true	[010000, 010003, 010004, 010007, 010005, 010006, 010002, 010001]
4948	10	010000	010001	61	8.0	4.0	0,922	true	[010000, 010003, 010005, 010001]
4949	10	010000	010001	62	7.0	4.0	0,922	true	[010000, 010003, 010005, 010002, 010001]
4950	10	010000	010001	63	7.0	4.0	0,913	true	[010000, 010003, 010005, 010002, 010004, 010001]
4951	10	010000	010001	64	7.0	4.0	0,859	true	[010000, 010003, 010005, 010002, 010004, 010007, 010001]
4952	10	010000	010001	65	7.0	4.0	0,941	true	[010000, 010003, 010005, 010002, 010006, 010001]
4953	10	010000	010001	66	7.0	4.0	0,885	true	[010000, 010003, 010005, 010002, 010007, 010001]
4954	10	010000	010001	67	7.0	4.0	0,867	true	[010000, 010003, 010005, 010002, 010007, 010004, 010001]
4955	10	010000	010001	68	8.0	4.0	0,904	true	[010000, 010003, 010005, 010004, 010001]
4956	10	010000	010001	69	8.0	4.0	0,877	true	[010000, 010003, 010005, 010004, 010002, 010001]
4957	10	010000	010001	70	8.0	4.0	0,895	true	[010000, 010003, 010005, 010004, 010002, 010006, 010001]
4958	10	010000	010001	71	8.0	4.0	0,841	true	[010000, 010003, 010005, 010004, 010002, 010007, 010001]
4959	10	010000	010001	72	8.0	4.0	0,850	true	[010000, 010003, 010005, 010004, 010007, 010001]
4960	10	010000	010001	73	8.0	4.0	0,833	true	[010000, 010003, 010005, 010004, 010007, 010002, 010001]
4961	10	010000	010001	74	8.0	4.0	0,850	true	[010000, 010003, 010005, 010004, 010007, 010002, 010006, 010001]
4962	10	010000	010001	75	8.0	4.0	0,941	true	[010000, 010003, 010005, 010006, 010001]
4963	10	010000	010001	76	8.0	4.0	0,904	true	[010000, 010003, 010005, 010006, 010002, 010001]
4964	10	010000	010001	77	8.0	4.0	0,895	true	[010000, 010003, 010005, 010006, 010002, 010004, 010001]
4965	10	010000	010001	78	8.0	4.0	0,841	true	[010000, 010003, 010005, 010006, 010002, 010004, 010007, 010001]
4966	10	010000	010001	79	8.0	4.0	0,868	true	[010000, 010003, 010005, 010006, 010002, 010007, 010001]
4967	10	010000	010001	80	8.0	4.0	0,850	true	[010000, 010003, 010005, 010006, 010002, 010007, 010004, 010001]
4968	10	010000	010001	81	7.0	4.0	0,876	true	[010000, 010003, 010005, 010007, 010001]
4969	10	010000	010001	82	7.0	4.0	0,859	true	[010000, 010003, 010005, 010007, 010002, 010001]
4970	10	010000	010001	83	7.0	4.0	0,850	true	[010000, 010003, 010005, 010007, 010002, 010004, 010001]
4971	10	010000	010001	84	7.0	4.0	0,876	true	[010000, 010003, 010005, 010007, 010002, 010006, 010001]
4972	10	010000	010001	85	7.0	4.0	0,859	true	[010000, 010003, 010005, 010007, 010004, 010001]
4973	10	010000	010001	86	7.0	4.0	0,833	true	[010000, 010003, 010005, 010007, 010004, 010002, 010001]
4974	10	010000	010001	87	7.0	4.0	0,850	true	[010000, 010003, 010005, 010007, 010004, 010002, 010006, 010001]
4975	10	010000	010001	88	32.0	3.0	0,960	true	[010000, 010003, 010006, 010001]
4976	10	010000	010001	89	13.0	3.0	0,922	true	[010000, 010003, 010006, 010002, 010001]
4977	10	010000	010001	90	13.0	3.0	0,913	true	[010000, 010003, 010006, 010002, 010004, 010001]
4978	10	010000	010001	91	13.0	3.0	0,877	true	[010000, 010003, 010006, 010002, 010004, 010005, 010001]
4979	10	010000	010001	92	7.0	3.0	0,833	true	[010000, 010003, 010006, 010002, 010004, 010005, 010007, 010001]
4980	10	010000	010001	93	13.0	3.0	0,859	true	[010000, 010003, 010006, 010002, 010004, 010007, 010001]
4981	10	010000	010001	94	7.0	3.0	0,833	true	[010000, 010003, 010006, 010002, 010004, 010007, 010005, 010001]
4982	10	010000	010001	95	7.0	3.0	0,922	true	[010000, 010003, 010006, 010002, 010005, 010001]
4983	10	010000	010001	96	7.0	3.0	0,904	true	[010000, 010003, 010006, 010002, 010005, 010004, 010001]
4984	10	010000	010001	97	7.0	3.0	0,850	true	[010000, 010003, 010006, 010002, 010005, 010004, 010007, 010001]
4985	10	010000	010001	98	7.0	3.0	0,876	true	[010000, 010003, 010006, 010002, 010005, 010007, 010001]
4986	10	010000	010001	99	7.0	3.0	0,859	true	[010000, 010003, 010006, 010002, 010005, 010007, 010004, 010001]
4987	10	010000	010001	100	13.0	3.0	0,885	true	[010000, 010003, 010006, 010002, 010007, 010001]
4988	11	011000	011007	0	8.0	3.0	0,858	true	[011000, 011001, 011002, 011003, 011004, 011005, 011007]
4989	11	011000	011007	1	20.0	4.0	0,885	true	[011000, 011001, 011002, 011003, 011004, 011007]
4990	11	011000	011007	2	17.0	3.0	0,867	true	[011000, 011001, 011002, 011003, 011006, 011005, 011004, 011007]
4991	11	011000	011007	3	8.0	4.0	0,841	true	[011000, 011001, 011002, 011003, 011006, 011005, 011007]
4992	11	011000	011007	4	24.0	4.0	0,931	true	[011000, 011001, 011002, 011003, 011007]
4993	11	011000	011007	5	8.0	4.0	0,791	true	[011000, 011001, 011002, 011004, 011003, 011006, 011005, 011007]
4994	11	011000	011007	6	20.0	4.0	0,876	true	[011000, 011001, 011002, 011004, 011003, 011007]
4995	11	011000	011007	7	17.0	3.0	0,858	true	[011000, 011001, 011002, 011004, 011005, 011006, 011003, 011007]
4996	11	011000	011007	8	8.0	3.0	0,858	true	[011000, 011001, 011002, 011004, 011005, 011007]
4997	11	011000	011007	9	28.0	4.0	0,885	true	[011000, 011001, 011002, 011004, 011007]
4998	11	011000	011007	10	18.0	3.0	0,904	true	[011000, 011001, 011002, 011005, 011004, 011003, 011007]
4999	11	011000	011007	11	18.0	3.0	0,913	true	[011000, 011001, 011002, 011005, 011004, 011007]
5000	11	011000	011007	12	17.0	4.0	0,841	true	[011000, 011001, 011002, 011005, 011006, 011003, 011004, 011007]
5001	11	011000	011007	13	17.0	4.0	0,885	true	[011000, 011001, 011002, 011005, 011006, 011003, 011007]
5002	11	011000	011007	14	8.0	4.0	0,885	true	[011000, 011001, 011002, 011005, 011007]
5003	11	011000	011007	15	8.0	3.0	0,867	true	[011000, 011001, 011002, 011006, 011003, 011004, 011005, 011007]
5004	11	011000	011007	16	17.0	4.0	0,894	true	[011000, 011001, 011002, 011006, 011003, 011004, 011007]
5005	11	011000	011007	17	17.0	4.0	0,941	true	[011000, 011001, 011002, 011006, 011003, 011007]
5006	11	011000	011007	18	20.0	3.0	0,867	true	[011000, 011001, 011002, 011006, 011005, 011004, 011003, 011007]
5007	11	011000	011007	19	30.0	3.0	0,876	true	[011000, 011001, 011002, 011006, 011005, 011004, 011007]
5008	11	011000	011007	20	8.0	4.0	0,849	true	[011000, 011001, 011002, 011006, 011005, 011007]
5009	11	011000	011007	21	30.0	4.0	0,913	true	[011000, 011001, 011002, 011007]
5010	11	011000	011007	22	8.0	3.0	0,850	true	[011000, 011001, 011003, 011002, 011004, 011005, 011007]
5011	11	011000	011007	23	24.0	3.0	0,876	true	[011000, 011001, 011003, 011002, 011004, 011007]
5012	11	011000	011007	24	18.0	3.0	0,904	true	[011000, 011001, 011003, 011002, 011005, 011004, 011007]
5013	11	011000	011007	25	8.0	3.0	0,876	true	[011000, 011001, 011003, 011002, 011005, 011007]
5014	11	011000	011007	26	24.0	3.0	0,867	true	[011000, 011001, 011003, 011002, 011006, 011005, 011004, 011007]
5015	11	011000	011007	27	8.0	3.0	0,841	true	[011000, 011001, 011003, 011002, 011006, 011005, 011007]
5016	11	011000	011007	28	24.0	3.0	0,904	true	[011000, 011001, 011003, 011002, 011007]
5017	11	011000	011007	29	8.0	3.0	0,824	true	[011000, 011001, 011003, 011004, 011002, 011005, 011007]
5018	11	011000	011007	30	8.0	3.0	0,791	true	[011000, 011001, 011003, 011004, 011002, 011006, 011005, 011007]
5019	11	011000	011007	31	20.0	3.0	0,850	true	[011000, 011001, 011003, 011004, 011002, 011007]
5020	11	011000	011007	32	18.0	3.0	0,876	true	[011000, 011001, 011003, 011004, 011005, 011002, 011007]
5021	11	011000	011007	33	20.0	3.0	0,841	true	[011000, 011001, 011003, 011004, 011005, 011006, 011002, 011007]
5022	11	011000	011007	34	8.0	3.0	0,867	true	[011000, 011001, 011003, 011004, 011005, 011007]
5023	11	011000	011007	35	20.0	3.0	0,894	true	[011000, 011001, 011003, 011004, 011007]
5024	11	011000	011007	36	8.0	3.0	0,858	true	[011000, 011001, 011003, 011006, 011002, 011004, 011005, 011007]
5025	11	011000	011007	37	17.0	3.0	0,885	true	[011000, 011001, 011003, 011006, 011002, 011004, 011007]
5026	11	011000	011007	38	17.0	3.0	0,913	true	[011000, 011001, 011003, 011006, 011002, 011005, 011004, 011007]
5027	11	011000	011007	39	8.0	3.0	0,885	true	[011000, 011001, 011003, 011006, 011002, 011005, 011007]
5028	11	011000	011007	40	17.0	3.0	0,913	true	[011000, 011001, 011003, 011006, 011002, 011007]
5029	11	011000	011007	41	17.0	3.0	0,833	true	[011000, 011001, 011003, 011006, 011005, 011002, 011004, 011007]
5030	11	011000	011007	42	17.0	3.0	0,858	true	[011000, 011001, 011003, 011006, 011005, 011002, 011007]
5031	11	011000	011007	43	17.0	3.0	0,832	true	[011000, 011001, 011003, 011006, 011005, 011004, 011002, 011007]
5032	11	011000	011007	44	17.0	3.0	0,876	true	[011000, 011001, 011003, 011006, 011005, 011004, 011007]
5033	11	011000	011007	45	8.0	3.0	0,849	true	[011000, 011001, 011003, 011006, 011005, 011007]
5034	11	011000	011007	46	27.0	3.0	0,941	true	[011000, 011001, 011003, 011007]
5035	11	011000	011007	47	8.0	4.0	0,799	true	[011000, 011001, 011004, 011002, 011003, 011006, 011005, 011007]
5036	11	011000	011007	48	10.0	6.0	0,885	true	[011000, 011001, 011004, 011002, 011003, 011007]
5037	11	011000	011007	49	10.0	4.0	0,841	true	[011000, 011001, 011004, 011002, 011005, 011006, 011003, 011007]
5038	11	011000	011007	50	8.0	4.0	0,841	true	[011000, 011001, 011004, 011002, 011005, 011007]
5039	11	011000	011007	51	10.0	4.0	0,894	true	[011000, 011001, 011004, 011002, 011006, 011003, 011007]
5040	11	011000	011007	52	8.0	4.0	0,807	true	[011000, 011001, 011004, 011002, 011006, 011005, 011007]
5041	11	011000	011007	53	10.0	6.0	0,867	true	[011000, 011001, 011004, 011002, 011007]
5042	11	011000	011007	54	8.0	4.0	0,841	true	[011000, 011001, 011004, 011003, 011002, 011005, 011007]
5043	11	011000	011007	55	8.0	4.0	0,807	true	[011000, 011001, 011004, 011003, 011002, 011006, 011005, 011007]
5044	11	011000	011007	56	10.0	5.0	0,867	true	[011000, 011001, 011004, 011003, 011002, 011007]
5045	11	011000	011007	57	8.0	4.0	0,850	true	[011000, 011001, 011004, 011003, 011006, 011002, 011005, 011007]
5046	11	011000	011007	58	10.0	4.0	0,876	true	[011000, 011001, 011004, 011003, 011006, 011002, 011007]
5047	11	011000	011007	59	10.0	4.0	0,824	true	[011000, 011001, 011004, 011003, 011006, 011005, 011002, 011007]
5048	11	011000	011007	60	8.0	4.0	0,815	true	[011000, 011001, 011004, 011003, 011006, 011005, 011007]
5049	11	011000	011007	61	10.0	5.0	0,903	true	[011000, 011001, 011004, 011003, 011007]
5050	11	011000	011007	62	10.0	3.0	0,913	true	[011000, 011001, 011004, 011005, 011002, 011003, 011007]
5051	11	011000	011007	63	10.0	3.0	0,922	true	[011000, 011001, 011004, 011005, 011002, 011006, 011003, 011007]
5052	11	011000	011007	64	10.0	3.0	0,894	true	[011000, 011001, 011004, 011005, 011002, 011007]
5053	11	011000	011007	65	10.0	3.0	0,876	true	[011000, 011001, 011004, 011005, 011006, 011002, 011003, 011007]
5054	11	011000	011007	66	10.0	3.0	0,858	true	[011000, 011001, 011004, 011005, 011006, 011002, 011007]
5055	11	011000	011007	67	10.0	3.0	0,850	true	[011000, 011001, 011004, 011005, 011006, 011003, 011002, 011007]
5056	11	011000	011007	68	10.0	3.0	0,885	true	[011000, 011001, 011004, 011005, 011006, 011003, 011007]
5057	11	011000	011007	69	8.0	3.0	0,885	true	[011000, 011001, 011004, 011005, 011007]
5058	11	011000	011007	70	10.0	6.0	0,913	true	[011000, 011001, 011004, 011007]
5059	11	011000	011007	71	18.0	4.0	0,859	true	[011000, 011001, 011005, 011002, 011003, 011004, 011007]
5060	11	011000	011007	72	18.0	4.0	0,903	true	[011000, 011001, 011005, 011002, 011003, 011007]
5061	11	011000	011007	73	18.0	4.0	0,850	true	[011000, 011001, 011005, 011002, 011004, 011003, 011007]
5062	11	011000	011007	74	18.0	4.0	0,858	true	[011000, 011001, 011005, 011002, 011004, 011007]
5063	11	011000	011007	75	17.0	4.0	0,867	true	[011000, 011001, 011005, 011002, 011006, 011003, 011004, 011007]
5064	11	011000	011007	76	17.0	4.0	0,912	true	[011000, 011001, 011005, 011002, 011006, 011003, 011007]
5065	11	011000	011007	77	18.0	4.0	0,885	true	[011000, 011001, 011005, 011002, 011007]
5066	11	011000	011007	78	24.0	3.0	0,876	true	[011000, 011001, 011005, 011004, 011002, 011003, 011007]
5067	11	011000	011007	79	17.0	3.0	0,885	true	[011000, 011001, 011005, 011004, 011002, 011006, 011003, 011007]
5068	11	011000	011007	80	28.0	3.0	0,858	true	[011000, 011001, 011005, 011004, 011002, 011007]
5069	11	011000	011007	81	20.0	3.0	0,858	true	[011000, 011001, 011005, 011004, 011003, 011002, 011007]
5070	11	011000	011007	82	17.0	3.0	0,867	true	[011000, 011001, 011005, 011004, 011003, 011006, 011002, 011007]
5071	11	011000	011007	83	20.0	3.0	0,894	true	[011000, 011001, 011005, 011004, 011003, 011007]
5072	11	011000	011007	84	28.0	3.0	0,903	true	[011000, 011001, 011005, 011004, 011007]
5073	11	011000	011007	85	20.0	4.0	0,824	true	[011000, 011001, 011005, 011006, 011002, 011003, 011004, 011007]
5074	11	011000	011007	86	24.0	4.0	0,867	true	[011000, 011001, 011005, 011006, 011002, 011003, 011007]
5075	11	011000	011007	87	20.0	4.0	0,815	true	[011000, 011001, 011005, 011006, 011002, 011004, 011003, 011007]
5076	11	011000	011007	88	28.0	4.0	0,824	true	[011000, 011001, 011005, 011006, 011002, 011004, 011007]
5077	11	011000	011007	89	28.0	4.0	0,849	true	[011000, 011001, 011005, 011006, 011002, 011007]
5078	11	011000	011007	90	17.0	4.0	0,815	true	[011000, 011001, 011005, 011006, 011003, 011002, 011004, 011007]
5079	11	011000	011007	91	17.0	4.0	0,841	true	[011000, 011001, 011005, 011006, 011003, 011002, 011007]
5080	11	011000	011007	92	17.0	4.0	0,791	true	[011000, 011001, 011005, 011006, 011003, 011004, 011002, 011007]
5081	11	011000	011007	93	17.0	4.0	0,832	true	[011000, 011001, 011005, 011006, 011003, 011004, 011007]
5082	11	011000	011007	94	17.0	4.0	0,875	true	[011000, 011001, 011005, 011006, 011003, 011007]
5083	11	011000	011007	95	8.0	6.0	0,875	true	[011000, 011001, 011005, 011007]
5084	11	011000	011007	96	35.0	6.0	0,960	true	[011000, 011001, 011007]
5085	11	011000	011007	97	8.0	4.0	0,815	true	[011000, 011004, 011001, 011002, 011003, 011006, 011005, 011007]
5086	11	011000	011007	98	8.0	4.0	0,903	true	[011000, 011004, 011001, 011002, 011003, 011007]
5087	11	011000	011007	99	8.0	4.0	0,858	true	[011000, 011004, 011001, 011002, 011005, 011006, 011003, 011007]
5088	11	011000	011007	100	8.0	4.0	0,858	true	[011000, 011004, 011001, 011002, 011005, 011007]
5089	11	011000	011007	101	8.0	4.0	0,885	true	[011000, 011004, 011001, 011002, 011007]
5090	11	011000	011007	102	8.0	7.0	0,931	true	[011000, 011004, 011001, 011007]
5091	11	011000	011007	103	8.0	6.0	0,960	true	[011000, 011004, 011007]
5092	11	011000	011007	104	37.0	3.0	1,000	true	[011000, 011007]
5093	12	012003	012000	0	11.0	10.0	0,950	true	[012003, 012000]
5094	12	012003	012000	1	30.0	5.0	0,960	true	[012003, 012001, 012000]
5095	12	012003	012000	2	25.0	3.0	0,922	true	[012003, 012001, 012002, 012000]
5096	12	012003	012000	3	30.0	3.0	0,894	true	[012003, 012001, 012002, 012005, 012000]
5097	12	012003	012000	4	20.0	3.0	0,885	true	[012003, 012001, 012002, 012005, 012004, 012000]
5098	12	012003	012000	5	20.0	3.0	0,894	true	[012003, 012001, 012002, 012005, 012004, 012006, 012000]
5099	12	012003	012000	6	15.0	3.0	0,849	true	[012003, 012001, 012002, 012005, 012004, 012007, 012000]
5100	12	012003	012000	7	30.0	3.0	0,876	true	[012003, 012001, 012002, 012005, 012006, 012000]
5101	12	012003	012000	8	27.0	3.0	0,867	true	[012003, 012001, 012002, 012005, 012006, 012004, 012000]
5102	12	012003	012000	9	15.0	3.0	0,832	true	[012003, 012001, 012002, 012005, 012006, 012004, 012007, 012000]
5103	12	012003	012000	10	17.0	3.0	0,841	true	[012003, 012001, 012002, 012005, 012007, 012000]
5104	12	012003	012000	11	15.0	3.0	0,807	true	[012003, 012001, 012002, 012005, 012007, 012004, 012000]
5105	12	012003	012000	12	15.0	3.0	0,815	true	[012003, 012001, 012002, 012005, 012007, 012004, 012006, 012000]
5106	12	012003	012000	13	7.0	3.0	0,876	true	[012003, 012001, 012002, 012006, 012000]
5107	12	012003	012000	14	7.0	3.0	0,867	true	[012003, 012001, 012002, 012006, 012004, 012000]
5108	12	012003	012000	15	7.0	3.0	0,876	true	[012003, 012001, 012002, 012006, 012004, 012005, 012000]
5109	12	012003	012000	16	7.0	3.0	0,824	true	[012003, 012001, 012002, 012006, 012004, 012005, 012007, 012000]
5110	12	012003	012000	17	7.0	3.0	0,832	true	[012003, 012001, 012002, 012006, 012004, 012007, 012000]
5111	12	012003	012000	18	7.0	3.0	0,799	true	[012003, 012001, 012002, 012006, 012004, 012007, 012005, 012000]
5112	12	012003	012000	19	7.0	3.0	0,858	true	[012003, 012001, 012002, 012006, 012005, 012000]
5113	12	012003	012000	20	7.0	3.0	0,850	true	[012003, 012001, 012002, 012006, 012005, 012004, 012000]
5114	12	012003	012000	21	7.0	3.0	0,816	true	[012003, 012001, 012002, 012006, 012005, 012004, 012007, 012000]
5115	12	012003	012000	22	7.0	3.0	0,807	true	[012003, 012001, 012002, 012006, 012005, 012007, 012000]
5116	12	012003	012000	23	7.0	3.0	0,775	true	[012003, 012001, 012002, 012006, 012005, 012007, 012004, 012000]
5117	12	012003	012000	24	15.0	3.0	0,867	true	[012003, 012001, 012002, 012007, 012000]
5118	12	012003	012000	25	15.0	3.0	0,832	true	[012003, 012001, 012002, 012007, 012004, 012000]
5119	12	012003	012000	26	15.0	3.0	0,841	true	[012003, 012001, 012002, 012007, 012004, 012005, 012000]
5120	12	012003	012000	27	15.0	3.0	0,824	true	[012003, 012001, 012002, 012007, 012004, 012005, 012006, 012000]
5121	12	012003	012000	28	15.0	3.0	0,841	true	[012003, 012001, 012002, 012007, 012004, 012006, 012000]
5122	12	012003	012000	29	15.0	3.0	0,824	true	[012003, 012001, 012002, 012007, 012004, 012006, 012005, 012000]
5123	12	012003	012000	30	15.0	3.0	0,832	true	[012003, 012001, 012002, 012007, 012005, 012000]
5124	12	012003	012000	31	15.0	3.0	0,824	true	[012003, 012001, 012002, 012007, 012005, 012004, 012000]
5125	12	012003	012000	32	15.0	3.0	0,832	true	[012003, 012001, 012002, 012007, 012005, 012004, 012006, 012000]
5126	12	012003	012000	33	15.0	3.0	0,816	true	[012003, 012001, 012002, 012007, 012005, 012006, 012000]
5127	12	012003	012000	34	15.0	3.0	0,807	true	[012003, 012001, 012002, 012007, 012005, 012006, 012004, 012000]
5128	12	012003	012000	35	30.0	5.0	0,922	true	[012003, 012001, 012004, 012000]
5129	12	012003	012000	36	20.0	3.0	0,932	true	[012003, 012001, 012004, 012005, 012000]
5130	12	012003	012000	37	20.0	3.0	0,941	true	[012003, 012001, 012004, 012005, 012002, 012000]
5131	12	012003	012000	38	7.0	3.0	0,895	true	[012003, 012001, 012004, 012005, 012002, 012006, 012000]
5132	12	012003	012000	39	15.0	3.0	0,885	true	[012003, 012001, 012004, 012005, 012002, 012007, 012000]
5133	12	012003	012000	40	20.0	3.0	0,913	true	[012003, 012001, 012004, 012005, 012006, 012000]
5134	12	012003	012000	41	7.0	3.0	0,904	true	[012003, 012001, 012004, 012005, 012006, 012002, 012000]
5135	12	012003	012000	42	7.0	3.0	0,850	true	[012003, 012001, 012004, 012005, 012006, 012002, 012007, 012000]
5136	12	012003	012000	43	17.0	3.0	0,876	true	[012003, 012001, 012004, 012005, 012007, 012000]
5137	12	012003	012000	44	15.0	3.0	0,876	true	[012003, 012001, 012004, 012005, 012007, 012002, 012000]
5138	12	012003	012000	45	7.0	3.0	0,833	true	[012003, 012001, 012004, 012005, 012007, 012002, 012006, 012000]
5139	12	012003	012000	46	27.0	3.0	0,932	true	[012003, 012001, 012004, 012006, 012000]
5140	12	012003	012000	47	7.0	3.0	0,922	true	[012003, 012001, 012004, 012006, 012002, 012000]
5141	12	012003	012000	48	7.0	3.0	0,895	true	[012003, 012001, 012004, 012006, 012002, 012005, 012000]
5142	12	012003	012000	49	7.0	3.0	0,841	true	[012003, 012001, 012004, 012006, 012002, 012005, 012007, 012000]
5143	12	012003	012000	50	7.0	3.0	0,867	true	[012003, 012001, 012004, 012006, 012002, 012007, 012000]
5144	12	012003	012000	51	7.0	3.0	0,833	true	[012003, 012001, 012004, 012006, 012002, 012007, 012005, 012000]
5145	12	012003	012000	52	27.0	3.0	0,913	true	[012003, 012001, 012004, 012006, 012005, 012000]
5146	12	012003	012000	53	25.0	4.0	0,922	true	[012003, 012001, 012004, 012006, 012005, 012002, 012000]
5147	12	012003	012000	54	15.0	3.0	0,868	true	[012003, 012001, 012004, 012006, 012005, 012002, 012007, 012000]
5148	12	012003	012000	55	17.0	3.0	0,858	true	[012003, 012001, 012004, 012006, 012005, 012007, 012000]
5149	12	012003	012000	56	15.0	3.0	0,859	true	[012003, 012001, 012004, 012006, 012005, 012007, 012002, 012000]
5150	12	012003	012000	57	15.0	3.0	0,885	true	[012003, 012001, 012004, 012007, 012000]
5151	12	012003	012000	58	15.0	3.0	0,885	true	[012003, 012001, 012004, 012007, 012002, 012000]
5152	12	012003	012000	59	15.0	3.0	0,859	true	[012003, 012001, 012004, 012007, 012002, 012005, 012000]
5153	12	012003	012000	60	15.0	3.0	0,842	true	[012003, 012001, 012004, 012007, 012002, 012005, 012006, 012000]
5154	12	012003	012000	61	7.0	3.0	0,841	true	[012003, 012001, 012004, 012007, 012002, 012006, 012000]
5155	12	012003	012000	62	7.0	3.0	0,825	true	[012003, 012001, 012004, 012007, 012002, 012006, 012005, 012000]
5156	12	012003	012000	63	15.0	3.0	0,850	true	[012003, 012001, 012004, 012007, 012005, 012000]
5157	12	012003	012000	64	15.0	4.0	0,858	true	[012003, 012001, 012004, 012007, 012005, 012002, 012000]
5158	12	012003	012000	65	7.0	3.0	0,816	true	[012003, 012001, 012004, 012007, 012005, 012002, 012006, 012000]
5159	12	012003	012000	66	15.0	3.0	0,833	true	[012003, 012001, 012004, 012007, 012005, 012006, 012000]
5160	12	012003	012000	67	7.0	3.0	0,824	true	[012003, 012001, 012004, 012007, 012005, 012006, 012002, 012000]
5161	12	012003	012000	68	30.0	3.0	0,951	true	[012003, 012001, 012005, 012000]
5162	12	012003	012000	69	25.0	3.0	0,960	true	[012003, 012001, 012005, 012002, 012000]
5163	12	012003	012000	70	7.0	3.0	0,913	true	[012003, 012001, 012005, 012002, 012006, 012000]
5164	12	012003	012000	71	7.0	3.0	0,903	true	[012003, 012001, 012005, 012002, 012006, 012004, 012000]
5165	12	012003	012000	72	7.0	3.0	0,867	true	[012003, 012001, 012005, 012002, 012006, 012004, 012007, 012000]
5166	12	012003	012000	73	15.0	3.0	0,903	true	[012003, 012001, 012005, 012002, 012007, 012000]
5167	12	012003	012000	74	15.0	3.0	0,867	true	[012003, 012001, 012005, 012002, 012007, 012004, 012000]
5168	12	012003	012000	75	15.0	3.0	0,876	true	[012003, 012001, 012005, 012002, 012007, 012004, 012006, 012000]
5169	12	012003	012000	76	20.0	3.0	0,941	true	[012003, 012001, 012005, 012004, 012000]
5170	12	012003	012000	77	20.0	3.0	0,951	true	[012003, 012001, 012005, 012004, 012006, 012000]
5171	12	012003	012000	78	7.0	3.0	0,941	true	[012003, 012001, 012005, 012004, 012006, 012002, 012000]
5172	12	012003	012000	79	7.0	3.0	0,885	true	[012003, 012001, 012005, 012004, 012006, 012002, 012007, 012000]
5173	12	012003	012000	80	15.0	3.0	0,903	true	[012003, 012001, 012005, 012004, 012007, 012000]
5174	12	012003	012000	81	15.0	3.0	0,903	true	[012003, 012001, 012005, 012004, 012007, 012002, 012000]
5175	12	012003	012000	82	7.0	3.0	0,859	true	[012003, 012001, 012005, 012004, 012007, 012002, 012006, 012000]
5176	12	012003	012000	83	30.0	3.0	0,932	true	[012003, 012001, 012005, 012006, 012000]
5177	12	012003	012000	84	7.0	3.0	0,922	true	[012003, 012001, 012005, 012006, 012002, 012000]
5178	12	012003	012000	85	7.0	3.0	0,867	true	[012003, 012001, 012005, 012006, 012002, 012007, 012000]
5179	12	012003	012000	86	7.0	3.0	0,833	true	[012003, 012001, 012005, 012006, 012002, 012007, 012004, 012000]
5180	12	012003	012000	87	27.0	3.0	0,922	true	[012003, 012001, 012005, 012006, 012004, 012000]
5181	12	012003	012000	88	15.0	3.0	0,885	true	[012003, 012001, 012005, 012006, 012004, 012007, 012000]
5182	12	012003	012000	89	15.0	3.0	0,885	true	[012003, 012001, 012005, 012006, 012004, 012007, 012002, 012000]
5183	12	012003	012000	90	17.0	3.0	0,894	true	[012003, 012001, 012005, 012007, 012000]
5184	12	012003	012000	91	15.0	3.0	0,894	true	[012003, 012001, 012005, 012007, 012002, 012000]
5185	12	012003	012000	92	7.0	3.0	0,850	true	[012003, 012001, 012005, 012007, 012002, 012006, 012000]
5186	12	012003	012000	93	7.0	3.0	0,841	true	[012003, 012001, 012005, 012007, 012002, 012006, 012004, 012000]
5187	12	012003	012000	94	15.0	3.0	0,858	true	[012003, 012001, 012005, 012007, 012004, 012000]
5188	12	012003	012000	95	15.0	3.0	0,867	true	[012003, 012001, 012005, 012007, 012004, 012006, 012000]
5189	12	012003	012000	96	7.0	3.0	0,858	true	[012003, 012001, 012005, 012007, 012004, 012006, 012002, 012000]
5190	12	012003	012000	97	17.0	3.0	0,951	true	[012003, 012001, 012006, 012000]
5191	12	012003	012000	98	7.0	3.0	0,941	true	[012003, 012001, 012006, 012002, 012000]
5192	12	012003	012000	99	7.0	3.0	0,913	true	[012003, 012001, 012006, 012002, 012005, 012000]
5193	12	012003	012000	100	7.0	3.0	0,903	true	[012003, 012001, 012006, 012002, 012005, 012004, 012000]
5194	13	013001	013004	0	46.0	5.0	0,903	true	[013001, 013000, 013002, 013003, 013004]
5195	13	013001	013004	1	22.0	7.0	0,876	true	[013001, 013000, 013002, 013003, 013005, 013004]
5196	13	013001	013004	2	17.0	5.0	0,824	true	[013001, 013000, 013002, 013003, 013005, 013006, 013004]
5197	13	013001	013004	3	17.0	3.0	0,791	true	[013001, 013000, 013002, 013003, 013005, 013006, 013007, 013004]
5198	13	013001	013004	4	27.0	7.0	0,815	true	[013001, 013000, 013002, 013003, 013005, 013007, 013004]
5199	13	013001	013004	5	17.0	3.0	0,816	true	[013001, 013000, 013002, 013003, 013005, 013007, 013006, 013004]
5200	13	013001	013004	6	34.0	3.0	0,885	true	[013001, 013000, 013002, 013003, 013006, 013004]
5201	13	013001	013004	7	17.0	3.0	0,849	true	[013001, 013000, 013002, 013003, 013006, 013005, 013004]
5202	13	013001	013004	8	17.0	3.0	0,790	true	[013001, 013000, 013002, 013003, 013006, 013005, 013007, 013004]
5203	13	013001	013004	9	17.0	3.0	0,849	true	[013001, 013000, 013002, 013003, 013006, 013007, 013004]
5204	13	013001	013004	10	17.0	3.0	0,841	true	[013001, 013000, 013002, 013003, 013006, 013007, 013005, 013004]
5205	13	013001	013004	11	6.0	7.0	0,951	true	[013001, 013000, 013002, 013004]
5206	13	013001	013004	12	13.0	4.0	0,885	true	[013001, 013000, 013002, 013007, 013004]
5207	13	013001	013004	13	13.0	4.0	0,868	true	[013001, 013000, 013002, 013007, 013005, 013003, 013004]
5208	13	013001	013004	14	13.0	3.0	0,850	true	[013001, 013000, 013002, 013007, 013005, 013003, 013006, 013004]
5209	13	013001	013004	15	13.0	4.0	0,876	true	[013001, 013000, 013002, 013007, 013005, 013004]
5210	13	013001	013004	16	13.0	3.0	0,841	true	[013001, 013000, 013002, 013007, 013005, 013006, 013003, 013004]
5211	13	013001	013004	17	13.0	4.0	0,824	true	[013001, 013000, 013002, 013007, 013005, 013006, 013004]
5212	13	013001	013004	18	13.0	3.0	0,904	true	[013001, 013000, 013002, 013007, 013006, 013003, 013004]
5213	13	013001	013004	19	13.0	3.0	0,877	true	[013001, 013000, 013002, 013007, 013006, 013003, 013005, 013004]
5214	13	013001	013004	20	13.0	3.0	0,885	true	[013001, 013000, 013002, 013007, 013006, 013004]
5215	13	013001	013004	21	13.0	3.0	0,841	true	[013001, 013000, 013002, 013007, 013006, 013005, 013003, 013004]
5216	13	013001	013004	22	13.0	3.0	0,850	true	[013001, 013000, 013002, 013007, 013006, 013005, 013004]
5217	13	013001	013004	23	5.0	4.0	0,912	true	[013001, 013000, 013003, 013002, 013004]
5218	13	013001	013004	24	5.0	4.0	0,849	true	[013001, 013000, 013003, 013002, 013007, 013004]
5219	13	013001	013004	25	5.0	4.0	0,841	true	[013001, 013000, 013003, 013002, 013007, 013005, 013004]
5220	13	013001	013004	26	5.0	4.0	0,791	true	[013001, 013000, 013003, 013002, 013007, 013005, 013006, 013004]
5221	13	013001	013004	27	5.0	3.0	0,850	true	[013001, 013000, 013003, 013002, 013007, 013006, 013004]
5222	13	013001	013004	28	5.0	3.0	0,816	true	[013001, 013000, 013003, 013002, 013007, 013006, 013005, 013004]
5223	13	013001	013004	29	5.0	4.0	0,960	true	[013001, 013000, 013003, 013004]
5224	13	013001	013004	30	5.0	4.0	0,932	true	[013001, 013000, 013003, 013005, 013004]
5225	13	013001	013004	31	5.0	4.0	0,876	true	[013001, 013000, 013003, 013005, 013006, 013004]
5226	13	013001	013004	32	5.0	3.0	0,850	true	[013001, 013000, 013003, 013005, 013006, 013007, 013002, 013004]
5227	13	013001	013004	33	5.0	3.0	0,841	true	[013001, 013000, 013003, 013005, 013006, 013007, 013004]
5228	13	013001	013004	34	5.0	4.0	0,877	true	[013001, 013000, 013003, 013005, 013007, 013002, 013004]
5229	13	013001	013004	35	5.0	4.0	0,867	true	[013001, 013000, 013003, 013005, 013007, 013004]
5230	13	013001	013004	36	5.0	3.0	0,868	true	[013001, 013000, 013003, 013005, 013007, 013006, 013004]
5231	13	013001	013004	37	5.0	3.0	0,941	true	[013001, 013000, 013003, 013006, 013004]
5232	13	013001	013004	38	5.0	3.0	0,903	true	[013001, 013000, 013003, 013006, 013005, 013004]
5233	13	013001	013004	39	5.0	3.0	0,850	true	[013001, 013000, 013003, 013006, 013005, 013007, 013002, 013004]
5234	13	013001	013004	40	5.0	3.0	0,841	true	[013001, 013000, 013003, 013006, 013005, 013007, 013004]
5235	13	013001	013004	41	5.0	3.0	0,913	true	[013001, 013000, 013003, 013006, 013007, 013002, 013004]
5236	13	013001	013004	42	5.0	3.0	0,903	true	[013001, 013000, 013003, 013006, 013007, 013004]
5237	13	013001	013004	43	5.0	3.0	0,895	true	[013001, 013000, 013003, 013006, 013007, 013005, 013004]
5238	13	013001	013004	44	7.0	7.0	0,960	true	[013001, 013000, 013004]
5239	13	013001	013004	45	6.0	7.0	0,903	true	[013001, 013000, 013005, 013003, 013002, 013004]
5240	13	013001	013004	46	13.0	4.0	0,841	true	[013001, 013000, 013005, 013003, 013002, 013007, 013004]
5241	13	013001	013004	47	13.0	3.0	0,841	true	[013001, 013000, 013005, 013003, 013002, 013007, 013006, 013004]
5242	13	013001	013004	48	45.0	5.0	0,951	true	[013001, 013000, 013005, 013003, 013004]
5243	13	013001	013004	49	34.0	3.0	0,932	true	[013001, 013000, 013005, 013003, 013006, 013004]
5244	13	013001	013004	50	6.0	3.0	0,904	true	[013001, 013000, 013005, 013003, 013006, 013007, 013002, 013004]
5245	13	013001	013004	51	17.0	3.0	0,894	true	[013001, 013000, 013005, 013003, 013006, 013007, 013004]
5246	13	013001	013004	52	22.0	7.0	0,960	true	[013001, 013000, 013005, 013004]
5247	13	013001	013004	53	6.0	3.0	0,876	true	[013001, 013000, 013005, 013006, 013003, 013002, 013004]
5248	13	013001	013004	54	13.0	3.0	0,815	true	[013001, 013000, 013005, 013006, 013003, 013002, 013007, 013004]
5249	13	013001	013004	55	17.0	3.0	0,922	true	[013001, 013000, 013005, 013006, 013003, 013004]
5250	13	013001	013004	56	17.0	5.0	0,903	true	[013001, 013000, 013005, 013006, 013004]
5251	13	013001	013004	57	13.0	3.0	0,832	true	[013001, 013000, 013005, 013006, 013007, 013002, 013003, 013004]
5252	13	013001	013004	58	6.0	3.0	0,876	true	[013001, 013000, 013005, 013006, 013007, 013002, 013004]
5253	13	013001	013004	59	17.0	3.0	0,867	true	[013001, 013000, 013005, 013006, 013007, 013004]
5254	13	013001	013004	60	13.0	4.0	0,858	true	[013001, 013000, 013005, 013007, 013002, 013003, 013004]
5255	13	013001	013004	61	13.0	3.0	0,841	true	[013001, 013000, 013005, 013007, 013002, 013003, 013006, 013004]
5256	13	013001	013004	62	6.0	4.0	0,904	true	[013001, 013000, 013005, 013007, 013002, 013004]
5257	13	013001	013004	63	27.0	7.0	0,894	true	[013001, 013000, 013005, 013007, 013004]
5258	13	013001	013004	64	6.0	3.0	0,867	true	[013001, 013000, 013005, 013007, 013006, 013003, 013002, 013004]
5259	13	013001	013004	65	17.0	3.0	0,913	true	[013001, 013000, 013005, 013007, 013006, 013003, 013004]
5260	13	013001	013004	66	17.0	3.0	0,894	true	[013001, 013000, 013005, 013007, 013006, 013004]
5261	13	013001	013004	67	5.0	3.0	0,912	true	[013001, 013000, 013006, 013003, 013002, 013004]
5262	13	013001	013004	68	5.0	3.0	0,849	true	[013001, 013000, 013006, 013003, 013002, 013007, 013004]
5263	13	013001	013004	69	5.0	3.0	0,841	true	[013001, 013000, 013006, 013003, 013002, 013007, 013005, 013004]
5264	13	013001	013004	70	5.0	3.0	0,960	true	[013001, 013000, 013006, 013003, 013004]
5265	13	013001	013004	71	5.0	3.0	0,932	true	[013001, 013000, 013006, 013003, 013005, 013004]
5266	13	013001	013004	72	5.0	3.0	0,877	true	[013001, 013000, 013006, 013003, 013005, 013007, 013002, 013004]
5267	13	013001	013004	73	5.0	3.0	0,867	true	[013001, 013000, 013006, 013003, 013005, 013007, 013004]
5268	13	013001	013004	74	5.0	4.0	0,941	true	[013001, 013000, 013006, 013004]
5269	13	013001	013004	75	5.0	4.0	0,850	true	[013001, 013000, 013006, 013005, 013003, 013002, 013004]
5270	13	013001	013004	76	5.0	4.0	0,791	true	[013001, 013000, 013006, 013005, 013003, 013002, 013007, 013004]
5271	13	013001	013004	77	5.0	4.0	0,894	true	[013001, 013000, 013006, 013005, 013003, 013004]
5272	13	013001	013004	78	5.0	4.0	0,903	true	[013001, 013000, 013006, 013005, 013004]
5273	13	013001	013004	79	5.0	4.0	0,807	true	[013001, 013000, 013006, 013005, 013007, 013002, 013003, 013004]
5274	13	013001	013004	80	5.0	4.0	0,850	true	[013001, 013000, 013006, 013005, 013007, 013002, 013004]
5275	13	013001	013004	81	5.0	4.0	0,841	true	[013001, 013000, 013006, 013005, 013007, 013004]
5276	13	013001	013004	82	5.0	3.0	0,867	true	[013001, 013000, 013006, 013007, 013002, 013003, 013004]
5277	13	013001	013004	83	5.0	3.0	0,841	true	[013001, 013000, 013006, 013007, 013002, 013003, 013005, 013004]
5278	13	013001	013004	84	5.0	3.0	0,913	true	[013001, 013000, 013006, 013007, 013002, 013004]
5279	13	013001	013004	85	5.0	3.0	0,903	true	[013001, 013000, 013006, 013007, 013004]
5280	13	013001	013004	86	5.0	3.0	0,841	true	[013001, 013000, 013006, 013007, 013005, 013003, 013002, 013004]
5281	13	013001	013004	87	5.0	3.0	0,886	true	[013001, 013000, 013006, 013007, 013005, 013003, 013004]
5282	13	013001	013004	88	5.0	3.0	0,895	true	[013001, 013000, 013006, 013007, 013005, 013004]
5283	13	013001	013004	89	13.0	4.0	0,858	true	[013001, 013000, 013007, 013002, 013003, 013004]
5284	13	013001	013004	90	13.0	4.0	0,832	true	[013001, 013000, 013007, 013002, 013003, 013005, 013004]
5285	13	013001	013004	91	13.0	4.0	0,783	true	[013001, 013000, 013007, 013002, 013003, 013005, 013006, 013004]
5286	13	013001	013004	92	13.0	3.0	0,841	true	[013001, 013000, 013007, 013002, 013003, 013006, 013004]
5287	13	013001	013004	93	13.0	3.0	0,807	true	[013001, 013000, 013007, 013002, 013003, 013006, 013005, 013004]
5288	13	013001	013004	94	6.0	4.0	0,903	true	[013001, 013000, 013007, 013002, 013004]
5289	13	013001	013004	95	31.0	7.0	0,893	true	[013001, 013000, 013007, 013004]
5290	13	013001	013004	96	6.0	7.0	0,832	true	[013001, 013000, 013007, 013005, 013003, 013002, 013004]
5291	13	013001	013004	97	27.0	5.0	0,876	true	[013001, 013000, 013007, 013005, 013003, 013004]
5292	13	013001	013004	98	27.0	3.0	0,858	true	[013001, 013000, 013007, 013005, 013003, 013006, 013004]
5293	13	013001	013004	99	22.0	7.0	0,885	true	[013001, 013000, 013007, 013005, 013004]
5294	13	013001	013004	100	6.0	3.0	0,807	true	[013001, 013000, 013007, 013005, 013006, 013003, 013002, 013004]
5295	13	013001	013004	101	17.0	3.0	0,849	true	[013001, 013000, 013007, 013005, 013006, 013003, 013004]
5296	13	013001	013004	102	17.0	5.0	0,832	true	[013001, 013000, 013007, 013005, 013006, 013004]
5297	13	013001	013004	103	54.0	3.0	0,960	true	[013001, 013004]
5298	14	014003	014000	0	46.0	7.0	0,960	true	[014003, 014000]
5299	14	014003	014000	1	6.0	3.0	0,903	true	[014003, 014001, 014004, 014005, 014000]
5300	14	014003	014000	2	17.0	5.0	0,893	true	[014003, 014001, 014004, 014005, 014002, 014006, 014000]
5301	14	014003	014000	3	17.0	5.0	0,867	true	[014003, 014001, 014004, 014005, 014002, 014006, 014007, 014000]
5302	14	014003	014000	4	33.0	3.0	0,885	true	[014003, 014001, 014004, 014005, 014002, 014007, 014000]
5303	14	014003	014000	5	23.0	3.0	0,858	true	[014003, 014001, 014004, 014005, 014002, 014007, 014006, 014000]
5304	14	014003	014000	6	23.0	5.0	0,867	true	[014003, 014001, 014004, 014005, 014006, 014000]
5305	14	014003	014000	7	17.0	3.0	0,858	true	[014003, 014001, 014004, 014005, 014006, 014002, 014007, 014000]
5306	14	014003	014000	8	30.0	5.0	0,841	true	[014003, 014001, 014004, 014005, 014006, 014007, 014000]
5307	14	014003	014000	9	18.0	5.0	0,858	true	[014003, 014001, 014004, 014005, 014007, 014000]
5308	14	014003	014000	10	17.0	3.0	0,849	true	[014003, 014001, 014004, 014005, 014007, 014002, 014006, 014000]
5309	14	014003	014000	11	18.0	5.0	0,832	true	[014003, 014001, 014004, 014005, 014007, 014006, 014000]
5310	14	014003	014000	12	5.0	3.0	0,941	true	[014003, 014001, 014005, 014000]
5311	14	014003	014000	13	5.0	4.0	0,931	true	[014003, 014001, 014005, 014002, 014006, 014000]
5312	14	014003	014000	14	5.0	4.0	0,903	true	[014003, 014001, 014005, 014002, 014006, 014007, 014000]
5313	14	014003	014000	15	5.0	3.0	0,922	true	[014003, 014001, 014005, 014002, 014007, 014000]
5314	14	014003	014000	16	5.0	3.0	0,894	true	[014003, 014001, 014005, 014002, 014007, 014006, 014000]
5315	14	014003	014000	17	5.0	4.0	0,903	true	[014003, 014001, 014005, 014006, 014000]
5316	14	014003	014000	18	5.0	3.0	0,894	true	[014003, 014001, 014005, 014006, 014002, 014007, 014000]
5317	14	014003	014000	19	5.0	4.0	0,876	true	[014003, 014001, 014005, 014006, 014007, 014000]
5318	14	014003	014000	20	5.0	4.0	0,894	true	[014003, 014001, 014005, 014007, 014000]
5319	14	014003	014000	21	5.0	3.0	0,885	true	[014003, 014001, 014005, 014007, 014002, 014006, 014000]
5320	14	014003	014000	22	5.0	4.0	0,867	true	[014003, 014001, 014005, 014007, 014006, 014000]
5321	14	014003	014000	23	23.0	5.0	0,931	true	[014003, 014001, 014006, 014000]
5322	14	014003	014000	24	6.0	3.0	0,941	true	[014003, 014001, 014006, 014002, 014005, 014000]
5323	14	014003	014000	25	17.0	5.0	0,894	true	[014003, 014001, 014006, 014002, 014005, 014007, 014000]
5324	14	014003	014000	26	17.0	3.0	0,922	true	[014003, 014001, 014006, 014002, 014007, 014000]
5325	14	014003	014000	27	6.0	3.0	0,894	true	[014003, 014001, 014006, 014002, 014007, 014005, 014000]
5326	14	014003	014000	28	6.0	3.0	0,913	true	[014003, 014001, 014006, 014005, 014000]
5327	14	014003	014000	29	30.0	3.0	0,894	true	[014003, 014001, 014006, 014005, 014002, 014007, 014000]
5328	14	014003	014000	30	18.0	5.0	0,867	true	[014003, 014001, 014006, 014005, 014007, 014000]
5329	14	014003	014000	31	31.0	5.0	0,903	true	[014003, 014001, 014006, 014007, 014000]
5330	14	014003	014000	32	6.0	3.0	0,903	true	[014003, 014001, 014006, 014007, 014002, 014005, 014000]
5331	14	014003	014000	33	6.0	3.0	0,876	true	[014003, 014001, 014006, 014007, 014005, 014000]
5332	14	014003	014000	34	6.0	3.0	0,922	true	[014003, 014002, 014005, 014000]
5333	14	014003	014000	35	5.0	4.0	0,876	true	[014003, 014002, 014005, 014001, 014006, 014000]
5334	14	014003	014000	36	5.0	4.0	0,850	true	[014003, 014002, 014005, 014001, 014006, 014007, 014000]
5335	14	014003	014000	37	23.0	6.0	0,841	true	[014003, 014002, 014005, 014004, 014001, 014006, 014000]
5336	14	014003	014000	38	31.0	6.0	0,815	true	[014003, 014002, 014005, 014004, 014001, 014006, 014007, 014000]
5337	14	014003	014000	39	23.0	5.0	0,885	true	[014003, 014002, 014005, 014006, 014000]
5338	14	014003	014000	40	30.0	5.0	0,858	true	[014003, 014002, 014005, 014006, 014007, 014000]
5339	14	014003	014000	41	18.0	6.0	0,876	true	[014003, 014002, 014005, 014007, 014000]
5340	14	014003	014000	42	18.0	6.0	0,849	true	[014003, 014002, 014005, 014007, 014006, 014000]
5341	14	014003	014000	43	17.0	6.0	0,912	true	[014003, 014002, 014006, 014000]
5342	14	014003	014000	44	6.0	3.0	0,849	true	[014003, 014002, 014006, 014001, 014004, 014005, 014000]
5343	14	014003	014000	45	17.0	6.0	0,807	true	[014003, 014002, 014006, 014001, 014004, 014005, 014007, 014000]
5344	14	014003	014000	46	5.0	3.0	0,885	true	[014003, 014002, 014006, 014001, 014005, 014000]
5345	14	014003	014000	47	5.0	4.0	0,841	true	[014003, 014002, 014006, 014001, 014005, 014007, 014000]
5346	14	014003	014000	48	6.0	3.0	0,894	true	[014003, 014002, 014006, 014005, 014000]
5347	14	014003	014000	49	17.0	5.0	0,849	true	[014003, 014002, 014006, 014005, 014007, 014000]
5348	14	014003	014000	50	17.0	6.0	0,885	true	[014003, 014002, 014006, 014007, 014000]
5349	14	014003	014000	51	6.0	3.0	0,858	true	[014003, 014002, 014006, 014007, 014005, 014000]
5350	14	014003	014000	52	38.0	3.0	0,903	true	[014003, 014002, 014007, 014000]
5351	14	014003	014000	53	6.0	3.0	0,876	true	[014003, 014002, 014007, 014005, 014000]
5352	14	014003	014000	54	5.0	3.0	0,832	true	[014003, 014002, 014007, 014005, 014001, 014006, 014000]
5353	14	014003	014000	55	18.0	3.0	0,799	true	[014003, 014002, 014007, 014005, 014004, 014001, 014006, 014000]
5354	14	014003	014000	56	18.0	3.0	0,841	true	[014003, 014002, 014007, 014005, 014006, 014000]
5355	14	014003	014000	57	23.0	3.0	0,876	true	[014003, 014002, 014007, 014006, 014000]
5356	14	014003	014000	58	6.0	3.0	0,816	true	[014003, 014002, 014007, 014006, 014001, 014004, 014005, 014000]
5357	14	014003	014000	59	5.0	3.0	0,850	true	[014003, 014002, 014007, 014006, 014001, 014005, 014000]
5358	14	014003	014000	60	6.0	3.0	0,858	true	[014003, 014002, 014007, 014006, 014005, 014000]
5359	14	014003	014000	61	5.0	3.0	0,894	true	[014003, 014004, 014001, 014005, 014000]
5360	14	014003	014000	62	5.0	4.0	0,885	true	[014003, 014004, 014001, 014005, 014002, 014006, 014000]
5361	14	014003	014000	63	5.0	4.0	0,858	true	[014003, 014004, 014001, 014005, 014002, 014006, 014007, 014000]
5362	14	014003	014000	64	5.0	3.0	0,876	true	[014003, 014004, 014001, 014005, 014002, 014007, 014000]
5363	14	014003	014000	65	5.0	3.0	0,850	true	[014003, 014004, 014001, 014005, 014002, 014007, 014006, 014000]
5364	14	014003	014000	66	5.0	4.0	0,858	true	[014003, 014004, 014001, 014005, 014006, 014000]
5365	14	014003	014000	67	5.0	3.0	0,850	true	[014003, 014004, 014001, 014005, 014006, 014002, 014007, 014000]
5366	14	014003	014000	68	5.0	4.0	0,833	true	[014003, 014004, 014001, 014005, 014006, 014007, 014000]
5367	14	014003	014000	69	5.0	4.0	0,849	true	[014003, 014004, 014001, 014005, 014007, 014000]
5368	14	014003	014000	70	5.0	3.0	0,841	true	[014003, 014004, 014001, 014005, 014007, 014002, 014006, 014000]
5369	14	014003	014000	71	5.0	4.0	0,824	true	[014003, 014004, 014001, 014005, 014007, 014006, 014000]
5370	14	014003	014000	72	23.0	6.0	0,885	true	[014003, 014004, 014001, 014006, 014000]
5371	14	014003	014000	73	6.0	3.0	0,894	true	[014003, 014004, 014001, 014006, 014002, 014005, 014000]
5372	14	014003	014000	74	17.0	6.0	0,849	true	[014003, 014004, 014001, 014006, 014002, 014005, 014007, 014000]
5373	14	014003	014000	75	17.0	3.0	0,876	true	[014003, 014004, 014001, 014006, 014002, 014007, 014000]
5374	14	014003	014000	76	6.0	3.0	0,850	true	[014003, 014004, 014001, 014006, 014002, 014007, 014005, 014000]
5375	14	014003	014000	77	6.0	3.0	0,867	true	[014003, 014004, 014001, 014006, 014005, 014000]
5376	14	014003	014000	78	30.0	3.0	0,850	true	[014003, 014004, 014001, 014006, 014005, 014002, 014007, 014000]
5377	14	014003	014000	79	18.0	5.0	0,824	true	[014003, 014004, 014001, 014006, 014005, 014007, 014000]
5378	14	014003	014000	80	31.0	6.0	0,858	true	[014003, 014004, 014001, 014006, 014007, 014000]
5379	14	014003	014000	81	6.0	3.0	0,859	true	[014003, 014004, 014001, 014006, 014007, 014002, 014005, 014000]
5380	14	014003	014000	82	6.0	3.0	0,833	true	[014003, 014004, 014001, 014006, 014007, 014005, 014000]
5381	14	014003	014000	83	6.0	3.0	0,876	true	[014003, 014004, 014005, 014000]
5382	14	014003	014000	84	5.0	4.0	0,832	true	[014003, 014004, 014005, 014001, 014006, 014000]
5383	14	014003	014000	85	5.0	3.0	0,824	true	[014003, 014004, 014005, 014001, 014006, 014002, 014007, 014000]
5384	14	014003	014000	86	5.0	4.0	0,807	true	[014003, 014004, 014005, 014001, 014006, 014007, 014000]
5385	14	014003	014000	87	17.0	6.0	0,866	true	[014003, 014004, 014005, 014002, 014006, 014000]
5386	14	014003	014000	88	17.0	6.0	0,840	true	[014003, 014004, 014005, 014002, 014006, 014007, 014000]
5387	14	014003	014000	89	33.0	3.0	0,858	true	[014003, 014004, 014005, 014002, 014007, 014000]
5388	14	014003	014000	90	23.0	3.0	0,832	true	[014003, 014004, 014005, 014002, 014007, 014006, 014000]
5389	14	014003	014000	91	23.0	5.0	0,840	true	[014003, 014004, 014005, 014006, 014000]
5390	14	014003	014000	92	17.0	3.0	0,832	true	[014003, 014004, 014005, 014006, 014002, 014007, 014000]
5391	14	014003	014000	93	30.0	5.0	0,815	true	[014003, 014004, 014005, 014006, 014007, 014000]
5392	14	014003	014000	94	18.0	6.0	0,832	true	[014003, 014004, 014005, 014007, 014000]
5393	14	014003	014000	95	17.0	3.0	0,823	true	[014003, 014004, 014005, 014007, 014002, 014006, 014000]
5394	14	014003	014000	96	18.0	6.0	0,807	true	[014003, 014004, 014005, 014007, 014006, 014000]
5395	14	014003	014000	97	6.0	3.0	0,912	true	[014003, 014005, 014000]
5396	14	014003	014000	98	5.0	4.0	0,867	true	[014003, 014005, 014001, 014006, 014000]
5397	14	014003	014000	99	5.0	3.0	0,858	true	[014003, 014005, 014001, 014006, 014002, 014007, 014000]
5398	14	014003	014000	100	5.0	4.0	0,841	true	[014003, 014005, 014001, 014006, 014007, 014000]
5399	15	015001	015002	0	27.0	3.0	0,922	true	[015001, 015000, 015003, 015002]
5400	15	015001	015002	1	10.0	3.0	0,903	true	[015001, 015000, 015003, 015004, 015002]
5401	15	015001	015002	2	17.0	3.0	0,894	true	[015001, 015000, 015003, 015004, 015005, 015002]
5402	15	015001	015002	3	17.0	3.0	0,832	true	[015001, 015000, 015003, 015004, 015005, 015006, 015002]
5403	15	015001	015002	4	17.0	3.0	0,850	true	[015001, 015000, 015003, 015004, 015005, 015007, 015006, 015002]
5404	15	015001	015002	5	25.0	3.0	0,876	true	[015001, 015000, 015003, 015004, 015006, 015002]
5405	15	015001	015002	6	25.0	3.0	0,850	true	[015001, 015000, 015003, 015004, 015006, 015005, 015002]
5406	15	015001	015002	7	25.0	3.0	0,867	true	[015001, 015000, 015003, 015004, 015006, 015007, 015005, 015002]
5407	15	015001	015002	8	6.0	3.0	0,903	true	[015001, 015000, 015003, 015005, 015002]
5408	15	015001	015002	9	6.0	3.0	0,913	true	[015001, 015000, 015003, 015005, 015004, 015002]
5409	15	015001	015002	10	6.0	3.0	0,885	true	[015001, 015000, 015003, 015005, 015004, 015006, 015002]
5410	15	015001	015002	11	6.0	3.0	0,840	true	[015001, 015000, 015003, 015005, 015006, 015002]
5411	15	015001	015002	12	6.0	3.0	0,867	true	[015001, 015000, 015003, 015005, 015006, 015004, 015002]
5412	15	015001	015002	13	6.0	3.0	0,858	true	[015001, 015000, 015003, 015005, 015007, 015006, 015002]
5413	15	015001	015002	14	6.0	3.0	0,885	true	[015001, 015000, 015003, 015005, 015007, 015006, 015004, 015002]
5414	15	015001	015002	15	15.0	3.0	0,858	true	[015001, 015000, 015003, 015006, 015002]
5415	15	015001	015002	16	10.0	3.0	0,885	true	[015001, 015000, 015003, 015006, 015004, 015002]
5416	15	015001	015002	17	15.0	3.0	0,876	true	[015001, 015000, 015003, 015006, 015004, 015005, 015002]
5417	15	015001	015002	18	15.0	3.0	0,832	true	[015001, 015000, 015003, 015006, 015005, 015002]
5418	15	015001	015002	19	10.0	3.0	0,841	true	[015001, 015000, 015003, 015006, 015005, 015004, 015002]
5419	15	015001	015002	20	15.0	3.0	0,850	true	[015001, 015000, 015003, 015006, 015007, 015005, 015002]
5420	15	015001	015002	21	10.0	3.0	0,859	true	[015001, 015000, 015003, 015006, 015007, 015005, 015004, 015002]
5421	15	015001	015002	22	23.0	3.0	0,903	true	[015001, 015000, 015003, 015007, 015005, 015002]
5422	15	015001	015002	23	10.0	3.0	0,913	true	[015001, 015000, 015003, 015007, 015005, 015004, 015002]
5423	15	015001	015002	24	17.0	3.0	0,885	true	[015001, 015000, 015003, 015007, 015005, 015004, 015006, 015002]
5424	15	015001	015002	25	23.0	3.0	0,840	true	[015001, 015000, 015003, 015007, 015005, 015006, 015002]
5425	15	015001	015002	26	10.0	3.0	0,867	true	[015001, 015000, 015003, 015007, 015005, 015006, 015004, 015002]
5426	15	015001	015002	27	23.0	3.0	0,858	true	[015001, 015000, 015003, 015007, 015006, 015002]
5427	15	015001	015002	28	10.0	3.0	0,885	true	[015001, 015000, 015003, 015007, 015006, 015004, 015002]
5428	15	015001	015002	29	17.0	3.0	0,876	true	[015001, 015000, 015003, 015007, 015006, 015004, 015005, 015002]
5429	15	015001	015002	30	23.0	3.0	0,832	true	[015001, 015000, 015003, 015007, 015006, 015005, 015002]
5430	15	015001	015002	31	10.0	3.0	0,841	true	[015001, 015000, 015003, 015007, 015006, 015005, 015004, 015002]
5431	15	015001	015002	32	36.0	5.0	0,931	true	[015001, 015000, 015005, 015002]
5432	15	015001	015002	33	6.0	5.0	0,951	true	[015001, 015000, 015005, 015003, 015002]
5433	15	015001	015002	34	6.0	3.0	0,932	true	[015001, 015000, 015005, 015003, 015004, 015002]
5434	15	015001	015002	35	6.0	3.0	0,903	true	[015001, 015000, 015005, 015003, 015004, 015006, 015002]
5435	15	015001	015002	36	6.0	5.0	0,885	true	[015001, 015000, 015005, 015003, 015006, 015002]
5436	15	015001	015002	37	6.0	5.0	0,913	true	[015001, 015000, 015005, 015003, 015006, 015004, 015002]
5437	15	015001	015002	38	6.0	5.0	0,885	true	[015001, 015000, 015005, 015003, 015007, 015006, 015002]
5438	15	015001	015002	39	6.0	5.0	0,913	true	[015001, 015000, 015005, 015003, 015007, 015006, 015004, 015002]
5439	15	015001	015002	40	10.0	5.0	0,941	true	[015001, 015000, 015005, 015004, 015002]
5440	15	015001	015002	41	17.0	3.0	0,941	true	[015001, 015000, 015005, 015004, 015003, 015002]
5441	15	015001	015002	42	15.0	3.0	0,876	true	[015001, 015000, 015005, 015004, 015003, 015006, 015002]
5442	15	015001	015002	43	17.0	3.0	0,876	true	[015001, 015000, 015005, 015004, 015003, 015007, 015006, 015002]
5443	15	015001	015002	44	17.0	5.0	0,912	true	[015001, 015000, 015005, 015004, 015006, 015002]
5444	15	015001	015002	45	15.0	5.0	0,922	true	[015001, 015000, 015005, 015004, 015006, 015003, 015002]
5445	15	015001	015002	46	17.0	5.0	0,922	true	[015001, 015000, 015005, 015004, 015006, 015007, 015003, 015002]
5446	15	015001	015002	47	35.0	5.0	0,867	true	[015001, 015000, 015005, 015006, 015002]
5447	15	015001	015002	48	15.0	5.0	0,876	true	[015001, 015000, 015005, 015006, 015003, 015002]
5448	15	015001	015002	49	10.0	3.0	0,859	true	[015001, 015000, 015005, 015006, 015003, 015004, 015002]
5449	15	015001	015002	50	10.0	5.0	0,894	true	[015001, 015000, 015005, 015006, 015004, 015002]
5450	15	015001	015002	51	25.0	3.0	0,894	true	[015001, 015000, 015005, 015006, 015004, 015003, 015002]
5451	15	015001	015002	52	23.0	5.0	0,876	true	[015001, 015000, 015005, 015006, 015007, 015003, 015002]
5452	15	015001	015002	53	10.0	3.0	0,859	true	[015001, 015000, 015005, 015006, 015007, 015003, 015004, 015002]
5453	15	015001	015002	54	23.0	5.0	0,951	true	[015001, 015000, 015005, 015007, 015003, 015002]
5454	15	015001	015002	55	10.0	3.0	0,932	true	[015001, 015000, 015005, 015007, 015003, 015004, 015002]
5455	15	015001	015002	56	23.0	3.0	0,903	true	[015001, 015000, 015005, 015007, 015003, 015004, 015006, 015002]
5456	15	015001	015002	57	15.0	5.0	0,885	true	[015001, 015000, 015005, 015007, 015003, 015006, 015002]
5457	15	015001	015002	58	10.0	5.0	0,913	true	[015001, 015000, 015005, 015007, 015003, 015006, 015004, 015002]
5458	15	015001	015002	59	34.0	5.0	0,885	true	[015001, 015000, 015005, 015007, 015006, 015002]
5459	15	015001	015002	60	15.0	5.0	0,895	true	[015001, 015000, 015005, 015007, 015006, 015003, 015002]
5460	15	015001	015002	61	10.0	3.0	0,877	true	[015001, 015000, 015005, 015007, 015006, 015003, 015004, 015002]
5461	15	015001	015002	62	10.0	5.0	0,913	true	[015001, 015000, 015005, 015007, 015006, 015004, 015002]
5462	15	015001	015002	63	25.0	3.0	0,913	true	[015001, 015000, 015005, 015007, 015006, 015004, 015003, 015002]
5463	15	015001	015002	64	23.0	8.0	0,941	true	[015001, 015000, 015007, 015003, 015002]
5464	15	015001	015002	65	10.0	3.0	0,922	true	[015001, 015000, 015007, 015003, 015004, 015002]
5465	15	015001	015002	66	17.0	3.0	0,913	true	[015001, 015000, 015007, 015003, 015004, 015005, 015002]
5466	15	015001	015002	67	17.0	3.0	0,849	true	[015001, 015000, 015007, 015003, 015004, 015005, 015006, 015002]
5467	15	015001	015002	68	23.0	3.0	0,894	true	[015001, 015000, 015007, 015003, 015004, 015006, 015002]
5468	15	015001	015002	69	23.0	3.0	0,867	true	[015001, 015000, 015007, 015003, 015004, 015006, 015005, 015002]
5469	15	015001	015002	70	6.0	8.0	0,922	true	[015001, 015000, 015007, 015003, 015005, 015002]
5470	15	015001	015002	71	6.0	5.0	0,932	true	[015001, 015000, 015007, 015003, 015005, 015004, 015002]
5471	15	015001	015002	72	6.0	5.0	0,903	true	[015001, 015000, 015007, 015003, 015005, 015004, 015006, 015002]
5472	15	015001	015002	73	6.0	8.0	0,858	true	[015001, 015000, 015007, 015003, 015005, 015006, 015002]
5473	15	015001	015002	74	6.0	5.0	0,885	true	[015001, 015000, 015007, 015003, 015005, 015006, 015004, 015002]
5474	15	015001	015002	75	15.0	6.0	0,876	true	[015001, 015000, 015007, 015003, 015006, 015002]
5475	15	015001	015002	76	10.0	5.0	0,904	true	[015001, 015000, 015007, 015003, 015006, 015004, 015002]
5476	15	015001	015002	77	15.0	5.0	0,894	true	[015001, 015000, 015007, 015003, 015006, 015004, 015005, 015002]
5477	15	015001	015002	78	15.0	6.0	0,850	true	[015001, 015000, 015007, 015003, 015006, 015005, 015002]
5478	15	015001	015002	79	10.0	5.0	0,858	true	[015001, 015000, 015007, 015003, 015006, 015005, 015004, 015002]
5479	15	015001	015002	80	24.0	8.0	0,922	true	[015001, 015000, 015007, 015005, 015002]
5480	15	015001	015002	81	6.0	9.0	0,941	true	[015001, 015000, 015007, 015005, 015003, 015002]
5481	15	015001	015002	82	6.0	3.0	0,922	true	[015001, 015000, 015007, 015005, 015003, 015004, 015002]
5482	15	015001	015002	83	6.0	3.0	0,894	true	[015001, 015000, 015007, 015005, 015003, 015004, 015006, 015002]
5483	15	015001	015002	84	6.0	6.0	0,876	true	[015001, 015000, 015007, 015005, 015003, 015006, 015002]
5484	15	015001	015002	85	6.0	5.0	0,904	true	[015001, 015000, 015007, 015005, 015003, 015006, 015004, 015002]
5485	15	015001	015002	86	10.0	5.0	0,932	true	[015001, 015000, 015007, 015005, 015004, 015002]
5486	15	015001	015002	87	17.0	3.0	0,932	true	[015001, 015000, 015007, 015005, 015004, 015003, 015002]
5487	15	015001	015002	88	15.0	3.0	0,867	true	[015001, 015000, 015007, 015005, 015004, 015003, 015006, 015002]
5488	15	015001	015002	89	17.0	5.0	0,903	true	[015001, 015000, 015007, 015005, 015004, 015006, 015002]
5489	15	015001	015002	90	15.0	5.0	0,913	true	[015001, 015000, 015007, 015005, 015004, 015006, 015003, 015002]
5490	15	015001	015002	91	24.0	9.0	0,858	true	[015001, 015000, 015007, 015005, 015006, 015002]
5491	15	015001	015002	92	15.0	6.0	0,867	true	[015001, 015000, 015007, 015005, 015006, 015003, 015002]
5492	15	015001	015002	93	10.0	3.0	0,850	true	[015001, 015000, 015007, 015005, 015006, 015003, 015004, 015002]
5493	15	015001	015002	94	10.0	5.0	0,885	true	[015001, 015000, 015007, 015005, 015006, 015004, 015002]
5494	15	015001	015002	95	24.0	3.0	0,885	true	[015001, 015000, 015007, 015005, 015006, 015004, 015003, 015002]
5495	15	015001	015002	96	24.0	10.0	0,876	true	[015001, 015000, 015007, 015006, 015002]
5496	15	015001	015002	97	15.0	6.0	0,885	true	[015001, 015000, 015007, 015006, 015003, 015002]
5497	15	015001	015002	98	10.0	3.0	0,868	true	[015001, 015000, 015007, 015006, 015003, 015004, 015002]
5498	15	015001	015002	99	15.0	3.0	0,859	true	[015001, 015000, 015007, 015006, 015003, 015004, 015005, 015002]
5499	15	015001	015002	100	6.0	6.0	0,868	true	[015001, 015000, 015007, 015006, 015003, 015005, 015002]
5500	16	016004	016007	0	8.0	4.0	0,858	true	[016004, 016000, 016001, 016002, 016003, 016005, 016007]
5501	16	016004	016007	1	8.0	4.0	0,867	true	[016004, 016000, 016001, 016002, 016003, 016006, 016005, 016007]
5502	16	016004	016007	2	6.0	4.0	0,903	true	[016004, 016000, 016001, 016002, 016003, 016007]
5503	16	016004	016007	3	6.0	5.0	0,876	true	[016004, 016000, 016001, 016002, 016005, 016003, 016007]
5504	16	016004	016007	4	6.0	4.0	0,885	true	[016004, 016000, 016001, 016002, 016005, 016006, 016003, 016007]
5505	16	016004	016007	5	8.0	4.0	0,885	true	[016004, 016000, 016001, 016002, 016005, 016007]
5506	16	016004	016007	6	8.0	4.0	0,841	true	[016004, 016000, 016001, 016002, 016006, 016003, 016005, 016007]
5507	16	016004	016007	7	6.0	4.0	0,885	true	[016004, 016000, 016001, 016002, 016006, 016003, 016007]
5508	16	016004	016007	8	6.0	5.0	0,876	true	[016004, 016000, 016001, 016002, 016006, 016005, 016003, 016007]
5509	16	016004	016007	9	8.0	4.0	0,885	true	[016004, 016000, 016001, 016002, 016006, 016005, 016007]
5510	16	016004	016007	10	5.0	4.0	0,903	true	[016004, 016000, 016001, 016002, 016007]
5511	16	016004	016007	11	6.0	4.0	0,885	true	[016004, 016000, 016001, 016003, 016002, 016005, 016007]
5512	16	016004	016007	12	6.0	4.0	0,885	true	[016004, 016000, 016001, 016003, 016002, 016006, 016005, 016007]
5513	16	016004	016007	13	5.0	4.0	0,904	true	[016004, 016000, 016001, 016003, 016002, 016007]
5514	16	016004	016007	14	5.0	4.0	0,876	true	[016004, 016000, 016001, 016003, 016005, 016002, 016007]
5515	16	016004	016007	15	5.0	4.0	0,876	true	[016004, 016000, 016001, 016003, 016005, 016006, 016002, 016007]
5516	16	016004	016007	16	6.0	4.0	0,876	true	[016004, 016000, 016001, 016003, 016005, 016007]
5517	16	016004	016007	17	6.0	4.0	0,868	true	[016004, 016000, 016001, 016003, 016006, 016002, 016005, 016007]
5518	16	016004	016007	18	5.0	4.0	0,885	true	[016004, 016000, 016001, 016003, 016006, 016002, 016007]
5519	16	016004	016007	19	5.0	4.0	0,885	true	[016004, 016000, 016001, 016003, 016006, 016005, 016002, 016007]
5520	16	016004	016007	20	6.0	4.0	0,885	true	[016004, 016000, 016001, 016003, 016006, 016005, 016007]
5521	16	016004	016007	21	6.0	6.0	0,922	true	[016004, 016000, 016001, 016003, 016007]
5522	16	016004	016007	22	6.0	4.0	0,941	true	[016004, 016000, 016001, 016005, 016002, 016003, 016007]
5523	16	016004	016007	23	6.0	4.0	0,923	true	[016004, 016000, 016001, 016005, 016002, 016006, 016003, 016007]
5524	16	016004	016007	24	5.0	4.0	0,941	true	[016004, 016000, 016001, 016005, 016002, 016007]
5525	16	016004	016007	25	5.0	4.0	0,913	true	[016004, 016000, 016001, 016005, 016003, 016002, 016007]
5526	16	016004	016007	26	5.0	4.0	0,895	true	[016004, 016000, 016001, 016005, 016003, 016006, 016002, 016007]
5527	16	016004	016007	27	6.0	5.0	0,932	true	[016004, 016000, 016001, 016005, 016003, 016007]
5528	16	016004	016007	28	6.0	4.0	0,941	true	[016004, 016000, 016001, 016005, 016006, 016002, 016003, 016007]
5529	16	016004	016007	29	5.0	4.0	0,941	true	[016004, 016000, 016001, 016005, 016006, 016002, 016007]
5530	16	016004	016007	30	5.0	4.0	0,922	true	[016004, 016000, 016001, 016005, 016006, 016003, 016002, 016007]
5531	16	016004	016007	31	6.0	4.0	0,941	true	[016004, 016000, 016001, 016005, 016006, 016003, 016007]
5532	16	016004	016007	32	8.0	4.0	0,941	true	[016004, 016000, 016001, 016005, 016007]
5533	16	016004	016007	33	8.0	3.0	0,859	true	[016004, 016000, 016001, 016006, 016002, 016003, 016005, 016007]
5534	16	016004	016007	34	6.0	3.0	0,904	true	[016004, 016000, 016001, 016006, 016002, 016003, 016007]
5535	16	016004	016007	35	6.0	3.0	0,877	true	[016004, 016000, 016001, 016006, 016002, 016005, 016003, 016007]
5536	16	016004	016007	36	8.0	3.0	0,885	true	[016004, 016000, 016001, 016006, 016002, 016005, 016007]
5537	16	016004	016007	37	5.0	3.0	0,904	true	[016004, 016000, 016001, 016006, 016002, 016007]
5538	16	016004	016007	38	8.0	3.0	0,868	true	[016004, 016000, 016001, 016006, 016003, 016002, 016005, 016007]
5539	16	016004	016007	39	5.0	3.0	0,885	true	[016004, 016000, 016001, 016006, 016003, 016002, 016007]
5540	16	016004	016007	40	5.0	3.0	0,859	true	[016004, 016000, 016001, 016006, 016003, 016005, 016002, 016007]
5541	16	016004	016007	41	8.0	3.0	0,859	true	[016004, 016000, 016001, 016006, 016003, 016005, 016007]
5542	16	016004	016007	42	6.0	3.0	0,904	true	[016004, 016000, 016001, 016006, 016003, 016007]
5543	16	016004	016007	43	6.0	3.0	0,904	true	[016004, 016000, 016001, 016006, 016005, 016002, 016003, 016007]
5544	16	016004	016007	44	5.0	3.0	0,904	true	[016004, 016000, 016001, 016006, 016005, 016002, 016007]
5545	16	016004	016007	45	5.0	3.0	0,876	true	[016004, 016000, 016001, 016006, 016005, 016003, 016002, 016007]
5546	16	016004	016007	46	6.0	3.0	0,894	true	[016004, 016000, 016001, 016006, 016005, 016003, 016007]
5547	16	016004	016007	47	8.0	3.0	0,903	true	[016004, 016000, 016001, 016006, 016005, 016007]
5548	16	016004	016007	48	12.0	6.0	0,970	true	[016004, 016000, 016001, 016007]
5549	16	016004	016007	49	6.0	3.0	0,841	true	[016004, 016000, 016002, 016001, 016003, 016005, 016007]
5550	16	016004	016007	50	6.0	3.0	0,849	true	[016004, 016000, 016002, 016001, 016003, 016006, 016005, 016007]
5551	16	016004	016007	51	6.0	3.0	0,885	true	[016004, 016000, 016002, 016001, 016003, 016007]
5552	16	016004	016007	52	6.0	3.0	0,894	true	[016004, 016000, 016002, 016001, 016005, 016003, 016007]
5553	16	016004	016007	53	6.0	3.0	0,903	true	[016004, 016000, 016002, 016001, 016005, 016006, 016003, 016007]
5554	16	016004	016007	54	8.0	3.0	0,903	true	[016004, 016000, 016002, 016001, 016005, 016007]
5555	16	016004	016007	55	8.0	3.0	0,824	true	[016004, 016000, 016002, 016001, 016006, 016003, 016005, 016007]
5556	16	016004	016007	56	6.0	3.0	0,867	true	[016004, 016000, 016002, 016001, 016006, 016003, 016007]
5557	16	016004	016007	57	6.0	3.0	0,858	true	[016004, 016000, 016002, 016001, 016006, 016005, 016003, 016007]
5558	16	016004	016007	58	8.0	3.0	0,867	true	[016004, 016000, 016002, 016001, 016006, 016005, 016007]
5559	16	016004	016007	59	12.0	3.0	0,931	true	[016004, 016000, 016002, 016001, 016007]
5560	16	016004	016007	60	6.0	3.0	0,903	true	[016004, 016000, 016002, 016003, 016001, 016005, 016007]
5561	16	016004	016007	61	6.0	3.0	0,867	true	[016004, 016000, 016002, 016003, 016001, 016006, 016005, 016007]
5562	16	016004	016007	62	6.0	3.0	0,931	true	[016004, 016000, 016002, 016003, 016001, 016007]
5563	16	016004	016007	63	12.0	3.0	0,941	true	[016004, 016000, 016002, 016003, 016005, 016001, 016007]
5564	16	016004	016007	64	12.0	3.0	0,904	true	[016004, 016000, 016002, 016003, 016005, 016006, 016001, 016007]
5565	16	016004	016007	65	8.0	3.0	0,913	true	[016004, 016000, 016002, 016003, 016005, 016007]
5566	16	016004	016007	66	8.0	3.0	0,885	true	[016004, 016000, 016002, 016003, 016006, 016001, 016005, 016007]
5567	16	016004	016007	67	12.0	3.0	0,913	true	[016004, 016000, 016002, 016003, 016006, 016001, 016007]
5568	16	016004	016007	68	12.0	3.0	0,951	true	[016004, 016000, 016002, 016003, 016006, 016005, 016001, 016007]
5569	16	016004	016007	69	8.0	3.0	0,922	true	[016004, 016000, 016002, 016003, 016006, 016005, 016007]
5570	16	016004	016007	70	6.0	3.0	0,960	true	[016004, 016000, 016002, 016003, 016007]
5571	16	016004	016007	71	6.0	3.0	0,922	true	[016004, 016000, 016002, 016005, 016001, 016003, 016007]
5572	16	016004	016007	72	6.0	3.0	0,904	true	[016004, 016000, 016002, 016005, 016001, 016006, 016003, 016007]
5573	16	016004	016007	73	10.0	3.0	0,970	true	[016004, 016000, 016002, 016005, 016001, 016007]
5574	16	016004	016007	74	6.0	3.0	0,904	true	[016004, 016000, 016002, 016005, 016003, 016001, 016007]
5575	16	016004	016007	75	10.0	3.0	0,885	true	[016004, 016000, 016002, 016005, 016003, 016006, 016001, 016007]
5576	16	016004	016007	76	6.0	3.0	0,932	true	[016004, 016000, 016002, 016005, 016003, 016007]
5577	16	016004	016007	77	6.0	3.0	0,885	true	[016004, 016000, 016002, 016005, 016006, 016001, 016003, 016007]
5578	16	016004	016007	78	10.0	3.0	0,931	true	[016004, 016000, 016002, 016005, 016006, 016001, 016007]
5579	16	016004	016007	79	6.0	3.0	0,913	true	[016004, 016000, 016002, 016005, 016006, 016003, 016001, 016007]
5580	16	016004	016007	80	6.0	3.0	0,941	true	[016004, 016000, 016002, 016005, 016006, 016003, 016007]
5581	16	016004	016007	81	8.0	3.0	0,941	true	[016004, 016000, 016002, 016005, 016007]
5582	16	016004	016007	82	6.0	3.0	0,841	true	[016004, 016000, 016002, 016006, 016001, 016003, 016005, 016007]
5583	16	016004	016007	83	6.0	3.0	0,885	true	[016004, 016000, 016002, 016006, 016001, 016003, 016007]
5584	16	016004	016007	84	6.0	3.0	0,894	true	[016004, 016000, 016002, 016006, 016001, 016005, 016003, 016007]
5585	16	016004	016007	85	8.0	3.0	0,903	true	[016004, 016000, 016002, 016006, 016001, 016005, 016007]
5586	16	016004	016007	86	12.0	3.0	0,931	true	[016004, 016000, 016002, 016006, 016001, 016007]
5587	16	016004	016007	87	6.0	3.0	0,885	true	[016004, 016000, 016002, 016006, 016003, 016001, 016005, 016007]
5588	16	016004	016007	88	6.0	3.0	0,913	true	[016004, 016000, 016002, 016006, 016003, 016001, 016007]
5589	16	016004	016007	89	12.0	3.0	0,922	true	[016004, 016000, 016002, 016006, 016003, 016005, 016001, 016007]
5590	16	016004	016007	90	8.0	3.0	0,894	true	[016004, 016000, 016002, 016006, 016003, 016005, 016007]
5591	16	016004	016007	91	6.0	3.0	0,941	true	[016004, 016000, 016002, 016006, 016003, 016007]
5592	16	016004	016007	92	6.0	3.0	0,922	true	[016004, 016000, 016002, 016006, 016005, 016001, 016003, 016007]
5593	16	016004	016007	93	12.0	3.0	0,970	true	[016004, 016000, 016002, 016006, 016005, 016001, 016007]
5594	16	016004	016007	94	6.0	3.0	0,904	true	[016004, 016000, 016002, 016006, 016005, 016003, 016001, 016007]
5595	16	016004	016007	95	6.0	3.0	0,932	true	[016004, 016000, 016002, 016006, 016005, 016003, 016007]
5596	16	016004	016007	96	8.0	3.0	0,941	true	[016004, 016000, 016002, 016006, 016005, 016007]
5597	16	016004	016007	97	5.0	3.0	0,960	true	[016004, 016000, 016002, 016007]
5598	16	016004	016007	98	8.0	3.0	0,816	true	[016004, 016000, 016006, 016001, 016002, 016003, 016005, 016007]
5599	16	016004	016007	99	6.0	3.0	0,858	true	[016004, 016000, 016006, 016001, 016002, 016003, 016007]
5600	16	016004	016007	100	6.0	3.0	0,833	true	[016004, 016000, 016006, 016001, 016002, 016005, 016003, 016007]
5601	16	016004	016007	101	8.0	3.0	0,841	true	[016004, 016000, 016006, 016001, 016002, 016005, 016007]
5602	16	016004	016007	102	5.0	3.0	0,858	true	[016004, 016000, 016006, 016001, 016002, 016007]
5603	16	016004	016007	103	12.0	3.0	0,922	true	[016004, 016000, 016006, 016001, 016007]
5604	16	016004	016007	104	6.0	7.0	0,980	true	[016004, 016000, 016007]
5605	16	016004	016007	105	53.0	7.0	0,980	true	[016004, 016007]
5606	17	017003	017002	0	17.0	8.0	0,960	true	[017003, 017001, 017002]
5607	17	017003	017002	1	5.0	3.0	0,858	true	[017003, 017001, 017004, 017000, 017005, 017002]
5608	17	017003	017002	2	10.0	3.0	0,849	true	[017003, 017001, 017004, 017000, 017007, 017005, 017002]
5609	17	017003	017002	3	17.0	8.0	0,941	true	[017003, 017001, 017004, 017002]
5610	17	017003	017002	4	5.0	3.0	0,824	true	[017003, 017001, 017004, 017006, 017007, 017000, 017005, 017002]
5611	17	017003	017002	5	10.0	3.0	0,849	true	[017003, 017001, 017004, 017006, 017007, 017005, 017002]
5612	17	017003	017002	6	5.0	3.0	0,824	true	[017003, 017001, 017004, 017007, 017000, 017005, 017002]
5613	17	017003	017002	7	7.0	3.0	0,849	true	[017003, 017001, 017004, 017007, 017005, 017002]
5614	17	017003	017002	8	5.0	3.0	0,932	true	[017003, 017001, 017005, 017000, 017004, 017002]
5615	17	017003	017002	9	5.0	3.0	0,894	true	[017003, 017001, 017005, 017000, 017007, 017004, 017002]
5616	17	017003	017002	10	5.0	3.0	0,895	true	[017003, 017001, 017005, 017000, 017007, 017006, 017004, 017002]
5617	17	017003	017002	11	7.0	3.0	0,922	true	[017003, 017001, 017005, 017002]
5618	17	017003	017002	12	7.0	5.0	0,922	true	[017003, 017001, 017005, 017007, 017000, 017004, 017002]
5619	17	017003	017002	13	7.0	6.0	0,922	true	[017003, 017001, 017005, 017007, 017004, 017002]
5620	17	017003	017002	14	7.0	5.0	0,922	true	[017003, 017001, 017005, 017007, 017006, 017004, 017002]
5621	17	017003	017002	15	5.0	3.0	0,867	true	[017003, 017001, 017006, 017004, 017000, 017005, 017002]
5622	17	017003	017002	16	10.0	3.0	0,858	true	[017003, 017001, 017006, 017004, 017000, 017007, 017005, 017002]
5623	17	017003	017002	17	17.0	5.0	0,950	true	[017003, 017001, 017006, 017004, 017002]
5624	17	017003	017002	18	5.0	3.0	0,832	true	[017003, 017001, 017006, 017004, 017007, 017000, 017005, 017002]
5625	17	017003	017002	19	7.0	3.0	0,858	true	[017003, 017001, 017006, 017004, 017007, 017005, 017002]
5626	17	017003	017002	20	17.0	5.0	0,932	true	[017003, 017001, 017006, 017007, 017000, 017004, 017002]
5627	17	017003	017002	21	5.0	3.0	0,903	true	[017003, 017001, 017006, 017007, 017000, 017005, 017002]
5628	17	017003	017002	22	5.0	3.0	0,849	true	[017003, 017001, 017006, 017007, 017004, 017000, 017005, 017002]
5629	17	017003	017002	23	7.0	5.0	0,931	true	[017003, 017001, 017006, 017007, 017004, 017002]
5630	17	017003	017002	24	5.0	3.0	0,941	true	[017003, 017001, 017006, 017007, 017005, 017000, 017004, 017002]
5631	17	017003	017002	25	10.0	3.0	0,931	true	[017003, 017001, 017006, 017007, 017005, 017002]
5632	17	017003	017002	26	17.0	5.0	0,903	true	[017003, 017001, 017007, 017000, 017004, 017002]
5633	17	017003	017002	27	5.0	3.0	0,876	true	[017003, 017001, 017007, 017000, 017005, 017002]
5634	17	017003	017002	28	5.0	3.0	0,824	true	[017003, 017001, 017007, 017004, 017000, 017005, 017002]
5635	17	017003	017002	29	7.0	8.0	0,903	true	[017003, 017001, 017007, 017004, 017002]
5636	17	017003	017002	30	5.0	3.0	0,913	true	[017003, 017001, 017007, 017005, 017000, 017004, 017002]
5637	17	017003	017002	31	10.0	3.0	0,903	true	[017003, 017001, 017007, 017005, 017002]
5638	17	017003	017002	32	5.0	3.0	0,824	true	[017003, 017001, 017007, 017006, 017004, 017000, 017005, 017002]
5639	17	017003	017002	33	17.0	5.0	0,903	true	[017003, 017001, 017007, 017006, 017004, 017002]
5640	17	017003	017002	34	25.0	3.0	0,950	true	[017003, 017002]
5641	17	017003	017002	35	5.0	3.0	0,895	true	[017003, 017004, 017000, 017005, 017001, 017002]
5642	17	017003	017002	36	5.0	3.0	0,894	true	[017003, 017004, 017000, 017005, 017002]
5643	17	017003	017002	37	5.0	3.0	0,876	true	[017003, 017004, 017000, 017005, 017007, 017001, 017002]
5644	17	017003	017002	38	5.0	3.0	0,904	true	[017003, 017004, 017000, 017005, 017007, 017006, 017001, 017002]
5645	17	017003	017002	39	33.0	5.0	0,867	true	[017003, 017004, 017000, 017007, 017001, 017002]
5646	17	017003	017002	40	7.0	3.0	0,833	true	[017003, 017004, 017000, 017007, 017001, 017005, 017002]
5647	17	017003	017002	41	7.0	5.0	0,886	true	[017003, 017004, 017000, 017007, 017005, 017001, 017002]
5648	17	017003	017002	42	10.0	3.0	0,885	true	[017003, 017004, 017000, 017007, 017005, 017002]
5649	17	017003	017002	43	26.0	5.0	0,895	true	[017003, 017004, 017000, 017007, 017006, 017001, 017002]
5650	17	017003	017002	44	7.0	3.0	0,859	true	[017003, 017004, 017000, 017007, 017006, 017001, 017005, 017002]
5651	17	017003	017002	45	25.0	7.0	0,903	true	[017003, 017004, 017001, 017002]
5652	17	017003	017002	46	7.0	3.0	0,867	true	[017003, 017004, 017001, 017005, 017002]
5653	17	017003	017002	47	5.0	3.0	0,850	true	[017003, 017004, 017001, 017006, 017007, 017000, 017005, 017002]
5654	17	017003	017002	48	10.0	3.0	0,876	true	[017003, 017004, 017001, 017006, 017007, 017005, 017002]
5655	17	017003	017002	49	5.0	3.0	0,824	true	[017003, 017004, 017001, 017007, 017000, 017005, 017002]
5656	17	017003	017002	50	10.0	3.0	0,849	true	[017003, 017004, 017001, 017007, 017005, 017002]
5657	17	017003	017002	51	25.0	7.0	0,980	true	[017003, 017004, 017002]
5658	17	017003	017002	52	25.0	5.0	0,913	true	[017003, 017004, 017006, 017001, 017002]
5659	17	017003	017002	53	7.0	3.0	0,876	true	[017003, 017004, 017006, 017001, 017005, 017002]
5660	17	017003	017002	54	5.0	3.0	0,832	true	[017003, 017004, 017006, 017001, 017007, 017000, 017005, 017002]
5661	17	017003	017002	55	10.0	3.0	0,858	true	[017003, 017004, 017006, 017001, 017007, 017005, 017002]
5662	17	017003	017002	56	5.0	3.0	0,859	true	[017003, 017004, 017006, 017007, 017000, 017005, 017001, 017002]
5663	17	017003	017002	57	5.0	3.0	0,858	true	[017003, 017004, 017006, 017007, 017000, 017005, 017002]
5664	17	017003	017002	58	25.0	5.0	0,867	true	[017003, 017004, 017006, 017007, 017001, 017002]
5665	17	017003	017002	59	7.0	3.0	0,832	true	[017003, 017004, 017006, 017007, 017001, 017005, 017002]
5666	17	017003	017002	60	7.0	5.0	0,885	true	[017003, 017004, 017006, 017007, 017005, 017001, 017002]
5667	17	017003	017002	61	10.0	3.0	0,885	true	[017003, 017004, 017006, 017007, 017005, 017002]
5668	17	017003	017002	62	5.0	3.0	0,859	true	[017003, 017004, 017007, 017000, 017005, 017001, 017002]
5669	17	017003	017002	63	5.0	3.0	0,858	true	[017003, 017004, 017007, 017000, 017005, 017002]
5670	17	017003	017002	64	7.0	7.0	0,867	true	[017003, 017004, 017007, 017001, 017002]
5671	17	017003	017002	65	7.0	3.0	0,832	true	[017003, 017004, 017007, 017001, 017005, 017002]
5672	17	017003	017002	66	7.0	6.0	0,885	true	[017003, 017004, 017007, 017005, 017001, 017002]
5673	17	017003	017002	67	7.0	3.0	0,884	true	[017003, 017004, 017007, 017005, 017002]
5674	17	017003	017002	68	7.0	5.0	0,894	true	[017003, 017004, 017007, 017006, 017001, 017002]
5675	17	017003	017002	69	7.0	3.0	0,858	true	[017003, 017004, 017007, 017006, 017001, 017005, 017002]
5676	17	017003	017002	70	5.0	3.0	0,841	true	[017003, 017005, 017000, 017004, 017001, 017002]
5677	17	017003	017002	71	5.0	3.0	0,912	true	[017003, 017005, 017000, 017004, 017002]
5678	17	017003	017002	72	5.0	3.0	0,850	true	[017003, 017005, 017000, 017004, 017006, 017001, 017002]
5679	17	017003	017002	73	5.0	3.0	0,807	true	[017003, 017005, 017000, 017004, 017006, 017007, 017001, 017002]
5680	17	017003	017002	74	5.0	3.0	0,807	true	[017003, 017005, 017000, 017004, 017007, 017001, 017002]
5681	17	017003	017002	75	5.0	3.0	0,832	true	[017003, 017005, 017000, 017004, 017007, 017006, 017001, 017002]
5682	17	017003	017002	76	5.0	3.0	0,858	true	[017003, 017005, 017000, 017007, 017001, 017002]
5683	17	017003	017002	77	5.0	3.0	0,841	true	[017003, 017005, 017000, 017007, 017001, 017004, 017002]
5684	17	017003	017002	78	5.0	3.0	0,849	true	[017003, 017005, 017000, 017007, 017001, 017006, 017004, 017002]
5685	17	017003	017002	79	5.0	3.0	0,807	true	[017003, 017005, 017000, 017007, 017004, 017001, 017002]
5686	17	017003	017002	80	5.0	3.0	0,876	true	[017003, 017005, 017000, 017007, 017004, 017002]
5687	17	017003	017002	81	5.0	3.0	0,815	true	[017003, 017005, 017000, 017007, 017004, 017006, 017001, 017002]
5688	17	017003	017002	82	5.0	3.0	0,885	true	[017003, 017005, 017000, 017007, 017006, 017001, 017002]
5689	17	017003	017002	83	5.0	3.0	0,867	true	[017003, 017005, 017000, 017007, 017006, 017001, 017004, 017002]
5690	17	017003	017002	84	5.0	3.0	0,807	true	[017003, 017005, 017000, 017007, 017006, 017004, 017001, 017002]
5691	17	017003	017002	85	5.0	3.0	0,876	true	[017003, 017005, 017000, 017007, 017006, 017004, 017002]
5692	17	017003	017002	86	7.0	8.0	0,903	true	[017003, 017005, 017001, 017002]
5693	17	017003	017002	87	7.0	8.0	0,884	true	[017003, 017005, 017001, 017004, 017002]
5694	17	017003	017002	88	7.0	5.0	0,894	true	[017003, 017005, 017001, 017006, 017004, 017002]
5695	17	017003	017002	89	7.0	5.0	0,876	true	[017003, 017005, 017001, 017006, 017007, 017000, 017004, 017002]
5696	17	017003	017002	90	7.0	5.0	0,876	true	[017003, 017005, 017001, 017006, 017007, 017004, 017002]
5697	17	017003	017002	91	7.0	5.0	0,850	true	[017003, 017005, 017001, 017007, 017000, 017004, 017002]
5698	17	017003	017002	92	7.0	8.0	0,849	true	[017003, 017005, 017001, 017007, 017004, 017002]
5699	17	017003	017002	93	7.0	5.0	0,849	true	[017003, 017005, 017001, 017007, 017006, 017004, 017002]
5700	17	017003	017002	94	12.0	3.0	0,903	true	[017003, 017005, 017002]
5701	17	017003	017002	95	10.0	5.0	0,832	true	[017003, 017005, 017007, 017000, 017004, 017001, 017002]
5702	17	017003	017002	96	10.0	5.0	0,903	true	[017003, 017005, 017007, 017000, 017004, 017002]
5703	17	017003	017002	97	10.0	5.0	0,841	true	[017003, 017005, 017007, 017000, 017004, 017006, 017001, 017002]
5704	17	017003	017002	98	10.0	6.0	0,885	true	[017003, 017005, 017007, 017001, 017002]
5705	17	017003	017002	99	10.0	6.0	0,866	true	[017003, 017005, 017007, 017001, 017004, 017002]
5706	17	017003	017002	100	10.0	5.0	0,876	true	[017003, 017005, 017007, 017001, 017006, 017004, 017002]
5707	18	018002	018005	0	5.0	3.0	0,885	true	[018002, 018000, 018001, 018003, 018004, 018005]
5708	18	018002	018005	1	5.0	3.0	0,832	true	[018002, 018000, 018001, 018003, 018004, 018006, 018005]
5709	18	018002	018005	2	5.0	3.0	0,782	true	[018002, 018000, 018001, 018003, 018004, 018006, 018007, 018005]
5710	18	018002	018005	3	5.0	3.0	0,824	true	[018002, 018000, 018001, 018003, 018004, 018007, 018005]
5711	18	018002	018005	4	5.0	3.0	0,824	true	[018002, 018000, 018001, 018003, 018004, 018007, 018006, 018005]
5712	18	018002	018005	5	5.0	3.0	0,849	true	[018002, 018000, 018001, 018003, 018006, 018004, 018005]
5713	18	018002	018005	6	5.0	3.0	0,791	true	[018002, 018000, 018001, 018003, 018006, 018004, 018007, 018005]
5714	18	018002	018005	7	5.0	3.0	0,885	true	[018002, 018000, 018001, 018003, 018006, 018005]
5715	18	018002	018005	8	5.0	3.0	0,841	true	[018002, 018000, 018001, 018003, 018006, 018007, 018004, 018005]
5716	18	018002	018005	9	5.0	3.0	0,832	true	[018002, 018000, 018001, 018003, 018006, 018007, 018005]
5717	18	018002	018005	10	5.0	3.0	0,876	true	[018002, 018000, 018001, 018003, 018007, 018004, 018005]
5718	18	018002	018005	11	5.0	3.0	0,824	true	[018002, 018000, 018001, 018003, 018007, 018004, 018006, 018005]
5719	18	018002	018005	12	5.0	3.0	0,867	true	[018002, 018000, 018001, 018003, 018007, 018005]
5720	18	018002	018005	13	5.0	3.0	0,833	true	[018002, 018000, 018001, 018003, 018007, 018006, 018004, 018005]
5721	18	018002	018005	14	5.0	3.0	0,867	true	[018002, 018000, 018001, 018003, 018007, 018006, 018005]
5722	18	018002	018005	15	5.0	3.0	0,832	true	[018002, 018000, 018001, 018004, 018003, 018006, 018005]
5723	18	018002	018005	16	5.0	3.0	0,783	true	[018002, 018000, 018001, 018004, 018003, 018006, 018007, 018005]
5724	18	018002	018005	17	5.0	3.0	0,815	true	[018002, 018000, 018001, 018004, 018003, 018007, 018005]
5725	18	018002	018005	18	5.0	3.0	0,816	true	[018002, 018000, 018001, 018004, 018003, 018007, 018006, 018005]
5726	18	018002	018005	19	5.0	3.0	0,922	true	[018002, 018000, 018001, 018004, 018005]
5727	18	018002	018005	20	5.0	3.0	0,783	true	[018002, 018000, 018001, 018004, 018006, 018003, 018007, 018005]
5728	18	018002	018005	21	5.0	3.0	0,867	true	[018002, 018000, 018001, 018004, 018006, 018005]
5729	18	018002	018005	22	5.0	3.0	0,815	true	[018002, 018000, 018001, 018004, 018006, 018007, 018005]
5730	18	018002	018005	23	5.0	3.0	0,824	true	[018002, 018000, 018001, 018004, 018007, 018003, 018006, 018005]
5731	18	018002	018005	24	5.0	3.0	0,858	true	[018002, 018000, 018001, 018004, 018007, 018005]
5732	18	018002	018005	25	5.0	3.0	0,859	true	[018002, 018000, 018001, 018004, 018007, 018006, 018005]
5733	18	018002	018005	26	5.0	3.0	0,832	true	[018002, 018000, 018001, 018006, 018003, 018004, 018005]
5734	18	018002	018005	27	5.0	3.0	0,775	true	[018002, 018000, 018001, 018006, 018003, 018004, 018007, 018005]
5735	18	018002	018005	28	5.0	3.0	0,824	true	[018002, 018000, 018001, 018006, 018003, 018007, 018004, 018005]
5736	18	018002	018005	29	5.0	3.0	0,815	true	[018002, 018000, 018001, 018006, 018003, 018007, 018005]
5737	18	018002	018005	30	5.0	3.0	0,766	true	[018002, 018000, 018001, 018006, 018004, 018003, 018007, 018005]
5738	18	018002	018005	31	5.0	3.0	0,867	true	[018002, 018000, 018001, 018006, 018004, 018005]
5739	18	018002	018005	32	5.0	3.0	0,807	true	[018002, 018000, 018001, 018006, 018004, 018007, 018005]
5740	18	018002	018005	33	5.0	3.0	0,903	true	[018002, 018000, 018001, 018006, 018005]
5741	18	018002	018005	34	5.0	3.0	0,816	true	[018002, 018000, 018001, 018006, 018007, 018003, 018004, 018005]
5742	18	018002	018005	35	5.0	3.0	0,858	true	[018002, 018000, 018001, 018006, 018007, 018004, 018005]
5743	18	018002	018005	36	5.0	3.0	0,849	true	[018002, 018000, 018001, 018006, 018007, 018005]
5744	18	018002	018005	37	13.0	3.0	0,859	true	[018002, 018000, 018004, 018001, 018003, 018006, 018005]
5745	18	018002	018005	38	13.0	3.0	0,807	true	[018002, 018000, 018004, 018001, 018003, 018006, 018007, 018005]
5746	18	018002	018005	39	13.0	3.0	0,841	true	[018002, 018000, 018004, 018001, 018003, 018007, 018005]
5747	18	018002	018005	40	13.0	3.0	0,841	true	[018002, 018000, 018004, 018001, 018003, 018007, 018006, 018005]
5748	18	018002	018005	41	13.0	3.0	0,791	true	[018002, 018000, 018004, 018001, 018006, 018003, 018007, 018005]
5749	18	018002	018005	42	13.0	3.0	0,876	true	[018002, 018000, 018004, 018001, 018006, 018005]
5750	18	018002	018005	43	13.0	3.0	0,824	true	[018002, 018000, 018004, 018001, 018006, 018007, 018005]
5751	18	018002	018005	44	13.0	3.0	0,841	true	[018002, 018000, 018004, 018003, 018001, 018006, 018005]
5752	18	018002	018005	45	13.0	3.0	0,791	true	[018002, 018000, 018004, 018003, 018001, 018006, 018007, 018005]
5753	18	018002	018005	46	13.0	3.0	0,858	true	[018002, 018000, 018004, 018003, 018006, 018005]
5754	18	018002	018005	47	13.0	3.0	0,807	true	[018002, 018000, 018004, 018003, 018006, 018007, 018005]
5755	18	018002	018005	48	13.0	3.0	0,840	true	[018002, 018000, 018004, 018003, 018007, 018005]
5756	18	018002	018005	49	13.0	3.0	0,841	true	[018002, 018000, 018004, 018003, 018007, 018006, 018005]
5757	18	018002	018005	50	13.0	3.0	0,950	true	[018002, 018000, 018004, 018005]
5758	18	018002	018005	51	13.0	3.0	0,791	true	[018002, 018000, 018004, 018006, 018001, 018003, 018007, 018005]
5759	18	018002	018005	52	13.0	3.0	0,807	true	[018002, 018000, 018004, 018006, 018003, 018007, 018005]
5760	18	018002	018005	53	13.0	3.0	0,894	true	[018002, 018000, 018004, 018006, 018005]
5761	18	018002	018005	54	13.0	3.0	0,840	true	[018002, 018000, 018004, 018006, 018007, 018005]
5762	18	018002	018005	55	13.0	3.0	0,833	true	[018002, 018000, 018004, 018007, 018003, 018001, 018006, 018005]
5763	18	018002	018005	56	13.0	3.0	0,850	true	[018002, 018000, 018004, 018007, 018003, 018006, 018005]
5764	18	018002	018005	57	13.0	3.0	0,885	true	[018002, 018000, 018004, 018007, 018005]
5765	18	018002	018005	58	13.0	3.0	0,885	true	[018002, 018000, 018004, 018007, 018006, 018005]
5766	18	018002	018005	59	49.0	3.0	0,950	true	[018002, 018000, 018005]
5767	18	018002	018005	60	18.0	3.0	0,849	true	[018002, 018000, 018006, 018001, 018003, 018004, 018005]
5768	18	018002	018005	61	15.0	3.0	0,791	true	[018002, 018000, 018006, 018001, 018003, 018004, 018007, 018005]
5769	18	018002	018005	62	18.0	3.0	0,841	true	[018002, 018000, 018006, 018001, 018003, 018007, 018004, 018005]
5770	18	018002	018005	63	15.0	3.0	0,832	true	[018002, 018000, 018006, 018001, 018003, 018007, 018005]
5771	18	018002	018005	64	15.0	3.0	0,783	true	[018002, 018000, 018006, 018001, 018004, 018003, 018007, 018005]
5772	18	018002	018005	65	31.0	3.0	0,885	true	[018002, 018000, 018006, 018001, 018004, 018005]
5773	18	018002	018005	66	15.0	3.0	0,824	true	[018002, 018000, 018006, 018001, 018004, 018007, 018005]
5774	18	018002	018005	67	18.0	3.0	0,867	true	[018002, 018000, 018006, 018003, 018001, 018004, 018005]
5775	18	018002	018005	68	15.0	3.0	0,807	true	[018002, 018000, 018006, 018003, 018001, 018004, 018007, 018005]
5776	18	018002	018005	69	26.0	3.0	0,867	true	[018002, 018000, 018006, 018003, 018004, 018005]
5777	18	018002	018005	70	15.0	3.0	0,807	true	[018002, 018000, 018006, 018003, 018004, 018007, 018005]
5778	18	018002	018005	71	31.0	3.0	0,858	true	[018002, 018000, 018006, 018003, 018007, 018004, 018005]
5779	18	018002	018005	72	15.0	3.0	0,849	true	[018002, 018000, 018006, 018003, 018007, 018005]
5780	18	018002	018005	73	15.0	3.0	0,799	true	[018002, 018000, 018006, 018004, 018001, 018003, 018007, 018005]
5781	18	018002	018005	74	15.0	3.0	0,798	true	[018002, 018000, 018006, 018004, 018003, 018007, 018005]
5782	18	018002	018005	75	33.0	3.0	0,903	true	[018002, 018000, 018006, 018004, 018005]
5783	18	018002	018005	76	15.0	3.0	0,840	true	[018002, 018000, 018006, 018004, 018007, 018005]
5784	18	018002	018005	77	29.0	3.0	0,941	true	[018002, 018000, 018006, 018005]
5785	18	018002	018005	78	18.0	3.0	0,850	true	[018002, 018000, 018006, 018007, 018003, 018001, 018004, 018005]
5786	18	018002	018005	79	26.0	3.0	0,850	true	[018002, 018000, 018006, 018007, 018003, 018004, 018005]
5787	18	018002	018005	80	35.0	3.0	0,894	true	[018002, 018000, 018006, 018007, 018004, 018005]
5788	18	018002	018005	81	15.0	3.0	0,885	true	[018002, 018000, 018006, 018007, 018005]
5789	18	018002	018005	82	5.0	5.0	0,894	true	[018002, 018001, 018000, 018004, 018003, 018006, 018005]
5790	18	018002	018005	83	5.0	5.0	0,840	true	[018002, 018001, 018000, 018004, 018003, 018006, 018007, 018005]
5791	18	018002	018005	84	5.0	5.0	0,875	true	[018002, 018001, 018000, 018004, 018003, 018007, 018005]
5792	18	018002	018005	85	5.0	5.0	0,876	true	[018002, 018001, 018000, 018004, 018003, 018007, 018006, 018005]
5793	18	018002	018005	86	5.0	4.0	0,990	true	[018002, 018001, 018000, 018004, 018005]
5794	18	018002	018005	87	5.0	3.0	0,840	true	[018002, 018001, 018000, 018004, 018006, 018003, 018007, 018005]
5795	18	018002	018005	88	5.0	3.0	0,931	true	[018002, 018001, 018000, 018004, 018006, 018005]
5796	18	018002	018005	89	5.0	3.0	0,875	true	[018002, 018001, 018000, 018004, 018006, 018007, 018005]
5797	18	018002	018005	90	5.0	5.0	0,885	true	[018002, 018001, 018000, 018004, 018007, 018003, 018006, 018005]
5798	18	018002	018005	91	5.0	5.0	0,922	true	[018002, 018001, 018000, 018004, 018007, 018005]
5799	18	018002	018005	92	5.0	5.0	0,922	true	[018002, 018001, 018000, 018004, 018007, 018006, 018005]
5800	18	018002	018005	93	5.0	7.0	0,990	true	[018002, 018001, 018000, 018005]
5801	18	018002	018005	94	5.0	4.0	0,903	true	[018002, 018001, 018000, 018006, 018003, 018004, 018005]
5802	18	018002	018005	95	5.0	5.0	0,840	true	[018002, 018001, 018000, 018006, 018003, 018004, 018007, 018005]
5803	18	018002	018005	96	5.0	4.0	0,894	true	[018002, 018001, 018000, 018006, 018003, 018007, 018004, 018005]
5804	18	018002	018005	97	5.0	5.0	0,885	true	[018002, 018001, 018000, 018006, 018003, 018007, 018005]
5805	18	018002	018005	98	5.0	3.0	0,832	true	[018002, 018001, 018000, 018006, 018004, 018003, 018007, 018005]
5806	18	018002	018005	99	5.0	3.0	0,941	true	[018002, 018001, 018000, 018006, 018004, 018005]
5807	18	018002	018005	100	5.0	3.0	0,875	true	[018002, 018001, 018000, 018006, 018004, 018007, 018005]
5808	18	018002	018005	101	5.0	7.0	0,980	true	[018002, 018001, 018000, 018006, 018005]
5809	19	019007	019003	0	11.0	3.0	0,960	true	[019007, 019000, 019002, 019003]
5810	19	019007	019003	1	12.0	3.0	0,912	true	[019007, 019000, 019002, 019004, 019001, 019003]
5811	19	019007	019003	2	12.0	3.0	0,832	true	[019007, 019000, 019002, 019004, 019001, 019005, 019006, 019003]
5812	19	019007	019003	3	12.0	3.0	0,960	true	[019007, 019000, 019002, 019004, 019003]
5813	19	019007	019003	4	12.0	3.0	0,885	true	[019007, 019000, 019002, 019004, 019006, 019003]
5814	19	019007	019003	5	12.0	3.0	0,876	true	[019007, 019000, 019002, 019004, 019006, 019005, 019001, 019003]
5815	19	019007	019003	6	17.0	3.0	0,951	true	[019007, 019000, 019002, 019005, 019001, 019003]
5816	19	019007	019003	7	15.0	3.0	0,903	true	[019007, 019000, 019002, 019005, 019001, 019004, 019003]
5817	19	019007	019003	8	15.0	3.0	0,832	true	[019007, 019000, 019002, 019005, 019001, 019004, 019006, 019003]
5818	19	019007	019003	9	28.0	3.0	0,885	true	[019007, 019000, 019002, 019005, 019006, 019003]
5819	19	019007	019003	10	15.0	3.0	0,841	true	[019007, 019000, 019002, 019005, 019006, 019004, 019001, 019003]
5820	19	019007	019003	11	28.0	3.0	0,885	true	[019007, 019000, 019002, 019005, 019006, 019004, 019003]
5821	19	019007	019003	12	29.0	5.0	0,950	true	[019007, 019000, 019003]
5822	19	019007	019003	13	15.0	4.0	0,893	true	[019007, 019000, 019004, 019001, 019003]
5823	19	019007	019003	14	11.0	4.0	0,832	true	[019007, 019000, 019004, 019001, 019005, 019002, 019003]
5824	19	019007	019003	15	15.0	4.0	0,815	true	[019007, 019000, 019004, 019001, 019005, 019006, 019003]
5825	19	019007	019003	16	11.0	6.0	0,885	true	[019007, 019000, 019004, 019002, 019003]
5826	19	019007	019003	17	12.0	4.0	0,876	true	[019007, 019000, 019004, 019002, 019005, 019001, 019003]
5827	19	019007	019003	18	12.0	5.0	0,815	true	[019007, 019000, 019004, 019002, 019005, 019006, 019003]
5828	19	019007	019003	19	29.0	4.0	0,941	true	[019007, 019000, 019004, 019003]
5829	19	019007	019003	20	29.0	5.0	0,866	true	[019007, 019000, 019004, 019006, 019003]
5830	19	019007	019003	21	17.0	4.0	0,858	true	[019007, 019000, 019004, 019006, 019005, 019001, 019003]
5831	19	019007	019003	22	11.0	5.0	0,815	true	[019007, 019000, 019004, 019006, 019005, 019002, 019003]
5832	19	019007	019003	23	17.0	4.0	0,951	true	[019007, 019000, 019005, 019001, 019003]
5833	19	019007	019003	24	11.0	4.0	0,850	true	[019007, 019000, 019005, 019001, 019004, 019002, 019003]
5834	19	019007	019003	25	15.0	4.0	0,903	true	[019007, 019000, 019005, 019001, 019004, 019003]
5835	19	019007	019003	26	15.0	4.0	0,832	true	[019007, 019000, 019005, 019001, 019004, 019006, 019003]
5836	19	019007	019003	27	11.0	6.0	0,903	true	[019007, 019000, 019005, 019002, 019003]
5837	19	019007	019003	28	12.0	4.0	0,858	true	[019007, 019000, 019005, 019002, 019004, 019001, 019003]
5838	19	019007	019003	29	12.0	4.0	0,904	true	[019007, 019000, 019005, 019002, 019004, 019003]
5839	19	019007	019003	30	12.0	5.0	0,832	true	[019007, 019000, 019005, 019002, 019004, 019006, 019003]
5840	19	019007	019003	31	28.0	5.0	0,885	true	[019007, 019000, 019005, 019006, 019003]
5841	19	019007	019003	32	15.0	4.0	0,841	true	[019007, 019000, 019005, 019006, 019004, 019001, 019003]
5842	19	019007	019003	33	11.0	5.0	0,832	true	[019007, 019000, 019005, 019006, 019004, 019002, 019003]
5843	19	019007	019003	34	28.0	4.0	0,885	true	[019007, 019000, 019005, 019006, 019004, 019003]
5844	19	019007	019003	35	28.0	5.0	0,931	true	[019007, 019000, 019006, 019003]
5845	19	019007	019003	36	15.0	4.0	0,885	true	[019007, 019000, 019006, 019004, 019001, 019003]
5846	19	019007	019003	37	11.0	4.0	0,824	true	[019007, 019000, 019006, 019004, 019001, 019005, 019002, 019003]
5847	19	019007	019003	38	11.0	6.0	0,876	true	[019007, 019000, 019006, 019004, 019002, 019003]
5848	19	019007	019003	39	12.0	4.0	0,868	true	[019007, 019000, 019006, 019004, 019002, 019005, 019001, 019003]
5849	19	019007	019003	40	28.0	4.0	0,931	true	[019007, 019000, 019006, 019004, 019003]
5850	19	019007	019003	41	17.0	4.0	0,922	true	[019007, 019000, 019006, 019005, 019001, 019003]
5851	19	019007	019003	42	11.0	4.0	0,824	true	[019007, 019000, 019006, 019005, 019001, 019004, 019002, 019003]
5852	19	019007	019003	43	15.0	4.0	0,876	true	[019007, 019000, 019006, 019005, 019001, 019004, 019003]
5853	19	019007	019003	44	11.0	5.0	0,876	true	[019007, 019000, 019006, 019005, 019002, 019003]
5854	19	019007	019003	45	12.0	4.0	0,833	true	[019007, 019000, 019006, 019005, 019002, 019004, 019001, 019003]
5855	19	019007	019003	46	12.0	4.0	0,876	true	[019007, 019000, 019006, 019005, 019002, 019004, 019003]
5856	19	019007	019003	47	15.0	4.0	0,980	true	[019007, 019001, 019003]
5857	19	019007	019003	48	11.0	3.0	0,858	true	[019007, 019001, 019004, 019000, 019002, 019003]
5858	19	019007	019003	49	15.0	3.0	0,790	true	[019007, 019001, 019004, 019000, 019002, 019005, 019006, 019003]
5859	19	019007	019003	50	15.0	4.0	0,849	true	[019007, 019001, 019004, 019000, 019003]
5860	19	019007	019003	51	11.0	4.0	0,807	true	[019007, 019001, 019004, 019000, 019005, 019002, 019003]
5861	19	019007	019003	52	15.0	4.0	0,790	true	[019007, 019001, 019004, 019000, 019005, 019006, 019003]
5862	19	019007	019003	53	15.0	4.0	0,832	true	[019007, 019001, 019004, 019000, 019006, 019003]
5863	19	019007	019003	54	11.0	4.0	0,783	true	[019007, 019001, 019004, 019000, 019006, 019005, 019002, 019003]
5864	19	019007	019003	55	12.0	3.0	0,867	true	[019007, 019001, 019004, 019002, 019000, 019003]
5865	19	019007	019003	56	12.0	3.0	0,807	true	[019007, 019001, 019004, 019002, 019000, 019005, 019006, 019003]
5866	19	019007	019003	57	12.0	3.0	0,849	true	[019007, 019001, 019004, 019002, 019000, 019006, 019003]
5867	19	019007	019003	58	11.0	4.0	0,876	true	[019007, 019001, 019004, 019002, 019003]
5868	19	019007	019003	59	12.0	4.0	0,815	true	[019007, 019001, 019004, 019002, 019005, 019000, 019003]
5869	19	019007	019003	60	12.0	4.0	0,799	true	[019007, 019001, 019004, 019002, 019005, 019000, 019006, 019003]
5870	19	019007	019003	61	12.0	4.0	0,791	true	[019007, 019001, 019004, 019002, 019005, 019006, 019000, 019003]
5871	19	019007	019003	62	12.0	4.0	0,807	true	[019007, 019001, 019004, 019002, 019005, 019006, 019003]
5872	19	019007	019003	63	15.0	4.0	0,931	true	[019007, 019001, 019004, 019003]
5873	19	019007	019003	64	11.0	3.0	0,849	true	[019007, 019001, 019004, 019006, 019000, 019002, 019003]
5874	19	019007	019003	65	15.0	4.0	0,841	true	[019007, 019001, 019004, 019006, 019000, 019003]
5875	19	019007	019003	66	11.0	4.0	0,799	true	[019007, 019001, 019004, 019006, 019000, 019005, 019002, 019003]
5876	19	019007	019003	67	15.0	4.0	0,858	true	[019007, 019001, 019004, 019006, 019003]
5877	19	019007	019003	68	11.0	3.0	0,807	true	[019007, 019001, 019004, 019006, 019005, 019000, 019002, 019003]
5878	19	019007	019003	69	15.0	4.0	0,799	true	[019007, 019001, 019004, 019006, 019005, 019000, 019003]
5879	19	019007	019003	70	15.0	3.0	0,799	true	[019007, 019001, 019004, 019006, 019005, 019002, 019000, 019003]
5880	19	019007	019003	71	11.0	4.0	0,807	true	[019007, 019001, 019004, 019006, 019005, 019002, 019003]
5881	19	019007	019003	72	11.0	3.0	0,913	true	[019007, 019001, 019005, 019000, 019002, 019003]
5882	19	019007	019003	73	12.0	3.0	0,913	true	[019007, 019001, 019005, 019000, 019002, 019004, 019003]
5883	19	019007	019003	74	12.0	3.0	0,841	true	[019007, 019001, 019005, 019000, 019002, 019004, 019006, 019003]
5884	19	019007	019003	75	15.0	4.0	0,903	true	[019007, 019001, 019005, 019000, 019003]
5885	19	019007	019003	76	11.0	4.0	0,841	true	[019007, 019001, 019005, 019000, 019004, 019002, 019003]
5886	19	019007	019003	77	15.0	4.0	0,894	true	[019007, 019001, 019005, 019000, 019004, 019003]
5887	19	019007	019003	78	15.0	4.0	0,824	true	[019007, 019001, 019005, 019000, 019004, 019006, 019003]
5888	19	019007	019003	79	15.0	4.0	0,885	true	[019007, 019001, 019005, 019000, 019006, 019003]
5889	19	019007	019003	80	11.0	4.0	0,833	true	[019007, 019001, 019005, 019000, 019006, 019004, 019002, 019003]
5890	19	019007	019003	81	15.0	4.0	0,885	true	[019007, 019001, 019005, 019000, 019006, 019004, 019003]
5891	19	019007	019003	82	15.0	3.0	0,903	true	[019007, 019001, 019005, 019002, 019000, 019003]
5892	19	019007	019003	83	15.0	3.0	0,894	true	[019007, 019001, 019005, 019002, 019000, 019004, 019003]
5893	19	019007	019003	84	15.0	3.0	0,824	true	[019007, 019001, 019005, 019002, 019000, 019004, 019006, 019003]
5894	19	019007	019003	85	15.0	3.0	0,885	true	[019007, 019001, 019005, 019002, 019000, 019006, 019003]
5895	19	019007	019003	86	15.0	3.0	0,885	true	[019007, 019001, 019005, 019002, 019000, 019006, 019004, 019003]
5896	19	019007	019003	87	11.0	4.0	0,913	true	[019007, 019001, 019005, 019002, 019003]
5897	19	019007	019003	88	12.0	4.0	0,832	true	[019007, 019001, 019005, 019002, 019004, 019000, 019003]
5898	19	019007	019003	89	12.0	4.0	0,816	true	[019007, 019001, 019005, 019002, 019004, 019000, 019006, 019003]
5899	19	019007	019003	90	12.0	4.0	0,913	true	[019007, 019001, 019005, 019002, 019004, 019003]
5900	19	019007	019003	91	12.0	4.0	0,824	true	[019007, 019001, 019005, 019002, 019004, 019006, 019000, 019003]
5901	19	019007	019003	92	12.0	4.0	0,841	true	[019007, 019001, 019005, 019002, 019004, 019006, 019003]
5902	19	019007	019003	93	11.0	3.0	0,885	true	[019007, 019001, 019005, 019006, 019000, 019002, 019003]
5903	19	019007	019003	94	12.0	3.0	0,885	true	[019007, 019001, 019005, 019006, 019000, 019002, 019004, 019003]
5904	19	019007	019003	95	15.0	4.0	0,876	true	[019007, 019001, 019005, 019006, 019000, 019003]
5905	19	019007	019003	96	11.0	4.0	0,816	true	[019007, 019001, 019005, 019006, 019000, 019004, 019002, 019003]
5906	19	019007	019003	97	15.0	4.0	0,867	true	[019007, 019001, 019005, 019006, 019000, 019004, 019003]
5907	19	019007	019003	98	15.0	4.0	0,894	true	[019007, 019001, 019005, 019006, 019003]
5908	19	019007	019003	99	11.0	3.0	0,824	true	[019007, 019001, 019005, 019006, 019004, 019000, 019002, 019003]
5909	19	019007	019003	100	15.0	4.0	0,815	true	[019007, 019001, 019005, 019006, 019004, 019000, 019003]
5910	19	019007	019003	101	15.0	4.0	0,894	true	[019007, 019001, 019005, 019006, 019004, 019003]
5911	20	020001	020003	0	14.0	5.0	0,990	true	[020001, 020003]
5912	20	020001	020004	1	15.0	3.0	0,922	true	[020001, 020000, 020002, 020006, 020004]
5913	20	020001	020004	2	10.0	3.0	0,960	true	[020001, 020000, 020004]
5914	20	020001	020004	3	8.0	3.0	0,941	true	[020001, 020000, 020005, 020002, 020006, 020004]
5915	20	020001	020004	4	15.0	3.0	0,931	true	[020001, 020000, 020006, 020004]
5916	20	020001	020004	5	10.0	6.0	0,885	true	[020001, 020002, 020000, 020004]
5917	20	020001	020004	6	22.0	4.0	0,858	true	[020001, 020002, 020000, 020006, 020004]
5918	20	020001	020004	7	8.0	4.0	0,903	true	[020001, 020002, 020005, 020000, 020004]
5919	20	020001	020004	8	8.0	4.0	0,876	true	[020001, 020002, 020005, 020000, 020006, 020004]
5920	20	020001	020004	9	10.0	4.0	0,840	true	[020001, 020002, 020006, 020000, 020004]
5921	20	020001	020004	10	26.0	4.0	0,903	true	[020001, 020002, 020006, 020004]
5922	20	020001	020004	11	23.0	6.0	0,990	true	[020001, 020004]
5923	20	020001	020004	12	8.0	4.0	0,904	true	[020001, 020005, 020000, 020002, 020006, 020004]
5924	20	020001	020004	13	8.0	4.0	0,941	true	[020001, 020005, 020000, 020004]
5925	20	020001	020004	14	8.0	4.0	0,912	true	[020001, 020005, 020000, 020006, 020004]
5926	20	020001	020004	15	10.0	5.0	0,903	true	[020001, 020005, 020002, 020000, 020004]
5927	20	020001	020004	16	22.0	4.0	0,876	true	[020001, 020005, 020002, 020000, 020006, 020004]
5928	20	020001	020004	17	10.0	4.0	0,858	true	[020001, 020005, 020002, 020006, 020000, 020004]
5929	20	020001	020004	18	26.0	4.0	0,922	true	[020001, 020005, 020002, 020006, 020004]
5930	20	020001	020004	19	10.0	3.0	0,885	true	[020001, 020006, 020000, 020004]
5931	20	020001	020004	20	10.0	3.0	0,876	true	[020001, 020006, 020002, 020000, 020004]
5932	20	020001	020004	21	8.0	3.0	0,894	true	[020001, 020006, 020002, 020005, 020000, 020004]
5933	20	020001	020004	22	26.0	3.0	0,951	true	[020001, 020006, 020004]
5934	20	020001	020004	23	33.0	3.0	0,941	true	[020001, 020007, 020004]
5935	20	020003	020004	24	14.0	3.0	0,913	true	[020003, 020001, 020000, 020002, 020006, 020004]
5936	20	020003	020004	25	10.0	3.0	0,950	true	[020003, 020001, 020000, 020004]
5937	20	020003	020004	26	8.0	3.0	0,932	true	[020003, 020001, 020000, 020005, 020002, 020006, 020004]
5938	20	020003	020004	27	14.0	3.0	0,922	true	[020003, 020001, 020000, 020006, 020004]
5939	20	020003	020004	28	10.0	5.0	0,876	true	[020003, 020001, 020002, 020000, 020004]
5940	20	020003	020004	29	14.0	4.0	0,849	true	[020003, 020001, 020002, 020000, 020006, 020004]
5941	20	020003	020004	30	8.0	4.0	0,894	true	[020003, 020001, 020002, 020005, 020000, 020004]
5942	20	020003	020004	31	8.0	4.0	0,867	true	[020003, 020001, 020002, 020005, 020000, 020006, 020004]
5943	20	020003	020004	32	10.0	4.0	0,832	true	[020003, 020001, 020002, 020006, 020000, 020004]
5944	20	020003	020004	33	14.0	4.0	0,894	true	[020003, 020001, 020002, 020006, 020004]
5945	20	020003	020004	34	14.0	5.0	0,980	true	[020003, 020001, 020004]
5946	20	020003	020004	35	8.0	4.0	0,895	true	[020003, 020001, 020005, 020000, 020002, 020006, 020004]
5947	20	020003	020004	36	8.0	4.0	0,931	true	[020003, 020001, 020005, 020000, 020004]
5948	20	020003	020004	37	8.0	4.0	0,903	true	[020003, 020001, 020005, 020000, 020006, 020004]
5949	20	020003	020004	38	10.0	5.0	0,894	true	[020003, 020001, 020005, 020002, 020000, 020004]
5950	20	020003	020004	39	14.0	4.0	0,867	true	[020003, 020001, 020005, 020002, 020000, 020006, 020004]
5951	20	020003	020004	40	10.0	4.0	0,850	true	[020003, 020001, 020005, 020002, 020006, 020000, 020004]
5952	20	020003	020004	41	14.0	4.0	0,913	true	[020003, 020001, 020005, 020002, 020006, 020004]
5953	20	020003	020004	42	10.0	3.0	0,876	true	[020003, 020001, 020006, 020000, 020004]
5954	20	020003	020004	43	10.0	3.0	0,867	true	[020003, 020001, 020006, 020002, 020000, 020004]
5955	20	020003	020004	44	8.0	3.0	0,885	true	[020003, 020001, 020006, 020002, 020005, 020000, 020004]
5956	20	020003	020004	45	14.0	3.0	0,941	true	[020003, 020001, 020006, 020004]
5957	20	020003	020004	46	14.0	3.0	0,931	true	[020003, 020001, 020007, 020004]
5958	21	021003	021005	0	5.0	3.0	0,876	true	[021003, 021002, 021004, 021000, 021001, 021006, 021005]
5959	21	021003	021005	1	5.0	3.0	0,850	true	[021003, 021002, 021004, 021000, 021001, 021006, 021007, 021005]
5960	21	021003	021005	2	5.0	3.0	0,885	true	[021003, 021002, 021004, 021000, 021001, 021007, 021005]
5961	21	021003	021005	3	5.0	4.0	0,894	true	[021003, 021002, 021004, 021000, 021001, 021007, 021006, 021005]
5962	21	021003	021005	4	5.0	4.0	0,931	true	[021003, 021002, 021004, 021000, 021005]
5963	21	021003	021005	5	5.0	3.0	0,894	true	[021003, 021002, 021004, 021000, 021006, 021001, 021007, 021005]
5964	21	021003	021005	6	5.0	4.0	0,941	true	[021003, 021002, 021004, 021000, 021006, 021005]
5965	21	021003	021005	7	5.0	3.0	0,913	true	[021003, 021002, 021004, 021000, 021006, 021007, 021005]
5966	21	021003	021005	8	5.0	4.0	0,885	true	[021003, 021002, 021004, 021001, 021000, 021005]
5967	21	021003	021005	9	5.0	4.0	0,894	true	[021003, 021002, 021004, 021001, 021000, 021006, 021005]
5968	21	021003	021005	10	5.0	3.0	0,867	true	[021003, 021002, 021004, 021001, 021000, 021006, 021007, 021005]
5969	21	021003	021005	11	5.0	3.0	0,894	true	[021003, 021002, 021004, 021001, 021006, 021000, 021005]
5970	21	021003	021005	12	5.0	3.0	0,903	true	[021003, 021002, 021004, 021001, 021006, 021005]
5971	21	021003	021005	13	5.0	3.0	0,877	true	[021003, 021002, 021004, 021001, 021006, 021007, 021005]
5972	21	021003	021005	14	5.0	3.0	0,913	true	[021003, 021002, 021004, 021001, 021007, 021005]
5973	21	021003	021005	15	5.0	4.0	0,913	true	[021003, 021002, 021004, 021001, 021007, 021006, 021000, 021005]
5974	21	021003	021005	16	5.0	4.0	0,922	true	[021003, 021002, 021004, 021001, 021007, 021006, 021005]
5975	21	021003	021005	17	5.0	4.0	0,931	true	[021003, 021002, 021004, 021005]
5976	21	021003	021005	18	5.0	3.0	0,849	true	[021003, 021002, 021004, 021006, 021000, 021001, 021007, 021005]
5977	21	021003	021005	19	5.0	4.0	0,894	true	[021003, 021002, 021004, 021006, 021000, 021005]
5978	21	021003	021005	20	5.0	3.0	0,832	true	[021003, 021002, 021004, 021006, 021001, 021000, 021005]
5979	21	021003	021005	21	5.0	3.0	0,858	true	[021003, 021002, 021004, 021006, 021001, 021007, 021005]
5980	21	021003	021005	22	5.0	4.0	0,903	true	[021003, 021002, 021004, 021006, 021005]
5981	21	021003	021005	23	5.0	4.0	0,850	true	[021003, 021002, 021004, 021006, 021007, 021001, 021000, 021005]
5982	21	021003	021005	24	5.0	3.0	0,876	true	[021003, 021002, 021004, 021006, 021007, 021005]
5983	21	021003	021005	25	15.0	4.0	0,912	true	[021003, 021002, 021005]
5984	21	021003	021005	26	18.0	4.0	0,867	true	[021003, 021002, 021006, 021000, 021001, 021004, 021005]
5985	21	021003	021005	27	18.0	3.0	0,885	true	[021003, 021002, 021006, 021000, 021001, 021007, 021005]
5986	21	021003	021005	28	18.0	3.0	0,895	true	[021003, 021002, 021006, 021000, 021004, 021001, 021007, 021005]
5987	21	021003	021005	29	18.0	4.0	0,913	true	[021003, 021002, 021006, 021000, 021004, 021005]
5988	21	021003	021005	30	18.0	4.0	0,931	true	[021003, 021002, 021006, 021000, 021005]
5989	21	021003	021005	31	12.0	3.0	0,850	true	[021003, 021002, 021006, 021001, 021000, 021004, 021005]
5990	21	021003	021005	32	12.0	3.0	0,867	true	[021003, 021002, 021006, 021001, 021000, 021005]
5991	21	021003	021005	33	12.0	3.0	0,877	true	[021003, 021002, 021006, 021001, 021004, 021000, 021005]
5992	21	021003	021005	34	12.0	3.0	0,876	true	[021003, 021002, 021006, 021001, 021004, 021005]
5993	21	021003	021005	35	12.0	3.0	0,894	true	[021003, 021002, 021006, 021001, 021007, 021005]
5994	21	021003	021005	36	14.0	3.0	0,832	true	[021003, 021002, 021006, 021004, 021000, 021001, 021007, 021005]
5995	21	021003	021005	37	14.0	4.0	0,876	true	[021003, 021002, 021006, 021004, 021000, 021005]
5996	21	021003	021005	38	14.0	4.0	0,832	true	[021003, 021002, 021006, 021004, 021001, 021000, 021005]
5997	21	021003	021005	39	14.0	3.0	0,858	true	[021003, 021002, 021006, 021004, 021001, 021007, 021005]
5998	21	021003	021005	40	14.0	4.0	0,876	true	[021003, 021002, 021006, 021004, 021005]
5999	21	021003	021005	41	29.0	4.0	0,941	true	[021003, 021002, 021006, 021005]
6000	21	021003	021005	42	16.0	4.0	0,867	true	[021003, 021002, 021006, 021007, 021001, 021000, 021004, 021005]
6001	21	021003	021005	43	16.0	4.0	0,885	true	[021003, 021002, 021006, 021007, 021001, 021000, 021005]
6002	21	021003	021005	44	16.0	4.0	0,895	true	[021003, 021002, 021006, 021007, 021001, 021004, 021000, 021005]
6003	21	021003	021005	45	16.0	4.0	0,895	true	[021003, 021002, 021006, 021007, 021001, 021004, 021005]
6004	21	021003	021005	46	16.0	3.0	0,913	true	[021003, 021002, 021006, 021007, 021005]
6005	21	021003	021005	47	23.0	4.0	0,858	true	[021003, 021002, 021007, 021001, 021000, 021004, 021005]
6006	21	021003	021005	48	14.0	4.0	0,832	true	[021003, 021002, 021007, 021001, 021000, 021004, 021006, 021005]
6007	21	021003	021005	49	18.0	4.0	0,876	true	[021003, 021002, 021007, 021001, 021000, 021005]
6008	21	021003	021005	50	14.0	4.0	0,824	true	[021003, 021002, 021007, 021001, 021000, 021006, 021004, 021005]
6009	21	021003	021005	51	18.0	4.0	0,885	true	[021003, 021002, 021007, 021001, 021000, 021006, 021005]
6010	21	021003	021005	52	18.0	4.0	0,885	true	[021003, 021002, 021007, 021001, 021004, 021000, 021005]
6011	21	021003	021005	53	18.0	4.0	0,894	true	[021003, 021002, 021007, 021001, 021004, 021000, 021006, 021005]
6012	21	021003	021005	54	29.0	4.0	0,885	true	[021003, 021002, 021007, 021001, 021004, 021005]
6013	21	021003	021005	55	14.0	4.0	0,849	true	[021003, 021002, 021007, 021001, 021004, 021006, 021000, 021005]
6014	21	021003	021005	56	14.0	4.0	0,858	true	[021003, 021002, 021007, 021001, 021004, 021006, 021005]
6015	21	021003	021005	57	12.0	3.0	0,867	true	[021003, 021002, 021007, 021001, 021006, 021000, 021004, 021005]
6016	21	021003	021005	58	12.0	3.0	0,885	true	[021003, 021002, 021007, 021001, 021006, 021000, 021005]
6017	21	021003	021005	59	12.0	3.0	0,832	true	[021003, 021002, 021007, 021001, 021006, 021004, 021000, 021005]
6018	21	021003	021005	60	12.0	3.0	0,832	true	[021003, 021002, 021007, 021001, 021006, 021004, 021005]
6019	21	021003	021005	61	12.0	3.0	0,894	true	[021003, 021002, 021007, 021001, 021006, 021005]
6020	21	021003	021005	62	29.0	3.0	0,903	true	[021003, 021002, 021007, 021005]
6021	21	021003	021005	63	16.0	4.0	0,841	true	[021003, 021002, 021007, 021006, 021000, 021001, 021004, 021005]
6022	21	021003	021005	64	16.0	4.0	0,885	true	[021003, 021002, 021007, 021006, 021000, 021004, 021005]
6023	21	021003	021005	65	16.0	4.0	0,903	true	[021003, 021002, 021007, 021006, 021000, 021005]
6024	21	021003	021005	66	12.0	3.0	0,824	true	[021003, 021002, 021007, 021006, 021001, 021000, 021004, 021005]
6025	21	021003	021005	67	12.0	3.0	0,841	true	[021003, 021002, 021007, 021006, 021001, 021000, 021005]
6026	21	021003	021005	68	12.0	3.0	0,850	true	[021003, 021002, 021007, 021006, 021001, 021004, 021000, 021005]
6027	21	021003	021005	69	12.0	3.0	0,850	true	[021003, 021002, 021007, 021006, 021001, 021004, 021005]
6028	21	021003	021005	70	14.0	4.0	0,850	true	[021003, 021002, 021007, 021006, 021004, 021000, 021005]
6029	21	021003	021005	71	14.0	4.0	0,807	true	[021003, 021002, 021007, 021006, 021004, 021001, 021000, 021005]
6030	21	021003	021005	72	14.0	4.0	0,849	true	[021003, 021002, 021007, 021006, 021004, 021005]
6031	21	021003	021005	73	16.0	4.0	0,912	true	[021003, 021002, 021007, 021006, 021005]
6032	21	021003	021005	74	12.0	3.0	0,815	true	[021003, 021004, 021000, 021001, 021006, 021002, 021005]
6033	21	021003	021005	75	12.0	3.0	0,807	true	[021003, 021004, 021000, 021001, 021006, 021002, 021007, 021005]
6034	21	021003	021005	76	12.0	3.0	0,876	true	[021003, 021004, 021000, 021001, 021006, 021005]
6035	21	021003	021005	77	12.0	3.0	0,791	true	[021003, 021004, 021000, 021001, 021006, 021007, 021002, 021005]
6036	21	021003	021005	78	12.0	3.0	0,850	true	[021003, 021004, 021000, 021001, 021006, 021007, 021005]
6037	21	021003	021005	79	15.0	4.0	0,823	true	[021003, 021004, 021000, 021001, 021007, 021002, 021005]
6038	21	021003	021005	80	23.0	4.0	0,849	true	[021003, 021004, 021000, 021001, 021007, 021002, 021006, 021005]
6039	21	021003	021005	81	23.0	3.0	0,885	true	[021003, 021004, 021000, 021001, 021007, 021005]
6040	21	021003	021005	82	15.0	5.0	0,832	true	[021003, 021004, 021000, 021001, 021007, 021006, 021002, 021005]
6041	21	021003	021005	83	16.0	5.0	0,894	true	[021003, 021004, 021000, 021001, 021007, 021006, 021005]
6042	21	021003	021005	84	18.0	4.0	0,931	true	[021003, 021004, 021000, 021005]
6043	21	021003	021005	85	12.0	3.0	0,832	true	[021003, 021004, 021000, 021006, 021001, 021007, 021002, 021005]
6044	21	021003	021005	86	12.0	3.0	0,894	true	[021003, 021004, 021000, 021006, 021001, 021007, 021005]
6045	21	021003	021005	87	15.0	6.0	0,876	true	[021003, 021004, 021000, 021006, 021002, 021005]
6046	21	021003	021005	88	18.0	3.0	0,867	true	[021003, 021004, 021000, 021006, 021002, 021007, 021005]
6047	21	021003	021005	89	18.0	6.0	0,941	true	[021003, 021004, 021000, 021006, 021005]
6048	21	021003	021005	90	15.0	4.0	0,849	true	[021003, 021004, 021000, 021006, 021007, 021002, 021005]
6049	21	021003	021005	91	16.0	3.0	0,912	true	[021003, 021004, 021000, 021006, 021007, 021005]
6050	21	021003	021005	92	18.0	4.0	0,885	true	[021003, 021004, 021001, 021000, 021005]
6051	21	021003	021005	93	15.0	6.0	0,832	true	[021003, 021004, 021001, 021000, 021006, 021002, 021005]
6052	21	021003	021005	94	18.0	3.0	0,824	true	[021003, 021004, 021001, 021000, 021006, 021002, 021007, 021005]
6053	21	021003	021005	95	18.0	6.0	0,894	true	[021003, 021004, 021001, 021000, 021006, 021005]
6054	21	021003	021005	96	15.0	4.0	0,807	true	[021003, 021004, 021001, 021000, 021006, 021007, 021002, 021005]
6055	21	021003	021005	97	16.0	3.0	0,867	true	[021003, 021004, 021001, 021000, 021006, 021007, 021005]
6056	21	021003	021005	98	12.0	3.0	0,894	true	[021003, 021004, 021001, 021006, 021000, 021005]
6057	21	021003	021005	99	12.0	3.0	0,841	true	[021003, 021004, 021001, 021006, 021002, 021005]
6058	21	021003	021005	100	12.0	3.0	0,833	true	[021003, 021004, 021001, 021006, 021002, 021007, 021005]
6059	21	021003	021005	101	12.0	3.0	0,903	true	[021003, 021004, 021001, 021006, 021005]
6060	21	021003	021005	102	43.0	5.0	0,931	true	[021003, 021004, 021005]
6061	21	021003	021005	103	18.0	4.0	1,000	true	[021003, 021005]
6062	22	022007	022002	0	22.0	4.0	0,903	true	[022007, 022000, 022001, 022002]
6063	22	022007	022002	1	21.0	3.0	0,876	true	[022007, 022000, 022001, 022004, 022002]
6064	22	022007	022002	2	22.0	3.0	0,799	true	[022007, 022000, 022001, 022004, 022003, 022005, 022002]
6065	22	022007	022002	3	16.0	3.0	0,807	true	[022007, 022000, 022001, 022004, 022005, 022002]
6066	22	022007	022002	4	22.0	3.0	0,815	true	[022007, 022000, 022001, 022004, 022006, 022002]
6067	22	022007	022002	5	34.0	3.0	0,912	true	[022007, 022000, 022004, 022001, 022002]
6068	22	022007	022002	6	21.0	3.0	0,922	true	[022007, 022000, 022004, 022002]
6069	22	022007	022002	7	22.0	3.0	0,841	true	[022007, 022000, 022004, 022003, 022005, 022002]
6070	22	022007	022002	8	16.0	3.0	0,849	true	[022007, 022000, 022004, 022005, 022002]
6071	22	022007	022002	9	34.0	3.0	0,858	true	[022007, 022000, 022004, 022006, 022002]
6072	22	022007	022002	10	29.0	4.0	0,922	true	[022007, 022000, 022006, 022002]
6073	22	022007	022002	11	29.0	3.0	0,884	true	[022007, 022000, 022006, 022004, 022001, 022002]
6074	22	022007	022002	12	21.0	4.0	0,893	true	[022007, 022000, 022006, 022004, 022002]
6075	22	022007	022002	13	22.0	3.0	0,815	true	[022007, 022000, 022006, 022004, 022003, 022005, 022002]
6076	22	022007	022002	14	16.0	4.0	0,823	true	[022007, 022000, 022006, 022004, 022005, 022002]
6077	22	022007	022002	15	6.0	3.0	0,922	true	[022007, 022001, 022000, 022004, 022002]
6078	22	022007	022002	16	6.0	3.0	0,841	true	[022007, 022001, 022000, 022004, 022003, 022005, 022002]
6079	22	022007	022002	17	6.0	3.0	0,849	true	[022007, 022001, 022000, 022004, 022005, 022002]
6080	22	022007	022002	18	6.0	3.0	0,858	true	[022007, 022001, 022000, 022004, 022006, 022002]
6081	22	022007	022002	19	6.0	9.0	0,922	true	[022007, 022001, 022000, 022006, 022002]
6082	22	022007	022002	20	6.0	6.0	0,893	true	[022007, 022001, 022000, 022006, 022004, 022002]
6083	22	022007	022002	21	6.0	3.0	0,815	true	[022007, 022001, 022000, 022006, 022004, 022003, 022005, 022002]
6084	22	022007	022002	22	6.0	8.0	0,823	true	[022007, 022001, 022000, 022006, 022004, 022005, 022002]
6085	22	022007	022002	23	6.0	6.0	1,000	true	[022007, 022001, 022002]
6086	22	022007	022002	24	6.0	3.0	0,932	true	[022007, 022001, 022004, 022000, 022006, 022002]
6087	22	022007	022002	25	6.0	3.0	0,970	true	[022007, 022001, 022004, 022002]
6088	22	022007	022002	26	6.0	3.0	0,885	true	[022007, 022001, 022004, 022003, 022005, 022002]
6089	22	022007	022002	27	6.0	3.0	0,894	true	[022007, 022001, 022004, 022005, 022002]
6090	22	022007	022002	28	6.0	3.0	0,903	true	[022007, 022001, 022004, 022006, 022002]
6091	22	022007	022002	29	40.0	5.0	0,970	true	[022007, 022002]
6092	22	022007	022002	30	22.0	3.0	0,894	true	[022007, 022003, 022004, 022000, 022001, 022002]
6093	22	022007	022002	31	22.0	3.0	0,913	true	[022007, 022003, 022004, 022000, 022006, 022002]
6094	22	022007	022002	32	22.0	3.0	0,867	true	[022007, 022003, 022004, 022001, 022000, 022006, 022002]
6095	22	022007	022002	33	22.0	3.0	0,941	true	[022007, 022003, 022004, 022001, 022002]
6096	22	022007	022002	34	21.0	3.0	0,951	true	[022007, 022003, 022004, 022002]
6097	22	022007	022002	35	16.0	3.0	0,876	true	[022007, 022003, 022004, 022005, 022002]
6098	22	022007	022002	36	22.0	3.0	0,867	true	[022007, 022003, 022004, 022006, 022000, 022001, 022002]
6099	22	022007	022002	37	22.0	3.0	0,885	true	[022007, 022003, 022004, 022006, 022002]
6100	22	022007	022002	38	41.0	7.0	0,922	true	[022007, 022003, 022005, 022002]
6101	22	022007	022002	39	16.0	3.0	0,849	true	[022007, 022003, 022005, 022004, 022000, 022001, 022002]
6102	22	022007	022002	40	16.0	3.0	0,867	true	[022007, 022003, 022005, 022004, 022000, 022006, 022002]
6103	22	022007	022002	41	16.0	3.0	0,824	true	[022007, 022003, 022005, 022004, 022001, 022000, 022006, 022002]
6104	22	022007	022002	42	16.0	3.0	0,894	true	[022007, 022003, 022005, 022004, 022001, 022002]
6105	22	022007	022002	43	16.0	6.0	0,903	true	[022007, 022003, 022005, 022004, 022002]
6106	22	022007	022002	44	16.0	6.0	0,823	true	[022007, 022003, 022005, 022004, 022006, 022000, 022001, 022002]
6107	22	022007	022002	45	16.0	7.0	0,841	true	[022007, 022003, 022005, 022004, 022006, 022002]
6108	22	022007	022001	46	22.0	4.0	0,903	true	[022007, 022000, 022001]
6109	22	022007	022001	47	34.0	3.0	0,912	true	[022007, 022000, 022004, 022001]
6110	22	022007	022001	48	21.0	3.0	0,922	true	[022007, 022000, 022004, 022002, 022001]
6111	22	022007	022001	49	22.0	3.0	0,841	true	[022007, 022000, 022004, 022003, 022005, 022002, 022001]
6112	22	022007	022001	50	16.0	3.0	0,849	true	[022007, 022000, 022004, 022005, 022002, 022001]
6113	22	022007	022001	51	34.0	3.0	0,858	true	[022007, 022000, 022004, 022006, 022002, 022001]
6114	22	022007	022001	52	29.0	4.0	0,922	true	[022007, 022000, 022006, 022002, 022001]
6115	22	022007	022001	53	21.0	3.0	0,894	true	[022007, 022000, 022006, 022002, 022004, 022001]
6116	22	022007	022001	54	22.0	3.0	0,816	true	[022007, 022000, 022006, 022002, 022005, 022003, 022004, 022001]
6117	22	022007	022001	55	16.0	3.0	0,824	true	[022007, 022000, 022006, 022002, 022005, 022004, 022001]
6118	22	022007	022001	56	29.0	3.0	0,884	true	[022007, 022000, 022006, 022004, 022001]
6119	22	022007	022001	57	21.0	4.0	0,893	true	[022007, 022000, 022006, 022004, 022002, 022001]
6120	22	022007	022001	58	22.0	3.0	0,815	true	[022007, 022000, 022006, 022004, 022003, 022005, 022002, 022001]
6121	22	022007	022001	59	16.0	4.0	0,823	true	[022007, 022000, 022006, 022004, 022005, 022002, 022001]
6122	22	022007	022001	60	6.0	9.0	1,000	true	[022007, 022001]
6123	22	022007	022001	61	35.0	5.0	0,970	true	[022007, 022002, 022001]
6124	22	022007	022001	62	21.0	3.0	0,894	true	[022007, 022002, 022004, 022000, 022001]
6125	22	022007	022001	63	21.0	3.0	0,941	true	[022007, 022002, 022004, 022001]
6126	22	022007	022001	64	21.0	5.0	0,867	true	[022007, 022002, 022004, 022006, 022000, 022001]
6127	22	022007	022001	65	22.0	3.0	0,816	true	[022007, 022002, 022005, 022003, 022004, 022000, 022001]
6128	22	022007	022001	66	22.0	3.0	0,859	true	[022007, 022002, 022005, 022003, 022004, 022001]
6129	22	022007	022001	67	22.0	3.0	0,791	true	[022007, 022002, 022005, 022003, 022004, 022006, 022000, 022001]
6130	22	022007	022001	68	16.0	3.0	0,824	true	[022007, 022002, 022005, 022004, 022000, 022001]
6131	22	022007	022001	69	16.0	3.0	0,867	true	[022007, 022002, 022005, 022004, 022001]
6132	22	022007	022001	70	16.0	5.0	0,798	true	[022007, 022002, 022005, 022004, 022006, 022000, 022001]
6133	22	022007	022001	71	22.0	5.0	0,894	true	[022007, 022002, 022006, 022000, 022001]
6134	22	022007	022001	72	29.0	3.0	0,904	true	[022007, 022002, 022006, 022000, 022004, 022001]
6135	22	022007	022001	73	22.0	3.0	0,832	true	[022007, 022002, 022006, 022004, 022000, 022001]
6136	22	022007	022001	74	36.0	3.0	0,876	true	[022007, 022002, 022006, 022004, 022001]
6137	22	022007	022001	75	22.0	3.0	0,894	true	[022007, 022003, 022004, 022000, 022001]
6138	22	022007	022001	76	22.0	3.0	0,913	true	[022007, 022003, 022004, 022000, 022006, 022002, 022001]
6139	22	022007	022001	77	22.0	3.0	0,941	true	[022007, 022003, 022004, 022001]
6140	22	022007	022001	78	21.0	3.0	0,951	true	[022007, 022003, 022004, 022002, 022001]
6141	22	022007	022001	79	21.0	3.0	0,876	true	[022007, 022003, 022004, 022002, 022006, 022000, 022001]
6142	22	022007	022001	80	16.0	3.0	0,876	true	[022007, 022003, 022004, 022005, 022002, 022001]
6143	22	022007	022001	81	16.0	3.0	0,807	true	[022007, 022003, 022004, 022005, 022002, 022006, 022000, 022001]
6144	22	022007	022001	82	22.0	3.0	0,867	true	[022007, 022003, 022004, 022006, 022000, 022001]
6145	22	022007	022001	83	22.0	3.0	0,885	true	[022007, 022003, 022004, 022006, 022002, 022001]
6146	22	022007	022001	84	35.0	6.0	0,922	true	[022007, 022003, 022005, 022002, 022001]
6147	22	022007	022001	85	21.0	3.0	0,850	true	[022007, 022003, 022005, 022002, 022004, 022000, 022001]
6148	22	022007	022001	86	21.0	3.0	0,894	true	[022007, 022003, 022005, 022002, 022004, 022001]
6149	22	022007	022001	87	21.0	6.0	0,824	true	[022007, 022003, 022005, 022002, 022004, 022006, 022000, 022001]
6150	22	022007	022001	88	22.0	7.0	0,850	true	[022007, 022003, 022005, 022002, 022006, 022000, 022001]
6151	22	022007	022001	89	29.0	3.0	0,859	true	[022007, 022003, 022005, 022002, 022006, 022000, 022004, 022001]
6152	22	022007	022001	90	22.0	3.0	0,791	true	[022007, 022003, 022005, 022002, 022006, 022004, 022000, 022001]
6153	22	022007	022001	91	36.0	3.0	0,833	true	[022007, 022003, 022005, 022002, 022006, 022004, 022001]
6154	22	022007	022001	92	16.0	3.0	0,849	true	[022007, 022003, 022005, 022004, 022000, 022001]
6155	22	022007	022001	93	16.0	3.0	0,867	true	[022007, 022003, 022005, 022004, 022000, 022006, 022002, 022001]
6156	22	022007	022001	94	16.0	3.0	0,894	true	[022007, 022003, 022005, 022004, 022001]
6157	22	022007	022001	95	16.0	6.0	0,903	true	[022007, 022003, 022005, 022004, 022002, 022001]
6158	22	022007	022001	96	16.0	6.0	0,832	true	[022007, 022003, 022005, 022004, 022002, 022006, 022000, 022001]
6159	22	022007	022001	97	16.0	7.0	0,823	true	[022007, 022003, 022005, 022004, 022006, 022000, 022001]
6160	22	022007	022001	98	16.0	6.0	0,841	true	[022007, 022003, 022005, 022004, 022006, 022002, 022001]
6161	22	022002	022001	99	35.0	6.0	1,000	true	[022002, 022001]
6162	22	022002	022001	100	21.0	3.0	0,922	true	[022002, 022004, 022000, 022001]
6163	22	022002	022001	101	21.0	3.0	0,970	true	[022002, 022004, 022001]
6164	23	023004	023000	0	46.0	3.0	0,960	true	[023004, 023000]
6165	23	023004	023000	1	9.0	7.0	0,912	true	[023004, 023001, 023000]
6166	23	023004	023000	2	9.0	6.0	0,941	true	[023004, 023001, 023002, 023003, 023005, 023000]
6167	23	023004	023000	3	9.0	3.0	0,922	true	[023004, 023001, 023002, 023003, 023005, 023006, 023000]
6168	23	023004	023000	4	9.0	3.0	0,931	true	[023004, 023001, 023002, 023003, 023007, 023006, 023000]
6169	23	023004	023000	5	9.0	3.0	0,913	true	[023004, 023001, 023002, 023003, 023007, 023006, 023005, 023000]
6170	23	023004	023000	6	9.0	5.0	0,903	true	[023004, 023001, 023002, 023005, 023000]
6171	23	023004	023000	7	9.0	3.0	0,894	true	[023004, 023001, 023002, 023005, 023003, 023007, 023006, 023000]
6172	23	023004	023000	8	9.0	3.0	0,885	true	[023004, 023001, 023002, 023005, 023006, 023000]
6173	23	023004	023000	9	9.0	3.0	0,941	true	[023004, 023001, 023002, 023006, 023000]
6174	23	023004	023000	10	9.0	5.0	0,922	true	[023004, 023001, 023002, 023006, 023005, 023000]
6175	23	023004	023000	11	9.0	3.0	0,931	true	[023004, 023001, 023002, 023006, 023007, 023003, 023005, 023000]
6176	23	023004	023000	12	9.0	5.0	0,912	true	[023004, 023001, 023003, 023002, 023005, 023000]
6177	23	023004	023000	13	9.0	3.0	0,894	true	[023004, 023001, 023003, 023002, 023005, 023006, 023000]
6178	23	023004	023000	14	9.0	3.0	0,950	true	[023004, 023001, 023003, 023002, 023006, 023000]
6179	23	023004	023000	15	9.0	5.0	0,931	true	[023004, 023001, 023003, 023002, 023006, 023005, 023000]
6180	23	023004	023000	16	9.0	7.0	0,950	true	[023004, 023001, 023003, 023005, 023000]
6181	23	023004	023000	17	9.0	3.0	0,912	true	[023004, 023001, 023003, 023005, 023002, 023006, 023000]
6182	23	023004	023000	18	9.0	3.0	0,931	true	[023004, 023001, 023003, 023005, 023006, 023000]
6183	23	023004	023000	19	9.0	3.0	0,941	true	[023004, 023001, 023003, 023007, 023006, 023000]
6184	23	023004	023000	20	9.0	3.0	0,903	true	[023004, 023001, 023003, 023007, 023006, 023002, 023005, 023000]
6185	23	023004	023000	21	9.0	3.0	0,922	true	[023004, 023001, 023003, 023007, 023006, 023005, 023000]
6186	23	023004	023000	22	9.0	5.0	0,960	true	[023004, 023001, 023005, 023000]
6187	23	023004	023000	23	9.0	3.0	0,912	true	[023004, 023001, 023005, 023002, 023003, 023007, 023006, 023000]
6188	23	023004	023000	24	9.0	3.0	0,922	true	[023004, 023001, 023005, 023002, 023006, 023000]
6189	23	023004	023000	25	9.0	3.0	0,960	true	[023004, 023001, 023005, 023003, 023002, 023006, 023000]
6190	23	023004	023000	26	9.0	3.0	0,950	true	[023004, 023001, 023005, 023003, 023007, 023006, 023000]
6191	23	023004	023000	27	9.0	3.0	0,941	true	[023004, 023001, 023005, 023006, 023000]
6192	23	023004	023000	28	9.0	3.0	0,922	true	[023004, 023001, 023006, 023000]
6193	23	023004	023000	29	9.0	4.0	0,922	true	[023004, 023001, 023006, 023002, 023003, 023005, 023000]
6194	23	023004	023000	30	9.0	4.0	0,885	true	[023004, 023001, 023006, 023002, 023005, 023000]
6195	23	023004	023000	31	9.0	4.0	0,903	true	[023004, 023001, 023006, 023005, 023000]
6196	23	023004	023000	32	9.0	3.0	0,876	true	[023004, 023001, 023006, 023007, 023003, 023002, 023005, 023000]
6197	23	023004	023000	33	9.0	3.0	0,912	true	[023004, 023001, 023006, 023007, 023003, 023005, 023000]
6198	23	023004	023000	34	9.0	3.0	0,894	true	[023004, 023001, 023007, 023003, 023002, 023005, 023000]
6199	23	023004	023000	35	9.0	3.0	0,876	true	[023004, 023001, 023007, 023003, 023002, 023005, 023006, 023000]
6200	23	023004	023000	36	9.0	3.0	0,931	true	[023004, 023001, 023007, 023003, 023002, 023006, 023000]
6201	23	023004	023000	37	9.0	3.0	0,913	true	[023004, 023001, 023007, 023003, 023002, 023006, 023005, 023000]
6202	23	023004	023000	38	9.0	3.0	0,931	true	[023004, 023001, 023007, 023003, 023005, 023000]
6203	23	023004	023000	39	9.0	3.0	0,894	true	[023004, 023001, 023007, 023003, 023005, 023002, 023006, 023000]
6204	23	023004	023000	40	9.0	3.0	0,913	true	[023004, 023001, 023007, 023003, 023005, 023006, 023000]
6205	23	023004	023000	41	9.0	3.0	0,922	true	[023004, 023001, 023007, 023006, 023000]
6206	23	023004	023000	42	9.0	3.0	0,922	true	[023004, 023001, 023007, 023006, 023002, 023003, 023005, 023000]
6207	23	023004	023000	43	9.0	3.0	0,885	true	[023004, 023001, 023007, 023006, 023002, 023005, 023000]
6208	23	023004	023000	44	9.0	3.0	0,903	true	[023004, 023001, 023007, 023006, 023005, 023000]
6209	23	023004	023000	45	36.0	5.0	0,931	true	[023004, 023002, 023001, 023000]
6210	23	023004	023000	46	23.0	5.0	0,970	true	[023004, 023002, 023001, 023003, 023005, 023000]
6211	23	023004	023000	47	32.0	3.0	0,951	true	[023004, 023002, 023001, 023003, 023005, 023006, 023000]
6212	23	023004	023000	48	32.0	3.0	0,960	true	[023004, 023002, 023001, 023003, 023007, 023006, 023000]
6213	23	023004	023000	49	23.0	3.0	0,941	true	[023004, 023002, 023001, 023003, 023007, 023006, 023005, 023000]
6214	23	023004	023000	50	23.0	5.0	0,980	true	[023004, 023002, 023001, 023005, 023000]
6215	23	023004	023000	51	33.0	3.0	0,970	true	[023004, 023002, 023001, 023005, 023003, 023007, 023006, 023000]
6216	23	023004	023000	52	33.0	3.0	0,960	true	[023004, 023002, 023001, 023005, 023006, 023000]
6217	23	023004	023000	53	17.0	3.0	0,941	true	[023004, 023002, 023001, 023006, 023000]
6218	23	023004	023000	54	17.0	4.0	0,922	true	[023004, 023002, 023001, 023006, 023005, 023000]
6219	23	023004	023000	55	17.0	3.0	0,931	true	[023004, 023002, 023001, 023006, 023007, 023003, 023005, 023000]
6220	23	023004	023000	56	21.0	3.0	0,951	true	[023004, 023002, 023001, 023007, 023003, 023005, 023000]
6221	23	023004	023000	57	21.0	3.0	0,932	true	[023004, 023002, 023001, 023007, 023003, 023005, 023006, 023000]
6222	23	023004	023000	58	21.0	3.0	0,941	true	[023004, 023002, 023001, 023007, 023006, 023000]
6223	23	023004	023000	59	21.0	3.0	0,922	true	[023004, 023002, 023001, 023007, 023006, 023005, 023000]
6224	23	023004	023000	60	25.0	5.0	0,941	true	[023004, 023002, 023003, 023001, 023000]
6225	23	023004	023000	61	23.0	5.0	0,990	true	[023004, 023002, 023003, 023001, 023005, 023000]
6226	23	023004	023000	62	25.0	3.0	0,970	true	[023004, 023002, 023003, 023001, 023005, 023006, 023000]
6227	23	023004	023000	63	17.0	3.0	0,950	true	[023004, 023002, 023003, 023001, 023006, 023000]
6228	23	023004	023000	64	17.0	4.0	0,931	true	[023004, 023002, 023003, 023001, 023006, 023005, 023000]
6229	23	023004	023000	65	21.0	3.0	0,951	true	[023004, 023002, 023003, 023001, 023007, 023006, 023000]
6230	23	023004	023000	66	21.0	3.0	0,932	true	[023004, 023002, 023003, 023001, 023007, 023006, 023005, 023000]
6231	23	023004	023000	67	23.0	5.0	1,000	true	[023004, 023002, 023003, 023005, 023000]
6232	23	023004	023000	68	25.0	5.0	0,950	true	[023004, 023002, 023003, 023005, 023001, 023000]
6233	23	023004	023000	69	17.0	3.0	0,960	true	[023004, 023002, 023003, 023005, 023001, 023006, 023000]
6234	23	023004	023000	70	21.0	3.0	0,960	true	[023004, 023002, 023003, 023005, 023001, 023007, 023006, 023000]
6235	23	023004	023000	71	25.0	3.0	0,980	true	[023004, 023002, 023003, 023005, 023006, 023000]
6236	23	023004	023000	72	17.0	4.0	0,894	true	[023004, 023002, 023003, 023005, 023006, 023001, 023000]
6237	23	023004	023000	73	21.0	3.0	0,894	true	[023004, 023002, 023003, 023005, 023006, 023007, 023001, 023000]
6238	23	023004	023000	74	21.0	3.0	0,922	true	[023004, 023002, 023003, 023007, 023001, 023000]
6239	23	023004	023000	75	21.0	3.0	0,970	true	[023004, 023002, 023003, 023007, 023001, 023005, 023000]
6240	23	023004	023000	76	21.0	3.0	0,951	true	[023004, 023002, 023003, 023007, 023001, 023005, 023006, 023000]
6241	23	023004	023000	77	17.0	3.0	0,931	true	[023004, 023002, 023003, 023007, 023001, 023006, 023000]
6242	23	023004	023000	78	17.0	3.0	0,913	true	[023004, 023002, 023003, 023007, 023001, 023006, 023005, 023000]
6243	23	023004	023000	79	25.0	3.0	0,990	true	[023004, 023002, 023003, 023007, 023006, 023000]
6244	23	023004	023000	80	17.0	3.0	0,903	true	[023004, 023002, 023003, 023007, 023006, 023001, 023000]
6245	23	023004	023000	81	17.0	3.0	0,950	true	[023004, 023002, 023003, 023007, 023006, 023001, 023005, 023000]
6246	23	023004	023000	82	23.0	3.0	0,970	true	[023004, 023002, 023003, 023007, 023006, 023005, 023000]
6247	23	023004	023000	83	25.0	3.0	0,922	true	[023004, 023002, 023003, 023007, 023006, 023005, 023001, 023000]
6248	23	023004	023000	84	23.0	5.0	0,960	true	[023004, 023002, 023005, 023000]
6249	23	023004	023000	85	34.0	5.0	0,912	true	[023004, 023002, 023005, 023001, 023000]
6250	23	023004	023000	86	32.0	3.0	0,941	true	[023004, 023002, 023005, 023001, 023003, 023007, 023006, 023000]
6251	23	023004	023000	87	17.0	3.0	0,922	true	[023004, 023002, 023005, 023001, 023006, 023000]
6252	23	023004	023000	88	21.0	3.0	0,922	true	[023004, 023002, 023005, 023001, 023007, 023006, 023000]
6253	23	023004	023000	89	32.0	5.0	0,903	true	[023004, 023002, 023005, 023003, 023001, 023000]
6254	23	023004	023000	90	17.0	3.0	0,912	true	[023004, 023002, 023005, 023003, 023001, 023006, 023000]
6255	23	023004	023000	91	21.0	3.0	0,913	true	[023004, 023002, 023005, 023003, 023001, 023007, 023006, 023000]
6256	23	023004	023000	92	21.0	3.0	0,885	true	[023004, 023002, 023005, 023003, 023007, 023001, 023000]
6257	23	023004	023000	93	17.0	3.0	0,894	true	[023004, 023002, 023005, 023003, 023007, 023001, 023006, 023000]
6258	23	023004	023000	94	33.0	3.0	0,950	true	[023004, 023002, 023005, 023003, 023007, 023006, 023000]
6259	23	023004	023000	95	17.0	3.0	0,867	true	[023004, 023002, 023005, 023003, 023007, 023006, 023001, 023000]
6260	23	023004	023000	96	33.0	3.0	0,941	true	[023004, 023002, 023005, 023006, 023000]
6261	23	023004	023000	97	17.0	4.0	0,858	true	[023004, 023002, 023005, 023006, 023001, 023000]
6262	23	023004	023000	98	21.0	3.0	0,858	true	[023004, 023002, 023005, 023006, 023007, 023001, 023000]
6263	23	023004	023000	99	32.0	3.0	0,876	true	[023004, 023002, 023005, 023006, 023007, 023003, 023001, 023000]
6264	23	023004	023000	100	33.0	3.0	1,000	true	[023004, 023002, 023006, 023000]
6265	-1	000005	001002	0	100.0	38.0	0,995	true	[000005, 001002]
6266	-1	000004	005006	0	110.0	28.0	0,998	true	[000004, 005006]
6267	-1	001007	002005	0	145.0	29.0	0,998	true	[001007, 002005]
6268	-1	001001	005007	0	130.0	47.0	0,998	true	[001001, 005007]
6269	-1	002003	003002	0	140.0	35.0	0,996	true	[002003, 003002]
6270	-1	002004	004001	0	150.0	48.0	0,997	true	[002004, 004001]
6271	-1	002006	006004	0	100.0	31.0	0,995	true	[002006, 006004]
6272	-1	003003	004002	0	135.0	50.0	0,998	true	[003003, 004002]
6273	-1	003004	006006	0	105.0	34.0	0,995	true	[003004, 006006]
6274	-1	004006	007007	0	110.0	37.0	0,999	true	[004006, 007007]
6275	-1	005002	006003	0	105.0	30.0	0,996	true	[005002, 006003]
6276	-1	005004	008005	0	105.0	31.0	0,998	true	[005004, 008005]
6277	-1	005003	010000	0	100.0	21.0	0,995	true	[005003, 010000]
6278	-1	006000	007000	0	145.0	46.0	0,996	true	[006000, 007000]
6279	-1	006002	008004	0	120.0	30.0	0,999	true	[006002, 008004]
6280	-1	007003	009001	0	140.0	47.0	0,999	true	[007003, 009001]
6281	-1	008000	009004	0	135.0	41.0	0,999	true	[008000, 009004]
6282	-1	008001	010001	0	130.0	49.0	0,999	true	[008001, 010001]
6283	-1	008007	011000	0	100.0	27.0	0,997	true	[008007, 011000]
6284	-1	009006	012003	0	120.0	34.0	0,995	true	[009006, 012003]
6285	-1	010003	011007	0	145.0	28.0	0,996	true	[010003, 011007]
6286	-1	010005	014003	0	100.0	44.0	0,998	true	[010005, 014003]
6287	-1	011003	012000	0	120.0	21.0	0,999	true	[011003, 012000]
6288	-1	011006	015001	0	140.0	30.0	0,996	true	[011006, 015001]
6289	-1	012006	013001	0	130.0	24.0	0,998	true	[012006, 013001]
6290	-1	012007	016004	0	135.0	21.0	0,998	true	[012007, 016004]
6291	-1	013004	017003	0	145.0	34.0	0,998	true	[013004, 017003]
6292	-1	014000	015002	0	115.0	34.0	0,999	true	[014000, 015002]
6293	-1	014004	018002	0	130.0	28.0	0,996	true	[014004, 018002]
6294	-1	014001	019007	0	150.0	44.0	0,999	true	[014001, 019007]
6295	-1	015004	016007	0	120.0	35.0	0,999	true	[015004, 016007]
6296	-1	015006	020001	0	150.0	24.0	0,997	true	[015006, 020001]
6297	-1	015007	021003	0	125.0	29.0	0,998	true	[015007, 021003]
6298	-1	016001	017002	0	105.0	48.0	0,996	true	[016001, 017002]
6299	-1	016000	021005	0	145.0	43.0	0,997	true	[016000, 021005]
6300	-1	016003	022007	0	125.0	34.0	0,999	true	[016003, 022007]
6301	-1	017004	023004	0	140.0	25.0	0,999	true	[017004, 023004]
6302	-1	018005	019003	0	100.0	50.0	0,998	true	[018005, 019003]
6303	-1	019006	020003	0	135.0	48.0	0,997	true	[019006, 020003]
6304	-1	020004	021004	0	120.0	33.0	0,998	true	[020004, 021004]
6305	-1	021006	022002	0	110.0	47.0	0,996	true	[021006, 022002]
6306	-1	022001	023000	0	145.0	35.0	0,998	true	[022001, 023000]
