TransactionId	ASId	Ingress	Egress	PathletId	Bandwidth	Delay	Reliability	Status	Full Path
6307	0	000006	000003	0	14.0	6.0	0,922	true	[000006, 000000, 000001, 000002, 000003]
6308	0	000006	000003	1	10.0	6.0	0,867	true	[000006, 000000, 000001, 000002, 000007, 000003]
6309	0	000006	000003	2	5.0	5.0	0,807	true	[000006, 000000, 000001, 000002, 000007, 000004, 000008, 000003]
6310	0	000006	000003	3	11.0	6.0	0,858	true	[000006, 000000, 000001, 000002, 000008, 000003]
6311	0	000006	000003	4	5.0	5.0	0,799	true	[000006, 000000, 000001, 000002, 000008, 000004, 000007, 000003]
6312	0	000006	000003	5	12.0	6.0	0,913	true	[000006, 000000, 000001, 000003]
6313	0	000006	000003	6	5.0	6.0	0,824	true	[000006, 000000, 000001, 000004, 000007, 000002, 000003]
6314	0	000006	000003	7	5.0	6.0	0,767	true	[000006, 000000, 000001, 000004, 000007, 000002, 000008, 000003]
6315	0	000006	000003	8	5.0	6.0	0,807	true	[000006, 000000, 000001, 000004, 000007, 000003]
6316	0	000006	000003	9	14.0	5.0	0,841	true	[000006, 000000, 000001, 000004, 000008, 000002, 000003]
6317	0	000006	000003	10	10.0	5.0	0,791	true	[000006, 000000, 000001, 000004, 000008, 000002, 000007, 000003]
6318	0	000006	000003	11	11.0	5.0	0,832	true	[000006, 000000, 000001, 000004, 000008, 000003]
6319	0	000006	000003	12	14.0	6.0	0,885	true	[000006, 000000, 000001, 000005, 000008, 000002, 000003]
6320	0	000006	000003	13	10.0	6.0	0,833	true	[000006, 000000, 000001, 000005, 000008, 000002, 000007, 000003]
6321	0	000006	000003	14	11.0	6.0	0,876	true	[000006, 000000, 000001, 000005, 000008, 000003]
6322	0	000006	000003	15	5.0	5.0	0,833	true	[000006, 000000, 000001, 000005, 000008, 000004, 000007, 000002, 000003]
6323	0	000006	000003	16	5.0	5.0	0,815	true	[000006, 000000, 000001, 000005, 000008, 000004, 000007, 000003]
6324	0	000006	000003	17	14.0	6.0	0,867	true	[000006, 000000, 000001, 000007, 000002, 000003]
6325	0	000006	000003	18	11.0	6.0	0,807	true	[000006, 000000, 000001, 000007, 000002, 000008, 000003]
6326	0	000006	000003	19	10.0	6.0	0,849	true	[000006, 000000, 000001, 000007, 000003]
6327	0	000006	000003	20	5.0	5.0	0,799	true	[000006, 000000, 000001, 000007, 000004, 000008, 000002, 000003]
6328	0	000006	000003	21	5.0	5.0	0,791	true	[000006, 000000, 000001, 000007, 000004, 000008, 000003]
6329	0	000006	000003	22	14.0	6.0	0,894	true	[000006, 000000, 000001, 000008, 000002, 000003]
6330	0	000006	000003	23	10.0	6.0	0,841	true	[000006, 000000, 000001, 000008, 000002, 000007, 000003]
6331	0	000006	000003	24	11.0	6.0	0,885	true	[000006, 000000, 000001, 000008, 000003]
6332	0	000006	000003	25	5.0	5.0	0,841	true	[000006, 000000, 000001, 000008, 000004, 000007, 000002, 000003]
6333	0	000006	000003	26	5.0	5.0	0,824	true	[000006, 000000, 000001, 000008, 000004, 000007, 000003]
6334	0	000006	000003	27	12.0	6.0	0,913	true	[000006, 000000, 000002, 000001, 000003]
6335	0	000006	000003	28	5.0	6.0	0,807	true	[000006, 000000, 000002, 000001, 000004, 000007, 000003]
6336	0	000006	000003	29	11.0	5.0	0,832	true	[000006, 000000, 000002, 000001, 000004, 000008, 000003]
6337	0	000006	000003	30	11.0	6.0	0,876	true	[000006, 000000, 000002, 000001, 000005, 000008, 000003]
6338	0	000006	000003	31	5.0	5.0	0,815	true	[000006, 000000, 000002, 000001, 000005, 000008, 000004, 000007, 000003]
6339	0	000006	000003	32	10.0	6.0	0,849	true	[000006, 000000, 000002, 000001, 000007, 000003]
6340	0	000006	000003	33	5.0	5.0	0,791	true	[000006, 000000, 000002, 000001, 000007, 000004, 000008, 000003]
6341	0	000006	000003	34	11.0	6.0	0,885	true	[000006, 000000, 000002, 000001, 000008, 000003]
6342	0	000006	000003	35	5.0	5.0	0,824	true	[000006, 000000, 000002, 000001, 000008, 000004, 000007, 000003]
6343	0	000006	000003	36	14.0	6.0	0,922	true	[000006, 000000, 000002, 000003]
6344	0	000006	000003	37	12.0	6.0	0,859	true	[000006, 000000, 000002, 000007, 000001, 000003]
6345	0	000006	000003	38	11.0	5.0	0,783	true	[000006, 000000, 000002, 000007, 000001, 000004, 000008, 000003]
6346	0	000006	000003	39	11.0	6.0	0,824	true	[000006, 000000, 000002, 000007, 000001, 000005, 000008, 000003]
6347	0	000006	000003	40	11.0	6.0	0,832	true	[000006, 000000, 000002, 000007, 000001, 000008, 000003]
6348	0	000006	000003	41	10.0	6.0	0,867	true	[000006, 000000, 000002, 000007, 000003]
6349	0	000006	000003	42	5.0	6.0	0,816	true	[000006, 000000, 000002, 000007, 000004, 000001, 000003]
6350	0	000006	000003	43	5.0	6.0	0,783	true	[000006, 000000, 000002, 000007, 000004, 000001, 000005, 000008, 000003]
6351	0	000006	000003	44	5.0	6.0	0,791	true	[000006, 000000, 000002, 000007, 000004, 000001, 000008, 000003]
6352	0	000006	000003	45	5.0	5.0	0,833	true	[000006, 000000, 000002, 000007, 000004, 000008, 000001, 000003]
6353	0	000006	000003	46	5.0	5.0	0,807	true	[000006, 000000, 000002, 000007, 000004, 000008, 000003]
6354	0	000006	000003	47	5.0	5.0	0,824	true	[000006, 000000, 000002, 000007, 000004, 000008, 000005, 000001, 000003]
6355	0	000006	000003	48	12.0	6.0	0,885	true	[000006, 000000, 000002, 000008, 000001, 000003]
6356	0	000006	000003	49	5.0	6.0	0,783	true	[000006, 000000, 000002, 000008, 000001, 000004, 000007, 000003]
6357	0	000006	000003	50	10.0	6.0	0,824	true	[000006, 000000, 000002, 000008, 000001, 000007, 000003]
6358	0	000006	000003	51	11.0	6.0	0,858	true	[000006, 000000, 000002, 000008, 000003]
6359	0	000006	000003	52	12.0	5.0	0,833	true	[000006, 000000, 000002, 000008, 000004, 000001, 000003]
6360	0	000006	000003	53	10.0	5.0	0,775	true	[000006, 000000, 000002, 000008, 000004, 000001, 000007, 000003]
6361	0	000006	000003	54	5.0	5.0	0,791	true	[000006, 000000, 000002, 000008, 000004, 000007, 000001, 000003]
6362	0	000006	000003	55	5.0	5.0	0,799	true	[000006, 000000, 000002, 000008, 000004, 000007, 000003]
6363	0	000006	000003	56	12.0	6.0	0,876	true	[000006, 000000, 000002, 000008, 000005, 000001, 000003]
6364	0	000006	000003	57	5.0	6.0	0,775	true	[000006, 000000, 000002, 000008, 000005, 000001, 000004, 000007, 000003]
6365	0	000006	000003	58	10.0	6.0	0,816	true	[000006, 000000, 000002, 000008, 000005, 000001, 000007, 000003]
6366	0	000006	000003	59	27.0	5.0	0,912	true	[000006, 000000, 000003]
6367	0	000006	000003	60	14.0	3.0	0,950	true	[000006, 000000, 000008, 000001, 000002, 000003]
6368	0	000006	000003	61	10.0	3.0	0,894	true	[000006, 000000, 000008, 000001, 000002, 000007, 000003]
6369	0	000006	000003	62	12.0	3.0	0,941	true	[000006, 000000, 000008, 000001, 000003]
6370	0	000006	000003	63	5.0	3.0	0,849	true	[000006, 000000, 000008, 000001, 000004, 000007, 000002, 000003]
6371	0	000006	000003	64	5.0	3.0	0,832	true	[000006, 000000, 000008, 000001, 000004, 000007, 000003]
6372	0	000006	000003	65	14.0	3.0	0,894	true	[000006, 000000, 000008, 000001, 000007, 000002, 000003]
6373	0	000006	000003	66	10.0	3.0	0,876	true	[000006, 000000, 000008, 000001, 000007, 000003]
6374	0	000006	000003	67	12.0	3.0	0,913	true	[000006, 000000, 000008, 000002, 000001, 000003]
6375	0	000006	000003	68	5.0	3.0	0,807	true	[000006, 000000, 000008, 000002, 000001, 000004, 000007, 000003]
6376	0	000006	000003	69	10.0	3.0	0,849	true	[000006, 000000, 000008, 000002, 000001, 000007, 000003]
6377	0	000006	000003	70	14.0	3.0	0,922	true	[000006, 000000, 000008, 000002, 000003]
6378	0	000006	000003	71	12.0	3.0	0,859	true	[000006, 000000, 000008, 000002, 000007, 000001, 000003]
6379	0	000006	000003	72	10.0	3.0	0,867	true	[000006, 000000, 000008, 000002, 000007, 000003]
6380	0	000006	000003	73	5.0	3.0	0,816	true	[000006, 000000, 000008, 000002, 000007, 000004, 000001, 000003]
6381	0	000006	000003	74	11.0	3.0	0,912	true	[000006, 000000, 000008, 000003]
6382	0	000006	000003	75	14.0	3.0	0,894	true	[000006, 000000, 000008, 000004, 000001, 000002, 000003]
6383	0	000006	000003	76	10.0	3.0	0,841	true	[000006, 000000, 000008, 000004, 000001, 000002, 000007, 000003]
6384	0	000006	000003	77	12.0	3.0	0,885	true	[000006, 000000, 000008, 000004, 000001, 000003]
6385	0	000006	000003	78	14.0	3.0	0,841	true	[000006, 000000, 000008, 000004, 000001, 000007, 000002, 000003]
6386	0	000006	000003	79	10.0	3.0	0,824	true	[000006, 000000, 000008, 000004, 000001, 000007, 000003]
6387	0	000006	000003	80	5.0	3.0	0,849	true	[000006, 000000, 000008, 000004, 000007, 000001, 000002, 000003]
6388	0	000006	000003	81	5.0	3.0	0,841	true	[000006, 000000, 000008, 000004, 000007, 000001, 000003]
6389	0	000006	000003	82	5.0	3.0	0,858	true	[000006, 000000, 000008, 000004, 000007, 000002, 000001, 000003]
6390	0	000006	000003	83	5.0	3.0	0,867	true	[000006, 000000, 000008, 000004, 000007, 000002, 000003]
6391	0	000006	000003	84	5.0	3.0	0,849	true	[000006, 000000, 000008, 000004, 000007, 000003]
6392	0	000006	000003	85	14.0	3.0	0,941	true	[000006, 000000, 000008, 000005, 000001, 000002, 000003]
6393	0	000006	000003	86	10.0	3.0	0,885	true	[000006, 000000, 000008, 000005, 000001, 000002, 000007, 000003]
6394	0	000006	000003	87	12.0	3.0	0,931	true	[000006, 000000, 000008, 000005, 000001, 000003]
6395	0	000006	000003	88	5.0	3.0	0,841	true	[000006, 000000, 000008, 000005, 000001, 000004, 000007, 000002, 000003]
6396	0	000006	000003	89	5.0	3.0	0,823	true	[000006, 000000, 000008, 000005, 000001, 000004, 000007, 000003]
6397	0	000006	000003	90	14.0	3.0	0,885	true	[000006, 000000, 000008, 000005, 000001, 000007, 000002, 000003]
6398	0	000006	000003	91	10.0	3.0	0,867	true	[000006, 000000, 000008, 000005, 000001, 000007, 000003]
6399	0	000006	000003	92	14.0	5.0	0,931	true	[000006, 000001, 000000, 000002, 000003]
6400	0	000006	000003	93	10.0	5.0	0,876	true	[000006, 000001, 000000, 000002, 000007, 000003]
6401	0	000006	000003	94	5.0	5.0	0,816	true	[000006, 000001, 000000, 000002, 000007, 000004, 000008, 000003]
6402	0	000006	000003	95	11.0	5.0	0,867	true	[000006, 000001, 000000, 000002, 000008, 000003]
6403	0	000006	000003	96	5.0	5.0	0,807	true	[000006, 000001, 000000, 000002, 000008, 000004, 000007, 000003]
6404	0	000006	000003	97	22.0	5.0	0,922	true	[000006, 000001, 000000, 000003]
6405	0	000006	000003	98	14.0	3.0	0,931	true	[000006, 000001, 000000, 000008, 000002, 000003]
6406	0	000006	000003	99	10.0	3.0	0,876	true	[000006, 000001, 000000, 000008, 000002, 000007, 000003]
6407	0	000006	000003	100	11.0	3.0	0,922	true	[000006, 000001, 000000, 000008, 000003]
6408	0	000006	000003	101	12.0	5.0	0,980	true	[000006, 000001, 000003]
6409	0	000006	000003	102	27.0	5.0	0,980	true	[000006, 000003]
6410	1	001002	001001	0	7.0	3.0	0,931	true	[001002, 001000, 001001]
6411	1	001002	001001	1	7.0	4.0	0,903	true	[001002, 001000, 001004, 001001]
6412	1	001002	001001	2	7.0	3.0	0,832	true	[001002, 001000, 001004, 001003, 001001]
6413	1	001002	001001	3	7.0	4.0	0,751	true	[001002, 001000, 001004, 001003, 001005, 001007, 001006, 001001]
6414	1	001002	001001	4	7.0	4.0	0,751	true	[001002, 001000, 001004, 001003, 001005, 001008, 001007, 001006, 001001]
6415	1	001002	001001	5	7.0	3.0	0,790	true	[001002, 001000, 001004, 001003, 001007, 001006, 001001]
6416	1	001002	001001	6	7.0	3.0	0,807	true	[001002, 001000, 001004, 001005, 001003, 001001]
6417	1	001002	001001	7	7.0	3.0	0,767	true	[001002, 001000, 001004, 001005, 001003, 001007, 001006, 001001]
6418	1	001002	001001	8	7.0	3.0	0,782	true	[001002, 001000, 001004, 001005, 001007, 001003, 001001]
6419	1	001002	001001	9	7.0	4.0	0,758	true	[001002, 001000, 001004, 001005, 001007, 001006, 001001]
6420	1	001002	001001	10	7.0	3.0	0,782	true	[001002, 001000, 001004, 001005, 001008, 001007, 001003, 001001]
6421	1	001002	001001	11	7.0	4.0	0,759	true	[001002, 001000, 001004, 001005, 001008, 001007, 001006, 001001]
6422	1	001002	001001	12	7.0	4.0	0,858	true	[001002, 001000, 001004, 001006, 001001]
6423	1	001002	001001	13	7.0	3.0	0,799	true	[001002, 001000, 001004, 001006, 001007, 001003, 001001]
6424	1	001002	001001	14	7.0	3.0	0,759	true	[001002, 001000, 001004, 001006, 001007, 001005, 001003, 001001]
6425	1	001002	001001	15	7.0	3.0	0,759	true	[001002, 001000, 001004, 001006, 001007, 001008, 001005, 001003, 001001]
6426	1	001002	001001	16	7.0	3.0	0,815	true	[001002, 001000, 001004, 001007, 001003, 001001]
6427	1	001002	001001	17	7.0	3.0	0,774	true	[001002, 001000, 001004, 001007, 001005, 001003, 001001]
6428	1	001002	001001	18	7.0	4.0	0,790	true	[001002, 001000, 001004, 001007, 001006, 001001]
6429	1	001002	001001	19	7.0	3.0	0,775	true	[001002, 001000, 001004, 001007, 001008, 001005, 001003, 001001]
6430	1	001002	001001	20	6.0	3.0	0,807	true	[001002, 001000, 001004, 001008, 001005, 001003, 001001]
6431	1	001002	001001	21	6.0	3.0	0,767	true	[001002, 001000, 001004, 001008, 001005, 001003, 001007, 001006, 001001]
6432	1	001002	001001	22	6.0	3.0	0,783	true	[001002, 001000, 001004, 001008, 001005, 001007, 001003, 001001]
6433	1	001002	001001	23	6.0	4.0	0,759	true	[001002, 001000, 001004, 001008, 001005, 001007, 001006, 001001]
6434	1	001002	001001	24	6.0	3.0	0,799	true	[001002, 001000, 001004, 001008, 001007, 001003, 001001]
6435	1	001002	001001	25	6.0	3.0	0,759	true	[001002, 001000, 001004, 001008, 001007, 001005, 001003, 001001]
6436	1	001002	001001	26	6.0	4.0	0,774	true	[001002, 001000, 001004, 001008, 001007, 001006, 001001]
6437	1	001002	001001	27	7.0	3.0	0,849	true	[001002, 001000, 001005, 001003, 001001]
6438	1	001002	001001	28	7.0	5.0	0,849	true	[001002, 001000, 001005, 001003, 001004, 001001]
6439	1	001002	001001	29	7.0	5.0	0,807	true	[001002, 001000, 001005, 001003, 001004, 001006, 001001]
6440	1	001002	001001	30	7.0	5.0	0,743	true	[001002, 001000, 001005, 001003, 001004, 001007, 001006, 001001]
6441	1	001002	001001	31	6.0	5.0	0,729	true	[001002, 001000, 001005, 001003, 001004, 001008, 001007, 001006, 001001]
6442	1	001002	001001	32	7.0	3.0	0,832	true	[001002, 001000, 001005, 001003, 001007, 001004, 001001]
6443	1	001002	001001	33	7.0	3.0	0,791	true	[001002, 001000, 001005, 001003, 001007, 001004, 001006, 001001]
6444	1	001002	001001	34	7.0	3.0	0,807	true	[001002, 001000, 001005, 001003, 001007, 001006, 001001]
6445	1	001002	001001	35	7.0	3.0	0,815	true	[001002, 001000, 001005, 001003, 001007, 001006, 001004, 001001]
6446	1	001002	001001	36	6.0	3.0	0,815	true	[001002, 001000, 001005, 001003, 001007, 001008, 001004, 001001]
6447	1	001002	001001	37	6.0	3.0	0,775	true	[001002, 001000, 001005, 001003, 001007, 001008, 001004, 001006, 001001]
6448	1	001002	001001	38	7.0	4.0	0,857	true	[001002, 001000, 001005, 001004, 001001]
6449	1	001002	001001	39	7.0	3.0	0,790	true	[001002, 001000, 001005, 001004, 001003, 001001]
6450	1	001002	001001	40	7.0	3.0	0,751	true	[001002, 001000, 001005, 001004, 001003, 001007, 001006, 001001]
6451	1	001002	001001	41	7.0	4.0	0,815	true	[001002, 001000, 001005, 001004, 001006, 001001]
6452	1	001002	001001	42	7.0	3.0	0,759	true	[001002, 001000, 001005, 001004, 001006, 001007, 001003, 001001]
6453	1	001002	001001	43	7.0	3.0	0,774	true	[001002, 001000, 001005, 001004, 001007, 001003, 001001]
6454	1	001002	001001	44	7.0	4.0	0,751	true	[001002, 001000, 001005, 001004, 001007, 001006, 001001]
6455	1	001002	001001	45	6.0	3.0	0,759	true	[001002, 001000, 001005, 001004, 001008, 001007, 001003, 001001]
6456	1	001002	001001	46	6.0	4.0	0,736	true	[001002, 001000, 001005, 001004, 001008, 001007, 001006, 001001]
6457	1	001002	001001	47	7.0	3.0	0,823	true	[001002, 001000, 001005, 001007, 001003, 001001]
6458	1	001002	001001	48	7.0	3.0	0,823	true	[001002, 001000, 001005, 001007, 001003, 001004, 001001]
6459	1	001002	001001	49	7.0	3.0	0,783	true	[001002, 001000, 001005, 001007, 001003, 001004, 001006, 001001]
6460	1	001002	001001	50	7.0	5.0	0,823	true	[001002, 001000, 001005, 001007, 001004, 001001]
6461	1	001002	001001	51	7.0	3.0	0,759	true	[001002, 001000, 001005, 001007, 001004, 001003, 001001]
6462	1	001002	001001	52	7.0	5.0	0,782	true	[001002, 001000, 001005, 001007, 001004, 001006, 001001]
6463	1	001002	001001	53	7.0	5.0	0,798	true	[001002, 001000, 001005, 001007, 001006, 001001]
6464	1	001002	001001	54	7.0	5.0	0,807	true	[001002, 001000, 001005, 001007, 001006, 001004, 001001]
6465	1	001002	001001	55	7.0	3.0	0,743	true	[001002, 001000, 001005, 001007, 001006, 001004, 001003, 001001]
6466	1	001002	001001	56	6.0	5.0	0,807	true	[001002, 001000, 001005, 001007, 001008, 001004, 001001]
6467	1	001002	001001	57	6.0	3.0	0,744	true	[001002, 001000, 001005, 001007, 001008, 001004, 001003, 001001]
6468	1	001002	001001	58	6.0	5.0	0,767	true	[001002, 001000, 001005, 001007, 001008, 001004, 001006, 001001]
6469	1	001002	001001	59	6.0	5.0	0,858	true	[001002, 001000, 001005, 001008, 001004, 001001]
6470	1	001002	001001	60	6.0	3.0	0,790	true	[001002, 001000, 001005, 001008, 001004, 001003, 001001]
6471	1	001002	001001	61	6.0	3.0	0,751	true	[001002, 001000, 001005, 001008, 001004, 001003, 001007, 001006, 001001]
6472	1	001002	001001	62	6.0	5.0	0,815	true	[001002, 001000, 001005, 001008, 001004, 001006, 001001]
6473	1	001002	001001	63	6.0	3.0	0,759	true	[001002, 001000, 001005, 001008, 001004, 001006, 001007, 001003, 001001]
6474	1	001002	001001	64	6.0	3.0	0,774	true	[001002, 001000, 001005, 001008, 001004, 001007, 001003, 001001]
6475	1	001002	001001	65	6.0	5.0	0,751	true	[001002, 001000, 001005, 001008, 001004, 001007, 001006, 001001]
6476	1	001002	001001	66	7.0	3.0	0,824	true	[001002, 001000, 001005, 001008, 001007, 001003, 001001]
6477	1	001002	001001	67	7.0	3.0	0,824	true	[001002, 001000, 001005, 001008, 001007, 001003, 001004, 001001]
6478	1	001002	001001	68	7.0	3.0	0,783	true	[001002, 001000, 001005, 001008, 001007, 001003, 001004, 001006, 001001]
6479	1	001002	001001	69	7.0	5.0	0,823	true	[001002, 001000, 001005, 001008, 001007, 001004, 001001]
6480	1	001002	001001	70	7.0	3.0	0,759	true	[001002, 001000, 001005, 001008, 001007, 001004, 001003, 001001]
6481	1	001002	001001	71	7.0	5.0	0,783	true	[001002, 001000, 001005, 001008, 001007, 001004, 001006, 001001]
6482	1	001002	001001	72	7.0	5.0	0,799	true	[001002, 001000, 001005, 001008, 001007, 001006, 001001]
6483	1	001002	001001	73	7.0	5.0	0,807	true	[001002, 001000, 001005, 001008, 001007, 001006, 001004, 001001]
6484	1	001002	001001	74	7.0	3.0	0,744	true	[001002, 001000, 001005, 001008, 001007, 001006, 001004, 001003, 001001]
6485	1	001002	001001	75	7.0	3.0	0,894	true	[001002, 001000, 001007, 001003, 001001]
6486	1	001002	001001	76	7.0	3.0	0,894	true	[001002, 001000, 001007, 001003, 001004, 001001]
6487	1	001002	001001	77	7.0	3.0	0,850	true	[001002, 001000, 001007, 001003, 001004, 001006, 001001]
6488	1	001002	001001	78	7.0	3.0	0,867	true	[001002, 001000, 001007, 001003, 001005, 001004, 001001]
6489	1	001002	001001	79	7.0	3.0	0,824	true	[001002, 001000, 001007, 001003, 001005, 001004, 001006, 001001]
6490	1	001002	001001	80	6.0	3.0	0,867	true	[001002, 001000, 001007, 001003, 001005, 001008, 001004, 001001]
6491	1	001002	001001	81	6.0	3.0	0,824	true	[001002, 001000, 001007, 001003, 001005, 001008, 001004, 001006, 001001]
6492	1	001002	001001	82	7.0	5.0	0,893	true	[001002, 001000, 001007, 001004, 001001]
6493	1	001002	001001	83	7.0	3.0	0,823	true	[001002, 001000, 001007, 001004, 001003, 001001]
6494	1	001002	001001	84	7.0	3.0	0,799	true	[001002, 001000, 001007, 001004, 001005, 001003, 001001]
6495	1	001002	001001	85	7.0	5.0	0,849	true	[001002, 001000, 001007, 001004, 001006, 001001]
6496	1	001002	001001	86	6.0	3.0	0,799	true	[001002, 001000, 001007, 001004, 001008, 001005, 001003, 001001]
6497	1	001002	001001	87	7.0	3.0	0,849	true	[001002, 001000, 001007, 001005, 001003, 001001]
6498	1	001002	001001	88	7.0	6.0	0,849	true	[001002, 001000, 001007, 001005, 001003, 001004, 001001]
6499	1	001002	001001	89	7.0	5.0	0,807	true	[001002, 001000, 001007, 001005, 001003, 001004, 001006, 001001]
6500	1	001002	001001	90	7.0	4.0	0,858	true	[001002, 001000, 001007, 001005, 001004, 001001]
6501	1	001002	001001	91	7.0	3.0	0,790	true	[001002, 001000, 001007, 001005, 001004, 001003, 001001]
6502	1	001002	001001	92	7.0	4.0	0,815	true	[001002, 001000, 001007, 001005, 001004, 001006, 001001]
6503	1	001002	001001	93	6.0	5.0	0,858	true	[001002, 001000, 001007, 001005, 001008, 001004, 001001]
6504	1	001002	001001	94	6.0	3.0	0,791	true	[001002, 001000, 001007, 001005, 001008, 001004, 001003, 001001]
6505	1	001002	001001	95	6.0	5.0	0,816	true	[001002, 001000, 001007, 001005, 001008, 001004, 001006, 001001]
6506	1	001002	001001	96	7.0	6.0	0,867	true	[001002, 001000, 001007, 001006, 001001]
6507	1	001002	001001	97	7.0	5.0	0,876	true	[001002, 001000, 001007, 001006, 001004, 001001]
6508	1	001002	001001	98	7.0	3.0	0,807	true	[001002, 001000, 001007, 001006, 001004, 001003, 001001]
6509	1	001002	001001	99	7.0	3.0	0,783	true	[001002, 001000, 001007, 001006, 001004, 001005, 001003, 001001]
6510	1	001002	001001	100	6.0	3.0	0,783	true	[001002, 001000, 001007, 001006, 001004, 001008, 001005, 001003, 001001]
6511	1	001002	001001	101	23.0	4.0	0,990	true	[001002, 001001]
6512	2	002002	002006	0	9.0	3.0	0,894	true	[002002, 002000, 002003, 002001, 002004, 002006]
6513	2	002002	002006	1	9.0	4.0	0,841	true	[002002, 002000, 002003, 002001, 002004, 002007, 002005, 002008, 002006]
6514	2	002002	002006	2	9.0	4.0	0,841	true	[002002, 002000, 002003, 002001, 002004, 002007, 002008, 002006]
6515	2	002002	002006	3	9.0	4.0	0,824	true	[002002, 002000, 002003, 002001, 002004, 002008, 002006]
6516	2	002002	002006	4	9.0	3.0	0,895	true	[002002, 002000, 002003, 002001, 002005, 002007, 002004, 002006]
6517	2	002002	002006	5	9.0	4.0	0,824	true	[002002, 002000, 002003, 002001, 002005, 002007, 002004, 002008, 002006]
6518	2	002002	002006	6	9.0	3.0	0,841	true	[002002, 002000, 002003, 002001, 002005, 002007, 002008, 002004, 002006]
6519	2	002002	002006	7	9.0	4.0	0,858	true	[002002, 002000, 002003, 002001, 002005, 002007, 002008, 002006]
6520	2	002002	002006	8	9.0	3.0	0,876	true	[002002, 002000, 002003, 002001, 002005, 002008, 002004, 002006]
6521	2	002002	002006	9	9.0	4.0	0,894	true	[002002, 002000, 002003, 002001, 002005, 002008, 002006]
6522	2	002002	002006	10	9.0	3.0	0,895	true	[002002, 002000, 002003, 002001, 002005, 002008, 002007, 002004, 002006]
6523	2	002002	002006	11	9.0	4.0	0,903	true	[002002, 002000, 002003, 002001, 002006]
6524	2	002002	002006	12	9.0	3.0	0,913	true	[002002, 002000, 002003, 002001, 002007, 002004, 002006]
6525	2	002002	002006	13	9.0	4.0	0,841	true	[002002, 002000, 002003, 002001, 002007, 002004, 002008, 002006]
6526	2	002002	002006	14	9.0	3.0	0,858	true	[002002, 002000, 002003, 002001, 002007, 002005, 002008, 002004, 002006]
6527	2	002002	002006	15	9.0	4.0	0,876	true	[002002, 002000, 002003, 002001, 002007, 002005, 002008, 002006]
6528	2	002002	002006	16	9.0	3.0	0,858	true	[002002, 002000, 002003, 002001, 002007, 002008, 002004, 002006]
6529	2	002002	002006	17	9.0	4.0	0,876	true	[002002, 002000, 002003, 002001, 002007, 002008, 002006]
6530	2	002002	002006	18	9.0	3.0	0,858	true	[002002, 002000, 002003, 002001, 002008, 002004, 002006]
6531	2	002002	002006	19	9.0	3.0	0,877	true	[002002, 002000, 002003, 002001, 002008, 002005, 002007, 002004, 002006]
6532	2	002002	002006	20	9.0	4.0	0,876	true	[002002, 002000, 002003, 002001, 002008, 002006]
6533	2	002002	002006	21	9.0	3.0	0,877	true	[002002, 002000, 002003, 002001, 002008, 002007, 002004, 002006]
6534	2	002002	002006	22	19.0	3.0	0,903	true	[002002, 002000, 002003, 002005, 002001, 002004, 002006]
6535	2	002002	002006	23	19.0	4.0	0,850	true	[002002, 002000, 002003, 002005, 002001, 002004, 002007, 002008, 002006]
6536	2	002002	002006	24	19.0	4.0	0,832	true	[002002, 002000, 002003, 002005, 002001, 002004, 002008, 002006]
6537	2	002002	002006	25	19.0	4.0	0,912	true	[002002, 002000, 002003, 002005, 002001, 002006]
6538	2	002002	002006	26	19.0	3.0	0,922	true	[002002, 002000, 002003, 002005, 002001, 002007, 002004, 002006]
6539	2	002002	002006	27	19.0	4.0	0,849	true	[002002, 002000, 002003, 002005, 002001, 002007, 002004, 002008, 002006]
6540	2	002002	002006	28	19.0	3.0	0,867	true	[002002, 002000, 002003, 002005, 002001, 002007, 002008, 002004, 002006]
6541	2	002002	002006	29	19.0	4.0	0,885	true	[002002, 002000, 002003, 002005, 002001, 002007, 002008, 002006]
6542	2	002002	002006	30	19.0	3.0	0,867	true	[002002, 002000, 002003, 002005, 002001, 002008, 002004, 002006]
6543	2	002002	002006	31	19.0	4.0	0,885	true	[002002, 002000, 002003, 002005, 002001, 002008, 002006]
6544	2	002002	002006	32	19.0	3.0	0,886	true	[002002, 002000, 002003, 002005, 002001, 002008, 002007, 002004, 002006]
6545	2	002002	002006	33	19.0	3.0	0,885	true	[002002, 002000, 002003, 002005, 002007, 002001, 002004, 002006]
6546	2	002002	002006	34	19.0	4.0	0,815	true	[002002, 002000, 002003, 002005, 002007, 002001, 002004, 002008, 002006]
6547	2	002002	002006	35	19.0	4.0	0,894	true	[002002, 002000, 002003, 002005, 002007, 002001, 002006]
6548	2	002002	002006	36	19.0	3.0	0,850	true	[002002, 002000, 002003, 002005, 002007, 002001, 002008, 002004, 002006]
6549	2	002002	002006	37	19.0	4.0	0,867	true	[002002, 002000, 002003, 002005, 002007, 002001, 002008, 002006]
6550	2	002002	002006	38	19.0	4.0	0,859	true	[002002, 002000, 002003, 002005, 002007, 002004, 002001, 002006]
6551	2	002002	002006	39	19.0	4.0	0,833	true	[002002, 002000, 002003, 002005, 002007, 002004, 002001, 002008, 002006]
6552	2	002002	002006	40	19.0	3.0	0,904	true	[002002, 002000, 002003, 002005, 002007, 002004, 002006]
6553	2	002002	002006	41	19.0	4.0	0,824	true	[002002, 002000, 002003, 002005, 002007, 002004, 002008, 002001, 002006]
6554	2	002002	002006	42	19.0	4.0	0,832	true	[002002, 002000, 002003, 002005, 002007, 002004, 002008, 002006]
6555	2	002002	002006	43	19.0	3.0	0,850	true	[002002, 002000, 002003, 002005, 002007, 002008, 002001, 002004, 002006]
6556	2	002002	002006	44	19.0	4.0	0,859	true	[002002, 002000, 002003, 002005, 002007, 002008, 002001, 002006]
6557	2	002002	002006	45	19.0	4.0	0,807	true	[002002, 002000, 002003, 002005, 002007, 002008, 002004, 002001, 002006]
6558	2	002002	002006	46	19.0	3.0	0,850	true	[002002, 002000, 002003, 002005, 002007, 002008, 002004, 002006]
6559	2	002002	002006	47	19.0	4.0	0,867	true	[002002, 002000, 002003, 002005, 002007, 002008, 002006]
6560	2	002002	002006	48	19.0	3.0	0,885	true	[002002, 002000, 002003, 002005, 002008, 002001, 002004, 002006]
6561	2	002002	002006	49	19.0	4.0	0,894	true	[002002, 002000, 002003, 002005, 002008, 002001, 002006]
6562	2	002002	002006	50	19.0	3.0	0,904	true	[002002, 002000, 002003, 002005, 002008, 002001, 002007, 002004, 002006]
6563	2	002002	002006	51	19.0	4.0	0,841	true	[002002, 002000, 002003, 002005, 002008, 002004, 002001, 002006]
6564	2	002002	002006	52	19.0	3.0	0,885	true	[002002, 002000, 002003, 002005, 002008, 002004, 002006]
6565	2	002002	002006	53	19.0	4.0	0,858	true	[002002, 002000, 002003, 002005, 002008, 002004, 002007, 002001, 002006]
6566	2	002002	002006	54	19.0	4.0	0,903	true	[002002, 002000, 002003, 002005, 002008, 002006]
6567	2	002002	002006	55	19.0	3.0	0,885	true	[002002, 002000, 002003, 002005, 002008, 002007, 002001, 002004, 002006]
6568	2	002002	002006	56	19.0	4.0	0,894	true	[002002, 002000, 002003, 002005, 002008, 002007, 002001, 002006]
6569	2	002002	002006	57	19.0	4.0	0,859	true	[002002, 002000, 002003, 002005, 002008, 002007, 002004, 002001, 002006]
6570	2	002002	002006	58	19.0	3.0	0,904	true	[002002, 002000, 002003, 002005, 002008, 002007, 002004, 002006]
6571	2	002002	002006	59	19.0	3.0	0,903	true	[002002, 002000, 002003, 002007, 002001, 002004, 002006]
6572	2	002002	002006	60	19.0	4.0	0,832	true	[002002, 002000, 002003, 002007, 002001, 002004, 002008, 002006]
6573	2	002002	002006	61	19.0	3.0	0,885	true	[002002, 002000, 002003, 002007, 002001, 002005, 002008, 002004, 002006]
6574	2	002002	002006	62	19.0	4.0	0,903	true	[002002, 002000, 002003, 002007, 002001, 002005, 002008, 002006]
6575	2	002002	002006	63	19.0	4.0	0,912	true	[002002, 002000, 002003, 002007, 002001, 002006]
6576	2	002002	002006	64	19.0	3.0	0,867	true	[002002, 002000, 002003, 002007, 002001, 002008, 002004, 002006]
6577	2	002002	002006	65	19.0	4.0	0,885	true	[002002, 002000, 002003, 002007, 002001, 002008, 002006]
6578	2	002002	002006	66	19.0	4.0	0,867	true	[002002, 002000, 002003, 002007, 002004, 002001, 002005, 002008, 002006]
6579	2	002002	002006	67	19.0	4.0	0,876	true	[002002, 002000, 002003, 002007, 002004, 002001, 002006]
6580	2	002002	002006	68	19.0	4.0	0,850	true	[002002, 002000, 002003, 002007, 002004, 002001, 002008, 002006]
6581	2	002002	002006	69	19.0	3.0	0,922	true	[002002, 002000, 002003, 002007, 002004, 002006]
6582	2	002002	002006	70	19.0	4.0	0,841	true	[002002, 002000, 002003, 002007, 002004, 002008, 002001, 002006]
6583	2	002002	002006	71	19.0	4.0	0,858	true	[002002, 002000, 002003, 002007, 002004, 002008, 002005, 002001, 002006]
6584	2	002002	002006	72	19.0	4.0	0,849	true	[002002, 002000, 002003, 002007, 002004, 002008, 002006]
6585	2	002002	002006	73	19.0	3.0	0,885	true	[002002, 002000, 002003, 002007, 002005, 002001, 002004, 002006]
6586	2	002002	002006	74	19.0	4.0	0,815	true	[002002, 002000, 002003, 002007, 002005, 002001, 002004, 002008, 002006]
6587	2	002002	002006	75	19.0	4.0	0,894	true	[002002, 002000, 002003, 002007, 002005, 002001, 002006]
6588	2	002002	002006	76	19.0	3.0	0,850	true	[002002, 002000, 002003, 002007, 002005, 002001, 002008, 002004, 002006]
6589	2	002002	002006	77	19.0	4.0	0,867	true	[002002, 002000, 002003, 002007, 002005, 002001, 002008, 002006]
6590	2	002002	002006	78	19.0	3.0	0,868	true	[002002, 002000, 002003, 002007, 002005, 002008, 002001, 002004, 002006]
6591	2	002002	002006	79	19.0	4.0	0,876	true	[002002, 002000, 002003, 002007, 002005, 002008, 002001, 002006]
6592	2	002002	002006	80	19.0	4.0	0,824	true	[002002, 002000, 002003, 002007, 002005, 002008, 002004, 002001, 002006]
6593	2	002002	002006	81	19.0	3.0	0,867	true	[002002, 002000, 002003, 002007, 002005, 002008, 002004, 002006]
6594	2	002002	002006	82	19.0	4.0	0,885	true	[002002, 002000, 002003, 002007, 002005, 002008, 002006]
6595	2	002002	002006	83	19.0	3.0	0,868	true	[002002, 002000, 002003, 002007, 002008, 002001, 002004, 002006]
6596	2	002002	002006	84	19.0	4.0	0,876	true	[002002, 002000, 002003, 002007, 002008, 002001, 002006]
6597	2	002002	002006	85	19.0	4.0	0,824	true	[002002, 002000, 002003, 002007, 002008, 002004, 002001, 002006]
6598	2	002002	002006	86	19.0	3.0	0,867	true	[002002, 002000, 002003, 002007, 002008, 002004, 002006]
6599	2	002002	002006	87	19.0	3.0	0,885	true	[002002, 002000, 002003, 002007, 002008, 002005, 002001, 002004, 002006]
6600	2	002002	002006	88	19.0	4.0	0,894	true	[002002, 002000, 002003, 002007, 002008, 002005, 002001, 002006]
6601	2	002002	002006	89	19.0	4.0	0,885	true	[002002, 002000, 002003, 002007, 002008, 002006]
6602	2	002002	002006	90	9.0	4.0	0,867	true	[002002, 002000, 002004, 002001, 002003, 002005, 002007, 002008, 002006]
6603	2	002002	002006	91	9.0	4.0	0,903	true	[002002, 002000, 002004, 002001, 002003, 002005, 002008, 002006]
6604	2	002002	002006	92	9.0	4.0	0,885	true	[002002, 002000, 002004, 002001, 002003, 002007, 002005, 002008, 002006]
6605	2	002002	002006	93	9.0	4.0	0,885	true	[002002, 002000, 002004, 002001, 002003, 002007, 002008, 002006]
6606	2	002002	002006	94	19.0	4.0	0,894	true	[002002, 002000, 002004, 002001, 002005, 002003, 002007, 002008, 002006]
6607	2	002002	002006	95	19.0	4.0	0,876	true	[002002, 002000, 002004, 002001, 002005, 002007, 002008, 002006]
6608	2	002002	002006	96	19.0	4.0	0,912	true	[002002, 002000, 002004, 002001, 002005, 002008, 002006]
6609	2	002002	002006	97	19.0	4.0	0,922	true	[002002, 002000, 002004, 002001, 002006]
6610	2	002002	002006	98	19.0	4.0	0,912	true	[002002, 002000, 002004, 002001, 002007, 002003, 002005, 002008, 002006]
6611	2	002002	002006	99	19.0	4.0	0,894	true	[002002, 002000, 002004, 002001, 002007, 002005, 002008, 002006]
6612	2	002002	002006	100	19.0	4.0	0,894	true	[002002, 002000, 002004, 002001, 002007, 002008, 002006]
6613	2	002002	002006	101	19.0	3.0	0,970	true	[002002, 002000, 002004, 002006]
6614	2	002002	002006	102	19.0	4.0	0,950	true	[002002, 002000, 002006]
6615	2	002002	002006	103	25.0	6.0	0,950	true	[002002, 002006]
6616	3	003000	003007	0	20.0	3.0	0,894	true	[003000, 003002, 003001, 003005, 003003, 003004, 003007]
6617	3	003000	003007	1	5.0	3.0	0,850	true	[003000, 003002, 003001, 003005, 003003, 003004, 003008, 003006, 003007]
6618	3	003000	003007	2	20.0	3.0	0,859	true	[003000, 003002, 003001, 003005, 003003, 003008, 003004, 003007]
6619	3	003000	003007	3	5.0	3.0	0,867	true	[003000, 003002, 003001, 003005, 003003, 003008, 003006, 003007]
6620	3	003000	003007	4	5.0	3.0	0,895	true	[003000, 003002, 003001, 003005, 003004, 003003, 003008, 003006, 003007]
6621	3	003000	003007	5	28.0	3.0	0,960	true	[003000, 003002, 003001, 003005, 003004, 003007]
6622	3	003000	003007	6	5.0	3.0	0,913	true	[003000, 003002, 003001, 003005, 003004, 003008, 003006, 003007]
6623	3	003000	003007	7	26.0	3.0	0,941	true	[003000, 003002, 003001, 003007]
6624	3	003000	003007	8	26.0	3.0	0,894	true	[003000, 003002, 003003, 003004, 003005, 003001, 003007]
6625	3	003000	003007	9	46.0	3.0	0,931	true	[003000, 003002, 003003, 003004, 003007]
6626	3	003000	003007	10	5.0	3.0	0,885	true	[003000, 003002, 003003, 003004, 003008, 003006, 003007]
6627	3	003000	003007	11	20.0	3.0	0,867	true	[003000, 003002, 003003, 003005, 003001, 003007]
6628	3	003000	003007	12	20.0	5.0	0,903	true	[003000, 003002, 003003, 003005, 003004, 003007]
6629	3	003000	003007	13	5.0	4.0	0,858	true	[003000, 003002, 003003, 003005, 003004, 003008, 003006, 003007]
6630	3	003000	003007	14	26.0	3.0	0,859	true	[003000, 003002, 003003, 003008, 003004, 003005, 003001, 003007]
6631	3	003000	003007	15	27.0	6.0	0,894	true	[003000, 003002, 003003, 003008, 003004, 003007]
6632	3	003000	003007	16	5.0	4.0	0,903	true	[003000, 003002, 003003, 003008, 003006, 003007]
6633	3	003000	003007	17	5.0	3.0	0,885	true	[003000, 003002, 003004, 003003, 003005, 003001, 003007]
6634	3	003000	003007	18	5.0	3.0	0,922	true	[003000, 003002, 003004, 003003, 003008, 003006, 003007]
6635	3	003000	003007	19	5.0	3.0	0,951	true	[003000, 003002, 003004, 003005, 003001, 003007]
6636	3	003000	003007	20	5.0	4.0	0,894	true	[003000, 003002, 003004, 003005, 003003, 003008, 003006, 003007]
6637	3	003000	003007	21	5.0	6.0	0,990	true	[003000, 003002, 003004, 003007]
6638	3	003000	003007	22	5.0	3.0	0,850	true	[003000, 003002, 003004, 003008, 003003, 003005, 003001, 003007]
6639	3	003000	003007	23	5.0	4.0	0,941	true	[003000, 003002, 003004, 003008, 003006, 003007]
6640	3	003000	003007	24	14.0	3.0	0,868	true	[003000, 003002, 003008, 003003, 003004, 003005, 003001, 003007]
6641	3	003000	003007	25	14.0	3.0	0,903	true	[003000, 003002, 003008, 003003, 003004, 003007]
6642	3	003000	003007	26	14.0	3.0	0,841	true	[003000, 003002, 003008, 003003, 003005, 003001, 003007]
6643	3	003000	003007	27	14.0	3.0	0,876	true	[003000, 003002, 003008, 003003, 003005, 003004, 003007]
6644	3	003000	003007	28	14.0	3.0	0,824	true	[003000, 003002, 003008, 003004, 003003, 003005, 003001, 003007]
6645	3	003000	003007	29	14.0	3.0	0,885	true	[003000, 003002, 003008, 003004, 003005, 003001, 003007]
6646	3	003000	003007	30	14.0	3.0	0,922	true	[003000, 003002, 003008, 003004, 003007]
6647	3	003000	003007	31	5.0	3.0	0,931	true	[003000, 003002, 003008, 003006, 003007]
6648	3	003000	003007	32	5.0	3.0	0,832	true	[003000, 003004, 003002, 003001, 003005, 003003, 003008, 003006, 003007]
6649	3	003000	003007	33	5.0	3.0	0,903	true	[003000, 003004, 003002, 003001, 003007]
6650	3	003000	003007	34	5.0	3.0	0,832	true	[003000, 003004, 003002, 003003, 003005, 003001, 003007]
6651	3	003000	003007	35	5.0	4.0	0,867	true	[003000, 003004, 003002, 003003, 003008, 003006, 003007]
6652	3	003000	003007	36	5.0	3.0	0,807	true	[003000, 003004, 003002, 003008, 003003, 003005, 003001, 003007]
6653	3	003000	003007	37	5.0	3.0	0,894	true	[003000, 003004, 003002, 003008, 003006, 003007]
6654	3	003000	003007	38	8.0	3.0	0,850	true	[003000, 003004, 003003, 003002, 003001, 003007]
6655	3	003000	003007	39	5.0	3.0	0,841	true	[003000, 003004, 003003, 003002, 003008, 003006, 003007]
6656	3	003000	003007	40	5.0	3.0	0,807	true	[003000, 003004, 003003, 003005, 003001, 003002, 003008, 003006, 003007]
6657	3	003000	003007	41	8.0	3.0	0,849	true	[003000, 003004, 003003, 003005, 003001, 003007]
6658	3	003000	003007	42	8.0	3.0	0,824	true	[003000, 003004, 003003, 003008, 003002, 003001, 003007]
6659	3	003000	003007	43	5.0	3.0	0,885	true	[003000, 003004, 003003, 003008, 003006, 003007]
6660	3	003000	003007	44	5.0	3.0	0,841	true	[003000, 003004, 003005, 003001, 003002, 003003, 003008, 003006, 003007]
6661	3	003000	003007	45	5.0	3.0	0,867	true	[003000, 003004, 003005, 003001, 003002, 003008, 003006, 003007]
6662	3	003000	003007	46	8.0	3.0	0,912	true	[003000, 003004, 003005, 003001, 003007]
6663	3	003000	003007	47	8.0	3.0	0,824	true	[003000, 003004, 003005, 003003, 003002, 003001, 003007]
6664	3	003000	003007	48	5.0	3.0	0,815	true	[003000, 003004, 003005, 003003, 003002, 003008, 003006, 003007]
6665	3	003000	003007	49	8.0	3.0	0,799	true	[003000, 003004, 003005, 003003, 003008, 003002, 003001, 003007]
6666	3	003000	003007	50	5.0	4.0	0,858	true	[003000, 003004, 003005, 003003, 003008, 003006, 003007]
6667	3	003000	003007	51	8.0	8.0	0,950	true	[003000, 003004, 003007]
6668	3	003000	003007	52	8.0	3.0	0,841	true	[003000, 003004, 003008, 003002, 003001, 003007]
6669	3	003000	003007	53	8.0	3.0	0,775	true	[003000, 003004, 003008, 003002, 003003, 003005, 003001, 003007]
6670	3	003000	003007	54	8.0	3.0	0,816	true	[003000, 003004, 003008, 003003, 003002, 003001, 003007]
6671	3	003000	003007	55	8.0	3.0	0,815	true	[003000, 003004, 003008, 003003, 003005, 003001, 003007]
6672	3	003000	003007	56	5.0	4.0	0,903	true	[003000, 003004, 003008, 003006, 003007]
6673	3	003000	003007	57	28.0	3.0	0,867	true	[003000, 003005, 003001, 003002, 003003, 003004, 003007]
6674	3	003000	003007	58	5.0	3.0	0,824	true	[003000, 003005, 003001, 003002, 003003, 003004, 003008, 003006, 003007]
6675	3	003000	003007	59	27.0	3.0	0,833	true	[003000, 003005, 003001, 003002, 003003, 003008, 003004, 003007]
6676	3	003000	003007	60	5.0	3.0	0,841	true	[003000, 003005, 003001, 003002, 003003, 003008, 003006, 003007]
6677	3	003000	003007	61	5.0	3.0	0,859	true	[003000, 003005, 003001, 003002, 003004, 003003, 003008, 003006, 003007]
6678	3	003000	003007	62	5.0	3.0	0,922	true	[003000, 003005, 003001, 003002, 003004, 003007]
6679	3	003000	003007	63	5.0	3.0	0,876	true	[003000, 003005, 003001, 003002, 003004, 003008, 003006, 003007]
6680	3	003000	003007	64	14.0	3.0	0,841	true	[003000, 003005, 003001, 003002, 003008, 003003, 003004, 003007]
6681	3	003000	003007	65	14.0	3.0	0,858	true	[003000, 003005, 003001, 003002, 003008, 003004, 003007]
6682	3	003000	003007	66	5.0	3.0	0,867	true	[003000, 003005, 003001, 003002, 003008, 003006, 003007]
6683	3	003000	003007	67	26.0	3.0	0,912	true	[003000, 003005, 003001, 003007]
6684	3	003000	003007	68	20.0	3.0	0,824	true	[003000, 003005, 003003, 003002, 003001, 003007]
6685	3	003000	003007	69	5.0	6.0	0,866	true	[003000, 003005, 003003, 003002, 003004, 003007]
6686	3	003000	003007	70	5.0	4.0	0,824	true	[003000, 003005, 003003, 003002, 003004, 003008, 003006, 003007]
6687	3	003000	003007	71	14.0	3.0	0,807	true	[003000, 003005, 003003, 003002, 003008, 003004, 003007]
6688	3	003000	003007	72	5.0	3.0	0,815	true	[003000, 003005, 003003, 003002, 003008, 003006, 003007]
6689	3	003000	003007	73	5.0	3.0	0,841	true	[003000, 003005, 003003, 003004, 003002, 003001, 003007]
6690	3	003000	003007	74	5.0	3.0	0,832	true	[003000, 003005, 003003, 003004, 003002, 003008, 003006, 003007]
6691	3	003000	003007	75	20.0	3.0	0,884	true	[003000, 003005, 003003, 003004, 003007]
6692	3	003000	003007	76	14.0	3.0	0,783	true	[003000, 003005, 003003, 003004, 003008, 003002, 003001, 003007]
6693	3	003000	003007	77	5.0	3.0	0,841	true	[003000, 003005, 003003, 003004, 003008, 003006, 003007]
6694	3	003000	003007	78	14.0	3.0	0,799	true	[003000, 003005, 003003, 003008, 003002, 003001, 003007]
6695	3	003000	003007	79	5.0	3.0	0,840	true	[003000, 003005, 003003, 003008, 003002, 003004, 003007]
6696	3	003000	003007	80	5.0	3.0	0,807	true	[003000, 003005, 003003, 003008, 003004, 003002, 003001, 003007]
6697	3	003000	003007	81	20.0	6.0	0,849	true	[003000, 003005, 003003, 003008, 003004, 003007]
6698	3	003000	003007	82	5.0	4.0	0,858	true	[003000, 003005, 003003, 003008, 003006, 003007]
6699	3	003000	003007	83	5.0	3.0	0,903	true	[003000, 003005, 003004, 003002, 003001, 003007]
6700	3	003000	003007	84	5.0	4.0	0,867	true	[003000, 003005, 003004, 003002, 003003, 003008, 003006, 003007]
6701	3	003000	003007	85	5.0	3.0	0,894	true	[003000, 003005, 003004, 003002, 003008, 003006, 003007]
6702	3	003000	003007	86	26.0	3.0	0,850	true	[003000, 003005, 003004, 003003, 003002, 003001, 003007]
6703	3	003000	003007	87	5.0	3.0	0,841	true	[003000, 003005, 003004, 003003, 003002, 003008, 003006, 003007]
6704	3	003000	003007	88	14.0	3.0	0,824	true	[003000, 003005, 003004, 003003, 003008, 003002, 003001, 003007]
6705	3	003000	003007	89	5.0	3.0	0,885	true	[003000, 003005, 003004, 003003, 003008, 003006, 003007]
6706	3	003000	003007	90	40.0	5.0	0,950	true	[003000, 003005, 003004, 003007]
6707	3	003000	003007	91	14.0	3.0	0,841	true	[003000, 003005, 003004, 003008, 003002, 003001, 003007]
6708	3	003000	003007	92	26.0	3.0	0,816	true	[003000, 003005, 003004, 003008, 003003, 003002, 003001, 003007]
6709	3	003000	003007	93	5.0	4.0	0,903	true	[003000, 003005, 003004, 003008, 003006, 003007]
6710	3	003000	003007	94	37.0	6.0	0,980	true	[003000, 003007]
6711	3	003000	003007	95	7.0	3.0	0,832	true	[003000, 003008, 003002, 003001, 003005, 003003, 003004, 003007]
6712	3	003000	003007	96	7.0	3.0	0,894	true	[003000, 003008, 003002, 003001, 003005, 003004, 003007]
6713	3	003000	003007	97	7.0	3.0	0,876	true	[003000, 003008, 003002, 003001, 003007]
6714	3	003000	003007	98	7.0	3.0	0,833	true	[003000, 003008, 003002, 003003, 003004, 003005, 003001, 003007]
6715	3	003000	003007	99	7.0	3.0	0,867	true	[003000, 003008, 003002, 003003, 003004, 003007]
6716	3	003000	003007	100	7.0	3.0	0,807	true	[003000, 003008, 003002, 003003, 003005, 003001, 003007]
6717	4	004003	004007	0	11.0	3.0	0,867	true	[004003, 004000, 004001, 004002, 004004, 004005, 004006, 004008, 004007]
6718	4	004003	004007	1	11.0	3.0	0,885	true	[004003, 004000, 004001, 004002, 004004, 004005, 004007]
6719	4	004003	004007	2	11.0	3.0	0,876	true	[004003, 004000, 004001, 004002, 004004, 004005, 004008, 004007]
6720	4	004003	004007	3	11.0	3.0	0,895	true	[004003, 004000, 004001, 004002, 004004, 004006, 004005, 004007]
6721	4	004003	004007	4	11.0	3.0	0,885	true	[004003, 004000, 004001, 004002, 004004, 004006, 004005, 004008, 004007]
6722	4	004003	004007	5	11.0	3.0	0,868	true	[004003, 004000, 004001, 004002, 004004, 004006, 004008, 004005, 004007]
6723	4	004003	004007	6	11.0	3.0	0,932	true	[004003, 004000, 004001, 004002, 004004, 004006, 004008, 004007]
6724	4	004003	004007	7	11.0	3.0	0,932	true	[004003, 004000, 004001, 004002, 004004, 004007]
6725	4	004003	004007	8	11.0	3.0	0,885	true	[004003, 004000, 004001, 004002, 004005, 004004, 004006, 004008, 004007]
6726	4	004003	004007	9	11.0	3.0	0,885	true	[004003, 004000, 004001, 004002, 004005, 004004, 004007]
6727	4	004003	004007	10	11.0	3.0	0,895	true	[004003, 004000, 004001, 004002, 004005, 004006, 004004, 004007]
6728	4	004003	004007	11	11.0	3.0	0,913	true	[004003, 004000, 004001, 004002, 004005, 004006, 004008, 004007]
6729	4	004003	004007	12	11.0	3.0	0,932	true	[004003, 004000, 004001, 004002, 004005, 004007]
6730	4	004003	004007	13	11.0	3.0	0,868	true	[004003, 004000, 004001, 004002, 004005, 004008, 004006, 004004, 004007]
6731	4	004003	004007	14	11.0	3.0	0,922	true	[004003, 004000, 004001, 004002, 004005, 004008, 004007]
6732	4	004003	004007	15	11.0	3.0	0,849	true	[004003, 004000, 004001, 004002, 004006, 004004, 004005, 004007]
6733	4	004003	004007	16	11.0	3.0	0,841	true	[004003, 004000, 004001, 004002, 004006, 004004, 004005, 004008, 004007]
6734	4	004003	004007	17	11.0	3.0	0,894	true	[004003, 004000, 004001, 004002, 004006, 004004, 004007]
6735	4	004003	004007	18	11.0	3.0	0,832	true	[004003, 004000, 004001, 004002, 004006, 004005, 004004, 004007]
6736	4	004003	004007	19	11.0	3.0	0,876	true	[004003, 004000, 004001, 004002, 004006, 004005, 004007]
6737	4	004003	004007	20	11.0	3.0	0,867	true	[004003, 004000, 004001, 004002, 004006, 004005, 004008, 004007]
6738	4	004003	004007	21	11.0	3.0	0,807	true	[004003, 004000, 004001, 004002, 004006, 004008, 004005, 004004, 004007]
6739	4	004003	004007	22	11.0	3.0	0,850	true	[004003, 004000, 004001, 004002, 004006, 004008, 004005, 004007]
6740	4	004003	004007	23	11.0	3.0	0,912	true	[004003, 004000, 004001, 004002, 004006, 004008, 004007]
6741	4	004003	004007	24	11.0	3.0	0,951	true	[004003, 004000, 004001, 004002, 004007]
6742	4	004003	004007	25	11.0	3.0	0,858	true	[004003, 004000, 004001, 004002, 004008, 004005, 004004, 004007]
6743	4	004003	004007	26	11.0	3.0	0,868	true	[004003, 004000, 004001, 004002, 004008, 004005, 004006, 004004, 004007]
6744	4	004003	004007	27	11.0	3.0	0,903	true	[004003, 004000, 004001, 004002, 004008, 004005, 004007]
6745	4	004003	004007	28	11.0	3.0	0,867	true	[004003, 004000, 004001, 004002, 004008, 004006, 004004, 004005, 004007]
6746	4	004003	004007	29	11.0	3.0	0,913	true	[004003, 004000, 004001, 004002, 004008, 004006, 004004, 004007]
6747	4	004003	004007	30	11.0	3.0	0,850	true	[004003, 004000, 004001, 004002, 004008, 004006, 004005, 004004, 004007]
6748	4	004003	004007	31	11.0	3.0	0,895	true	[004003, 004000, 004001, 004002, 004008, 004006, 004005, 004007]
6749	4	004003	004007	32	11.0	3.0	0,970	true	[004003, 004000, 004001, 004002, 004008, 004007]
6750	4	004003	004007	33	5.0	3.0	0,886	true	[004003, 004000, 004001, 004004, 004002, 004005, 004006, 004008, 004007]
6751	4	004003	004007	34	5.0	3.0	0,904	true	[004003, 004000, 004001, 004004, 004002, 004005, 004007]
6752	4	004003	004007	35	5.0	3.0	0,894	true	[004003, 004000, 004001, 004004, 004002, 004005, 004008, 004007]
6753	4	004003	004007	36	5.0	3.0	0,850	true	[004003, 004000, 004001, 004004, 004002, 004006, 004005, 004007]
6754	4	004003	004007	37	5.0	3.0	0,841	true	[004003, 004000, 004001, 004004, 004002, 004006, 004005, 004008, 004007]
6755	4	004003	004007	38	5.0	3.0	0,824	true	[004003, 004000, 004001, 004004, 004002, 004006, 004008, 004005, 004007]
6756	4	004003	004007	39	5.0	3.0	0,885	true	[004003, 004000, 004001, 004004, 004002, 004006, 004008, 004007]
6757	4	004003	004007	40	5.0	3.0	0,922	true	[004003, 004000, 004001, 004004, 004002, 004007]
6758	4	004003	004007	41	5.0	3.0	0,876	true	[004003, 004000, 004001, 004004, 004002, 004008, 004005, 004007]
6759	4	004003	004007	42	5.0	3.0	0,868	true	[004003, 004000, 004001, 004004, 004002, 004008, 004006, 004005, 004007]
6760	4	004003	004007	43	5.0	3.0	0,941	true	[004003, 004000, 004001, 004004, 004002, 004008, 004007]
6761	4	004003	004007	44	5.0	3.0	0,841	true	[004003, 004000, 004001, 004004, 004005, 004002, 004006, 004008, 004007]
6762	4	004003	004007	45	5.0	3.0	0,876	true	[004003, 004000, 004001, 004004, 004005, 004002, 004007]
6763	4	004003	004007	46	5.0	3.0	0,894	true	[004003, 004000, 004001, 004004, 004005, 004002, 004008, 004007]
6764	4	004003	004007	47	5.0	3.0	0,824	true	[004003, 004000, 004001, 004004, 004005, 004006, 004002, 004007]
6765	4	004003	004007	48	5.0	3.0	0,841	true	[004003, 004000, 004001, 004004, 004005, 004006, 004002, 004008, 004007]
6766	4	004003	004007	49	5.0	3.0	0,841	true	[004003, 004000, 004001, 004004, 004005, 004006, 004008, 004002, 004007]
6767	4	004003	004007	50	5.0	3.0	0,876	true	[004003, 004000, 004001, 004004, 004005, 004006, 004008, 004007]
6768	4	004003	004007	51	5.0	3.0	0,894	true	[004003, 004000, 004001, 004004, 004005, 004007]
6769	4	004003	004007	52	5.0	3.0	0,850	true	[004003, 004000, 004001, 004004, 004005, 004008, 004002, 004007]
6770	4	004003	004007	53	5.0	3.0	0,799	true	[004003, 004000, 004001, 004004, 004005, 004008, 004006, 004002, 004007]
6771	4	004003	004007	54	5.0	3.0	0,885	true	[004003, 004000, 004001, 004004, 004005, 004008, 004007]
6772	4	004003	004007	55	5.0	3.0	0,867	true	[004003, 004000, 004001, 004004, 004006, 004002, 004005, 004007]
6773	4	004003	004007	56	5.0	3.0	0,858	true	[004003, 004000, 004001, 004004, 004006, 004002, 004005, 004008, 004007]
6774	4	004003	004007	57	5.0	3.0	0,885	true	[004003, 004000, 004001, 004004, 004006, 004002, 004007]
6775	4	004003	004007	58	5.0	3.0	0,841	true	[004003, 004000, 004001, 004004, 004006, 004002, 004008, 004005, 004007]
6776	4	004003	004007	59	5.0	3.0	0,903	true	[004003, 004000, 004001, 004004, 004006, 004002, 004008, 004007]
6777	4	004003	004007	60	5.0	3.0	0,885	true	[004003, 004000, 004001, 004004, 004006, 004005, 004002, 004007]
6778	4	004003	004007	61	5.0	3.0	0,904	true	[004003, 004000, 004001, 004004, 004006, 004005, 004002, 004008, 004007]
6779	4	004003	004007	62	5.0	3.0	0,904	true	[004003, 004000, 004001, 004004, 004006, 004005, 004007]
6780	4	004003	004007	63	5.0	3.0	0,859	true	[004003, 004000, 004001, 004004, 004006, 004005, 004008, 004002, 004007]
6781	4	004003	004007	64	5.0	3.0	0,894	true	[004003, 004000, 004001, 004004, 004006, 004005, 004008, 004007]
6782	4	004003	004007	65	5.0	3.0	0,886	true	[004003, 004000, 004001, 004004, 004006, 004008, 004002, 004005, 004007]
6783	4	004003	004007	66	5.0	3.0	0,904	true	[004003, 004000, 004001, 004004, 004006, 004008, 004002, 004007]
6784	4	004003	004007	67	5.0	3.0	0,859	true	[004003, 004000, 004001, 004004, 004006, 004008, 004005, 004002, 004007]
6785	4	004003	004007	68	5.0	3.0	0,876	true	[004003, 004000, 004001, 004004, 004006, 004008, 004005, 004007]
6786	4	004003	004007	69	5.0	3.0	0,941	true	[004003, 004000, 004001, 004004, 004006, 004008, 004007]
6787	4	004003	004007	70	5.0	3.0	0,941	true	[004003, 004000, 004001, 004004, 004007]
6788	4	004003	004007	71	8.0	3.0	0,913	true	[004003, 004000, 004001, 004005, 004002, 004004, 004006, 004008, 004007]
6789	4	004003	004007	72	8.0	3.0	0,913	true	[004003, 004000, 004001, 004005, 004002, 004004, 004007]
6790	4	004003	004007	73	8.0	3.0	0,876	true	[004003, 004000, 004001, 004005, 004002, 004006, 004004, 004007]
6791	4	004003	004007	74	8.0	3.0	0,894	true	[004003, 004000, 004001, 004005, 004002, 004006, 004008, 004007]
6792	4	004003	004007	75	8.0	3.0	0,932	true	[004003, 004000, 004001, 004005, 004002, 004007]
6793	4	004003	004007	76	8.0	3.0	0,895	true	[004003, 004000, 004001, 004005, 004002, 004008, 004006, 004004, 004007]
6794	4	004003	004007	77	8.0	3.0	0,951	true	[004003, 004000, 004001, 004005, 004002, 004008, 004007]
6795	4	004003	004007	78	8.0	3.0	0,849	true	[004003, 004000, 004001, 004005, 004004, 004002, 004006, 004008, 004007]
6796	4	004003	004007	79	8.0	3.0	0,885	true	[004003, 004000, 004001, 004005, 004004, 004002, 004007]
6797	4	004003	004007	80	8.0	3.0	0,903	true	[004003, 004000, 004001, 004005, 004004, 004002, 004008, 004007]
6798	4	004003	004007	81	8.0	3.0	0,849	true	[004003, 004000, 004001, 004005, 004004, 004006, 004002, 004007]
6799	4	004003	004007	82	8.0	3.0	0,867	true	[004003, 004000, 004001, 004005, 004004, 004006, 004002, 004008, 004007]
6800	4	004003	004007	83	8.0	3.0	0,867	true	[004003, 004000, 004001, 004005, 004004, 004006, 004008, 004002, 004007]
6801	4	004003	004007	84	8.0	3.0	0,903	true	[004003, 004000, 004001, 004005, 004004, 004006, 004008, 004007]
6802	4	004003	004007	85	8.0	3.0	0,903	true	[004003, 004000, 004001, 004005, 004004, 004007]
6803	4	004003	004007	86	8.0	3.0	0,858	true	[004003, 004000, 004001, 004005, 004006, 004002, 004004, 004007]
6804	4	004003	004007	87	8.0	3.0	0,876	true	[004003, 004000, 004001, 004005, 004006, 004002, 004007]
6805	4	004003	004007	88	8.0	3.0	0,894	true	[004003, 004000, 004001, 004005, 004006, 004002, 004008, 004007]
6806	4	004003	004007	89	8.0	3.0	0,895	true	[004003, 004000, 004001, 004005, 004006, 004004, 004002, 004007]
6807	4	004003	004007	90	8.0	3.0	0,913	true	[004003, 004000, 004001, 004005, 004006, 004004, 004002, 004008, 004007]
6808	4	004003	004007	91	8.0	3.0	0,913	true	[004003, 004000, 004001, 004005, 004006, 004004, 004007]
6809	4	004003	004007	92	8.0	3.0	0,877	true	[004003, 004000, 004001, 004005, 004006, 004008, 004002, 004004, 004007]
6810	4	004003	004007	93	8.0	3.0	0,895	true	[004003, 004000, 004001, 004005, 004006, 004008, 004002, 004007]
6811	4	004003	004007	94	8.0	3.0	0,932	true	[004003, 004000, 004001, 004005, 004006, 004008, 004007]
6812	4	004003	004007	95	8.0	3.0	0,951	true	[004003, 004000, 004001, 004005, 004007]
6813	4	004003	004007	96	8.0	3.0	0,885	true	[004003, 004000, 004001, 004005, 004008, 004002, 004004, 004007]
6814	4	004003	004007	97	8.0	3.0	0,850	true	[004003, 004000, 004001, 004005, 004008, 004002, 004006, 004004, 004007]
6815	4	004003	004007	98	8.0	3.0	0,903	true	[004003, 004000, 004001, 004005, 004008, 004002, 004007]
6816	4	004003	004007	99	8.0	3.0	0,833	true	[004003, 004000, 004001, 004005, 004008, 004006, 004002, 004004, 004007]
6817	4	004003	004007	100	8.0	3.0	0,850	true	[004003, 004000, 004001, 004005, 004008, 004006, 004002, 004007]
6818	4	004003	004007	101	8.0	3.0	0,941	true	[004003, 004000, 004001, 004005, 004008, 004007]
6819	4	004003	004007	102	11.0	3.0	0,960	true	[004003, 004000, 004001, 004007]
6820	4	004003	004007	103	14.0	3.0	1,000	true	[004003, 004000, 004007]
6821	5	005005	005006	0	6.0	4.0	0,850	true	[005005, 005000, 005001, 005002, 005003, 005004, 005006]
6822	5	005005	005006	1	6.0	4.0	0,816	true	[005005, 005000, 005001, 005002, 005003, 005008, 005006]
6823	5	005005	005006	2	8.0	4.0	0,799	true	[005005, 005000, 005001, 005002, 005004, 005003, 005008, 005006]
6824	5	005005	005006	3	14.0	4.0	0,849	true	[005005, 005000, 005001, 005002, 005004, 005006]
6825	5	005005	005006	4	7.0	4.0	0,849	true	[005005, 005000, 005001, 005002, 005006]
6826	5	005005	005006	5	6.0	4.0	0,807	true	[005005, 005000, 005001, 005003, 005002, 005004, 005006]
6827	5	005005	005006	6	6.0	4.0	0,807	true	[005005, 005000, 005001, 005003, 005002, 005006]
6828	5	005005	005006	7	7.0	4.0	0,790	true	[005005, 005000, 005001, 005003, 005004, 005002, 005006]
6829	5	005005	005006	8	16.0	4.0	0,876	true	[005005, 005000, 005001, 005003, 005004, 005006]
6830	5	005005	005006	9	8.0	4.0	0,841	true	[005005, 005000, 005001, 005003, 005008, 005006]
6831	5	005005	005006	10	6.0	4.0	0,775	true	[005005, 005000, 005001, 005004, 005002, 005003, 005008, 005006]
6832	5	005005	005006	11	7.0	4.0	0,807	true	[005005, 005000, 005001, 005004, 005002, 005006]
6833	5	005005	005006	12	6.0	4.0	0,807	true	[005005, 005000, 005001, 005004, 005003, 005002, 005006]
6834	5	005005	005006	13	8.0	4.0	0,841	true	[005005, 005000, 005001, 005004, 005003, 005008, 005006]
6835	5	005005	005006	14	16.0	4.0	0,894	true	[005005, 005000, 005001, 005004, 005006]
6836	5	005005	005006	15	17.0	3.0	0,885	true	[005005, 005000, 005001, 005006]
6837	5	005005	005006	16	6.0	3.0	0,760	true	[005005, 005000, 005001, 005007, 005004, 005002, 005003, 005008, 005006]
6838	5	005005	005006	17	7.0	3.0	0,791	true	[005005, 005000, 005001, 005007, 005004, 005002, 005006]
6839	5	005005	005006	18	6.0	3.0	0,791	true	[005005, 005000, 005001, 005007, 005004, 005003, 005002, 005006]
6840	5	005005	005006	19	8.0	3.0	0,824	true	[005005, 005000, 005001, 005007, 005004, 005003, 005008, 005006]
6841	5	005005	005006	20	16.0	3.0	0,876	true	[005005, 005000, 005001, 005007, 005004, 005006]
6842	5	005005	005006	21	6.0	4.0	0,791	true	[005005, 005000, 005001, 005008, 005003, 005002, 005004, 005006]
6843	5	005005	005006	22	6.0	4.0	0,791	true	[005005, 005000, 005001, 005008, 005003, 005002, 005006]
6844	5	005005	005006	23	7.0	4.0	0,775	true	[005005, 005000, 005001, 005008, 005003, 005004, 005002, 005006]
6845	5	005005	005006	24	8.0	4.0	0,858	true	[005005, 005000, 005001, 005008, 005003, 005004, 005006]
6846	5	005005	005006	25	34.0	4.0	0,858	true	[005005, 005000, 005001, 005008, 005006]
6847	5	005005	005006	26	16.0	4.0	0,849	true	[005005, 005000, 005002, 005001, 005003, 005004, 005006]
6848	5	005005	005006	27	8.0	4.0	0,816	true	[005005, 005000, 005002, 005001, 005003, 005008, 005006]
6849	5	005005	005006	28	8.0	4.0	0,816	true	[005005, 005000, 005002, 005001, 005004, 005003, 005008, 005006]
6850	5	005005	005006	29	16.0	4.0	0,867	true	[005005, 005000, 005002, 005001, 005004, 005006]
6851	5	005005	005006	30	16.0	3.0	0,858	true	[005005, 005000, 005002, 005001, 005006]
6852	5	005005	005006	31	8.0	3.0	0,800	true	[005005, 005000, 005002, 005001, 005007, 005004, 005003, 005008, 005006]
6853	5	005005	005006	32	16.0	3.0	0,850	true	[005005, 005000, 005002, 005001, 005007, 005004, 005006]
6854	5	005005	005006	33	8.0	4.0	0,832	true	[005005, 005000, 005002, 005001, 005008, 005003, 005004, 005006]
6855	5	005005	005006	34	16.0	4.0	0,832	true	[005005, 005000, 005002, 005001, 005008, 005006]
6856	5	005005	005006	35	6.0	4.0	0,824	true	[005005, 005000, 005002, 005003, 005001, 005004, 005006]
6857	5	005005	005006	36	6.0	3.0	0,815	true	[005005, 005000, 005002, 005003, 005001, 005006]
6858	5	005005	005006	37	6.0	3.0	0,807	true	[005005, 005000, 005002, 005003, 005001, 005007, 005004, 005006]
6859	5	005005	005006	38	6.0	4.0	0,791	true	[005005, 005000, 005002, 005003, 005001, 005008, 005006]
6860	5	005005	005006	39	6.0	3.0	0,815	true	[005005, 005000, 005002, 005003, 005004, 005001, 005006]
6861	5	005005	005006	40	6.0	4.0	0,791	true	[005005, 005000, 005002, 005003, 005004, 005001, 005008, 005006]
6862	5	005005	005006	41	6.0	4.0	0,894	true	[005005, 005000, 005002, 005003, 005004, 005006]
6863	5	005005	005006	42	6.0	3.0	0,799	true	[005005, 005000, 005002, 005003, 005004, 005007, 005001, 005006]
6864	5	005005	005006	43	6.0	3.0	0,775	true	[005005, 005000, 005002, 005003, 005004, 005007, 005001, 005008, 005006]
6865	5	005005	005006	44	6.0	4.0	0,807	true	[005005, 005000, 005002, 005003, 005008, 005001, 005004, 005006]
6866	5	005005	005006	45	6.0	3.0	0,799	true	[005005, 005000, 005002, 005003, 005008, 005001, 005006]
6867	5	005005	005006	46	6.0	3.0	0,791	true	[005005, 005000, 005002, 005003, 005008, 005001, 005007, 005004, 005006]
6868	5	005005	005006	47	6.0	4.0	0,859	true	[005005, 005000, 005002, 005003, 005008, 005006]
6869	5	005005	005006	48	8.0	4.0	0,775	true	[005005, 005000, 005002, 005004, 005001, 005003, 005008, 005006]
6870	5	005005	005006	49	14.0	3.0	0,815	true	[005005, 005000, 005002, 005004, 005001, 005006]
6871	5	005005	005006	50	14.0	4.0	0,791	true	[005005, 005000, 005002, 005004, 005001, 005008, 005006]
6872	5	005005	005006	51	14.0	3.0	0,799	true	[005005, 005000, 005002, 005004, 005003, 005001, 005006]
6873	5	005005	005006	52	14.0	4.0	0,775	true	[005005, 005000, 005002, 005004, 005003, 005001, 005008, 005006]
6874	5	005005	005006	53	8.0	3.0	0,783	true	[005005, 005000, 005002, 005004, 005003, 005008, 005001, 005006]
6875	5	005005	005006	54	8.0	4.0	0,841	true	[005005, 005000, 005002, 005004, 005003, 005008, 005006]
6876	5	005005	005006	55	14.0	4.0	0,894	true	[005005, 005000, 005002, 005004, 005006]
6877	5	005005	005006	56	8.0	3.0	0,759	true	[005005, 005000, 005002, 005004, 005007, 005001, 005003, 005008, 005006]
6878	5	005005	005006	57	14.0	3.0	0,799	true	[005005, 005000, 005002, 005004, 005007, 005001, 005006]
6879	5	005005	005006	58	14.0	3.0	0,775	true	[005005, 005000, 005002, 005004, 005007, 005001, 005008, 005006]
6880	5	005005	005006	59	7.0	4.0	0,894	true	[005005, 005000, 005002, 005006]
6881	5	005005	005006	60	8.0	4.0	0,832	true	[005005, 005000, 005003, 005001, 005002, 005004, 005006]
6882	5	005005	005006	61	7.0	4.0	0,832	true	[005005, 005000, 005003, 005001, 005002, 005006]
6883	5	005005	005006	62	7.0	4.0	0,790	true	[005005, 005000, 005003, 005001, 005004, 005002, 005006]
6884	5	005005	005006	63	8.0	4.0	0,876	true	[005005, 005000, 005003, 005001, 005004, 005006]
6885	5	005005	005006	64	8.0	3.0	0,866	true	[005005, 005000, 005003, 005001, 005006]
6886	5	005005	005006	65	7.0	3.0	0,774	true	[005005, 005000, 005003, 005001, 005007, 005004, 005002, 005006]
6887	5	005005	005006	66	8.0	3.0	0,858	true	[005005, 005000, 005003, 005001, 005007, 005004, 005006]
6888	5	005005	005006	67	8.0	5.0	0,840	true	[005005, 005000, 005003, 005001, 005008, 005006]
6889	5	005005	005006	68	6.0	4.0	0,849	true	[005005, 005000, 005003, 005002, 005001, 005004, 005006]
6890	5	005005	005006	69	6.0	3.0	0,840	true	[005005, 005000, 005003, 005002, 005001, 005006]
6891	5	005005	005006	70	6.0	3.0	0,832	true	[005005, 005000, 005003, 005002, 005001, 005007, 005004, 005006]
6892	5	005005	005006	71	6.0	4.0	0,815	true	[005005, 005000, 005003, 005002, 005001, 005008, 005006]
6893	5	005005	005006	72	6.0	3.0	0,798	true	[005005, 005000, 005003, 005002, 005004, 005001, 005006]
6894	5	005005	005006	73	6.0	4.0	0,775	true	[005005, 005000, 005003, 005002, 005004, 005001, 005008, 005006]
6895	5	005005	005006	74	6.0	4.0	0,876	true	[005005, 005000, 005003, 005002, 005004, 005006]
6896	5	005005	005006	75	6.0	3.0	0,783	true	[005005, 005000, 005003, 005002, 005004, 005007, 005001, 005006]
6897	5	005005	005006	76	6.0	3.0	0,759	true	[005005, 005000, 005003, 005002, 005004, 005007, 005001, 005008, 005006]
6898	5	005005	005006	77	6.0	4.0	0,876	true	[005005, 005000, 005003, 005002, 005006]
6899	5	005005	005006	78	7.0	4.0	0,832	true	[005005, 005000, 005003, 005004, 005001, 005002, 005006]
6900	5	005005	005006	79	8.0	3.0	0,867	true	[005005, 005000, 005003, 005004, 005001, 005006]
6901	5	005005	005006	80	8.0	5.0	0,841	true	[005005, 005000, 005003, 005004, 005001, 005008, 005006]
6902	5	005005	005006	81	8.0	3.0	0,823	true	[005005, 005000, 005003, 005004, 005002, 005001, 005006]
6903	5	005005	005006	82	8.0	5.0	0,799	true	[005005, 005000, 005003, 005004, 005002, 005001, 005008, 005006]
6904	5	005005	005006	83	7.0	4.0	0,858	true	[005005, 005000, 005003, 005004, 005002, 005006]
6905	5	005005	005006	84	8.0	4.0	0,950	true	[005005, 005000, 005003, 005004, 005006]
6906	5	005005	005006	85	7.0	3.0	0,815	true	[005005, 005000, 005003, 005004, 005007, 005001, 005002, 005006]
6907	5	005005	005006	86	8.0	3.0	0,849	true	[005005, 005000, 005003, 005004, 005007, 005001, 005006]
6908	5	005005	005006	87	8.0	3.0	0,824	true	[005005, 005000, 005003, 005004, 005007, 005001, 005008, 005006]
6909	5	005005	005006	88	8.0	4.0	0,815	true	[005005, 005000, 005003, 005008, 005001, 005002, 005004, 005006]
6910	5	005005	005006	89	7.0	4.0	0,815	true	[005005, 005000, 005003, 005008, 005001, 005002, 005006]
6911	5	005005	005006	90	7.0	4.0	0,774	true	[005005, 005000, 005003, 005008, 005001, 005004, 005002, 005006]
6912	5	005005	005006	91	8.0	4.0	0,858	true	[005005, 005000, 005003, 005008, 005001, 005004, 005006]
6913	5	005005	005006	92	8.0	3.0	0,849	true	[005005, 005000, 005003, 005008, 005001, 005006]
6914	5	005005	005006	93	7.0	3.0	0,759	true	[005005, 005000, 005003, 005008, 005001, 005007, 005004, 005002, 005006]
6915	5	005005	005006	94	8.0	3.0	0,841	true	[005005, 005000, 005003, 005008, 005001, 005007, 005004, 005006]
6916	5	005005	005006	95	8.0	7.0	0,913	true	[005005, 005000, 005003, 005008, 005006]
6917	5	005005	005006	96	6.0	4.0	0,767	true	[005005, 005000, 005004, 005001, 005002, 005003, 005008, 005006]
6918	5	005005	005006	97	7.0	4.0	0,798	true	[005005, 005000, 005004, 005001, 005002, 005006]
6919	5	005005	005006	98	6.0	4.0	0,759	true	[005005, 005000, 005004, 005001, 005003, 005002, 005006]
6920	5	005005	005006	99	8.0	7.0	0,791	true	[005005, 005000, 005004, 005001, 005003, 005008, 005006]
6921	5	005005	005006	100	16.0	3.0	0,832	true	[005005, 005000, 005004, 005001, 005006]
6922	5	005005	005006	101	16.0	4.0	0,912	true	[005005, 005000, 005004, 005006]
6923	5	005005	005006	102	29.0	7.0	0,950	true	[005005, 005000, 005006]
6924	5	005005	005006	103	30.0	7.0	0,980	true	[005005, 005006]
6925	6	006004	006007	0	26.0	3.0	0,904	true	[006004, 006000, 006005, 006002, 006001, 006006, 006007]
6926	6	006004	006007	1	26.0	3.0	0,895	true	[006004, 006000, 006005, 006002, 006001, 006006, 006008, 006007]
6927	6	006004	006007	2	26.0	3.0	0,922	true	[006004, 006000, 006005, 006002, 006001, 006007]
6928	6	006004	006007	3	23.0	3.0	0,850	true	[006004, 006000, 006005, 006002, 006001, 006008, 006006, 006007]
6929	6	006004	006007	4	23.0	3.0	0,876	true	[006004, 006000, 006005, 006002, 006001, 006008, 006007]
6930	6	006004	006007	5	26.0	5.0	0,885	true	[006004, 006000, 006005, 006002, 006006, 006001, 006007]
6931	6	006004	006007	6	23.0	5.0	0,841	true	[006004, 006000, 006005, 006002, 006006, 006001, 006008, 006007]
6932	6	006004	006007	7	26.0	5.0	0,885	true	[006004, 006000, 006005, 006002, 006006, 006007]
6933	6	006004	006007	8	23.0	5.0	0,833	true	[006004, 006000, 006005, 006002, 006006, 006008, 006001, 006007]
6934	6	006004	006007	9	26.0	5.0	0,876	true	[006004, 006000, 006005, 006002, 006006, 006008, 006007]
6935	6	006004	006007	10	14.0	5.0	0,841	true	[006004, 006000, 006005, 006002, 006008, 006001, 006006, 006007]
6936	6	006004	006007	11	14.0	5.0	0,858	true	[006004, 006000, 006005, 006002, 006008, 006001, 006007]
6937	6	006004	006007	12	14.0	5.0	0,877	true	[006004, 006000, 006005, 006002, 006008, 006006, 006001, 006007]
6938	6	006004	006007	13	14.0	5.0	0,877	true	[006004, 006000, 006005, 006002, 006008, 006006, 006007]
6939	6	006004	006007	14	14.0	5.0	0,904	true	[006004, 006000, 006005, 006002, 006008, 006007]
6940	6	006004	006007	15	14.0	3.0	0,868	true	[006004, 006000, 006005, 006006, 006001, 006002, 006008, 006007]
6941	6	006004	006007	16	23.0	5.0	0,904	true	[006004, 006000, 006005, 006006, 006001, 006007]
6942	6	006004	006007	17	23.0	5.0	0,858	true	[006004, 006000, 006005, 006006, 006001, 006008, 006007]
6943	6	006004	006007	18	23.0	3.0	0,867	true	[006004, 006000, 006005, 006006, 006002, 006001, 006007]
6944	6	006004	006007	19	23.0	3.0	0,824	true	[006004, 006000, 006005, 006006, 006002, 006001, 006008, 006007]
6945	6	006004	006007	20	14.0	5.0	0,807	true	[006004, 006000, 006005, 006006, 006002, 006008, 006001, 006007]
6946	6	006004	006007	21	14.0	5.0	0,850	true	[006004, 006000, 006005, 006006, 006002, 006008, 006007]
6947	6	006004	006007	22	23.0	5.0	0,904	true	[006004, 006000, 006005, 006006, 006007]
6948	6	006004	006007	23	23.0	5.0	0,850	true	[006004, 006000, 006005, 006006, 006008, 006001, 006007]
6949	6	006004	006007	24	14.0	3.0	0,859	true	[006004, 006000, 006005, 006006, 006008, 006002, 006001, 006007]
6950	6	006004	006007	25	23.0	5.0	0,894	true	[006004, 006000, 006005, 006006, 006008, 006007]
6951	6	006004	006007	26	21.0	3.0	0,824	true	[006004, 006000, 006005, 006008, 006001, 006002, 006006, 006007]
6952	6	006004	006007	27	21.0	5.0	0,859	true	[006004, 006000, 006005, 006008, 006001, 006006, 006007]
6953	6	006004	006007	28	21.0	5.0	0,876	true	[006004, 006000, 006005, 006008, 006001, 006007]
6954	6	006004	006007	29	14.0	3.0	0,868	true	[006004, 006000, 006005, 006008, 006002, 006001, 006006, 006007]
6955	6	006004	006007	30	14.0	3.0	0,885	true	[006004, 006000, 006005, 006008, 006002, 006001, 006007]
6956	6	006004	006007	31	14.0	5.0	0,850	true	[006004, 006000, 006005, 006008, 006002, 006006, 006001, 006007]
6957	6	006004	006007	32	14.0	5.0	0,850	true	[006004, 006000, 006005, 006008, 006002, 006006, 006007]
6958	6	006004	006007	33	21.0	5.0	0,895	true	[006004, 006000, 006005, 006008, 006006, 006001, 006007]
6959	6	006004	006007	34	21.0	3.0	0,859	true	[006004, 006000, 006005, 006008, 006006, 006002, 006001, 006007]
6960	6	006004	006007	35	21.0	5.0	0,895	true	[006004, 006000, 006005, 006008, 006006, 006007]
6961	6	006004	006007	36	21.0	5.0	0,922	true	[006004, 006000, 006005, 006008, 006007]
6962	6	006004	006007	37	20.0	3.0	0,922	true	[006004, 006000, 006006, 006001, 006002, 006005, 006008, 006007]
6963	6	006004	006007	38	14.0	3.0	0,922	true	[006004, 006000, 006006, 006001, 006002, 006008, 006007]
6964	6	006004	006007	39	20.0	5.0	0,960	true	[006004, 006000, 006006, 006001, 006007]
6965	6	006004	006007	40	20.0	5.0	0,912	true	[006004, 006000, 006006, 006001, 006008, 006007]
6966	6	006004	006007	41	20.0	3.0	0,922	true	[006004, 006000, 006006, 006002, 006001, 006007]
6967	6	006004	006007	42	20.0	3.0	0,876	true	[006004, 006000, 006006, 006002, 006001, 006008, 006007]
6968	6	006004	006007	43	20.0	5.0	0,858	true	[006004, 006000, 006006, 006002, 006005, 006008, 006001, 006007]
6969	6	006004	006007	44	20.0	5.0	0,903	true	[006004, 006000, 006006, 006002, 006005, 006008, 006007]
6970	6	006004	006007	45	14.0	7.0	0,858	true	[006004, 006000, 006006, 006002, 006008, 006001, 006007]
6971	6	006004	006007	46	14.0	7.0	0,903	true	[006004, 006000, 006006, 006002, 006008, 006007]
6972	6	006004	006007	47	20.0	3.0	0,922	true	[006004, 006000, 006006, 006005, 006002, 006001, 006007]
6973	6	006004	006007	48	20.0	3.0	0,876	true	[006004, 006000, 006006, 006005, 006002, 006001, 006008, 006007]
6974	6	006004	006007	49	14.0	5.0	0,858	true	[006004, 006000, 006006, 006005, 006002, 006008, 006001, 006007]
6975	6	006004	006007	50	14.0	5.0	0,904	true	[006004, 006000, 006006, 006005, 006002, 006008, 006007]
6976	6	006004	006007	51	20.0	5.0	0,876	true	[006004, 006000, 006006, 006005, 006008, 006001, 006007]
6977	6	006004	006007	52	14.0	3.0	0,885	true	[006004, 006000, 006006, 006005, 006008, 006002, 006001, 006007]
6978	6	006004	006007	53	20.0	5.0	0,922	true	[006004, 006000, 006006, 006005, 006008, 006007]
6979	6	006004	006007	54	20.0	7.0	0,960	true	[006004, 006000, 006006, 006007]
6980	6	006004	006007	55	20.0	8.0	0,903	true	[006004, 006000, 006006, 006008, 006001, 006007]
6981	6	006004	006007	56	14.0	3.0	0,913	true	[006004, 006000, 006006, 006008, 006002, 006001, 006007]
6982	6	006004	006007	57	20.0	3.0	0,913	true	[006004, 006000, 006006, 006008, 006005, 006002, 006001, 006007]
6983	6	006004	006007	58	20.0	7.0	0,951	true	[006004, 006000, 006006, 006008, 006007]
6984	6	006004	006007	59	40.0	3.0	0,922	true	[006004, 006000, 006007]
6985	6	006004	006007	60	10.0	3.0	0,824	true	[006004, 006000, 006008, 006001, 006002, 006005, 006006, 006007]
6986	6	006004	006007	61	10.0	3.0	0,824	true	[006004, 006000, 006008, 006001, 006002, 006006, 006007]
6987	6	006004	006007	62	10.0	5.0	0,858	true	[006004, 006000, 006008, 006001, 006006, 006007]
6988	6	006004	006007	63	10.0	6.0	0,875	true	[006004, 006000, 006008, 006001, 006007]
6989	6	006004	006007	64	10.0	3.0	0,867	true	[006004, 006000, 006008, 006002, 006001, 006006, 006007]
6990	6	006004	006007	65	10.0	3.0	0,885	true	[006004, 006000, 006008, 006002, 006001, 006007]
6991	6	006004	006007	66	10.0	5.0	0,850	true	[006004, 006000, 006008, 006002, 006005, 006006, 006001, 006007]
6992	6	006004	006007	67	10.0	5.0	0,850	true	[006004, 006000, 006008, 006002, 006005, 006006, 006007]
6993	6	006004	006007	68	10.0	5.0	0,850	true	[006004, 006000, 006008, 006002, 006006, 006001, 006007]
6994	6	006004	006007	69	10.0	6.0	0,850	true	[006004, 006000, 006008, 006002, 006006, 006007]
6995	6	006004	006007	70	10.0	3.0	0,867	true	[006004, 006000, 006008, 006005, 006002, 006001, 006006, 006007]
6996	6	006004	006007	71	10.0	3.0	0,885	true	[006004, 006000, 006008, 006005, 006002, 006001, 006007]
6997	6	006004	006007	72	10.0	5.0	0,850	true	[006004, 006000, 006008, 006005, 006002, 006006, 006001, 006007]
6998	6	006004	006007	73	10.0	5.0	0,850	true	[006004, 006000, 006008, 006005, 006002, 006006, 006007]
6999	6	006004	006007	74	10.0	5.0	0,867	true	[006004, 006000, 006008, 006005, 006006, 006001, 006007]
7000	6	006004	006007	75	10.0	3.0	0,833	true	[006004, 006000, 006008, 006005, 006006, 006002, 006001, 006007]
7001	6	006004	006007	76	10.0	5.0	0,867	true	[006004, 006000, 006008, 006005, 006006, 006007]
7002	6	006004	006007	77	10.0	5.0	0,894	true	[006004, 006000, 006008, 006006, 006001, 006007]
7003	6	006004	006007	78	10.0	3.0	0,858	true	[006004, 006000, 006008, 006006, 006002, 006001, 006007]
7004	6	006004	006007	79	10.0	3.0	0,859	true	[006004, 006000, 006008, 006006, 006005, 006002, 006001, 006007]
7005	6	006004	006007	80	10.0	6.0	0,894	true	[006004, 006000, 006008, 006006, 006007]
7006	6	006004	006007	81	10.0	6.0	0,922	true	[006004, 006000, 006008, 006007]
7007	6	006004	006007	82	20.0	3.0	0,932	true	[006004, 006002, 006001, 006006, 006000, 006005, 006008, 006007]
7008	6	006004	006007	83	20.0	3.0	0,931	true	[006004, 006002, 006001, 006006, 006000, 006007]
7009	6	006004	006007	84	10.0	3.0	0,931	true	[006004, 006002, 006001, 006006, 006000, 006008, 006007]
7010	6	006004	006007	85	23.0	3.0	0,876	true	[006004, 006002, 006001, 006006, 006005, 006000, 006007]
7011	6	006004	006007	86	10.0	3.0	0,876	true	[006004, 006002, 006001, 006006, 006005, 006000, 006008, 006007]
7012	6	006004	006007	87	10.0	3.0	0,841	true	[006004, 006002, 006001, 006006, 006005, 006008, 006000, 006007]
7013	6	006004	006007	88	21.0	3.0	0,932	true	[006004, 006002, 006001, 006006, 006005, 006008, 006007]
7014	6	006004	006007	89	32.0	3.0	0,970	true	[006004, 006002, 006001, 006006, 006007]
7015	6	006004	006007	90	10.0	3.0	0,867	true	[006004, 006002, 006001, 006006, 006008, 006000, 006007]
7016	6	006004	006007	91	21.0	3.0	0,867	true	[006004, 006002, 006001, 006006, 006008, 006005, 006000, 006007]
7017	6	006004	006007	92	32.0	3.0	0,960	true	[006004, 006002, 006001, 006006, 006008, 006007]
7018	6	006004	006007	93	39.0	3.0	0,990	true	[006004, 006002, 006001, 006007]
7019	6	006004	006007	94	10.0	3.0	0,832	true	[006004, 006002, 006001, 006008, 006000, 006005, 006006, 006007]
7020	6	006004	006007	95	10.0	3.0	0,885	true	[006004, 006002, 006001, 006008, 006000, 006006, 006007]
7021	6	006004	006007	96	10.0	3.0	0,849	true	[006004, 006002, 006001, 006008, 006000, 006007]
7022	6	006004	006007	97	20.0	3.0	0,885	true	[006004, 006002, 006001, 006008, 006005, 006000, 006006, 006007]
7023	6	006004	006007	98	21.0	3.0	0,849	true	[006004, 006002, 006001, 006008, 006005, 006000, 006007]
7024	6	006004	006007	99	20.0	3.0	0,849	true	[006004, 006002, 006001, 006008, 006005, 006006, 006000, 006007]
7025	6	006004	006007	100	21.0	3.0	0,885	true	[006004, 006002, 006001, 006008, 006005, 006006, 006007]
7026	6	006004	006007	101	23.0	3.0	0,941	true	[006004, 006002, 006001, 006008, 006007]
7027	6	006004	006007	102	45.0	6.0	0,980	true	[006004, 006007]
7028	7	007000	007006	0	7.0	3.0	0,913	true	[007000, 007002, 007001, 007004, 007003, 007005, 007006]
7029	7	007000	007006	1	7.0	3.0	0,885	true	[007000, 007002, 007001, 007004, 007003, 007005, 007007, 007006]
7030	7	007000	007006	2	7.0	3.0	0,824	true	[007000, 007002, 007001, 007004, 007003, 007005, 007008, 007006]
7031	7	007000	007006	3	7.0	4.0	0,904	true	[007000, 007002, 007001, 007004, 007003, 007006]
7032	7	007000	007006	4	7.0	7.0	0,876	true	[007000, 007002, 007001, 007004, 007003, 007007, 007005, 007006]
7033	7	007000	007006	5	7.0	4.0	0,791	true	[007000, 007002, 007001, 007004, 007003, 007007, 007005, 007008, 007006]
7034	7	007000	007006	6	7.0	5.0	0,904	true	[007000, 007002, 007001, 007004, 007003, 007007, 007006]
7035	7	007000	007006	7	7.0	6.0	0,858	true	[007000, 007002, 007001, 007004, 007003, 007008, 007005, 007006]
7036	7	007000	007006	8	7.0	5.0	0,833	true	[007000, 007002, 007001, 007004, 007003, 007008, 007005, 007007, 007006]
7037	7	007000	007006	9	7.0	4.0	0,858	true	[007000, 007002, 007001, 007004, 007003, 007008, 007006]
7038	7	007000	007006	10	7.0	7.0	0,922	true	[007000, 007002, 007001, 007004, 007006]
7039	7	007000	007006	11	7.0	3.0	0,894	true	[007000, 007002, 007001, 007004, 007008, 007003, 007005, 007006]
7040	7	007000	007006	12	7.0	3.0	0,868	true	[007000, 007002, 007001, 007004, 007008, 007003, 007005, 007007, 007006]
7041	7	007000	007006	13	7.0	4.0	0,885	true	[007000, 007002, 007001, 007004, 007008, 007003, 007006]
7042	7	007000	007006	14	7.0	4.0	0,859	true	[007000, 007002, 007001, 007004, 007008, 007003, 007007, 007005, 007006]
7043	7	007000	007006	15	7.0	4.0	0,885	true	[007000, 007002, 007001, 007004, 007008, 007003, 007007, 007006]
7044	7	007000	007006	16	7.0	3.0	0,850	true	[007000, 007002, 007001, 007004, 007008, 007005, 007003, 007006]
7045	7	007000	007006	17	7.0	3.0	0,850	true	[007000, 007002, 007001, 007004, 007008, 007005, 007003, 007007, 007006]
7046	7	007000	007006	18	7.0	4.0	0,894	true	[007000, 007002, 007001, 007004, 007008, 007005, 007006]
7047	7	007000	007006	19	7.0	4.0	0,816	true	[007000, 007002, 007001, 007004, 007008, 007005, 007007, 007003, 007006]
7048	7	007000	007006	20	7.0	4.0	0,867	true	[007000, 007002, 007001, 007004, 007008, 007005, 007007, 007006]
7049	7	007000	007006	21	7.0	4.0	0,894	true	[007000, 007002, 007001, 007004, 007008, 007006]
7050	7	007000	007006	22	7.0	6.0	0,960	true	[007000, 007002, 007001, 007006]
7051	7	007000	007006	23	7.0	7.0	0,876	true	[007000, 007002, 007001, 007007, 007003, 007004, 007006]
7052	7	007000	007006	24	7.0	4.0	0,849	true	[007000, 007002, 007001, 007007, 007003, 007004, 007008, 007005, 007006]
7053	7	007000	007006	25	7.0	4.0	0,849	true	[007000, 007002, 007001, 007007, 007003, 007004, 007008, 007006]
7054	7	007000	007006	26	7.0	3.0	0,885	true	[007000, 007002, 007001, 007007, 007003, 007005, 007006]
7055	7	007000	007006	27	7.0	3.0	0,824	true	[007000, 007002, 007001, 007007, 007003, 007005, 007008, 007004, 007006]
7056	7	007000	007006	28	7.0	3.0	0,799	true	[007000, 007002, 007001, 007007, 007003, 007005, 007008, 007006]
7057	7	007000	007006	29	7.0	4.0	0,876	true	[007000, 007002, 007001, 007007, 007003, 007006]
7058	7	007000	007006	30	7.0	4.0	0,859	true	[007000, 007002, 007001, 007007, 007003, 007008, 007004, 007006]
7059	7	007000	007006	31	7.0	6.0	0,832	true	[007000, 007002, 007001, 007007, 007003, 007008, 007005, 007006]
7060	7	007000	007006	32	7.0	4.0	0,832	true	[007000, 007002, 007001, 007007, 007003, 007008, 007006]
7061	7	007000	007006	33	7.0	3.0	0,859	true	[007000, 007002, 007001, 007007, 007005, 007003, 007004, 007006]
7062	7	007000	007006	34	7.0	3.0	0,832	true	[007000, 007002, 007001, 007007, 007005, 007003, 007004, 007008, 007006]
7063	7	007000	007006	35	7.0	3.0	0,859	true	[007000, 007002, 007001, 007007, 007005, 007003, 007006]
7064	7	007000	007006	36	7.0	3.0	0,841	true	[007000, 007002, 007001, 007007, 007005, 007003, 007008, 007004, 007006]
7065	7	007000	007006	37	7.0	3.0	0,816	true	[007000, 007002, 007001, 007007, 007005, 007003, 007008, 007006]
7066	7	007000	007006	38	7.0	8.0	0,903	true	[007000, 007002, 007001, 007007, 007005, 007006]
7067	7	007000	007006	39	7.0	6.0	0,807	true	[007000, 007002, 007001, 007007, 007005, 007008, 007003, 007004, 007006]
7068	7	007000	007006	40	7.0	4.0	0,807	true	[007000, 007002, 007001, 007007, 007005, 007008, 007003, 007006]
7069	7	007000	007006	41	7.0	4.0	0,824	true	[007000, 007002, 007001, 007007, 007005, 007008, 007004, 007003, 007006]
7070	7	007000	007006	42	7.0	4.0	0,841	true	[007000, 007002, 007001, 007007, 007005, 007008, 007004, 007006]
7071	7	007000	007006	43	7.0	4.0	0,815	true	[007000, 007002, 007001, 007007, 007005, 007008, 007006]
7072	7	007000	007006	44	7.0	5.0	0,931	true	[007000, 007002, 007001, 007007, 007006]
7073	7	007000	007006	45	7.0	7.0	0,922	true	[007000, 007002, 007001, 007008, 007003, 007004, 007006]
7074	7	007000	007006	46	7.0	3.0	0,932	true	[007000, 007002, 007001, 007008, 007003, 007005, 007006]
7075	7	007000	007006	47	7.0	3.0	0,904	true	[007000, 007002, 007001, 007008, 007003, 007005, 007007, 007006]
7076	7	007000	007006	48	7.0	4.0	0,922	true	[007000, 007002, 007001, 007008, 007003, 007006]
7077	7	007000	007006	49	7.0	8.0	0,895	true	[007000, 007002, 007001, 007008, 007003, 007007, 007005, 007006]
7078	7	007000	007006	50	7.0	5.0	0,922	true	[007000, 007002, 007001, 007008, 007003, 007007, 007006]
7079	7	007000	007006	51	7.0	3.0	0,951	true	[007000, 007002, 007001, 007008, 007004, 007003, 007005, 007006]
7080	7	007000	007006	52	7.0	3.0	0,922	true	[007000, 007002, 007001, 007008, 007004, 007003, 007005, 007007, 007006]
7081	7	007000	007006	53	7.0	4.0	0,941	true	[007000, 007002, 007001, 007008, 007004, 007003, 007006]
7082	7	007000	007006	54	7.0	4.0	0,913	true	[007000, 007002, 007001, 007008, 007004, 007003, 007007, 007005, 007006]
7083	7	007000	007006	55	7.0	4.0	0,941	true	[007000, 007002, 007001, 007008, 007004, 007003, 007007, 007006]
7084	7	007000	007006	56	7.0	4.0	0,960	true	[007000, 007002, 007001, 007008, 007004, 007006]
7085	7	007000	007006	57	7.0	3.0	0,885	true	[007000, 007002, 007001, 007008, 007005, 007003, 007004, 007006]
7086	7	007000	007006	58	7.0	3.0	0,885	true	[007000, 007002, 007001, 007008, 007005, 007003, 007006]
7087	7	007000	007006	59	7.0	3.0	0,885	true	[007000, 007002, 007001, 007008, 007005, 007003, 007007, 007006]
7088	7	007000	007006	60	7.0	6.0	0,931	true	[007000, 007002, 007001, 007008, 007005, 007006]
7089	7	007000	007006	61	7.0	6.0	0,850	true	[007000, 007002, 007001, 007008, 007005, 007007, 007003, 007004, 007006]
7090	7	007000	007006	62	7.0	4.0	0,850	true	[007000, 007002, 007001, 007008, 007005, 007007, 007003, 007006]
7091	7	007000	007006	63	7.0	5.0	0,903	true	[007000, 007002, 007001, 007008, 007005, 007007, 007006]
7092	7	007000	007006	64	7.0	4.0	0,931	true	[007000, 007002, 007001, 007008, 007006]
7093	7	007000	007006	65	7.0	4.0	0,903	true	[007000, 007002, 007004, 007001, 007006]
7094	7	007000	007006	66	7.0	3.0	0,833	true	[007000, 007002, 007004, 007001, 007007, 007003, 007005, 007006]
7095	7	007000	007006	67	7.0	3.0	0,751	true	[007000, 007002, 007004, 007001, 007007, 007003, 007005, 007008, 007006]
7096	7	007000	007006	68	7.0	4.0	0,824	true	[007000, 007002, 007004, 007001, 007007, 007003, 007006]
7097	7	007000	007006	69	7.0	4.0	0,783	true	[007000, 007002, 007004, 007001, 007007, 007003, 007008, 007005, 007006]
7098	7	007000	007006	70	7.0	4.0	0,783	true	[007000, 007002, 007004, 007001, 007007, 007003, 007008, 007006]
7099	7	007000	007006	71	7.0	3.0	0,808	true	[007000, 007002, 007004, 007001, 007007, 007005, 007003, 007006]
7100	7	007000	007006	72	7.0	3.0	0,767	true	[007000, 007002, 007004, 007001, 007007, 007005, 007003, 007008, 007006]
7101	7	007000	007006	73	7.0	4.0	0,850	true	[007000, 007002, 007004, 007001, 007007, 007005, 007006]
7102	7	007000	007006	74	7.0	4.0	0,759	true	[007000, 007002, 007004, 007001, 007007, 007005, 007008, 007003, 007006]
7103	7	007000	007006	75	7.0	4.0	0,767	true	[007000, 007002, 007004, 007001, 007007, 007005, 007008, 007006]
7104	7	007000	007006	76	7.0	4.0	0,876	true	[007000, 007002, 007004, 007001, 007007, 007006]
7105	7	007000	007006	77	7.0	3.0	0,876	true	[007000, 007002, 007004, 007001, 007008, 007003, 007005, 007006]
7106	7	007000	007006	78	7.0	3.0	0,850	true	[007000, 007002, 007004, 007001, 007008, 007003, 007005, 007007, 007006]
7107	7	007000	007006	79	7.0	4.0	0,867	true	[007000, 007002, 007004, 007001, 007008, 007003, 007006]
7108	7	007000	007006	80	7.0	4.0	0,841	true	[007000, 007002, 007004, 007001, 007008, 007003, 007007, 007005, 007006]
7109	7	007000	007006	81	7.0	4.0	0,867	true	[007000, 007002, 007004, 007001, 007008, 007003, 007007, 007006]
7110	7	007000	007006	82	7.0	3.0	0,833	true	[007000, 007002, 007004, 007001, 007008, 007005, 007003, 007006]
7111	7	007000	007006	83	7.0	3.0	0,833	true	[007000, 007002, 007004, 007001, 007008, 007005, 007003, 007007, 007006]
7112	7	007000	007006	84	7.0	4.0	0,876	true	[007000, 007002, 007004, 007001, 007008, 007005, 007006]
7113	7	007000	007006	85	7.0	4.0	0,799	true	[007000, 007002, 007004, 007001, 007008, 007005, 007007, 007003, 007006]
7114	7	007000	007006	86	7.0	4.0	0,850	true	[007000, 007002, 007004, 007001, 007008, 007005, 007007, 007006]
7115	7	007000	007006	87	7.0	4.0	0,876	true	[007000, 007002, 007004, 007001, 007008, 007006]
7116	7	007000	007006	88	7.0	3.0	0,932	true	[007000, 007002, 007004, 007003, 007005, 007006]
7117	7	007000	007006	89	7.0	3.0	0,841	true	[007000, 007002, 007004, 007003, 007005, 007007, 007001, 007006]
7118	7	007000	007006	90	7.0	3.0	0,816	true	[007000, 007002, 007004, 007003, 007005, 007007, 007001, 007008, 007006]
7119	7	007000	007006	91	7.0	3.0	0,904	true	[007000, 007002, 007004, 007003, 007005, 007007, 007006]
7120	7	007000	007006	92	7.0	3.0	0,867	true	[007000, 007002, 007004, 007003, 007005, 007008, 007001, 007006]
7121	7	007000	007006	93	7.0	3.0	0,841	true	[007000, 007002, 007004, 007003, 007005, 007008, 007001, 007007, 007006]
7122	7	007000	007006	94	7.0	3.0	0,841	true	[007000, 007002, 007004, 007003, 007005, 007008, 007006]
7123	7	007000	007006	95	7.0	4.0	0,922	true	[007000, 007002, 007004, 007003, 007006]
7124	7	007000	007006	96	7.0	4.0	0,859	true	[007000, 007002, 007004, 007003, 007007, 007001, 007006]
7125	7	007000	007006	97	7.0	4.0	0,832	true	[007000, 007002, 007004, 007003, 007007, 007001, 007008, 007005, 007006]
7126	7	007000	007006	98	7.0	4.0	0,832	true	[007000, 007002, 007004, 007003, 007007, 007001, 007008, 007006]
7127	7	007000	007006	99	7.0	4.0	0,895	true	[007000, 007002, 007004, 007003, 007007, 007005, 007006]
7128	7	007000	007006	100	7.0	4.0	0,833	true	[007000, 007002, 007004, 007003, 007007, 007005, 007008, 007001, 007006]
7129	7	007000	007006	101	7.0	4.0	0,807	true	[007000, 007002, 007004, 007003, 007007, 007005, 007008, 007006]
7130	7	007000	007006	102	7.0	4.0	0,922	true	[007000, 007002, 007004, 007003, 007007, 007006]
7131	7	007000	007006	103	7.0	4.0	0,941	true	[007000, 007002, 007004, 007006]
7132	7	007000	007006	104	7.0	9.0	0,950	true	[007000, 007002, 007006]
7133	8	008006	008000	0	28.0	10.0	0,980	true	[008006, 008000]
7134	8	008006	008000	1	22.0	5.0	0,903	true	[008006, 008001, 008003, 008002, 008004, 008000]
7135	8	008006	008000	2	5.0	5.0	0,904	true	[008006, 008001, 008003, 008002, 008004, 008005, 008000]
7136	8	008006	008000	3	22.0	5.0	0,894	true	[008006, 008001, 008003, 008002, 008004, 008008, 008000]
7137	8	008006	008000	4	22.0	4.0	0,859	true	[008006, 008001, 008003, 008002, 008004, 008008, 008007, 008000]
7138	8	008006	008000	5	5.0	5.0	0,941	true	[008006, 008001, 008003, 008002, 008005, 008000]
7139	8	008006	008000	6	13.0	5.0	0,903	true	[008006, 008001, 008003, 008002, 008005, 008004, 008000]
7140	8	008006	008000	7	13.0	5.0	0,894	true	[008006, 008001, 008003, 008002, 008005, 008004, 008008, 008000]
7141	8	008006	008000	8	13.0	4.0	0,859	true	[008006, 008001, 008003, 008002, 008005, 008004, 008008, 008007, 008000]
7142	8	008006	008000	9	23.0	4.0	0,903	true	[008006, 008001, 008003, 008002, 008007, 008000]
7143	8	008006	008000	10	23.0	4.0	0,885	true	[008006, 008001, 008003, 008002, 008007, 008008, 008000]
7144	8	008006	008000	11	23.0	4.0	0,859	true	[008006, 008001, 008003, 008002, 008007, 008008, 008004, 008000]
7145	8	008006	008000	12	5.0	4.0	0,859	true	[008006, 008001, 008003, 008002, 008007, 008008, 008004, 008005, 008000]
7146	8	008006	008000	13	23.0	5.0	0,894	true	[008006, 008001, 008003, 008002, 008008, 008000]
7147	8	008006	008000	14	23.0	5.0	0,867	true	[008006, 008001, 008003, 008002, 008008, 008004, 008000]
7148	8	008006	008000	15	5.0	5.0	0,867	true	[008006, 008001, 008003, 008002, 008008, 008004, 008005, 008000]
7149	8	008006	008000	16	23.0	4.0	0,858	true	[008006, 008001, 008003, 008002, 008008, 008007, 008000]
7150	8	008006	008000	17	5.0	5.0	0,885	true	[008006, 008001, 008003, 008004, 008000]
7151	8	008006	008000	18	5.0	5.0	0,885	true	[008006, 008001, 008003, 008004, 008002, 008005, 008000]
7152	8	008006	008000	19	5.0	4.0	0,850	true	[008006, 008001, 008003, 008004, 008002, 008007, 008000]
7153	8	008006	008000	20	5.0	4.0	0,833	true	[008006, 008001, 008003, 008004, 008002, 008007, 008008, 008000]
7154	8	008006	008000	21	5.0	5.0	0,841	true	[008006, 008001, 008003, 008004, 008002, 008008, 008000]
7155	8	008006	008000	22	5.0	4.0	0,807	true	[008006, 008001, 008003, 008004, 008002, 008008, 008007, 008000]
7156	8	008006	008000	23	5.0	5.0	0,885	true	[008006, 008001, 008003, 008004, 008005, 008000]
7157	8	008006	008000	24	5.0	4.0	0,850	true	[008006, 008001, 008003, 008004, 008005, 008002, 008007, 008000]
7158	8	008006	008000	25	5.0	4.0	0,833	true	[008006, 008001, 008003, 008004, 008005, 008002, 008007, 008008, 008000]
7159	8	008006	008000	26	5.0	5.0	0,841	true	[008006, 008001, 008003, 008004, 008005, 008002, 008008, 008000]
7160	8	008006	008000	27	5.0	4.0	0,807	true	[008006, 008001, 008003, 008004, 008005, 008002, 008008, 008007, 008000]
7161	8	008006	008000	28	5.0	5.0	0,876	true	[008006, 008001, 008003, 008004, 008008, 008000]
7162	8	008006	008000	29	5.0	5.0	0,850	true	[008006, 008001, 008003, 008004, 008008, 008002, 008005, 008000]
7163	8	008006	008000	30	5.0	4.0	0,816	true	[008006, 008001, 008003, 008004, 008008, 008002, 008007, 008000]
7164	8	008006	008000	31	5.0	4.0	0,841	true	[008006, 008001, 008003, 008004, 008008, 008007, 008000]
7165	8	008006	008000	32	5.0	4.0	0,841	true	[008006, 008001, 008003, 008004, 008008, 008007, 008002, 008005, 008000]
7166	8	008006	008000	33	5.0	4.0	0,941	true	[008006, 008001, 008003, 008005, 008000]
7167	8	008006	008000	34	13.0	4.0	0,903	true	[008006, 008001, 008003, 008005, 008002, 008004, 008000]
7168	8	008006	008000	35	13.0	4.0	0,894	true	[008006, 008001, 008003, 008005, 008002, 008004, 008008, 008000]
7169	8	008006	008000	36	13.0	4.0	0,859	true	[008006, 008001, 008003, 008005, 008002, 008004, 008008, 008007, 008000]
7170	8	008006	008000	37	13.0	4.0	0,903	true	[008006, 008001, 008003, 008005, 008002, 008007, 008000]
7171	8	008006	008000	38	13.0	4.0	0,885	true	[008006, 008001, 008003, 008005, 008002, 008007, 008008, 008000]
7172	8	008006	008000	39	13.0	4.0	0,859	true	[008006, 008001, 008003, 008005, 008002, 008007, 008008, 008004, 008000]
7173	8	008006	008000	40	13.0	4.0	0,894	true	[008006, 008001, 008003, 008005, 008002, 008008, 008000]
7174	8	008006	008000	41	13.0	4.0	0,867	true	[008006, 008001, 008003, 008005, 008002, 008008, 008004, 008000]
7175	8	008006	008000	42	13.0	4.0	0,858	true	[008006, 008001, 008003, 008005, 008002, 008008, 008007, 008000]
7176	8	008006	008000	43	23.0	4.0	0,903	true	[008006, 008001, 008003, 008005, 008004, 008000]
7177	8	008006	008000	44	22.0	4.0	0,867	true	[008006, 008001, 008003, 008005, 008004, 008002, 008007, 008000]
7178	8	008006	008000	45	22.0	4.0	0,850	true	[008006, 008001, 008003, 008005, 008004, 008002, 008007, 008008, 008000]
7179	8	008006	008000	46	22.0	4.0	0,859	true	[008006, 008001, 008003, 008005, 008004, 008002, 008008, 008000]
7180	8	008006	008000	47	22.0	4.0	0,824	true	[008006, 008001, 008003, 008005, 008004, 008002, 008008, 008007, 008000]
7181	8	008006	008000	48	23.0	4.0	0,894	true	[008006, 008001, 008003, 008005, 008004, 008008, 008000]
7182	8	008006	008000	49	23.0	4.0	0,833	true	[008006, 008001, 008003, 008005, 008004, 008008, 008002, 008007, 008000]
7183	8	008006	008000	50	23.0	4.0	0,859	true	[008006, 008001, 008003, 008005, 008004, 008008, 008007, 008000]
7184	8	008006	008000	51	12.0	4.0	0,885	true	[008006, 008001, 008003, 008007, 008000]
7185	8	008006	008000	52	12.0	4.0	0,850	true	[008006, 008001, 008003, 008007, 008002, 008004, 008000]
7186	8	008006	008000	53	5.0	4.0	0,850	true	[008006, 008001, 008003, 008007, 008002, 008004, 008005, 008000]
7187	8	008006	008000	54	12.0	4.0	0,841	true	[008006, 008001, 008003, 008007, 008002, 008004, 008008, 008000]
7188	8	008006	008000	55	5.0	4.0	0,885	true	[008006, 008001, 008003, 008007, 008002, 008005, 008000]
7189	8	008006	008000	56	12.0	4.0	0,850	true	[008006, 008001, 008003, 008007, 008002, 008005, 008004, 008000]
7190	8	008006	008000	57	12.0	4.0	0,841	true	[008006, 008001, 008003, 008007, 008002, 008005, 008004, 008008, 008000]
7191	8	008006	008000	58	12.0	4.0	0,841	true	[008006, 008001, 008003, 008007, 008002, 008008, 008000]
7192	8	008006	008000	59	12.0	4.0	0,816	true	[008006, 008001, 008003, 008007, 008002, 008008, 008004, 008000]
7193	8	008006	008000	60	5.0	4.0	0,816	true	[008006, 008001, 008003, 008007, 008002, 008008, 008004, 008005, 008000]
7194	8	008006	008000	61	12.0	4.0	0,867	true	[008006, 008001, 008003, 008007, 008008, 008000]
7195	8	008006	008000	62	12.0	4.0	0,807	true	[008006, 008001, 008003, 008007, 008008, 008002, 008004, 008000]
7196	8	008006	008000	63	5.0	4.0	0,808	true	[008006, 008001, 008003, 008007, 008008, 008002, 008004, 008005, 008000]
7197	8	008006	008000	64	5.0	4.0	0,841	true	[008006, 008001, 008003, 008007, 008008, 008002, 008005, 008000]
7198	8	008006	008000	65	12.0	4.0	0,807	true	[008006, 008001, 008003, 008007, 008008, 008002, 008005, 008004, 008000]
7199	8	008006	008000	66	12.0	4.0	0,841	true	[008006, 008001, 008003, 008007, 008008, 008004, 008000]
7200	8	008006	008000	67	5.0	4.0	0,841	true	[008006, 008001, 008003, 008007, 008008, 008004, 008002, 008005, 008000]
7201	8	008006	008000	68	5.0	4.0	0,841	true	[008006, 008001, 008003, 008007, 008008, 008004, 008005, 008000]
7202	8	008006	008000	69	23.0	5.0	0,922	true	[008006, 008001, 008003, 008008, 008000]
7203	8	008006	008000	70	22.0	5.0	0,858	true	[008006, 008001, 008003, 008008, 008002, 008004, 008000]
7204	8	008006	008000	71	5.0	5.0	0,859	true	[008006, 008001, 008003, 008008, 008002, 008004, 008005, 008000]
7205	8	008006	008000	72	5.0	5.0	0,894	true	[008006, 008001, 008003, 008008, 008002, 008005, 008000]
7206	8	008006	008000	73	13.0	5.0	0,858	true	[008006, 008001, 008003, 008008, 008002, 008005, 008004, 008000]
7207	8	008006	008000	74	23.0	4.0	0,858	true	[008006, 008001, 008003, 008008, 008002, 008007, 008000]
7208	8	008006	008000	75	23.0	5.0	0,894	true	[008006, 008001, 008003, 008008, 008004, 008000]
7209	8	008006	008000	76	5.0	5.0	0,895	true	[008006, 008001, 008003, 008008, 008004, 008002, 008005, 008000]
7210	8	008006	008000	77	22.0	4.0	0,859	true	[008006, 008001, 008003, 008008, 008004, 008002, 008007, 008000]
7211	8	008006	008000	78	5.0	5.0	0,895	true	[008006, 008001, 008003, 008008, 008004, 008005, 008000]
7212	8	008006	008000	79	13.0	4.0	0,859	true	[008006, 008001, 008003, 008008, 008004, 008005, 008002, 008007, 008000]
7213	8	008006	008000	80	23.0	4.0	0,885	true	[008006, 008001, 008003, 008008, 008007, 008000]
7214	8	008006	008000	81	22.0	4.0	0,850	true	[008006, 008001, 008003, 008008, 008007, 008002, 008004, 008000]
7215	8	008006	008000	82	5.0	4.0	0,850	true	[008006, 008001, 008003, 008008, 008007, 008002, 008004, 008005, 008000]
7216	8	008006	008000	83	5.0	4.0	0,885	true	[008006, 008001, 008003, 008008, 008007, 008002, 008005, 008000]
7217	8	008006	008000	84	13.0	4.0	0,850	true	[008006, 008001, 008003, 008008, 008007, 008002, 008005, 008004, 008000]
7218	8	008006	008000	85	23.0	6.0	0,903	true	[008006, 008001, 008004, 008000]
7219	8	008006	008000	86	5.0	4.0	0,904	true	[008006, 008001, 008004, 008002, 008003, 008005, 008000]
7220	8	008006	008000	87	12.0	4.0	0,850	true	[008006, 008001, 008004, 008002, 008003, 008007, 008000]
7221	8	008006	008000	88	12.0	4.0	0,833	true	[008006, 008001, 008004, 008002, 008003, 008007, 008008, 008000]
7222	8	008006	008000	89	22.0	5.0	0,885	true	[008006, 008001, 008004, 008002, 008003, 008008, 008000]
7223	8	008006	008000	90	22.0	4.0	0,850	true	[008006, 008001, 008004, 008002, 008003, 008008, 008007, 008000]
7224	8	008006	008000	91	5.0	6.0	0,904	true	[008006, 008001, 008004, 008002, 008005, 008000]
7225	8	008006	008000	92	12.0	4.0	0,850	true	[008006, 008001, 008004, 008002, 008005, 008003, 008007, 008000]
7226	8	008006	008000	93	12.0	4.0	0,833	true	[008006, 008001, 008004, 008002, 008005, 008003, 008007, 008008, 008000]
7227	8	008006	008000	94	13.0	4.0	0,885	true	[008006, 008001, 008004, 008002, 008005, 008003, 008008, 008000]
7228	8	008006	008000	95	13.0	4.0	0,850	true	[008006, 008001, 008004, 008002, 008005, 008003, 008008, 008007, 008000]
7229	8	008006	008000	96	22.0	4.0	0,867	true	[008006, 008001, 008004, 008002, 008007, 008000]
7230	8	008006	008000	97	5.0	4.0	0,850	true	[008006, 008001, 008004, 008002, 008007, 008003, 008005, 008000]
7231	8	008006	008000	98	12.0	4.0	0,833	true	[008006, 008001, 008004, 008002, 008007, 008003, 008008, 008000]
7232	8	008006	008000	99	22.0	4.0	0,850	true	[008006, 008001, 008004, 008002, 008007, 008008, 008000]
7233	8	008006	008000	100	5.0	4.0	0,850	true	[008006, 008001, 008004, 008002, 008007, 008008, 008003, 008005, 008000]
7234	9	009008	009007	0	7.0	3.0	0,783	true	[009008, 009000, 009001, 009002, 009004, 009003, 009005, 009006, 009007]
7235	9	009008	009007	1	7.0	3.0	0,799	true	[009008, 009000, 009001, 009002, 009004, 009003, 009005, 009007]
7236	9	009008	009007	2	7.0	3.0	0,799	true	[009008, 009000, 009001, 009002, 009004, 009003, 009006, 009005, 009007]
7237	9	009008	009007	3	7.0	3.0	0,850	true	[009008, 009000, 009001, 009002, 009004, 009003, 009006, 009007]
7238	9	009008	009007	4	7.0	3.0	0,850	true	[009008, 009000, 009001, 009002, 009004, 009003, 009007]
7239	9	009008	009007	5	5.0	3.0	0,799	true	[009008, 009000, 009001, 009002, 009004, 009006, 009003, 009005, 009007]
7240	9	009008	009007	6	5.0	3.0	0,850	true	[009008, 009000, 009001, 009002, 009004, 009006, 009003, 009007]
7241	9	009008	009007	7	5.0	3.0	0,783	true	[009008, 009000, 009001, 009002, 009004, 009006, 009005, 009003, 009007]
7242	9	009008	009007	8	5.0	3.0	0,816	true	[009008, 009000, 009001, 009002, 009004, 009006, 009005, 009007]
7243	9	009008	009007	9	5.0	3.0	0,867	true	[009008, 009000, 009001, 009002, 009004, 009006, 009007]
7244	9	009008	009007	10	5.0	3.0	0,799	true	[009008, 009000, 009001, 009002, 009005, 009003, 009004, 009006, 009007]
7245	9	009008	009007	11	7.0	3.0	0,832	true	[009008, 009000, 009001, 009002, 009005, 009003, 009006, 009007]
7246	9	009008	009007	12	7.0	3.0	0,832	true	[009008, 009000, 009001, 009002, 009005, 009003, 009007]
7247	9	009008	009007	13	7.0	3.0	0,832	true	[009008, 009000, 009001, 009002, 009005, 009006, 009003, 009007]
7248	9	009008	009007	14	5.0	3.0	0,799	true	[009008, 009000, 009001, 009002, 009005, 009006, 009004, 009003, 009007]
7249	9	009008	009007	15	7.0	3.0	0,849	true	[009008, 009000, 009001, 009002, 009005, 009006, 009007]
7250	9	009008	009007	16	7.0	3.0	0,867	true	[009008, 009000, 009001, 009002, 009005, 009007]
7251	9	009008	009007	17	7.0	3.0	0,824	true	[009008, 009000, 009001, 009002, 009006, 009003, 009005, 009007]
7252	9	009008	009007	18	7.0	3.0	0,876	true	[009008, 009000, 009001, 009002, 009006, 009003, 009007]
7253	9	009008	009007	19	5.0	3.0	0,791	true	[009008, 009000, 009001, 009002, 009006, 009004, 009003, 009005, 009007]
7254	9	009008	009007	20	5.0	3.0	0,841	true	[009008, 009000, 009001, 009002, 009006, 009004, 009003, 009007]
7255	9	009008	009007	21	7.0	3.0	0,807	true	[009008, 009000, 009001, 009002, 009006, 009005, 009003, 009007]
7256	9	009008	009007	22	7.0	3.0	0,841	true	[009008, 009000, 009001, 009002, 009006, 009005, 009007]
7257	9	009008	009007	23	7.0	3.0	0,894	true	[009008, 009000, 009001, 009002, 009006, 009007]
7258	9	009008	009007	24	7.0	3.0	0,841	true	[009008, 009000, 009001, 009004, 009002, 009005, 009003, 009006, 009007]
7259	9	009008	009007	25	7.0	3.0	0,841	true	[009008, 009000, 009001, 009004, 009002, 009005, 009003, 009007]
7260	9	009008	009007	26	7.0	3.0	0,842	true	[009008, 009000, 009001, 009004, 009002, 009005, 009006, 009003, 009007]
7261	9	009008	009007	27	7.0	3.0	0,859	true	[009008, 009000, 009001, 009004, 009002, 009005, 009006, 009007]
7262	9	009008	009007	28	7.0	3.0	0,876	true	[009008, 009000, 009001, 009004, 009002, 009005, 009007]
7263	9	009008	009007	29	7.0	3.0	0,833	true	[009008, 009000, 009001, 009004, 009002, 009006, 009003, 009005, 009007]
7264	9	009008	009007	30	7.0	3.0	0,886	true	[009008, 009000, 009001, 009004, 009002, 009006, 009003, 009007]
7265	9	009008	009007	31	7.0	3.0	0,816	true	[009008, 009000, 009001, 009004, 009002, 009006, 009005, 009003, 009007]
7266	9	009008	009007	32	7.0	3.0	0,850	true	[009008, 009000, 009001, 009004, 009002, 009006, 009005, 009007]
7267	9	009008	009007	33	7.0	3.0	0,904	true	[009008, 009000, 009001, 009004, 009002, 009006, 009007]
7268	9	009008	009007	34	7.0	4.0	0,833	true	[009008, 009000, 009001, 009004, 009003, 009005, 009002, 009006, 009007]
7269	9	009008	009007	35	7.0	4.0	0,824	true	[009008, 009000, 009001, 009004, 009003, 009005, 009006, 009007]
7270	9	009008	009007	36	7.0	5.0	0,841	true	[009008, 009000, 009001, 009004, 009003, 009005, 009007]
7271	9	009008	009007	37	7.0	5.0	0,850	true	[009008, 009000, 009001, 009004, 009003, 009006, 009002, 009005, 009007]
7272	9	009008	009007	38	7.0	4.0	0,841	true	[009008, 009000, 009001, 009004, 009003, 009006, 009005, 009007]
7273	9	009008	009007	39	7.0	4.0	0,894	true	[009008, 009000, 009001, 009004, 009003, 009006, 009007]
7274	9	009008	009007	40	7.0	3.0	0,894	true	[009008, 009000, 009001, 009004, 009003, 009007]
7275	9	009008	009007	41	5.0	3.0	0,833	true	[009008, 009000, 009001, 009004, 009006, 009002, 009005, 009003, 009007]
7276	9	009008	009007	42	5.0	5.0	0,868	true	[009008, 009000, 009001, 009004, 009006, 009002, 009005, 009007]
7277	9	009008	009007	43	5.0	5.0	0,841	true	[009008, 009000, 009001, 009004, 009006, 009003, 009005, 009007]
7278	9	009008	009007	44	5.0	3.0	0,895	true	[009008, 009000, 009001, 009004, 009006, 009003, 009007]
7279	9	009008	009007	45	5.0	3.0	0,824	true	[009008, 009000, 009001, 009004, 009006, 009005, 009003, 009007]
7280	9	009008	009007	46	5.0	4.0	0,859	true	[009008, 009000, 009001, 009004, 009006, 009005, 009007]
7281	9	009008	009007	47	5.0	4.0	0,913	true	[009008, 009000, 009001, 009004, 009006, 009007]
7282	9	009008	009007	48	7.0	3.0	0,841	true	[009008, 009000, 009001, 009005, 009002, 009004, 009003, 009006, 009007]
7283	9	009008	009007	49	7.0	3.0	0,841	true	[009008, 009000, 009001, 009005, 009002, 009004, 009003, 009007]
7284	9	009008	009007	50	5.0	3.0	0,842	true	[009008, 009000, 009001, 009005, 009002, 009004, 009006, 009003, 009007]
7285	9	009008	009007	51	5.0	3.0	0,859	true	[009008, 009000, 009001, 009005, 009002, 009004, 009006, 009007]
7286	9	009008	009007	52	7.0	3.0	0,867	true	[009008, 009000, 009001, 009005, 009002, 009006, 009003, 009007]
7287	9	009008	009007	53	5.0	3.0	0,833	true	[009008, 009000, 009001, 009005, 009002, 009006, 009004, 009003, 009007]
7288	9	009008	009007	54	7.0	3.0	0,885	true	[009008, 009000, 009001, 009005, 009002, 009006, 009007]
7289	9	009008	009007	55	7.0	3.0	0,816	true	[009008, 009000, 009001, 009005, 009003, 009004, 009002, 009006, 009007]
7290	9	009008	009007	56	5.0	3.0	0,824	true	[009008, 009000, 009001, 009005, 009003, 009004, 009006, 009007]
7291	9	009008	009007	57	7.0	3.0	0,858	true	[009008, 009000, 009001, 009005, 009003, 009006, 009007]
7292	9	009008	009007	58	7.0	3.0	0,858	true	[009008, 009000, 009001, 009005, 009003, 009007]
7293	9	009008	009007	59	7.0	3.0	0,816	true	[009008, 009000, 009001, 009005, 009006, 009002, 009004, 009003, 009007]
7294	9	009008	009007	60	7.0	3.0	0,858	true	[009008, 009000, 009001, 009005, 009006, 009003, 009007]
7295	9	009008	009007	61	5.0	3.0	0,824	true	[009008, 009000, 009001, 009005, 009006, 009004, 009003, 009007]
7296	9	009008	009007	62	7.0	3.0	0,876	true	[009008, 009000, 009001, 009005, 009006, 009007]
7297	9	009008	009007	63	7.0	3.0	0,894	true	[009008, 009000, 009001, 009005, 009007]
7298	9	009008	009007	64	7.0	3.0	0,808	true	[009008, 009000, 009001, 009006, 009002, 009004, 009003, 009005, 009007]
7299	9	009008	009007	65	7.0	3.0	0,859	true	[009008, 009000, 009001, 009006, 009002, 009004, 009003, 009007]
7300	9	009008	009007	66	7.0	3.0	0,841	true	[009008, 009000, 009001, 009006, 009002, 009005, 009003, 009007]
7301	9	009008	009007	67	7.0	5.0	0,876	true	[009008, 009000, 009001, 009006, 009002, 009005, 009007]
7302	9	009008	009007	68	7.0	3.0	0,833	true	[009008, 009000, 009001, 009006, 009003, 009004, 009002, 009005, 009007]
7303	9	009008	009007	69	7.0	5.0	0,850	true	[009008, 009000, 009001, 009006, 009003, 009005, 009007]
7304	9	009008	009007	70	7.0	3.0	0,903	true	[009008, 009000, 009001, 009006, 009003, 009007]
7305	9	009008	009007	71	5.0	3.0	0,816	true	[009008, 009000, 009001, 009006, 009004, 009002, 009005, 009003, 009007]
7306	9	009008	009007	72	5.0	3.0	0,850	true	[009008, 009000, 009001, 009006, 009004, 009002, 009005, 009007]
7307	9	009008	009007	73	5.0	5.0	0,816	true	[009008, 009000, 009001, 009006, 009004, 009003, 009005, 009007]
7308	9	009008	009007	74	5.0	3.0	0,867	true	[009008, 009000, 009001, 009006, 009004, 009003, 009007]
7309	9	009008	009007	75	7.0	3.0	0,816	true	[009008, 009000, 009001, 009006, 009005, 009002, 009004, 009003, 009007]
7310	9	009008	009007	76	7.0	3.0	0,832	true	[009008, 009000, 009001, 009006, 009005, 009003, 009007]
7311	9	009008	009007	77	7.0	4.0	0,867	true	[009008, 009000, 009001, 009006, 009005, 009007]
7312	9	009008	009007	78	7.0	4.0	0,922	true	[009008, 009000, 009001, 009006, 009007]
7313	9	009008	009007	79	7.0	3.0	0,775	true	[009008, 009000, 009002, 009001, 009004, 009003, 009005, 009006, 009007]
7314	9	009008	009007	80	7.0	3.0	0,791	true	[009008, 009000, 009002, 009001, 009004, 009003, 009005, 009007]
7315	9	009008	009007	81	7.0	3.0	0,791	true	[009008, 009000, 009002, 009001, 009004, 009003, 009006, 009005, 009007]
7316	9	009008	009007	82	7.0	3.0	0,841	true	[009008, 009000, 009002, 009001, 009004, 009003, 009006, 009007]
7317	9	009008	009007	83	7.0	3.0	0,841	true	[009008, 009000, 009002, 009001, 009004, 009003, 009007]
7318	9	009008	009007	84	5.0	3.0	0,791	true	[009008, 009000, 009002, 009001, 009004, 009006, 009003, 009005, 009007]
7319	9	009008	009007	85	5.0	3.0	0,841	true	[009008, 009000, 009002, 009001, 009004, 009006, 009003, 009007]
7320	9	009008	009007	86	5.0	3.0	0,775	true	[009008, 009000, 009002, 009001, 009004, 009006, 009005, 009003, 009007]
7321	9	009008	009007	87	5.0	3.0	0,807	true	[009008, 009000, 009002, 009001, 009004, 009006, 009005, 009007]
7322	9	009008	009007	88	5.0	3.0	0,858	true	[009008, 009000, 009002, 009001, 009004, 009006, 009007]
7323	9	009008	009007	89	5.0	3.0	0,775	true	[009008, 009000, 009002, 009001, 009005, 009003, 009004, 009006, 009007]
7324	9	009008	009007	90	7.0	3.0	0,807	true	[009008, 009000, 009002, 009001, 009005, 009003, 009006, 009007]
7325	9	009008	009007	91	7.0	3.0	0,807	true	[009008, 009000, 009002, 009001, 009005, 009003, 009007]
7326	9	009008	009007	92	7.0	3.0	0,807	true	[009008, 009000, 009002, 009001, 009005, 009006, 009003, 009007]
7327	9	009008	009007	93	5.0	3.0	0,775	true	[009008, 009000, 009002, 009001, 009005, 009006, 009004, 009003, 009007]
7328	9	009008	009007	94	7.0	3.0	0,824	true	[009008, 009000, 009002, 009001, 009005, 009006, 009007]
7329	9	009008	009007	95	7.0	3.0	0,841	true	[009008, 009000, 009002, 009001, 009005, 009007]
7330	9	009008	009007	96	7.0	3.0	0,799	true	[009008, 009000, 009002, 009001, 009006, 009003, 009005, 009007]
7331	9	009008	009007	97	7.0	3.0	0,850	true	[009008, 009000, 009002, 009001, 009006, 009003, 009007]
7332	9	009008	009007	98	5.0	3.0	0,767	true	[009008, 009000, 009002, 009001, 009006, 009004, 009003, 009005, 009007]
7333	9	009008	009007	99	5.0	3.0	0,816	true	[009008, 009000, 009002, 009001, 009006, 009004, 009003, 009007]
7334	9	009008	009007	100	7.0	3.0	0,783	true	[009008, 009000, 009002, 009001, 009006, 009005, 009003, 009007]
7335	9	009008	009007	101	7.0	3.0	0,816	true	[009008, 009000, 009002, 009001, 009006, 009005, 009007]
7336	9	009008	009007	102	7.0	3.0	0,867	true	[009008, 009000, 009002, 009001, 009006, 009007]
7337	9	009008	009007	103	21.0	9.0	0,980	true	[009008, 009007]
7338	10	010008	010000	0	42.0	5.0	0,980	true	[010008, 010000]
7339	10	010008	010000	1	31.0	4.0	0,903	true	[010008, 010001, 010000]
7340	10	010008	010000	2	41.0	4.0	0,931	true	[010008, 010001, 010002, 010000]
7341	10	010008	010000	3	9.0	4.0	0,885	true	[010008, 010001, 010002, 010003, 010000]
7342	10	010008	010000	4	9.0	4.0	0,849	true	[010008, 010001, 010002, 010003, 010004, 010000]
7343	10	010008	010000	5	9.0	4.0	0,858	true	[010008, 010001, 010002, 010003, 010004, 010006, 010000]
7344	10	010008	010000	6	9.0	4.0	0,850	true	[010008, 010001, 010002, 010003, 010004, 010006, 010007, 010000]
7345	10	010008	010000	7	9.0	3.0	0,799	true	[010008, 010001, 010002, 010003, 010004, 010006, 010007, 010005, 010000]
7346	10	010008	010000	8	9.0	3.0	0,912	true	[010008, 010001, 010002, 010003, 010005, 010000]
7347	10	010008	010000	9	9.0	4.0	0,894	true	[010008, 010001, 010002, 010003, 010005, 010007, 010000]
7348	10	010008	010000	10	9.0	4.0	0,867	true	[010008, 010001, 010002, 010003, 010005, 010007, 010006, 010000]
7349	10	010008	010000	11	9.0	4.0	0,824	true	[010008, 010001, 010002, 010003, 010005, 010007, 010006, 010004, 010000]
7350	10	010008	010000	12	20.0	4.0	0,894	true	[010008, 010001, 010002, 010004, 010000]
7351	10	010008	010000	13	29.0	4.0	0,840	true	[010008, 010001, 010002, 010004, 010003, 010000]
7352	10	010008	010000	14	27.0	3.0	0,867	true	[010008, 010001, 010002, 010004, 010003, 010005, 010000]
7353	10	010008	010000	15	36.0	4.0	0,849	true	[010008, 010001, 010002, 010004, 010003, 010005, 010007, 010000]
7354	10	010008	010000	16	28.0	4.0	0,824	true	[010008, 010001, 010002, 010004, 010003, 010005, 010007, 010006, 010000]
7355	10	010008	010000	17	16.0	4.0	0,903	true	[010008, 010001, 010002, 010004, 010006, 010000]
7356	10	010008	010000	18	16.0	4.0	0,894	true	[010008, 010001, 010002, 010004, 010006, 010007, 010000]
7357	10	010008	010000	19	16.0	3.0	0,841	true	[010008, 010001, 010002, 010004, 010006, 010007, 010005, 010000]
7358	10	010008	010000	20	16.0	4.0	0,816	true	[010008, 010001, 010002, 010004, 010006, 010007, 010005, 010003, 010000]
7359	10	010008	010000	21	14.0	4.0	0,893	true	[010008, 010001, 010002, 010007, 010000]
7360	10	010008	010000	22	14.0	3.0	0,841	true	[010008, 010001, 010002, 010007, 010005, 010000]
7361	10	010008	010000	23	14.0	4.0	0,815	true	[010008, 010001, 010002, 010007, 010005, 010003, 010000]
7362	10	010008	010000	24	14.0	4.0	0,782	true	[010008, 010001, 010002, 010007, 010005, 010003, 010004, 010000]
7363	10	010008	010000	25	14.0	4.0	0,791	true	[010008, 010001, 010002, 010007, 010005, 010003, 010004, 010006, 010000]
7364	10	010008	010000	26	14.0	4.0	0,867	true	[010008, 010001, 010002, 010007, 010006, 010000]
7365	10	010008	010000	27	14.0	4.0	0,824	true	[010008, 010001, 010002, 010007, 010006, 010004, 010000]
7366	10	010008	010000	28	14.0	4.0	0,774	true	[010008, 010001, 010002, 010007, 010006, 010004, 010003, 010000]
7367	10	010008	010000	29	14.0	3.0	0,799	true	[010008, 010001, 010002, 010007, 010006, 010004, 010003, 010005, 010000]
7368	10	010008	010000	30	8.0	3.0	0,931	true	[010008, 010001, 010005, 010000]
7369	10	010008	010000	31	8.0	4.0	0,903	true	[010008, 010001, 010005, 010003, 010000]
7370	10	010008	010000	32	8.0	4.0	0,931	true	[010008, 010001, 010005, 010003, 010002, 010000]
7371	10	010008	010000	33	8.0	4.0	0,894	true	[010008, 010001, 010005, 010003, 010002, 010004, 010000]
7372	10	010008	010000	34	8.0	4.0	0,903	true	[010008, 010001, 010005, 010003, 010002, 010004, 010006, 010000]
7373	10	010008	010000	35	8.0	4.0	0,894	true	[010008, 010001, 010005, 010003, 010002, 010004, 010006, 010007, 010000]
7374	10	010008	010000	36	8.0	4.0	0,893	true	[010008, 010001, 010005, 010003, 010002, 010007, 010000]
7375	10	010008	010000	37	8.0	4.0	0,867	true	[010008, 010001, 010005, 010003, 010002, 010007, 010006, 010000]
7376	10	010008	010000	38	8.0	4.0	0,824	true	[010008, 010001, 010005, 010003, 010002, 010007, 010006, 010004, 010000]
7377	10	010008	010000	39	8.0	4.0	0,866	true	[010008, 010001, 010005, 010003, 010004, 010000]
7378	10	010008	010000	40	8.0	4.0	0,885	true	[010008, 010001, 010005, 010003, 010004, 010002, 010000]
7379	10	010008	010000	41	8.0	4.0	0,849	true	[010008, 010001, 010005, 010003, 010004, 010002, 010007, 010000]
7380	10	010008	010000	42	8.0	4.0	0,824	true	[010008, 010001, 010005, 010003, 010004, 010002, 010007, 010006, 010000]
7381	10	010008	010000	43	8.0	4.0	0,876	true	[010008, 010001, 010005, 010003, 010004, 010006, 010000]
7382	10	010008	010000	44	8.0	4.0	0,867	true	[010008, 010001, 010005, 010003, 010004, 010006, 010007, 010000]
7383	10	010008	010000	45	8.0	4.0	0,815	true	[010008, 010001, 010005, 010003, 010004, 010006, 010007, 010002, 010000]
7384	10	010008	010000	46	8.0	4.0	0,912	true	[010008, 010001, 010005, 010007, 010000]
7385	10	010008	010000	47	8.0	4.0	0,858	true	[010008, 010001, 010005, 010007, 010002, 010000]
7386	10	010008	010000	48	8.0	4.0	0,815	true	[010008, 010001, 010005, 010007, 010002, 010003, 010000]
7387	10	010008	010000	49	8.0	4.0	0,782	true	[010008, 010001, 010005, 010007, 010002, 010003, 010004, 010000]
7388	10	010008	010000	50	8.0	4.0	0,791	true	[010008, 010001, 010005, 010007, 010002, 010003, 010004, 010006, 010000]
7389	10	010008	010000	51	8.0	4.0	0,823	true	[010008, 010001, 010005, 010007, 010002, 010004, 010000]
7390	10	010008	010000	52	8.0	4.0	0,774	true	[010008, 010001, 010005, 010007, 010002, 010004, 010003, 010000]
7391	10	010008	010000	53	8.0	4.0	0,832	true	[010008, 010001, 010005, 010007, 010002, 010004, 010006, 010000]
7392	10	010008	010000	54	8.0	4.0	0,885	true	[010008, 010001, 010005, 010007, 010006, 010000]
7393	10	010008	010000	55	8.0	4.0	0,841	true	[010008, 010001, 010005, 010007, 010006, 010004, 010000]
7394	10	010008	010000	56	8.0	4.0	0,858	true	[010008, 010001, 010005, 010007, 010006, 010004, 010002, 010000]
7395	10	010008	010000	57	8.0	4.0	0,816	true	[010008, 010001, 010005, 010007, 010006, 010004, 010002, 010003, 010000]
7396	10	010008	010000	58	8.0	4.0	0,790	true	[010008, 010001, 010005, 010007, 010006, 010004, 010003, 010000]
7397	10	010008	010000	59	8.0	4.0	0,816	true	[010008, 010001, 010005, 010007, 010006, 010004, 010003, 010002, 010000]
7398	10	010008	010000	60	24.0	4.0	0,941	true	[010008, 010001, 010006, 010000]
7399	10	010008	010000	61	16.0	4.0	0,894	true	[010008, 010001, 010006, 010004, 010000]
7400	10	010008	010000	62	16.0	4.0	0,912	true	[010008, 010001, 010006, 010004, 010002, 010000]
7401	10	010008	010000	63	9.0	4.0	0,867	true	[010008, 010001, 010006, 010004, 010002, 010003, 010000]
7402	10	010008	010000	64	9.0	3.0	0,894	true	[010008, 010001, 010006, 010004, 010002, 010003, 010005, 010000]
7403	10	010008	010000	65	9.0	4.0	0,876	true	[010008, 010001, 010006, 010004, 010002, 010003, 010005, 010007, 010000]
7404	10	010008	010000	66	14.0	4.0	0,876	true	[010008, 010001, 010006, 010004, 010002, 010007, 010000]
7405	10	010008	010000	67	14.0	3.0	0,824	true	[010008, 010001, 010006, 010004, 010002, 010007, 010005, 010000]
7406	10	010008	010000	68	14.0	4.0	0,799	true	[010008, 010001, 010006, 010004, 010002, 010007, 010005, 010003, 010000]
7407	10	010008	010000	69	16.0	4.0	0,840	true	[010008, 010001, 010006, 010004, 010003, 010000]
7408	10	010008	010000	70	9.0	4.0	0,867	true	[010008, 010001, 010006, 010004, 010003, 010002, 010000]
7409	10	010008	010000	71	9.0	4.0	0,832	true	[010008, 010001, 010006, 010004, 010003, 010002, 010007, 010000]
7410	10	010008	010000	72	9.0	3.0	0,783	true	[010008, 010001, 010006, 010004, 010003, 010002, 010007, 010005, 010000]
7411	10	010008	010000	73	16.0	3.0	0,867	true	[010008, 010001, 010006, 010004, 010003, 010005, 010000]
7412	10	010008	010000	74	16.0	4.0	0,849	true	[010008, 010001, 010006, 010004, 010003, 010005, 010007, 010000]
7413	10	010008	010000	75	14.0	4.0	0,799	true	[010008, 010001, 010006, 010004, 010003, 010005, 010007, 010002, 010000]
7414	10	010008	010000	76	24.0	4.0	0,931	true	[010008, 010001, 010006, 010007, 010000]
7415	10	010008	010000	77	14.0	4.0	0,876	true	[010008, 010001, 010006, 010007, 010002, 010000]
7416	10	010008	010000	78	9.0	4.0	0,832	true	[010008, 010001, 010006, 010007, 010002, 010003, 010000]
7417	10	010008	010000	79	9.0	4.0	0,799	true	[010008, 010001, 010006, 010007, 010002, 010003, 010004, 010000]
7418	10	010008	010000	80	9.0	3.0	0,858	true	[010008, 010001, 010006, 010007, 010002, 010003, 010005, 010000]
7419	10	010008	010000	81	14.0	4.0	0,841	true	[010008, 010001, 010006, 010007, 010002, 010004, 010000]
7420	10	010008	010000	82	14.0	4.0	0,790	true	[010008, 010001, 010006, 010007, 010002, 010004, 010003, 010000]
7421	10	010008	010000	83	14.0	3.0	0,815	true	[010008, 010001, 010006, 010007, 010002, 010004, 010003, 010005, 010000]
7422	10	010008	010000	84	24.0	3.0	0,876	true	[010008, 010001, 010006, 010007, 010005, 010000]
7423	10	010008	010000	85	24.0	4.0	0,849	true	[010008, 010001, 010006, 010007, 010005, 010003, 010000]
7424	10	010008	010000	86	9.0	4.0	0,876	true	[010008, 010001, 010006, 010007, 010005, 010003, 010002, 010000]
7425	10	010008	010000	87	9.0	4.0	0,841	true	[010008, 010001, 010006, 010007, 010005, 010003, 010002, 010004, 010000]
7426	10	010008	010000	88	20.0	4.0	0,815	true	[010008, 010001, 010006, 010007, 010005, 010003, 010004, 010000]
7427	10	010008	010000	89	24.0	4.0	0,832	true	[010008, 010001, 010006, 010007, 010005, 010003, 010004, 010002, 010000]
7428	10	010008	010000	90	39.0	4.0	0,931	true	[010008, 010001, 010007, 010000]
7429	10	010008	010000	91	14.0	4.0	0,876	true	[010008, 010001, 010007, 010002, 010000]
7430	10	010008	010000	92	9.0	4.0	0,832	true	[010008, 010001, 010007, 010002, 010003, 010000]
7431	10	010008	010000	93	9.0	4.0	0,799	true	[010008, 010001, 010007, 010002, 010003, 010004, 010000]
7432	10	010008	010000	94	9.0	4.0	0,807	true	[010008, 010001, 010007, 010002, 010003, 010004, 010006, 010000]
7433	10	010008	010000	95	9.0	3.0	0,858	true	[010008, 010001, 010007, 010002, 010003, 010005, 010000]
7434	10	010008	010000	96	14.0	4.0	0,841	true	[010008, 010001, 010007, 010002, 010004, 010000]
7435	10	010008	010000	97	14.0	4.0	0,790	true	[010008, 010001, 010007, 010002, 010004, 010003, 010000]
7436	10	010008	010000	98	14.0	3.0	0,815	true	[010008, 010001, 010007, 010002, 010004, 010003, 010005, 010000]
7437	10	010008	010000	99	14.0	4.0	0,850	true	[010008, 010001, 010007, 010002, 010004, 010006, 010000]
7438	10	010008	010000	100	27.0	3.0	0,876	true	[010008, 010001, 010007, 010005, 010000]
7439	11	011005	011008	0	10.0	3.0	0,807	true	[011005, 011000, 011001, 011002, 011004, 011003, 011006, 011007, 011008]
7440	11	011005	011008	1	10.0	3.0	0,816	true	[011005, 011000, 011001, 011002, 011004, 011003, 011007, 011008]
7441	11	011005	011008	2	10.0	3.0	0,832	true	[011005, 011000, 011001, 011002, 011004, 011003, 011008]
7442	11	011005	011008	3	10.0	4.0	0,807	true	[011005, 011000, 011001, 011002, 011004, 011006, 011003, 011007, 011008]
7443	11	011005	011008	4	10.0	4.0	0,824	true	[011005, 011000, 011001, 011002, 011004, 011006, 011003, 011008]
7444	11	011005	011008	5	10.0	4.0	0,751	true	[011005, 011000, 011001, 011002, 011004, 011006, 011007, 011003, 011008]
7445	11	011005	011008	6	10.0	4.0	0,816	true	[011005, 011000, 011001, 011002, 011004, 011006, 011007, 011008]
7446	11	011005	011008	7	10.0	3.0	0,791	true	[011005, 011000, 011001, 011002, 011004, 011007, 011003, 011008]
7447	11	011005	011008	8	10.0	3.0	0,783	true	[011005, 011000, 011001, 011002, 011004, 011007, 011006, 011003, 011008]
7448	11	011005	011008	9	10.0	3.0	0,858	true	[011005, 011000, 011001, 011002, 011004, 011007, 011008]
7449	11	011005	011008	10	10.0	4.0	0,849	true	[011005, 011000, 011001, 011002, 011004, 011008]
7450	11	011005	011008	11	10.0	3.0	0,842	true	[011005, 011000, 011001, 011002, 011006, 011003, 011004, 011007, 011008]
7451	11	011005	011008	12	10.0	3.0	0,833	true	[011005, 011000, 011001, 011002, 011006, 011003, 011004, 011008]
7452	11	011005	011008	13	10.0	3.0	0,791	true	[011005, 011000, 011001, 011002, 011006, 011003, 011007, 011004, 011008]
7453	11	011005	011008	14	10.0	3.0	0,833	true	[011005, 011000, 011001, 011002, 011006, 011003, 011007, 011008]
7454	11	011005	011008	15	10.0	3.0	0,850	true	[011005, 011000, 011001, 011002, 011006, 011003, 011008]
7455	11	011005	011008	16	10.0	3.0	0,808	true	[011005, 011000, 011001, 011002, 011006, 011004, 011003, 011007, 011008]
7456	11	011005	011008	17	10.0	3.0	0,824	true	[011005, 011000, 011001, 011002, 011006, 011004, 011003, 011008]
7457	11	011005	011008	18	10.0	3.0	0,783	true	[011005, 011000, 011001, 011002, 011006, 011004, 011007, 011003, 011008]
7458	11	011005	011008	19	10.0	3.0	0,850	true	[011005, 011000, 011001, 011002, 011006, 011004, 011007, 011008]
7459	11	011005	011008	20	10.0	3.0	0,841	true	[011005, 011000, 011001, 011002, 011006, 011004, 011008]
7460	11	011005	011008	21	10.0	3.0	0,759	true	[011005, 011000, 011001, 011002, 011006, 011007, 011003, 011004, 011008]
7461	11	011005	011008	22	10.0	3.0	0,775	true	[011005, 011000, 011001, 011002, 011006, 011007, 011003, 011008]
7462	11	011005	011008	23	10.0	3.0	0,783	true	[011005, 011000, 011001, 011002, 011006, 011007, 011004, 011003, 011008]
7463	11	011005	011008	24	10.0	3.0	0,799	true	[011005, 011000, 011001, 011002, 011006, 011007, 011004, 011008]
7464	11	011005	011008	25	10.0	3.0	0,841	true	[011005, 011000, 011001, 011002, 011006, 011007, 011008]
7465	11	011005	011008	26	6.0	3.0	0,807	true	[011005, 011000, 011001, 011002, 011007, 011003, 011004, 011008]
7466	11	011005	011008	27	6.0	4.0	0,799	true	[011005, 011000, 011001, 011002, 011007, 011003, 011006, 011004, 011008]
7467	11	011005	011008	28	6.0	4.0	0,824	true	[011005, 011000, 011001, 011002, 011007, 011003, 011008]
7468	11	011005	011008	29	6.0	3.0	0,833	true	[011005, 011000, 011001, 011002, 011007, 011004, 011003, 011008]
7469	11	011005	011008	30	6.0	3.0	0,825	true	[011005, 011000, 011001, 011002, 011007, 011004, 011006, 011003, 011008]
7470	11	011005	011008	31	6.0	3.0	0,850	true	[011005, 011000, 011001, 011002, 011007, 011004, 011008]
7471	11	011005	011008	32	6.0	3.0	0,799	true	[011005, 011000, 011001, 011002, 011007, 011006, 011003, 011004, 011008]
7472	11	011005	011008	33	6.0	4.0	0,816	true	[011005, 011000, 011001, 011002, 011007, 011006, 011003, 011008]
7473	11	011005	011008	34	6.0	3.0	0,791	true	[011005, 011000, 011001, 011002, 011007, 011006, 011004, 011003, 011008]
7474	11	011005	011008	35	6.0	4.0	0,807	true	[011005, 011000, 011001, 011002, 011007, 011006, 011004, 011008]
7475	11	011005	011008	36	6.0	4.0	0,894	true	[011005, 011000, 011001, 011002, 011007, 011008]
7476	11	011005	011008	37	10.0	3.0	0,913	true	[011005, 011000, 011001, 011002, 011008]
7477	11	011005	011008	38	6.0	3.0	0,816	true	[011005, 011000, 011001, 011003, 011004, 011002, 011006, 011007, 011008]
7478	11	011005	011008	39	6.0	3.0	0,867	true	[011005, 011000, 011001, 011003, 011004, 011002, 011007, 011008]
7479	11	011005	011008	40	6.0	3.0	0,885	true	[011005, 011000, 011001, 011003, 011004, 011002, 011008]
7480	11	011005	011008	41	6.0	3.0	0,859	true	[011005, 011000, 011001, 011003, 011004, 011006, 011002, 011007, 011008]
7481	11	011005	011008	42	6.0	3.0	0,877	true	[011005, 011000, 011001, 011003, 011004, 011006, 011002, 011008]
7482	11	011005	011008	43	6.0	3.0	0,841	true	[011005, 011000, 011001, 011003, 011004, 011006, 011007, 011002, 011008]
7483	11	011005	011008	44	6.0	3.0	0,876	true	[011005, 011000, 011001, 011003, 011004, 011006, 011007, 011008]
7484	11	011005	011008	45	6.0	3.0	0,886	true	[011005, 011000, 011001, 011003, 011004, 011007, 011002, 011008]
7485	11	011005	011008	46	6.0	3.0	0,833	true	[011005, 011000, 011001, 011003, 011004, 011007, 011006, 011002, 011008]
7486	11	011005	011008	47	6.0	3.0	0,922	true	[011005, 011000, 011001, 011003, 011004, 011007, 011008]
7487	11	011005	011008	48	6.0	3.0	0,913	true	[011005, 011000, 011001, 011003, 011004, 011008]
7488	11	011005	011008	49	6.0	3.0	0,850	true	[011005, 011000, 011001, 011003, 011006, 011002, 011004, 011007, 011008]
7489	11	011005	011008	50	6.0	3.0	0,841	true	[011005, 011000, 011001, 011003, 011006, 011002, 011004, 011008]
7490	11	011005	011008	51	6.0	3.0	0,841	true	[011005, 011000, 011001, 011003, 011006, 011002, 011007, 011004, 011008]
7491	11	011005	011008	52	6.0	3.0	0,885	true	[011005, 011000, 011001, 011003, 011006, 011002, 011007, 011008]
7492	11	011005	011008	53	6.0	3.0	0,904	true	[011005, 011000, 011001, 011003, 011006, 011002, 011008]
7493	11	011005	011008	54	6.0	4.0	0,859	true	[011005, 011000, 011001, 011003, 011006, 011004, 011002, 011007, 011008]
7494	11	011005	011008	55	6.0	3.0	0,876	true	[011005, 011000, 011001, 011003, 011006, 011004, 011002, 011008]
7495	11	011005	011008	56	6.0	3.0	0,877	true	[011005, 011000, 011001, 011003, 011006, 011004, 011007, 011002, 011008]
7496	11	011005	011008	57	6.0	3.0	0,913	true	[011005, 011000, 011001, 011003, 011006, 011004, 011007, 011008]
7497	11	011005	011008	58	6.0	4.0	0,904	true	[011005, 011000, 011001, 011003, 011006, 011004, 011008]
7498	11	011005	011008	59	6.0	4.0	0,807	true	[011005, 011000, 011001, 011003, 011006, 011007, 011002, 011004, 011008]
7499	11	011005	011008	60	6.0	3.0	0,867	true	[011005, 011000, 011001, 011003, 011006, 011007, 011002, 011008]
7500	11	011005	011008	61	6.0	3.0	0,833	true	[011005, 011000, 011001, 011003, 011006, 011007, 011004, 011002, 011008]
7501	11	011005	011008	62	6.0	3.0	0,858	true	[011005, 011000, 011001, 011003, 011006, 011007, 011004, 011008]
7502	11	011005	011008	63	6.0	4.0	0,903	true	[011005, 011000, 011001, 011003, 011006, 011007, 011008]
7503	11	011005	011008	64	6.0	4.0	0,815	true	[011005, 011000, 011001, 011003, 011007, 011002, 011004, 011008]
7504	11	011005	011008	65	6.0	3.0	0,807	true	[011005, 011000, 011001, 011003, 011007, 011002, 011006, 011004, 011008]
7505	11	011005	011008	66	6.0	3.0	0,876	true	[011005, 011000, 011001, 011003, 011007, 011002, 011008]
7506	11	011005	011008	67	6.0	3.0	0,841	true	[011005, 011000, 011001, 011003, 011007, 011004, 011002, 011008]
7507	11	011005	011008	68	6.0	3.0	0,833	true	[011005, 011000, 011001, 011003, 011007, 011004, 011006, 011002, 011008]
7508	11	011005	011008	69	6.0	3.0	0,867	true	[011005, 011000, 011001, 011003, 011007, 011004, 011008]
7509	11	011005	011008	70	6.0	3.0	0,767	true	[011005, 011000, 011001, 011003, 011007, 011006, 011002, 011004, 011008]
7510	11	011005	011008	71	6.0	3.0	0,824	true	[011005, 011000, 011001, 011003, 011007, 011006, 011002, 011008]
7511	11	011005	011008	72	6.0	3.0	0,799	true	[011005, 011000, 011001, 011003, 011007, 011006, 011004, 011002, 011008]
7512	11	011005	011008	73	6.0	4.0	0,824	true	[011005, 011000, 011001, 011003, 011007, 011006, 011004, 011008]
7513	11	011005	011008	74	6.0	4.0	0,912	true	[011005, 011000, 011001, 011003, 011007, 011008]
7514	11	011005	011008	75	6.0	4.0	0,931	true	[011005, 011000, 011001, 011003, 011008]
7515	11	011005	011008	76	10.0	3.0	0,807	true	[011005, 011000, 011001, 011006, 011002, 011004, 011003, 011007, 011008]
7516	11	011005	011008	77	10.0	3.0	0,824	true	[011005, 011000, 011001, 011006, 011002, 011004, 011003, 011008]
7517	11	011005	011008	78	10.0	3.0	0,783	true	[011005, 011000, 011001, 011006, 011002, 011004, 011007, 011003, 011008]
7518	11	011005	011008	79	10.0	3.0	0,850	true	[011005, 011000, 011001, 011006, 011002, 011004, 011007, 011008]
7519	11	011005	011008	80	10.0	3.0	0,841	true	[011005, 011000, 011001, 011006, 011002, 011004, 011008]
7520	11	011005	011008	81	6.0	3.0	0,799	true	[011005, 011000, 011001, 011006, 011002, 011007, 011003, 011004, 011008]
7521	11	011005	011008	82	6.0	3.0	0,816	true	[011005, 011000, 011001, 011006, 011002, 011007, 011003, 011008]
7522	11	011005	011008	83	6.0	3.0	0,825	true	[011005, 011000, 011001, 011006, 011002, 011007, 011004, 011003, 011008]
7523	11	011005	011008	84	6.0	3.0	0,841	true	[011005, 011000, 011001, 011006, 011002, 011007, 011004, 011008]
7524	11	011005	011008	85	6.0	3.0	0,885	true	[011005, 011000, 011001, 011006, 011002, 011007, 011008]
7525	11	011005	011008	86	10.0	3.0	0,904	true	[011005, 011000, 011001, 011006, 011002, 011008]
7526	11	011005	011008	87	6.0	3.0	0,850	true	[011005, 011000, 011001, 011006, 011003, 011004, 011002, 011007, 011008]
7527	11	011005	011008	88	10.0	3.0	0,868	true	[011005, 011000, 011001, 011006, 011003, 011004, 011002, 011008]
7528	11	011005	011008	89	6.0	3.0	0,868	true	[011005, 011000, 011001, 011006, 011003, 011004, 011007, 011002, 011008]
7529	11	011005	011008	90	10.0	3.0	0,904	true	[011005, 011000, 011001, 011006, 011003, 011004, 011007, 011008]
7530	11	011005	011008	91	10.0	3.0	0,895	true	[011005, 011000, 011001, 011006, 011003, 011004, 011008]
7531	11	011005	011008	92	6.0	3.0	0,799	true	[011005, 011000, 011001, 011006, 011003, 011007, 011002, 011004, 011008]
7532	11	011005	011008	93	6.0	3.0	0,859	true	[011005, 011000, 011001, 011006, 011003, 011007, 011002, 011008]
7533	11	011005	011008	94	10.0	3.0	0,824	true	[011005, 011000, 011001, 011006, 011003, 011007, 011004, 011002, 011008]
7534	11	011005	011008	95	10.0	3.0	0,850	true	[011005, 011000, 011001, 011006, 011003, 011007, 011004, 011008]
7535	11	011005	011008	96	10.0	3.0	0,894	true	[011005, 011000, 011001, 011006, 011003, 011007, 011008]
7536	11	011005	011008	97	10.0	3.0	0,913	true	[011005, 011000, 011001, 011006, 011003, 011008]
7537	11	011005	011008	98	6.0	3.0	0,791	true	[011005, 011000, 011001, 011006, 011004, 011002, 011007, 011003, 011008]
7538	11	011005	011008	99	6.0	3.0	0,859	true	[011005, 011000, 011001, 011006, 011004, 011002, 011007, 011008]
7539	11	011005	011008	100	10.0	3.0	0,876	true	[011005, 011000, 011001, 011006, 011004, 011002, 011008]
7540	11	011005	011008	101	10.0	3.0	0,904	true	[011005, 011000, 011001, 011006, 011004, 011008]
7541	11	011005	011008	102	10.0	3.0	0,931	true	[011005, 011000, 011008]
7542	12	012002	012004	0	21.0	3.0	0,903	true	[012002, 012003, 012000, 012004]
7543	12	012002	012004	1	21.0	3.0	0,823	true	[012002, 012003, 012000, 012006, 012001, 012004]
7544	12	012002	012004	2	19.0	3.0	0,816	true	[012002, 012003, 012000, 012006, 012001, 012005, 012007, 012004]
7545	12	012002	012004	3	8.0	3.0	0,876	true	[012002, 012003, 012000, 012006, 012004]
7546	12	012002	012004	4	16.0	3.0	0,849	true	[012002, 012003, 012000, 012006, 012008, 012004]
7547	12	012002	012004	5	21.0	3.0	0,912	true	[012002, 012003, 012000, 012007, 012004]
7548	12	012002	012004	6	19.0	3.0	0,832	true	[012002, 012003, 012000, 012007, 012005, 012001, 012004]
7549	12	012002	012004	7	8.0	3.0	0,867	true	[012002, 012003, 012000, 012007, 012005, 012001, 012006, 012004]
7550	12	012002	012004	8	16.0	3.0	0,841	true	[012002, 012003, 012000, 012007, 012005, 012001, 012006, 012008, 012004]
7551	12	012002	012004	9	13.0	3.0	0,903	true	[012002, 012003, 012000, 012008, 012004]
7552	12	012002	012004	10	13.0	3.0	0,841	true	[012002, 012003, 012000, 012008, 012006, 012001, 012004]
7553	12	012002	012004	11	13.0	3.0	0,833	true	[012002, 012003, 012000, 012008, 012006, 012001, 012005, 012007, 012004]
7554	12	012002	012004	12	8.0	3.0	0,894	true	[012002, 012003, 012000, 012008, 012006, 012004]
7555	12	012002	012004	13	20.0	3.0	0,931	true	[012002, 012003, 012004]
7556	12	012002	012004	14	19.0	3.0	0,849	true	[012002, 012003, 012005, 012001, 012004]
7557	12	012002	012004	15	19.0	3.0	0,824	true	[012002, 012003, 012005, 012001, 012006, 012000, 012004]
7558	12	012002	012004	16	19.0	3.0	0,832	true	[012002, 012003, 012005, 012001, 012006, 012000, 012007, 012004]
7559	12	012002	012004	17	13.0	3.0	0,824	true	[012002, 012003, 012005, 012001, 012006, 012000, 012008, 012004]
7560	12	012002	012004	18	8.0	3.0	0,885	true	[012002, 012003, 012005, 012001, 012006, 012004]
7561	12	012002	012004	19	13.0	3.0	0,841	true	[012002, 012003, 012005, 012001, 012006, 012008, 012000, 012004]
7562	12	012002	012004	20	13.0	3.0	0,850	true	[012002, 012003, 012005, 012001, 012006, 012008, 012000, 012007, 012004]
7563	12	012002	012004	21	16.0	3.0	0,859	true	[012002, 012003, 012005, 012001, 012006, 012008, 012004]
7564	12	012002	012004	22	21.0	3.0	0,903	true	[012002, 012003, 012005, 012007, 012000, 012004]
7565	12	012002	012004	23	21.0	3.0	0,824	true	[012002, 012003, 012005, 012007, 012000, 012006, 012001, 012004]
7566	12	012002	012004	24	8.0	3.0	0,876	true	[012002, 012003, 012005, 012007, 012000, 012006, 012004]
7567	12	012002	012004	25	16.0	3.0	0,850	true	[012002, 012003, 012005, 012007, 012000, 012006, 012008, 012004]
7568	12	012002	012004	26	13.0	3.0	0,904	true	[012002, 012003, 012005, 012007, 012000, 012008, 012004]
7569	12	012002	012004	27	13.0	3.0	0,841	true	[012002, 012003, 012005, 012007, 012000, 012008, 012006, 012001, 012004]
7570	12	012002	012004	28	8.0	3.0	0,894	true	[012002, 012003, 012005, 012007, 012000, 012008, 012006, 012004]
7571	12	012002	012004	29	21.0	3.0	0,913	true	[012002, 012003, 012005, 012007, 012004]
7572	12	012002	012004	30	20.0	3.0	0,876	true	[012002, 012006, 012000, 012003, 012004]
7573	12	012002	012004	31	19.0	3.0	0,799	true	[012002, 012006, 012000, 012003, 012005, 012001, 012004]
7574	12	012002	012004	32	27.0	3.0	0,858	true	[012002, 012006, 012000, 012003, 012005, 012007, 012004]
7575	12	012002	012004	33	42.0	5.0	0,922	true	[012002, 012006, 012000, 012004]
7576	12	012002	012004	34	25.0	4.0	0,931	true	[012002, 012006, 012000, 012007, 012004]
7577	12	012002	012004	35	19.0	5.0	0,849	true	[012002, 012006, 012000, 012007, 012005, 012001, 012004]
7578	12	012002	012004	36	20.0	5.0	0,876	true	[012002, 012006, 012000, 012007, 012005, 012003, 012004]
7579	12	012002	012004	37	13.0	3.0	0,922	true	[012002, 012006, 012000, 012008, 012004]
7580	12	012002	012004	38	28.0	3.0	0,931	true	[012002, 012006, 012001, 012004]
7581	12	012002	012004	39	19.0	3.0	0,859	true	[012002, 012006, 012001, 012005, 012003, 012000, 012004]
7582	12	012002	012004	40	19.0	3.0	0,867	true	[012002, 012006, 012001, 012005, 012003, 012000, 012007, 012004]
7583	12	012002	012004	41	13.0	3.0	0,859	true	[012002, 012006, 012001, 012005, 012003, 012000, 012008, 012004]
7584	12	012002	012004	42	19.0	3.0	0,885	true	[012002, 012006, 012001, 012005, 012003, 012004]
7585	12	012002	012004	43	19.0	3.0	0,867	true	[012002, 012006, 012001, 012005, 012007, 012000, 012003, 012004]
7586	12	012002	012004	44	19.0	3.0	0,913	true	[012002, 012006, 012001, 012005, 012007, 012000, 012004]
7587	12	012002	012004	45	13.0	3.0	0,913	true	[012002, 012006, 012001, 012005, 012007, 012000, 012008, 012004]
7588	12	012002	012004	46	19.0	3.0	0,922	true	[012002, 012006, 012001, 012005, 012007, 012004]
7589	12	012002	012004	47	8.0	3.0	0,990	true	[012002, 012006, 012004]
7590	12	012002	012004	48	13.0	3.0	0,894	true	[012002, 012006, 012008, 012000, 012003, 012004]
7591	12	012002	012004	49	13.0	3.0	0,816	true	[012002, 012006, 012008, 012000, 012003, 012005, 012001, 012004]
7592	12	012002	012004	50	13.0	3.0	0,877	true	[012002, 012006, 012008, 012000, 012003, 012005, 012007, 012004]
7593	12	012002	012004	51	13.0	5.0	0,941	true	[012002, 012006, 012008, 012000, 012004]
7594	12	012002	012004	52	13.0	4.0	0,951	true	[012002, 012006, 012008, 012000, 012007, 012004]
7595	12	012002	012004	53	13.0	5.0	0,867	true	[012002, 012006, 012008, 012000, 012007, 012005, 012001, 012004]
7596	12	012002	012004	54	13.0	5.0	0,895	true	[012002, 012006, 012008, 012000, 012007, 012005, 012003, 012004]
7597	12	012002	012004	55	16.0	3.0	0,960	true	[012002, 012006, 012008, 012004]
7598	12	012002	012004	56	13.0	3.0	0,903	true	[012002, 012008, 012000, 012003, 012004]
7599	12	012002	012004	57	13.0	3.0	0,824	true	[012002, 012008, 012000, 012003, 012005, 012001, 012004]
7600	12	012002	012004	58	8.0	3.0	0,859	true	[012002, 012008, 012000, 012003, 012005, 012001, 012006, 012004]
7601	12	012002	012004	59	13.0	3.0	0,885	true	[012002, 012008, 012000, 012003, 012005, 012007, 012004]
7602	12	012002	012004	60	13.0	8.0	0,951	true	[012002, 012008, 012000, 012004]
7603	12	012002	012004	61	13.0	3.0	0,867	true	[012002, 012008, 012000, 012006, 012001, 012004]
7604	12	012002	012004	62	13.0	3.0	0,824	true	[012002, 012008, 012000, 012006, 012001, 012005, 012003, 012004]
7605	12	012002	012004	63	13.0	3.0	0,859	true	[012002, 012008, 012000, 012006, 012001, 012005, 012007, 012004]
7606	12	012002	012004	64	8.0	3.0	0,922	true	[012002, 012008, 012000, 012006, 012004]
7607	12	012002	012004	65	13.0	4.0	0,960	true	[012002, 012008, 012000, 012007, 012004]
7608	12	012002	012004	66	13.0	5.0	0,876	true	[012002, 012008, 012000, 012007, 012005, 012001, 012004]
7609	12	012002	012004	67	8.0	3.0	0,913	true	[012002, 012008, 012000, 012007, 012005, 012001, 012006, 012004]
7610	12	012002	012004	68	13.0	6.0	0,904	true	[012002, 012008, 012000, 012007, 012005, 012003, 012004]
7611	12	012002	012004	69	16.0	3.0	0,970	true	[012002, 012008, 012004]
7612	12	012002	012004	70	20.0	3.0	0,850	true	[012002, 012008, 012006, 012000, 012003, 012004]
7613	12	012002	012004	71	19.0	3.0	0,775	true	[012002, 012008, 012006, 012000, 012003, 012005, 012001, 012004]
7614	12	012002	012004	72	27.0	3.0	0,833	true	[012002, 012008, 012006, 012000, 012003, 012005, 012007, 012004]
7615	12	012002	012004	73	42.0	9.0	0,894	true	[012002, 012008, 012006, 012000, 012004]
7616	12	012002	012004	74	25.0	4.0	0,903	true	[012002, 012008, 012006, 012000, 012007, 012004]
7617	12	012002	012004	75	19.0	5.0	0,824	true	[012002, 012008, 012006, 012000, 012007, 012005, 012001, 012004]
7618	12	012002	012004	76	20.0	6.0	0,850	true	[012002, 012008, 012006, 012000, 012007, 012005, 012003, 012004]
7619	12	012002	012004	77	28.0	3.0	0,903	true	[012002, 012008, 012006, 012001, 012004]
7620	12	012002	012004	78	19.0	3.0	0,833	true	[012002, 012008, 012006, 012001, 012005, 012003, 012000, 012004]
7621	12	012002	012004	79	19.0	3.0	0,841	true	[012002, 012008, 012006, 012001, 012005, 012003, 012000, 012007, 012004]
7622	12	012002	012004	80	19.0	3.0	0,859	true	[012002, 012008, 012006, 012001, 012005, 012003, 012004]
7623	12	012002	012004	81	19.0	3.0	0,841	true	[012002, 012008, 012006, 012001, 012005, 012007, 012000, 012003, 012004]
7624	12	012002	012004	82	19.0	3.0	0,886	true	[012002, 012008, 012006, 012001, 012005, 012007, 012000, 012004]
7625	12	012002	012004	83	19.0	3.0	0,895	true	[012002, 012008, 012006, 012001, 012005, 012007, 012004]
7626	12	012002	012004	84	8.0	3.0	0,960	true	[012002, 012008, 012006, 012004]
7627	12	012002	012008	85	21.0	3.0	0,832	true	[012002, 012003, 012000, 012004, 012001, 012006, 012008]
7628	12	012002	012008	86	8.0	3.0	0,885	true	[012002, 012003, 012000, 012004, 012006, 012008]
7629	12	012002	012008	87	19.0	3.0	0,824	true	[012002, 012003, 012000, 012004, 012007, 012005, 012001, 012006, 012008]
7630	12	012002	012008	88	16.0	3.0	0,894	true	[012002, 012003, 012000, 012004, 012008]
7631	12	012002	012008	89	16.0	3.0	0,815	true	[012002, 012003, 012000, 012006, 012001, 012004, 012008]
7632	12	012002	012008	90	16.0	3.0	0,807	true	[012002, 012003, 012000, 012006, 012001, 012005, 012007, 012004, 012008]
7633	12	012002	012008	91	8.0	3.0	0,867	true	[012002, 012003, 012000, 012006, 012004, 012008]
7634	12	012002	012008	92	21.0	3.0	0,858	true	[012002, 012003, 012000, 012006, 012008]
7635	12	012002	012008	93	21.0	3.0	0,841	true	[012002, 012003, 012000, 012007, 012004, 012001, 012006, 012008]
7636	12	012002	012008	94	8.0	3.0	0,894	true	[012002, 012003, 012000, 012007, 012004, 012006, 012008]
7637	12	012002	012008	95	16.0	3.0	0,903	true	[012002, 012003, 012000, 012007, 012004, 012008]
7638	12	012002	012008	96	8.0	3.0	0,815	true	[012002, 012003, 012000, 012007, 012005, 012001, 012004, 012006, 012008]
7639	12	012002	012008	97	16.0	3.0	0,824	true	[012002, 012003, 012000, 012007, 012005, 012001, 012004, 012008]
7640	12	012002	012008	98	8.0	3.0	0,858	true	[012002, 012003, 012000, 012007, 012005, 012001, 012006, 012004, 012008]
7641	12	012002	012008	99	19.0	3.0	0,850	true	[012002, 012003, 012000, 012007, 012005, 012001, 012006, 012008]
7642	12	012002	012008	100	13.0	3.0	0,912	true	[012002, 012003, 012000, 012008]
7643	12	012002	012008	101	52.0	9.0	0,980	true	[012002, 012008]
7644	13	013004	013007	0	19.0	3.0	0,816	true	[013004, 013000, 013002, 013001, 013003, 013005, 013006, 013007]
7645	13	013004	013007	1	19.0	3.0	0,832	true	[013004, 013000, 013002, 013001, 013003, 013005, 013007]
7646	13	013004	013007	2	19.0	3.0	0,807	true	[013004, 013000, 013002, 013001, 013003, 013005, 013008, 013007]
7647	13	013004	013007	3	13.0	3.0	0,807	true	[013004, 013000, 013002, 013001, 013003, 013006, 013005, 013007]
7648	13	013004	013007	4	13.0	3.0	0,783	true	[013004, 013000, 013002, 013001, 013003, 013006, 013005, 013008, 013007]
7649	13	013004	013007	5	13.0	3.0	0,859	true	[013004, 013000, 013002, 013001, 013003, 013006, 013007]
7650	13	013004	013007	6	19.0	3.0	0,903	true	[013004, 013000, 013002, 013001, 013003, 013007]
7651	13	013004	013007	7	7.0	3.0	0,799	true	[013004, 013000, 013002, 013001, 013003, 013008, 013005, 013006, 013007]
7652	13	013004	013007	8	7.0	3.0	0,816	true	[013004, 013000, 013002, 013001, 013003, 013008, 013005, 013007]
7653	13	013004	013007	9	7.0	3.0	0,859	true	[013004, 013000, 013002, 013001, 013003, 013008, 013007]
7654	13	013004	013007	10	13.0	3.0	0,833	true	[013004, 013000, 013002, 013001, 013005, 013003, 013006, 013007]
7655	13	013004	013007	11	19.0	3.0	0,876	true	[013004, 013000, 013002, 013001, 013005, 013003, 013007]
7656	13	013004	013007	12	7.0	3.0	0,833	true	[013004, 013000, 013002, 013001, 013005, 013003, 013008, 013007]
7657	13	013004	013007	13	13.0	3.0	0,850	true	[013004, 013000, 013002, 013001, 013005, 013006, 013003, 013007]
7658	13	013004	013007	14	7.0	3.0	0,808	true	[013004, 013000, 013002, 013001, 013005, 013006, 013003, 013008, 013007]
7659	13	013004	013007	15	19.0	3.0	0,858	true	[013004, 013000, 013002, 013001, 013005, 013006, 013007]
7660	13	013004	013007	16	19.0	3.0	0,876	true	[013004, 013000, 013002, 013001, 013005, 013007]
7661	13	013004	013007	17	7.0	3.0	0,816	true	[013004, 013000, 013002, 013001, 013005, 013008, 013003, 013006, 013007]
7662	13	013004	013007	18	7.0	3.0	0,858	true	[013004, 013000, 013002, 013001, 013005, 013008, 013003, 013007]
7663	13	013004	013007	19	19.0	3.0	0,850	true	[013004, 013000, 013002, 013001, 013005, 013008, 013007]
7664	13	013004	013007	20	13.0	3.0	0,783	true	[013004, 013000, 013002, 013001, 013006, 013003, 013005, 013007]
7665	13	013004	013007	21	13.0	3.0	0,759	true	[013004, 013000, 013002, 013001, 013006, 013003, 013005, 013008, 013007]
7666	13	013004	013007	22	13.0	3.0	0,850	true	[013004, 013000, 013002, 013001, 013006, 013003, 013007]
7667	13	013004	013007	23	7.0	3.0	0,767	true	[013004, 013000, 013002, 013001, 013006, 013003, 013008, 013005, 013007]
7668	13	013004	013007	24	7.0	3.0	0,808	true	[013004, 013000, 013002, 013001, 013006, 013003, 013008, 013007]
7669	13	013004	013007	25	19.0	3.0	0,807	true	[013004, 013000, 013002, 013001, 013006, 013005, 013003, 013007]
7670	13	013004	013007	26	7.0	3.0	0,767	true	[013004, 013000, 013002, 013001, 013006, 013005, 013003, 013008, 013007]
7671	13	013004	013007	27	19.0	3.0	0,807	true	[013004, 013000, 013002, 013001, 013006, 013005, 013007]
7672	13	013004	013007	28	7.0	3.0	0,791	true	[013004, 013000, 013002, 013001, 013006, 013005, 013008, 013003, 013007]
7673	13	013004	013007	29	19.0	3.0	0,783	true	[013004, 013000, 013002, 013001, 013006, 013005, 013008, 013007]
7674	13	013004	013007	30	19.0	3.0	0,858	true	[013004, 013000, 013002, 013001, 013006, 013007]
7675	13	013004	013007	31	19.0	3.0	0,912	true	[013004, 013000, 013002, 013001, 013007]
7676	13	013004	013007	32	7.0	3.0	0,807	true	[013004, 013000, 013002, 013001, 013008, 013003, 013005, 013006, 013007]
7677	13	013004	013007	33	7.0	3.0	0,824	true	[013004, 013000, 013002, 013001, 013008, 013003, 013005, 013007]
7678	13	013004	013007	34	7.0	3.0	0,799	true	[013004, 013000, 013002, 013001, 013008, 013003, 013006, 013005, 013007]
7679	13	013004	013007	35	7.0	3.0	0,850	true	[013004, 013000, 013002, 013001, 013008, 013003, 013006, 013007]
7680	13	013004	013007	36	7.0	3.0	0,894	true	[013004, 013000, 013002, 013001, 013008, 013003, 013007]
7681	13	013004	013007	37	13.0	3.0	0,799	true	[013004, 013000, 013002, 013001, 013008, 013005, 013003, 013006, 013007]
7682	13	013004	013007	38	19.0	3.0	0,841	true	[013004, 013000, 013002, 013001, 013008, 013005, 013003, 013007]
7683	13	013004	013007	39	13.0	3.0	0,816	true	[013004, 013000, 013002, 013001, 013008, 013005, 013006, 013003, 013007]
7684	13	013004	013007	40	19.0	3.0	0,824	true	[013004, 013000, 013002, 013001, 013008, 013005, 013006, 013007]
7685	13	013004	013007	41	19.0	3.0	0,841	true	[013004, 013000, 013002, 013001, 013008, 013005, 013007]
7686	13	013004	013007	42	19.0	3.0	0,885	true	[013004, 013000, 013002, 013001, 013008, 013007]
7687	13	013004	013007	43	13.0	4.0	0,850	true	[013004, 013000, 013002, 013003, 013001, 013005, 013006, 013007]
7688	13	013004	013007	44	13.0	6.0	0,867	true	[013004, 013000, 013002, 013003, 013001, 013005, 013007]
7689	13	013004	013007	45	13.0	3.0	0,841	true	[013004, 013000, 013002, 013003, 013001, 013005, 013008, 013007]
7690	13	013004	013007	46	13.0	6.0	0,799	true	[013004, 013000, 013002, 013003, 013001, 013006, 013005, 013007]
7691	13	013004	013007	47	13.0	3.0	0,775	true	[013004, 013000, 013002, 013003, 013001, 013006, 013005, 013008, 013007]
7692	13	013004	013007	48	13.0	4.0	0,850	true	[013004, 013000, 013002, 013003, 013001, 013006, 013007]
7693	13	013004	013007	49	13.0	3.0	0,903	true	[013004, 013000, 013002, 013003, 013001, 013007]
7694	13	013004	013007	50	13.0	3.0	0,816	true	[013004, 013000, 013002, 013003, 013001, 013008, 013005, 013006, 013007]
7695	13	013004	013007	51	13.0	3.0	0,832	true	[013004, 013000, 013002, 013003, 013001, 013008, 013005, 013007]
7696	13	013004	013007	52	13.0	3.0	0,876	true	[013004, 013000, 013002, 013003, 013001, 013008, 013007]
7697	13	013004	013007	53	13.0	4.0	0,824	true	[013004, 013000, 013002, 013003, 013005, 013001, 013006, 013007]
7698	13	013004	013007	54	13.0	3.0	0,876	true	[013004, 013000, 013002, 013003, 013005, 013001, 013007]
7699	13	013004	013007	55	13.0	3.0	0,850	true	[013004, 013000, 013002, 013003, 013005, 013001, 013008, 013007]
7700	13	013004	013007	56	13.0	3.0	0,807	true	[013004, 013000, 013002, 013003, 013005, 013006, 013001, 013007]
7701	13	013004	013007	57	13.0	3.0	0,783	true	[013004, 013000, 013002, 013003, 013005, 013006, 013001, 013008, 013007]
7702	13	013004	013007	58	13.0	4.0	0,824	true	[013004, 013000, 013002, 013003, 013005, 013006, 013007]
7703	13	013004	013007	59	13.0	6.0	0,841	true	[013004, 013000, 013002, 013003, 013005, 013007]
7704	13	013004	013007	60	13.0	3.0	0,791	true	[013004, 013000, 013002, 013003, 013005, 013008, 013001, 013006, 013007]
7705	13	013004	013007	61	13.0	3.0	0,841	true	[013004, 013000, 013002, 013003, 013005, 013008, 013001, 013007]
7706	13	013004	013007	62	13.0	3.0	0,816	true	[013004, 013000, 013002, 013003, 013005, 013008, 013007]
7707	13	013004	013007	63	13.0	4.0	0,816	true	[013004, 013000, 013002, 013003, 013006, 013001, 013005, 013007]
7708	13	013004	013007	64	13.0	3.0	0,791	true	[013004, 013000, 013002, 013003, 013006, 013001, 013005, 013008, 013007]
7709	13	013004	013007	65	13.0	3.0	0,850	true	[013004, 013000, 013002, 013003, 013006, 013001, 013007]
7710	13	013004	013007	66	13.0	3.0	0,783	true	[013004, 013000, 013002, 013003, 013006, 013001, 013008, 013005, 013007]
7711	13	013004	013007	67	13.0	3.0	0,824	true	[013004, 013000, 013002, 013003, 013006, 013001, 013008, 013007]
7712	13	013004	013007	68	13.0	3.0	0,850	true	[013004, 013000, 013002, 013003, 013006, 013005, 013001, 013007]
7713	13	013004	013007	69	13.0	3.0	0,824	true	[013004, 013000, 013002, 013003, 013006, 013005, 013001, 013008, 013007]
7714	13	013004	013007	70	13.0	4.0	0,816	true	[013004, 013000, 013002, 013003, 013006, 013005, 013007]
7715	13	013004	013007	71	13.0	3.0	0,816	true	[013004, 013000, 013002, 013003, 013006, 013005, 013008, 013001, 013007]
7716	13	013004	013007	72	13.0	3.0	0,791	true	[013004, 013000, 013002, 013003, 013006, 013005, 013008, 013007]
7717	13	013004	013007	73	13.0	4.0	0,867	true	[013004, 013000, 013002, 013003, 013006, 013007]
7718	13	013004	013007	74	13.0	6.0	0,912	true	[013004, 013000, 013002, 013003, 013007]
7719	13	013004	013007	75	7.0	3.0	0,841	true	[013004, 013000, 013002, 013003, 013008, 013001, 013005, 013006, 013007]
7720	13	013004	013007	76	7.0	3.0	0,858	true	[013004, 013000, 013002, 013003, 013008, 013001, 013005, 013007]
7721	13	013004	013007	77	7.0	3.0	0,791	true	[013004, 013000, 013002, 013003, 013008, 013001, 013006, 013005, 013007]
7722	13	013004	013007	78	7.0	3.0	0,841	true	[013004, 013000, 013002, 013003, 013008, 013001, 013006, 013007]
7723	13	013004	013007	79	7.0	3.0	0,894	true	[013004, 013000, 013002, 013003, 013008, 013001, 013007]
7724	13	013004	013007	80	7.0	3.0	0,807	true	[013004, 013000, 013002, 013003, 013008, 013005, 013001, 013006, 013007]
7725	13	013004	013007	81	7.0	3.0	0,858	true	[013004, 013000, 013002, 013003, 013008, 013005, 013001, 013007]
7726	13	013004	013007	82	7.0	3.0	0,791	true	[013004, 013000, 013002, 013003, 013008, 013005, 013006, 013001, 013007]
7727	13	013004	013007	83	7.0	3.0	0,807	true	[013004, 013000, 013002, 013003, 013008, 013005, 013006, 013007]
7728	13	013004	013007	84	7.0	3.0	0,824	true	[013004, 013000, 013002, 013003, 013008, 013005, 013007]
7729	13	013004	013007	85	7.0	6.0	0,867	true	[013004, 013000, 013002, 013003, 013008, 013007]
7730	13	013004	013007	86	13.0	4.0	0,895	true	[013004, 013000, 013002, 013005, 013001, 013003, 013006, 013007]
7731	13	013004	013007	87	23.0	6.0	0,941	true	[013004, 013000, 013002, 013005, 013001, 013003, 013007]
7732	13	013004	013007	88	7.0	6.0	0,895	true	[013004, 013000, 013002, 013005, 013001, 013003, 013008, 013007]
7733	13	013004	013007	89	13.0	4.0	0,885	true	[013004, 013000, 013002, 013005, 013001, 013006, 013003, 013007]
7734	13	013004	013007	90	7.0	4.0	0,842	true	[013004, 013000, 013002, 013005, 013001, 013006, 013003, 013008, 013007]
7735	13	013004	013007	91	23.0	4.0	0,894	true	[013004, 013000, 013002, 013005, 013001, 013006, 013007]
7736	13	013004	013007	92	23.0	3.0	0,951	true	[013004, 013000, 013002, 013005, 013001, 013007]
7737	13	013004	013007	93	7.0	3.0	0,886	true	[013004, 013000, 013002, 013005, 013001, 013008, 013003, 013006, 013007]
7738	13	013004	013007	94	7.0	3.0	0,932	true	[013004, 013000, 013002, 013005, 013001, 013008, 013003, 013007]
7739	13	013004	013007	95	21.0	3.0	0,922	true	[013004, 013000, 013002, 013005, 013001, 013008, 013007]
7740	13	013004	013007	96	23.0	4.0	0,850	true	[013004, 013000, 013002, 013005, 013003, 013001, 013006, 013007]
7741	13	013004	013007	97	23.0	3.0	0,904	true	[013004, 013000, 013002, 013005, 013003, 013001, 013007]
7742	13	013004	013007	98	21.0	3.0	0,876	true	[013004, 013000, 013002, 013005, 013003, 013001, 013008, 013007]
7743	13	013004	013007	99	13.0	3.0	0,850	true	[013004, 013000, 013002, 013005, 013003, 013006, 013001, 013007]
7744	13	013004	013007	100	13.0	3.0	0,824	true	[013004, 013000, 013002, 013005, 013003, 013006, 013001, 013008, 013007]
7745	13	013004	013007	101	13.0	4.0	0,868	true	[013004, 013000, 013002, 013005, 013003, 013006, 013007]
7746	13	013004	013007	102	23.0	6.0	0,913	true	[013004, 013000, 013002, 013005, 013003, 013007]
7747	13	013004	013007	103	19.0	8.0	0,913	true	[013004, 013000, 013002, 013005, 013007]
7748	13	013004	013007	104	23.0	8.0	0,951	true	[013004, 013000, 013002, 013007]
7749	13	013004	013007	105	15.0	5.0	0,980	true	[013004, 013000, 013007]
7750	13	013004	013007	106	9.0	8.0	1,000	true	[013004, 013007]
7751	14	014006	014002	0	5.0	5.0	0,903	true	[014006, 014001, 014000, 014002]
7752	14	014006	014002	1	18.0	3.0	0,858	true	[014006, 014001, 014000, 014003, 014005, 014002]
7753	14	014006	014002	2	16.0	3.0	0,775	true	[014006, 014001, 014000, 014003, 014005, 014004, 014008, 014002]
7754	14	014006	014002	3	11.0	3.0	0,807	true	[014006, 014001, 014000, 014003, 014005, 014008, 014002]
7755	14	014006	014002	4	18.0	4.0	0,922	true	[014006, 014001, 014000, 014005, 014002]
7756	14	014006	014002	5	16.0	3.0	0,832	true	[014006, 014001, 014000, 014005, 014004, 014008, 014002]
7757	14	014006	014002	6	11.0	3.0	0,867	true	[014006, 014001, 014000, 014005, 014008, 014002]
7758	14	014006	014002	7	18.0	6.0	0,922	true	[014006, 014001, 014002]
7759	14	014006	014002	8	5.0	3.0	0,885	true	[014006, 014001, 014003, 014000, 014002]
7760	14	014006	014002	9	13.0	3.0	0,903	true	[014006, 014001, 014003, 014000, 014005, 014002]
7761	14	014006	014002	10	13.0	3.0	0,815	true	[014006, 014001, 014003, 014000, 014005, 014004, 014008, 014002]
7762	14	014006	014002	11	11.0	3.0	0,849	true	[014006, 014001, 014003, 014000, 014005, 014008, 014002]
7763	14	014006	014002	12	5.0	5.0	0,913	true	[014006, 014001, 014003, 014005, 014000, 014002]
7764	14	014006	014002	13	13.0	4.0	0,931	true	[014006, 014001, 014003, 014005, 014002]
7765	14	014006	014002	14	13.0	3.0	0,841	true	[014006, 014001, 014003, 014005, 014004, 014008, 014002]
7766	14	014006	014002	15	11.0	3.0	0,876	true	[014006, 014001, 014003, 014005, 014008, 014002]
7767	14	014006	014002	16	5.0	7.0	0,913	true	[014006, 014001, 014004, 014005, 014000, 014002]
7768	14	014006	014002	17	18.0	4.0	0,931	true	[014006, 014001, 014004, 014005, 014002]
7769	14	014006	014002	18	5.0	3.0	0,850	true	[014006, 014001, 014004, 014005, 014003, 014000, 014002]
7770	14	014006	014002	19	11.0	3.0	0,876	true	[014006, 014001, 014004, 014005, 014008, 014002]
7771	14	014006	014002	20	16.0	3.0	0,858	true	[014006, 014001, 014004, 014008, 014002]
7772	14	014006	014002	21	5.0	3.0	0,858	true	[014006, 014001, 014004, 014008, 014005, 014000, 014002]
7773	14	014006	014002	22	11.0	3.0	0,876	true	[014006, 014001, 014004, 014008, 014005, 014002]
7774	14	014006	014002	23	5.0	3.0	0,799	true	[014006, 014001, 014004, 014008, 014005, 014003, 014000, 014002]
7775	14	014006	014002	24	5.0	6.0	0,894	true	[014006, 014001, 014005, 014000, 014002]
7776	14	014006	014002	25	18.0	4.0	0,912	true	[014006, 014001, 014005, 014002]
7777	14	014006	014002	26	5.0	3.0	0,832	true	[014006, 014001, 014005, 014003, 014000, 014002]
7778	14	014006	014002	27	16.0	3.0	0,823	true	[014006, 014001, 014005, 014004, 014008, 014002]
7779	14	014006	014002	28	11.0	3.0	0,858	true	[014006, 014001, 014005, 014008, 014002]
7780	14	014006	014002	29	18.0	4.0	0,912	true	[014006, 014001, 014007, 014002]
7781	14	014006	014002	30	18.0	3.0	0,912	true	[014006, 014001, 014008, 014002]
7782	14	014006	014002	31	5.0	3.0	0,876	true	[014006, 014001, 014008, 014004, 014005, 014000, 014002]
7783	14	014006	014002	32	16.0	3.0	0,894	true	[014006, 014001, 014008, 014004, 014005, 014002]
7784	14	014006	014002	33	5.0	3.0	0,815	true	[014006, 014001, 014008, 014004, 014005, 014003, 014000, 014002]
7785	14	014006	014002	34	5.0	3.0	0,913	true	[014006, 014001, 014008, 014005, 014000, 014002]
7786	14	014006	014002	35	11.0	3.0	0,931	true	[014006, 014001, 014008, 014005, 014002]
7787	14	014006	014002	36	5.0	3.0	0,850	true	[014006, 014001, 014008, 014005, 014003, 014000, 014002]
7788	14	014006	014002	37	54.0	6.0	0,960	true	[014006, 014002]
7789	14	014006	014002	38	46.0	3.0	0,849	true	[014006, 014003, 014000, 014001, 014002]
7790	14	014006	014002	39	27.0	3.0	0,858	true	[014006, 014003, 014000, 014001, 014004, 014005, 014002]
7791	14	014006	014002	40	11.0	3.0	0,807	true	[014006, 014003, 014000, 014001, 014004, 014005, 014008, 014002]
7792	14	014006	014002	41	16.0	3.0	0,790	true	[014006, 014003, 014000, 014001, 014004, 014008, 014002]
7793	14	014006	014002	42	11.0	3.0	0,807	true	[014006, 014003, 014000, 014001, 014004, 014008, 014005, 014002]
7794	14	014006	014002	43	33.0	3.0	0,841	true	[014006, 014003, 014000, 014001, 014005, 014002]
7795	14	014006	014002	44	16.0	3.0	0,759	true	[014006, 014003, 014000, 014001, 014005, 014004, 014008, 014002]
7796	14	014006	014002	45	11.0	3.0	0,791	true	[014006, 014003, 014000, 014001, 014005, 014008, 014002]
7797	14	014006	014002	46	36.0	3.0	0,841	true	[014006, 014003, 014000, 014001, 014007, 014002]
7798	14	014006	014002	47	29.0	3.0	0,840	true	[014006, 014003, 014000, 014001, 014008, 014002]
7799	14	014006	014002	48	16.0	3.0	0,824	true	[014006, 014003, 014000, 014001, 014008, 014004, 014005, 014002]
7800	14	014006	014002	49	11.0	3.0	0,858	true	[014006, 014003, 014000, 014001, 014008, 014005, 014002]
7801	14	014006	014002	50	5.0	3.0	0,885	true	[014006, 014003, 014000, 014002]
7802	14	014006	014002	51	33.0	3.0	0,840	true	[014006, 014003, 014000, 014005, 014001, 014002]
7803	14	014006	014002	52	16.0	3.0	0,782	true	[014006, 014003, 014000, 014005, 014001, 014004, 014008, 014002]
7804	14	014006	014002	53	33.0	3.0	0,832	true	[014006, 014003, 014000, 014005, 014001, 014007, 014002]
7805	14	014006	014002	54	29.0	3.0	0,832	true	[014006, 014003, 014000, 014005, 014001, 014008, 014002]
7806	14	014006	014002	55	46.0	3.0	0,903	true	[014006, 014003, 014000, 014005, 014002]
7807	14	014006	014002	56	27.0	3.0	0,858	true	[014006, 014003, 014000, 014005, 014004, 014001, 014002]
7808	14	014006	014002	57	27.0	3.0	0,850	true	[014006, 014003, 014000, 014005, 014004, 014001, 014007, 014002]
7809	14	014006	014002	58	27.0	3.0	0,849	true	[014006, 014003, 014000, 014005, 014004, 014001, 014008, 014002]
7810	14	014006	014002	59	16.0	3.0	0,823	true	[014006, 014003, 014000, 014005, 014004, 014008, 014001, 014002]
7811	14	014006	014002	60	16.0	3.0	0,815	true	[014006, 014003, 014000, 014005, 014004, 014008, 014001, 014007, 014002]
7812	14	014006	014002	61	16.0	3.0	0,815	true	[014006, 014003, 014000, 014005, 014004, 014008, 014002]
7813	14	014006	014002	62	11.0	3.0	0,858	true	[014006, 014003, 014000, 014005, 014008, 014001, 014002]
7814	14	014006	014002	63	11.0	3.0	0,849	true	[014006, 014003, 014000, 014005, 014008, 014001, 014007, 014002]
7815	14	014006	014002	64	11.0	3.0	0,849	true	[014006, 014003, 014000, 014005, 014008, 014002]
7816	14	014006	014002	65	11.0	3.0	0,807	true	[014006, 014003, 014000, 014005, 014008, 014004, 014001, 014002]
7817	14	014006	014002	66	11.0	3.0	0,799	true	[014006, 014003, 014000, 014005, 014008, 014004, 014001, 014007, 014002]
7818	14	014006	014002	67	5.0	5.0	0,903	true	[014006, 014003, 014001, 014000, 014002]
7819	14	014006	014002	68	13.0	4.0	0,922	true	[014006, 014003, 014001, 014000, 014005, 014002]
7820	14	014006	014002	69	13.0	3.0	0,832	true	[014006, 014003, 014001, 014000, 014005, 014004, 014008, 014002]
7821	14	014006	014002	70	11.0	3.0	0,867	true	[014006, 014003, 014001, 014000, 014005, 014008, 014002]
7822	14	014006	014002	71	13.0	6.0	0,922	true	[014006, 014003, 014001, 014002]
7823	14	014006	014002	72	5.0	8.0	0,913	true	[014006, 014003, 014001, 014004, 014005, 014000, 014002]
7824	14	014006	014002	73	13.0	4.0	0,931	true	[014006, 014003, 014001, 014004, 014005, 014002]
7825	14	014006	014002	74	11.0	3.0	0,876	true	[014006, 014003, 014001, 014004, 014005, 014008, 014002]
7826	14	014006	014002	75	13.0	3.0	0,858	true	[014006, 014003, 014001, 014004, 014008, 014002]
7827	14	014006	014002	76	5.0	3.0	0,858	true	[014006, 014003, 014001, 014004, 014008, 014005, 014000, 014002]
7828	14	014006	014002	77	11.0	3.0	0,876	true	[014006, 014003, 014001, 014004, 014008, 014005, 014002]
7829	14	014006	014002	78	5.0	6.0	0,894	true	[014006, 014003, 014001, 014005, 014000, 014002]
7830	14	014006	014002	79	13.0	4.0	0,912	true	[014006, 014003, 014001, 014005, 014002]
7831	14	014006	014002	80	13.0	3.0	0,823	true	[014006, 014003, 014001, 014005, 014004, 014008, 014002]
7832	14	014006	014002	81	11.0	3.0	0,858	true	[014006, 014003, 014001, 014005, 014008, 014002]
7833	14	014006	014002	82	13.0	4.0	0,912	true	[014006, 014003, 014001, 014007, 014002]
7834	14	014006	014002	83	13.0	3.0	0,912	true	[014006, 014003, 014001, 014008, 014002]
7835	14	014006	014002	84	5.0	3.0	0,876	true	[014006, 014003, 014001, 014008, 014004, 014005, 014000, 014002]
7836	14	014006	014002	85	13.0	3.0	0,894	true	[014006, 014003, 014001, 014008, 014004, 014005, 014002]
7837	14	014006	014002	86	5.0	3.0	0,913	true	[014006, 014003, 014001, 014008, 014005, 014000, 014002]
7838	14	014006	014002	87	11.0	3.0	0,931	true	[014006, 014003, 014001, 014008, 014005, 014002]
7839	14	014006	014002	88	19.0	5.0	0,876	true	[014006, 014003, 014005, 014000, 014001, 014002]
7840	14	014006	014002	89	16.0	3.0	0,815	true	[014006, 014003, 014005, 014000, 014001, 014004, 014008, 014002]
7841	14	014006	014002	90	19.0	4.0	0,867	true	[014006, 014003, 014005, 014000, 014001, 014007, 014002]
7842	14	014006	014002	91	19.0	3.0	0,867	true	[014006, 014003, 014005, 014000, 014001, 014008, 014002]
7843	14	014006	014002	92	5.0	5.0	0,913	true	[014006, 014003, 014005, 014000, 014002]
7844	14	014006	014002	93	5.0	5.0	0,850	true	[014006, 014003, 014005, 014001, 014000, 014002]
7845	14	014006	014002	94	19.0	5.0	0,867	true	[014006, 014003, 014005, 014001, 014002]
7846	14	014006	014002	95	16.0	3.0	0,807	true	[014006, 014003, 014005, 014001, 014004, 014008, 014002]
7847	14	014006	014002	96	19.0	4.0	0,858	true	[014006, 014003, 014005, 014001, 014007, 014002]
7848	14	014006	014002	97	19.0	3.0	0,858	true	[014006, 014003, 014005, 014001, 014008, 014002]
7849	14	014006	014002	98	19.0	4.0	0,931	true	[014006, 014003, 014005, 014002]
7850	14	014006	014002	99	5.0	5.0	0,868	true	[014006, 014003, 014005, 014004, 014001, 014000, 014002]
7851	14	014006	014002	100	19.0	5.0	0,885	true	[014006, 014003, 014005, 014004, 014001, 014002]
7852	15	015004	015008	0	16.0	4.0	0,842	true	[015004, 015002, 015001, 015005, 015000, 015003, 015006, 015008]
7853	15	015004	015008	1	16.0	4.0	0,833	true	[015004, 015002, 015001, 015005, 015000, 015003, 015008]
7854	15	015004	015008	2	16.0	4.0	0,841	true	[015004, 015002, 015001, 015005, 015000, 015006, 015003, 015008]
7855	15	015004	015008	3	16.0	4.0	0,904	true	[015004, 015002, 015001, 015005, 015000, 015006, 015008]
7856	15	015004	015008	4	7.0	4.0	0,799	true	[015004, 015002, 015001, 015005, 015000, 015007, 015006, 015003, 015008]
7857	15	015004	015008	5	7.0	4.0	0,859	true	[015004, 015002, 015001, 015005, 015000, 015007, 015006, 015008]
7858	15	015004	015008	6	16.0	4.0	0,895	true	[015004, 015002, 015001, 015005, 015000, 015008]
7859	15	015004	015008	7	7.0	4.0	0,808	true	[015004, 015002, 015001, 015005, 015007, 015000, 015003, 015006, 015008]
7860	15	015004	015008	8	7.0	4.0	0,799	true	[015004, 015002, 015001, 015005, 015007, 015000, 015003, 015008]
7861	15	015004	015008	9	7.0	4.0	0,807	true	[015004, 015002, 015001, 015005, 015007, 015000, 015006, 015003, 015008]
7862	15	015004	015008	10	7.0	4.0	0,867	true	[015004, 015002, 015001, 015005, 015007, 015000, 015006, 015008]
7863	15	015004	015008	11	7.0	4.0	0,859	true	[015004, 015002, 015001, 015005, 015007, 015000, 015008]
7864	15	015004	015008	12	16.0	4.0	0,841	true	[015004, 015002, 015001, 015005, 015007, 015006, 015000, 015003, 015008]
7865	15	015004	015008	13	16.0	4.0	0,904	true	[015004, 015002, 015001, 015005, 015007, 015006, 015000, 015008]
7866	15	015004	015008	14	16.0	4.0	0,842	true	[015004, 015002, 015001, 015005, 015007, 015006, 015003, 015000, 015008]
7867	15	015004	015008	15	16.0	4.0	0,850	true	[015004, 015002, 015001, 015005, 015007, 015006, 015003, 015008]
7868	15	015004	015008	16	16.0	4.0	0,913	true	[015004, 015002, 015001, 015005, 015007, 015006, 015008]
7869	15	015004	015008	17	22.0	4.0	0,922	true	[015004, 015002, 015001, 015005, 015008]
7870	15	015004	015008	18	19.0	4.0	0,849	true	[015004, 015002, 015001, 015006, 015000, 015003, 015008]
7871	15	015004	015008	19	16.0	4.0	0,885	true	[015004, 015002, 015001, 015006, 015000, 015005, 015008]
7872	15	015004	015008	20	7.0	4.0	0,850	true	[015004, 015002, 015001, 015006, 015000, 015007, 015005, 015008]
7873	15	015004	015008	21	26.0	4.0	0,913	true	[015004, 015002, 015001, 015006, 015000, 015008]
7874	15	015004	015008	22	16.0	4.0	0,824	true	[015004, 015002, 015001, 015006, 015003, 015000, 015005, 015008]
7875	15	015004	015008	23	7.0	4.0	0,791	true	[015004, 015002, 015001, 015006, 015003, 015000, 015007, 015005, 015008]
7876	15	015004	015008	24	19.0	4.0	0,850	true	[015004, 015002, 015001, 015006, 015003, 015000, 015008]
7877	15	015004	015008	25	28.0	4.0	0,858	true	[015004, 015002, 015001, 015006, 015003, 015008]
7878	15	015004	015008	26	7.0	4.0	0,807	true	[015004, 015002, 015001, 015006, 015007, 015000, 015003, 015008]
7879	15	015004	015008	27	7.0	4.0	0,841	true	[015004, 015002, 015001, 015006, 015007, 015000, 015005, 015008]
7880	15	015004	015008	28	7.0	4.0	0,867	true	[015004, 015002, 015001, 015006, 015007, 015000, 015008]
7881	15	015004	015008	29	16.0	4.0	0,807	true	[015004, 015002, 015001, 015006, 015007, 015005, 015000, 015003, 015008]
7882	15	015004	015008	30	16.0	4.0	0,868	true	[015004, 015002, 015001, 015006, 015007, 015005, 015000, 015008]
7883	15	015004	015008	31	16.0	4.0	0,895	true	[015004, 015002, 015001, 015006, 015007, 015005, 015008]
7884	15	015004	015008	32	28.0	4.0	0,922	true	[015004, 015002, 015001, 015006, 015008]
7885	15	015004	015008	33	25.0	4.0	0,960	true	[015004, 015002, 015001, 015008]
7886	15	015004	015008	34	16.0	4.0	0,841	true	[015004, 015002, 015003, 015000, 015005, 015001, 015006, 015008]
7887	15	015004	015008	35	16.0	4.0	0,876	true	[015004, 015002, 015003, 015000, 015005, 015001, 015008]
7888	15	015004	015008	36	16.0	6.0	0,850	true	[015004, 015002, 015003, 015000, 015005, 015007, 015006, 015001, 015008]
7889	15	015004	015008	37	16.0	6.0	0,885	true	[015004, 015002, 015003, 015000, 015005, 015007, 015006, 015008]
7890	15	015004	015008	38	16.0	4.0	0,894	true	[015004, 015002, 015003, 015000, 015005, 015008]
7891	15	015004	015008	39	19.0	4.0	0,859	true	[015004, 015002, 015003, 015000, 015006, 015001, 015005, 015008]
7892	15	015004	015008	40	19.0	4.0	0,894	true	[015004, 015002, 015003, 015000, 015006, 015001, 015008]
7893	15	015004	015008	41	16.0	4.0	0,885	true	[015004, 015002, 015003, 015000, 015006, 015007, 015005, 015001, 015008]
7894	15	015004	015008	42	16.0	4.0	0,904	true	[015004, 015002, 015003, 015000, 015006, 015007, 015005, 015008]
7895	15	015004	015008	43	19.0	4.0	0,931	true	[015004, 015002, 015003, 015000, 015006, 015008]
7896	15	015004	015008	44	7.0	4.0	0,807	true	[015004, 015002, 015003, 015000, 015007, 015005, 015001, 015006, 015008]
7897	15	015004	015008	45	7.0	4.0	0,841	true	[015004, 015002, 015003, 015000, 015007, 015005, 015001, 015008]
7898	15	015004	015008	46	7.0	4.0	0,858	true	[015004, 015002, 015003, 015000, 015007, 015005, 015008]
7899	15	015004	015008	47	7.0	4.0	0,816	true	[015004, 015002, 015003, 015000, 015007, 015006, 015001, 015005, 015008]
7900	15	015004	015008	48	7.0	6.0	0,849	true	[015004, 015002, 015003, 015000, 015007, 015006, 015001, 015008]
7901	15	015004	015008	49	7.0	6.0	0,885	true	[015004, 015002, 015003, 015000, 015007, 015006, 015008]
7902	15	015004	015008	50	19.0	6.0	0,922	true	[015004, 015002, 015003, 015000, 015008]
7903	15	015004	015008	51	16.0	4.0	0,885	true	[015004, 015002, 015003, 015006, 015000, 015005, 015001, 015008]
7904	15	015004	015008	52	16.0	4.0	0,904	true	[015004, 015002, 015003, 015006, 015000, 015005, 015008]
7905	15	015004	015008	53	7.0	4.0	0,850	true	[015004, 015002, 015003, 015006, 015000, 015007, 015005, 015001, 015008]
7906	15	015004	015008	54	7.0	4.0	0,867	true	[015004, 015002, 015003, 015006, 015000, 015007, 015005, 015008]
7907	15	015004	015008	55	26.0	4.0	0,932	true	[015004, 015002, 015003, 015006, 015000, 015008]
7908	15	015004	015008	56	16.0	4.0	0,841	true	[015004, 015002, 015003, 015006, 015001, 015005, 015000, 015008]
7909	15	015004	015008	57	7.0	4.0	0,808	true	[015004, 015002, 015003, 015006, 015001, 015005, 015007, 015000, 015008]
7910	15	015004	015008	58	22.0	4.0	0,867	true	[015004, 015002, 015003, 015006, 015001, 015005, 015008]
7911	15	015004	015008	59	25.0	6.0	0,903	true	[015004, 015002, 015003, 015006, 015001, 015008]
7912	15	015004	015008	60	7.0	4.0	0,841	true	[015004, 015002, 015003, 015006, 015007, 015000, 015005, 015001, 015008]
7913	15	015004	015008	61	7.0	4.0	0,858	true	[015004, 015002, 015003, 015006, 015007, 015000, 015005, 015008]
7914	15	015004	015008	62	7.0	6.0	0,885	true	[015004, 015002, 015003, 015006, 015007, 015000, 015008]
7915	15	015004	015008	63	16.0	6.0	0,886	true	[015004, 015002, 015003, 015006, 015007, 015005, 015000, 015008]
7916	15	015004	015008	64	16.0	4.0	0,895	true	[015004, 015002, 015003, 015006, 015007, 015005, 015001, 015008]
7917	15	015004	015008	65	16.0	4.0	0,913	true	[015004, 015002, 015003, 015006, 015007, 015005, 015008]
7918	15	015004	015008	66	28.0	6.0	0,941	true	[015004, 015002, 015003, 015006, 015008]
7919	15	015004	015008	67	28.0	5.0	0,931	true	[015004, 015002, 015003, 015008]
7920	15	015004	015008	68	16.0	6.0	0,816	true	[015004, 015002, 015005, 015000, 015003, 015006, 015001, 015008]
7921	15	015004	015008	69	16.0	6.0	0,850	true	[015004, 015002, 015005, 015000, 015003, 015006, 015008]
7922	15	015004	015008	70	16.0	5.0	0,841	true	[015004, 015002, 015005, 015000, 015003, 015008]
7923	15	015004	015008	71	16.0	4.0	0,876	true	[015004, 015002, 015005, 015000, 015006, 015001, 015008]
7924	15	015004	015008	72	16.0	4.0	0,850	true	[015004, 015002, 015005, 015000, 015006, 015003, 015008]
7925	15	015004	015008	73	16.0	4.0	0,913	true	[015004, 015002, 015005, 015000, 015006, 015008]
7926	15	015004	015008	74	7.0	6.0	0,833	true	[015004, 015002, 015005, 015000, 015007, 015006, 015001, 015008]
7927	15	015004	015008	75	7.0	5.0	0,807	true	[015004, 015002, 015005, 015000, 015007, 015006, 015003, 015008]
7928	15	015004	015008	76	7.0	6.0	0,867	true	[015004, 015002, 015005, 015000, 015007, 015006, 015008]
7929	15	015004	015008	77	16.0	6.0	0,904	true	[015004, 015002, 015005, 015000, 015008]
7930	15	015004	015008	78	19.0	4.0	0,807	true	[015004, 015002, 015005, 015001, 015006, 015000, 015003, 015008]
7931	15	015004	015008	79	20.0	4.0	0,867	true	[015004, 015002, 015005, 015001, 015006, 015000, 015008]
7932	15	015004	015008	80	19.0	4.0	0,808	true	[015004, 015002, 015005, 015001, 015006, 015003, 015000, 015008]
7933	15	015004	015008	81	20.0	4.0	0,816	true	[015004, 015002, 015005, 015001, 015006, 015003, 015008]
7934	15	015004	015008	82	7.0	4.0	0,767	true	[015004, 015002, 015005, 015001, 015006, 015007, 015000, 015003, 015008]
7935	15	015004	015008	83	7.0	4.0	0,824	true	[015004, 015002, 015005, 015001, 015006, 015007, 015000, 015008]
7936	15	015004	015008	84	20.0	4.0	0,876	true	[015004, 015002, 015005, 015001, 015006, 015008]
7937	15	015004	015008	85	20.0	4.0	0,913	true	[015004, 015002, 015005, 015001, 015008]
7938	15	015004	015008	86	7.0	6.0	0,783	true	[015004, 015002, 015005, 015007, 015000, 015003, 015006, 015001, 015008]
7939	15	015004	015008	87	7.0	6.0	0,816	true	[015004, 015002, 015005, 015007, 015000, 015003, 015006, 015008]
7940	15	015004	015008	88	7.0	5.0	0,807	true	[015004, 015002, 015005, 015007, 015000, 015003, 015008]
7941	15	015004	015008	89	7.0	4.0	0,841	true	[015004, 015002, 015005, 015007, 015000, 015006, 015001, 015008]
7942	15	015004	015008	90	7.0	4.0	0,816	true	[015004, 015002, 015005, 015007, 015000, 015006, 015003, 015008]
7943	15	015004	015008	91	7.0	4.0	0,876	true	[015004, 015002, 015005, 015007, 015000, 015006, 015008]
7944	15	015004	015008	92	7.0	6.0	0,867	true	[015004, 015002, 015005, 015007, 015000, 015008]
7945	15	015004	015008	93	16.0	4.0	0,850	true	[015004, 015002, 015005, 015007, 015006, 015000, 015003, 015008]
7946	15	015004	015008	94	16.0	4.0	0,913	true	[015004, 015002, 015005, 015007, 015006, 015000, 015008]
7947	15	015004	015008	95	16.0	6.0	0,885	true	[015004, 015002, 015005, 015007, 015006, 015001, 015008]
7948	15	015004	015008	96	16.0	6.0	0,850	true	[015004, 015002, 015005, 015007, 015006, 015003, 015000, 015008]
7949	15	015004	015008	97	16.0	5.0	0,858	true	[015004, 015002, 015005, 015007, 015006, 015003, 015008]
7950	15	015004	015008	98	16.0	6.0	0,922	true	[015004, 015002, 015005, 015007, 015006, 015008]
7951	15	015004	015008	99	20.0	4.0	0,932	true	[015004, 015002, 015005, 015008]
7952	15	015004	015008	100	19.0	4.0	0,867	true	[015004, 015002, 015006, 015000, 015003, 015008]
7953	15	015004	015008	101	26.0	4.0	0,932	true	[015004, 015002, 015006, 015000, 015008]
7954	15	015004	015008	102	28.0	6.0	0,941	true	[015004, 015002, 015006, 015008]
7955	15	015004	015008	103	13.0	9.0	0,960	true	[015004, 015008]
7956	16	016005	016004	0	9.0	6.0	0,832	true	[016005, 016000, 016001, 016003, 016002, 016004]
7957	16	016005	016004	1	9.0	6.0	0,775	true	[016005, 016000, 016001, 016003, 016002, 016006, 016007, 016008, 016004]
7958	16	016005	016004	2	9.0	4.0	0,815	true	[016005, 016000, 016001, 016003, 016002, 016006, 016008, 016004]
7959	16	016005	016004	3	9.0	4.0	0,783	true	[016005, 016000, 016001, 016003, 016002, 016007, 016006, 016008, 016004]
7960	16	016005	016004	4	9.0	6.0	0,775	true	[016005, 016000, 016001, 016003, 016002, 016007, 016008, 016004]
7961	16	016005	016004	5	9.0	6.0	0,799	true	[016005, 016000, 016001, 016003, 016002, 016008, 016004]
7962	16	016005	016004	6	9.0	6.0	0,832	true	[016005, 016000, 016001, 016003, 016006, 016002, 016004]
7963	16	016005	016004	7	9.0	6.0	0,775	true	[016005, 016000, 016001, 016003, 016006, 016002, 016007, 016008, 016004]
7964	16	016005	016004	8	9.0	6.0	0,799	true	[016005, 016000, 016001, 016003, 016006, 016002, 016008, 016004]
7965	16	016005	016004	9	9.0	6.0	0,799	true	[016005, 016000, 016001, 016003, 016006, 016007, 016002, 016004]
7966	16	016005	016004	10	9.0	6.0	0,767	true	[016005, 016000, 016001, 016003, 016006, 016007, 016002, 016008, 016004]
7967	16	016005	016004	11	9.0	6.0	0,744	true	[016005, 016000, 016001, 016003, 016006, 016007, 016008, 016002, 016004]
7968	16	016005	016004	12	9.0	6.0	0,775	true	[016005, 016000, 016001, 016003, 016006, 016007, 016008, 016004]
7969	16	016005	016004	13	9.0	4.0	0,783	true	[016005, 016000, 016001, 016003, 016006, 016008, 016002, 016004]
7970	16	016005	016004	14	9.0	4.0	0,815	true	[016005, 016000, 016001, 016003, 016006, 016008, 016004]
7971	16	016005	016004	15	9.0	4.0	0,759	true	[016005, 016000, 016001, 016003, 016006, 016008, 016007, 016002, 016004]
7972	16	016005	016004	16	9.0	6.0	0,824	true	[016005, 016000, 016001, 016003, 016007, 016002, 016004]
7973	16	016005	016004	17	9.0	4.0	0,807	true	[016005, 016000, 016001, 016003, 016007, 016002, 016006, 016008, 016004]
7974	16	016005	016004	18	9.0	6.0	0,791	true	[016005, 016000, 016001, 016003, 016007, 016002, 016008, 016004]
7975	16	016005	016004	19	9.0	6.0	0,824	true	[016005, 016000, 016001, 016003, 016007, 016006, 016002, 016004]
7976	16	016005	016004	20	9.0	6.0	0,791	true	[016005, 016000, 016001, 016003, 016007, 016006, 016002, 016008, 016004]
7977	16	016005	016004	21	9.0	4.0	0,775	true	[016005, 016000, 016001, 016003, 016007, 016006, 016008, 016002, 016004]
7978	16	016005	016004	22	9.0	4.0	0,807	true	[016005, 016000, 016001, 016003, 016007, 016006, 016008, 016004]
7979	16	016005	016004	23	9.0	6.0	0,767	true	[016005, 016000, 016001, 016003, 016007, 016008, 016002, 016004]
7980	16	016005	016004	24	9.0	6.0	0,799	true	[016005, 016000, 016001, 016003, 016007, 016008, 016004]
7981	16	016005	016004	25	9.0	4.0	0,783	true	[016005, 016000, 016001, 016003, 016007, 016008, 016006, 016002, 016004]
7982	16	016005	016004	26	8.0	6.0	0,815	true	[016005, 016000, 016001, 016003, 016008, 016002, 016004]
7983	16	016005	016004	27	8.0	6.0	0,849	true	[016005, 016000, 016001, 016003, 016008, 016004]
7984	16	016005	016004	28	8.0	4.0	0,832	true	[016005, 016000, 016001, 016003, 016008, 016006, 016002, 016004]
7985	16	016005	016004	29	8.0	4.0	0,799	true	[016005, 016000, 016001, 016003, 016008, 016006, 016007, 016002, 016004]
7986	16	016005	016004	30	8.0	6.0	0,790	true	[016005, 016000, 016001, 016003, 016008, 016007, 016002, 016004]
7987	16	016005	016004	31	8.0	6.0	0,790	true	[016005, 016000, 016001, 016003, 016008, 016007, 016006, 016002, 016004]
7988	16	016005	016004	32	30.0	7.0	0,885	true	[016005, 016000, 016001, 016004]
7989	16	016005	016004	33	12.0	3.0	0,807	true	[016005, 016000, 016001, 016006, 016002, 016003, 016007, 016008, 016004]
7990	16	016005	016004	34	8.0	3.0	0,858	true	[016005, 016000, 016001, 016006, 016002, 016003, 016008, 016004]
7991	16	016005	016004	35	28.0	3.0	0,876	true	[016005, 016000, 016001, 016006, 016002, 016004]
7992	16	016005	016004	36	8.0	3.0	0,850	true	[016005, 016000, 016001, 016006, 016002, 016007, 016003, 016008, 016004]
7993	16	016005	016004	37	9.0	3.0	0,815	true	[016005, 016000, 016001, 016006, 016002, 016007, 016008, 016004]
7994	16	016005	016004	38	16.0	3.0	0,841	true	[016005, 016000, 016001, 016006, 016002, 016008, 016004]
7995	16	016005	016004	39	26.0	3.0	0,841	true	[016005, 016000, 016001, 016006, 016003, 016002, 016004]
7996	16	016005	016004	40	9.0	3.0	0,783	true	[016005, 016000, 016001, 016006, 016003, 016002, 016007, 016008, 016004]
7997	16	016005	016004	41	16.0	3.0	0,808	true	[016005, 016000, 016001, 016006, 016003, 016002, 016008, 016004]
7998	16	016005	016004	42	9.0	3.0	0,833	true	[016005, 016000, 016001, 016006, 016003, 016007, 016002, 016004]
7999	16	016005	016004	43	9.0	3.0	0,799	true	[016005, 016000, 016001, 016006, 016003, 016007, 016002, 016008, 016004]
8000	16	016005	016004	44	12.0	3.0	0,775	true	[016005, 016000, 016001, 016006, 016003, 016007, 016008, 016002, 016004]
8001	16	016005	016004	45	12.0	3.0	0,807	true	[016005, 016000, 016001, 016006, 016003, 016007, 016008, 016004]
8002	16	016005	016004	46	8.0	3.0	0,824	true	[016005, 016000, 016001, 016006, 016003, 016008, 016002, 016004]
8003	16	016005	016004	47	8.0	3.0	0,858	true	[016005, 016000, 016001, 016006, 016003, 016008, 016004]
8004	16	016005	016004	48	8.0	3.0	0,799	true	[016005, 016000, 016001, 016006, 016003, 016008, 016007, 016002, 016004]
8005	16	016005	016004	49	8.0	3.0	0,824	true	[016005, 016000, 016001, 016006, 016007, 016002, 016003, 016008, 016004]
8006	16	016005	016004	50	9.0	3.0	0,841	true	[016005, 016000, 016001, 016006, 016007, 016002, 016004]
8007	16	016005	016004	51	9.0	3.0	0,808	true	[016005, 016000, 016001, 016006, 016007, 016002, 016008, 016004]
8008	16	016005	016004	52	12.0	3.0	0,833	true	[016005, 016000, 016001, 016006, 016007, 016003, 016002, 016004]
8009	16	016005	016004	53	12.0	3.0	0,799	true	[016005, 016000, 016001, 016006, 016007, 016003, 016002, 016008, 016004]
8010	16	016005	016004	54	8.0	3.0	0,816	true	[016005, 016000, 016001, 016006, 016007, 016003, 016008, 016002, 016004]
8011	16	016005	016004	55	8.0	3.0	0,850	true	[016005, 016000, 016001, 016006, 016007, 016003, 016008, 016004]
8012	16	016005	016004	56	12.0	3.0	0,783	true	[016005, 016000, 016001, 016006, 016007, 016008, 016002, 016004]
8013	16	016005	016004	57	8.0	3.0	0,799	true	[016005, 016000, 016001, 016006, 016007, 016008, 016003, 016002, 016004]
8014	16	016005	016004	58	12.0	3.0	0,815	true	[016005, 016000, 016001, 016006, 016007, 016008, 016004]
8015	16	016005	016004	59	30.0	3.0	0,824	true	[016005, 016000, 016001, 016006, 016008, 016002, 016004]
8016	16	016005	016004	60	8.0	3.0	0,841	true	[016005, 016000, 016001, 016006, 016008, 016003, 016002, 016004]
8017	16	016005	016004	61	8.0	3.0	0,833	true	[016005, 016000, 016001, 016006, 016008, 016003, 016007, 016002, 016004]
8018	16	016005	016004	62	16.0	3.0	0,858	true	[016005, 016000, 016001, 016006, 016008, 016004]
8019	16	016005	016004	63	9.0	3.0	0,799	true	[016005, 016000, 016001, 016006, 016008, 016007, 016002, 016004]
8020	16	016005	016004	64	12.0	3.0	0,791	true	[016005, 016000, 016001, 016006, 016008, 016007, 016003, 016002, 016004]
8021	16	016005	016004	65	6.0	4.0	0,800	true	[016005, 016000, 016001, 016007, 016002, 016003, 016006, 016008, 016004]
8022	16	016005	016004	66	6.0	6.0	0,833	true	[016005, 016000, 016001, 016007, 016002, 016003, 016008, 016004]
8023	16	016005	016004	67	6.0	6.0	0,850	true	[016005, 016000, 016001, 016007, 016002, 016004]
8024	16	016005	016004	68	6.0	6.0	0,833	true	[016005, 016000, 016001, 016007, 016002, 016006, 016003, 016008, 016004]
8025	16	016005	016004	69	6.0	4.0	0,833	true	[016005, 016000, 016001, 016007, 016002, 016006, 016008, 016004]
8026	16	016005	016004	70	6.0	6.0	0,816	true	[016005, 016000, 016001, 016007, 016002, 016008, 016004]
8027	16	016005	016004	71	6.0	6.0	0,841	true	[016005, 016000, 016001, 016007, 016003, 016002, 016004]
8028	16	016005	016004	72	6.0	4.0	0,824	true	[016005, 016000, 016001, 016007, 016003, 016002, 016006, 016008, 016004]
8029	16	016005	016004	73	6.0	6.0	0,807	true	[016005, 016000, 016001, 016007, 016003, 016002, 016008, 016004]
8030	16	016005	016004	74	6.0	6.0	0,841	true	[016005, 016000, 016001, 016007, 016003, 016006, 016002, 016004]
8031	16	016005	016004	75	6.0	6.0	0,807	true	[016005, 016000, 016001, 016007, 016003, 016006, 016002, 016008, 016004]
8032	16	016005	016004	76	6.0	4.0	0,791	true	[016005, 016000, 016001, 016007, 016003, 016006, 016008, 016002, 016004]
8033	16	016005	016004	77	6.0	4.0	0,824	true	[016005, 016000, 016001, 016007, 016003, 016006, 016008, 016004]
8034	16	016005	016004	78	6.0	6.0	0,824	true	[016005, 016000, 016001, 016007, 016003, 016008, 016002, 016004]
8035	16	016005	016004	79	6.0	6.0	0,858	true	[016005, 016000, 016001, 016007, 016003, 016008, 016004]
8036	16	016005	016004	80	6.0	4.0	0,841	true	[016005, 016000, 016001, 016007, 016003, 016008, 016006, 016002, 016004]
8037	16	016005	016004	81	6.0	6.0	0,833	true	[016005, 016000, 016001, 016007, 016006, 016002, 016003, 016008, 016004]
8038	16	016005	016004	82	6.0	6.0	0,850	true	[016005, 016000, 016001, 016007, 016006, 016002, 016004]
8039	16	016005	016004	83	6.0	6.0	0,816	true	[016005, 016000, 016001, 016007, 016006, 016002, 016008, 016004]
8040	16	016005	016004	84	6.0	6.0	0,816	true	[016005, 016000, 016001, 016007, 016006, 016003, 016002, 016004]
8041	16	016005	016004	85	6.0	6.0	0,783	true	[016005, 016000, 016001, 016007, 016006, 016003, 016002, 016008, 016004]
8042	16	016005	016004	86	6.0	6.0	0,799	true	[016005, 016000, 016001, 016007, 016006, 016003, 016008, 016002, 016004]
8043	16	016005	016004	87	6.0	6.0	0,833	true	[016005, 016000, 016001, 016007, 016006, 016003, 016008, 016004]
8044	16	016005	016004	88	6.0	4.0	0,799	true	[016005, 016000, 016001, 016007, 016006, 016008, 016002, 016004]
8045	16	016005	016004	89	6.0	4.0	0,816	true	[016005, 016000, 016001, 016007, 016006, 016008, 016003, 016002, 016004]
8046	16	016005	016004	90	6.0	4.0	0,833	true	[016005, 016000, 016001, 016007, 016006, 016008, 016004]
8047	16	016005	016004	91	6.0	6.0	0,791	true	[016005, 016000, 016001, 016007, 016008, 016002, 016004]
8048	16	016005	016004	92	6.0	6.0	0,807	true	[016005, 016000, 016001, 016007, 016008, 016003, 016002, 016004]
8049	16	016005	016004	93	6.0	6.0	0,807	true	[016005, 016000, 016001, 016007, 016008, 016003, 016006, 016002, 016004]
8050	16	016005	016004	94	6.0	6.0	0,824	true	[016005, 016000, 016001, 016007, 016008, 016004]
8051	16	016005	016004	95	6.0	4.0	0,807	true	[016005, 016000, 016001, 016007, 016008, 016006, 016002, 016004]
8052	16	016005	016004	96	6.0	4.0	0,775	true	[016005, 016000, 016001, 016007, 016008, 016006, 016003, 016002, 016004]
8053	16	016005	016004	97	30.0	3.0	0,841	true	[016005, 016000, 016001, 016008, 016002, 016004]
8054	16	016005	016004	98	8.0	3.0	0,858	true	[016005, 016000, 016001, 016008, 016003, 016002, 016004]
8055	16	016005	016004	99	8.0	3.0	0,858	true	[016005, 016000, 016001, 016008, 016003, 016006, 016002, 016004]
8056	16	016005	016004	100	8.0	3.0	0,824	true	[016005, 016000, 016001, 016008, 016003, 016006, 016007, 016002, 016004]
8057	16	016005	016004	101	16.0	3.0	0,876	true	[016005, 016000, 016001, 016008, 016004]
8058	16	016005	016004	102	38.0	6.0	0,990	true	[016005, 016004]
8059	17	017008	017007	0	5.0	3.0	0,858	true	[017008, 017000, 017001, 017002, 017003, 017005, 017004, 017007]
8060	17	017008	017007	1	5.0	3.0	0,832	true	[017008, 017000, 017001, 017002, 017003, 017005, 017006, 017007]
8061	17	017008	017007	2	5.0	3.0	0,876	true	[017008, 017000, 017001, 017002, 017003, 017005, 017007]
8062	17	017008	017007	3	5.0	3.0	0,876	true	[017008, 017000, 017001, 017002, 017003, 017006, 017005, 017004, 017007]
8063	17	017008	017007	4	5.0	3.0	0,894	true	[017008, 017000, 017001, 017002, 017003, 017006, 017005, 017007]
8064	17	017008	017007	5	5.0	3.0	0,903	true	[017008, 017000, 017001, 017002, 017003, 017006, 017007]
8065	17	017008	017007	6	5.0	3.0	0,841	true	[017008, 017000, 017001, 017002, 017004, 017005, 017003, 017006, 017007]
8066	17	017008	017007	7	5.0	3.0	0,859	true	[017008, 017000, 017001, 017002, 017004, 017005, 017006, 017007]
8067	17	017008	017007	8	5.0	3.0	0,904	true	[017008, 017000, 017001, 017002, 017004, 017005, 017007]
8068	17	017008	017007	9	5.0	3.0	0,922	true	[017008, 017000, 017001, 017002, 017004, 017007]
8069	17	017008	017007	10	5.0	3.0	0,849	true	[017008, 017000, 017001, 017002, 017005, 017003, 017006, 017007]
8070	17	017008	017007	11	5.0	3.0	0,895	true	[017008, 017000, 017001, 017002, 017005, 017004, 017007]
8071	17	017008	017007	12	5.0	3.0	0,867	true	[017008, 017000, 017001, 017002, 017005, 017006, 017007]
8072	17	017008	017007	13	5.0	3.0	0,913	true	[017008, 017000, 017001, 017002, 017005, 017007]
8073	17	017008	017007	14	7.0	3.0	0,841	true	[017008, 017000, 017001, 017003, 017002, 017004, 017005, 017006, 017007]
8074	17	017008	017007	15	7.0	6.0	0,885	true	[017008, 017000, 017001, 017003, 017002, 017004, 017005, 017007]
8075	17	017008	017007	16	19.0	3.0	0,903	true	[017008, 017000, 017001, 017003, 017002, 017004, 017007]
8076	17	017008	017007	17	7.0	3.0	0,876	true	[017008, 017000, 017001, 017003, 017002, 017005, 017004, 017007]
8077	17	017008	017007	18	24.0	3.0	0,850	true	[017008, 017000, 017001, 017003, 017002, 017005, 017006, 017007]
8078	17	017008	017007	19	24.0	6.0	0,894	true	[017008, 017000, 017001, 017003, 017002, 017005, 017007]
8079	17	017008	017007	20	19.0	3.0	0,849	true	[017008, 017000, 017001, 017003, 017005, 017002, 017004, 017007]
8080	17	017008	017007	21	7.0	3.0	0,841	true	[017008, 017000, 017001, 017003, 017005, 017004, 017007]
8081	17	017008	017007	22	25.0	3.0	0,815	true	[017008, 017000, 017001, 017003, 017005, 017006, 017007]
8082	17	017008	017007	23	27.0	5.0	0,858	true	[017008, 017000, 017001, 017003, 017005, 017007]
8083	17	017008	017007	24	19.0	3.0	0,867	true	[017008, 017000, 017001, 017003, 017006, 017005, 017002, 017004, 017007]
8084	17	017008	017007	25	7.0	3.0	0,859	true	[017008, 017000, 017001, 017003, 017006, 017005, 017004, 017007]
8085	17	017008	017007	26	27.0	5.0	0,876	true	[017008, 017000, 017001, 017003, 017006, 017005, 017007]
8086	17	017008	017007	27	25.0	3.0	0,885	true	[017008, 017000, 017001, 017003, 017006, 017007]
8087	17	017008	017007	28	19.0	3.0	0,824	true	[017008, 017000, 017001, 017004, 017002, 017003, 017005, 017006, 017007]
8088	17	017008	017007	29	19.0	4.0	0,867	true	[017008, 017000, 017001, 017004, 017002, 017003, 017005, 017007]
8089	17	017008	017007	30	19.0	4.0	0,885	true	[017008, 017000, 017001, 017004, 017002, 017003, 017006, 017005, 017007]
8090	17	017008	017007	31	19.0	3.0	0,894	true	[017008, 017000, 017001, 017004, 017002, 017003, 017006, 017007]
8091	17	017008	017007	32	19.0	3.0	0,841	true	[017008, 017000, 017001, 017004, 017002, 017005, 017003, 017006, 017007]
8092	17	017008	017007	33	19.0	3.0	0,858	true	[017008, 017000, 017001, 017004, 017002, 017005, 017006, 017007]
8093	17	017008	017007	34	19.0	4.0	0,903	true	[017008, 017000, 017001, 017004, 017002, 017005, 017007]
8094	17	017008	017007	35	7.0	3.0	0,867	true	[017008, 017000, 017001, 017004, 017005, 017002, 017003, 017006, 017007]
8095	17	017008	017007	36	7.0	3.0	0,832	true	[017008, 017000, 017001, 017004, 017005, 017003, 017006, 017007]
8096	17	017008	017007	37	7.0	3.0	0,850	true	[017008, 017000, 017001, 017004, 017005, 017006, 017007]
8097	17	017008	017007	38	7.0	4.0	0,894	true	[017008, 017000, 017001, 017004, 017005, 017007]
8098	17	017008	017007	39	30.0	3.0	0,913	true	[017008, 017000, 017001, 017004, 017007]
8099	17	017008	017007	40	7.0	6.0	0,885	true	[017008, 017000, 017001, 017006, 017003, 017002, 017004, 017005, 017007]
8100	17	017008	017007	41	17.0	3.0	0,903	true	[017008, 017000, 017001, 017006, 017003, 017002, 017004, 017007]
8101	17	017008	017007	42	7.0	3.0	0,876	true	[017008, 017000, 017001, 017006, 017003, 017002, 017005, 017004, 017007]
8102	17	017008	017007	43	17.0	6.0	0,894	true	[017008, 017000, 017001, 017006, 017003, 017002, 017005, 017007]
8103	17	017008	017007	44	17.0	3.0	0,849	true	[017008, 017000, 017001, 017006, 017003, 017005, 017002, 017004, 017007]
8104	17	017008	017007	45	7.0	3.0	0,841	true	[017008, 017000, 017001, 017006, 017003, 017005, 017004, 017007]
8105	17	017008	017007	46	17.0	5.0	0,858	true	[017008, 017000, 017001, 017006, 017003, 017005, 017007]
8106	17	017008	017007	47	17.0	3.0	0,867	true	[017008, 017000, 017001, 017006, 017005, 017002, 017004, 017007]
8107	17	017008	017007	48	17.0	3.0	0,832	true	[017008, 017000, 017001, 017006, 017005, 017003, 017002, 017004, 017007]
8108	17	017008	017007	49	7.0	3.0	0,859	true	[017008, 017000, 017001, 017006, 017005, 017004, 017007]
8109	17	017008	017007	50	17.0	5.0	0,876	true	[017008, 017000, 017001, 017006, 017005, 017007]
8110	17	017008	017007	51	17.0	3.0	0,885	true	[017008, 017000, 017001, 017006, 017007]
8111	17	017008	017007	52	27.0	4.0	0,950	true	[017008, 017000, 017001, 017007]
8112	17	017008	017007	53	5.0	3.0	0,783	true	[017008, 017000, 017003, 017001, 017002, 017004, 017005, 017006, 017007]
8113	17	017008	017007	54	5.0	3.0	0,824	true	[017008, 017000, 017003, 017001, 017002, 017004, 017005, 017007]
8114	17	017008	017007	55	5.0	3.0	0,841	true	[017008, 017000, 017003, 017001, 017002, 017004, 017007]
8115	17	017008	017007	56	5.0	3.0	0,816	true	[017008, 017000, 017003, 017001, 017002, 017005, 017004, 017007]
8116	17	017008	017007	57	5.0	3.0	0,791	true	[017008, 017000, 017003, 017001, 017002, 017005, 017006, 017007]
8117	17	017008	017007	58	5.0	3.0	0,832	true	[017008, 017000, 017003, 017001, 017002, 017005, 017007]
8118	17	017008	017007	59	19.0	3.0	0,783	true	[017008, 017000, 017003, 017001, 017004, 017002, 017005, 017006, 017007]
8119	17	017008	017007	60	19.0	4.0	0,824	true	[017008, 017000, 017003, 017001, 017004, 017002, 017005, 017007]
8120	17	017008	017007	61	7.0	3.0	0,775	true	[017008, 017000, 017003, 017001, 017004, 017005, 017006, 017007]
8121	17	017008	017007	62	7.0	4.0	0,816	true	[017008, 017000, 017003, 017001, 017004, 017005, 017007]
8122	17	017008	017007	63	24.0	3.0	0,832	true	[017008, 017000, 017003, 017001, 017004, 017007]
8123	17	017008	017007	64	17.0	3.0	0,791	true	[017008, 017000, 017003, 017001, 017006, 017005, 017002, 017004, 017007]
8124	17	017008	017007	65	7.0	3.0	0,783	true	[017008, 017000, 017003, 017001, 017006, 017005, 017004, 017007]
8125	17	017008	017007	66	17.0	5.0	0,799	true	[017008, 017000, 017003, 017001, 017006, 017005, 017007]
8126	17	017008	017007	67	17.0	3.0	0,807	true	[017008, 017000, 017003, 017001, 017006, 017007]
8127	17	017008	017007	68	24.0	4.0	0,867	true	[017008, 017000, 017003, 017001, 017007]
8128	17	017008	017007	69	5.0	3.0	0,791	true	[017008, 017000, 017003, 017002, 017001, 017004, 017005, 017006, 017007]
8129	17	017008	017007	70	5.0	3.0	0,833	true	[017008, 017000, 017003, 017002, 017001, 017004, 017005, 017007]
8130	17	017008	017007	71	5.0	3.0	0,850	true	[017008, 017000, 017003, 017002, 017001, 017004, 017007]
8131	17	017008	017007	72	5.0	3.0	0,799	true	[017008, 017000, 017003, 017002, 017001, 017006, 017005, 017004, 017007]
8132	17	017008	017007	73	5.0	3.0	0,816	true	[017008, 017000, 017003, 017002, 017001, 017006, 017005, 017007]
8133	17	017008	017007	74	5.0	3.0	0,824	true	[017008, 017000, 017003, 017002, 017001, 017006, 017007]
8134	17	017008	017007	75	5.0	3.0	0,885	true	[017008, 017000, 017003, 017002, 017001, 017007]
8135	17	017008	017007	76	17.0	4.0	0,807	true	[017008, 017000, 017003, 017002, 017004, 017001, 017006, 017005, 017007]
8136	17	017008	017007	77	17.0	3.0	0,815	true	[017008, 017000, 017003, 017002, 017004, 017001, 017006, 017007]
8137	17	017008	017007	78	19.0	4.0	0,876	true	[017008, 017000, 017003, 017002, 017004, 017001, 017007]
8138	17	017008	017007	79	7.0	4.0	0,824	true	[017008, 017000, 017003, 017002, 017004, 017005, 017006, 017001, 017007]
8139	17	017008	017007	80	7.0	3.0	0,832	true	[017008, 017000, 017003, 017002, 017004, 017005, 017006, 017007]
8140	17	017008	017007	81	7.0	5.0	0,876	true	[017008, 017000, 017003, 017002, 017004, 017005, 017007]
8141	17	017008	017007	82	19.0	3.0	0,894	true	[017008, 017000, 017003, 017002, 017004, 017007]
8142	17	017008	017007	83	7.0	3.0	0,791	true	[017008, 017000, 017003, 017002, 017005, 017004, 017001, 017006, 017007]
8143	17	017008	017007	84	7.0	4.0	0,850	true	[017008, 017000, 017003, 017002, 017005, 017004, 017001, 017007]
8144	17	017008	017007	85	7.0	3.0	0,867	true	[017008, 017000, 017003, 017002, 017005, 017004, 017007]
8145	17	017008	017007	86	17.0	3.0	0,799	true	[017008, 017000, 017003, 017002, 017005, 017006, 017001, 017004, 017007]
8146	17	017008	017007	87	17.0	4.0	0,832	true	[017008, 017000, 017003, 017002, 017005, 017006, 017001, 017007]
8147	17	017008	017007	88	24.0	3.0	0,841	true	[017008, 017000, 017003, 017002, 017005, 017006, 017007]
8148	17	017008	017007	89	24.0	5.0	0,885	true	[017008, 017000, 017003, 017002, 017005, 017007]
8149	17	017008	017007	90	5.0	3.0	0,799	true	[017008, 017000, 017003, 017005, 017002, 017001, 017004, 017007]
8150	17	017008	017007	91	5.0	3.0	0,775	true	[017008, 017000, 017003, 017005, 017002, 017001, 017006, 017007]
8151	17	017008	017007	92	5.0	3.0	0,832	true	[017008, 017000, 017003, 017005, 017002, 017001, 017007]
8152	17	017008	017007	93	17.0	3.0	0,767	true	[017008, 017000, 017003, 017005, 017002, 017004, 017001, 017006, 017007]
8153	17	017008	017007	94	19.0	4.0	0,824	true	[017008, 017000, 017003, 017005, 017002, 017004, 017001, 017007]
8154	17	017008	017007	95	19.0	3.0	0,841	true	[017008, 017000, 017003, 017005, 017002, 017004, 017007]
8155	17	017008	017007	96	7.0	3.0	0,759	true	[017008, 017000, 017003, 017005, 017004, 017001, 017006, 017007]
8156	17	017008	017007	97	7.0	4.0	0,815	true	[017008, 017000, 017003, 017005, 017004, 017001, 017007]
8157	17	017008	017007	98	5.0	3.0	0,767	true	[017008, 017000, 017003, 017005, 017004, 017002, 017001, 017006, 017007]
8158	17	017008	017007	99	5.0	3.0	0,824	true	[017008, 017000, 017003, 017005, 017004, 017002, 017001, 017007]
8159	17	017008	017007	100	7.0	3.0	0,832	true	[017008, 017000, 017003, 017005, 017004, 017007]
8160	17	017008	017007	101	24.0	5.0	0,849	true	[017008, 017000, 017003, 017005, 017007]
8161	17	017008	017007	102	5.0	9.0	0,950	true	[017008, 017000, 017007]
8162	17	017008	017007	103	46.0	9.0	0,960	true	[017008, 017007]
8163	18	018005	018006	0	11.0	7.0	0,875	true	[018005, 018000, 018001, 018006]
8164	18	018005	018006	1	10.0	8.0	0,807	true	[018005, 018000, 018001, 018007, 018004, 018002, 018003, 018006]
8165	18	018005	018006	2	5.0	4.0	0,799	true	[018005, 018000, 018001, 018007, 018004, 018002, 018003, 018008, 018006]
8166	18	018005	018006	3	5.0	3.0	0,799	true	[018005, 018000, 018001, 018007, 018004, 018002, 018008, 018003, 018006]
8167	18	018005	018006	4	11.0	3.0	0,807	true	[018005, 018000, 018001, 018007, 018004, 018002, 018008, 018006]
8168	18	018005	018006	5	11.0	7.0	0,841	true	[018005, 018000, 018001, 018007, 018004, 018006]
8169	18	018005	018006	6	10.0	3.0	0,775	true	[018005, 018000, 018001, 018007, 018004, 018008, 018002, 018003, 018006]
8170	18	018005	018006	7	5.0	4.0	0,799	true	[018005, 018000, 018001, 018007, 018004, 018008, 018003, 018006]
8171	18	018005	018006	8	11.0	7.0	0,807	true	[018005, 018000, 018001, 018007, 018004, 018008, 018006]
8172	18	018005	018006	9	10.0	3.0	0,816	true	[018005, 018000, 018001, 018007, 018008, 018002, 018003, 018006]
8173	18	018005	018006	10	11.0	3.0	0,833	true	[018005, 018000, 018001, 018007, 018008, 018002, 018004, 018006]
8174	18	018005	018006	11	5.0	4.0	0,824	true	[018005, 018000, 018001, 018007, 018008, 018003, 018002, 018004, 018006]
8175	18	018005	018006	12	5.0	4.0	0,841	true	[018005, 018000, 018001, 018007, 018008, 018003, 018006]
8176	18	018005	018006	13	10.0	5.0	0,800	true	[018005, 018000, 018001, 018007, 018008, 018004, 018002, 018003, 018006]
8177	18	018005	018006	14	11.0	5.0	0,833	true	[018005, 018000, 018001, 018007, 018008, 018004, 018006]
8178	18	018005	018006	15	11.0	5.0	0,850	true	[018005, 018000, 018001, 018007, 018008, 018006]
8179	18	018005	018006	16	10.0	3.0	0,841	true	[018005, 018000, 018001, 018008, 018002, 018003, 018006]
8180	18	018005	018006	17	11.0	3.0	0,859	true	[018005, 018000, 018001, 018008, 018002, 018004, 018006]
8181	18	018005	018006	18	5.0	4.0	0,850	true	[018005, 018000, 018001, 018008, 018003, 018002, 018004, 018006]
8182	18	018005	018006	19	5.0	4.0	0,867	true	[018005, 018000, 018001, 018008, 018003, 018006]
8183	18	018005	018006	20	10.0	4.0	0,824	true	[018005, 018000, 018001, 018008, 018004, 018002, 018003, 018006]
8184	18	018005	018006	21	11.0	4.0	0,858	true	[018005, 018000, 018001, 018008, 018004, 018006]
8185	18	018005	018006	22	11.0	4.0	0,876	true	[018005, 018000, 018001, 018008, 018006]
8186	18	018005	018006	23	10.0	4.0	0,800	true	[018005, 018000, 018001, 018008, 018007, 018004, 018002, 018003, 018006]
8187	18	018005	018006	24	11.0	4.0	0,833	true	[018005, 018000, 018001, 018008, 018007, 018004, 018006]
8188	18	018005	018006	25	12.0	3.0	0,922	true	[018005, 018000, 018003, 018002, 018004, 018006]
8189	18	018005	018006	26	12.0	3.0	0,816	true	[018005, 018000, 018003, 018002, 018004, 018007, 018001, 018006]
8190	18	018005	018006	27	12.0	3.0	0,816	true	[018005, 018000, 018003, 018002, 018004, 018007, 018001, 018008, 018006]
8191	18	018005	018006	28	12.0	3.0	0,808	true	[018005, 018000, 018003, 018002, 018004, 018007, 018008, 018001, 018006]
8192	18	018005	018006	29	12.0	3.0	0,859	true	[018005, 018000, 018003, 018002, 018004, 018007, 018008, 018006]
8193	18	018005	018006	30	12.0	3.0	0,833	true	[018005, 018000, 018003, 018002, 018004, 018008, 018001, 018006]
8194	18	018005	018006	31	12.0	3.0	0,886	true	[018005, 018000, 018003, 018002, 018004, 018008, 018006]
8195	18	018005	018006	32	12.0	3.0	0,808	true	[018005, 018000, 018003, 018002, 018004, 018008, 018007, 018001, 018006]
8196	18	018005	018006	33	12.0	3.0	0,850	true	[018005, 018000, 018003, 018002, 018008, 018001, 018006]
8197	18	018005	018006	34	12.0	3.0	0,816	true	[018005, 018000, 018003, 018002, 018008, 018001, 018007, 018004, 018006]
8198	18	018005	018006	35	12.0	3.0	0,886	true	[018005, 018000, 018003, 018002, 018008, 018004, 018006]
8199	18	018005	018006	36	12.0	3.0	0,783	true	[018005, 018000, 018003, 018002, 018008, 018004, 018007, 018001, 018006]
8200	18	018005	018006	37	12.0	3.0	0,904	true	[018005, 018000, 018003, 018002, 018008, 018006]
8201	18	018005	018006	38	12.0	3.0	0,824	true	[018005, 018000, 018003, 018002, 018008, 018007, 018001, 018006]
8202	18	018005	018006	39	12.0	3.0	0,859	true	[018005, 018000, 018003, 018002, 018008, 018007, 018004, 018006]
8203	18	018005	018006	40	10.0	3.0	0,941	true	[018005, 018000, 018003, 018006]
8204	18	018005	018006	41	5.0	3.0	0,876	true	[018005, 018000, 018003, 018008, 018001, 018006]
8205	18	018005	018006	42	5.0	3.0	0,841	true	[018005, 018000, 018003, 018008, 018001, 018007, 018004, 018006]
8206	18	018005	018006	43	5.0	3.0	0,913	true	[018005, 018000, 018003, 018008, 018002, 018004, 018006]
8207	18	018005	018006	44	5.0	3.0	0,808	true	[018005, 018000, 018003, 018008, 018002, 018004, 018007, 018001, 018006]
8208	18	018005	018006	45	5.0	3.0	0,913	true	[018005, 018000, 018003, 018008, 018004, 018006]
8209	18	018005	018006	46	5.0	3.0	0,807	true	[018005, 018000, 018003, 018008, 018004, 018007, 018001, 018006]
8210	18	018005	018006	47	5.0	3.0	0,932	true	[018005, 018000, 018003, 018008, 018006]
8211	18	018005	018006	48	5.0	3.0	0,850	true	[018005, 018000, 018003, 018008, 018007, 018001, 018006]
8212	18	018005	018006	49	5.0	3.0	0,885	true	[018005, 018000, 018003, 018008, 018007, 018004, 018006]
8213	18	018005	018006	50	10.0	8.0	0,885	true	[018005, 018000, 018004, 018002, 018003, 018006]
8214	18	018005	018006	51	5.0	4.0	0,824	true	[018005, 018000, 018004, 018002, 018003, 018008, 018001, 018006]
8215	18	018005	018006	52	5.0	4.0	0,877	true	[018005, 018000, 018004, 018002, 018003, 018008, 018006]
8216	18	018005	018006	53	5.0	4.0	0,799	true	[018005, 018000, 018004, 018002, 018003, 018008, 018007, 018001, 018006]
8217	18	018005	018006	54	12.0	3.0	0,833	true	[018005, 018000, 018004, 018002, 018008, 018001, 018006]
8218	18	018005	018006	55	5.0	3.0	0,877	true	[018005, 018000, 018004, 018002, 018008, 018003, 018006]
8219	18	018005	018006	56	12.0	3.0	0,885	true	[018005, 018000, 018004, 018002, 018008, 018006]
8220	18	018005	018006	57	12.0	3.0	0,807	true	[018005, 018000, 018004, 018002, 018008, 018007, 018001, 018006]
8221	18	018005	018006	58	12.0	7.0	0,922	true	[018005, 018000, 018004, 018006]
8222	18	018005	018006	59	12.0	7.0	0,815	true	[018005, 018000, 018004, 018007, 018001, 018006]
8223	18	018005	018006	60	10.0	3.0	0,783	true	[018005, 018000, 018004, 018007, 018001, 018008, 018002, 018003, 018006]
8224	18	018005	018006	61	5.0	4.0	0,808	true	[018005, 018000, 018004, 018007, 018001, 018008, 018003, 018006]
8225	18	018005	018006	62	12.0	4.0	0,816	true	[018005, 018000, 018004, 018007, 018001, 018008, 018006]
8226	18	018005	018006	63	12.0	4.0	0,807	true	[018005, 018000, 018004, 018007, 018008, 018001, 018006]
8227	18	018005	018006	64	10.0	3.0	0,825	true	[018005, 018000, 018004, 018007, 018008, 018002, 018003, 018006]
8228	18	018005	018006	65	5.0	4.0	0,850	true	[018005, 018000, 018004, 018007, 018008, 018003, 018006]
8229	18	018005	018006	66	12.0	5.0	0,859	true	[018005, 018000, 018004, 018007, 018008, 018006]
8230	18	018005	018006	67	12.0	4.0	0,832	true	[018005, 018000, 018004, 018008, 018001, 018006]
8231	18	018005	018006	68	10.0	3.0	0,850	true	[018005, 018000, 018004, 018008, 018002, 018003, 018006]
8232	18	018005	018006	69	5.0	4.0	0,876	true	[018005, 018000, 018004, 018008, 018003, 018006]
8233	18	018005	018006	70	12.0	7.0	0,885	true	[018005, 018000, 018004, 018008, 018006]
8234	18	018005	018006	71	12.0	5.0	0,807	true	[018005, 018000, 018004, 018008, 018007, 018001, 018006]
8235	18	018005	018006	72	12.0	7.0	0,876	true	[018005, 018000, 018007, 018001, 018006]
8236	18	018005	018006	73	10.0	3.0	0,842	true	[018005, 018000, 018007, 018001, 018008, 018002, 018003, 018006]
8237	18	018005	018006	74	12.0	3.0	0,859	true	[018005, 018000, 018007, 018001, 018008, 018002, 018004, 018006]
8238	18	018005	018006	75	5.0	4.0	0,850	true	[018005, 018000, 018007, 018001, 018008, 018003, 018002, 018004, 018006]
8239	18	018005	018006	76	5.0	4.0	0,868	true	[018005, 018000, 018007, 018001, 018008, 018003, 018006]
8240	18	018005	018006	77	10.0	4.0	0,825	true	[018005, 018000, 018007, 018001, 018008, 018004, 018002, 018003, 018006]
8241	18	018005	018006	78	12.0	4.0	0,859	true	[018005, 018000, 018007, 018001, 018008, 018004, 018006]
8242	18	018005	018006	79	12.0	4.0	0,876	true	[018005, 018000, 018007, 018001, 018008, 018006]
8243	18	018005	018006	80	10.0	8.0	0,877	true	[018005, 018000, 018007, 018004, 018002, 018003, 018006]
8244	18	018005	018006	81	5.0	4.0	0,816	true	[018005, 018000, 018007, 018004, 018002, 018003, 018008, 018001, 018006]
8245	18	018005	018006	82	5.0	4.0	0,868	true	[018005, 018000, 018007, 018004, 018002, 018003, 018008, 018006]
8246	18	018005	018006	83	12.0	3.0	0,824	true	[018005, 018000, 018007, 018004, 018002, 018008, 018001, 018006]
8247	18	018005	018006	84	5.0	3.0	0,868	true	[018005, 018000, 018007, 018004, 018002, 018008, 018003, 018006]
8248	18	018005	018006	85	12.0	3.0	0,877	true	[018005, 018000, 018007, 018004, 018002, 018008, 018006]
8249	18	018005	018006	86	12.0	7.0	0,913	true	[018005, 018000, 018007, 018004, 018006]
8250	18	018005	018006	87	12.0	4.0	0,824	true	[018005, 018000, 018007, 018004, 018008, 018001, 018006]
8251	18	018005	018006	88	10.0	3.0	0,842	true	[018005, 018000, 018007, 018004, 018008, 018002, 018003, 018006]
8252	18	018005	018006	89	5.0	4.0	0,868	true	[018005, 018000, 018007, 018004, 018008, 018003, 018006]
8253	18	018005	018006	90	12.0	7.0	0,876	true	[018005, 018000, 018007, 018004, 018008, 018006]
8254	18	018005	018006	91	12.0	4.0	0,867	true	[018005, 018000, 018007, 018008, 018001, 018006]
8255	18	018005	018006	92	10.0	3.0	0,886	true	[018005, 018000, 018007, 018008, 018002, 018003, 018006]
8256	18	018005	018006	93	12.0	3.0	0,904	true	[018005, 018000, 018007, 018008, 018002, 018004, 018006]
8257	18	018005	018006	94	5.0	4.0	0,895	true	[018005, 018000, 018007, 018008, 018003, 018002, 018004, 018006]
8258	18	018005	018006	95	5.0	4.0	0,913	true	[018005, 018000, 018007, 018008, 018003, 018006]
8259	18	018005	018006	96	10.0	5.0	0,868	true	[018005, 018000, 018007, 018008, 018004, 018002, 018003, 018006]
8260	18	018005	018006	97	12.0	5.0	0,904	true	[018005, 018000, 018007, 018008, 018004, 018006]
8261	18	018005	018006	98	12.0	5.0	0,922	true	[018005, 018000, 018007, 018008, 018006]
8262	18	018005	018006	99	12.0	4.0	0,867	true	[018005, 018000, 018008, 018001, 018006]
8263	18	018005	018006	100	10.0	4.0	0,800	true	[018005, 018000, 018008, 018001, 018007, 018004, 018002, 018003, 018006]
8264	18	018005	018006	101	12.0	4.0	0,833	true	[018005, 018000, 018008, 018001, 018007, 018004, 018006]
8265	18	018005	018006	102	12.0	6.0	0,922	true	[018005, 018000, 018008, 018006]
8266	19	019007	019001	0	15.0	3.0	0,960	true	[019007, 019000, 019001]
8267	19	019007	019001	1	8.0	3.0	0,894	true	[019007, 019000, 019002, 019001]
8268	19	019007	019001	2	12.0	3.0	0,841	true	[019007, 019000, 019002, 019005, 019003, 019004, 019001]
8269	19	019007	019001	3	11.0	3.0	0,859	true	[019007, 019000, 019002, 019005, 019003, 019006, 019008, 019004, 019001]
8270	19	019007	019001	4	12.0	3.0	0,867	true	[019007, 019000, 019002, 019005, 019003, 019008, 019004, 019001]
8271	19	019007	019001	5	10.0	3.0	0,858	true	[019007, 019000, 019002, 019005, 019004, 019001]
8272	19	019007	019001	6	11.0	3.0	0,824	true	[019007, 019000, 019002, 019005, 019006, 019003, 019004, 019001]
8273	19	019007	019001	7	11.0	3.0	0,849	true	[019007, 019000, 019002, 019005, 019006, 019003, 019008, 019004, 019001]
8274	19	019007	019001	8	12.0	3.0	0,815	true	[019007, 019000, 019002, 019005, 019006, 019008, 019003, 019004, 019001]
8275	19	019007	019001	9	12.0	3.0	0,841	true	[019007, 019000, 019002, 019005, 019006, 019008, 019004, 019001]
8276	19	019007	019001	10	12.0	3.0	0,858	true	[019007, 019000, 019002, 019005, 019008, 019003, 019004, 019001]
8277	19	019007	019001	11	12.0	3.0	0,885	true	[019007, 019000, 019002, 019005, 019008, 019004, 019001]
8278	19	019007	019001	12	11.0	3.0	0,850	true	[019007, 019000, 019002, 019005, 019008, 019006, 019003, 019004, 019001]
8279	19	019007	019001	13	11.0	3.0	0,858	true	[019007, 019000, 019002, 019006, 019003, 019004, 019001]
8280	19	019007	019001	14	10.0	3.0	0,824	true	[019007, 019000, 019002, 019006, 019003, 019005, 019004, 019001]
8281	19	019007	019001	15	11.0	3.0	0,850	true	[019007, 019000, 019002, 019006, 019003, 019005, 019008, 019004, 019001]
8282	19	019007	019001	16	11.0	3.0	0,885	true	[019007, 019000, 019002, 019006, 019003, 019008, 019004, 019001]
8283	19	019007	019001	17	10.0	3.0	0,841	true	[019007, 019000, 019002, 019006, 019003, 019008, 019005, 019004, 019001]
8284	19	019007	019001	18	30.0	3.0	0,791	true	[019007, 019000, 019002, 019006, 019005, 019003, 019004, 019001]
8285	19	019007	019001	19	15.0	3.0	0,815	true	[019007, 019000, 019002, 019006, 019005, 019003, 019008, 019004, 019001]
8286	19	019007	019001	20	10.0	3.0	0,807	true	[019007, 019000, 019002, 019006, 019005, 019004, 019001]
8287	19	019007	019001	21	15.0	3.0	0,807	true	[019007, 019000, 019002, 019006, 019005, 019008, 019003, 019004, 019001]
8288	19	019007	019001	22	18.0	3.0	0,832	true	[019007, 019000, 019002, 019006, 019005, 019008, 019004, 019001]
8289	19	019007	019001	23	15.0	3.0	0,850	true	[019007, 019000, 019002, 019006, 019008, 019003, 019004, 019001]
8290	19	019007	019001	24	10.0	3.0	0,815	true	[019007, 019000, 019002, 019006, 019008, 019003, 019005, 019004, 019001]
8291	19	019007	019001	25	28.0	3.0	0,876	true	[019007, 019000, 019002, 019006, 019008, 019004, 019001]
8292	19	019007	019001	26	18.0	3.0	0,816	true	[019007, 019000, 019002, 019006, 019008, 019005, 019003, 019004, 019001]
8293	19	019007	019001	27	10.0	3.0	0,832	true	[019007, 019000, 019002, 019006, 019008, 019005, 019004, 019001]
8294	19	019007	019001	28	15.0	3.0	0,840	true	[019007, 019000, 019002, 019008, 019003, 019004, 019001]
8295	19	019007	019001	29	10.0	3.0	0,807	true	[019007, 019000, 019002, 019008, 019003, 019005, 019004, 019001]
8296	19	019007	019001	30	10.0	3.0	0,790	true	[019007, 019000, 019002, 019008, 019003, 019006, 019005, 019004, 019001]
8297	19	019007	019001	31	30.0	3.0	0,867	true	[019007, 019000, 019002, 019008, 019004, 019001]
8298	19	019007	019001	32	18.0	3.0	0,807	true	[019007, 019000, 019002, 019008, 019005, 019003, 019004, 019001]
8299	19	019007	019001	33	10.0	3.0	0,823	true	[019007, 019000, 019002, 019008, 019005, 019004, 019001]
8300	19	019007	019001	34	11.0	3.0	0,790	true	[019007, 019000, 019002, 019008, 019005, 019006, 019003, 019004, 019001]
8301	19	019007	019001	35	11.0	3.0	0,832	true	[019007, 019000, 019002, 019008, 019006, 019003, 019004, 019001]
8302	19	019007	019001	36	10.0	3.0	0,799	true	[019007, 019000, 019002, 019008, 019006, 019003, 019005, 019004, 019001]
8303	19	019007	019001	37	28.0	3.0	0,767	true	[019007, 019000, 019002, 019008, 019006, 019005, 019003, 019004, 019001]
8304	19	019007	019001	38	10.0	3.0	0,782	true	[019007, 019000, 019002, 019008, 019006, 019005, 019004, 019001]
8305	19	019007	019001	39	32.0	3.0	0,922	true	[019007, 019000, 019003, 019004, 019001]
8306	19	019007	019001	40	8.0	3.0	0,833	true	[019007, 019000, 019003, 019004, 019005, 019002, 019001]
8307	19	019007	019001	41	8.0	3.0	0,783	true	[019007, 019000, 019003, 019004, 019005, 019006, 019002, 019001]
8308	19	019007	019001	42	8.0	3.0	0,759	true	[019007, 019000, 019003, 019004, 019005, 019006, 019008, 019002, 019001]
8309	19	019007	019001	43	8.0	3.0	0,799	true	[019007, 019000, 019003, 019004, 019005, 019008, 019002, 019001]
8310	19	019007	019001	44	8.0	3.0	0,808	true	[019007, 019000, 019003, 019004, 019005, 019008, 019006, 019002, 019001]
8311	19	019007	019001	45	8.0	3.0	0,841	true	[019007, 019000, 019003, 019004, 019008, 019002, 019001]
8312	19	019007	019001	46	8.0	3.0	0,859	true	[019007, 019000, 019003, 019004, 019008, 019005, 019002, 019001]
8313	19	019007	019001	47	8.0	3.0	0,808	true	[019007, 019000, 019003, 019004, 019008, 019005, 019006, 019002, 019001]
8314	19	019007	019001	48	8.0	3.0	0,850	true	[019007, 019000, 019003, 019004, 019008, 019006, 019002, 019001]
8315	19	019007	019001	49	8.0	3.0	0,816	true	[019007, 019000, 019003, 019004, 019008, 019006, 019005, 019002, 019001]
8316	19	019007	019001	50	8.0	3.0	0,885	true	[019007, 019000, 019003, 019005, 019002, 019001]
8317	19	019007	019001	51	12.0	3.0	0,868	true	[019007, 019000, 019003, 019005, 019002, 019006, 019008, 019004, 019001]
8318	19	019007	019001	52	12.0	3.0	0,859	true	[019007, 019000, 019003, 019005, 019002, 019008, 019004, 019001]
8319	19	019007	019001	53	10.0	3.0	0,885	true	[019007, 019000, 019003, 019005, 019004, 019001]
8320	19	019007	019001	54	8.0	3.0	0,807	true	[019007, 019000, 019003, 019005, 019004, 019008, 019002, 019001]
8321	19	019007	019001	55	8.0	3.0	0,816	true	[019007, 019000, 019003, 019005, 019004, 019008, 019006, 019002, 019001]
8322	19	019007	019001	56	8.0	3.0	0,833	true	[019007, 019000, 019003, 019005, 019006, 019002, 019001]
8323	19	019007	019001	57	31.0	3.0	0,807	true	[019007, 019000, 019003, 019005, 019006, 019002, 019008, 019004, 019001]
8324	19	019007	019001	58	8.0	3.0	0,807	true	[019007, 019000, 019003, 019005, 019006, 019008, 019002, 019001]
8325	19	019007	019001	59	28.0	3.0	0,867	true	[019007, 019000, 019003, 019005, 019006, 019008, 019004, 019001]
8326	19	019007	019001	60	8.0	3.0	0,850	true	[019007, 019000, 019003, 019005, 019008, 019002, 019001]
8327	19	019007	019001	61	18.0	3.0	0,913	true	[019007, 019000, 019003, 019005, 019008, 019004, 019001]
8328	19	019007	019001	62	8.0	3.0	0,859	true	[019007, 019000, 019003, 019005, 019008, 019006, 019002, 019001]
8329	19	019007	019001	63	8.0	3.0	0,904	true	[019007, 019000, 019003, 019006, 019002, 019001]
8330	19	019007	019001	64	10.0	3.0	0,867	true	[019007, 019000, 019003, 019006, 019002, 019005, 019004, 019001]
8331	19	019007	019001	65	11.0	3.0	0,895	true	[019007, 019000, 019003, 019006, 019002, 019005, 019008, 019004, 019001]
8332	19	019007	019001	66	11.0	3.0	0,876	true	[019007, 019000, 019003, 019006, 019002, 019008, 019004, 019001]
8333	19	019007	019001	67	10.0	3.0	0,832	true	[019007, 019000, 019003, 019006, 019002, 019008, 019005, 019004, 019001]
8334	19	019007	019001	68	8.0	3.0	0,867	true	[019007, 019000, 019003, 019006, 019005, 019002, 019001]
8335	19	019007	019001	69	11.0	3.0	0,841	true	[019007, 019000, 019003, 019006, 019005, 019002, 019008, 019004, 019001]
8336	19	019007	019001	70	10.0	3.0	0,867	true	[019007, 019000, 019003, 019006, 019005, 019004, 019001]
8337	19	019007	019001	71	8.0	3.0	0,791	true	[019007, 019000, 019003, 019006, 019005, 019004, 019008, 019002, 019001]
8338	19	019007	019001	72	8.0	3.0	0,832	true	[019007, 019000, 019003, 019006, 019005, 019008, 019002, 019001]
8339	19	019007	019001	73	11.0	3.0	0,894	true	[019007, 019000, 019003, 019006, 019005, 019008, 019004, 019001]
8340	19	019007	019001	74	8.0	3.0	0,876	true	[019007, 019000, 019003, 019006, 019008, 019002, 019001]
8341	19	019007	019001	75	10.0	3.0	0,841	true	[019007, 019000, 019003, 019006, 019008, 019002, 019005, 019004, 019001]
8342	19	019007	019001	76	11.0	3.0	0,941	true	[019007, 019000, 019003, 019006, 019008, 019004, 019001]
8343	19	019007	019001	77	8.0	3.0	0,850	true	[019007, 019000, 019003, 019006, 019008, 019004, 019005, 019002, 019001]
8344	19	019007	019001	78	8.0	3.0	0,895	true	[019007, 019000, 019003, 019006, 019008, 019005, 019002, 019001]
8345	19	019007	019001	79	10.0	3.0	0,894	true	[019007, 019000, 019003, 019006, 019008, 019005, 019004, 019001]
8346	19	019007	019001	80	8.0	3.0	0,885	true	[019007, 019000, 019003, 019008, 019002, 019001]
8347	19	019007	019001	81	10.0	3.0	0,849	true	[019007, 019000, 019003, 019008, 019002, 019005, 019004, 019001]
8348	19	019007	019001	82	10.0	3.0	0,799	true	[019007, 019000, 019003, 019008, 019002, 019006, 019005, 019004, 019001]
8349	19	019007	019001	83	15.0	3.0	0,951	true	[019007, 019000, 019003, 019008, 019004, 019001]
8350	19	019007	019001	84	8.0	3.0	0,859	true	[019007, 019000, 019003, 019008, 019004, 019005, 019002, 019001]
8351	19	019007	019001	85	8.0	3.0	0,807	true	[019007, 019000, 019003, 019008, 019004, 019005, 019006, 019002, 019001]
8352	19	019007	019001	86	8.0	3.0	0,904	true	[019007, 019000, 019003, 019008, 019005, 019002, 019001]
8353	19	019007	019001	87	10.0	3.0	0,903	true	[019007, 019000, 019003, 019008, 019005, 019004, 019001]
8354	19	019007	019001	88	8.0	3.0	0,850	true	[019007, 019000, 019003, 019008, 019005, 019006, 019002, 019001]
8355	19	019007	019001	89	8.0	3.0	0,895	true	[019007, 019000, 019003, 019008, 019006, 019002, 019001]
8356	19	019007	019001	90	10.0	3.0	0,859	true	[019007, 019000, 019003, 019008, 019006, 019002, 019005, 019004, 019001]
8357	19	019007	019001	91	8.0	3.0	0,859	true	[019007, 019000, 019003, 019008, 019006, 019005, 019002, 019001]
8358	19	019007	019001	92	10.0	3.0	0,858	true	[019007, 019000, 019003, 019008, 019006, 019005, 019004, 019001]
8359	19	019007	019001	93	7.0	3.0	0,951	true	[019007, 019000, 019004, 019001]
8360	19	019007	019001	94	7.0	3.0	0,841	true	[019007, 019000, 019004, 019003, 019005, 019002, 019001]
8361	19	019007	019001	95	7.0	3.0	0,791	true	[019007, 019000, 019004, 019003, 019005, 019006, 019002, 019001]
8362	19	019007	019001	96	7.0	3.0	0,767	true	[019007, 019000, 019004, 019003, 019005, 019006, 019008, 019002, 019001]
8363	19	019007	019001	97	7.0	3.0	0,808	true	[019007, 019000, 019004, 019003, 019005, 019008, 019002, 019001]
8364	19	019007	019001	98	7.0	3.0	0,816	true	[019007, 019000, 019004, 019003, 019005, 019008, 019006, 019002, 019001]
8365	19	019007	019001	99	7.0	3.0	0,859	true	[019007, 019000, 019004, 019003, 019006, 019002, 019001]
8366	19	019007	019001	100	7.0	3.0	0,824	true	[019007, 019000, 019004, 019003, 019006, 019005, 019002, 019001]
8367	19	019007	019001	101	51.0	9.0	0,990	true	[019007, 019001]
8368	20	020005	020001	0	8.0	4.0	1,000	true	[020005, 020000, 020003, 020002, 020001]
8369	20	020005	020001	1	6.0	5.0	0,941	true	[020005, 020000, 020003, 020002, 020004, 020006, 020001]
8370	20	020005	020001	2	6.0	5.0	0,894	true	[020005, 020000, 020003, 020002, 020004, 020006, 020008, 020001]
8371	20	020005	020001	3	8.0	3.0	0,903	true	[020005, 020000, 020003, 020002, 020004, 020007, 020006, 020001]
8372	20	020005	020001	4	8.0	3.0	0,858	true	[020005, 020000, 020003, 020002, 020004, 020007, 020006, 020008, 020001]
8373	20	020005	020001	5	8.0	5.0	0,875	true	[020005, 020000, 020003, 020002, 020004, 020008, 020001]
8374	20	020005	020001	6	8.0	5.0	0,884	true	[020005, 020000, 020003, 020002, 020004, 020008, 020006, 020001]
8375	20	020005	020001	7	8.0	5.0	1,000	true	[020005, 020000, 020003, 020002, 020006, 020001]
8376	20	020005	020001	8	6.0	6.0	0,912	true	[020005, 020000, 020003, 020002, 020006, 020004, 020008, 020001]
8377	20	020005	020001	9	8.0	3.0	0,875	true	[020005, 020000, 020003, 020002, 020006, 020007, 020004, 020008, 020001]
8378	20	020005	020001	10	8.0	6.0	0,951	true	[020005, 020000, 020003, 020002, 020006, 020008, 020001]
8379	20	020005	020001	11	8.0	4.0	0,922	true	[020005, 020000, 020003, 020004, 020002, 020001]
8380	20	020005	020001	12	8.0	5.0	0,922	true	[020005, 020000, 020003, 020004, 020002, 020006, 020001]
8381	20	020005	020001	13	8.0	5.0	0,876	true	[020005, 020000, 020003, 020004, 020002, 020006, 020008, 020001]
8382	20	020005	020001	14	6.0	5.0	0,960	true	[020005, 020000, 020003, 020004, 020006, 020001]
8383	20	020005	020001	15	6.0	4.0	0,960	true	[020005, 020000, 020003, 020004, 020006, 020002, 020001]
8384	20	020005	020001	16	6.0	7.0	0,913	true	[020005, 020000, 020003, 020004, 020006, 020008, 020001]
8385	20	020005	020001	17	8.0	3.0	0,922	true	[020005, 020000, 020003, 020004, 020007, 020006, 020001]
8386	20	020005	020001	18	8.0	3.0	0,922	true	[020005, 020000, 020003, 020004, 020007, 020006, 020002, 020001]
8387	20	020005	020001	19	8.0	3.0	0,876	true	[020005, 020000, 020003, 020004, 020007, 020006, 020008, 020001]
8388	20	020005	020001	20	8.0	7.0	0,894	true	[020005, 020000, 020003, 020004, 020008, 020001]
8389	20	020005	020001	21	8.0	5.0	0,903	true	[020005, 020000, 020003, 020004, 020008, 020006, 020001]
8390	20	020005	020001	22	8.0	4.0	0,903	true	[020005, 020000, 020003, 020004, 020008, 020006, 020002, 020001]
8391	20	020005	020001	23	8.0	5.0	1,000	true	[020005, 020000, 020003, 020006, 020001]
8392	20	020005	020001	24	8.0	4.0	1,000	true	[020005, 020000, 020003, 020006, 020002, 020001]
8393	20	020005	020001	25	8.0	5.0	0,875	true	[020005, 020000, 020003, 020006, 020002, 020004, 020008, 020001]
8394	20	020005	020001	26	6.0	4.0	0,941	true	[020005, 020000, 020003, 020006, 020004, 020002, 020001]
8395	20	020005	020001	27	6.0	6.0	0,912	true	[020005, 020000, 020003, 020006, 020004, 020008, 020001]
8396	20	020005	020001	28	8.0	3.0	0,903	true	[020005, 020000, 020003, 020006, 020007, 020004, 020002, 020001]
8397	20	020005	020001	29	8.0	3.0	0,875	true	[020005, 020000, 020003, 020006, 020007, 020004, 020008, 020001]
8398	20	020005	020001	30	8.0	6.0	0,951	true	[020005, 020000, 020003, 020006, 020008, 020001]
8399	20	020005	020001	31	8.0	4.0	0,884	true	[020005, 020000, 020003, 020006, 020008, 020004, 020002, 020001]
8400	20	020005	020001	32	8.0	6.0	0,922	true	[020005, 020000, 020003, 020008, 020001]
8401	20	020005	020001	33	8.0	4.0	0,857	true	[020005, 020000, 020003, 020008, 020004, 020002, 020001]
8402	20	020005	020001	34	8.0	5.0	0,857	true	[020005, 020000, 020003, 020008, 020004, 020002, 020006, 020001]
8403	20	020005	020001	35	6.0	5.0	0,893	true	[020005, 020000, 020003, 020008, 020004, 020006, 020001]
8404	20	020005	020001	36	6.0	4.0	0,893	true	[020005, 020000, 020003, 020008, 020004, 020006, 020002, 020001]
8405	20	020005	020001	37	8.0	3.0	0,857	true	[020005, 020000, 020003, 020008, 020004, 020007, 020006, 020001]
8406	20	020005	020001	38	8.0	3.0	0,857	true	[020005, 020000, 020003, 020008, 020004, 020007, 020006, 020002, 020001]
8407	20	020005	020001	39	8.0	5.0	0,931	true	[020005, 020000, 020003, 020008, 020006, 020001]
8408	20	020005	020001	40	8.0	4.0	0,931	true	[020005, 020000, 020003, 020008, 020006, 020002, 020001]
8409	20	020005	020001	41	6.0	4.0	0,876	true	[020005, 020000, 020003, 020008, 020006, 020004, 020002, 020001]
8410	20	020005	020001	42	8.0	3.0	0,840	true	[020005, 020000, 020003, 020008, 020006, 020007, 020004, 020002, 020001]
8411	20	020005	020001	43	8.0	5.0	0,960	true	[020005, 020000, 020006, 020001]
8412	20	020005	020001	44	8.0	4.0	0,960	true	[020005, 020000, 020006, 020002, 020001]
8413	20	020005	020001	45	8.0	6.0	0,858	true	[020005, 020000, 020006, 020002, 020003, 020004, 020008, 020001]
8414	20	020005	020001	46	8.0	6.0	0,885	true	[020005, 020000, 020006, 020002, 020003, 020008, 020001]
8415	20	020005	020001	47	8.0	5.0	0,815	true	[020005, 020000, 020006, 020002, 020004, 020003, 020008, 020001]
8416	20	020005	020001	48	8.0	5.0	0,840	true	[020005, 020000, 020006, 020002, 020004, 020008, 020001]
8417	20	020005	020001	49	8.0	4.0	0,960	true	[020005, 020000, 020006, 020003, 020002, 020001]
8418	20	020005	020001	50	8.0	5.0	0,840	true	[020005, 020000, 020006, 020003, 020002, 020004, 020008, 020001]
8419	20	020005	020001	51	8.0	4.0	0,885	true	[020005, 020000, 020006, 020003, 020004, 020002, 020001]
8420	20	020005	020001	52	8.0	6.0	0,858	true	[020005, 020000, 020006, 020003, 020004, 020008, 020001]
8421	20	020005	020001	53	8.0	6.0	0,885	true	[020005, 020000, 020006, 020003, 020008, 020001]
8422	20	020005	020001	54	8.0	4.0	0,823	true	[020005, 020000, 020006, 020003, 020008, 020004, 020002, 020001]
8423	20	020005	020001	55	6.0	4.0	0,903	true	[020005, 020000, 020006, 020004, 020002, 020001]
8424	20	020005	020001	56	6.0	5.0	0,832	true	[020005, 020000, 020006, 020004, 020002, 020003, 020008, 020001]
8425	20	020005	020001	57	6.0	4.0	0,922	true	[020005, 020000, 020006, 020004, 020003, 020002, 020001]
8426	20	020005	020001	58	6.0	6.0	0,850	true	[020005, 020000, 020006, 020004, 020003, 020008, 020001]
8427	20	020005	020001	59	6.0	7.0	0,876	true	[020005, 020000, 020006, 020004, 020008, 020001]
8428	20	020005	020001	60	6.0	4.0	0,858	true	[020005, 020000, 020006, 020004, 020008, 020003, 020002, 020001]
8429	20	020005	020001	61	8.0	3.0	0,866	true	[020005, 020000, 020006, 020007, 020004, 020002, 020001]
8430	20	020005	020001	62	8.0	3.0	0,798	true	[020005, 020000, 020006, 020007, 020004, 020002, 020003, 020008, 020001]
8431	20	020005	020001	63	8.0	3.0	0,885	true	[020005, 020000, 020006, 020007, 020004, 020003, 020002, 020001]
8432	20	020005	020001	64	8.0	3.0	0,815	true	[020005, 020000, 020006, 020007, 020004, 020003, 020008, 020001]
8433	20	020005	020001	65	8.0	3.0	0,840	true	[020005, 020000, 020006, 020007, 020004, 020008, 020001]
8434	20	020005	020001	66	8.0	3.0	0,823	true	[020005, 020000, 020006, 020007, 020004, 020008, 020003, 020002, 020001]
8435	20	020005	020001	67	8.0	7.0	0,913	true	[020005, 020000, 020006, 020008, 020001]
8436	20	020005	020001	68	8.0	4.0	0,894	true	[020005, 020000, 020006, 020008, 020003, 020002, 020001]
8437	20	020005	020001	69	8.0	4.0	0,824	true	[020005, 020000, 020006, 020008, 020003, 020004, 020002, 020001]
8438	20	020005	020001	70	8.0	4.0	0,849	true	[020005, 020000, 020006, 020008, 020004, 020002, 020001]
8439	20	020005	020001	71	8.0	4.0	0,867	true	[020005, 020000, 020006, 020008, 020004, 020003, 020002, 020001]
8440	20	020005	020001	72	7.0	3.0	0,903	true	[020005, 020000, 020007, 020004, 020002, 020001]
8441	20	020005	020001	73	7.0	3.0	0,903	true	[020005, 020000, 020007, 020004, 020002, 020003, 020006, 020001]
8442	20	020005	020001	74	7.0	3.0	0,858	true	[020005, 020000, 020007, 020004, 020002, 020003, 020006, 020008, 020001]
8443	20	020005	020001	75	7.0	3.0	0,832	true	[020005, 020000, 020007, 020004, 020002, 020003, 020008, 020001]
8444	20	020005	020001	76	7.0	3.0	0,840	true	[020005, 020000, 020007, 020004, 020002, 020003, 020008, 020006, 020001]
8445	20	020005	020001	77	7.0	3.0	0,903	true	[020005, 020000, 020007, 020004, 020002, 020006, 020001]
8446	20	020005	020001	78	7.0	3.0	0,832	true	[020005, 020000, 020007, 020004, 020002, 020006, 020003, 020008, 020001]
8447	20	020005	020001	79	7.0	3.0	0,858	true	[020005, 020000, 020007, 020004, 020002, 020006, 020008, 020001]
8448	20	020005	020001	80	7.0	3.0	0,922	true	[020005, 020000, 020007, 020004, 020003, 020002, 020001]
8449	20	020005	020001	81	7.0	3.0	0,922	true	[020005, 020000, 020007, 020004, 020003, 020002, 020006, 020001]
8450	20	020005	020001	82	7.0	3.0	0,876	true	[020005, 020000, 020007, 020004, 020003, 020002, 020006, 020008, 020001]
8451	20	020005	020001	83	7.0	3.0	0,922	true	[020005, 020000, 020007, 020004, 020003, 020006, 020001]
8452	20	020005	020001	84	7.0	3.0	0,922	true	[020005, 020000, 020007, 020004, 020003, 020006, 020002, 020001]
8453	20	020005	020001	85	7.0	3.0	0,876	true	[020005, 020000, 020007, 020004, 020003, 020006, 020008, 020001]
8454	20	020005	020001	86	7.0	3.0	0,849	true	[020005, 020000, 020007, 020004, 020003, 020008, 020001]
8455	20	020005	020001	87	7.0	3.0	0,858	true	[020005, 020000, 020007, 020004, 020003, 020008, 020006, 020001]
8456	20	020005	020001	88	7.0	3.0	0,858	true	[020005, 020000, 020007, 020004, 020003, 020008, 020006, 020002, 020001]
8457	20	020005	020001	89	6.0	3.0	0,941	true	[020005, 020000, 020007, 020004, 020006, 020001]
8458	20	020005	020001	90	6.0	3.0	0,941	true	[020005, 020000, 020007, 020004, 020006, 020002, 020001]
8459	20	020005	020001	91	6.0	3.0	0,867	true	[020005, 020000, 020007, 020004, 020006, 020002, 020003, 020008, 020001]
8460	20	020005	020001	92	6.0	3.0	0,941	true	[020005, 020000, 020007, 020004, 020006, 020003, 020002, 020001]
8461	20	020005	020001	93	6.0	3.0	0,867	true	[020005, 020000, 020007, 020004, 020006, 020003, 020008, 020001]
8462	20	020005	020001	94	6.0	3.0	0,894	true	[020005, 020000, 020007, 020004, 020006, 020008, 020001]
8463	20	020005	020001	95	6.0	3.0	0,876	true	[020005, 020000, 020007, 020004, 020006, 020008, 020003, 020002, 020001]
8464	20	020005	020001	96	7.0	3.0	0,875	true	[020005, 020000, 020007, 020004, 020008, 020001]
8465	20	020005	020001	97	7.0	3.0	0,857	true	[020005, 020000, 020007, 020004, 020008, 020003, 020002, 020001]
8466	20	020005	020001	98	7.0	3.0	0,857	true	[020005, 020000, 020007, 020004, 020008, 020003, 020002, 020006, 020001]
8467	20	020005	020001	99	7.0	3.0	0,857	true	[020005, 020000, 020007, 020004, 020008, 020003, 020006, 020001]
8468	20	020005	020001	100	7.0	3.0	0,857	true	[020005, 020000, 020007, 020004, 020008, 020003, 020006, 020002, 020001]
8469	20	020005	020001	101	21.0	8.0	0,970	true	[020005, 020001]
8470	21	021000	021008	0	8.0	5.0	0,783	true	[021000, 021001, 021002, 021003, 021005, 021006, 021004, 021008]
8471	21	021000	021008	1	8.0	5.0	0,807	true	[021000, 021001, 021002, 021003, 021005, 021006, 021007, 021008]
8472	21	021000	021008	2	8.0	5.0	0,774	true	[021000, 021001, 021002, 021003, 021005, 021006, 021008]
8473	21	021000	021008	3	8.0	5.0	0,783	true	[021000, 021001, 021002, 021003, 021005, 021007, 021006, 021004, 021008]
8474	21	021000	021008	4	8.0	5.0	0,774	true	[021000, 021001, 021002, 021003, 021005, 021007, 021006, 021008]
8475	21	021000	021008	5	8.0	5.0	0,807	true	[021000, 021001, 021002, 021003, 021005, 021007, 021008]
8476	21	021000	021008	6	8.0	5.0	0,824	true	[021000, 021001, 021002, 021003, 021005, 021008]
8477	21	021000	021008	7	8.0	5.0	0,775	true	[021000, 021001, 021002, 021003, 021007, 021005, 021006, 021004, 021008]
8478	21	021000	021008	8	8.0	5.0	0,767	true	[021000, 021001, 021002, 021003, 021007, 021005, 021006, 021008]
8479	21	021000	021008	9	8.0	5.0	0,815	true	[021000, 021001, 021002, 021003, 021007, 021005, 021008]
8480	21	021000	021008	10	8.0	5.0	0,841	true	[021000, 021001, 021002, 021003, 021007, 021006, 021004, 021008]
8481	21	021000	021008	11	8.0	5.0	0,815	true	[021000, 021001, 021002, 021003, 021007, 021006, 021005, 021008]
8482	21	021000	021008	12	8.0	5.0	0,832	true	[021000, 021001, 021002, 021003, 021007, 021006, 021008]
8483	21	021000	021008	13	8.0	5.0	0,867	true	[021000, 021001, 021002, 021003, 021007, 021008]
8484	21	021000	021008	14	8.0	8.0	0,840	true	[021000, 021001, 021002, 021003, 021008]
8485	21	021000	021008	15	15.0	5.0	0,850	true	[021000, 021001, 021002, 021005, 021003, 021007, 021006, 021004, 021008]
8486	21	021000	021008	16	15.0	5.0	0,841	true	[021000, 021001, 021002, 021005, 021003, 021007, 021006, 021008]
8487	21	021000	021008	17	15.0	5.0	0,876	true	[021000, 021001, 021002, 021005, 021003, 021007, 021008]
8488	21	021000	021008	18	15.0	5.0	0,849	true	[021000, 021001, 021002, 021005, 021003, 021008]
8489	21	021000	021008	19	15.0	6.0	0,858	true	[021000, 021001, 021002, 021005, 021006, 021004, 021008]
8490	21	021000	021008	20	15.0	5.0	0,841	true	[021000, 021001, 021002, 021005, 021006, 021007, 021003, 021008]
8491	21	021000	021008	21	15.0	6.0	0,885	true	[021000, 021001, 021002, 021005, 021006, 021007, 021008]
8492	21	021000	021008	22	15.0	6.0	0,849	true	[021000, 021001, 021002, 021005, 021006, 021008]
8493	21	021000	021008	23	15.0	5.0	0,841	true	[021000, 021001, 021002, 021005, 021007, 021003, 021008]
8494	21	021000	021008	24	15.0	6.0	0,858	true	[021000, 021001, 021002, 021005, 021007, 021006, 021004, 021008]
8495	21	021000	021008	25	15.0	6.0	0,849	true	[021000, 021001, 021002, 021005, 021007, 021006, 021008]
8496	21	021000	021008	26	15.0	6.0	0,885	true	[021000, 021001, 021002, 021005, 021007, 021008]
8497	21	021000	021008	27	9.0	6.0	0,903	true	[021000, 021001, 021002, 021005, 021008]
8498	21	021000	021008	28	15.0	3.0	0,858	true	[021000, 021001, 021002, 021006, 021004, 021008]
8499	21	021000	021008	29	15.0	3.0	0,807	true	[021000, 021001, 021002, 021006, 021005, 021003, 021007, 021008]
8500	21	021000	021008	30	15.0	3.0	0,783	true	[021000, 021001, 021002, 021006, 021005, 021003, 021008]
8501	21	021000	021008	31	15.0	3.0	0,775	true	[021000, 021001, 021002, 021006, 021005, 021007, 021003, 021008]
8502	21	021000	021008	32	15.0	3.0	0,815	true	[021000, 021001, 021002, 021006, 021005, 021007, 021008]
8503	21	021000	021008	33	9.0	3.0	0,832	true	[021000, 021001, 021002, 021006, 021005, 021008]
8504	21	021000	021008	34	9.0	3.0	0,824	true	[021000, 021001, 021002, 021006, 021007, 021003, 021005, 021008]
8505	21	021000	021008	35	15.0	3.0	0,841	true	[021000, 021001, 021002, 021006, 021007, 021003, 021008]
8506	21	021000	021008	36	15.0	3.0	0,783	true	[021000, 021001, 021002, 021006, 021007, 021005, 021003, 021008]
8507	21	021000	021008	37	9.0	3.0	0,832	true	[021000, 021001, 021002, 021006, 021007, 021005, 021008]
8508	21	021000	021008	38	15.0	3.0	0,885	true	[021000, 021001, 021002, 021006, 021007, 021008]
8509	21	021000	021008	39	15.0	3.0	0,849	true	[021000, 021001, 021002, 021006, 021008]
8510	21	021000	021008	40	15.0	5.0	0,799	true	[021000, 021001, 021002, 021007, 021003, 021005, 021006, 021004, 021008]
8511	21	021000	021008	41	15.0	5.0	0,791	true	[021000, 021001, 021002, 021007, 021003, 021005, 021006, 021008]
8512	21	021000	021008	42	9.0	5.0	0,841	true	[021000, 021001, 021002, 021007, 021003, 021005, 021008]
8513	21	021000	021008	43	15.0	5.0	0,858	true	[021000, 021001, 021002, 021007, 021003, 021008]
8514	21	021000	021008	44	15.0	5.0	0,799	true	[021000, 021001, 021002, 021007, 021005, 021003, 021008]
8515	21	021000	021008	45	15.0	6.0	0,807	true	[021000, 021001, 021002, 021007, 021005, 021006, 021004, 021008]
8516	21	021000	021008	46	15.0	6.0	0,799	true	[021000, 021001, 021002, 021007, 021005, 021006, 021008]
8517	21	021000	021008	47	9.0	6.0	0,850	true	[021000, 021001, 021002, 021007, 021005, 021008]
8518	21	021000	021008	48	15.0	6.0	0,876	true	[021000, 021001, 021002, 021007, 021006, 021004, 021008]
8519	21	021000	021008	49	15.0	5.0	0,799	true	[021000, 021001, 021002, 021007, 021006, 021005, 021003, 021008]
8520	21	021000	021008	50	9.0	6.0	0,850	true	[021000, 021001, 021002, 021007, 021006, 021005, 021008]
8521	21	021000	021008	51	15.0	6.0	0,867	true	[021000, 021001, 021002, 021007, 021006, 021008]
8522	21	021000	021008	52	15.0	6.0	0,903	true	[021000, 021001, 021002, 021007, 021008]
8523	21	021000	021008	53	15.0	3.0	0,931	true	[021000, 021001, 021002, 021008]
8524	21	021000	021008	54	8.0	5.0	0,841	true	[021000, 021001, 021005, 021002, 021003, 021007, 021006, 021004, 021008]
8525	21	021000	021008	55	8.0	5.0	0,832	true	[021000, 021001, 021005, 021002, 021003, 021007, 021006, 021008]
8526	21	021000	021008	56	8.0	5.0	0,867	true	[021000, 021001, 021005, 021002, 021003, 021007, 021008]
8527	21	021000	021008	57	8.0	5.0	0,840	true	[021000, 021001, 021005, 021002, 021003, 021008]
8528	21	021000	021008	58	17.0	3.0	0,858	true	[021000, 021001, 021005, 021002, 021006, 021004, 021008]
8529	21	021000	021008	59	17.0	3.0	0,841	true	[021000, 021001, 021005, 021002, 021006, 021007, 021003, 021008]
8530	21	021000	021008	60	17.0	3.0	0,885	true	[021000, 021001, 021005, 021002, 021006, 021007, 021008]
8531	21	021000	021008	61	17.0	3.0	0,849	true	[021000, 021001, 021005, 021002, 021006, 021008]
8532	21	021000	021008	62	22.0	5.0	0,858	true	[021000, 021001, 021005, 021002, 021007, 021003, 021008]
8533	21	021000	021008	63	17.0	5.0	0,876	true	[021000, 021001, 021005, 021002, 021007, 021006, 021004, 021008]
8534	21	021000	021008	64	17.0	5.0	0,867	true	[021000, 021001, 021005, 021002, 021007, 021006, 021008]
8535	21	021000	021008	65	22.0	5.0	0,903	true	[021000, 021001, 021005, 021002, 021007, 021008]
8536	21	021000	021008	66	22.0	3.0	0,931	true	[021000, 021001, 021005, 021002, 021008]
8537	21	021000	021008	67	8.0	3.0	0,783	true	[021000, 021001, 021005, 021003, 021002, 021006, 021004, 021008]
8538	21	021000	021008	68	8.0	3.0	0,807	true	[021000, 021001, 021005, 021003, 021002, 021006, 021007, 021008]
8539	21	021000	021008	69	8.0	3.0	0,774	true	[021000, 021001, 021005, 021003, 021002, 021006, 021008]
8540	21	021000	021008	70	8.0	5.0	0,799	true	[021000, 021001, 021005, 021003, 021002, 021007, 021006, 021004, 021008]
8541	21	021000	021008	71	8.0	5.0	0,790	true	[021000, 021001, 021005, 021003, 021002, 021007, 021006, 021008]
8542	21	021000	021008	72	8.0	5.0	0,824	true	[021000, 021001, 021005, 021003, 021002, 021007, 021008]
8543	21	021000	021008	73	8.0	3.0	0,849	true	[021000, 021001, 021005, 021003, 021002, 021008]
8544	21	021000	021008	74	17.0	3.0	0,799	true	[021000, 021001, 021005, 021003, 021007, 021002, 021006, 021004, 021008]
8545	21	021000	021008	75	17.0	3.0	0,791	true	[021000, 021001, 021005, 021003, 021007, 021002, 021006, 021008]
8546	21	021000	021008	76	24.0	3.0	0,867	true	[021000, 021001, 021005, 021003, 021007, 021002, 021008]
8547	21	021000	021008	77	17.0	3.0	0,849	true	[021000, 021001, 021005, 021003, 021007, 021006, 021002, 021008]
8548	21	021000	021008	78	17.0	5.0	0,850	true	[021000, 021001, 021005, 021003, 021007, 021006, 021004, 021008]
8549	21	021000	021008	79	17.0	5.0	0,841	true	[021000, 021001, 021005, 021003, 021007, 021006, 021008]
8550	21	021000	021008	80	24.0	5.0	0,876	true	[021000, 021001, 021005, 021003, 021007, 021008]
8551	21	021000	021008	81	24.0	5.0	0,849	true	[021000, 021001, 021005, 021003, 021008]
8552	21	021000	021008	82	8.0	3.0	0,799	true	[021000, 021001, 021005, 021006, 021002, 021003, 021007, 021008]
8553	21	021000	021008	83	8.0	3.0	0,774	true	[021000, 021001, 021005, 021006, 021002, 021003, 021008]
8554	21	021000	021008	84	17.0	3.0	0,791	true	[021000, 021001, 021005, 021006, 021002, 021007, 021003, 021008]
8555	21	021000	021008	85	17.0	3.0	0,832	true	[021000, 021001, 021005, 021006, 021002, 021007, 021008]
8556	21	021000	021008	86	17.0	3.0	0,858	true	[021000, 021001, 021005, 021006, 021002, 021008]
8557	21	021000	021008	87	18.0	5.0	0,858	true	[021000, 021001, 021005, 021006, 021004, 021008]
8558	21	021000	021008	88	8.0	5.0	0,790	true	[021000, 021001, 021005, 021006, 021007, 021002, 021003, 021008]
8559	21	021000	021008	89	17.0	3.0	0,876	true	[021000, 021001, 021005, 021006, 021007, 021002, 021008]
8560	21	021000	021008	90	8.0	3.0	0,841	true	[021000, 021001, 021005, 021006, 021007, 021003, 021002, 021008]
8561	21	021000	021008	91	17.0	5.0	0,841	true	[021000, 021001, 021005, 021006, 021007, 021003, 021008]
8562	21	021000	021008	92	17.0	5.0	0,885	true	[021000, 021001, 021005, 021006, 021007, 021008]
8563	21	021000	021008	93	24.0	5.0	0,849	true	[021000, 021001, 021005, 021006, 021008]
8564	21	021000	021008	94	8.0	5.0	0,790	true	[021000, 021001, 021005, 021007, 021002, 021003, 021008]
8565	21	021000	021008	95	17.0	3.0	0,807	true	[021000, 021001, 021005, 021007, 021002, 021006, 021004, 021008]
8566	21	021000	021008	96	17.0	3.0	0,799	true	[021000, 021001, 021005, 021007, 021002, 021006, 021008]
8567	21	021000	021008	97	17.0	3.0	0,876	true	[021000, 021001, 021005, 021007, 021002, 021008]
8568	21	021000	021008	98	8.0	3.0	0,775	true	[021000, 021001, 021005, 021007, 021003, 021002, 021006, 021004, 021008]
8569	21	021000	021008	99	8.0	3.0	0,767	true	[021000, 021001, 021005, 021007, 021003, 021002, 021006, 021008]
8570	21	021000	021008	100	8.0	3.0	0,841	true	[021000, 021001, 021005, 021007, 021003, 021002, 021008]
8571	21	021000	021008	101	17.0	5.0	0,841	true	[021000, 021001, 021005, 021007, 021003, 021008]
8572	21	021000	021008	102	17.0	5.0	0,885	true	[021000, 021001, 021005, 021007, 021008]
8573	21	021000	021008	103	9.0	5.0	0,903	true	[021000, 021001, 021005, 021008]
8574	22	022003	022000	0	49.0	7.0	0,960	true	[022003, 022000]
8575	22	022003	022000	1	7.0	7.0	0,903	true	[022003, 022001, 022000]
8576	22	022003	022000	2	7.0	4.0	0,912	true	[022003, 022001, 022002, 022000]
8577	22	022003	022000	3	7.0	3.0	0,824	true	[022003, 022001, 022002, 022007, 022004, 022000]
8578	22	022003	022000	4	7.0	3.0	0,858	true	[022003, 022001, 022002, 022007, 022004, 022005, 022000]
8579	22	022003	022000	5	7.0	3.0	0,807	true	[022003, 022001, 022002, 022007, 022004, 022006, 022000]
8580	22	022003	022000	6	7.0	3.0	0,824	true	[022003, 022001, 022002, 022007, 022004, 022008, 022005, 022000]
8581	22	022003	022000	7	7.0	3.0	0,885	true	[022003, 022001, 022002, 022007, 022005, 022000]
8582	22	022003	022000	8	7.0	3.0	0,832	true	[022003, 022001, 022002, 022007, 022005, 022004, 022000]
8583	22	022003	022000	9	7.0	3.0	0,816	true	[022003, 022001, 022002, 022007, 022005, 022004, 022006, 022000]
8584	22	022003	022000	10	7.0	3.0	0,799	true	[022003, 022001, 022002, 022007, 022005, 022008, 022004, 022000]
8585	22	022003	022000	11	7.0	3.0	0,783	true	[022003, 022001, 022002, 022007, 022005, 022008, 022004, 022006, 022000]
8586	22	022003	022000	12	7.0	3.0	0,841	true	[022003, 022001, 022002, 022007, 022006, 022000]
8587	22	022003	022000	13	7.0	3.0	0,807	true	[022003, 022001, 022002, 022007, 022006, 022004, 022000]
8588	22	022003	022000	14	7.0	3.0	0,841	true	[022003, 022001, 022002, 022007, 022006, 022004, 022005, 022000]
8589	22	022003	022000	15	7.0	3.0	0,808	true	[022003, 022001, 022002, 022007, 022006, 022004, 022008, 022005, 022000]
8590	22	022003	022000	16	7.0	3.0	0,799	true	[022003, 022001, 022002, 022007, 022008, 022004, 022000]
8591	22	022003	022000	17	7.0	3.0	0,833	true	[022003, 022001, 022002, 022007, 022008, 022004, 022005, 022000]
8592	22	022003	022000	18	7.0	3.0	0,783	true	[022003, 022001, 022002, 022007, 022008, 022004, 022006, 022000]
8593	22	022003	022000	19	7.0	3.0	0,850	true	[022003, 022001, 022002, 022007, 022008, 022005, 022000]
8594	22	022003	022000	20	7.0	3.0	0,799	true	[022003, 022001, 022002, 022007, 022008, 022005, 022004, 022000]
8595	22	022003	022000	21	7.0	3.0	0,783	true	[022003, 022001, 022002, 022007, 022008, 022005, 022004, 022006, 022000]
8596	22	022003	022000	22	7.0	4.0	0,841	true	[022003, 022001, 022002, 022008, 022004, 022000]
8597	22	022003	022000	23	7.0	3.0	0,876	true	[022003, 022001, 022002, 022008, 022004, 022005, 022000]
8598	22	022003	022000	24	7.0	4.0	0,816	true	[022003, 022001, 022002, 022008, 022004, 022005, 022007, 022006, 022000]
8599	22	022003	022000	25	7.0	4.0	0,824	true	[022003, 022001, 022002, 022008, 022004, 022006, 022000]
8600	22	022003	022000	26	7.0	3.0	0,833	true	[022003, 022001, 022002, 022008, 022004, 022006, 022007, 022005, 022000]
8601	22	022003	022000	27	7.0	3.0	0,850	true	[022003, 022001, 022002, 022008, 022004, 022007, 022005, 022000]
8602	22	022003	022000	28	7.0	4.0	0,808	true	[022003, 022001, 022002, 022008, 022004, 022007, 022006, 022000]
8603	22	022003	022000	29	7.0	3.0	0,894	true	[022003, 022001, 022002, 022008, 022005, 022000]
8604	22	022003	022000	30	7.0	4.0	0,841	true	[022003, 022001, 022002, 022008, 022005, 022004, 022000]
8605	22	022003	022000	31	7.0	4.0	0,824	true	[022003, 022001, 022002, 022008, 022005, 022004, 022006, 022000]
8606	22	022003	022000	32	7.0	4.0	0,808	true	[022003, 022001, 022002, 022008, 022005, 022004, 022007, 022006, 022000]
8607	22	022003	022000	33	7.0	4.0	0,816	true	[022003, 022001, 022002, 022008, 022005, 022007, 022004, 022000]
8608	22	022003	022000	34	7.0	4.0	0,800	true	[022003, 022001, 022002, 022008, 022005, 022007, 022004, 022006, 022000]
8609	22	022003	022000	35	7.0	4.0	0,833	true	[022003, 022001, 022002, 022008, 022005, 022007, 022006, 022000]
8610	22	022003	022000	36	7.0	4.0	0,799	true	[022003, 022001, 022002, 022008, 022005, 022007, 022006, 022004, 022000]
8611	22	022003	022000	37	7.0	4.0	0,816	true	[022003, 022001, 022002, 022008, 022007, 022004, 022000]
8612	22	022003	022000	38	7.0	3.0	0,850	true	[022003, 022001, 022002, 022008, 022007, 022004, 022005, 022000]
8613	22	022003	022000	39	7.0	4.0	0,799	true	[022003, 022001, 022002, 022008, 022007, 022004, 022006, 022000]
8614	22	022003	022000	40	7.0	3.0	0,876	true	[022003, 022001, 022002, 022008, 022007, 022005, 022000]
8615	22	022003	022000	41	7.0	4.0	0,824	true	[022003, 022001, 022002, 022008, 022007, 022005, 022004, 022000]
8616	22	022003	022000	42	7.0	4.0	0,808	true	[022003, 022001, 022002, 022008, 022007, 022005, 022004, 022006, 022000]
8617	22	022003	022000	43	7.0	4.0	0,833	true	[022003, 022001, 022002, 022008, 022007, 022006, 022000]
8618	22	022003	022000	44	7.0	4.0	0,799	true	[022003, 022001, 022002, 022008, 022007, 022006, 022004, 022000]
8619	22	022003	022000	45	7.0	3.0	0,833	true	[022003, 022001, 022002, 022008, 022007, 022006, 022004, 022005, 022000]
8620	22	022003	022000	46	7.0	7.0	0,884	true	[022003, 022001, 022004, 022000]
8621	22	022003	022000	47	7.0	3.0	0,922	true	[022003, 022001, 022004, 022005, 022000]
8622	22	022003	022000	48	7.0	3.0	0,858	true	[022003, 022001, 022004, 022005, 022007, 022002, 022000]
8623	22	022003	022000	49	7.0	6.0	0,858	true	[022003, 022001, 022004, 022005, 022007, 022006, 022000]
8624	22	022003	022000	50	7.0	4.0	0,850	true	[022003, 022001, 022004, 022005, 022007, 022008, 022002, 022000]
8625	22	022003	022000	51	7.0	4.0	0,867	true	[022003, 022001, 022004, 022005, 022008, 022002, 022000]
8626	22	022003	022000	52	7.0	3.0	0,799	true	[022003, 022001, 022004, 022005, 022008, 022002, 022007, 022006, 022000]
8627	22	022003	022000	53	7.0	3.0	0,824	true	[022003, 022001, 022004, 022005, 022008, 022007, 022002, 022000]
8628	22	022003	022000	54	7.0	6.0	0,824	true	[022003, 022001, 022004, 022005, 022008, 022007, 022006, 022000]
8629	22	022003	022000	55	7.0	5.0	0,867	true	[022003, 022001, 022004, 022006, 022000]
8630	22	022003	022000	56	7.0	3.0	0,833	true	[022003, 022001, 022004, 022006, 022007, 022002, 022000]
8631	22	022003	022000	57	7.0	3.0	0,816	true	[022003, 022001, 022004, 022006, 022007, 022002, 022008, 022005, 022000]
8632	22	022003	022000	58	7.0	3.0	0,876	true	[022003, 022001, 022004, 022006, 022007, 022005, 022000]
8633	22	022003	022000	59	7.0	4.0	0,825	true	[022003, 022001, 022004, 022006, 022007, 022005, 022008, 022002, 022000]
8634	22	022003	022000	60	7.0	4.0	0,824	true	[022003, 022001, 022004, 022006, 022007, 022008, 022002, 022000]
8635	22	022003	022000	61	7.0	3.0	0,841	true	[022003, 022001, 022004, 022006, 022007, 022008, 022005, 022000]
8636	22	022003	022000	62	7.0	3.0	0,850	true	[022003, 022001, 022004, 022007, 022002, 022000]
8637	22	022003	022000	63	7.0	3.0	0,833	true	[022003, 022001, 022004, 022007, 022002, 022008, 022005, 022000]
8638	22	022003	022000	64	7.0	3.0	0,894	true	[022003, 022001, 022004, 022007, 022005, 022000]
8639	22	022003	022000	65	7.0	4.0	0,841	true	[022003, 022001, 022004, 022007, 022005, 022008, 022002, 022000]
8640	22	022003	022000	66	7.0	6.0	0,850	true	[022003, 022001, 022004, 022007, 022006, 022000]
8641	22	022003	022000	67	7.0	4.0	0,841	true	[022003, 022001, 022004, 022007, 022008, 022002, 022000]
8642	22	022003	022000	68	7.0	3.0	0,858	true	[022003, 022001, 022004, 022007, 022008, 022005, 022000]
8643	22	022003	022000	69	7.0	4.0	0,867	true	[022003, 022001, 022004, 022008, 022002, 022000]
8644	22	022003	022000	70	7.0	3.0	0,841	true	[022003, 022001, 022004, 022008, 022002, 022007, 022005, 022000]
8645	22	022003	022000	71	7.0	3.0	0,799	true	[022003, 022001, 022004, 022008, 022002, 022007, 022006, 022000]
8646	22	022003	022000	72	7.0	3.0	0,885	true	[022003, 022001, 022004, 022008, 022005, 022000]
8647	22	022003	022000	73	7.0	3.0	0,824	true	[022003, 022001, 022004, 022008, 022005, 022007, 022002, 022000]
8648	22	022003	022000	74	7.0	6.0	0,824	true	[022003, 022001, 022004, 022008, 022005, 022007, 022006, 022000]
8649	22	022003	022000	75	7.0	3.0	0,824	true	[022003, 022001, 022004, 022008, 022007, 022002, 022000]
8650	22	022003	022000	76	7.0	3.0	0,867	true	[022003, 022001, 022004, 022008, 022007, 022005, 022000]
8651	22	022003	022000	77	7.0	6.0	0,824	true	[022003, 022001, 022004, 022008, 022007, 022006, 022000]
8652	22	022003	022000	78	7.0	3.0	0,941	true	[022003, 022001, 022005, 022000]
8653	22	022003	022000	79	7.0	7.0	0,885	true	[022003, 022001, 022005, 022004, 022000]
8654	22	022003	022000	80	7.0	5.0	0,867	true	[022003, 022001, 022005, 022004, 022006, 022000]
8655	22	022003	022000	81	7.0	3.0	0,833	true	[022003, 022001, 022005, 022004, 022006, 022007, 022002, 022000]
8656	22	022003	022000	82	7.0	4.0	0,825	true	[022003, 022001, 022005, 022004, 022006, 022007, 022008, 022002, 022000]
8657	22	022003	022000	83	7.0	3.0	0,850	true	[022003, 022001, 022005, 022004, 022007, 022002, 022000]
8658	22	022003	022000	84	7.0	6.0	0,850	true	[022003, 022001, 022005, 022004, 022007, 022006, 022000]
8659	22	022003	022000	85	7.0	4.0	0,841	true	[022003, 022001, 022005, 022004, 022007, 022008, 022002, 022000]
8660	22	022003	022000	86	7.0	4.0	0,867	true	[022003, 022001, 022005, 022004, 022008, 022002, 022000]
8661	22	022003	022000	87	7.0	3.0	0,799	true	[022003, 022001, 022005, 022004, 022008, 022002, 022007, 022006, 022000]
8662	22	022003	022000	88	7.0	3.0	0,824	true	[022003, 022001, 022005, 022004, 022008, 022007, 022002, 022000]
8663	22	022003	022000	89	7.0	6.0	0,824	true	[022003, 022001, 022005, 022004, 022008, 022007, 022006, 022000]
8664	22	022003	022000	90	7.0	3.0	0,876	true	[022003, 022001, 022005, 022007, 022002, 022000]
8665	22	022003	022000	91	7.0	3.0	0,807	true	[022003, 022001, 022005, 022007, 022002, 022008, 022004, 022000]
8666	22	022003	022000	92	7.0	3.0	0,791	true	[022003, 022001, 022005, 022007, 022002, 022008, 022004, 022006, 022000]
8667	22	022003	022000	93	7.0	7.0	0,858	true	[022003, 022001, 022005, 022007, 022004, 022000]
8668	22	022003	022000	94	7.0	5.0	0,841	true	[022003, 022001, 022005, 022007, 022004, 022006, 022000]
8669	22	022003	022000	95	7.0	4.0	0,841	true	[022003, 022001, 022005, 022007, 022004, 022008, 022002, 022000]
8670	22	022003	022000	96	7.0	6.0	0,876	true	[022003, 022001, 022005, 022007, 022006, 022000]
8671	22	022003	022000	97	7.0	5.0	0,841	true	[022003, 022001, 022005, 022007, 022006, 022004, 022000]
8672	22	022003	022000	98	7.0	4.0	0,825	true	[022003, 022001, 022005, 022007, 022006, 022004, 022008, 022002, 022000]
8673	22	022003	022000	99	7.0	4.0	0,867	true	[022003, 022001, 022005, 022007, 022008, 022002, 022000]
8674	22	022003	022000	100	7.0	7.0	0,832	true	[022003, 022001, 022005, 022007, 022008, 022004, 022000]
8675	23	023006	023005	0	6.0	3.0	0,858	true	[023006, 023000, 023001, 023002, 023003, 023004, 023005]
8676	23	023006	023005	1	6.0	3.0	0,832	true	[023006, 023000, 023001, 023002, 023003, 023008, 023004, 023005]
8677	23	023006	023005	2	6.0	3.0	0,841	true	[023006, 023000, 023001, 023002, 023003, 023008, 023007, 023004, 023005]
8678	23	023006	023005	3	6.0	3.0	0,867	true	[023006, 023000, 023001, 023002, 023004, 023005]
8679	23	023006	023005	4	6.0	3.0	0,903	true	[023006, 023000, 023001, 023002, 023005]
8680	23	023006	023005	5	6.0	3.0	0,850	true	[023006, 023000, 023001, 023002, 023007, 023004, 023005]
8681	23	023006	023005	6	6.0	3.0	0,816	true	[023006, 023000, 023001, 023002, 023007, 023008, 023003, 023004, 023005]
8682	23	023006	023005	7	6.0	3.0	0,824	true	[023006, 023000, 023001, 023002, 023007, 023008, 023004, 023005]
8683	23	023006	023005	8	6.0	3.0	0,841	true	[023006, 023000, 023001, 023002, 023008, 023003, 023004, 023005]
8684	23	023006	023005	9	6.0	3.0	0,849	true	[023006, 023000, 023001, 023002, 023008, 023004, 023005]
8685	23	023006	023005	10	6.0	3.0	0,859	true	[023006, 023000, 023001, 023002, 023008, 023007, 023004, 023005]
8686	23	023006	023005	11	6.0	3.0	0,849	true	[023006, 023000, 023001, 023004, 023002, 023005]
8687	23	023006	023005	12	6.0	3.0	0,841	true	[023006, 023000, 023001, 023004, 023003, 023002, 023005]
8688	23	023006	023005	13	6.0	3.0	0,824	true	[023006, 023000, 023001, 023004, 023003, 023008, 023002, 023005]
8689	23	023006	023005	14	6.0	3.0	0,799	true	[023006, 023000, 023001, 023004, 023003, 023008, 023007, 023002, 023005]
8690	23	023006	023005	15	6.0	3.0	0,903	true	[023006, 023000, 023001, 023004, 023005]
8691	23	023006	023005	16	6.0	3.0	0,833	true	[023006, 023000, 023001, 023004, 023007, 023002, 023005]
8692	23	023006	023005	17	6.0	3.0	0,841	true	[023006, 023000, 023001, 023004, 023007, 023008, 023002, 023005]
8693	23	023006	023005	18	6.0	3.0	0,825	true	[023006, 023000, 023001, 023004, 023007, 023008, 023003, 023002, 023005]
8694	23	023006	023005	19	6.0	3.0	0,832	true	[023006, 023000, 023001, 023004, 023008, 023002, 023005]
8695	23	023006	023005	20	6.0	3.0	0,816	true	[023006, 023000, 023001, 023004, 023008, 023003, 023002, 023005]
8696	23	023006	023005	21	6.0	3.0	0,807	true	[023006, 023000, 023001, 023004, 023008, 023007, 023002, 023005]
8697	23	023006	023005	22	6.0	3.0	0,912	true	[023006, 023000, 023001, 023005]
8698	23	023006	023005	23	14.0	4.0	0,885	true	[023006, 023000, 023002, 023001, 023004, 023005]
8699	23	023006	023005	24	14.0	3.0	0,893	true	[023006, 023000, 023002, 023001, 023005]
8700	23	023006	023005	25	20.0	3.0	0,832	true	[023006, 023000, 023002, 023003, 023004, 023001, 023005]
8701	23	023006	023005	26	36.0	5.0	0,841	true	[023006, 023000, 023002, 023003, 023004, 023005]
8702	23	023006	023005	27	13.0	3.0	0,807	true	[023006, 023000, 023002, 023003, 023008, 023004, 023001, 023005]
8703	23	023006	023005	28	13.0	5.0	0,815	true	[023006, 023000, 023002, 023003, 023008, 023004, 023005]
8704	23	023006	023005	29	12.0	3.0	0,816	true	[023006, 023000, 023002, 023003, 023008, 023007, 023004, 023001, 023005]
8705	23	023006	023005	30	12.0	3.0	0,824	true	[023006, 023000, 023002, 023003, 023008, 023007, 023004, 023005]
8706	23	023006	023005	31	6.0	3.0	0,840	true	[023006, 023000, 023002, 023004, 023001, 023005]
8707	23	023006	023005	32	6.0	4.0	0,849	true	[023006, 023000, 023002, 023004, 023005]
8708	23	023006	023005	33	16.0	5.0	0,884	true	[023006, 023000, 023002, 023005]
8709	23	023006	023005	34	12.0	3.0	0,824	true	[023006, 023000, 023002, 023007, 023004, 023001, 023005]
8710	23	023006	023005	35	12.0	3.0	0,832	true	[023006, 023000, 023002, 023007, 023004, 023005]
8711	23	023006	023005	36	13.0	3.0	0,791	true	[023006, 023000, 023002, 023007, 023008, 023003, 023004, 023001, 023005]
8712	23	023006	023005	37	13.0	3.0	0,799	true	[023006, 023000, 023002, 023007, 023008, 023003, 023004, 023005]
8713	23	023006	023005	38	17.0	3.0	0,799	true	[023006, 023000, 023002, 023007, 023008, 023004, 023001, 023005]
8714	23	023006	023005	39	17.0	3.0	0,807	true	[023006, 023000, 023002, 023007, 023008, 023004, 023005]
8715	23	023006	023005	40	13.0	3.0	0,816	true	[023006, 023000, 023002, 023008, 023003, 023004, 023001, 023005]
8716	23	023006	023005	41	13.0	5.0	0,824	true	[023006, 023000, 023002, 023008, 023003, 023004, 023005]
8717	23	023006	023005	42	17.0	3.0	0,824	true	[023006, 023000, 023002, 023008, 023004, 023001, 023005]
8718	23	023006	023005	43	17.0	5.0	0,832	true	[023006, 023000, 023002, 023008, 023004, 023005]
8719	23	023006	023005	44	12.0	3.0	0,832	true	[023006, 023000, 023002, 023008, 023007, 023004, 023001, 023005]
8720	23	023006	023005	45	12.0	3.0	0,841	true	[023006, 023000, 023002, 023008, 023007, 023004, 023005]
8721	23	023006	023005	46	14.0	4.0	0,912	true	[023006, 023000, 023003, 023002, 023001, 023004, 023005]
8722	23	023006	023005	47	14.0	3.0	0,922	true	[023006, 023000, 023003, 023002, 023001, 023005]
8723	23	023006	023005	48	6.0	3.0	0,867	true	[023006, 023000, 023003, 023002, 023004, 023001, 023005]
8724	23	023006	023005	49	6.0	4.0	0,876	true	[023006, 023000, 023003, 023002, 023004, 023005]
8725	23	023006	023005	50	16.0	4.0	0,912	true	[023006, 023000, 023003, 023002, 023005]
8726	23	023006	023005	51	12.0	3.0	0,850	true	[023006, 023000, 023003, 023002, 023007, 023004, 023001, 023005]
8727	23	023006	023005	52	12.0	3.0	0,858	true	[023006, 023000, 023003, 023002, 023007, 023004, 023005]
8728	23	023006	023005	53	17.0	3.0	0,824	true	[023006, 023000, 023003, 023002, 023007, 023008, 023004, 023001, 023005]
8729	23	023006	023005	54	17.0	3.0	0,832	true	[023006, 023000, 023003, 023002, 023007, 023008, 023004, 023005]
8730	23	023006	023005	55	17.0	3.0	0,850	true	[023006, 023000, 023003, 023002, 023008, 023004, 023001, 023005]
8731	23	023006	023005	56	17.0	4.0	0,858	true	[023006, 023000, 023003, 023002, 023008, 023004, 023005]
8732	23	023006	023005	57	12.0	3.0	0,859	true	[023006, 023000, 023003, 023002, 023008, 023007, 023004, 023001, 023005]
8733	23	023006	023005	58	12.0	3.0	0,867	true	[023006, 023000, 023003, 023002, 023008, 023007, 023004, 023005]
8734	23	023006	023005	59	14.0	4.0	0,885	true	[023006, 023000, 023003, 023004, 023001, 023002, 023005]
8735	23	023006	023005	60	20.0	3.0	0,894	true	[023006, 023000, 023003, 023004, 023001, 023005]
8736	23	023006	023005	61	6.0	3.0	0,858	true	[023006, 023000, 023003, 023004, 023002, 023001, 023005]
8737	23	023006	023005	62	6.0	4.0	0,849	true	[023006, 023000, 023003, 023004, 023002, 023005]
8738	23	023006	023005	63	21.0	4.0	0,903	true	[023006, 023000, 023003, 023004, 023005]
8739	23	023006	023005	64	12.0	3.0	0,841	true	[023006, 023000, 023003, 023004, 023007, 023002, 023001, 023005]
8740	23	023006	023005	65	12.0	3.0	0,832	true	[023006, 023000, 023003, 023004, 023007, 023002, 023005]
8741	23	023006	023005	66	12.0	3.0	0,850	true	[023006, 023000, 023003, 023004, 023007, 023008, 023002, 023001, 023005]
8742	23	023006	023005	67	12.0	3.0	0,841	true	[023006, 023000, 023003, 023004, 023007, 023008, 023002, 023005]
8743	23	023006	023005	68	14.0	3.0	0,841	true	[023006, 023000, 023003, 023004, 023008, 023002, 023001, 023005]
8744	23	023006	023005	69	16.0	4.0	0,832	true	[023006, 023000, 023003, 023004, 023008, 023002, 023005]
8745	23	023006	023005	70	14.0	3.0	0,815	true	[023006, 023000, 023003, 023004, 023008, 023007, 023002, 023001, 023005]
8746	23	023006	023005	71	16.0	3.0	0,807	true	[023006, 023000, 023003, 023004, 023008, 023007, 023002, 023005]
8747	23	023006	023005	72	13.0	4.0	0,894	true	[023006, 023000, 023003, 023008, 023002, 023001, 023004, 023005]
8748	23	023006	023005	73	13.0	3.0	0,903	true	[023006, 023000, 023003, 023008, 023002, 023001, 023005]
8749	23	023006	023005	74	6.0	3.0	0,850	true	[023006, 023000, 023003, 023008, 023002, 023004, 023001, 023005]
8750	23	023006	023005	75	6.0	4.0	0,858	true	[023006, 023000, 023003, 023008, 023002, 023004, 023005]
8751	23	023006	023005	76	13.0	4.0	0,894	true	[023006, 023000, 023003, 023008, 023002, 023005]
8752	23	023006	023005	77	12.0	3.0	0,833	true	[023006, 023000, 023003, 023008, 023002, 023007, 023004, 023001, 023005]
8753	23	023006	023005	78	12.0	3.0	0,841	true	[023006, 023000, 023003, 023008, 023002, 023007, 023004, 023005]
8754	23	023006	023005	79	13.0	4.0	0,858	true	[023006, 023000, 023003, 023008, 023004, 023001, 023002, 023005]
8755	23	023006	023005	80	13.0	3.0	0,867	true	[023006, 023000, 023003, 023008, 023004, 023001, 023005]
8756	23	023006	023005	81	6.0	3.0	0,832	true	[023006, 023000, 023003, 023008, 023004, 023002, 023001, 023005]
8757	23	023006	023005	82	6.0	4.0	0,823	true	[023006, 023000, 023003, 023008, 023004, 023002, 023005]
8758	23	023006	023005	83	13.0	4.0	0,876	true	[023006, 023000, 023003, 023008, 023004, 023005]
8759	23	023006	023005	84	12.0	3.0	0,815	true	[023006, 023000, 023003, 023008, 023004, 023007, 023002, 023001, 023005]
8760	23	023006	023005	85	12.0	3.0	0,807	true	[023006, 023000, 023003, 023008, 023004, 023007, 023002, 023005]
8761	23	023006	023005	86	13.0	3.0	0,867	true	[023006, 023000, 023003, 023008, 023007, 023002, 023001, 023004, 023005]
8762	23	023006	023005	87	13.0	3.0	0,876	true	[023006, 023000, 023003, 023008, 023007, 023002, 023001, 023005]
8763	23	023006	023005	88	6.0	3.0	0,824	true	[023006, 023000, 023003, 023008, 023007, 023002, 023004, 023001, 023005]
8764	23	023006	023005	89	6.0	3.0	0,832	true	[023006, 023000, 023003, 023008, 023007, 023002, 023004, 023005]
8765	23	023006	023005	90	13.0	3.0	0,867	true	[023006, 023000, 023003, 023008, 023007, 023002, 023005]
8766	23	023006	023005	91	12.0	3.0	0,867	true	[023006, 023000, 023003, 023008, 023007, 023004, 023001, 023002, 023005]
8767	23	023006	023005	92	12.0	3.0	0,876	true	[023006, 023000, 023003, 023008, 023007, 023004, 023001, 023005]
8768	23	023006	023005	93	6.0	3.0	0,841	true	[023006, 023000, 023003, 023008, 023007, 023004, 023002, 023001, 023005]
8769	23	023006	023005	94	6.0	3.0	0,832	true	[023006, 023000, 023003, 023008, 023007, 023004, 023002, 023005]
8770	23	023006	023005	95	12.0	3.0	0,885	true	[023006, 023000, 023003, 023008, 023007, 023004, 023005]
8771	23	023006	023005	96	14.0	4.0	0,912	true	[023006, 023000, 023004, 023001, 023002, 023005]
8772	23	023006	023005	97	20.0	3.0	0,922	true	[023006, 023000, 023004, 023001, 023005]
8773	23	023006	023005	98	6.0	3.0	0,885	true	[023006, 023000, 023004, 023002, 023001, 023005]
8774	23	023006	023005	99	6.0	4.0	0,876	true	[023006, 023000, 023004, 023002, 023005]
8775	23	023006	023005	100	14.0	3.0	0,876	true	[023006, 023000, 023004, 023003, 023002, 023001, 023005]
8776	23	023006	023005	101	16.0	5.0	0,867	true	[023006, 023000, 023004, 023003, 023002, 023005]
8777	23	023006	023005	102	24.0	5.0	0,931	true	[023006, 023000, 023004, 023005]
8778	23	023006	023005	103	20.0	4.0	0,941	true	[023006, 023000, 023005]
8779	-1	000006	001002	0	100.0	38.0	0,995	true	[000006, 001002]
8780	-1	000003	005005	0	110.0	28.0	0,998	true	[000003, 005005]
8781	-1	001001	002002	0	145.0	29.0	0,998	true	[001001, 002002]
8782	-1	001003	005006	0	130.0	47.0	0,998	true	[001003, 005006]
8783	-1	002006	003000	0	140.0	35.0	0,996	true	[002006, 003000]
8784	-1	002000	004003	0	150.0	48.0	0,997	true	[002000, 004003]
8785	-1	002005	006004	0	100.0	31.0	0,995	true	[002005, 006004]
8786	-1	003007	004007	0	135.0	50.0	0,998	true	[003007, 004007]
8787	-1	003001	006007	0	105.0	34.0	0,995	true	[003001, 006007]
8788	-1	004006	007000	0	110.0	37.0	0,999	true	[004006, 007000]
8789	-1	005003	006003	0	105.0	30.0	0,996	true	[005003, 006003]
8790	-1	005002	008006	0	105.0	31.0	0,998	true	[005002, 008006]
8791	-1	005000	010008	0	100.0	21.0	0,995	true	[005000, 010008]
8792	-1	006006	007006	0	145.0	46.0	0,996	true	[006006, 007006]
8793	-1	006008	008000	0	120.0	30.0	0,999	true	[006008, 008000]
8794	-1	007004	009008	0	140.0	47.0	0,999	true	[007004, 009008]
8795	-1	008008	009007	0	135.0	41.0	0,999	true	[008008, 009007]
8796	-1	008004	010000	0	130.0	49.0	0,999	true	[008004, 010000]
8797	-1	008005	011005	0	100.0	27.0	0,997	true	[008005, 011005]
8798	-1	009004	012002	0	120.0	34.0	0,995	true	[009004, 012002]
8799	-1	010002	011008	0	145.0	28.0	0,996	true	[010002, 011008]
8800	-1	010005	014006	0	100.0	44.0	0,998	true	[010005, 014006]
8801	-1	011002	012004	0	120.0	21.0	0,999	true	[011002, 012004]
8802	-1	011007	015004	0	140.0	30.0	0,996	true	[011007, 015004]
8803	-1	012008	013004	0	130.0	24.0	0,998	true	[012008, 013004]
8804	-1	012000	016005	0	135.0	21.0	0,998	true	[012000, 016005]
8805	-1	013007	017008	0	145.0	34.0	0,998	true	[013007, 017008]
8806	-1	014002	015008	0	115.0	34.0	0,999	true	[014002, 015008]
8807	-1	014004	018005	0	130.0	28.0	0,996	true	[014004, 018005]
8808	-1	014000	019007	0	150.0	44.0	0,999	true	[014000, 019007]
8809	-1	015002	016004	0	120.0	35.0	0,999	true	[015002, 016004]
8810	-1	015000	020005	0	150.0	24.0	0,997	true	[015000, 020005]
8811	-1	015003	021000	0	125.0	29.0	0,998	true	[015003, 021000]
8812	-1	016002	017007	0	105.0	48.0	0,996	true	[016002, 017007]
8813	-1	016008	021008	0	145.0	43.0	0,997	true	[016008, 021008]
8814	-1	016000	022003	0	125.0	34.0	0,999	true	[016000, 022003]
8815	-1	017000	023006	0	140.0	25.0	0,999	true	[017000, 023006]
8816	-1	018006	019001	0	100.0	50.0	0,998	true	[018006, 019001]
8817	-1	019005	020001	0	135.0	48.0	0,997	true	[019005, 020001]
8818	-1	020003	021005	0	120.0	33.0	0,998	true	[020003, 021005]
8819	-1	021007	022000	0	110.0	47.0	0,996	true	[021007, 022000]
8820	-1	022006	023005	0	145.0	35.0	0,998	true	[022006, 023005]
