TransactionId	ASId	Ingress	Egress	PathletId	Bandwidth	Delay	Reliability	Status	Full Path
8821	0	000003	000001	0	17.0	3.0	0,841	true	[000003, 000005, 000000, 000002, 000006, 000001]
8822	0	000003	000001	1	7.0	3.0	0,767	true	[000003, 000005, 000000, 000002, 000006, 000004, 000008, 000009, 000001]
8823	0	000003	000001	2	17.0	3.0	0,791	true	[000003, 000005, 000000, 000002, 000006, 000004, 000009, 000001]
8824	0	000003	000001	3	14.0	3.0	0,849	true	[000003, 000005, 000000, 000002, 000006, 000007, 000001]
8825	0	000003	000001	4	7.0	3.0	0,876	true	[000003, 000005, 000000, 000002, 000007, 000001]
8826	0	000003	000001	5	7.0	3.0	0,850	true	[000003, 000005, 000000, 000002, 000007, 000006, 000001]
8827	0	000003	000001	6	7.0	3.0	0,775	true	[000003, 000005, 000000, 000002, 000007, 000006, 000004, 000008, 000009, 000001]
8828	0	000003	000001	7	7.0	3.0	0,799	true	[000003, 000005, 000000, 000002, 000007, 000006, 000004, 000009, 000001]
8829	0	000003	000001	8	5.0	3.0	0,894	true	[000003, 000005, 000000, 000004, 000006, 000001]
8830	0	000003	000001	9	5.0	3.0	0,858	true	[000003, 000005, 000000, 000004, 000006, 000002, 000007, 000001]
8831	0	000003	000001	10	5.0	3.0	0,903	true	[000003, 000005, 000000, 000004, 000006, 000007, 000001]
8832	0	000003	000001	11	5.0	3.0	0,832	true	[000003, 000005, 000000, 000004, 000008, 000009, 000001]
8833	0	000003	000001	12	5.0	3.0	0,858	true	[000003, 000005, 000000, 000004, 000009, 000001]
8834	0	000003	000001	13	6.0	3.0	0,912	true	[000003, 000005, 000000, 000006, 000001]
8835	0	000003	000001	14	6.0	3.0	0,876	true	[000003, 000005, 000000, 000006, 000002, 000007, 000001]
8836	0	000003	000001	15	6.0	3.0	0,832	true	[000003, 000005, 000000, 000006, 000004, 000008, 000009, 000001]
8837	0	000003	000001	16	6.0	3.0	0,858	true	[000003, 000005, 000000, 000006, 000004, 000009, 000001]
8838	0	000003	000001	17	6.0	3.0	0,922	true	[000003, 000005, 000000, 000006, 000007, 000001]
8839	0	000003	000001	18	17.0	3.0	0,903	true	[000003, 000005, 000000, 000007, 000001]
8840	0	000003	000001	19	7.0	3.0	0,832	true	[000003, 000005, 000000, 000007, 000002, 000006, 000001]
8841	0	000003	000001	20	7.0	3.0	0,759	true	[000003, 000005, 000000, 000007, 000002, 000006, 000004, 000008, 000009, 000001]
8842	0	000003	000001	21	7.0	3.0	0,783	true	[000003, 000005, 000000, 000007, 000002, 000006, 000004, 000009, 000001]
8843	0	000003	000001	22	14.0	3.0	0,876	true	[000003, 000005, 000000, 000007, 000006, 000001]
8844	0	000003	000001	23	7.0	3.0	0,799	true	[000003, 000005, 000000, 000007, 000006, 000004, 000008, 000009, 000001]
8845	0	000003	000001	24	14.0	3.0	0,824	true	[000003, 000005, 000000, 000007, 000006, 000004, 000009, 000001]
8846	0	000003	000001	25	7.0	3.0	0,876	true	[000003, 000005, 000000, 000009, 000001]
8847	0	000003	000001	26	7.0	3.0	0,841	true	[000003, 000005, 000000, 000009, 000004, 000006, 000001]
8848	0	000003	000001	27	7.0	3.0	0,807	true	[000003, 000005, 000000, 000009, 000004, 000006, 000002, 000007, 000001]
8849	0	000003	000001	28	7.0	3.0	0,850	true	[000003, 000005, 000000, 000009, 000004, 000006, 000007, 000001]
8850	0	000003	000001	29	7.0	3.0	0,816	true	[000003, 000005, 000000, 000009, 000008, 000004, 000006, 000001]
8851	0	000003	000001	30	7.0	3.0	0,783	true	[000003, 000005, 000000, 000009, 000008, 000004, 000006, 000002, 000007, 000001]
8852	0	000003	000001	31	7.0	3.0	0,824	true	[000003, 000005, 000000, 000009, 000008, 000004, 000006, 000007, 000001]
8853	0	000003	000001	32	40.0	3.0	0,931	true	[000003, 000005, 000001]
8854	0	000003	000001	33	5.0	5.0	0,850	true	[000003, 000005, 000002, 000000, 000004, 000006, 000001]
8855	0	000003	000001	34	5.0	3.0	0,858	true	[000003, 000005, 000002, 000000, 000004, 000006, 000007, 000001]
8856	0	000003	000001	35	5.0	4.0	0,791	true	[000003, 000005, 000002, 000000, 000004, 000008, 000009, 000001]
8857	0	000003	000001	36	5.0	4.0	0,815	true	[000003, 000005, 000002, 000000, 000004, 000009, 000001]
8858	0	000003	000001	37	6.0	4.0	0,867	true	[000003, 000005, 000002, 000000, 000006, 000001]
8859	0	000003	000001	38	6.0	4.0	0,791	true	[000003, 000005, 000002, 000000, 000006, 000004, 000008, 000009, 000001]
8860	0	000003	000001	39	6.0	4.0	0,815	true	[000003, 000005, 000002, 000000, 000006, 000004, 000009, 000001]
8861	0	000003	000001	40	6.0	3.0	0,876	true	[000003, 000005, 000002, 000000, 000006, 000007, 000001]
8862	0	000003	000001	41	12.0	3.0	0,858	true	[000003, 000005, 000002, 000000, 000007, 000001]
8863	0	000003	000001	42	12.0	5.0	0,832	true	[000003, 000005, 000002, 000000, 000007, 000006, 000001]
8864	0	000003	000001	43	7.0	4.0	0,759	true	[000003, 000005, 000002, 000000, 000007, 000006, 000004, 000008, 000009, 000001]
8865	0	000003	000001	44	12.0	4.0	0,783	true	[000003, 000005, 000002, 000000, 000007, 000006, 000004, 000009, 000001]
8866	0	000003	000001	45	7.0	4.0	0,832	true	[000003, 000005, 000002, 000000, 000009, 000001]
8867	0	000003	000001	46	7.0	4.0	0,799	true	[000003, 000005, 000002, 000000, 000009, 000004, 000006, 000001]
8868	0	000003	000001	47	7.0	3.0	0,807	true	[000003, 000005, 000002, 000000, 000009, 000004, 000006, 000007, 000001]
8869	0	000003	000001	48	7.0	4.0	0,775	true	[000003, 000005, 000002, 000000, 000009, 000008, 000004, 000006, 000001]
8870	0	000003	000001	49	7.0	3.0	0,783	true	[000003, 000005, 000002, 000000, 000009, 000008, 000004, 000006, 000007, 000001]
8871	0	000003	000001	50	5.0	4.0	0,791	true	[000003, 000005, 000002, 000006, 000000, 000004, 000008, 000009, 000001]
8872	0	000003	000001	51	5.0	4.0	0,816	true	[000003, 000005, 000002, 000006, 000000, 000004, 000009, 000001]
8873	0	000003	000001	52	6.0	3.0	0,858	true	[000003, 000005, 000002, 000006, 000000, 000007, 000001]
8874	0	000003	000001	53	6.0	4.0	0,832	true	[000003, 000005, 000002, 000006, 000000, 000009, 000001]
8875	0	000003	000001	54	12.0	5.0	0,885	true	[000003, 000005, 000002, 000006, 000001]
8876	0	000003	000001	55	5.0	3.0	0,841	true	[000003, 000005, 000002, 000006, 000004, 000000, 000007, 000001]
8877	0	000003	000001	56	5.0	4.0	0,816	true	[000003, 000005, 000002, 000006, 000004, 000000, 000009, 000001]
8878	0	000003	000001	57	7.0	3.0	0,767	true	[000003, 000005, 000002, 000006, 000004, 000008, 000009, 000000, 000007, 000001]
8879	0	000003	000001	58	7.0	4.0	0,807	true	[000003, 000005, 000002, 000006, 000004, 000008, 000009, 000001]
8880	0	000003	000001	59	7.0	3.0	0,791	true	[000003, 000005, 000002, 000006, 000004, 000009, 000000, 000007, 000001]
8881	0	000003	000001	60	12.0	4.0	0,832	true	[000003, 000005, 000002, 000006, 000004, 000009, 000001]
8882	0	000003	000001	61	5.0	4.0	0,759	true	[000003, 000005, 000002, 000006, 000007, 000000, 000004, 000008, 000009, 000001]
8883	0	000003	000001	62	5.0	4.0	0,783	true	[000003, 000005, 000002, 000006, 000007, 000000, 000004, 000009, 000001]
8884	0	000003	000001	63	7.0	4.0	0,799	true	[000003, 000005, 000002, 000006, 000007, 000000, 000009, 000001]
8885	0	000003	000001	64	12.0	3.0	0,894	true	[000003, 000005, 000002, 000006, 000007, 000001]
8886	0	000003	000001	65	5.0	5.0	0,841	true	[000003, 000005, 000002, 000007, 000000, 000004, 000006, 000001]
8887	0	000003	000001	66	5.0	4.0	0,783	true	[000003, 000005, 000002, 000007, 000000, 000004, 000008, 000009, 000001]
8888	0	000003	000001	67	5.0	4.0	0,807	true	[000003, 000005, 000002, 000007, 000000, 000004, 000009, 000001]
8889	0	000003	000001	68	6.0	4.0	0,858	true	[000003, 000005, 000002, 000007, 000000, 000006, 000001]
8890	0	000003	000001	69	6.0	4.0	0,783	true	[000003, 000005, 000002, 000007, 000000, 000006, 000004, 000008, 000009, 000001]
8891	0	000003	000001	70	6.0	4.0	0,808	true	[000003, 000005, 000002, 000007, 000000, 000006, 000004, 000009, 000001]
8892	0	000003	000001	71	7.0	4.0	0,824	true	[000003, 000005, 000002, 000007, 000000, 000009, 000001]
8893	0	000003	000001	72	7.0	4.0	0,791	true	[000003, 000005, 000002, 000007, 000000, 000009, 000004, 000006, 000001]
8894	0	000003	000001	73	7.0	4.0	0,767	true	[000003, 000005, 000002, 000007, 000000, 000009, 000008, 000004, 000006, 000001]
8895	0	000003	000001	74	7.0	3.0	0,922	true	[000003, 000005, 000002, 000007, 000001]
8896	0	000003	000001	75	5.0	4.0	0,799	true	[000003, 000005, 000002, 000007, 000006, 000000, 000004, 000008, 000009, 000001]
8897	0	000003	000001	76	5.0	4.0	0,824	true	[000003, 000005, 000002, 000007, 000006, 000000, 000004, 000009, 000001]
8898	0	000003	000001	77	6.0	4.0	0,841	true	[000003, 000005, 000002, 000007, 000006, 000000, 000009, 000001]
8899	0	000003	000001	78	7.0	5.0	0,894	true	[000003, 000005, 000002, 000007, 000006, 000001]
8900	0	000003	000001	79	5.0	4.0	0,824	true	[000003, 000005, 000002, 000007, 000006, 000004, 000000, 000009, 000001]
8901	0	000003	000001	80	7.0	4.0	0,816	true	[000003, 000005, 000002, 000007, 000006, 000004, 000008, 000009, 000001]
8902	0	000003	000001	81	7.0	4.0	0,841	true	[000003, 000005, 000002, 000007, 000006, 000004, 000009, 000001]
8903	0	000003	000001	82	5.0	5.0	0,799	true	[000003, 000005, 000004, 000000, 000002, 000006, 000001]
8904	0	000003	000001	83	5.0	3.0	0,807	true	[000003, 000005, 000004, 000000, 000002, 000006, 000007, 000001]
8905	0	000003	000001	84	5.0	3.0	0,832	true	[000003, 000005, 000004, 000000, 000002, 000007, 000001]
8906	0	000003	000001	85	5.0	5.0	0,807	true	[000003, 000005, 000004, 000000, 000002, 000007, 000006, 000001]
8907	0	000003	000001	86	5.0	4.0	0,867	true	[000003, 000005, 000004, 000000, 000006, 000001]
8908	0	000003	000001	87	5.0	3.0	0,832	true	[000003, 000005, 000004, 000000, 000006, 000002, 000007, 000001]
8909	0	000003	000001	88	5.0	3.0	0,876	true	[000003, 000005, 000004, 000000, 000006, 000007, 000001]
8910	0	000003	000001	89	5.0	3.0	0,858	true	[000003, 000005, 000004, 000000, 000007, 000001]
8911	0	000003	000001	90	5.0	5.0	0,791	true	[000003, 000005, 000004, 000000, 000007, 000002, 000006, 000001]
8912	0	000003	000001	91	5.0	5.0	0,832	true	[000003, 000005, 000004, 000000, 000007, 000006, 000001]
8913	0	000003	000001	92	5.0	4.0	0,832	true	[000003, 000005, 000004, 000000, 000009, 000001]
8914	0	000003	000001	93	6.0	3.0	0,832	true	[000003, 000005, 000004, 000006, 000000, 000002, 000007, 000001]
8915	0	000003	000001	94	6.0	3.0	0,858	true	[000003, 000005, 000004, 000006, 000000, 000007, 000001]
8916	0	000003	000001	95	6.0	4.0	0,832	true	[000003, 000005, 000004, 000006, 000000, 000009, 000001]
8917	0	000003	000001	96	10.0	5.0	0,885	true	[000003, 000005, 000004, 000006, 000001]
8918	0	000003	000001	97	10.0	3.0	0,790	true	[000003, 000005, 000004, 000006, 000002, 000000, 000007, 000001]
8919	0	000003	000001	98	7.0	4.0	0,767	true	[000003, 000005, 000004, 000006, 000002, 000000, 000009, 000001]
8920	0	000003	000001	99	7.0	4.0	0,759	true	[000003, 000005, 000004, 000006, 000002, 000007, 000000, 000009, 000001]
8921	0	000003	000001	100	7.0	3.0	0,849	true	[000003, 000005, 000004, 000006, 000002, 000007, 000001]
8922	1	001003	001007	0	10.0	5.0	0,791	true	[001003, 001001, 001000, 001002, 001004, 001005, 001006, 001007]
8923	1	001003	001007	1	10.0	5.0	0,751	true	[001003, 001001, 001000, 001002, 001004, 001005, 001006, 001008, 001009, 001007]
8924	1	001003	001007	2	10.0	5.0	0,759	true	[001003, 001001, 001000, 001002, 001004, 001005, 001006, 001009, 001007]
8925	1	001003	001007	3	10.0	4.0	0,807	true	[001003, 001001, 001000, 001002, 001004, 001005, 001007]
8926	1	001003	001007	4	10.0	5.0	0,791	true	[001003, 001001, 001000, 001002, 001004, 001005, 001008, 001006, 001007]
8927	1	001003	001007	5	10.0	5.0	0,760	true	[001003, 001001, 001000, 001002, 001004, 001005, 001008, 001006, 001009, 001007]
8928	1	001003	001007	6	10.0	5.0	0,783	true	[001003, 001001, 001000, 001002, 001004, 001005, 001008, 001009, 001006, 001007]
8929	1	001003	001007	7	10.0	5.0	0,783	true	[001003, 001001, 001000, 001002, 001004, 001005, 001008, 001009, 001007]
8930	1	001003	001007	8	8.0	4.0	0,790	true	[001003, 001001, 001000, 001002, 001004, 001006, 001005, 001007]
8931	1	001003	001007	9	8.0	5.0	0,767	true	[001003, 001001, 001000, 001002, 001004, 001006, 001005, 001008, 001009, 001007]
8932	1	001003	001007	10	8.0	5.0	0,858	true	[001003, 001001, 001000, 001002, 001004, 001006, 001007]
8933	1	001003	001007	11	8.0	4.0	0,791	true	[001003, 001001, 001000, 001002, 001004, 001006, 001008, 001005, 001007]
8934	1	001003	001007	12	8.0	5.0	0,816	true	[001003, 001001, 001000, 001002, 001004, 001006, 001008, 001009, 001007]
8935	1	001003	001007	13	8.0	5.0	0,824	true	[001003, 001001, 001000, 001002, 001004, 001006, 001009, 001007]
8936	1	001003	001007	14	8.0	4.0	0,783	true	[001003, 001001, 001000, 001002, 001004, 001006, 001009, 001008, 001005, 001007]
8937	1	001003	001007	15	10.0	4.0	0,849	true	[001003, 001001, 001000, 001002, 001004, 001007]
8938	1	001003	001007	16	8.0	4.0	0,832	true	[001003, 001001, 001000, 001002, 001005, 001004, 001006, 001007]
8939	1	001003	001007	17	8.0	4.0	0,791	true	[001003, 001001, 001000, 001002, 001005, 001004, 001006, 001008, 001009, 001007]
8940	1	001003	001007	18	8.0	4.0	0,799	true	[001003, 001001, 001000, 001002, 001005, 001004, 001006, 001009, 001007]
8941	1	001003	001007	19	11.0	4.0	0,824	true	[001003, 001001, 001000, 001002, 001005, 001004, 001007]
8942	1	001003	001007	20	8.0	4.0	0,807	true	[001003, 001001, 001000, 001002, 001005, 001006, 001004, 001007]
8943	1	001003	001007	21	10.0	4.0	0,832	true	[001003, 001001, 001000, 001002, 001005, 001006, 001007]
8944	1	001003	001007	22	10.0	4.0	0,791	true	[001003, 001001, 001000, 001002, 001005, 001006, 001008, 001009, 001007]
8945	1	001003	001007	23	10.0	4.0	0,799	true	[001003, 001001, 001000, 001002, 001005, 001006, 001009, 001007]
8946	1	001003	001007	24	11.0	4.0	0,849	true	[001003, 001001, 001000, 001002, 001005, 001007]
8947	1	001003	001007	25	8.0	4.0	0,807	true	[001003, 001001, 001000, 001002, 001005, 001008, 001006, 001004, 001007]
8948	1	001003	001007	26	11.0	4.0	0,833	true	[001003, 001001, 001000, 001002, 001005, 001008, 001006, 001007]
8949	1	001003	001007	27	11.0	4.0	0,799	true	[001003, 001001, 001000, 001002, 001005, 001008, 001006, 001009, 001007]
8950	1	001003	001007	28	8.0	4.0	0,799	true	[001003, 001001, 001000, 001002, 001005, 001008, 001009, 001006, 001004, 001007]
8951	1	001003	001007	29	11.0	4.0	0,824	true	[001003, 001001, 001000, 001002, 001005, 001008, 001009, 001006, 001007]
8952	1	001003	001007	30	11.0	4.0	0,824	true	[001003, 001001, 001000, 001002, 001005, 001008, 001009, 001007]
8953	1	001003	001007	31	33.0	5.0	0,912	true	[001003, 001001, 001000, 001002, 001007]
8954	1	001003	001007	32	8.0	4.0	0,799	true	[001003, 001001, 001000, 001002, 001009, 001006, 001004, 001005, 001007]
8955	1	001003	001007	33	8.0	4.0	0,841	true	[001003, 001001, 001000, 001002, 001009, 001006, 001004, 001007]
8956	1	001003	001007	34	10.0	4.0	0,775	true	[001003, 001001, 001000, 001002, 001009, 001006, 001005, 001004, 001007]
8957	1	001003	001007	35	10.0	4.0	0,799	true	[001003, 001001, 001000, 001002, 001009, 001006, 001005, 001007]
8958	1	001003	001007	36	28.0	4.0	0,867	true	[001003, 001001, 001000, 001002, 001009, 001006, 001007]
8959	1	001003	001007	37	19.0	4.0	0,775	true	[001003, 001001, 001000, 001002, 001009, 001006, 001008, 001005, 001004, 001007]
8960	1	001003	001007	38	19.0	4.0	0,799	true	[001003, 001001, 001000, 001002, 001009, 001006, 001008, 001005, 001007]
8961	1	001003	001007	39	30.0	4.0	0,867	true	[001003, 001001, 001000, 001002, 001009, 001007]
8962	1	001003	001007	40	8.0	4.0	0,808	true	[001003, 001001, 001000, 001002, 001009, 001008, 001005, 001004, 001006, 001007]
8963	1	001003	001007	41	30.0	4.0	0,799	true	[001003, 001001, 001000, 001002, 001009, 001008, 001005, 001004, 001007]
8964	1	001003	001007	42	8.0	4.0	0,783	true	[001003, 001001, 001000, 001002, 001009, 001008, 001005, 001006, 001004, 001007]
8965	1	001003	001007	43	10.0	4.0	0,807	true	[001003, 001001, 001000, 001002, 001009, 001008, 001005, 001006, 001007]
8966	1	001003	001007	44	30.0	4.0	0,824	true	[001003, 001001, 001000, 001002, 001009, 001008, 001005, 001007]
8967	1	001003	001007	45	8.0	4.0	0,791	true	[001003, 001001, 001000, 001002, 001009, 001008, 001006, 001004, 001005, 001007]
8968	1	001003	001007	46	8.0	4.0	0,833	true	[001003, 001001, 001000, 001002, 001009, 001008, 001006, 001004, 001007]
8969	1	001003	001007	47	10.0	4.0	0,767	true	[001003, 001001, 001000, 001002, 001009, 001008, 001006, 001005, 001004, 001007]
8970	1	001003	001007	48	10.0	4.0	0,791	true	[001003, 001001, 001000, 001002, 001009, 001008, 001006, 001005, 001007]
8971	1	001003	001007	49	19.0	4.0	0,858	true	[001003, 001001, 001000, 001002, 001009, 001008, 001006, 001007]
8972	1	001003	001007	50	10.0	4.0	0,841	true	[001003, 001001, 001000, 001004, 001002, 001005, 001006, 001007]
8973	1	001003	001007	51	10.0	4.0	0,799	true	[001003, 001001, 001000, 001004, 001002, 001005, 001006, 001008, 001009, 001007]
8974	1	001003	001007	52	10.0	4.0	0,807	true	[001003, 001001, 001000, 001004, 001002, 001005, 001006, 001009, 001007]
8975	1	001003	001007	53	10.0	4.0	0,858	true	[001003, 001001, 001000, 001004, 001002, 001005, 001007]
8976	1	001003	001007	54	10.0	4.0	0,841	true	[001003, 001001, 001000, 001004, 001002, 001005, 001008, 001006, 001007]
8977	1	001003	001007	55	10.0	4.0	0,808	true	[001003, 001001, 001000, 001004, 001002, 001005, 001008, 001006, 001009, 001007]
8978	1	001003	001007	56	10.0	4.0	0,833	true	[001003, 001001, 001000, 001004, 001002, 001005, 001008, 001009, 001006, 001007]
8979	1	001003	001007	57	10.0	4.0	0,833	true	[001003, 001001, 001000, 001004, 001002, 001005, 001008, 001009, 001007]
8980	1	001003	001007	58	10.0	5.0	0,922	true	[001003, 001001, 001000, 001004, 001002, 001007]
8981	1	001003	001007	59	10.0	4.0	0,807	true	[001003, 001001, 001000, 001004, 001002, 001009, 001006, 001005, 001007]
8982	1	001003	001007	60	10.0	4.0	0,876	true	[001003, 001001, 001000, 001004, 001002, 001009, 001006, 001007]
8983	1	001003	001007	61	10.0	4.0	0,807	true	[001003, 001001, 001000, 001004, 001002, 001009, 001006, 001008, 001005, 001007]
8984	1	001003	001007	62	10.0	4.0	0,876	true	[001003, 001001, 001000, 001004, 001002, 001009, 001007]
8985	1	001003	001007	63	10.0	4.0	0,816	true	[001003, 001001, 001000, 001004, 001002, 001009, 001008, 001005, 001006, 001007]
8986	1	001003	001007	64	10.0	4.0	0,832	true	[001003, 001001, 001000, 001004, 001002, 001009, 001008, 001005, 001007]
8987	1	001003	001007	65	10.0	4.0	0,799	true	[001003, 001001, 001000, 001004, 001002, 001009, 001008, 001006, 001005, 001007]
8988	1	001003	001007	66	10.0	4.0	0,867	true	[001003, 001001, 001000, 001004, 001002, 001009, 001008, 001006, 001007]
8989	1	001003	001007	67	11.0	4.0	0,894	true	[001003, 001001, 001000, 001004, 001005, 001002, 001007]
8990	1	001003	001007	68	11.0	4.0	0,850	true	[001003, 001001, 001000, 001004, 001005, 001002, 001009, 001006, 001007]
8991	1	001003	001007	69	11.0	4.0	0,849	true	[001003, 001001, 001000, 001004, 001005, 001002, 001009, 001007]
8992	1	001003	001007	70	11.0	4.0	0,841	true	[001003, 001001, 001000, 001004, 001005, 001002, 001009, 001008, 001006, 001007]
8993	1	001003	001007	71	10.0	5.0	0,849	true	[001003, 001001, 001000, 001004, 001005, 001006, 001007]
8994	1	001003	001007	72	10.0	4.0	0,832	true	[001003, 001001, 001000, 001004, 001005, 001006, 001008, 001009, 001002, 001007]
8995	1	001003	001007	73	10.0	5.0	0,807	true	[001003, 001001, 001000, 001004, 001005, 001006, 001008, 001009, 001007]
8996	1	001003	001007	74	10.0	4.0	0,841	true	[001003, 001001, 001000, 001004, 001005, 001006, 001009, 001002, 001007]
8997	1	001003	001007	75	10.0	5.0	0,815	true	[001003, 001001, 001000, 001004, 001005, 001006, 001009, 001007]
8998	1	001003	001007	76	33.0	4.0	0,866	true	[001003, 001001, 001000, 001004, 001005, 001007]
8999	1	001003	001007	77	19.0	6.0	0,850	true	[001003, 001001, 001000, 001004, 001005, 001008, 001006, 001007]
9000	1	001003	001007	78	19.0	4.0	0,841	true	[001003, 001001, 001000, 001004, 001005, 001008, 001006, 001009, 001002, 001007]
9001	1	001003	001007	79	19.0	6.0	0,816	true	[001003, 001001, 001000, 001004, 001005, 001008, 001006, 001009, 001007]
9002	1	001003	001007	80	30.0	4.0	0,867	true	[001003, 001001, 001000, 001004, 001005, 001008, 001009, 001002, 001007]
9003	1	001003	001007	81	28.0	5.0	0,841	true	[001003, 001001, 001000, 001004, 001005, 001008, 001009, 001006, 001007]
9004	1	001003	001007	82	30.0	5.0	0,841	true	[001003, 001001, 001000, 001004, 001005, 001008, 001009, 001007]
9005	1	001003	001007	83	8.0	4.0	0,876	true	[001003, 001001, 001000, 001004, 001006, 001005, 001002, 001007]
9006	1	001003	001007	84	8.0	4.0	0,832	true	[001003, 001001, 001000, 001004, 001006, 001005, 001002, 001009, 001007]
9007	1	001003	001007	85	8.0	4.0	0,849	true	[001003, 001001, 001000, 001004, 001006, 001005, 001007]
9008	1	001003	001007	86	8.0	4.0	0,849	true	[001003, 001001, 001000, 001004, 001006, 001005, 001008, 001009, 001002, 001007]
9009	1	001003	001007	87	8.0	5.0	0,824	true	[001003, 001001, 001000, 001004, 001006, 001005, 001008, 001009, 001007]
9010	1	001003	001007	88	8.0	6.0	0,922	true	[001003, 001001, 001000, 001004, 001006, 001007]
9011	1	001003	001007	89	8.0	4.0	0,876	true	[001003, 001001, 001000, 001004, 001006, 001008, 001005, 001002, 001007]
9012	1	001003	001007	90	8.0	4.0	0,833	true	[001003, 001001, 001000, 001004, 001006, 001008, 001005, 001002, 001009, 001007]
9013	1	001003	001007	91	8.0	4.0	0,849	true	[001003, 001001, 001000, 001004, 001006, 001008, 001005, 001007]
9014	1	001003	001007	92	8.0	4.0	0,841	true	[001003, 001001, 001000, 001004, 001006, 001008, 001009, 001002, 001005, 001007]
9015	1	001003	001007	93	8.0	4.0	0,903	true	[001003, 001001, 001000, 001004, 001006, 001008, 001009, 001002, 001007]
9016	1	001003	001007	94	8.0	5.0	0,876	true	[001003, 001001, 001000, 001004, 001006, 001008, 001009, 001007]
9017	1	001003	001007	95	8.0	4.0	0,850	true	[001003, 001001, 001000, 001004, 001006, 001009, 001002, 001005, 001007]
9018	1	001003	001007	96	8.0	4.0	0,912	true	[001003, 001001, 001000, 001004, 001006, 001009, 001002, 001007]
9019	1	001003	001007	97	8.0	6.0	0,885	true	[001003, 001001, 001000, 001004, 001006, 001009, 001007]
9020	1	001003	001007	98	8.0	4.0	0,867	true	[001003, 001001, 001000, 001004, 001006, 001009, 001008, 001005, 001002, 001007]
9021	1	001003	001007	99	8.0	4.0	0,841	true	[001003, 001001, 001000, 001004, 001006, 001009, 001008, 001005, 001007]
9022	1	001003	001007	100	33.0	4.0	0,912	true	[001003, 001001, 001000, 001004, 001007]
9023	1	001003	001007	101	8.0	7.0	0,990	true	[001003, 001001, 001007]
9024	1	001003	001007	102	27.0	3.0	0,980	true	[001003, 001007]
9025	2	002002	002001	0	52.0	5.0	0,960	true	[002002, 002000, 002001]
9026	2	002002	002001	1	27.0	5.0	0,912	true	[002002, 002000, 002003, 002001]
9027	2	002002	002001	2	27.0	5.0	0,922	true	[002002, 002000, 002003, 002005, 002001]
9028	2	002002	002001	3	23.0	5.0	0,885	true	[002002, 002000, 002003, 002005, 002006, 002001]
9029	2	002002	002001	4	27.0	3.0	0,850	true	[002002, 002000, 002003, 002005, 002006, 002004, 002001]
9030	2	002002	002001	5	13.0	3.0	0,783	true	[002002, 002000, 002003, 002005, 002006, 002004, 002007, 002008, 002001]
9031	2	002002	002001	6	13.0	3.0	0,791	true	[002002, 002000, 002003, 002005, 002006, 002004, 002007, 002008, 002009, 002001]
9032	2	002002	002001	7	27.0	3.0	0,807	true	[002002, 002000, 002003, 002005, 002006, 002004, 002008, 002001]
9033	2	002002	002001	8	21.0	3.0	0,816	true	[002002, 002000, 002003, 002005, 002006, 002004, 002008, 002009, 002001]
9034	2	002002	002001	9	27.0	5.0	0,858	true	[002002, 002000, 002003, 002005, 002006, 002008, 002001]
9035	2	002002	002001	10	27.0	5.0	0,833	true	[002002, 002000, 002003, 002005, 002006, 002008, 002004, 002001]
9036	2	002002	002001	11	13.0	5.0	0,807	true	[002002, 002000, 002003, 002005, 002006, 002008, 002007, 002004, 002001]
9037	2	002002	002001	12	21.0	3.0	0,867	true	[002002, 002000, 002003, 002005, 002006, 002008, 002009, 002001]
9038	2	002002	002001	13	18.0	4.0	0,885	true	[002002, 002000, 002003, 002005, 002006, 002009, 002001]
9039	2	002002	002001	14	18.0	3.0	0,824	true	[002002, 002000, 002003, 002005, 002006, 002009, 002008, 002001]
9040	2	002002	002001	15	18.0	3.0	0,799	true	[002002, 002000, 002003, 002005, 002006, 002009, 002008, 002004, 002001]
9041	2	002002	002001	16	13.0	3.0	0,775	true	[002002, 002000, 002003, 002005, 002006, 002009, 002008, 002007, 002004, 002001]
9042	2	002002	002001	17	13.0	5.0	0,841	true	[002002, 002000, 002003, 002005, 002007, 002004, 002001]
9043	2	002002	002001	18	13.0	3.0	0,807	true	[002002, 002000, 002003, 002005, 002007, 002004, 002006, 002001]
9044	2	002002	002001	19	13.0	3.0	0,783	true	[002002, 002000, 002003, 002005, 002007, 002004, 002006, 002008, 002001]
9045	2	002002	002001	20	13.0	3.0	0,791	true	[002002, 002000, 002003, 002005, 002007, 002004, 002006, 002008, 002009, 002001]
9046	2	002002	002001	21	13.0	3.0	0,807	true	[002002, 002000, 002003, 002005, 002007, 002004, 002006, 002009, 002001]
9047	2	002002	002001	22	13.0	3.0	0,752	true	[002002, 002000, 002003, 002005, 002007, 002004, 002006, 002009, 002008, 002001]
9048	2	002002	002001	23	13.0	5.0	0,799	true	[002002, 002000, 002003, 002005, 002007, 002004, 002008, 002001]
9049	2	002002	002001	24	13.0	5.0	0,791	true	[002002, 002000, 002003, 002005, 002007, 002004, 002008, 002006, 002001]
9050	2	002002	002001	25	13.0	4.0	0,791	true	[002002, 002000, 002003, 002005, 002007, 002004, 002008, 002006, 002009, 002001]
9051	2	002002	002001	26	13.0	3.0	0,807	true	[002002, 002000, 002003, 002005, 002007, 002004, 002008, 002009, 002001]
9052	2	002002	002001	27	13.0	3.0	0,759	true	[002002, 002000, 002003, 002005, 002007, 002004, 002008, 002009, 002006, 002001]
9053	2	002002	002001	28	27.0	5.0	0,858	true	[002002, 002000, 002003, 002005, 002007, 002008, 002001]
9054	2	002002	002001	29	27.0	5.0	0,833	true	[002002, 002000, 002003, 002005, 002007, 002008, 002004, 002001]
9055	2	002002	002001	30	23.0	3.0	0,799	true	[002002, 002000, 002003, 002005, 002007, 002008, 002004, 002006, 002001]
9056	2	002002	002001	31	18.0	3.0	0,799	true	[002002, 002000, 002003, 002005, 002007, 002008, 002004, 002006, 002009, 002001]
9057	2	002002	002001	32	23.0	5.0	0,850	true	[002002, 002000, 002003, 002005, 002007, 002008, 002006, 002001]
9058	2	002002	002001	33	27.0	3.0	0,816	true	[002002, 002000, 002003, 002005, 002007, 002008, 002006, 002004, 002001]
9059	2	002002	002001	34	18.0	4.0	0,850	true	[002002, 002000, 002003, 002005, 002007, 002008, 002006, 002009, 002001]
9060	2	002002	002001	35	21.0	3.0	0,867	true	[002002, 002000, 002003, 002005, 002007, 002008, 002009, 002001]
9061	2	002002	002001	36	18.0	3.0	0,816	true	[002002, 002000, 002003, 002005, 002007, 002008, 002009, 002006, 002001]
9062	2	002002	002001	37	18.0	3.0	0,783	true	[002002, 002000, 002003, 002005, 002007, 002008, 002009, 002006, 002004, 002001]
9063	2	002002	002001	38	27.0	3.0	0,885	true	[002002, 002000, 002003, 002005, 002008, 002001]
9064	2	002002	002001	39	27.0	3.0	0,858	true	[002002, 002000, 002003, 002005, 002008, 002004, 002001]
9065	2	002002	002001	40	23.0	3.0	0,824	true	[002002, 002000, 002003, 002005, 002008, 002004, 002006, 002001]
9066	2	002002	002001	41	18.0	3.0	0,824	true	[002002, 002000, 002003, 002005, 002008, 002004, 002006, 002009, 002001]
9067	2	002002	002001	42	23.0	3.0	0,876	true	[002002, 002000, 002003, 002005, 002008, 002006, 002001]
9068	2	002002	002001	43	27.0	3.0	0,841	true	[002002, 002000, 002003, 002005, 002008, 002006, 002004, 002001]
9069	2	002002	002001	44	18.0	3.0	0,876	true	[002002, 002000, 002003, 002005, 002008, 002006, 002009, 002001]
9070	2	002002	002001	45	13.0	3.0	0,832	true	[002002, 002000, 002003, 002005, 002008, 002007, 002004, 002001]
9071	2	002002	002001	46	13.0	3.0	0,799	true	[002002, 002000, 002003, 002005, 002008, 002007, 002004, 002006, 002001]
9072	2	002002	002001	47	13.0	3.0	0,799	true	[002002, 002000, 002003, 002005, 002008, 002007, 002004, 002006, 002009, 002001]
9073	2	002002	002001	48	21.0	3.0	0,894	true	[002002, 002000, 002003, 002005, 002008, 002009, 002001]
9074	2	002002	002001	49	18.0	3.0	0,841	true	[002002, 002000, 002003, 002005, 002008, 002009, 002006, 002001]
9075	2	002002	002001	50	18.0	3.0	0,808	true	[002002, 002000, 002003, 002005, 002008, 002009, 002006, 002004, 002001]
9076	2	002002	002001	51	12.0	4.0	0,894	true	[002002, 002000, 002003, 002005, 002009, 002001]
9077	2	002002	002001	52	12.0	5.0	0,841	true	[002002, 002000, 002003, 002005, 002009, 002006, 002001]
9078	2	002002	002001	53	12.0	3.0	0,807	true	[002002, 002000, 002003, 002005, 002009, 002006, 002004, 002001]
9079	2	002002	002001	54	12.0	3.0	0,744	true	[002002, 002000, 002003, 002005, 002009, 002006, 002004, 002007, 002008, 002001]
9080	2	002002	002001	55	12.0	3.0	0,767	true	[002002, 002000, 002003, 002005, 002009, 002006, 002004, 002008, 002001]
9081	2	002002	002001	56	12.0	5.0	0,816	true	[002002, 002000, 002003, 002005, 002009, 002006, 002008, 002001]
9082	2	002002	002001	57	12.0	5.0	0,791	true	[002002, 002000, 002003, 002005, 002009, 002006, 002008, 002004, 002001]
9083	2	002002	002001	58	12.0	5.0	0,767	true	[002002, 002000, 002003, 002005, 002009, 002006, 002008, 002007, 002004, 002001]
9084	2	002002	002001	59	12.0	3.0	0,832	true	[002002, 002000, 002003, 002005, 002009, 002008, 002001]
9085	2	002002	002001	60	12.0	3.0	0,807	true	[002002, 002000, 002003, 002005, 002009, 002008, 002004, 002001]
9086	2	002002	002001	61	12.0	3.0	0,775	true	[002002, 002000, 002003, 002005, 002009, 002008, 002004, 002006, 002001]
9087	2	002002	002001	62	12.0	3.0	0,824	true	[002002, 002000, 002003, 002005, 002009, 002008, 002006, 002001]
9088	2	002002	002001	63	12.0	3.0	0,791	true	[002002, 002000, 002003, 002005, 002009, 002008, 002006, 002004, 002001]
9089	2	002002	002001	64	12.0	3.0	0,783	true	[002002, 002000, 002003, 002005, 002009, 002008, 002007, 002004, 002001]
9090	2	002002	002001	65	12.0	3.0	0,752	true	[002002, 002000, 002003, 002005, 002009, 002008, 002007, 002004, 002006, 002001]
9091	2	002002	002001	66	19.0	4.0	0,903	true	[002002, 002000, 002003, 002006, 002001]
9092	2	002002	002001	67	19.0	3.0	0,867	true	[002002, 002000, 002003, 002006, 002004, 002001]
9093	2	002002	002001	68	13.0	3.0	0,824	true	[002002, 002000, 002003, 002006, 002004, 002007, 002005, 002001]
9094	2	002002	002001	69	13.0	3.0	0,791	true	[002002, 002000, 002003, 002006, 002004, 002007, 002005, 002008, 002001]
9095	2	002002	002001	70	13.0	3.0	0,799	true	[002002, 002000, 002003, 002006, 002004, 002007, 002005, 002008, 002009, 002001]
9096	2	002002	002001	71	12.0	3.0	0,799	true	[002002, 002000, 002003, 002006, 002004, 002007, 002005, 002009, 002001]
9097	2	002002	002001	72	12.0	3.0	0,744	true	[002002, 002000, 002003, 002006, 002004, 002007, 002005, 002009, 002008, 002001]
9098	2	002002	002001	73	13.0	3.0	0,799	true	[002002, 002000, 002003, 002006, 002004, 002007, 002008, 002001]
9099	2	002002	002001	74	13.0	3.0	0,816	true	[002002, 002000, 002003, 002006, 002004, 002007, 002008, 002005, 002001]
9100	2	002002	002001	75	12.0	3.0	0,791	true	[002002, 002000, 002003, 002006, 002004, 002007, 002008, 002005, 002009, 002001]
9101	2	002002	002001	76	13.0	3.0	0,807	true	[002002, 002000, 002003, 002006, 002004, 002007, 002008, 002009, 002001]
9102	2	002002	002001	77	12.0	3.0	0,767	true	[002002, 002000, 002003, 002006, 002004, 002007, 002008, 002009, 002005, 002001]
9103	2	002002	002001	78	19.0	3.0	0,824	true	[002002, 002000, 002003, 002006, 002004, 002008, 002001]
9104	2	002002	002001	79	19.0	3.0	0,841	true	[002002, 002000, 002003, 002006, 002004, 002008, 002005, 002001]
9105	2	002002	002001	80	12.0	3.0	0,815	true	[002002, 002000, 002003, 002006, 002004, 002008, 002005, 002009, 002001]
9106	2	002002	002001	81	19.0	3.0	0,816	true	[002002, 002000, 002003, 002006, 002004, 002008, 002007, 002005, 002001]
9107	2	002002	002001	82	12.0	3.0	0,791	true	[002002, 002000, 002003, 002006, 002004, 002008, 002007, 002005, 002009, 002001]
9108	2	002002	002001	83	19.0	3.0	0,832	true	[002002, 002000, 002003, 002006, 002004, 002008, 002009, 002001]
9109	2	002002	002001	84	12.0	3.0	0,791	true	[002002, 002000, 002003, 002006, 002004, 002008, 002009, 002005, 002001]
9110	2	002002	002001	85	19.0	4.0	0,903	true	[002002, 002000, 002003, 002006, 002005, 002001]
9111	2	002002	002001	86	13.0	4.0	0,824	true	[002002, 002000, 002003, 002006, 002005, 002007, 002004, 002001]
9112	2	002002	002001	87	13.0	4.0	0,783	true	[002002, 002000, 002003, 002006, 002005, 002007, 002004, 002008, 002001]
9113	2	002002	002001	88	13.0	3.0	0,791	true	[002002, 002000, 002003, 002006, 002005, 002007, 002004, 002008, 002009, 002001]
9114	2	002002	002001	89	19.0	4.0	0,841	true	[002002, 002000, 002003, 002006, 002005, 002007, 002008, 002001]
9115	2	002002	002001	90	19.0	4.0	0,816	true	[002002, 002000, 002003, 002006, 002005, 002007, 002008, 002004, 002001]
9116	2	002002	002001	91	19.0	3.0	0,850	true	[002002, 002000, 002003, 002006, 002005, 002007, 002008, 002009, 002001]
9117	2	002002	002001	92	19.0	3.0	0,867	true	[002002, 002000, 002003, 002006, 002005, 002008, 002001]
9118	2	002002	002001	93	19.0	3.0	0,841	true	[002002, 002000, 002003, 002006, 002005, 002008, 002004, 002001]
9119	2	002002	002001	94	13.0	3.0	0,816	true	[002002, 002000, 002003, 002006, 002005, 002008, 002007, 002004, 002001]
9120	2	002002	002001	95	19.0	3.0	0,876	true	[002002, 002000, 002003, 002006, 002005, 002008, 002009, 002001]
9121	2	002002	002001	96	12.0	4.0	0,876	true	[002002, 002000, 002003, 002006, 002005, 002009, 002001]
9122	2	002002	002001	97	12.0	3.0	0,816	true	[002002, 002000, 002003, 002006, 002005, 002009, 002008, 002001]
9123	2	002002	002001	98	12.0	3.0	0,791	true	[002002, 002000, 002003, 002006, 002005, 002009, 002008, 002004, 002001]
9124	2	002002	002001	99	12.0	3.0	0,767	true	[002002, 002000, 002003, 002006, 002005, 002009, 002008, 002007, 002004, 002001]
9125	2	002002	002001	100	19.0	4.0	0,876	true	[002002, 002000, 002003, 002006, 002008, 002001]
9126	2	002002	002001	101	51.0	5.0	0,970	true	[002002, 002001]
9127	3	003007	003006	0	11.0	3.0	0,807	true	[003007, 003000, 003001, 003004, 003002, 003003, 003005, 003006]
9128	3	003007	003006	1	10.0	4.0	0,825	true	[003007, 003000, 003001, 003004, 003002, 003003, 003008, 003005, 003006]
9129	3	003007	003006	2	11.0	4.0	0,816	true	[003007, 003000, 003001, 003004, 003002, 003003, 003009, 003005, 003006]
9130	3	003007	003006	3	11.0	5.0	0,859	true	[003007, 003000, 003001, 003004, 003002, 003005, 003006]
9131	3	003007	003006	4	11.0	3.0	0,791	true	[003007, 003000, 003001, 003004, 003002, 003009, 003003, 003005, 003006]
9132	3	003007	003006	5	10.0	5.0	0,808	true	[003007, 003000, 003001, 003004, 003002, 003009, 003003, 003008, 003005, 003006]
9133	3	003007	003006	6	11.0	5.0	0,833	true	[003007, 003000, 003001, 003004, 003002, 003009, 003005, 003006]
9134	3	003007	003006	7	11.0	4.0	0,850	true	[003007, 003000, 003001, 003004, 003003, 003002, 003005, 003006]
9135	3	003007	003006	8	11.0	4.0	0,825	true	[003007, 003000, 003001, 003004, 003003, 003002, 003009, 003005, 003006]
9136	3	003007	003006	9	11.0	3.0	0,850	true	[003007, 003000, 003001, 003004, 003003, 003005, 003006]
9137	3	003007	003006	10	10.0	6.0	0,868	true	[003007, 003000, 003001, 003004, 003003, 003008, 003005, 003006]
9138	3	003007	003006	11	11.0	5.0	0,833	true	[003007, 003000, 003001, 003004, 003003, 003009, 003002, 003005, 003006]
9139	3	003007	003006	12	11.0	6.0	0,859	true	[003007, 003000, 003001, 003004, 003003, 003009, 003005, 003006]
9140	3	003007	003006	13	11.0	6.0	0,876	true	[003007, 003000, 003001, 003004, 003005, 003006]
9141	3	003007	003006	14	11.0	3.0	0,876	true	[003007, 003000, 003001, 003004, 003006]
9142	3	003007	003006	15	11.0	3.0	0,842	true	[003007, 003000, 003001, 003004, 003008, 003003, 003002, 003005, 003006]
9143	3	003007	003006	16	11.0	3.0	0,816	true	[003007, 003000, 003001, 003004, 003008, 003003, 003002, 003009, 003005, 003006]
9144	3	003007	003006	17	11.0	3.0	0,841	true	[003007, 003000, 003001, 003004, 003008, 003003, 003005, 003006]
9145	3	003007	003006	18	11.0	3.0	0,825	true	[003007, 003000, 003001, 003004, 003008, 003003, 003009, 003002, 003005, 003006]
9146	3	003007	003006	19	11.0	3.0	0,850	true	[003007, 003000, 003001, 003004, 003008, 003003, 003009, 003005, 003006]
9147	3	003007	003006	20	10.0	3.0	0,876	true	[003007, 003000, 003001, 003004, 003008, 003005, 003006]
9148	3	003007	003006	21	11.0	3.0	0,791	true	[003007, 003000, 003001, 003005, 003002, 003003, 003004, 003006]
9149	3	003007	003006	22	11.0	3.0	0,783	true	[003007, 003000, 003001, 003005, 003002, 003003, 003008, 003004, 003006]
9150	3	003007	003006	23	11.0	3.0	0,799	true	[003007, 003000, 003001, 003005, 003002, 003004, 003006]
9151	3	003007	003006	24	11.0	3.0	0,775	true	[003007, 003000, 003001, 003005, 003002, 003009, 003003, 003004, 003006]
9152	3	003007	003006	25	11.0	3.0	0,767	true	[003007, 003000, 003001, 003005, 003002, 003009, 003003, 003008, 003004, 003006]
9153	3	003007	003006	26	11.0	3.0	0,751	true	[003007, 003000, 003001, 003005, 003003, 003002, 003004, 003006]
9154	3	003007	003006	27	11.0	3.0	0,790	true	[003007, 003000, 003001, 003005, 003003, 003004, 003006]
9155	3	003007	003006	28	11.0	3.0	0,782	true	[003007, 003000, 003001, 003005, 003003, 003008, 003004, 003006]
9156	3	003007	003006	29	11.0	3.0	0,736	true	[003007, 003000, 003001, 003005, 003003, 003009, 003002, 003004, 003006]
9157	3	003007	003006	30	11.0	3.0	0,815	true	[003007, 003000, 003001, 003005, 003004, 003006]
9158	3	003007	003006	31	11.0	6.0	0,867	true	[003007, 003000, 003001, 003005, 003006]
9159	3	003007	003006	32	10.0	3.0	0,767	true	[003007, 003000, 003001, 003005, 003008, 003003, 003002, 003004, 003006]
9160	3	003007	003006	33	10.0	3.0	0,807	true	[003007, 003000, 003001, 003005, 003008, 003003, 003004, 003006]
9161	3	003007	003006	34	10.0	3.0	0,752	true	[003007, 003000, 003001, 003005, 003008, 003003, 003009, 003002, 003004, 003006]
9162	3	003007	003006	35	10.0	3.0	0,815	true	[003007, 003000, 003001, 003005, 003008, 003004, 003006]
9163	3	003007	003006	36	11.0	3.0	0,767	true	[003007, 003000, 003001, 003005, 003009, 003002, 003003, 003004, 003006]
9164	3	003007	003006	37	11.0	3.0	0,759	true	[003007, 003000, 003001, 003005, 003009, 003002, 003003, 003008, 003004, 003006]
9165	3	003007	003006	38	11.0	3.0	0,775	true	[003007, 003000, 003001, 003005, 003009, 003002, 003004, 003006]
9166	3	003007	003006	39	11.0	3.0	0,759	true	[003007, 003000, 003001, 003005, 003009, 003003, 003002, 003004, 003006]
9167	3	003007	003006	40	11.0	3.0	0,799	true	[003007, 003000, 003001, 003005, 003009, 003003, 003004, 003006]
9168	3	003007	003006	41	11.0	3.0	0,791	true	[003007, 003000, 003001, 003005, 003009, 003003, 003008, 003004, 003006]
9169	3	003007	003006	42	11.0	6.0	0,894	true	[003007, 003000, 003001, 003006]
9170	3	003007	003006	43	8.0	3.0	0,816	true	[003007, 003000, 003001, 003008, 003003, 003002, 003004, 003005, 003006]
9171	3	003007	003006	44	8.0	3.0	0,816	true	[003007, 003000, 003001, 003008, 003003, 003002, 003004, 003006]
9172	3	003007	003006	45	8.0	3.0	0,799	true	[003007, 003000, 003001, 003008, 003003, 003002, 003005, 003004, 003006]
9173	3	003007	003006	46	8.0	3.0	0,850	true	[003007, 003000, 003001, 003008, 003003, 003002, 003005, 003006]
9174	3	003007	003006	47	8.0	3.0	0,775	true	[003007, 003000, 003001, 003008, 003003, 003002, 003009, 003005, 003004, 003006]
9175	3	003007	003006	48	8.0	3.0	0,825	true	[003007, 003000, 003001, 003008, 003003, 003002, 003009, 003005, 003006]
9176	3	003007	003006	49	8.0	3.0	0,842	true	[003007, 003000, 003001, 003008, 003003, 003004, 003002, 003005, 003006]
9177	3	003007	003006	50	8.0	3.0	0,816	true	[003007, 003000, 003001, 003008, 003003, 003004, 003002, 003009, 003005, 003006]
9178	3	003007	003006	51	8.0	3.0	0,859	true	[003007, 003000, 003001, 003008, 003003, 003004, 003005, 003006]
9179	3	003007	003006	52	8.0	3.0	0,858	true	[003007, 003000, 003001, 003008, 003003, 003004, 003006]
9180	3	003007	003006	53	8.0	3.0	0,783	true	[003007, 003000, 003001, 003008, 003003, 003005, 003002, 003004, 003006]
9181	3	003007	003006	54	8.0	3.0	0,799	true	[003007, 003000, 003001, 003008, 003003, 003005, 003004, 003006]
9182	3	003007	003006	55	8.0	3.0	0,850	true	[003007, 003000, 003001, 003008, 003003, 003005, 003006]
9183	3	003007	003006	56	8.0	3.0	0,759	true	[003007, 003000, 003001, 003008, 003003, 003005, 003009, 003002, 003004, 003006]
9184	3	003007	003006	57	8.0	3.0	0,800	true	[003007, 003000, 003001, 003008, 003003, 003009, 003002, 003004, 003005, 003006]
9185	3	003007	003006	58	8.0	3.0	0,799	true	[003007, 003000, 003001, 003008, 003003, 003009, 003002, 003004, 003006]
9186	3	003007	003006	59	8.0	3.0	0,783	true	[003007, 003000, 003001, 003008, 003003, 003009, 003002, 003005, 003004, 003006]
9187	3	003007	003006	60	8.0	3.0	0,833	true	[003007, 003000, 003001, 003008, 003003, 003009, 003002, 003005, 003006]
9188	3	003007	003006	61	8.0	3.0	0,791	true	[003007, 003000, 003001, 003008, 003003, 003009, 003005, 003002, 003004, 003006]
9189	3	003007	003006	62	8.0	3.0	0,808	true	[003007, 003000, 003001, 003008, 003003, 003009, 003005, 003004, 003006]
9190	3	003007	003006	63	8.0	3.0	0,859	true	[003007, 003000, 003001, 003008, 003003, 003009, 003005, 003006]
9191	3	003007	003006	64	8.0	3.0	0,799	true	[003007, 003000, 003001, 003008, 003004, 003002, 003003, 003005, 003006]
9192	3	003007	003006	65	8.0	3.0	0,808	true	[003007, 003000, 003001, 003008, 003004, 003002, 003003, 003009, 003005, 003006]
9193	3	003007	003006	66	8.0	3.0	0,850	true	[003007, 003000, 003001, 003008, 003004, 003002, 003005, 003006]
9194	3	003007	003006	67	8.0	3.0	0,783	true	[003007, 003000, 003001, 003008, 003004, 003002, 003009, 003003, 003005, 003006]
9195	3	003007	003006	68	8.0	3.0	0,825	true	[003007, 003000, 003001, 003008, 003004, 003002, 003009, 003005, 003006]
9196	3	003007	003006	69	8.0	3.0	0,842	true	[003007, 003000, 003001, 003008, 003004, 003003, 003002, 003005, 003006]
9197	3	003007	003006	70	8.0	3.0	0,816	true	[003007, 003000, 003001, 003008, 003004, 003003, 003002, 003009, 003005, 003006]
9198	3	003007	003006	71	8.0	3.0	0,841	true	[003007, 003000, 003001, 003008, 003004, 003003, 003005, 003006]
9199	3	003007	003006	72	8.0	3.0	0,825	true	[003007, 003000, 003001, 003008, 003004, 003003, 003009, 003002, 003005, 003006]
9200	3	003007	003006	73	8.0	3.0	0,850	true	[003007, 003000, 003001, 003008, 003004, 003003, 003009, 003005, 003006]
9201	3	003007	003006	74	8.0	3.0	0,867	true	[003007, 003000, 003001, 003008, 003004, 003005, 003006]
9202	3	003007	003006	75	8.0	3.0	0,867	true	[003007, 003000, 003001, 003008, 003004, 003006]
9203	3	003007	003006	76	8.0	3.0	0,808	true	[003007, 003000, 003001, 003008, 003005, 003002, 003003, 003004, 003006]
9204	3	003007	003006	77	8.0	3.0	0,816	true	[003007, 003000, 003001, 003008, 003005, 003002, 003004, 003006]
9205	3	003007	003006	78	8.0	3.0	0,791	true	[003007, 003000, 003001, 003008, 003005, 003002, 003009, 003003, 003004, 003006]
9206	3	003007	003006	79	8.0	3.0	0,767	true	[003007, 003000, 003001, 003008, 003005, 003003, 003002, 003004, 003006]
9207	3	003007	003006	80	8.0	3.0	0,807	true	[003007, 003000, 003001, 003008, 003005, 003003, 003004, 003006]
9208	3	003007	003006	81	8.0	3.0	0,752	true	[003007, 003000, 003001, 003008, 003005, 003003, 003009, 003002, 003004, 003006]
9209	3	003007	003006	82	8.0	3.0	0,832	true	[003007, 003000, 003001, 003008, 003005, 003004, 003006]
9210	3	003007	003006	83	8.0	3.0	0,885	true	[003007, 003000, 003001, 003008, 003005, 003006]
9211	3	003007	003006	84	8.0	3.0	0,783	true	[003007, 003000, 003001, 003008, 003005, 003009, 003002, 003003, 003004, 003006]
9212	3	003007	003006	85	8.0	3.0	0,791	true	[003007, 003000, 003001, 003008, 003005, 003009, 003002, 003004, 003006]
9213	3	003007	003006	86	8.0	3.0	0,775	true	[003007, 003000, 003001, 003008, 003005, 003009, 003003, 003002, 003004, 003006]
9214	3	003007	003006	87	8.0	3.0	0,816	true	[003007, 003000, 003001, 003008, 003005, 003009, 003003, 003004, 003006]
9215	3	003007	003006	88	11.0	4.0	0,850	true	[003007, 003000, 003002, 003003, 003004, 003001, 003005, 003006]
9216	3	003007	003006	89	11.0	4.0	0,877	true	[003007, 003000, 003002, 003003, 003004, 003001, 003006]
9217	3	003007	003006	90	8.0	3.0	0,868	true	[003007, 003000, 003002, 003003, 003004, 003001, 003008, 003005, 003006]
9218	3	003007	003006	91	11.0	4.0	0,816	true	[003007, 003000, 003002, 003003, 003004, 003005, 003001, 003006]
9219	3	003007	003006	92	11.0	4.0	0,877	true	[003007, 003000, 003002, 003003, 003004, 003005, 003006]
9220	3	003007	003006	93	8.0	3.0	0,833	true	[003007, 003000, 003002, 003003, 003004, 003005, 003008, 003001, 003006]
9221	3	003007	003006	94	11.0	3.0	0,876	true	[003007, 003000, 003002, 003003, 003004, 003006]
9222	3	003007	003006	95	8.0	3.0	0,842	true	[003007, 003000, 003002, 003003, 003004, 003008, 003001, 003005, 003006]
9223	3	003007	003006	96	8.0	3.0	0,868	true	[003007, 003000, 003002, 003003, 003004, 003008, 003001, 003006]
9224	3	003007	003006	97	10.0	3.0	0,816	true	[003007, 003000, 003002, 003003, 003004, 003008, 003005, 003001, 003006]
9225	3	003007	003006	98	10.0	3.0	0,877	true	[003007, 003000, 003002, 003003, 003004, 003008, 003005, 003006]
9226	3	003007	003006	99	11.0	3.0	0,791	true	[003007, 003000, 003002, 003003, 003005, 003001, 003004, 003006]
9227	3	003007	003006	100	11.0	3.0	0,807	true	[003007, 003000, 003002, 003003, 003005, 003001, 003006]
9228	3	003007	003006	101	11.0	3.0	0,867	true	[003007, 003000, 003002, 003003, 003005, 003006]
9229	3	003007	003006	102	18.0	3.0	1,000	true	[003007, 003006]
9230	4	004002	004005	0	7.0	3.0	0,824	true	[004002, 004001, 004003, 004000, 004004, 004005]
9231	4	004002	004005	1	15.0	4.0	0,824	true	[004002, 004001, 004003, 004000, 004004, 004009, 004005]
9232	4	004002	004005	2	9.0	4.0	0,807	true	[004002, 004001, 004003, 004000, 004004, 004009, 004007, 004005]
9233	4	004002	004005	3	15.0	4.0	0,775	true	[004002, 004001, 004003, 004000, 004004, 004009, 004007, 004006, 004005]
9234	4	004002	004005	4	9.0	4.0	0,707	true	[004002, 004001, 004003, 004000, 004004, 004009, 004007, 004006, 004008, 004005]
9235	4	004002	004005	5	9.0	3.0	0,775	true	[004002, 004001, 004003, 004000, 004004, 004009, 004007, 004008, 004005]
9236	4	004002	004005	6	15.0	3.0	0,767	true	[004002, 004001, 004003, 004000, 004004, 004009, 004007, 004008, 004006, 004005]
9237	4	004002	004005	7	6.0	4.0	0,759	true	[004002, 004001, 004003, 004000, 004004, 004009, 004008, 004005]
9238	4	004002	004005	8	6.0	4.0	0,751	true	[004002, 004001, 004003, 004000, 004004, 004009, 004008, 004006, 004005]
9239	4	004002	004005	9	6.0	4.0	0,721	true	[004002, 004001, 004003, 004000, 004004, 004009, 004008, 004006, 004007, 004005]
9240	4	004002	004005	10	6.0	3.0	0,791	true	[004002, 004001, 004003, 004000, 004004, 004009, 004008, 004007, 004005]
9241	4	004002	004005	11	6.0	3.0	0,759	true	[004002, 004001, 004003, 004000, 004004, 004009, 004008, 004007, 004006, 004005]
9242	4	004002	004005	12	17.0	4.0	0,867	true	[004002, 004001, 004003, 004000, 004006, 004005]
9243	4	004002	004005	13	9.0	4.0	0,832	true	[004002, 004001, 004003, 004000, 004006, 004007, 004005]
9244	4	004002	004005	14	9.0	3.0	0,798	true	[004002, 004001, 004003, 004000, 004006, 004007, 004008, 004005]
9245	4	004002	004005	15	6.0	3.0	0,767	true	[004002, 004001, 004003, 004000, 004006, 004007, 004008, 004009, 004004, 004005]
9246	4	004002	004005	16	6.0	3.0	0,799	true	[004002, 004001, 004003, 004000, 004006, 004007, 004008, 004009, 004005]
9247	4	004002	004005	17	7.0	3.0	0,783	true	[004002, 004001, 004003, 004000, 004006, 004007, 004009, 004004, 004005]
9248	4	004002	004005	18	17.0	4.0	0,815	true	[004002, 004001, 004003, 004000, 004006, 004007, 004009, 004005]
9249	4	004002	004005	19	6.0	4.0	0,751	true	[004002, 004001, 004003, 004000, 004006, 004007, 004009, 004008, 004005]
9250	4	004002	004005	20	9.0	4.0	0,790	true	[004002, 004001, 004003, 004000, 004006, 004008, 004005]
9251	4	004002	004005	21	9.0	3.0	0,823	true	[004002, 004001, 004003, 004000, 004006, 004008, 004007, 004005]
9252	4	004002	004005	22	7.0	3.0	0,775	true	[004002, 004001, 004003, 004000, 004006, 004008, 004007, 004009, 004004, 004005]
9253	4	004002	004005	23	17.0	3.0	0,807	true	[004002, 004001, 004003, 004000, 004006, 004008, 004007, 004009, 004005]
9254	4	004002	004005	24	6.0	3.0	0,759	true	[004002, 004001, 004003, 004000, 004006, 004008, 004009, 004004, 004005]
9255	4	004002	004005	25	6.0	4.0	0,790	true	[004002, 004001, 004003, 004000, 004006, 004008, 004009, 004005]
9256	4	004002	004005	26	6.0	4.0	0,775	true	[004002, 004001, 004003, 004000, 004006, 004008, 004009, 004007, 004005]
9257	4	004002	004005	27	9.0	4.0	0,823	true	[004002, 004001, 004003, 004000, 004007, 004005]
9258	4	004002	004005	28	17.0	4.0	0,790	true	[004002, 004001, 004003, 004000, 004007, 004006, 004005]
9259	4	004002	004005	29	9.0	4.0	0,721	true	[004002, 004001, 004003, 004000, 004007, 004006, 004008, 004005]
9260	4	004002	004005	30	6.0	3.0	0,692	true	[004002, 004001, 004003, 004000, 004007, 004006, 004008, 004009, 004004, 004005]
9261	4	004002	004005	31	6.0	4.0	0,721	true	[004002, 004001, 004003, 004000, 004007, 004006, 004008, 004009, 004005]
9262	4	004002	004005	32	9.0	3.0	0,790	true	[004002, 004001, 004003, 004000, 004007, 004008, 004005]
9263	4	004002	004005	33	17.0	3.0	0,782	true	[004002, 004001, 004003, 004000, 004007, 004008, 004006, 004005]
9264	4	004002	004005	34	6.0	3.0	0,759	true	[004002, 004001, 004003, 004000, 004007, 004008, 004009, 004004, 004005]
9265	4	004002	004005	35	6.0	3.0	0,790	true	[004002, 004001, 004003, 004000, 004007, 004008, 004009, 004005]
9266	4	004002	004005	36	7.0	3.0	0,775	true	[004002, 004001, 004003, 004000, 004007, 004009, 004004, 004005]
9267	4	004002	004005	37	17.0	4.0	0,807	true	[004002, 004001, 004003, 004000, 004007, 004009, 004005]
9268	4	004002	004005	38	6.0	4.0	0,743	true	[004002, 004001, 004003, 004000, 004007, 004009, 004008, 004005]
9269	4	004002	004005	39	6.0	4.0	0,736	true	[004002, 004001, 004003, 004000, 004007, 004009, 004008, 004006, 004005]
9270	4	004002	004005	40	9.0	4.0	0,832	true	[004002, 004001, 004003, 004000, 004008, 004005]
9271	4	004002	004005	41	17.0	4.0	0,823	true	[004002, 004001, 004003, 004000, 004008, 004006, 004005]
9272	4	004002	004005	42	9.0	4.0	0,790	true	[004002, 004001, 004003, 004000, 004008, 004006, 004007, 004005]
9273	4	004002	004005	43	7.0	3.0	0,744	true	[004002, 004001, 004003, 004000, 004008, 004006, 004007, 004009, 004004, 004005]
9274	4	004002	004005	44	17.0	4.0	0,775	true	[004002, 004001, 004003, 004000, 004008, 004006, 004007, 004009, 004005]
9275	4	004002	004005	45	9.0	3.0	0,867	true	[004002, 004001, 004003, 004000, 004008, 004007, 004005]
9276	4	004002	004005	46	17.0	3.0	0,832	true	[004002, 004001, 004003, 004000, 004008, 004007, 004006, 004005]
9277	4	004002	004005	47	7.0	3.0	0,816	true	[004002, 004001, 004003, 004000, 004008, 004007, 004009, 004004, 004005]
9278	4	004002	004005	48	17.0	3.0	0,849	true	[004002, 004001, 004003, 004000, 004008, 004007, 004009, 004005]
9279	4	004002	004005	49	6.0	3.0	0,799	true	[004002, 004001, 004003, 004000, 004008, 004009, 004004, 004005]
9280	4	004002	004005	50	6.0	4.0	0,832	true	[004002, 004001, 004003, 004000, 004008, 004009, 004005]
9281	4	004002	004005	51	6.0	4.0	0,815	true	[004002, 004001, 004003, 004000, 004008, 004009, 004007, 004005]
9282	4	004002	004005	52	6.0	4.0	0,783	true	[004002, 004001, 004003, 004000, 004008, 004009, 004007, 004006, 004005]
9283	4	004002	004005	53	15.0	3.0	0,832	true	[004002, 004001, 004003, 004004, 004000, 004006, 004005]
9284	4	004002	004005	54	9.0	3.0	0,799	true	[004002, 004001, 004003, 004004, 004000, 004006, 004007, 004005]
9285	4	004002	004005	55	9.0	3.0	0,766	true	[004002, 004001, 004003, 004004, 004000, 004006, 004007, 004008, 004005]
9286	4	004002	004005	56	6.0	3.0	0,767	true	[004002, 004001, 004003, 004004, 004000, 004006, 004007, 004008, 004009, 004005]
9287	4	004002	004005	57	15.0	3.0	0,783	true	[004002, 004001, 004003, 004004, 004000, 004006, 004007, 004009, 004005]
9288	4	004002	004005	58	6.0	3.0	0,721	true	[004002, 004001, 004003, 004004, 004000, 004006, 004007, 004009, 004008, 004005]
9289	4	004002	004005	59	9.0	3.0	0,758	true	[004002, 004001, 004003, 004004, 004000, 004006, 004008, 004005]
9290	4	004002	004005	60	9.0	3.0	0,790	true	[004002, 004001, 004003, 004004, 004000, 004006, 004008, 004007, 004005]
9291	4	004002	004005	61	15.0	3.0	0,775	true	[004002, 004001, 004003, 004004, 004000, 004006, 004008, 004007, 004009, 004005]
9292	4	004002	004005	62	6.0	3.0	0,759	true	[004002, 004001, 004003, 004004, 004000, 004006, 004008, 004009, 004005]
9293	4	004002	004005	63	6.0	3.0	0,744	true	[004002, 004001, 004003, 004004, 004000, 004006, 004008, 004009, 004007, 004005]
9294	4	004002	004005	64	9.0	3.0	0,790	true	[004002, 004001, 004003, 004004, 004000, 004007, 004005]
9295	4	004002	004005	65	15.0	3.0	0,759	true	[004002, 004001, 004003, 004004, 004000, 004007, 004006, 004005]
9296	4	004002	004005	66	9.0	3.0	0,692	true	[004002, 004001, 004003, 004004, 004000, 004007, 004006, 004008, 004005]
9297	4	004002	004005	67	6.0	3.0	0,692	true	[004002, 004001, 004003, 004004, 004000, 004007, 004006, 004008, 004009, 004005]
9298	4	004002	004005	68	9.0	3.0	0,758	true	[004002, 004001, 004003, 004004, 004000, 004007, 004008, 004005]
9299	4	004002	004005	69	15.0	3.0	0,751	true	[004002, 004001, 004003, 004004, 004000, 004007, 004008, 004006, 004005]
9300	4	004002	004005	70	6.0	3.0	0,759	true	[004002, 004001, 004003, 004004, 004000, 004007, 004008, 004009, 004005]
9301	4	004002	004005	71	15.0	3.0	0,775	true	[004002, 004001, 004003, 004004, 004000, 004007, 004009, 004005]
9302	4	004002	004005	72	6.0	3.0	0,714	true	[004002, 004001, 004003, 004004, 004000, 004007, 004009, 004008, 004005]
9303	4	004002	004005	73	6.0	3.0	0,706	true	[004002, 004001, 004003, 004004, 004000, 004007, 004009, 004008, 004006, 004005]
9304	4	004002	004005	74	9.0	3.0	0,798	true	[004002, 004001, 004003, 004004, 004000, 004008, 004005]
9305	4	004002	004005	75	15.0	3.0	0,790	true	[004002, 004001, 004003, 004004, 004000, 004008, 004006, 004005]
9306	4	004002	004005	76	9.0	3.0	0,759	true	[004002, 004001, 004003, 004004, 004000, 004008, 004006, 004007, 004005]
9307	4	004002	004005	77	15.0	3.0	0,744	true	[004002, 004001, 004003, 004004, 004000, 004008, 004006, 004007, 004009, 004005]
9308	4	004002	004005	78	9.0	3.0	0,832	true	[004002, 004001, 004003, 004004, 004000, 004008, 004007, 004005]
9309	4	004002	004005	79	15.0	3.0	0,799	true	[004002, 004001, 004003, 004004, 004000, 004008, 004007, 004006, 004005]
9310	4	004002	004005	80	15.0	3.0	0,815	true	[004002, 004001, 004003, 004004, 004000, 004008, 004007, 004009, 004005]
9311	4	004002	004005	81	6.0	3.0	0,799	true	[004002, 004001, 004003, 004004, 004000, 004008, 004009, 004005]
9312	4	004002	004005	82	6.0	3.0	0,783	true	[004002, 004001, 004003, 004004, 004000, 004008, 004009, 004007, 004005]
9313	4	004002	004005	83	6.0	3.0	0,751	true	[004002, 004001, 004003, 004004, 004000, 004008, 004009, 004007, 004006, 004005]
9314	4	004002	004005	84	7.0	3.0	0,840	true	[004002, 004001, 004003, 004004, 004005]
9315	4	004002	004005	85	15.0	3.0	0,841	true	[004002, 004001, 004003, 004004, 004009, 004005]
9316	4	004002	004005	86	15.0	3.0	0,783	true	[004002, 004001, 004003, 004004, 004009, 004007, 004000, 004006, 004005]
9317	4	004002	004005	87	9.0	3.0	0,713	true	[004002, 004001, 004003, 004004, 004009, 004007, 004000, 004006, 004008, 004005]
9318	4	004002	004005	88	9.0	3.0	0,751	true	[004002, 004001, 004003, 004004, 004009, 004007, 004000, 004008, 004005]
9319	4	004002	004005	89	15.0	3.0	0,743	true	[004002, 004001, 004003, 004004, 004009, 004007, 004000, 004008, 004006, 004005]
9320	4	004002	004005	90	9.0	3.0	0,824	true	[004002, 004001, 004003, 004004, 004009, 004007, 004005]
9321	4	004002	004005	91	9.0	3.0	0,759	true	[004002, 004001, 004003, 004004, 004009, 004007, 004006, 004000, 004008, 004005]
9322	4	004002	004005	92	15.0	3.0	0,791	true	[004002, 004001, 004003, 004004, 004009, 004007, 004006, 004005]
9323	4	004002	004005	93	9.0	3.0	0,721	true	[004002, 004001, 004003, 004004, 004009, 004007, 004006, 004008, 004005]
9324	4	004002	004005	94	15.0	3.0	0,824	true	[004002, 004001, 004003, 004004, 004009, 004007, 004008, 004000, 004006, 004005]
9325	4	004002	004005	95	9.0	3.0	0,790	true	[004002, 004001, 004003, 004004, 004009, 004007, 004008, 004005]
9326	4	004002	004005	96	15.0	3.0	0,783	true	[004002, 004001, 004003, 004004, 004009, 004007, 004008, 004006, 004005]
9327	4	004002	004005	97	6.0	3.0	0,807	true	[004002, 004001, 004003, 004004, 004009, 004008, 004000, 004006, 004005]
9328	4	004002	004005	98	6.0	3.0	0,775	true	[004002, 004001, 004003, 004004, 004009, 004008, 004000, 004006, 004007, 004005]
9329	4	004002	004005	99	6.0	3.0	0,767	true	[004002, 004001, 004003, 004004, 004009, 004008, 004000, 004007, 004005]
9330	4	004002	004005	100	6.0	3.0	0,736	true	[004002, 004001, 004003, 004004, 004009, 004008, 004000, 004007, 004006, 004005]
9331	4	004002	004005	101	6.0	3.0	0,774	true	[004002, 004001, 004003, 004004, 004009, 004008, 004005]
9332	4	004002	004005	102	37.0	4.0	0,903	true	[004002, 004001, 004003, 004005]
9333	4	004002	004005	103	12.0	8.0	0,931	true	[004002, 004001, 004005]
9334	4	004002	004005	104	22.0	3.0	0,960	true	[004002, 004005]
9335	5	005004	005001	0	18.0	5.0	0,913	true	[005004, 005002, 005000, 005001]
9336	5	005004	005001	1	8.0	5.0	0,885	true	[005004, 005002, 005000, 005003, 005001]
9337	5	005004	005001	2	6.0	5.0	0,885	true	[005004, 005002, 005000, 005003, 005005, 005001]
9338	5	005004	005001	3	8.0	3.0	0,867	true	[005004, 005002, 005000, 005003, 005005, 005006, 005001]
9339	5	005004	005001	4	7.0	3.0	0,816	true	[005004, 005002, 005000, 005003, 005005, 005006, 005007, 005001]
9340	5	005004	005001	5	8.0	3.0	0,858	true	[005004, 005002, 005000, 005003, 005005, 005006, 005008, 005001]
9341	5	005004	005001	6	8.0	3.0	0,833	true	[005004, 005002, 005000, 005003, 005005, 005006, 005009, 005007, 005001]
9342	5	005004	005001	7	8.0	5.0	0,867	true	[005004, 005002, 005000, 005003, 005005, 005007, 005001]
9343	5	005004	005001	8	7.0	3.0	0,832	true	[005004, 005002, 005000, 005003, 005005, 005007, 005006, 005001]
9344	5	005004	005001	9	7.0	5.0	0,824	true	[005004, 005002, 005000, 005003, 005005, 005007, 005006, 005008, 005001]
9345	5	005004	005001	10	8.0	3.0	0,850	true	[005004, 005002, 005000, 005003, 005005, 005007, 005009, 005006, 005001]
9346	5	005004	005001	11	8.0	5.0	0,841	true	[005004, 005002, 005000, 005003, 005005, 005007, 005009, 005006, 005008, 005001]
9347	5	005004	005001	12	8.0	5.0	0,858	true	[005004, 005002, 005000, 005003, 005005, 005008, 005001]
9348	5	005004	005001	13	8.0	3.0	0,867	true	[005004, 005002, 005000, 005003, 005005, 005008, 005006, 005001]
9349	5	005004	005001	14	7.0	5.0	0,816	true	[005004, 005002, 005000, 005003, 005005, 005008, 005006, 005007, 005001]
9350	5	005004	005001	15	8.0	5.0	0,833	true	[005004, 005002, 005000, 005003, 005005, 005008, 005006, 005009, 005007, 005001]
9351	5	005004	005001	16	8.0	3.0	0,833	true	[005004, 005002, 005000, 005003, 005005, 005009, 005006, 005001]
9352	5	005004	005001	17	7.0	5.0	0,783	true	[005004, 005002, 005000, 005003, 005005, 005009, 005006, 005007, 005001]
9353	5	005004	005001	18	8.0	5.0	0,824	true	[005004, 005002, 005000, 005003, 005005, 005009, 005006, 005008, 005001]
9354	5	005004	005001	19	8.0	5.0	0,850	true	[005004, 005002, 005000, 005003, 005005, 005009, 005007, 005001]
9355	5	005004	005001	20	7.0	3.0	0,816	true	[005004, 005002, 005000, 005003, 005005, 005009, 005007, 005006, 005001]
9356	5	005004	005001	21	7.0	5.0	0,807	true	[005004, 005002, 005000, 005003, 005005, 005009, 005007, 005006, 005008, 005001]
9357	5	005004	005001	22	6.0	5.0	0,824	true	[005004, 005002, 005000, 005003, 005009, 005005, 005001]
9358	5	005004	005001	23	8.0	3.0	0,808	true	[005004, 005002, 005000, 005003, 005009, 005005, 005006, 005001]
9359	5	005004	005001	24	7.0	3.0	0,759	true	[005004, 005002, 005000, 005003, 005009, 005005, 005006, 005007, 005001]
9360	5	005004	005001	25	8.0	3.0	0,799	true	[005004, 005002, 005000, 005003, 005009, 005005, 005006, 005008, 005001]
9361	5	005004	005001	26	8.0	5.0	0,807	true	[005004, 005002, 005000, 005003, 005009, 005005, 005007, 005001]
9362	5	005004	005001	27	7.0	3.0	0,775	true	[005004, 005002, 005000, 005003, 005009, 005005, 005007, 005006, 005001]
9363	5	005004	005001	28	7.0	5.0	0,767	true	[005004, 005002, 005000, 005003, 005009, 005005, 005007, 005006, 005008, 005001]
9364	5	005004	005001	29	8.0	5.0	0,799	true	[005004, 005002, 005000, 005003, 005009, 005005, 005008, 005001]
9365	5	005004	005001	30	8.0	3.0	0,808	true	[005004, 005002, 005000, 005003, 005009, 005005, 005008, 005006, 005001]
9366	5	005004	005001	31	7.0	5.0	0,759	true	[005004, 005002, 005000, 005003, 005009, 005005, 005008, 005006, 005007, 005001]
9367	5	005004	005001	32	8.0	3.0	0,807	true	[005004, 005002, 005000, 005003, 005009, 005006, 005001]
9368	5	005004	005001	33	6.0	3.0	0,808	true	[005004, 005002, 005000, 005003, 005009, 005006, 005005, 005001]
9369	5	005004	005001	34	8.0	3.0	0,791	true	[005004, 005002, 005000, 005003, 005009, 005006, 005005, 005007, 005001]
9370	5	005004	005001	35	8.0	3.0	0,783	true	[005004, 005002, 005000, 005003, 005009, 005006, 005005, 005008, 005001]
9371	5	005004	005001	36	7.0	5.0	0,759	true	[005004, 005002, 005000, 005003, 005009, 005006, 005007, 005001]
9372	5	005004	005001	37	6.0	5.0	0,775	true	[005004, 005002, 005000, 005003, 005009, 005006, 005007, 005005, 005001]
9373	5	005004	005001	38	7.0	5.0	0,752	true	[005004, 005002, 005000, 005003, 005009, 005006, 005007, 005005, 005008, 005001]
9374	5	005004	005001	39	8.0	5.0	0,799	true	[005004, 005002, 005000, 005003, 005009, 005006, 005008, 005001]
9375	5	005004	005001	40	6.0	5.0	0,808	true	[005004, 005002, 005000, 005003, 005009, 005006, 005008, 005005, 005001]
9376	5	005004	005001	41	8.0	5.0	0,791	true	[005004, 005002, 005000, 005003, 005009, 005006, 005008, 005005, 005007, 005001]
9377	5	005004	005001	42	8.0	5.0	0,824	true	[005004, 005002, 005000, 005003, 005009, 005007, 005001]
9378	5	005004	005001	43	6.0	5.0	0,841	true	[005004, 005002, 005000, 005003, 005009, 005007, 005005, 005001]
9379	5	005004	005001	44	8.0	3.0	0,824	true	[005004, 005002, 005000, 005003, 005009, 005007, 005005, 005006, 005001]
9380	5	005004	005001	45	8.0	3.0	0,816	true	[005004, 005002, 005000, 005003, 005009, 005007, 005005, 005006, 005008, 005001]
9381	5	005004	005001	46	8.0	5.0	0,816	true	[005004, 005002, 005000, 005003, 005009, 005007, 005005, 005008, 005001]
9382	5	005004	005001	47	8.0	3.0	0,824	true	[005004, 005002, 005000, 005003, 005009, 005007, 005005, 005008, 005006, 005001]
9383	5	005004	005001	48	7.0	3.0	0,791	true	[005004, 005002, 005000, 005003, 005009, 005007, 005006, 005001]
9384	5	005004	005001	49	6.0	3.0	0,791	true	[005004, 005002, 005000, 005003, 005009, 005007, 005006, 005005, 005001]
9385	5	005004	005001	50	7.0	3.0	0,767	true	[005004, 005002, 005000, 005003, 005009, 005007, 005006, 005005, 005008, 005001]
9386	5	005004	005001	51	7.0	5.0	0,783	true	[005004, 005002, 005000, 005003, 005009, 005007, 005006, 005008, 005001]
9387	5	005004	005001	52	6.0	5.0	0,791	true	[005004, 005002, 005000, 005003, 005009, 005007, 005006, 005008, 005005, 005001]
9388	5	005004	005001	53	6.0	5.0	0,876	true	[005004, 005002, 005000, 005005, 005001]
9389	5	005004	005001	54	18.0	5.0	0,876	true	[005004, 005002, 005000, 005005, 005003, 005001]
9390	5	005004	005001	55	18.0	3.0	0,799	true	[005004, 005002, 005000, 005005, 005003, 005009, 005006, 005001]
9391	5	005004	005001	56	7.0	5.0	0,751	true	[005004, 005002, 005000, 005005, 005003, 005009, 005006, 005007, 005001]
9392	5	005004	005001	57	10.0	5.0	0,791	true	[005004, 005002, 005000, 005005, 005003, 005009, 005006, 005008, 005001]
9393	5	005004	005001	58	12.0	5.0	0,815	true	[005004, 005002, 005000, 005005, 005003, 005009, 005007, 005001]
9394	5	005004	005001	59	7.0	3.0	0,783	true	[005004, 005002, 005000, 005005, 005003, 005009, 005007, 005006, 005001]
9395	5	005004	005001	60	7.0	5.0	0,775	true	[005004, 005002, 005000, 005005, 005003, 005009, 005007, 005006, 005008, 005001]
9396	5	005004	005001	61	18.0	3.0	0,858	true	[005004, 005002, 005000, 005005, 005006, 005001]
9397	5	005004	005001	62	7.0	3.0	0,807	true	[005004, 005002, 005000, 005005, 005006, 005007, 005001]
9398	5	005004	005001	63	7.0	3.0	0,783	true	[005004, 005002, 005000, 005005, 005006, 005007, 005009, 005003, 005001]
9399	5	005004	005001	64	10.0	3.0	0,850	true	[005004, 005002, 005000, 005005, 005006, 005008, 005001]
9400	5	005004	005001	65	18.0	3.0	0,799	true	[005004, 005002, 005000, 005005, 005006, 005009, 005003, 005001]
9401	5	005004	005001	66	12.0	3.0	0,824	true	[005004, 005002, 005000, 005005, 005006, 005009, 005007, 005001]
9402	5	005004	005001	67	12.0	5.0	0,858	true	[005004, 005002, 005000, 005005, 005007, 005001]
9403	5	005004	005001	68	7.0	3.0	0,824	true	[005004, 005002, 005000, 005005, 005007, 005006, 005001]
9404	5	005004	005001	69	7.0	5.0	0,815	true	[005004, 005002, 005000, 005005, 005007, 005006, 005008, 005001]
9405	5	005004	005001	70	7.0	5.0	0,767	true	[005004, 005002, 005000, 005005, 005007, 005006, 005009, 005003, 005001]
9406	5	005004	005001	71	18.0	5.0	0,832	true	[005004, 005002, 005000, 005005, 005007, 005009, 005003, 005001]
9407	5	005004	005001	72	18.0	3.0	0,841	true	[005004, 005002, 005000, 005005, 005007, 005009, 005006, 005001]
9408	5	005004	005001	73	10.0	5.0	0,832	true	[005004, 005002, 005000, 005005, 005007, 005009, 005006, 005008, 005001]
9409	5	005004	005001	74	10.0	5.0	0,850	true	[005004, 005002, 005000, 005005, 005008, 005001]
9410	5	005004	005001	75	18.0	3.0	0,858	true	[005004, 005002, 005000, 005005, 005008, 005006, 005001]
9411	5	005004	005001	76	7.0	5.0	0,807	true	[005004, 005002, 005000, 005005, 005008, 005006, 005007, 005001]
9412	5	005004	005001	77	7.0	5.0	0,783	true	[005004, 005002, 005000, 005005, 005008, 005006, 005007, 005009, 005003, 005001]
9413	5	005004	005001	78	18.0	5.0	0,799	true	[005004, 005002, 005000, 005005, 005008, 005006, 005009, 005003, 005001]
9414	5	005004	005001	79	12.0	5.0	0,824	true	[005004, 005002, 005000, 005005, 005008, 005006, 005009, 005007, 005001]
9415	5	005004	005001	80	18.0	5.0	0,816	true	[005004, 005002, 005000, 005005, 005009, 005003, 005001]
9416	5	005004	005001	81	18.0	3.0	0,824	true	[005004, 005002, 005000, 005005, 005009, 005006, 005001]
9417	5	005004	005001	82	7.0	5.0	0,775	true	[005004, 005002, 005000, 005005, 005009, 005006, 005007, 005001]
9418	5	005004	005001	83	10.0	5.0	0,816	true	[005004, 005002, 005000, 005005, 005009, 005006, 005008, 005001]
9419	5	005004	005001	84	12.0	5.0	0,841	true	[005004, 005002, 005000, 005005, 005009, 005007, 005001]
9420	5	005004	005001	85	7.0	3.0	0,807	true	[005004, 005002, 005000, 005005, 005009, 005007, 005006, 005001]
9421	5	005004	005001	86	7.0	5.0	0,799	true	[005004, 005002, 005000, 005005, 005009, 005007, 005006, 005008, 005001]
9422	5	005004	005001	87	16.0	3.0	0,903	true	[005004, 005002, 005000, 005006, 005001]
9423	5	005004	005001	88	6.0	3.0	0,903	true	[005004, 005002, 005000, 005006, 005005, 005001]
9424	5	005004	005001	89	16.0	3.0	0,903	true	[005004, 005002, 005000, 005006, 005005, 005003, 005001]
9425	5	005004	005001	90	12.0	3.0	0,841	true	[005004, 005002, 005000, 005006, 005005, 005003, 005009, 005007, 005001]
9426	5	005004	005001	91	12.0	3.0	0,885	true	[005004, 005002, 005000, 005006, 005005, 005007, 005001]
9427	5	005004	005001	92	16.0	3.0	0,858	true	[005004, 005002, 005000, 005006, 005005, 005007, 005009, 005003, 005001]
9428	5	005004	005001	93	10.0	3.0	0,876	true	[005004, 005002, 005000, 005006, 005005, 005008, 005001]
9429	5	005004	005001	94	16.0	3.0	0,841	true	[005004, 005002, 005000, 005006, 005005, 005009, 005003, 005001]
9430	5	005004	005001	95	12.0	3.0	0,867	true	[005004, 005002, 005000, 005006, 005005, 005009, 005007, 005001]
9431	5	005004	005001	96	7.0	5.0	0,849	true	[005004, 005002, 005000, 005006, 005007, 005001]
9432	5	005004	005001	97	6.0	5.0	0,867	true	[005004, 005002, 005000, 005006, 005007, 005005, 005001]
9433	5	005004	005001	98	7.0	5.0	0,867	true	[005004, 005002, 005000, 005006, 005007, 005005, 005003, 005001]
9434	5	005004	005001	99	7.0	5.0	0,841	true	[005004, 005002, 005000, 005006, 005007, 005005, 005008, 005001]
9435	5	005004	005001	100	7.0	5.0	0,807	true	[005004, 005002, 005000, 005006, 005007, 005005, 005009, 005003, 005001]
9436	5	005004	005001	101	32.0	5.0	0,922	true	[005004, 005002, 005001]
9437	6	006004	006003	0	24.0	5.0	0,913	true	[006004, 006001, 006000, 006003]
9438	6	006004	006003	1	18.0	5.0	0,903	true	[006004, 006001, 006000, 006005, 006003]
9439	6	006004	006003	2	12.0	4.0	0,850	true	[006004, 006001, 006000, 006005, 006006, 006002, 006007, 006003]
9440	6	006004	006003	3	18.0	5.0	0,922	true	[006004, 006001, 006000, 006005, 006006, 006007, 006003]
9441	6	006004	006003	4	18.0	5.0	0,877	true	[006004, 006001, 006000, 006005, 006006, 006008, 006003]
9442	6	006004	006003	5	18.0	4.0	0,816	true	[006004, 006001, 006000, 006005, 006006, 006009, 006002, 006007, 006003]
9443	6	006004	006003	6	5.0	4.0	0,783	true	[006004, 006001, 006000, 006005, 006007, 006002, 006006, 006008, 006003]
9444	6	006004	006003	7	5.0	4.0	0,752	true	[006004, 006001, 006000, 006005, 006007, 006002, 006009, 006006, 006008, 006003]
9445	6	006004	006003	8	5.0	5.0	0,894	true	[006004, 006001, 006000, 006005, 006007, 006003]
9446	6	006004	006003	9	5.0	5.0	0,850	true	[006004, 006001, 006000, 006005, 006007, 006006, 006008, 006003]
9447	6	006004	006003	10	12.0	5.0	0,867	true	[006004, 006001, 006000, 006005, 006009, 006002, 006006, 006007, 006003]
9448	6	006004	006003	11	12.0	5.0	0,824	true	[006004, 006001, 006000, 006005, 006009, 006002, 006006, 006008, 006003]
9449	6	006004	006003	12	18.0	4.0	0,867	true	[006004, 006001, 006000, 006005, 006009, 006002, 006007, 006003]
9450	6	006004	006003	13	18.0	4.0	0,824	true	[006004, 006001, 006000, 006005, 006009, 006002, 006007, 006006, 006008, 006003]
9451	6	006004	006003	14	12.0	4.0	0,815	true	[006004, 006001, 006000, 006005, 006009, 006006, 006002, 006007, 006003]
9452	6	006004	006003	15	18.0	5.0	0,885	true	[006004, 006001, 006000, 006005, 006009, 006006, 006007, 006003]
9453	6	006004	006003	16	18.0	5.0	0,841	true	[006004, 006001, 006000, 006005, 006009, 006006, 006008, 006003]
9454	6	006004	006003	17	12.0	4.0	0,850	true	[006004, 006001, 006000, 006006, 006002, 006007, 006003]
9455	6	006004	006003	18	5.0	4.0	0,791	true	[006004, 006001, 006000, 006006, 006002, 006007, 006005, 006003]
9456	6	006004	006003	19	12.0	5.0	0,833	true	[006004, 006001, 006000, 006006, 006002, 006009, 006005, 006003]
9457	6	006004	006003	20	5.0	5.0	0,824	true	[006004, 006001, 006000, 006006, 006002, 006009, 006005, 006007, 006003]
9458	6	006004	006003	21	17.0	5.0	0,885	true	[006004, 006001, 006000, 006006, 006005, 006003]
9459	6	006004	006003	22	5.0	5.0	0,876	true	[006004, 006001, 006000, 006006, 006005, 006007, 006003]
9460	6	006004	006003	23	17.0	4.0	0,850	true	[006004, 006001, 006000, 006006, 006005, 006009, 006002, 006007, 006003]
9461	6	006004	006003	24	17.0	4.0	0,833	true	[006004, 006001, 006000, 006006, 006007, 006002, 006009, 006005, 006003]
9462	6	006004	006003	25	17.0	5.0	0,922	true	[006004, 006001, 006000, 006006, 006007, 006003]
9463	6	006004	006003	26	5.0	5.0	0,859	true	[006004, 006001, 006000, 006006, 006007, 006005, 006003]
9464	6	006004	006003	27	17.0	5.0	0,876	true	[006004, 006001, 006000, 006006, 006008, 006003]
9465	6	006004	006003	28	17.0	4.0	0,816	true	[006004, 006001, 006000, 006006, 006009, 006002, 006007, 006003]
9466	6	006004	006003	29	5.0	4.0	0,760	true	[006004, 006001, 006000, 006006, 006009, 006002, 006007, 006005, 006003]
9467	6	006004	006003	30	17.0	5.0	0,850	true	[006004, 006001, 006000, 006006, 006009, 006005, 006003]
9468	6	006004	006003	31	5.0	5.0	0,841	true	[006004, 006001, 006000, 006006, 006009, 006005, 006007, 006003]
9469	6	006004	006003	32	12.0	4.0	0,824	true	[006004, 006001, 006000, 006007, 006002, 006006, 006005, 006003]
9470	6	006004	006003	33	12.0	4.0	0,816	true	[006004, 006001, 006000, 006007, 006002, 006006, 006008, 006003]
9471	6	006004	006003	34	12.0	4.0	0,791	true	[006004, 006001, 006000, 006007, 006002, 006006, 006009, 006005, 006003]
9472	6	006004	006003	35	18.0	4.0	0,841	true	[006004, 006001, 006000, 006007, 006002, 006009, 006005, 006003]
9473	6	006004	006003	36	18.0	4.0	0,816	true	[006004, 006001, 006000, 006007, 006002, 006009, 006005, 006006, 006008, 006003]
9474	6	006004	006003	37	24.0	4.0	0,791	true	[006004, 006001, 006000, 006007, 006002, 006009, 006006, 006005, 006003]
9475	6	006004	006003	38	24.0	4.0	0,783	true	[006004, 006001, 006000, 006007, 006002, 006009, 006006, 006008, 006003]
9476	6	006004	006003	39	20.0	4.0	0,931	true	[006004, 006001, 006000, 006007, 006003]
9477	6	006004	006003	40	5.0	4.0	0,867	true	[006004, 006001, 006000, 006007, 006005, 006003]
9478	6	006004	006003	41	5.0	4.0	0,841	true	[006004, 006001, 006000, 006007, 006005, 006006, 006008, 006003]
9479	6	006004	006003	42	5.0	4.0	0,791	true	[006004, 006001, 006000, 006007, 006005, 006009, 006002, 006006, 006008, 006003]
9480	6	006004	006003	43	5.0	4.0	0,807	true	[006004, 006001, 006000, 006007, 006005, 006009, 006006, 006008, 006003]
9481	6	006004	006003	44	12.0	4.0	0,841	true	[006004, 006001, 006000, 006007, 006006, 006002, 006009, 006005, 006003]
9482	6	006004	006003	45	24.0	4.0	0,894	true	[006004, 006001, 006000, 006007, 006006, 006005, 006003]
9483	6	006004	006003	46	24.0	4.0	0,885	true	[006004, 006001, 006000, 006007, 006006, 006008, 006003]
9484	6	006004	006003	47	18.0	4.0	0,858	true	[006004, 006001, 006000, 006007, 006006, 006009, 006005, 006003]
9485	6	006004	006003	48	18.0	4.0	0,904	true	[006004, 006001, 006000, 006008, 006003]
9486	6	006004	006003	49	12.0	4.0	0,824	true	[006004, 006001, 006000, 006008, 006006, 006002, 006007, 006003]
9487	6	006004	006003	50	5.0	4.0	0,768	true	[006004, 006001, 006000, 006008, 006006, 006002, 006007, 006005, 006003]
9488	6	006004	006003	51	12.0	4.0	0,808	true	[006004, 006001, 006000, 006008, 006006, 006002, 006009, 006005, 006003]
9489	6	006004	006003	52	5.0	4.0	0,799	true	[006004, 006001, 006000, 006008, 006006, 006002, 006009, 006005, 006007, 006003]
9490	6	006004	006003	53	18.0	4.0	0,859	true	[006004, 006001, 006000, 006008, 006006, 006005, 006003]
9491	6	006004	006003	54	5.0	4.0	0,850	true	[006004, 006001, 006000, 006008, 006006, 006005, 006007, 006003]
9492	6	006004	006003	55	18.0	4.0	0,824	true	[006004, 006001, 006000, 006008, 006006, 006005, 006009, 006002, 006007, 006003]
9493	6	006004	006003	56	18.0	4.0	0,808	true	[006004, 006001, 006000, 006008, 006006, 006007, 006002, 006009, 006005, 006003]
9494	6	006004	006003	57	18.0	4.0	0,894	true	[006004, 006001, 006000, 006008, 006006, 006007, 006003]
9495	6	006004	006003	58	5.0	4.0	0,833	true	[006004, 006001, 006000, 006008, 006006, 006007, 006005, 006003]
9496	6	006004	006003	59	18.0	4.0	0,791	true	[006004, 006001, 006000, 006008, 006006, 006009, 006002, 006007, 006003]
9497	6	006004	006003	60	5.0	4.0	0,737	true	[006004, 006001, 006000, 006008, 006006, 006009, 006002, 006007, 006005, 006003]
9498	6	006004	006003	61	18.0	4.0	0,824	true	[006004, 006001, 006000, 006008, 006006, 006009, 006005, 006003]
9499	6	006004	006003	62	5.0	4.0	0,816	true	[006004, 006001, 006000, 006008, 006006, 006009, 006005, 006007, 006003]
9500	6	006004	006003	63	12.0	5.0	0,841	true	[006004, 006001, 006000, 006009, 006002, 006006, 006005, 006003]
9501	6	006004	006003	64	5.0	5.0	0,833	true	[006004, 006001, 006000, 006009, 006002, 006006, 006005, 006007, 006003]
9502	6	006004	006003	65	12.0	5.0	0,876	true	[006004, 006001, 006000, 006009, 006002, 006006, 006007, 006003]
9503	6	006004	006003	66	5.0	5.0	0,816	true	[006004, 006001, 006000, 006009, 006002, 006006, 006007, 006005, 006003]
9504	6	006004	006003	67	12.0	5.0	0,833	true	[006004, 006001, 006000, 006009, 006002, 006006, 006008, 006003]
9505	6	006004	006003	68	20.0	4.0	0,876	true	[006004, 006001, 006000, 006009, 006002, 006007, 006003]
9506	6	006004	006003	69	5.0	4.0	0,816	true	[006004, 006001, 006000, 006009, 006002, 006007, 006005, 006003]
9507	6	006004	006003	70	5.0	4.0	0,791	true	[006004, 006001, 006000, 006009, 006002, 006007, 006005, 006006, 006008, 006003]
9508	6	006004	006003	71	24.0	4.0	0,841	true	[006004, 006001, 006000, 006009, 006002, 006007, 006006, 006005, 006003]
9509	6	006004	006003	72	24.0	4.0	0,833	true	[006004, 006001, 006000, 006009, 006002, 006007, 006006, 006008, 006003]
9510	6	006004	006003	73	18.0	5.0	0,913	true	[006004, 006001, 006000, 006009, 006005, 006003]
9511	6	006004	006003	74	12.0	4.0	0,858	true	[006004, 006001, 006000, 006009, 006005, 006006, 006002, 006007, 006003]
9512	6	006004	006003	75	18.0	5.0	0,931	true	[006004, 006001, 006000, 006009, 006005, 006006, 006007, 006003]
9513	6	006004	006003	76	18.0	5.0	0,885	true	[006004, 006001, 006000, 006009, 006005, 006006, 006008, 006003]
9514	6	006004	006003	77	5.0	4.0	0,791	true	[006004, 006001, 006000, 006009, 006005, 006007, 006002, 006006, 006008, 006003]
9515	6	006004	006003	78	5.0	5.0	0,903	true	[006004, 006001, 006000, 006009, 006005, 006007, 006003]
9516	6	006004	006003	79	5.0	5.0	0,859	true	[006004, 006001, 006000, 006009, 006005, 006007, 006006, 006008, 006003]
9517	6	006004	006003	80	12.0	4.0	0,824	true	[006004, 006001, 006000, 006009, 006006, 006002, 006007, 006003]
9518	6	006004	006003	81	5.0	4.0	0,767	true	[006004, 006001, 006000, 006009, 006006, 006002, 006007, 006005, 006003]
9519	6	006004	006003	82	24.0	5.0	0,858	true	[006004, 006001, 006000, 006009, 006006, 006005, 006003]
9520	6	006004	006003	83	5.0	5.0	0,849	true	[006004, 006001, 006000, 006009, 006006, 006005, 006007, 006003]
9521	6	006004	006003	84	20.0	5.0	0,894	true	[006004, 006001, 006000, 006009, 006006, 006007, 006003]
9522	6	006004	006003	85	5.0	5.0	0,832	true	[006004, 006001, 006000, 006009, 006006, 006007, 006005, 006003]
9523	6	006004	006003	86	24.0	5.0	0,850	true	[006004, 006001, 006000, 006009, 006006, 006008, 006003]
9524	6	006004	006003	87	24.0	5.0	0,912	true	[006004, 006001, 006003]
9525	6	006004	006003	88	18.0	5.0	0,885	true	[006004, 006001, 006005, 006000, 006003]
9526	6	006004	006003	89	12.0	4.0	0,824	true	[006004, 006001, 006005, 006000, 006006, 006002, 006007, 006003]
9527	6	006004	006003	90	17.0	5.0	0,894	true	[006004, 006001, 006005, 006000, 006006, 006007, 006003]
9528	6	006004	006003	91	17.0	5.0	0,850	true	[006004, 006001, 006005, 006000, 006006, 006008, 006003]
9529	6	006004	006003	92	17.0	4.0	0,791	true	[006004, 006001, 006005, 006000, 006006, 006009, 006002, 006007, 006003]
9530	6	006004	006003	93	12.0	4.0	0,791	true	[006004, 006001, 006005, 006000, 006007, 006002, 006006, 006008, 006003]
9531	6	006004	006003	94	18.0	4.0	0,760	true	[006004, 006001, 006005, 006000, 006007, 006002, 006009, 006006, 006008, 006003]
9532	6	006004	006003	95	18.0	4.0	0,903	true	[006004, 006001, 006005, 006000, 006007, 006003]
9533	6	006004	006003	96	18.0	4.0	0,859	true	[006004, 006001, 006005, 006000, 006007, 006006, 006008, 006003]
9534	6	006004	006003	97	18.0	4.0	0,876	true	[006004, 006001, 006005, 006000, 006008, 006003]
9535	6	006004	006003	98	12.0	4.0	0,799	true	[006004, 006001, 006005, 006000, 006008, 006006, 006002, 006007, 006003]
9536	6	006004	006003	99	18.0	4.0	0,867	true	[006004, 006001, 006005, 006000, 006008, 006006, 006007, 006003]
9537	6	006004	006003	100	18.0	4.0	0,767	true	[006004, 006001, 006005, 006000, 006008, 006006, 006009, 006002, 006007, 006003]
9538	6	006004	006003	101	20.0	5.0	0,894	true	[006004, 006001, 006005, 006003]
9539	6	006004	006003	102	29.0	4.0	1,000	true	[006004, 006003]
9540	7	007008	007009	0	8.0	4.0	0,759	true	[007008, 007000, 007001, 007004, 007002, 007003, 007005, 007006, 007007, 007009]
9541	7	007008	007009	1	16.0	4.0	0,807	true	[007008, 007000, 007001, 007004, 007002, 007003, 007005, 007006, 007009]
9542	7	007008	007009	2	5.0	4.0	0,832	true	[007008, 007000, 007001, 007004, 007002, 007003, 007005, 007009]
9543	7	007008	007009	3	5.0	3.0	0,816	true	[007008, 007000, 007001, 007004, 007002, 007003, 007006, 007005, 007009]
9544	7	007008	007009	4	8.0	3.0	0,791	true	[007008, 007000, 007001, 007004, 007002, 007003, 007006, 007007, 007009]
9545	7	007008	007009	5	13.0	3.0	0,841	true	[007008, 007000, 007001, 007004, 007002, 007003, 007006, 007009]
9546	7	007008	007009	6	5.0	3.0	0,807	true	[007008, 007000, 007001, 007004, 007002, 007007, 007006, 007003, 007005, 007009]
9547	7	007008	007009	7	5.0	3.0	0,824	true	[007008, 007000, 007001, 007004, 007002, 007007, 007006, 007005, 007009]
9548	7	007008	007009	8	8.0	3.0	0,849	true	[007008, 007000, 007001, 007004, 007002, 007007, 007006, 007009]
9549	7	007008	007009	9	18.0	3.0	0,885	true	[007008, 007000, 007001, 007004, 007002, 007007, 007009]
9550	7	007008	007009	10	17.0	4.0	0,885	true	[007008, 007000, 007001, 007004, 007002, 007009]
9551	7	007008	007009	11	5.0	3.0	0,744	true	[007008, 007000, 007001, 007004, 007003, 007002, 007007, 007006, 007005, 007009]
9552	7	007008	007009	12	8.0	3.0	0,767	true	[007008, 007000, 007001, 007004, 007003, 007002, 007007, 007006, 007009]
9553	7	007008	007009	13	18.0	3.0	0,799	true	[007008, 007000, 007001, 007004, 007003, 007002, 007007, 007009]
9554	7	007008	007009	14	17.0	4.0	0,799	true	[007008, 007000, 007001, 007004, 007003, 007002, 007009]
9555	7	007008	007009	15	8.0	3.0	0,744	true	[007008, 007000, 007001, 007004, 007003, 007005, 007006, 007007, 007002, 007009]
9556	7	007008	007009	16	8.0	4.0	0,759	true	[007008, 007000, 007001, 007004, 007003, 007005, 007006, 007007, 007009]
9557	7	007008	007009	17	16.0	4.0	0,807	true	[007008, 007000, 007001, 007004, 007003, 007005, 007006, 007009]
9558	7	007008	007009	18	5.0	4.0	0,832	true	[007008, 007000, 007001, 007004, 007003, 007005, 007009]
9559	7	007008	007009	19	5.0	3.0	0,816	true	[007008, 007000, 007001, 007004, 007003, 007006, 007005, 007009]
9560	7	007008	007009	20	8.0	3.0	0,775	true	[007008, 007000, 007001, 007004, 007003, 007006, 007007, 007002, 007009]
9561	7	007008	007009	21	8.0	3.0	0,791	true	[007008, 007000, 007001, 007004, 007003, 007006, 007007, 007009]
9562	7	007008	007009	22	13.0	3.0	0,841	true	[007008, 007000, 007001, 007004, 007003, 007006, 007009]
9563	7	007008	007009	23	8.0	3.0	0,744	true	[007008, 007000, 007001, 007004, 007005, 007003, 007002, 007007, 007006, 007009]
9564	7	007008	007009	24	18.0	3.0	0,775	true	[007008, 007000, 007001, 007004, 007005, 007003, 007002, 007007, 007009]
9565	7	007008	007009	25	17.0	4.0	0,775	true	[007008, 007000, 007001, 007004, 007005, 007003, 007002, 007009]
9566	7	007008	007009	26	8.0	3.0	0,752	true	[007008, 007000, 007001, 007004, 007005, 007003, 007006, 007007, 007002, 007009]
9567	7	007008	007009	27	8.0	3.0	0,767	true	[007008, 007000, 007001, 007004, 007005, 007003, 007006, 007007, 007009]
9568	7	007008	007009	28	13.0	3.0	0,816	true	[007008, 007000, 007001, 007004, 007005, 007003, 007006, 007009]
9569	7	007008	007009	29	13.0	3.0	0,759	true	[007008, 007000, 007001, 007004, 007005, 007006, 007003, 007002, 007007, 007009]
9570	7	007008	007009	30	13.0	3.0	0,759	true	[007008, 007000, 007001, 007004, 007005, 007006, 007003, 007002, 007009]
9571	7	007008	007009	31	8.0	3.0	0,767	true	[007008, 007000, 007001, 007004, 007005, 007006, 007007, 007002, 007009]
9572	7	007008	007009	32	8.0	4.0	0,783	true	[007008, 007000, 007001, 007004, 007005, 007006, 007007, 007009]
9573	7	007008	007009	33	16.0	4.0	0,832	true	[007008, 007000, 007001, 007004, 007005, 007006, 007009]
9574	7	007008	007009	34	5.0	4.0	0,858	true	[007008, 007000, 007001, 007004, 007005, 007009]
9575	7	007008	007009	35	13.0	3.0	0,824	true	[007008, 007000, 007001, 007004, 007006, 007003, 007002, 007007, 007009]
9576	7	007008	007009	36	13.0	3.0	0,824	true	[007008, 007000, 007001, 007004, 007006, 007003, 007002, 007009]
9577	7	007008	007009	37	5.0	3.0	0,858	true	[007008, 007000, 007001, 007004, 007006, 007003, 007005, 007009]
9578	7	007008	007009	38	18.0	3.0	0,791	true	[007008, 007000, 007001, 007004, 007006, 007005, 007003, 007002, 007007, 007009]
9579	7	007008	007009	39	17.0	4.0	0,791	true	[007008, 007000, 007001, 007004, 007006, 007005, 007003, 007002, 007009]
9580	7	007008	007009	40	5.0	4.0	0,876	true	[007008, 007000, 007001, 007004, 007006, 007005, 007009]
9581	7	007008	007009	41	5.0	3.0	0,783	true	[007008, 007000, 007001, 007004, 007006, 007007, 007002, 007003, 007005, 007009]
9582	7	007008	007009	42	8.0	3.0	0,832	true	[007008, 007000, 007001, 007004, 007006, 007007, 007002, 007009]
9583	7	007008	007009	43	8.0	4.0	0,849	true	[007008, 007000, 007001, 007004, 007006, 007007, 007009]
9584	7	007008	007009	44	16.0	4.0	0,903	true	[007008, 007000, 007001, 007004, 007006, 007009]
9585	7	007008	007009	45	16.0	3.0	0,783	true	[007008, 007000, 007001, 007004, 007007, 007002, 007003, 007005, 007006, 007009]
9586	7	007008	007009	46	5.0	3.0	0,807	true	[007008, 007000, 007001, 007004, 007007, 007002, 007003, 007005, 007009]
9587	7	007008	007009	47	5.0	3.0	0,791	true	[007008, 007000, 007001, 007004, 007007, 007002, 007003, 007006, 007005, 007009]
9588	7	007008	007009	48	13.0	3.0	0,816	true	[007008, 007000, 007001, 007004, 007007, 007002, 007003, 007006, 007009]
9589	7	007008	007009	49	17.0	3.0	0,859	true	[007008, 007000, 007001, 007004, 007007, 007002, 007009]
9590	7	007008	007009	50	8.0	3.0	0,767	true	[007008, 007000, 007001, 007004, 007007, 007006, 007003, 007002, 007009]
9591	7	007008	007009	51	5.0	3.0	0,799	true	[007008, 007000, 007001, 007004, 007007, 007006, 007003, 007005, 007009]
9592	7	007008	007009	52	8.0	4.0	0,736	true	[007008, 007000, 007001, 007004, 007007, 007006, 007005, 007003, 007002, 007009]
9593	7	007008	007009	53	5.0	4.0	0,816	true	[007008, 007000, 007001, 007004, 007007, 007006, 007005, 007009]
9594	7	007008	007009	54	8.0	4.0	0,841	true	[007008, 007000, 007001, 007004, 007007, 007006, 007009]
9595	7	007008	007009	55	18.0	4.0	0,876	true	[007008, 007000, 007001, 007004, 007007, 007009]
9596	7	007008	007009	56	27.0	4.0	0,894	true	[007008, 007000, 007001, 007004, 007009]
9597	7	007008	007009	57	8.0	4.0	0,799	true	[007008, 007000, 007001, 007005, 007003, 007002, 007004, 007006, 007007, 007009]
9598	7	007008	007009	58	14.0	4.0	0,849	true	[007008, 007000, 007001, 007005, 007003, 007002, 007004, 007006, 007009]
9599	7	007008	007009	59	8.0	4.0	0,791	true	[007008, 007000, 007001, 007005, 007003, 007002, 007004, 007007, 007006, 007009]
9600	7	007008	007009	60	14.0	4.0	0,824	true	[007008, 007000, 007001, 007005, 007003, 007002, 007004, 007007, 007009]
9601	7	007008	007009	61	14.0	4.0	0,841	true	[007008, 007000, 007001, 007005, 007003, 007002, 007004, 007009]
9602	7	007008	007009	62	14.0	3.0	0,824	true	[007008, 007000, 007001, 007005, 007003, 007002, 007007, 007004, 007006, 007009]
9603	7	007008	007009	63	14.0	3.0	0,816	true	[007008, 007000, 007001, 007005, 007003, 007002, 007007, 007004, 007009]
9604	7	007008	007009	64	8.0	3.0	0,791	true	[007008, 007000, 007001, 007005, 007003, 007002, 007007, 007006, 007004, 007009]
9605	7	007008	007009	65	8.0	3.0	0,799	true	[007008, 007000, 007001, 007005, 007003, 007002, 007007, 007006, 007009]
9606	7	007008	007009	66	14.0	3.0	0,832	true	[007008, 007000, 007001, 007005, 007003, 007002, 007007, 007009]
9607	7	007008	007009	67	14.0	4.0	0,832	true	[007008, 007000, 007001, 007005, 007003, 007002, 007009]
9608	7	007008	007009	68	8.0	3.0	0,799	true	[007008, 007000, 007001, 007005, 007003, 007004, 007002, 007007, 007006, 007009]
9609	7	007008	007009	69	14.0	3.0	0,832	true	[007008, 007000, 007001, 007005, 007003, 007004, 007002, 007007, 007009]
9610	7	007008	007009	70	14.0	4.0	0,832	true	[007008, 007000, 007001, 007005, 007003, 007004, 007002, 007009]
9611	7	007008	007009	71	8.0	3.0	0,783	true	[007008, 007000, 007001, 007005, 007003, 007004, 007006, 007007, 007002, 007009]
9612	7	007008	007009	72	8.0	4.0	0,799	true	[007008, 007000, 007001, 007005, 007003, 007004, 007006, 007007, 007009]
9613	7	007008	007009	73	14.0	4.0	0,849	true	[007008, 007000, 007001, 007005, 007003, 007004, 007006, 007009]
9614	7	007008	007009	74	14.0	3.0	0,807	true	[007008, 007000, 007001, 007005, 007003, 007004, 007007, 007002, 007009]
9615	7	007008	007009	75	8.0	4.0	0,791	true	[007008, 007000, 007001, 007005, 007003, 007004, 007007, 007006, 007009]
9616	7	007008	007009	76	14.0	4.0	0,824	true	[007008, 007000, 007001, 007005, 007003, 007004, 007007, 007009]
9617	7	007008	007009	77	14.0	4.0	0,841	true	[007008, 007000, 007001, 007005, 007003, 007004, 007009]
9618	7	007008	007009	78	13.0	3.0	0,859	true	[007008, 007000, 007001, 007005, 007003, 007006, 007004, 007002, 007007, 007009]
9619	7	007008	007009	79	13.0	3.0	0,858	true	[007008, 007000, 007001, 007005, 007003, 007006, 007004, 007002, 007009]
9620	7	007008	007009	80	13.0	3.0	0,833	true	[007008, 007000, 007001, 007005, 007003, 007006, 007004, 007007, 007002, 007009]
9621	7	007008	007009	81	13.0	3.0	0,850	true	[007008, 007000, 007001, 007005, 007003, 007006, 007004, 007007, 007009]
9622	7	007008	007009	82	13.0	3.0	0,867	true	[007008, 007000, 007001, 007005, 007003, 007006, 007004, 007009]
9623	7	007008	007009	83	8.0	3.0	0,816	true	[007008, 007000, 007001, 007005, 007003, 007006, 007007, 007002, 007004, 007009]
9624	7	007008	007009	84	8.0	3.0	0,807	true	[007008, 007000, 007001, 007005, 007003, 007006, 007007, 007002, 007009]
9625	7	007008	007009	85	8.0	3.0	0,799	true	[007008, 007000, 007001, 007005, 007003, 007006, 007007, 007004, 007002, 007009]
9626	7	007008	007009	86	8.0	3.0	0,807	true	[007008, 007000, 007001, 007005, 007003, 007006, 007007, 007004, 007009]
9627	7	007008	007009	87	8.0	3.0	0,824	true	[007008, 007000, 007001, 007005, 007003, 007006, 007007, 007009]
9628	7	007008	007009	88	13.0	3.0	0,876	true	[007008, 007000, 007001, 007005, 007003, 007006, 007009]
9629	7	007008	007009	89	8.0	3.0	0,767	true	[007008, 007000, 007001, 007005, 007004, 007002, 007003, 007006, 007007, 007009]
9630	7	007008	007009	90	13.0	3.0	0,815	true	[007008, 007000, 007001, 007005, 007004, 007002, 007003, 007006, 007009]
9631	7	007008	007009	91	8.0	3.0	0,823	true	[007008, 007000, 007001, 007005, 007004, 007002, 007007, 007006, 007009]
9632	7	007008	007009	92	14.0	3.0	0,858	true	[007008, 007000, 007001, 007005, 007004, 007002, 007007, 007009]
9633	7	007008	007009	93	14.0	4.0	0,858	true	[007008, 007000, 007001, 007005, 007004, 007002, 007009]
9634	7	007008	007009	94	8.0	3.0	0,743	true	[007008, 007000, 007001, 007005, 007004, 007003, 007002, 007007, 007006, 007009]
9635	7	007008	007009	95	14.0	3.0	0,774	true	[007008, 007000, 007001, 007005, 007004, 007003, 007002, 007007, 007009]
9636	7	007008	007009	96	14.0	4.0	0,774	true	[007008, 007000, 007001, 007005, 007004, 007003, 007002, 007009]
9637	7	007008	007009	97	8.0	3.0	0,751	true	[007008, 007000, 007001, 007005, 007004, 007003, 007006, 007007, 007002, 007009]
9638	7	007008	007009	98	8.0	3.0	0,767	true	[007008, 007000, 007001, 007005, 007004, 007003, 007006, 007007, 007009]
9639	7	007008	007009	99	13.0	3.0	0,815	true	[007008, 007000, 007001, 007005, 007004, 007003, 007006, 007009]
9640	7	007008	007009	100	13.0	3.0	0,799	true	[007008, 007000, 007001, 007005, 007004, 007006, 007003, 007002, 007007, 007009]
9641	7	007008	007009	101	13.0	3.0	0,799	true	[007008, 007000, 007001, 007005, 007004, 007006, 007003, 007002, 007009]
9642	7	007008	007009	102	14.0	4.0	0,875	true	[007008, 007000, 007001, 007005, 007004, 007006, 007009]
9643	7	007008	007009	103	14.0	4.0	0,867	true	[007008, 007000, 007001, 007005, 007004, 007009]
9644	7	007008	007009	104	5.0	4.0	0,922	true	[007008, 007000, 007001, 007005, 007009]
9645	7	007008	007009	105	47.0	4.0	0,903	true	[007008, 007000, 007001, 007009]
9646	8	008006	008002	0	39.0	10.0	0,950	true	[008006, 008002]
9647	8	008006	008002	1	9.0	5.0	0,970	true	[008006, 008003, 008002]
9648	8	008006	008002	2	10.0	3.0	0,922	true	[008006, 008003, 008004, 008001, 008000, 008002]
9649	8	008006	008002	3	18.0	3.0	0,791	true	[008006, 008003, 008004, 008001, 008000, 008007, 008008, 008005, 008002]
9650	8	008006	008002	4	18.0	3.0	0,752	true	[008006, 008003, 008004, 008001, 008000, 008007, 008008, 008005, 008009, 008002]
9651	8	008006	008002	5	18.0	3.0	0,791	true	[008006, 008003, 008004, 008001, 008000, 008007, 008008, 008009, 008002]
9652	8	008006	008002	6	18.0	3.0	0,752	true	[008006, 008003, 008004, 008001, 008000, 008007, 008008, 008009, 008005, 008002]
9653	8	008006	008002	7	18.0	3.0	0,841	true	[008006, 008003, 008004, 008001, 008000, 008007, 008009, 008002]
9654	8	008006	008002	8	18.0	3.0	0,799	true	[008006, 008003, 008004, 008001, 008000, 008007, 008009, 008005, 008002]
9655	8	008006	008002	9	18.0	3.0	0,775	true	[008006, 008003, 008004, 008001, 008000, 008007, 008009, 008008, 008005, 008002]
9656	8	008006	008002	10	23.0	3.0	0,841	true	[008006, 008003, 008004, 008001, 008000, 008008, 008005, 008002]
9657	8	008006	008002	11	19.0	3.0	0,799	true	[008006, 008003, 008004, 008001, 008000, 008008, 008005, 008009, 008002]
9658	8	008006	008002	12	21.0	3.0	0,842	true	[008006, 008003, 008004, 008001, 008000, 008008, 008007, 008009, 008002]
9659	8	008006	008002	13	19.0	3.0	0,800	true	[008006, 008003, 008004, 008001, 008000, 008008, 008007, 008009, 008005, 008002]
9660	8	008006	008002	14	23.0	3.0	0,841	true	[008006, 008003, 008004, 008001, 008000, 008008, 008009, 008002]
9661	8	008006	008002	15	19.0	3.0	0,799	true	[008006, 008003, 008004, 008001, 008000, 008008, 008009, 008005, 008002]
9662	8	008006	008002	16	28.0	3.0	0,850	true	[008006, 008003, 008004, 008001, 008000, 008009, 008002]
9663	8	008006	008002	17	19.0	3.0	0,807	true	[008006, 008003, 008004, 008001, 008000, 008009, 008005, 008002]
9664	8	008006	008002	18	21.0	3.0	0,783	true	[008006, 008003, 008004, 008001, 008000, 008009, 008007, 008008, 008005, 008002]
9665	8	008006	008002	19	23.0	3.0	0,783	true	[008006, 008003, 008004, 008001, 008000, 008009, 008008, 008005, 008002]
9666	8	008006	008002	20	7.0	4.0	0,922	true	[008006, 008003, 008004, 008001, 008002]
9667	8	008006	008002	21	10.0	3.0	0,894	true	[008006, 008003, 008004, 008001, 008007, 008000, 008002]
9668	8	008006	008002	22	18.0	3.0	0,816	true	[008006, 008003, 008004, 008001, 008007, 008000, 008008, 008005, 008002]
9669	8	008006	008002	23	18.0	3.0	0,775	true	[008006, 008003, 008004, 008001, 008007, 008000, 008008, 008005, 008009, 008002]
9670	8	008006	008002	24	18.0	3.0	0,816	true	[008006, 008003, 008004, 008001, 008007, 008000, 008008, 008009, 008002]
9671	8	008006	008002	25	18.0	3.0	0,775	true	[008006, 008003, 008004, 008001, 008007, 008000, 008008, 008009, 008005, 008002]
9672	8	008006	008002	26	18.0	3.0	0,824	true	[008006, 008003, 008004, 008001, 008007, 008000, 008009, 008002]
9673	8	008006	008002	27	18.0	3.0	0,783	true	[008006, 008003, 008004, 008001, 008007, 008000, 008009, 008005, 008002]
9674	8	008006	008002	28	18.0	3.0	0,759	true	[008006, 008003, 008004, 008001, 008007, 008000, 008009, 008008, 008005, 008002]
9675	8	008006	008002	29	10.0	4.0	0,895	true	[008006, 008003, 008004, 008001, 008007, 008008, 008000, 008002]
9676	8	008006	008002	30	23.0	3.0	0,825	true	[008006, 008003, 008004, 008001, 008007, 008008, 008000, 008009, 008002]
9677	8	008006	008002	31	19.0	3.0	0,783	true	[008006, 008003, 008004, 008001, 008007, 008008, 008000, 008009, 008005, 008002]
9678	8	008006	008002	32	23.0	4.0	0,850	true	[008006, 008003, 008004, 008001, 008007, 008008, 008005, 008002]
9679	8	008006	008002	33	10.0	3.0	0,791	true	[008006, 008003, 008004, 008001, 008007, 008008, 008005, 008009, 008000, 008002]
9680	8	008006	008002	34	19.0	4.0	0,808	true	[008006, 008003, 008004, 008001, 008007, 008008, 008005, 008009, 008002]
9681	8	008006	008002	35	10.0	3.0	0,833	true	[008006, 008003, 008004, 008001, 008007, 008008, 008009, 008000, 008002]
9682	8	008006	008002	36	28.0	4.0	0,850	true	[008006, 008003, 008004, 008001, 008007, 008008, 008009, 008002]
9683	8	008006	008002	37	19.0	4.0	0,808	true	[008006, 008003, 008004, 008001, 008007, 008008, 008009, 008005, 008002]
9684	8	008006	008002	38	10.0	3.0	0,885	true	[008006, 008003, 008004, 008001, 008007, 008009, 008000, 008002]
9685	8	008006	008002	39	21.0	3.0	0,808	true	[008006, 008003, 008004, 008001, 008007, 008009, 008000, 008008, 008005, 008002]
9686	8	008006	008002	40	21.0	4.0	0,904	true	[008006, 008003, 008004, 008001, 008007, 008009, 008002]
9687	8	008006	008002	41	19.0	4.0	0,859	true	[008006, 008003, 008004, 008001, 008007, 008009, 008005, 008002]
9688	8	008006	008002	42	10.0	4.0	0,833	true	[008006, 008003, 008004, 008001, 008007, 008009, 008005, 008008, 008000, 008002]
9689	8	008006	008002	43	10.0	4.0	0,877	true	[008006, 008003, 008004, 008001, 008007, 008009, 008008, 008000, 008002]
9690	8	008006	008002	44	21.0	4.0	0,833	true	[008006, 008003, 008004, 008001, 008007, 008009, 008008, 008005, 008002]
9691	8	008006	008002	45	10.0	4.0	0,904	true	[008006, 008003, 008004, 008001, 008008, 008000, 008002]
9692	8	008006	008002	46	18.0	3.0	0,824	true	[008006, 008003, 008004, 008001, 008008, 008000, 008007, 008009, 008002]
9693	8	008006	008002	47	18.0	3.0	0,783	true	[008006, 008003, 008004, 008001, 008008, 008000, 008007, 008009, 008005, 008002]
9694	8	008006	008002	48	23.0	3.0	0,833	true	[008006, 008003, 008004, 008001, 008008, 008000, 008009, 008002]
9695	8	008006	008002	49	19.0	3.0	0,791	true	[008006, 008003, 008004, 008001, 008008, 008000, 008009, 008005, 008002]
9696	8	008006	008002	50	23.0	4.0	0,859	true	[008006, 008003, 008004, 008001, 008008, 008005, 008002]
9697	8	008006	008002	51	10.0	3.0	0,799	true	[008006, 008003, 008004, 008001, 008008, 008005, 008009, 008000, 008002]
9698	8	008006	008002	52	19.0	4.0	0,816	true	[008006, 008003, 008004, 008001, 008008, 008005, 008009, 008002]
9699	8	008006	008002	53	10.0	3.0	0,791	true	[008006, 008003, 008004, 008001, 008008, 008005, 008009, 008007, 008000, 008002]
9700	8	008006	008002	54	10.0	3.0	0,850	true	[008006, 008003, 008004, 008001, 008008, 008007, 008000, 008002]
9701	8	008006	008002	55	18.0	3.0	0,783	true	[008006, 008003, 008004, 008001, 008008, 008007, 008000, 008009, 008002]
9702	8	008006	008002	56	18.0	3.0	0,744	true	[008006, 008003, 008004, 008001, 008008, 008007, 008000, 008009, 008005, 008002]
9703	8	008006	008002	57	10.0	3.0	0,841	true	[008006, 008003, 008004, 008001, 008008, 008007, 008009, 008000, 008002]
9704	8	008006	008002	58	21.0	4.0	0,859	true	[008006, 008003, 008004, 008001, 008008, 008007, 008009, 008002]
9705	8	008006	008002	59	19.0	4.0	0,816	true	[008006, 008003, 008004, 008001, 008008, 008007, 008009, 008005, 008002]
9706	8	008006	008002	60	10.0	3.0	0,841	true	[008006, 008003, 008004, 008001, 008008, 008009, 008000, 008002]
9707	8	008006	008002	61	28.0	4.0	0,859	true	[008006, 008003, 008004, 008001, 008008, 008009, 008002]
9708	8	008006	008002	62	19.0	4.0	0,816	true	[008006, 008003, 008004, 008001, 008008, 008009, 008005, 008002]
9709	8	008006	008002	63	10.0	3.0	0,833	true	[008006, 008003, 008004, 008001, 008008, 008009, 008007, 008000, 008002]
9710	8	008006	008002	64	10.0	3.0	0,903	true	[008006, 008003, 008004, 008001, 008009, 008000, 008002]
9711	8	008006	008002	65	18.0	3.0	0,775	true	[008006, 008003, 008004, 008001, 008009, 008000, 008007, 008008, 008005, 008002]
9712	8	008006	008002	66	23.0	3.0	0,824	true	[008006, 008003, 008004, 008001, 008009, 008000, 008008, 008005, 008002]
9713	8	008006	008002	67	28.0	4.0	0,922	true	[008006, 008003, 008004, 008001, 008009, 008002]
9714	8	008006	008002	68	19.0	4.0	0,876	true	[008006, 008003, 008004, 008001, 008009, 008005, 008002]
9715	8	008006	008002	69	10.0	4.0	0,850	true	[008006, 008003, 008004, 008001, 008009, 008005, 008008, 008000, 008002]
9716	8	008006	008002	70	10.0	3.0	0,799	true	[008006, 008003, 008004, 008001, 008009, 008005, 008008, 008007, 008000, 008002]
9717	8	008006	008002	71	10.0	3.0	0,894	true	[008006, 008003, 008004, 008001, 008009, 008007, 008000, 008002]
9718	8	008006	008002	72	18.0	3.0	0,816	true	[008006, 008003, 008004, 008001, 008009, 008007, 008000, 008008, 008005, 008002]
9719	8	008006	008002	73	10.0	4.0	0,895	true	[008006, 008003, 008004, 008001, 008009, 008007, 008008, 008000, 008002]
9720	8	008006	008002	74	21.0	4.0	0,850	true	[008006, 008003, 008004, 008001, 008009, 008007, 008008, 008005, 008002]
9721	8	008006	008002	75	10.0	4.0	0,895	true	[008006, 008003, 008004, 008001, 008009, 008008, 008000, 008002]
9722	8	008006	008002	76	23.0	4.0	0,850	true	[008006, 008003, 008004, 008001, 008009, 008008, 008005, 008002]
9723	8	008006	008002	77	10.0	3.0	0,841	true	[008006, 008003, 008004, 008001, 008009, 008008, 008007, 008000, 008002]
9724	8	008006	008002	78	30.0	4.0	0,922	true	[008006, 008003, 008004, 008002]
9725	8	008006	008002	79	23.0	4.0	0,903	true	[008006, 008003, 008004, 008005, 008002]
9726	8	008006	008002	80	7.0	3.0	0,808	true	[008006, 008003, 008004, 008005, 008008, 008000, 008001, 008002]
9727	8	008006	008002	81	21.0	3.0	0,792	true	[008006, 008003, 008004, 008005, 008008, 008000, 008001, 008007, 008009, 008002]
9728	8	008006	008002	82	23.0	3.0	0,808	true	[008006, 008003, 008004, 008005, 008008, 008000, 008001, 008009, 008002]
9729	8	008006	008002	83	10.0	4.0	0,876	true	[008006, 008003, 008004, 008005, 008008, 008000, 008002]
9730	8	008006	008002	84	7.0	3.0	0,783	true	[008006, 008003, 008004, 008005, 008008, 008000, 008007, 008001, 008002]
9731	8	008006	008002	85	18.0	3.0	0,783	true	[008006, 008003, 008004, 008005, 008008, 008000, 008007, 008001, 008009, 008002]
9732	8	008006	008002	86	7.0	3.0	0,783	true	[008006, 008003, 008004, 008005, 008008, 008000, 008007, 008009, 008001, 008002]
9733	8	008006	008002	87	18.0	3.0	0,799	true	[008006, 008003, 008004, 008005, 008008, 008000, 008007, 008009, 008002]
9734	8	008006	008002	88	7.0	3.0	0,791	true	[008006, 008003, 008004, 008005, 008008, 008000, 008009, 008001, 008002]
9735	8	008006	008002	89	23.0	3.0	0,807	true	[008006, 008003, 008004, 008005, 008008, 008000, 008009, 008002]
9736	8	008006	008002	90	7.0	3.0	0,775	true	[008006, 008003, 008004, 008005, 008008, 008000, 008009, 008007, 008001, 008002]
9737	8	008006	008002	91	10.0	3.0	0,824	true	[008006, 008003, 008004, 008005, 008008, 008001, 008000, 008002]
9738	8	008006	008002	92	18.0	3.0	0,752	true	[008006, 008003, 008004, 008005, 008008, 008001, 008000, 008007, 008009, 008002]
9739	8	008006	008002	93	30.0	3.0	0,759	true	[008006, 008003, 008004, 008005, 008008, 008001, 008000, 008009, 008002]
9740	8	008006	008002	94	7.0	4.0	0,824	true	[008006, 008003, 008004, 008005, 008008, 008001, 008002]
9741	8	008006	008002	95	10.0	3.0	0,799	true	[008006, 008003, 008004, 008005, 008008, 008001, 008007, 008000, 008002]
9742	8	008006	008002	96	18.0	3.0	0,736	true	[008006, 008003, 008004, 008005, 008008, 008001, 008007, 008000, 008009, 008002]
9743	8	008006	008002	97	10.0	3.0	0,791	true	[008006, 008003, 008004, 008005, 008008, 008001, 008007, 008009, 008000, 008002]
9744	8	008006	008002	98	21.0	4.0	0,808	true	[008006, 008003, 008004, 008005, 008008, 008001, 008007, 008009, 008002]
9745	8	008006	008002	99	10.0	3.0	0,807	true	[008006, 008003, 008004, 008005, 008008, 008001, 008009, 008000, 008002]
9746	8	008006	008002	100	29.0	4.0	0,824	true	[008006, 008003, 008004, 008005, 008008, 008001, 008009, 008002]
9747	9	009009	009002	0	28.0	5.0	0,980	true	[009009, 009000, 009002]
9748	9	009009	009002	1	12.0	6.0	0,922	true	[009009, 009000, 009003, 009002]
9749	9	009009	009002	2	10.0	3.0	0,876	true	[009009, 009000, 009003, 009004, 009001, 009002]
9750	9	009009	009002	3	10.0	3.0	0,751	true	[009009, 009000, 009003, 009004, 009001, 009005, 009007, 009006, 009002]
9751	9	009009	009002	4	7.0	3.0	0,751	true	[009009, 009000, 009003, 009004, 009001, 009005, 009007, 009006, 009008, 009002]
9752	9	009009	009002	5	11.0	3.0	0,743	true	[009009, 009000, 009003, 009004, 009001, 009005, 009007, 009008, 009002]
9753	9	009009	009002	6	7.0	3.0	0,743	true	[009009, 009000, 009003, 009004, 009001, 009005, 009007, 009008, 009006, 009002]
9754	9	009009	009002	7	6.0	3.0	0,849	true	[009009, 009000, 009003, 009004, 009001, 009006, 009002]
9755	9	009009	009002	8	6.0	3.0	0,774	true	[009009, 009000, 009003, 009004, 009001, 009006, 009007, 009008, 009002]
9756	9	009009	009002	9	6.0	3.0	0,849	true	[009009, 009000, 009003, 009004, 009001, 009006, 009008, 009002]
9757	9	009009	009002	10	27.0	3.0	0,849	true	[009009, 009000, 009003, 009004, 009001, 009008, 009002]
9758	9	009009	009002	11	7.0	3.0	0,849	true	[009009, 009000, 009003, 009004, 009001, 009008, 009006, 009002]
9759	9	009009	009002	12	10.0	3.0	0,774	true	[009009, 009000, 009003, 009004, 009001, 009008, 009007, 009006, 009002]
9760	9	009009	009002	13	10.0	3.0	0,841	true	[009009, 009000, 009003, 009004, 009005, 009001, 009002]
9761	9	009009	009002	14	6.0	3.0	0,815	true	[009009, 009000, 009003, 009004, 009005, 009001, 009006, 009002]
9762	9	009009	009002	15	6.0	3.0	0,743	true	[009009, 009000, 009003, 009004, 009005, 009001, 009006, 009007, 009008, 009002]
9763	9	009009	009002	16	6.0	3.0	0,815	true	[009009, 009000, 009003, 009004, 009005, 009001, 009006, 009008, 009002]
9764	9	009009	009002	17	21.0	3.0	0,815	true	[009009, 009000, 009003, 009004, 009005, 009001, 009008, 009002]
9765	9	009009	009002	18	7.0	3.0	0,815	true	[009009, 009000, 009003, 009004, 009005, 009001, 009008, 009006, 009002]
9766	9	009009	009002	19	10.0	3.0	0,743	true	[009009, 009000, 009003, 009004, 009005, 009001, 009008, 009007, 009006, 009002]
9767	9	009009	009002	20	6.0	3.0	0,791	true	[009009, 009000, 009003, 009004, 009005, 009007, 009006, 009001, 009002]
9768	9	009009	009002	21	6.0	3.0	0,767	true	[009009, 009000, 009003, 009004, 009005, 009007, 009006, 009001, 009008, 009002]
9769	9	009009	009002	22	10.0	3.0	0,782	true	[009009, 009000, 009003, 009004, 009005, 009007, 009006, 009002]
9770	9	009009	009002	23	7.0	3.0	0,791	true	[009009, 009000, 009003, 009004, 009005, 009007, 009006, 009008, 009001, 009002]
9771	9	009009	009002	24	7.0	3.0	0,782	true	[009009, 009000, 009003, 009004, 009005, 009007, 009006, 009008, 009002]
9772	9	009009	009002	25	10.0	3.0	0,782	true	[009009, 009000, 009003, 009004, 009005, 009007, 009008, 009001, 009002]
9773	9	009009	009002	26	6.0	3.0	0,759	true	[009009, 009000, 009003, 009004, 009005, 009007, 009008, 009001, 009006, 009002]
9774	9	009009	009002	27	11.0	3.0	0,774	true	[009009, 009000, 009003, 009004, 009005, 009007, 009008, 009002]
9775	9	009009	009002	28	6.0	3.0	0,782	true	[009009, 009000, 009003, 009004, 009005, 009007, 009008, 009006, 009001, 009002]
9776	9	009009	009002	29	7.0	3.0	0,774	true	[009009, 009000, 009003, 009004, 009005, 009007, 009008, 009006, 009002]
9777	9	009009	009002	30	6.0	3.0	0,876	true	[009009, 009000, 009003, 009004, 009006, 009001, 009002]
9778	9	009009	009002	31	6.0	3.0	0,743	true	[009009, 009000, 009003, 009004, 009006, 009001, 009005, 009007, 009008, 009002]
9779	9	009009	009002	32	6.0	3.0	0,850	true	[009009, 009000, 009003, 009004, 009006, 009001, 009008, 009002]
9780	9	009009	009002	33	29.0	3.0	0,867	true	[009009, 009000, 009003, 009004, 009006, 009002]
9781	9	009009	009002	34	10.0	3.0	0,775	true	[009009, 009000, 009003, 009004, 009006, 009007, 009005, 009001, 009002]
9782	9	009009	009002	35	10.0	3.0	0,751	true	[009009, 009000, 009003, 009004, 009006, 009007, 009005, 009001, 009008, 009002]
9783	9	009009	009002	36	10.0	3.0	0,799	true	[009009, 009000, 009003, 009004, 009006, 009007, 009008, 009001, 009002]
9784	9	009009	009002	37	10.0	3.0	0,790	true	[009009, 009000, 009003, 009004, 009006, 009007, 009008, 009002]
9785	9	009009	009002	38	7.0	3.0	0,876	true	[009009, 009000, 009003, 009004, 009006, 009008, 009001, 009002]
9786	9	009009	009002	39	7.0	3.0	0,867	true	[009009, 009000, 009003, 009004, 009006, 009008, 009002]
9787	9	009009	009002	40	7.0	3.0	0,767	true	[009009, 009000, 009003, 009004, 009006, 009008, 009007, 009005, 009001, 009002]
9788	9	009009	009002	41	10.0	3.0	0,841	true	[009009, 009000, 009003, 009004, 009007, 009005, 009001, 009002]
9789	9	009009	009002	42	6.0	3.0	0,815	true	[009009, 009000, 009003, 009004, 009007, 009005, 009001, 009006, 009002]
9790	9	009009	009002	43	6.0	3.0	0,815	true	[009009, 009000, 009003, 009004, 009007, 009005, 009001, 009006, 009008, 009002]
9791	9	009009	009002	44	11.0	3.0	0,815	true	[009009, 009000, 009003, 009004, 009007, 009005, 009001, 009008, 009002]
9792	9	009009	009002	45	7.0	3.0	0,815	true	[009009, 009000, 009003, 009004, 009007, 009005, 009001, 009008, 009006, 009002]
9793	9	009009	009002	46	6.0	3.0	0,876	true	[009009, 009000, 009003, 009004, 009007, 009006, 009001, 009002]
9794	9	009009	009002	47	6.0	3.0	0,850	true	[009009, 009000, 009003, 009004, 009007, 009006, 009001, 009008, 009002]
9795	9	009009	009002	48	10.0	3.0	0,867	true	[009009, 009000, 009003, 009004, 009007, 009006, 009002]
9796	9	009009	009002	49	7.0	3.0	0,876	true	[009009, 009000, 009003, 009004, 009007, 009006, 009008, 009001, 009002]
9797	9	009009	009002	50	7.0	3.0	0,867	true	[009009, 009000, 009003, 009004, 009007, 009006, 009008, 009002]
9798	9	009009	009002	51	10.0	3.0	0,867	true	[009009, 009000, 009003, 009004, 009007, 009008, 009001, 009002]
9799	9	009009	009002	52	6.0	3.0	0,841	true	[009009, 009000, 009003, 009004, 009007, 009008, 009001, 009006, 009002]
9800	9	009009	009002	53	28.0	3.0	0,858	true	[009009, 009000, 009003, 009004, 009007, 009008, 009002]
9801	9	009009	009002	54	6.0	3.0	0,867	true	[009009, 009000, 009003, 009004, 009007, 009008, 009006, 009001, 009002]
9802	9	009009	009002	55	7.0	3.0	0,858	true	[009009, 009000, 009003, 009004, 009007, 009008, 009006, 009002]
9803	9	009009	009002	56	10.0	3.0	0,885	true	[009009, 009000, 009003, 009004, 009008, 009001, 009002]
9804	9	009009	009002	57	10.0	3.0	0,759	true	[009009, 009000, 009003, 009004, 009008, 009001, 009005, 009007, 009006, 009002]
9805	9	009009	009002	58	6.0	3.0	0,858	true	[009009, 009000, 009003, 009004, 009008, 009001, 009006, 009002]
9806	9	009009	009002	59	10.0	3.0	0,876	true	[009009, 009000, 009003, 009004, 009008, 009002]
9807	9	009009	009002	60	6.0	3.0	0,885	true	[009009, 009000, 009003, 009004, 009008, 009006, 009001, 009002]
9808	9	009009	009002	61	7.0	3.0	0,876	true	[009009, 009000, 009003, 009004, 009008, 009006, 009002]
9809	9	009009	009002	62	7.0	3.0	0,783	true	[009009, 009000, 009003, 009004, 009008, 009006, 009007, 009005, 009001, 009002]
9810	9	009009	009002	63	10.0	3.0	0,775	true	[009009, 009000, 009003, 009004, 009008, 009007, 009005, 009001, 009002]
9811	9	009009	009002	64	6.0	3.0	0,751	true	[009009, 009000, 009003, 009004, 009008, 009007, 009005, 009001, 009006, 009002]
9812	9	009009	009002	65	6.0	3.0	0,807	true	[009009, 009000, 009003, 009004, 009008, 009007, 009006, 009001, 009002]
9813	9	009009	009002	66	10.0	3.0	0,799	true	[009009, 009000, 009003, 009004, 009008, 009007, 009006, 009002]
9814	9	009009	009002	67	10.0	6.0	0,849	true	[009009, 009000, 009003, 009005, 009001, 009002]
9815	9	009009	009002	68	10.0	3.0	0,759	true	[009009, 009000, 009003, 009005, 009001, 009004, 009006, 009002]
9816	9	009009	009002	69	10.0	3.0	0,692	true	[009009, 009000, 009003, 009005, 009001, 009004, 009006, 009007, 009008, 009002]
9817	9	009009	009002	70	7.0	3.0	0,759	true	[009009, 009000, 009003, 009005, 009001, 009004, 009006, 009008, 009002]
9818	9	009009	009002	71	10.0	3.0	0,759	true	[009009, 009000, 009003, 009005, 009001, 009004, 009007, 009006, 009002]
9819	9	009009	009002	72	7.0	3.0	0,759	true	[009009, 009000, 009003, 009005, 009001, 009004, 009007, 009006, 009008, 009002]
9820	9	009009	009002	73	10.0	4.0	0,751	true	[009009, 009000, 009003, 009005, 009001, 009004, 009007, 009008, 009002]
9821	9	009009	009002	74	7.0	3.0	0,751	true	[009009, 009000, 009003, 009005, 009001, 009004, 009007, 009008, 009006, 009002]
9822	9	009009	009002	75	10.0	4.0	0,767	true	[009009, 009000, 009003, 009005, 009001, 009004, 009008, 009002]
9823	9	009009	009002	76	7.0	3.0	0,767	true	[009009, 009000, 009003, 009005, 009001, 009004, 009008, 009006, 009002]
9824	9	009009	009002	77	10.0	3.0	0,699	true	[009009, 009000, 009003, 009005, 009001, 009004, 009008, 009007, 009006, 009002]
9825	9	009009	009002	78	6.0	3.0	0,824	true	[009009, 009000, 009003, 009005, 009001, 009006, 009002]
9826	9	009009	009002	79	6.0	3.0	0,751	true	[009009, 009000, 009003, 009005, 009001, 009006, 009004, 009007, 009008, 009002]
9827	9	009009	009002	80	6.0	3.0	0,767	true	[009009, 009000, 009003, 009005, 009001, 009006, 009004, 009008, 009002]
9828	9	009009	009002	81	6.0	6.0	0,767	true	[009009, 009000, 009003, 009005, 009001, 009006, 009007, 009004, 009008, 009002]
9829	9	009009	009002	82	6.0	6.0	0,751	true	[009009, 009000, 009003, 009005, 009001, 009006, 009007, 009008, 009002]
9830	9	009009	009002	83	6.0	3.0	0,824	true	[009009, 009000, 009003, 009005, 009001, 009006, 009008, 009002]
9831	9	009009	009002	84	10.0	6.0	0,824	true	[009009, 009000, 009003, 009005, 009001, 009008, 009002]
9832	9	009009	009002	85	10.0	3.0	0,767	true	[009009, 009000, 009003, 009005, 009001, 009008, 009004, 009006, 009002]
9833	9	009009	009002	86	10.0	3.0	0,767	true	[009009, 009000, 009003, 009005, 009001, 009008, 009004, 009007, 009006, 009002]
9834	9	009009	009002	87	7.0	3.0	0,824	true	[009009, 009000, 009003, 009005, 009001, 009008, 009006, 009002]
9835	9	009009	009002	88	10.0	3.0	0,751	true	[009009, 009000, 009003, 009005, 009001, 009008, 009007, 009004, 009006, 009002]
9836	9	009009	009002	89	10.0	3.0	0,751	true	[009009, 009000, 009003, 009005, 009001, 009008, 009007, 009006, 009002]
9837	9	009009	009002	90	10.0	4.0	0,799	true	[009009, 009000, 009003, 009005, 009004, 009001, 009002]
9838	9	009009	009002	91	6.0	3.0	0,774	true	[009009, 009000, 009003, 009005, 009004, 009001, 009006, 009002]
9839	9	009009	009002	92	6.0	4.0	0,706	true	[009009, 009000, 009003, 009005, 009004, 009001, 009006, 009007, 009008, 009002]
9840	9	009009	009002	93	6.0	3.0	0,774	true	[009009, 009000, 009003, 009005, 009004, 009001, 009006, 009008, 009002]
9841	9	009009	009002	94	10.0	4.0	0,774	true	[009009, 009000, 009003, 009005, 009004, 009001, 009008, 009002]
9842	9	009009	009002	95	7.0	3.0	0,774	true	[009009, 009000, 009003, 009005, 009004, 009001, 009008, 009006, 009002]
9843	9	009009	009002	96	10.0	3.0	0,706	true	[009009, 009000, 009003, 009005, 009004, 009001, 009008, 009007, 009006, 009002]
9844	9	009009	009002	97	6.0	3.0	0,799	true	[009009, 009000, 009003, 009005, 009004, 009006, 009001, 009002]
9845	9	009009	009002	98	6.0	3.0	0,775	true	[009009, 009000, 009003, 009005, 009004, 009006, 009001, 009008, 009002]
9846	9	009009	009002	99	10.0	3.0	0,790	true	[009009, 009000, 009003, 009005, 009004, 009006, 009002]
9847	9	009009	009002	100	10.0	3.0	0,729	true	[009009, 009000, 009003, 009005, 009004, 009006, 009007, 009008, 009001, 009002]
9848	9	009009	009002	101	10.0	3.0	0,721	true	[009009, 009000, 009003, 009005, 009004, 009006, 009007, 009008, 009002]
9849	9	009009	009002	102	38.0	6.0	0,950	true	[009009, 009002]
9850	10	010006	010004	0	14.0	4.0	0,932	true	[010006, 010000, 010002, 010001, 010004]
9851	10	010006	010004	1	22.0	4.0	0,816	true	[010006, 010000, 010002, 010001, 010007, 010003, 010004]
9852	10	010006	010004	2	14.0	4.0	0,816	true	[010006, 010000, 010002, 010001, 010007, 010003, 010005, 010004]
9853	10	010006	010004	3	9.0	4.0	0,791	true	[010006, 010000, 010002, 010001, 010007, 010003, 010005, 010008, 010004]
9854	10	010006	010004	4	9.0	4.0	0,760	true	[010006, 010000, 010002, 010001, 010007, 010003, 010005, 010009, 010008, 010004]
9855	10	010006	010004	5	12.0	4.0	0,799	true	[010006, 010000, 010002, 010001, 010007, 010003, 010009, 010005, 010004]
9856	10	010006	010004	6	9.0	4.0	0,776	true	[010006, 010000, 010002, 010001, 010007, 010003, 010009, 010005, 010008, 010004]
9857	10	010006	010004	7	9.0	4.0	0,791	true	[010006, 010000, 010002, 010001, 010007, 010003, 010009, 010008, 010004]
9858	10	010006	010004	8	12.0	4.0	0,800	true	[010006, 010000, 010002, 010001, 010007, 010003, 010009, 010008, 010005, 010004]
9859	10	010006	010004	9	24.0	4.0	0,894	true	[010006, 010000, 010002, 010001, 010007, 010004]
9860	10	010006	010004	10	14.0	3.0	0,799	true	[010006, 010000, 010002, 010001, 010007, 010005, 010003, 010004]
9861	10	010006	010004	11	9.0	3.0	0,776	true	[010006, 010000, 010002, 010001, 010007, 010005, 010003, 010009, 010008, 010004]
9862	10	010006	010004	12	24.0	3.0	0,867	true	[010006, 010000, 010002, 010001, 010007, 010005, 010004]
9863	10	010006	010004	13	9.0	3.0	0,842	true	[010006, 010000, 010002, 010001, 010007, 010005, 010008, 010004]
9864	10	010006	010004	14	12.0	3.0	0,784	true	[010006, 010000, 010002, 010001, 010007, 010005, 010008, 010009, 010003, 010004]
9865	10	010006	010004	15	12.0	3.0	0,784	true	[010006, 010000, 010002, 010001, 010007, 010005, 010009, 010003, 010004]
9866	10	010006	010004	16	9.0	3.0	0,808	true	[010006, 010000, 010002, 010001, 010007, 010005, 010009, 010008, 010004]
9867	10	010006	010004	17	9.0	4.0	0,833	true	[010006, 010000, 010002, 010001, 010007, 010008, 010004]
9868	10	010006	010004	18	14.0	4.0	0,775	true	[010006, 010000, 010002, 010001, 010007, 010008, 010005, 010003, 010004]
9869	10	010006	010004	19	17.0	4.0	0,841	true	[010006, 010000, 010002, 010001, 010007, 010008, 010005, 010004]
9870	10	010006	010004	20	12.0	4.0	0,760	true	[010006, 010000, 010002, 010001, 010007, 010008, 010005, 010009, 010003, 010004]
9871	10	010006	010004	21	12.0	4.0	0,775	true	[010006, 010000, 010002, 010001, 010007, 010008, 010009, 010003, 010004]
9872	10	010006	010004	22	12.0	4.0	0,775	true	[010006, 010000, 010002, 010001, 010007, 010008, 010009, 010003, 010005, 010004]
9873	10	010006	010004	23	14.0	4.0	0,744	true	[010006, 010000, 010002, 010001, 010007, 010008, 010009, 010005, 010003, 010004]
9874	10	010006	010004	24	22.0	4.0	0,808	true	[010006, 010000, 010002, 010001, 010007, 010008, 010009, 010005, 010004]
9875	10	010006	010004	25	12.0	4.0	0,816	true	[010006, 010000, 010002, 010001, 010007, 010009, 010003, 010004]
9876	10	010006	010004	26	12.0	4.0	0,816	true	[010006, 010000, 010002, 010001, 010007, 010009, 010003, 010005, 010004]
9877	10	010006	010004	27	9.0	4.0	0,792	true	[010006, 010000, 010002, 010001, 010007, 010009, 010003, 010005, 010008, 010004]
9878	10	010006	010004	28	13.0	4.0	0,783	true	[010006, 010000, 010002, 010001, 010007, 010009, 010005, 010003, 010004]
9879	10	010006	010004	29	13.0	4.0	0,850	true	[010006, 010000, 010002, 010001, 010007, 010009, 010005, 010004]
9880	10	010006	010004	30	9.0	4.0	0,825	true	[010006, 010000, 010002, 010001, 010007, 010009, 010005, 010008, 010004]
9881	10	010006	010004	31	9.0	4.0	0,842	true	[010006, 010000, 010002, 010001, 010007, 010009, 010008, 010004]
9882	10	010006	010004	32	13.0	4.0	0,784	true	[010006, 010000, 010002, 010001, 010007, 010009, 010008, 010005, 010003, 010004]
9883	10	010006	010004	33	13.0	4.0	0,850	true	[010006, 010000, 010002, 010001, 010007, 010009, 010008, 010005, 010004]
9884	10	010006	010004	34	12.0	4.0	0,867	true	[010006, 010000, 010002, 010001, 010009, 010003, 010004]
9885	10	010006	010004	35	12.0	4.0	0,867	true	[010006, 010000, 010002, 010001, 010009, 010003, 010005, 010004]
9886	10	010006	010004	36	12.0	3.0	0,841	true	[010006, 010000, 010002, 010001, 010009, 010003, 010005, 010007, 010004]
9887	10	010006	010004	37	9.0	3.0	0,783	true	[010006, 010000, 010002, 010001, 010009, 010003, 010005, 010007, 010008, 010004]
9888	10	010006	010004	38	9.0	4.0	0,842	true	[010006, 010000, 010002, 010001, 010009, 010003, 010005, 010008, 010004]
9889	10	010006	010004	39	12.0	4.0	0,816	true	[010006, 010000, 010002, 010001, 010009, 010003, 010005, 010008, 010007, 010004]
9890	10	010006	010004	40	12.0	4.0	0,858	true	[010006, 010000, 010002, 010001, 010009, 010003, 010007, 010004]
9891	10	010006	010004	41	12.0	3.0	0,833	true	[010006, 010000, 010002, 010001, 010009, 010003, 010007, 010005, 010004]
9892	10	010006	010004	42	9.0	3.0	0,808	true	[010006, 010000, 010002, 010001, 010009, 010003, 010007, 010005, 010008, 010004]
9893	10	010006	010004	43	9.0	4.0	0,799	true	[010006, 010000, 010002, 010001, 010009, 010003, 010007, 010008, 010004]
9894	10	010006	010004	44	12.0	4.0	0,807	true	[010006, 010000, 010002, 010001, 010009, 010003, 010007, 010008, 010005, 010004]
9895	10	010006	010004	45	14.0	4.0	0,833	true	[010006, 010000, 010002, 010001, 010009, 010005, 010003, 010004]
9896	10	010006	010004	46	14.0	4.0	0,824	true	[010006, 010000, 010002, 010001, 010009, 010005, 010003, 010007, 010004]
9897	10	010006	010004	47	9.0	4.0	0,767	true	[010006, 010000, 010002, 010001, 010009, 010005, 010003, 010007, 010008, 010004]
9898	10	010006	010004	48	22.0	4.0	0,904	true	[010006, 010000, 010002, 010001, 010009, 010005, 010004]
9899	10	010006	010004	49	22.0	3.0	0,799	true	[010006, 010000, 010002, 010001, 010009, 010005, 010007, 010003, 010004]
9900	10	010006	010004	50	22.0	3.0	0,877	true	[010006, 010000, 010002, 010001, 010009, 010005, 010007, 010004]
9901	10	010006	010004	51	9.0	3.0	0,816	true	[010006, 010000, 010002, 010001, 010009, 010005, 010007, 010008, 010004]
9902	10	010006	010004	52	9.0	4.0	0,877	true	[010006, 010000, 010002, 010001, 010009, 010005, 010008, 010004]
9903	10	010006	010004	53	17.0	4.0	0,775	true	[010006, 010000, 010002, 010001, 010009, 010005, 010008, 010007, 010003, 010004]
9904	10	010006	010004	54	17.0	4.0	0,850	true	[010006, 010000, 010002, 010001, 010009, 010005, 010008, 010007, 010004]
9905	10	010006	010004	55	13.0	4.0	0,833	true	[010006, 010000, 010002, 010001, 010009, 010007, 010003, 010004]
9906	10	010006	010004	56	13.0	4.0	0,833	true	[010006, 010000, 010002, 010001, 010009, 010007, 010003, 010005, 010004]
9907	10	010006	010004	57	9.0	4.0	0,808	true	[010006, 010000, 010002, 010001, 010009, 010007, 010003, 010005, 010008, 010004]
9908	10	010006	010004	58	13.0	4.0	0,913	true	[010006, 010000, 010002, 010001, 010009, 010007, 010004]
9909	10	010006	010004	59	13.0	3.0	0,816	true	[010006, 010000, 010002, 010001, 010009, 010007, 010005, 010003, 010004]
9910	10	010006	010004	60	13.0	3.0	0,886	true	[010006, 010000, 010002, 010001, 010009, 010007, 010005, 010004]
9911	10	010006	010004	61	9.0	3.0	0,859	true	[010006, 010000, 010002, 010001, 010009, 010007, 010005, 010008, 010004]
9912	10	010006	010004	62	9.0	4.0	0,850	true	[010006, 010000, 010002, 010001, 010009, 010007, 010008, 010004]
9913	10	010006	010004	63	13.0	4.0	0,791	true	[010006, 010000, 010002, 010001, 010009, 010007, 010008, 010005, 010003, 010004]
9914	10	010006	010004	64	13.0	4.0	0,859	true	[010006, 010000, 010002, 010001, 010009, 010007, 010008, 010005, 010004]
9915	10	010006	010004	65	9.0	4.0	0,895	true	[010006, 010000, 010002, 010001, 010009, 010008, 010004]
9916	10	010006	010004	66	14.0	4.0	0,833	true	[010006, 010000, 010002, 010001, 010009, 010008, 010005, 010003, 010004]
9917	10	010006	010004	67	14.0	4.0	0,824	true	[010006, 010000, 010002, 010001, 010009, 010008, 010005, 010003, 010007, 010004]
9918	10	010006	010004	68	17.0	4.0	0,904	true	[010006, 010000, 010002, 010001, 010009, 010008, 010005, 010004]
9919	10	010006	010004	69	17.0	3.0	0,800	true	[010006, 010000, 010002, 010001, 010009, 010008, 010005, 010007, 010003, 010004]
9920	10	010006	010004	70	17.0	3.0	0,877	true	[010006, 010000, 010002, 010001, 010009, 010008, 010005, 010007, 010004]
9921	10	010006	010004	71	22.0	4.0	0,791	true	[010006, 010000, 010002, 010001, 010009, 010008, 010007, 010003, 010004]
9922	10	010006	010004	72	14.0	4.0	0,791	true	[010006, 010000, 010002, 010001, 010009, 010008, 010007, 010003, 010005, 010004]
9923	10	010006	010004	73	24.0	4.0	0,867	true	[010006, 010000, 010002, 010001, 010009, 010008, 010007, 010004]
9924	10	010006	010004	74	14.0	3.0	0,775	true	[010006, 010000, 010002, 010001, 010009, 010008, 010007, 010005, 010003, 010004]
9925	10	010006	010004	75	24.0	3.0	0,841	true	[010006, 010000, 010002, 010001, 010009, 010008, 010007, 010005, 010004]
9926	10	010006	010004	76	22.0	4.0	0,876	true	[010006, 010000, 010002, 010003, 010004]
9927	10	010006	010004	77	14.0	4.0	0,876	true	[010006, 010000, 010002, 010003, 010005, 010004]
9928	10	010006	010004	78	14.0	3.0	0,816	true	[010006, 010000, 010002, 010003, 010005, 010007, 010001, 010004]
9929	10	010006	010004	79	9.0	3.0	0,783	true	[010006, 010000, 010002, 010003, 010005, 010007, 010001, 010009, 010008, 010004]
9930	10	010006	010004	80	14.0	3.0	0,850	true	[010006, 010000, 010002, 010003, 010005, 010007, 010004]
9931	10	010006	010004	81	9.0	3.0	0,791	true	[010006, 010000, 010002, 010003, 010005, 010007, 010008, 010004]
9932	10	010006	010004	82	14.0	3.0	0,791	true	[010006, 010000, 010002, 010003, 010005, 010007, 010008, 010009, 010001, 010004]
9933	10	010006	010004	83	13.0	3.0	0,833	true	[010006, 010000, 010002, 010003, 010005, 010007, 010009, 010001, 010004]
9934	10	010006	010004	84	9.0	3.0	0,800	true	[010006, 010000, 010002, 010003, 010005, 010007, 010009, 010008, 010004]
9935	10	010006	010004	85	9.0	4.0	0,850	true	[010006, 010000, 010002, 010003, 010005, 010008, 010004]
9936	10	010006	010004	86	14.0	4.0	0,791	true	[010006, 010000, 010002, 010003, 010005, 010008, 010007, 010001, 010004]
9937	10	010006	010004	87	14.0	4.0	0,824	true	[010006, 010000, 010002, 010003, 010005, 010008, 010007, 010004]
9938	10	010006	010004	88	13.0	4.0	0,807	true	[010006, 010000, 010002, 010003, 010005, 010008, 010007, 010009, 010001, 010004]
9939	10	010006	010004	89	14.0	4.0	0,850	true	[010006, 010000, 010002, 010003, 010005, 010008, 010009, 010001, 010004]
9940	10	010006	010004	90	14.0	4.0	0,816	true	[010006, 010000, 010002, 010003, 010005, 010008, 010009, 010001, 010007, 010004]
9941	10	010006	010004	91	13.0	4.0	0,800	true	[010006, 010000, 010002, 010003, 010005, 010008, 010009, 010007, 010001, 010004]
9942	10	010006	010004	92	13.0	4.0	0,833	true	[010006, 010000, 010002, 010003, 010005, 010008, 010009, 010007, 010004]
9943	10	010006	010004	93	14.0	4.0	0,850	true	[010006, 010000, 010002, 010003, 010005, 010009, 010001, 010004]
9944	10	010006	010004	94	14.0	4.0	0,816	true	[010006, 010000, 010002, 010003, 010005, 010009, 010001, 010007, 010004]
9945	10	010006	010004	95	9.0	4.0	0,760	true	[010006, 010000, 010002, 010003, 010005, 010009, 010001, 010007, 010008, 010004]
9946	10	010006	010004	96	13.0	4.0	0,799	true	[010006, 010000, 010002, 010003, 010005, 010009, 010007, 010001, 010004]
9947	10	010006	010004	97	13.0	4.0	0,833	true	[010006, 010000, 010002, 010003, 010005, 010009, 010007, 010004]
9948	10	010006	010004	98	9.0	4.0	0,775	true	[010006, 010000, 010002, 010003, 010005, 010009, 010007, 010008, 010004]
9949	10	010006	010004	99	9.0	4.0	0,816	true	[010006, 010000, 010002, 010003, 010005, 010009, 010008, 010004]
9950	10	010006	010004	100	14.0	4.0	0,760	true	[010006, 010000, 010002, 010003, 010005, 010009, 010008, 010007, 010001, 010004]
9951	10	010006	010004	101	14.0	4.0	0,791	true	[010006, 010000, 010002, 010003, 010005, 010009, 010008, 010007, 010004]
9952	10	010006	010004	102	12.0	4.0	0,931	true	[010006, 010000, 010004]
9953	10	010006	010004	103	45.0	3.0	0,970	true	[010006, 010004]
9954	11	011000	011008	0	18.0	3.0	0,807	true	[011000, 011001, 011003, 011002, 011004, 011005, 011006, 011008]
9955	11	011000	011008	1	11.0	3.0	0,775	true	[011000, 011001, 011003, 011002, 011004, 011005, 011006, 011009, 011007, 011008]
9956	11	011000	011008	2	18.0	3.0	0,783	true	[011000, 011001, 011003, 011002, 011004, 011005, 011006, 011009, 011008]
9957	11	011000	011008	3	24.0	3.0	0,799	true	[011000, 011001, 011003, 011002, 011004, 011005, 011007, 011008]
9958	11	011000	011008	4	11.0	3.0	0,783	true	[011000, 011001, 011003, 011002, 011004, 011005, 011007, 011009, 011006, 011008]
9959	11	011000	011008	5	11.0	3.0	0,775	true	[011000, 011001, 011003, 011002, 011004, 011005, 011007, 011009, 011008]
9960	11	011000	011008	6	13.0	3.0	0,832	true	[011000, 011001, 011003, 011002, 011004, 011005, 011008]
9961	11	011000	011008	7	25.0	3.0	0,816	true	[011000, 011001, 011003, 011002, 011004, 011005, 011009, 011006, 011008]
9962	11	011000	011008	8	11.0	3.0	0,799	true	[011000, 011001, 011003, 011002, 011004, 011005, 011009, 011007, 011008]
9963	11	011000	011008	9	25.0	3.0	0,807	true	[011000, 011001, 011003, 011002, 011004, 011005, 011009, 011008]
9964	11	011000	011008	10	18.0	3.0	0,775	true	[011000, 011001, 011003, 011002, 011004, 011007, 011005, 011006, 011008]
9965	11	011000	011008	11	18.0	3.0	0,751	true	[011000, 011001, 011003, 011002, 011004, 011007, 011005, 011006, 011009, 011008]
9966	11	011000	011008	12	13.0	3.0	0,799	true	[011000, 011001, 011003, 011002, 011004, 011007, 011005, 011008]
9967	11	011000	011008	13	21.0	3.0	0,783	true	[011000, 011001, 011003, 011002, 011004, 011007, 011005, 011009, 011006, 011008]
9968	11	011000	011008	14	21.0	3.0	0,775	true	[011000, 011001, 011003, 011002, 011004, 011007, 011005, 011009, 011008]
9969	11	011000	011008	15	21.0	3.0	0,832	true	[011000, 011001, 011003, 011002, 011004, 011007, 011008]
9970	11	011000	011008	16	11.0	3.0	0,775	true	[011000, 011001, 011003, 011002, 011004, 011007, 011009, 011005, 011006, 011008]
9971	11	011000	011008	17	11.0	3.0	0,799	true	[011000, 011001, 011003, 011002, 011004, 011007, 011009, 011005, 011008]
9972	11	011000	011008	18	11.0	3.0	0,775	true	[011000, 011001, 011003, 011002, 011004, 011007, 011009, 011006, 011005, 011008]
9973	11	011000	011008	19	11.0	3.0	0,816	true	[011000, 011001, 011003, 011002, 011004, 011007, 011009, 011006, 011008]
9974	11	011000	011008	20	11.0	3.0	0,807	true	[011000, 011001, 011003, 011002, 011004, 011007, 011009, 011008]
9975	11	011000	011008	21	15.0	3.0	0,858	true	[011000, 011001, 011003, 011002, 011004, 011008]
9976	11	011000	011008	22	5.0	3.0	0,816	true	[011000, 011001, 011003, 011002, 011004, 011009, 011005, 011006, 011008]
9977	11	011000	011008	23	5.0	3.0	0,807	true	[011000, 011001, 011003, 011002, 011004, 011009, 011005, 011007, 011008]
9978	11	011000	011008	24	5.0	3.0	0,841	true	[011000, 011001, 011003, 011002, 011004, 011009, 011005, 011008]
9979	11	011000	011008	25	5.0	3.0	0,783	true	[011000, 011001, 011003, 011002, 011004, 011009, 011006, 011005, 011007, 011008]
9980	11	011000	011008	26	5.0	3.0	0,815	true	[011000, 011001, 011003, 011002, 011004, 011009, 011006, 011005, 011008]
9981	11	011000	011008	27	5.0	3.0	0,858	true	[011000, 011001, 011003, 011002, 011004, 011009, 011006, 011008]
9982	11	011000	011008	28	5.0	3.0	0,783	true	[011000, 011001, 011003, 011002, 011004, 011009, 011007, 011005, 011006, 011008]
9983	11	011000	011008	29	5.0	3.0	0,807	true	[011000, 011001, 011003, 011002, 011004, 011009, 011007, 011005, 011008]
9984	11	011000	011008	30	5.0	3.0	0,841	true	[011000, 011001, 011003, 011002, 011004, 011009, 011007, 011008]
9985	11	011000	011008	31	5.0	3.0	0,849	true	[011000, 011001, 011003, 011002, 011004, 011009, 011008]
9986	11	011000	011008	32	18.0	3.0	0,841	true	[011000, 011001, 011003, 011004, 011005, 011006, 011008]
9987	11	011000	011008	33	11.0	3.0	0,807	true	[011000, 011001, 011003, 011004, 011005, 011006, 011009, 011007, 011008]
9988	11	011000	011008	34	18.0	3.0	0,815	true	[011000, 011001, 011003, 011004, 011005, 011006, 011009, 011008]
9989	11	011000	011008	35	24.0	3.0	0,832	true	[011000, 011001, 011003, 011004, 011005, 011007, 011008]
9990	11	011000	011008	36	11.0	3.0	0,816	true	[011000, 011001, 011003, 011004, 011005, 011007, 011009, 011006, 011008]
9991	11	011000	011008	37	11.0	3.0	0,807	true	[011000, 011001, 011003, 011004, 011005, 011007, 011009, 011008]
9992	11	011000	011008	38	13.0	3.0	0,867	true	[011000, 011001, 011003, 011004, 011005, 011008]
9993	11	011000	011008	39	25.0	3.0	0,850	true	[011000, 011001, 011003, 011004, 011005, 011009, 011006, 011008]
9994	11	011000	011008	40	11.0	3.0	0,833	true	[011000, 011001, 011003, 011004, 011005, 011009, 011007, 011008]
9995	11	011000	011008	41	25.0	3.0	0,841	true	[011000, 011001, 011003, 011004, 011005, 011009, 011008]
9996	11	011000	011008	42	18.0	3.0	0,807	true	[011000, 011001, 011003, 011004, 011007, 011005, 011006, 011008]
9997	11	011000	011008	43	18.0	3.0	0,783	true	[011000, 011001, 011003, 011004, 011007, 011005, 011006, 011009, 011008]
9998	11	011000	011008	44	13.0	3.0	0,832	true	[011000, 011001, 011003, 011004, 011007, 011005, 011008]
9999	11	011000	011008	45	21.0	3.0	0,816	true	[011000, 011001, 011003, 011004, 011007, 011005, 011009, 011006, 011008]
10000	11	011000	011008	46	21.0	3.0	0,807	true	[011000, 011001, 011003, 011004, 011007, 011005, 011009, 011008]
10001	11	011000	011008	47	21.0	3.0	0,867	true	[011000, 011001, 011003, 011004, 011007, 011008]
10002	11	011000	011008	48	11.0	3.0	0,808	true	[011000, 011001, 011003, 011004, 011007, 011009, 011005, 011006, 011008]
10003	11	011000	011008	49	11.0	3.0	0,833	true	[011000, 011001, 011003, 011004, 011007, 011009, 011005, 011008]
10004	11	011000	011008	50	11.0	3.0	0,807	true	[011000, 011001, 011003, 011004, 011007, 011009, 011006, 011005, 011008]
10005	11	011000	011008	51	11.0	3.0	0,850	true	[011000, 011001, 011003, 011004, 011007, 011009, 011006, 011008]
10006	11	011000	011008	52	11.0	3.0	0,841	true	[011000, 011001, 011003, 011004, 011007, 011009, 011008]
10007	11	011000	011008	53	15.0	3.0	0,894	true	[011000, 011001, 011003, 011004, 011008]
10008	11	011000	011008	54	5.0	3.0	0,850	true	[011000, 011001, 011003, 011004, 011009, 011005, 011006, 011008]
10009	11	011000	011008	55	5.0	3.0	0,841	true	[011000, 011001, 011003, 011004, 011009, 011005, 011007, 011008]
10010	11	011000	011008	56	5.0	3.0	0,876	true	[011000, 011001, 011003, 011004, 011009, 011005, 011008]
10011	11	011000	011008	57	5.0	3.0	0,816	true	[011000, 011001, 011003, 011004, 011009, 011006, 011005, 011007, 011008]
10012	11	011000	011008	58	5.0	3.0	0,850	true	[011000, 011001, 011003, 011004, 011009, 011006, 011005, 011008]
10013	11	011000	011008	59	5.0	3.0	0,894	true	[011000, 011001, 011003, 011004, 011009, 011006, 011008]
10014	11	011000	011008	60	5.0	3.0	0,816	true	[011000, 011001, 011003, 011004, 011009, 011007, 011005, 011006, 011008]
10015	11	011000	011008	61	5.0	3.0	0,841	true	[011000, 011001, 011003, 011004, 011009, 011007, 011005, 011008]
10016	11	011000	011008	62	5.0	3.0	0,876	true	[011000, 011001, 011003, 011004, 011009, 011007, 011008]
10017	11	011000	011008	63	5.0	3.0	0,885	true	[011000, 011001, 011003, 011004, 011009, 011008]
10018	11	011000	011008	64	21.0	3.0	0,832	true	[011000, 011001, 011003, 011005, 011004, 011007, 011008]
10019	11	011000	011008	65	11.0	3.0	0,816	true	[011000, 011001, 011003, 011005, 011004, 011007, 011009, 011006, 011008]
10020	11	011000	011008	66	11.0	3.0	0,807	true	[011000, 011001, 011003, 011005, 011004, 011007, 011009, 011008]
10021	11	011000	011008	67	15.0	3.0	0,858	true	[011000, 011001, 011003, 011005, 011004, 011008]
10022	11	011000	011008	68	5.0	3.0	0,858	true	[011000, 011001, 011003, 011005, 011004, 011009, 011006, 011008]
10023	11	011000	011008	69	5.0	3.0	0,841	true	[011000, 011001, 011003, 011005, 011004, 011009, 011007, 011008]
10024	11	011000	011008	70	5.0	3.0	0,849	true	[011000, 011001, 011003, 011005, 011004, 011009, 011008]
10025	11	011000	011008	71	18.0	3.0	0,876	true	[011000, 011001, 011003, 011005, 011006, 011008]
10026	11	011000	011008	72	5.0	3.0	0,816	true	[011000, 011001, 011003, 011005, 011006, 011009, 011004, 011007, 011008]
10027	11	011000	011008	73	5.0	3.0	0,841	true	[011000, 011001, 011003, 011005, 011006, 011009, 011004, 011008]
10028	11	011000	011008	74	11.0	3.0	0,799	true	[011000, 011001, 011003, 011005, 011006, 011009, 011007, 011004, 011008]
10029	11	011000	011008	75	11.0	3.0	0,841	true	[011000, 011001, 011003, 011005, 011006, 011009, 011007, 011008]
10030	11	011000	011008	76	18.0	3.0	0,849	true	[011000, 011001, 011003, 011005, 011006, 011009, 011008]
10031	11	011000	011008	77	15.0	3.0	0,824	true	[011000, 011001, 011003, 011005, 011007, 011004, 011008]
10032	11	011000	011008	78	5.0	3.0	0,824	true	[011000, 011001, 011003, 011005, 011007, 011004, 011009, 011006, 011008]
10033	11	011000	011008	79	5.0	3.0	0,815	true	[011000, 011001, 011003, 011005, 011007, 011004, 011009, 011008]
10034	11	011000	011008	80	23.0	3.0	0,867	true	[011000, 011001, 011003, 011005, 011007, 011008]
10035	11	011000	011008	81	5.0	3.0	0,832	true	[011000, 011001, 011003, 011005, 011007, 011009, 011004, 011008]
10036	11	011000	011008	82	11.0	3.0	0,850	true	[011000, 011001, 011003, 011005, 011007, 011009, 011006, 011008]
10037	11	011000	011008	83	11.0	3.0	0,841	true	[011000, 011001, 011003, 011005, 011007, 011009, 011008]
10038	11	011000	011008	84	13.0	3.0	0,903	true	[011000, 011001, 011003, 011005, 011008]
10039	11	011000	011008	85	5.0	3.0	0,841	true	[011000, 011001, 011003, 011005, 011009, 011004, 011007, 011008]
10040	11	011000	011008	86	5.0	3.0	0,867	true	[011000, 011001, 011003, 011005, 011009, 011004, 011008]
10041	11	011000	011008	87	23.0	3.0	0,885	true	[011000, 011001, 011003, 011005, 011009, 011006, 011008]
10042	11	011000	011008	88	11.0	3.0	0,824	true	[011000, 011001, 011003, 011005, 011009, 011007, 011004, 011008]
10043	11	011000	011008	89	11.0	3.0	0,867	true	[011000, 011001, 011003, 011005, 011009, 011007, 011008]
10044	11	011000	011008	90	23.0	3.0	0,876	true	[011000, 011001, 011003, 011005, 011009, 011008]
10045	11	011000	011008	91	18.0	3.0	0,799	true	[011000, 011001, 011003, 011006, 011005, 011004, 011007, 011008]
10046	11	011000	011008	92	11.0	3.0	0,775	true	[011000, 011001, 011003, 011006, 011005, 011004, 011007, 011009, 011008]
10047	11	011000	011008	93	15.0	3.0	0,824	true	[011000, 011001, 011003, 011006, 011005, 011004, 011008]
10048	11	011000	011008	94	5.0	3.0	0,807	true	[011000, 011001, 011003, 011006, 011005, 011004, 011009, 011007, 011008]
10049	11	011000	011008	95	5.0	3.0	0,815	true	[011000, 011001, 011003, 011006, 011005, 011004, 011009, 011008]
10050	11	011000	011008	96	15.0	3.0	0,791	true	[011000, 011001, 011003, 011006, 011005, 011007, 011004, 011008]
10051	11	011000	011008	97	5.0	3.0	0,783	true	[011000, 011001, 011003, 011006, 011005, 011007, 011004, 011009, 011008]
10052	11	011000	011008	98	18.0	3.0	0,832	true	[011000, 011001, 011003, 011006, 011005, 011007, 011008]
10053	11	011000	011008	99	5.0	3.0	0,799	true	[011000, 011001, 011003, 011006, 011005, 011007, 011009, 011004, 011008]
10054	11	011000	011008	100	11.0	3.0	0,807	true	[011000, 011001, 011003, 011006, 011005, 011007, 011009, 011008]
10055	11	011000	011008	101	13.0	3.0	0,867	true	[011000, 011001, 011003, 011006, 011005, 011008]
10056	11	011000	011008	102	25.0	3.0	0,912	true	[011000, 011001, 011003, 011006, 011008]
10057	11	011000	011008	103	25.0	3.0	0,941	true	[011000, 011001, 011003, 011008]
10058	12	012007	012002	0	7.0	3.0	0,849	true	[012007, 012000, 012001, 012003, 012004, 012002]
10059	12	012007	012002	1	7.0	3.0	0,841	true	[012007, 012000, 012001, 012003, 012004, 012005, 012006, 012002]
10060	12	012007	012002	2	7.0	3.0	0,841	true	[012007, 012000, 012001, 012003, 012004, 012005, 012006, 012009, 012002]
10061	12	012007	012002	3	7.0	3.0	0,824	true	[012007, 012000, 012001, 012003, 012004, 012005, 012009, 012002]
10062	12	012007	012002	4	7.0	3.0	0,807	true	[012007, 012000, 012001, 012003, 012004, 012005, 012009, 012006, 012002]
10063	12	012007	012002	5	7.0	3.0	0,832	true	[012007, 012000, 012001, 012003, 012004, 012006, 012002]
10064	12	012007	012002	6	7.0	3.0	0,782	true	[012007, 012000, 012001, 012003, 012004, 012006, 012005, 012009, 012002]
10065	12	012007	012002	7	7.0	3.0	0,832	true	[012007, 012000, 012001, 012003, 012004, 012006, 012009, 012002]
10066	12	012007	012002	8	7.0	3.0	0,815	true	[012007, 012000, 012001, 012003, 012004, 012008, 012006, 012002]
10067	12	012007	012002	9	7.0	3.0	0,767	true	[012007, 012000, 012001, 012003, 012004, 012008, 012006, 012005, 012009, 012002]
10068	12	012007	012002	10	7.0	3.0	0,815	true	[012007, 012000, 012001, 012003, 012004, 012008, 012006, 012009, 012002]
10069	12	012007	012002	11	5.0	3.0	0,841	true	[012007, 012000, 012001, 012003, 012005, 012004, 012002]
10070	12	012007	012002	12	5.0	3.0	0,824	true	[012007, 012000, 012001, 012003, 012005, 012004, 012006, 012002]
10071	12	012007	012002	13	5.0	3.0	0,824	true	[012007, 012000, 012001, 012003, 012005, 012004, 012006, 012009, 012002]
10072	12	012007	012002	14	5.0	3.0	0,807	true	[012007, 012000, 012001, 012003, 012005, 012004, 012008, 012006, 012002]
10073	12	012007	012002	15	5.0	3.0	0,808	true	[012007, 012000, 012001, 012003, 012005, 012004, 012008, 012006, 012009, 012002]
10074	12	012007	012002	16	5.0	3.0	0,867	true	[012007, 012000, 012001, 012003, 012005, 012006, 012002]
10075	12	012007	012002	17	5.0	3.0	0,799	true	[012007, 012000, 012001, 012003, 012005, 012006, 012004, 012002]
10076	12	012007	012002	18	5.0	3.0	0,783	true	[012007, 012000, 012001, 012003, 012005, 012006, 012008, 012004, 012002]
10077	12	012007	012002	19	5.0	3.0	0,867	true	[012007, 012000, 012001, 012003, 012005, 012006, 012009, 012002]
10078	12	012007	012002	20	5.0	3.0	0,849	true	[012007, 012000, 012001, 012003, 012005, 012009, 012002]
10079	12	012007	012002	21	5.0	3.0	0,832	true	[012007, 012000, 012001, 012003, 012005, 012009, 012006, 012002]
10080	12	012007	012002	22	5.0	3.0	0,766	true	[012007, 012000, 012001, 012003, 012005, 012009, 012006, 012004, 012002]
10081	12	012007	012002	23	5.0	3.0	0,751	true	[012007, 012000, 012001, 012003, 012005, 012009, 012006, 012008, 012004, 012002]
10082	12	012007	012002	24	7.0	3.0	0,841	true	[012007, 012000, 012001, 012003, 012008, 012004, 012002]
10083	12	012007	012002	25	7.0	3.0	0,833	true	[012007, 012000, 012001, 012003, 012008, 012004, 012005, 012006, 012002]
10084	12	012007	012002	26	7.0	3.0	0,833	true	[012007, 012000, 012001, 012003, 012008, 012004, 012005, 012006, 012009, 012002]
10085	12	012007	012002	27	7.0	3.0	0,816	true	[012007, 012000, 012001, 012003, 012008, 012004, 012005, 012009, 012002]
10086	12	012007	012002	28	7.0	3.0	0,799	true	[012007, 012000, 012001, 012003, 012008, 012004, 012005, 012009, 012006, 012002]
10087	12	012007	012002	29	7.0	3.0	0,824	true	[012007, 012000, 012001, 012003, 012008, 012004, 012006, 012002]
10088	12	012007	012002	30	7.0	3.0	0,775	true	[012007, 012000, 012001, 012003, 012008, 012004, 012006, 012005, 012009, 012002]
10089	12	012007	012002	31	7.0	3.0	0,824	true	[012007, 012000, 012001, 012003, 012008, 012004, 012006, 012009, 012002]
10090	12	012007	012002	32	7.0	3.0	0,876	true	[012007, 012000, 012001, 012003, 012008, 012006, 012002]
10091	12	012007	012002	33	7.0	3.0	0,807	true	[012007, 012000, 012001, 012003, 012008, 012006, 012004, 012002]
10092	12	012007	012002	34	7.0	3.0	0,783	true	[012007, 012000, 012001, 012003, 012008, 012006, 012004, 012005, 012009, 012002]
10093	12	012007	012002	35	7.0	3.0	0,816	true	[012007, 012000, 012001, 012003, 012008, 012006, 012005, 012004, 012002]
10094	12	012007	012002	36	7.0	3.0	0,824	true	[012007, 012000, 012001, 012003, 012008, 012006, 012005, 012009, 012002]
10095	12	012007	012002	37	7.0	3.0	0,876	true	[012007, 012000, 012001, 012003, 012008, 012006, 012009, 012002]
10096	12	012007	012002	38	7.0	3.0	0,783	true	[012007, 012000, 012001, 012003, 012008, 012006, 012009, 012005, 012004, 012002]
10097	12	012007	012002	39	9.0	3.0	0,885	true	[012007, 012000, 012001, 012004, 012002]
10098	12	012007	012002	40	5.0	3.0	0,816	true	[012007, 012000, 012001, 012004, 012003, 012005, 012006, 012002]
10099	12	012007	012002	41	5.0	3.0	0,816	true	[012007, 012000, 012001, 012004, 012003, 012005, 012006, 012009, 012002]
10100	12	012007	012002	42	5.0	3.0	0,799	true	[012007, 012000, 012001, 012004, 012003, 012005, 012009, 012002]
10101	12	012007	012002	43	5.0	3.0	0,783	true	[012007, 012000, 012001, 012004, 012003, 012005, 012009, 012006, 012002]
10102	12	012007	012002	44	7.0	3.0	0,824	true	[012007, 012000, 012001, 012004, 012003, 012008, 012006, 012002]
10103	12	012007	012002	45	7.0	3.0	0,775	true	[012007, 012000, 012001, 012004, 012003, 012008, 012006, 012005, 012009, 012002]
10104	12	012007	012002	46	7.0	3.0	0,824	true	[012007, 012000, 012001, 012004, 012003, 012008, 012006, 012009, 012002]
10105	12	012007	012002	47	5.0	3.0	0,816	true	[012007, 012000, 012001, 012004, 012005, 012003, 012008, 012006, 012002]
10106	12	012007	012002	48	5.0	3.0	0,816	true	[012007, 012000, 012001, 012004, 012005, 012003, 012008, 012006, 012009, 012002]
10107	12	012007	012002	49	9.0	3.0	0,876	true	[012007, 012000, 012001, 012004, 012005, 012006, 012002]
10108	12	012007	012002	50	9.0	3.0	0,876	true	[012007, 012000, 012001, 012004, 012005, 012006, 012009, 012002]
10109	12	012007	012002	51	9.0	3.0	0,858	true	[012007, 012000, 012001, 012004, 012005, 012009, 012002]
10110	12	012007	012002	52	9.0	3.0	0,841	true	[012007, 012000, 012001, 012004, 012005, 012009, 012006, 012002]
10111	12	012007	012002	53	9.0	3.0	0,867	true	[012007, 012000, 012001, 012004, 012006, 012002]
10112	12	012007	012002	54	9.0	3.0	0,815	true	[012007, 012000, 012001, 012004, 012006, 012005, 012009, 012002]
10113	12	012007	012002	55	5.0	3.0	0,759	true	[012007, 012000, 012001, 012004, 012006, 012008, 012003, 012005, 012009, 012002]
10114	12	012007	012002	56	9.0	3.0	0,867	true	[012007, 012000, 012001, 012004, 012006, 012009, 012002]
10115	12	012007	012002	57	5.0	3.0	0,808	true	[012007, 012000, 012001, 012004, 012008, 012003, 012005, 012006, 012002]
10116	12	012007	012002	58	5.0	3.0	0,808	true	[012007, 012000, 012001, 012004, 012008, 012003, 012005, 012006, 012009, 012002]
10117	12	012007	012002	59	5.0	3.0	0,791	true	[012007, 012000, 012001, 012004, 012008, 012003, 012005, 012009, 012002]
10118	12	012007	012002	60	5.0	3.0	0,775	true	[012007, 012000, 012001, 012004, 012008, 012003, 012005, 012009, 012006, 012002]
10119	12	012007	012002	61	9.0	3.0	0,850	true	[012007, 012000, 012001, 012004, 012008, 012006, 012002]
10120	12	012007	012002	62	9.0	3.0	0,799	true	[012007, 012000, 012001, 012004, 012008, 012006, 012005, 012009, 012002]
10121	12	012007	012002	63	9.0	3.0	0,850	true	[012007, 012000, 012001, 012004, 012008, 012006, 012009, 012002]
10122	12	012007	012002	64	5.0	3.0	0,815	true	[012007, 012000, 012001, 012005, 012003, 012004, 012002]
10123	12	012007	012002	65	5.0	3.0	0,799	true	[012007, 012000, 012001, 012005, 012003, 012004, 012006, 012002]
10124	12	012007	012002	66	5.0	3.0	0,799	true	[012007, 012000, 012001, 012005, 012003, 012004, 012006, 012009, 012002]
10125	12	012007	012002	67	5.0	3.0	0,783	true	[012007, 012000, 012001, 012005, 012003, 012004, 012008, 012006, 012002]
10126	12	012007	012002	68	5.0	3.0	0,783	true	[012007, 012000, 012001, 012005, 012003, 012004, 012008, 012006, 012009, 012002]
10127	12	012007	012002	69	5.0	3.0	0,807	true	[012007, 012000, 012001, 012005, 012003, 012008, 012004, 012002]
10128	12	012007	012002	70	5.0	3.0	0,791	true	[012007, 012000, 012001, 012005, 012003, 012008, 012004, 012006, 012002]
10129	12	012007	012002	71	5.0	3.0	0,791	true	[012007, 012000, 012001, 012005, 012003, 012008, 012004, 012006, 012009, 012002]
10130	12	012007	012002	72	5.0	3.0	0,841	true	[012007, 012000, 012001, 012005, 012003, 012008, 012006, 012002]
10131	12	012007	012002	73	5.0	3.0	0,775	true	[012007, 012000, 012001, 012005, 012003, 012008, 012006, 012004, 012002]
10132	12	012007	012002	74	5.0	3.0	0,841	true	[012007, 012000, 012001, 012005, 012003, 012008, 012006, 012009, 012002]
10133	12	012007	012002	75	9.0	3.0	0,876	true	[012007, 012000, 012001, 012005, 012004, 012002]
10134	12	012007	012002	76	7.0	3.0	0,816	true	[012007, 012000, 012001, 012005, 012004, 012003, 012008, 012006, 012002]
10135	12	012007	012002	77	7.0	3.0	0,816	true	[012007, 012000, 012001, 012005, 012004, 012003, 012008, 012006, 012009, 012002]
10136	12	012007	012002	78	9.0	3.0	0,858	true	[012007, 012000, 012001, 012005, 012004, 012006, 012002]
10137	12	012007	012002	79	9.0	3.0	0,858	true	[012007, 012000, 012001, 012005, 012004, 012006, 012009, 012002]
10138	12	012007	012002	80	9.0	3.0	0,841	true	[012007, 012000, 012001, 012005, 012004, 012008, 012006, 012002]
10139	12	012007	012002	81	9.0	3.0	0,841	true	[012007, 012000, 012001, 012005, 012004, 012008, 012006, 012009, 012002]
10140	12	012007	012002	82	9.0	3.0	0,903	true	[012007, 012000, 012001, 012005, 012006, 012002]
10141	12	012007	012002	83	9.0	3.0	0,832	true	[012007, 012000, 012001, 012005, 012006, 012004, 012002]
10142	12	012007	012002	84	7.0	3.0	0,791	true	[012007, 012000, 012001, 012005, 012006, 012008, 012003, 012004, 012002]
10143	12	012007	012002	85	9.0	3.0	0,815	true	[012007, 012000, 012001, 012005, 012006, 012008, 012004, 012002]
10144	12	012007	012002	86	9.0	3.0	0,903	true	[012007, 012000, 012001, 012005, 012006, 012009, 012002]
10145	12	012007	012002	87	9.0	3.0	0,885	true	[012007, 012000, 012001, 012005, 012009, 012002]
10146	12	012007	012002	88	9.0	3.0	0,867	true	[012007, 012000, 012001, 012005, 012009, 012006, 012002]
10147	12	012007	012002	89	9.0	3.0	0,798	true	[012007, 012000, 012001, 012005, 012009, 012006, 012004, 012002]
10148	12	012007	012002	90	7.0	3.0	0,759	true	[012007, 012000, 012001, 012005, 012009, 012006, 012008, 012003, 012004, 012002]
10149	12	012007	012002	91	9.0	3.0	0,782	true	[012007, 012000, 012001, 012005, 012009, 012006, 012008, 012004, 012002]
10150	12	012007	012002	92	9.0	3.0	0,894	true	[012007, 012000, 012001, 012006, 012002]
10151	12	012007	012002	93	9.0	3.0	0,823	true	[012007, 012000, 012001, 012006, 012004, 012002]
10152	12	012007	012002	94	5.0	3.0	0,743	true	[012007, 012000, 012001, 012006, 012004, 012003, 012005, 012009, 012002]
10153	12	012007	012002	95	9.0	3.0	0,799	true	[012007, 012000, 012001, 012006, 012004, 012005, 012009, 012002]
10154	12	012007	012002	96	5.0	3.0	0,736	true	[012007, 012000, 012001, 012006, 012004, 012008, 012003, 012005, 012009, 012002]
10155	12	012007	012002	97	5.0	3.0	0,775	true	[012007, 012000, 012001, 012006, 012005, 012003, 012004, 012002]
10156	12	012007	012002	98	5.0	3.0	0,767	true	[012007, 012000, 012001, 012006, 012005, 012003, 012008, 012004, 012002]
10157	12	012007	012002	99	9.0	3.0	0,832	true	[012007, 012000, 012001, 012006, 012005, 012004, 012002]
10158	12	012007	012002	100	9.0	3.0	0,841	true	[012007, 012000, 012001, 012006, 012005, 012009, 012002]
10159	12	012007	012002	101	19.0	6.0	0,950	true	[012007, 012002]
10160	13	013000	013006	0	10.0	3.0	0,922	true	[013000, 013001, 013002, 013003, 013004, 013005, 013006]
10161	13	013000	013006	1	11.0	3.0	0,832	true	[013000, 013001, 013002, 013003, 013004, 013005, 013007, 013008, 013006]
10162	13	013000	013006	2	11.0	3.0	0,894	true	[013000, 013001, 013002, 013003, 013004, 013005, 013007, 013009, 013006]
10163	13	013000	013006	3	11.0	3.0	0,876	true	[013000, 013001, 013002, 013003, 013004, 013005, 013008, 013006]
10164	13	013000	013006	4	11.0	3.0	0,849	true	[013000, 013001, 013002, 013003, 013004, 013005, 013008, 013007, 013009, 013006]
10165	13	013000	013006	5	11.0	3.0	0,876	true	[013000, 013001, 013002, 013003, 013004, 013005, 013009, 013006]
10166	13	013000	013006	6	11.0	3.0	0,815	true	[013000, 013001, 013002, 013003, 013004, 013005, 013009, 013007, 013008, 013006]
10167	13	013000	013006	7	10.0	3.0	0,876	true	[013000, 013001, 013002, 013003, 013004, 013009, 013005, 013006]
10168	13	013000	013006	8	11.0	3.0	0,791	true	[013000, 013001, 013002, 013003, 013004, 013009, 013005, 013007, 013008, 013006]
10169	13	013000	013006	9	11.0	3.0	0,832	true	[013000, 013001, 013002, 013003, 013004, 013009, 013005, 013008, 013006]
10170	13	013000	013006	10	11.0	3.0	0,867	true	[013000, 013001, 013002, 013003, 013004, 013009, 013006]
10171	13	013000	013006	11	10.0	3.0	0,894	true	[013000, 013001, 013002, 013003, 013004, 013009, 013007, 013005, 013006]
10172	13	013000	013006	12	11.0	3.0	0,849	true	[013000, 013001, 013002, 013003, 013004, 013009, 013007, 013005, 013008, 013006]
10173	13	013000	013006	13	10.0	3.0	0,849	true	[013000, 013001, 013002, 013003, 013004, 013009, 013007, 013008, 013005, 013006]
10174	13	013000	013006	14	11.0	3.0	0,807	true	[013000, 013001, 013002, 013003, 013004, 013009, 013007, 013008, 013006]
10175	13	013000	013006	15	6.0	3.0	0,858	true	[013000, 013001, 013002, 013003, 013005, 013004, 013009, 013006]
10176	13	013000	013006	16	6.0	3.0	0,799	true	[013000, 013001, 013002, 013003, 013005, 013004, 013009, 013007, 013008, 013006]
10177	13	013000	013006	17	6.0	3.0	0,912	true	[013000, 013001, 013002, 013003, 013005, 013006]
10178	13	013000	013006	18	6.0	3.0	0,823	true	[013000, 013001, 013002, 013003, 013005, 013007, 013008, 013006]
10179	13	013000	013006	19	6.0	3.0	0,885	true	[013000, 013001, 013002, 013003, 013005, 013007, 013009, 013006]
10180	13	013000	013006	20	6.0	3.0	0,867	true	[013000, 013001, 013002, 013003, 013005, 013008, 013006]
10181	13	013000	013006	21	6.0	3.0	0,841	true	[013000, 013001, 013002, 013003, 013005, 013008, 013007, 013009, 013006]
10182	13	013000	013006	22	6.0	3.0	0,867	true	[013000, 013001, 013002, 013003, 013005, 013009, 013006]
10183	13	013000	013006	23	6.0	3.0	0,807	true	[013000, 013001, 013002, 013003, 013005, 013009, 013007, 013008, 013006]
10184	13	013000	013006	24	14.0	3.0	0,841	true	[013000, 013001, 013002, 013003, 013008, 013005, 013004, 013009, 013006]
10185	13	013000	013006	25	10.0	3.0	0,893	true	[013000, 013001, 013002, 013003, 013008, 013005, 013006]
10186	13	013000	013006	26	14.0	3.0	0,867	true	[013000, 013001, 013002, 013003, 013008, 013005, 013007, 013009, 013006]
10187	13	013000	013006	27	14.0	3.0	0,849	true	[013000, 013001, 013002, 013003, 013008, 013005, 013009, 013006]
10188	13	013000	013006	28	21.0	3.0	0,849	true	[013000, 013001, 013002, 013003, 013008, 013006]
10189	13	013000	013006	29	14.0	3.0	0,799	true	[013000, 013001, 013002, 013003, 013008, 013007, 013005, 013004, 013009, 013006]
10190	13	013000	013006	30	10.0	3.0	0,849	true	[013000, 013001, 013002, 013003, 013008, 013007, 013005, 013006]
10191	13	013000	013006	31	14.0	3.0	0,807	true	[013000, 013001, 013002, 013003, 013008, 013007, 013005, 013009, 013006]
10192	13	013000	013006	32	10.0	3.0	0,823	true	[013000, 013001, 013002, 013003, 013008, 013007, 013009, 013004, 013005, 013006]
10193	13	013000	013006	33	10.0	3.0	0,832	true	[013000, 013001, 013002, 013003, 013008, 013007, 013009, 013005, 013006]
10194	13	013000	013006	34	14.0	3.0	0,823	true	[013000, 013001, 013002, 013003, 013008, 013007, 013009, 013006]
10195	13	013000	013006	35	6.0	3.0	0,867	true	[013000, 013001, 013002, 013004, 013003, 013005, 013006]
10196	13	013000	013006	36	6.0	3.0	0,782	true	[013000, 013001, 013002, 013004, 013003, 013005, 013007, 013008, 013006]
10197	13	013000	013006	37	6.0	3.0	0,841	true	[013000, 013001, 013002, 013004, 013003, 013005, 013007, 013009, 013006]
10198	13	013000	013006	38	6.0	3.0	0,824	true	[013000, 013001, 013002, 013004, 013003, 013005, 013008, 013006]
10199	13	013000	013006	39	6.0	3.0	0,799	true	[013000, 013001, 013002, 013004, 013003, 013005, 013008, 013007, 013009, 013006]
10200	13	013000	013006	40	6.0	3.0	0,824	true	[013000, 013001, 013002, 013004, 013003, 013005, 013009, 013006]
10201	13	013000	013006	41	6.0	3.0	0,767	true	[013000, 013001, 013002, 013004, 013003, 013005, 013009, 013007, 013008, 013006]
10202	13	013000	013006	42	7.0	3.0	0,849	true	[013000, 013001, 013002, 013004, 013003, 013008, 013005, 013006]
10203	13	013000	013006	43	7.0	3.0	0,824	true	[013000, 013001, 013002, 013004, 013003, 013008, 013005, 013007, 013009, 013006]
10204	13	013000	013006	44	7.0	3.0	0,807	true	[013000, 013001, 013002, 013004, 013003, 013008, 013005, 013009, 013006]
10205	13	013000	013006	45	7.0	3.0	0,807	true	[013000, 013001, 013002, 013004, 013003, 013008, 013006]
10206	13	013000	013006	46	7.0	3.0	0,807	true	[013000, 013001, 013002, 013004, 013003, 013008, 013007, 013005, 013006]
10207	13	013000	013006	47	7.0	3.0	0,767	true	[013000, 013001, 013002, 013004, 013003, 013008, 013007, 013005, 013009, 013006]
10208	13	013000	013006	48	7.0	3.0	0,790	true	[013000, 013001, 013002, 013004, 013003, 013008, 013007, 013009, 013005, 013006]
10209	13	013000	013006	49	7.0	3.0	0,782	true	[013000, 013001, 013002, 013004, 013003, 013008, 013007, 013009, 013006]
10210	13	013000	013006	50	6.0	3.0	0,798	true	[013000, 013001, 013002, 013004, 013005, 013003, 013008, 013006]
10211	13	013000	013006	51	6.0	3.0	0,774	true	[013000, 013001, 013002, 013004, 013005, 013003, 013008, 013007, 013009, 013006]
10212	13	013000	013006	52	7.0	3.0	0,912	true	[013000, 013001, 013002, 013004, 013005, 013006]
10213	13	013000	013006	53	7.0	3.0	0,823	true	[013000, 013001, 013002, 013004, 013005, 013007, 013008, 013006]
10214	13	013000	013006	54	7.0	3.0	0,885	true	[013000, 013001, 013002, 013004, 013005, 013007, 013009, 013006]
10215	13	013000	013006	55	7.0	3.0	0,866	true	[013000, 013001, 013002, 013004, 013005, 013008, 013006]
10216	13	013000	013006	56	7.0	3.0	0,840	true	[013000, 013001, 013002, 013004, 013005, 013008, 013007, 013009, 013006]
10217	13	013000	013006	57	7.0	3.0	0,867	true	[013000, 013001, 013002, 013004, 013005, 013009, 013006]
10218	13	013000	013006	58	7.0	3.0	0,807	true	[013000, 013001, 013002, 013004, 013005, 013009, 013007, 013008, 013006]
10219	13	013000	013006	59	6.0	3.0	0,759	true	[013000, 013001, 013002, 013004, 013009, 013005, 013003, 013008, 013006]
10220	13	013000	013006	60	7.0	3.0	0,867	true	[013000, 013001, 013002, 013004, 013009, 013005, 013006]
10221	13	013000	013006	61	7.0	3.0	0,782	true	[013000, 013001, 013002, 013004, 013009, 013005, 013007, 013008, 013006]
10222	13	013000	013006	62	7.0	3.0	0,824	true	[013000, 013001, 013002, 013004, 013009, 013005, 013008, 013006]
10223	13	013000	013006	63	7.0	3.0	0,858	true	[013000, 013001, 013002, 013004, 013009, 013006]
10224	13	013000	013006	64	6.0	3.0	0,774	true	[013000, 013001, 013002, 013004, 013009, 013007, 013005, 013003, 013008, 013006]
10225	13	013000	013006	65	7.0	3.0	0,885	true	[013000, 013001, 013002, 013004, 013009, 013007, 013005, 013006]
10226	13	013000	013006	66	7.0	3.0	0,840	true	[013000, 013001, 013002, 013004, 013009, 013007, 013005, 013008, 013006]
10227	13	013000	013006	67	6.0	3.0	0,774	true	[013000, 013001, 013002, 013004, 013009, 013007, 013008, 013003, 013005, 013006]
10228	13	013000	013006	68	7.0	3.0	0,840	true	[013000, 013001, 013002, 013004, 013009, 013007, 013008, 013005, 013006]
10229	13	013000	013006	69	7.0	3.0	0,798	true	[013000, 013001, 013002, 013004, 013009, 013007, 013008, 013006]
10230	13	013000	013006	70	6.0	3.0	0,841	true	[013000, 013001, 013002, 013005, 013003, 013004, 013009, 013006]
10231	13	013000	013006	71	6.0	3.0	0,783	true	[013000, 013001, 013002, 013005, 013003, 013004, 013009, 013007, 013008, 013006]
10232	13	013000	013006	72	6.0	3.0	0,823	true	[013000, 013001, 013002, 013005, 013003, 013008, 013006]
10233	13	013000	013006	73	6.0	3.0	0,799	true	[013000, 013001, 013002, 013005, 013003, 013008, 013007, 013009, 013006]
10234	13	013000	013006	74	11.0	3.0	0,832	true	[013000, 013001, 013002, 013005, 013004, 013003, 013008, 013006]
10235	13	013000	013006	75	11.0	3.0	0,807	true	[013000, 013001, 013002, 013005, 013004, 013003, 013008, 013007, 013009, 013006]
10236	13	013000	013006	76	14.0	3.0	0,885	true	[013000, 013001, 013002, 013005, 013004, 013009, 013006]
10237	13	013000	013006	77	14.0	3.0	0,823	true	[013000, 013001, 013002, 013005, 013004, 013009, 013007, 013008, 013006]
10238	13	013000	013006	78	10.0	3.0	0,941	true	[013000, 013001, 013002, 013005, 013006]
10239	13	013000	013006	79	11.0	3.0	0,783	true	[013000, 013001, 013002, 013005, 013007, 013008, 013003, 013004, 013009, 013006]
10240	13	013000	013006	80	14.0	3.0	0,849	true	[013000, 013001, 013002, 013005, 013007, 013008, 013006]
10241	13	013000	013006	81	11.0	3.0	0,807	true	[013000, 013001, 013002, 013005, 013007, 013009, 013004, 013003, 013008, 013006]
10242	13	013000	013006	82	14.0	3.0	0,912	true	[013000, 013001, 013002, 013005, 013007, 013009, 013006]
10243	13	013000	013006	83	11.0	3.0	0,824	true	[013000, 013001, 013002, 013005, 013008, 013003, 013004, 013009, 013006]
10244	13	013000	013006	84	21.0	3.0	0,893	true	[013000, 013001, 013002, 013005, 013008, 013006]
10245	13	013000	013006	85	14.0	3.0	0,867	true	[013000, 013001, 013002, 013005, 013008, 013007, 013009, 013006]
10246	13	013000	013006	86	11.0	3.0	0,791	true	[013000, 013001, 013002, 013005, 013009, 013004, 013003, 013008, 013006]
10247	13	013000	013006	87	14.0	3.0	0,894	true	[013000, 013001, 013002, 013005, 013009, 013006]
10248	13	013000	013006	88	14.0	3.0	0,832	true	[013000, 013001, 013002, 013005, 013009, 013007, 013008, 013006]
10249	13	013000	013006	89	21.0	3.0	0,931	true	[013000, 013001, 013002, 013006]
10250	13	013000	013006	90	6.0	3.0	0,833	true	[013000, 013001, 013002, 013007, 013005, 013003, 013004, 013009, 013006]
10251	13	013000	013006	91	6.0	3.0	0,815	true	[013000, 013001, 013002, 013007, 013005, 013003, 013008, 013006]
10252	13	013000	013006	92	11.0	3.0	0,823	true	[013000, 013001, 013002, 013007, 013005, 013004, 013003, 013008, 013006]
10253	13	013000	013006	93	13.0	3.0	0,876	true	[013000, 013001, 013002, 013007, 013005, 013004, 013009, 013006]
10254	13	013000	013006	94	10.0	3.0	0,931	true	[013000, 013001, 013002, 013007, 013005, 013006]
10255	13	013000	013006	95	11.0	3.0	0,816	true	[013000, 013001, 013002, 013007, 013005, 013008, 013003, 013004, 013009, 013006]
10256	13	013000	013006	96	13.0	3.0	0,884	true	[013000, 013001, 013002, 013007, 013005, 013008, 013006]
10257	13	013000	013006	97	11.0	3.0	0,783	true	[013000, 013001, 013002, 013007, 013005, 013009, 013004, 013003, 013008, 013006]
10258	13	013000	013006	98	13.0	3.0	0,885	true	[013000, 013001, 013002, 013007, 013005, 013009, 013006]
10259	13	013000	013006	99	10.0	3.0	0,823	true	[013000, 013001, 013002, 013007, 013008, 013003, 013004, 013005, 013006]
10260	13	013000	013006	100	11.0	3.0	0,783	true	[013000, 013001, 013002, 013007, 013008, 013003, 013004, 013005, 013009, 013006]
10261	13	013000	013006	101	13.0	3.0	0,840	true	[013000, 013001, 013002, 013007, 013008, 013006]
10262	13	013000	013006	102	11.0	6.0	0,931	true	[013000, 013001, 013006]
10263	13	013000	013006	103	24.0	8.0	0,980	true	[013000, 013006]
10264	14	014001	014004	0	8.0	4.0	0,950	true	[014001, 014002, 014003, 014000, 014004]
10265	14	014001	014004	1	8.0	4.0	0,903	true	[014001, 014002, 014003, 014000, 014005, 014004]
10266	14	014001	014004	2	8.0	4.0	0,832	true	[014001, 014002, 014003, 014000, 014005, 014007, 014006, 014008, 014004]
10267	14	014001	014004	3	8.0	4.0	0,824	true	[014001, 014002, 014003, 014000, 014005, 014007, 014006, 014008, 014009, 014004]
10268	14	014001	014004	4	8.0	4.0	0,876	true	[014001, 014002, 014003, 014000, 014005, 014007, 014008, 014004]
10269	14	014001	014004	5	8.0	4.0	0,867	true	[014001, 014002, 014003, 014000, 014005, 014007, 014008, 014009, 014004]
10270	14	014001	014004	6	8.0	4.0	0,903	true	[014001, 014002, 014003, 014000, 014005, 014008, 014004]
10271	14	014001	014004	7	8.0	4.0	0,894	true	[014001, 014002, 014003, 014000, 014005, 014008, 014009, 014004]
10272	14	014001	014004	8	8.0	4.0	0,903	true	[014001, 014002, 014003, 014000, 014005, 014009, 014004]
10273	14	014001	014004	9	8.0	4.0	0,912	true	[014001, 014002, 014003, 014000, 014005, 014009, 014008, 014004]
10274	14	014001	014004	10	8.0	4.0	0,903	true	[014001, 014002, 014003, 014000, 014009, 014004]
10275	14	014001	014004	11	8.0	4.0	0,885	true	[014001, 014002, 014003, 014000, 014009, 014005, 014004]
10276	14	014001	014004	12	8.0	4.0	0,816	true	[014001, 014002, 014003, 014000, 014009, 014005, 014007, 014006, 014008, 014004]
10277	14	014001	014004	13	8.0	4.0	0,859	true	[014001, 014002, 014003, 014000, 014009, 014005, 014007, 014008, 014004]
10278	14	014001	014004	14	8.0	4.0	0,885	true	[014001, 014002, 014003, 014000, 014009, 014005, 014008, 014004]
10279	14	014001	014004	15	8.0	4.0	0,912	true	[014001, 014002, 014003, 014000, 014009, 014008, 014004]
10280	14	014001	014004	16	8.0	4.0	0,876	true	[014001, 014002, 014003, 014000, 014009, 014008, 014005, 014004]
10281	14	014001	014004	17	8.0	4.0	0,807	true	[014001, 014002, 014003, 014000, 014009, 014008, 014006, 014007, 014005, 014004]
10282	14	014001	014004	18	8.0	4.0	0,850	true	[014001, 014002, 014003, 014000, 014009, 014008, 014007, 014005, 014004]
10283	14	014001	014004	19	16.0	3.0	0,931	true	[014001, 014002, 014003, 014004]
10284	14	014001	014004	20	11.0	4.0	0,931	true	[014001, 014002, 014003, 014005, 014000, 014004]
10285	14	014001	014004	21	11.0	4.0	0,885	true	[014001, 014002, 014003, 014005, 014000, 014009, 014004]
10286	14	014001	014004	22	11.0	4.0	0,894	true	[014001, 014002, 014003, 014005, 014000, 014009, 014008, 014004]
10287	14	014001	014004	23	11.0	4.0	0,903	true	[014001, 014002, 014003, 014005, 014004]
10288	14	014001	014004	24	11.0	4.0	0,832	true	[014001, 014002, 014003, 014005, 014007, 014006, 014008, 014004]
10289	14	014001	014004	25	11.0	4.0	0,832	true	[014001, 014002, 014003, 014005, 014007, 014006, 014008, 014009, 014000, 014004]
10290	14	014001	014004	26	11.0	4.0	0,824	true	[014001, 014002, 014003, 014005, 014007, 014006, 014008, 014009, 014004]
10291	14	014001	014004	27	11.0	4.0	0,876	true	[014001, 014002, 014003, 014005, 014007, 014008, 014004]
10292	14	014001	014004	28	11.0	4.0	0,876	true	[014001, 014002, 014003, 014005, 014007, 014008, 014009, 014000, 014004]
10293	14	014001	014004	29	11.0	4.0	0,867	true	[014001, 014002, 014003, 014005, 014007, 014008, 014009, 014004]
10294	14	014001	014004	30	11.0	4.0	0,903	true	[014001, 014002, 014003, 014005, 014008, 014004]
10295	14	014001	014004	31	11.0	4.0	0,903	true	[014001, 014002, 014003, 014005, 014008, 014009, 014000, 014004]
10296	14	014001	014004	32	11.0	4.0	0,894	true	[014001, 014002, 014003, 014005, 014008, 014009, 014004]
10297	14	014001	014004	33	11.0	4.0	0,912	true	[014001, 014002, 014003, 014005, 014009, 014000, 014004]
10298	14	014001	014004	34	11.0	4.0	0,903	true	[014001, 014002, 014003, 014005, 014009, 014004]
10299	14	014001	014004	35	11.0	4.0	0,912	true	[014001, 014002, 014003, 014005, 014009, 014008, 014004]
10300	14	014001	014004	36	16.0	4.0	0,912	true	[014001, 014002, 014003, 014007, 014005, 014000, 014004]
10301	14	014001	014004	37	15.0	4.0	0,867	true	[014001, 014002, 014003, 014007, 014005, 014000, 014009, 014004]
10302	14	014001	014004	38	11.0	4.0	0,876	true	[014001, 014002, 014003, 014007, 014005, 014000, 014009, 014008, 014004]
10303	14	014001	014004	39	16.0	4.0	0,885	true	[014001, 014002, 014003, 014007, 014005, 014004]
10304	14	014001	014004	40	16.0	4.0	0,885	true	[014001, 014002, 014003, 014007, 014005, 014008, 014004]
10305	14	014001	014004	41	11.0	4.0	0,885	true	[014001, 014002, 014003, 014007, 014005, 014008, 014009, 014000, 014004]
10306	14	014001	014004	42	11.0	4.0	0,876	true	[014001, 014002, 014003, 014007, 014005, 014008, 014009, 014004]
10307	14	014001	014004	43	16.0	4.0	0,894	true	[014001, 014002, 014003, 014007, 014005, 014009, 014000, 014004]
10308	14	014001	014004	44	15.0	4.0	0,885	true	[014001, 014002, 014003, 014007, 014005, 014009, 014004]
10309	14	014001	014004	45	11.0	4.0	0,894	true	[014001, 014002, 014003, 014007, 014005, 014009, 014008, 014004]
10310	14	014001	014004	46	16.0	4.0	0,849	true	[014001, 014002, 014003, 014007, 014006, 014008, 014004]
10311	14	014001	014004	47	16.0	4.0	0,841	true	[014001, 014002, 014003, 014007, 014006, 014008, 014005, 014000, 014004]
10312	14	014001	014004	48	15.0	4.0	0,799	true	[014001, 014002, 014003, 014007, 014006, 014008, 014005, 014000, 014009, 014004]
10313	14	014001	014004	49	16.0	4.0	0,815	true	[014001, 014002, 014003, 014007, 014006, 014008, 014005, 014004]
10314	14	014001	014004	50	16.0	4.0	0,824	true	[014001, 014002, 014003, 014007, 014006, 014008, 014005, 014009, 014000, 014004]
10315	14	014001	014004	51	15.0	4.0	0,816	true	[014001, 014002, 014003, 014007, 014006, 014008, 014005, 014009, 014004]
10316	14	014001	014004	52	11.0	4.0	0,849	true	[014001, 014002, 014003, 014007, 014006, 014008, 014009, 014000, 014004]
10317	14	014001	014004	53	11.0	4.0	0,807	true	[014001, 014002, 014003, 014007, 014006, 014008, 014009, 014000, 014005, 014004]
10318	14	014001	014004	54	11.0	4.0	0,841	true	[014001, 014002, 014003, 014007, 014006, 014008, 014009, 014004]
10319	14	014001	014004	55	11.0	4.0	0,849	true	[014001, 014002, 014003, 014007, 014006, 014008, 014009, 014005, 014000, 014004]
10320	14	014001	014004	56	11.0	4.0	0,824	true	[014001, 014002, 014003, 014007, 014006, 014008, 014009, 014005, 014004]
10321	14	014001	014004	57	16.0	4.0	0,894	true	[014001, 014002, 014003, 014007, 014008, 014004]
10322	14	014001	014004	58	16.0	4.0	0,885	true	[014001, 014002, 014003, 014007, 014008, 014005, 014000, 014004]
10323	14	014001	014004	59	15.0	4.0	0,841	true	[014001, 014002, 014003, 014007, 014008, 014005, 014000, 014009, 014004]
10324	14	014001	014004	60	16.0	4.0	0,858	true	[014001, 014002, 014003, 014007, 014008, 014005, 014004]
10325	14	014001	014004	61	16.0	4.0	0,867	true	[014001, 014002, 014003, 014007, 014008, 014005, 014009, 014000, 014004]
10326	14	014001	014004	62	15.0	4.0	0,859	true	[014001, 014002, 014003, 014007, 014008, 014005, 014009, 014004]
10327	14	014001	014004	63	11.0	4.0	0,894	true	[014001, 014002, 014003, 014007, 014008, 014009, 014000, 014004]
10328	14	014001	014004	64	11.0	4.0	0,850	true	[014001, 014002, 014003, 014007, 014008, 014009, 014000, 014005, 014004]
10329	14	014001	014004	65	11.0	4.0	0,885	true	[014001, 014002, 014003, 014007, 014008, 014009, 014004]
10330	14	014001	014004	66	11.0	4.0	0,894	true	[014001, 014002, 014003, 014007, 014008, 014009, 014005, 014000, 014004]
10331	14	014001	014004	67	11.0	4.0	0,867	true	[014001, 014002, 014003, 014007, 014008, 014009, 014005, 014004]
10332	14	014001	014004	68	16.0	3.0	0,894	true	[014001, 014002, 014003, 014008, 014004]
10333	14	014001	014004	69	16.0	3.0	0,885	true	[014001, 014002, 014003, 014008, 014005, 014000, 014004]
10334	14	014001	014004	70	15.0	3.0	0,841	true	[014001, 014002, 014003, 014008, 014005, 014000, 014009, 014004]
10335	14	014001	014004	71	16.0	3.0	0,858	true	[014001, 014002, 014003, 014008, 014005, 014004]
10336	14	014001	014004	72	16.0	3.0	0,867	true	[014001, 014002, 014003, 014008, 014005, 014009, 014000, 014004]
10337	14	014001	014004	73	15.0	3.0	0,858	true	[014001, 014002, 014003, 014008, 014005, 014009, 014004]
10338	14	014001	014004	74	16.0	3.0	0,815	true	[014001, 014002, 014003, 014008, 014006, 014007, 014005, 014000, 014004]
10339	14	014001	014004	75	15.0	3.0	0,775	true	[014001, 014002, 014003, 014008, 014006, 014007, 014005, 014000, 014009, 014004]
10340	14	014001	014004	76	16.0	3.0	0,791	true	[014001, 014002, 014003, 014008, 014006, 014007, 014005, 014004]
10341	14	014001	014004	77	16.0	3.0	0,799	true	[014001, 014002, 014003, 014008, 014006, 014007, 014005, 014009, 014000, 014004]
10342	14	014001	014004	78	15.0	3.0	0,791	true	[014001, 014002, 014003, 014008, 014006, 014007, 014005, 014009, 014004]
10343	14	014001	014004	79	16.0	3.0	0,858	true	[014001, 014002, 014003, 014008, 014007, 014005, 014000, 014004]
10344	14	014001	014004	80	15.0	3.0	0,816	true	[014001, 014002, 014003, 014008, 014007, 014005, 014000, 014009, 014004]
10345	14	014001	014004	81	16.0	3.0	0,832	true	[014001, 014002, 014003, 014008, 014007, 014005, 014004]
10346	14	014001	014004	82	16.0	3.0	0,841	true	[014001, 014002, 014003, 014008, 014007, 014005, 014009, 014000, 014004]
10347	14	014001	014004	83	15.0	3.0	0,833	true	[014001, 014002, 014003, 014008, 014007, 014005, 014009, 014004]
10348	14	014001	014004	84	11.0	3.0	0,894	true	[014001, 014002, 014003, 014008, 014009, 014000, 014004]
10349	14	014001	014004	85	11.0	3.0	0,849	true	[014001, 014002, 014003, 014008, 014009, 014000, 014005, 014004]
10350	14	014001	014004	86	11.0	3.0	0,885	true	[014001, 014002, 014003, 014008, 014009, 014004]
10351	14	014001	014004	87	11.0	3.0	0,894	true	[014001, 014002, 014003, 014008, 014009, 014005, 014000, 014004]
10352	14	014001	014004	88	11.0	3.0	0,867	true	[014001, 014002, 014003, 014008, 014009, 014005, 014004]
10353	14	014001	014004	89	15.0	4.0	0,884	true	[014001, 014002, 014003, 014009, 014000, 014004]
10354	14	014001	014004	90	15.0	4.0	0,841	true	[014001, 014002, 014003, 014009, 014000, 014005, 014004]
10355	14	014001	014004	91	15.0	4.0	0,775	true	[014001, 014002, 014003, 014009, 014000, 014005, 014007, 014006, 014008, 014004]
10356	14	014001	014004	92	15.0	4.0	0,816	true	[014001, 014002, 014003, 014009, 014000, 014005, 014007, 014008, 014004]
10357	14	014001	014004	93	15.0	4.0	0,841	true	[014001, 014002, 014003, 014009, 014000, 014005, 014008, 014004]
10358	14	014001	014004	94	15.0	4.0	0,875	true	[014001, 014002, 014003, 014009, 014004]
10359	14	014001	014004	95	15.0	4.0	0,885	true	[014001, 014002, 014003, 014009, 014005, 014000, 014004]
10360	14	014001	014004	96	15.0	4.0	0,858	true	[014001, 014002, 014003, 014009, 014005, 014004]
10361	14	014001	014004	97	15.0	4.0	0,791	true	[014001, 014002, 014003, 014009, 014005, 014007, 014006, 014008, 014004]
10362	14	014001	014004	98	15.0	4.0	0,832	true	[014001, 014002, 014003, 014009, 014005, 014007, 014008, 014004]
10363	14	014001	014004	99	15.0	4.0	0,858	true	[014001, 014002, 014003, 014009, 014005, 014008, 014004]
10364	14	014001	014004	100	11.0	4.0	0,884	true	[014001, 014002, 014003, 014009, 014008, 014004]
10365	14	014001	014004	101	14.0	4.0	0,903	true	[014001, 014002, 014004]
10366	14	014001	014004	102	28.0	8.0	0,970	true	[014001, 014004]
10367	15	015001	015004	0	13.0	4.0	0,941	true	[015001, 015002, 015003, 015000, 015004]
10368	15	015001	015004	1	13.0	4.0	0,894	true	[015001, 015002, 015003, 015000, 015005, 015004]
10369	15	015001	015004	2	13.0	4.0	0,895	true	[015001, 015002, 015003, 015000, 015005, 015006, 015004]
10370	15	015001	015004	3	13.0	4.0	0,867	true	[015001, 015002, 015003, 015000, 015005, 015006, 015007, 015004]
10371	15	015001	015004	4	13.0	4.0	0,783	true	[015001, 015002, 015003, 015000, 015005, 015006, 015007, 015008, 015004]
10372	15	015001	015004	5	13.0	4.0	0,841	true	[015001, 015002, 015003, 015000, 015005, 015006, 015008, 015004]
10373	15	015001	015004	6	13.0	4.0	0,841	true	[015001, 015002, 015003, 015000, 015005, 015006, 015008, 015007, 015004]
10374	15	015001	015004	7	13.0	4.0	0,833	true	[015001, 015002, 015003, 015000, 015005, 015006, 015009, 015004]
10375	15	015001	015004	8	13.0	4.0	0,850	true	[015001, 015002, 015003, 015000, 015005, 015008, 015004]
10376	15	015001	015004	9	13.0	4.0	0,868	true	[015001, 015002, 015003, 015000, 015005, 015008, 015006, 015004]
10377	15	015001	015004	10	13.0	4.0	0,841	true	[015001, 015002, 015003, 015000, 015005, 015008, 015006, 015007, 015004]
10378	15	015001	015004	11	13.0	4.0	0,808	true	[015001, 015002, 015003, 015000, 015005, 015008, 015006, 015009, 015004]
10379	15	015001	015004	12	13.0	4.0	0,850	true	[015001, 015002, 015003, 015000, 015005, 015008, 015007, 015004]
10380	15	015001	015004	13	13.0	4.0	0,808	true	[015001, 015002, 015003, 015000, 015005, 015008, 015007, 015006, 015004]
10381	15	015001	015004	14	13.0	4.0	0,752	true	[015001, 015002, 015003, 015000, 015005, 015008, 015007, 015006, 015009, 015004]
10382	15	015001	015004	15	12.0	4.0	0,832	true	[015001, 015002, 015003, 015000, 015005, 015009, 015004]
10383	15	015001	015004	16	12.0	4.0	0,841	true	[015001, 015002, 015003, 015000, 015005, 015009, 015006, 015004]
10384	15	015001	015004	17	12.0	4.0	0,816	true	[015001, 015002, 015003, 015000, 015005, 015009, 015006, 015007, 015004]
10385	15	015001	015004	18	12.0	4.0	0,736	true	[015001, 015002, 015003, 015000, 015005, 015009, 015006, 015007, 015008, 015004]
10386	15	015001	015004	19	12.0	4.0	0,791	true	[015001, 015002, 015003, 015000, 015005, 015009, 015006, 015008, 015004]
10387	15	015001	015004	20	12.0	4.0	0,791	true	[015001, 015002, 015003, 015000, 015005, 015009, 015006, 015008, 015007, 015004]
10388	15	015001	015004	21	13.0	4.0	0,903	true	[015001, 015002, 015003, 015000, 015006, 015004]
10389	15	015001	015004	22	13.0	4.0	0,867	true	[015001, 015002, 015003, 015000, 015006, 015005, 015004]
10390	15	015001	015004	23	13.0	4.0	0,824	true	[015001, 015002, 015003, 015000, 015006, 015005, 015008, 015004]
10391	15	015001	015004	24	13.0	4.0	0,824	true	[015001, 015002, 015003, 015000, 015006, 015005, 015008, 015007, 015004]
10392	15	015001	015004	25	12.0	4.0	0,807	true	[015001, 015002, 015003, 015000, 015006, 015005, 015009, 015004]
10393	15	015001	015004	26	13.0	4.0	0,876	true	[015001, 015002, 015003, 015000, 015006, 015007, 015004]
10394	15	015001	015004	27	13.0	4.0	0,791	true	[015001, 015002, 015003, 015000, 015006, 015007, 015008, 015004]
10395	15	015001	015004	28	13.0	4.0	0,783	true	[015001, 015002, 015003, 015000, 015006, 015007, 015008, 015005, 015004]
10396	15	015001	015004	29	12.0	4.0	0,729	true	[015001, 015002, 015003, 015000, 015006, 015007, 015008, 015005, 015009, 015004]
10397	15	015001	015004	30	13.0	4.0	0,850	true	[015001, 015002, 015003, 015000, 015006, 015008, 015004]
10398	15	015001	015004	31	13.0	4.0	0,841	true	[015001, 015002, 015003, 015000, 015006, 015008, 015005, 015004]
10399	15	015001	015004	32	12.0	4.0	0,783	true	[015001, 015002, 015003, 015000, 015006, 015008, 015005, 015009, 015004]
10400	15	015001	015004	33	13.0	4.0	0,850	true	[015001, 015002, 015003, 015000, 015006, 015008, 015007, 015004]
10401	15	015001	015004	34	13.0	4.0	0,841	true	[015001, 015002, 015003, 015000, 015006, 015009, 015004]
10402	15	015001	015004	35	12.0	4.0	0,816	true	[015001, 015002, 015003, 015000, 015006, 015009, 015005, 015004]
10403	15	015001	015004	36	12.0	4.0	0,775	true	[015001, 015002, 015003, 015000, 015006, 015009, 015005, 015008, 015004]
10404	15	015001	015004	37	12.0	4.0	0,775	true	[015001, 015002, 015003, 015000, 015006, 015009, 015005, 015008, 015007, 015004]
10405	15	015001	015004	38	13.0	4.0	0,951	true	[015001, 015002, 015003, 015000, 015007, 015004]
10406	15	015001	015004	39	13.0	4.0	0,903	true	[015001, 015002, 015003, 015000, 015007, 015006, 015004]
10407	15	015001	015004	40	13.0	4.0	0,867	true	[015001, 015002, 015003, 015000, 015007, 015006, 015005, 015004]
10408	15	015001	015004	41	13.0	4.0	0,824	true	[015001, 015002, 015003, 015000, 015007, 015006, 015005, 015008, 015004]
10409	15	015001	015004	42	12.0	4.0	0,807	true	[015001, 015002, 015003, 015000, 015007, 015006, 015005, 015009, 015004]
10410	15	015001	015004	43	13.0	4.0	0,850	true	[015001, 015002, 015003, 015000, 015007, 015006, 015008, 015004]
10411	15	015001	015004	44	13.0	4.0	0,841	true	[015001, 015002, 015003, 015000, 015007, 015006, 015008, 015005, 015004]
10412	15	015001	015004	45	12.0	4.0	0,783	true	[015001, 015002, 015003, 015000, 015007, 015006, 015008, 015005, 015009, 015004]
10413	15	015001	015004	46	13.0	4.0	0,841	true	[015001, 015002, 015003, 015000, 015007, 015006, 015009, 015004]
10414	15	015001	015004	47	12.0	4.0	0,816	true	[015001, 015002, 015003, 015000, 015007, 015006, 015009, 015005, 015004]
10415	15	015001	015004	48	12.0	4.0	0,775	true	[015001, 015002, 015003, 015000, 015007, 015006, 015009, 015005, 015008, 015004]
10416	15	015001	015004	49	13.0	4.0	0,858	true	[015001, 015002, 015003, 015000, 015007, 015008, 015004]
10417	15	015001	015004	50	13.0	4.0	0,850	true	[015001, 015002, 015003, 015000, 015007, 015008, 015005, 015004]
10418	15	015001	015004	51	13.0	4.0	0,850	true	[015001, 015002, 015003, 015000, 015007, 015008, 015005, 015006, 015004]
10419	15	015001	015004	52	13.0	4.0	0,791	true	[015001, 015002, 015003, 015000, 015007, 015008, 015005, 015006, 015009, 015004]
10420	15	015001	015004	53	12.0	4.0	0,791	true	[015001, 015002, 015003, 015000, 015007, 015008, 015005, 015009, 015004]
10421	15	015001	015004	54	12.0	4.0	0,799	true	[015001, 015002, 015003, 015000, 015007, 015008, 015005, 015009, 015006, 015004]
10422	15	015001	015004	55	13.0	4.0	0,876	true	[015001, 015002, 015003, 015000, 015007, 015008, 015006, 015004]
10423	15	015001	015004	56	13.0	4.0	0,841	true	[015001, 015002, 015003, 015000, 015007, 015008, 015006, 015005, 015004]
10424	15	015001	015004	57	12.0	4.0	0,783	true	[015001, 015002, 015003, 015000, 015007, 015008, 015006, 015005, 015009, 015004]
10425	15	015001	015004	58	13.0	4.0	0,816	true	[015001, 015002, 015003, 015000, 015007, 015008, 015006, 015009, 015004]
10426	15	015001	015004	59	12.0	4.0	0,791	true	[015001, 015002, 015003, 015000, 015007, 015008, 015006, 015009, 015005, 015004]
10427	15	015001	015004	60	13.0	4.0	0,876	true	[015001, 015002, 015003, 015000, 015008, 015004]
10428	15	015001	015004	61	13.0	4.0	0,868	true	[015001, 015002, 015003, 015000, 015008, 015005, 015004]
10429	15	015001	015004	62	13.0	4.0	0,868	true	[015001, 015002, 015003, 015000, 015008, 015005, 015006, 015004]
10430	15	015001	015004	63	13.0	4.0	0,841	true	[015001, 015002, 015003, 015000, 015008, 015005, 015006, 015007, 015004]
10431	15	015001	015004	64	13.0	4.0	0,808	true	[015001, 015002, 015003, 015000, 015008, 015005, 015006, 015009, 015004]
10432	15	015001	015004	65	12.0	4.0	0,807	true	[015001, 015002, 015003, 015000, 015008, 015005, 015009, 015004]
10433	15	015001	015004	66	12.0	4.0	0,816	true	[015001, 015002, 015003, 015000, 015008, 015005, 015009, 015006, 015004]
10434	15	015001	015004	67	12.0	4.0	0,791	true	[015001, 015002, 015003, 015000, 015008, 015005, 015009, 015006, 015007, 015004]
10435	15	015001	015004	68	13.0	4.0	0,895	true	[015001, 015002, 015003, 015000, 015008, 015006, 015004]
10436	15	015001	015004	69	13.0	4.0	0,859	true	[015001, 015002, 015003, 015000, 015008, 015006, 015005, 015004]
10437	15	015001	015004	70	12.0	4.0	0,799	true	[015001, 015002, 015003, 015000, 015008, 015006, 015005, 015009, 015004]
10438	15	015001	015004	71	13.0	4.0	0,867	true	[015001, 015002, 015003, 015000, 015008, 015006, 015007, 015004]
10439	15	015001	015004	72	13.0	4.0	0,833	true	[015001, 015002, 015003, 015000, 015008, 015006, 015009, 015004]
10440	15	015001	015004	73	12.0	4.0	0,808	true	[015001, 015002, 015003, 015000, 015008, 015006, 015009, 015005, 015004]
10441	15	015001	015004	74	13.0	4.0	0,876	true	[015001, 015002, 015003, 015000, 015008, 015007, 015004]
10442	15	015001	015004	75	13.0	4.0	0,833	true	[015001, 015002, 015003, 015000, 015008, 015007, 015006, 015004]
10443	15	015001	015004	76	13.0	4.0	0,799	true	[015001, 015002, 015003, 015000, 015008, 015007, 015006, 015005, 015004]
10444	15	015001	015004	77	12.0	4.0	0,744	true	[015001, 015002, 015003, 015000, 015008, 015007, 015006, 015005, 015009, 015004]
10445	15	015001	015004	78	13.0	4.0	0,775	true	[015001, 015002, 015003, 015000, 015008, 015007, 015006, 015009, 015004]
10446	15	015001	015004	79	12.0	4.0	0,752	true	[015001, 015002, 015003, 015000, 015008, 015007, 015006, 015009, 015005, 015004]
10447	15	015001	015004	80	13.0	4.0	0,894	true	[015001, 015002, 015003, 015000, 015009, 015004]
10448	15	015001	015004	81	12.0	4.0	0,867	true	[015001, 015002, 015003, 015000, 015009, 015005, 015004]
10449	15	015001	015004	82	12.0	4.0	0,867	true	[015001, 015002, 015003, 015000, 015009, 015005, 015006, 015004]
10450	15	015001	015004	83	12.0	4.0	0,841	true	[015001, 015002, 015003, 015000, 015009, 015005, 015006, 015007, 015004]
10451	15	015001	015004	84	12.0	4.0	0,759	true	[015001, 015002, 015003, 015000, 015009, 015005, 015006, 015007, 015008, 015004]
10452	15	015001	015004	85	12.0	4.0	0,816	true	[015001, 015002, 015003, 015000, 015009, 015005, 015006, 015008, 015004]
10453	15	015001	015004	86	12.0	4.0	0,816	true	[015001, 015002, 015003, 015000, 015009, 015005, 015006, 015008, 015007, 015004]
10454	15	015001	015004	87	12.0	4.0	0,824	true	[015001, 015002, 015003, 015000, 015009, 015005, 015008, 015004]
10455	15	015001	015004	88	12.0	4.0	0,841	true	[015001, 015002, 015003, 015000, 015009, 015005, 015008, 015006, 015004]
10456	15	015001	015004	89	12.0	4.0	0,816	true	[015001, 015002, 015003, 015000, 015009, 015005, 015008, 015006, 015007, 015004]
10457	15	015001	015004	90	12.0	4.0	0,824	true	[015001, 015002, 015003, 015000, 015009, 015005, 015008, 015007, 015004]
10458	15	015001	015004	91	12.0	4.0	0,783	true	[015001, 015002, 015003, 015000, 015009, 015005, 015008, 015007, 015006, 015004]
10459	15	015001	015004	92	13.0	4.0	0,904	true	[015001, 015002, 015003, 015000, 015009, 015006, 015004]
10460	15	015001	015004	93	13.0	4.0	0,868	true	[015001, 015002, 015003, 015000, 015009, 015006, 015005, 015004]
10461	15	015001	015004	94	13.0	4.0	0,824	true	[015001, 015002, 015003, 015000, 015009, 015006, 015005, 015008, 015004]
10462	15	015001	015004	95	13.0	4.0	0,824	true	[015001, 015002, 015003, 015000, 015009, 015006, 015005, 015008, 015007, 015004]
10463	15	015001	015004	96	13.0	4.0	0,876	true	[015001, 015002, 015003, 015000, 015009, 015006, 015007, 015004]
10464	15	015001	015004	97	13.0	4.0	0,791	true	[015001, 015002, 015003, 015000, 015009, 015006, 015007, 015008, 015004]
10465	15	015001	015004	98	13.0	4.0	0,783	true	[015001, 015002, 015003, 015000, 015009, 015006, 015007, 015008, 015005, 015004]
10466	15	015001	015004	99	13.0	4.0	0,850	true	[015001, 015002, 015003, 015000, 015009, 015006, 015008, 015004]
10467	15	015001	015004	100	13.0	4.0	0,842	true	[015001, 015002, 015003, 015000, 015009, 015006, 015008, 015005, 015004]
10468	15	015001	015004	101	15.0	4.0	0,941	true	[015001, 015002, 015003, 015004]
10469	15	015001	015004	102	15.0	4.0	0,931	true	[015001, 015002, 015004]
10470	15	015001	015004	103	36.0	10.0	0,960	true	[015001, 015004]
10471	16	016004	016008	0	17.0	3.0	0,824	true	[016004, 016000, 016001, 016002, 016003, 016005, 016006, 016007, 016008]
10472	16	016004	016008	1	19.0	3.0	0,858	true	[016004, 016000, 016001, 016002, 016003, 016005, 016008]
10473	16	016004	016008	2	15.0	4.0	0,799	true	[016004, 016000, 016001, 016002, 016003, 016005, 016009, 016007, 016008]
10474	16	016004	016008	3	17.0	3.0	0,885	true	[016004, 016000, 016001, 016002, 016003, 016006, 016005, 016008]
10475	16	016004	016008	4	15.0	4.0	0,824	true	[016004, 016000, 016001, 016002, 016003, 016006, 016005, 016009, 016007, 016008]
10476	16	016004	016008	5	17.0	3.0	0,850	true	[016004, 016000, 016001, 016002, 016003, 016006, 016007, 016008]
10477	16	016004	016008	6	15.0	3.0	0,859	true	[016004, 016000, 016001, 016002, 016003, 016006, 016007, 016009, 016005, 016008]
10478	16	016004	016008	7	17.0	3.0	0,783	true	[016004, 016000, 016001, 016002, 016005, 016003, 016006, 016007, 016008]
10479	16	016004	016008	8	17.0	3.0	0,824	true	[016004, 016000, 016001, 016002, 016005, 016006, 016007, 016008]
10480	16	016004	016008	9	24.0	3.0	0,858	true	[016004, 016000, 016001, 016002, 016005, 016008]
10481	16	016004	016008	10	15.0	4.0	0,799	true	[016004, 016000, 016001, 016002, 016005, 016009, 016007, 016008]
10482	16	016004	016008	11	24.0	3.0	0,824	true	[016004, 016000, 016001, 016002, 016006, 016003, 016005, 016008]
10483	16	016004	016008	12	15.0	3.0	0,767	true	[016004, 016000, 016001, 016002, 016006, 016003, 016005, 016009, 016007, 016008]
10484	16	016004	016008	13	17.0	3.0	0,867	true	[016004, 016000, 016001, 016002, 016006, 016005, 016008]
10485	16	016004	016008	14	15.0	3.0	0,807	true	[016004, 016000, 016001, 016002, 016006, 016005, 016009, 016007, 016008]
10486	16	016004	016008	15	17.0	3.0	0,832	true	[016004, 016000, 016001, 016002, 016006, 016007, 016008]
10487	16	016004	016008	16	15.0	3.0	0,841	true	[016004, 016000, 016001, 016002, 016006, 016007, 016009, 016005, 016008]
10488	16	016004	016008	17	5.0	3.0	0,841	true	[016004, 016000, 016001, 016002, 016007, 016006, 016003, 016005, 016008]
10489	16	016004	016008	18	5.0	3.0	0,885	true	[016004, 016000, 016001, 016002, 016007, 016006, 016005, 016008]
10490	16	016004	016008	19	5.0	4.0	0,850	true	[016004, 016000, 016001, 016002, 016007, 016008]
10491	16	016004	016008	20	5.0	3.0	0,859	true	[016004, 016000, 016001, 016002, 016007, 016009, 016005, 016008]
10492	16	016004	016008	21	24.0	4.0	0,858	true	[016004, 016000, 016001, 016002, 016008]
10493	16	016004	016008	22	15.0	3.0	0,767	true	[016004, 016000, 016001, 016002, 016009, 016005, 016003, 016006, 016007, 016008]
10494	16	016004	016008	23	15.0	3.0	0,807	true	[016004, 016000, 016001, 016002, 016009, 016005, 016006, 016007, 016008]
10495	16	016004	016008	24	15.0	3.0	0,841	true	[016004, 016000, 016001, 016002, 016009, 016005, 016008]
10496	16	016004	016008	25	23.0	3.0	0,824	true	[016004, 016000, 016001, 016002, 016009, 016007, 016006, 016003, 016005, 016008]
10497	16	016004	016008	26	17.0	3.0	0,867	true	[016004, 016000, 016001, 016002, 016009, 016007, 016006, 016005, 016008]
10498	16	016004	016008	27	17.0	3.0	0,832	true	[016004, 016000, 016001, 016002, 016009, 016007, 016008]
10499	16	016004	016008	28	14.0	3.0	0,841	true	[016004, 016000, 016001, 016005, 016002, 016003, 016006, 016007, 016008]
10500	16	016004	016008	29	14.0	3.0	0,824	true	[016004, 016000, 016001, 016005, 016002, 016006, 016007, 016008]
10501	16	016004	016008	30	5.0	4.0	0,841	true	[016004, 016000, 016001, 016005, 016002, 016007, 016008]
10502	16	016004	016008	31	14.0	4.0	0,850	true	[016004, 016000, 016001, 016005, 016002, 016008]
10503	16	016004	016008	32	14.0	3.0	0,824	true	[016004, 016000, 016001, 016005, 016002, 016009, 016007, 016008]
10504	16	016004	016008	33	14.0	3.0	0,824	true	[016004, 016000, 016001, 016005, 016003, 016002, 016006, 016007, 016008]
10505	16	016004	016008	34	5.0	4.0	0,841	true	[016004, 016000, 016001, 016005, 016003, 016002, 016007, 016008]
10506	16	016004	016008	35	14.0	4.0	0,850	true	[016004, 016000, 016001, 016005, 016003, 016002, 016008]
10507	16	016004	016008	36	14.0	3.0	0,824	true	[016004, 016000, 016001, 016005, 016003, 016002, 016009, 016007, 016008]
10508	16	016004	016008	37	5.0	3.0	0,808	true	[016004, 016000, 016001, 016005, 016003, 016006, 016002, 016007, 016008]
10509	16	016004	016008	38	14.0	3.0	0,816	true	[016004, 016000, 016001, 016005, 016003, 016006, 016002, 016008]
10510	16	016004	016008	39	14.0	3.0	0,791	true	[016004, 016000, 016001, 016005, 016003, 016006, 016002, 016009, 016007, 016008]
10511	16	016004	016008	40	5.0	3.0	0,833	true	[016004, 016000, 016001, 016005, 016003, 016006, 016007, 016002, 016008]
10512	16	016004	016008	41	14.0	3.0	0,841	true	[016004, 016000, 016001, 016005, 016003, 016006, 016007, 016008]
10513	16	016004	016008	42	14.0	3.0	0,816	true	[016004, 016000, 016001, 016005, 016003, 016006, 016007, 016009, 016002, 016008]
10514	16	016004	016008	43	5.0	3.0	0,850	true	[016004, 016000, 016001, 016005, 016006, 016002, 016007, 016008]
10515	16	016004	016008	44	14.0	3.0	0,858	true	[016004, 016000, 016001, 016005, 016006, 016002, 016008]
10516	16	016004	016008	45	14.0	3.0	0,833	true	[016004, 016000, 016001, 016005, 016006, 016002, 016009, 016007, 016008]
10517	16	016004	016008	46	5.0	4.0	0,867	true	[016004, 016000, 016001, 016005, 016006, 016003, 016002, 016007, 016008]
10518	16	016004	016008	47	14.0	4.0	0,876	true	[016004, 016000, 016001, 016005, 016006, 016003, 016002, 016008]
10519	16	016004	016008	48	14.0	3.0	0,850	true	[016004, 016000, 016001, 016005, 016006, 016003, 016002, 016009, 016007, 016008]
10520	16	016004	016008	49	5.0	3.0	0,876	true	[016004, 016000, 016001, 016005, 016006, 016007, 016002, 016008]
10521	16	016004	016008	50	14.0	3.0	0,885	true	[016004, 016000, 016001, 016005, 016006, 016007, 016008]
10522	16	016004	016008	51	14.0	3.0	0,858	true	[016004, 016000, 016001, 016005, 016006, 016007, 016009, 016002, 016008]
10523	16	016004	016008	52	14.0	3.0	0,922	true	[016004, 016000, 016001, 016005, 016008]
10524	16	016004	016008	53	14.0	3.0	0,824	true	[016004, 016000, 016001, 016005, 016009, 016002, 016003, 016006, 016007, 016008]
10525	16	016004	016008	54	14.0	3.0	0,808	true	[016004, 016000, 016001, 016005, 016009, 016002, 016006, 016007, 016008]
10526	16	016004	016008	55	5.0	3.0	0,824	true	[016004, 016000, 016001, 016005, 016009, 016002, 016007, 016008]
10527	16	016004	016008	56	14.0	3.0	0,833	true	[016004, 016000, 016001, 016005, 016009, 016002, 016008]
10528	16	016004	016008	57	5.0	4.0	0,850	true	[016004, 016000, 016001, 016005, 016009, 016007, 016002, 016008]
10529	16	016004	016008	58	14.0	3.0	0,833	true	[016004, 016000, 016001, 016005, 016009, 016007, 016006, 016002, 016008]
10530	16	016004	016008	59	14.0	3.0	0,850	true	[016004, 016000, 016001, 016005, 016009, 016007, 016006, 016003, 016002, 016008]
10531	16	016004	016008	60	14.0	4.0	0,858	true	[016004, 016000, 016001, 016005, 016009, 016007, 016008]
10532	16	016004	016008	61	11.0	3.0	0,824	true	[016004, 016000, 016001, 016006, 016002, 016003, 016005, 016008]
10533	16	016004	016008	62	11.0	3.0	0,767	true	[016004, 016000, 016001, 016006, 016002, 016003, 016005, 016009, 016007, 016008]
10534	16	016004	016008	63	11.0	3.0	0,824	true	[016004, 016000, 016001, 016006, 016002, 016005, 016008]
10535	16	016004	016008	64	11.0	3.0	0,767	true	[016004, 016000, 016001, 016006, 016002, 016005, 016009, 016007, 016008]
10536	16	016004	016008	65	5.0	3.0	0,815	true	[016004, 016000, 016001, 016006, 016002, 016007, 016008]
10537	16	016004	016008	66	5.0	3.0	0,824	true	[016004, 016000, 016001, 016006, 016002, 016007, 016009, 016005, 016008]
10538	16	016004	016008	67	11.0	3.0	0,824	true	[016004, 016000, 016001, 016006, 016002, 016008]
10539	16	016004	016008	68	11.0	3.0	0,808	true	[016004, 016000, 016001, 016006, 016002, 016009, 016005, 016008]
10540	16	016004	016008	69	11.0	3.0	0,799	true	[016004, 016000, 016001, 016006, 016002, 016009, 016007, 016008]
10541	16	016004	016008	70	11.0	3.0	0,841	true	[016004, 016000, 016001, 016006, 016003, 016002, 016005, 016008]
10542	16	016004	016008	71	11.0	4.0	0,783	true	[016004, 016000, 016001, 016006, 016003, 016002, 016005, 016009, 016007, 016008]
10543	16	016004	016008	72	5.0	4.0	0,832	true	[016004, 016000, 016001, 016006, 016003, 016002, 016007, 016008]
10544	16	016004	016008	73	5.0	3.0	0,841	true	[016004, 016000, 016001, 016006, 016003, 016002, 016007, 016009, 016005, 016008]
10545	16	016004	016008	74	11.0	4.0	0,841	true	[016004, 016000, 016001, 016006, 016003, 016002, 016008]
10546	16	016004	016008	75	11.0	3.0	0,824	true	[016004, 016000, 016001, 016006, 016003, 016002, 016009, 016005, 016008]
10547	16	016004	016008	76	11.0	3.0	0,815	true	[016004, 016000, 016001, 016006, 016003, 016002, 016009, 016007, 016008]
10548	16	016004	016008	77	5.0	4.0	0,767	true	[016004, 016000, 016001, 016006, 016003, 016005, 016002, 016007, 016008]
10549	16	016004	016008	78	11.0	4.0	0,775	true	[016004, 016000, 016001, 016006, 016003, 016005, 016002, 016008]
10550	16	016004	016008	79	11.0	3.0	0,752	true	[016004, 016000, 016001, 016006, 016003, 016005, 016002, 016009, 016007, 016008]
10551	16	016004	016008	80	11.0	3.0	0,841	true	[016004, 016000, 016001, 016006, 016003, 016005, 016008]
10552	16	016004	016008	81	5.0	3.0	0,752	true	[016004, 016000, 016001, 016006, 016003, 016005, 016009, 016002, 016007, 016008]
10553	16	016004	016008	82	11.0	3.0	0,759	true	[016004, 016000, 016001, 016006, 016003, 016005, 016009, 016002, 016008]
10554	16	016004	016008	83	5.0	4.0	0,775	true	[016004, 016000, 016001, 016006, 016003, 016005, 016009, 016007, 016002, 016008]
10555	16	016004	016008	84	11.0	4.0	0,783	true	[016004, 016000, 016001, 016006, 016003, 016005, 016009, 016007, 016008]
10556	16	016004	016008	85	5.0	4.0	0,807	true	[016004, 016000, 016001, 016006, 016005, 016002, 016007, 016008]
10557	16	016004	016008	86	11.0	4.0	0,815	true	[016004, 016000, 016001, 016006, 016005, 016002, 016008]
10558	16	016004	016008	87	11.0	3.0	0,791	true	[016004, 016000, 016001, 016006, 016005, 016002, 016009, 016007, 016008]
10559	16	016004	016008	88	5.0	4.0	0,807	true	[016004, 016000, 016001, 016006, 016005, 016003, 016002, 016007, 016008]
10560	16	016004	016008	89	11.0	4.0	0,815	true	[016004, 016000, 016001, 016006, 016005, 016003, 016002, 016008]
10561	16	016004	016008	90	11.0	3.0	0,791	true	[016004, 016000, 016001, 016006, 016005, 016003, 016002, 016009, 016007, 016008]
10562	16	016004	016008	91	11.0	3.0	0,885	true	[016004, 016000, 016001, 016006, 016005, 016008]
10563	16	016004	016008	92	5.0	3.0	0,791	true	[016004, 016000, 016001, 016006, 016005, 016009, 016002, 016007, 016008]
10564	16	016004	016008	93	11.0	3.0	0,799	true	[016004, 016000, 016001, 016006, 016005, 016009, 016002, 016008]
10565	16	016004	016008	94	5.0	4.0	0,815	true	[016004, 016000, 016001, 016006, 016005, 016009, 016007, 016002, 016008]
10566	16	016004	016008	95	11.0	4.0	0,824	true	[016004, 016000, 016001, 016006, 016005, 016009, 016007, 016008]
10567	16	016004	016008	96	5.0	3.0	0,841	true	[016004, 016000, 016001, 016006, 016007, 016002, 016003, 016005, 016008]
10568	16	016004	016008	97	5.0	3.0	0,841	true	[016004, 016000, 016001, 016006, 016007, 016002, 016005, 016008]
10569	16	016004	016008	98	5.0	3.0	0,841	true	[016004, 016000, 016001, 016006, 016007, 016002, 016008]
10570	16	016004	016008	99	5.0	3.0	0,824	true	[016004, 016000, 016001, 016006, 016007, 016002, 016009, 016005, 016008]
10571	16	016004	016008	100	11.0	3.0	0,849	true	[016004, 016000, 016001, 016006, 016007, 016008]
10572	16	016004	016008	101	15.0	4.0	0,903	true	[016004, 016000, 016001, 016008]
10573	16	016004	016008	102	21.0	4.0	0,960	true	[016004, 016000, 016008]
10574	16	016004	016008	103	18.0	10.0	0,960	true	[016004, 016008]
10575	17	017009	017006	0	6.0	4.0	0,850	true	[017009, 017000, 017001, 017003, 017002, 017005, 017007, 017006]
10576	17	017009	017006	1	16.0	4.0	0,922	true	[017009, 017000, 017001, 017003, 017002, 017006]
10577	17	017009	017006	2	6.0	4.0	0,913	true	[017009, 017000, 017001, 017003, 017002, 017007, 017006]
10578	17	017009	017006	3	6.0	4.0	0,850	true	[017009, 017000, 017001, 017003, 017002, 017008, 017005, 017007, 017006]
10579	17	017009	017006	4	16.0	3.0	0,876	true	[017009, 017000, 017001, 017003, 017004, 017005, 017002, 017006]
10580	17	017009	017006	5	6.0	3.0	0,867	true	[017009, 017000, 017001, 017003, 017004, 017005, 017002, 017007, 017006]
10581	17	017009	017006	6	16.0	3.0	0,867	true	[017009, 017000, 017001, 017003, 017004, 017005, 017007, 017002, 017006]
10582	17	017009	017006	7	6.0	3.0	0,876	true	[017009, 017000, 017001, 017003, 017004, 017005, 017007, 017006]
10583	17	017009	017006	8	10.0	3.0	0,876	true	[017009, 017000, 017001, 017003, 017004, 017005, 017008, 017002, 017006]
10584	17	017009	017006	9	6.0	3.0	0,868	true	[017009, 017000, 017001, 017003, 017004, 017005, 017008, 017002, 017007, 017006]
10585	17	017009	017006	10	16.0	4.0	0,858	true	[017009, 017000, 017001, 017003, 017005, 017002, 017006]
10586	17	017009	017006	11	6.0	4.0	0,850	true	[017009, 017000, 017001, 017003, 017005, 017002, 017007, 017006]
10587	17	017009	017006	12	16.0	4.0	0,850	true	[017009, 017000, 017001, 017003, 017005, 017007, 017002, 017006]
10588	17	017009	017006	13	6.0	4.0	0,858	true	[017009, 017000, 017001, 017003, 017005, 017007, 017006]
10589	17	017009	017006	14	10.0	4.0	0,858	true	[017009, 017000, 017001, 017003, 017005, 017008, 017002, 017006]
10590	17	017009	017006	15	6.0	4.0	0,850	true	[017009, 017000, 017001, 017003, 017005, 017008, 017002, 017007, 017006]
10591	17	017009	017006	16	16.0	4.0	0,922	true	[017009, 017000, 017001, 017003, 017006]
10592	17	017009	017006	17	6.0	4.0	0,850	true	[017009, 017000, 017001, 017003, 017008, 017002, 017005, 017007, 017006]
10593	17	017009	017006	18	10.0	4.0	0,922	true	[017009, 017000, 017001, 017003, 017008, 017002, 017006]
10594	17	017009	017006	19	6.0	4.0	0,913	true	[017009, 017000, 017001, 017003, 017008, 017002, 017007, 017006]
10595	17	017009	017006	20	16.0	4.0	0,867	true	[017009, 017000, 017001, 017003, 017008, 017005, 017002, 017006]
10596	17	017009	017006	21	6.0	4.0	0,859	true	[017009, 017000, 017001, 017003, 017008, 017005, 017002, 017007, 017006]
10597	17	017009	017006	22	16.0	4.0	0,859	true	[017009, 017000, 017001, 017003, 017008, 017005, 017007, 017002, 017006]
10598	17	017009	017006	23	6.0	4.0	0,867	true	[017009, 017000, 017001, 017003, 017008, 017005, 017007, 017006]
10599	17	017009	017006	24	20.0	4.0	0,867	true	[017009, 017000, 017001, 017007, 017002, 017003, 017006]
10600	17	017009	017006	25	26.0	4.0	0,807	true	[017009, 017000, 017001, 017007, 017002, 017005, 017003, 017006]
10601	17	017009	017006	26	26.0	3.0	0,824	true	[017009, 017000, 017001, 017007, 017002, 017005, 017004, 017003, 017006]
10602	17	017009	017006	27	26.0	4.0	0,816	true	[017009, 017000, 017001, 017007, 017002, 017005, 017008, 017003, 017006]
10603	17	017009	017006	28	31.0	4.0	0,903	true	[017009, 017000, 017001, 017007, 017002, 017006]
10604	17	017009	017006	29	10.0	4.0	0,868	true	[017009, 017000, 017001, 017007, 017002, 017008, 017003, 017006]
10605	17	017009	017006	30	10.0	4.0	0,808	true	[017009, 017000, 017001, 017007, 017002, 017008, 017005, 017003, 017006]
10606	17	017009	017006	31	10.0	3.0	0,825	true	[017009, 017000, 017001, 017007, 017002, 017008, 017005, 017004, 017003, 017006]
10607	17	017009	017006	32	20.0	4.0	0,808	true	[017009, 017000, 017001, 017007, 017005, 017002, 017003, 017006]
10608	17	017009	017006	33	31.0	4.0	0,841	true	[017009, 017000, 017001, 017007, 017005, 017002, 017006]
10609	17	017009	017006	34	10.0	4.0	0,808	true	[017009, 017000, 017001, 017007, 017005, 017002, 017008, 017003, 017006]
10610	17	017009	017006	35	20.0	4.0	0,815	true	[017009, 017000, 017001, 017007, 017005, 017003, 017002, 017006]
10611	17	017009	017006	36	26.0	4.0	0,815	true	[017009, 017000, 017001, 017007, 017005, 017003, 017006]
10612	17	017009	017006	37	10.0	4.0	0,816	true	[017009, 017000, 017001, 017007, 017005, 017003, 017008, 017002, 017006]
10613	17	017009	017006	38	20.0	3.0	0,833	true	[017009, 017000, 017001, 017007, 017005, 017004, 017003, 017002, 017006]
10614	17	017009	017006	39	26.0	3.0	0,833	true	[017009, 017000, 017001, 017007, 017005, 017004, 017003, 017006]
10615	17	017009	017006	40	10.0	3.0	0,833	true	[017009, 017000, 017001, 017007, 017005, 017004, 017003, 017008, 017002, 017006]
10616	17	017009	017006	41	10.0	4.0	0,808	true	[017009, 017000, 017001, 017007, 017005, 017008, 017002, 017003, 017006]
10617	17	017009	017006	42	10.0	4.0	0,841	true	[017009, 017000, 017001, 017007, 017005, 017008, 017002, 017006]
10618	17	017009	017006	43	20.0	4.0	0,824	true	[017009, 017000, 017001, 017007, 017005, 017008, 017003, 017002, 017006]
10619	17	017009	017006	44	26.0	4.0	0,824	true	[017009, 017000, 017001, 017007, 017005, 017008, 017003, 017006]
10620	17	017009	017006	45	6.0	4.0	0,912	true	[017009, 017000, 017001, 017007, 017006]
10621	17	017009	017006	46	6.0	3.0	0,859	true	[017009, 017000, 017001, 017008, 017002, 017003, 017004, 017005, 017007, 017006]
10622	17	017009	017006	47	6.0	4.0	0,841	true	[017009, 017000, 017001, 017008, 017002, 017003, 017005, 017007, 017006]
10623	17	017009	017006	48	10.0	4.0	0,904	true	[017009, 017000, 017001, 017008, 017002, 017003, 017006]
10624	17	017009	017006	49	10.0	4.0	0,841	true	[017009, 017000, 017001, 017008, 017002, 017005, 017003, 017006]
10625	17	017009	017006	50	10.0	3.0	0,859	true	[017009, 017000, 017001, 017008, 017002, 017005, 017004, 017003, 017006]
10626	17	017009	017006	51	6.0	4.0	0,867	true	[017009, 017000, 017001, 017008, 017002, 017005, 017007, 017006]
10627	17	017009	017006	52	10.0	4.0	0,941	true	[017009, 017000, 017001, 017008, 017002, 017006]
10628	17	017009	017006	53	10.0	4.0	0,833	true	[017009, 017000, 017001, 017008, 017002, 017007, 017005, 017003, 017006]
10629	17	017009	017006	54	10.0	3.0	0,850	true	[017009, 017000, 017001, 017008, 017002, 017007, 017005, 017004, 017003, 017006]
10630	17	017009	017006	55	6.0	4.0	0,931	true	[017009, 017000, 017001, 017008, 017002, 017007, 017006]
10631	17	017009	017006	56	6.0	4.0	0,850	true	[017009, 017000, 017001, 017008, 017003, 017002, 017005, 017007, 017006]
10632	17	017009	017006	57	20.0	4.0	0,922	true	[017009, 017000, 017001, 017008, 017003, 017002, 017006]
10633	17	017009	017006	58	6.0	4.0	0,913	true	[017009, 017000, 017001, 017008, 017003, 017002, 017007, 017006]
10634	17	017009	017006	59	31.0	3.0	0,876	true	[017009, 017000, 017001, 017008, 017003, 017004, 017005, 017002, 017006]
10635	17	017009	017006	60	6.0	3.0	0,867	true	[017009, 017000, 017001, 017008, 017003, 017004, 017005, 017002, 017007, 017006]
10636	17	017009	017006	61	31.0	3.0	0,867	true	[017009, 017000, 017001, 017008, 017003, 017004, 017005, 017007, 017002, 017006]
10637	17	017009	017006	62	6.0	3.0	0,876	true	[017009, 017000, 017001, 017008, 017003, 017004, 017005, 017007, 017006]
10638	17	017009	017006	63	31.0	4.0	0,858	true	[017009, 017000, 017001, 017008, 017003, 017005, 017002, 017006]
10639	17	017009	017006	64	6.0	4.0	0,850	true	[017009, 017000, 017001, 017008, 017003, 017005, 017002, 017007, 017006]
10640	17	017009	017006	65	31.0	4.0	0,850	true	[017009, 017000, 017001, 017008, 017003, 017005, 017007, 017002, 017006]
10641	17	017009	017006	66	6.0	4.0	0,858	true	[017009, 017000, 017001, 017008, 017003, 017005, 017007, 017006]
10642	17	017009	017006	67	26.0	4.0	0,922	true	[017009, 017000, 017001, 017008, 017003, 017006]
10643	17	017009	017006	68	20.0	4.0	0,850	true	[017009, 017000, 017001, 017008, 017005, 017002, 017003, 017006]
10644	17	017009	017006	69	31.0	4.0	0,885	true	[017009, 017000, 017001, 017008, 017005, 017002, 017006]
10645	17	017009	017006	70	6.0	4.0	0,876	true	[017009, 017000, 017001, 017008, 017005, 017002, 017007, 017006]
10646	17	017009	017006	71	20.0	4.0	0,858	true	[017009, 017000, 017001, 017008, 017005, 017003, 017002, 017006]
10647	17	017009	017006	72	6.0	4.0	0,850	true	[017009, 017000, 017001, 017008, 017005, 017003, 017002, 017007, 017006]
10648	17	017009	017006	73	26.0	4.0	0,858	true	[017009, 017000, 017001, 017008, 017005, 017003, 017006]
10649	17	017009	017006	74	20.0	3.0	0,876	true	[017009, 017000, 017001, 017008, 017005, 017004, 017003, 017002, 017006]
10650	17	017009	017006	75	6.0	3.0	0,868	true	[017009, 017000, 017001, 017008, 017005, 017004, 017003, 017002, 017007, 017006]
10651	17	017009	017006	76	26.0	3.0	0,876	true	[017009, 017000, 017001, 017008, 017005, 017004, 017003, 017006]
10652	17	017009	017006	77	20.0	4.0	0,841	true	[017009, 017000, 017001, 017008, 017005, 017007, 017002, 017003, 017006]
10653	17	017009	017006	78	31.0	4.0	0,876	true	[017009, 017000, 017001, 017008, 017005, 017007, 017002, 017006]
10654	17	017009	017006	79	6.0	4.0	0,885	true	[017009, 017000, 017001, 017008, 017005, 017007, 017006]
10655	17	017009	017006	80	16.0	4.0	0,931	true	[017009, 017000, 017003, 017001, 017007, 017002, 017006]
10656	17	017009	017006	81	16.0	4.0	0,867	true	[017009, 017000, 017003, 017001, 017007, 017005, 017002, 017006]
10657	17	017009	017006	82	10.0	4.0	0,867	true	[017009, 017000, 017003, 017001, 017007, 017005, 017008, 017002, 017006]
10658	17	017009	017006	83	6.0	4.0	0,941	true	[017009, 017000, 017003, 017001, 017007, 017006]
10659	17	017009	017006	84	6.0	4.0	0,894	true	[017009, 017000, 017003, 017001, 017008, 017002, 017005, 017007, 017006]
10660	17	017009	017006	85	10.0	4.0	0,970	true	[017009, 017000, 017003, 017001, 017008, 017002, 017006]
10661	17	017009	017006	86	6.0	4.0	0,961	true	[017009, 017000, 017003, 017001, 017008, 017002, 017007, 017006]
10662	17	017009	017006	87	16.0	4.0	0,913	true	[017009, 017000, 017003, 017001, 017008, 017005, 017002, 017006]
10663	17	017009	017006	88	6.0	4.0	0,904	true	[017009, 017000, 017003, 017001, 017008, 017005, 017002, 017007, 017006]
10664	17	017009	017006	89	16.0	4.0	0,904	true	[017009, 017000, 017003, 017001, 017008, 017005, 017007, 017002, 017006]
10665	17	017009	017006	90	6.0	4.0	0,913	true	[017009, 017000, 017003, 017001, 017008, 017005, 017007, 017006]
10666	17	017009	017006	91	6.0	4.0	0,894	true	[017009, 017000, 017003, 017002, 017005, 017007, 017006]
10667	17	017009	017006	92	6.0	4.0	0,867	true	[017009, 017000, 017003, 017002, 017005, 017008, 017001, 017007, 017006]
10668	17	017009	017006	93	20.0	4.0	0,970	true	[017009, 017000, 017003, 017002, 017006]
10669	17	017009	017006	94	6.0	4.0	0,960	true	[017009, 017000, 017003, 017002, 017007, 017006]
10670	17	017009	017006	95	6.0	4.0	0,922	true	[017009, 017000, 017003, 017002, 017008, 017001, 017007, 017006]
10671	17	017009	017006	96	6.0	4.0	0,894	true	[017009, 017000, 017003, 017002, 017008, 017005, 017007, 017006]
10672	17	017009	017006	97	20.0	3.0	0,922	true	[017009, 017000, 017003, 017004, 017005, 017002, 017006]
10673	17	017009	017006	98	6.0	3.0	0,913	true	[017009, 017000, 017003, 017004, 017005, 017002, 017007, 017006]
10674	17	017009	017006	99	6.0	3.0	0,876	true	[017009, 017000, 017003, 017004, 017005, 017002, 017008, 017001, 017007, 017006]
10675	17	017009	017006	100	10.0	3.0	0,876	true	[017009, 017000, 017003, 017004, 017005, 017007, 017001, 017008, 017002, 017006]
10676	17	017009	017006	101	6.0	3.0	0,922	true	[017009, 017000, 017003, 017004, 017005, 017007, 017006]
10677	17	017009	017006	102	20.0	4.0	0,970	true	[017009, 017000, 017003, 017006]
10678	17	017009	017006	103	53.0	4.0	0,941	true	[017009, 017000, 017006]
10679	17	017009	017006	104	20.0	7.0	0,990	true	[017009, 017006]
10680	18	018007	018003	0	21.0	6.0	0,941	true	[018007, 018002, 018000, 018003]
10681	18	018007	018003	1	19.0	4.0	0,857	true	[018007, 018002, 018000, 018004, 018001, 018003]
10682	18	018007	018003	2	6.0	4.0	0,832	true	[018007, 018002, 018000, 018004, 018001, 018008, 018003]
10683	18	018007	018003	3	14.0	4.0	0,815	true	[018007, 018002, 018000, 018004, 018001, 018008, 018005, 018006, 018003]
10684	18	018007	018003	4	14.0	4.0	0,790	true	[018007, 018002, 018000, 018004, 018001, 018008, 018005, 018006, 018009, 018003]
10685	18	018007	018003	5	7.0	4.0	0,782	true	[018007, 018002, 018000, 018004, 018001, 018008, 018005, 018009, 018003]
10686	18	018007	018003	6	7.0	4.0	0,743	true	[018007, 018002, 018000, 018004, 018001, 018008, 018005, 018009, 018006, 018003]
10687	18	018007	018003	7	14.0	4.0	0,840	true	[018007, 018002, 018000, 018004, 018001, 018008, 018006, 018003]
10688	18	018007	018003	8	7.0	4.0	0,806	true	[018007, 018002, 018000, 018004, 018001, 018008, 018006, 018005, 018009, 018003]
10689	18	018007	018003	9	14.0	4.0	0,815	true	[018007, 018002, 018000, 018004, 018001, 018008, 018006, 018009, 018003]
10690	18	018007	018003	10	19.0	4.0	0,823	true	[018007, 018002, 018000, 018004, 018001, 018009, 018003]
10691	18	018007	018003	11	7.0	4.0	0,774	true	[018007, 018002, 018000, 018004, 018001, 018009, 018005, 018006, 018003]
10692	18	018007	018003	12	6.0	4.0	0,766	true	[018007, 018002, 018000, 018004, 018001, 018009, 018005, 018006, 018008, 018003]
10693	18	018007	018003	13	6.0	4.0	0,743	true	[018007, 018002, 018000, 018004, 018001, 018009, 018005, 018008, 018003]
10694	18	018007	018003	14	7.0	4.0	0,751	true	[018007, 018002, 018000, 018004, 018001, 018009, 018005, 018008, 018006, 018003]
10695	18	018007	018003	15	14.0	4.0	0,782	true	[018007, 018002, 018000, 018004, 018001, 018009, 018006, 018003]
10696	18	018007	018003	16	6.0	4.0	0,751	true	[018007, 018002, 018000, 018004, 018001, 018009, 018006, 018005, 018008, 018003]
10697	18	018007	018003	17	6.0	4.0	0,774	true	[018007, 018002, 018000, 018004, 018001, 018009, 018006, 018008, 018003]
10698	18	018007	018003	18	14.0	4.0	0,840	true	[018007, 018002, 018000, 018004, 018005, 018006, 018003]
10699	18	018007	018003	19	14.0	4.0	0,857	true	[018007, 018002, 018000, 018004, 018005, 018006, 018008, 018001, 018003]
10700	18	018007	018003	20	14.0	4.0	0,823	true	[018007, 018002, 018000, 018004, 018005, 018006, 018008, 018001, 018009, 018003]
10701	18	018007	018003	21	6.0	4.0	0,832	true	[018007, 018002, 018000, 018004, 018005, 018006, 018008, 018003]
10702	18	018007	018003	22	19.0	4.0	0,798	true	[018007, 018002, 018000, 018004, 018005, 018006, 018009, 018001, 018003]
10703	18	018007	018003	23	6.0	4.0	0,774	true	[018007, 018002, 018000, 018004, 018005, 018006, 018009, 018001, 018008, 018003]
10704	18	018007	018003	24	19.0	4.0	0,815	true	[018007, 018002, 018000, 018004, 018005, 018006, 018009, 018003]
10705	18	018007	018003	25	14.0	4.0	0,832	true	[018007, 018002, 018000, 018004, 018005, 018008, 018001, 018003]
10706	18	018007	018003	26	14.0	4.0	0,799	true	[018007, 018002, 018000, 018004, 018005, 018008, 018001, 018009, 018003]
10707	18	018007	018003	27	14.0	4.0	0,759	true	[018007, 018002, 018000, 018004, 018005, 018008, 018001, 018009, 018006, 018003]
10708	18	018007	018003	28	6.0	4.0	0,807	true	[018007, 018002, 018000, 018004, 018005, 018008, 018003]
10709	18	018007	018003	29	14.0	4.0	0,815	true	[018007, 018002, 018000, 018004, 018005, 018008, 018006, 018003]
10710	18	018007	018003	30	18.0	4.0	0,774	true	[018007, 018002, 018000, 018004, 018005, 018008, 018006, 018009, 018001, 018003]
10711	18	018007	018003	31	18.0	4.0	0,790	true	[018007, 018002, 018000, 018004, 018005, 018008, 018006, 018009, 018003]
10712	18	018007	018003	32	7.0	4.0	0,790	true	[018007, 018002, 018000, 018004, 018005, 018009, 018001, 018003]
10713	18	018007	018003	33	6.0	4.0	0,766	true	[018007, 018002, 018000, 018004, 018005, 018009, 018001, 018008, 018003]
10714	18	018007	018003	34	7.0	4.0	0,774	true	[018007, 018002, 018000, 018004, 018005, 018009, 018001, 018008, 018006, 018003]
10715	18	018007	018003	35	7.0	4.0	0,806	true	[018007, 018002, 018000, 018004, 018005, 018009, 018003]
10716	18	018007	018003	36	7.0	4.0	0,766	true	[018007, 018002, 018000, 018004, 018005, 018009, 018006, 018003]
10717	18	018007	018003	37	7.0	4.0	0,782	true	[018007, 018002, 018000, 018004, 018005, 018009, 018006, 018008, 018001, 018003]
10718	18	018007	018003	38	6.0	4.0	0,758	true	[018007, 018002, 018000, 018004, 018005, 018009, 018006, 018008, 018003]
10719	18	018007	018003	39	14.0	4.0	0,840	true	[018007, 018002, 018000, 018004, 018006, 018003]
10720	18	018007	018003	40	14.0	4.0	0,832	true	[018007, 018002, 018000, 018004, 018006, 018005, 018008, 018001, 018003]
10721	18	018007	018003	41	14.0	4.0	0,799	true	[018007, 018002, 018000, 018004, 018006, 018005, 018008, 018001, 018009, 018003]
10722	18	018007	018003	42	6.0	4.0	0,807	true	[018007, 018002, 018000, 018004, 018006, 018005, 018008, 018003]
10723	18	018007	018003	43	7.0	4.0	0,790	true	[018007, 018002, 018000, 018004, 018006, 018005, 018009, 018001, 018003]
10724	18	018007	018003	44	6.0	4.0	0,766	true	[018007, 018002, 018000, 018004, 018006, 018005, 018009, 018001, 018008, 018003]
10725	18	018007	018003	45	7.0	4.0	0,806	true	[018007, 018002, 018000, 018004, 018006, 018005, 018009, 018003]
10726	18	018007	018003	46	14.0	4.0	0,857	true	[018007, 018002, 018000, 018004, 018006, 018008, 018001, 018003]
10727	18	018007	018003	47	14.0	4.0	0,823	true	[018007, 018002, 018000, 018004, 018006, 018008, 018001, 018009, 018003]
10728	18	018007	018003	48	6.0	4.0	0,832	true	[018007, 018002, 018000, 018004, 018006, 018008, 018003]
10729	18	018007	018003	49	7.0	4.0	0,766	true	[018007, 018002, 018000, 018004, 018006, 018008, 018005, 018009, 018001, 018003]
10730	18	018007	018003	50	7.0	4.0	0,782	true	[018007, 018002, 018000, 018004, 018006, 018008, 018005, 018009, 018003]
10731	18	018007	018003	51	19.0	4.0	0,798	true	[018007, 018002, 018000, 018004, 018006, 018009, 018001, 018003]
10732	18	018007	018003	52	6.0	4.0	0,774	true	[018007, 018002, 018000, 018004, 018006, 018009, 018001, 018008, 018003]
10733	18	018007	018003	53	19.0	4.0	0,815	true	[018007, 018002, 018000, 018004, 018006, 018009, 018003]
10734	18	018007	018003	54	7.0	4.0	0,758	true	[018007, 018002, 018000, 018004, 018006, 018009, 018005, 018008, 018001, 018003]
10735	18	018007	018003	55	6.0	4.0	0,736	true	[018007, 018002, 018000, 018004, 018006, 018009, 018005, 018008, 018003]
10736	18	018007	018003	56	14.0	4.0	0,884	true	[018007, 018002, 018000, 018004, 018008, 018001, 018003]
10737	18	018007	018003	57	14.0	4.0	0,849	true	[018007, 018002, 018000, 018004, 018008, 018001, 018009, 018003]
10738	18	018007	018003	58	7.0	4.0	0,799	true	[018007, 018002, 018000, 018004, 018008, 018001, 018009, 018005, 018006, 018003]
10739	18	018007	018003	59	14.0	4.0	0,807	true	[018007, 018002, 018000, 018004, 018008, 018001, 018009, 018006, 018003]
10740	18	018007	018003	60	6.0	4.0	0,858	true	[018007, 018002, 018000, 018004, 018008, 018003]
10741	18	018007	018003	61	14.0	4.0	0,841	true	[018007, 018002, 018000, 018004, 018008, 018005, 018006, 018003]
10742	18	018007	018003	62	18.0	4.0	0,799	true	[018007, 018002, 018000, 018004, 018008, 018005, 018006, 018009, 018001, 018003]
10743	18	018007	018003	63	18.0	4.0	0,815	true	[018007, 018002, 018000, 018004, 018008, 018005, 018006, 018009, 018003]
10744	18	018007	018003	64	7.0	4.0	0,791	true	[018007, 018002, 018000, 018004, 018008, 018005, 018009, 018001, 018003]
10745	18	018007	018003	65	7.0	4.0	0,807	true	[018007, 018002, 018000, 018004, 018008, 018005, 018009, 018003]
10746	18	018007	018003	66	7.0	4.0	0,767	true	[018007, 018002, 018000, 018004, 018008, 018005, 018009, 018006, 018003]
10747	18	018007	018003	67	14.0	4.0	0,867	true	[018007, 018002, 018000, 018004, 018008, 018006, 018003]
10748	18	018007	018003	68	7.0	4.0	0,815	true	[018007, 018002, 018000, 018004, 018008, 018006, 018005, 018009, 018001, 018003]
10749	18	018007	018003	69	7.0	4.0	0,832	true	[018007, 018002, 018000, 018004, 018008, 018006, 018005, 018009, 018003]
10750	18	018007	018003	70	19.0	4.0	0,824	true	[018007, 018002, 018000, 018004, 018008, 018006, 018009, 018001, 018003]
10751	18	018007	018003	71	19.0	4.0	0,841	true	[018007, 018002, 018000, 018004, 018008, 018006, 018009, 018003]
10752	18	018007	018003	72	6.0	4.0	0,858	true	[018007, 018002, 018000, 018004, 018009, 018001, 018003]
10753	18	018007	018003	73	6.0	4.0	0,832	true	[018007, 018002, 018000, 018004, 018009, 018001, 018008, 018003]
10754	18	018007	018003	74	6.0	4.0	0,816	true	[018007, 018002, 018000, 018004, 018009, 018001, 018008, 018005, 018006, 018003]
10755	18	018007	018003	75	6.0	4.0	0,841	true	[018007, 018002, 018000, 018004, 018009, 018001, 018008, 018006, 018003]
10756	18	018007	018003	76	6.0	4.0	0,876	true	[018007, 018002, 018000, 018004, 018009, 018003]
10757	18	018007	018003	77	6.0	4.0	0,823	true	[018007, 018002, 018000, 018004, 018009, 018005, 018006, 018003]
10758	18	018007	018003	78	6.0	4.0	0,840	true	[018007, 018002, 018000, 018004, 018009, 018005, 018006, 018008, 018001, 018003]
10759	18	018007	018003	79	6.0	4.0	0,815	true	[018007, 018002, 018000, 018004, 018009, 018005, 018006, 018008, 018003]
10760	18	018007	018003	80	6.0	4.0	0,815	true	[018007, 018002, 018000, 018004, 018009, 018005, 018008, 018001, 018003]
10761	18	018007	018003	81	6.0	4.0	0,791	true	[018007, 018002, 018000, 018004, 018009, 018005, 018008, 018003]
10762	18	018007	018003	82	6.0	4.0	0,799	true	[018007, 018002, 018000, 018004, 018009, 018005, 018008, 018006, 018003]
10763	18	018007	018003	83	6.0	4.0	0,832	true	[018007, 018002, 018000, 018004, 018009, 018006, 018003]
10764	18	018007	018003	84	6.0	4.0	0,824	true	[018007, 018002, 018000, 018004, 018009, 018006, 018005, 018008, 018001, 018003]
10765	18	018007	018003	85	6.0	4.0	0,799	true	[018007, 018002, 018000, 018004, 018009, 018006, 018005, 018008, 018003]
10766	18	018007	018003	86	6.0	4.0	0,849	true	[018007, 018002, 018000, 018004, 018009, 018006, 018008, 018001, 018003]
10767	18	018007	018003	87	6.0	4.0	0,824	true	[018007, 018002, 018000, 018004, 018009, 018006, 018008, 018003]
10768	18	018007	018003	88	19.0	6.0	0,857	true	[018007, 018002, 018000, 018005, 018004, 018001, 018003]
10769	18	018007	018003	89	6.0	6.0	0,832	true	[018007, 018002, 018000, 018005, 018004, 018001, 018008, 018003]
10770	18	018007	018003	90	14.0	6.0	0,840	true	[018007, 018002, 018000, 018005, 018004, 018001, 018008, 018006, 018003]
10771	18	018007	018003	91	14.0	4.0	0,815	true	[018007, 018002, 018000, 018005, 018004, 018001, 018008, 018006, 018009, 018003]
10772	18	018007	018003	92	19.0	6.0	0,823	true	[018007, 018002, 018000, 018005, 018004, 018001, 018009, 018003]
10773	18	018007	018003	93	14.0	4.0	0,782	true	[018007, 018002, 018000, 018005, 018004, 018001, 018009, 018006, 018003]
10774	18	018007	018003	94	6.0	4.0	0,774	true	[018007, 018002, 018000, 018005, 018004, 018001, 018009, 018006, 018008, 018003]
10775	18	018007	018003	95	14.0	6.0	0,840	true	[018007, 018002, 018000, 018005, 018004, 018006, 018003]
10776	18	018007	018003	96	14.0	6.0	0,857	true	[018007, 018002, 018000, 018005, 018004, 018006, 018008, 018001, 018003]
10777	18	018007	018003	97	14.0	6.0	0,823	true	[018007, 018002, 018000, 018005, 018004, 018006, 018008, 018001, 018009, 018003]
10778	18	018007	018003	98	6.0	6.0	0,832	true	[018007, 018002, 018000, 018005, 018004, 018006, 018008, 018003]
10779	18	018007	018003	99	19.0	4.0	0,798	true	[018007, 018002, 018000, 018005, 018004, 018006, 018009, 018001, 018003]
10780	18	018007	018003	100	6.0	4.0	0,774	true	[018007, 018002, 018000, 018005, 018004, 018006, 018009, 018001, 018008, 018003]
10781	18	018007	018003	101	19.0	4.0	0,815	true	[018007, 018002, 018000, 018005, 018004, 018006, 018009, 018003]
10782	18	018007	018003	102	43.0	3.0	0,990	true	[018007, 018003]
10783	19	019008	019006	0	15.0	3.0	0,807	true	[019008, 019001, 019000, 019002, 019004, 019003, 019005, 019006]
10784	19	019008	019006	1	14.0	3.0	0,791	true	[019008, 019001, 019000, 019002, 019004, 019003, 019005, 019009, 019006]
10785	19	019008	019006	2	15.0	3.0	0,799	true	[019008, 019001, 019000, 019002, 019004, 019003, 019006]
10786	19	019008	019006	3	8.0	3.0	0,759	true	[019008, 019001, 019000, 019002, 019004, 019003, 019007, 019009, 019005, 019006]
10787	19	019008	019006	4	8.0	3.0	0,775	true	[019008, 019001, 019000, 019002, 019004, 019003, 019007, 019009, 019006]
10788	19	019008	019006	5	14.0	3.0	0,791	true	[019008, 019001, 019000, 019002, 019004, 019003, 019009, 019005, 019006]
10789	19	019008	019006	6	15.0	3.0	0,807	true	[019008, 019001, 019000, 019002, 019004, 019003, 019009, 019006]
10790	19	019008	019006	7	8.0	3.0	0,816	true	[019008, 019001, 019000, 019002, 019004, 019007, 019003, 019005, 019006]
10791	19	019008	019006	8	8.0	3.0	0,799	true	[019008, 019001, 019000, 019002, 019004, 019007, 019003, 019005, 019009, 019006]
10792	19	019008	019006	9	8.0	3.0	0,807	true	[019008, 019001, 019000, 019002, 019004, 019007, 019003, 019006]
10793	19	019008	019006	10	8.0	3.0	0,799	true	[019008, 019001, 019000, 019002, 019004, 019007, 019003, 019009, 019005, 019006]
10794	19	019008	019006	11	8.0	3.0	0,816	true	[019008, 019001, 019000, 019002, 019004, 019007, 019003, 019009, 019006]
10795	19	019008	019006	12	20.0	3.0	0,816	true	[019008, 019001, 019000, 019002, 019004, 019007, 019009, 019003, 019005, 019006]
10796	19	019008	019006	13	20.0	3.0	0,808	true	[019008, 019001, 019000, 019002, 019004, 019007, 019009, 019003, 019006]
10797	19	019008	019006	14	14.0	3.0	0,791	true	[019008, 019001, 019000, 019002, 019004, 019007, 019009, 019005, 019003, 019006]
10798	19	019008	019006	15	14.0	3.0	0,816	true	[019008, 019001, 019000, 019002, 019004, 019007, 019009, 019005, 019006]
10799	19	019008	019006	16	20.0	3.0	0,833	true	[019008, 019001, 019000, 019002, 019004, 019007, 019009, 019006]
10800	19	019008	019006	17	7.0	3.0	0,767	true	[019008, 019001, 019000, 019002, 019005, 019003, 019004, 019007, 019009, 019006]
10801	19	019008	019006	18	7.0	3.0	0,815	true	[019008, 019001, 019000, 019002, 019005, 019003, 019006]
10802	19	019008	019006	19	7.0	3.0	0,791	true	[019008, 019001, 019000, 019002, 019005, 019003, 019007, 019009, 019006]
10803	19	019008	019006	20	7.0	3.0	0,824	true	[019008, 019001, 019000, 019002, 019005, 019003, 019009, 019006]
10804	19	019008	019006	21	7.0	3.0	0,841	true	[019008, 019001, 019000, 019002, 019005, 019006]
10805	19	019008	019006	22	7.0	3.0	0,799	true	[019008, 019001, 019000, 019002, 019005, 019009, 019003, 019006]
10806	19	019008	019006	23	7.0	3.0	0,824	true	[019008, 019001, 019000, 019002, 019005, 019009, 019006]
10807	19	019008	019006	24	7.0	3.0	0,767	true	[019008, 019001, 019000, 019002, 019005, 019009, 019007, 019003, 019006]
10808	19	019008	019006	25	7.0	3.0	0,744	true	[019008, 019001, 019000, 019002, 019005, 019009, 019007, 019004, 019003, 019006]
10809	19	019008	019006	26	7.0	3.0	0,767	true	[019008, 019001, 019000, 019003, 019004, 019002, 019005, 019006]
10810	19	019008	019006	27	7.0	3.0	0,751	true	[019008, 019001, 019000, 019003, 019004, 019002, 019005, 019009, 019006]
10811	19	019008	019006	28	14.0	3.0	0,775	true	[019008, 019001, 019000, 019003, 019004, 019007, 019009, 019005, 019006]
10812	19	019008	019006	29	15.0	3.0	0,791	true	[019008, 019001, 019000, 019003, 019004, 019007, 019009, 019006]
10813	19	019008	019006	30	7.0	3.0	0,775	true	[019008, 019001, 019000, 019003, 019005, 019002, 019004, 019007, 019009, 019006]
10814	19	019008	019006	31	30.0	3.0	0,849	true	[019008, 019001, 019000, 019003, 019005, 019006]
10815	19	019008	019006	32	14.0	3.0	0,832	true	[019008, 019001, 019000, 019003, 019005, 019009, 019006]
10816	19	019008	019006	33	30.0	3.0	0,840	true	[019008, 019001, 019000, 019003, 019006]
10817	19	019008	019006	34	7.0	3.0	0,775	true	[019008, 019001, 019000, 019003, 019007, 019004, 019002, 019005, 019006]
10818	19	019008	019006	35	7.0	3.0	0,759	true	[019008, 019001, 019000, 019003, 019007, 019004, 019002, 019005, 019009, 019006]
10819	19	019008	019006	36	8.0	3.0	0,799	true	[019008, 019001, 019000, 019003, 019007, 019009, 019005, 019006]
10820	19	019008	019006	37	8.0	3.0	0,815	true	[019008, 019001, 019000, 019003, 019007, 019009, 019006]
10821	19	019008	019006	38	14.0	3.0	0,832	true	[019008, 019001, 019000, 019003, 019009, 019005, 019006]
10822	19	019008	019006	39	21.0	3.0	0,849	true	[019008, 019001, 019000, 019003, 019009, 019006]
10823	19	019008	019006	40	7.0	3.0	0,775	true	[019008, 019001, 019000, 019003, 019009, 019007, 019004, 019002, 019005, 019006]
10824	19	019008	019006	41	15.0	3.0	0,884	true	[019008, 019001, 019000, 019006]
10825	19	019008	019006	42	7.0	3.0	0,775	true	[019008, 019001, 019000, 019009, 019003, 019004, 019002, 019005, 019006]
10826	19	019008	019006	43	30.0	3.0	0,858	true	[019008, 019001, 019000, 019009, 019003, 019005, 019006]
10827	19	019008	019006	44	32.0	3.0	0,849	true	[019008, 019001, 019000, 019009, 019003, 019006]
10828	19	019008	019006	45	7.0	3.0	0,783	true	[019008, 019001, 019000, 019009, 019003, 019007, 019004, 019002, 019005, 019006]
10829	19	019008	019006	46	7.0	3.0	0,751	true	[019008, 019001, 019000, 019009, 019005, 019002, 019004, 019003, 019006]
10830	19	019008	019006	47	7.0	3.0	0,760	true	[019008, 019001, 019000, 019009, 019005, 019002, 019004, 019007, 019003, 019006]
10831	19	019008	019006	48	14.0	3.0	0,832	true	[019008, 019001, 019000, 019009, 019005, 019003, 019006]
10832	19	019008	019006	49	14.0	3.0	0,858	true	[019008, 019001, 019000, 019009, 019005, 019006]
10833	19	019008	019006	50	21.0	3.0	0,876	true	[019008, 019001, 019000, 019009, 019006]
10834	19	019008	019006	51	7.0	3.0	0,744	true	[019008, 019001, 019000, 019009, 019007, 019003, 019004, 019002, 019005, 019006]
10835	19	019008	019006	52	8.0	3.0	0,824	true	[019008, 019001, 019000, 019009, 019007, 019003, 019005, 019006]
10836	19	019008	019006	53	8.0	3.0	0,816	true	[019008, 019001, 019000, 019009, 019007, 019003, 019006]
10837	19	019008	019006	54	7.0	3.0	0,775	true	[019008, 019001, 019000, 019009, 019007, 019004, 019002, 019005, 019003, 019006]
10838	19	019008	019006	55	7.0	3.0	0,799	true	[019008, 019001, 019000, 019009, 019007, 019004, 019002, 019005, 019006]
10839	19	019008	019006	56	15.0	3.0	0,799	true	[019008, 019001, 019000, 019009, 019007, 019004, 019003, 019005, 019006]
10840	19	019008	019006	57	15.0	3.0	0,791	true	[019008, 019001, 019000, 019009, 019007, 019004, 019003, 019006]
10841	19	019008	019006	58	14.0	3.0	0,767	true	[019008, 019001, 019002, 019000, 019003, 019004, 019007, 019009, 019005, 019006]
10842	19	019008	019006	59	15.0	3.0	0,783	true	[019008, 019001, 019002, 019000, 019003, 019004, 019007, 019009, 019006]
10843	19	019008	019006	60	19.0	3.0	0,841	true	[019008, 019001, 019002, 019000, 019003, 019005, 019006]
10844	19	019008	019006	61	14.0	3.0	0,824	true	[019008, 019001, 019002, 019000, 019003, 019005, 019009, 019006]
10845	19	019008	019006	62	19.0	3.0	0,832	true	[019008, 019001, 019002, 019000, 019003, 019006]
10846	19	019008	019006	63	8.0	3.0	0,791	true	[019008, 019001, 019002, 019000, 019003, 019007, 019009, 019005, 019006]
10847	19	019008	019006	64	8.0	3.0	0,807	true	[019008, 019001, 019002, 019000, 019003, 019007, 019009, 019006]
10848	19	019008	019006	65	14.0	3.0	0,824	true	[019008, 019001, 019002, 019000, 019003, 019009, 019005, 019006]
10849	19	019008	019006	66	19.0	3.0	0,841	true	[019008, 019001, 019002, 019000, 019003, 019009, 019006]
10850	19	019008	019006	67	15.0	3.0	0,876	true	[019008, 019001, 019002, 019000, 019006]
10851	19	019008	019006	68	19.0	3.0	0,850	true	[019008, 019001, 019002, 019000, 019009, 019003, 019005, 019006]
10852	19	019008	019006	69	19.0	3.0	0,841	true	[019008, 019001, 019002, 019000, 019009, 019003, 019006]
10853	19	019008	019006	70	14.0	3.0	0,824	true	[019008, 019001, 019002, 019000, 019009, 019005, 019003, 019006]
10854	19	019008	019006	71	14.0	3.0	0,850	true	[019008, 019001, 019002, 019000, 019009, 019005, 019006]
10855	19	019008	019006	72	19.0	3.0	0,867	true	[019008, 019001, 019002, 019000, 019009, 019006]
10856	19	019008	019006	73	8.0	3.0	0,816	true	[019008, 019001, 019002, 019000, 019009, 019007, 019003, 019005, 019006]
10857	19	019008	019006	74	8.0	3.0	0,808	true	[019008, 019001, 019002, 019000, 019009, 019007, 019003, 019006]
10858	19	019008	019006	75	15.0	3.0	0,791	true	[019008, 019001, 019002, 019000, 019009, 019007, 019004, 019003, 019005, 019006]
10859	19	019008	019006	76	15.0	3.0	0,783	true	[019008, 019001, 019002, 019000, 019009, 019007, 019004, 019003, 019006]
10860	19	019008	019006	77	15.0	3.0	0,799	true	[019008, 019001, 019002, 019004, 019003, 019000, 019006]
10861	19	019008	019006	78	14.0	3.0	0,775	true	[019008, 019001, 019002, 019004, 019003, 019000, 019009, 019005, 019006]
10862	19	019008	019006	79	15.0	3.0	0,791	true	[019008, 019001, 019002, 019004, 019003, 019000, 019009, 019006]
10863	19	019008	019006	80	15.0	3.0	0,832	true	[019008, 019001, 019002, 019004, 019003, 019005, 019006]
10864	19	019008	019006	81	14.0	3.0	0,791	true	[019008, 019001, 019002, 019004, 019003, 019005, 019009, 019000, 019006]
10865	19	019008	019006	82	14.0	3.0	0,816	true	[019008, 019001, 019002, 019004, 019003, 019005, 019009, 019006]
10866	19	019008	019006	83	15.0	3.0	0,824	true	[019008, 019001, 019002, 019004, 019003, 019006]
10867	19	019008	019006	84	8.0	3.0	0,775	true	[019008, 019001, 019002, 019004, 019003, 019007, 019009, 019000, 019006]
10868	19	019008	019006	85	8.0	3.0	0,783	true	[019008, 019001, 019002, 019004, 019003, 019007, 019009, 019005, 019006]
10869	19	019008	019006	86	8.0	3.0	0,799	true	[019008, 019001, 019002, 019004, 019003, 019007, 019009, 019006]
10870	19	019008	019006	87	15.0	3.0	0,807	true	[019008, 019001, 019002, 019004, 019003, 019009, 019000, 019006]
10871	19	019008	019006	88	14.0	3.0	0,816	true	[019008, 019001, 019002, 019004, 019003, 019009, 019005, 019006]
10872	19	019008	019006	89	15.0	3.0	0,832	true	[019008, 019001, 019002, 019004, 019003, 019009, 019006]
10873	19	019008	019006	90	8.0	3.0	0,807	true	[019008, 019001, 019002, 019004, 019007, 019003, 019000, 019006]
10874	19	019008	019006	91	8.0	3.0	0,783	true	[019008, 019001, 019002, 019004, 019007, 019003, 019000, 019009, 019005, 019006]
10875	19	019008	019006	92	8.0	3.0	0,799	true	[019008, 019001, 019002, 019004, 019007, 019003, 019000, 019009, 019006]
10876	19	019008	019006	93	8.0	3.0	0,841	true	[019008, 019001, 019002, 019004, 019007, 019003, 019005, 019006]
10877	19	019008	019006	94	8.0	3.0	0,800	true	[019008, 019001, 019002, 019004, 019007, 019003, 019005, 019009, 019000, 019006]
10878	19	019008	019006	95	8.0	3.0	0,824	true	[019008, 019001, 019002, 019004, 019007, 019003, 019005, 019009, 019006]
10879	19	019008	019006	96	8.0	3.0	0,833	true	[019008, 019001, 019002, 019004, 019007, 019003, 019006]
10880	19	019008	019006	97	8.0	3.0	0,816	true	[019008, 019001, 019002, 019004, 019007, 019003, 019009, 019000, 019006]
10881	19	019008	019006	98	8.0	3.0	0,824	true	[019008, 019001, 019002, 019004, 019007, 019003, 019009, 019005, 019006]
10882	19	019008	019006	99	8.0	3.0	0,841	true	[019008, 019001, 019002, 019004, 019007, 019003, 019009, 019006]
10883	19	019008	019006	100	19.0	3.0	0,800	true	[019008, 019001, 019002, 019004, 019007, 019009, 019000, 019003, 019005, 019006]
10884	19	019008	019006	101	19.0	3.0	0,791	true	[019008, 019001, 019002, 019004, 019007, 019009, 019000, 019003, 019006]
10885	19	019008	019006	102	15.0	3.0	0,833	true	[019008, 019001, 019002, 019004, 019007, 019009, 019000, 019006]
10886	19	019008	019006	103	19.0	3.0	0,858	true	[019008, 019001, 019002, 019004, 019007, 019009, 019006]
10887	19	019008	019006	104	41.0	3.0	0,922	true	[019008, 019001, 019006]
10888	19	019008	019006	105	7.0	10.0	0,960	true	[019008, 019006]
10889	20	020005	020001	0	32.0	3.0	0,912	true	[020005, 020000, 020001]
10890	20	020005	020001	1	15.0	5.0	0,913	true	[020005, 020000, 020002, 020003, 020004, 020001]
10891	20	020005	020001	2	32.0	5.0	0,895	true	[020005, 020000, 020002, 020003, 020004, 020006, 020001]
10892	20	020005	020001	3	28.0	3.0	0,833	true	[020005, 020000, 020002, 020003, 020004, 020006, 020007, 020008, 020001]
10893	20	020005	020001	4	6.0	3.0	0,876	true	[020005, 020000, 020002, 020003, 020004, 020007, 020006, 020001]
10894	20	020005	020001	5	6.0	5.0	0,885	true	[020005, 020000, 020002, 020003, 020004, 020007, 020008, 020001]
10895	20	020005	020001	6	30.0	5.0	0,859	true	[020005, 020000, 020002, 020003, 020004, 020008, 020001]
10896	20	020005	020001	7	28.0	3.0	0,850	true	[020005, 020000, 020002, 020003, 020004, 020008, 020007, 020006, 020001]
10897	20	020005	020001	8	6.0	5.0	0,894	true	[020005, 020000, 020002, 020003, 020007, 020004, 020001]
10898	20	020005	020001	9	6.0	5.0	0,877	true	[020005, 020000, 020002, 020003, 020007, 020004, 020006, 020001]
10899	20	020005	020001	10	6.0	5.0	0,841	true	[020005, 020000, 020002, 020003, 020007, 020004, 020008, 020001]
10900	20	020005	020001	11	28.0	3.0	0,859	true	[020005, 020000, 020002, 020003, 020007, 020006, 020001]
10901	20	020005	020001	12	15.0	3.0	0,841	true	[020005, 020000, 020002, 020003, 020007, 020006, 020004, 020001]
10902	20	020005	020001	13	28.0	3.0	0,791	true	[020005, 020000, 020002, 020003, 020007, 020006, 020004, 020008, 020001]
10903	20	020005	020001	14	33.0	5.0	0,867	true	[020005, 020000, 020002, 020003, 020007, 020008, 020001]
10904	20	020005	020001	15	15.0	5.0	0,868	true	[020005, 020000, 020002, 020003, 020007, 020008, 020004, 020001]
10905	20	020005	020001	16	30.0	5.0	0,850	true	[020005, 020000, 020002, 020003, 020007, 020008, 020004, 020006, 020001]
10906	20	020005	020001	17	9.0	5.0	0,849	true	[020005, 020000, 020002, 020003, 020008, 020001]
10907	20	020005	020001	18	9.0	5.0	0,850	true	[020005, 020000, 020002, 020003, 020008, 020004, 020001]
10908	20	020005	020001	19	9.0	5.0	0,833	true	[020005, 020000, 020002, 020003, 020008, 020004, 020006, 020001]
10909	20	020005	020001	20	6.0	3.0	0,816	true	[020005, 020000, 020002, 020003, 020008, 020004, 020007, 020006, 020001]
10910	20	020005	020001	21	6.0	5.0	0,876	true	[020005, 020000, 020002, 020003, 020008, 020007, 020004, 020001]
10911	20	020005	020001	22	6.0	5.0	0,858	true	[020005, 020000, 020002, 020003, 020008, 020007, 020004, 020006, 020001]
10912	20	020005	020001	23	9.0	3.0	0,841	true	[020005, 020000, 020002, 020003, 020008, 020007, 020006, 020001]
10913	20	020005	020001	24	9.0	3.0	0,824	true	[020005, 020000, 020002, 020003, 020008, 020007, 020006, 020004, 020001]
10914	20	020005	020001	25	6.0	5.0	0,859	true	[020005, 020000, 020002, 020003, 020009, 020007, 020004, 020001]
10915	20	020005	020001	26	6.0	5.0	0,841	true	[020005, 020000, 020002, 020003, 020009, 020007, 020004, 020006, 020001]
10916	20	020005	020001	27	6.0	5.0	0,808	true	[020005, 020000, 020002, 020003, 020009, 020007, 020004, 020008, 020001]
10917	20	020005	020001	28	9.0	3.0	0,824	true	[020005, 020000, 020002, 020003, 020009, 020007, 020006, 020001]
10918	20	020005	020001	29	9.0	3.0	0,808	true	[020005, 020000, 020002, 020003, 020009, 020007, 020006, 020004, 020001]
10919	20	020005	020001	30	9.0	3.0	0,760	true	[020005, 020000, 020002, 020003, 020009, 020007, 020006, 020004, 020008, 020001]
10920	20	020005	020001	31	9.0	5.0	0,833	true	[020005, 020000, 020002, 020003, 020009, 020007, 020008, 020001]
10921	20	020005	020001	32	9.0	5.0	0,833	true	[020005, 020000, 020002, 020003, 020009, 020007, 020008, 020004, 020001]
10922	20	020005	020001	33	9.0	5.0	0,816	true	[020005, 020000, 020002, 020003, 020009, 020007, 020008, 020004, 020006, 020001]
10923	20	020005	020001	34	15.0	3.0	0,913	true	[020005, 020000, 020002, 020004, 020001]
10924	20	020005	020001	35	28.0	3.0	0,841	true	[020005, 020000, 020002, 020004, 020003, 020007, 020006, 020001]
10925	20	020005	020001	36	31.0	3.0	0,850	true	[020005, 020000, 020002, 020004, 020003, 020007, 020008, 020001]
10926	20	020005	020001	37	9.0	3.0	0,832	true	[020005, 020000, 020002, 020004, 020003, 020008, 020001]
10927	20	020005	020001	38	9.0	3.0	0,824	true	[020005, 020000, 020002, 020004, 020003, 020008, 020007, 020006, 020001]
10928	20	020005	020001	39	9.0	3.0	0,808	true	[020005, 020000, 020002, 020004, 020003, 020009, 020007, 020006, 020001]
10929	20	020005	020001	40	9.0	3.0	0,816	true	[020005, 020000, 020002, 020004, 020003, 020009, 020007, 020008, 020001]
10930	20	020005	020001	41	31.0	3.0	0,894	true	[020005, 020000, 020002, 020004, 020006, 020001]
10931	20	020005	020001	42	9.0	3.0	0,767	true	[020005, 020000, 020002, 020004, 020006, 020007, 020003, 020008, 020001]
10932	20	020005	020001	43	28.0	3.0	0,833	true	[020005, 020000, 020002, 020004, 020006, 020007, 020008, 020001]
10933	20	020005	020001	44	9.0	3.0	0,737	true	[020005, 020000, 020002, 020004, 020006, 020007, 020009, 020003, 020008, 020001]
10934	20	020005	020001	45	6.0	3.0	0,816	true	[020005, 020000, 020002, 020004, 020007, 020003, 020008, 020001]
10935	20	020005	020001	46	6.0	3.0	0,876	true	[020005, 020000, 020002, 020004, 020007, 020006, 020001]
10936	20	020005	020001	47	6.0	3.0	0,885	true	[020005, 020000, 020002, 020004, 020007, 020008, 020001]
10937	20	020005	020001	48	6.0	3.0	0,783	true	[020005, 020000, 020002, 020004, 020007, 020009, 020003, 020008, 020001]
10938	20	020005	020001	49	30.0	3.0	0,858	true	[020005, 020000, 020002, 020004, 020008, 020001]
10939	20	020005	020001	50	9.0	3.0	0,783	true	[020005, 020000, 020002, 020004, 020008, 020003, 020007, 020006, 020001]
10940	20	020005	020001	51	9.0	3.0	0,752	true	[020005, 020000, 020002, 020004, 020008, 020003, 020009, 020007, 020006, 020001]
10941	20	020005	020001	52	28.0	3.0	0,850	true	[020005, 020000, 020002, 020004, 020008, 020007, 020006, 020001]
10942	20	020005	020001	53	15.0	5.0	0,904	true	[020005, 020000, 020002, 020007, 020003, 020004, 020001]
10943	20	020005	020001	54	32.0	5.0	0,885	true	[020005, 020000, 020002, 020007, 020003, 020004, 020006, 020001]
10944	20	020005	020001	55	30.0	5.0	0,850	true	[020005, 020000, 020002, 020007, 020003, 020004, 020008, 020001]
10945	20	020005	020001	56	9.0	5.0	0,841	true	[020005, 020000, 020002, 020007, 020003, 020008, 020001]
10946	20	020005	020001	57	9.0	5.0	0,841	true	[020005, 020000, 020002, 020007, 020003, 020008, 020004, 020001]
10947	20	020005	020001	58	9.0	5.0	0,824	true	[020005, 020000, 020002, 020007, 020003, 020008, 020004, 020006, 020001]
10948	20	020005	020001	59	6.0	5.0	0,941	true	[020005, 020000, 020002, 020007, 020004, 020001]
10949	20	020005	020001	60	6.0	5.0	0,858	true	[020005, 020000, 020002, 020007, 020004, 020003, 020008, 020001]
10950	20	020005	020001	61	6.0	5.0	0,922	true	[020005, 020000, 020002, 020007, 020004, 020006, 020001]
10951	20	020005	020001	62	6.0	5.0	0,885	true	[020005, 020000, 020002, 020007, 020004, 020008, 020001]
10952	20	020005	020001	63	28.0	3.0	0,903	true	[020005, 020000, 020002, 020007, 020006, 020001]
10953	20	020005	020001	64	15.0	3.0	0,885	true	[020005, 020000, 020002, 020007, 020006, 020004, 020001]
10954	20	020005	020001	65	9.0	3.0	0,807	true	[020005, 020000, 020002, 020007, 020006, 020004, 020003, 020008, 020001]
10955	20	020005	020001	66	28.0	3.0	0,833	true	[020005, 020000, 020002, 020007, 020006, 020004, 020008, 020001]
10956	20	020005	020001	67	33.0	5.0	0,912	true	[020005, 020000, 020002, 020007, 020008, 020001]
10957	20	020005	020001	68	9.0	5.0	0,885	true	[020005, 020000, 020002, 020007, 020008, 020003, 020004, 020001]
10958	20	020005	020001	69	9.0	5.0	0,867	true	[020005, 020000, 020002, 020007, 020008, 020003, 020004, 020006, 020001]
10959	20	020005	020001	70	15.0	5.0	0,913	true	[020005, 020000, 020002, 020007, 020008, 020004, 020001]
10960	20	020005	020001	71	30.0	5.0	0,894	true	[020005, 020000, 020002, 020007, 020008, 020004, 020006, 020001]
10961	20	020005	020001	72	9.0	5.0	0,867	true	[020005, 020000, 020002, 020007, 020009, 020003, 020004, 020001]
10962	20	020005	020001	73	9.0	5.0	0,850	true	[020005, 020000, 020002, 020007, 020009, 020003, 020004, 020006, 020001]
10963	20	020005	020001	74	9.0	5.0	0,816	true	[020005, 020000, 020002, 020007, 020009, 020003, 020004, 020008, 020001]
10964	20	020005	020001	75	9.0	5.0	0,807	true	[020005, 020000, 020002, 020007, 020009, 020003, 020008, 020001]
10965	20	020005	020001	76	9.0	5.0	0,807	true	[020005, 020000, 020002, 020007, 020009, 020003, 020008, 020004, 020001]
10966	20	020005	020001	77	9.0	5.0	0,791	true	[020005, 020000, 020002, 020007, 020009, 020003, 020008, 020004, 020006, 020001]
10967	20	020005	020001	78	15.0	5.0	0,895	true	[020005, 020000, 020002, 020009, 020003, 020004, 020001]
10968	20	020005	020001	79	32.0	5.0	0,877	true	[020005, 020000, 020002, 020009, 020003, 020004, 020006, 020001]
10969	20	020005	020001	80	28.0	3.0	0,816	true	[020005, 020000, 020002, 020009, 020003, 020004, 020006, 020007, 020008, 020001]
10970	20	020005	020001	81	6.0	3.0	0,859	true	[020005, 020000, 020002, 020009, 020003, 020004, 020007, 020006, 020001]
10971	20	020005	020001	82	6.0	5.0	0,867	true	[020005, 020000, 020002, 020009, 020003, 020004, 020007, 020008, 020001]
10972	20	020005	020001	83	30.0	5.0	0,841	true	[020005, 020000, 020002, 020009, 020003, 020004, 020008, 020001]
10973	20	020005	020001	84	28.0	3.0	0,833	true	[020005, 020000, 020002, 020009, 020003, 020004, 020008, 020007, 020006, 020001]
10974	20	020005	020001	85	6.0	5.0	0,876	true	[020005, 020000, 020002, 020009, 020003, 020007, 020004, 020001]
10975	20	020005	020001	86	6.0	5.0	0,859	true	[020005, 020000, 020002, 020009, 020003, 020007, 020004, 020006, 020001]
10976	20	020005	020001	87	6.0	5.0	0,824	true	[020005, 020000, 020002, 020009, 020003, 020007, 020004, 020008, 020001]
10977	20	020005	020001	88	28.0	3.0	0,841	true	[020005, 020000, 020002, 020009, 020003, 020007, 020006, 020001]
10978	20	020005	020001	89	15.0	3.0	0,825	true	[020005, 020000, 020002, 020009, 020003, 020007, 020006, 020004, 020001]
10979	20	020005	020001	90	28.0	3.0	0,776	true	[020005, 020000, 020002, 020009, 020003, 020007, 020006, 020004, 020008, 020001]
10980	20	020005	020001	91	33.0	5.0	0,850	true	[020005, 020000, 020002, 020009, 020003, 020007, 020008, 020001]
10981	20	020005	020001	92	15.0	5.0	0,850	true	[020005, 020000, 020002, 020009, 020003, 020007, 020008, 020004, 020001]
10982	20	020005	020001	93	30.0	5.0	0,833	true	[020005, 020000, 020002, 020009, 020003, 020007, 020008, 020004, 020006, 020001]
10983	20	020005	020001	94	9.0	5.0	0,832	true	[020005, 020000, 020002, 020009, 020003, 020008, 020001]
10984	20	020005	020001	95	9.0	5.0	0,833	true	[020005, 020000, 020002, 020009, 020003, 020008, 020004, 020001]
10985	20	020005	020001	96	9.0	5.0	0,816	true	[020005, 020000, 020002, 020009, 020003, 020008, 020004, 020006, 020001]
10986	20	020005	020001	97	6.0	3.0	0,799	true	[020005, 020000, 020002, 020009, 020003, 020008, 020004, 020007, 020006, 020001]
10987	20	020005	020001	98	6.0	5.0	0,858	true	[020005, 020000, 020002, 020009, 020003, 020008, 020007, 020004, 020001]
10988	20	020005	020001	99	6.0	5.0	0,841	true	[020005, 020000, 020002, 020009, 020003, 020008, 020007, 020004, 020006, 020001]
10989	20	020005	020001	100	9.0	3.0	0,824	true	[020005, 020000, 020002, 020009, 020003, 020008, 020007, 020006, 020001]
10990	20	020005	020001	101	31.0	3.0	1,000	true	[020005, 020001]
10991	21	021000	021008	0	11.0	3.0	0,841	true	[021000, 021001, 021002, 021005, 021003, 021004, 021006, 021007, 021008]
10992	21	021000	021008	1	29.0	3.0	0,877	true	[021000, 021001, 021002, 021005, 021003, 021004, 021006, 021008]
10993	21	021000	021008	2	17.0	3.0	0,850	true	[021000, 021001, 021002, 021005, 021003, 021004, 021006, 021009, 021007, 021008]
10994	21	021000	021008	3	31.0	3.0	0,913	true	[021000, 021001, 021002, 021005, 021003, 021004, 021008]
10995	21	021000	021008	4	11.0	3.0	0,833	true	[021000, 021001, 021002, 021005, 021003, 021004, 021009, 021006, 021007, 021008]
10996	21	021000	021008	5	24.0	3.0	0,867	true	[021000, 021001, 021002, 021005, 021003, 021004, 021009, 021006, 021008]
10997	21	021000	021008	6	11.0	3.0	0,842	true	[021000, 021001, 021002, 021005, 021003, 021004, 021009, 021007, 021006, 021008]
10998	21	021000	021008	7	17.0	3.0	0,841	true	[021000, 021001, 021002, 021005, 021003, 021004, 021009, 021007, 021008]
10999	21	021000	021008	8	5.0	3.0	0,868	true	[021000, 021001, 021002, 021005, 021003, 021007, 021006, 021004, 021008]
11000	21	021000	021008	9	5.0	3.0	0,904	true	[021000, 021001, 021002, 021005, 021003, 021007, 021006, 021008]
11001	21	021000	021008	10	5.0	3.0	0,859	true	[021000, 021001, 021002, 021005, 021003, 021007, 021006, 021009, 021004, 021008]
11002	21	021000	021008	11	5.0	3.0	0,903	true	[021000, 021001, 021002, 021005, 021003, 021007, 021008]
11003	21	021000	021008	12	5.0	3.0	0,833	true	[021000, 021001, 021002, 021005, 021003, 021007, 021009, 021004, 021006, 021008]
11004	21	021000	021008	13	5.0	3.0	0,867	true	[021000, 021001, 021002, 021005, 021003, 021007, 021009, 021004, 021008]
11005	21	021000	021008	14	5.0	3.0	0,877	true	[021000, 021001, 021002, 021005, 021003, 021007, 021009, 021006, 021004, 021008]
11006	21	021000	021008	15	5.0	3.0	0,913	true	[021000, 021001, 021002, 021005, 021003, 021007, 021009, 021006, 021008]
11007	21	021000	021008	16	6.0	3.0	0,799	true	[021000, 021001, 021002, 021005, 021003, 021009, 021004, 021006, 021007, 021008]
11008	21	021000	021008	17	6.0	3.0	0,833	true	[021000, 021001, 021002, 021005, 021003, 021009, 021004, 021006, 021008]
11009	21	021000	021008	18	6.0	3.0	0,867	true	[021000, 021001, 021002, 021005, 021003, 021009, 021004, 021008]
11010	21	021000	021008	19	6.0	3.0	0,877	true	[021000, 021001, 021002, 021005, 021003, 021009, 021006, 021004, 021008]
11011	21	021000	021008	20	6.0	3.0	0,877	true	[021000, 021001, 021002, 021005, 021003, 021009, 021006, 021007, 021008]
11012	21	021000	021008	21	6.0	3.0	0,913	true	[021000, 021001, 021002, 021005, 021003, 021009, 021006, 021008]
11013	21	021000	021008	22	6.0	3.0	0,850	true	[021000, 021001, 021002, 021005, 021003, 021009, 021007, 021006, 021004, 021008]
11014	21	021000	021008	23	6.0	3.0	0,886	true	[021000, 021001, 021002, 021005, 021003, 021009, 021007, 021006, 021008]
11015	21	021000	021008	24	6.0	3.0	0,885	true	[021000, 021001, 021002, 021005, 021003, 021009, 021007, 021008]
11016	21	021000	021008	25	5.0	5.0	0,859	true	[021000, 021001, 021002, 021005, 021004, 021003, 021007, 021006, 021008]
11017	21	021000	021008	26	5.0	5.0	0,858	true	[021000, 021001, 021002, 021005, 021004, 021003, 021007, 021008]
11018	21	021000	021008	27	5.0	4.0	0,867	true	[021000, 021001, 021002, 021005, 021004, 021003, 021007, 021009, 021006, 021008]
11019	21	021000	021008	28	6.0	5.0	0,833	true	[021000, 021001, 021002, 021005, 021004, 021003, 021009, 021006, 021007, 021008]
11020	21	021000	021008	29	6.0	5.0	0,867	true	[021000, 021001, 021002, 021005, 021004, 021003, 021009, 021006, 021008]
11021	21	021000	021008	30	6.0	4.0	0,842	true	[021000, 021001, 021002, 021005, 021004, 021003, 021009, 021007, 021006, 021008]
11022	21	021000	021008	31	6.0	4.0	0,841	true	[021000, 021001, 021002, 021005, 021004, 021003, 021009, 021007, 021008]
11023	21	021000	021008	32	11.0	4.0	0,816	true	[021000, 021001, 021002, 021005, 021004, 021006, 021007, 021008]
11024	21	021000	021008	33	15.0	4.0	0,850	true	[021000, 021001, 021002, 021005, 021004, 021006, 021008]
11025	21	021000	021008	34	5.0	4.0	0,824	true	[021000, 021001, 021002, 021005, 021004, 021006, 021009, 021003, 021007, 021008]
11026	21	021000	021008	35	15.0	4.0	0,824	true	[021000, 021001, 021002, 021005, 021004, 021006, 021009, 021007, 021008]
11027	21	021000	021008	36	15.0	5.0	0,885	true	[021000, 021001, 021002, 021005, 021004, 021008]
11028	21	021000	021008	37	5.0	5.0	0,816	true	[021000, 021001, 021002, 021005, 021004, 021009, 021003, 021007, 021006, 021008]
11029	21	021000	021008	38	5.0	5.0	0,815	true	[021000, 021001, 021002, 021005, 021004, 021009, 021003, 021007, 021008]
11030	21	021000	021008	39	11.0	5.0	0,807	true	[021000, 021001, 021002, 021005, 021004, 021009, 021006, 021007, 021008]
11031	21	021000	021008	40	15.0	5.0	0,841	true	[021000, 021001, 021002, 021005, 021004, 021009, 021006, 021008]
11032	21	021000	021008	41	11.0	4.0	0,816	true	[021000, 021001, 021002, 021005, 021004, 021009, 021007, 021006, 021008]
11033	21	021000	021008	42	15.0	4.0	0,815	true	[021000, 021001, 021002, 021005, 021004, 021009, 021007, 021008]
11034	21	021000	021008	43	5.0	3.0	0,877	true	[021000, 021001, 021002, 021005, 021007, 021003, 021004, 021006, 021008]
11035	21	021000	021008	44	5.0	3.0	0,913	true	[021000, 021001, 021002, 021005, 021007, 021003, 021004, 021008]
11036	21	021000	021008	45	5.0	3.0	0,867	true	[021000, 021001, 021002, 021005, 021007, 021003, 021004, 021009, 021006, 021008]
11037	21	021000	021008	46	5.0	3.0	0,833	true	[021000, 021001, 021002, 021005, 021007, 021003, 021009, 021004, 021006, 021008]
11038	21	021000	021008	47	5.0	3.0	0,867	true	[021000, 021001, 021002, 021005, 021007, 021003, 021009, 021004, 021008]
11039	21	021000	021008	48	5.0	3.0	0,877	true	[021000, 021001, 021002, 021005, 021007, 021003, 021009, 021006, 021004, 021008]
11040	21	021000	021008	49	5.0	3.0	0,913	true	[021000, 021001, 021002, 021005, 021007, 021003, 021009, 021006, 021008]
11041	21	021000	021008	50	8.0	3.0	0,868	true	[021000, 021001, 021002, 021005, 021007, 021006, 021004, 021008]
11042	21	021000	021008	51	8.0	3.0	0,904	true	[021000, 021001, 021002, 021005, 021007, 021006, 021008]
11043	21	021000	021008	52	6.0	3.0	0,886	true	[021000, 021001, 021002, 021005, 021007, 021006, 021009, 021003, 021004, 021008]
11044	21	021000	021008	53	8.0	3.0	0,859	true	[021000, 021001, 021002, 021005, 021007, 021006, 021009, 021004, 021008]
11045	21	021000	021008	54	8.0	3.0	0,903	true	[021000, 021001, 021002, 021005, 021007, 021008]
11046	21	021000	021008	55	6.0	3.0	0,859	true	[021000, 021001, 021002, 021005, 021007, 021009, 021003, 021004, 021006, 021008]
11047	21	021000	021008	56	6.0	3.0	0,895	true	[021000, 021001, 021002, 021005, 021007, 021009, 021003, 021004, 021008]
11048	21	021000	021008	57	8.0	3.0	0,833	true	[021000, 021001, 021002, 021005, 021007, 021009, 021004, 021006, 021008]
11049	21	021000	021008	58	8.0	3.0	0,867	true	[021000, 021001, 021002, 021005, 021007, 021009, 021004, 021008]
11050	21	021000	021008	59	8.0	3.0	0,877	true	[021000, 021001, 021002, 021005, 021007, 021009, 021006, 021004, 021008]
11051	21	021000	021008	60	8.0	3.0	0,913	true	[021000, 021001, 021002, 021005, 021007, 021009, 021006, 021008]
11052	21	021000	021008	61	21.0	5.0	0,932	true	[021000, 021001, 021002, 021005, 021008]
11053	21	021000	021008	62	6.0	4.0	0,841	true	[021000, 021001, 021002, 021005, 021009, 021003, 021004, 021006, 021007, 021008]
11054	21	021000	021008	63	6.0	4.0	0,877	true	[021000, 021001, 021002, 021005, 021009, 021003, 021004, 021006, 021008]
11055	21	021000	021008	64	6.0	5.0	0,913	true	[021000, 021001, 021002, 021005, 021009, 021003, 021004, 021008]
11056	21	021000	021008	65	5.0	4.0	0,868	true	[021000, 021001, 021002, 021005, 021009, 021003, 021007, 021006, 021004, 021008]
11057	21	021000	021008	66	5.0	5.0	0,904	true	[021000, 021001, 021002, 021005, 021009, 021003, 021007, 021006, 021008]
11058	21	021000	021008	67	5.0	5.0	0,903	true	[021000, 021001, 021002, 021005, 021009, 021003, 021007, 021008]
11059	21	021000	021008	68	5.0	5.0	0,859	true	[021000, 021001, 021002, 021005, 021009, 021004, 021003, 021007, 021006, 021008]
11060	21	021000	021008	69	5.0	5.0	0,858	true	[021000, 021001, 021002, 021005, 021009, 021004, 021003, 021007, 021008]
11061	21	021000	021008	70	11.0	4.0	0,816	true	[021000, 021001, 021002, 021005, 021009, 021004, 021006, 021007, 021008]
11062	21	021000	021008	71	24.0	4.0	0,850	true	[021000, 021001, 021002, 021005, 021009, 021004, 021006, 021008]
11063	21	021000	021008	72	24.0	5.0	0,885	true	[021000, 021001, 021002, 021005, 021009, 021004, 021008]
11064	21	021000	021008	73	5.0	4.0	0,867	true	[021000, 021001, 021002, 021005, 021009, 021006, 021004, 021003, 021007, 021008]
11065	21	021000	021008	74	29.0	4.0	0,894	true	[021000, 021001, 021002, 021005, 021009, 021006, 021004, 021008]
11066	21	021000	021008	75	5.0	5.0	0,904	true	[021000, 021001, 021002, 021005, 021009, 021006, 021007, 021003, 021004, 021008]
11067	21	021000	021008	76	11.0	5.0	0,894	true	[021000, 021001, 021002, 021005, 021009, 021006, 021007, 021008]
11068	21	021000	021008	77	29.0	5.0	0,932	true	[021000, 021001, 021002, 021005, 021009, 021006, 021008]
11069	21	021000	021008	78	5.0	4.0	0,877	true	[021000, 021001, 021002, 021005, 021009, 021007, 021003, 021004, 021006, 021008]
11070	21	021000	021008	79	5.0	4.0	0,913	true	[021000, 021001, 021002, 021005, 021009, 021007, 021003, 021004, 021008]
11071	21	021000	021008	80	11.0	4.0	0,868	true	[021000, 021001, 021002, 021005, 021009, 021007, 021006, 021004, 021008]
11072	21	021000	021008	81	11.0	4.0	0,904	true	[021000, 021001, 021002, 021005, 021009, 021007, 021006, 021008]
11073	21	021000	021008	82	17.0	4.0	0,903	true	[021000, 021001, 021002, 021005, 021009, 021007, 021008]
11074	21	021000	021008	83	5.0	5.0	0,876	true	[021000, 021001, 021002, 021007, 021003, 021004, 021005, 021008]
11075	21	021000	021008	84	5.0	5.0	0,876	true	[021000, 021001, 021002, 021007, 021003, 021004, 021005, 021009, 021006, 021008]
11076	21	021000	021008	85	5.0	4.0	0,885	true	[021000, 021001, 021002, 021007, 021003, 021004, 021006, 021008]
11077	21	021000	021008	86	5.0	4.0	0,885	true	[021000, 021001, 021002, 021007, 021003, 021004, 021006, 021009, 021005, 021008]
11078	21	021000	021008	87	5.0	5.0	0,922	true	[021000, 021001, 021002, 021007, 021003, 021004, 021008]
11079	21	021000	021008	88	5.0	5.0	0,876	true	[021000, 021001, 021002, 021007, 021003, 021004, 021009, 021005, 021008]
11080	21	021000	021008	89	5.0	5.0	0,876	true	[021000, 021001, 021002, 021007, 021003, 021004, 021009, 021006, 021008]
11081	21	021000	021008	90	5.0	3.0	0,841	true	[021000, 021001, 021002, 021007, 021003, 021005, 021004, 021006, 021008]
11082	21	021000	021008	91	5.0	3.0	0,876	true	[021000, 021001, 021002, 021007, 021003, 021005, 021004, 021008]
11083	21	021000	021008	92	5.0	3.0	0,832	true	[021000, 021001, 021002, 021007, 021003, 021005, 021004, 021009, 021006, 021008]
11084	21	021000	021008	93	5.0	3.0	0,922	true	[021000, 021001, 021002, 021007, 021003, 021005, 021008]
11085	21	021000	021008	94	5.0	3.0	0,841	true	[021000, 021001, 021002, 021007, 021003, 021005, 021009, 021004, 021006, 021008]
11086	21	021000	021008	95	5.0	3.0	0,876	true	[021000, 021001, 021002, 021007, 021003, 021005, 021009, 021004, 021008]
11087	21	021000	021008	96	5.0	3.0	0,885	true	[021000, 021001, 021002, 021007, 021003, 021005, 021009, 021006, 021004, 021008]
11088	21	021000	021008	97	5.0	3.0	0,922	true	[021000, 021001, 021002, 021007, 021003, 021005, 021009, 021006, 021008]
11089	21	021000	021008	98	5.0	5.0	0,832	true	[021000, 021001, 021002, 021007, 021003, 021009, 021004, 021005, 021008]
11090	21	021000	021008	99	5.0	4.0	0,841	true	[021000, 021001, 021002, 021007, 021003, 021009, 021004, 021006, 021008]
11091	21	021000	021008	100	5.0	5.0	0,876	true	[021000, 021001, 021002, 021007, 021003, 021009, 021004, 021008]
11092	21	021000	021008	101	33.0	5.0	0,913	true	[021000, 021001, 021002, 021007, 021008]
11093	21	021000	021008	102	17.0	4.0	0,951	true	[021000, 021001, 021002, 021008]
11094	21	021000	021008	103	17.0	5.0	0,941	true	[021000, 021001, 021008]
11095	21	021000	021008	104	14.0	3.0	1,000	true	[021000, 021008]
11096	22	022003	022007	0	5.0	3.0	0,824	true	[022003, 022002, 022000, 022004, 022001, 022005, 022006, 022007]
11097	22	022003	022007	1	5.0	3.0	0,841	true	[022003, 022002, 022000, 022004, 022001, 022005, 022006, 022008, 022007]
11098	22	022003	022007	2	7.0	3.0	0,850	true	[022003, 022002, 022000, 022004, 022001, 022005, 022008, 022006, 022007]
11099	22	022003	022007	3	7.0	3.0	0,885	true	[022003, 022002, 022000, 022004, 022001, 022005, 022008, 022007]
11100	22	022003	022007	4	7.0	3.0	0,824	true	[022003, 022002, 022000, 022004, 022001, 022005, 022009, 022008, 022006, 022007]
11101	22	022003	022007	5	7.0	3.0	0,859	true	[022003, 022002, 022000, 022004, 022001, 022005, 022009, 022008, 022007]
11102	22	022003	022007	6	7.0	3.0	0,903	true	[022003, 022002, 022000, 022004, 022001, 022007]
11103	22	022003	022007	7	5.0	3.0	0,816	true	[022003, 022002, 022000, 022004, 022001, 022008, 022005, 022006, 022007]
11104	22	022003	022007	8	7.0	3.0	0,859	true	[022003, 022002, 022000, 022004, 022001, 022008, 022006, 022007]
11105	22	022003	022007	9	7.0	3.0	0,894	true	[022003, 022002, 022000, 022004, 022001, 022008, 022007]
11106	22	022003	022007	10	5.0	3.0	0,791	true	[022003, 022002, 022000, 022004, 022001, 022008, 022009, 022005, 022006, 022007]
11107	22	022003	022007	11	5.0	3.0	0,807	true	[022003, 022002, 022000, 022004, 022001, 022009, 022005, 022006, 022007]
11108	22	022003	022007	12	5.0	3.0	0,824	true	[022003, 022002, 022000, 022004, 022001, 022009, 022005, 022006, 022008, 022007]
11109	22	022003	022007	13	7.0	3.0	0,833	true	[022003, 022002, 022000, 022004, 022001, 022009, 022005, 022008, 022006, 022007]
11110	22	022003	022007	14	7.0	3.0	0,868	true	[022003, 022002, 022000, 022004, 022001, 022009, 022005, 022008, 022007]
11111	22	022003	022007	15	5.0	3.0	0,833	true	[022003, 022002, 022000, 022004, 022001, 022009, 022008, 022005, 022006, 022007]
11112	22	022003	022007	16	7.0	3.0	0,877	true	[022003, 022002, 022000, 022004, 022001, 022009, 022008, 022006, 022007]
11113	22	022003	022007	17	7.0	3.0	0,913	true	[022003, 022002, 022000, 022004, 022001, 022009, 022008, 022007]
11114	22	022003	022007	18	23.0	3.0	0,849	true	[022003, 022002, 022000, 022004, 022005, 022001, 022007]
11115	22	022003	022007	19	23.0	3.0	0,807	true	[022003, 022002, 022000, 022004, 022005, 022001, 022008, 022006, 022007]
11116	22	022003	022007	20	11.0	3.0	0,841	true	[022003, 022002, 022000, 022004, 022005, 022001, 022008, 022007]
11117	22	022003	022007	21	8.0	3.0	0,824	true	[022003, 022002, 022000, 022004, 022005, 022001, 022009, 022008, 022006, 022007]
11118	22	022003	022007	22	8.0	3.0	0,858	true	[022003, 022002, 022000, 022004, 022005, 022001, 022009, 022008, 022007]
11119	22	022003	022007	23	5.0	3.0	0,841	true	[022003, 022002, 022000, 022004, 022005, 022006, 022007]
11120	22	022003	022007	24	5.0	3.0	0,799	true	[022003, 022002, 022000, 022004, 022005, 022006, 022008, 022001, 022007]
11121	22	022003	022007	25	5.0	3.0	0,858	true	[022003, 022002, 022000, 022004, 022005, 022006, 022008, 022007]
11122	22	022003	022007	26	5.0	3.0	0,816	true	[022003, 022002, 022000, 022004, 022005, 022006, 022008, 022009, 022001, 022007]
11123	22	022003	022007	27	23.0	3.0	0,841	true	[022003, 022002, 022000, 022004, 022005, 022008, 022001, 022007]
11124	22	022003	022007	28	23.0	3.0	0,867	true	[022003, 022002, 022000, 022004, 022005, 022008, 022006, 022007]
11125	22	022003	022007	29	11.0	3.0	0,903	true	[022003, 022002, 022000, 022004, 022005, 022008, 022007]
11126	22	022003	022007	30	8.0	3.0	0,858	true	[022003, 022002, 022000, 022004, 022005, 022008, 022009, 022001, 022007]
11127	22	022003	022007	31	11.0	3.0	0,832	true	[022003, 022002, 022000, 022004, 022005, 022009, 022001, 022007]
11128	22	022003	022007	32	11.0	3.0	0,791	true	[022003, 022002, 022000, 022004, 022005, 022009, 022001, 022008, 022006, 022007]
11129	22	022003	022007	33	11.0	3.0	0,824	true	[022003, 022002, 022000, 022004, 022005, 022009, 022001, 022008, 022007]
11130	22	022003	022007	34	8.0	3.0	0,815	true	[022003, 022002, 022000, 022004, 022005, 022009, 022008, 022001, 022007]
11131	22	022003	022007	35	8.0	3.0	0,841	true	[022003, 022002, 022000, 022004, 022005, 022009, 022008, 022006, 022007]
11132	22	022003	022007	36	8.0	3.0	0,876	true	[022003, 022002, 022000, 022004, 022005, 022009, 022008, 022007]
11133	22	022003	022007	37	5.0	3.0	0,841	true	[022003, 022002, 022000, 022004, 022006, 022005, 022001, 022007]
11134	22	022003	022007	38	5.0	3.0	0,833	true	[022003, 022002, 022000, 022004, 022006, 022005, 022001, 022008, 022007]
11135	22	022003	022007	39	5.0	3.0	0,850	true	[022003, 022002, 022000, 022004, 022006, 022005, 022001, 022009, 022008, 022007]
11136	22	022003	022007	40	5.0	3.0	0,833	true	[022003, 022002, 022000, 022004, 022006, 022005, 022008, 022001, 022007]
11137	22	022003	022007	41	5.0	3.0	0,894	true	[022003, 022002, 022000, 022004, 022006, 022005, 022008, 022007]
11138	22	022003	022007	42	5.0	3.0	0,850	true	[022003, 022002, 022000, 022004, 022006, 022005, 022008, 022009, 022001, 022007]
11139	22	022003	022007	43	5.0	3.0	0,824	true	[022003, 022002, 022000, 022004, 022006, 022005, 022009, 022001, 022007]
11140	22	022003	022007	44	5.0	3.0	0,816	true	[022003, 022002, 022000, 022004, 022006, 022005, 022009, 022001, 022008, 022007]
11141	22	022003	022007	45	5.0	3.0	0,807	true	[022003, 022002, 022000, 022004, 022006, 022005, 022009, 022008, 022001, 022007]
11142	22	022003	022007	46	5.0	3.0	0,867	true	[022003, 022002, 022000, 022004, 022006, 022005, 022009, 022008, 022007]
11143	22	022003	022007	47	23.0	3.0	0,922	true	[022003, 022002, 022000, 022004, 022006, 022007]
11144	22	022003	022007	48	23.0	3.0	0,876	true	[022003, 022002, 022000, 022004, 022006, 022008, 022001, 022007]
11145	22	022003	022007	49	23.0	3.0	0,868	true	[022003, 022002, 022000, 022004, 022006, 022008, 022005, 022001, 022007]
11146	22	022003	022007	50	11.0	3.0	0,850	true	[022003, 022002, 022000, 022004, 022006, 022008, 022005, 022009, 022001, 022007]
11147	22	022003	022007	51	11.0	3.0	0,941	true	[022003, 022002, 022000, 022004, 022006, 022008, 022007]
11148	22	022003	022007	52	8.0	3.0	0,895	true	[022003, 022002, 022000, 022004, 022006, 022008, 022009, 022001, 022007]
11149	22	022003	022007	53	8.0	3.0	0,841	true	[022003, 022002, 022000, 022004, 022006, 022008, 022009, 022005, 022001, 022007]
11150	22	022003	022007	54	15.0	3.0	0,970	true	[022003, 022002, 022000, 022004, 022007]
11151	22	022003	022007	55	5.0	3.0	0,791	true	[022003, 022002, 022000, 022004, 022008, 022001, 022005, 022006, 022007]
11152	22	022003	022007	56	22.0	3.0	0,867	true	[022003, 022002, 022000, 022004, 022008, 022001, 022007]
11153	22	022003	022007	57	5.0	3.0	0,775	true	[022003, 022002, 022000, 022004, 022008, 022001, 022009, 022005, 022006, 022007]
11154	22	022003	022007	58	22.0	3.0	0,859	true	[022003, 022002, 022000, 022004, 022008, 022005, 022001, 022007]
11155	22	022003	022007	59	5.0	3.0	0,850	true	[022003, 022002, 022000, 022004, 022008, 022005, 022006, 022007]
11156	22	022003	022007	60	11.0	3.0	0,841	true	[022003, 022002, 022000, 022004, 022008, 022005, 022009, 022001, 022007]
11157	22	022003	022007	61	5.0	3.0	0,816	true	[022003, 022002, 022000, 022004, 022008, 022006, 022005, 022001, 022007]
11158	22	022003	022007	62	5.0	3.0	0,799	true	[022003, 022002, 022000, 022004, 022008, 022006, 022005, 022009, 022001, 022007]
11159	22	022003	022007	63	22.0	3.0	0,894	true	[022003, 022002, 022000, 022004, 022008, 022006, 022007]
11160	22	022003	022007	64	11.0	3.0	0,932	true	[022003, 022002, 022000, 022004, 022008, 022007]
11161	22	022003	022007	65	5.0	3.0	0,807	true	[022003, 022002, 022000, 022004, 022008, 022009, 022001, 022005, 022006, 022007]
11162	22	022003	022007	66	8.0	3.0	0,885	true	[022003, 022002, 022000, 022004, 022008, 022009, 022001, 022007]
11163	22	022003	022007	67	8.0	3.0	0,833	true	[022003, 022002, 022000, 022004, 022008, 022009, 022005, 022001, 022007]
11164	22	022003	022007	68	5.0	3.0	0,824	true	[022003, 022002, 022000, 022004, 022008, 022009, 022005, 022006, 022007]
11165	22	022003	022007	69	5.0	3.0	0,807	true	[022003, 022002, 022000, 022004, 022009, 022001, 022005, 022006, 022007]
11166	22	022003	022007	70	5.0	3.0	0,824	true	[022003, 022002, 022000, 022004, 022009, 022001, 022005, 022006, 022008, 022007]
11167	22	022003	022007	71	11.0	3.0	0,833	true	[022003, 022002, 022000, 022004, 022009, 022001, 022005, 022008, 022006, 022007]
11168	22	022003	022007	72	11.0	3.0	0,868	true	[022003, 022002, 022000, 022004, 022009, 022001, 022005, 022008, 022007]
11169	22	022003	022007	73	11.0	3.0	0,885	true	[022003, 022002, 022000, 022004, 022009, 022001, 022007]
11170	22	022003	022007	74	5.0	3.0	0,799	true	[022003, 022002, 022000, 022004, 022009, 022001, 022008, 022005, 022006, 022007]
11171	22	022003	022007	75	11.0	3.0	0,841	true	[022003, 022002, 022000, 022004, 022009, 022001, 022008, 022006, 022007]
11172	22	022003	022007	76	11.0	3.0	0,877	true	[022003, 022002, 022000, 022004, 022009, 022001, 022008, 022007]
11173	22	022003	022007	77	20.0	3.0	0,833	true	[022003, 022002, 022000, 022004, 022009, 022005, 022001, 022007]
11174	22	022003	022007	78	20.0	3.0	0,791	true	[022003, 022002, 022000, 022004, 022009, 022005, 022001, 022008, 022006, 022007]
11175	22	022003	022007	79	11.0	3.0	0,824	true	[022003, 022002, 022000, 022004, 022009, 022005, 022001, 022008, 022007]
11176	22	022003	022007	80	5.0	3.0	0,824	true	[022003, 022002, 022000, 022004, 022009, 022005, 022006, 022007]
11177	22	022003	022007	81	5.0	3.0	0,783	true	[022003, 022002, 022000, 022004, 022009, 022005, 022006, 022008, 022001, 022007]
11178	22	022003	022007	82	5.0	3.0	0,841	true	[022003, 022002, 022000, 022004, 022009, 022005, 022006, 022008, 022007]
11179	22	022003	022007	83	20.0	3.0	0,824	true	[022003, 022002, 022000, 022004, 022009, 022005, 022008, 022001, 022007]
11180	22	022003	022007	84	20.0	3.0	0,850	true	[022003, 022002, 022000, 022004, 022009, 022005, 022008, 022006, 022007]
11181	22	022003	022007	85	11.0	3.0	0,885	true	[022003, 022002, 022000, 022004, 022009, 022005, 022008, 022007]
11182	22	022003	022007	86	5.0	3.0	0,791	true	[022003, 022002, 022000, 022004, 022009, 022008, 022001, 022005, 022006, 022007]
11183	22	022003	022007	87	8.0	3.0	0,867	true	[022003, 022002, 022000, 022004, 022009, 022008, 022001, 022007]
11184	22	022003	022007	88	8.0	3.0	0,859	true	[022003, 022002, 022000, 022004, 022009, 022008, 022005, 022001, 022007]
11185	22	022003	022007	89	5.0	3.0	0,850	true	[022003, 022002, 022000, 022004, 022009, 022008, 022005, 022006, 022007]
11186	22	022003	022007	90	5.0	3.0	0,816	true	[022003, 022002, 022000, 022004, 022009, 022008, 022006, 022005, 022001, 022007]
11187	22	022003	022007	91	8.0	3.0	0,894	true	[022003, 022002, 022000, 022004, 022009, 022008, 022006, 022007]
11188	22	022003	022007	92	8.0	3.0	0,932	true	[022003, 022002, 022000, 022004, 022009, 022008, 022007]
11189	22	022003	022007	93	7.0	3.0	0,859	true	[022003, 022002, 022000, 022005, 022001, 022004, 022006, 022007]
11190	22	022003	022007	94	7.0	3.0	0,877	true	[022003, 022002, 022000, 022005, 022001, 022004, 022006, 022008, 022007]
11191	22	022003	022007	95	7.0	3.0	0,903	true	[022003, 022002, 022000, 022005, 022001, 022004, 022007]
11192	22	022003	022007	96	7.0	3.0	0,833	true	[022003, 022002, 022000, 022005, 022001, 022004, 022008, 022006, 022007]
11193	22	022003	022007	97	7.0	3.0	0,868	true	[022003, 022002, 022000, 022005, 022001, 022004, 022008, 022007]
11194	22	022003	022007	98	7.0	3.0	0,833	true	[022003, 022002, 022000, 022005, 022001, 022004, 022009, 022008, 022006, 022007]
11195	22	022003	022007	99	7.0	3.0	0,868	true	[022003, 022002, 022000, 022005, 022001, 022004, 022009, 022008, 022007]
11196	22	022003	022007	100	32.0	3.0	0,894	true	[022003, 022002, 022000, 022005, 022001, 022007]
11197	22	022003	022007	101	17.0	3.0	0,931	true	[022003, 022002, 022000, 022007]
11198	22	022003	022007	102	40.0	3.0	0,951	true	[022003, 022002, 022007]
11199	22	022003	022007	103	21.0	4.0	1,000	true	[022003, 022007]
11200	23	023004	023000	0	21.0	9.0	0,970	true	[023004, 023000]
11201	23	023004	023000	1	23.0	3.0	0,970	true	[023004, 023001, 023000]
11202	23	023004	023000	2	29.0	3.0	0,931	true	[023004, 023001, 023002, 023000]
11203	23	023004	023000	3	14.0	3.0	0,885	true	[023004, 023001, 023002, 023003, 023000]
11204	23	023004	023000	4	14.0	3.0	0,867	true	[023004, 023001, 023002, 023003, 023005, 023000]
11205	23	023004	023000	5	14.0	3.0	0,833	true	[023004, 023001, 023002, 023003, 023005, 023007, 023000]
11206	23	023004	023000	6	7.0	3.0	0,808	true	[023004, 023001, 023002, 023003, 023005, 023007, 023008, 023000]
11207	23	023004	023000	7	6.0	3.0	0,833	true	[023004, 023001, 023002, 023003, 023005, 023007, 023008, 023006, 023000]
11208	23	023004	023000	8	7.0	3.0	0,808	true	[023004, 023001, 023002, 023003, 023005, 023007, 023008, 023009, 023000]
11209	23	023004	023000	9	13.0	3.0	0,841	true	[023004, 023001, 023002, 023003, 023005, 023008, 023000]
11210	23	023004	023000	10	6.0	3.0	0,868	true	[023004, 023001, 023002, 023003, 023005, 023008, 023006, 023000]
11211	23	023004	023000	11	7.0	3.0	0,816	true	[023004, 023001, 023002, 023003, 023005, 023008, 023007, 023000]
11212	23	023004	023000	12	11.0	3.0	0,842	true	[023004, 023001, 023002, 023003, 023005, 023008, 023009, 023000]
11213	23	023004	023000	13	9.0	3.0	0,868	true	[023004, 023001, 023002, 023003, 023005, 023009, 023000]
11214	23	023004	023000	14	9.0	3.0	0,816	true	[023004, 023001, 023002, 023003, 023005, 023009, 023008, 023000]
11215	23	023004	023000	15	6.0	3.0	0,842	true	[023004, 023001, 023002, 023003, 023005, 023009, 023008, 023006, 023000]
11216	23	023004	023000	16	7.0	3.0	0,791	true	[023004, 023001, 023002, 023003, 023005, 023009, 023008, 023007, 023000]
11217	23	023004	023000	17	14.0	3.0	0,885	true	[023004, 023001, 023002, 023003, 023006, 023000]
11218	23	023004	023000	18	6.0	3.0	0,841	true	[023004, 023001, 023002, 023003, 023006, 023008, 023000]
11219	23	023004	023000	19	6.0	3.0	0,850	true	[023004, 023001, 023002, 023003, 023006, 023008, 023005, 023000]
11220	23	023004	023000	20	6.0	3.0	0,816	true	[023004, 023001, 023002, 023003, 023006, 023008, 023005, 023007, 023000]
11221	23	023004	023000	21	6.0	3.0	0,850	true	[023004, 023001, 023002, 023003, 023006, 023008, 023005, 023009, 023000]
11222	23	023004	023000	22	6.0	3.0	0,816	true	[023004, 023001, 023002, 023003, 023006, 023008, 023007, 023000]
11223	23	023004	023000	23	6.0	3.0	0,816	true	[023004, 023001, 023002, 023003, 023006, 023008, 023007, 023005, 023000]
11224	23	023004	023000	24	6.0	3.0	0,816	true	[023004, 023001, 023002, 023003, 023006, 023008, 023007, 023005, 023009, 023000]
11225	23	023004	023000	25	6.0	3.0	0,842	true	[023004, 023001, 023002, 023003, 023006, 023008, 023009, 023000]
11226	23	023004	023000	26	6.0	3.0	0,825	true	[023004, 023001, 023002, 023003, 023006, 023008, 023009, 023005, 023000]
11227	23	023004	023000	27	6.0	3.0	0,791	true	[023004, 023001, 023002, 023003, 023006, 023008, 023009, 023005, 023007, 023000]
11228	23	023004	023000	28	14.0	3.0	0,841	true	[023004, 023001, 023002, 023003, 023007, 023000]
11229	23	023004	023000	29	14.0	3.0	0,841	true	[023004, 023001, 023002, 023003, 023007, 023005, 023000]
11230	23	023004	023000	30	13.0	3.0	0,816	true	[023004, 023001, 023002, 023003, 023007, 023005, 023008, 023000]
11231	23	023004	023000	31	6.0	3.0	0,842	true	[023004, 023001, 023002, 023003, 023007, 023005, 023008, 023006, 023000]
11232	23	023004	023000	32	11.0	3.0	0,816	true	[023004, 023001, 023002, 023003, 023007, 023005, 023008, 023009, 023000]
11233	23	023004	023000	33	9.0	3.0	0,841	true	[023004, 023001, 023002, 023003, 023007, 023005, 023009, 023000]
11234	23	023004	023000	34	9.0	3.0	0,791	true	[023004, 023001, 023002, 023003, 023007, 023005, 023009, 023008, 023000]
11235	23	023004	023000	35	6.0	3.0	0,816	true	[023004, 023001, 023002, 023003, 023007, 023005, 023009, 023008, 023006, 023000]
11236	23	023004	023000	36	7.0	3.0	0,816	true	[023004, 023001, 023002, 023003, 023007, 023008, 023000]
11237	23	023004	023000	37	7.0	3.0	0,824	true	[023004, 023001, 023002, 023003, 023007, 023008, 023005, 023000]
11238	23	023004	023000	38	7.0	3.0	0,825	true	[023004, 023001, 023002, 023003, 023007, 023008, 023005, 023009, 023000]
11239	23	023004	023000	39	6.0	3.0	0,841	true	[023004, 023001, 023002, 023003, 023007, 023008, 023006, 023000]
11240	23	023004	023000	40	7.0	3.0	0,816	true	[023004, 023001, 023002, 023003, 023007, 023008, 023009, 023000]
11241	23	023004	023000	41	7.0	3.0	0,800	true	[023004, 023001, 023002, 023003, 023007, 023008, 023009, 023005, 023000]
11242	23	023004	023000	42	13.0	3.0	0,832	true	[023004, 023001, 023002, 023003, 023008, 023000]
11243	23	023004	023000	43	14.0	3.0	0,841	true	[023004, 023001, 023002, 023003, 023008, 023005, 023000]
11244	23	023004	023000	44	14.0	3.0	0,807	true	[023004, 023001, 023002, 023003, 023008, 023005, 023007, 023000]
11245	23	023004	023000	45	9.0	3.0	0,841	true	[023004, 023001, 023002, 023003, 023008, 023005, 023009, 023000]
11246	23	023004	023000	46	6.0	3.0	0,858	true	[023004, 023001, 023002, 023003, 023008, 023006, 023000]
11247	23	023004	023000	47	7.0	3.0	0,807	true	[023004, 023001, 023002, 023003, 023008, 023007, 023000]
11248	23	023004	023000	48	7.0	3.0	0,808	true	[023004, 023001, 023002, 023003, 023008, 023007, 023005, 023000]
11249	23	023004	023000	49	7.0	3.0	0,808	true	[023004, 023001, 023002, 023003, 023008, 023007, 023005, 023009, 023000]
11250	23	023004	023000	50	11.0	3.0	0,833	true	[023004, 023001, 023002, 023003, 023008, 023009, 023000]
11251	23	023004	023000	51	9.0	3.0	0,816	true	[023004, 023001, 023002, 023003, 023008, 023009, 023005, 023000]
11252	23	023004	023000	52	9.0	3.0	0,783	true	[023004, 023001, 023002, 023003, 023008, 023009, 023005, 023007, 023000]
11253	23	023004	023000	53	29.0	3.0	0,885	true	[023004, 023001, 023002, 023005, 023000]
11254	23	023004	023000	54	29.0	3.0	0,850	true	[023004, 023001, 023002, 023005, 023003, 023000]
11255	23	023004	023000	55	28.0	3.0	0,850	true	[023004, 023001, 023002, 023005, 023003, 023006, 023000]
11256	23	023004	023000	56	6.0	3.0	0,808	true	[023004, 023001, 023002, 023005, 023003, 023006, 023008, 023000]
11257	23	023004	023000	57	6.0	3.0	0,783	true	[023004, 023001, 023002, 023005, 023003, 023006, 023008, 023007, 023000]
11258	23	023004	023000	58	6.0	3.0	0,808	true	[023004, 023001, 023002, 023005, 023003, 023006, 023008, 023009, 023000]
11259	23	023004	023000	59	29.0	3.0	0,807	true	[023004, 023001, 023002, 023005, 023003, 023007, 023000]
11260	23	023004	023000	60	7.0	3.0	0,783	true	[023004, 023001, 023002, 023005, 023003, 023007, 023008, 023000]
11261	23	023004	023000	61	6.0	3.0	0,808	true	[023004, 023001, 023002, 023005, 023003, 023007, 023008, 023006, 023000]
11262	23	023004	023000	62	7.0	3.0	0,784	true	[023004, 023001, 023002, 023005, 023003, 023007, 023008, 023009, 023000]
11263	23	023004	023000	63	13.0	3.0	0,799	true	[023004, 023001, 023002, 023005, 023003, 023008, 023000]
11264	23	023004	023000	64	6.0	3.0	0,824	true	[023004, 023001, 023002, 023005, 023003, 023008, 023006, 023000]
11265	23	023004	023000	65	7.0	3.0	0,775	true	[023004, 023001, 023002, 023005, 023003, 023008, 023007, 023000]
11266	23	023004	023000	66	11.0	3.0	0,799	true	[023004, 023001, 023002, 023005, 023003, 023008, 023009, 023000]
11267	23	023004	023000	67	26.0	3.0	0,850	true	[023004, 023001, 023002, 023005, 023007, 023000]
11268	23	023004	023000	68	26.0	3.0	0,824	true	[023004, 023001, 023002, 023005, 023007, 023003, 023000]
11269	23	023004	023000	69	26.0	3.0	0,824	true	[023004, 023001, 023002, 023005, 023007, 023003, 023006, 023000]
11270	23	023004	023000	70	6.0	3.0	0,783	true	[023004, 023001, 023002, 023005, 023007, 023003, 023006, 023008, 023000]
11271	23	023004	023000	71	6.0	3.0	0,784	true	[023004, 023001, 023002, 023005, 023007, 023003, 023006, 023008, 023009, 023000]
11272	23	023004	023000	72	13.0	3.0	0,775	true	[023004, 023001, 023002, 023005, 023007, 023003, 023008, 023000]
11273	23	023004	023000	73	6.0	3.0	0,799	true	[023004, 023001, 023002, 023005, 023007, 023003, 023008, 023006, 023000]
11274	23	023004	023000	74	11.0	3.0	0,775	true	[023004, 023001, 023002, 023005, 023007, 023003, 023008, 023009, 023000]
11275	23	023004	023000	75	7.0	3.0	0,824	true	[023004, 023001, 023002, 023005, 023007, 023008, 023000]
11276	23	023004	023000	76	7.0	3.0	0,791	true	[023004, 023001, 023002, 023005, 023007, 023008, 023003, 023000]
11277	23	023004	023000	77	7.0	3.0	0,791	true	[023004, 023001, 023002, 023005, 023007, 023008, 023003, 023006, 023000]
11278	23	023004	023000	78	6.0	3.0	0,850	true	[023004, 023001, 023002, 023005, 023007, 023008, 023006, 023000]
11279	23	023004	023000	79	6.0	3.0	0,800	true	[023004, 023001, 023002, 023005, 023007, 023008, 023006, 023003, 023000]
11280	23	023004	023000	80	7.0	3.0	0,825	true	[023004, 023001, 023002, 023005, 023007, 023008, 023009, 023000]
11281	23	023004	023000	81	13.0	3.0	0,858	true	[023004, 023001, 023002, 023005, 023008, 023000]
11282	23	023004	023000	82	29.0	3.0	0,824	true	[023004, 023001, 023002, 023005, 023008, 023003, 023000]
11283	23	023004	023000	83	28.0	3.0	0,824	true	[023004, 023001, 023002, 023005, 023008, 023003, 023006, 023000]
11284	23	023004	023000	84	29.0	3.0	0,783	true	[023004, 023001, 023002, 023005, 023008, 023003, 023007, 023000]
11285	23	023004	023000	85	6.0	3.0	0,885	true	[023004, 023001, 023002, 023005, 023008, 023006, 023000]
11286	23	023004	023000	86	6.0	3.0	0,833	true	[023004, 023001, 023002, 023005, 023008, 023006, 023003, 023000]
11287	23	023004	023000	87	6.0	3.0	0,791	true	[023004, 023001, 023002, 023005, 023008, 023006, 023003, 023007, 023000]
11288	23	023004	023000	88	7.0	3.0	0,833	true	[023004, 023001, 023002, 023005, 023008, 023007, 023000]
11289	23	023004	023000	89	7.0	3.0	0,808	true	[023004, 023001, 023002, 023005, 023008, 023007, 023003, 023000]
11290	23	023004	023000	90	7.0	3.0	0,808	true	[023004, 023001, 023002, 023005, 023008, 023007, 023003, 023006, 023000]
11291	23	023004	023000	91	11.0	3.0	0,859	true	[023004, 023001, 023002, 023005, 023008, 023009, 023000]
11292	23	023004	023000	92	9.0	3.0	0,885	true	[023004, 023001, 023002, 023005, 023009, 023000]
11293	23	023004	023000	93	9.0	3.0	0,833	true	[023004, 023001, 023002, 023005, 023009, 023008, 023000]
11294	23	023004	023000	94	9.0	3.0	0,799	true	[023004, 023001, 023002, 023005, 023009, 023008, 023003, 023000]
11295	23	023004	023000	95	9.0	3.0	0,799	true	[023004, 023001, 023002, 023005, 023009, 023008, 023003, 023006, 023000]
11296	23	023004	023000	96	9.0	3.0	0,759	true	[023004, 023001, 023002, 023005, 023009, 023008, 023003, 023007, 023000]
11297	23	023004	023000	97	6.0	3.0	0,859	true	[023004, 023001, 023002, 023005, 023009, 023008, 023006, 023000]
11298	23	023004	023000	98	6.0	3.0	0,808	true	[023004, 023001, 023002, 023005, 023009, 023008, 023006, 023003, 023000]
11299	23	023004	023000	99	6.0	3.0	0,767	true	[023004, 023001, 023002, 023005, 023009, 023008, 023006, 023003, 023007, 023000]
11300	23	023004	023000	100	7.0	3.0	0,808	true	[023004, 023001, 023002, 023005, 023009, 023008, 023007, 023000]
11301	-1	000003	001003	0	100.0	38.0	0,995	true	[000003, 001003]
11302	-1	000001	005004	0	110.0	28.0	0,998	true	[000001, 005004]
11303	-1	001007	002002	0	145.0	29.0	0,998	true	[001007, 002002]
11304	-1	001008	005001	0	130.0	47.0	0,998	true	[001008, 005001]
11305	-1	002001	003007	0	140.0	35.0	0,996	true	[002001, 003007]
11306	-1	002004	004002	0	150.0	48.0	0,997	true	[002004, 004002]
11307	-1	002005	006004	0	100.0	31.0	0,995	true	[002005, 006004]
11308	-1	003006	004005	0	135.0	50.0	0,998	true	[003006, 004005]
11309	-1	003002	006003	0	105.0	34.0	0,995	true	[003002, 006003]
11310	-1	004001	007008	0	110.0	37.0	0,999	true	[004001, 007008]
11311	-1	005003	006006	0	105.0	30.0	0,996	true	[005003, 006006]
11312	-1	005007	008006	0	105.0	31.0	0,998	true	[005007, 008006]
11313	-1	005009	010006	0	100.0	21.0	0,995	true	[005009, 010006]
11314	-1	006008	007009	0	145.0	46.0	0,996	true	[006008, 007009]
11315	-1	006005	008002	0	120.0	30.0	0,999	true	[006005, 008002]
11316	-1	007004	009009	0	140.0	47.0	0,999	true	[007004, 009009]
11317	-1	008004	009002	0	135.0	41.0	0,999	true	[008004, 009002]
11318	-1	008000	010004	0	130.0	49.0	0,999	true	[008000, 010004]
11319	-1	008005	011000	0	100.0	27.0	0,997	true	[008005, 011000]
11320	-1	009001	012007	0	120.0	34.0	0,995	true	[009001, 012007]
11321	-1	010009	011008	0	145.0	28.0	0,996	true	[010009, 011008]
11322	-1	010003	014001	0	100.0	44.0	0,998	true	[010003, 014001]
11323	-1	011006	012002	0	120.0	21.0	0,999	true	[011006, 012002]
11324	-1	011003	015001	0	140.0	30.0	0,996	true	[011003, 015001]
11325	-1	012000	013000	0	130.0	24.0	0,998	true	[012000, 013000]
11326	-1	012003	016004	0	135.0	21.0	0,998	true	[012003, 016004]
11327	-1	013006	017009	0	145.0	34.0	0,998	true	[013006, 017009]
11328	-1	014004	015004	0	115.0	34.0	0,999	true	[014004, 015004]
11329	-1	014000	018007	0	130.0	28.0	0,996	true	[014000, 018007]
11330	-1	014003	019008	0	150.0	44.0	0,999	true	[014003, 019008]
11331	-1	015006	016008	0	120.0	35.0	0,999	true	[015006, 016008]
11332	-1	015000	020005	0	150.0	24.0	0,997	true	[015000, 020005]
11333	-1	015003	021000	0	125.0	29.0	0,998	true	[015003, 021000]
11334	-1	016003	017006	0	105.0	48.0	0,996	true	[016003, 017006]
11335	-1	016006	021008	0	145.0	43.0	0,997	true	[016006, 021008]
11336	-1	016002	022003	0	125.0	34.0	0,999	true	[016002, 022003]
11337	-1	017002	023004	0	140.0	25.0	0,999	true	[017002, 023004]
11338	-1	018003	019006	0	100.0	50.0	0,998	true	[018003, 019006]
11339	-1	019004	020001	0	135.0	48.0	0,997	true	[019004, 020001]
11340	-1	020008	021009	0	120.0	33.0	0,998	true	[020008, 021009]
11341	-1	021001	022007	0	110.0	47.0	0,996	true	[021001, 022007]
11342	-1	022008	023000	0	145.0	35.0	0,998	true	[022008, 023000]
