TransactionId	ASId	Ingress	Egress	PathletId	Bandwidth	Delay	Reliability	Status	Full Path
5097	0	000000	000003	0	66.0	8.0	1,000	true	[000000, 000001, 000003]
5098	0	000000	000003	1	66.0	3.0	0,903	true	[000000, 000001, 000007, 000002, 000003]
5099	0	000000	000003	2	20.0	3.0	0,833	true	[000000, 000001, 000007, 000002, 000004, 000006, 000008, 000005, 000003]
5100	0	000000	000003	3	20.0	3.0	0,799	true	[000000, 000001, 000007, 000002, 000004, 000006, 000008, 000005, 000009, 000003]
5101	0	000000	000003	4	6.0	3.0	0,775	true	[000000, 000001, 000007, 000002, 000004, 000006, 000008, 000009, 000003]
5102	0	000000	000003	5	6.0	3.0	0,807	true	[000000, 000001, 000007, 000002, 000004, 000006, 000008, 000009, 000005, 000003]
5103	0	000000	000003	6	31.0	3.0	0,832	true	[000000, 000001, 000007, 000002, 000004, 000006, 000009, 000003]
5104	0	000000	000003	7	32.0	3.0	0,867	true	[000000, 000001, 000007, 000002, 000004, 000006, 000009, 000005, 000003]
5105	0	000000	000003	8	6.0	3.0	0,824	true	[000000, 000001, 000007, 000002, 000004, 000006, 000009, 000008, 000005, 000003]
5106	0	000000	000003	9	31.0	3.0	0,832	true	[000000, 000001, 000007, 000002, 000004, 000009, 000003]
5107	0	000000	000003	10	32.0	3.0	0,867	true	[000000, 000001, 000007, 000002, 000004, 000009, 000005, 000003]
5108	0	000000	000003	11	20.0	3.0	0,816	true	[000000, 000001, 000007, 000002, 000004, 000009, 000006, 000008, 000005, 000003]
5109	0	000000	000003	12	6.0	3.0	0,824	true	[000000, 000001, 000007, 000002, 000004, 000009, 000008, 000005, 000003]
5110	0	000000	000003	13	32.0	3.0	0,913	true	[000000, 000001, 000007, 000002, 000005, 000003]
5111	0	000000	000003	14	20.0	3.0	0,775	true	[000000, 000001, 000007, 000002, 000005, 000008, 000006, 000004, 000009, 000003]
5112	0	000000	000003	15	20.0	3.0	0,824	true	[000000, 000001, 000007, 000002, 000005, 000008, 000006, 000009, 000003]
5113	0	000000	000003	16	6.0	3.0	0,832	true	[000000, 000001, 000007, 000002, 000005, 000008, 000009, 000003]
5114	0	000000	000003	17	31.0	3.0	0,876	true	[000000, 000001, 000007, 000002, 000005, 000009, 000003]
5115	0	000000	000003	18	18.0	3.0	0,824	true	[000000, 000001, 000007, 000002, 000006, 000004, 000009, 000003]
5116	0	000000	000003	19	18.0	3.0	0,859	true	[000000, 000001, 000007, 000002, 000006, 000004, 000009, 000005, 000003]
5117	0	000000	000003	20	6.0	3.0	0,816	true	[000000, 000001, 000007, 000002, 000006, 000004, 000009, 000008, 000005, 000003]
5118	0	000000	000003	21	18.0	3.0	0,876	true	[000000, 000001, 000007, 000002, 000006, 000008, 000005, 000003]
5119	0	000000	000003	22	18.0	3.0	0,841	true	[000000, 000001, 000007, 000002, 000006, 000008, 000005, 000009, 000003]
5120	0	000000	000003	23	6.0	3.0	0,815	true	[000000, 000001, 000007, 000002, 000006, 000008, 000009, 000003]
5121	0	000000	000003	24	6.0	3.0	0,850	true	[000000, 000001, 000007, 000002, 000006, 000008, 000009, 000005, 000003]
5122	0	000000	000003	25	18.0	3.0	0,876	true	[000000, 000001, 000007, 000002, 000006, 000009, 000003]
5123	0	000000	000003	26	18.0	3.0	0,913	true	[000000, 000001, 000007, 000002, 000006, 000009, 000005, 000003]
5124	0	000000	000003	27	6.0	3.0	0,868	true	[000000, 000001, 000007, 000002, 000006, 000009, 000008, 000005, 000003]
5125	0	000000	000003	28	20.0	3.0	0,885	true	[000000, 000001, 000007, 000002, 000008, 000005, 000003]
5126	0	000000	000003	29	20.0	3.0	0,849	true	[000000, 000001, 000007, 000002, 000008, 000005, 000009, 000003]
5127	0	000000	000003	30	31.0	3.0	0,767	true	[000000, 000001, 000007, 000002, 000008, 000006, 000004, 000009, 000003]
5128	0	000000	000003	31	32.0	3.0	0,799	true	[000000, 000001, 000007, 000002, 000008, 000006, 000004, 000009, 000005, 000003]
5129	0	000000	000003	32	31.0	3.0	0,815	true	[000000, 000001, 000007, 000002, 000008, 000006, 000009, 000003]
5130	0	000000	000003	33	32.0	3.0	0,850	true	[000000, 000001, 000007, 000002, 000008, 000006, 000009, 000005, 000003]
5131	0	000000	000003	34	6.0	3.0	0,823	true	[000000, 000001, 000007, 000002, 000008, 000009, 000003]
5132	0	000000	000003	35	6.0	3.0	0,858	true	[000000, 000001, 000007, 000002, 000008, 000009, 000005, 000003]
5133	0	000000	000003	36	31.0	3.0	0,903	true	[000000, 000001, 000007, 000002, 000009, 000003]
5134	0	000000	000003	37	20.0	3.0	0,833	true	[000000, 000001, 000007, 000002, 000009, 000004, 000006, 000008, 000005, 000003]
5135	0	000000	000003	38	32.0	3.0	0,941	true	[000000, 000001, 000007, 000002, 000009, 000005, 000003]
5136	0	000000	000003	39	20.0	3.0	0,885	true	[000000, 000001, 000007, 000002, 000009, 000006, 000008, 000005, 000003]
5137	0	000000	000003	40	6.0	3.0	0,894	true	[000000, 000001, 000007, 000002, 000009, 000008, 000005, 000003]
5138	0	000000	000003	41	52.0	3.0	0,950	true	[000000, 000001, 000007, 000003]
5139	0	000000	000003	42	35.0	3.0	0,885	true	[000000, 000001, 000007, 000005, 000002, 000003]
5140	0	000000	000003	43	6.0	3.0	0,759	true	[000000, 000001, 000007, 000005, 000002, 000004, 000006, 000008, 000009, 000003]
5141	0	000000	000003	44	31.0	3.0	0,816	true	[000000, 000001, 000007, 000005, 000002, 000004, 000006, 000009, 000003]
5142	0	000000	000003	45	31.0	3.0	0,815	true	[000000, 000001, 000007, 000005, 000002, 000004, 000009, 000003]
5143	0	000000	000003	46	18.0	3.0	0,807	true	[000000, 000001, 000007, 000005, 000002, 000006, 000004, 000009, 000003]
5144	0	000000	000003	47	6.0	3.0	0,799	true	[000000, 000001, 000007, 000005, 000002, 000006, 000008, 000009, 000003]
5145	0	000000	000003	48	18.0	3.0	0,858	true	[000000, 000001, 000007, 000005, 000002, 000006, 000009, 000003]
5146	0	000000	000003	49	31.0	3.0	0,751	true	[000000, 000001, 000007, 000005, 000002, 000008, 000006, 000004, 000009, 000003]
5147	0	000000	000003	50	31.0	3.0	0,799	true	[000000, 000001, 000007, 000005, 000002, 000008, 000006, 000009, 000003]
5148	0	000000	000003	51	6.0	3.0	0,807	true	[000000, 000001, 000007, 000005, 000002, 000008, 000009, 000003]
5149	0	000000	000003	52	31.0	3.0	0,885	true	[000000, 000001, 000007, 000005, 000002, 000009, 000003]
5150	0	000000	000003	53	32.0	3.0	0,950	true	[000000, 000001, 000007, 000005, 000003]
5151	0	000000	000003	54	20.0	3.0	0,858	true	[000000, 000001, 000007, 000005, 000008, 000002, 000003]
5152	0	000000	000003	55	20.0	3.0	0,791	true	[000000, 000001, 000007, 000005, 000008, 000002, 000004, 000006, 000009, 000003]
5153	0	000000	000003	56	20.0	3.0	0,790	true	[000000, 000001, 000007, 000005, 000008, 000002, 000004, 000009, 000003]
5154	0	000000	000003	57	18.0	3.0	0,783	true	[000000, 000001, 000007, 000005, 000008, 000002, 000006, 000004, 000009, 000003]
5155	0	000000	000003	58	18.0	3.0	0,832	true	[000000, 000001, 000007, 000005, 000008, 000002, 000006, 000009, 000003]
5156	0	000000	000003	59	20.0	3.0	0,858	true	[000000, 000001, 000007, 000005, 000008, 000002, 000009, 000003]
5157	0	000000	000003	60	18.0	3.0	0,849	true	[000000, 000001, 000007, 000005, 000008, 000006, 000002, 000003]
5158	0	000000	000003	61	18.0	3.0	0,783	true	[000000, 000001, 000007, 000005, 000008, 000006, 000002, 000004, 000009, 000003]
5159	0	000000	000003	62	18.0	3.0	0,849	true	[000000, 000001, 000007, 000005, 000008, 000006, 000002, 000009, 000003]
5160	0	000000	000003	63	20.0	3.0	0,807	true	[000000, 000001, 000007, 000005, 000008, 000006, 000004, 000002, 000003]
5161	0	000000	000003	64	20.0	3.0	0,807	true	[000000, 000001, 000007, 000005, 000008, 000006, 000004, 000002, 000009, 000003]
5162	0	000000	000003	65	20.0	3.0	0,807	true	[000000, 000001, 000007, 000005, 000008, 000006, 000004, 000009, 000002, 000003]
5163	0	000000	000003	66	20.0	3.0	0,807	true	[000000, 000001, 000007, 000005, 000008, 000006, 000004, 000009, 000003]
5164	0	000000	000003	67	20.0	3.0	0,858	true	[000000, 000001, 000007, 000005, 000008, 000006, 000009, 000002, 000003]
5165	0	000000	000003	68	20.0	3.0	0,858	true	[000000, 000001, 000007, 000005, 000008, 000006, 000009, 000003]
5166	0	000000	000003	69	20.0	3.0	0,791	true	[000000, 000001, 000007, 000005, 000008, 000006, 000009, 000004, 000002, 000003]
5167	0	000000	000003	70	6.0	3.0	0,867	true	[000000, 000001, 000007, 000005, 000008, 000009, 000002, 000003]
5168	0	000000	000003	71	6.0	3.0	0,867	true	[000000, 000001, 000007, 000005, 000008, 000009, 000003]
5169	0	000000	000003	72	6.0	3.0	0,799	true	[000000, 000001, 000007, 000005, 000008, 000009, 000004, 000002, 000003]
5170	0	000000	000003	73	6.0	3.0	0,791	true	[000000, 000001, 000007, 000005, 000008, 000009, 000004, 000006, 000002, 000003]
5171	0	000000	000003	74	6.0	3.0	0,841	true	[000000, 000001, 000007, 000005, 000008, 000009, 000006, 000002, 000003]
5172	0	000000	000003	75	6.0	3.0	0,799	true	[000000, 000001, 000007, 000005, 000008, 000009, 000006, 000004, 000002, 000003]
5173	0	000000	000003	76	48.0	3.0	0,912	true	[000000, 000001, 000007, 000005, 000009, 000002, 000003]
5174	0	000000	000003	77	31.0	3.0	0,912	true	[000000, 000001, 000007, 000005, 000009, 000003]
5175	0	000000	000003	78	56.0	3.0	0,840	true	[000000, 000001, 000007, 000005, 000009, 000004, 000002, 000003]
5176	0	000000	000003	79	18.0	3.0	0,832	true	[000000, 000001, 000007, 000005, 000009, 000004, 000006, 000002, 000003]
5177	0	000000	000003	80	60.0	3.0	0,775	true	[000000, 000001, 000007, 000005, 000009, 000004, 000006, 000008, 000002, 000003]
5178	0	000000	000003	81	18.0	3.0	0,885	true	[000000, 000001, 000007, 000005, 000009, 000006, 000002, 000003]
5179	0	000000	000003	82	39.0	3.0	0,841	true	[000000, 000001, 000007, 000005, 000009, 000006, 000004, 000002, 000003]
5180	0	000000	000003	83	39.0	3.0	0,823	true	[000000, 000001, 000007, 000005, 000009, 000006, 000008, 000002, 000003]
5181	0	000000	000003	84	6.0	3.0	0,832	true	[000000, 000001, 000007, 000005, 000009, 000008, 000002, 000003]
5182	0	000000	000003	85	6.0	3.0	0,824	true	[000000, 000001, 000007, 000005, 000009, 000008, 000006, 000002, 000003]
5183	0	000000	000003	86	6.0	3.0	0,783	true	[000000, 000001, 000007, 000005, 000009, 000008, 000006, 000004, 000002, 000003]
5184	0	000000	000003	87	18.0	3.0	0,894	true	[000000, 000001, 000007, 000006, 000002, 000003]
5185	0	000000	000003	88	18.0	3.0	0,824	true	[000000, 000001, 000007, 000006, 000002, 000004, 000009, 000003]
5186	0	000000	000003	89	18.0	3.0	0,858	true	[000000, 000001, 000007, 000006, 000002, 000004, 000009, 000005, 000003]
5187	0	000000	000003	90	6.0	3.0	0,816	true	[000000, 000001, 000007, 000006, 000002, 000004, 000009, 000008, 000005, 000003]
5188	0	000000	000003	91	18.0	3.0	0,903	true	[000000, 000001, 000007, 000006, 000002, 000005, 000003]
5189	0	000000	000003	92	6.0	3.0	0,824	true	[000000, 000001, 000007, 000006, 000002, 000005, 000008, 000009, 000003]
5190	0	000000	000003	93	18.0	3.0	0,867	true	[000000, 000001, 000007, 000006, 000002, 000005, 000009, 000003]
5191	0	000000	000003	94	18.0	3.0	0,876	true	[000000, 000001, 000007, 000006, 000002, 000008, 000005, 000003]
5192	0	000000	000003	95	18.0	3.0	0,841	true	[000000, 000001, 000007, 000006, 000002, 000008, 000005, 000009, 000003]
5193	0	000000	000003	96	6.0	3.0	0,815	true	[000000, 000001, 000007, 000006, 000002, 000008, 000009, 000003]
5194	0	000000	000003	97	6.0	3.0	0,849	true	[000000, 000001, 000007, 000006, 000002, 000008, 000009, 000005, 000003]
5195	0	000000	000003	98	18.0	3.0	0,894	true	[000000, 000001, 000007, 000006, 000002, 000009, 000003]
5196	0	000000	000003	99	18.0	3.0	0,931	true	[000000, 000001, 000007, 000006, 000002, 000009, 000005, 000003]
5197	0	000000	000003	100	6.0	3.0	0,885	true	[000000, 000001, 000007, 000006, 000002, 000009, 000008, 000005, 000003]
5198	1	001002	001008	0	6.0	4.0	0,894	true	[001002, 001000, 001001, 001003, 001008]
5199	1	001002	001008	1	5.0	4.0	0,824	true	[001002, 001000, 001001, 001003, 001009, 001005, 001004, 001006, 001008]
5200	1	001002	001008	2	5.0	4.0	0,791	true	[001002, 001000, 001001, 001003, 001009, 001005, 001004, 001007, 001006, 001008]
5201	1	001002	001008	3	5.0	4.0	0,833	true	[001002, 001000, 001001, 001003, 001009, 001005, 001004, 001008]
5202	1	001002	001008	4	5.0	4.0	0,850	true	[001002, 001000, 001001, 001003, 001009, 001005, 001006, 001004, 001008]
5203	1	001002	001008	5	5.0	4.0	0,816	true	[001002, 001000, 001001, 001003, 001009, 001005, 001006, 001007, 001004, 001008]
5204	1	001002	001008	6	5.0	4.0	0,877	true	[001002, 001000, 001001, 001003, 001009, 001005, 001006, 001008]
5205	1	001002	001008	7	5.0	3.0	0,816	true	[001002, 001000, 001001, 001003, 001009, 001005, 001007, 001004, 001006, 001008]
5206	1	001002	001008	8	5.0	3.0	0,825	true	[001002, 001000, 001001, 001003, 001009, 001005, 001007, 001004, 001008]
5207	1	001002	001008	9	5.0	3.0	0,808	true	[001002, 001000, 001001, 001003, 001009, 001005, 001007, 001006, 001004, 001008]
5208	1	001002	001008	10	5.0	3.0	0,833	true	[001002, 001000, 001001, 001003, 001009, 001005, 001007, 001006, 001008]
5209	1	001002	001008	11	5.0	4.0	0,894	true	[001002, 001000, 001001, 001003, 001009, 001005, 001008]
5210	1	001002	001008	12	6.0	4.0	0,922	true	[001002, 001000, 001001, 001003, 001009, 001008]
5211	1	001002	001008	13	13.0	4.0	0,850	true	[001002, 001000, 001001, 001006, 001004, 001005, 001008]
5212	1	001002	001008	14	5.0	4.0	0,816	true	[001002, 001000, 001001, 001006, 001004, 001005, 001009, 001003, 001008]
5213	1	001002	001008	15	5.0	4.0	0,841	true	[001002, 001000, 001001, 001006, 001004, 001005, 001009, 001008]
5214	1	001002	001008	16	6.0	3.0	0,842	true	[001002, 001000, 001001, 001006, 001004, 001007, 001005, 001008]
5215	1	001002	001008	17	5.0	3.0	0,808	true	[001002, 001000, 001001, 001006, 001004, 001007, 001005, 001009, 001003, 001008]
5216	1	001002	001008	18	5.0	3.0	0,833	true	[001002, 001000, 001001, 001006, 001004, 001007, 001005, 001009, 001008]
5217	1	001002	001008	19	13.0	4.0	0,876	true	[001002, 001000, 001001, 001006, 001004, 001008]
5218	1	001002	001008	20	13.0	4.0	0,841	true	[001002, 001000, 001001, 001006, 001005, 001004, 001008]
5219	1	001002	001008	21	6.0	3.0	0,833	true	[001002, 001000, 001001, 001006, 001005, 001007, 001004, 001008]
5220	1	001002	001008	22	13.0	4.0	0,904	true	[001002, 001000, 001001, 001006, 001005, 001008]
5221	1	001002	001008	23	5.0	4.0	0,868	true	[001002, 001000, 001001, 001006, 001005, 001009, 001003, 001008]
5222	1	001002	001008	24	5.0	4.0	0,894	true	[001002, 001000, 001001, 001006, 001005, 001009, 001008]
5223	1	001002	001008	25	13.0	4.0	0,816	true	[001002, 001000, 001001, 001006, 001007, 001004, 001005, 001008]
5224	1	001002	001008	26	5.0	4.0	0,783	true	[001002, 001000, 001001, 001006, 001007, 001004, 001005, 001009, 001003, 001008]
5225	1	001002	001008	27	5.0	4.0	0,808	true	[001002, 001000, 001001, 001006, 001007, 001004, 001005, 001009, 001008]
5226	1	001002	001008	28	13.0	4.0	0,841	true	[001002, 001000, 001001, 001006, 001007, 001004, 001008]
5227	1	001002	001008	29	6.0	3.0	0,799	true	[001002, 001000, 001001, 001006, 001007, 001005, 001004, 001008]
5228	1	001002	001008	30	6.0	3.0	0,859	true	[001002, 001000, 001001, 001006, 001007, 001005, 001008]
5229	1	001002	001008	31	5.0	3.0	0,825	true	[001002, 001000, 001001, 001006, 001007, 001005, 001009, 001003, 001008]
5230	1	001002	001008	32	5.0	3.0	0,850	true	[001002, 001000, 001001, 001006, 001007, 001005, 001009, 001008]
5231	1	001002	001008	33	13.0	4.0	0,903	true	[001002, 001000, 001001, 001006, 001008]
5232	1	001002	001008	34	13.0	4.0	0,867	true	[001002, 001000, 001001, 001009, 001003, 001008]
5233	1	001002	001008	35	5.0	4.0	0,799	true	[001002, 001000, 001001, 001009, 001005, 001004, 001006, 001008]
5234	1	001002	001008	36	5.0	4.0	0,767	true	[001002, 001000, 001001, 001009, 001005, 001004, 001007, 001006, 001008]
5235	1	001002	001008	37	5.0	4.0	0,807	true	[001002, 001000, 001001, 001009, 001005, 001004, 001008]
5236	1	001002	001008	38	5.0	4.0	0,824	true	[001002, 001000, 001001, 001009, 001005, 001006, 001004, 001008]
5237	1	001002	001008	39	5.0	4.0	0,792	true	[001002, 001000, 001001, 001009, 001005, 001006, 001007, 001004, 001008]
5238	1	001002	001008	40	5.0	4.0	0,850	true	[001002, 001000, 001001, 001009, 001005, 001006, 001008]
5239	1	001002	001008	41	5.0	3.0	0,792	true	[001002, 001000, 001001, 001009, 001005, 001007, 001004, 001006, 001008]
5240	1	001002	001008	42	5.0	3.0	0,800	true	[001002, 001000, 001001, 001009, 001005, 001007, 001004, 001008]
5241	1	001002	001008	43	5.0	3.0	0,784	true	[001002, 001000, 001001, 001009, 001005, 001007, 001006, 001004, 001008]
5242	1	001002	001008	44	5.0	3.0	0,808	true	[001002, 001000, 001001, 001009, 001005, 001007, 001006, 001008]
5243	1	001002	001008	45	5.0	4.0	0,867	true	[001002, 001000, 001001, 001009, 001005, 001008]
5244	1	001002	001008	46	13.0	4.0	0,894	true	[001002, 001000, 001001, 001009, 001008]
5245	1	001002	001008	47	6.0	4.0	0,841	true	[001002, 001000, 001004, 001005, 001006, 001001, 001003, 001008]
5246	1	001002	001008	48	6.0	4.0	0,867	true	[001002, 001000, 001004, 001005, 001006, 001001, 001003, 001009, 001008]
5247	1	001002	001008	49	13.0	4.0	0,816	true	[001002, 001000, 001004, 001005, 001006, 001001, 001009, 001003, 001008]
5248	1	001002	001008	50	13.0	4.0	0,841	true	[001002, 001000, 001004, 001005, 001006, 001001, 001009, 001008]
5249	1	001002	001008	51	13.0	4.0	0,867	true	[001002, 001000, 001004, 001005, 001006, 001008]
5250	1	001002	001008	52	6.0	3.0	0,799	true	[001002, 001000, 001004, 001005, 001007, 001006, 001001, 001003, 001008]
5251	1	001002	001008	53	6.0	3.0	0,824	true	[001002, 001000, 001004, 001005, 001007, 001006, 001001, 001003, 001009, 001008]
5252	1	001002	001008	54	6.0	3.0	0,775	true	[001002, 001000, 001004, 001005, 001007, 001006, 001001, 001009, 001003, 001008]
5253	1	001002	001008	55	6.0	3.0	0,799	true	[001002, 001000, 001004, 001005, 001007, 001006, 001001, 001009, 001008]
5254	1	001002	001008	56	6.0	3.0	0,824	true	[001002, 001000, 001004, 001005, 001007, 001006, 001008]
5255	1	001002	001008	57	13.0	4.0	0,885	true	[001002, 001000, 001004, 001005, 001008]
5256	1	001002	001008	58	5.0	4.0	0,807	true	[001002, 001000, 001004, 001005, 001009, 001001, 001003, 001008]
5257	1	001002	001008	59	5.0	4.0	0,816	true	[001002, 001000, 001004, 001005, 001009, 001001, 001006, 001008]
5258	1	001002	001008	60	5.0	4.0	0,841	true	[001002, 001000, 001004, 001005, 001009, 001003, 001001, 001006, 001008]
5259	1	001002	001008	61	5.0	4.0	0,850	true	[001002, 001000, 001004, 001005, 001009, 001003, 001008]
5260	1	001002	001008	62	5.0	4.0	0,876	true	[001002, 001000, 001004, 001005, 001009, 001008]
5261	1	001002	001008	63	6.0	4.0	0,877	true	[001002, 001000, 001004, 001006, 001001, 001003, 001008]
5262	1	001002	001008	64	5.0	4.0	0,877	true	[001002, 001000, 001004, 001006, 001001, 001003, 001009, 001005, 001008]
5263	1	001002	001008	65	6.0	4.0	0,904	true	[001002, 001000, 001004, 001006, 001001, 001003, 001009, 001008]
5264	1	001002	001008	66	13.0	4.0	0,850	true	[001002, 001000, 001004, 001006, 001001, 001009, 001003, 001008]
5265	1	001002	001008	67	5.0	4.0	0,850	true	[001002, 001000, 001004, 001006, 001001, 001009, 001005, 001008]
5266	1	001002	001008	68	13.0	4.0	0,876	true	[001002, 001000, 001004, 001006, 001001, 001009, 001008]
5267	1	001002	001008	69	13.0	4.0	0,904	true	[001002, 001000, 001004, 001006, 001005, 001008]
5268	1	001002	001008	70	5.0	4.0	0,825	true	[001002, 001000, 001004, 001006, 001005, 001009, 001001, 001003, 001008]
5269	1	001002	001008	71	5.0	4.0	0,868	true	[001002, 001000, 001004, 001006, 001005, 001009, 001003, 001008]
5270	1	001002	001008	72	5.0	4.0	0,895	true	[001002, 001000, 001004, 001006, 001005, 001009, 001008]
5271	1	001002	001008	73	6.0	3.0	0,859	true	[001002, 001000, 001004, 001006, 001007, 001005, 001008]
5272	1	001002	001008	74	5.0	3.0	0,784	true	[001002, 001000, 001004, 001006, 001007, 001005, 001009, 001001, 001003, 001008]
5273	1	001002	001008	75	5.0	3.0	0,825	true	[001002, 001000, 001004, 001006, 001007, 001005, 001009, 001003, 001008]
5274	1	001002	001008	76	5.0	3.0	0,850	true	[001002, 001000, 001004, 001006, 001007, 001005, 001009, 001008]
5275	1	001002	001008	77	13.0	4.0	0,904	true	[001002, 001000, 001004, 001006, 001008]
5276	1	001002	001008	78	6.0	3.0	0,833	true	[001002, 001000, 001004, 001007, 001005, 001006, 001001, 001003, 001008]
5277	1	001002	001008	79	6.0	3.0	0,859	true	[001002, 001000, 001004, 001007, 001005, 001006, 001001, 001003, 001009, 001008]
5278	1	001002	001008	80	6.0	3.0	0,808	true	[001002, 001000, 001004, 001007, 001005, 001006, 001001, 001009, 001003, 001008]
5279	1	001002	001008	81	6.0	3.0	0,833	true	[001002, 001000, 001004, 001007, 001005, 001006, 001001, 001009, 001008]
5280	1	001002	001008	82	6.0	3.0	0,859	true	[001002, 001000, 001004, 001007, 001005, 001006, 001008]
5281	1	001002	001008	83	6.0	3.0	0,876	true	[001002, 001000, 001004, 001007, 001005, 001008]
5282	1	001002	001008	84	5.0	3.0	0,800	true	[001002, 001000, 001004, 001007, 001005, 001009, 001001, 001003, 001008]
5283	1	001002	001008	85	5.0	3.0	0,808	true	[001002, 001000, 001004, 001007, 001005, 001009, 001001, 001006, 001008]
5284	1	001002	001008	86	5.0	3.0	0,833	true	[001002, 001000, 001004, 001007, 001005, 001009, 001003, 001001, 001006, 001008]
5285	1	001002	001008	87	5.0	3.0	0,841	true	[001002, 001000, 001004, 001007, 001005, 001009, 001003, 001008]
5286	1	001002	001008	88	5.0	3.0	0,867	true	[001002, 001000, 001004, 001007, 001005, 001009, 001008]
5287	1	001002	001008	89	6.0	4.0	0,842	true	[001002, 001000, 001004, 001007, 001006, 001001, 001003, 001008]
5288	1	001002	001008	90	5.0	4.0	0,842	true	[001002, 001000, 001004, 001007, 001006, 001001, 001003, 001009, 001005, 001008]
5289	1	001002	001008	91	6.0	4.0	0,868	true	[001002, 001000, 001004, 001007, 001006, 001001, 001003, 001009, 001008]
5290	1	001002	001008	92	13.0	4.0	0,816	true	[001002, 001000, 001004, 001007, 001006, 001001, 001009, 001003, 001008]
5291	1	001002	001008	93	5.0	4.0	0,816	true	[001002, 001000, 001004, 001007, 001006, 001001, 001009, 001005, 001008]
5292	1	001002	001008	94	13.0	4.0	0,841	true	[001002, 001000, 001004, 001007, 001006, 001001, 001009, 001008]
5293	1	001002	001008	95	13.0	4.0	0,868	true	[001002, 001000, 001004, 001007, 001006, 001005, 001008]
5294	1	001002	001008	96	5.0	4.0	0,792	true	[001002, 001000, 001004, 001007, 001006, 001005, 001009, 001001, 001003, 001008]
5295	1	001002	001008	97	5.0	4.0	0,833	true	[001002, 001000, 001004, 001007, 001006, 001005, 001009, 001003, 001008]
5296	1	001002	001008	98	5.0	4.0	0,859	true	[001002, 001000, 001004, 001007, 001006, 001005, 001009, 001008]
5297	1	001002	001008	99	13.0	4.0	0,867	true	[001002, 001000, 001004, 001007, 001006, 001008]
5298	1	001002	001008	100	13.0	4.0	0,913	true	[001002, 001000, 001004, 001008]
5299	2	002009	002007	0	24.0	6.0	0,931	true	[002009, 002000, 002007]
5300	2	002009	002007	1	5.0	3.0	0,791	true	[002009, 002000, 002008, 002001, 002003, 002002, 002006, 002005, 002004, 002007]
5301	2	002009	002007	2	6.0	3.0	0,807	true	[002009, 002000, 002008, 002001, 002003, 002002, 002006, 002005, 002007]
5302	2	002009	002007	3	5.0	3.0	0,816	true	[002009, 002000, 002008, 002001, 002003, 002006, 002005, 002004, 002007]
5303	2	002009	002007	4	6.0	3.0	0,832	true	[002009, 002000, 002008, 002001, 002003, 002006, 002005, 002007]
5304	2	002009	002007	5	5.0	3.0	0,876	true	[002009, 002000, 002008, 002001, 002005, 002004, 002007]
5305	2	002009	002007	6	6.0	3.0	0,894	true	[002009, 002000, 002008, 002001, 002005, 002007]
5306	2	002009	002007	7	5.0	3.0	0,824	true	[002009, 002000, 002008, 002001, 002006, 002005, 002004, 002007]
5307	2	002009	002007	8	6.0	3.0	0,841	true	[002009, 002000, 002008, 002001, 002006, 002005, 002007]
5308	2	002009	002007	9	5.0	3.0	0,824	true	[002009, 002000, 002008, 002002, 002003, 002001, 002005, 002004, 002007]
5309	2	002009	002007	10	6.0	3.0	0,841	true	[002009, 002000, 002008, 002002, 002003, 002001, 002005, 002007]
5310	2	002009	002007	11	5.0	3.0	0,775	true	[002009, 002000, 002008, 002002, 002003, 002001, 002006, 002005, 002004, 002007]
5311	2	002009	002007	12	6.0	3.0	0,791	true	[002009, 002000, 002008, 002002, 002003, 002001, 002006, 002005, 002007]
5312	2	002009	002007	13	5.0	3.0	0,816	true	[002009, 002000, 002008, 002002, 002003, 002006, 002001, 002005, 002004, 002007]
5313	2	002009	002007	14	6.0	3.0	0,833	true	[002009, 002000, 002008, 002002, 002003, 002006, 002001, 002005, 002007]
5314	2	002009	002007	15	5.0	3.0	0,850	true	[002009, 002000, 002008, 002002, 002003, 002006, 002005, 002004, 002007]
5315	2	002009	002007	16	6.0	3.0	0,867	true	[002009, 002000, 002008, 002002, 002003, 002006, 002005, 002007]
5316	2	002009	002007	17	5.0	3.0	0,791	true	[002009, 002000, 002008, 002002, 002006, 002001, 002005, 002004, 002007]
5317	2	002009	002007	18	6.0	3.0	0,807	true	[002009, 002000, 002008, 002002, 002006, 002001, 002005, 002007]
5318	2	002009	002007	19	5.0	3.0	0,783	true	[002009, 002000, 002008, 002002, 002006, 002003, 002001, 002005, 002004, 002007]
5319	2	002009	002007	20	6.0	3.0	0,799	true	[002009, 002000, 002008, 002002, 002006, 002003, 002001, 002005, 002007]
5320	2	002009	002007	21	5.0	3.0	0,824	true	[002009, 002000, 002008, 002002, 002006, 002005, 002004, 002007]
5321	2	002009	002007	22	6.0	3.0	0,841	true	[002009, 002000, 002008, 002002, 002006, 002005, 002007]
5322	2	002009	002007	23	6.0	3.0	0,885	true	[002009, 002000, 002008, 002004, 002005, 002007]
5323	2	002009	002007	24	5.0	3.0	0,885	true	[002009, 002000, 002008, 002004, 002007]
5324	2	002009	002007	25	5.0	3.0	0,894	true	[002009, 002000, 002008, 002005, 002004, 002007]
5325	2	002009	002007	26	6.0	3.0	0,913	true	[002009, 002000, 002008, 002005, 002007]
5326	2	002009	002007	27	5.0	3.0	0,791	true	[002009, 002000, 002008, 002006, 002001, 002005, 002004, 002007]
5327	2	002009	002007	28	6.0	3.0	0,807	true	[002009, 002000, 002008, 002006, 002001, 002005, 002007]
5328	2	002009	002007	29	5.0	3.0	0,759	true	[002009, 002000, 002008, 002006, 002002, 002003, 002001, 002005, 002004, 002007]
5329	2	002009	002007	30	6.0	3.0	0,775	true	[002009, 002000, 002008, 002006, 002002, 002003, 002001, 002005, 002007]
5330	2	002009	002007	31	5.0	3.0	0,783	true	[002009, 002000, 002008, 002006, 002003, 002001, 002005, 002004, 002007]
5331	2	002009	002007	32	6.0	3.0	0,799	true	[002009, 002000, 002008, 002006, 002003, 002001, 002005, 002007]
5332	2	002009	002007	33	5.0	3.0	0,824	true	[002009, 002000, 002008, 002006, 002005, 002004, 002007]
5333	2	002009	002007	34	6.0	3.0	0,841	true	[002009, 002000, 002008, 002006, 002005, 002007]
5334	2	002009	002007	35	5.0	3.0	0,824	true	[002009, 002001, 002003, 002002, 002006, 002005, 002004, 002007]
5335	2	002009	002007	36	22.0	3.0	0,752	true	[002009, 002001, 002003, 002002, 002006, 002005, 002004, 002008, 002000, 002007]
5336	2	002009	002007	37	6.0	3.0	0,841	true	[002009, 002001, 002003, 002002, 002006, 002005, 002007]
5337	2	002009	002007	38	22.0	3.0	0,775	true	[002009, 002001, 002003, 002002, 002006, 002005, 002008, 002000, 002007]
5338	2	002009	002007	39	5.0	3.0	0,799	true	[002009, 002001, 002003, 002002, 002006, 002005, 002008, 002004, 002007]
5339	2	002009	002007	40	12.0	3.0	0,775	true	[002009, 002001, 002003, 002002, 002006, 002008, 002000, 002007]
5340	2	002009	002007	41	6.0	3.0	0,799	true	[002009, 002001, 002003, 002002, 002006, 002008, 002004, 002005, 002007]
5341	2	002009	002007	42	5.0	3.0	0,799	true	[002009, 002001, 002003, 002002, 002006, 002008, 002004, 002007]
5342	2	002009	002007	43	5.0	3.0	0,807	true	[002009, 002001, 002003, 002002, 002006, 002008, 002005, 002004, 002007]
5343	2	002009	002007	44	6.0	3.0	0,824	true	[002009, 002001, 002003, 002002, 002006, 002008, 002005, 002007]
5344	2	002009	002007	45	22.0	3.0	0,841	true	[002009, 002001, 002003, 002002, 002008, 002000, 002007]
5345	2	002009	002007	46	6.0	3.0	0,867	true	[002009, 002001, 002003, 002002, 002008, 002004, 002005, 002007]
5346	2	002009	002007	47	5.0	3.0	0,867	true	[002009, 002001, 002003, 002002, 002008, 002004, 002007]
5347	2	002009	002007	48	5.0	3.0	0,876	true	[002009, 002001, 002003, 002002, 002008, 002005, 002004, 002007]
5348	2	002009	002007	49	6.0	3.0	0,894	true	[002009, 002001, 002003, 002002, 002008, 002005, 002007]
5349	2	002009	002007	50	5.0	3.0	0,807	true	[002009, 002001, 002003, 002002, 002008, 002006, 002005, 002004, 002007]
5350	2	002009	002007	51	6.0	3.0	0,824	true	[002009, 002001, 002003, 002002, 002008, 002006, 002005, 002007]
5351	2	002009	002007	52	22.0	3.0	0,799	true	[002009, 002001, 002003, 002006, 002002, 002008, 002000, 002007]
5352	2	002009	002007	53	6.0	3.0	0,824	true	[002009, 002001, 002003, 002006, 002002, 002008, 002004, 002005, 002007]
5353	2	002009	002007	54	5.0	3.0	0,824	true	[002009, 002001, 002003, 002006, 002002, 002008, 002004, 002007]
5354	2	002009	002007	55	5.0	3.0	0,833	true	[002009, 002001, 002003, 002006, 002002, 002008, 002005, 002004, 002007]
5355	2	002009	002007	56	6.0	3.0	0,850	true	[002009, 002001, 002003, 002006, 002002, 002008, 002005, 002007]
5356	2	002009	002007	57	5.0	3.0	0,850	true	[002009, 002001, 002003, 002006, 002005, 002004, 002007]
5357	2	002009	002007	58	22.0	3.0	0,775	true	[002009, 002001, 002003, 002006, 002005, 002004, 002008, 002000, 002007]
5358	2	002009	002007	59	6.0	3.0	0,867	true	[002009, 002001, 002003, 002006, 002005, 002007]
5359	2	002009	002007	60	22.0	3.0	0,799	true	[002009, 002001, 002003, 002006, 002005, 002008, 002000, 002007]
5360	2	002009	002007	61	5.0	3.0	0,824	true	[002009, 002001, 002003, 002006, 002005, 002008, 002004, 002007]
5361	2	002009	002007	62	12.0	3.0	0,799	true	[002009, 002001, 002003, 002006, 002008, 002000, 002007]
5362	2	002009	002007	63	6.0	3.0	0,824	true	[002009, 002001, 002003, 002006, 002008, 002004, 002005, 002007]
5363	2	002009	002007	64	5.0	3.0	0,824	true	[002009, 002001, 002003, 002006, 002008, 002004, 002007]
5364	2	002009	002007	65	5.0	3.0	0,832	true	[002009, 002001, 002003, 002006, 002008, 002005, 002004, 002007]
5365	2	002009	002007	66	6.0	3.0	0,849	true	[002009, 002001, 002003, 002006, 002008, 002005, 002007]
5366	2	002009	002007	67	5.0	5.0	0,913	true	[002009, 002001, 002005, 002004, 002007]
5367	2	002009	002007	68	25.0	3.0	0,833	true	[002009, 002001, 002005, 002004, 002008, 002000, 002007]
5368	2	002009	002007	69	25.0	3.0	0,791	true	[002009, 002001, 002005, 002006, 002002, 002008, 002000, 002007]
5369	2	002009	002007	70	5.0	4.0	0,816	true	[002009, 002001, 002005, 002006, 002002, 002008, 002004, 002007]
5370	2	002009	002007	71	25.0	3.0	0,816	true	[002009, 002001, 002005, 002006, 002003, 002002, 002008, 002000, 002007]
5371	2	002009	002007	72	5.0	4.0	0,842	true	[002009, 002001, 002005, 002006, 002003, 002002, 002008, 002004, 002007]
5372	2	002009	002007	73	12.0	3.0	0,791	true	[002009, 002001, 002005, 002006, 002008, 002000, 002007]
5373	2	002009	002007	74	5.0	5.0	0,816	true	[002009, 002001, 002005, 002006, 002008, 002004, 002007]
5374	2	002009	002007	75	6.0	5.0	0,931	true	[002009, 002001, 002005, 002007]
5375	2	002009	002007	76	25.0	3.0	0,858	true	[002009, 002001, 002005, 002008, 002000, 002007]
5376	2	002009	002007	77	5.0	5.0	0,885	true	[002009, 002001, 002005, 002008, 002004, 002007]
5377	2	002009	002007	78	25.0	3.0	0,807	true	[002009, 002001, 002006, 002002, 002008, 002000, 002007]
5378	2	002009	002007	79	6.0	4.0	0,833	true	[002009, 002001, 002006, 002002, 002008, 002004, 002005, 002007]
5379	2	002009	002007	80	5.0	4.0	0,833	true	[002009, 002001, 002006, 002002, 002008, 002004, 002007]
5380	2	002009	002007	81	5.0	4.0	0,841	true	[002009, 002001, 002006, 002002, 002008, 002005, 002004, 002007]
5381	2	002009	002007	82	6.0	4.0	0,858	true	[002009, 002001, 002006, 002002, 002008, 002005, 002007]
5382	2	002009	002007	83	33.0	3.0	0,832	true	[002009, 002001, 002006, 002003, 002002, 002008, 002000, 002007]
5383	2	002009	002007	84	6.0	4.0	0,859	true	[002009, 002001, 002006, 002003, 002002, 002008, 002004, 002005, 002007]
5384	2	002009	002007	85	5.0	4.0	0,859	true	[002009, 002001, 002006, 002003, 002002, 002008, 002004, 002007]
5385	2	002009	002007	86	5.0	4.0	0,867	true	[002009, 002001, 002006, 002003, 002002, 002008, 002005, 002004, 002007]
5386	2	002009	002007	87	6.0	4.0	0,885	true	[002009, 002001, 002006, 002003, 002002, 002008, 002005, 002007]
5387	2	002009	002007	88	5.0	4.0	0,858	true	[002009, 002001, 002006, 002005, 002004, 002007]
5388	2	002009	002007	89	28.0	3.0	0,783	true	[002009, 002001, 002006, 002005, 002004, 002008, 002000, 002007]
5389	2	002009	002007	90	6.0	4.0	0,876	true	[002009, 002001, 002006, 002005, 002007]
5390	2	002009	002007	91	36.0	3.0	0,807	true	[002009, 002001, 002006, 002005, 002008, 002000, 002007]
5391	2	002009	002007	92	5.0	4.0	0,833	true	[002009, 002001, 002006, 002005, 002008, 002004, 002007]
5392	2	002009	002007	93	12.0	3.0	0,807	true	[002009, 002001, 002006, 002008, 002000, 002007]
5393	2	002009	002007	94	6.0	4.0	0,832	true	[002009, 002001, 002006, 002008, 002004, 002005, 002007]
5394	2	002009	002007	95	5.0	4.0	0,832	true	[002009, 002001, 002006, 002008, 002004, 002007]
5395	2	002009	002007	96	5.0	4.0	0,841	true	[002009, 002001, 002006, 002008, 002005, 002004, 002007]
5396	2	002009	002007	97	6.0	4.0	0,858	true	[002009, 002001, 002006, 002008, 002005, 002007]
5397	2	002009	002007	98	41.0	3.0	0,894	true	[002009, 002001, 002008, 002000, 002007]
5398	2	002009	002007	99	5.0	4.0	0,885	true	[002009, 002001, 002008, 002002, 002003, 002006, 002005, 002004, 002007]
5399	2	002009	002007	100	6.0	4.0	0,904	true	[002009, 002001, 002008, 002002, 002003, 002006, 002005, 002007]
5400	2	002009	002007	101	31.0	3.0	0,990	true	[002009, 002007]
5401	3	003002	003003	0	25.0	4.0	0,903	true	[003002, 003000, 003003]
5402	3	003002	003003	1	18.0	4.0	0,885	true	[003002, 003000, 003005, 003001, 003003]
5403	3	003002	003003	2	19.0	4.0	0,816	true	[003002, 003000, 003005, 003001, 003006, 003004, 003003]
5404	3	003002	003003	3	13.0	4.0	0,824	true	[003002, 003000, 003005, 003001, 003006, 003004, 003007, 003003]
5405	3	003002	003003	4	17.0	4.0	0,841	true	[003002, 003000, 003005, 003001, 003006, 003004, 003007, 003009, 003003]
5406	3	003002	003003	5	19.0	4.0	0,833	true	[003002, 003000, 003005, 003001, 003006, 003004, 003009, 003003]
5407	3	003002	003003	6	13.0	4.0	0,816	true	[003002, 003000, 003005, 003001, 003006, 003004, 003009, 003007, 003003]
5408	3	003002	003003	7	13.0	3.0	0,841	true	[003002, 003000, 003005, 003001, 003006, 003007, 003003]
5409	3	003002	003003	8	19.0	3.0	0,832	true	[003002, 003000, 003005, 003001, 003006, 003007, 003004, 003003]
5410	3	003002	003003	9	19.0	3.0	0,850	true	[003002, 003000, 003005, 003001, 003006, 003007, 003004, 003009, 003003]
5411	3	003002	003003	10	17.0	3.0	0,858	true	[003002, 003000, 003005, 003001, 003006, 003007, 003009, 003003]
5412	3	003002	003003	11	17.0	3.0	0,824	true	[003002, 003000, 003005, 003001, 003006, 003007, 003009, 003004, 003003]
5413	3	003002	003003	12	19.0	4.0	0,850	true	[003002, 003000, 003005, 003001, 003006, 003009, 003003]
5414	3	003002	003003	13	19.0	4.0	0,816	true	[003002, 003000, 003005, 003001, 003006, 003009, 003004, 003003]
5415	3	003002	003003	14	13.0	4.0	0,824	true	[003002, 003000, 003005, 003001, 003006, 003009, 003004, 003007, 003003]
5416	3	003002	003003	15	13.0	4.0	0,833	true	[003002, 003000, 003005, 003001, 003006, 003009, 003007, 003003]
5417	3	003002	003003	16	17.0	4.0	0,824	true	[003002, 003000, 003005, 003001, 003006, 003009, 003007, 003004, 003003]
5418	3	003002	003003	17	13.0	4.0	0,858	true	[003002, 003000, 003005, 003001, 003007, 003003]
5419	3	003002	003003	18	22.0	4.0	0,849	true	[003002, 003000, 003005, 003001, 003007, 003004, 003003]
5420	3	003002	003003	19	22.0	4.0	0,833	true	[003002, 003000, 003005, 003001, 003007, 003004, 003006, 003009, 003003]
5421	3	003002	003003	20	22.0	4.0	0,867	true	[003002, 003000, 003005, 003001, 003007, 003004, 003009, 003003]
5422	3	003002	003003	21	25.0	3.0	0,816	true	[003002, 003000, 003005, 003001, 003007, 003006, 003004, 003003]
5423	3	003002	003003	22	25.0	3.0	0,833	true	[003002, 003000, 003005, 003001, 003007, 003006, 003004, 003009, 003003]
5424	3	003002	003003	23	25.0	3.0	0,850	true	[003002, 003000, 003005, 003001, 003007, 003006, 003009, 003003]
5425	3	003002	003003	24	25.0	3.0	0,816	true	[003002, 003000, 003005, 003001, 003007, 003006, 003009, 003004, 003003]
5426	3	003002	003003	25	17.0	4.0	0,876	true	[003002, 003000, 003005, 003001, 003007, 003009, 003003]
5427	3	003002	003003	26	17.0	4.0	0,841	true	[003002, 003000, 003005, 003001, 003007, 003009, 003004, 003003]
5428	3	003002	003003	27	17.0	4.0	0,807	true	[003002, 003000, 003005, 003001, 003007, 003009, 003006, 003004, 003003]
5429	3	003002	003003	28	13.0	4.0	0,815	true	[003002, 003000, 003005, 003001, 003008, 003007, 003003]
5430	3	003002	003003	29	22.0	4.0	0,807	true	[003002, 003000, 003005, 003001, 003008, 003007, 003004, 003003]
5431	3	003002	003003	30	22.0	4.0	0,791	true	[003002, 003000, 003005, 003001, 003008, 003007, 003004, 003006, 003009, 003003]
5432	3	003002	003003	31	22.0	4.0	0,824	true	[003002, 003000, 003005, 003001, 003008, 003007, 003004, 003009, 003003]
5433	3	003002	003003	32	25.0	3.0	0,775	true	[003002, 003000, 003005, 003001, 003008, 003007, 003006, 003004, 003003]
5434	3	003002	003003	33	25.0	3.0	0,791	true	[003002, 003000, 003005, 003001, 003008, 003007, 003006, 003004, 003009, 003003]
5435	3	003002	003003	34	25.0	3.0	0,807	true	[003002, 003000, 003005, 003001, 003008, 003007, 003006, 003009, 003003]
5436	3	003002	003003	35	25.0	3.0	0,775	true	[003002, 003000, 003005, 003001, 003008, 003007, 003006, 003009, 003004, 003003]
5437	3	003002	003003	36	17.0	4.0	0,832	true	[003002, 003000, 003005, 003001, 003008, 003007, 003009, 003003]
5438	3	003002	003003	37	17.0	4.0	0,799	true	[003002, 003000, 003005, 003001, 003008, 003007, 003009, 003004, 003003]
5439	3	003002	003003	38	17.0	4.0	0,767	true	[003002, 003000, 003005, 003001, 003008, 003007, 003009, 003006, 003004, 003003]
5440	3	003002	003003	39	25.0	4.0	0,885	true	[003002, 003000, 003005, 003003]
5441	3	003002	003003	40	18.0	4.0	0,876	true	[003002, 003000, 003005, 003006, 003001, 003003]
5442	3	003002	003003	41	13.0	4.0	0,850	true	[003002, 003000, 003005, 003006, 003001, 003007, 003003]
5443	3	003002	003003	42	19.0	4.0	0,841	true	[003002, 003000, 003005, 003006, 003001, 003007, 003004, 003003]
5444	3	003002	003003	43	19.0	4.0	0,859	true	[003002, 003000, 003005, 003006, 003001, 003007, 003004, 003009, 003003]
5445	3	003002	003003	44	17.0	4.0	0,867	true	[003002, 003000, 003005, 003006, 003001, 003007, 003009, 003003]
5446	3	003002	003003	45	17.0	4.0	0,833	true	[003002, 003000, 003005, 003006, 003001, 003007, 003009, 003004, 003003]
5447	3	003002	003003	46	13.0	4.0	0,807	true	[003002, 003000, 003005, 003006, 003001, 003008, 003007, 003003]
5448	3	003002	003003	47	19.0	4.0	0,799	true	[003002, 003000, 003005, 003006, 003001, 003008, 003007, 003004, 003003]
5449	3	003002	003003	48	19.0	4.0	0,816	true	[003002, 003000, 003005, 003006, 003001, 003008, 003007, 003004, 003009, 003003]
5450	3	003002	003003	49	17.0	4.0	0,824	true	[003002, 003000, 003005, 003006, 003001, 003008, 003007, 003009, 003003]
5451	3	003002	003003	50	17.0	4.0	0,791	true	[003002, 003000, 003005, 003006, 003001, 003008, 003007, 003009, 003004, 003003]
5452	3	003002	003003	51	25.0	4.0	0,841	true	[003002, 003000, 003005, 003006, 003004, 003003]
5453	3	003002	003003	52	18.0	4.0	0,858	true	[003002, 003000, 003005, 003006, 003004, 003007, 003001, 003003]
5454	3	003002	003003	53	13.0	4.0	0,850	true	[003002, 003000, 003005, 003006, 003004, 003007, 003003]
5455	3	003002	003003	54	18.0	4.0	0,815	true	[003002, 003000, 003005, 003006, 003004, 003007, 003008, 003001, 003003]
5456	3	003002	003003	55	17.0	4.0	0,867	true	[003002, 003000, 003005, 003006, 003004, 003007, 003009, 003003]
5457	3	003002	003003	56	25.0	4.0	0,858	true	[003002, 003000, 003005, 003006, 003004, 003009, 003003]
5458	3	003002	003003	57	17.0	4.0	0,850	true	[003002, 003000, 003005, 003006, 003004, 003009, 003007, 003001, 003003]
5459	3	003002	003003	58	13.0	4.0	0,841	true	[003002, 003000, 003005, 003006, 003004, 003009, 003007, 003003]
5460	3	003002	003003	59	17.0	4.0	0,807	true	[003002, 003000, 003005, 003006, 003004, 003009, 003007, 003008, 003001, 003003]
5461	3	003002	003003	60	18.0	3.0	0,876	true	[003002, 003000, 003005, 003006, 003007, 003001, 003003]
5462	3	003002	003003	61	13.0	3.0	0,867	true	[003002, 003000, 003005, 003006, 003007, 003003]
5463	3	003002	003003	62	22.0	3.0	0,858	true	[003002, 003000, 003005, 003006, 003007, 003004, 003003]
5464	3	003002	003003	63	22.0	3.0	0,876	true	[003002, 003000, 003005, 003006, 003007, 003004, 003009, 003003]
5465	3	003002	003003	64	18.0	3.0	0,832	true	[003002, 003000, 003005, 003006, 003007, 003008, 003001, 003003]
5466	3	003002	003003	65	17.0	3.0	0,885	true	[003002, 003000, 003005, 003006, 003007, 003009, 003003]
5467	3	003002	003003	66	17.0	3.0	0,850	true	[003002, 003000, 003005, 003006, 003007, 003009, 003004, 003003]
5468	3	003002	003003	67	25.0	4.0	0,876	true	[003002, 003000, 003005, 003006, 003009, 003003]
5469	3	003002	003003	68	25.0	4.0	0,841	true	[003002, 003000, 003005, 003006, 003009, 003004, 003003]
5470	3	003002	003003	69	18.0	4.0	0,859	true	[003002, 003000, 003005, 003006, 003009, 003004, 003007, 003001, 003003]
5471	3	003002	003003	70	13.0	4.0	0,850	true	[003002, 003000, 003005, 003006, 003009, 003004, 003007, 003003]
5472	3	003002	003003	71	18.0	4.0	0,816	true	[003002, 003000, 003005, 003006, 003009, 003004, 003007, 003008, 003001, 003003]
5473	3	003002	003003	72	17.0	4.0	0,867	true	[003002, 003000, 003005, 003006, 003009, 003007, 003001, 003003]
5474	3	003002	003003	73	13.0	4.0	0,858	true	[003002, 003000, 003005, 003006, 003009, 003007, 003003]
5475	3	003002	003003	74	17.0	4.0	0,849	true	[003002, 003000, 003005, 003006, 003009, 003007, 003004, 003003]
5476	3	003002	003003	75	17.0	4.0	0,824	true	[003002, 003000, 003005, 003006, 003009, 003007, 003008, 003001, 003003]
5477	3	003002	003003	76	17.0	4.0	0,858	true	[003002, 003000, 003005, 003007, 003001, 003003]
5478	3	003002	003003	77	17.0	4.0	0,791	true	[003002, 003000, 003005, 003007, 003001, 003006, 003004, 003003]
5479	3	003002	003003	78	17.0	4.0	0,808	true	[003002, 003000, 003005, 003007, 003001, 003006, 003004, 003009, 003003]
5480	3	003002	003003	79	17.0	4.0	0,824	true	[003002, 003000, 003005, 003007, 003001, 003006, 003009, 003003]
5481	3	003002	003003	80	17.0	4.0	0,791	true	[003002, 003000, 003005, 003007, 003001, 003006, 003009, 003004, 003003]
5482	3	003002	003003	81	13.0	4.0	0,849	true	[003002, 003000, 003005, 003007, 003003]
5483	3	003002	003003	82	17.0	4.0	0,840	true	[003002, 003000, 003005, 003007, 003004, 003003]
5484	3	003002	003003	83	17.0	4.0	0,824	true	[003002, 003000, 003005, 003007, 003004, 003006, 003001, 003003]
5485	3	003002	003003	84	17.0	4.0	0,824	true	[003002, 003000, 003005, 003007, 003004, 003006, 003009, 003003]
5486	3	003002	003003	85	17.0	4.0	0,858	true	[003002, 003000, 003005, 003007, 003004, 003009, 003003]
5487	3	003002	003003	86	17.0	4.0	0,824	true	[003002, 003000, 003005, 003007, 003004, 003009, 003006, 003001, 003003]
5488	3	003002	003003	87	17.0	3.0	0,841	true	[003002, 003000, 003005, 003007, 003006, 003001, 003003]
5489	3	003002	003003	88	17.0	3.0	0,807	true	[003002, 003000, 003005, 003007, 003006, 003004, 003003]
5490	3	003002	003003	89	17.0	3.0	0,824	true	[003002, 003000, 003005, 003007, 003006, 003004, 003009, 003003]
5491	3	003002	003003	90	17.0	3.0	0,841	true	[003002, 003000, 003005, 003007, 003006, 003009, 003003]
5492	3	003002	003003	91	17.0	3.0	0,807	true	[003002, 003000, 003005, 003007, 003006, 003009, 003004, 003003]
5493	3	003002	003003	92	17.0	4.0	0,815	true	[003002, 003000, 003005, 003007, 003008, 003001, 003003]
5494	3	003002	003003	93	17.0	4.0	0,751	true	[003002, 003000, 003005, 003007, 003008, 003001, 003006, 003004, 003003]
5495	3	003002	003003	94	17.0	4.0	0,767	true	[003002, 003000, 003005, 003007, 003008, 003001, 003006, 003004, 003009, 003003]
5496	3	003002	003003	95	17.0	4.0	0,783	true	[003002, 003000, 003005, 003007, 003008, 003001, 003006, 003009, 003003]
5497	3	003002	003003	96	17.0	4.0	0,752	true	[003002, 003000, 003005, 003007, 003008, 003001, 003006, 003009, 003004, 003003]
5498	3	003002	003003	97	17.0	4.0	0,867	true	[003002, 003000, 003005, 003007, 003009, 003003]
5499	3	003002	003003	98	17.0	4.0	0,832	true	[003002, 003000, 003005, 003007, 003009, 003004, 003003]
5500	3	003002	003003	99	17.0	4.0	0,816	true	[003002, 003000, 003005, 003007, 003009, 003004, 003006, 003001, 003003]
5501	3	003002	003003	100	17.0	4.0	0,832	true	[003002, 003000, 003005, 003007, 003009, 003006, 003001, 003003]
5502	3	003002	003003	101	23.0	10.0	0,970	true	[003002, 003003]
5503	4	004004	004009	0	14.0	3.0	0,833	true	[004004, 004000, 004002, 004001, 004003, 004005, 004006, 004007, 004009]
5504	4	004004	004009	1	14.0	3.0	0,833	true	[004004, 004000, 004002, 004001, 004003, 004005, 004006, 004008, 004007, 004009]
5505	4	004004	004009	2	14.0	3.0	0,850	true	[004004, 004000, 004002, 004001, 004003, 004005, 004007, 004009]
5506	4	004004	004009	3	6.0	3.0	0,841	true	[004004, 004000, 004002, 004001, 004003, 004005, 004009]
5507	4	004004	004009	4	14.0	3.0	0,841	true	[004004, 004000, 004002, 004001, 004003, 004006, 004005, 004007, 004009]
5508	4	004004	004009	5	6.0	3.0	0,833	true	[004004, 004000, 004002, 004001, 004003, 004006, 004005, 004009]
5509	4	004004	004009	6	6.0	3.0	0,816	true	[004004, 004000, 004002, 004001, 004003, 004006, 004007, 004005, 004009]
5510	4	004004	004009	7	14.0	3.0	0,841	true	[004004, 004000, 004002, 004001, 004003, 004006, 004007, 004009]
5511	4	004004	004009	8	6.0	3.0	0,816	true	[004004, 004000, 004002, 004001, 004003, 004006, 004008, 004007, 004005, 004009]
5512	4	004004	004009	9	14.0	3.0	0,841	true	[004004, 004000, 004002, 004001, 004003, 004006, 004008, 004007, 004009]
5513	4	004004	004009	10	6.0	3.0	0,850	true	[004004, 004000, 004002, 004001, 004003, 004007, 004005, 004009]
5514	4	004004	004009	11	6.0	3.0	0,833	true	[004004, 004000, 004002, 004001, 004003, 004007, 004006, 004005, 004009]
5515	4	004004	004009	12	6.0	3.0	0,833	true	[004004, 004000, 004002, 004001, 004003, 004007, 004008, 004006, 004005, 004009]
5516	4	004004	004009	13	14.0	3.0	0,876	true	[004004, 004000, 004002, 004001, 004003, 004007, 004009]
5517	4	004004	004009	14	5.0	3.0	0,825	true	[004004, 004000, 004002, 004001, 004003, 004008, 004006, 004005, 004007, 004009]
5518	4	004004	004009	15	5.0	3.0	0,816	true	[004004, 004000, 004002, 004001, 004003, 004008, 004006, 004005, 004009]
5519	4	004004	004009	16	5.0	3.0	0,800	true	[004004, 004000, 004002, 004001, 004003, 004008, 004006, 004007, 004005, 004009]
5520	4	004004	004009	17	5.0	3.0	0,825	true	[004004, 004000, 004002, 004001, 004003, 004008, 004006, 004007, 004009]
5521	4	004004	004009	18	5.0	3.0	0,833	true	[004004, 004000, 004002, 004001, 004003, 004008, 004007, 004005, 004009]
5522	4	004004	004009	19	5.0	3.0	0,816	true	[004004, 004000, 004002, 004001, 004003, 004008, 004007, 004006, 004005, 004009]
5523	4	004004	004009	20	5.0	3.0	0,859	true	[004004, 004000, 004002, 004001, 004003, 004008, 004007, 004009]
5524	4	004004	004009	21	11.0	3.0	0,885	true	[004004, 004000, 004002, 004001, 004003, 004009]
5525	4	004004	004009	22	5.0	3.0	0,816	true	[004004, 004000, 004002, 004001, 004005, 004003, 004006, 004007, 004009]
5526	4	004004	004009	23	5.0	3.0	0,816	true	[004004, 004000, 004002, 004001, 004005, 004003, 004006, 004008, 004007, 004009]
5527	4	004004	004009	24	5.0	3.0	0,850	true	[004004, 004000, 004002, 004001, 004005, 004003, 004007, 004009]
5528	4	004004	004009	25	5.0	3.0	0,800	true	[004004, 004000, 004002, 004001, 004005, 004003, 004008, 004006, 004007, 004009]
5529	4	004004	004009	26	5.0	3.0	0,833	true	[004004, 004000, 004002, 004001, 004005, 004003, 004008, 004007, 004009]
5530	4	004004	004009	27	5.0	3.0	0,859	true	[004004, 004000, 004002, 004001, 004005, 004003, 004009]
5531	4	004004	004009	28	5.0	3.0	0,841	true	[004004, 004000, 004002, 004001, 004005, 004006, 004003, 004007, 004009]
5532	4	004004	004009	29	5.0	3.0	0,824	true	[004004, 004000, 004002, 004001, 004005, 004006, 004003, 004008, 004007, 004009]
5533	4	004004	004009	30	5.0	3.0	0,850	true	[004004, 004000, 004002, 004001, 004005, 004006, 004003, 004009]
5534	4	004004	004009	31	5.0	3.0	0,850	true	[004004, 004000, 004002, 004001, 004005, 004006, 004007, 004003, 004009]
5535	4	004004	004009	32	5.0	3.0	0,833	true	[004004, 004000, 004002, 004001, 004005, 004006, 004007, 004008, 004003, 004009]
5536	4	004004	004009	33	5.0	3.0	0,859	true	[004004, 004000, 004002, 004001, 004005, 004006, 004007, 004009]
5537	4	004004	004009	34	5.0	3.0	0,825	true	[004004, 004000, 004002, 004001, 004005, 004006, 004008, 004003, 004007, 004009]
5538	4	004004	004009	35	5.0	3.0	0,833	true	[004004, 004000, 004002, 004001, 004005, 004006, 004008, 004003, 004009]
5539	4	004004	004009	36	5.0	3.0	0,850	true	[004004, 004000, 004002, 004001, 004005, 004006, 004008, 004007, 004003, 004009]
5540	4	004004	004009	37	5.0	3.0	0,859	true	[004004, 004000, 004002, 004001, 004005, 004006, 004008, 004007, 004009]
5541	4	004004	004009	38	5.0	3.0	0,867	true	[004004, 004000, 004002, 004001, 004005, 004007, 004003, 004009]
5542	4	004004	004009	39	5.0	3.0	0,833	true	[004004, 004000, 004002, 004001, 004005, 004007, 004006, 004003, 004009]
5543	4	004004	004009	40	5.0	3.0	0,816	true	[004004, 004000, 004002, 004001, 004005, 004007, 004006, 004008, 004003, 004009]
5544	4	004004	004009	41	5.0	3.0	0,850	true	[004004, 004000, 004002, 004001, 004005, 004007, 004008, 004003, 004009]
5545	4	004004	004009	42	5.0	3.0	0,833	true	[004004, 004000, 004002, 004001, 004005, 004007, 004008, 004006, 004003, 004009]
5546	4	004004	004009	43	5.0	3.0	0,876	true	[004004, 004000, 004002, 004001, 004005, 004007, 004009]
5547	4	004004	004009	44	5.0	3.0	0,867	true	[004004, 004000, 004002, 004001, 004005, 004009]
5548	4	004004	004009	45	14.0	3.0	0,816	true	[004004, 004000, 004002, 004001, 004006, 004003, 004005, 004007, 004009]
5549	4	004004	004009	46	6.0	3.0	0,808	true	[004004, 004000, 004002, 004001, 004006, 004003, 004005, 004009]
5550	4	004004	004009	47	6.0	3.0	0,816	true	[004004, 004000, 004002, 004001, 004006, 004003, 004007, 004005, 004009]
5551	4	004004	004009	48	14.0	3.0	0,841	true	[004004, 004000, 004002, 004001, 004006, 004003, 004007, 004009]
5552	4	004004	004009	49	5.0	3.0	0,799	true	[004004, 004000, 004002, 004001, 004006, 004003, 004008, 004007, 004005, 004009]
5553	4	004004	004009	50	5.0	3.0	0,824	true	[004004, 004000, 004002, 004001, 004006, 004003, 004008, 004007, 004009]
5554	4	004004	004009	51	11.0	3.0	0,850	true	[004004, 004000, 004002, 004001, 004006, 004003, 004009]
5555	4	004004	004009	52	14.0	3.0	0,833	true	[004004, 004000, 004002, 004001, 004006, 004005, 004003, 004007, 004009]
5556	4	004004	004009	53	5.0	3.0	0,816	true	[004004, 004000, 004002, 004001, 004006, 004005, 004003, 004008, 004007, 004009]
5557	4	004004	004009	54	11.0	3.0	0,841	true	[004004, 004000, 004002, 004001, 004006, 004005, 004003, 004009]
5558	4	004004	004009	55	11.0	3.0	0,850	true	[004004, 004000, 004002, 004001, 004006, 004005, 004007, 004003, 004009]
5559	4	004004	004009	56	5.0	3.0	0,833	true	[004004, 004000, 004002, 004001, 004006, 004005, 004007, 004008, 004003, 004009]
5560	4	004004	004009	57	14.0	3.0	0,859	true	[004004, 004000, 004002, 004001, 004006, 004005, 004007, 004009]
5561	4	004004	004009	58	6.0	3.0	0,850	true	[004004, 004000, 004002, 004001, 004006, 004005, 004009]
5562	4	004004	004009	59	6.0	3.0	0,808	true	[004004, 004000, 004002, 004001, 004006, 004007, 004003, 004005, 004009]
5563	4	004004	004009	60	11.0	3.0	0,850	true	[004004, 004000, 004002, 004001, 004006, 004007, 004003, 004009]
5564	4	004004	004009	61	11.0	3.0	0,825	true	[004004, 004000, 004002, 004001, 004006, 004007, 004005, 004003, 004009]
5565	4	004004	004009	62	6.0	3.0	0,833	true	[004004, 004000, 004002, 004001, 004006, 004007, 004005, 004009]
5566	4	004004	004009	63	5.0	3.0	0,791	true	[004004, 004000, 004002, 004001, 004006, 004007, 004008, 004003, 004005, 004009]
5567	4	004004	004009	64	5.0	3.0	0,833	true	[004004, 004000, 004002, 004001, 004006, 004007, 004008, 004003, 004009]
5568	4	004004	004009	65	14.0	3.0	0,859	true	[004004, 004000, 004002, 004001, 004006, 004007, 004009]
5569	4	004004	004009	66	5.0	3.0	0,800	true	[004004, 004000, 004002, 004001, 004006, 004008, 004003, 004005, 004007, 004009]
5570	4	004004	004009	67	5.0	3.0	0,791	true	[004004, 004000, 004002, 004001, 004006, 004008, 004003, 004005, 004009]
5571	4	004004	004009	68	5.0	3.0	0,800	true	[004004, 004000, 004002, 004001, 004006, 004008, 004003, 004007, 004005, 004009]
5572	4	004004	004009	69	5.0	3.0	0,825	true	[004004, 004000, 004002, 004001, 004006, 004008, 004003, 004007, 004009]
5573	4	004004	004009	70	5.0	3.0	0,833	true	[004004, 004000, 004002, 004001, 004006, 004008, 004003, 004009]
5574	4	004004	004009	71	6.0	3.0	0,808	true	[004004, 004000, 004002, 004001, 004006, 004008, 004007, 004003, 004005, 004009]
5575	4	004004	004009	72	11.0	3.0	0,850	true	[004004, 004000, 004002, 004001, 004006, 004008, 004007, 004003, 004009]
5576	4	004004	004009	73	11.0	3.0	0,825	true	[004004, 004000, 004002, 004001, 004006, 004008, 004007, 004005, 004003, 004009]
5577	4	004004	004009	74	6.0	3.0	0,833	true	[004004, 004000, 004002, 004001, 004006, 004008, 004007, 004005, 004009]
5578	4	004004	004009	75	14.0	3.0	0,859	true	[004004, 004000, 004002, 004001, 004006, 004008, 004007, 004009]
5579	4	004004	004009	76	6.0	3.0	0,841	true	[004004, 004000, 004002, 004001, 004007, 004003, 004005, 004009]
5580	4	004004	004009	77	6.0	3.0	0,833	true	[004004, 004000, 004002, 004001, 004007, 004003, 004006, 004005, 004009]
5581	4	004004	004009	78	5.0	3.0	0,816	true	[004004, 004000, 004002, 004001, 004007, 004003, 004008, 004006, 004005, 004009]
5582	4	004004	004009	79	11.0	3.0	0,885	true	[004004, 004000, 004002, 004001, 004007, 004003, 004009]
5583	4	004004	004009	80	11.0	3.0	0,859	true	[004004, 004000, 004002, 004001, 004007, 004005, 004003, 004009]
5584	4	004004	004009	81	11.0	3.0	0,850	true	[004004, 004000, 004002, 004001, 004007, 004005, 004006, 004003, 004009]
5585	4	004004	004009	82	5.0	3.0	0,833	true	[004004, 004000, 004002, 004001, 004007, 004005, 004006, 004008, 004003, 004009]
5586	4	004004	004009	83	6.0	3.0	0,867	true	[004004, 004000, 004002, 004001, 004007, 004005, 004009]
5587	4	004004	004009	84	6.0	3.0	0,808	true	[004004, 004000, 004002, 004001, 004007, 004006, 004003, 004005, 004009]
5588	4	004004	004009	85	11.0	3.0	0,850	true	[004004, 004000, 004002, 004001, 004007, 004006, 004003, 004009]
5589	4	004004	004009	86	11.0	3.0	0,841	true	[004004, 004000, 004002, 004001, 004007, 004006, 004005, 004003, 004009]
5590	4	004004	004009	87	6.0	3.0	0,850	true	[004004, 004000, 004002, 004001, 004007, 004006, 004005, 004009]
5591	4	004004	004009	88	5.0	3.0	0,791	true	[004004, 004000, 004002, 004001, 004007, 004006, 004008, 004003, 004005, 004009]
5592	4	004004	004009	89	5.0	3.0	0,833	true	[004004, 004000, 004002, 004001, 004007, 004006, 004008, 004003, 004009]
5593	4	004004	004009	90	5.0	3.0	0,824	true	[004004, 004000, 004002, 004001, 004007, 004008, 004003, 004005, 004009]
5594	4	004004	004009	91	5.0	3.0	0,816	true	[004004, 004000, 004002, 004001, 004007, 004008, 004003, 004006, 004005, 004009]
5595	4	004004	004009	92	5.0	3.0	0,867	true	[004004, 004000, 004002, 004001, 004007, 004008, 004003, 004009]
5596	4	004004	004009	93	6.0	3.0	0,808	true	[004004, 004000, 004002, 004001, 004007, 004008, 004006, 004003, 004005, 004009]
5597	4	004004	004009	94	11.0	3.0	0,850	true	[004004, 004000, 004002, 004001, 004007, 004008, 004006, 004003, 004009]
5598	4	004004	004009	95	11.0	3.0	0,841	true	[004004, 004000, 004002, 004001, 004007, 004008, 004006, 004005, 004003, 004009]
5599	4	004004	004009	96	6.0	3.0	0,850	true	[004004, 004000, 004002, 004001, 004007, 004008, 004006, 004005, 004009]
5600	4	004004	004009	97	14.0	3.0	0,894	true	[004004, 004000, 004002, 004001, 004007, 004009]
5601	4	004004	004009	98	5.0	3.0	0,800	true	[004004, 004000, 004002, 004001, 004008, 004003, 004005, 004006, 004007, 004009]
5602	4	004004	004009	99	5.0	3.0	0,816	true	[004004, 004000, 004002, 004001, 004008, 004003, 004005, 004007, 004009]
5603	4	004004	004009	100	5.0	3.0	0,808	true	[004004, 004000, 004002, 004001, 004008, 004003, 004005, 004009]
5604	4	004004	004009	101	5.0	3.0	0,850	true	[004004, 004000, 004002, 004001, 004008, 004003, 004009]
5605	4	004004	004009	102	14.0	3.0	0,903	true	[004004, 004000, 004002, 004001, 004009]
5606	4	004004	004009	103	39.0	3.0	0,941	true	[004004, 004000, 004002, 004009]
5607	4	004004	004009	104	6.0	8.0	0,990	true	[004004, 004000, 004009]
5608	5	005007	005008	0	41.0	3.0	0,775	true	[005007, 005000, 005001, 005002, 005003, 005004, 005005, 005006, 005009, 005008]
5609	5	005007	005008	1	36.0	3.0	0,824	true	[005007, 005000, 005001, 005002, 005003, 005004, 005005, 005008]
5610	5	005007	005008	2	41.0	3.0	0,807	true	[005007, 005000, 005001, 005002, 005003, 005004, 005005, 005009, 005008]
5611	5	005007	005008	3	47.0	3.0	0,867	true	[005007, 005000, 005001, 005002, 005003, 005004, 005008]
5612	5	005007	005008	4	21.0	3.0	0,833	true	[005007, 005000, 005001, 005002, 005003, 005004, 005009, 005005, 005008]
5613	5	005007	005008	5	21.0	3.0	0,799	true	[005007, 005000, 005001, 005002, 005003, 005004, 005009, 005006, 005005, 005008]
5614	5	005007	005008	6	21.0	3.0	0,816	true	[005007, 005000, 005001, 005002, 005003, 005004, 005009, 005008]
5615	5	005007	005008	7	31.0	3.0	0,849	true	[005007, 005000, 005001, 005002, 005003, 005008]
5616	5	005007	005008	8	21.0	3.0	0,791	true	[005007, 005000, 005001, 005002, 005003, 005009, 005004, 005005, 005008]
5617	5	005007	005008	9	21.0	3.0	0,832	true	[005007, 005000, 005001, 005002, 005003, 005009, 005004, 005008]
5618	5	005007	005008	10	46.0	3.0	0,824	true	[005007, 005000, 005001, 005002, 005003, 005009, 005005, 005004, 005008]
5619	5	005007	005008	11	36.0	3.0	0,832	true	[005007, 005000, 005001, 005002, 005003, 005009, 005005, 005008]
5620	5	005007	005008	12	46.0	3.0	0,791	true	[005007, 005000, 005001, 005002, 005003, 005009, 005006, 005005, 005004, 005008]
5621	5	005007	005008	13	36.0	3.0	0,799	true	[005007, 005000, 005001, 005002, 005003, 005009, 005006, 005005, 005008]
5622	5	005007	005008	14	41.0	3.0	0,815	true	[005007, 005000, 005001, 005002, 005003, 005009, 005008]
5623	5	005007	005008	15	31.0	3.0	0,824	true	[005007, 005000, 005001, 005002, 005004, 005003, 005008]
5624	5	005007	005008	16	36.0	3.0	0,807	true	[005007, 005000, 005001, 005002, 005004, 005003, 005009, 005005, 005008]
5625	5	005007	005008	17	36.0	3.0	0,775	true	[005007, 005000, 005001, 005002, 005004, 005003, 005009, 005006, 005005, 005008]
5626	5	005007	005008	18	41.0	3.0	0,791	true	[005007, 005000, 005001, 005002, 005004, 005003, 005009, 005008]
5627	5	005007	005008	19	31.0	3.0	0,751	true	[005007, 005000, 005001, 005002, 005004, 005005, 005006, 005009, 005003, 005008]
5628	5	005007	005008	20	41.0	3.0	0,799	true	[005007, 005000, 005001, 005002, 005004, 005005, 005006, 005009, 005008]
5629	5	005007	005008	21	36.0	3.0	0,850	true	[005007, 005000, 005001, 005002, 005004, 005005, 005008]
5630	5	005007	005008	22	31.0	3.0	0,782	true	[005007, 005000, 005001, 005002, 005004, 005005, 005009, 005003, 005008]
5631	5	005007	005008	23	41.0	3.0	0,832	true	[005007, 005000, 005001, 005002, 005004, 005005, 005009, 005008]
5632	5	005007	005008	24	47.0	3.0	0,894	true	[005007, 005000, 005001, 005002, 005004, 005008]
5633	5	005007	005008	25	21.0	3.0	0,791	true	[005007, 005000, 005001, 005002, 005004, 005009, 005003, 005008]
5634	5	005007	005008	26	21.0	3.0	0,858	true	[005007, 005000, 005001, 005002, 005004, 005009, 005005, 005008]
5635	5	005007	005008	27	21.0	3.0	0,824	true	[005007, 005000, 005001, 005002, 005004, 005009, 005006, 005005, 005008]
5636	5	005007	005008	28	21.0	3.0	0,841	true	[005007, 005000, 005001, 005002, 005004, 005009, 005008]
5637	5	005007	005008	29	31.0	3.0	0,807	true	[005007, 005000, 005001, 005002, 005005, 005004, 005003, 005008]
5638	5	005007	005008	30	35.0	3.0	0,775	true	[005007, 005000, 005001, 005002, 005005, 005004, 005003, 005009, 005008]
5639	5	005007	005008	31	35.0	3.0	0,876	true	[005007, 005000, 005001, 005002, 005005, 005004, 005008]
5640	5	005007	005008	32	21.0	3.0	0,775	true	[005007, 005000, 005001, 005002, 005005, 005004, 005009, 005003, 005008]
5641	5	005007	005008	33	21.0	3.0	0,824	true	[005007, 005000, 005001, 005002, 005005, 005004, 005009, 005008]
5642	5	005007	005008	34	35.0	3.0	0,799	true	[005007, 005000, 005001, 005002, 005005, 005006, 005009, 005003, 005004, 005008]
5643	5	005007	005008	35	31.0	3.0	0,782	true	[005007, 005000, 005001, 005002, 005005, 005006, 005009, 005003, 005008]
5644	5	005007	005008	36	21.0	3.0	0,783	true	[005007, 005000, 005001, 005002, 005005, 005006, 005009, 005004, 005003, 005008]
5645	5	005007	005008	37	21.0	3.0	0,850	true	[005007, 005000, 005001, 005002, 005005, 005006, 005009, 005004, 005008]
5646	5	005007	005008	38	35.0	3.0	0,832	true	[005007, 005000, 005001, 005002, 005005, 005006, 005009, 005008]
5647	5	005007	005008	39	35.0	3.0	0,885	true	[005007, 005000, 005001, 005002, 005005, 005008]
5648	5	005007	005008	40	35.0	3.0	0,832	true	[005007, 005000, 005001, 005002, 005005, 005009, 005003, 005004, 005008]
5649	5	005007	005008	41	31.0	3.0	0,815	true	[005007, 005000, 005001, 005002, 005005, 005009, 005003, 005008]
5650	5	005007	005008	42	21.0	3.0	0,816	true	[005007, 005000, 005001, 005002, 005005, 005009, 005004, 005003, 005008]
5651	5	005007	005008	43	21.0	3.0	0,885	true	[005007, 005000, 005001, 005002, 005005, 005009, 005004, 005008]
5652	5	005007	005008	44	35.0	3.0	0,867	true	[005007, 005000, 005001, 005002, 005005, 005009, 005008]
5653	5	005007	005008	45	5.0	3.0	0,799	true	[005007, 005000, 005001, 005002, 005006, 005005, 005004, 005003, 005008]
5654	5	005007	005008	46	5.0	3.0	0,767	true	[005007, 005000, 005001, 005002, 005006, 005005, 005004, 005003, 005009, 005008]
5655	5	005007	005008	47	5.0	3.0	0,867	true	[005007, 005000, 005001, 005002, 005006, 005005, 005004, 005008]
5656	5	005007	005008	48	5.0	3.0	0,767	true	[005007, 005000, 005001, 005002, 005006, 005005, 005004, 005009, 005003, 005008]
5657	5	005007	005008	49	5.0	3.0	0,816	true	[005007, 005000, 005001, 005002, 005006, 005005, 005004, 005009, 005008]
5658	5	005007	005008	50	5.0	3.0	0,876	true	[005007, 005000, 005001, 005002, 005006, 005005, 005008]
5659	5	005007	005008	51	5.0	3.0	0,824	true	[005007, 005000, 005001, 005002, 005006, 005005, 005009, 005003, 005004, 005008]
5660	5	005007	005008	52	5.0	3.0	0,807	true	[005007, 005000, 005001, 005002, 005006, 005005, 005009, 005003, 005008]
5661	5	005007	005008	53	5.0	3.0	0,807	true	[005007, 005000, 005001, 005002, 005006, 005005, 005009, 005004, 005003, 005008]
5662	5	005007	005008	54	5.0	3.0	0,876	true	[005007, 005000, 005001, 005002, 005006, 005005, 005009, 005004, 005008]
5663	5	005007	005008	55	5.0	3.0	0,858	true	[005007, 005000, 005001, 005002, 005006, 005005, 005009, 005008]
5664	5	005007	005008	56	5.0	3.0	0,752	true	[005007, 005000, 005001, 005002, 005006, 005009, 005003, 005004, 005005, 005008]
5665	5	005007	005008	57	5.0	3.0	0,791	true	[005007, 005000, 005001, 005002, 005006, 005009, 005003, 005004, 005008]
5666	5	005007	005008	58	5.0	3.0	0,774	true	[005007, 005000, 005001, 005002, 005006, 005009, 005003, 005008]
5667	5	005007	005008	59	5.0	3.0	0,775	true	[005007, 005000, 005001, 005002, 005006, 005009, 005004, 005003, 005008]
5668	5	005007	005008	60	5.0	3.0	0,799	true	[005007, 005000, 005001, 005002, 005006, 005009, 005004, 005005, 005008]
5669	5	005007	005008	61	5.0	3.0	0,841	true	[005007, 005000, 005001, 005002, 005006, 005009, 005004, 005008]
5670	5	005007	005008	62	5.0	3.0	0,767	true	[005007, 005000, 005001, 005002, 005006, 005009, 005005, 005004, 005003, 005008]
5671	5	005007	005008	63	5.0	3.0	0,832	true	[005007, 005000, 005001, 005002, 005006, 005009, 005005, 005004, 005008]
5672	5	005007	005008	64	5.0	3.0	0,841	true	[005007, 005000, 005001, 005002, 005006, 005009, 005005, 005008]
5673	5	005007	005008	65	5.0	3.0	0,824	true	[005007, 005000, 005001, 005002, 005006, 005009, 005008]
5674	5	005007	005008	66	47.0	3.0	0,931	true	[005007, 005000, 005001, 005002, 005008]
5675	5	005007	005008	67	33.0	3.0	0,791	true	[005007, 005000, 005001, 005002, 005009, 005003, 005004, 005005, 005008]
5676	5	005007	005008	68	33.0	3.0	0,832	true	[005007, 005000, 005001, 005002, 005009, 005003, 005004, 005008]
5677	5	005007	005008	69	31.0	3.0	0,815	true	[005007, 005000, 005001, 005002, 005009, 005003, 005008]
5678	5	005007	005008	70	21.0	3.0	0,816	true	[005007, 005000, 005001, 005002, 005009, 005004, 005003, 005008]
5679	5	005007	005008	71	21.0	3.0	0,841	true	[005007, 005000, 005001, 005002, 005009, 005004, 005005, 005008]
5680	5	005007	005008	72	21.0	3.0	0,885	true	[005007, 005000, 005001, 005002, 005009, 005004, 005008]
5681	5	005007	005008	73	31.0	3.0	0,807	true	[005007, 005000, 005001, 005002, 005009, 005005, 005004, 005003, 005008]
5682	5	005007	005008	74	33.0	3.0	0,876	true	[005007, 005000, 005001, 005002, 005009, 005005, 005004, 005008]
5683	5	005007	005008	75	33.0	3.0	0,885	true	[005007, 005000, 005001, 005002, 005009, 005005, 005008]
5684	5	005007	005008	76	31.0	3.0	0,775	true	[005007, 005000, 005001, 005002, 005009, 005006, 005005, 005004, 005003, 005008]
5685	5	005007	005008	77	33.0	3.0	0,841	true	[005007, 005000, 005001, 005002, 005009, 005006, 005005, 005004, 005008]
5686	5	005007	005008	78	33.0	3.0	0,850	true	[005007, 005000, 005001, 005002, 005009, 005006, 005005, 005008]
5687	5	005007	005008	79	33.0	3.0	0,867	true	[005007, 005000, 005001, 005002, 005009, 005008]
5688	5	005007	005008	80	41.0	4.0	0,759	true	[005007, 005000, 005001, 005003, 005002, 005004, 005005, 005006, 005009, 005008]
5689	5	005007	005008	81	36.0	4.0	0,807	true	[005007, 005000, 005001, 005003, 005002, 005004, 005005, 005008]
5690	5	005007	005008	82	41.0	4.0	0,791	true	[005007, 005000, 005001, 005003, 005002, 005004, 005005, 005009, 005008]
5691	5	005007	005008	83	47.0	4.0	0,849	true	[005007, 005000, 005001, 005003, 005002, 005004, 005008]
5692	5	005007	005008	84	21.0	4.0	0,816	true	[005007, 005000, 005001, 005003, 005002, 005004, 005009, 005005, 005008]
5693	5	005007	005008	85	21.0	4.0	0,783	true	[005007, 005000, 005001, 005003, 005002, 005004, 005009, 005006, 005005, 005008]
5694	5	005007	005008	86	21.0	4.0	0,799	true	[005007, 005000, 005001, 005003, 005002, 005004, 005009, 005008]
5695	5	005007	005008	87	35.0	4.0	0,833	true	[005007, 005000, 005001, 005003, 005002, 005005, 005004, 005008]
5696	5	005007	005008	88	21.0	4.0	0,783	true	[005007, 005000, 005001, 005003, 005002, 005005, 005004, 005009, 005008]
5697	5	005007	005008	89	21.0	4.0	0,807	true	[005007, 005000, 005001, 005003, 005002, 005005, 005006, 005009, 005004, 005008]
5698	5	005007	005008	90	35.0	4.0	0,791	true	[005007, 005000, 005001, 005003, 005002, 005005, 005006, 005009, 005008]
5699	5	005007	005008	91	35.0	4.0	0,841	true	[005007, 005000, 005001, 005003, 005002, 005005, 005008]
5700	5	005007	005008	92	21.0	4.0	0,841	true	[005007, 005000, 005001, 005003, 005002, 005005, 005009, 005004, 005008]
5701	5	005007	005008	93	35.0	4.0	0,824	true	[005007, 005000, 005001, 005003, 005002, 005005, 005009, 005008]
5702	5	005007	005008	94	5.0	4.0	0,824	true	[005007, 005000, 005001, 005003, 005002, 005006, 005005, 005004, 005008]
5703	5	005007	005008	95	5.0	4.0	0,775	true	[005007, 005000, 005001, 005003, 005002, 005006, 005005, 005004, 005009, 005008]
5704	5	005007	005008	96	5.0	4.0	0,832	true	[005007, 005000, 005001, 005003, 005002, 005006, 005005, 005008]
5705	5	005007	005008	97	5.0	4.0	0,832	true	[005007, 005000, 005001, 005003, 005002, 005006, 005005, 005009, 005004, 005008]
5706	5	005007	005008	98	5.0	4.0	0,815	true	[005007, 005000, 005001, 005003, 005002, 005006, 005005, 005009, 005008]
5707	5	005007	005008	99	5.0	4.0	0,760	true	[005007, 005000, 005001, 005003, 005002, 005006, 005009, 005004, 005005, 005008]
5708	5	005007	005008	100	5.0	4.0	0,799	true	[005007, 005000, 005001, 005003, 005002, 005006, 005009, 005004, 005008]
5709	5	005007	005008	101	5.0	4.0	0,783	true	[005007, 005000, 005001, 005003, 005002, 005006, 005009, 005008]
5710	5	005007	005008	102	47.0	4.0	0,885	true	[005007, 005000, 005001, 005003, 005002, 005008]
5711	5	005007	005008	103	31.0	4.0	0,876	true	[005007, 005000, 005001, 005003, 005008]
5712	5	005007	005008	104	47.0	5.0	0,912	true	[005007, 005000, 005001, 005008]
5713	5	005007	005008	105	12.0	4.0	0,950	true	[005007, 005000, 005008]
5714	6	006003	006009	0	35.0	6.0	0,841	true	[006003, 006000, 006001, 006002, 006004, 006005, 006007, 006006, 006008, 006009]
5715	6	006003	006009	1	14.0	6.0	0,816	true	[006003, 006000, 006001, 006002, 006004, 006005, 006007, 006006, 006009]
5716	6	006003	006009	2	18.0	6.0	0,841	true	[006003, 006000, 006001, 006002, 006004, 006005, 006007, 006009]
5717	6	006003	006009	3	43.0	9.0	0,815	true	[006003, 006000, 006001, 006002, 006004, 006005, 006009]
5718	6	006003	006009	4	32.0	7.0	0,807	true	[006003, 006000, 006001, 006002, 006004, 006006, 006007, 006005, 006009]
5719	6	006003	006009	5	18.0	6.0	0,833	true	[006003, 006000, 006001, 006002, 006004, 006006, 006007, 006009]
5720	6	006003	006009	6	32.0	6.0	0,849	true	[006003, 006000, 006001, 006002, 006004, 006006, 006008, 006009]
5721	6	006003	006009	7	14.0	6.0	0,824	true	[006003, 006000, 006001, 006002, 006004, 006006, 006009]
5722	6	006003	006009	8	43.0	5.0	0,791	true	[006003, 006000, 006001, 006002, 006004, 006007, 006005, 006009]
5723	6	006003	006009	9	35.0	5.0	0,815	true	[006003, 006000, 006001, 006002, 006004, 006007, 006006, 006008, 006009]
5724	6	006003	006009	10	14.0	5.0	0,791	true	[006003, 006000, 006001, 006002, 006004, 006007, 006006, 006009]
5725	6	006003	006009	11	18.0	5.0	0,815	true	[006003, 006000, 006001, 006002, 006004, 006007, 006009]
5726	6	006003	006009	12	43.0	6.0	0,791	true	[006003, 006000, 006001, 006002, 006004, 006008, 006006, 006007, 006005, 006009]
5727	6	006003	006009	13	18.0	6.0	0,816	true	[006003, 006000, 006001, 006002, 006004, 006008, 006006, 006007, 006009]
5728	6	006003	006009	14	14.0	6.0	0,807	true	[006003, 006000, 006001, 006002, 006004, 006008, 006006, 006009]
5729	6	006003	006009	15	35.0	7.0	0,832	true	[006003, 006000, 006001, 006002, 006004, 006008, 006009]
5730	6	006003	006009	16	21.0	6.0	0,849	true	[006003, 006000, 006001, 006002, 006004, 006009]
5731	6	006003	006009	17	18.0	6.0	0,833	true	[006003, 006000, 006001, 006002, 006005, 006004, 006006, 006007, 006009]
5732	6	006003	006009	18	32.0	6.0	0,850	true	[006003, 006000, 006001, 006002, 006005, 006004, 006006, 006008, 006009]
5733	6	006003	006009	19	14.0	6.0	0,824	true	[006003, 006000, 006001, 006002, 006005, 006004, 006006, 006009]
5734	6	006003	006009	20	35.0	5.0	0,816	true	[006003, 006000, 006001, 006002, 006005, 006004, 006007, 006006, 006008, 006009]
5735	6	006003	006009	21	14.0	5.0	0,791	true	[006003, 006000, 006001, 006002, 006005, 006004, 006007, 006006, 006009]
5736	6	006003	006009	22	18.0	5.0	0,816	true	[006003, 006000, 006001, 006002, 006005, 006004, 006007, 006009]
5737	6	006003	006009	23	18.0	6.0	0,816	true	[006003, 006000, 006001, 006002, 006005, 006004, 006008, 006006, 006007, 006009]
5738	6	006003	006009	24	14.0	6.0	0,808	true	[006003, 006000, 006001, 006002, 006005, 006004, 006008, 006006, 006009]
5739	6	006003	006009	25	35.0	6.0	0,833	true	[006003, 006000, 006001, 006002, 006005, 006004, 006008, 006009]
5740	6	006003	006009	26	21.0	6.0	0,850	true	[006003, 006000, 006001, 006002, 006005, 006004, 006009]
5741	6	006003	006009	27	32.0	5.0	0,824	true	[006003, 006000, 006001, 006002, 006005, 006007, 006004, 006006, 006008, 006009]
5742	6	006003	006009	28	14.0	5.0	0,799	true	[006003, 006000, 006001, 006002, 006005, 006007, 006004, 006006, 006009]
5743	6	006003	006009	29	14.0	5.0	0,783	true	[006003, 006000, 006001, 006002, 006005, 006007, 006004, 006008, 006006, 006009]
5744	6	006003	006009	30	35.0	5.0	0,807	true	[006003, 006000, 006001, 006002, 006005, 006007, 006004, 006008, 006009]
5745	6	006003	006009	31	21.0	5.0	0,824	true	[006003, 006000, 006001, 006002, 006005, 006007, 006004, 006009]
5746	6	006003	006009	32	32.0	6.0	0,824	true	[006003, 006000, 006001, 006002, 006005, 006007, 006006, 006004, 006008, 006009]
5747	6	006003	006009	33	21.0	6.0	0,841	true	[006003, 006000, 006001, 006002, 006005, 006007, 006006, 006004, 006009]
5748	6	006003	006009	34	21.0	6.0	0,824	true	[006003, 006000, 006001, 006002, 006005, 006007, 006006, 006008, 006004, 006009]
5749	6	006003	006009	35	35.0	6.0	0,858	true	[006003, 006000, 006001, 006002, 006005, 006007, 006006, 006008, 006009]
5750	6	006003	006009	36	14.0	6.0	0,833	true	[006003, 006000, 006001, 006002, 006005, 006007, 006006, 006009]
5751	6	006003	006009	37	18.0	6.0	0,858	true	[006003, 006000, 006001, 006002, 006005, 006007, 006009]
5752	6	006003	006009	38	43.0	6.0	0,832	true	[006003, 006000, 006001, 006002, 006005, 006009]
5753	6	006003	006009	39	15.0	6.0	0,867	true	[006003, 006000, 006001, 006002, 006006, 006004, 006005, 006007, 006009]
5754	6	006003	006009	40	15.0	7.0	0,841	true	[006003, 006000, 006001, 006002, 006006, 006004, 006005, 006009]
5755	6	006003	006009	41	15.0	5.0	0,815	true	[006003, 006000, 006001, 006002, 006006, 006004, 006007, 006005, 006009]
5756	6	006003	006009	42	15.0	5.0	0,841	true	[006003, 006000, 006001, 006002, 006006, 006004, 006007, 006009]
5757	6	006003	006009	43	15.0	7.0	0,858	true	[006003, 006000, 006001, 006002, 006006, 006004, 006008, 006009]
5758	6	006003	006009	44	15.0	6.0	0,876	true	[006003, 006000, 006001, 006002, 006006, 006004, 006009]
5759	6	006003	006009	45	15.0	5.0	0,807	true	[006003, 006000, 006001, 006002, 006006, 006007, 006004, 006005, 006009]
5760	6	006003	006009	46	15.0	5.0	0,824	true	[006003, 006000, 006001, 006002, 006006, 006007, 006004, 006008, 006009]
5761	6	006003	006009	47	15.0	5.0	0,841	true	[006003, 006000, 006001, 006002, 006006, 006007, 006004, 006009]
5762	6	006003	006009	48	15.0	7.0	0,850	true	[006003, 006000, 006001, 006002, 006006, 006007, 006005, 006004, 006008, 006009]
5763	6	006003	006009	49	15.0	6.0	0,867	true	[006003, 006000, 006001, 006002, 006006, 006007, 006005, 006004, 006009]
5764	6	006003	006009	50	15.0	7.0	0,849	true	[006003, 006000, 006001, 006002, 006006, 006007, 006005, 006009]
5765	6	006003	006009	51	15.0	6.0	0,876	true	[006003, 006000, 006001, 006002, 006006, 006007, 006009]
5766	6	006003	006009	52	15.0	6.0	0,850	true	[006003, 006000, 006001, 006002, 006006, 006008, 006004, 006005, 006007, 006009]
5767	6	006003	006009	53	15.0	6.0	0,824	true	[006003, 006000, 006001, 006002, 006006, 006008, 006004, 006005, 006009]
5768	6	006003	006009	54	15.0	5.0	0,799	true	[006003, 006000, 006001, 006002, 006006, 006008, 006004, 006007, 006005, 006009]
5769	6	006003	006009	55	15.0	5.0	0,824	true	[006003, 006000, 006001, 006002, 006006, 006008, 006004, 006007, 006009]
5770	6	006003	006009	56	15.0	6.0	0,858	true	[006003, 006000, 006001, 006002, 006006, 006008, 006004, 006009]
5771	6	006003	006009	57	15.0	6.0	0,894	true	[006003, 006000, 006001, 006002, 006006, 006008, 006009]
5772	6	006003	006009	58	14.0	6.0	0,867	true	[006003, 006000, 006001, 006002, 006006, 006009]
5773	6	006003	006009	59	15.0	5.0	0,815	true	[006003, 006000, 006001, 006002, 006007, 006004, 006005, 006009]
5774	6	006003	006009	60	15.0	5.0	0,849	true	[006003, 006000, 006001, 006002, 006007, 006004, 006006, 006008, 006009]
5775	6	006003	006009	61	14.0	5.0	0,824	true	[006003, 006000, 006001, 006002, 006007, 006004, 006006, 006009]
5776	6	006003	006009	62	14.0	5.0	0,807	true	[006003, 006000, 006001, 006002, 006007, 006004, 006008, 006006, 006009]
5777	6	006003	006009	63	15.0	5.0	0,832	true	[006003, 006000, 006001, 006002, 006007, 006004, 006008, 006009]
5778	6	006003	006009	64	15.0	5.0	0,849	true	[006003, 006000, 006001, 006002, 006007, 006004, 006009]
5779	6	006003	006009	65	15.0	6.0	0,876	true	[006003, 006000, 006001, 006002, 006007, 006005, 006004, 006006, 006008, 006009]
5780	6	006003	006009	66	14.0	6.0	0,850	true	[006003, 006000, 006001, 006002, 006007, 006005, 006004, 006006, 006009]
5781	6	006003	006009	67	14.0	6.0	0,833	true	[006003, 006000, 006001, 006002, 006007, 006005, 006004, 006008, 006006, 006009]
5782	6	006003	006009	68	15.0	7.0	0,858	true	[006003, 006000, 006001, 006002, 006007, 006005, 006004, 006008, 006009]
5783	6	006003	006009	69	15.0	6.0	0,876	true	[006003, 006000, 006001, 006002, 006007, 006005, 006004, 006009]
5784	6	006003	006009	70	15.0	7.0	0,858	true	[006003, 006000, 006001, 006002, 006007, 006005, 006009]
5785	6	006003	006009	71	15.0	8.0	0,833	true	[006003, 006000, 006001, 006002, 006007, 006006, 006004, 006005, 006009]
5786	6	006003	006009	72	15.0	7.0	0,850	true	[006003, 006000, 006001, 006002, 006007, 006006, 006004, 006008, 006009]
5787	6	006003	006009	73	15.0	6.0	0,867	true	[006003, 006000, 006001, 006002, 006007, 006006, 006004, 006009]
5788	6	006003	006009	74	15.0	6.0	0,816	true	[006003, 006000, 006001, 006002, 006007, 006006, 006008, 006004, 006005, 006009]
5789	6	006003	006009	75	15.0	6.0	0,850	true	[006003, 006000, 006001, 006002, 006007, 006006, 006008, 006004, 006009]
5790	6	006003	006009	76	15.0	6.0	0,885	true	[006003, 006000, 006001, 006002, 006007, 006006, 006008, 006009]
5791	6	006003	006009	77	14.0	6.0	0,858	true	[006003, 006000, 006001, 006002, 006007, 006006, 006009]
5792	6	006003	006009	78	15.0	6.0	0,885	true	[006003, 006000, 006001, 006002, 006007, 006009]
5793	6	006003	006009	79	14.0	5.0	0,799	true	[006003, 006000, 006001, 006002, 006008, 006004, 006005, 006007, 006006, 006009]
5794	6	006003	006009	80	18.0	5.0	0,824	true	[006003, 006000, 006001, 006002, 006008, 006004, 006005, 006007, 006009]
5795	6	006003	006009	81	43.0	5.0	0,799	true	[006003, 006000, 006001, 006002, 006008, 006004, 006005, 006009]
5796	6	006003	006009	82	32.0	5.0	0,791	true	[006003, 006000, 006001, 006002, 006008, 006004, 006006, 006007, 006005, 006009]
5797	6	006003	006009	83	18.0	5.0	0,816	true	[006003, 006000, 006001, 006002, 006008, 006004, 006006, 006007, 006009]
5798	6	006003	006009	84	14.0	5.0	0,808	true	[006003, 006000, 006001, 006002, 006008, 006004, 006006, 006009]
5799	6	006003	006009	85	43.0	5.0	0,775	true	[006003, 006000, 006001, 006002, 006008, 006004, 006007, 006005, 006009]
5800	6	006003	006009	86	14.0	5.0	0,775	true	[006003, 006000, 006001, 006002, 006008, 006004, 006007, 006006, 006009]
5801	6	006003	006009	87	18.0	5.0	0,799	true	[006003, 006000, 006001, 006002, 006008, 006004, 006007, 006009]
5802	6	006003	006009	88	21.0	5.0	0,833	true	[006003, 006000, 006001, 006002, 006008, 006004, 006009]
5803	6	006003	006009	89	18.0	5.0	0,841	true	[006003, 006000, 006001, 006002, 006008, 006006, 006004, 006005, 006007, 006009]
5804	6	006003	006009	90	32.0	5.0	0,816	true	[006003, 006000, 006001, 006002, 006008, 006006, 006004, 006005, 006009]
5805	6	006003	006009	91	32.0	5.0	0,791	true	[006003, 006000, 006001, 006002, 006008, 006006, 006004, 006007, 006005, 006009]
5806	6	006003	006009	92	18.0	5.0	0,816	true	[006003, 006000, 006001, 006002, 006008, 006006, 006004, 006007, 006009]
5807	6	006003	006009	93	21.0	5.0	0,850	true	[006003, 006000, 006001, 006002, 006008, 006006, 006004, 006009]
5808	6	006003	006009	94	43.0	5.0	0,783	true	[006003, 006000, 006001, 006002, 006008, 006006, 006007, 006004, 006005, 006009]
5809	6	006003	006009	95	21.0	5.0	0,816	true	[006003, 006000, 006001, 006002, 006008, 006006, 006007, 006004, 006009]
5810	6	006003	006009	96	21.0	5.0	0,841	true	[006003, 006000, 006001, 006002, 006008, 006006, 006007, 006005, 006004, 006009]
5811	6	006003	006009	97	43.0	5.0	0,824	true	[006003, 006000, 006001, 006002, 006008, 006006, 006007, 006005, 006009]
5812	6	006003	006009	98	18.0	5.0	0,850	true	[006003, 006000, 006001, 006002, 006008, 006006, 006007, 006009]
5813	6	006003	006009	99	14.0	5.0	0,841	true	[006003, 006000, 006001, 006002, 006008, 006006, 006009]
5814	6	006003	006009	100	35.0	5.0	0,867	true	[006003, 006000, 006001, 006002, 006008, 006009]
5815	6	006003	006009	101	43.0	4.0	0,931	true	[006003, 006000, 006001, 006009]
5816	6	006003	006009	102	37.0	6.0	0,941	true	[006003, 006000, 006009]
5817	6	006003	006009	103	41.0	7.0	0,990	true	[006003, 006009]
5818	7	007005	007006	0	31.0	4.0	0,824	true	[007005, 007000, 007001, 007002, 007003, 007004, 007006]
5819	7	007005	007006	1	31.0	4.0	0,807	true	[007005, 007000, 007001, 007002, 007003, 007004, 007007, 007006]
5820	7	007005	007006	2	11.0	4.0	0,815	true	[007005, 007000, 007001, 007002, 007003, 007004, 007008, 007007, 007006]
5821	7	007005	007006	3	31.0	3.0	0,832	true	[007005, 007000, 007001, 007002, 007003, 007006]
5822	7	007005	007006	4	31.0	5.0	0,840	true	[007005, 007000, 007001, 007002, 007006]
5823	7	007005	007006	5	31.0	3.0	0,790	true	[007005, 007000, 007001, 007002, 007007, 007004, 007003, 007006]
5824	7	007005	007006	6	31.0	5.0	0,782	true	[007005, 007000, 007001, 007002, 007007, 007004, 007006]
5825	7	007005	007006	7	31.0	5.0	0,849	true	[007005, 007000, 007001, 007002, 007007, 007006]
5826	7	007005	007006	8	11.0	3.0	0,799	true	[007005, 007000, 007001, 007002, 007007, 007008, 007004, 007003, 007006]
5827	7	007005	007006	9	11.0	5.0	0,791	true	[007005, 007000, 007001, 007002, 007007, 007008, 007004, 007006]
5828	7	007005	007006	10	11.0	3.0	0,815	true	[007005, 007000, 007001, 007002, 007008, 007004, 007003, 007006]
5829	7	007005	007006	11	11.0	3.0	0,807	true	[007005, 007000, 007001, 007002, 007008, 007004, 007006]
5830	7	007005	007006	12	11.0	3.0	0,790	true	[007005, 007000, 007001, 007002, 007008, 007004, 007007, 007006]
5831	7	007005	007006	13	16.0	3.0	0,759	true	[007005, 007000, 007001, 007002, 007008, 007007, 007004, 007003, 007006]
5832	7	007005	007006	14	16.0	3.0	0,751	true	[007005, 007000, 007001, 007002, 007008, 007007, 007004, 007006]
5833	7	007005	007006	15	16.0	3.0	0,815	true	[007005, 007000, 007001, 007002, 007008, 007007, 007006]
5834	7	007005	007006	16	13.0	3.0	0,807	true	[007005, 007000, 007001, 007002, 007009, 007007, 007004, 007003, 007006]
5835	7	007005	007006	17	13.0	5.0	0,798	true	[007005, 007000, 007001, 007002, 007009, 007007, 007004, 007006]
5836	7	007005	007006	18	13.0	5.0	0,866	true	[007005, 007000, 007001, 007002, 007009, 007007, 007006]
5837	7	007005	007006	19	11.0	3.0	0,815	true	[007005, 007000, 007001, 007002, 007009, 007007, 007008, 007004, 007003, 007006]
5838	7	007005	007006	20	11.0	5.0	0,807	true	[007005, 007000, 007001, 007002, 007009, 007007, 007008, 007004, 007006]
5839	7	007005	007006	21	22.0	3.0	0,894	true	[007005, 007000, 007001, 007006]
5840	7	007005	007006	22	47.0	3.0	0,816	true	[007005, 007000, 007001, 007008, 007002, 007003, 007004, 007006]
5841	7	007005	007006	23	31.0	3.0	0,799	true	[007005, 007000, 007001, 007008, 007002, 007003, 007004, 007007, 007006]
5842	7	007005	007006	24	47.0	3.0	0,824	true	[007005, 007000, 007001, 007008, 007002, 007003, 007006]
5843	7	007005	007006	25	38.0	3.0	0,832	true	[007005, 007000, 007001, 007008, 007002, 007006]
5844	7	007005	007006	26	31.0	3.0	0,783	true	[007005, 007000, 007001, 007008, 007002, 007007, 007004, 007003, 007006]
5845	7	007005	007006	27	31.0	3.0	0,775	true	[007005, 007000, 007001, 007008, 007002, 007007, 007004, 007006]
5846	7	007005	007006	28	43.0	3.0	0,841	true	[007005, 007000, 007001, 007008, 007002, 007007, 007006]
5847	7	007005	007006	29	13.0	3.0	0,799	true	[007005, 007000, 007001, 007008, 007002, 007009, 007007, 007004, 007003, 007006]
5848	7	007005	007006	30	13.0	3.0	0,791	true	[007005, 007000, 007001, 007008, 007002, 007009, 007007, 007004, 007006]
5849	7	007005	007006	31	13.0	3.0	0,858	true	[007005, 007000, 007001, 007008, 007002, 007009, 007007, 007006]
5850	7	007005	007006	32	11.0	4.0	0,833	true	[007005, 007000, 007001, 007008, 007004, 007003, 007002, 007006]
5851	7	007005	007006	33	11.0	4.0	0,841	true	[007005, 007000, 007001, 007008, 007004, 007003, 007002, 007007, 007006]
5852	7	007005	007006	34	11.0	4.0	0,858	true	[007005, 007000, 007001, 007008, 007004, 007003, 007002, 007009, 007007, 007006]
5853	7	007005	007006	35	11.0	3.0	0,858	true	[007005, 007000, 007001, 007008, 007004, 007003, 007006]
5854	7	007005	007006	36	11.0	5.0	0,850	true	[007005, 007000, 007001, 007008, 007004, 007006]
5855	7	007005	007006	37	11.0	3.0	0,783	true	[007005, 007000, 007001, 007008, 007004, 007007, 007002, 007003, 007006]
5856	7	007005	007006	38	11.0	5.0	0,791	true	[007005, 007000, 007001, 007008, 007004, 007007, 007002, 007006]
5857	7	007005	007006	39	11.0	5.0	0,832	true	[007005, 007000, 007001, 007008, 007004, 007007, 007006]
5858	7	007005	007006	40	11.0	3.0	0,799	true	[007005, 007000, 007001, 007008, 007004, 007007, 007009, 007002, 007003, 007006]
5859	7	007005	007006	41	11.0	5.0	0,807	true	[007005, 007000, 007001, 007008, 007004, 007007, 007009, 007002, 007006]
5860	7	007005	007006	42	16.0	4.0	0,799	true	[007005, 007000, 007001, 007008, 007007, 007002, 007003, 007004, 007006]
5861	7	007005	007006	43	16.0	3.0	0,808	true	[007005, 007000, 007001, 007008, 007007, 007002, 007003, 007006]
5862	7	007005	007006	44	16.0	5.0	0,816	true	[007005, 007000, 007001, 007008, 007007, 007002, 007006]
5863	7	007005	007006	45	16.0	4.0	0,775	true	[007005, 007000, 007001, 007008, 007007, 007004, 007003, 007002, 007006]
5864	7	007005	007006	46	16.0	3.0	0,799	true	[007005, 007000, 007001, 007008, 007007, 007004, 007003, 007006]
5865	7	007005	007006	47	16.0	5.0	0,791	true	[007005, 007000, 007001, 007008, 007007, 007004, 007006]
5866	7	007005	007006	48	16.0	5.0	0,858	true	[007005, 007000, 007001, 007008, 007007, 007006]
5867	7	007005	007006	49	13.0	4.0	0,816	true	[007005, 007000, 007001, 007008, 007007, 007009, 007002, 007003, 007004, 007006]
5868	7	007005	007006	50	13.0	3.0	0,824	true	[007005, 007000, 007001, 007008, 007007, 007009, 007002, 007003, 007006]
5869	7	007005	007006	51	13.0	5.0	0,832	true	[007005, 007000, 007001, 007008, 007007, 007009, 007002, 007006]
5870	7	007005	007006	52	22.0	4.0	0,867	true	[007005, 007000, 007001, 007009, 007002, 007003, 007004, 007006]
5871	7	007005	007006	53	22.0	4.0	0,849	true	[007005, 007000, 007001, 007009, 007002, 007003, 007004, 007007, 007006]
5872	7	007005	007006	54	11.0	4.0	0,858	true	[007005, 007000, 007001, 007009, 007002, 007003, 007004, 007008, 007007, 007006]
5873	7	007005	007006	55	22.0	3.0	0,876	true	[007005, 007000, 007001, 007009, 007002, 007003, 007006]
5874	7	007005	007006	56	22.0	5.0	0,885	true	[007005, 007000, 007001, 007009, 007002, 007006]
5875	7	007005	007006	57	22.0	3.0	0,832	true	[007005, 007000, 007001, 007009, 007002, 007007, 007004, 007003, 007006]
5876	7	007005	007006	58	22.0	5.0	0,824	true	[007005, 007000, 007001, 007009, 007002, 007007, 007004, 007006]
5877	7	007005	007006	59	22.0	5.0	0,894	true	[007005, 007000, 007001, 007009, 007002, 007007, 007006]
5878	7	007005	007006	60	11.0	3.0	0,841	true	[007005, 007000, 007001, 007009, 007002, 007007, 007008, 007004, 007003, 007006]
5879	7	007005	007006	61	11.0	5.0	0,833	true	[007005, 007000, 007001, 007009, 007002, 007007, 007008, 007004, 007006]
5880	7	007005	007006	62	11.0	3.0	0,858	true	[007005, 007000, 007001, 007009, 007002, 007008, 007004, 007003, 007006]
5881	7	007005	007006	63	11.0	3.0	0,850	true	[007005, 007000, 007001, 007009, 007002, 007008, 007004, 007006]
5882	7	007005	007006	64	11.0	3.0	0,832	true	[007005, 007000, 007001, 007009, 007002, 007008, 007004, 007007, 007006]
5883	7	007005	007006	65	16.0	3.0	0,799	true	[007005, 007000, 007001, 007009, 007002, 007008, 007007, 007004, 007003, 007006]
5884	7	007005	007006	66	16.0	3.0	0,791	true	[007005, 007000, 007001, 007009, 007002, 007008, 007007, 007004, 007006]
5885	7	007005	007006	67	16.0	3.0	0,858	true	[007005, 007000, 007001, 007009, 007002, 007008, 007007, 007006]
5886	7	007005	007006	68	13.0	4.0	0,850	true	[007005, 007000, 007001, 007009, 007007, 007002, 007003, 007004, 007006]
5887	7	007005	007006	69	13.0	3.0	0,858	true	[007005, 007000, 007001, 007009, 007007, 007002, 007003, 007006]
5888	7	007005	007006	70	13.0	5.0	0,867	true	[007005, 007000, 007001, 007009, 007007, 007002, 007006]
5889	7	007005	007006	71	11.0	3.0	0,841	true	[007005, 007000, 007001, 007009, 007007, 007002, 007008, 007004, 007003, 007006]
5890	7	007005	007006	72	11.0	3.0	0,833	true	[007005, 007000, 007001, 007009, 007007, 007002, 007008, 007004, 007006]
5891	7	007005	007006	73	13.0	4.0	0,824	true	[007005, 007000, 007001, 007009, 007007, 007004, 007003, 007002, 007006]
5892	7	007005	007006	74	13.0	3.0	0,849	true	[007005, 007000, 007001, 007009, 007007, 007004, 007003, 007006]
5893	7	007005	007006	75	13.0	5.0	0,840	true	[007005, 007000, 007001, 007009, 007007, 007004, 007006]
5894	7	007005	007006	76	11.0	3.0	0,799	true	[007005, 007000, 007001, 007009, 007007, 007004, 007008, 007002, 007003, 007006]
5895	7	007005	007006	77	11.0	3.0	0,807	true	[007005, 007000, 007001, 007009, 007007, 007004, 007008, 007002, 007006]
5896	7	007005	007006	78	13.0	5.0	0,912	true	[007005, 007000, 007001, 007009, 007007, 007006]
5897	7	007005	007006	79	13.0	3.0	0,816	true	[007005, 007000, 007001, 007009, 007007, 007008, 007002, 007003, 007004, 007006]
5898	7	007005	007006	80	13.0	3.0	0,824	true	[007005, 007000, 007001, 007009, 007007, 007008, 007002, 007003, 007006]
5899	7	007005	007006	81	13.0	3.0	0,832	true	[007005, 007000, 007001, 007009, 007007, 007008, 007002, 007006]
5900	7	007005	007006	82	11.0	4.0	0,833	true	[007005, 007000, 007001, 007009, 007007, 007008, 007004, 007003, 007002, 007006]
5901	7	007005	007006	83	11.0	3.0	0,858	true	[007005, 007000, 007001, 007009, 007007, 007008, 007004, 007003, 007006]
5902	7	007005	007006	84	11.0	5.0	0,850	true	[007005, 007000, 007001, 007009, 007007, 007008, 007004, 007006]
5903	7	007005	007006	85	22.0	3.0	0,884	true	[007005, 007000, 007002, 007001, 007006]
5904	7	007005	007006	86	11.0	3.0	0,849	true	[007005, 007000, 007002, 007001, 007008, 007004, 007003, 007006]
5905	7	007005	007006	87	11.0	8.0	0,841	true	[007005, 007000, 007002, 007001, 007008, 007004, 007006]
5906	7	007005	007006	88	11.0	5.0	0,823	true	[007005, 007000, 007002, 007001, 007008, 007004, 007007, 007006]
5907	7	007005	007006	89	16.0	3.0	0,791	true	[007005, 007000, 007002, 007001, 007008, 007007, 007004, 007003, 007006]
5908	7	007005	007006	90	16.0	7.0	0,783	true	[007005, 007000, 007002, 007001, 007008, 007007, 007004, 007006]
5909	7	007005	007006	91	16.0	5.0	0,849	true	[007005, 007000, 007002, 007001, 007008, 007007, 007006]
5910	7	007005	007006	92	13.0	3.0	0,840	true	[007005, 007000, 007002, 007001, 007009, 007007, 007004, 007003, 007006]
5911	7	007005	007006	93	13.0	6.0	0,832	true	[007005, 007000, 007002, 007001, 007009, 007007, 007004, 007006]
5912	7	007005	007006	94	13.0	5.0	0,903	true	[007005, 007000, 007002, 007001, 007009, 007007, 007006]
5913	7	007005	007006	95	11.0	3.0	0,849	true	[007005, 007000, 007002, 007001, 007009, 007007, 007008, 007004, 007003, 007006]
5914	7	007005	007006	96	11.0	6.0	0,841	true	[007005, 007000, 007002, 007001, 007009, 007007, 007008, 007004, 007006]
5915	7	007005	007006	97	48.0	4.0	0,903	true	[007005, 007000, 007002, 007003, 007004, 007006]
5916	7	007005	007006	98	31.0	4.0	0,884	true	[007005, 007000, 007002, 007003, 007004, 007007, 007006]
5917	7	007005	007006	99	16.0	3.0	0,816	true	[007005, 007000, 007002, 007003, 007004, 007007, 007008, 007001, 007006]
5918	7	007005	007006	100	13.0	3.0	0,867	true	[007005, 007000, 007002, 007003, 007004, 007007, 007009, 007001, 007006]
5919	7	007005	007006	101	48.0	3.0	0,912	true	[007005, 007000, 007002, 007003, 007006]
5920	7	007005	007006	102	38.0	7.0	0,922	true	[007005, 007000, 007002, 007006]
5921	7	007005	007006	103	7.0	4.0	1,000	true	[007005, 007006]
5922	8	008005	008006	0	7.0	6.0	0,832	true	[008005, 008000, 008002, 008001, 008003, 008004, 008006]
5923	8	008005	008006	1	8.0	3.0	0,867	true	[008005, 008000, 008002, 008001, 008003, 008004, 008007, 008006]
5924	8	008005	008006	2	13.0	4.0	0,791	true	[008005, 008000, 008002, 008001, 008003, 008004, 008007, 008008, 008006]
5925	8	008005	008006	3	13.0	3.0	0,751	true	[008005, 008000, 008002, 008001, 008003, 008004, 008007, 008008, 008009, 008006]
5926	8	008005	008006	4	7.0	3.0	0,824	true	[008005, 008000, 008002, 008001, 008003, 008004, 008009, 008006]
5927	8	008005	008006	5	7.0	4.0	0,783	true	[008005, 008000, 008002, 008001, 008003, 008004, 008009, 008008, 008006]
5928	8	008005	008006	6	7.0	3.0	0,791	true	[008005, 008000, 008002, 008001, 008003, 008004, 008009, 008008, 008007, 008006]
5929	8	008005	008006	7	13.0	4.0	0,894	true	[008005, 008000, 008002, 008001, 008003, 008006]
5930	8	008005	008006	8	7.0	6.0	0,824	true	[008005, 008000, 008002, 008001, 008003, 008007, 008004, 008006]
5931	8	008005	008006	9	7.0	3.0	0,816	true	[008005, 008000, 008002, 008001, 008003, 008007, 008004, 008009, 008006]
5932	8	008005	008006	10	7.0	4.0	0,775	true	[008005, 008000, 008002, 008001, 008003, 008007, 008004, 008009, 008008, 008006]
5933	8	008005	008006	11	8.0	3.0	0,876	true	[008005, 008000, 008002, 008001, 008003, 008007, 008006]
5934	8	008005	008006	12	13.0	4.0	0,799	true	[008005, 008000, 008002, 008001, 008003, 008007, 008008, 008006]
5935	8	008005	008006	13	7.0	5.0	0,751	true	[008005, 008000, 008002, 008001, 008003, 008007, 008008, 008009, 008004, 008006]
5936	8	008005	008006	14	13.0	3.0	0,759	true	[008005, 008000, 008002, 008001, 008003, 008007, 008008, 008009, 008006]
5937	8	008005	008006	15	13.0	4.0	0,823	true	[008005, 008000, 008002, 008001, 008003, 008008, 008006]
5938	8	008005	008006	16	7.0	5.0	0,783	true	[008005, 008000, 008002, 008001, 008003, 008008, 008007, 008004, 008006]
5939	8	008005	008006	17	7.0	3.0	0,775	true	[008005, 008000, 008002, 008001, 008003, 008008, 008007, 008004, 008009, 008006]
5940	8	008005	008006	18	8.0	3.0	0,832	true	[008005, 008000, 008002, 008001, 008003, 008008, 008007, 008006]
5941	8	008005	008006	19	7.0	6.0	0,774	true	[008005, 008000, 008002, 008001, 008003, 008008, 008009, 008004, 008006]
5942	8	008005	008006	20	7.0	3.0	0,807	true	[008005, 008000, 008002, 008001, 008003, 008008, 008009, 008004, 008007, 008006]
5943	8	008005	008006	21	13.0	3.0	0,782	true	[008005, 008000, 008002, 008001, 008003, 008008, 008009, 008006]
5944	8	008005	008006	22	13.0	4.0	0,824	true	[008005, 008000, 008002, 008001, 008004, 008003, 008006]
5945	8	008005	008006	23	8.0	3.0	0,807	true	[008005, 008000, 008002, 008001, 008004, 008003, 008007, 008006]
5946	8	008005	008006	24	13.0	4.0	0,736	true	[008005, 008000, 008002, 008001, 008004, 008003, 008007, 008008, 008006]
5947	8	008005	008006	25	13.0	3.0	0,699	true	[008005, 008000, 008002, 008001, 008004, 008003, 008007, 008008, 008009, 008006]
5948	8	008005	008006	26	13.0	4.0	0,759	true	[008005, 008000, 008002, 008001, 008004, 008003, 008008, 008006]
5949	8	008005	008006	27	8.0	3.0	0,767	true	[008005, 008000, 008002, 008001, 008004, 008003, 008008, 008007, 008006]
5950	8	008005	008006	28	13.0	3.0	0,721	true	[008005, 008000, 008002, 008001, 008004, 008003, 008008, 008009, 008006]
5951	8	008005	008006	29	7.0	5.0	0,832	true	[008005, 008000, 008002, 008001, 008004, 008006]
5952	8	008005	008006	30	13.0	4.0	0,816	true	[008005, 008000, 008002, 008001, 008004, 008007, 008003, 008006]
5953	8	008005	008006	31	13.0	4.0	0,751	true	[008005, 008000, 008002, 008001, 008004, 008007, 008003, 008008, 008006]
5954	8	008005	008006	32	13.0	3.0	0,714	true	[008005, 008000, 008002, 008001, 008004, 008007, 008003, 008008, 008009, 008006]
5955	8	008005	008006	33	8.0	3.0	0,867	true	[008005, 008000, 008002, 008001, 008004, 008007, 008006]
5956	8	008005	008006	34	13.0	4.0	0,775	true	[008005, 008000, 008002, 008001, 008004, 008007, 008008, 008003, 008006]
5957	8	008005	008006	35	13.0	4.0	0,791	true	[008005, 008000, 008002, 008001, 008004, 008007, 008008, 008006]
5958	8	008005	008006	36	13.0	3.0	0,751	true	[008005, 008000, 008002, 008001, 008004, 008007, 008008, 008009, 008006]
5959	8	008005	008006	37	7.0	3.0	0,824	true	[008005, 008000, 008002, 008001, 008004, 008009, 008006]
5960	8	008005	008006	38	7.0	4.0	0,767	true	[008005, 008000, 008002, 008001, 008004, 008009, 008008, 008003, 008006]
5961	8	008005	008006	39	7.0	3.0	0,751	true	[008005, 008000, 008002, 008001, 008004, 008009, 008008, 008003, 008007, 008006]
5962	8	008005	008006	40	7.0	4.0	0,783	true	[008005, 008000, 008002, 008001, 008004, 008009, 008008, 008006]
5963	8	008005	008006	41	7.0	4.0	0,744	true	[008005, 008000, 008002, 008001, 008004, 008009, 008008, 008007, 008003, 008006]
5964	8	008005	008006	42	7.0	3.0	0,791	true	[008005, 008000, 008002, 008001, 008004, 008009, 008008, 008007, 008006]
5965	8	008005	008006	43	7.0	5.0	0,759	true	[008005, 008000, 008002, 008001, 008007, 008003, 008004, 008006]
5966	8	008005	008006	44	7.0	3.0	0,751	true	[008005, 008000, 008002, 008001, 008007, 008003, 008004, 008009, 008006]
5967	8	008005	008006	45	7.0	4.0	0,714	true	[008005, 008000, 008002, 008001, 008007, 008003, 008004, 008009, 008008, 008006]
5968	8	008005	008006	46	13.0	4.0	0,815	true	[008005, 008000, 008002, 008001, 008007, 008003, 008006]
5969	8	008005	008006	47	13.0	4.0	0,751	true	[008005, 008000, 008002, 008001, 008007, 008003, 008008, 008006]
5970	8	008005	008006	48	7.0	5.0	0,706	true	[008005, 008000, 008002, 008001, 008007, 008003, 008008, 008009, 008004, 008006]
5971	8	008005	008006	49	13.0	3.0	0,713	true	[008005, 008000, 008002, 008001, 008007, 008003, 008008, 008009, 008006]
5972	8	008005	008006	50	13.0	4.0	0,807	true	[008005, 008000, 008002, 008001, 008007, 008004, 008003, 008006]
5973	8	008005	008006	51	13.0	4.0	0,743	true	[008005, 008000, 008002, 008001, 008007, 008004, 008003, 008008, 008006]
5974	8	008005	008006	52	13.0	3.0	0,706	true	[008005, 008000, 008002, 008001, 008007, 008004, 008003, 008008, 008009, 008006]
5975	8	008005	008006	53	7.0	5.0	0,815	true	[008005, 008000, 008002, 008001, 008007, 008004, 008006]
5976	8	008005	008006	54	7.0	3.0	0,807	true	[008005, 008000, 008002, 008001, 008007, 008004, 008009, 008006]
5977	8	008005	008006	55	7.0	4.0	0,751	true	[008005, 008000, 008002, 008001, 008007, 008004, 008009, 008008, 008003, 008006]
5978	8	008005	008006	56	7.0	4.0	0,767	true	[008005, 008000, 008002, 008001, 008007, 008004, 008009, 008008, 008006]
5979	8	008005	008006	57	8.0	3.0	0,867	true	[008005, 008000, 008002, 008001, 008007, 008006]
5980	8	008005	008006	58	7.0	5.0	0,721	true	[008005, 008000, 008002, 008001, 008007, 008008, 008003, 008004, 008006]
5981	8	008005	008006	59	7.0	3.0	0,714	true	[008005, 008000, 008002, 008001, 008007, 008008, 008003, 008004, 008009, 008006]
5982	8	008005	008006	60	13.0	4.0	0,775	true	[008005, 008000, 008002, 008001, 008007, 008008, 008003, 008006]
5983	8	008005	008006	61	13.0	4.0	0,790	true	[008005, 008000, 008002, 008001, 008007, 008008, 008006]
5984	8	008005	008006	62	7.0	4.0	0,736	true	[008005, 008000, 008002, 008001, 008007, 008008, 008009, 008004, 008003, 008006]
5985	8	008005	008006	63	7.0	5.0	0,743	true	[008005, 008000, 008002, 008001, 008007, 008008, 008009, 008004, 008006]
5986	8	008005	008006	64	13.0	3.0	0,751	true	[008005, 008000, 008002, 008001, 008007, 008008, 008009, 008006]
5987	8	008005	008006	65	7.0	3.0	0,816	true	[008005, 008000, 008002, 008001, 008009, 008004, 008003, 008006]
5988	8	008005	008006	66	7.0	3.0	0,799	true	[008005, 008000, 008002, 008001, 008009, 008004, 008003, 008007, 008006]
5989	8	008005	008006	67	7.0	3.0	0,729	true	[008005, 008000, 008002, 008001, 008009, 008004, 008003, 008007, 008008, 008006]
5990	8	008005	008006	68	7.0	3.0	0,751	true	[008005, 008000, 008002, 008001, 008009, 008004, 008003, 008008, 008006]
5991	8	008005	008006	69	7.0	3.0	0,759	true	[008005, 008000, 008002, 008001, 008009, 008004, 008003, 008008, 008007, 008006]
5992	8	008005	008006	70	7.0	3.0	0,824	true	[008005, 008000, 008002, 008001, 008009, 008004, 008006]
5993	8	008005	008006	71	7.0	3.0	0,808	true	[008005, 008000, 008002, 008001, 008009, 008004, 008007, 008003, 008006]
5994	8	008005	008006	72	7.0	3.0	0,744	true	[008005, 008000, 008002, 008001, 008009, 008004, 008007, 008003, 008008, 008006]
5995	8	008005	008006	73	7.0	3.0	0,858	true	[008005, 008000, 008002, 008001, 008009, 008004, 008007, 008006]
5996	8	008005	008006	74	7.0	3.0	0,767	true	[008005, 008000, 008002, 008001, 008009, 008004, 008007, 008008, 008003, 008006]
5997	8	008005	008006	75	7.0	3.0	0,783	true	[008005, 008000, 008002, 008001, 008009, 008004, 008007, 008008, 008006]
5998	8	008005	008006	76	13.0	3.0	0,832	true	[008005, 008000, 008002, 008001, 008009, 008006]
5999	8	008005	008006	77	7.0	3.0	0,721	true	[008005, 008000, 008002, 008001, 008009, 008008, 008003, 008004, 008006]
6000	8	008005	008006	78	8.0	3.0	0,751	true	[008005, 008000, 008002, 008001, 008009, 008008, 008003, 008004, 008007, 008006]
6001	8	008005	008006	79	13.0	3.0	0,775	true	[008005, 008000, 008002, 008001, 008009, 008008, 008003, 008006]
6002	8	008005	008006	80	7.0	3.0	0,714	true	[008005, 008000, 008002, 008001, 008009, 008008, 008003, 008007, 008004, 008006]
6003	8	008005	008006	81	8.0	3.0	0,759	true	[008005, 008000, 008002, 008001, 008009, 008008, 008003, 008007, 008006]
6004	8	008005	008006	82	13.0	3.0	0,790	true	[008005, 008000, 008002, 008001, 008009, 008008, 008006]
6005	8	008005	008006	83	7.0	3.0	0,699	true	[008005, 008000, 008002, 008001, 008009, 008008, 008007, 008003, 008004, 008006]
6006	8	008005	008006	84	13.0	3.0	0,752	true	[008005, 008000, 008002, 008001, 008009, 008008, 008007, 008003, 008006]
6007	8	008005	008006	85	13.0	3.0	0,744	true	[008005, 008000, 008002, 008001, 008009, 008008, 008007, 008004, 008003, 008006]
6008	8	008005	008006	86	7.0	3.0	0,751	true	[008005, 008000, 008002, 008001, 008009, 008008, 008007, 008004, 008006]
6009	8	008005	008006	87	8.0	3.0	0,799	true	[008005, 008000, 008002, 008001, 008009, 008008, 008007, 008006]
6010	8	008005	008006	88	19.0	3.0	0,841	true	[008005, 008000, 008002, 008004, 008001, 008003, 008006]
6011	8	008005	008006	89	8.0	3.0	0,824	true	[008005, 008000, 008002, 008004, 008001, 008003, 008007, 008006]
6012	8	008005	008006	90	18.0	3.0	0,751	true	[008005, 008000, 008002, 008004, 008001, 008003, 008007, 008008, 008006]
6013	8	008005	008006	91	18.0	3.0	0,714	true	[008005, 008000, 008002, 008004, 008001, 008003, 008007, 008008, 008009, 008006]
6014	8	008005	008006	92	19.0	3.0	0,774	true	[008005, 008000, 008002, 008004, 008001, 008003, 008008, 008006]
6015	8	008005	008006	93	8.0	3.0	0,783	true	[008005, 008000, 008002, 008004, 008001, 008003, 008008, 008007, 008006]
6016	8	008005	008006	94	19.0	3.0	0,736	true	[008005, 008000, 008002, 008004, 008001, 008003, 008008, 008009, 008006]
6017	8	008005	008006	95	18.0	3.0	0,767	true	[008005, 008000, 008002, 008004, 008001, 008007, 008003, 008006]
6018	8	008005	008006	96	18.0	3.0	0,706	true	[008005, 008000, 008002, 008004, 008001, 008007, 008003, 008008, 008006]
6019	8	008005	008006	97	18.0	3.0	0,671	true	[008005, 008000, 008002, 008004, 008001, 008007, 008003, 008008, 008009, 008006]
6020	8	008005	008006	98	8.0	3.0	0,815	true	[008005, 008000, 008002, 008004, 008001, 008007, 008006]
6021	8	008005	008006	99	19.0	3.0	0,729	true	[008005, 008000, 008002, 008004, 008001, 008007, 008008, 008003, 008006]
6022	8	008005	008006	100	19.0	3.0	0,743	true	[008005, 008000, 008002, 008004, 008001, 008007, 008008, 008006]
6023	8	008005	008006	101	7.0	3.0	0,849	true	[008005, 008000, 008002, 008004, 008006]
6024	8	008005	008006	102	13.0	6.0	0,980	true	[008005, 008000, 008006]
6025	9	009004	009007	0	6.0	4.0	0,859	true	[009004, 009000, 009001, 009002, 009003, 009005, 009008, 009007]
6026	9	009004	009007	1	6.0	4.0	0,858	true	[009004, 009000, 009001, 009002, 009003, 009008, 009007]
6027	9	009004	009007	2	6.0	4.0	0,850	true	[009004, 009000, 009001, 009002, 009003, 009009, 009008, 009007]
6028	9	009004	009007	3	6.0	4.0	0,824	true	[009004, 009000, 009001, 009002, 009005, 009003, 009008, 009007]
6029	9	009004	009007	4	6.0	4.0	0,816	true	[009004, 009000, 009001, 009002, 009005, 009003, 009009, 009008, 009007]
6030	9	009004	009007	5	6.0	4.0	0,841	true	[009004, 009000, 009001, 009002, 009005, 009008, 009007]
6031	9	009004	009007	6	6.0	4.0	0,922	true	[009004, 009000, 009001, 009002, 009007]
6032	9	009004	009007	7	6.0	3.0	0,894	true	[009004, 009000, 009001, 009002, 009008, 009007]
6033	9	009004	009007	8	6.0	3.0	0,791	true	[009004, 009000, 009001, 009002, 009009, 009003, 009005, 009008, 009007]
6034	9	009004	009007	9	6.0	3.0	0,791	true	[009004, 009000, 009001, 009002, 009009, 009003, 009008, 009007]
6035	9	009004	009007	10	6.0	3.0	0,850	true	[009004, 009000, 009001, 009002, 009009, 009008, 009007]
6036	9	009004	009007	11	6.0	4.0	0,824	true	[009004, 009000, 009001, 009003, 009002, 009005, 009008, 009007]
6037	9	009004	009007	12	6.0	4.0	0,903	true	[009004, 009000, 009001, 009003, 009002, 009007]
6038	9	009004	009007	13	6.0	3.0	0,876	true	[009004, 009000, 009001, 009003, 009002, 009008, 009007]
6039	9	009004	009007	14	6.0	3.0	0,832	true	[009004, 009000, 009001, 009003, 009002, 009009, 009008, 009007]
6040	9	009004	009007	15	6.0	4.0	0,867	true	[009004, 009000, 009001, 009003, 009005, 009002, 009007]
6041	9	009004	009007	16	6.0	3.0	0,841	true	[009004, 009000, 009001, 009003, 009005, 009002, 009008, 009007]
6042	9	009004	009007	17	6.0	3.0	0,799	true	[009004, 009000, 009001, 009003, 009005, 009002, 009009, 009008, 009007]
6043	9	009004	009007	18	6.0	3.0	0,850	true	[009004, 009000, 009001, 009003, 009005, 009008, 009002, 009007]
6044	9	009004	009007	19	6.0	4.0	0,841	true	[009004, 009000, 009001, 009003, 009005, 009008, 009007]
6045	9	009004	009007	20	6.0	3.0	0,808	true	[009004, 009000, 009001, 009003, 009005, 009008, 009009, 009002, 009007]
6046	9	009004	009007	21	6.0	3.0	0,850	true	[009004, 009000, 009001, 009003, 009008, 009002, 009007]
6047	9	009004	009007	22	6.0	4.0	0,799	true	[009004, 009000, 009001, 009003, 009008, 009005, 009002, 009007]
6048	9	009004	009007	23	6.0	4.0	0,841	true	[009004, 009000, 009001, 009003, 009008, 009007]
6049	9	009004	009007	24	6.0	3.0	0,807	true	[009004, 009000, 009001, 009003, 009008, 009009, 009002, 009007]
6050	9	009004	009007	25	6.0	3.0	0,759	true	[009004, 009000, 009001, 009003, 009009, 009002, 009005, 009008, 009007]
6051	9	009004	009007	26	6.0	3.0	0,832	true	[009004, 009000, 009001, 009003, 009009, 009002, 009007]
6052	9	009004	009007	27	6.0	3.0	0,807	true	[009004, 009000, 009001, 009003, 009009, 009002, 009008, 009007]
6053	9	009004	009007	28	6.0	3.0	0,841	true	[009004, 009000, 009001, 009003, 009009, 009008, 009002, 009007]
6054	9	009004	009007	29	6.0	4.0	0,791	true	[009004, 009000, 009001, 009003, 009009, 009008, 009005, 009002, 009007]
6055	9	009004	009007	30	6.0	4.0	0,832	true	[009004, 009000, 009001, 009003, 009009, 009008, 009007]
6056	9	009004	009007	31	6.0	3.0	0,922	true	[009004, 009000, 009001, 009008, 009002, 009007]
6057	9	009004	009007	32	6.0	4.0	0,885	true	[009004, 009000, 009001, 009008, 009003, 009002, 009007]
6058	9	009004	009007	33	6.0	4.0	0,850	true	[009004, 009000, 009001, 009008, 009003, 009005, 009002, 009007]
6059	9	009004	009007	34	6.0	3.0	0,816	true	[009004, 009000, 009001, 009008, 009003, 009009, 009002, 009007]
6060	9	009004	009007	35	6.0	4.0	0,868	true	[009004, 009000, 009001, 009008, 009005, 009002, 009007]
6061	9	009004	009007	36	6.0	4.0	0,886	true	[009004, 009000, 009001, 009008, 009005, 009003, 009002, 009007]
6062	9	009004	009007	37	6.0	3.0	0,816	true	[009004, 009000, 009001, 009008, 009005, 009003, 009009, 009002, 009007]
6063	9	009004	009007	38	6.0	4.0	0,913	true	[009004, 009000, 009001, 009008, 009007]
6064	9	009004	009007	39	6.0	3.0	0,877	true	[009004, 009000, 009001, 009008, 009009, 009002, 009007]
6065	9	009004	009007	40	6.0	4.0	0,877	true	[009004, 009000, 009001, 009008, 009009, 009003, 009002, 009007]
6066	9	009004	009007	41	6.0	4.0	0,842	true	[009004, 009000, 009001, 009008, 009009, 009003, 009005, 009002, 009007]
6067	9	009004	009007	42	6.0	3.0	0,833	true	[009004, 009000, 009001, 009009, 009002, 009003, 009005, 009008, 009007]
6068	9	009004	009007	43	6.0	3.0	0,832	true	[009004, 009000, 009001, 009009, 009002, 009003, 009008, 009007]
6069	9	009004	009007	44	6.0	3.0	0,799	true	[009004, 009000, 009001, 009009, 009002, 009005, 009003, 009008, 009007]
6070	9	009004	009007	45	6.0	3.0	0,816	true	[009004, 009000, 009001, 009009, 009002, 009005, 009008, 009007]
6071	9	009004	009007	46	6.0	3.0	0,895	true	[009004, 009000, 009001, 009009, 009002, 009007]
6072	9	009004	009007	47	6.0	3.0	0,867	true	[009004, 009000, 009001, 009009, 009002, 009008, 009007]
6073	9	009004	009007	48	6.0	4.0	0,816	true	[009004, 009000, 009001, 009009, 009003, 009002, 009005, 009008, 009007]
6074	9	009004	009007	49	6.0	4.0	0,895	true	[009004, 009000, 009001, 009009, 009003, 009002, 009007]
6075	9	009004	009007	50	6.0	3.0	0,867	true	[009004, 009000, 009001, 009009, 009003, 009002, 009008, 009007]
6076	9	009004	009007	51	6.0	4.0	0,859	true	[009004, 009000, 009001, 009009, 009003, 009005, 009002, 009007]
6077	9	009004	009007	52	6.0	3.0	0,833	true	[009004, 009000, 009001, 009009, 009003, 009005, 009002, 009008, 009007]
6078	9	009004	009007	53	6.0	3.0	0,842	true	[009004, 009000, 009001, 009009, 009003, 009005, 009008, 009002, 009007]
6079	9	009004	009007	54	6.0	4.0	0,833	true	[009004, 009000, 009001, 009009, 009003, 009005, 009008, 009007]
6080	9	009004	009007	55	6.0	3.0	0,841	true	[009004, 009000, 009001, 009009, 009003, 009008, 009002, 009007]
6081	9	009004	009007	56	6.0	4.0	0,791	true	[009004, 009000, 009001, 009009, 009003, 009008, 009005, 009002, 009007]
6082	9	009004	009007	57	6.0	4.0	0,832	true	[009004, 009000, 009001, 009009, 009003, 009008, 009007]
6083	9	009004	009007	58	6.0	3.0	0,904	true	[009004, 009000, 009001, 009009, 009008, 009002, 009007]
6084	9	009004	009007	59	6.0	4.0	0,867	true	[009004, 009000, 009001, 009009, 009008, 009003, 009002, 009007]
6085	9	009004	009007	60	6.0	4.0	0,833	true	[009004, 009000, 009001, 009009, 009008, 009003, 009005, 009002, 009007]
6086	9	009004	009007	61	6.0	4.0	0,850	true	[009004, 009000, 009001, 009009, 009008, 009005, 009002, 009007]
6087	9	009004	009007	62	6.0	4.0	0,868	true	[009004, 009000, 009001, 009009, 009008, 009005, 009003, 009002, 009007]
6088	9	009004	009007	63	6.0	4.0	0,895	true	[009004, 009000, 009001, 009009, 009008, 009007]
6089	9	009004	009007	64	6.0	3.0	0,791	true	[009004, 009000, 009002, 009001, 009003, 009005, 009008, 009007]
6090	9	009004	009007	65	6.0	3.0	0,790	true	[009004, 009000, 009002, 009001, 009003, 009008, 009007]
6091	9	009004	009007	66	6.0	3.0	0,783	true	[009004, 009000, 009002, 009001, 009003, 009009, 009008, 009007]
6092	9	009004	009007	67	6.0	3.0	0,858	true	[009004, 009000, 009002, 009001, 009008, 009007]
6093	9	009004	009007	68	6.0	3.0	0,783	true	[009004, 009000, 009002, 009001, 009009, 009003, 009005, 009008, 009007]
6094	9	009004	009007	69	6.0	3.0	0,783	true	[009004, 009000, 009002, 009001, 009009, 009003, 009008, 009007]
6095	9	009004	009007	70	6.0	3.0	0,841	true	[009004, 009000, 009002, 009001, 009009, 009008, 009007]
6096	9	009004	009007	71	6.0	3.0	0,841	true	[009004, 009000, 009002, 009003, 009001, 009008, 009007]
6097	9	009004	009007	72	6.0	3.0	0,824	true	[009004, 009000, 009002, 009003, 009001, 009009, 009008, 009007]
6098	9	009004	009007	73	6.0	3.0	0,858	true	[009004, 009000, 009002, 009003, 009005, 009008, 009007]
6099	9	009004	009007	74	6.0	3.0	0,858	true	[009004, 009000, 009002, 009003, 009008, 009007]
6100	9	009004	009007	75	6.0	3.0	0,832	true	[009004, 009000, 009002, 009003, 009009, 009001, 009008, 009007]
6101	9	009004	009007	76	6.0	3.0	0,849	true	[009004, 009000, 009002, 009003, 009009, 009008, 009007]
6102	9	009004	009007	77	6.0	3.0	0,807	true	[009004, 009000, 009002, 009005, 009003, 009001, 009008, 009007]
6103	9	009004	009007	78	6.0	3.0	0,791	true	[009004, 009000, 009002, 009005, 009003, 009001, 009009, 009008, 009007]
6104	9	009004	009007	79	6.0	3.0	0,824	true	[009004, 009000, 009002, 009005, 009003, 009008, 009007]
6105	9	009004	009007	80	6.0	3.0	0,799	true	[009004, 009000, 009002, 009005, 009003, 009009, 009001, 009008, 009007]
6106	9	009004	009007	81	6.0	3.0	0,816	true	[009004, 009000, 009002, 009005, 009003, 009009, 009008, 009007]
6107	9	009004	009007	82	6.0	3.0	0,841	true	[009004, 009000, 009002, 009005, 009008, 009007]
6108	9	009004	009007	83	6.0	3.0	0,922	true	[009004, 009000, 009002, 009007]
6109	9	009004	009007	84	6.0	3.0	0,894	true	[009004, 009000, 009002, 009008, 009007]
6110	9	009004	009007	85	6.0	3.0	0,767	true	[009004, 009000, 009002, 009009, 009001, 009003, 009005, 009008, 009007]
6111	9	009004	009007	86	6.0	3.0	0,767	true	[009004, 009000, 009002, 009009, 009001, 009003, 009008, 009007]
6112	9	009004	009007	87	6.0	3.0	0,832	true	[009004, 009000, 009002, 009009, 009001, 009008, 009007]
6113	9	009004	009007	88	6.0	3.0	0,775	true	[009004, 009000, 009002, 009009, 009003, 009001, 009008, 009007]
6114	9	009004	009007	89	6.0	3.0	0,791	true	[009004, 009000, 009002, 009009, 009003, 009005, 009008, 009007]
6115	9	009004	009007	90	6.0	3.0	0,790	true	[009004, 009000, 009002, 009009, 009003, 009008, 009007]
6116	9	009004	009007	91	6.0	3.0	0,849	true	[009004, 009000, 009002, 009009, 009008, 009007]
6117	9	009004	009007	92	6.0	4.0	0,791	true	[009004, 009000, 009005, 009002, 009001, 009003, 009008, 009007]
6118	9	009004	009007	93	6.0	4.0	0,783	true	[009004, 009000, 009005, 009002, 009001, 009003, 009009, 009008, 009007]
6119	9	009004	009007	94	6.0	4.0	0,859	true	[009004, 009000, 009005, 009002, 009001, 009008, 009007]
6120	9	009004	009007	95	6.0	4.0	0,783	true	[009004, 009000, 009005, 009002, 009001, 009009, 009003, 009008, 009007]
6121	9	009004	009007	96	6.0	4.0	0,842	true	[009004, 009000, 009005, 009002, 009001, 009009, 009008, 009007]
6122	9	009004	009007	97	6.0	4.0	0,841	true	[009004, 009000, 009005, 009002, 009003, 009001, 009008, 009007]
6123	9	009004	009007	98	6.0	4.0	0,824	true	[009004, 009000, 009005, 009002, 009003, 009001, 009009, 009008, 009007]
6124	9	009004	009007	99	6.0	4.0	0,858	true	[009004, 009000, 009005, 009002, 009003, 009008, 009007]
6125	9	009004	009007	100	6.0	4.0	0,833	true	[009004, 009000, 009005, 009002, 009003, 009009, 009001, 009008, 009007]
6126	9	009004	009007	101	6.0	4.0	0,922	true	[009004, 009000, 009005, 009002, 009007]
6127	9	009004	009007	102	6.0	4.0	0,960	true	[009004, 009000, 009007]
6128	9	009004	009007	103	41.0	7.0	0,990	true	[009004, 009007]
6129	10	010000	010009	0	22.0	3.0	0,832	true	[010000, 010001, 010003, 010002, 010005, 010006, 010004, 010008, 010009]
6130	10	010000	010009	1	22.0	6.0	0,824	true	[010000, 010001, 010003, 010002, 010005, 010006, 010007, 010008, 010009]
6131	10	010000	010009	2	10.0	3.0	0,767	true	[010000, 010001, 010003, 010002, 010005, 010007, 010006, 010004, 010008, 010009]
6132	10	010000	010009	3	10.0	3.0	0,824	true	[010000, 010001, 010003, 010002, 010005, 010007, 010008, 010009]
6133	10	010000	010009	4	22.0	6.0	0,849	true	[010000, 010001, 010003, 010002, 010005, 010008, 010009]
6134	10	010000	010009	5	22.0	5.0	0,876	true	[010000, 010001, 010003, 010002, 010005, 010009]
6135	10	010000	010009	6	10.0	3.0	0,791	true	[010000, 010001, 010003, 010002, 010007, 010005, 010006, 010004, 010008, 010009]
6136	10	010000	010009	7	10.0	3.0	0,807	true	[010000, 010001, 010003, 010002, 010007, 010005, 010008, 010009]
6137	10	010000	010009	8	10.0	3.0	0,832	true	[010000, 010001, 010003, 010002, 010007, 010005, 010009]
6138	10	010000	010009	9	26.0	3.0	0,767	true	[010000, 010001, 010003, 010002, 010007, 010006, 010004, 010008, 010005, 010009]
6139	10	010000	010009	10	26.0	3.0	0,791	true	[010000, 010001, 010003, 010002, 010007, 010006, 010004, 010008, 010009]
6140	10	010000	010009	11	26.0	6.0	0,807	true	[010000, 010001, 010003, 010002, 010007, 010006, 010005, 010008, 010009]
6141	10	010000	010009	12	26.0	5.0	0,832	true	[010000, 010001, 010003, 010002, 010007, 010006, 010005, 010009]
6142	10	010000	010009	13	26.0	3.0	0,807	true	[010000, 010001, 010003, 010002, 010007, 010008, 010004, 010006, 010005, 010009]
6143	10	010000	010009	14	26.0	5.0	0,824	true	[010000, 010001, 010003, 010002, 010007, 010008, 010005, 010009]
6144	10	010000	010009	15	26.0	6.0	0,850	true	[010000, 010001, 010003, 010002, 010007, 010008, 010009]
6145	10	010000	010009	16	26.0	3.0	0,824	true	[010000, 010001, 010003, 010002, 010008, 010004, 010006, 010005, 010009]
6146	10	010000	010009	17	10.0	3.0	0,759	true	[010000, 010001, 010003, 010002, 010008, 010004, 010006, 010007, 010005, 010009]
6147	10	010000	010009	18	26.0	5.0	0,841	true	[010000, 010001, 010003, 010002, 010008, 010005, 010009]
6148	10	010000	010009	19	10.0	3.0	0,816	true	[010000, 010001, 010003, 010002, 010008, 010007, 010005, 010009]
6149	10	010000	010009	20	26.0	5.0	0,816	true	[010000, 010001, 010003, 010002, 010008, 010007, 010006, 010005, 010009]
6150	10	010000	010009	21	26.0	6.0	0,867	true	[010000, 010001, 010003, 010002, 010008, 010009]
6151	10	010000	010009	22	26.0	6.0	0,912	true	[010000, 010001, 010003, 010002, 010009]
6152	10	010000	010009	23	22.0	3.0	0,832	true	[010000, 010001, 010003, 010004, 010006, 010005, 010002, 010007, 010008, 010009]
6153	10	010000	010009	24	22.0	3.0	0,849	true	[010000, 010001, 010003, 010004, 010006, 010005, 010002, 010008, 010009]
6154	10	010000	010009	25	22.0	3.0	0,894	true	[010000, 010001, 010003, 010004, 010006, 010005, 010002, 010009]
6155	10	010000	010009	26	10.0	3.0	0,807	true	[010000, 010001, 010003, 010004, 010006, 010005, 010007, 010002, 010008, 010009]
6156	10	010000	010009	27	10.0	3.0	0,850	true	[010000, 010001, 010003, 010004, 010006, 010005, 010007, 010002, 010009]
6157	10	010000	010009	28	10.0	3.0	0,833	true	[010000, 010001, 010003, 010004, 010006, 010005, 010007, 010008, 010002, 010009]
6158	10	010000	010009	29	10.0	3.0	0,807	true	[010000, 010001, 010003, 010004, 010006, 010005, 010007, 010008, 010009]
6159	10	010000	010009	30	26.0	3.0	0,859	true	[010000, 010001, 010003, 010004, 010006, 010005, 010008, 010002, 010009]
6160	10	010000	010009	31	26.0	3.0	0,841	true	[010000, 010001, 010003, 010004, 010006, 010005, 010008, 010007, 010002, 010009]
6161	10	010000	010009	32	26.0	3.0	0,832	true	[010000, 010001, 010003, 010004, 010006, 010005, 010008, 010009]
6162	10	010000	010009	33	26.0	3.0	0,858	true	[010000, 010001, 010003, 010004, 010006, 010005, 010009]
6163	10	010000	010009	34	22.0	3.0	0,791	true	[010000, 010001, 010003, 010004, 010006, 010007, 010002, 010005, 010008, 010009]
6164	10	010000	010009	35	22.0	3.0	0,815	true	[010000, 010001, 010003, 010004, 010006, 010007, 010002, 010005, 010009]
6165	10	010000	010009	36	26.0	3.0	0,783	true	[010000, 010001, 010003, 010004, 010006, 010007, 010002, 010008, 010005, 010009]
6166	10	010000	010009	37	26.0	3.0	0,807	true	[010000, 010001, 010003, 010004, 010006, 010007, 010002, 010008, 010009]
6167	10	010000	010009	38	26.0	3.0	0,850	true	[010000, 010001, 010003, 010004, 010006, 010007, 010002, 010009]
6168	10	010000	010009	39	10.0	3.0	0,783	true	[010000, 010001, 010003, 010004, 010006, 010007, 010005, 010002, 010008, 010009]
6169	10	010000	010009	40	10.0	3.0	0,824	true	[010000, 010001, 010003, 010004, 010006, 010007, 010005, 010002, 010009]
6170	10	010000	010009	41	10.0	3.0	0,791	true	[010000, 010001, 010003, 010004, 010006, 010007, 010005, 010008, 010002, 010009]
6171	10	010000	010009	42	10.0	3.0	0,767	true	[010000, 010001, 010003, 010004, 010006, 010007, 010005, 010008, 010009]
6172	10	010000	010009	43	10.0	3.0	0,791	true	[010000, 010001, 010003, 010004, 010006, 010007, 010005, 010009]
6173	10	010000	010009	44	22.0	3.0	0,799	true	[010000, 010001, 010003, 010004, 010006, 010007, 010008, 010002, 010005, 010009]
6174	10	010000	010009	45	26.0	3.0	0,833	true	[010000, 010001, 010003, 010004, 010006, 010007, 010008, 010002, 010009]
6175	10	010000	010009	46	22.0	3.0	0,816	true	[010000, 010001, 010003, 010004, 010006, 010007, 010008, 010005, 010002, 010009]
6176	10	010000	010009	47	26.0	3.0	0,783	true	[010000, 010001, 010003, 010004, 010006, 010007, 010008, 010005, 010009]
6177	10	010000	010009	48	26.0	3.0	0,807	true	[010000, 010001, 010003, 010004, 010006, 010007, 010008, 010009]
6178	10	010000	010009	49	22.0	4.0	0,824	true	[010000, 010001, 010003, 010004, 010008, 010002, 010005, 010009]
6179	10	010000	010009	50	10.0	3.0	0,783	true	[010000, 010001, 010003, 010004, 010008, 010002, 010007, 010005, 010009]
6180	10	010000	010009	51	26.0	4.0	0,783	true	[010000, 010001, 010003, 010004, 010008, 010002, 010007, 010006, 010005, 010009]
6181	10	010000	010009	52	26.0	4.0	0,858	true	[010000, 010001, 010003, 010004, 010008, 010002, 010009]
6182	10	010000	010009	53	22.0	4.0	0,841	true	[010000, 010001, 010003, 010004, 010008, 010005, 010002, 010009]
6183	10	010000	010009	54	26.0	4.0	0,799	true	[010000, 010001, 010003, 010004, 010008, 010005, 010006, 010007, 010002, 010009]
6184	10	010000	010009	55	10.0	3.0	0,799	true	[010000, 010001, 010003, 010004, 010008, 010005, 010007, 010002, 010009]
6185	10	010000	010009	56	26.0	4.0	0,807	true	[010000, 010001, 010003, 010004, 010008, 010005, 010009]
6186	10	010000	010009	57	22.0	4.0	0,807	true	[010000, 010001, 010003, 010004, 010008, 010007, 010002, 010005, 010009]
6187	10	010000	010009	58	26.0	4.0	0,841	true	[010000, 010001, 010003, 010004, 010008, 010007, 010002, 010009]
6188	10	010000	010009	59	10.0	3.0	0,816	true	[010000, 010001, 010003, 010004, 010008, 010007, 010005, 010002, 010009]
6189	10	010000	010009	60	10.0	3.0	0,783	true	[010000, 010001, 010003, 010004, 010008, 010007, 010005, 010009]
6190	10	010000	010009	61	22.0	4.0	0,816	true	[010000, 010001, 010003, 010004, 010008, 010007, 010006, 010005, 010002, 010009]
6191	10	010000	010009	62	26.0	4.0	0,783	true	[010000, 010001, 010003, 010004, 010008, 010007, 010006, 010005, 010009]
6192	10	010000	010009	63	26.0	4.0	0,832	true	[010000, 010001, 010003, 010004, 010008, 010009]
6193	10	010000	010009	64	19.0	3.0	0,799	true	[010000, 010001, 010003, 010005, 010002, 010007, 010006, 010004, 010008, 010009]
6194	10	010000	010009	65	19.0	6.0	0,858	true	[010000, 010001, 010003, 010005, 010002, 010007, 010008, 010009]
6195	10	010000	010009	66	19.0	6.0	0,876	true	[010000, 010001, 010003, 010005, 010002, 010008, 010009]
6196	10	010000	010009	67	19.0	6.0	0,922	true	[010000, 010001, 010003, 010005, 010002, 010009]
6197	10	010000	010009	68	19.0	3.0	0,867	true	[010000, 010001, 010003, 010005, 010006, 010004, 010008, 010002, 010009]
6198	10	010000	010009	69	19.0	3.0	0,850	true	[010000, 010001, 010003, 010005, 010006, 010004, 010008, 010007, 010002, 010009]
6199	10	010000	010009	70	19.0	3.0	0,841	true	[010000, 010001, 010003, 010005, 010006, 010004, 010008, 010009]
6200	10	010000	010009	71	19.0	6.0	0,832	true	[010000, 010001, 010003, 010005, 010006, 010007, 010002, 010008, 010009]
6201	10	010000	010009	72	19.0	6.0	0,876	true	[010000, 010001, 010003, 010005, 010006, 010007, 010002, 010009]
6202	10	010000	010009	73	19.0	6.0	0,859	true	[010000, 010001, 010003, 010005, 010006, 010007, 010008, 010002, 010009]
6203	10	010000	010009	74	19.0	6.0	0,832	true	[010000, 010001, 010003, 010005, 010006, 010007, 010008, 010009]
6204	10	010000	010009	75	10.0	3.0	0,832	true	[010000, 010001, 010003, 010005, 010007, 010002, 010008, 010009]
6205	10	010000	010009	76	10.0	3.0	0,876	true	[010000, 010001, 010003, 010005, 010007, 010002, 010009]
6206	10	010000	010009	77	10.0	3.0	0,799	true	[010000, 010001, 010003, 010005, 010007, 010006, 010004, 010008, 010002, 010009]
6207	10	010000	010009	78	10.0	3.0	0,775	true	[010000, 010001, 010003, 010005, 010007, 010006, 010004, 010008, 010009]
6208	10	010000	010009	79	10.0	3.0	0,859	true	[010000, 010001, 010003, 010005, 010007, 010008, 010002, 010009]
6209	10	010000	010009	80	10.0	3.0	0,832	true	[010000, 010001, 010003, 010005, 010007, 010008, 010009]
6210	10	010000	010009	81	19.0	6.0	0,885	true	[010000, 010001, 010003, 010005, 010008, 010002, 010009]
6211	10	010000	010009	82	19.0	3.0	0,808	true	[010000, 010001, 010003, 010005, 010008, 010004, 010006, 010007, 010002, 010009]
6212	10	010000	010009	83	19.0	6.0	0,867	true	[010000, 010001, 010003, 010005, 010008, 010007, 010002, 010009]
6213	10	010000	010009	84	19.0	6.0	0,858	true	[010000, 010001, 010003, 010005, 010008, 010009]
6214	10	010000	010009	85	19.0	5.0	0,885	true	[010000, 010001, 010003, 010005, 010009]
6215	10	010000	010009	86	22.0	3.0	0,832	true	[010000, 010001, 010003, 010006, 010004, 010008, 010002, 010005, 010009]
6216	10	010000	010009	87	10.0	3.0	0,791	true	[010000, 010001, 010003, 010006, 010004, 010008, 010002, 010007, 010005, 010009]
6217	10	010000	010009	88	26.0	3.0	0,867	true	[010000, 010001, 010003, 010006, 010004, 010008, 010002, 010009]
6218	10	010000	010009	89	22.0	3.0	0,850	true	[010000, 010001, 010003, 010006, 010004, 010008, 010005, 010002, 010009]
6219	10	010000	010009	90	10.0	3.0	0,808	true	[010000, 010001, 010003, 010006, 010004, 010008, 010005, 010007, 010002, 010009]
6220	10	010000	010009	91	26.0	3.0	0,815	true	[010000, 010001, 010003, 010006, 010004, 010008, 010005, 010009]
6221	10	010000	010009	92	22.0	3.0	0,816	true	[010000, 010001, 010003, 010006, 010004, 010008, 010007, 010002, 010005, 010009]
6222	10	010000	010009	93	26.0	3.0	0,850	true	[010000, 010001, 010003, 010006, 010004, 010008, 010007, 010002, 010009]
6223	10	010000	010009	94	10.0	3.0	0,824	true	[010000, 010001, 010003, 010006, 010004, 010008, 010007, 010005, 010002, 010009]
6224	10	010000	010009	95	10.0	3.0	0,791	true	[010000, 010001, 010003, 010006, 010004, 010008, 010007, 010005, 010009]
6225	10	010000	010009	96	26.0	3.0	0,841	true	[010000, 010001, 010003, 010006, 010004, 010008, 010009]
6226	10	010000	010009	97	22.0	6.0	0,858	true	[010000, 010001, 010003, 010006, 010005, 010002, 010007, 010008, 010009]
6227	10	010000	010009	98	22.0	6.0	0,876	true	[010000, 010001, 010003, 010006, 010005, 010002, 010008, 010009]
6228	10	010000	010009	99	22.0	6.0	0,922	true	[010000, 010001, 010003, 010006, 010005, 010002, 010009]
6229	10	010000	010009	100	10.0	3.0	0,832	true	[010000, 010001, 010003, 010006, 010005, 010007, 010002, 010008, 010009]
6230	10	010000	010009	101	10.0	3.0	0,876	true	[010000, 010001, 010003, 010006, 010005, 010007, 010002, 010009]
6231	10	010000	010009	102	26.0	5.0	0,885	true	[010000, 010001, 010003, 010006, 010005, 010009]
6232	10	010000	010009	103	52.0	6.0	0,980	true	[010000, 010009]
6233	11	011008	011007	0	10.0	3.0	0,832	true	[011008, 011000, 011002, 011003, 011001, 011004, 011007]
6234	11	011008	011007	1	10.0	4.0	0,875	true	[011008, 011000, 011002, 011003, 011001, 011005, 011004, 011007]
6235	11	011008	011007	2	10.0	3.0	0,807	true	[011008, 011000, 011002, 011003, 011001, 011005, 011009, 011006, 011004, 011007]
6236	11	011008	011007	3	10.0	5.0	0,824	true	[011008, 011000, 011002, 011003, 011001, 011006, 011004, 011007]
6237	11	011008	011007	4	10.0	3.0	0,807	true	[011008, 011000, 011002, 011003, 011001, 011006, 011009, 011005, 011004, 011007]
6238	11	011008	011007	5	10.0	5.0	0,884	true	[011008, 011000, 011002, 011003, 011001, 011007]
6239	11	011008	011007	6	8.0	3.0	0,858	true	[011008, 011000, 011002, 011003, 011001, 011009, 011005, 011004, 011007]
6240	11	011008	011007	7	8.0	5.0	0,824	true	[011008, 011000, 011002, 011003, 011001, 011009, 011006, 011004, 011007]
6241	11	011008	011007	8	10.0	3.0	0,832	true	[011008, 011000, 011002, 011003, 011004, 011001, 011007]
6242	11	011008	011007	9	10.0	4.0	0,876	true	[011008, 011000, 011002, 011003, 011004, 011005, 011001, 011007]
6243	11	011008	011007	10	8.0	3.0	0,858	true	[011008, 011000, 011002, 011003, 011004, 011005, 011009, 011001, 011007]
6244	11	011008	011007	11	10.0	3.0	0,807	true	[011008, 011000, 011002, 011003, 011004, 011005, 011009, 011006, 011001, 011007]
6245	11	011008	011007	12	10.0	5.0	0,824	true	[011008, 011000, 011002, 011003, 011004, 011006, 011001, 011007]
6246	11	011008	011007	13	8.0	5.0	0,824	true	[011008, 011000, 011002, 011003, 011004, 011006, 011009, 011001, 011007]
6247	11	011008	011007	14	10.0	3.0	0,807	true	[011008, 011000, 011002, 011003, 011004, 011006, 011009, 011005, 011001, 011007]
6248	11	011008	011007	15	10.0	5.0	0,867	true	[011008, 011000, 011002, 011003, 011004, 011007]
6249	11	011008	011007	16	8.0	3.0	0,799	true	[011008, 011000, 011002, 011003, 011006, 011001, 011004, 011007]
6250	11	011008	011007	17	8.0	4.0	0,841	true	[011008, 011000, 011002, 011003, 011006, 011001, 011005, 011004, 011007]
6251	11	011008	011007	18	8.0	5.0	0,849	true	[011008, 011000, 011002, 011003, 011006, 011001, 011007]
6252	11	011008	011007	19	8.0	3.0	0,824	true	[011008, 011000, 011002, 011003, 011006, 011001, 011009, 011005, 011004, 011007]
6253	11	011008	011007	20	8.0	3.0	0,807	true	[011008, 011000, 011002, 011003, 011006, 011004, 011001, 011007]
6254	11	011008	011007	21	8.0	4.0	0,849	true	[011008, 011000, 011002, 011003, 011006, 011004, 011005, 011001, 011007]
6255	11	011008	011007	22	8.0	3.0	0,832	true	[011008, 011000, 011002, 011003, 011006, 011004, 011005, 011009, 011001, 011007]
6256	11	011008	011007	23	8.0	5.0	0,841	true	[011008, 011000, 011002, 011003, 011006, 011004, 011007]
6257	11	011008	011007	24	8.0	3.0	0,799	true	[011008, 011000, 011002, 011003, 011006, 011009, 011001, 011004, 011007]
6258	11	011008	011007	25	8.0	4.0	0,841	true	[011008, 011000, 011002, 011003, 011006, 011009, 011001, 011005, 011004, 011007]
6259	11	011008	011007	26	8.0	5.0	0,849	true	[011008, 011000, 011002, 011003, 011006, 011009, 011001, 011007]
6260	11	011008	011007	27	8.0	3.0	0,783	true	[011008, 011000, 011002, 011003, 011006, 011009, 011005, 011001, 011004, 011007]
6261	11	011008	011007	28	8.0	3.0	0,832	true	[011008, 011000, 011002, 011003, 011006, 011009, 011005, 011001, 011007]
6262	11	011008	011007	29	8.0	3.0	0,791	true	[011008, 011000, 011002, 011003, 011006, 011009, 011005, 011004, 011001, 011007]
6263	11	011008	011007	30	8.0	3.0	0,824	true	[011008, 011000, 011002, 011003, 011006, 011009, 011005, 011004, 011007]
6264	11	011008	011007	31	10.0	3.0	0,857	true	[011008, 011000, 011002, 011003, 011007]
6265	11	011008	011007	32	8.0	3.0	0,823	true	[011008, 011000, 011002, 011003, 011009, 011001, 011004, 011007]
6266	11	011008	011007	33	8.0	4.0	0,867	true	[011008, 011000, 011002, 011003, 011009, 011001, 011005, 011004, 011007]
6267	11	011008	011007	34	8.0	5.0	0,815	true	[011008, 011000, 011002, 011003, 011009, 011001, 011006, 011004, 011007]
6268	11	011008	011007	35	8.0	5.0	0,876	true	[011008, 011000, 011002, 011003, 011009, 011001, 011007]
6269	11	011008	011007	36	10.0	3.0	0,807	true	[011008, 011000, 011002, 011003, 011009, 011005, 011001, 011004, 011007]
6270	11	011008	011007	37	10.0	3.0	0,799	true	[011008, 011000, 011002, 011003, 011009, 011005, 011001, 011006, 011004, 011007]
6271	11	011008	011007	38	10.0	3.0	0,858	true	[011008, 011000, 011002, 011003, 011009, 011005, 011001, 011007]
6272	11	011008	011007	39	10.0	3.0	0,815	true	[011008, 011000, 011002, 011003, 011009, 011005, 011004, 011001, 011007]
6273	11	011008	011007	40	10.0	3.0	0,807	true	[011008, 011000, 011002, 011003, 011009, 011005, 011004, 011006, 011001, 011007]
6274	11	011008	011007	41	10.0	3.0	0,849	true	[011008, 011000, 011002, 011003, 011009, 011005, 011004, 011007]
6275	11	011008	011007	42	10.0	3.0	0,775	true	[011008, 011000, 011002, 011003, 011009, 011006, 011001, 011004, 011007]
6276	11	011008	011007	43	10.0	4.0	0,815	true	[011008, 011000, 011002, 011003, 011009, 011006, 011001, 011005, 011004, 011007]
6277	11	011008	011007	44	10.0	5.0	0,824	true	[011008, 011000, 011002, 011003, 011009, 011006, 011001, 011007]
6278	11	011008	011007	45	10.0	3.0	0,783	true	[011008, 011000, 011002, 011003, 011009, 011006, 011004, 011001, 011007]
6279	11	011008	011007	46	10.0	4.0	0,824	true	[011008, 011000, 011002, 011003, 011009, 011006, 011004, 011005, 011001, 011007]
6280	11	011008	011007	47	10.0	5.0	0,815	true	[011008, 011000, 011002, 011003, 011009, 011006, 011004, 011007]
6281	11	011008	011007	48	14.0	3.0	0,823	true	[011008, 011000, 011002, 011004, 011001, 011003, 011007]
6282	11	011008	011007	49	12.0	3.0	0,799	true	[011008, 011000, 011002, 011004, 011001, 011005, 011009, 011003, 011007]
6283	11	011008	011007	50	8.0	3.0	0,775	true	[011008, 011000, 011002, 011004, 011001, 011005, 011009, 011006, 011003, 011007]
6284	11	011008	011007	51	8.0	3.0	0,790	true	[011008, 011000, 011002, 011004, 011001, 011006, 011003, 011007]
6285	11	011008	011007	52	18.0	3.0	0,767	true	[011008, 011000, 011002, 011004, 011001, 011006, 011009, 011003, 011007]
6286	11	011008	011007	53	30.0	3.0	0,849	true	[011008, 011000, 011002, 011004, 011001, 011007]
6287	11	011008	011007	54	8.0	3.0	0,815	true	[011008, 011000, 011002, 011004, 011001, 011009, 011003, 011007]
6288	11	011008	011007	55	8.0	3.0	0,790	true	[011008, 011000, 011002, 011004, 011001, 011009, 011006, 011003, 011007]
6289	11	011008	011007	56	14.0	5.0	0,885	true	[011008, 011000, 011002, 011004, 011003, 011001, 011007]
6290	11	011008	011007	57	8.0	5.0	0,850	true	[011008, 011000, 011002, 011004, 011003, 011006, 011001, 011007]
6291	11	011008	011007	58	8.0	5.0	0,850	true	[011008, 011000, 011002, 011004, 011003, 011006, 011009, 011001, 011007]
6292	11	011008	011007	59	8.0	3.0	0,833	true	[011008, 011000, 011002, 011004, 011003, 011006, 011009, 011005, 011001, 011007]
6293	11	011008	011007	60	18.0	3.0	0,858	true	[011008, 011000, 011002, 011004, 011003, 011007]
6294	11	011008	011007	61	8.0	5.0	0,876	true	[011008, 011000, 011002, 011004, 011003, 011009, 011001, 011007]
6295	11	011008	011007	62	12.0	3.0	0,858	true	[011008, 011000, 011002, 011004, 011003, 011009, 011005, 011001, 011007]
6296	11	011008	011007	63	30.0	5.0	0,824	true	[011008, 011000, 011002, 011004, 011003, 011009, 011006, 011001, 011007]
6297	11	011008	011007	64	14.0	3.0	0,866	true	[011008, 011000, 011002, 011004, 011005, 011001, 011003, 011007]
6298	11	011008	011007	65	8.0	3.0	0,832	true	[011008, 011000, 011002, 011004, 011005, 011001, 011006, 011003, 011007]
6299	11	011008	011007	66	18.0	3.0	0,807	true	[011008, 011000, 011002, 011004, 011005, 011001, 011006, 011009, 011003, 011007]
6300	11	011008	011007	67	27.0	4.0	0,894	true	[011008, 011000, 011002, 011004, 011005, 011001, 011007]
6301	11	011008	011007	68	8.0	3.0	0,858	true	[011008, 011000, 011002, 011004, 011005, 011001, 011009, 011003, 011007]
6302	11	011008	011007	69	8.0	3.0	0,832	true	[011008, 011000, 011002, 011004, 011005, 011001, 011009, 011006, 011003, 011007]
6303	11	011008	011007	70	8.0	3.0	0,849	true	[011008, 011000, 011002, 011004, 011005, 011009, 011001, 011003, 011007]
6304	11	011008	011007	71	8.0	3.0	0,815	true	[011008, 011000, 011002, 011004, 011005, 011009, 011001, 011006, 011003, 011007]
6305	11	011008	011007	72	8.0	3.0	0,876	true	[011008, 011000, 011002, 011004, 011005, 011009, 011001, 011007]
6306	11	011008	011007	73	12.0	3.0	0,867	true	[011008, 011000, 011002, 011004, 011005, 011009, 011003, 011001, 011007]
6307	11	011008	011007	74	8.0	3.0	0,833	true	[011008, 011000, 011002, 011004, 011005, 011009, 011003, 011006, 011001, 011007]
6308	11	011008	011007	75	12.0	3.0	0,841	true	[011008, 011000, 011002, 011004, 011005, 011009, 011003, 011007]
6309	11	011008	011007	76	12.0	3.0	0,799	true	[011008, 011000, 011002, 011004, 011005, 011009, 011006, 011001, 011003, 011007]
6310	11	011008	011007	77	12.0	3.0	0,824	true	[011008, 011000, 011002, 011004, 011005, 011009, 011006, 011001, 011007]
6311	11	011008	011007	78	8.0	3.0	0,841	true	[011008, 011000, 011002, 011004, 011005, 011009, 011006, 011003, 011001, 011007]
6312	11	011008	011007	79	8.0	3.0	0,815	true	[011008, 011000, 011002, 011004, 011005, 011009, 011006, 011003, 011007]
6313	11	011008	011007	80	14.0	3.0	0,815	true	[011008, 011000, 011002, 011004, 011006, 011001, 011003, 011007]
6314	11	011008	011007	81	12.0	3.0	0,791	true	[011008, 011000, 011002, 011004, 011006, 011001, 011005, 011009, 011003, 011007]
6315	11	011008	011007	82	30.0	5.0	0,841	true	[011008, 011000, 011002, 011004, 011006, 011001, 011007]
6316	11	011008	011007	83	8.0	3.0	0,807	true	[011008, 011000, 011002, 011004, 011006, 011001, 011009, 011003, 011007]
6317	11	011008	011007	84	8.0	5.0	0,858	true	[011008, 011000, 011002, 011004, 011006, 011003, 011001, 011007]
6318	11	011008	011007	85	8.0	3.0	0,832	true	[011008, 011000, 011002, 011004, 011006, 011003, 011007]
6319	11	011008	011007	86	8.0	5.0	0,850	true	[011008, 011000, 011002, 011004, 011006, 011003, 011009, 011001, 011007]
6320	11	011008	011007	87	8.0	3.0	0,833	true	[011008, 011000, 011002, 011004, 011006, 011003, 011009, 011005, 011001, 011007]
6321	11	011008	011007	88	8.0	3.0	0,815	true	[011008, 011000, 011002, 011004, 011006, 011009, 011001, 011003, 011007]
6322	11	011008	011007	89	8.0	5.0	0,841	true	[011008, 011000, 011002, 011004, 011006, 011009, 011001, 011007]
6323	11	011008	011007	90	14.0	5.0	0,833	true	[011008, 011000, 011002, 011004, 011006, 011009, 011003, 011001, 011007]
6324	11	011008	011007	91	18.0	3.0	0,807	true	[011008, 011000, 011002, 011004, 011006, 011009, 011003, 011007]
6325	11	011008	011007	92	12.0	3.0	0,799	true	[011008, 011000, 011002, 011004, 011006, 011009, 011005, 011001, 011003, 011007]
6326	11	011008	011007	93	12.0	3.0	0,824	true	[011008, 011000, 011002, 011004, 011006, 011009, 011005, 011001, 011007]
6327	11	011008	011007	94	30.0	5.0	0,885	true	[011008, 011000, 011002, 011004, 011007]
6328	11	011008	011007	95	14.0	4.0	0,894	true	[011008, 011000, 011002, 011005, 011001, 011003, 011004, 011007]
6329	11	011008	011007	96	8.0	4.0	0,867	true	[011008, 011000, 011002, 011005, 011001, 011003, 011006, 011004, 011007]
6330	11	011008	011007	97	14.0	3.0	0,884	true	[011008, 011000, 011002, 011005, 011001, 011003, 011007]
6331	11	011008	011007	98	14.0	4.0	0,841	true	[011008, 011000, 011002, 011005, 011001, 011003, 011009, 011006, 011004, 011007]
6332	11	011008	011007	99	18.0	3.0	0,832	true	[011008, 011000, 011002, 011005, 011001, 011004, 011003, 011007]
6333	11	011008	011007	100	8.0	3.0	0,807	true	[011008, 011000, 011002, 011005, 011001, 011004, 011006, 011003, 011007]
6334	11	011008	011007	101	57.0	3.0	0,858	true	[011008, 011000, 011002, 011005, 011001, 011004, 011007]
6335	11	011008	011007	102	57.0	4.0	0,912	true	[011008, 011000, 011002, 011005, 011001, 011007]
6336	11	011008	011007	103	23.0	5.0	0,922	true	[011008, 011000, 011002, 011007]
6337	11	011008	011007	104	43.0	4.0	0,990	true	[011008, 011007]
6338	12	012008	012002	0	5.0	4.0	0,876	true	[012008, 012000, 012003, 012001, 012002]
6339	12	012008	012002	1	5.0	4.0	0,876	true	[012008, 012000, 012003, 012001, 012004, 012002]
6340	12	012008	012002	2	5.0	3.0	0,859	true	[012008, 012000, 012003, 012001, 012004, 012005, 012002]
6341	12	012008	012002	3	5.0	4.0	0,799	true	[012008, 012000, 012003, 012001, 012004, 012005, 012006, 012002]
6342	12	012008	012002	4	5.0	4.0	0,800	true	[012008, 012000, 012003, 012001, 012004, 012005, 012006, 012007, 012002]
6343	12	012008	012002	5	5.0	4.0	0,783	true	[012008, 012000, 012003, 012001, 012004, 012005, 012006, 012007, 012009, 012002]
6344	12	012008	012002	6	5.0	4.0	0,825	true	[012008, 012000, 012003, 012001, 012004, 012005, 012007, 012002]
6345	12	012008	012002	7	5.0	4.0	0,775	true	[012008, 012000, 012003, 012001, 012004, 012005, 012007, 012006, 012002]
6346	12	012008	012002	8	5.0	4.0	0,808	true	[012008, 012000, 012003, 012001, 012004, 012005, 012007, 012009, 012002]
6347	12	012008	012002	9	5.0	3.0	0,791	true	[012008, 012000, 012003, 012001, 012004, 012005, 012009, 012002]
6348	12	012008	012002	10	5.0	3.0	0,808	true	[012008, 012000, 012003, 012001, 012004, 012005, 012009, 012007, 012002]
6349	12	012008	012002	11	5.0	3.0	0,759	true	[012008, 012000, 012003, 012001, 012004, 012005, 012009, 012007, 012006, 012002]
6350	12	012008	012002	12	5.0	4.0	0,799	true	[012008, 012000, 012003, 012001, 012004, 012009, 012002]
6351	12	012008	012002	13	5.0	3.0	0,783	true	[012008, 012000, 012003, 012001, 012004, 012009, 012005, 012002]
6352	12	012008	012002	14	5.0	3.0	0,729	true	[012008, 012000, 012003, 012001, 012004, 012009, 012005, 012006, 012002]
6353	12	012008	012002	15	5.0	3.0	0,729	true	[012008, 012000, 012003, 012001, 012004, 012009, 012005, 012006, 012007, 012002]
6354	12	012008	012002	16	5.0	3.0	0,752	true	[012008, 012000, 012003, 012001, 012004, 012009, 012005, 012007, 012002]
6355	12	012008	012002	17	5.0	3.0	0,707	true	[012008, 012000, 012003, 012001, 012004, 012009, 012005, 012007, 012006, 012002]
6356	12	012008	012002	18	5.0	4.0	0,816	true	[012008, 012000, 012003, 012001, 012004, 012009, 012007, 012002]
6357	12	012008	012002	19	5.0	3.0	0,799	true	[012008, 012000, 012003, 012001, 012004, 012009, 012007, 012005, 012002]
6358	12	012008	012002	20	5.0	4.0	0,744	true	[012008, 012000, 012003, 012001, 012004, 012009, 012007, 012005, 012006, 012002]
6359	12	012008	012002	21	5.0	4.0	0,767	true	[012008, 012000, 012003, 012001, 012004, 012009, 012007, 012006, 012002]
6360	12	012008	012002	22	5.0	3.0	0,775	true	[012008, 012000, 012003, 012001, 012004, 012009, 012007, 012006, 012005, 012002]
6361	12	012008	012002	23	5.0	3.0	0,894	true	[012008, 012000, 012003, 012001, 012005, 012002]
6362	12	012008	012002	24	5.0	4.0	0,894	true	[012008, 012000, 012003, 012001, 012005, 012004, 012002]
6363	12	012008	012002	25	5.0	4.0	0,816	true	[012008, 012000, 012003, 012001, 012005, 012004, 012009, 012002]
6364	12	012008	012002	26	5.0	4.0	0,833	true	[012008, 012000, 012003, 012001, 012005, 012004, 012009, 012007, 012002]
6365	12	012008	012002	27	5.0	4.0	0,783	true	[012008, 012000, 012003, 012001, 012005, 012004, 012009, 012007, 012006, 012002]
6366	12	012008	012002	28	5.0	4.0	0,832	true	[012008, 012000, 012003, 012001, 012005, 012006, 012002]
6367	12	012008	012002	29	5.0	4.0	0,833	true	[012008, 012000, 012003, 012001, 012005, 012006, 012007, 012002]
6368	12	012008	012002	30	5.0	4.0	0,816	true	[012008, 012000, 012003, 012001, 012005, 012006, 012007, 012009, 012002]
6369	12	012008	012002	31	5.0	4.0	0,807	true	[012008, 012000, 012003, 012001, 012005, 012006, 012007, 012009, 012004, 012002]
6370	12	012008	012002	32	5.0	4.0	0,859	true	[012008, 012000, 012003, 012001, 012005, 012007, 012002]
6371	12	012008	012002	33	5.0	4.0	0,807	true	[012008, 012000, 012003, 012001, 012005, 012007, 012006, 012002]
6372	12	012008	012002	34	5.0	4.0	0,841	true	[012008, 012000, 012003, 012001, 012005, 012007, 012009, 012002]
6373	12	012008	012002	35	5.0	4.0	0,832	true	[012008, 012000, 012003, 012001, 012005, 012007, 012009, 012004, 012002]
6374	12	012008	012002	36	5.0	3.0	0,824	true	[012008, 012000, 012003, 012001, 012005, 012009, 012002]
6375	12	012008	012002	37	5.0	3.0	0,815	true	[012008, 012000, 012003, 012001, 012005, 012009, 012004, 012002]
6376	12	012008	012002	38	5.0	3.0	0,841	true	[012008, 012000, 012003, 012001, 012005, 012009, 012007, 012002]
6377	12	012008	012002	39	5.0	3.0	0,791	true	[012008, 012000, 012003, 012001, 012005, 012009, 012007, 012006, 012002]
6378	12	012008	012002	40	5.0	4.0	0,832	true	[012008, 012000, 012003, 012001, 012006, 012002]
6379	12	012008	012002	41	5.0	3.0	0,841	true	[012008, 012000, 012003, 012001, 012006, 012005, 012002]
6380	12	012008	012002	42	5.0	4.0	0,841	true	[012008, 012000, 012003, 012001, 012006, 012005, 012004, 012002]
6381	12	012008	012002	43	5.0	4.0	0,767	true	[012008, 012000, 012003, 012001, 012006, 012005, 012004, 012009, 012002]
6382	12	012008	012002	44	5.0	4.0	0,783	true	[012008, 012000, 012003, 012001, 012006, 012005, 012004, 012009, 012007, 012002]
6383	12	012008	012002	45	5.0	4.0	0,808	true	[012008, 012000, 012003, 012001, 012006, 012005, 012007, 012002]
6384	12	012008	012002	46	5.0	4.0	0,791	true	[012008, 012000, 012003, 012001, 012006, 012005, 012007, 012009, 012002]
6385	12	012008	012002	47	5.0	4.0	0,783	true	[012008, 012000, 012003, 012001, 012006, 012005, 012007, 012009, 012004, 012002]
6386	12	012008	012002	48	5.0	3.0	0,775	true	[012008, 012000, 012003, 012001, 012006, 012005, 012009, 012002]
6387	12	012008	012002	49	5.0	3.0	0,767	true	[012008, 012000, 012003, 012001, 012006, 012005, 012009, 012004, 012002]
6388	12	012008	012002	50	5.0	3.0	0,791	true	[012008, 012000, 012003, 012001, 012006, 012005, 012009, 012007, 012002]
6389	12	012008	012002	51	5.0	4.0	0,833	true	[012008, 012000, 012003, 012001, 012006, 012007, 012002]
6390	12	012008	012002	52	5.0	3.0	0,816	true	[012008, 012000, 012003, 012001, 012006, 012007, 012005, 012002]
6391	12	012008	012002	53	5.0	4.0	0,816	true	[012008, 012000, 012003, 012001, 012006, 012007, 012005, 012004, 012002]
6392	12	012008	012002	54	5.0	4.0	0,744	true	[012008, 012000, 012003, 012001, 012006, 012007, 012005, 012004, 012009, 012002]
6393	12	012008	012002	55	5.0	3.0	0,752	true	[012008, 012000, 012003, 012001, 012006, 012007, 012005, 012009, 012002]
6394	12	012008	012002	56	5.0	3.0	0,744	true	[012008, 012000, 012003, 012001, 012006, 012007, 012005, 012009, 012004, 012002]
6395	12	012008	012002	57	5.0	4.0	0,816	true	[012008, 012000, 012003, 012001, 012006, 012007, 012009, 012002]
6396	12	012008	012002	58	5.0	4.0	0,807	true	[012008, 012000, 012003, 012001, 012006, 012007, 012009, 012004, 012002]
6397	12	012008	012002	59	5.0	3.0	0,791	true	[012008, 012000, 012003, 012001, 012006, 012007, 012009, 012004, 012005, 012002]
6398	12	012008	012002	60	5.0	3.0	0,799	true	[012008, 012000, 012003, 012001, 012006, 012007, 012009, 012005, 012002]
6399	12	012008	012002	61	5.0	3.0	0,799	true	[012008, 012000, 012003, 012001, 012006, 012007, 012009, 012005, 012004, 012002]
6400	12	012008	012002	62	5.0	4.0	0,885	true	[012008, 012000, 012003, 012001, 012007, 012002]
6401	12	012008	012002	63	5.0	3.0	0,867	true	[012008, 012000, 012003, 012001, 012007, 012005, 012002]
6402	12	012008	012002	64	5.0	4.0	0,867	true	[012008, 012000, 012003, 012001, 012007, 012005, 012004, 012002]
6403	12	012008	012002	65	5.0	4.0	0,791	true	[012008, 012000, 012003, 012001, 012007, 012005, 012004, 012009, 012002]
6404	12	012008	012002	66	5.0	4.0	0,807	true	[012008, 012000, 012003, 012001, 012007, 012005, 012006, 012002]
6405	12	012008	012002	67	5.0	3.0	0,799	true	[012008, 012000, 012003, 012001, 012007, 012005, 012009, 012002]
6406	12	012008	012002	68	5.0	3.0	0,791	true	[012008, 012000, 012003, 012001, 012007, 012005, 012009, 012004, 012002]
6407	12	012008	012002	69	5.0	4.0	0,832	true	[012008, 012000, 012003, 012001, 012007, 012006, 012002]
6408	12	012008	012002	70	5.0	3.0	0,841	true	[012008, 012000, 012003, 012001, 012007, 012006, 012005, 012002]
6409	12	012008	012002	71	5.0	4.0	0,841	true	[012008, 012000, 012003, 012001, 012007, 012006, 012005, 012004, 012002]
6410	12	012008	012002	72	5.0	4.0	0,767	true	[012008, 012000, 012003, 012001, 012007, 012006, 012005, 012004, 012009, 012002]
6411	12	012008	012002	73	5.0	3.0	0,775	true	[012008, 012000, 012003, 012001, 012007, 012006, 012005, 012009, 012002]
6412	12	012008	012002	74	5.0	3.0	0,767	true	[012008, 012000, 012003, 012001, 012007, 012006, 012005, 012009, 012004, 012002]
6413	12	012008	012002	75	5.0	4.0	0,867	true	[012008, 012000, 012003, 012001, 012007, 012009, 012002]
6414	12	012008	012002	76	5.0	4.0	0,858	true	[012008, 012000, 012003, 012001, 012007, 012009, 012004, 012002]
6415	12	012008	012002	77	5.0	3.0	0,841	true	[012008, 012000, 012003, 012001, 012007, 012009, 012004, 012005, 012002]
6416	12	012008	012002	78	5.0	4.0	0,783	true	[012008, 012000, 012003, 012001, 012007, 012009, 012004, 012005, 012006, 012002]
6417	12	012008	012002	79	5.0	3.0	0,850	true	[012008, 012000, 012003, 012001, 012007, 012009, 012005, 012002]
6418	12	012008	012002	80	5.0	3.0	0,850	true	[012008, 012000, 012003, 012001, 012007, 012009, 012005, 012004, 012002]
6419	12	012008	012002	81	5.0	3.0	0,791	true	[012008, 012000, 012003, 012001, 012007, 012009, 012005, 012006, 012002]
6420	12	012008	012002	82	5.0	4.0	0,824	true	[012008, 012000, 012003, 012001, 012009, 012002]
6421	12	012008	012002	83	5.0	4.0	0,815	true	[012008, 012000, 012003, 012001, 012009, 012004, 012002]
6422	12	012008	012002	84	5.0	3.0	0,799	true	[012008, 012000, 012003, 012001, 012009, 012004, 012005, 012002]
6423	12	012008	012002	85	5.0	4.0	0,744	true	[012008, 012000, 012003, 012001, 012009, 012004, 012005, 012006, 012002]
6424	12	012008	012002	86	5.0	4.0	0,744	true	[012008, 012000, 012003, 012001, 012009, 012004, 012005, 012006, 012007, 012002]
6425	12	012008	012002	87	5.0	4.0	0,767	true	[012008, 012000, 012003, 012001, 012009, 012004, 012005, 012007, 012002]
6426	12	012008	012002	88	5.0	4.0	0,721	true	[012008, 012000, 012003, 012001, 012009, 012004, 012005, 012007, 012006, 012002]
6427	12	012008	012002	89	5.0	3.0	0,807	true	[012008, 012000, 012003, 012001, 012009, 012005, 012002]
6428	12	012008	012002	90	5.0	3.0	0,807	true	[012008, 012000, 012003, 012001, 012009, 012005, 012004, 012002]
6429	12	012008	012002	91	5.0	3.0	0,751	true	[012008, 012000, 012003, 012001, 012009, 012005, 012006, 012002]
6430	12	012008	012002	92	5.0	3.0	0,752	true	[012008, 012000, 012003, 012001, 012009, 012005, 012006, 012007, 012002]
6431	12	012008	012002	93	5.0	3.0	0,775	true	[012008, 012000, 012003, 012001, 012009, 012005, 012007, 012002]
6432	12	012008	012002	94	5.0	3.0	0,729	true	[012008, 012000, 012003, 012001, 012009, 012005, 012007, 012006, 012002]
6433	12	012008	012002	95	5.0	4.0	0,841	true	[012008, 012000, 012003, 012001, 012009, 012007, 012002]
6434	12	012008	012002	96	5.0	3.0	0,824	true	[012008, 012000, 012003, 012001, 012009, 012007, 012005, 012002]
6435	12	012008	012002	97	5.0	4.0	0,824	true	[012008, 012000, 012003, 012001, 012009, 012007, 012005, 012004, 012002]
6436	12	012008	012002	98	5.0	4.0	0,767	true	[012008, 012000, 012003, 012001, 012009, 012007, 012005, 012006, 012002]
6437	12	012008	012002	99	5.0	4.0	0,791	true	[012008, 012000, 012003, 012001, 012009, 012007, 012006, 012002]
6438	12	012008	012002	100	5.0	3.0	0,799	true	[012008, 012000, 012003, 012001, 012009, 012007, 012006, 012005, 012002]
6439	13	013006	013008	0	14.0	3.0	0,886	true	[013006, 013001, 013000, 013002, 013003, 013004, 013005, 013007, 013008]
6440	13	013006	013008	1	14.0	3.0	0,932	true	[013006, 013001, 013000, 013002, 013003, 013004, 013005, 013008]
6441	13	013006	013008	2	50.0	3.0	0,895	true	[013006, 013001, 013000, 013002, 013003, 013004, 013007, 013005, 013008]
6442	13	013006	013008	3	14.0	3.0	0,904	true	[013006, 013001, 013000, 013002, 013003, 013004, 013007, 013008]
6443	13	013006	013008	4	50.0	3.0	0,922	true	[013006, 013001, 013000, 013002, 013003, 013004, 013008]
6444	13	013006	013008	5	31.0	3.0	0,868	true	[013006, 013001, 013000, 013002, 013003, 013004, 013009, 013007, 013005, 013008]
6445	13	013006	013008	6	14.0	3.0	0,877	true	[013006, 013001, 013000, 013002, 013003, 013004, 013009, 013007, 013008]
6446	13	013006	013008	7	14.0	3.0	0,859	true	[013006, 013001, 013000, 013002, 013003, 013005, 013004, 013007, 013008]
6447	13	013006	013008	8	14.0	3.0	0,877	true	[013006, 013001, 013000, 013002, 013003, 013005, 013004, 013008]
6448	13	013006	013008	9	14.0	3.0	0,833	true	[013006, 013001, 013000, 013002, 013003, 013005, 013004, 013009, 013007, 013008]
6449	13	013006	013008	10	46.0	3.0	0,842	true	[013006, 013001, 013000, 013002, 013003, 013005, 013007, 013004, 013008]
6450	13	013006	013008	11	14.0	3.0	0,877	true	[013006, 013001, 013000, 013002, 013003, 013005, 013007, 013008]
6451	13	013006	013008	12	31.0	3.0	0,816	true	[013006, 013001, 013000, 013002, 013003, 013005, 013007, 013009, 013004, 013008]
6452	13	013006	013008	13	46.0	3.0	0,922	true	[013006, 013001, 013000, 013002, 013003, 013005, 013008]
6453	13	013006	013008	14	14.0	3.0	0,895	true	[013006, 013001, 013000, 013002, 013003, 013007, 013004, 013005, 013008]
6454	13	013006	013008	15	46.0	3.0	0,885	true	[013006, 013001, 013000, 013002, 013003, 013007, 013004, 013008]
6455	13	013006	013008	16	14.0	3.0	0,868	true	[013006, 013001, 013000, 013002, 013003, 013007, 013005, 013004, 013008]
6456	13	013006	013008	17	46.0	3.0	0,913	true	[013006, 013001, 013000, 013002, 013003, 013007, 013005, 013008]
6457	13	013006	013008	18	14.0	3.0	0,922	true	[013006, 013001, 013000, 013002, 013003, 013007, 013008]
6458	13	013006	013008	19	14.0	3.0	0,868	true	[013006, 013001, 013000, 013002, 013003, 013007, 013009, 013004, 013005, 013008]
6459	13	013006	013008	20	31.0	3.0	0,859	true	[013006, 013001, 013000, 013002, 013003, 013007, 013009, 013004, 013008]
6460	13	013006	013008	21	50.0	3.0	0,932	true	[013006, 013001, 013000, 013002, 013003, 013008]
6461	13	013006	013008	22	14.0	3.0	0,842	true	[013006, 013001, 013000, 013002, 013003, 013009, 013004, 013005, 013007, 013008]
6462	13	013006	013008	23	14.0	3.0	0,886	true	[013006, 013001, 013000, 013002, 013003, 013009, 013004, 013005, 013008]
6463	13	013006	013008	24	32.0	3.0	0,850	true	[013006, 013001, 013000, 013002, 013003, 013009, 013004, 013007, 013005, 013008]
6464	13	013006	013008	25	14.0	3.0	0,859	true	[013006, 013001, 013000, 013002, 013003, 013009, 013004, 013007, 013008]
6465	13	013006	013008	26	32.0	3.0	0,877	true	[013006, 013001, 013000, 013002, 013003, 013009, 013004, 013008]
6466	13	013006	013008	27	14.0	3.0	0,842	true	[013006, 013001, 013000, 013002, 013003, 013009, 013007, 013004, 013005, 013008]
6467	13	013006	013008	28	31.0	3.0	0,833	true	[013006, 013001, 013000, 013002, 013003, 013009, 013007, 013004, 013008]
6468	13	013006	013008	29	14.0	3.0	0,816	true	[013006, 013001, 013000, 013002, 013003, 013009, 013007, 013005, 013004, 013008]
6469	13	013006	013008	30	31.0	3.0	0,859	true	[013006, 013001, 013000, 013002, 013003, 013009, 013007, 013005, 013008]
6470	13	013006	013008	31	14.0	3.0	0,868	true	[013006, 013001, 013000, 013002, 013003, 013009, 013007, 013008]
6471	13	013006	013008	32	14.0	3.0	0,842	true	[013006, 013001, 013000, 013002, 013005, 013003, 013004, 013007, 013008]
6472	13	013006	013008	33	35.0	3.0	0,859	true	[013006, 013001, 013000, 013002, 013005, 013003, 013004, 013008]
6473	13	013006	013008	34	14.0	3.0	0,816	true	[013006, 013001, 013000, 013002, 013005, 013003, 013004, 013009, 013007, 013008]
6474	13	013006	013008	35	35.0	3.0	0,825	true	[013006, 013001, 013000, 013002, 013005, 013003, 013007, 013004, 013008]
6475	13	013006	013008	36	14.0	3.0	0,859	true	[013006, 013001, 013000, 013002, 013005, 013003, 013007, 013008]
6476	13	013006	013008	37	31.0	3.0	0,800	true	[013006, 013001, 013000, 013002, 013005, 013003, 013007, 013009, 013004, 013008]
6477	13	013006	013008	38	35.0	3.0	0,868	true	[013006, 013001, 013000, 013002, 013005, 013003, 013008]
6478	13	013006	013008	39	14.0	3.0	0,800	true	[013006, 013001, 013000, 013002, 013005, 013003, 013009, 013004, 013007, 013008]
6479	13	013006	013008	40	32.0	3.0	0,816	true	[013006, 013001, 013000, 013002, 013005, 013003, 013009, 013004, 013008]
6480	13	013006	013008	41	31.0	3.0	0,776	true	[013006, 013001, 013000, 013002, 013005, 013003, 013009, 013007, 013004, 013008]
6481	13	013006	013008	42	14.0	3.0	0,808	true	[013006, 013001, 013000, 013002, 013005, 013003, 013009, 013007, 013008]
6482	13	013006	013008	43	14.0	3.0	0,868	true	[013006, 013001, 013000, 013002, 013005, 013004, 013003, 013007, 013008]
6483	13	013006	013008	44	14.0	3.0	0,877	true	[013006, 013001, 013000, 013002, 013005, 013004, 013003, 013008]
6484	13	013006	013008	45	14.0	3.0	0,816	true	[013006, 013001, 013000, 013002, 013005, 013004, 013003, 013009, 013007, 013008]
6485	13	013006	013008	46	14.0	3.0	0,842	true	[013006, 013001, 013000, 013002, 013005, 013004, 013007, 013003, 013008]
6486	13	013006	013008	47	14.0	3.0	0,850	true	[013006, 013001, 013000, 013002, 013005, 013004, 013007, 013008]
6487	13	013006	013008	48	14.0	3.0	0,792	true	[013006, 013001, 013000, 013002, 013005, 013004, 013007, 013009, 013003, 013008]
6488	13	013006	013008	49	14.0	3.0	0,867	true	[013006, 013001, 013000, 013002, 013005, 013004, 013008]
6489	13	013006	013008	50	14.0	3.0	0,825	true	[013006, 013001, 013000, 013002, 013005, 013004, 013009, 013003, 013007, 013008]
6490	13	013006	013008	51	14.0	3.0	0,833	true	[013006, 013001, 013000, 013002, 013005, 013004, 013009, 013003, 013008]
6491	13	013006	013008	52	14.0	3.0	0,816	true	[013006, 013001, 013000, 013002, 013005, 013004, 013009, 013007, 013003, 013008]
6492	13	013006	013008	53	14.0	3.0	0,825	true	[013006, 013001, 013000, 013002, 013005, 013004, 013009, 013007, 013008]
6493	13	013006	013008	54	35.0	3.0	0,850	true	[013006, 013001, 013000, 013002, 013005, 013007, 013003, 013004, 013008]
6494	13	013006	013008	55	35.0	3.0	0,859	true	[013006, 013001, 013000, 013002, 013005, 013007, 013003, 013008]
6495	13	013006	013008	56	32.0	3.0	0,808	true	[013006, 013001, 013000, 013002, 013005, 013007, 013003, 013009, 013004, 013008]
6496	13	013006	013008	57	35.0	3.0	0,842	true	[013006, 013001, 013000, 013002, 013005, 013007, 013004, 013003, 013008]
6497	13	013006	013008	58	35.0	3.0	0,833	true	[013006, 013001, 013000, 013002, 013005, 013007, 013004, 013008]
6498	13	013006	013008	59	32.0	3.0	0,800	true	[013006, 013001, 013000, 013002, 013005, 013007, 013004, 013009, 013003, 013008]
6499	13	013006	013008	60	14.0	3.0	0,868	true	[013006, 013001, 013000, 013002, 013005, 013007, 013008]
6500	13	013006	013008	61	31.0	3.0	0,800	true	[013006, 013001, 013000, 013002, 013005, 013007, 013009, 013003, 013004, 013008]
6501	13	013006	013008	62	31.0	3.0	0,808	true	[013006, 013001, 013000, 013002, 013005, 013007, 013009, 013003, 013008]
6502	13	013006	013008	63	31.0	3.0	0,816	true	[013006, 013001, 013000, 013002, 013005, 013007, 013009, 013004, 013003, 013008]
6503	13	013006	013008	64	31.0	3.0	0,808	true	[013006, 013001, 013000, 013002, 013005, 013007, 013009, 013004, 013008]
6504	13	013006	013008	65	35.0	3.0	0,913	true	[013006, 013001, 013000, 013002, 013005, 013008]
6505	13	013006	013008	66	14.0	3.0	0,886	true	[013006, 013001, 013000, 013002, 013007, 013003, 013004, 013005, 013008]
6506	13	013006	013008	67	46.0	3.0	0,876	true	[013006, 013001, 013000, 013002, 013007, 013003, 013004, 013008]
6507	13	013006	013008	68	14.0	3.0	0,833	true	[013006, 013001, 013000, 013002, 013007, 013003, 013005, 013004, 013008]
6508	13	013006	013008	69	46.0	3.0	0,877	true	[013006, 013001, 013000, 013002, 013007, 013003, 013005, 013008]
6509	13	013006	013008	70	46.0	3.0	0,885	true	[013006, 013001, 013000, 013002, 013007, 013003, 013008]
6510	13	013006	013008	71	14.0	3.0	0,842	true	[013006, 013001, 013000, 013002, 013007, 013003, 013009, 013004, 013005, 013008]
6511	13	013006	013008	72	32.0	3.0	0,833	true	[013006, 013001, 013000, 013002, 013007, 013003, 013009, 013004, 013008]
6512	13	013006	013008	73	46.0	3.0	0,859	true	[013006, 013001, 013000, 013002, 013007, 013004, 013003, 013005, 013008]
6513	13	013006	013008	74	59.0	3.0	0,868	true	[013006, 013001, 013000, 013002, 013007, 013004, 013003, 013008]
6514	13	013006	013008	75	14.0	3.0	0,825	true	[013006, 013001, 013000, 013002, 013007, 013004, 013005, 013003, 013008]
6515	13	013006	013008	76	14.0	3.0	0,868	true	[013006, 013001, 013000, 013002, 013007, 013004, 013005, 013008]
6516	13	013006	013008	77	59.0	3.0	0,859	true	[013006, 013001, 013000, 013002, 013007, 013004, 013008]
6517	13	013006	013008	78	32.0	3.0	0,816	true	[013006, 013001, 013000, 013002, 013007, 013004, 013009, 013003, 013005, 013008]
6518	13	013006	013008	79	32.0	3.0	0,825	true	[013006, 013001, 013000, 013002, 013007, 013004, 013009, 013003, 013008]
6519	13	013006	013008	80	46.0	3.0	0,833	true	[013006, 013001, 013000, 013002, 013007, 013005, 013003, 013004, 013008]
6520	13	013006	013008	81	46.0	3.0	0,842	true	[013006, 013001, 013000, 013002, 013007, 013005, 013003, 013008]
6521	13	013006	013008	82	32.0	3.0	0,792	true	[013006, 013001, 013000, 013002, 013007, 013005, 013003, 013009, 013004, 013008]
6522	13	013006	013008	83	14.0	3.0	0,850	true	[013006, 013001, 013000, 013002, 013007, 013005, 013004, 013003, 013008]
6523	13	013006	013008	84	14.0	3.0	0,841	true	[013006, 013001, 013000, 013002, 013007, 013005, 013004, 013008]
6524	13	013006	013008	85	14.0	3.0	0,808	true	[013006, 013001, 013000, 013002, 013007, 013005, 013004, 013009, 013003, 013008]
6525	13	013006	013008	86	54.0	3.0	0,885	true	[013006, 013001, 013000, 013002, 013007, 013005, 013008]
6526	13	013006	013008	87	14.0	3.0	0,894	true	[013006, 013001, 013000, 013002, 013007, 013008]
6527	13	013006	013008	88	14.0	3.0	0,833	true	[013006, 013001, 013000, 013002, 013007, 013009, 013003, 013004, 013005, 013008]
6528	13	013006	013008	89	31.0	3.0	0,824	true	[013006, 013001, 013000, 013002, 013007, 013009, 013003, 013004, 013008]
6529	13	013006	013008	90	14.0	3.0	0,784	true	[013006, 013001, 013000, 013002, 013007, 013009, 013003, 013005, 013004, 013008]
6530	13	013006	013008	91	31.0	3.0	0,825	true	[013006, 013001, 013000, 013002, 013007, 013009, 013003, 013005, 013008]
6531	13	013006	013008	92	31.0	3.0	0,833	true	[013006, 013001, 013000, 013002, 013007, 013009, 013003, 013008]
6532	13	013006	013008	93	31.0	3.0	0,833	true	[013006, 013001, 013000, 013002, 013007, 013009, 013004, 013003, 013005, 013008]
6533	13	013006	013008	94	31.0	3.0	0,841	true	[013006, 013001, 013000, 013002, 013007, 013009, 013004, 013003, 013008]
6534	13	013006	013008	95	14.0	3.0	0,800	true	[013006, 013001, 013000, 013002, 013007, 013009, 013004, 013005, 013003, 013008]
6535	13	013006	013008	96	14.0	3.0	0,842	true	[013006, 013001, 013000, 013002, 013007, 013009, 013004, 013005, 013008]
6536	13	013006	013008	97	31.0	3.0	0,833	true	[013006, 013001, 013000, 013002, 013007, 013009, 013004, 013008]
6537	13	013006	013008	98	41.0	3.0	0,951	true	[013006, 013001, 013000, 013002, 013008]
6538	13	013006	013008	99	14.0	3.0	0,859	true	[013006, 013001, 013000, 013004, 013003, 013002, 013005, 013007, 013008]
6539	13	013006	013008	100	26.0	3.0	0,904	true	[013006, 013001, 013000, 013004, 013003, 013002, 013005, 013008]
6540	13	013006	013008	101	26.0	3.0	0,941	true	[013006, 013001, 013000, 013004, 013003, 013002, 013008]
6541	13	013006	013008	102	26.0	3.0	0,922	true	[013006, 013001, 013000, 013004, 013003, 013008]
6542	13	013006	013008	103	26.0	3.0	0,913	true	[013006, 013001, 013000, 013004, 013008]
6543	13	013006	013008	104	40.0	8.0	0,951	true	[013006, 013001, 013008]
6544	-1	000000	001002	0	125.0	44.0	0,997	true	[000000, 001002]
6545	-1	000003	002009	0	150.0	25.0	0,998	true	[000003, 002009]
6546	-1	000008	007005	0	100.0	29.0	0,996	true	[000008, 007005]
6547	-1	001008	002007	0	125.0	43.0	0,995	true	[001008, 002007]
6548	-1	001007	003002	0	140.0	36.0	0,997	true	[001007, 003002]
6549	-1	002005	005007	0	130.0	26.0	0,998	true	[002005, 005007]
6550	-1	003003	004004	0	115.0	23.0	0,996	true	[003003, 004004]
6551	-1	003000	010000	0	150.0	42.0	0,995	true	[003000, 010000]
6552	-1	004009	005008	0	145.0	33.0	0,995	true	[004009, 005008]
6553	-1	004005	006003	0	105.0	48.0	0,996	true	[004005, 006003]
6554	-1	005002	009004	0	115.0	50.0	0,997	true	[005002, 009004]
6555	-1	005003	012008	0	120.0	28.0	0,998	true	[005003, 012008]
6556	-1	006009	007006	0	105.0	26.0	0,999	true	[006009, 007006]
6557	-1	007008	008005	0	150.0	45.0	0,999	true	[007008, 008005]
6558	-1	008006	009007	0	145.0	37.0	0,996	true	[008006, 009007]
6559	-1	008003	011008	0	125.0	41.0	0,999	true	[008003, 011008]
6560	-1	008002	013006	0	115.0	36.0	0,998	true	[008002, 013006]
6561	-1	010009	011007	0	150.0	34.0	0,996	true	[010009, 011007]
6562	-1	010006	013008	0	145.0	39.0	0,995	true	[010006, 013008]
6563	-1	011003	013004	0	135.0	30.0	0,999	true	[011003, 013004]
6564	-1	012002	013003	0	135.0	43.0	0,998	true	[012002, 013003]
