TransactionId	ASId	Ingress	Egress	PathletId	Bandwidth	Delay	Reliability	Status	Full Path
1065	0	000003	000006	0	14.0	3.0	0,867	true	[000003, 000000, 000001, 000002, 000005, 000006]
1066	0	000003	000006	1	21.0	5.0	0,876	true	[000003, 000000, 000001, 000002, 000006]
1067	0	000003	000006	2	11.0	3.0	0,823	true	[000003, 000000, 000001, 000004, 000002, 000005, 000006]
1068	0	000003	000006	3	11.0	4.0	0,832	true	[000003, 000000, 000001, 000004, 000002, 000006]
1069	0	000003	000006	4	14.0	5.0	0,858	true	[000003, 000000, 000001, 000005, 000002, 000006]
1070	0	000003	000006	5	21.0	3.0	0,849	true	[000003, 000000, 000001, 000005, 000006]
1071	0	000003	000006	6	22.0	3.0	0,815	true	[000003, 000000, 000002, 000001, 000005, 000006]
1072	0	000003	000006	7	11.0	3.0	0,774	true	[000003, 000000, 000002, 000004, 000001, 000005, 000006]
1073	0	000003	000006	8	14.0	3.0	0,884	true	[000003, 000000, 000002, 000005, 000006]
1074	0	000003	000006	9	26.0	5.0	0,894	true	[000003, 000000, 000002, 000006]
1075	0	000003	000006	10	22.0	5.0	0,840	true	[000003, 000000, 000005, 000001, 000002, 000006]
1076	0	000003	000006	11	11.0	4.0	0,798	true	[000003, 000000, 000005, 000001, 000004, 000002, 000006]
1077	0	000003	000006	12	14.0	5.0	0,912	true	[000003, 000000, 000005, 000002, 000006]
1078	0	000003	000006	13	38.0	3.0	0,903	true	[000003, 000000, 000005, 000006]
1079	0	000003	000006	14	21.0	5.0	0,922	true	[000003, 000000, 000006]
1080	0	000003	000006	15	14.0	3.0	0,903	true	[000003, 000001, 000000, 000002, 000005, 000006]
1081	0	000003	000006	16	21.0	6.0	0,913	true	[000003, 000001, 000000, 000002, 000006]
1082	0	000003	000006	17	14.0	6.0	0,931	true	[000003, 000001, 000000, 000005, 000002, 000006]
1083	0	000003	000006	18	21.0	3.0	0,922	true	[000003, 000001, 000000, 000005, 000006]
1084	0	000003	000006	19	21.0	6.0	0,941	true	[000003, 000001, 000000, 000006]
1085	0	000003	000006	20	22.0	3.0	0,885	true	[000003, 000001, 000002, 000000, 000005, 000006]
1086	0	000003	000006	21	21.0	6.0	0,904	true	[000003, 000001, 000002, 000000, 000006]
1087	0	000003	000006	22	14.0	6.0	0,922	true	[000003, 000001, 000002, 000005, 000000, 000006]
1088	0	000003	000006	23	14.0	3.0	0,903	true	[000003, 000001, 000002, 000005, 000006]
1089	0	000003	000006	24	22.0	6.0	0,913	true	[000003, 000001, 000002, 000006]
1090	0	000003	000006	25	11.0	3.0	0,841	true	[000003, 000001, 000004, 000002, 000000, 000005, 000006]
1091	0	000003	000006	26	11.0	4.0	0,858	true	[000003, 000001, 000004, 000002, 000000, 000006]
1092	0	000003	000006	27	11.0	4.0	0,876	true	[000003, 000001, 000004, 000002, 000005, 000000, 000006]
1093	0	000003	000006	28	11.0	3.0	0,858	true	[000003, 000001, 000004, 000002, 000005, 000006]
1094	0	000003	000006	29	11.0	4.0	0,867	true	[000003, 000001, 000004, 000002, 000006]
1095	0	000003	000006	30	26.0	7.0	0,876	true	[000003, 000001, 000005, 000000, 000002, 000006]
1096	0	000003	000006	31	21.0	7.0	0,903	true	[000003, 000001, 000005, 000000, 000006]
1097	0	000003	000006	32	14.0	7.0	0,885	true	[000003, 000001, 000005, 000002, 000000, 000006]
1098	0	000003	000006	33	14.0	7.0	0,894	true	[000003, 000001, 000005, 000002, 000006]
1099	0	000003	000006	34	38.0	3.0	0,884	true	[000003, 000001, 000005, 000006]
1100	0	000003	000006	35	17.0	3.0	0,841	true	[000003, 000002, 000000, 000001, 000005, 000006]
1101	0	000003	000006	36	17.0	3.0	0,894	true	[000003, 000002, 000000, 000005, 000006]
1102	0	000003	000006	37	17.0	8.0	0,913	true	[000003, 000002, 000000, 000006]
1103	0	000003	000006	38	17.0	3.0	0,876	true	[000003, 000002, 000001, 000000, 000005, 000006]
1104	0	000003	000006	39	17.0	6.0	0,894	true	[000003, 000002, 000001, 000000, 000006]
1105	0	000003	000006	40	17.0	6.0	0,858	true	[000003, 000002, 000001, 000005, 000000, 000006]
1106	0	000003	000006	41	17.0	3.0	0,840	true	[000003, 000002, 000001, 000005, 000006]
1107	0	000003	000006	42	11.0	3.0	0,832	true	[000003, 000002, 000004, 000001, 000000, 000005, 000006]
1108	0	000003	000006	43	11.0	4.0	0,850	true	[000003, 000002, 000004, 000001, 000000, 000006]
1109	0	000003	000006	44	11.0	4.0	0,815	true	[000003, 000002, 000004, 000001, 000005, 000000, 000006]
1110	0	000003	000006	45	11.0	3.0	0,798	true	[000003, 000002, 000004, 000001, 000005, 000006]
1111	0	000003	000006	46	14.0	8.0	0,931	true	[000003, 000002, 000005, 000000, 000006]
1112	0	000003	000006	47	14.0	6.0	0,876	true	[000003, 000002, 000005, 000001, 000000, 000006]
1113	0	000003	000006	48	14.0	3.0	0,912	true	[000003, 000002, 000005, 000006]
1114	0	000003	000006	49	17.0	8.0	0,922	true	[000003, 000002, 000006]
1115	0	000003	000006	50	14.0	3.0	0,841	true	[000003, 000004, 000001, 000000, 000002, 000005, 000006]
1116	0	000003	000006	51	21.0	4.0	0,849	true	[000003, 000004, 000001, 000000, 000002, 000006]
1117	0	000003	000006	52	14.0	4.0	0,867	true	[000003, 000004, 000001, 000000, 000005, 000002, 000006]
1118	0	000003	000006	53	21.0	3.0	0,858	true	[000003, 000004, 000001, 000000, 000005, 000006]
1119	0	000003	000006	54	21.0	4.0	0,876	true	[000003, 000004, 000001, 000000, 000006]
1120	0	000003	000006	55	21.0	3.0	0,824	true	[000003, 000004, 000001, 000002, 000000, 000005, 000006]
1121	0	000003	000006	56	21.0	4.0	0,841	true	[000003, 000004, 000001, 000002, 000000, 000006]
1122	0	000003	000006	57	14.0	4.0	0,858	true	[000003, 000004, 000001, 000002, 000005, 000000, 000006]
1123	0	000003	000006	58	14.0	3.0	0,840	true	[000003, 000004, 000001, 000002, 000005, 000006]
1124	0	000003	000006	59	21.0	4.0	0,849	true	[000003, 000004, 000001, 000002, 000006]
1125	0	000003	000006	60	21.0	4.0	0,815	true	[000003, 000004, 000001, 000005, 000000, 000002, 000006]
1126	0	000003	000006	61	21.0	4.0	0,840	true	[000003, 000004, 000001, 000005, 000000, 000006]
1127	0	000003	000006	62	14.0	4.0	0,824	true	[000003, 000004, 000001, 000005, 000002, 000000, 000006]
1128	0	000003	000006	63	14.0	4.0	0,832	true	[000003, 000004, 000001, 000005, 000002, 000006]
1129	0	000003	000006	64	21.0	3.0	0,823	true	[000003, 000004, 000001, 000005, 000006]
1130	0	000003	000006	65	11.0	3.0	0,815	true	[000003, 000004, 000002, 000000, 000001, 000005, 000006]
1131	0	000003	000006	66	11.0	3.0	0,867	true	[000003, 000004, 000002, 000000, 000005, 000006]
1132	0	000003	000006	67	11.0	8.0	0,885	true	[000003, 000004, 000002, 000000, 000006]
1133	0	000003	000006	68	11.0	3.0	0,850	true	[000003, 000004, 000002, 000001, 000000, 000005, 000006]
1134	0	000003	000006	69	11.0	6.0	0,867	true	[000003, 000004, 000002, 000001, 000000, 000006]
1135	0	000003	000006	70	11.0	6.0	0,832	true	[000003, 000004, 000002, 000001, 000005, 000000, 000006]
1136	0	000003	000006	71	11.0	3.0	0,815	true	[000003, 000004, 000002, 000001, 000005, 000006]
1137	0	000003	000006	72	11.0	8.0	0,903	true	[000003, 000004, 000002, 000005, 000000, 000006]
1138	0	000003	000006	73	11.0	6.0	0,850	true	[000003, 000004, 000002, 000005, 000001, 000000, 000006]
1139	0	000003	000006	74	11.0	3.0	0,885	true	[000003, 000004, 000002, 000005, 000006]
1140	0	000003	000006	75	11.0	8.0	0,894	true	[000003, 000004, 000002, 000006]
1141	0	000003	000006	76	20.0	4.0	0,876	true	[000003, 000005, 000000, 000001, 000002, 000006]
1142	0	000003	000006	77	11.0	4.0	0,832	true	[000003, 000005, 000000, 000001, 000004, 000002, 000006]
1143	0	000003	000006	78	20.0	4.0	0,894	true	[000003, 000005, 000000, 000002, 000006]
1144	0	000003	000006	79	20.0	4.0	0,922	true	[000003, 000005, 000000, 000006]
1145	0	000003	000006	80	20.0	4.0	0,841	true	[000003, 000005, 000001, 000000, 000002, 000006]
1146	0	000003	000006	81	20.0	4.0	0,867	true	[000003, 000005, 000001, 000000, 000006]
1147	0	000003	000006	82	20.0	4.0	0,832	true	[000003, 000005, 000001, 000002, 000000, 000006]
1148	0	000003	000006	83	20.0	4.0	0,840	true	[000003, 000005, 000001, 000002, 000006]
1149	0	000003	000006	84	11.0	4.0	0,791	true	[000003, 000005, 000001, 000004, 000002, 000000, 000006]
1150	0	000003	000006	85	11.0	4.0	0,798	true	[000003, 000005, 000001, 000004, 000002, 000006]
1151	0	000003	000006	86	14.0	4.0	0,903	true	[000003, 000005, 000002, 000000, 000006]
1152	0	000003	000006	87	14.0	4.0	0,885	true	[000003, 000005, 000002, 000001, 000000, 000006]
1153	0	000003	000006	88	11.0	4.0	0,841	true	[000003, 000005, 000002, 000004, 000001, 000000, 000006]
1154	0	000003	000006	89	14.0	4.0	0,912	true	[000003, 000005, 000002, 000006]
1155	0	000003	000006	90	20.0	3.0	0,903	true	[000003, 000005, 000006]
1156	0	000003	000006	91	74.0	8.0	0,980	true	[000003, 000006]
1157	0	000003	000002	92	21.0	5.0	0,912	true	[000003, 000000, 000001, 000002]
1158	0	000003	000002	93	11.0	4.0	0,867	true	[000003, 000000, 000001, 000004, 000002]
1159	0	000003	000002	94	14.0	5.0	0,893	true	[000003, 000000, 000001, 000005, 000002]
1160	0	000003	000002	95	21.0	3.0	0,815	true	[000003, 000000, 000001, 000005, 000006, 000002]
1161	0	000003	000002	96	36.0	5.0	0,931	true	[000003, 000000, 000002]
1162	0	000003	000002	97	22.0	5.0	0,875	true	[000003, 000000, 000005, 000001, 000002]
1163	0	000003	000002	98	11.0	4.0	0,832	true	[000003, 000000, 000005, 000001, 000004, 000002]
1164	0	000003	000002	99	14.0	5.0	0,950	true	[000003, 000000, 000005, 000002]
1165	0	000003	000002	100	26.0	3.0	0,866	true	[000003, 000000, 000005, 000006, 000002]
1166	0	000003	000002	101	17.0	9.0	0,960	true	[000003, 000002]
1167	1	001005	001002	0	27.0	3.0	0,913	true	[001005, 001001, 001003, 001000, 001002]
1168	1	001005	001002	1	34.0	3.0	0,941	true	[001005, 001001, 001003, 001002]
1169	1	001005	001002	2	27.0	3.0	0,885	true	[001005, 001001, 001003, 001006, 001000, 001002]
1170	1	001005	001002	3	6.0	3.0	0,894	true	[001005, 001001, 001004, 001000, 001002]
1171	1	001005	001002	4	6.0	3.0	0,903	true	[001005, 001001, 001004, 001000, 001003, 001002]
1172	1	001005	001002	5	6.0	3.0	0,876	true	[001005, 001001, 001004, 001000, 001006, 001003, 001002]
1173	1	001005	001002	6	27.0	3.0	0,876	true	[001005, 001001, 001006, 001000, 001002]
1174	1	001005	001002	7	34.0	3.0	0,885	true	[001005, 001001, 001006, 001000, 001003, 001002]
1175	1	001005	001002	8	27.0	4.0	0,903	true	[001005, 001001, 001006, 001003, 001000, 001002]
1176	1	001005	001002	9	28.0	4.0	0,932	true	[001005, 001001, 001006, 001003, 001002]
1177	1	001005	001002	10	62.0	3.0	0,980	true	[001005, 001002]
1178	1	001005	001002	11	18.0	4.0	0,941	true	[001005, 001003, 001000, 001002]
1179	1	001005	001002	12	6.0	3.0	0,903	true	[001005, 001003, 001001, 001004, 001000, 001002]
1180	1	001005	001002	13	18.0	3.0	0,885	true	[001005, 001003, 001001, 001006, 001000, 001002]
1181	1	001005	001002	14	18.0	4.0	0,970	true	[001005, 001003, 001002]
1182	1	001005	001002	15	18.0	3.0	0,912	true	[001005, 001003, 001006, 001000, 001002]
1183	1	001005	001002	16	6.0	3.0	0,894	true	[001005, 001003, 001006, 001001, 001004, 001000, 001002]
1184	1	001005	001002	17	27.0	3.0	0,876	true	[001005, 001006, 001000, 001002]
1185	1	001005	001002	18	35.0	3.0	0,885	true	[001005, 001006, 001000, 001003, 001002]
1186	1	001005	001002	19	6.0	3.0	0,849	true	[001005, 001006, 001000, 001004, 001001, 001003, 001002]
1187	1	001005	001002	20	27.0	3.0	0,876	true	[001005, 001006, 001001, 001003, 001000, 001002]
1188	1	001005	001002	21	37.0	3.0	0,903	true	[001005, 001006, 001001, 001003, 001002]
1189	1	001005	001002	22	6.0	3.0	0,858	true	[001005, 001006, 001001, 001004, 001000, 001002]
1190	1	001005	001002	23	6.0	3.0	0,867	true	[001005, 001006, 001001, 001004, 001000, 001003, 001002]
1191	1	001005	001002	24	27.0	6.0	0,903	true	[001005, 001006, 001003, 001000, 001002]
1192	1	001005	001002	25	6.0	3.0	0,867	true	[001005, 001006, 001003, 001001, 001004, 001000, 001002]
1193	1	001005	001002	26	28.0	5.0	0,931	true	[001005, 001006, 001003, 001002]
1194	1	001005	001006	27	34.0	3.0	0,913	true	[001005, 001001, 001003, 001000, 001006]
1195	1	001005	001006	28	27.0	3.0	0,867	true	[001005, 001001, 001003, 001002, 001000, 001006]
1196	1	001005	001006	29	28.0	3.0	0,960	true	[001005, 001001, 001003, 001006]
1197	1	001005	001006	30	6.0	3.0	0,876	true	[001005, 001001, 001004, 001000, 001002, 001003, 001006]
1198	1	001005	001006	31	6.0	3.0	0,922	true	[001005, 001001, 001004, 001000, 001003, 001006]
1199	1	001005	001006	32	6.0	3.0	0,894	true	[001005, 001001, 001004, 001000, 001006]
1200	1	001005	001006	33	34.0	4.0	0,951	true	[001005, 001001, 001006]
1201	1	001005	001006	34	27.0	3.0	0,904	true	[001005, 001002, 001000, 001003, 001001, 001006]
1202	1	001005	001006	35	27.0	3.0	0,931	true	[001005, 001002, 001000, 001003, 001006]
1203	1	001005	001006	36	6.0	3.0	0,894	true	[001005, 001002, 001000, 001004, 001001, 001003, 001006]
1204	1	001005	001006	37	6.0	3.0	0,885	true	[001005, 001002, 001000, 001004, 001001, 001006]
1205	1	001005	001006	38	27.0	3.0	0,903	true	[001005, 001002, 001000, 001006]
1206	1	001005	001006	39	6.0	3.0	0,895	true	[001005, 001002, 001003, 001000, 001004, 001001, 001006]
1207	1	001005	001006	40	35.0	3.0	0,913	true	[001005, 001002, 001003, 001000, 001006]
1208	1	001005	001006	41	6.0	3.0	0,876	true	[001005, 001002, 001003, 001001, 001004, 001000, 001006]
1209	1	001005	001006	42	37.0	3.0	0,932	true	[001005, 001002, 001003, 001001, 001006]
1210	1	001005	001006	43	28.0	3.0	0,960	true	[001005, 001002, 001003, 001006]
1211	1	001005	001006	44	6.0	3.0	0,922	true	[001005, 001003, 001000, 001004, 001001, 001006]
1212	1	001005	001006	45	18.0	3.0	0,941	true	[001005, 001003, 001000, 001006]
1213	1	001005	001006	46	6.0	3.0	0,903	true	[001005, 001003, 001001, 001004, 001000, 001006]
1214	1	001005	001006	47	18.0	3.0	0,960	true	[001005, 001003, 001001, 001006]
1215	1	001005	001006	48	6.0	3.0	0,876	true	[001005, 001003, 001002, 001000, 001004, 001001, 001006]
1216	1	001005	001006	49	18.0	3.0	0,894	true	[001005, 001003, 001002, 001000, 001006]
1217	1	001005	001006	50	18.0	4.0	0,990	true	[001005, 001003, 001006]
1218	1	001005	001006	51	43.0	9.0	0,950	true	[001005, 001006]
1219	1	001002	001006	52	27.0	3.0	0,867	true	[001002, 001000, 001003, 001001, 001005, 001006]
1220	1	001002	001006	53	27.0	3.0	0,922	true	[001002, 001000, 001003, 001001, 001006]
1221	1	001002	001006	54	18.0	4.0	0,894	true	[001002, 001000, 001003, 001005, 001001, 001006]
1222	1	001002	001006	55	18.0	4.0	0,894	true	[001002, 001000, 001003, 001005, 001006]
1223	1	001002	001006	56	27.0	6.0	0,950	true	[001002, 001000, 001003, 001006]
1224	1	001002	001006	57	6.0	3.0	0,858	true	[001002, 001000, 001004, 001001, 001003, 001005, 001006]
1225	1	001002	001006	58	6.0	3.0	0,912	true	[001002, 001000, 001004, 001001, 001003, 001006]
1226	1	001002	001006	59	6.0	3.0	0,885	true	[001002, 001000, 001004, 001001, 001005, 001003, 001006]
1227	1	001002	001006	60	6.0	3.0	0,849	true	[001002, 001000, 001004, 001001, 001005, 001006]
1228	1	001002	001006	61	6.0	3.0	0,903	true	[001002, 001000, 001004, 001001, 001006]
1229	1	001002	001006	62	27.0	3.0	0,922	true	[001002, 001000, 001006]
1230	1	001002	001006	63	6.0	3.0	0,858	true	[001002, 001003, 001000, 001004, 001001, 001005, 001006]
1231	1	001002	001006	64	6.0	3.0	0,913	true	[001002, 001003, 001000, 001004, 001001, 001006]
1232	1	001002	001006	65	35.0	3.0	0,931	true	[001002, 001003, 001000, 001006]
1233	1	001002	001006	66	6.0	3.0	0,894	true	[001002, 001003, 001001, 001004, 001000, 001006]
1234	1	001002	001006	67	34.0	3.0	0,894	true	[001002, 001003, 001001, 001005, 001006]
1235	1	001002	001006	68	37.0	3.0	0,951	true	[001002, 001003, 001001, 001006]
1236	1	001002	001006	69	6.0	3.0	0,867	true	[001002, 001003, 001005, 001001, 001004, 001000, 001006]
1237	1	001002	001006	70	18.0	4.0	0,922	true	[001002, 001003, 001005, 001001, 001006]
1238	1	001002	001006	71	18.0	4.0	0,922	true	[001002, 001003, 001005, 001006]
1239	1	001002	001006	72	28.0	5.0	0,980	true	[001002, 001003, 001006]
1240	1	001002	001006	73	34.0	3.0	0,894	true	[001002, 001005, 001001, 001003, 001000, 001006]
1241	1	001002	001006	74	28.0	3.0	0,941	true	[001002, 001005, 001001, 001003, 001006]
1242	1	001002	001006	75	6.0	3.0	0,903	true	[001002, 001005, 001001, 001004, 001000, 001003, 001006]
1243	1	001002	001006	76	6.0	3.0	0,876	true	[001002, 001005, 001001, 001004, 001000, 001006]
1244	1	001002	001006	77	34.0	3.0	0,932	true	[001002, 001005, 001001, 001006]
1245	1	001002	001006	78	6.0	3.0	0,904	true	[001002, 001005, 001003, 001000, 001004, 001001, 001006]
1246	1	001002	001006	79	18.0	3.0	0,922	true	[001002, 001005, 001003, 001000, 001006]
1247	1	001002	001006	80	6.0	3.0	0,885	true	[001002, 001005, 001003, 001001, 001004, 001000, 001006]
1248	1	001002	001006	81	18.0	3.0	0,941	true	[001002, 001005, 001003, 001001, 001006]
1249	1	001002	001006	82	18.0	3.0	0,970	true	[001002, 001005, 001003, 001006]
1250	1	001002	001006	83	43.0	3.0	0,931	true	[001002, 001005, 001006]
1251	2	002005	002003	0	12.0	4.0	0,894	true	[002005, 002000, 002002, 002001, 002003]
1252	2	002005	002003	1	12.0	4.0	0,886	true	[002005, 002000, 002002, 002001, 002004, 002003]
1253	2	002005	002003	2	12.0	3.0	0,886	true	[002005, 002000, 002002, 002001, 002004, 002006, 002003]
1254	2	002005	002003	3	12.0	3.0	0,886	true	[002005, 002000, 002002, 002001, 002006, 002003]
1255	2	002005	002003	4	12.0	4.0	0,886	true	[002005, 002000, 002002, 002001, 002006, 002004, 002003]
1256	2	002005	002003	5	35.0	4.0	0,922	true	[002005, 002000, 002002, 002003]
1257	2	002005	002003	6	24.0	4.0	0,850	true	[002005, 002000, 002002, 002004, 002001, 002003]
1258	2	002005	002003	7	18.0	3.0	0,841	true	[002005, 002000, 002002, 002004, 002001, 002006, 002003]
1259	2	002005	002003	8	12.0	4.0	0,894	true	[002005, 002000, 002002, 002004, 002003]
1260	2	002005	002003	9	42.0	4.0	0,850	true	[002005, 002000, 002002, 002004, 002006, 002001, 002003]
1261	2	002005	002003	10	18.0	3.0	0,894	true	[002005, 002000, 002002, 002004, 002006, 002003]
1262	2	002005	002003	11	42.0	4.0	0,876	true	[002005, 002000, 002002, 002006, 002001, 002003]
1263	2	002005	002003	12	12.0	4.0	0,868	true	[002005, 002000, 002002, 002006, 002001, 002004, 002003]
1264	2	002005	002003	13	18.0	3.0	0,922	true	[002005, 002000, 002002, 002006, 002003]
1265	2	002005	002003	14	24.0	4.0	0,876	true	[002005, 002000, 002002, 002006, 002004, 002001, 002003]
1266	2	002005	002003	15	12.0	4.0	0,922	true	[002005, 002000, 002002, 002006, 002004, 002003]
1267	2	002005	002003	16	36.0	6.0	0,941	true	[002005, 002000, 002003]
1268	2	002005	002003	17	12.0	5.0	0,850	true	[002005, 002000, 002006, 002001, 002002, 002003]
1269	2	002005	002003	18	12.0	6.0	0,824	true	[002005, 002000, 002006, 002001, 002002, 002004, 002003]
1270	2	002005	002003	19	22.0	6.0	0,858	true	[002005, 002000, 002006, 002001, 002003]
1271	2	002005	002003	20	22.0	5.0	0,807	true	[002005, 002000, 002006, 002001, 002004, 002002, 002003]
1272	2	002005	002003	21	12.0	6.0	0,850	true	[002005, 002000, 002006, 002001, 002004, 002003]
1273	2	002005	002003	22	12.0	6.0	0,858	true	[002005, 002000, 002006, 002002, 002001, 002003]
1274	2	002005	002003	23	12.0	6.0	0,850	true	[002005, 002000, 002006, 002002, 002001, 002004, 002003]
1275	2	002005	002003	24	22.0	5.0	0,885	true	[002005, 002000, 002006, 002002, 002003]
1276	2	002005	002003	25	22.0	6.0	0,815	true	[002005, 002000, 002006, 002002, 002004, 002001, 002003]
1277	2	002005	002003	26	12.0	6.0	0,858	true	[002005, 002000, 002006, 002002, 002004, 002003]
1278	2	002005	002003	27	18.0	3.0	0,903	true	[002005, 002000, 002006, 002003]
1279	2	002005	002003	28	12.0	5.0	0,850	true	[002005, 002000, 002006, 002004, 002001, 002002, 002003]
1280	2	002005	002003	29	22.0	6.0	0,858	true	[002005, 002000, 002006, 002004, 002001, 002003]
1281	2	002005	002003	30	12.0	6.0	0,832	true	[002005, 002000, 002006, 002004, 002002, 002001, 002003]
1282	2	002005	002003	31	22.0	5.0	0,858	true	[002005, 002000, 002006, 002004, 002002, 002003]
1283	2	002005	002003	32	12.0	6.0	0,903	true	[002005, 002000, 002006, 002004, 002003]
1284	2	002005	002003	33	26.0	4.0	0,922	true	[002005, 002002, 002000, 002003]
1285	2	002005	002003	34	22.0	4.0	0,841	true	[002005, 002002, 002000, 002006, 002001, 002003]
1286	2	002005	002003	35	12.0	4.0	0,833	true	[002005, 002002, 002000, 002006, 002001, 002004, 002003]
1287	2	002005	002003	36	18.0	3.0	0,885	true	[002005, 002002, 002000, 002006, 002003]
1288	2	002005	002003	37	22.0	4.0	0,841	true	[002005, 002002, 002000, 002006, 002004, 002001, 002003]
1289	2	002005	002003	38	12.0	4.0	0,885	true	[002005, 002002, 002000, 002006, 002004, 002003]
1290	2	002005	002003	39	12.0	5.0	0,912	true	[002005, 002002, 002001, 002003]
1291	2	002005	002003	40	12.0	5.0	0,904	true	[002005, 002002, 002001, 002004, 002003]
1292	2	002005	002003	41	12.0	5.0	0,850	true	[002005, 002002, 002001, 002004, 002006, 002000, 002003]
1293	2	002005	002003	42	12.0	3.0	0,904	true	[002005, 002002, 002001, 002004, 002006, 002003]
1294	2	002005	002003	43	12.0	5.0	0,850	true	[002005, 002002, 002001, 002006, 002000, 002003]
1295	2	002005	002003	44	12.0	3.0	0,904	true	[002005, 002002, 002001, 002006, 002003]
1296	2	002005	002003	45	12.0	5.0	0,904	true	[002005, 002002, 002001, 002006, 002004, 002003]
1297	2	002005	002003	46	26.0	5.0	0,941	true	[002005, 002002, 002003]
1298	2	002005	002003	47	24.0	5.0	0,867	true	[002005, 002002, 002004, 002001, 002003]
1299	2	002005	002003	48	22.0	5.0	0,807	true	[002005, 002002, 002004, 002001, 002006, 002000, 002003]
1300	2	002005	002003	49	18.0	3.0	0,859	true	[002005, 002002, 002004, 002001, 002006, 002003]
1301	2	002005	002003	50	12.0	5.0	0,913	true	[002005, 002002, 002004, 002003]
1302	2	002005	002003	51	22.0	5.0	0,858	true	[002005, 002002, 002004, 002006, 002000, 002003]
1303	2	002005	002003	52	26.0	5.0	0,867	true	[002005, 002002, 002004, 002006, 002001, 002003]
1304	2	002005	002003	53	18.0	3.0	0,913	true	[002005, 002002, 002004, 002006, 002003]
1305	2	002005	002003	54	22.0	5.0	0,885	true	[002005, 002002, 002006, 002000, 002003]
1306	2	002005	002003	55	26.0	5.0	0,894	true	[002005, 002002, 002006, 002001, 002003]
1307	2	002005	002003	56	12.0	5.0	0,885	true	[002005, 002002, 002006, 002001, 002004, 002003]
1308	2	002005	002003	57	18.0	3.0	0,941	true	[002005, 002002, 002006, 002003]
1309	2	002005	002003	58	24.0	5.0	0,894	true	[002005, 002002, 002006, 002004, 002001, 002003]
1310	2	002005	002003	59	12.0	5.0	0,941	true	[002005, 002002, 002006, 002004, 002003]
1311	2	002005	002003	60	12.0	4.0	0,885	true	[002005, 002004, 002001, 002002, 002000, 002003]
1312	2	002005	002003	61	12.0	3.0	0,850	true	[002005, 002004, 002001, 002002, 002000, 002006, 002003]
1313	2	002005	002003	62	12.0	5.0	0,903	true	[002005, 002004, 002001, 002002, 002003]
1314	2	002005	002003	63	12.0	6.0	0,850	true	[002005, 002004, 002001, 002002, 002006, 002000, 002003]
1315	2	002005	002003	64	12.0	3.0	0,904	true	[002005, 002004, 002001, 002002, 002006, 002003]
1316	2	002005	002003	65	24.0	6.0	0,912	true	[002005, 002004, 002001, 002003]
1317	2	002005	002003	66	22.0	4.0	0,833	true	[002005, 002004, 002001, 002006, 002000, 002002, 002003]
1318	2	002005	002003	67	22.0	6.0	0,850	true	[002005, 002004, 002001, 002006, 002000, 002003]
1319	2	002005	002003	68	24.0	4.0	0,868	true	[002005, 002004, 002001, 002006, 002002, 002000, 002003]
1320	2	002005	002003	69	24.0	5.0	0,885	true	[002005, 002004, 002001, 002006, 002002, 002003]
1321	2	002005	002003	70	18.0	3.0	0,904	true	[002005, 002004, 002001, 002006, 002003]
1322	2	002005	002003	71	33.0	4.0	0,894	true	[002005, 002004, 002002, 002000, 002003]
1323	2	002005	002003	72	22.0	4.0	0,815	true	[002005, 002004, 002002, 002000, 002006, 002001, 002003]
1324	2	002005	002003	73	18.0	3.0	0,858	true	[002005, 002004, 002002, 002000, 002006, 002003]
1325	2	002005	002003	74	12.0	6.0	0,885	true	[002005, 002004, 002002, 002001, 002003]
1326	2	002005	002003	75	12.0	6.0	0,824	true	[002005, 002004, 002002, 002001, 002006, 002000, 002003]
1327	2	002005	002003	76	12.0	3.0	0,876	true	[002005, 002004, 002002, 002001, 002006, 002003]
1328	2	002005	002003	77	33.0	5.0	0,912	true	[002005, 002004, 002002, 002003]
1329	2	002005	002003	78	22.0	6.0	0,858	true	[002005, 002004, 002002, 002006, 002000, 002003]
1330	2	002005	002003	79	33.0	6.0	0,867	true	[002005, 002004, 002002, 002006, 002001, 002003]
1331	2	002005	002003	80	18.0	3.0	0,913	true	[002005, 002004, 002002, 002006, 002003]
1332	2	002005	002003	81	12.0	6.0	0,960	true	[002005, 002004, 002003]
1333	2	002005	002003	82	12.0	4.0	0,858	true	[002005, 002004, 002006, 002000, 002002, 002001, 002003]
1334	2	002005	002003	83	22.0	4.0	0,885	true	[002005, 002004, 002006, 002000, 002002, 002003]
1335	2	002005	002003	84	22.0	6.0	0,903	true	[002005, 002004, 002006, 002000, 002003]
1336	2	002005	002003	85	12.0	4.0	0,885	true	[002005, 002004, 002006, 002001, 002002, 002000, 002003]
1337	2	002005	002003	86	12.0	5.0	0,903	true	[002005, 002004, 002006, 002001, 002002, 002003]
1338	2	002005	002003	87	33.0	6.0	0,912	true	[002005, 002004, 002006, 002001, 002003]
1339	2	002005	002003	88	33.0	4.0	0,922	true	[002005, 002004, 002006, 002002, 002000, 002003]
1340	2	002005	002003	89	12.0	6.0	0,912	true	[002005, 002004, 002006, 002002, 002001, 002003]
1341	2	002005	002003	90	33.0	5.0	0,941	true	[002005, 002004, 002006, 002002, 002003]
1342	2	002005	002003	91	18.0	3.0	0,960	true	[002005, 002004, 002006, 002003]
1343	2	002005	002003	92	12.0	4.0	0,832	true	[002005, 002006, 002000, 002002, 002001, 002003]
1344	2	002005	002003	93	12.0	4.0	0,824	true	[002005, 002006, 002000, 002002, 002001, 002004, 002003]
1345	2	002005	002003	94	22.0	4.0	0,858	true	[002005, 002006, 002000, 002002, 002003]
1346	2	002005	002003	95	22.0	4.0	0,791	true	[002005, 002006, 002000, 002002, 002004, 002001, 002003]
1347	2	002005	002003	96	12.0	4.0	0,832	true	[002005, 002006, 002000, 002002, 002004, 002003]
1348	2	002005	002003	97	22.0	6.0	0,876	true	[002005, 002006, 002000, 002003]
1349	2	002005	002003	98	12.0	4.0	0,859	true	[002005, 002006, 002001, 002002, 002000, 002003]
1350	2	002005	002003	99	12.0	5.0	0,876	true	[002005, 002006, 002001, 002002, 002003]
1351	2	002005	002003	100	12.0	6.0	0,850	true	[002005, 002006, 002001, 002002, 002004, 002003]
1352	2	002005	002003	101	43.0	6.0	0,885	true	[002005, 002006, 002001, 002003]
1353	2	002005	002003	102	18.0	3.0	0,931	true	[002005, 002006, 002003]
1354	3	003004	003003	0	23.0	3.0	0,931	true	[003004, 003001, 003000, 003005, 003002, 003003]
1355	3	003004	003003	1	45.0	3.0	0,931	true	[003004, 003001, 003000, 003005, 003002, 003006, 003003]
1356	3	003004	003003	2	19.0	3.0	0,894	true	[003004, 003001, 003000, 003005, 003006, 003002, 003003]
1357	3	003004	003003	3	19.0	3.0	0,950	true	[003004, 003001, 003000, 003005, 003006, 003003]
1358	3	003004	003003	4	15.0	3.0	0,922	true	[003004, 003001, 003000, 003006, 003002, 003003]
1359	3	003004	003003	5	15.0	3.0	0,980	true	[003004, 003001, 003000, 003006, 003003]
1360	3	003004	003003	6	15.0	3.0	0,885	true	[003004, 003001, 003000, 003006, 003005, 003002, 003003]
1361	3	003004	003003	7	23.0	3.0	0,970	true	[003004, 003001, 003002, 003003]
1362	3	003004	003003	8	15.0	3.0	0,941	true	[003004, 003001, 003002, 003005, 003000, 003006, 003003]
1363	3	003004	003003	9	19.0	3.0	0,931	true	[003004, 003001, 003002, 003005, 003006, 003003]
1364	3	003004	003003	10	51.0	3.0	0,970	true	[003004, 003001, 003002, 003006, 003003]
1365	3	003004	003003	11	41.0	3.0	0,980	true	[003004, 003001, 003003]
1366	3	003004	003003	12	15.0	3.0	0,904	true	[003004, 003001, 003005, 003000, 003006, 003002, 003003]
1367	3	003004	003003	13	15.0	3.0	0,960	true	[003004, 003001, 003005, 003000, 003006, 003003]
1368	3	003004	003003	14	23.0	3.0	0,931	true	[003004, 003001, 003005, 003002, 003003]
1369	3	003004	003003	15	51.0	3.0	0,931	true	[003004, 003001, 003005, 003002, 003006, 003003]
1370	3	003004	003003	16	19.0	3.0	0,894	true	[003004, 003001, 003005, 003006, 003002, 003003]
1371	3	003004	003003	17	19.0	3.0	0,950	true	[003004, 003001, 003005, 003006, 003003]
1372	3	003004	003003	18	15.0	3.0	0,867	true	[003004, 003001, 003006, 003000, 003005, 003002, 003003]
1373	3	003004	003003	19	23.0	3.0	0,894	true	[003004, 003001, 003006, 003002, 003003]
1374	3	003004	003003	20	63.0	3.0	0,950	true	[003004, 003001, 003006, 003003]
1375	3	003004	003003	21	19.0	3.0	0,858	true	[003004, 003001, 003006, 003005, 003002, 003003]
1376	3	003004	003003	22	75.0	10.0	0,980	true	[003004, 003003]
1377	3	003004	003001	23	63.0	3.0	1,000	true	[003004, 003001]
1378	3	003004	003001	24	41.0	7.0	0,960	true	[003004, 003003, 003001]
1379	3	003004	003001	25	23.0	5.0	0,951	true	[003004, 003003, 003002, 003001]
1380	3	003004	003001	26	23.0	3.0	0,913	true	[003004, 003003, 003002, 003005, 003000, 003001]
1381	3	003004	003001	27	15.0	3.0	0,850	true	[003004, 003003, 003002, 003005, 003000, 003006, 003001]
1382	3	003004	003001	28	23.0	4.0	0,913	true	[003004, 003003, 003002, 003005, 003001]
1383	3	003004	003001	29	15.0	6.0	0,867	true	[003004, 003003, 003002, 003005, 003006, 003000, 003001]
1384	3	003004	003001	30	19.0	3.0	0,841	true	[003004, 003003, 003002, 003005, 003006, 003001]
1385	3	003004	003001	31	15.0	6.0	0,904	true	[003004, 003003, 003002, 003006, 003000, 003001]
1386	3	003004	003001	32	15.0	3.0	0,886	true	[003004, 003003, 003002, 003006, 003000, 003005, 003001]
1387	3	003004	003001	33	23.0	3.0	0,876	true	[003004, 003003, 003002, 003006, 003001]
1388	3	003004	003001	34	19.0	3.0	0,876	true	[003004, 003003, 003002, 003006, 003005, 003000, 003001]
1389	3	003004	003001	35	19.0	4.0	0,876	true	[003004, 003003, 003002, 003006, 003005, 003001]
1390	3	003004	003001	36	15.0	6.0	0,960	true	[003004, 003003, 003006, 003000, 003001]
1391	3	003004	003001	37	15.0	3.0	0,941	true	[003004, 003003, 003006, 003000, 003005, 003001]
1392	3	003004	003001	38	15.0	3.0	0,922	true	[003004, 003003, 003006, 003000, 003005, 003002, 003001]
1393	3	003004	003001	39	64.0	3.0	0,931	true	[003004, 003003, 003006, 003001]
1394	3	003004	003001	40	51.0	5.0	0,951	true	[003004, 003003, 003006, 003002, 003001]
1395	3	003004	003001	41	45.0	3.0	0,913	true	[003004, 003003, 003006, 003002, 003005, 003000, 003001]
1396	3	003004	003001	42	51.0	4.0	0,913	true	[003004, 003003, 003006, 003002, 003005, 003001]
1397	3	003004	003001	43	19.0	3.0	0,931	true	[003004, 003003, 003006, 003005, 003000, 003001]
1398	3	003004	003001	44	19.0	4.0	0,931	true	[003004, 003003, 003006, 003005, 003001]
1399	3	003004	003001	45	19.0	5.0	0,913	true	[003004, 003003, 003006, 003005, 003002, 003001]
1400	3	003003	003001	46	41.0	7.0	0,980	true	[003003, 003001]
1401	3	003003	003001	47	23.0	5.0	0,970	true	[003003, 003002, 003001]
1402	3	003003	003001	48	23.0	3.0	0,931	true	[003003, 003002, 003005, 003000, 003001]
1403	3	003003	003001	49	15.0	3.0	0,867	true	[003003, 003002, 003005, 003000, 003006, 003001]
1404	3	003003	003001	50	23.0	4.0	0,931	true	[003003, 003002, 003005, 003001]
1405	3	003003	003001	51	15.0	6.0	0,885	true	[003003, 003002, 003005, 003006, 003000, 003001]
1406	3	003003	003001	52	19.0	3.0	0,858	true	[003003, 003002, 003005, 003006, 003001]
1407	3	003003	003001	53	15.0	6.0	0,922	true	[003003, 003002, 003006, 003000, 003001]
1408	3	003003	003001	54	15.0	3.0	0,904	true	[003003, 003002, 003006, 003000, 003005, 003001]
1409	3	003003	003001	55	23.0	3.0	0,894	true	[003003, 003002, 003006, 003001]
1410	3	003003	003001	56	19.0	3.0	0,894	true	[003003, 003002, 003006, 003005, 003000, 003001]
1411	3	003003	003001	57	19.0	4.0	0,894	true	[003003, 003002, 003006, 003005, 003001]
1412	3	003003	003001	58	63.0	3.0	0,980	true	[003003, 003004, 003001]
1413	3	003003	003001	59	15.0	6.0	0,980	true	[003003, 003006, 003000, 003001]
1414	3	003003	003001	60	15.0	3.0	0,960	true	[003003, 003006, 003000, 003005, 003001]
1415	3	003003	003001	61	15.0	3.0	0,941	true	[003003, 003006, 003000, 003005, 003002, 003001]
1416	3	003003	003001	62	64.0	3.0	0,950	true	[003003, 003006, 003001]
1417	3	003003	003001	63	51.0	5.0	0,970	true	[003003, 003006, 003002, 003001]
1418	3	003003	003001	64	45.0	3.0	0,931	true	[003003, 003006, 003002, 003005, 003000, 003001]
1419	3	003003	003001	65	51.0	4.0	0,931	true	[003003, 003006, 003002, 003005, 003001]
1420	3	003003	003001	66	19.0	3.0	0,950	true	[003003, 003006, 003005, 003000, 003001]
1421	3	003003	003001	67	19.0	4.0	0,950	true	[003003, 003006, 003005, 003001]
1422	3	003003	003001	68	19.0	5.0	0,931	true	[003003, 003006, 003005, 003002, 003001]
1423	4	004000	004005	0	23.0	3.0	0,903	true	[004000, 004001, 004003, 004002, 004004, 004006, 004005]
1424	4	004000	004005	1	23.0	4.0	0,876	true	[004000, 004001, 004003, 004002, 004005]
1425	4	004000	004005	2	21.0	4.0	0,885	true	[004000, 004001, 004003, 004002, 004006, 004005]
1426	4	004000	004005	3	23.0	3.0	0,867	true	[004000, 004001, 004003, 004004, 004002, 004005]
1427	4	004000	004005	4	21.0	3.0	0,876	true	[004000, 004001, 004003, 004004, 004002, 004006, 004005]
1428	4	004000	004005	5	21.0	4.0	0,849	true	[004000, 004001, 004003, 004004, 004006, 004002, 004005]
1429	4	004000	004005	6	23.0	4.0	0,894	true	[004000, 004001, 004003, 004004, 004006, 004005]
1430	4	004000	004005	7	23.0	4.0	0,931	true	[004000, 004001, 004003, 004005]
1431	4	004000	004005	8	7.0	4.0	0,823	true	[004000, 004001, 004003, 004006, 004002, 004005]
1432	4	004000	004005	9	7.0	3.0	0,840	true	[004000, 004001, 004003, 004006, 004004, 004002, 004005]
1433	4	004000	004005	10	7.0	4.0	0,867	true	[004000, 004001, 004003, 004006, 004005]
1434	4	004000	004005	11	23.0	4.0	0,980	true	[004000, 004001, 004005]
1435	4	004000	004005	12	21.0	4.0	0,913	true	[004000, 004001, 004006, 004002, 004003, 004005]
1436	4	004000	004005	13	21.0	3.0	0,904	true	[004000, 004001, 004006, 004002, 004004, 004003, 004005]
1437	4	004000	004005	14	21.0	4.0	0,876	true	[004000, 004001, 004006, 004002, 004005]
1438	4	004000	004005	15	7.0	4.0	0,841	true	[004000, 004001, 004006, 004003, 004002, 004005]
1439	4	004000	004005	16	7.0	3.0	0,832	true	[004000, 004001, 004006, 004003, 004004, 004002, 004005]
1440	4	004000	004005	17	7.0	4.0	0,894	true	[004000, 004001, 004006, 004003, 004005]
1441	4	004000	004005	18	23.0	3.0	0,931	true	[004000, 004001, 004006, 004004, 004002, 004003, 004005]
1442	4	004000	004005	19	23.0	3.0	0,894	true	[004000, 004001, 004006, 004004, 004002, 004005]
1443	4	004000	004005	20	23.0	4.0	0,867	true	[004000, 004001, 004006, 004004, 004003, 004002, 004005]
1444	4	004000	004005	21	23.0	4.0	0,922	true	[004000, 004001, 004006, 004004, 004003, 004005]
1445	4	004000	004005	22	23.0	4.0	0,922	true	[004000, 004001, 004006, 004005]
1446	4	004000	004005	23	19.0	6.0	0,912	true	[004000, 004002, 004003, 004001, 004005]
1447	4	004000	004005	24	19.0	6.0	0,858	true	[004000, 004002, 004003, 004001, 004006, 004005]
1448	4	004000	004005	25	19.0	6.0	0,903	true	[004000, 004002, 004003, 004004, 004006, 004001, 004005]
1449	4	004000	004005	26	19.0	6.0	0,922	true	[004000, 004002, 004003, 004004, 004006, 004005]
1450	4	004000	004005	27	19.0	6.0	0,960	true	[004000, 004002, 004003, 004005]
1451	4	004000	004005	28	7.0	6.0	0,876	true	[004000, 004002, 004003, 004006, 004001, 004005]
1452	4	004000	004005	29	7.0	6.0	0,894	true	[004000, 004002, 004003, 004006, 004005]
1453	4	004000	004005	30	19.0	3.0	0,903	true	[004000, 004002, 004004, 004003, 004001, 004005]
1454	4	004000	004005	31	19.0	3.0	0,850	true	[004000, 004002, 004004, 004003, 004001, 004006, 004005]
1455	4	004000	004005	32	19.0	3.0	0,951	true	[004000, 004002, 004004, 004003, 004005]
1456	4	004000	004005	33	7.0	3.0	0,867	true	[004000, 004002, 004004, 004003, 004006, 004001, 004005]
1457	4	004000	004005	34	7.0	3.0	0,885	true	[004000, 004002, 004004, 004003, 004006, 004005]
1458	4	004000	004005	35	19.0	3.0	0,885	true	[004000, 004002, 004004, 004006, 004001, 004003, 004005]
1459	4	004000	004005	36	19.0	3.0	0,931	true	[004000, 004002, 004004, 004006, 004001, 004005]
1460	4	004000	004005	37	7.0	3.0	0,875	true	[004000, 004002, 004004, 004006, 004003, 004001, 004005]
1461	4	004000	004005	38	7.0	3.0	0,922	true	[004000, 004002, 004004, 004006, 004003, 004005]
1462	4	004000	004005	39	19.0	3.0	0,951	true	[004000, 004002, 004004, 004006, 004005]
1463	4	004000	004005	40	19.0	6.0	0,922	true	[004000, 004002, 004005]
1464	4	004000	004005	41	19.0	6.0	0,867	true	[004000, 004002, 004006, 004001, 004003, 004005]
1465	4	004000	004005	42	19.0	6.0	0,913	true	[004000, 004002, 004006, 004001, 004005]
1466	4	004000	004005	43	7.0	6.0	0,858	true	[004000, 004002, 004006, 004003, 004001, 004005]
1467	4	004000	004005	44	7.0	6.0	0,903	true	[004000, 004002, 004006, 004003, 004005]
1468	4	004000	004005	45	19.0	6.0	0,885	true	[004000, 004002, 004006, 004004, 004003, 004001, 004005]
1469	4	004000	004005	46	19.0	6.0	0,932	true	[004000, 004002, 004006, 004004, 004003, 004005]
1470	4	004000	004005	47	19.0	6.0	0,932	true	[004000, 004002, 004006, 004005]
1471	4	004000	004005	48	24.0	9.0	0,922	true	[004000, 004003, 004001, 004005]
1472	4	004000	004005	49	21.0	6.0	0,824	true	[004000, 004003, 004001, 004006, 004002, 004005]
1473	4	004000	004005	50	26.0	3.0	0,840	true	[004000, 004003, 004001, 004006, 004004, 004002, 004005]
1474	4	004000	004005	51	26.0	9.0	0,867	true	[004000, 004003, 004001, 004006, 004005]
1475	4	004000	004005	52	24.0	3.0	0,922	true	[004000, 004003, 004002, 004004, 004006, 004001, 004005]
1476	4	004000	004005	53	29.0	3.0	0,941	true	[004000, 004003, 004002, 004004, 004006, 004005]
1477	4	004000	004005	54	40.0	7.0	0,912	true	[004000, 004003, 004002, 004005]
1478	4	004000	004005	55	21.0	6.0	0,903	true	[004000, 004003, 004002, 004006, 004001, 004005]
1479	4	004000	004005	56	21.0	6.0	0,922	true	[004000, 004003, 004002, 004006, 004005]
1480	4	004000	004005	57	29.0	3.0	0,903	true	[004000, 004003, 004004, 004002, 004005]
1481	4	004000	004005	58	21.0	3.0	0,894	true	[004000, 004003, 004004, 004002, 004006, 004001, 004005]
1482	4	004000	004005	59	21.0	3.0	0,913	true	[004000, 004003, 004004, 004002, 004006, 004005]
1483	4	004000	004005	60	24.0	6.0	0,913	true	[004000, 004003, 004004, 004006, 004001, 004005]
1484	4	004000	004005	61	21.0	6.0	0,885	true	[004000, 004003, 004004, 004006, 004002, 004005]
1485	4	004000	004005	62	29.0	6.0	0,932	true	[004000, 004003, 004004, 004006, 004005]
1486	4	004000	004005	63	40.0	8.0	0,970	true	[004000, 004003, 004005]
1487	4	004000	004005	64	7.0	8.0	0,885	true	[004000, 004003, 004006, 004001, 004005]
1488	4	004000	004005	65	7.0	6.0	0,858	true	[004000, 004003, 004006, 004002, 004005]
1489	4	004000	004005	66	7.0	3.0	0,875	true	[004000, 004003, 004006, 004004, 004002, 004005]
1490	4	004000	004005	67	7.0	8.0	0,903	true	[004000, 004003, 004006, 004005]
1491	4	004000	004005	68	17.0	3.0	0,931	true	[004000, 004004, 004002, 004003, 004001, 004005]
1492	4	004000	004005	69	17.0	3.0	0,876	true	[004000, 004004, 004002, 004003, 004001, 004006, 004005]
1493	4	004000	004005	70	17.0	3.0	0,980	true	[004000, 004004, 004002, 004003, 004005]
1494	4	004000	004005	71	7.0	3.0	0,894	true	[004000, 004004, 004002, 004003, 004006, 004001, 004005]
1495	4	004000	004005	72	7.0	3.0	0,912	true	[004000, 004004, 004002, 004003, 004006, 004005]
1496	4	004000	004005	73	17.0	3.0	0,941	true	[004000, 004004, 004002, 004005]
1497	4	004000	004005	74	17.0	3.0	0,885	true	[004000, 004004, 004002, 004006, 004001, 004003, 004005]
1498	4	004000	004005	75	17.0	3.0	0,931	true	[004000, 004004, 004002, 004006, 004001, 004005]
1499	4	004000	004005	76	7.0	3.0	0,876	true	[004000, 004004, 004002, 004006, 004003, 004001, 004005]
1500	4	004000	004005	77	7.0	3.0	0,922	true	[004000, 004004, 004002, 004006, 004003, 004005]
1501	4	004000	004005	78	17.0	3.0	0,951	true	[004000, 004004, 004002, 004006, 004005]
1502	4	004000	004005	79	17.0	3.0	0,922	true	[004000, 004004, 004003, 004001, 004005]
1503	4	004000	004005	80	17.0	3.0	0,824	true	[004000, 004004, 004003, 004001, 004006, 004002, 004005]
1504	4	004000	004005	81	17.0	3.0	0,867	true	[004000, 004004, 004003, 004001, 004006, 004005]
1505	4	004000	004005	82	17.0	3.0	0,912	true	[004000, 004004, 004003, 004002, 004005]
1506	4	004000	004005	83	17.0	3.0	0,904	true	[004000, 004004, 004003, 004002, 004006, 004001, 004005]
1507	4	004000	004005	84	17.0	3.0	0,922	true	[004000, 004004, 004003, 004002, 004006, 004005]
1508	4	004000	004005	85	17.0	3.0	0,970	true	[004000, 004004, 004003, 004005]
1509	4	004000	004005	86	7.0	3.0	0,885	true	[004000, 004004, 004003, 004006, 004001, 004005]
1510	4	004000	004005	87	7.0	3.0	0,858	true	[004000, 004004, 004003, 004006, 004002, 004005]
1511	4	004000	004005	88	7.0	3.0	0,903	true	[004000, 004004, 004003, 004006, 004005]
1512	4	004000	004005	89	17.0	3.0	0,849	true	[004000, 004004, 004006, 004001, 004003, 004002, 004005]
1513	4	004000	004005	90	17.0	3.0	0,903	true	[004000, 004004, 004006, 004001, 004003, 004005]
1514	4	004000	004005	91	17.0	3.0	0,950	true	[004000, 004004, 004006, 004001, 004005]
1515	4	004000	004005	92	17.0	3.0	0,912	true	[004000, 004004, 004006, 004002, 004003, 004001, 004005]
1516	4	004000	004005	93	17.0	3.0	0,960	true	[004000, 004004, 004006, 004002, 004003, 004005]
1517	4	004000	004005	94	17.0	3.0	0,922	true	[004000, 004004, 004006, 004002, 004005]
1518	4	004000	004005	95	7.0	3.0	0,893	true	[004000, 004004, 004006, 004003, 004001, 004005]
1519	4	004000	004005	96	7.0	3.0	0,885	true	[004000, 004004, 004006, 004003, 004002, 004005]
1520	4	004000	004005	97	7.0	3.0	0,941	true	[004000, 004004, 004006, 004003, 004005]
1521	4	004000	004005	98	17.0	3.0	0,970	true	[004000, 004004, 004006, 004005]
1522	4	004000	004005	99	21.0	8.0	0,960	true	[004000, 004005]
1523	4	004000	004005	100	26.0	7.0	0,823	true	[004000, 004006, 004001, 004003, 004002, 004005]
1524	4	004000	004005	101	26.0	8.0	0,876	true	[004000, 004006, 004001, 004003, 004005]
1525	4	004000	004005	102	24.0	8.0	0,922	true	[004000, 004006, 004001, 004005]
1526	4	004000	004005	103	54.0	8.0	0,941	true	[004000, 004006, 004005]
1527	5	005005	005003	0	26.0	3.0	0,931	true	[005005, 005000, 005001, 005002, 005003]
1528	5	005005	005003	1	14.0	5.0	0,913	true	[005005, 005000, 005001, 005002, 005004, 005003]
1529	5	005005	005003	2	14.0	3.0	0,895	true	[005005, 005000, 005001, 005002, 005004, 005006, 005003]
1530	5	005005	005003	3	37.0	5.0	0,913	true	[005005, 005000, 005001, 005002, 005006, 005003]
1531	5	005005	005003	4	37.0	3.0	0,895	true	[005005, 005000, 005001, 005002, 005006, 005004, 005003]
1532	5	005005	005003	5	17.0	5.0	0,950	true	[005005, 005000, 005001, 005003]
1533	5	005005	005003	6	26.0	3.0	0,931	true	[005005, 005000, 005001, 005006, 005002, 005003]
1534	5	005005	005003	7	14.0	5.0	0,913	true	[005005, 005000, 005001, 005006, 005002, 005004, 005003]
1535	5	005005	005003	8	41.0	5.0	0,950	true	[005005, 005000, 005001, 005006, 005003]
1536	5	005005	005003	9	14.0	3.0	0,913	true	[005005, 005000, 005001, 005006, 005004, 005002, 005003]
1537	5	005005	005003	10	41.0	3.0	0,931	true	[005005, 005000, 005001, 005006, 005004, 005003]
1538	5	005005	005003	11	17.0	4.0	0,970	true	[005005, 005000, 005002, 005001, 005003]
1539	5	005005	005003	12	37.0	4.0	0,970	true	[005005, 005000, 005002, 005001, 005006, 005003]
1540	5	005005	005003	13	37.0	3.0	0,951	true	[005005, 005000, 005002, 005001, 005006, 005004, 005003]
1541	5	005005	005003	14	26.0	3.0	0,990	true	[005005, 005000, 005002, 005003]
1542	5	005005	005003	15	14.0	4.0	0,970	true	[005005, 005000, 005002, 005004, 005003]
1543	5	005005	005003	16	14.0	3.0	0,951	true	[005005, 005000, 005002, 005004, 005006, 005001, 005003]
1544	5	005005	005003	17	14.0	3.0	0,951	true	[005005, 005000, 005002, 005004, 005006, 005003]
1545	5	005005	005003	18	17.0	4.0	0,970	true	[005005, 005000, 005002, 005006, 005001, 005003]
1546	5	005005	005003	19	41.0	4.0	0,970	true	[005005, 005000, 005002, 005006, 005003]
1547	5	005005	005003	20	41.0	3.0	0,951	true	[005005, 005000, 005002, 005006, 005004, 005003]
1548	5	005005	005003	21	36.0	5.0	1,000	true	[005005, 005000, 005003]
1549	5	005005	005003	22	14.0	5.0	0,941	true	[005005, 005000, 005004, 005002, 005001, 005003]
1550	5	005005	005003	23	14.0	5.0	0,941	true	[005005, 005000, 005004, 005002, 005001, 005006, 005003]
1551	5	005005	005003	24	14.0	3.0	0,960	true	[005005, 005000, 005004, 005002, 005003]
1552	5	005005	005003	25	14.0	5.0	0,941	true	[005005, 005000, 005004, 005002, 005006, 005001, 005003]
1553	5	005005	005003	26	14.0	5.0	0,941	true	[005005, 005000, 005004, 005002, 005006, 005003]
1554	5	005005	005003	27	41.0	5.0	0,980	true	[005005, 005000, 005004, 005003]
1555	5	005005	005003	28	26.0	3.0	0,941	true	[005005, 005000, 005004, 005006, 005001, 005002, 005003]
1556	5	005005	005003	29	17.0	3.0	0,960	true	[005005, 005000, 005004, 005006, 005001, 005003]
1557	5	005005	005003	30	17.0	3.0	0,922	true	[005005, 005000, 005004, 005006, 005002, 005001, 005003]
1558	5	005005	005003	31	26.0	3.0	0,941	true	[005005, 005000, 005004, 005006, 005002, 005003]
1559	5	005005	005003	32	41.0	3.0	0,960	true	[005005, 005000, 005004, 005006, 005003]
1560	5	005005	005003	33	26.0	3.0	0,922	true	[005005, 005000, 005006, 005001, 005002, 005003]
1561	5	005005	005003	34	14.0	3.0	0,903	true	[005005, 005000, 005006, 005001, 005002, 005004, 005003]
1562	5	005005	005003	35	17.0	3.0	0,941	true	[005005, 005000, 005006, 005001, 005003]
1563	5	005005	005003	36	17.0	3.0	0,903	true	[005005, 005000, 005006, 005002, 005001, 005003]
1564	5	005005	005003	37	26.0	3.0	0,922	true	[005005, 005000, 005006, 005002, 005003]
1565	5	005005	005003	38	14.0	3.0	0,903	true	[005005, 005000, 005006, 005002, 005004, 005003]
1566	5	005005	005003	39	30.0	3.0	0,941	true	[005005, 005000, 005006, 005003]
1567	5	005005	005003	40	14.0	3.0	0,885	true	[005005, 005000, 005006, 005004, 005002, 005001, 005003]
1568	5	005005	005003	41	14.0	3.0	0,903	true	[005005, 005000, 005006, 005004, 005002, 005003]
1569	5	005005	005003	42	30.0	3.0	0,922	true	[005005, 005000, 005006, 005004, 005003]
1570	5	005005	005003	43	17.0	4.0	0,941	true	[005005, 005002, 005000, 005001, 005003]
1571	5	005005	005003	44	48.0	4.0	0,941	true	[005005, 005002, 005000, 005001, 005006, 005003]
1572	5	005005	005003	45	48.0	3.0	0,922	true	[005005, 005002, 005000, 005001, 005006, 005004, 005003]
1573	5	005005	005003	46	36.0	4.0	0,990	true	[005005, 005002, 005000, 005003]
1574	5	005005	005003	47	48.0	4.0	0,970	true	[005005, 005002, 005000, 005004, 005003]
1575	5	005005	005003	48	17.0	3.0	0,951	true	[005005, 005002, 005000, 005004, 005006, 005001, 005003]
1576	5	005005	005003	49	48.0	3.0	0,951	true	[005005, 005002, 005000, 005004, 005006, 005003]
1577	5	005005	005003	50	17.0	3.0	0,931	true	[005005, 005002, 005000, 005006, 005001, 005003]
1578	5	005005	005003	51	30.0	3.0	0,931	true	[005005, 005002, 005000, 005006, 005003]
1579	5	005005	005003	52	30.0	3.0	0,912	true	[005005, 005002, 005000, 005006, 005004, 005003]
1580	5	005005	005003	53	36.0	6.0	0,931	true	[005005, 005002, 005001, 005000, 005003]
1581	5	005005	005003	54	37.0	6.0	0,913	true	[005005, 005002, 005001, 005000, 005004, 005003]
1582	5	005005	005003	55	37.0	3.0	0,895	true	[005005, 005002, 005001, 005000, 005004, 005006, 005003]
1583	5	005005	005003	56	30.0	3.0	0,876	true	[005005, 005002, 005001, 005000, 005006, 005003]
1584	5	005005	005003	57	30.0	3.0	0,858	true	[005005, 005002, 005001, 005000, 005006, 005004, 005003]
1585	5	005005	005003	58	17.0	6.0	0,960	true	[005005, 005002, 005001, 005003]
1586	5	005005	005003	59	30.0	3.0	0,922	true	[005005, 005002, 005001, 005006, 005000, 005003]
1587	5	005005	005003	60	30.0	3.0	0,903	true	[005005, 005002, 005001, 005006, 005000, 005004, 005003]
1588	5	005005	005003	61	37.0	5.0	0,960	true	[005005, 005002, 005001, 005006, 005003]
1589	5	005005	005003	62	36.0	3.0	0,941	true	[005005, 005002, 005001, 005006, 005004, 005000, 005003]
1590	5	005005	005003	63	37.0	3.0	0,941	true	[005005, 005002, 005001, 005006, 005004, 005003]
1591	5	005005	005003	64	26.0	3.0	0,980	true	[005005, 005002, 005003]
1592	5	005005	005003	65	14.0	6.0	0,913	true	[005005, 005002, 005004, 005000, 005001, 005003]
1593	5	005005	005003	66	14.0	5.0	0,913	true	[005005, 005002, 005004, 005000, 005001, 005006, 005003]
1594	5	005005	005003	67	14.0	6.0	0,960	true	[005005, 005002, 005004, 005000, 005003]
1595	5	005005	005003	68	14.0	3.0	0,903	true	[005005, 005002, 005004, 005000, 005006, 005001, 005003]
1596	5	005005	005003	69	14.0	3.0	0,903	true	[005005, 005002, 005004, 005000, 005006, 005003]
1597	5	005005	005003	70	14.0	6.0	0,960	true	[005005, 005002, 005004, 005003]
1598	5	005005	005003	71	14.0	3.0	0,858	true	[005005, 005002, 005004, 005006, 005000, 005001, 005003]
1599	5	005005	005003	72	14.0	3.0	0,903	true	[005005, 005002, 005004, 005006, 005000, 005003]
1600	5	005005	005003	73	14.0	3.0	0,913	true	[005005, 005002, 005004, 005006, 005001, 005000, 005003]
1601	5	005005	005003	74	14.0	3.0	0,941	true	[005005, 005002, 005004, 005006, 005001, 005003]
1602	5	005005	005003	75	14.0	3.0	0,941	true	[005005, 005002, 005004, 005006, 005003]
1603	5	005005	005003	76	17.0	3.0	0,876	true	[005005, 005002, 005006, 005000, 005001, 005003]
1604	5	005005	005003	77	30.0	3.0	0,922	true	[005005, 005002, 005006, 005000, 005003]
1605	5	005005	005003	78	30.0	3.0	0,903	true	[005005, 005002, 005006, 005000, 005004, 005003]
1606	5	005005	005003	79	36.0	5.0	0,931	true	[005005, 005002, 005006, 005001, 005000, 005003]
1607	5	005005	005003	80	48.0	5.0	0,913	true	[005005, 005002, 005006, 005001, 005000, 005004, 005003]
1608	5	005005	005003	81	17.0	5.0	0,960	true	[005005, 005002, 005006, 005001, 005003]
1609	5	005005	005003	82	48.0	6.0	0,960	true	[005005, 005002, 005006, 005003]
1610	5	005005	005003	83	17.0	3.0	0,895	true	[005005, 005002, 005006, 005004, 005000, 005001, 005003]
1611	5	005005	005003	84	36.0	3.0	0,941	true	[005005, 005002, 005006, 005004, 005000, 005003]
1612	5	005005	005003	85	48.0	3.0	0,941	true	[005005, 005002, 005006, 005004, 005003]
1613	5	005005	005003	86	21.0	3.0	0,849	true	[005005, 005006, 005000, 005001, 005002, 005003]
1614	5	005005	005003	87	14.0	3.0	0,832	true	[005005, 005006, 005000, 005001, 005002, 005004, 005003]
1615	5	005005	005003	88	17.0	3.0	0,867	true	[005005, 005006, 005000, 005001, 005003]
1616	5	005005	005003	89	17.0	3.0	0,885	true	[005005, 005006, 005000, 005002, 005001, 005003]
1617	5	005005	005003	90	21.0	3.0	0,903	true	[005005, 005006, 005000, 005002, 005003]
1618	5	005005	005003	91	14.0	3.0	0,885	true	[005005, 005006, 005000, 005002, 005004, 005003]
1619	5	005005	005003	92	21.0	3.0	0,912	true	[005005, 005006, 005000, 005003]
1620	5	005005	005003	93	14.0	3.0	0,858	true	[005005, 005006, 005000, 005004, 005002, 005001, 005003]
1621	5	005005	005003	94	14.0	3.0	0,876	true	[005005, 005006, 005000, 005004, 005002, 005003]
1622	5	005005	005003	95	21.0	3.0	0,894	true	[005005, 005006, 005000, 005004, 005003]
1623	5	005005	005003	96	21.0	3.0	0,912	true	[005005, 005006, 005001, 005000, 005002, 005003]
1624	5	005005	005003	97	14.0	4.0	0,894	true	[005005, 005006, 005001, 005000, 005002, 005004, 005003]
1625	5	005005	005003	98	21.0	5.0	0,922	true	[005005, 005006, 005001, 005000, 005003]
1626	5	005005	005003	99	14.0	3.0	0,885	true	[005005, 005006, 005001, 005000, 005004, 005002, 005003]
1627	5	005005	005003	100	21.0	5.0	0,903	true	[005005, 005006, 005001, 005000, 005004, 005003]
1628	5	005005	005003	101	17.0	5.0	0,950	true	[005005, 005006, 005001, 005003]
1629	5	005005	005003	102	21.0	6.0	0,950	true	[005005, 005006, 005003]
1630	6	006004	006000	0	22.0	5.0	0,960	true	[006004, 006000]
1631	6	006004	006000	1	19.0	3.0	0,931	true	[006004, 006001, 006000]
1632	6	006004	006000	2	24.0	3.0	0,867	true	[006004, 006001, 006003, 006002, 006000]
1633	6	006004	006000	3	29.0	3.0	0,798	true	[006004, 006001, 006003, 006002, 006006, 006000]
1634	6	006004	006000	4	24.0	3.0	0,849	true	[006004, 006001, 006003, 006005, 006002, 006000]
1635	6	006004	006000	5	29.0	3.0	0,782	true	[006004, 006001, 006003, 006005, 006002, 006006, 006000]
1636	6	006004	006000	6	7.0	3.0	0,858	true	[006004, 006001, 006005, 006002, 006000]
1637	6	006004	006000	7	7.0	3.0	0,790	true	[006004, 006001, 006005, 006002, 006006, 006000]
1638	6	006004	006000	8	7.0	3.0	0,858	true	[006004, 006001, 006005, 006003, 006002, 006000]
1639	6	006004	006000	9	7.0	3.0	0,790	true	[006004, 006001, 006005, 006003, 006002, 006006, 006000]
1640	6	006004	006000	10	24.0	4.0	0,980	true	[006004, 006002, 006000]
1641	6	006004	006000	11	19.0	7.0	0,894	true	[006004, 006002, 006003, 006001, 006000]
1642	6	006004	006000	12	7.0	7.0	0,885	true	[006004, 006002, 006003, 006005, 006001, 006000]
1643	6	006004	006000	13	7.0	4.0	0,885	true	[006004, 006002, 006005, 006001, 006000]
1644	6	006004	006000	14	19.0	4.0	0,876	true	[006004, 006002, 006005, 006003, 006001, 006000]
1645	6	006004	006000	15	29.0	5.0	0,903	true	[006004, 006002, 006006, 006000]
1646	6	006004	006000	16	19.0	7.0	0,922	true	[006004, 006003, 006001, 006000]
1647	6	006004	006000	17	7.0	4.0	0,849	true	[006004, 006003, 006001, 006005, 006002, 006000]
1648	6	006004	006000	18	7.0	4.0	0,782	true	[006004, 006003, 006001, 006005, 006002, 006006, 006000]
1649	6	006004	006000	19	24.0	4.0	0,951	true	[006004, 006003, 006002, 006000]
1650	6	006004	006000	20	7.0	4.0	0,858	true	[006004, 006003, 006002, 006005, 006001, 006000]
1651	6	006004	006000	21	29.0	5.0	0,875	true	[006004, 006003, 006002, 006006, 006000]
1652	6	006004	006000	22	7.0	7.0	0,912	true	[006004, 006003, 006005, 006001, 006000]
1653	6	006004	006000	23	24.0	4.0	0,931	true	[006004, 006003, 006005, 006002, 006000]
1654	6	006004	006000	24	29.0	4.0	0,858	true	[006004, 006003, 006005, 006002, 006006, 006000]
1655	6	006004	006000	25	7.0	6.0	0,912	true	[006004, 006005, 006001, 006000]
1656	6	006004	006000	26	7.0	4.0	0,849	true	[006004, 006005, 006001, 006003, 006002, 006000]
1657	6	006004	006000	27	7.0	5.0	0,782	true	[006004, 006005, 006001, 006003, 006002, 006006, 006000]
1658	6	006004	006000	28	24.0	4.0	0,931	true	[006004, 006005, 006002, 006000]
1659	6	006004	006000	29	19.0	4.0	0,850	true	[006004, 006005, 006002, 006003, 006001, 006000]
1660	6	006004	006000	30	29.0	4.0	0,858	true	[006004, 006005, 006002, 006006, 006000]
1661	6	006004	006000	31	19.0	6.0	0,903	true	[006004, 006005, 006003, 006001, 006000]
1662	6	006004	006000	32	24.0	4.0	0,932	true	[006004, 006005, 006003, 006002, 006000]
1663	6	006004	006000	33	29.0	5.0	0,858	true	[006004, 006005, 006003, 006002, 006006, 006000]
1664	6	006004	006000	34	21.0	7.0	0,931	true	[006004, 006006, 006000]
1665	6	006004	006000	35	21.0	4.0	0,912	true	[006004, 006006, 006002, 006000]
1666	6	006004	006000	36	19.0	5.0	0,832	true	[006004, 006006, 006002, 006003, 006001, 006000]
1667	6	006004	006000	37	7.0	5.0	0,824	true	[006004, 006006, 006002, 006003, 006005, 006001, 006000]
1668	6	006004	006000	38	7.0	4.0	0,824	true	[006004, 006006, 006002, 006005, 006001, 006000]
1669	6	006004	006000	39	19.0	4.0	0,815	true	[006004, 006006, 006002, 006005, 006003, 006001, 006000]
1670	7	007000	007003	0	14.0	5.0	0,941	true	[007000, 007001, 007002, 007003]
1671	7	007000	007003	1	14.0	5.0	0,867	true	[007000, 007001, 007002, 007004, 007003]
1672	7	007000	007003	2	5.0	3.0	0,885	true	[007000, 007001, 007002, 007004, 007006, 007003]
1673	7	007000	007003	3	5.0	3.0	0,867	true	[007000, 007001, 007002, 007004, 007006, 007005, 007003]
1674	7	007000	007003	4	14.0	3.0	0,903	true	[007000, 007001, 007002, 007006, 007003]
1675	7	007000	007003	5	5.0	5.0	0,867	true	[007000, 007001, 007002, 007006, 007004, 007003]
1676	7	007000	007003	6	14.0	3.0	0,885	true	[007000, 007001, 007002, 007006, 007005, 007003]
1677	7	007000	007003	7	6.0	3.0	0,970	true	[007000, 007001, 007003]
1678	7	007000	007003	8	14.0	5.0	0,903	true	[007000, 007001, 007004, 007002, 007003]
1679	7	007000	007003	9	14.0	3.0	0,867	true	[007000, 007001, 007004, 007002, 007006, 007003]
1680	7	007000	007003	10	14.0	3.0	0,850	true	[007000, 007001, 007004, 007002, 007006, 007005, 007003]
1681	7	007000	007003	11	14.0	7.0	0,903	true	[007000, 007001, 007004, 007003]
1682	7	007000	007003	12	5.0	7.0	0,903	true	[007000, 007001, 007004, 007006, 007002, 007003]
1683	7	007000	007003	13	5.0	3.0	0,922	true	[007000, 007001, 007004, 007006, 007003]
1684	7	007000	007003	14	5.0	3.0	0,904	true	[007000, 007001, 007004, 007006, 007005, 007003]
1685	7	007000	007003	15	14.0	3.0	0,932	true	[007000, 007001, 007005, 007003]
1686	7	007000	007003	16	14.0	7.0	0,913	true	[007000, 007001, 007005, 007006, 007002, 007003]
1687	7	007000	007003	17	14.0	5.0	0,841	true	[007000, 007001, 007005, 007006, 007002, 007004, 007003]
1688	7	007000	007003	18	14.0	3.0	0,932	true	[007000, 007001, 007005, 007006, 007003]
1689	7	007000	007003	19	5.0	5.0	0,894	true	[007000, 007001, 007005, 007006, 007004, 007002, 007003]
1690	7	007000	007003	20	5.0	7.0	0,894	true	[007000, 007001, 007005, 007006, 007004, 007003]
1691	7	007000	007003	21	6.0	3.0	0,950	true	[007000, 007002, 007001, 007003]
1692	7	007000	007003	22	44.0	5.0	0,885	true	[007000, 007002, 007001, 007004, 007003]
1693	7	007000	007003	23	5.0	3.0	0,903	true	[007000, 007002, 007001, 007004, 007006, 007003]
1694	7	007000	007003	24	5.0	3.0	0,885	true	[007000, 007002, 007001, 007004, 007006, 007005, 007003]
1695	7	007000	007003	25	24.0	3.0	0,913	true	[007000, 007002, 007001, 007005, 007003]
1696	7	007000	007003	26	34.0	3.0	0,913	true	[007000, 007002, 007001, 007005, 007006, 007003]
1697	7	007000	007003	27	5.0	5.0	0,876	true	[007000, 007002, 007001, 007005, 007006, 007004, 007003]
1698	7	007000	007003	28	62.0	7.0	1,000	true	[007000, 007002, 007003]
1699	7	007000	007003	29	6.0	3.0	0,912	true	[007000, 007002, 007004, 007001, 007003]
1700	7	007000	007003	30	24.0	3.0	0,876	true	[007000, 007002, 007004, 007001, 007005, 007003]
1701	7	007000	007003	31	34.0	3.0	0,876	true	[007000, 007002, 007004, 007001, 007005, 007006, 007003]
1702	7	007000	007003	32	50.0	5.0	0,922	true	[007000, 007002, 007004, 007003]
1703	7	007000	007003	33	5.0	3.0	0,941	true	[007000, 007002, 007004, 007006, 007003]
1704	7	007000	007003	34	5.0	3.0	0,904	true	[007000, 007002, 007004, 007006, 007005, 007001, 007003]
1705	7	007000	007003	35	5.0	3.0	0,922	true	[007000, 007002, 007004, 007006, 007005, 007003]
1706	7	007000	007003	36	16.0	3.0	0,960	true	[007000, 007002, 007006, 007003]
1707	7	007000	007003	37	5.0	3.0	0,913	true	[007000, 007002, 007006, 007004, 007001, 007003]
1708	7	007000	007003	38	5.0	3.0	0,876	true	[007000, 007002, 007006, 007004, 007001, 007005, 007003]
1709	7	007000	007003	39	5.0	7.0	0,922	true	[007000, 007002, 007006, 007004, 007003]
1710	7	007000	007003	40	6.0	3.0	0,922	true	[007000, 007002, 007006, 007005, 007001, 007003]
1711	7	007000	007003	41	16.0	7.0	0,858	true	[007000, 007002, 007006, 007005, 007001, 007004, 007003]
1712	7	007000	007003	42	16.0	3.0	0,941	true	[007000, 007002, 007006, 007005, 007003]
1713	7	007000	007003	43	28.0	3.0	0,980	true	[007000, 007003]
1714	7	007000	007003	44	6.0	5.0	0,876	true	[007000, 007004, 007001, 007002, 007003]
1715	7	007000	007003	45	6.0	3.0	0,841	true	[007000, 007004, 007001, 007002, 007006, 007003]
1716	7	007000	007003	46	6.0	3.0	0,824	true	[007000, 007004, 007001, 007002, 007006, 007005, 007003]
1717	7	007000	007003	47	6.0	3.0	0,903	true	[007000, 007004, 007001, 007003]
1718	7	007000	007003	48	6.0	3.0	0,867	true	[007000, 007004, 007001, 007005, 007003]
1719	7	007000	007003	49	6.0	7.0	0,850	true	[007000, 007004, 007001, 007005, 007006, 007002, 007003]
1720	7	007000	007003	50	6.0	3.0	0,867	true	[007000, 007004, 007001, 007005, 007006, 007003]
1721	7	007000	007003	51	6.0	3.0	0,867	true	[007000, 007004, 007002, 007001, 007003]
1722	7	007000	007003	52	6.0	3.0	0,832	true	[007000, 007004, 007002, 007001, 007005, 007003]
1723	7	007000	007003	53	6.0	3.0	0,832	true	[007000, 007004, 007002, 007001, 007005, 007006, 007003]
1724	7	007000	007003	54	6.0	5.0	0,912	true	[007000, 007004, 007002, 007003]
1725	7	007000	007003	55	6.0	3.0	0,876	true	[007000, 007004, 007002, 007006, 007003]
1726	7	007000	007003	56	6.0	3.0	0,841	true	[007000, 007004, 007002, 007006, 007005, 007001, 007003]
1727	7	007000	007003	57	6.0	3.0	0,858	true	[007000, 007004, 007002, 007006, 007005, 007003]
1728	7	007000	007003	58	6.0	8.0	0,912	true	[007000, 007004, 007003]
1729	7	007000	007003	59	5.0	3.0	0,867	true	[007000, 007004, 007006, 007002, 007001, 007003]
1730	7	007000	007003	60	5.0	3.0	0,833	true	[007000, 007004, 007006, 007002, 007001, 007005, 007003]
1731	7	007000	007003	61	5.0	7.0	0,912	true	[007000, 007004, 007006, 007002, 007003]
1732	7	007000	007003	62	5.0	3.0	0,931	true	[007000, 007004, 007006, 007003]
1733	7	007000	007003	63	5.0	5.0	0,867	true	[007000, 007004, 007006, 007005, 007001, 007002, 007003]
1734	7	007000	007003	64	5.0	3.0	0,894	true	[007000, 007004, 007006, 007005, 007001, 007003]
1735	7	007000	007003	65	5.0	3.0	0,912	true	[007000, 007004, 007006, 007005, 007003]
1736	7	007000	007003	66	6.0	3.0	0,913	true	[007000, 007006, 007002, 007001, 007003]
1737	7	007000	007003	67	16.0	5.0	0,850	true	[007000, 007006, 007002, 007001, 007004, 007003]
1738	7	007000	007003	68	16.0	3.0	0,876	true	[007000, 007006, 007002, 007001, 007005, 007003]
1739	7	007000	007003	69	16.0	6.0	0,960	true	[007000, 007006, 007002, 007003]
1740	7	007000	007003	70	6.0	3.0	0,876	true	[007000, 007006, 007002, 007004, 007001, 007003]
1741	7	007000	007003	71	16.0	3.0	0,841	true	[007000, 007006, 007002, 007004, 007001, 007005, 007003]
1742	7	007000	007003	72	16.0	5.0	0,885	true	[007000, 007006, 007002, 007004, 007003]
1743	7	007000	007003	73	22.0	3.0	0,980	true	[007000, 007006, 007003]
1744	7	007000	007003	74	5.0	5.0	0,903	true	[007000, 007006, 007004, 007001, 007002, 007003]
1745	7	007000	007003	75	5.0	3.0	0,931	true	[007000, 007006, 007004, 007001, 007003]
1746	7	007000	007003	76	5.0	3.0	0,894	true	[007000, 007006, 007004, 007001, 007005, 007003]
1747	7	007000	007003	77	5.0	3.0	0,894	true	[007000, 007006, 007004, 007002, 007001, 007003]
1748	7	007000	007003	78	5.0	3.0	0,859	true	[007000, 007006, 007004, 007002, 007001, 007005, 007003]
1749	7	007000	007003	79	5.0	5.0	0,941	true	[007000, 007006, 007004, 007002, 007003]
1750	7	007000	007003	80	5.0	6.0	0,941	true	[007000, 007006, 007004, 007003]
1751	7	007000	007003	81	22.0	5.0	0,913	true	[007000, 007006, 007005, 007001, 007002, 007003]
1752	7	007000	007003	82	22.0	5.0	0,841	true	[007000, 007006, 007005, 007001, 007002, 007004, 007003]
1753	7	007000	007003	83	6.0	3.0	0,941	true	[007000, 007006, 007005, 007001, 007003]
1754	7	007000	007003	84	22.0	5.0	0,876	true	[007000, 007006, 007005, 007001, 007004, 007002, 007003]
1755	7	007000	007003	85	22.0	6.0	0,876	true	[007000, 007006, 007005, 007001, 007004, 007003]
1756	7	007000	007003	86	22.0	3.0	0,960	true	[007000, 007006, 007005, 007003]
1757	7	007000	007004	87	14.0	5.0	0,903	true	[007000, 007001, 007002, 007003, 007004]
1758	7	007000	007004	88	5.0	3.0	0,904	true	[007000, 007001, 007002, 007003, 007005, 007006, 007004]
1759	7	007000	007004	89	5.0	3.0	0,922	true	[007000, 007001, 007002, 007003, 007006, 007004]
1760	7	007000	007004	90	14.0	5.0	0,903	true	[007000, 007001, 007002, 007004]
1761	7	007000	007004	91	14.0	3.0	0,867	true	[007000, 007001, 007002, 007006, 007003, 007004]
1762	7	007000	007004	92	5.0	5.0	0,903	true	[007000, 007001, 007002, 007006, 007004]
1763	7	007000	007004	93	14.0	3.0	0,850	true	[007000, 007001, 007002, 007006, 007005, 007003, 007004]
1764	7	007000	007004	94	6.0	3.0	0,931	true	[007000, 007001, 007003, 007002, 007004]
1765	7	007000	007004	95	5.0	3.0	0,932	true	[007000, 007001, 007003, 007002, 007006, 007004]
1766	7	007000	007004	96	6.0	3.0	0,931	true	[007000, 007001, 007003, 007004]
1767	7	007000	007004	97	6.0	3.0	0,877	true	[007000, 007001, 007003, 007005, 007006, 007002, 007004]
1768	7	007000	007004	98	5.0	3.0	0,932	true	[007000, 007001, 007003, 007005, 007006, 007004]
1769	7	007000	007004	99	6.0	3.0	0,894	true	[007000, 007001, 007003, 007006, 007002, 007004]
1770	7	007000	007004	100	5.0	3.0	0,951	true	[007000, 007001, 007003, 007006, 007004]
1771	7	007000	007004	101	14.0	7.0	0,941	true	[007000, 007001, 007004]
1772	7	007000	007004	102	6.0	10.0	0,950	true	[007000, 007004]
1773	8	008004	008002	0	6.0	5.0	0,951	true	[008004, 008000, 008002]
1774	8	008004	008002	1	32.0	5.0	0,903	true	[008004, 008000, 008003, 008001, 008002]
1775	8	008004	008002	2	30.0	3.0	0,841	true	[008004, 008000, 008003, 008001, 008005, 008002]
1776	8	008004	008002	3	7.0	4.0	0,951	true	[008004, 008000, 008003, 008002]
1777	8	008004	008002	4	30.0	5.0	0,913	true	[008004, 008000, 008003, 008005, 008001, 008002]
1778	8	008004	008002	5	32.0	3.0	0,922	true	[008004, 008000, 008003, 008005, 008002]
1779	8	008004	008002	6	5.0	5.0	0,876	true	[008004, 008000, 008003, 008006, 008005, 008001, 008002]
1780	8	008004	008002	7	5.0	3.0	0,885	true	[008004, 008000, 008003, 008006, 008005, 008002]
1781	8	008004	008002	8	30.0	5.0	0,903	true	[008004, 008000, 008005, 008001, 008002]
1782	8	008004	008002	9	7.0	4.0	0,858	true	[008004, 008000, 008005, 008001, 008003, 008002]
1783	8	008004	008002	10	43.0	3.0	0,913	true	[008004, 008000, 008005, 008002]
1784	8	008004	008002	11	32.0	5.0	0,894	true	[008004, 008000, 008005, 008003, 008001, 008002]
1785	8	008004	008002	12	7.0	4.0	0,941	true	[008004, 008000, 008005, 008003, 008002]
1786	8	008004	008002	13	5.0	5.0	0,858	true	[008004, 008000, 008005, 008006, 008003, 008001, 008002]
1787	8	008004	008002	14	5.0	4.0	0,903	true	[008004, 008000, 008005, 008006, 008003, 008002]
1788	8	008004	008002	15	61.0	4.0	0,970	true	[008004, 008001, 008002]
1789	8	008004	008002	16	6.0	4.0	0,867	true	[008004, 008001, 008003, 008000, 008002]
1790	8	008004	008002	17	32.0	3.0	0,832	true	[008004, 008001, 008003, 008000, 008005, 008002]
1791	8	008004	008002	18	7.0	4.0	0,922	true	[008004, 008001, 008003, 008002]
1792	8	008004	008002	19	6.0	4.0	0,858	true	[008004, 008001, 008003, 008005, 008000, 008002]
1793	8	008004	008002	20	32.0	3.0	0,894	true	[008004, 008001, 008003, 008005, 008002]
1794	8	008004	008002	21	5.0	4.0	0,824	true	[008004, 008001, 008003, 008006, 008005, 008000, 008002]
1795	8	008004	008002	22	5.0	3.0	0,858	true	[008004, 008001, 008003, 008006, 008005, 008002]
1796	8	008004	008002	23	6.0	4.0	0,867	true	[008004, 008001, 008005, 008000, 008002]
1797	8	008004	008002	24	7.0	4.0	0,867	true	[008004, 008001, 008005, 008000, 008003, 008002]
1798	8	008004	008002	25	30.0	3.0	0,903	true	[008004, 008001, 008005, 008002]
1799	8	008004	008002	26	6.0	4.0	0,876	true	[008004, 008001, 008005, 008003, 008000, 008002]
1800	8	008004	008002	27	7.0	4.0	0,931	true	[008004, 008001, 008005, 008003, 008002]
1801	8	008004	008002	28	5.0	4.0	0,841	true	[008004, 008001, 008005, 008006, 008003, 008000, 008002]
1802	8	008004	008002	29	5.0	4.0	0,894	true	[008004, 008001, 008005, 008006, 008003, 008002]
1803	8	008004	008002	30	6.0	7.0	0,903	true	[008004, 008003, 008000, 008002]
1804	8	008004	008002	31	30.0	5.0	0,858	true	[008004, 008003, 008000, 008005, 008001, 008002]
1805	8	008004	008002	32	47.0	3.0	0,867	true	[008004, 008003, 008000, 008005, 008002]
1806	8	008004	008002	33	32.0	7.0	0,912	true	[008004, 008003, 008001, 008002]
1807	8	008004	008002	34	6.0	5.0	0,815	true	[008004, 008003, 008001, 008005, 008000, 008002]
1808	8	008004	008002	35	30.0	3.0	0,849	true	[008004, 008003, 008001, 008005, 008002]
1809	8	008004	008002	36	7.0	4.0	0,960	true	[008004, 008003, 008002]
1810	8	008004	008002	37	6.0	6.0	0,894	true	[008004, 008003, 008005, 008000, 008002]
1811	8	008004	008002	38	30.0	5.0	0,922	true	[008004, 008003, 008005, 008001, 008002]
1812	8	008004	008002	39	32.0	3.0	0,931	true	[008004, 008003, 008005, 008002]
1813	8	008004	008002	40	5.0	6.0	0,858	true	[008004, 008003, 008006, 008005, 008000, 008002]
1814	8	008004	008002	41	5.0	5.0	0,885	true	[008004, 008003, 008006, 008005, 008001, 008002]
1815	8	008004	008002	42	5.0	3.0	0,894	true	[008004, 008003, 008006, 008005, 008002]
1816	8	008004	008001	43	6.0	5.0	0,951	true	[008004, 008000, 008002, 008001]
1817	8	008004	008001	44	6.0	4.0	0,903	true	[008004, 008000, 008002, 008003, 008001]
1818	8	008004	008001	45	6.0	4.0	0,913	true	[008004, 008000, 008002, 008003, 008005, 008001]
1819	8	008004	008001	46	5.0	4.0	0,876	true	[008004, 008000, 008002, 008003, 008006, 008005, 008001]
1820	8	008004	008001	47	6.0	3.0	0,885	true	[008004, 008000, 008002, 008005, 008001]
1821	8	008004	008001	48	6.0	3.0	0,876	true	[008004, 008000, 008002, 008005, 008003, 008001]
1822	8	008004	008001	49	5.0	3.0	0,841	true	[008004, 008000, 008002, 008005, 008006, 008003, 008001]
1823	8	008004	008001	50	32.0	5.0	0,903	true	[008004, 008000, 008003, 008001]
1824	8	008004	008001	51	7.0	4.0	0,951	true	[008004, 008000, 008003, 008002, 008001]
1825	8	008004	008001	52	7.0	3.0	0,885	true	[008004, 008000, 008003, 008002, 008005, 008001]
1826	8	008004	008001	53	30.0	5.0	0,913	true	[008004, 008000, 008003, 008005, 008001]
1827	8	008004	008001	54	32.0	3.0	0,922	true	[008004, 008000, 008003, 008005, 008002, 008001]
1828	8	008004	008001	55	5.0	5.0	0,876	true	[008004, 008000, 008003, 008006, 008005, 008001]
1829	8	008004	008001	56	5.0	3.0	0,885	true	[008004, 008000, 008003, 008006, 008005, 008002, 008001]
1830	8	008004	008001	57	30.0	5.0	0,903	true	[008004, 008000, 008005, 008001]
1831	8	008004	008001	58	43.0	3.0	0,913	true	[008004, 008000, 008005, 008002, 008001]
1832	8	008004	008001	59	7.0	3.0	0,867	true	[008004, 008000, 008005, 008002, 008003, 008001]
1833	8	008004	008001	60	32.0	5.0	0,894	true	[008004, 008000, 008005, 008003, 008001]
1834	8	008004	008001	61	7.0	4.0	0,941	true	[008004, 008000, 008005, 008003, 008002, 008001]
1835	8	008004	008001	62	5.0	5.0	0,858	true	[008004, 008000, 008005, 008006, 008003, 008001]
1836	8	008004	008001	63	5.0	4.0	0,903	true	[008004, 008000, 008005, 008006, 008003, 008002, 008001]
1837	8	008004	008001	64	61.0	4.0	0,970	true	[008004, 008001]
1838	8	008004	008001	65	6.0	7.0	0,903	true	[008004, 008003, 008000, 008002, 008001]
1839	8	008004	008001	66	6.0	3.0	0,841	true	[008004, 008003, 008000, 008002, 008005, 008001]
1840	8	008004	008001	67	30.0	5.0	0,858	true	[008004, 008003, 008000, 008005, 008001]
1841	8	008004	008001	68	47.0	3.0	0,867	true	[008004, 008003, 008000, 008005, 008002, 008001]
1842	8	008004	008001	69	32.0	7.0	0,912	true	[008004, 008003, 008001]
1843	8	008004	008001	70	6.0	4.0	0,858	true	[008004, 008003, 008002, 008000, 008005, 008001]
1844	8	008004	008001	71	7.0	4.0	0,960	true	[008004, 008003, 008002, 008001]
1845	8	008004	008001	72	7.0	3.0	0,894	true	[008004, 008003, 008002, 008005, 008001]
1846	8	008004	008001	73	6.0	6.0	0,894	true	[008004, 008003, 008005, 008000, 008002, 008001]
1847	8	008004	008001	74	30.0	5.0	0,922	true	[008004, 008003, 008005, 008001]
1848	8	008004	008001	75	32.0	3.0	0,931	true	[008004, 008003, 008005, 008002, 008001]
1849	8	008004	008001	76	5.0	6.0	0,858	true	[008004, 008003, 008006, 008005, 008000, 008002, 008001]
1850	8	008004	008001	77	5.0	5.0	0,885	true	[008004, 008003, 008006, 008005, 008001]
1851	8	008004	008001	78	5.0	3.0	0,894	true	[008004, 008003, 008006, 008005, 008002, 008001]
1852	8	008004	008006	79	5.0	5.0	0,903	true	[008004, 008000, 008002, 008001, 008003, 008005, 008006]
1853	8	008004	008006	80	6.0	5.0	0,867	true	[008004, 008000, 008002, 008001, 008003, 008006]
1854	8	008004	008006	81	6.0	5.0	0,876	true	[008004, 008000, 008002, 008001, 008005, 008003, 008006]
1855	8	008004	008006	82	5.0	5.0	0,913	true	[008004, 008000, 008002, 008001, 008005, 008006]
1856	8	008004	008006	83	5.0	4.0	0,867	true	[008004, 008000, 008002, 008003, 008001, 008005, 008006]
1857	8	008004	008006	84	5.0	4.0	0,951	true	[008004, 008000, 008002, 008003, 008005, 008006]
1858	8	008004	008006	85	6.0	4.0	0,913	true	[008004, 008000, 008002, 008003, 008006]
1859	8	008004	008006	86	6.0	3.0	0,807	true	[008004, 008000, 008002, 008005, 008001, 008003, 008006]
1860	8	008004	008006	87	6.0	3.0	0,885	true	[008004, 008000, 008002, 008005, 008003, 008006]
1861	8	008004	008006	88	5.0	3.0	0,922	true	[008004, 008000, 008002, 008005, 008006]
1862	8	008004	008006	89	5.0	3.0	0,876	true	[008004, 008000, 008003, 008001, 008002, 008005, 008006]
1863	8	008004	008006	90	5.0	5.0	0,867	true	[008004, 008000, 008003, 008001, 008005, 008006]
1864	8	008004	008006	91	5.0	4.0	0,913	true	[008004, 008000, 008003, 008002, 008001, 008005, 008006]
1865	8	008004	008006	92	5.0	3.0	0,922	true	[008004, 008000, 008003, 008002, 008005, 008006]
1866	8	008004	008006	93	5.0	5.0	0,951	true	[008004, 008000, 008003, 008005, 008006]
1867	8	008004	008006	94	43.0	5.0	0,913	true	[008004, 008000, 008003, 008006]
1868	8	008004	008006	95	7.0	4.0	0,867	true	[008004, 008000, 008005, 008001, 008002, 008003, 008006]
1869	8	008004	008006	96	30.0	5.0	0,824	true	[008004, 008000, 008005, 008001, 008003, 008006]
1870	8	008004	008006	97	32.0	3.0	0,832	true	[008004, 008000, 008005, 008002, 008001, 008003, 008006]
1871	8	008004	008006	98	7.0	3.0	0,876	true	[008004, 008000, 008005, 008002, 008003, 008006]
1872	8	008004	008006	99	32.0	5.0	0,903	true	[008004, 008000, 008005, 008003, 008006]
1873	8	008004	008006	100	5.0	5.0	0,941	true	[008004, 008000, 008005, 008006]
1874	9	009006	009003	0	50.0	3.0	0,931	true	[009006, 009000, 009003]
1875	9	009006	009003	1	39.0	4.0	0,931	true	[009006, 009002, 009001, 009003]
1876	9	009006	009003	2	9.0	4.0	0,876	true	[009006, 009002, 009001, 009004, 009003]
1877	9	009006	009003	3	39.0	4.0	0,922	true	[009006, 009002, 009001, 009005, 009003]
1878	9	009006	009003	4	18.0	4.0	0,931	true	[009006, 009002, 009003]
1879	9	009006	009003	5	15.0	4.0	0,894	true	[009006, 009002, 009004, 009001, 009003]
1880	9	009006	009003	6	15.0	4.0	0,885	true	[009006, 009002, 009004, 009001, 009005, 009003]
1881	9	009006	009003	7	9.0	4.0	0,876	true	[009006, 009002, 009004, 009003]
1882	9	009006	009003	8	40.0	4.0	0,941	true	[009006, 009002, 009005, 009001, 009003]
1883	9	009006	009003	9	9.0	4.0	0,885	true	[009006, 009002, 009005, 009001, 009004, 009003]
1884	9	009006	009003	10	40.0	4.0	0,950	true	[009006, 009002, 009005, 009003]
1885	9	009006	009003	11	51.0	3.0	0,970	true	[009006, 009003]
1886	9	009006	009003	12	15.0	6.0	0,932	true	[009006, 009004, 009001, 009002, 009003]
1887	9	009006	009003	13	15.0	4.0	0,951	true	[009006, 009004, 009001, 009002, 009005, 009003]
1888	9	009006	009003	14	15.0	6.0	0,970	true	[009006, 009004, 009001, 009003]
1889	9	009006	009003	15	15.0	4.0	0,941	true	[009006, 009004, 009001, 009005, 009002, 009003]
1890	9	009006	009003	16	15.0	5.0	0,960	true	[009006, 009004, 009001, 009005, 009003]
1891	9	009006	009003	17	39.0	4.0	0,931	true	[009006, 009004, 009002, 009001, 009003]
1892	9	009006	009003	18	39.0	4.0	0,922	true	[009006, 009004, 009002, 009001, 009005, 009003]
1893	9	009006	009003	19	18.0	4.0	0,931	true	[009006, 009004, 009002, 009003]
1894	9	009006	009003	20	41.0	4.0	0,941	true	[009006, 009004, 009002, 009005, 009001, 009003]
1895	9	009006	009003	21	52.0	4.0	0,950	true	[009006, 009004, 009002, 009005, 009003]
1896	9	009006	009003	22	9.0	7.0	0,950	true	[009006, 009004, 009003]
1897	9	009006	009003	23	16.0	5.0	0,922	true	[009006, 009005, 009001, 009002, 009003]
1898	9	009006	009003	24	9.0	4.0	0,867	true	[009006, 009005, 009001, 009002, 009004, 009003]
1899	9	009006	009003	25	16.0	5.0	0,960	true	[009006, 009005, 009001, 009003]
1900	9	009006	009003	26	15.0	4.0	0,885	true	[009006, 009005, 009001, 009004, 009002, 009003]
1901	9	009006	009003	27	9.0	5.0	0,903	true	[009006, 009005, 009001, 009004, 009003]
1902	9	009006	009003	28	16.0	4.0	0,951	true	[009006, 009005, 009002, 009001, 009003]
1903	9	009006	009003	29	9.0	4.0	0,894	true	[009006, 009005, 009002, 009001, 009004, 009003]
1904	9	009006	009003	30	16.0	4.0	0,951	true	[009006, 009005, 009002, 009003]
1905	9	009006	009003	31	15.0	4.0	0,913	true	[009006, 009005, 009002, 009004, 009001, 009003]
1906	9	009006	009003	32	9.0	4.0	0,894	true	[009006, 009005, 009002, 009004, 009003]
1907	9	009006	009003	33	16.0	5.0	0,970	true	[009006, 009005, 009003]
1908	10	010000	010003	0	25.0	7.0	0,941	true	[010000, 010001, 010002, 010003]
1909	10	010000	010003	1	25.0	5.0	0,903	true	[010000, 010001, 010002, 010006, 010004, 010003]
1910	10	010000	010003	2	25.0	4.0	0,913	true	[010000, 010001, 010002, 010006, 010005, 010003]
1911	10	010000	010003	3	18.0	7.0	0,922	true	[010000, 010001, 010003]
1912	10	010000	010003	4	25.0	7.0	0,941	true	[010000, 010001, 010004, 010003]
1913	10	010000	010003	5	25.0	5.0	0,885	true	[010000, 010001, 010004, 010006, 010002, 010003]
1914	10	010000	010003	6	25.0	4.0	0,858	true	[010000, 010001, 010004, 010006, 010005, 010003]
1915	10	010000	010003	7	17.0	4.0	0,913	true	[010000, 010001, 010005, 010003]
1916	10	010000	010003	8	17.0	4.0	0,922	true	[010000, 010001, 010005, 010006, 010002, 010003]
1917	10	010000	010003	9	17.0	4.0	0,885	true	[010000, 010001, 010005, 010006, 010004, 010003]
1918	10	010000	010003	10	24.0	5.0	0,941	true	[010000, 010001, 010006, 010002, 010003]
1919	10	010000	010003	11	24.0	6.0	0,903	true	[010000, 010001, 010006, 010004, 010003]
1920	10	010000	010003	12	24.0	4.0	0,913	true	[010000, 010001, 010006, 010005, 010003]
1921	10	010000	010002	13	25.0	7.0	0,950	true	[010000, 010001, 010002]
1922	10	010000	010002	14	18.0	7.0	0,912	true	[010000, 010001, 010003, 010002]
1923	10	010000	010002	15	18.0	5.0	0,876	true	[010000, 010001, 010003, 010004, 010006, 010002]
1924	10	010000	010002	16	18.0	4.0	0,885	true	[010000, 010001, 010003, 010005, 010006, 010002]
1925	10	010000	010002	17	25.0	7.0	0,931	true	[010000, 010001, 010004, 010003, 010002]
1926	10	010000	010002	18	25.0	4.0	0,903	true	[010000, 010001, 010004, 010003, 010005, 010006, 010002]
1927	10	010000	010002	19	25.0	5.0	0,894	true	[010000, 010001, 010004, 010006, 010002]
1928	10	010000	010002	20	25.0	4.0	0,850	true	[010000, 010001, 010004, 010006, 010005, 010003, 010002]
1929	10	010000	010002	21	17.0	4.0	0,903	true	[010000, 010001, 010005, 010003, 010002]
1930	10	010000	010002	22	17.0	4.0	0,867	true	[010000, 010001, 010005, 010003, 010004, 010006, 010002]
1931	10	010000	010002	23	17.0	4.0	0,931	true	[010000, 010001, 010005, 010006, 010002]
1932	10	010000	010002	24	17.0	4.0	0,876	true	[010000, 010001, 010005, 010006, 010004, 010003, 010002]
1933	10	010000	010002	25	24.0	5.0	0,950	true	[010000, 010001, 010006, 010002]
1934	10	010000	010002	26	24.0	6.0	0,894	true	[010000, 010001, 010006, 010004, 010003, 010002]
1935	10	010000	010002	27	24.0	4.0	0,904	true	[010000, 010001, 010006, 010005, 010003, 010002]
1936	10	010003	010002	28	18.0	8.0	0,950	true	[010003, 010001, 010002]
1937	10	010003	010002	29	18.0	5.0	0,894	true	[010003, 010001, 010004, 010006, 010002]
1938	10	010003	010002	30	17.0	4.0	0,931	true	[010003, 010001, 010005, 010006, 010002]
1939	10	010003	010002	31	18.0	5.0	0,950	true	[010003, 010001, 010006, 010002]
1940	10	010003	010002	32	34.0	9.0	0,990	true	[010003, 010002]
1941	10	010003	010002	33	53.0	7.0	0,970	true	[010003, 010004, 010001, 010002]
1942	10	010003	010002	34	17.0	4.0	0,951	true	[010003, 010004, 010001, 010005, 010006, 010002]
1943	10	010003	010002	35	24.0	5.0	0,970	true	[010003, 010004, 010001, 010006, 010002]
1944	10	010003	010002	36	24.0	6.0	0,931	true	[010003, 010004, 010006, 010001, 010002]
1945	10	010003	010002	37	40.0	5.0	0,950	true	[010003, 010004, 010006, 010002]
1946	10	010003	010002	38	17.0	4.0	0,912	true	[010003, 010004, 010006, 010005, 010001, 010002]
1947	10	010003	010002	39	17.0	4.0	0,941	true	[010003, 010005, 010001, 010002]
1948	10	010003	010002	40	17.0	4.0	0,885	true	[010003, 010005, 010001, 010004, 010006, 010002]
1949	10	010003	010002	41	17.0	4.0	0,941	true	[010003, 010005, 010001, 010006, 010002]
1950	10	010003	010002	42	24.0	4.0	0,941	true	[010003, 010005, 010006, 010001, 010002]
1951	10	010003	010002	43	25.0	4.0	0,960	true	[010003, 010005, 010006, 010002]
1952	10	010003	010002	44	25.0	4.0	0,885	true	[010003, 010005, 010006, 010004, 010001, 010002]
1953	11	011005	011000	0	30.0	6.0	0,950	true	[011005, 011000]
1954	11	011005	011000	1	11.0	4.0	0,922	true	[011005, 011001, 011000]
1955	11	011005	011000	2	29.0	3.0	0,931	true	[011005, 011001, 011002, 011006, 011000]
1956	11	011005	011000	3	13.0	3.0	0,894	true	[011005, 011001, 011002, 011006, 011003, 011000]
1957	11	011005	011000	4	21.0	6.0	0,875	true	[011005, 011001, 011003, 011000]
1958	11	011005	011000	5	13.0	4.0	0,912	true	[011005, 011001, 011003, 011006, 011000]
1959	11	011005	011000	6	29.0	4.0	0,941	true	[011005, 011001, 011004, 011000]
1960	11	011005	011000	7	29.0	3.0	0,951	true	[011005, 011001, 011006, 011000]
1961	11	011005	011000	8	13.0	3.0	0,912	true	[011005, 011001, 011006, 011003, 011000]
1962	11	011005	011000	9	11.0	3.0	0,922	true	[011005, 011002, 011001, 011000]
1963	11	011005	011000	10	21.0	3.0	0,875	true	[011005, 011002, 011001, 011003, 011000]
1964	11	011005	011000	11	13.0	3.0	0,912	true	[011005, 011002, 011001, 011003, 011006, 011000]
1965	11	011005	011000	12	28.0	3.0	0,941	true	[011005, 011002, 011001, 011004, 011000]
1966	11	011005	011000	13	28.0	3.0	0,951	true	[011005, 011002, 011001, 011006, 011000]
1967	11	011005	011000	14	13.0	3.0	0,912	true	[011005, 011002, 011001, 011006, 011003, 011000]
1968	11	011005	011000	15	28.0	4.0	0,990	true	[011005, 011002, 011006, 011000]
1969	11	011005	011000	16	11.0	3.0	0,941	true	[011005, 011002, 011006, 011001, 011000]
1970	11	011005	011000	17	21.0	3.0	0,893	true	[011005, 011002, 011006, 011001, 011003, 011000]
1971	11	011005	011000	18	28.0	3.0	0,960	true	[011005, 011002, 011006, 011001, 011004, 011000]
1972	11	011005	011000	19	13.0	4.0	0,950	true	[011005, 011002, 011006, 011003, 011000]
1973	11	011005	011000	20	11.0	4.0	0,903	true	[011005, 011002, 011006, 011003, 011001, 011000]
1974	11	011005	011000	21	13.0	4.0	0,922	true	[011005, 011002, 011006, 011003, 011001, 011004, 011000]
1975	11	011005	011000	22	22.0	5.0	0,941	true	[011005, 011003, 011000]
1976	11	011005	011000	23	11.0	4.0	0,893	true	[011005, 011003, 011001, 011000]
1977	11	011005	011000	24	21.0	3.0	0,903	true	[011005, 011003, 011001, 011002, 011006, 011000]
1978	11	011005	011000	25	21.0	4.0	0,912	true	[011005, 011003, 011001, 011004, 011000]
1979	11	011005	011000	26	21.0	3.0	0,922	true	[011005, 011003, 011001, 011006, 011000]
1980	11	011005	011000	27	13.0	4.0	0,980	true	[011005, 011003, 011006, 011000]
1981	11	011005	011000	28	11.0	3.0	0,931	true	[011005, 011003, 011006, 011001, 011000]
1982	11	011005	011000	29	13.0	3.0	0,951	true	[011005, 011003, 011006, 011001, 011004, 011000]
1983	11	011005	011000	30	11.0	3.0	0,912	true	[011005, 011003, 011006, 011002, 011001, 011000]
1984	11	011005	011000	31	13.0	3.0	0,931	true	[011005, 011003, 011006, 011002, 011001, 011004, 011000]
1985	11	011005	011000	32	34.0	4.0	0,980	true	[011005, 011004, 011000]
1986	11	011005	011000	33	11.0	4.0	0,903	true	[011005, 011004, 011001, 011000]
1987	11	011005	011000	34	34.0	3.0	0,913	true	[011005, 011004, 011001, 011002, 011006, 011000]
1988	11	011005	011000	35	13.0	3.0	0,876	true	[011005, 011004, 011001, 011002, 011006, 011003, 011000]
1989	11	011005	011000	36	21.0	4.0	0,858	true	[011005, 011004, 011001, 011003, 011000]
1990	11	011005	011000	37	13.0	4.0	0,894	true	[011005, 011004, 011001, 011003, 011006, 011000]
1991	11	011005	011000	38	29.0	3.0	0,932	true	[011005, 011004, 011001, 011006, 011000]
1992	11	011005	011000	39	13.0	3.0	0,894	true	[011005, 011004, 011001, 011006, 011003, 011000]
1993	11	011005	011004	40	11.0	4.0	0,875	true	[011005, 011000, 011001, 011004]
1994	11	011005	011004	41	21.0	6.0	0,832	true	[011005, 011000, 011003, 011001, 011004]
1995	11	011005	011004	42	13.0	3.0	0,867	true	[011005, 011000, 011003, 011006, 011001, 011004]
1996	11	011005	011004	43	13.0	3.0	0,849	true	[011005, 011000, 011003, 011006, 011002, 011001, 011004]
1997	11	011005	011004	44	30.0	4.0	0,950	true	[011005, 011000, 011004]
1998	11	011005	011004	45	29.0	3.0	0,903	true	[011005, 011000, 011006, 011001, 011004]
1999	11	011005	011004	46	30.0	3.0	0,885	true	[011005, 011000, 011006, 011002, 011001, 011004]
2000	11	011005	011004	47	13.0	4.0	0,867	true	[011005, 011000, 011006, 011003, 011001, 011004]
2001	11	011005	011004	48	11.0	4.0	0,922	true	[011005, 011001, 011000, 011004]
2002	11	011005	011004	49	29.0	3.0	0,931	true	[011005, 011001, 011002, 011006, 011000, 011004]
2003	11	011005	011004	50	13.0	3.0	0,894	true	[011005, 011001, 011002, 011006, 011003, 011000, 011004]
2004	11	011005	011004	51	21.0	4.0	0,875	true	[011005, 011001, 011003, 011000, 011004]
2005	11	011005	011004	52	13.0	4.0	0,912	true	[011005, 011001, 011003, 011006, 011000, 011004]
2006	11	011005	011004	53	29.0	6.0	0,941	true	[011005, 011001, 011004]
2007	11	011005	011004	54	29.0	3.0	0,951	true	[011005, 011001, 011006, 011000, 011004]
2008	11	011005	011004	55	13.0	3.0	0,912	true	[011005, 011001, 011006, 011003, 011000, 011004]
2009	11	011005	011004	56	11.0	3.0	0,922	true	[011005, 011002, 011001, 011000, 011004]
2010	11	011005	011004	57	21.0	3.0	0,875	true	[011005, 011002, 011001, 011003, 011000, 011004]
2011	11	011005	011004	58	13.0	3.0	0,912	true	[011005, 011002, 011001, 011003, 011006, 011000, 011004]
2012	11	011005	011004	59	28.0	3.0	0,941	true	[011005, 011002, 011001, 011004]
2013	11	011005	011004	60	28.0	3.0	0,951	true	[011005, 011002, 011001, 011006, 011000, 011004]
2014	11	011005	011004	61	13.0	3.0	0,912	true	[011005, 011002, 011001, 011006, 011003, 011000, 011004]
2015	11	011005	011004	62	11.0	4.0	0,912	true	[011005, 011002, 011006, 011000, 011001, 011004]
2016	11	011005	011004	63	21.0	4.0	0,867	true	[011005, 011002, 011006, 011000, 011003, 011001, 011004]
2017	11	011005	011004	64	28.0	4.0	0,990	true	[011005, 011002, 011006, 011000, 011004]
2018	11	011005	011004	65	11.0	3.0	0,941	true	[011005, 011002, 011006, 011001, 011000, 011004]
2019	11	011005	011004	66	21.0	3.0	0,893	true	[011005, 011002, 011006, 011001, 011003, 011000, 011004]
2020	11	011005	011004	67	28.0	3.0	0,960	true	[011005, 011002, 011006, 011001, 011004]
2021	11	011005	011004	68	11.0	4.0	0,875	true	[011005, 011002, 011006, 011003, 011000, 011001, 011004]
2022	11	011005	011004	69	13.0	4.0	0,950	true	[011005, 011002, 011006, 011003, 011000, 011004]
2023	11	011005	011004	70	11.0	4.0	0,903	true	[011005, 011002, 011006, 011003, 011001, 011000, 011004]
2024	11	011005	011004	71	13.0	4.0	0,922	true	[011005, 011002, 011006, 011003, 011001, 011004]
2025	11	011005	011004	72	11.0	4.0	0,867	true	[011005, 011003, 011000, 011001, 011004]
2026	11	011005	011004	73	22.0	4.0	0,941	true	[011005, 011003, 011000, 011004]
2027	11	011005	011004	74	22.0	3.0	0,894	true	[011005, 011003, 011000, 011006, 011001, 011004]
2028	11	011005	011004	75	22.0	3.0	0,876	true	[011005, 011003, 011000, 011006, 011002, 011001, 011004]
2029	11	011005	011004	76	11.0	4.0	0,893	true	[011005, 011003, 011001, 011000, 011004]
2030	11	011005	011004	77	21.0	3.0	0,903	true	[011005, 011003, 011001, 011002, 011006, 011000, 011004]
2031	11	011005	011004	78	21.0	5.0	0,912	true	[011005, 011003, 011001, 011004]
2032	11	011005	011004	79	21.0	3.0	0,922	true	[011005, 011003, 011001, 011006, 011000, 011004]
2033	11	011005	011004	80	11.0	4.0	0,903	true	[011005, 011003, 011006, 011000, 011001, 011004]
2034	11	011005	011004	81	13.0	4.0	0,980	true	[011005, 011003, 011006, 011000, 011004]
2035	11	011005	011004	82	11.0	3.0	0,931	true	[011005, 011003, 011006, 011001, 011000, 011004]
2036	11	011005	011004	83	13.0	3.0	0,951	true	[011005, 011003, 011006, 011001, 011004]
2037	11	011005	011004	84	11.0	3.0	0,912	true	[011005, 011003, 011006, 011002, 011001, 011000, 011004]
2038	11	011005	011004	85	13.0	3.0	0,931	true	[011005, 011003, 011006, 011002, 011001, 011004]
2039	11	011005	011004	86	34.0	4.0	0,980	true	[011005, 011004]
2040	11	011000	011004	87	11.0	3.0	0,903	true	[011000, 011001, 011002, 011005, 011004]
2041	11	011000	011004	88	11.0	3.0	0,894	true	[011000, 011001, 011002, 011006, 011003, 011005, 011004]
2042	11	011000	011004	89	11.0	4.0	0,876	true	[011000, 011001, 011003, 011005, 011004]
2043	11	011000	011004	90	11.0	4.0	0,884	true	[011000, 011001, 011003, 011006, 011002, 011005, 011004]
2044	11	011000	011004	91	11.0	4.0	0,922	true	[011000, 011001, 011004]
2045	11	011000	011004	92	11.0	4.0	0,903	true	[011000, 011001, 011005, 011004]
2046	11	011000	011004	93	11.0	3.0	0,922	true	[011000, 011001, 011006, 011002, 011005, 011004]
2047	11	011000	011004	94	11.0	3.0	0,912	true	[011000, 011001, 011006, 011003, 011005, 011004]
2048	11	011000	011004	95	21.0	3.0	0,858	true	[011000, 011003, 011001, 011002, 011005, 011004]
2049	11	011000	011004	96	21.0	7.0	0,875	true	[011000, 011003, 011001, 011004]
2050	11	011000	011004	97	21.0	4.0	0,858	true	[011000, 011003, 011001, 011005, 011004]
2051	11	011000	011004	98	21.0	3.0	0,876	true	[011000, 011003, 011001, 011006, 011002, 011005, 011004]
2052	11	011000	011004	99	22.0	5.0	0,885	true	[011000, 011003, 011005, 011001, 011004]
2053	11	011000	011004	100	22.0	3.0	0,885	true	[011000, 011003, 011005, 011002, 011001, 011004]
2054	11	011000	011004	101	22.0	4.0	0,922	true	[011000, 011003, 011005, 011004]
2055	11	011000	011004	102	66.0	4.0	1,000	true	[011000, 011004]
2056	12	012005	012004	0	29.0	4.0	0,922	true	[012005, 012001, 012000, 012004]
2057	12	012005	012004	1	24.0	3.0	0,876	true	[012005, 012001, 012000, 012006, 012002, 012003, 012004]
2058	12	012005	012004	2	29.0	4.0	0,895	true	[012005, 012001, 012000, 012006, 012002, 012004]
2059	12	012005	012004	3	24.0	3.0	0,868	true	[012005, 012001, 012000, 012006, 012003, 012002, 012004]
2060	12	012005	012004	4	29.0	3.0	0,904	true	[012005, 012001, 012000, 012006, 012003, 012004]
2061	12	012005	012004	5	29.0	4.0	0,885	true	[012005, 012001, 012000, 012006, 012004]
2062	12	012005	012004	6	24.0	3.0	0,941	true	[012005, 012001, 012002, 012003, 012004]
2063	12	012005	012004	7	24.0	3.0	0,850	true	[012005, 012001, 012002, 012003, 012006, 012000, 012004]
2064	12	012005	012004	8	24.0	3.0	0,867	true	[012005, 012001, 012002, 012003, 012006, 012004]
2065	12	012005	012004	9	29.0	4.0	0,960	true	[012005, 012001, 012002, 012004]
2066	12	012005	012004	10	29.0	4.0	0,876	true	[012005, 012001, 012002, 012006, 012000, 012004]
2067	12	012005	012004	11	29.0	3.0	0,913	true	[012005, 012001, 012002, 012006, 012003, 012004]
2068	12	012005	012004	12	29.0	4.0	0,894	true	[012005, 012001, 012002, 012006, 012004]
2069	12	012005	012004	13	7.0	3.0	0,931	true	[012005, 012001, 012003, 012002, 012004]
2070	12	012005	012004	14	7.0	3.0	0,850	true	[012005, 012001, 012003, 012002, 012006, 012000, 012004]
2071	12	012005	012004	15	7.0	3.0	0,867	true	[012005, 012001, 012003, 012002, 012006, 012004]
2072	12	012005	012004	16	7.0	3.0	0,970	true	[012005, 012001, 012003, 012004]
2073	12	012005	012004	17	7.0	4.0	0,876	true	[012005, 012001, 012003, 012006, 012000, 012004]
2074	12	012005	012004	18	7.0	4.0	0,904	true	[012005, 012001, 012003, 012006, 012002, 012004]
2075	12	012005	012004	19	7.0	4.0	0,894	true	[012005, 012001, 012003, 012006, 012004]
2076	12	012005	012004	20	29.0	4.0	0,951	true	[012005, 012001, 012004]
2077	12	012005	012004	21	29.0	4.0	0,903	true	[012005, 012001, 012006, 012000, 012004]
2078	12	012005	012004	22	24.0	3.0	0,913	true	[012005, 012001, 012006, 012002, 012003, 012004]
2079	12	012005	012004	23	29.0	4.0	0,931	true	[012005, 012001, 012006, 012002, 012004]
2080	12	012005	012004	24	24.0	3.0	0,904	true	[012005, 012001, 012006, 012003, 012002, 012004]
2081	12	012005	012004	25	29.0	3.0	0,941	true	[012005, 012001, 012006, 012003, 012004]
2082	12	012005	012004	26	29.0	4.0	0,922	true	[012005, 012001, 012006, 012004]
2083	12	012005	012004	27	22.0	3.0	0,931	true	[012005, 012006, 012000, 012001, 012002, 012003, 012004]
2084	12	012005	012004	28	22.0	4.0	0,951	true	[012005, 012006, 012000, 012001, 012002, 012004]
2085	12	012005	012004	29	7.0	3.0	0,922	true	[012005, 012006, 012000, 012001, 012003, 012002, 012004]
2086	12	012005	012004	30	7.0	3.0	0,960	true	[012005, 012006, 012000, 012001, 012003, 012004]
2087	12	012005	012004	31	22.0	4.0	0,941	true	[012005, 012006, 012000, 012001, 012004]
2088	12	012005	012004	32	22.0	4.0	0,931	true	[012005, 012006, 012000, 012004]
2089	12	012005	012004	33	22.0	5.0	0,950	true	[012005, 012006, 012001, 012000, 012004]
2090	12	012005	012004	34	22.0	3.0	0,970	true	[012005, 012006, 012001, 012002, 012003, 012004]
2091	12	012005	012004	35	22.0	6.0	0,990	true	[012005, 012006, 012001, 012002, 012004]
2092	12	012005	012004	36	7.0	3.0	0,960	true	[012005, 012006, 012001, 012003, 012002, 012004]
2093	12	012005	012004	37	7.0	3.0	1,000	true	[012005, 012006, 012001, 012003, 012004]
2094	12	012005	012004	38	22.0	5.0	0,980	true	[012005, 012006, 012001, 012004]
2095	12	012005	012004	39	22.0	5.0	0,922	true	[012005, 012006, 012002, 012001, 012000, 012004]
2096	12	012005	012004	40	7.0	3.0	0,970	true	[012005, 012006, 012002, 012001, 012003, 012004]
2097	12	012005	012004	41	22.0	5.0	0,951	true	[012005, 012006, 012002, 012001, 012004]
2098	12	012005	012004	42	7.0	3.0	0,894	true	[012005, 012006, 012002, 012003, 012001, 012000, 012004]
2099	12	012005	012004	43	7.0	3.0	0,922	true	[012005, 012006, 012002, 012003, 012001, 012004]
2100	12	012005	012004	44	22.0	3.0	0,941	true	[012005, 012006, 012002, 012003, 012004]
2101	12	012005	012004	45	22.0	5.0	0,960	true	[012005, 012006, 012002, 012004]
2102	12	012005	012004	46	7.0	5.0	0,922	true	[012005, 012006, 012003, 012001, 012000, 012004]
2103	12	012005	012004	47	7.0	6.0	0,960	true	[012005, 012006, 012003, 012001, 012002, 012004]
2104	12	012005	012004	48	7.0	5.0	0,951	true	[012005, 012006, 012003, 012001, 012004]
2105	12	012005	012004	49	22.0	3.0	0,894	true	[012005, 012006, 012003, 012002, 012001, 012000, 012004]
2106	12	012005	012004	50	22.0	3.0	0,922	true	[012005, 012006, 012003, 012002, 012001, 012004]
2107	12	012005	012004	51	22.0	3.0	0,931	true	[012005, 012006, 012003, 012002, 012004]
2108	12	012005	012004	52	22.0	3.0	0,970	true	[012005, 012006, 012003, 012004]
2109	12	012005	012004	53	22.0	6.0	0,950	true	[012005, 012006, 012004]
2110	13	013006	013000	0	28.0	10.0	0,990	true	[013006, 013000]
2111	13	013006	013000	1	42.0	3.0	0,980	true	[013006, 013001, 013000]
2112	13	013006	013000	2	8.0	3.0	0,913	true	[013006, 013001, 013002, 013003, 013000]
2113	13	013006	013000	3	15.0	3.0	0,850	true	[013006, 013001, 013002, 013003, 013005, 013004, 013000]
2114	13	013006	013000	4	15.0	3.0	0,885	true	[013006, 013001, 013002, 013004, 013000]
2115	13	013006	013000	5	8.0	3.0	0,877	true	[013006, 013001, 013002, 013004, 013005, 013003, 013000]
2116	13	013006	013000	6	8.0	3.0	0,876	true	[013006, 013001, 013002, 013005, 013003, 013000]
2117	13	013006	013000	7	15.0	3.0	0,832	true	[013006, 013001, 013002, 013005, 013004, 013000]
2118	13	013006	013000	8	8.0	3.0	0,932	true	[013006, 013001, 013003, 013000]
2119	13	013006	013000	9	15.0	3.0	0,867	true	[013006, 013001, 013003, 013002, 013004, 013000]
2120	13	013006	013000	10	15.0	3.0	0,816	true	[013006, 013001, 013003, 013002, 013005, 013004, 013000]
2121	13	013006	013000	11	15.0	3.0	0,832	true	[013006, 013001, 013003, 013005, 013002, 013004, 013000]
2122	13	013006	013000	12	15.0	3.0	0,867	true	[013006, 013001, 013003, 013005, 013004, 013000]
2123	13	013006	013000	13	15.0	3.0	0,894	true	[013006, 013001, 013004, 013000]
2124	13	013006	013000	14	8.0	3.0	0,885	true	[013006, 013001, 013004, 013002, 013003, 013000]
2125	13	013006	013000	15	8.0	3.0	0,850	true	[013006, 013001, 013004, 013002, 013005, 013003, 013000]
2126	13	013006	013000	16	8.0	3.0	0,833	true	[013006, 013001, 013004, 013005, 013002, 013003, 013000]
2127	13	013006	013000	17	8.0	3.0	0,885	true	[013006, 013001, 013004, 013005, 013003, 013000]
2128	13	013006	013000	18	21.0	3.0	0,941	true	[013006, 013002, 013001, 013000]
2129	13	013006	013000	19	8.0	3.0	0,894	true	[013006, 013002, 013001, 013003, 013000]
2130	13	013006	013000	20	15.0	3.0	0,833	true	[013006, 013002, 013001, 013003, 013005, 013004, 013000]
2131	13	013006	013000	21	15.0	3.0	0,858	true	[013006, 013002, 013001, 013004, 013000]
2132	13	013006	013000	22	8.0	3.0	0,850	true	[013006, 013002, 013001, 013004, 013005, 013003, 013000]
2133	13	013006	013000	23	8.0	4.0	0,932	true	[013006, 013002, 013003, 013000]
2134	13	013006	013000	24	21.0	4.0	0,922	true	[013006, 013002, 013003, 013001, 013000]
2135	13	013006	013000	25	15.0	4.0	0,841	true	[013006, 013002, 013003, 013001, 013004, 013000]
2136	13	013006	013000	26	15.0	4.0	0,867	true	[013006, 013002, 013003, 013005, 013004, 013000]
2137	13	013006	013000	27	16.0	4.0	0,876	true	[013006, 013002, 013003, 013005, 013004, 013001, 013000]
2138	13	013006	013000	28	15.0	3.0	0,903	true	[013006, 013002, 013004, 013000]
2139	13	013006	013000	29	21.0	3.0	0,913	true	[013006, 013002, 013004, 013001, 013000]
2140	13	013006	013000	30	8.0	3.0	0,867	true	[013006, 013002, 013004, 013001, 013003, 013000]
2141	13	013006	013000	31	8.0	3.0	0,895	true	[013006, 013002, 013004, 013005, 013003, 013000]
2142	13	013006	013000	32	16.0	3.0	0,885	true	[013006, 013002, 013004, 013005, 013003, 013001, 013000]
2143	13	013006	013000	33	8.0	3.0	0,894	true	[013006, 013002, 013005, 013003, 013000]
2144	13	013006	013000	34	21.0	3.0	0,885	true	[013006, 013002, 013005, 013003, 013001, 013000]
2145	13	013006	013000	35	15.0	3.0	0,807	true	[013006, 013002, 013005, 013003, 013001, 013004, 013000]
2146	13	013006	013000	36	15.0	3.0	0,849	true	[013006, 013002, 013005, 013004, 013000]
2147	13	013006	013000	37	16.0	3.0	0,858	true	[013006, 013002, 013005, 013004, 013001, 013000]
2148	13	013006	013000	38	8.0	3.0	0,816	true	[013006, 013002, 013005, 013004, 013001, 013003, 013000]
2149	13	013006	013000	39	8.0	5.0	0,960	true	[013006, 013003, 013000]
2150	13	013006	013000	40	23.0	5.0	0,951	true	[013006, 013003, 013001, 013000]
2151	13	013006	013000	41	15.0	3.0	0,858	true	[013006, 013003, 013001, 013002, 013004, 013000]
2152	13	013006	013000	42	15.0	3.0	0,807	true	[013006, 013003, 013001, 013002, 013005, 013004, 013000]
2153	13	013006	013000	43	15.0	10.0	0,867	true	[013006, 013003, 013001, 013004, 013000]
2154	13	013006	013000	44	25.0	3.0	0,932	true	[013006, 013003, 013002, 013001, 013000]
2155	13	013006	013000	45	15.0	3.0	0,850	true	[013006, 013003, 013002, 013001, 013004, 013000]
2156	13	013006	013000	46	15.0	3.0	0,894	true	[013006, 013003, 013002, 013004, 013000]
2157	13	013006	013000	47	26.0	3.0	0,904	true	[013006, 013003, 013002, 013004, 013001, 013000]
2158	13	013006	013000	48	15.0	3.0	0,841	true	[013006, 013003, 013002, 013005, 013004, 013000]
2159	13	013006	013000	49	16.0	3.0	0,850	true	[013006, 013003, 013002, 013005, 013004, 013001, 013000]
2160	13	013006	013000	50	25.0	3.0	0,894	true	[013006, 013003, 013005, 013002, 013001, 013000]
2161	13	013006	013000	51	15.0	3.0	0,815	true	[013006, 013003, 013005, 013002, 013001, 013004, 013000]
2162	13	013006	013000	52	15.0	3.0	0,858	true	[013006, 013003, 013005, 013002, 013004, 013000]
2163	13	013006	013000	53	26.0	3.0	0,867	true	[013006, 013003, 013005, 013002, 013004, 013001, 013000]
2164	13	013006	013000	54	15.0	7.0	0,894	true	[013006, 013003, 013005, 013004, 013000]
2165	13	013006	013000	55	16.0	5.0	0,903	true	[013006, 013003, 013005, 013004, 013001, 013000]
2166	13	013006	013000	56	16.0	3.0	0,895	true	[013006, 013003, 013005, 013004, 013002, 013001, 013000]
2167	13	013006	013000	57	25.0	3.0	0,875	true	[013006, 013005, 013002, 013001, 013000]
2168	13	013006	013000	58	8.0	3.0	0,832	true	[013006, 013005, 013002, 013001, 013003, 013000]
2169	13	013006	013000	59	15.0	3.0	0,798	true	[013006, 013005, 013002, 013001, 013004, 013000]
2170	13	013006	013000	60	8.0	3.0	0,867	true	[013006, 013005, 013002, 013003, 013000]
2171	13	013006	013000	61	23.0	3.0	0,858	true	[013006, 013005, 013002, 013003, 013001, 013000]
2172	13	013006	013000	62	15.0	3.0	0,782	true	[013006, 013005, 013002, 013003, 013001, 013004, 013000]
2173	13	013006	013000	63	15.0	3.0	0,840	true	[013006, 013005, 013002, 013004, 013000]
2174	13	013006	013000	64	26.0	3.0	0,849	true	[013006, 013005, 013002, 013004, 013001, 013000]
2175	13	013006	013000	65	8.0	3.0	0,807	true	[013006, 013005, 013002, 013004, 013001, 013003, 013000]
2176	13	013006	013000	66	8.0	3.0	0,922	true	[013006, 013005, 013003, 013000]
2177	13	013006	013000	67	23.0	3.0	0,912	true	[013006, 013005, 013003, 013001, 013000]
2178	13	013006	013000	68	15.0	3.0	0,824	true	[013006, 013005, 013003, 013001, 013002, 013004, 013000]
2179	13	013006	013000	69	15.0	3.0	0,832	true	[013006, 013005, 013003, 013001, 013004, 013000]
2180	13	013006	013000	70	25.0	3.0	0,894	true	[013006, 013005, 013003, 013002, 013001, 013000]
2181	13	013006	013000	71	15.0	3.0	0,815	true	[013006, 013005, 013003, 013002, 013001, 013004, 013000]
2182	13	013006	013000	72	15.0	3.0	0,858	true	[013006, 013005, 013003, 013002, 013004, 013000]
2183	13	013006	013000	73	26.0	3.0	0,867	true	[013006, 013005, 013003, 013002, 013004, 013001, 013000]
2184	13	013006	013000	74	15.0	3.0	0,875	true	[013006, 013005, 013004, 013000]
2185	13	013006	013000	75	16.0	3.0	0,885	true	[013006, 013005, 013004, 013001, 013000]
2186	13	013006	013000	76	8.0	3.0	0,824	true	[013006, 013005, 013004, 013001, 013002, 013003, 013000]
2187	13	013006	013000	77	8.0	3.0	0,841	true	[013006, 013005, 013004, 013001, 013003, 013000]
2188	13	013006	013000	78	16.0	3.0	0,876	true	[013006, 013005, 013004, 013002, 013001, 013000]
2189	13	013006	013000	79	8.0	3.0	0,833	true	[013006, 013005, 013004, 013002, 013001, 013003, 013000]
2190	13	013006	013000	80	8.0	3.0	0,867	true	[013006, 013005, 013004, 013002, 013003, 013000]
2191	13	013006	013000	81	16.0	3.0	0,858	true	[013006, 013005, 013004, 013002, 013003, 013001, 013000]
2192	13	013006	013001	82	28.0	5.0	0,990	true	[013006, 013000, 013001]
2193	13	013006	013001	83	8.0	5.0	0,941	true	[013006, 013000, 013003, 013001]
2194	13	013006	013001	84	8.0	3.0	0,922	true	[013006, 013000, 013003, 013002, 013001]
2195	13	013006	013001	85	8.0	3.0	0,895	true	[013006, 013000, 013003, 013002, 013004, 013001]
2196	13	013006	013001	86	8.0	3.0	0,841	true	[013006, 013000, 013003, 013002, 013005, 013004, 013001]
2197	13	013006	013001	87	8.0	3.0	0,885	true	[013006, 013000, 013003, 013005, 013002, 013001]
2198	13	013006	013001	88	8.0	3.0	0,858	true	[013006, 013000, 013003, 013005, 013002, 013004, 013001]
2199	13	013006	013001	89	8.0	5.0	0,894	true	[013006, 013000, 013003, 013005, 013004, 013001]
2200	13	013006	013001	90	8.0	3.0	0,886	true	[013006, 013000, 013003, 013005, 013004, 013002, 013001]
2201	13	013006	013001	91	15.0	10.0	0,903	true	[013006, 013000, 013004, 013001]
2202	13	013006	013001	92	15.0	3.0	0,894	true	[013006, 013000, 013004, 013002, 013001]
2203	13	013006	013001	93	15.0	3.0	0,876	true	[013006, 013000, 013004, 013002, 013003, 013001]
2204	13	013006	013001	94	15.0	3.0	0,841	true	[013006, 013000, 013004, 013002, 013005, 013003, 013001]
2205	13	013006	013001	95	15.0	3.0	0,841	true	[013006, 013000, 013004, 013005, 013002, 013001]
2206	13	013006	013001	96	15.0	3.0	0,824	true	[013006, 013000, 013004, 013005, 013002, 013003, 013001]
2207	13	013006	013001	97	15.0	7.0	0,876	true	[013006, 013000, 013004, 013005, 013003, 013001]
2208	13	013006	013001	98	15.0	3.0	0,859	true	[013006, 013000, 013004, 013005, 013003, 013002, 013001]
2209	13	013006	013001	99	58.0	3.0	0,980	true	[013006, 013001]
2210	13	013006	013001	100	21.0	3.0	0,941	true	[013006, 013002, 013001]
2211	-1	000003	001005	0	125.0	44.0	0,997	true	[000003, 001005]
2212	-1	000006	002005	0	150.0	25.0	0,998	true	[000006, 002005]
2213	-1	000002	007000	0	100.0	29.0	0,996	true	[000002, 007000]
2214	-1	001002	002003	0	125.0	43.0	0,995	true	[001002, 002003]
2215	-1	001006	003004	0	140.0	36.0	0,997	true	[001006, 003004]
2216	-1	002006	005005	0	130.0	26.0	0,998	true	[002006, 005005]
2217	-1	003003	004000	0	115.0	23.0	0,996	true	[003003, 004000]
2218	-1	003001	010000	0	150.0	42.0	0,995	true	[003001, 010000]
2219	-1	004005	005003	0	145.0	33.0	0,995	true	[004005, 005003]
2220	-1	004002	006004	0	105.0	48.0	0,996	true	[004002, 006004]
2221	-1	005006	009006	0	115.0	50.0	0,997	true	[005006, 009006]
2222	-1	005000	012005	0	120.0	28.0	0,998	true	[005000, 012005]
2223	-1	006000	007003	0	105.0	26.0	0,999	true	[006000, 007003]
2224	-1	007004	008004	0	150.0	45.0	0,999	true	[007004, 008004]
2225	-1	008002	009003	0	145.0	37.0	0,996	true	[008002, 009003]
2226	-1	008001	011005	0	125.0	41.0	0,999	true	[008001, 011005]
2227	-1	008006	013006	0	115.0	36.0	0,998	true	[008006, 013006]
2228	-1	010003	011000	0	150.0	34.0	0,996	true	[010003, 011000]
2229	-1	010002	013000	0	145.0	39.0	0,995	true	[010002, 013000]
2230	-1	011004	013001	0	135.0	30.0	0,999	true	[011004, 013001]
2231	-1	012004	013003	0	135.0	43.0	0,998	true	[012004, 013003]
