TransactionId	ASId	Ingress	Egress	PathletId	Bandwidth	Delay	Reliability	Status	Full Path
3630	0	000007	000003	0	7.0	3.0	0,960	true	[000007, 000000, 000001, 000003]
3631	0	000007	000003	1	29.0	3.0	0,867	true	[000007, 000000, 000001, 000004, 000002, 000003]
3632	0	000007	000003	2	6.0	3.0	0,867	true	[000007, 000000, 000001, 000004, 000002, 000005, 000003]
3633	0	000007	000003	3	25.0	3.0	0,850	true	[000007, 000000, 000001, 000004, 000002, 000005, 000006, 000003]
3634	0	000007	000003	4	11.0	3.0	0,816	true	[000007, 000000, 000001, 000004, 000002, 000005, 000006, 000008, 000003]
3635	0	000007	000003	5	29.0	3.0	0,858	true	[000007, 000000, 000001, 000004, 000002, 000005, 000008, 000003]
3636	0	000007	000003	6	11.0	3.0	0,841	true	[000007, 000000, 000001, 000004, 000002, 000005, 000008, 000006, 000003]
3637	0	000007	000003	7	29.0	3.0	0,850	true	[000007, 000000, 000001, 000004, 000002, 000006, 000003]
3638	0	000007	000003	8	6.0	3.0	0,816	true	[000007, 000000, 000001, 000004, 000002, 000006, 000005, 000003]
3639	0	000007	000003	9	25.0	3.0	0,807	true	[000007, 000000, 000001, 000004, 000002, 000006, 000005, 000008, 000003]
3640	0	000007	000003	10	11.0	3.0	0,816	true	[000007, 000000, 000001, 000004, 000002, 000006, 000008, 000003]
3641	0	000007	000003	11	6.0	3.0	0,807	true	[000007, 000000, 000001, 000004, 000002, 000006, 000008, 000005, 000003]
3642	0	000007	000003	12	29.0	3.0	0,849	true	[000007, 000000, 000001, 000004, 000002, 000008, 000003]
3643	0	000007	000003	13	6.0	3.0	0,841	true	[000007, 000000, 000001, 000004, 000002, 000008, 000005, 000003]
3644	0	000007	000003	14	25.0	3.0	0,824	true	[000007, 000000, 000001, 000004, 000002, 000008, 000005, 000006, 000003]
3645	0	000007	000003	15	11.0	3.0	0,833	true	[000007, 000000, 000001, 000004, 000002, 000008, 000006, 000003]
3646	0	000007	000003	16	6.0	3.0	0,799	true	[000007, 000000, 000001, 000004, 000002, 000008, 000006, 000005, 000003]
3647	0	000007	000003	17	29.0	3.0	0,903	true	[000007, 000000, 000001, 000004, 000003]
3648	0	000007	000003	18	29.0	3.0	0,912	true	[000007, 000000, 000001, 000004, 000005, 000002, 000003]
3649	0	000007	000003	19	29.0	3.0	0,894	true	[000007, 000000, 000001, 000004, 000005, 000002, 000006, 000003]
3650	0	000007	000003	20	11.0	3.0	0,858	true	[000007, 000000, 000001, 000004, 000005, 000002, 000006, 000008, 000003]
3651	0	000007	000003	21	29.0	3.0	0,894	true	[000007, 000000, 000001, 000004, 000005, 000002, 000008, 000003]
3652	0	000007	000003	22	11.0	3.0	0,876	true	[000007, 000000, 000001, 000004, 000005, 000002, 000008, 000006, 000003]
3653	0	000007	000003	23	6.0	3.0	0,912	true	[000007, 000000, 000001, 000004, 000005, 000003]
3654	0	000007	000003	24	25.0	3.0	0,858	true	[000007, 000000, 000001, 000004, 000005, 000006, 000002, 000003]
3655	0	000007	000003	25	25.0	3.0	0,841	true	[000007, 000000, 000001, 000004, 000005, 000006, 000002, 000008, 000003]
3656	0	000007	000003	26	25.0	3.0	0,894	true	[000007, 000000, 000001, 000004, 000005, 000006, 000003]
3657	0	000007	000003	27	11.0	3.0	0,841	true	[000007, 000000, 000001, 000004, 000005, 000006, 000008, 000002, 000003]
3658	0	000007	000003	28	11.0	3.0	0,858	true	[000007, 000000, 000001, 000004, 000005, 000006, 000008, 000003]
3659	0	000007	000003	29	29.0	3.0	0,885	true	[000007, 000000, 000001, 000004, 000005, 000008, 000002, 000003]
3660	0	000007	000003	30	29.0	3.0	0,868	true	[000007, 000000, 000001, 000004, 000005, 000008, 000002, 000006, 000003]
3661	0	000007	000003	31	29.0	3.0	0,903	true	[000007, 000000, 000001, 000004, 000005, 000008, 000003]
3662	0	000007	000003	32	11.0	3.0	0,850	true	[000007, 000000, 000001, 000004, 000005, 000008, 000006, 000002, 000003]
3663	0	000007	000003	33	11.0	3.0	0,885	true	[000007, 000000, 000001, 000004, 000005, 000008, 000006, 000003]
3664	0	000007	000003	34	24.0	3.0	0,885	true	[000007, 000000, 000001, 000004, 000006, 000002, 000003]
3665	0	000007	000003	35	6.0	3.0	0,885	true	[000007, 000000, 000001, 000004, 000006, 000002, 000005, 000003]
3666	0	000007	000003	36	24.0	3.0	0,876	true	[000007, 000000, 000001, 000004, 000006, 000002, 000005, 000008, 000003]
3667	0	000007	000003	37	24.0	3.0	0,867	true	[000007, 000000, 000001, 000004, 000006, 000002, 000008, 000003]
3668	0	000007	000003	38	6.0	3.0	0,859	true	[000007, 000000, 000001, 000004, 000006, 000002, 000008, 000005, 000003]
3669	0	000007	000003	39	24.0	3.0	0,922	true	[000007, 000000, 000001, 000004, 000006, 000003]
3670	0	000007	000003	40	24.0	3.0	0,885	true	[000007, 000000, 000001, 000004, 000006, 000005, 000002, 000003]
3671	0	000007	000003	41	24.0	3.0	0,867	true	[000007, 000000, 000001, 000004, 000006, 000005, 000002, 000008, 000003]
3672	0	000007	000003	42	6.0	3.0	0,885	true	[000007, 000000, 000001, 000004, 000006, 000005, 000003]
3673	0	000007	000003	43	24.0	3.0	0,859	true	[000007, 000000, 000001, 000004, 000006, 000005, 000008, 000002, 000003]
3674	0	000007	000003	44	24.0	3.0	0,876	true	[000007, 000000, 000001, 000004, 000006, 000005, 000008, 000003]
3675	0	000007	000003	45	11.0	3.0	0,867	true	[000007, 000000, 000001, 000004, 000006, 000008, 000002, 000003]
3676	0	000007	000003	46	6.0	3.0	0,867	true	[000007, 000000, 000001, 000004, 000006, 000008, 000002, 000005, 000003]
3677	0	000007	000003	47	11.0	3.0	0,885	true	[000007, 000000, 000001, 000004, 000006, 000008, 000003]
3678	0	000007	000003	48	11.0	3.0	0,876	true	[000007, 000000, 000001, 000004, 000006, 000008, 000005, 000002, 000003]
3679	0	000007	000003	49	6.0	3.0	0,876	true	[000007, 000000, 000001, 000004, 000006, 000008, 000005, 000003]
3680	0	000007	000003	50	29.0	3.0	0,885	true	[000007, 000000, 000001, 000004, 000008, 000002, 000003]
3681	0	000007	000003	51	6.0	3.0	0,885	true	[000007, 000000, 000001, 000004, 000008, 000002, 000005, 000003]
3682	0	000007	000003	52	25.0	3.0	0,868	true	[000007, 000000, 000001, 000004, 000008, 000002, 000005, 000006, 000003]
3683	0	000007	000003	53	29.0	3.0	0,868	true	[000007, 000000, 000001, 000004, 000008, 000002, 000006, 000003]
3684	0	000007	000003	54	6.0	3.0	0,833	true	[000007, 000000, 000001, 000004, 000008, 000002, 000006, 000005, 000003]
3685	0	000007	000003	55	29.0	3.0	0,903	true	[000007, 000000, 000001, 000004, 000008, 000003]
3686	0	000007	000003	56	29.0	3.0	0,894	true	[000007, 000000, 000001, 000004, 000008, 000005, 000002, 000003]
3687	0	000007	000003	57	29.0	3.0	0,876	true	[000007, 000000, 000001, 000004, 000008, 000005, 000002, 000006, 000003]
3688	0	000007	000003	58	6.0	3.0	0,894	true	[000007, 000000, 000001, 000004, 000008, 000005, 000003]
3689	0	000007	000003	59	25.0	3.0	0,841	true	[000007, 000000, 000001, 000004, 000008, 000005, 000006, 000002, 000003]
3690	0	000007	000003	60	25.0	3.0	0,876	true	[000007, 000000, 000001, 000004, 000008, 000005, 000006, 000003]
3691	0	000007	000003	61	11.0	3.0	0,850	true	[000007, 000000, 000001, 000004, 000008, 000006, 000002, 000003]
3692	0	000007	000003	62	6.0	3.0	0,850	true	[000007, 000000, 000001, 000004, 000008, 000006, 000002, 000005, 000003]
3693	0	000007	000003	63	11.0	3.0	0,885	true	[000007, 000000, 000001, 000004, 000008, 000006, 000003]
3694	0	000007	000003	64	11.0	3.0	0,850	true	[000007, 000000, 000001, 000004, 000008, 000006, 000005, 000002, 000003]
3695	0	000007	000003	65	6.0	3.0	0,850	true	[000007, 000000, 000001, 000004, 000008, 000006, 000005, 000003]
3696	0	000007	000003	66	34.0	3.0	0,894	true	[000007, 000000, 000001, 000006, 000002, 000003]
3697	0	000007	000003	67	31.0	3.0	0,840	true	[000007, 000000, 000001, 000006, 000002, 000004, 000003]
3698	0	000007	000003	68	6.0	3.0	0,849	true	[000007, 000000, 000001, 000006, 000002, 000004, 000005, 000003]
3699	0	000007	000003	69	34.0	3.0	0,841	true	[000007, 000000, 000001, 000006, 000002, 000004, 000005, 000008, 000003]
3700	0	000007	000003	70	34.0	3.0	0,841	true	[000007, 000000, 000001, 000006, 000002, 000004, 000008, 000003]
3701	0	000007	000003	71	6.0	3.0	0,832	true	[000007, 000000, 000001, 000006, 000002, 000004, 000008, 000005, 000003]
3702	0	000007	000003	72	6.0	3.0	0,894	true	[000007, 000000, 000001, 000006, 000002, 000005, 000003]
3703	0	000007	000003	73	31.0	3.0	0,885	true	[000007, 000000, 000001, 000006, 000002, 000005, 000004, 000003]
3704	0	000007	000003	74	34.0	3.0	0,885	true	[000007, 000000, 000001, 000006, 000002, 000005, 000004, 000008, 000003]
3705	0	000007	000003	75	34.0	3.0	0,885	true	[000007, 000000, 000001, 000006, 000002, 000005, 000008, 000003]
3706	0	000007	000003	76	31.0	3.0	0,867	true	[000007, 000000, 000001, 000006, 000002, 000005, 000008, 000004, 000003]
3707	0	000007	000003	77	34.0	3.0	0,876	true	[000007, 000000, 000001, 000006, 000002, 000008, 000003]
3708	0	000007	000003	78	31.0	3.0	0,858	true	[000007, 000000, 000001, 000006, 000002, 000008, 000004, 000003]
3709	0	000007	000003	79	6.0	3.0	0,867	true	[000007, 000000, 000001, 000006, 000002, 000008, 000004, 000005, 000003]
3710	0	000007	000003	80	6.0	3.0	0,867	true	[000007, 000000, 000001, 000006, 000002, 000008, 000005, 000003]
3711	0	000007	000003	81	31.0	3.0	0,858	true	[000007, 000000, 000001, 000006, 000002, 000008, 000005, 000004, 000003]
3712	0	000007	000003	82	34.0	3.0	0,931	true	[000007, 000000, 000001, 000006, 000003]
3713	0	000007	000003	83	24.0	3.0	0,876	true	[000007, 000000, 000001, 000006, 000004, 000002, 000003]
3714	0	000007	000003	84	6.0	3.0	0,876	true	[000007, 000000, 000001, 000006, 000004, 000002, 000005, 000003]
3715	0	000007	000003	85	24.0	3.0	0,867	true	[000007, 000000, 000001, 000006, 000004, 000002, 000005, 000008, 000003]
3716	0	000007	000003	86	24.0	3.0	0,858	true	[000007, 000000, 000001, 000006, 000004, 000002, 000008, 000003]
3717	0	000007	000003	87	6.0	3.0	0,849	true	[000007, 000000, 000001, 000006, 000004, 000002, 000008, 000005, 000003]
3718	0	000007	000003	88	24.0	3.0	0,912	true	[000007, 000000, 000001, 000006, 000004, 000003]
3719	0	000007	000003	89	24.0	3.0	0,922	true	[000007, 000000, 000001, 000006, 000004, 000005, 000002, 000003]
3720	0	000007	000003	90	24.0	3.0	0,903	true	[000007, 000000, 000001, 000006, 000004, 000005, 000002, 000008, 000003]
3721	0	000007	000003	91	6.0	3.0	0,922	true	[000007, 000000, 000001, 000006, 000004, 000005, 000003]
3722	0	000007	000003	92	24.0	3.0	0,894	true	[000007, 000000, 000001, 000006, 000004, 000005, 000008, 000002, 000003]
3723	0	000007	000003	93	24.0	3.0	0,912	true	[000007, 000000, 000001, 000006, 000004, 000005, 000008, 000003]
3724	0	000007	000003	94	24.0	3.0	0,894	true	[000007, 000000, 000001, 000006, 000004, 000008, 000002, 000003]
3725	0	000007	000003	95	6.0	3.0	0,894	true	[000007, 000000, 000001, 000006, 000004, 000008, 000002, 000005, 000003]
3726	0	000007	000003	96	24.0	3.0	0,912	true	[000007, 000000, 000001, 000006, 000004, 000008, 000003]
3727	0	000007	000003	97	24.0	3.0	0,903	true	[000007, 000000, 000001, 000006, 000004, 000008, 000005, 000002, 000003]
3728	0	000007	000003	98	6.0	3.0	0,903	true	[000007, 000000, 000001, 000006, 000004, 000008, 000005, 000003]
3729	0	000007	000003	99	25.0	3.0	0,894	true	[000007, 000000, 000001, 000006, 000005, 000002, 000003]
3730	0	000007	000003	100	25.0	3.0	0,840	true	[000007, 000000, 000001, 000006, 000005, 000002, 000004, 000003]
3731	0	000007	000003	101	6.0	3.0	0,894	true	[000007, 000000, 000001, 000006, 000005, 000003]
3732	0	000007	000003	102	34.0	10.0	0,970	true	[000007, 000000, 000003]
3733	0	000007	000003	103	9.0	5.0	0,960	true	[000007, 000003]
3734	1	001004	001006	0	18.0	3.0	0,841	true	[001004, 001001, 001000, 001005, 001002, 001003, 001006]
3735	1	001004	001006	1	18.0	3.0	0,799	true	[001004, 001001, 001000, 001005, 001002, 001003, 001007, 001006]
3736	1	001004	001006	2	18.0	3.0	0,807	true	[001004, 001001, 001000, 001005, 001002, 001003, 001008, 001006]
3737	1	001004	001006	3	18.0	3.0	0,885	true	[001004, 001001, 001000, 001005, 001002, 001006]
3738	1	001004	001006	4	18.0	3.0	0,841	true	[001004, 001001, 001000, 001005, 001002, 001008, 001003, 001006]
3739	1	001004	001006	5	18.0	3.0	0,799	true	[001004, 001001, 001000, 001005, 001002, 001008, 001003, 001007, 001006]
3740	1	001004	001006	6	18.0	3.0	0,858	true	[001004, 001001, 001000, 001005, 001002, 001008, 001006]
3741	1	001004	001006	7	6.0	3.0	0,885	true	[001004, 001001, 001000, 001005, 001003, 001002, 001006]
3742	1	001004	001006	8	6.0	3.0	0,858	true	[001004, 001001, 001000, 001005, 001003, 001002, 001008, 001006]
3743	1	001004	001006	9	6.0	3.0	0,894	true	[001004, 001001, 001000, 001005, 001003, 001006]
3744	1	001004	001006	10	6.0	3.0	0,849	true	[001004, 001001, 001000, 001005, 001003, 001007, 001006]
3745	1	001004	001006	11	6.0	3.0	0,885	true	[001004, 001001, 001000, 001005, 001003, 001008, 001002, 001006]
3746	1	001004	001006	12	6.0	3.0	0,858	true	[001004, 001001, 001000, 001005, 001003, 001008, 001006]
3747	1	001004	001006	13	7.0	3.0	0,903	true	[001004, 001001, 001000, 001005, 001006]
3748	1	001004	001006	14	20.0	3.0	0,807	true	[001004, 001001, 001000, 001005, 001007, 001003, 001002, 001006]
3749	1	001004	001006	15	18.0	3.0	0,782	true	[001004, 001001, 001000, 001005, 001007, 001003, 001002, 001008, 001006]
3750	1	001004	001006	16	20.0	3.0	0,815	true	[001004, 001001, 001000, 001005, 001007, 001003, 001006]
3751	1	001004	001006	17	18.0	3.0	0,807	true	[001004, 001001, 001000, 001005, 001007, 001003, 001008, 001002, 001006]
3752	1	001004	001006	18	20.0	3.0	0,782	true	[001004, 001001, 001000, 001005, 001007, 001003, 001008, 001006]
3753	1	001004	001006	19	30.0	3.0	0,858	true	[001004, 001001, 001000, 001005, 001007, 001006]
3754	1	001004	001006	20	15.0	3.0	0,850	true	[001004, 001001, 001000, 001005, 001008, 001002, 001003, 001006]
3755	1	001004	001006	21	15.0	3.0	0,807	true	[001004, 001001, 001000, 001005, 001008, 001002, 001003, 001007, 001006]
3756	1	001004	001006	22	15.0	3.0	0,894	true	[001004, 001001, 001000, 001005, 001008, 001002, 001006]
3757	1	001004	001006	23	15.0	3.0	0,841	true	[001004, 001001, 001000, 001005, 001008, 001003, 001002, 001006]
3758	1	001004	001006	24	15.0	3.0	0,850	true	[001004, 001001, 001000, 001005, 001008, 001003, 001006]
3759	1	001004	001006	25	15.0	3.0	0,807	true	[001004, 001001, 001000, 001005, 001008, 001003, 001007, 001006]
3760	1	001004	001006	26	15.0	3.0	0,867	true	[001004, 001001, 001000, 001005, 001008, 001006]
3761	1	001004	001006	27	30.0	5.0	0,970	true	[001004, 001001, 001000, 001006]
3762	1	001004	001006	28	6.0	5.0	0,904	true	[001004, 001001, 001000, 001008, 001002, 001003, 001005, 001006]
3763	1	001004	001006	29	6.0	5.0	0,859	true	[001004, 001001, 001000, 001008, 001002, 001003, 001005, 001007, 001006]
3764	1	001004	001006	30	18.0	6.0	0,894	true	[001004, 001001, 001000, 001008, 001002, 001003, 001006]
3765	1	001004	001006	31	7.0	3.0	0,824	true	[001004, 001001, 001000, 001008, 001002, 001003, 001007, 001005, 001006]
3766	1	001004	001006	32	18.0	3.0	0,850	true	[001004, 001001, 001000, 001008, 001002, 001003, 001007, 001006]
3767	1	001004	001006	33	6.0	6.0	0,894	true	[001004, 001001, 001000, 001008, 001002, 001005, 001003, 001006]
3768	1	001004	001006	34	6.0	3.0	0,850	true	[001004, 001001, 001000, 001008, 001002, 001005, 001003, 001007, 001006]
3769	1	001004	001006	35	7.0	5.0	0,904	true	[001004, 001001, 001000, 001008, 001002, 001005, 001006]
3770	1	001004	001006	36	18.0	3.0	0,816	true	[001004, 001001, 001000, 001008, 001002, 001005, 001007, 001003, 001006]
3771	1	001004	001006	37	18.0	5.0	0,859	true	[001004, 001001, 001000, 001008, 001002, 001005, 001007, 001006]
3772	1	001004	001006	38	18.0	6.0	0,941	true	[001004, 001001, 001000, 001008, 001002, 001006]
3773	1	001004	001006	39	7.0	5.0	0,850	true	[001004, 001001, 001000, 001008, 001003, 001002, 001005, 001006]
3774	1	001004	001006	40	18.0	5.0	0,808	true	[001004, 001001, 001000, 001008, 001003, 001002, 001005, 001007, 001006]
3775	1	001004	001006	41	30.0	6.0	0,886	true	[001004, 001001, 001000, 001008, 001003, 001002, 001006]
3776	1	001004	001006	42	6.0	6.0	0,886	true	[001004, 001001, 001000, 001008, 001003, 001005, 001002, 001006]
3777	1	001004	001006	43	6.0	5.0	0,904	true	[001004, 001001, 001000, 001008, 001003, 001005, 001006]
3778	1	001004	001006	44	6.0	5.0	0,859	true	[001004, 001001, 001000, 001008, 001003, 001005, 001007, 001006]
3779	1	001004	001006	45	30.0	6.0	0,894	true	[001004, 001001, 001000, 001008, 001003, 001006]
3780	1	001004	001006	46	18.0	3.0	0,808	true	[001004, 001001, 001000, 001008, 001003, 001007, 001005, 001002, 001006]
3781	1	001004	001006	47	7.0	3.0	0,824	true	[001004, 001001, 001000, 001008, 001003, 001007, 001005, 001006]
3782	1	001004	001006	48	20.0	3.0	0,850	true	[001004, 001001, 001000, 001008, 001003, 001007, 001006]
3783	1	001004	001006	49	15.0	5.0	0,850	true	[001004, 001001, 001000, 001008, 001005, 001002, 001003, 001006]
3784	1	001004	001006	50	15.0	3.0	0,808	true	[001004, 001001, 001000, 001008, 001005, 001002, 001003, 001007, 001006]
3785	1	001004	001006	51	15.0	5.0	0,895	true	[001004, 001001, 001000, 001008, 001005, 001002, 001006]
3786	1	001004	001006	52	6.0	5.0	0,895	true	[001004, 001001, 001000, 001008, 001005, 001003, 001002, 001006]
3787	1	001004	001006	53	6.0	5.0	0,904	true	[001004, 001001, 001000, 001008, 001005, 001003, 001006]
3788	1	001004	001006	54	6.0	3.0	0,858	true	[001004, 001001, 001000, 001008, 001005, 001003, 001007, 001006]
3789	1	001004	001006	55	7.0	5.0	0,913	true	[001004, 001001, 001000, 001008, 001005, 001006]
3790	1	001004	001006	56	15.0	3.0	0,816	true	[001004, 001001, 001000, 001008, 001005, 001007, 001003, 001002, 001006]
3791	1	001004	001006	57	15.0	3.0	0,824	true	[001004, 001001, 001000, 001008, 001005, 001007, 001003, 001006]
3792	1	001004	001006	58	15.0	5.0	0,867	true	[001004, 001001, 001000, 001008, 001005, 001007, 001006]
3793	1	001004	001006	59	30.0	4.0	0,912	true	[001004, 001001, 001000, 001008, 001006]
3794	1	001004	001006	60	6.0	3.0	0,876	true	[001004, 001001, 001002, 001003, 001005, 001000, 001006]
3795	1	001004	001006	61	6.0	3.0	0,824	true	[001004, 001001, 001002, 001003, 001005, 001000, 001008, 001006]
3796	1	001004	001006	62	6.0	5.0	0,903	true	[001004, 001001, 001002, 001003, 001005, 001006]
3797	1	001004	001006	63	6.0	5.0	0,858	true	[001004, 001001, 001002, 001003, 001005, 001007, 001006]
3798	1	001004	001006	64	6.0	5.0	0,885	true	[001004, 001001, 001002, 001003, 001005, 001008, 001000, 001006]
3799	1	001004	001006	65	6.0	4.0	0,867	true	[001004, 001001, 001002, 001003, 001005, 001008, 001006]
3800	1	001004	001006	66	25.0	6.0	0,894	true	[001004, 001001, 001002, 001003, 001006]
3801	1	001004	001006	67	20.0	3.0	0,799	true	[001004, 001001, 001002, 001003, 001007, 001005, 001000, 001006]
3802	1	001004	001006	68	20.0	3.0	0,751	true	[001004, 001001, 001002, 001003, 001007, 001005, 001000, 001008, 001006]
3803	1	001004	001006	69	7.0	3.0	0,824	true	[001004, 001001, 001002, 001003, 001007, 001005, 001006]
3804	1	001004	001006	70	15.0	3.0	0,807	true	[001004, 001001, 001002, 001003, 001007, 001005, 001008, 001000, 001006]
3805	1	001004	001006	71	15.0	3.0	0,791	true	[001004, 001001, 001002, 001003, 001007, 001005, 001008, 001006]
3806	1	001004	001006	72	20.0	3.0	0,849	true	[001004, 001001, 001002, 001003, 001007, 001006]
3807	1	001004	001006	73	7.0	3.0	0,816	true	[001004, 001001, 001002, 001003, 001008, 001000, 001005, 001006]
3808	1	001004	001006	74	25.0	3.0	0,775	true	[001004, 001001, 001002, 001003, 001008, 001000, 001005, 001007, 001006]
3809	1	001004	001006	75	25.0	5.0	0,876	true	[001004, 001001, 001002, 001003, 001008, 001000, 001006]
3810	1	001004	001006	76	15.0	3.0	0,833	true	[001004, 001001, 001002, 001003, 001008, 001005, 001000, 001006]
3811	1	001004	001006	77	7.0	5.0	0,859	true	[001004, 001001, 001002, 001003, 001008, 001005, 001006]
3812	1	001004	001006	78	15.0	5.0	0,816	true	[001004, 001001, 001002, 001003, 001008, 001005, 001007, 001006]
3813	1	001004	001006	79	25.0	4.0	0,858	true	[001004, 001001, 001002, 001003, 001008, 001006]
3814	1	001004	001006	80	18.0	3.0	0,876	true	[001004, 001001, 001002, 001005, 001000, 001006]
3815	1	001004	001006	81	18.0	3.0	0,807	true	[001004, 001001, 001002, 001005, 001000, 001008, 001003, 001006]
3816	1	001004	001006	82	18.0	3.0	0,767	true	[001004, 001001, 001002, 001005, 001000, 001008, 001003, 001007, 001006]
3817	1	001004	001006	83	18.0	3.0	0,824	true	[001004, 001001, 001002, 001005, 001000, 001008, 001006]
3818	1	001004	001006	84	6.0	6.0	0,894	true	[001004, 001001, 001002, 001005, 001003, 001006]
3819	1	001004	001006	85	6.0	3.0	0,849	true	[001004, 001001, 001002, 001005, 001003, 001007, 001006]
3820	1	001004	001006	86	6.0	5.0	0,876	true	[001004, 001001, 001002, 001005, 001003, 001008, 001000, 001006]
3821	1	001004	001006	87	6.0	4.0	0,858	true	[001004, 001001, 001002, 001005, 001003, 001008, 001006]
3822	1	001004	001006	88	7.0	5.0	0,903	true	[001004, 001001, 001002, 001005, 001006]
3823	1	001004	001006	89	18.0	3.0	0,815	true	[001004, 001001, 001002, 001005, 001007, 001003, 001006]
3824	1	001004	001006	90	18.0	3.0	0,799	true	[001004, 001001, 001002, 001005, 001007, 001003, 001008, 001000, 001006]
3825	1	001004	001006	91	18.0	3.0	0,783	true	[001004, 001001, 001002, 001005, 001007, 001003, 001008, 001006]
3826	1	001004	001006	92	18.0	5.0	0,858	true	[001004, 001001, 001002, 001005, 001007, 001006]
3827	1	001004	001006	93	15.0	5.0	0,885	true	[001004, 001001, 001002, 001005, 001008, 001000, 001006]
3828	1	001004	001006	94	15.0	5.0	0,850	true	[001004, 001001, 001002, 001005, 001008, 001003, 001006]
3829	1	001004	001006	95	15.0	3.0	0,807	true	[001004, 001001, 001002, 001005, 001008, 001003, 001007, 001006]
3830	1	001004	001006	96	15.0	4.0	0,867	true	[001004, 001001, 001002, 001005, 001008, 001006]
3831	1	001004	001006	97	25.0	9.0	0,941	true	[001004, 001001, 001002, 001006]
3832	1	001004	001006	98	6.0	3.0	0,858	true	[001004, 001001, 001002, 001008, 001000, 001005, 001003, 001006]
3833	1	001004	001006	99	6.0	3.0	0,815	true	[001004, 001001, 001002, 001008, 001000, 001005, 001003, 001007, 001006]
3834	1	001004	001006	100	7.0	3.0	0,867	true	[001004, 001001, 001002, 001008, 001000, 001005, 001006]
3835	1	001004	001006	101	18.0	5.0	0,931	true	[001004, 001001, 001002, 001008, 001000, 001006]
3836	1	001004	001006	102	18.0	4.0	0,912	true	[001004, 001001, 001002, 001008, 001006]
3837	1	001004	001006	103	69.0	8.0	0,960	true	[001004, 001006]
3838	2	002004	002003	0	27.0	6.0	0,913	true	[002004, 002000, 002001, 002002, 002003]
3839	2	002004	002003	1	27.0	5.0	0,922	true	[002004, 002000, 002001, 002002, 002006, 002003]
3840	2	002004	002003	2	27.0	6.0	0,941	true	[002004, 002000, 002001, 002002, 002006, 002005, 002003]
3841	2	002004	002003	3	27.0	5.0	0,913	true	[002004, 002000, 002001, 002002, 002006, 002005, 002007, 002003]
3842	2	002004	002003	4	19.0	3.0	0,922	true	[002004, 002000, 002001, 002002, 002006, 002005, 002007, 002008, 002003]
3843	2	002004	002003	5	19.0	6.0	0,913	true	[002004, 002000, 002001, 002002, 002006, 002005, 002008, 002003]
3844	2	002004	002003	6	27.0	3.0	0,886	true	[002004, 002000, 002001, 002002, 002006, 002005, 002008, 002007, 002003]
3845	2	002004	002003	7	7.0	5.0	0,876	true	[002004, 002000, 002001, 002002, 002006, 002007, 002003]
3846	2	002004	002003	8	7.0	6.0	0,885	true	[002004, 002000, 002001, 002002, 002006, 002007, 002005, 002003]
3847	2	002004	002003	9	7.0	6.0	0,859	true	[002004, 002000, 002001, 002002, 002006, 002007, 002005, 002008, 002003]
3848	2	002004	002003	10	7.0	3.0	0,885	true	[002004, 002000, 002001, 002002, 002006, 002007, 002008, 002003]
3849	2	002004	002003	11	7.0	3.0	0,859	true	[002004, 002000, 002001, 002002, 002006, 002007, 002008, 002005, 002003]
3850	2	002004	002003	12	19.0	5.0	0,932	true	[002004, 002000, 002001, 002002, 002006, 002008, 002003]
3851	2	002004	002003	13	24.0	5.0	0,904	true	[002004, 002000, 002001, 002002, 002006, 002008, 002005, 002003]
3852	2	002004	002003	14	24.0	5.0	0,877	true	[002004, 002000, 002001, 002002, 002006, 002008, 002005, 002007, 002003]
3853	2	002004	002003	15	24.0	3.0	0,904	true	[002004, 002000, 002001, 002002, 002006, 002008, 002007, 002003]
3854	2	002004	002003	16	24.0	3.0	0,913	true	[002004, 002000, 002001, 002002, 002006, 002008, 002007, 002005, 002003]
3855	2	002004	002003	17	19.0	6.0	0,913	true	[002004, 002000, 002001, 002002, 002008, 002003]
3856	2	002004	002003	18	22.0	6.0	0,886	true	[002004, 002000, 002001, 002002, 002008, 002005, 002003]
3857	2	002004	002003	19	22.0	5.0	0,868	true	[002004, 002000, 002001, 002002, 002008, 002005, 002006, 002003]
3858	2	002004	002003	20	7.0	5.0	0,824	true	[002004, 002000, 002001, 002002, 002008, 002005, 002006, 002007, 002003]
3859	2	002004	002003	21	22.0	5.0	0,859	true	[002004, 002000, 002001, 002002, 002008, 002005, 002007, 002003]
3860	2	002004	002003	22	7.0	5.0	0,816	true	[002004, 002000, 002001, 002002, 002008, 002005, 002007, 002006, 002003]
3861	2	002004	002003	23	22.0	5.0	0,886	true	[002004, 002000, 002001, 002002, 002008, 002006, 002003]
3862	2	002004	002003	24	22.0	5.0	0,904	true	[002004, 002000, 002001, 002002, 002008, 002006, 002005, 002003]
3863	2	002004	002003	25	22.0	5.0	0,877	true	[002004, 002000, 002001, 002002, 002008, 002006, 002005, 002007, 002003]
3864	2	002004	002003	26	7.0	5.0	0,841	true	[002004, 002000, 002001, 002002, 002008, 002006, 002007, 002003]
3865	2	002004	002003	27	7.0	5.0	0,850	true	[002004, 002000, 002001, 002002, 002008, 002006, 002007, 002005, 002003]
3866	2	002004	002003	28	22.0	3.0	0,886	true	[002004, 002000, 002001, 002002, 002008, 002007, 002003]
3867	2	002004	002003	29	22.0	3.0	0,895	true	[002004, 002000, 002001, 002002, 002008, 002007, 002005, 002003]
3868	2	002004	002003	30	22.0	3.0	0,877	true	[002004, 002000, 002001, 002002, 002008, 002007, 002005, 002006, 002003]
3869	2	002004	002003	31	7.0	3.0	0,841	true	[002004, 002000, 002001, 002002, 002008, 002007, 002006, 002003]
3870	2	002004	002003	32	7.0	3.0	0,859	true	[002004, 002000, 002001, 002002, 002008, 002007, 002006, 002005, 002003]
3871	2	002004	002003	33	13.0	6.0	0,922	true	[002004, 002000, 002001, 002003]
3872	2	002004	002003	34	37.0	6.0	0,912	true	[002004, 002000, 002001, 002005, 002003]
3873	2	002004	002003	35	37.0	6.0	0,885	true	[002004, 002000, 002001, 002005, 002006, 002002, 002003]
3874	2	002004	002003	36	19.0	6.0	0,885	true	[002004, 002000, 002001, 002005, 002006, 002002, 002008, 002003]
3875	2	002004	002003	37	22.0	3.0	0,859	true	[002004, 002000, 002001, 002005, 002006, 002002, 002008, 002007, 002003]
3876	2	002004	002003	38	37.0	5.0	0,894	true	[002004, 002000, 002001, 002005, 002006, 002003]
3877	2	002004	002003	39	7.0	5.0	0,849	true	[002004, 002000, 002001, 002005, 002006, 002007, 002003]
3878	2	002004	002003	40	7.0	3.0	0,807	true	[002004, 002000, 002001, 002005, 002006, 002007, 002008, 002002, 002003]
3879	2	002004	002003	41	7.0	3.0	0,858	true	[002004, 002000, 002001, 002005, 002006, 002007, 002008, 002003]
3880	2	002004	002003	42	22.0	5.0	0,850	true	[002004, 002000, 002001, 002005, 002006, 002008, 002002, 002003]
3881	2	002004	002003	43	19.0	5.0	0,903	true	[002004, 002000, 002001, 002005, 002006, 002008, 002003]
3882	2	002004	002003	44	24.0	3.0	0,876	true	[002004, 002000, 002001, 002005, 002006, 002008, 002007, 002003]
3883	2	002004	002003	45	29.0	5.0	0,885	true	[002004, 002000, 002001, 002005, 002007, 002003]
3884	2	002004	002003	46	7.0	6.0	0,832	true	[002004, 002000, 002001, 002005, 002007, 002006, 002002, 002003]
3885	2	002004	002003	47	7.0	6.0	0,832	true	[002004, 002000, 002001, 002005, 002007, 002006, 002002, 002008, 002003]
3886	2	002004	002003	48	7.0	5.0	0,841	true	[002004, 002000, 002001, 002005, 002007, 002006, 002003]
3887	2	002004	002003	49	7.0	5.0	0,799	true	[002004, 002000, 002001, 002005, 002007, 002006, 002008, 002002, 002003]
3888	2	002004	002003	50	7.0	5.0	0,850	true	[002004, 002000, 002001, 002005, 002007, 002006, 002008, 002003]
3889	2	002004	002003	51	22.0	3.0	0,841	true	[002004, 002000, 002001, 002005, 002007, 002008, 002002, 002003]
3890	2	002004	002003	52	22.0	3.0	0,850	true	[002004, 002000, 002001, 002005, 002007, 002008, 002002, 002006, 002003]
3891	2	002004	002003	53	19.0	3.0	0,894	true	[002004, 002000, 002001, 002005, 002007, 002008, 002003]
3892	2	002004	002003	54	24.0	3.0	0,859	true	[002004, 002000, 002001, 002005, 002007, 002008, 002006, 002002, 002003]
3893	2	002004	002003	55	24.0	3.0	0,868	true	[002004, 002000, 002001, 002005, 002007, 002008, 002006, 002003]
3894	2	002004	002003	56	22.0	6.0	0,833	true	[002004, 002000, 002001, 002005, 002008, 002002, 002003]
3895	2	002004	002003	57	22.0	5.0	0,841	true	[002004, 002000, 002001, 002005, 002008, 002002, 002006, 002003]
3896	2	002004	002003	58	7.0	5.0	0,799	true	[002004, 002000, 002001, 002005, 002008, 002002, 002006, 002007, 002003]
3897	2	002004	002003	59	19.0	6.0	0,885	true	[002004, 002000, 002001, 002005, 002008, 002003]
3898	2	002004	002003	60	24.0	5.0	0,850	true	[002004, 002000, 002001, 002005, 002008, 002006, 002002, 002003]
3899	2	002004	002003	61	24.0	5.0	0,859	true	[002004, 002000, 002001, 002005, 002008, 002006, 002003]
3900	2	002004	002003	62	7.0	5.0	0,816	true	[002004, 002000, 002001, 002005, 002008, 002006, 002007, 002003]
3901	2	002004	002003	63	37.0	3.0	0,859	true	[002004, 002000, 002001, 002005, 002008, 002007, 002003]
3902	2	002004	002003	64	7.0	3.0	0,807	true	[002004, 002000, 002001, 002005, 002008, 002007, 002006, 002002, 002003]
3903	2	002004	002003	65	7.0	3.0	0,816	true	[002004, 002000, 002001, 002005, 002008, 002007, 002006, 002003]
3904	2	002004	002003	66	37.0	6.0	0,922	true	[002004, 002000, 002001, 002006, 002002, 002003]
3905	2	002004	002003	67	19.0	6.0	0,922	true	[002004, 002000, 002001, 002006, 002002, 002008, 002003]
3906	2	002004	002003	68	22.0	6.0	0,895	true	[002004, 002000, 002001, 002006, 002002, 002008, 002005, 002003]
3907	2	002004	002003	69	22.0	5.0	0,868	true	[002004, 002000, 002001, 002006, 002002, 002008, 002005, 002007, 002003]
3908	2	002004	002003	70	22.0	3.0	0,895	true	[002004, 002000, 002001, 002006, 002002, 002008, 002007, 002003]
3909	2	002004	002003	71	22.0	3.0	0,904	true	[002004, 002000, 002001, 002006, 002002, 002008, 002007, 002005, 002003]
3910	2	002004	002003	72	37.0	5.0	0,932	true	[002004, 002000, 002001, 002006, 002003]
3911	2	002004	002003	73	37.0	6.0	0,951	true	[002004, 002000, 002001, 002006, 002005, 002003]
3912	2	002004	002003	74	29.0	5.0	0,922	true	[002004, 002000, 002001, 002006, 002005, 002007, 002003]
3913	2	002004	002003	75	22.0	3.0	0,877	true	[002004, 002000, 002001, 002006, 002005, 002007, 002008, 002002, 002003]
3914	2	002004	002003	76	19.0	3.0	0,932	true	[002004, 002000, 002001, 002006, 002005, 002007, 002008, 002003]
3915	2	002004	002003	77	22.0	6.0	0,868	true	[002004, 002000, 002001, 002006, 002005, 002008, 002002, 002003]
3916	2	002004	002003	78	19.0	6.0	0,922	true	[002004, 002000, 002001, 002006, 002005, 002008, 002003]
3917	2	002004	002003	79	37.0	3.0	0,895	true	[002004, 002000, 002001, 002006, 002005, 002008, 002007, 002003]
3918	2	002004	002003	80	7.0	5.0	0,885	true	[002004, 002000, 002001, 002006, 002007, 002003]
3919	2	002004	002003	81	7.0	6.0	0,894	true	[002004, 002000, 002001, 002006, 002007, 002005, 002003]
3920	2	002004	002003	82	7.0	6.0	0,816	true	[002004, 002000, 002001, 002006, 002007, 002005, 002008, 002002, 002003]
3921	2	002004	002003	83	7.0	6.0	0,867	true	[002004, 002000, 002001, 002006, 002007, 002005, 002008, 002003]
3922	2	002004	002003	84	7.0	3.0	0,841	true	[002004, 002000, 002001, 002006, 002007, 002008, 002002, 002003]
3923	2	002004	002003	85	7.0	3.0	0,894	true	[002004, 002000, 002001, 002006, 002007, 002008, 002003]
3924	2	002004	002003	86	7.0	3.0	0,867	true	[002004, 002000, 002001, 002006, 002007, 002008, 002005, 002003]
3925	2	002004	002003	87	22.0	5.0	0,886	true	[002004, 002000, 002001, 002006, 002008, 002002, 002003]
3926	2	002004	002003	88	19.0	5.0	0,941	true	[002004, 002000, 002001, 002006, 002008, 002003]
3927	2	002004	002003	89	24.0	5.0	0,913	true	[002004, 002000, 002001, 002006, 002008, 002005, 002003]
3928	2	002004	002003	90	24.0	5.0	0,886	true	[002004, 002000, 002001, 002006, 002008, 002005, 002007, 002003]
3929	2	002004	002003	91	24.0	3.0	0,913	true	[002004, 002000, 002001, 002006, 002008, 002007, 002003]
3930	2	002004	002003	92	24.0	3.0	0,923	true	[002004, 002000, 002001, 002006, 002008, 002007, 002005, 002003]
3931	2	002004	002003	93	37.0	5.0	0,932	true	[002004, 002000, 002001, 002007, 002003]
3932	2	002004	002003	94	29.0	6.0	0,941	true	[002004, 002000, 002001, 002007, 002005, 002003]
3933	2	002004	002003	95	29.0	6.0	0,913	true	[002004, 002000, 002001, 002007, 002005, 002006, 002002, 002003]
3934	2	002004	002003	96	19.0	6.0	0,913	true	[002004, 002000, 002001, 002007, 002005, 002006, 002002, 002008, 002003]
3935	2	002004	002003	97	29.0	5.0	0,922	true	[002004, 002000, 002001, 002007, 002005, 002006, 002003]
3936	2	002004	002003	98	22.0	5.0	0,877	true	[002004, 002000, 002001, 002007, 002005, 002006, 002008, 002002, 002003]
3937	2	002004	002003	99	19.0	5.0	0,932	true	[002004, 002000, 002001, 002007, 002005, 002006, 002008, 002003]
3938	2	002004	002003	100	22.0	6.0	0,859	true	[002004, 002000, 002001, 002007, 002005, 002008, 002002, 002003]
3939	2	002004	002003	101	19.0	6.0	0,913	true	[002004, 002000, 002001, 002007, 002005, 002008, 002003]
3940	2	002004	002003	102	37.0	6.0	0,970	true	[002004, 002000, 002003]
3941	2	002004	002003	103	53.0	5.0	1,000	true	[002004, 002003]
3942	3	003002	003003	0	24.0	4.0	0,941	true	[003002, 003000, 003001, 003004, 003003]
3943	3	003002	003003	1	17.0	4.0	0,858	true	[003002, 003000, 003001, 003004, 003006, 003003]
3944	3	003002	003003	2	17.0	4.0	0,885	true	[003002, 003000, 003001, 003004, 003006, 003005, 003003]
3945	3	003002	003003	3	6.0	3.0	0,832	true	[003002, 003000, 003001, 003004, 003006, 003005, 003007, 003003]
3946	3	003002	003003	4	5.0	3.0	0,783	true	[003002, 003000, 003001, 003004, 003006, 003005, 003007, 003008, 003003]
3947	3	003002	003003	5	6.0	3.0	0,849	true	[003002, 003000, 003001, 003004, 003006, 003007, 003003]
3948	3	003002	003003	6	12.0	4.0	0,832	true	[003002, 003000, 003001, 003004, 003006, 003007, 003005, 003003]
3949	3	003002	003003	7	5.0	3.0	0,799	true	[003002, 003000, 003001, 003004, 003006, 003007, 003008, 003003]
3950	3	003002	003003	8	17.0	5.0	0,841	true	[003002, 003000, 003001, 003004, 003006, 003008, 003003]
3951	3	003002	003003	9	5.0	3.0	0,824	true	[003002, 003000, 003001, 003004, 003006, 003008, 003007, 003003]
3952	3	003002	003003	10	5.0	3.0	0,807	true	[003002, 003000, 003001, 003004, 003006, 003008, 003007, 003005, 003003]
3953	3	003002	003003	11	38.0	5.0	0,912	true	[003002, 003000, 003001, 003005, 003003]
3954	3	003002	003003	12	17.0	4.0	0,849	true	[003002, 003000, 003001, 003005, 003006, 003003]
3955	3	003002	003003	13	17.0	4.0	0,858	true	[003002, 003000, 003001, 003005, 003006, 003004, 003003]
3956	3	003002	003003	14	6.0	3.0	0,841	true	[003002, 003000, 003001, 003005, 003006, 003007, 003003]
3957	3	003002	003003	15	5.0	3.0	0,791	true	[003002, 003000, 003001, 003005, 003006, 003007, 003008, 003003]
3958	3	003002	003003	16	22.0	4.0	0,833	true	[003002, 003000, 003001, 003005, 003006, 003008, 003003]
3959	3	003002	003003	17	5.0	3.0	0,816	true	[003002, 003000, 003001, 003005, 003006, 003008, 003007, 003003]
3960	3	003002	003003	18	6.0	3.0	0,858	true	[003002, 003000, 003001, 003005, 003007, 003003]
3961	3	003002	003003	19	12.0	4.0	0,799	true	[003002, 003000, 003001, 003005, 003007, 003006, 003003]
3962	3	003002	003003	20	12.0	4.0	0,807	true	[003002, 003000, 003001, 003005, 003007, 003006, 003004, 003003]
3963	3	003002	003003	21	12.0	4.0	0,783	true	[003002, 003000, 003001, 003005, 003007, 003006, 003008, 003003]
3964	3	003002	003003	22	5.0	3.0	0,807	true	[003002, 003000, 003001, 003005, 003007, 003008, 003003]
3965	3	003002	003003	23	5.0	3.0	0,775	true	[003002, 003000, 003001, 003005, 003007, 003008, 003006, 003003]
3966	3	003002	003003	24	5.0	3.0	0,783	true	[003002, 003000, 003001, 003005, 003007, 003008, 003006, 003004, 003003]
3967	3	003002	003003	25	12.0	4.0	0,885	true	[003002, 003000, 003001, 003006, 003003]
3968	3	003002	003003	26	12.0	4.0	0,894	true	[003002, 003000, 003001, 003006, 003004, 003003]
3969	3	003002	003003	27	12.0	4.0	0,912	true	[003002, 003000, 003001, 003006, 003005, 003003]
3970	3	003002	003003	28	6.0	3.0	0,858	true	[003002, 003000, 003001, 003006, 003005, 003007, 003003]
3971	3	003002	003003	29	5.0	3.0	0,807	true	[003002, 003000, 003001, 003006, 003005, 003007, 003008, 003003]
3972	3	003002	003003	30	6.0	3.0	0,876	true	[003002, 003000, 003001, 003006, 003007, 003003]
3973	3	003002	003003	31	12.0	4.0	0,858	true	[003002, 003000, 003001, 003006, 003007, 003005, 003003]
3974	3	003002	003003	32	5.0	3.0	0,824	true	[003002, 003000, 003001, 003006, 003007, 003008, 003003]
3975	3	003002	003003	33	12.0	5.0	0,867	true	[003002, 003000, 003001, 003006, 003008, 003003]
3976	3	003002	003003	34	5.0	3.0	0,850	true	[003002, 003000, 003001, 003006, 003008, 003007, 003003]
3977	3	003002	003003	35	5.0	3.0	0,832	true	[003002, 003000, 003001, 003006, 003008, 003007, 003005, 003003]
3978	3	003002	003003	36	28.0	5.0	0,876	true	[003002, 003000, 003001, 003008, 003003]
3979	3	003002	003003	37	17.0	4.0	0,841	true	[003002, 003000, 003001, 003008, 003006, 003003]
3980	3	003002	003003	38	17.0	4.0	0,850	true	[003002, 003000, 003001, 003008, 003006, 003004, 003003]
3981	3	003002	003003	39	22.0	4.0	0,867	true	[003002, 003000, 003001, 003008, 003006, 003005, 003003]
3982	3	003002	003003	40	6.0	3.0	0,816	true	[003002, 003000, 003001, 003008, 003006, 003005, 003007, 003003]
3983	3	003002	003003	41	6.0	3.0	0,833	true	[003002, 003000, 003001, 003008, 003006, 003007, 003003]
3984	3	003002	003003	42	12.0	4.0	0,816	true	[003002, 003000, 003001, 003008, 003006, 003007, 003005, 003003]
3985	3	003002	003003	43	5.0	3.0	0,858	true	[003002, 003000, 003001, 003008, 003007, 003003]
3986	3	003002	003003	44	5.0	3.0	0,841	true	[003002, 003000, 003001, 003008, 003007, 003005, 003003]
3987	3	003002	003003	45	5.0	3.0	0,783	true	[003002, 003000, 003001, 003008, 003007, 003005, 003006, 003003]
3988	3	003002	003003	46	5.0	3.0	0,791	true	[003002, 003000, 003001, 003008, 003007, 003005, 003006, 003004, 003003]
3989	3	003002	003003	47	5.0	3.0	0,799	true	[003002, 003000, 003001, 003008, 003007, 003006, 003003]
3990	3	003002	003003	48	5.0	3.0	0,807	true	[003002, 003000, 003001, 003008, 003007, 003006, 003004, 003003]
3991	3	003002	003003	49	5.0	3.0	0,824	true	[003002, 003000, 003001, 003008, 003007, 003006, 003005, 003003]
3992	3	003002	003003	50	9.0	5.0	0,931	true	[003002, 003000, 003003]
3993	3	003002	003003	51	12.0	3.0	0,912	true	[003002, 003000, 003006, 003001, 003004, 003003]
3994	3	003002	003003	52	12.0	3.0	0,885	true	[003002, 003000, 003006, 003001, 003005, 003003]
3995	3	003002	003003	53	6.0	3.0	0,833	true	[003002, 003000, 003006, 003001, 003005, 003007, 003003]
3996	3	003002	003003	54	5.0	3.0	0,783	true	[003002, 003000, 003006, 003001, 003005, 003007, 003008, 003003]
3997	3	003002	003003	55	12.0	3.0	0,850	true	[003002, 003000, 003006, 003001, 003008, 003003]
3998	3	003002	003003	56	5.0	3.0	0,833	true	[003002, 003000, 003006, 003001, 003008, 003007, 003003]
3999	3	003002	003003	57	5.0	3.0	0,816	true	[003002, 003000, 003006, 003001, 003008, 003007, 003005, 003003]
4000	3	003002	003003	58	17.0	3.0	0,875	true	[003002, 003000, 003006, 003003]
4001	3	003002	003003	59	17.0	3.0	0,858	true	[003002, 003000, 003006, 003004, 003001, 003005, 003003]
4002	3	003002	003003	60	6.0	3.0	0,807	true	[003002, 003000, 003006, 003004, 003001, 003005, 003007, 003003]
4003	3	003002	003003	61	5.0	3.0	0,759	true	[003002, 003000, 003006, 003004, 003001, 003005, 003007, 003008, 003003]
4004	3	003002	003003	62	17.0	3.0	0,824	true	[003002, 003000, 003006, 003004, 003001, 003008, 003003]
4005	3	003002	003003	63	5.0	3.0	0,807	true	[003002, 003000, 003006, 003004, 003001, 003008, 003007, 003003]
4006	3	003002	003003	64	5.0	3.0	0,791	true	[003002, 003000, 003006, 003004, 003001, 003008, 003007, 003005, 003003]
4007	3	003002	003003	65	17.0	3.0	0,885	true	[003002, 003000, 003006, 003004, 003003]
4008	3	003002	003003	66	23.0	3.0	0,876	true	[003002, 003000, 003006, 003005, 003001, 003004, 003003]
4009	3	003002	003003	67	23.0	3.0	0,816	true	[003002, 003000, 003006, 003005, 003001, 003008, 003003]
4010	3	003002	003003	68	5.0	3.0	0,799	true	[003002, 003000, 003006, 003005, 003001, 003008, 003007, 003003]
4011	3	003002	003003	69	23.0	3.0	0,903	true	[003002, 003000, 003006, 003005, 003003]
4012	3	003002	003003	70	6.0	3.0	0,850	true	[003002, 003000, 003006, 003005, 003007, 003003]
4013	3	003002	003003	71	5.0	3.0	0,807	true	[003002, 003000, 003006, 003005, 003007, 003008, 003001, 003004, 003003]
4014	3	003002	003003	72	5.0	3.0	0,799	true	[003002, 003000, 003006, 003005, 003007, 003008, 003003]
4015	3	003002	003003	73	6.0	3.0	0,867	true	[003002, 003000, 003006, 003007, 003003]
4016	3	003002	003003	74	12.0	3.0	0,824	true	[003002, 003000, 003006, 003007, 003005, 003001, 003004, 003003]
4017	3	003002	003003	75	12.0	3.0	0,767	true	[003002, 003000, 003006, 003007, 003005, 003001, 003008, 003003]
4018	3	003002	003003	76	12.0	3.0	0,849	true	[003002, 003000, 003006, 003007, 003005, 003003]
4019	3	003002	003003	77	5.0	3.0	0,824	true	[003002, 003000, 003006, 003007, 003008, 003001, 003004, 003003]
4020	3	003002	003003	78	5.0	3.0	0,799	true	[003002, 003000, 003006, 003007, 003008, 003001, 003005, 003003]
4021	3	003002	003003	79	5.0	3.0	0,815	true	[003002, 003000, 003006, 003007, 003008, 003003]
4022	3	003002	003003	80	22.0	3.0	0,867	true	[003002, 003000, 003006, 003008, 003001, 003004, 003003]
4023	3	003002	003003	81	22.0	3.0	0,841	true	[003002, 003000, 003006, 003008, 003001, 003005, 003003]
4024	3	003002	003003	82	6.0	3.0	0,791	true	[003002, 003000, 003006, 003008, 003001, 003005, 003007, 003003]
4025	3	003002	003003	83	22.0	3.0	0,858	true	[003002, 003000, 003006, 003008, 003003]
4026	3	003002	003003	84	5.0	3.0	0,841	true	[003002, 003000, 003006, 003008, 003007, 003003]
4027	3	003002	003003	85	5.0	3.0	0,799	true	[003002, 003000, 003006, 003008, 003007, 003005, 003001, 003004, 003003]
4028	3	003002	003003	86	5.0	3.0	0,824	true	[003002, 003000, 003006, 003008, 003007, 003005, 003003]
4029	3	003002	003003	87	24.0	4.0	0,903	true	[003002, 003000, 003008, 003001, 003004, 003003]
4030	3	003002	003003	88	17.0	4.0	0,824	true	[003002, 003000, 003008, 003001, 003004, 003006, 003003]
4031	3	003002	003003	89	17.0	4.0	0,850	true	[003002, 003000, 003008, 003001, 003004, 003006, 003005, 003003]
4032	3	003002	003003	90	6.0	3.0	0,799	true	[003002, 003000, 003008, 003001, 003004, 003006, 003005, 003007, 003003]
4033	3	003002	003003	91	6.0	3.0	0,816	true	[003002, 003000, 003008, 003001, 003004, 003006, 003007, 003003]
4034	3	003002	003003	92	12.0	4.0	0,799	true	[003002, 003000, 003008, 003001, 003004, 003006, 003007, 003005, 003003]
4035	3	003002	003003	93	39.0	7.0	0,876	true	[003002, 003000, 003008, 003001, 003005, 003003]
4036	3	003002	003003	94	17.0	4.0	0,816	true	[003002, 003000, 003008, 003001, 003005, 003006, 003003]
4037	3	003002	003003	95	17.0	4.0	0,824	true	[003002, 003000, 003008, 003001, 003005, 003006, 003004, 003003]
4038	3	003002	003003	96	6.0	3.0	0,808	true	[003002, 003000, 003008, 003001, 003005, 003006, 003007, 003003]
4039	3	003002	003003	97	6.0	3.0	0,824	true	[003002, 003000, 003008, 003001, 003005, 003007, 003003]
4040	3	003002	003003	98	12.0	4.0	0,767	true	[003002, 003000, 003008, 003001, 003005, 003007, 003006, 003003]
4041	3	003002	003003	99	12.0	4.0	0,775	true	[003002, 003000, 003008, 003001, 003005, 003007, 003006, 003004, 003003]
4042	3	003002	003003	100	12.0	4.0	0,849	true	[003002, 003000, 003008, 003001, 003006, 003003]
4043	3	003002	003003	101	28.0	7.0	0,894	true	[003002, 003000, 003008, 003003]
4044	4	004003	004006	0	5.0	3.0	0,859	true	[004003, 004000, 004002, 004001, 004004, 004005, 004007, 004006]
4045	4	004003	004006	1	9.0	5.0	0,867	true	[004003, 004000, 004002, 004001, 004004, 004005, 004008, 004007, 004006]
4046	4	004003	004006	2	9.0	5.0	0,867	true	[004003, 004000, 004002, 004001, 004004, 004006]
4047	4	004003	004006	3	9.0	5.0	0,876	true	[004003, 004000, 004002, 004001, 004004, 004007, 004006]
4048	4	004003	004006	4	5.0	3.0	0,867	true	[004003, 004000, 004002, 004001, 004004, 004008, 004005, 004007, 004006]
4049	4	004003	004006	5	9.0	5.0	0,876	true	[004003, 004000, 004002, 004001, 004004, 004008, 004007, 004006]
4050	4	004003	004006	6	9.0	5.0	0,850	true	[004003, 004000, 004002, 004001, 004005, 004004, 004006]
4051	4	004003	004006	7	9.0	5.0	0,859	true	[004003, 004000, 004002, 004001, 004005, 004004, 004007, 004006]
4052	4	004003	004006	8	9.0	5.0	0,859	true	[004003, 004000, 004002, 004001, 004005, 004004, 004008, 004007, 004006]
4053	4	004003	004006	9	5.0	3.0	0,850	true	[004003, 004000, 004002, 004001, 004005, 004007, 004004, 004006]
4054	4	004003	004006	10	5.0	3.0	0,894	true	[004003, 004000, 004002, 004001, 004005, 004007, 004006]
4055	4	004003	004006	11	5.0	3.0	0,850	true	[004003, 004000, 004002, 004001, 004005, 004007, 004008, 004004, 004006]
4056	4	004003	004006	12	9.0	5.0	0,858	true	[004003, 004000, 004002, 004001, 004005, 004008, 004004, 004006]
4057	4	004003	004006	13	9.0	5.0	0,868	true	[004003, 004000, 004002, 004001, 004005, 004008, 004004, 004007, 004006]
4058	4	004003	004006	14	9.0	5.0	0,858	true	[004003, 004000, 004002, 004001, 004005, 004008, 004007, 004004, 004006]
4059	4	004003	004006	15	9.0	5.0	0,903	true	[004003, 004000, 004002, 004001, 004005, 004008, 004007, 004006]
4060	4	004003	004006	16	5.0	3.0	0,859	true	[004003, 004000, 004002, 004001, 004008, 004004, 004005, 004007, 004006]
4061	4	004003	004006	17	9.0	5.0	0,867	true	[004003, 004000, 004002, 004001, 004008, 004004, 004006]
4062	4	004003	004006	18	9.0	5.0	0,877	true	[004003, 004000, 004002, 004001, 004008, 004004, 004007, 004006]
4063	4	004003	004006	19	9.0	5.0	0,858	true	[004003, 004000, 004002, 004001, 004008, 004005, 004004, 004006]
4064	4	004003	004006	20	9.0	5.0	0,868	true	[004003, 004000, 004002, 004001, 004008, 004005, 004004, 004007, 004006]
4065	4	004003	004006	21	5.0	3.0	0,858	true	[004003, 004000, 004002, 004001, 004008, 004005, 004007, 004004, 004006]
4066	4	004003	004006	22	5.0	3.0	0,904	true	[004003, 004000, 004002, 004001, 004008, 004005, 004007, 004006]
4067	4	004003	004006	23	9.0	5.0	0,867	true	[004003, 004000, 004002, 004001, 004008, 004007, 004004, 004006]
4068	4	004003	004006	24	5.0	3.0	0,850	true	[004003, 004000, 004002, 004001, 004008, 004007, 004005, 004004, 004006]
4069	4	004003	004006	25	9.0	5.0	0,913	true	[004003, 004000, 004002, 004001, 004008, 004007, 004006]
4070	4	004003	004006	26	9.0	3.0	0,931	true	[004003, 004000, 004002, 004006]
4071	4	004003	004006	27	9.0	5.0	0,849	true	[004003, 004000, 004002, 004007, 004004, 004006]
4072	4	004003	004006	28	5.0	3.0	0,799	true	[004003, 004000, 004002, 004007, 004005, 004001, 004004, 004006]
4073	4	004003	004006	29	5.0	3.0	0,799	true	[004003, 004000, 004002, 004007, 004005, 004001, 004008, 004004, 004006]
4074	4	004003	004006	30	5.0	3.0	0,832	true	[004003, 004000, 004002, 004007, 004005, 004004, 004006]
4075	4	004003	004006	31	5.0	3.0	0,807	true	[004003, 004000, 004002, 004007, 004005, 004008, 004001, 004004, 004006]
4076	4	004003	004006	32	5.0	3.0	0,841	true	[004003, 004000, 004002, 004007, 004005, 004008, 004004, 004006]
4077	4	004003	004006	33	9.0	5.0	0,894	true	[004003, 004000, 004002, 004007, 004006]
4078	4	004003	004006	34	9.0	5.0	0,815	true	[004003, 004000, 004002, 004007, 004008, 004001, 004004, 004006]
4079	4	004003	004006	35	9.0	5.0	0,799	true	[004003, 004000, 004002, 004007, 004008, 004001, 004005, 004004, 004006]
4080	4	004003	004006	36	9.0	5.0	0,849	true	[004003, 004000, 004002, 004007, 004008, 004004, 004006]
4081	4	004003	004006	37	9.0	5.0	0,807	true	[004003, 004000, 004002, 004007, 004008, 004005, 004001, 004004, 004006]
4082	4	004003	004006	38	9.0	5.0	0,841	true	[004003, 004000, 004002, 004007, 004008, 004005, 004004, 004006]
4083	4	004003	004006	39	5.0	3.0	0,816	true	[004003, 004000, 004002, 004008, 004001, 004004, 004005, 004007, 004006]
4084	4	004003	004006	40	9.0	6.0	0,824	true	[004003, 004000, 004002, 004008, 004001, 004004, 004006]
4085	4	004003	004006	41	9.0	6.0	0,833	true	[004003, 004000, 004002, 004008, 004001, 004004, 004007, 004006]
4086	4	004003	004006	42	9.0	5.0	0,808	true	[004003, 004000, 004002, 004008, 004001, 004005, 004004, 004006]
4087	4	004003	004006	43	9.0	5.0	0,816	true	[004003, 004000, 004002, 004008, 004001, 004005, 004004, 004007, 004006]
4088	4	004003	004006	44	5.0	3.0	0,808	true	[004003, 004000, 004002, 004008, 004001, 004005, 004007, 004004, 004006]
4089	4	004003	004006	45	5.0	3.0	0,850	true	[004003, 004000, 004002, 004008, 004001, 004005, 004007, 004006]
4090	4	004003	004006	46	5.0	3.0	0,816	true	[004003, 004000, 004002, 004008, 004004, 004001, 004005, 004007, 004006]
4091	4	004003	004006	47	5.0	3.0	0,850	true	[004003, 004000, 004002, 004008, 004004, 004005, 004007, 004006]
4092	4	004003	004006	48	9.0	6.0	0,858	true	[004003, 004000, 004002, 004008, 004004, 004006]
4093	4	004003	004006	49	9.0	6.0	0,868	true	[004003, 004000, 004002, 004008, 004004, 004007, 004006]
4094	4	004003	004006	50	9.0	5.0	0,816	true	[004003, 004000, 004002, 004008, 004005, 004001, 004004, 004006]
4095	4	004003	004006	51	9.0	5.0	0,824	true	[004003, 004000, 004002, 004008, 004005, 004001, 004004, 004007, 004006]
4096	4	004003	004006	52	9.0	5.0	0,850	true	[004003, 004000, 004002, 004008, 004005, 004004, 004006]
4097	4	004003	004006	53	9.0	5.0	0,859	true	[004003, 004000, 004002, 004008, 004005, 004004, 004007, 004006]
4098	4	004003	004006	54	5.0	3.0	0,850	true	[004003, 004000, 004002, 004008, 004005, 004007, 004004, 004006]
4099	4	004003	004006	55	5.0	3.0	0,894	true	[004003, 004000, 004002, 004008, 004005, 004007, 004006]
4100	4	004003	004006	56	9.0	6.0	0,858	true	[004003, 004000, 004002, 004008, 004007, 004004, 004006]
4101	4	004003	004006	57	5.0	3.0	0,807	true	[004003, 004000, 004002, 004008, 004007, 004005, 004001, 004004, 004006]
4102	4	004003	004006	58	5.0	3.0	0,841	true	[004003, 004000, 004002, 004008, 004007, 004005, 004004, 004006]
4103	4	004003	004006	59	9.0	6.0	0,903	true	[004003, 004000, 004002, 004008, 004007, 004006]
4104	4	004003	004006	60	21.0	3.0	0,894	true	[004003, 004000, 004004, 004001, 004002, 004006]
4105	4	004003	004006	61	21.0	5.0	0,858	true	[004003, 004000, 004004, 004001, 004002, 004007, 004006]
4106	4	004003	004006	62	5.0	3.0	0,859	true	[004003, 004000, 004004, 004001, 004002, 004008, 004005, 004007, 004006]
4107	4	004003	004006	63	12.0	5.0	0,867	true	[004003, 004000, 004004, 004001, 004002, 004008, 004007, 004006]
4108	4	004003	004006	64	5.0	3.0	0,824	true	[004003, 004000, 004004, 004001, 004005, 004007, 004002, 004006]
4109	4	004003	004006	65	5.0	3.0	0,859	true	[004003, 004000, 004004, 004001, 004005, 004007, 004006]
4110	4	004003	004006	66	5.0	3.0	0,833	true	[004003, 004000, 004004, 004001, 004005, 004007, 004008, 004002, 004006]
4111	4	004003	004006	67	21.0	3.0	0,841	true	[004003, 004000, 004004, 004001, 004005, 004008, 004002, 004006]
4112	4	004003	004006	68	21.0	5.0	0,808	true	[004003, 004000, 004004, 004001, 004005, 004008, 004002, 004007, 004006]
4113	4	004003	004006	69	12.0	3.0	0,833	true	[004003, 004000, 004004, 004001, 004005, 004008, 004007, 004002, 004006]
4114	4	004003	004006	70	12.0	5.0	0,867	true	[004003, 004000, 004004, 004001, 004005, 004008, 004007, 004006]
4115	4	004003	004006	71	21.0	3.0	0,850	true	[004003, 004000, 004004, 004001, 004008, 004002, 004006]
4116	4	004003	004006	72	21.0	5.0	0,816	true	[004003, 004000, 004004, 004001, 004008, 004002, 004007, 004006]
4117	4	004003	004006	73	5.0	3.0	0,833	true	[004003, 004000, 004004, 004001, 004008, 004005, 004007, 004002, 004006]
4118	4	004003	004006	74	5.0	3.0	0,867	true	[004003, 004000, 004004, 004001, 004008, 004005, 004007, 004006]
4119	4	004003	004006	75	12.0	3.0	0,841	true	[004003, 004000, 004004, 004001, 004008, 004007, 004002, 004006]
4120	4	004003	004006	76	12.0	7.0	0,876	true	[004003, 004000, 004004, 004001, 004008, 004007, 004006]
4121	4	004003	004006	77	21.0	3.0	0,876	true	[004003, 004000, 004004, 004005, 004001, 004002, 004006]
4122	4	004003	004006	78	21.0	5.0	0,841	true	[004003, 004000, 004004, 004005, 004001, 004002, 004007, 004006]
4123	4	004003	004006	79	12.0	5.0	0,850	true	[004003, 004000, 004004, 004005, 004001, 004002, 004008, 004007, 004006]
4124	4	004003	004006	80	21.0	3.0	0,833	true	[004003, 004000, 004004, 004005, 004001, 004008, 004002, 004006]
4125	4	004003	004006	81	21.0	5.0	0,800	true	[004003, 004000, 004004, 004005, 004001, 004008, 004002, 004007, 004006]
4126	4	004003	004006	82	12.0	3.0	0,824	true	[004003, 004000, 004004, 004005, 004001, 004008, 004007, 004002, 004006]
4127	4	004003	004006	83	12.0	5.0	0,859	true	[004003, 004000, 004004, 004005, 004001, 004008, 004007, 004006]
4128	4	004003	004006	84	5.0	3.0	0,859	true	[004003, 004000, 004004, 004005, 004007, 004002, 004006]
4129	4	004003	004006	85	5.0	3.0	0,894	true	[004003, 004000, 004004, 004005, 004007, 004006]
4130	4	004003	004006	86	5.0	3.0	0,877	true	[004003, 004000, 004004, 004005, 004007, 004008, 004001, 004002, 004006]
4131	4	004003	004006	87	5.0	3.0	0,868	true	[004003, 004000, 004004, 004005, 004007, 004008, 004002, 004006]
4132	4	004003	004006	88	21.0	3.0	0,885	true	[004003, 004000, 004004, 004005, 004008, 004001, 004002, 004006]
4133	4	004003	004006	89	21.0	5.0	0,850	true	[004003, 004000, 004004, 004005, 004008, 004001, 004002, 004007, 004006]
4134	4	004003	004006	90	21.0	3.0	0,876	true	[004003, 004000, 004004, 004005, 004008, 004002, 004006]
4135	4	004003	004006	91	21.0	5.0	0,841	true	[004003, 004000, 004004, 004005, 004008, 004002, 004007, 004006]
4136	4	004003	004006	92	12.0	3.0	0,867	true	[004003, 004000, 004004, 004005, 004008, 004007, 004002, 004006]
4137	4	004003	004006	93	12.0	5.0	0,903	true	[004003, 004000, 004004, 004005, 004008, 004007, 004006]
4138	4	004003	004006	94	21.0	6.0	0,903	true	[004003, 004000, 004004, 004006]
4139	4	004003	004006	95	21.0	3.0	0,876	true	[004003, 004000, 004004, 004007, 004002, 004006]
4140	4	004003	004006	96	5.0	3.0	0,877	true	[004003, 004000, 004004, 004007, 004005, 004001, 004002, 004006]
4141	4	004003	004006	97	5.0	3.0	0,833	true	[004003, 004000, 004004, 004007, 004005, 004001, 004008, 004002, 004006]
4142	4	004003	004006	98	5.0	3.0	0,886	true	[004003, 004000, 004004, 004007, 004005, 004008, 004001, 004002, 004006]
4143	4	004003	004006	99	5.0	3.0	0,877	true	[004003, 004000, 004004, 004007, 004005, 004008, 004002, 004006]
4144	4	004003	004006	100	21.0	7.0	0,913	true	[004003, 004000, 004004, 004007, 004006]
4145	4	004003	004006	101	7.0	10.0	0,980	true	[004003, 004006]
4146	5	005007	005000	0	21.0	4.0	0,980	true	[005007, 005002, 005000]
4147	5	005007	005000	1	35.0	4.0	0,960	true	[005007, 005002, 005001, 005000]
4148	5	005007	005000	2	35.0	4.0	0,876	true	[005007, 005002, 005001, 005003, 005004, 005000]
4149	5	005007	005000	3	5.0	4.0	0,894	true	[005007, 005002, 005001, 005003, 005004, 005005, 005000]
4150	5	005007	005000	4	35.0	4.0	0,859	true	[005007, 005002, 005001, 005003, 005004, 005005, 005006, 005000]
4151	5	005007	005000	5	35.0	4.0	0,808	true	[005007, 005002, 005001, 005003, 005004, 005005, 005006, 005008, 005000]
4152	5	005007	005000	6	35.0	4.0	0,850	true	[005007, 005002, 005001, 005003, 005004, 005005, 005008, 005000]
4153	5	005007	005000	7	35.0	4.0	0,833	true	[005007, 005002, 005001, 005003, 005004, 005005, 005008, 005006, 005000]
4154	5	005007	005000	8	35.0	4.0	0,850	true	[005007, 005002, 005001, 005003, 005004, 005008, 005000]
4155	5	005007	005000	9	5.0	4.0	0,859	true	[005007, 005002, 005001, 005003, 005004, 005008, 005005, 005000]
4156	5	005007	005000	10	35.0	4.0	0,825	true	[005007, 005002, 005001, 005003, 005004, 005008, 005005, 005006, 005000]
4157	5	005007	005000	11	35.0	4.0	0,833	true	[005007, 005002, 005001, 005003, 005004, 005008, 005006, 005000]
4158	5	005007	005000	12	5.0	4.0	0,816	true	[005007, 005002, 005001, 005003, 005004, 005008, 005006, 005005, 005000]
4159	5	005007	005000	13	5.0	4.0	0,894	true	[005007, 005002, 005001, 005003, 005005, 005000]
4160	5	005007	005000	14	35.0	4.0	0,858	true	[005007, 005002, 005001, 005003, 005005, 005004, 005000]
4161	5	005007	005000	15	35.0	4.0	0,833	true	[005007, 005002, 005001, 005003, 005005, 005004, 005008, 005000]
4162	5	005007	005000	16	35.0	4.0	0,816	true	[005007, 005002, 005001, 005003, 005005, 005004, 005008, 005006, 005000]
4163	5	005007	005000	17	35.0	4.0	0,858	true	[005007, 005002, 005001, 005003, 005005, 005006, 005000]
4164	5	005007	005000	18	35.0	4.0	0,807	true	[005007, 005002, 005001, 005003, 005005, 005006, 005008, 005000]
4165	5	005007	005000	19	35.0	4.0	0,783	true	[005007, 005002, 005001, 005003, 005005, 005006, 005008, 005004, 005000]
4166	5	005007	005000	20	35.0	4.0	0,850	true	[005007, 005002, 005001, 005003, 005005, 005008, 005000]
4167	5	005007	005000	21	35.0	4.0	0,824	true	[005007, 005002, 005001, 005003, 005005, 005008, 005004, 005000]
4168	5	005007	005000	22	35.0	4.0	0,833	true	[005007, 005002, 005001, 005003, 005005, 005008, 005006, 005000]
4169	5	005007	005000	23	35.0	3.0	0,904	true	[005007, 005002, 005001, 005003, 005006, 005000]
4170	5	005007	005000	24	5.0	3.0	0,885	true	[005007, 005002, 005001, 005003, 005006, 005005, 005000]
4171	5	005007	005000	25	35.0	3.0	0,850	true	[005007, 005002, 005001, 005003, 005006, 005005, 005004, 005000]
4172	5	005007	005000	26	35.0	3.0	0,825	true	[005007, 005002, 005001, 005003, 005006, 005005, 005004, 005008, 005000]
4173	5	005007	005000	27	35.0	3.0	0,842	true	[005007, 005002, 005001, 005003, 005006, 005005, 005008, 005000]
4174	5	005007	005000	28	35.0	3.0	0,816	true	[005007, 005002, 005001, 005003, 005006, 005005, 005008, 005004, 005000]
4175	5	005007	005000	29	35.0	3.0	0,850	true	[005007, 005002, 005001, 005003, 005006, 005008, 005000]
4176	5	005007	005000	30	35.0	3.0	0,824	true	[005007, 005002, 005001, 005003, 005006, 005008, 005004, 005000]
4177	5	005007	005000	31	5.0	3.0	0,841	true	[005007, 005002, 005001, 005003, 005006, 005008, 005004, 005005, 005000]
4178	5	005007	005000	32	5.0	3.0	0,859	true	[005007, 005002, 005001, 005003, 005006, 005008, 005005, 005000]
4179	5	005007	005000	33	35.0	3.0	0,825	true	[005007, 005002, 005001, 005003, 005006, 005008, 005005, 005004, 005000]
4180	5	005007	005000	34	35.0	4.0	0,894	true	[005007, 005002, 005001, 005004, 005000]
4181	5	005007	005000	35	5.0	4.0	0,840	true	[005007, 005002, 005001, 005004, 005003, 005005, 005000]
4182	5	005007	005000	36	35.0	4.0	0,807	true	[005007, 005002, 005001, 005004, 005003, 005005, 005006, 005000]
4183	5	005007	005000	37	35.0	4.0	0,759	true	[005007, 005002, 005001, 005004, 005003, 005005, 005006, 005008, 005000]
4184	5	005007	005000	38	35.0	4.0	0,799	true	[005007, 005002, 005001, 005004, 005003, 005005, 005008, 005000]
4185	5	005007	005000	39	35.0	4.0	0,783	true	[005007, 005002, 005001, 005004, 005003, 005005, 005008, 005006, 005000]
4186	5	005007	005000	40	35.0	3.0	0,850	true	[005007, 005002, 005001, 005004, 005003, 005006, 005000]
4187	5	005007	005000	41	5.0	3.0	0,832	true	[005007, 005002, 005001, 005004, 005003, 005006, 005005, 005000]
4188	5	005007	005000	42	35.0	3.0	0,791	true	[005007, 005002, 005001, 005004, 005003, 005006, 005005, 005008, 005000]
4189	5	005007	005000	43	35.0	3.0	0,799	true	[005007, 005002, 005001, 005004, 005003, 005006, 005008, 005000]
4190	5	005007	005000	44	5.0	3.0	0,807	true	[005007, 005002, 005001, 005004, 005003, 005006, 005008, 005005, 005000]
4191	5	005007	005000	45	5.0	4.0	0,912	true	[005007, 005002, 005001, 005004, 005005, 005000]
4192	5	005007	005000	46	35.0	3.0	0,832	true	[005007, 005002, 005001, 005004, 005005, 005003, 005006, 005000]
4193	5	005007	005000	47	35.0	3.0	0,783	true	[005007, 005002, 005001, 005004, 005005, 005003, 005006, 005008, 005000]
4194	5	005007	005000	48	35.0	4.0	0,876	true	[005007, 005002, 005001, 005004, 005005, 005006, 005000]
4195	5	005007	005000	49	35.0	4.0	0,824	true	[005007, 005002, 005001, 005004, 005005, 005006, 005008, 005000]
4196	5	005007	005000	50	35.0	4.0	0,867	true	[005007, 005002, 005001, 005004, 005005, 005008, 005000]
4197	5	005007	005000	51	35.0	4.0	0,850	true	[005007, 005002, 005001, 005004, 005005, 005008, 005006, 005000]
4198	5	005007	005000	52	35.0	4.0	0,867	true	[005007, 005002, 005001, 005004, 005008, 005000]
4199	5	005007	005000	53	5.0	4.0	0,876	true	[005007, 005002, 005001, 005004, 005008, 005005, 005000]
4200	5	005007	005000	54	35.0	3.0	0,799	true	[005007, 005002, 005001, 005004, 005008, 005005, 005003, 005006, 005000]
4201	5	005007	005000	55	35.0	4.0	0,841	true	[005007, 005002, 005001, 005004, 005008, 005005, 005006, 005000]
4202	5	005007	005000	56	35.0	4.0	0,850	true	[005007, 005002, 005001, 005004, 005008, 005006, 005000]
4203	5	005007	005000	57	5.0	3.0	0,791	true	[005007, 005002, 005001, 005004, 005008, 005006, 005003, 005005, 005000]
4204	5	005007	005000	58	5.0	4.0	0,832	true	[005007, 005002, 005001, 005004, 005008, 005006, 005005, 005000]
4205	5	005007	005000	59	5.0	4.0	0,970	true	[005007, 005002, 005001, 005005, 005000]
4206	5	005007	005000	60	16.0	4.0	0,858	true	[005007, 005002, 005001, 005005, 005003, 005004, 005000]
4207	5	005007	005000	61	16.0	4.0	0,832	true	[005007, 005002, 005001, 005005, 005003, 005004, 005008, 005000]
4208	5	005007	005000	62	16.0	4.0	0,816	true	[005007, 005002, 005001, 005005, 005003, 005004, 005008, 005006, 005000]
4209	5	005007	005000	63	16.0	3.0	0,885	true	[005007, 005002, 005001, 005005, 005003, 005006, 005000]
4210	5	005007	005000	64	16.0	3.0	0,832	true	[005007, 005002, 005001, 005005, 005003, 005006, 005008, 005000]
4211	5	005007	005000	65	16.0	3.0	0,807	true	[005007, 005002, 005001, 005005, 005003, 005006, 005008, 005004, 005000]
4212	5	005007	005000	66	16.0	4.0	0,931	true	[005007, 005002, 005001, 005005, 005004, 005000]
4213	5	005007	005000	67	16.0	3.0	0,885	true	[005007, 005002, 005001, 005005, 005004, 005003, 005006, 005000]
4214	5	005007	005000	68	16.0	3.0	0,833	true	[005007, 005002, 005001, 005005, 005004, 005003, 005006, 005008, 005000]
4215	5	005007	005000	69	16.0	4.0	0,904	true	[005007, 005002, 005001, 005005, 005004, 005008, 005000]
4216	5	005007	005000	70	16.0	4.0	0,885	true	[005007, 005002, 005001, 005005, 005004, 005008, 005006, 005000]
4217	5	005007	005000	71	16.0	4.0	0,931	true	[005007, 005002, 005001, 005005, 005006, 005000]
4218	5	005007	005000	72	16.0	3.0	0,850	true	[005007, 005002, 005001, 005005, 005006, 005003, 005004, 005000]
4219	5	005007	005000	73	16.0	3.0	0,824	true	[005007, 005002, 005001, 005005, 005006, 005003, 005004, 005008, 005000]
4220	5	005007	005000	74	16.0	4.0	0,876	true	[005007, 005002, 005001, 005005, 005006, 005008, 005000]
4221	5	005007	005000	75	16.0	4.0	0,850	true	[005007, 005002, 005001, 005005, 005006, 005008, 005004, 005000]
4222	5	005007	005000	76	16.0	4.0	0,922	true	[005007, 005002, 005001, 005005, 005008, 005000]
4223	5	005007	005000	77	16.0	4.0	0,894	true	[005007, 005002, 005001, 005005, 005008, 005004, 005000]
4224	5	005007	005000	78	16.0	3.0	0,850	true	[005007, 005002, 005001, 005005, 005008, 005004, 005003, 005006, 005000]
4225	5	005007	005000	79	16.0	4.0	0,903	true	[005007, 005002, 005001, 005005, 005008, 005006, 005000]
4226	5	005007	005000	80	16.0	3.0	0,824	true	[005007, 005002, 005001, 005005, 005008, 005006, 005003, 005004, 005000]
4227	5	005007	005000	81	35.0	4.0	0,922	true	[005007, 005002, 005001, 005006, 005000]
4228	5	005007	005000	82	35.0	3.0	0,841	true	[005007, 005002, 005001, 005006, 005003, 005004, 005000]
4229	5	005007	005000	83	5.0	3.0	0,858	true	[005007, 005002, 005001, 005006, 005003, 005004, 005005, 005000]
4230	5	005007	005000	84	35.0	3.0	0,816	true	[005007, 005002, 005001, 005006, 005003, 005004, 005005, 005008, 005000]
4231	5	005007	005000	85	35.0	3.0	0,816	true	[005007, 005002, 005001, 005006, 005003, 005004, 005008, 005000]
4232	5	005007	005000	86	5.0	3.0	0,824	true	[005007, 005002, 005001, 005006, 005003, 005004, 005008, 005005, 005000]
4233	5	005007	005000	87	5.0	3.0	0,858	true	[005007, 005002, 005001, 005006, 005003, 005005, 005000]
4234	5	005007	005000	88	35.0	3.0	0,824	true	[005007, 005002, 005001, 005006, 005003, 005005, 005004, 005000]
4235	5	005007	005000	89	35.0	3.0	0,799	true	[005007, 005002, 005001, 005006, 005003, 005005, 005004, 005008, 005000]
4236	5	005007	005000	90	35.0	3.0	0,816	true	[005007, 005002, 005001, 005006, 005003, 005005, 005008, 005000]
4237	5	005007	005000	91	35.0	3.0	0,791	true	[005007, 005002, 005001, 005006, 005003, 005005, 005008, 005004, 005000]
4238	5	005007	005000	92	5.0	4.0	0,903	true	[005007, 005002, 005001, 005006, 005005, 005000]
4239	5	005007	005000	93	35.0	4.0	0,799	true	[005007, 005002, 005001, 005006, 005005, 005003, 005004, 005000]
4240	5	005007	005000	94	35.0	4.0	0,775	true	[005007, 005002, 005001, 005006, 005005, 005003, 005004, 005008, 005000]
4241	5	005007	005000	95	35.0	4.0	0,867	true	[005007, 005002, 005001, 005006, 005005, 005004, 005000]
4242	5	005007	005000	96	35.0	4.0	0,841	true	[005007, 005002, 005001, 005006, 005005, 005004, 005008, 005000]
4243	5	005007	005000	97	35.0	4.0	0,859	true	[005007, 005002, 005001, 005006, 005005, 005008, 005000]
4244	5	005007	005000	98	35.0	4.0	0,833	true	[005007, 005002, 005001, 005006, 005005, 005008, 005004, 005000]
4245	5	005007	005000	99	35.0	4.0	0,867	true	[005007, 005002, 005001, 005006, 005008, 005000]
4246	5	005007	005000	100	35.0	4.0	0,841	true	[005007, 005002, 005001, 005006, 005008, 005004, 005000]
4247	6	006004	006003	0	8.0	3.0	0,931	true	[006004, 006000, 006003]
4248	6	006004	006003	1	8.0	3.0	0,858	true	[006004, 006000, 006006, 006002, 006005, 006003]
4249	6	006004	006003	2	8.0	3.0	0,774	true	[006004, 006000, 006006, 006002, 006005, 006008, 006001, 006007, 006003]
4250	6	006004	006003	3	8.0	3.0	0,850	true	[006004, 006000, 006006, 006002, 006005, 006008, 006003]
4251	6	006004	006003	4	8.0	3.0	0,791	true	[006004, 006000, 006006, 006002, 006005, 006008, 006007, 006003]
4252	6	006004	006003	5	8.0	3.0	0,841	true	[006004, 006000, 006006, 006002, 006007, 006001, 006008, 006003]
4253	6	006004	006003	6	8.0	3.0	0,799	true	[006004, 006000, 006006, 006002, 006007, 006001, 006008, 006005, 006003]
4254	6	006004	006003	7	8.0	3.0	0,849	true	[006004, 006000, 006006, 006002, 006007, 006003]
4255	6	006004	006003	8	8.0	3.0	0,858	true	[006004, 006000, 006006, 006002, 006007, 006008, 006003]
4256	6	006004	006003	9	8.0	3.0	0,816	true	[006004, 006000, 006006, 006002, 006007, 006008, 006005, 006003]
4257	6	006004	006003	10	8.0	3.0	0,782	true	[006004, 006000, 006006, 006002, 006008, 006001, 006007, 006003]
4258	6	006004	006003	11	8.0	3.0	0,858	true	[006004, 006000, 006006, 006002, 006008, 006003]
4259	6	006004	006003	12	8.0	3.0	0,815	true	[006004, 006000, 006006, 006002, 006008, 006005, 006003]
4260	6	006004	006003	13	8.0	3.0	0,798	true	[006004, 006000, 006006, 006002, 006008, 006007, 006003]
4261	6	006004	006003	14	8.0	3.0	0,799	true	[006004, 006000, 006006, 006005, 006002, 006007, 006001, 006008, 006003]
4262	6	006004	006003	15	8.0	3.0	0,807	true	[006004, 006000, 006006, 006005, 006002, 006007, 006003]
4263	6	006004	006003	16	8.0	3.0	0,816	true	[006004, 006000, 006006, 006005, 006002, 006007, 006008, 006003]
4264	6	006004	006003	17	8.0	3.0	0,743	true	[006004, 006000, 006006, 006005, 006002, 006008, 006001, 006007, 006003]
4265	6	006004	006003	18	8.0	3.0	0,815	true	[006004, 006000, 006006, 006005, 006002, 006008, 006003]
4266	6	006004	006003	19	8.0	3.0	0,759	true	[006004, 006000, 006006, 006005, 006002, 006008, 006007, 006003]
4267	6	006004	006003	20	8.0	3.0	0,867	true	[006004, 006000, 006006, 006005, 006003]
4268	6	006004	006003	21	8.0	3.0	0,782	true	[006004, 006000, 006006, 006005, 006008, 006001, 006007, 006003]
4269	6	006004	006003	22	8.0	3.0	0,767	true	[006004, 006000, 006006, 006005, 006008, 006002, 006007, 006003]
4270	6	006004	006003	23	8.0	3.0	0,858	true	[006004, 006000, 006006, 006005, 006008, 006003]
4271	6	006004	006003	24	8.0	3.0	0,799	true	[006004, 006000, 006006, 006005, 006008, 006007, 006003]
4272	6	006004	006003	25	8.0	3.0	0,791	true	[006004, 006000, 006006, 006008, 006001, 006007, 006002, 006005, 006003]
4273	6	006004	006003	26	8.0	3.0	0,815	true	[006004, 006000, 006006, 006008, 006001, 006007, 006003]
4274	6	006004	006003	27	8.0	3.0	0,807	true	[006004, 006000, 006006, 006008, 006002, 006005, 006003]
4275	6	006004	006003	28	8.0	3.0	0,799	true	[006004, 006000, 006006, 006008, 006002, 006007, 006003]
4276	6	006004	006003	29	8.0	3.0	0,894	true	[006004, 006000, 006006, 006008, 006003]
4277	6	006004	006003	30	8.0	3.0	0,791	true	[006004, 006000, 006006, 006008, 006005, 006002, 006007, 006003]
4278	6	006004	006003	31	8.0	3.0	0,850	true	[006004, 006000, 006006, 006008, 006005, 006003]
4279	6	006004	006003	32	8.0	3.0	0,808	true	[006004, 006000, 006006, 006008, 006007, 006002, 006005, 006003]
4280	6	006004	006003	33	8.0	3.0	0,832	true	[006004, 006000, 006006, 006008, 006007, 006003]
4281	6	006004	006003	34	8.0	3.0	0,807	true	[006004, 006000, 006007, 006001, 006008, 006002, 006005, 006003]
4282	6	006004	006003	35	8.0	3.0	0,815	true	[006004, 006000, 006007, 006001, 006008, 006002, 006006, 006005, 006003]
4283	6	006004	006003	36	8.0	3.0	0,894	true	[006004, 006000, 006007, 006001, 006008, 006003]
4284	6	006004	006003	37	8.0	3.0	0,850	true	[006004, 006000, 006007, 006001, 006008, 006005, 006003]
4285	6	006004	006003	38	8.0	3.0	0,841	true	[006004, 006000, 006007, 006001, 006008, 006006, 006002, 006005, 006003]
4286	6	006004	006003	39	8.0	3.0	0,850	true	[006004, 006000, 006007, 006001, 006008, 006006, 006005, 006003]
4287	6	006004	006003	40	8.0	3.0	0,876	true	[006004, 006000, 006007, 006002, 006005, 006003]
4288	6	006004	006003	41	8.0	3.0	0,868	true	[006004, 006000, 006007, 006002, 006005, 006006, 006008, 006003]
4289	6	006004	006003	42	8.0	3.0	0,868	true	[006004, 006000, 006007, 006002, 006005, 006008, 006003]
4290	6	006004	006003	43	8.0	3.0	0,885	true	[006004, 006000, 006007, 006002, 006006, 006005, 006003]
4291	6	006004	006003	44	8.0	3.0	0,877	true	[006004, 006000, 006007, 006002, 006006, 006005, 006008, 006003]
4292	6	006004	006003	45	8.0	3.0	0,913	true	[006004, 006000, 006007, 006002, 006006, 006008, 006003]
4293	6	006004	006003	46	8.0	3.0	0,868	true	[006004, 006000, 006007, 006002, 006006, 006008, 006005, 006003]
4294	6	006004	006003	47	8.0	3.0	0,876	true	[006004, 006000, 006007, 006002, 006008, 006003]
4295	6	006004	006003	48	8.0	3.0	0,833	true	[006004, 006000, 006007, 006002, 006008, 006005, 006003]
4296	6	006004	006003	49	8.0	3.0	0,833	true	[006004, 006000, 006007, 006002, 006008, 006006, 006005, 006003]
4297	6	006004	006003	50	8.0	3.0	0,903	true	[006004, 006000, 006007, 006003]
4298	6	006004	006003	51	8.0	3.0	0,824	true	[006004, 006000, 006007, 006008, 006002, 006005, 006003]
4299	6	006004	006003	52	8.0	3.0	0,833	true	[006004, 006000, 006007, 006008, 006002, 006006, 006005, 006003]
4300	6	006004	006003	53	8.0	3.0	0,913	true	[006004, 006000, 006007, 006008, 006003]
4301	6	006004	006003	54	8.0	3.0	0,867	true	[006004, 006000, 006007, 006008, 006005, 006003]
4302	6	006004	006003	55	8.0	3.0	0,859	true	[006004, 006000, 006007, 006008, 006006, 006002, 006005, 006003]
4303	6	006004	006003	56	8.0	3.0	0,868	true	[006004, 006000, 006007, 006008, 006006, 006005, 006003]
4304	6	006004	006003	57	8.0	3.0	0,833	true	[006004, 006000, 006008, 006001, 006007, 006002, 006005, 006003]
4305	6	006004	006003	58	8.0	3.0	0,841	true	[006004, 006000, 006008, 006001, 006007, 006002, 006006, 006005, 006003]
4306	6	006004	006003	59	8.0	3.0	0,858	true	[006004, 006000, 006008, 006001, 006007, 006003]
4307	6	006004	006003	60	8.0	3.0	0,850	true	[006004, 006000, 006008, 006002, 006005, 006003]
4308	6	006004	006003	61	8.0	3.0	0,858	true	[006004, 006000, 006008, 006002, 006006, 006005, 006003]
4309	6	006004	006003	62	8.0	3.0	0,841	true	[006004, 006000, 006008, 006002, 006007, 006003]
4310	6	006004	006003	63	8.0	3.0	0,941	true	[006004, 006000, 006008, 006003]
4311	6	006004	006003	64	8.0	3.0	0,833	true	[006004, 006000, 006008, 006005, 006002, 006007, 006003]
4312	6	006004	006003	65	8.0	3.0	0,894	true	[006004, 006000, 006008, 006005, 006003]
4313	6	006004	006003	66	8.0	3.0	0,841	true	[006004, 006000, 006008, 006005, 006006, 006002, 006007, 006003]
4314	6	006004	006003	67	8.0	3.0	0,885	true	[006004, 006000, 006008, 006006, 006002, 006005, 006003]
4315	6	006004	006003	68	8.0	3.0	0,876	true	[006004, 006000, 006008, 006006, 006002, 006007, 006003]
4316	6	006004	006003	69	8.0	3.0	0,833	true	[006004, 006000, 006008, 006006, 006005, 006002, 006007, 006003]
4317	6	006004	006003	70	8.0	3.0	0,894	true	[006004, 006000, 006008, 006006, 006005, 006003]
4318	6	006004	006003	71	8.0	3.0	0,850	true	[006004, 006000, 006008, 006007, 006002, 006005, 006003]
4319	6	006004	006003	72	8.0	3.0	0,859	true	[006004, 006000, 006008, 006007, 006002, 006006, 006005, 006003]
4320	6	006004	006003	73	8.0	3.0	0,876	true	[006004, 006000, 006008, 006007, 006003]
4321	6	006004	006003	74	14.0	3.0	0,931	true	[006004, 006002, 006005, 006003]
4322	6	006004	006003	75	14.0	3.0	0,867	true	[006004, 006002, 006005, 006006, 006000, 006003]
4323	6	006004	006003	76	14.0	3.0	0,832	true	[006004, 006002, 006005, 006006, 006000, 006007, 006001, 006008, 006003]
4324	6	006004	006003	77	14.0	3.0	0,841	true	[006004, 006002, 006005, 006006, 006000, 006007, 006003]
4325	6	006004	006003	78	14.0	3.0	0,850	true	[006004, 006002, 006005, 006006, 006000, 006007, 006008, 006003]
4326	6	006004	006003	79	14.0	3.0	0,799	true	[006004, 006002, 006005, 006006, 006000, 006008, 006001, 006007, 006003]
4327	6	006004	006003	80	14.0	3.0	0,876	true	[006004, 006002, 006005, 006006, 006000, 006008, 006003]
4328	6	006004	006003	81	14.0	3.0	0,816	true	[006004, 006002, 006005, 006006, 006000, 006008, 006007, 006003]
4329	6	006004	006003	82	14.0	4.0	0,895	true	[006004, 006002, 006005, 006006, 006008, 006000, 006003]
4330	6	006004	006003	83	14.0	5.0	0,867	true	[006004, 006002, 006005, 006006, 006008, 006000, 006007, 006003]
4331	6	006004	006003	84	14.0	4.0	0,850	true	[006004, 006002, 006005, 006006, 006008, 006001, 006007, 006000, 006003]
4332	6	006004	006003	85	14.0	4.0	0,841	true	[006004, 006002, 006005, 006006, 006008, 006001, 006007, 006003]
4333	6	006004	006003	86	14.0	7.0	0,922	true	[006004, 006002, 006005, 006006, 006008, 006003]
4334	6	006004	006003	87	14.0	3.0	0,868	true	[006004, 006002, 006005, 006006, 006008, 006007, 006000, 006003]
4335	6	006004	006003	88	14.0	3.0	0,859	true	[006004, 006002, 006005, 006006, 006008, 006007, 006003]
4336	6	006004	006003	89	14.0	4.0	0,895	true	[006004, 006002, 006005, 006008, 006000, 006003]
4337	6	006004	006003	90	14.0	5.0	0,867	true	[006004, 006002, 006005, 006008, 006000, 006007, 006003]
4338	6	006004	006003	91	14.0	4.0	0,850	true	[006004, 006002, 006005, 006008, 006001, 006007, 006000, 006003]
4339	6	006004	006003	92	14.0	4.0	0,841	true	[006004, 006002, 006005, 006008, 006001, 006007, 006003]
4340	6	006004	006003	93	14.0	6.0	0,922	true	[006004, 006002, 006005, 006008, 006003]
4341	6	006004	006003	94	14.0	3.0	0,850	true	[006004, 006002, 006005, 006008, 006006, 006000, 006003]
4342	6	006004	006003	95	14.0	3.0	0,824	true	[006004, 006002, 006005, 006008, 006006, 006000, 006007, 006003]
4343	6	006004	006003	96	14.0	3.0	0,868	true	[006004, 006002, 006005, 006008, 006007, 006000, 006003]
4344	6	006004	006003	97	14.0	3.0	0,858	true	[006004, 006002, 006005, 006008, 006007, 006003]
4345	6	006004	006003	98	14.0	3.0	0,912	true	[006004, 006002, 006006, 006000, 006003]
4346	6	006004	006003	99	14.0	3.0	0,876	true	[006004, 006002, 006006, 006000, 006007, 006001, 006008, 006003]
4347	6	006004	006003	100	14.0	3.0	0,832	true	[006004, 006002, 006006, 006000, 006007, 006001, 006008, 006005, 006003]
4348	6	006004	006003	101	14.0	3.0	0,885	true	[006004, 006002, 006006, 006000, 006007, 006003]
4349	6	006004	006003	102	50.0	3.0	0,960	true	[006004, 006003]
4350	7	007000	007006	0	18.0	3.0	0,832	true	[007000, 007001, 007002, 007004, 007003, 007005, 007007, 007006]
4351	7	007000	007006	1	13.0	3.0	0,858	true	[007000, 007001, 007002, 007004, 007003, 007006]
4352	7	007000	007006	2	21.0	3.0	0,815	true	[007000, 007001, 007002, 007004, 007003, 007007, 007006]
4353	7	007000	007006	3	16.0	3.0	0,798	true	[007000, 007001, 007002, 007004, 007003, 007008, 007006]
4354	7	007000	007006	4	7.0	3.0	0,816	true	[007000, 007001, 007002, 007004, 007005, 007003, 007006]
4355	7	007000	007006	5	7.0	3.0	0,775	true	[007000, 007001, 007002, 007004, 007005, 007003, 007007, 007006]
4356	7	007000	007006	6	7.0	3.0	0,759	true	[007000, 007001, 007002, 007004, 007005, 007003, 007008, 007006]
4357	7	007000	007006	7	7.0	3.0	0,799	true	[007000, 007001, 007002, 007004, 007005, 007007, 007003, 007006]
4358	7	007000	007006	8	7.0	3.0	0,743	true	[007000, 007001, 007002, 007004, 007005, 007007, 007003, 007008, 007006]
4359	7	007000	007006	9	7.0	3.0	0,824	true	[007000, 007001, 007002, 007004, 007005, 007007, 007006]
4360	7	007000	007006	10	13.0	3.0	0,840	true	[007000, 007001, 007002, 007004, 007006]
4361	7	007000	007006	11	10.0	3.0	0,783	true	[007000, 007001, 007002, 007004, 007008, 007003, 007005, 007007, 007006]
4362	7	007000	007006	12	10.0	3.0	0,807	true	[007000, 007001, 007002, 007004, 007008, 007003, 007006]
4363	7	007000	007006	13	10.0	3.0	0,767	true	[007000, 007001, 007002, 007004, 007008, 007003, 007007, 007006]
4364	7	007000	007006	14	10.0	3.0	0,832	true	[007000, 007001, 007002, 007004, 007008, 007006]
4365	7	007000	007006	15	13.0	3.0	0,824	true	[007000, 007001, 007002, 007005, 007003, 007004, 007006]
4366	7	007000	007006	16	10.0	3.0	0,815	true	[007000, 007001, 007002, 007005, 007003, 007004, 007008, 007006]
4367	7	007000	007006	17	13.0	3.0	0,841	true	[007000, 007001, 007002, 007005, 007003, 007006]
4368	7	007000	007006	18	18.0	3.0	0,799	true	[007000, 007001, 007002, 007005, 007003, 007007, 007006]
4369	7	007000	007006	19	10.0	3.0	0,775	true	[007000, 007001, 007002, 007005, 007003, 007008, 007004, 007006]
4370	7	007000	007006	20	16.0	3.0	0,782	true	[007000, 007001, 007002, 007005, 007003, 007008, 007006]
4371	7	007000	007006	21	7.0	3.0	0,832	true	[007000, 007001, 007002, 007005, 007004, 007003, 007006]
4372	7	007000	007006	22	7.0	3.0	0,791	true	[007000, 007001, 007002, 007005, 007004, 007003, 007007, 007006]
4373	7	007000	007006	23	7.0	3.0	0,774	true	[007000, 007001, 007002, 007005, 007004, 007003, 007008, 007006]
4374	7	007000	007006	24	7.0	3.0	0,815	true	[007000, 007001, 007002, 007005, 007004, 007006]
4375	7	007000	007006	25	7.0	3.0	0,783	true	[007000, 007001, 007002, 007005, 007004, 007008, 007003, 007006]
4376	7	007000	007006	26	7.0	3.0	0,744	true	[007000, 007001, 007002, 007005, 007004, 007008, 007003, 007007, 007006]
4377	7	007000	007006	27	7.0	3.0	0,807	true	[007000, 007001, 007002, 007005, 007004, 007008, 007006]
4378	7	007000	007006	28	13.0	3.0	0,807	true	[007000, 007001, 007002, 007005, 007007, 007003, 007004, 007006]
4379	7	007000	007006	29	10.0	3.0	0,799	true	[007000, 007001, 007002, 007005, 007007, 007003, 007004, 007008, 007006]
4380	7	007000	007006	30	13.0	3.0	0,824	true	[007000, 007001, 007002, 007005, 007007, 007003, 007006]
4381	7	007000	007006	31	10.0	3.0	0,759	true	[007000, 007001, 007002, 007005, 007007, 007003, 007008, 007004, 007006]
4382	7	007000	007006	32	16.0	3.0	0,766	true	[007000, 007001, 007002, 007005, 007007, 007003, 007008, 007006]
4383	7	007000	007006	33	28.0	3.0	0,849	true	[007000, 007001, 007002, 007005, 007007, 007006]
4384	7	007000	007006	34	28.0	3.0	0,885	true	[007000, 007001, 007002, 007006]
4385	7	007000	007006	35	13.0	3.0	0,815	true	[007000, 007001, 007002, 007007, 007003, 007004, 007006]
4386	7	007000	007006	36	10.0	3.0	0,807	true	[007000, 007001, 007002, 007007, 007003, 007004, 007008, 007006]
4387	7	007000	007006	37	7.0	3.0	0,775	true	[007000, 007001, 007002, 007007, 007003, 007005, 007004, 007006]
4388	7	007000	007006	38	7.0	3.0	0,767	true	[007000, 007001, 007002, 007007, 007003, 007005, 007004, 007008, 007006]
4389	7	007000	007006	39	13.0	3.0	0,832	true	[007000, 007001, 007002, 007007, 007003, 007006]
4390	7	007000	007006	40	10.0	3.0	0,767	true	[007000, 007001, 007002, 007007, 007003, 007008, 007004, 007006]
4391	7	007000	007006	41	16.0	3.0	0,775	true	[007000, 007001, 007002, 007007, 007003, 007008, 007006]
4392	7	007000	007006	42	13.0	3.0	0,832	true	[007000, 007001, 007002, 007007, 007005, 007003, 007004, 007006]
4393	7	007000	007006	43	10.0	3.0	0,824	true	[007000, 007001, 007002, 007007, 007005, 007003, 007004, 007008, 007006]
4394	7	007000	007006	44	13.0	3.0	0,850	true	[007000, 007001, 007002, 007007, 007005, 007003, 007006]
4395	7	007000	007006	45	10.0	3.0	0,783	true	[007000, 007001, 007002, 007007, 007005, 007003, 007008, 007004, 007006]
4396	7	007000	007006	46	16.0	3.0	0,791	true	[007000, 007001, 007002, 007007, 007005, 007003, 007008, 007006]
4397	7	007000	007006	47	7.0	3.0	0,841	true	[007000, 007001, 007002, 007007, 007005, 007004, 007003, 007006]
4398	7	007000	007006	48	7.0	3.0	0,783	true	[007000, 007001, 007002, 007007, 007005, 007004, 007003, 007008, 007006]
4399	7	007000	007006	49	7.0	3.0	0,824	true	[007000, 007001, 007002, 007007, 007005, 007004, 007006]
4400	7	007000	007006	50	7.0	3.0	0,791	true	[007000, 007001, 007002, 007007, 007005, 007004, 007008, 007003, 007006]
4401	7	007000	007006	51	7.0	3.0	0,816	true	[007000, 007001, 007002, 007007, 007005, 007004, 007008, 007006]
4402	7	007000	007006	52	28.0	3.0	0,858	true	[007000, 007001, 007002, 007007, 007006]
4403	7	007000	007006	53	7.0	3.0	0,824	true	[007000, 007001, 007002, 007008, 007003, 007004, 007005, 007007, 007006]
4404	7	007000	007006	54	13.0	3.0	0,840	true	[007000, 007001, 007002, 007008, 007003, 007004, 007006]
4405	7	007000	007006	55	7.0	3.0	0,799	true	[007000, 007001, 007002, 007008, 007003, 007005, 007004, 007006]
4406	7	007000	007006	56	16.0	3.0	0,832	true	[007000, 007001, 007002, 007008, 007003, 007005, 007007, 007006]
4407	7	007000	007006	57	13.0	3.0	0,858	true	[007000, 007001, 007002, 007008, 007003, 007006]
4408	7	007000	007006	58	7.0	3.0	0,783	true	[007000, 007001, 007002, 007008, 007003, 007007, 007005, 007004, 007006]
4409	7	007000	007006	59	16.0	3.0	0,815	true	[007000, 007001, 007002, 007008, 007003, 007007, 007006]
4410	7	007000	007006	60	10.0	3.0	0,867	true	[007000, 007001, 007002, 007008, 007004, 007003, 007005, 007007, 007006]
4411	7	007000	007006	61	10.0	3.0	0,894	true	[007000, 007001, 007002, 007008, 007004, 007003, 007006]
4412	7	007000	007006	62	10.0	3.0	0,850	true	[007000, 007001, 007002, 007008, 007004, 007003, 007007, 007006]
4413	7	007000	007006	63	7.0	3.0	0,850	true	[007000, 007001, 007002, 007008, 007004, 007005, 007003, 007006]
4414	7	007000	007006	64	7.0	3.0	0,808	true	[007000, 007001, 007002, 007008, 007004, 007005, 007003, 007007, 007006]
4415	7	007000	007006	65	7.0	3.0	0,833	true	[007000, 007001, 007002, 007008, 007004, 007005, 007007, 007003, 007006]
4416	7	007000	007006	66	7.0	3.0	0,858	true	[007000, 007001, 007002, 007008, 007004, 007005, 007007, 007006]
4417	7	007000	007006	67	10.0	3.0	0,876	true	[007000, 007001, 007002, 007008, 007004, 007006]
4418	7	007000	007006	68	28.0	3.0	0,885	true	[007000, 007001, 007002, 007008, 007006]
4419	7	007000	007006	69	34.0	5.0	0,815	true	[007000, 007001, 007003, 007004, 007002, 007005, 007007, 007006]
4420	7	007000	007006	70	34.0	5.0	0,849	true	[007000, 007001, 007003, 007004, 007002, 007006]
4421	7	007000	007006	71	34.0	5.0	0,824	true	[007000, 007001, 007003, 007004, 007002, 007007, 007006]
4422	7	007000	007006	72	32.0	5.0	0,849	true	[007000, 007001, 007003, 007004, 007002, 007008, 007006]
4423	7	007000	007006	73	7.0	5.0	0,824	true	[007000, 007001, 007003, 007004, 007005, 007002, 007006]
4424	7	007000	007006	74	7.0	5.0	0,799	true	[007000, 007001, 007003, 007004, 007005, 007002, 007007, 007006]
4425	7	007000	007006	75	7.0	5.0	0,824	true	[007000, 007001, 007003, 007004, 007005, 007002, 007008, 007006]
4426	7	007000	007006	76	7.0	5.0	0,832	true	[007000, 007001, 007003, 007004, 007005, 007007, 007002, 007006]
4427	7	007000	007006	77	7.0	5.0	0,832	true	[007000, 007001, 007003, 007004, 007005, 007007, 007002, 007008, 007006]
4428	7	007000	007006	78	7.0	5.0	0,876	true	[007000, 007001, 007003, 007004, 007005, 007007, 007006]
4429	7	007000	007006	79	13.0	5.0	0,894	true	[007000, 007001, 007003, 007004, 007006]
4430	7	007000	007006	80	10.0	5.0	0,850	true	[007000, 007001, 007003, 007004, 007008, 007002, 007005, 007007, 007006]
4431	7	007000	007006	81	10.0	5.0	0,885	true	[007000, 007001, 007003, 007004, 007008, 007002, 007006]
4432	7	007000	007006	82	10.0	5.0	0,858	true	[007000, 007001, 007003, 007004, 007008, 007002, 007007, 007006]
4433	7	007000	007006	83	10.0	5.0	0,885	true	[007000, 007001, 007003, 007004, 007008, 007006]
4434	7	007000	007006	84	13.0	5.0	0,791	true	[007000, 007001, 007003, 007005, 007002, 007004, 007006]
4435	7	007000	007006	85	10.0	5.0	0,783	true	[007000, 007001, 007003, 007005, 007002, 007004, 007008, 007006]
4436	7	007000	007006	86	18.0	5.0	0,832	true	[007000, 007001, 007003, 007005, 007002, 007006]
4437	7	007000	007006	87	18.0	5.0	0,807	true	[007000, 007001, 007003, 007005, 007002, 007007, 007006]
4438	7	007000	007006	88	10.0	5.0	0,824	true	[007000, 007001, 007003, 007005, 007002, 007008, 007004, 007006]
4439	7	007000	007006	89	18.0	5.0	0,832	true	[007000, 007001, 007003, 007005, 007002, 007008, 007006]
4440	7	007000	007006	90	7.0	5.0	0,807	true	[007000, 007001, 007003, 007005, 007004, 007002, 007006]
4441	7	007000	007006	91	7.0	5.0	0,783	true	[007000, 007001, 007003, 007005, 007004, 007002, 007007, 007006]
4442	7	007000	007006	92	7.0	5.0	0,807	true	[007000, 007001, 007003, 007005, 007004, 007002, 007008, 007006]
4443	7	007000	007006	93	7.0	5.0	0,850	true	[007000, 007001, 007003, 007005, 007004, 007006]
4444	7	007000	007006	94	7.0	5.0	0,841	true	[007000, 007001, 007003, 007005, 007004, 007008, 007002, 007006]
4445	7	007000	007006	95	7.0	5.0	0,816	true	[007000, 007001, 007003, 007005, 007004, 007008, 007002, 007007, 007006]
4446	7	007000	007006	96	7.0	5.0	0,841	true	[007000, 007001, 007003, 007005, 007004, 007008, 007006]
4447	7	007000	007006	97	13.0	5.0	0,799	true	[007000, 007001, 007003, 007005, 007007, 007002, 007004, 007006]
4448	7	007000	007006	98	10.0	5.0	0,791	true	[007000, 007001, 007003, 007005, 007007, 007002, 007004, 007008, 007006]
4449	7	007000	007006	99	18.0	5.0	0,841	true	[007000, 007001, 007003, 007005, 007007, 007002, 007006]
4450	7	007000	007006	100	10.0	5.0	0,833	true	[007000, 007001, 007003, 007005, 007007, 007002, 007008, 007004, 007006]
4451	7	007000	007006	101	18.0	5.0	0,841	true	[007000, 007001, 007003, 007005, 007007, 007002, 007008, 007006]
4452	7	007000	007006	102	18.0	5.0	0,885	true	[007000, 007001, 007003, 007005, 007007, 007006]
4453	7	007000	007006	103	13.0	4.0	0,913	true	[007000, 007001, 007003, 007006]
4454	7	007000	007006	104	31.0	5.0	0,970	true	[007000, 007001, 007006]
4455	8	008004	008002	0	14.0	4.0	0,913	true	[008004, 008000, 008001, 008002]
4456	8	008004	008002	1	14.0	6.0	0,931	true	[008004, 008000, 008001, 008005, 008006, 008002]
4457	8	008004	008002	2	14.0	4.0	0,885	true	[008004, 008000, 008001, 008005, 008006, 008003, 008007, 008002]
4458	8	008004	008002	3	8.0	4.0	0,841	true	[008004, 008000, 008001, 008005, 008006, 008003, 008007, 008008, 008002]
4459	8	008004	008002	4	14.0	4.0	0,903	true	[008004, 008000, 008001, 008005, 008006, 008003, 008008, 008002]
4460	8	008004	008002	5	8.0	4.0	0,894	true	[008004, 008000, 008001, 008005, 008006, 008003, 008008, 008007, 008002]
4461	8	008004	008002	6	8.0	4.0	0,913	true	[008004, 008000, 008001, 008005, 008006, 008007, 008002]
4462	8	008004	008002	7	8.0	4.0	0,858	true	[008004, 008000, 008001, 008005, 008006, 008007, 008003, 008008, 008002]
4463	8	008004	008002	8	8.0	4.0	0,867	true	[008004, 008000, 008001, 008005, 008006, 008007, 008008, 008002]
4464	8	008004	008002	9	14.0	4.0	0,867	true	[008004, 008000, 008001, 008005, 008006, 008008, 008002]
4465	8	008004	008002	10	14.0	4.0	0,850	true	[008004, 008000, 008001, 008005, 008006, 008008, 008003, 008007, 008002]
4466	8	008004	008002	11	8.0	4.0	0,859	true	[008004, 008000, 008001, 008005, 008006, 008008, 008007, 008002]
4467	8	008004	008002	12	24.0	4.0	0,904	true	[008004, 008000, 008001, 008005, 008007, 008002]
4468	8	008004	008002	13	27.0	5.0	0,876	true	[008004, 008000, 008001, 008005, 008007, 008003, 008006, 008002]
4469	8	008004	008002	14	27.0	4.0	0,816	true	[008004, 008000, 008001, 008005, 008007, 008003, 008006, 008008, 008002]
4470	8	008004	008002	15	27.0	4.0	0,850	true	[008004, 008000, 008001, 008005, 008007, 008003, 008008, 008002]
4471	8	008004	008002	16	27.0	5.0	0,841	true	[008004, 008000, 008001, 008005, 008007, 008003, 008008, 008006, 008002]
4472	8	008004	008002	17	8.0	4.0	0,904	true	[008004, 008000, 008001, 008005, 008007, 008006, 008002]
4473	8	008004	008002	18	8.0	4.0	0,876	true	[008004, 008000, 008001, 008005, 008007, 008006, 008003, 008008, 008002]
4474	8	008004	008002	19	8.0	4.0	0,841	true	[008004, 008000, 008001, 008005, 008007, 008006, 008008, 008002]
4475	8	008004	008002	20	8.0	4.0	0,859	true	[008004, 008000, 008001, 008005, 008007, 008008, 008002]
4476	8	008004	008002	21	8.0	5.0	0,885	true	[008004, 008000, 008001, 008005, 008007, 008008, 008003, 008006, 008002]
4477	8	008004	008002	22	8.0	5.0	0,850	true	[008004, 008000, 008001, 008005, 008007, 008008, 008006, 008002]
4478	8	008004	008002	23	27.0	3.0	0,894	true	[008004, 008000, 008001, 008005, 008008, 008002]
4479	8	008004	008002	24	27.0	3.0	0,922	true	[008004, 008000, 008001, 008005, 008008, 008003, 008006, 008002]
4480	8	008004	008002	25	8.0	3.0	0,904	true	[008004, 008000, 008001, 008005, 008008, 008003, 008006, 008007, 008002]
4481	8	008004	008002	26	24.0	3.0	0,876	true	[008004, 008000, 008001, 008005, 008008, 008003, 008007, 008002]
4482	8	008004	008002	27	8.0	3.0	0,876	true	[008004, 008000, 008001, 008005, 008008, 008003, 008007, 008006, 008002]
4483	8	008004	008002	28	27.0	3.0	0,885	true	[008004, 008000, 008001, 008005, 008008, 008006, 008002]
4484	8	008004	008002	29	24.0	3.0	0,841	true	[008004, 008000, 008001, 008005, 008008, 008006, 008003, 008007, 008002]
4485	8	008004	008002	30	8.0	3.0	0,867	true	[008004, 008000, 008001, 008005, 008008, 008006, 008007, 008002]
4486	8	008004	008002	31	8.0	3.0	0,885	true	[008004, 008000, 008001, 008005, 008008, 008007, 008002]
4487	8	008004	008002	32	8.0	3.0	0,859	true	[008004, 008000, 008001, 008005, 008008, 008007, 008003, 008006, 008002]
4488	8	008004	008002	33	8.0	3.0	0,885	true	[008004, 008000, 008001, 008005, 008008, 008007, 008006, 008002]
4489	8	008004	008002	34	24.0	4.0	0,913	true	[008004, 008000, 008001, 008007, 008002]
4490	8	008004	008002	35	27.0	5.0	0,885	true	[008004, 008000, 008001, 008007, 008003, 008006, 008002]
4491	8	008004	008002	36	14.0	3.0	0,850	true	[008004, 008000, 008001, 008007, 008003, 008006, 008005, 008008, 008002]
4492	8	008004	008002	37	27.0	4.0	0,824	true	[008004, 008000, 008001, 008007, 008003, 008006, 008008, 008002]
4493	8	008004	008002	38	27.0	4.0	0,858	true	[008004, 008000, 008001, 008007, 008003, 008008, 008002]
4494	8	008004	008002	39	14.0	3.0	0,876	true	[008004, 008000, 008001, 008007, 008003, 008008, 008005, 008006, 008002]
4495	8	008004	008002	40	27.0	5.0	0,850	true	[008004, 008000, 008001, 008007, 008003, 008008, 008006, 008002]
4496	8	008004	008002	41	14.0	6.0	0,904	true	[008004, 008000, 008001, 008007, 008005, 008006, 008002]
4497	8	008004	008002	42	14.0	4.0	0,876	true	[008004, 008000, 008001, 008007, 008005, 008006, 008003, 008008, 008002]
4498	8	008004	008002	43	14.0	4.0	0,841	true	[008004, 008000, 008001, 008007, 008005, 008006, 008008, 008002]
4499	8	008004	008002	44	27.0	3.0	0,867	true	[008004, 008000, 008001, 008007, 008005, 008008, 008002]
4500	8	008004	008002	45	27.0	3.0	0,895	true	[008004, 008000, 008001, 008007, 008005, 008008, 008003, 008006, 008002]
4501	8	008004	008002	46	27.0	3.0	0,859	true	[008004, 008000, 008001, 008007, 008005, 008008, 008006, 008002]
4502	8	008004	008002	47	8.0	4.0	0,913	true	[008004, 008000, 008001, 008007, 008006, 008002]
4503	8	008004	008002	48	8.0	4.0	0,885	true	[008004, 008000, 008001, 008007, 008006, 008003, 008008, 008002]
4504	8	008004	008002	49	8.0	3.0	0,876	true	[008004, 008000, 008001, 008007, 008006, 008005, 008008, 008002]
4505	8	008004	008002	50	8.0	4.0	0,850	true	[008004, 008000, 008001, 008007, 008006, 008008, 008002]
4506	8	008004	008002	51	8.0	4.0	0,867	true	[008004, 008000, 008001, 008007, 008008, 008002]
4507	8	008004	008002	52	8.0	5.0	0,894	true	[008004, 008000, 008001, 008007, 008008, 008003, 008006, 008002]
4508	8	008004	008002	53	8.0	3.0	0,885	true	[008004, 008000, 008001, 008007, 008008, 008005, 008006, 008002]
4509	8	008004	008002	54	8.0	5.0	0,859	true	[008004, 008000, 008001, 008007, 008008, 008006, 008002]
4510	8	008004	008002	55	36.0	6.0	0,980	true	[008004, 008000, 008002]
4511	8	008004	008002	56	48.0	5.0	0,941	true	[008004, 008000, 008003, 008006, 008002]
4512	8	008004	008002	57	14.0	4.0	0,922	true	[008004, 008000, 008003, 008006, 008005, 008001, 008002]
4513	8	008004	008002	58	14.0	4.0	0,922	true	[008004, 008000, 008003, 008006, 008005, 008001, 008007, 008002]
4514	8	008004	008002	59	8.0	4.0	0,876	true	[008004, 008000, 008003, 008006, 008005, 008001, 008007, 008008, 008002]
4515	8	008004	008002	60	14.0	4.0	0,895	true	[008004, 008000, 008003, 008006, 008005, 008007, 008001, 008002]
4516	8	008004	008002	61	14.0	4.0	0,913	true	[008004, 008000, 008003, 008006, 008005, 008007, 008002]
4517	8	008004	008002	62	8.0	4.0	0,867	true	[008004, 008000, 008003, 008006, 008005, 008007, 008008, 008002]
4518	8	008004	008002	63	14.0	3.0	0,903	true	[008004, 008000, 008003, 008006, 008005, 008008, 008002]
4519	8	008004	008002	64	8.0	3.0	0,877	true	[008004, 008000, 008003, 008006, 008005, 008008, 008007, 008001, 008002]
4520	8	008004	008002	65	8.0	3.0	0,895	true	[008004, 008000, 008003, 008006, 008005, 008008, 008007, 008002]
4521	8	008004	008002	66	8.0	4.0	0,904	true	[008004, 008000, 008003, 008006, 008007, 008001, 008002]
4522	8	008004	008002	67	8.0	3.0	0,885	true	[008004, 008000, 008003, 008006, 008007, 008001, 008005, 008008, 008002]
4523	8	008004	008002	68	8.0	4.0	0,922	true	[008004, 008000, 008003, 008006, 008007, 008002]
4524	8	008004	008002	69	8.0	4.0	0,895	true	[008004, 008000, 008003, 008006, 008007, 008005, 008001, 008002]
4525	8	008004	008002	70	8.0	3.0	0,877	true	[008004, 008000, 008003, 008006, 008007, 008005, 008008, 008002]
4526	8	008004	008002	71	8.0	4.0	0,876	true	[008004, 008000, 008003, 008006, 008007, 008008, 008002]
4527	8	008004	008002	72	8.0	3.0	0,877	true	[008004, 008000, 008003, 008006, 008007, 008008, 008005, 008001, 008002]
4528	8	008004	008002	73	48.0	4.0	0,876	true	[008004, 008000, 008003, 008006, 008008, 008002]
4529	8	008004	008002	74	14.0	3.0	0,876	true	[008004, 008000, 008003, 008006, 008008, 008005, 008001, 008002]
4530	8	008004	008002	75	24.0	3.0	0,877	true	[008004, 008000, 008003, 008006, 008008, 008005, 008001, 008007, 008002]
4531	8	008004	008002	76	14.0	3.0	0,850	true	[008004, 008000, 008003, 008006, 008008, 008005, 008007, 008001, 008002]
4532	8	008004	008002	77	24.0	3.0	0,868	true	[008004, 008000, 008003, 008006, 008008, 008005, 008007, 008002]
4533	8	008004	008002	78	8.0	4.0	0,850	true	[008004, 008000, 008003, 008006, 008008, 008007, 008001, 008002]
4534	8	008004	008002	79	8.0	4.0	0,867	true	[008004, 008000, 008003, 008006, 008008, 008007, 008002]
4535	8	008004	008002	80	8.0	4.0	0,841	true	[008004, 008000, 008003, 008006, 008008, 008007, 008005, 008001, 008002]
4536	8	008004	008002	81	14.0	4.0	0,876	true	[008004, 008000, 008003, 008007, 008001, 008002]
4537	8	008004	008002	82	14.0	6.0	0,894	true	[008004, 008000, 008003, 008007, 008001, 008005, 008006, 008002]
4538	8	008004	008002	83	14.0	4.0	0,833	true	[008004, 008000, 008003, 008007, 008001, 008005, 008006, 008008, 008002]
4539	8	008004	008002	84	28.0	3.0	0,859	true	[008004, 008000, 008003, 008007, 008001, 008005, 008008, 008002]
4540	8	008004	008002	85	28.0	3.0	0,850	true	[008004, 008000, 008003, 008007, 008001, 008005, 008008, 008006, 008002]
4541	8	008004	008002	86	24.0	4.0	0,894	true	[008004, 008000, 008003, 008007, 008002]
4542	8	008004	008002	87	14.0	4.0	0,867	true	[008004, 008000, 008003, 008007, 008005, 008001, 008002]
4543	8	008004	008002	88	14.0	6.0	0,885	true	[008004, 008000, 008003, 008007, 008005, 008006, 008002]
4544	8	008004	008002	89	14.0	4.0	0,824	true	[008004, 008000, 008003, 008007, 008005, 008006, 008008, 008002]
4545	8	008004	008002	90	28.0	3.0	0,850	true	[008004, 008000, 008003, 008007, 008005, 008008, 008002]
4546	8	008004	008002	91	28.0	3.0	0,841	true	[008004, 008000, 008003, 008007, 008005, 008008, 008006, 008002]
4547	8	008004	008002	92	8.0	4.0	0,894	true	[008004, 008000, 008003, 008007, 008006, 008002]
4548	8	008004	008002	93	8.0	4.0	0,876	true	[008004, 008000, 008003, 008007, 008006, 008005, 008001, 008002]
4549	8	008004	008002	94	8.0	3.0	0,859	true	[008004, 008000, 008003, 008007, 008006, 008005, 008008, 008002]
4550	8	008004	008002	95	8.0	4.0	0,833	true	[008004, 008000, 008003, 008007, 008006, 008008, 008002]
4551	8	008004	008002	96	8.0	3.0	0,833	true	[008004, 008000, 008003, 008007, 008006, 008008, 008005, 008001, 008002]
4552	8	008004	008002	97	8.0	4.0	0,850	true	[008004, 008000, 008003, 008007, 008008, 008002]
4553	8	008004	008002	98	8.0	3.0	0,850	true	[008004, 008000, 008003, 008007, 008008, 008005, 008001, 008002]
4554	8	008004	008002	99	8.0	3.0	0,868	true	[008004, 008000, 008003, 008007, 008008, 008005, 008006, 008002]
4555	8	008004	008002	100	8.0	5.0	0,841	true	[008004, 008000, 008003, 008007, 008008, 008006, 008002]
4556	8	008004	008002	101	23.0	3.0	1,000	true	[008004, 008002]
4557	9	009002	009000	0	56.0	3.0	0,960	true	[009002, 009000]
4558	9	009002	009000	1	29.0	9.0	0,990	true	[009002, 009001, 009000]
4559	9	009002	009000	2	13.0	5.0	0,912	true	[009002, 009001, 009003, 009004, 009000]
4560	9	009002	009000	3	15.0	3.0	0,941	true	[009002, 009001, 009003, 009004, 009005, 009006, 009000]
4561	9	009002	009000	4	29.0	3.0	0,877	true	[009002, 009001, 009003, 009004, 009005, 009006, 009008, 009000]
4562	9	009002	009000	5	29.0	3.0	0,877	true	[009002, 009001, 009003, 009004, 009005, 009006, 009008, 009007, 009000]
4563	9	009002	009000	6	11.0	3.0	0,913	true	[009002, 009001, 009003, 009004, 009005, 009007, 009000]
4564	9	009002	009000	7	11.0	3.0	0,913	true	[009002, 009001, 009003, 009004, 009005, 009007, 009008, 009000]
4565	9	009002	009000	8	11.0	3.0	0,922	true	[009002, 009001, 009003, 009004, 009005, 009007, 009008, 009006, 009000]
4566	9	009002	009000	9	31.0	3.0	0,913	true	[009002, 009001, 009003, 009004, 009005, 009008, 009000]
4567	9	009002	009000	10	15.0	3.0	0,922	true	[009002, 009001, 009003, 009004, 009005, 009008, 009006, 009000]
4568	9	009002	009000	11	31.0	3.0	0,913	true	[009002, 009001, 009003, 009004, 009005, 009008, 009007, 009000]
4569	9	009002	009000	12	44.0	5.0	0,876	true	[009002, 009001, 009003, 009004, 009007, 009000]
4570	9	009002	009000	13	11.0	3.0	0,903	true	[009002, 009001, 009003, 009004, 009007, 009005, 009006, 009000]
4571	9	009002	009000	14	11.0	3.0	0,841	true	[009002, 009001, 009003, 009004, 009007, 009005, 009006, 009008, 009000]
4572	9	009002	009000	15	11.0	3.0	0,876	true	[009002, 009001, 009003, 009004, 009007, 009005, 009008, 009000]
4573	9	009002	009000	16	11.0	3.0	0,885	true	[009002, 009001, 009003, 009004, 009007, 009005, 009008, 009006, 009000]
4574	9	009002	009000	17	36.0	5.0	0,876	true	[009002, 009001, 009003, 009004, 009007, 009008, 009000]
4575	9	009002	009000	18	15.0	3.0	0,903	true	[009002, 009001, 009003, 009004, 009007, 009008, 009005, 009006, 009000]
4576	9	009002	009000	19	15.0	3.0	0,885	true	[009002, 009001, 009003, 009004, 009007, 009008, 009006, 009000]
4577	9	009002	009000	20	17.0	4.0	0,885	true	[009002, 009001, 009003, 009004, 009008, 009000]
4578	9	009002	009000	21	15.0	3.0	0,913	true	[009002, 009001, 009003, 009004, 009008, 009005, 009006, 009000]
4579	9	009002	009000	22	11.0	3.0	0,885	true	[009002, 009001, 009003, 009004, 009008, 009005, 009007, 009000]
4580	9	009002	009000	23	15.0	3.0	0,894	true	[009002, 009001, 009003, 009004, 009008, 009006, 009000]
4581	9	009002	009000	24	11.0	3.0	0,850	true	[009002, 009001, 009003, 009004, 009008, 009006, 009005, 009007, 009000]
4582	9	009002	009000	25	17.0	4.0	0,885	true	[009002, 009001, 009003, 009004, 009008, 009007, 009000]
4583	9	009002	009000	26	11.0	3.0	0,913	true	[009002, 009001, 009003, 009004, 009008, 009007, 009005, 009006, 009000]
4584	9	009002	009000	27	14.0	3.0	0,951	true	[009002, 009001, 009003, 009006, 009000]
4585	9	009002	009000	28	13.0	3.0	0,885	true	[009002, 009001, 009003, 009006, 009005, 009004, 009000]
4586	9	009002	009000	29	14.0	3.0	0,850	true	[009002, 009001, 009003, 009006, 009005, 009004, 009007, 009000]
4587	9	009002	009000	30	14.0	3.0	0,850	true	[009002, 009001, 009003, 009006, 009005, 009004, 009007, 009008, 009000]
4588	9	009002	009000	31	14.0	3.0	0,859	true	[009002, 009001, 009003, 009006, 009005, 009004, 009008, 009000]
4589	9	009002	009000	32	14.0	3.0	0,859	true	[009002, 009001, 009003, 009006, 009005, 009004, 009008, 009007, 009000]
4590	9	009002	009000	33	11.0	3.0	0,904	true	[009002, 009001, 009003, 009006, 009005, 009007, 009000]
4591	9	009002	009000	34	11.0	3.0	0,850	true	[009002, 009001, 009003, 009006, 009005, 009007, 009004, 009000]
4592	9	009002	009000	35	11.0	3.0	0,824	true	[009002, 009001, 009003, 009006, 009005, 009007, 009004, 009008, 009000]
4593	9	009002	009000	36	11.0	3.0	0,904	true	[009002, 009001, 009003, 009006, 009005, 009007, 009008, 009000]
4594	9	009002	009000	37	11.0	3.0	0,858	true	[009002, 009001, 009003, 009006, 009005, 009007, 009008, 009004, 009000]
4595	9	009002	009000	38	14.0	3.0	0,904	true	[009002, 009001, 009003, 009006, 009005, 009008, 009000]
4596	9	009002	009000	39	13.0	3.0	0,858	true	[009002, 009001, 009003, 009006, 009005, 009008, 009004, 009000]
4597	9	009002	009000	40	14.0	3.0	0,824	true	[009002, 009001, 009003, 009006, 009005, 009008, 009004, 009007, 009000]
4598	9	009002	009000	41	14.0	3.0	0,904	true	[009002, 009001, 009003, 009006, 009005, 009008, 009007, 009000]
4599	9	009002	009000	42	13.0	3.0	0,850	true	[009002, 009001, 009003, 009006, 009005, 009008, 009007, 009004, 009000]
4600	9	009002	009000	43	14.0	3.0	0,885	true	[009002, 009001, 009003, 009006, 009008, 009000]
4601	9	009002	009000	44	13.0	3.0	0,841	true	[009002, 009001, 009003, 009006, 009008, 009004, 009000]
4602	9	009002	009000	45	11.0	3.0	0,841	true	[009002, 009001, 009003, 009006, 009008, 009004, 009005, 009007, 009000]
4603	9	009002	009000	46	14.0	3.0	0,807	true	[009002, 009001, 009003, 009006, 009008, 009004, 009007, 009000]
4604	9	009002	009000	47	13.0	3.0	0,867	true	[009002, 009001, 009003, 009006, 009008, 009005, 009004, 009000]
4605	9	009002	009000	48	14.0	3.0	0,833	true	[009002, 009001, 009003, 009006, 009008, 009005, 009004, 009007, 009000]
4606	9	009002	009000	49	11.0	3.0	0,885	true	[009002, 009001, 009003, 009006, 009008, 009005, 009007, 009000]
4607	9	009002	009000	50	11.0	3.0	0,832	true	[009002, 009001, 009003, 009006, 009008, 009005, 009007, 009004, 009000]
4608	9	009002	009000	51	14.0	3.0	0,885	true	[009002, 009001, 009003, 009006, 009008, 009007, 009000]
4609	9	009002	009000	52	13.0	3.0	0,832	true	[009002, 009001, 009003, 009006, 009008, 009007, 009004, 009000]
4610	9	009002	009000	53	11.0	3.0	0,867	true	[009002, 009001, 009003, 009006, 009008, 009007, 009005, 009004, 009000]
4611	9	009002	009000	54	13.0	3.0	0,894	true	[009002, 009001, 009005, 009004, 009000]
4612	9	009002	009000	55	14.0	3.0	0,913	true	[009002, 009001, 009005, 009004, 009003, 009006, 009000]
4613	9	009002	009000	56	14.0	3.0	0,850	true	[009002, 009001, 009005, 009004, 009003, 009006, 009008, 009000]
4614	9	009002	009000	57	14.0	3.0	0,850	true	[009002, 009001, 009005, 009004, 009003, 009006, 009008, 009007, 009000]
4615	9	009002	009000	58	31.0	3.0	0,858	true	[009002, 009001, 009005, 009004, 009007, 009000]
4616	9	009002	009000	59	31.0	3.0	0,858	true	[009002, 009001, 009005, 009004, 009007, 009008, 009000]
4617	9	009002	009000	60	15.0	3.0	0,867	true	[009002, 009001, 009005, 009004, 009007, 009008, 009006, 009000]
4618	9	009002	009000	61	17.0	3.0	0,867	true	[009002, 009001, 009005, 009004, 009008, 009000]
4619	9	009002	009000	62	15.0	3.0	0,876	true	[009002, 009001, 009005, 009004, 009008, 009006, 009000]
4620	9	009002	009000	63	17.0	3.0	0,867	true	[009002, 009001, 009005, 009004, 009008, 009007, 009000]
4621	9	009002	009000	64	15.0	3.0	0,941	true	[009002, 009001, 009005, 009006, 009000]
4622	9	009002	009000	65	13.0	3.0	0,867	true	[009002, 009001, 009005, 009006, 009003, 009004, 009000]
4623	9	009002	009000	66	14.0	3.0	0,833	true	[009002, 009001, 009005, 009006, 009003, 009004, 009007, 009000]
4624	9	009002	009000	67	14.0	3.0	0,833	true	[009002, 009001, 009005, 009006, 009003, 009004, 009007, 009008, 009000]
4625	9	009002	009000	68	14.0	3.0	0,841	true	[009002, 009001, 009005, 009006, 009003, 009004, 009008, 009000]
4626	9	009002	009000	69	14.0	3.0	0,841	true	[009002, 009001, 009005, 009006, 009003, 009004, 009008, 009007, 009000]
4627	9	009002	009000	70	29.0	3.0	0,876	true	[009002, 009001, 009005, 009006, 009008, 009000]
4628	9	009002	009000	71	13.0	3.0	0,832	true	[009002, 009001, 009005, 009006, 009008, 009004, 009000]
4629	9	009002	009000	72	17.0	3.0	0,799	true	[009002, 009001, 009005, 009006, 009008, 009004, 009007, 009000]
4630	9	009002	009000	73	29.0	3.0	0,876	true	[009002, 009001, 009005, 009006, 009008, 009007, 009000]
4631	9	009002	009000	74	13.0	3.0	0,824	true	[009002, 009001, 009005, 009006, 009008, 009007, 009004, 009000]
4632	9	009002	009000	75	11.0	3.0	0,912	true	[009002, 009001, 009005, 009007, 009000]
4633	9	009002	009000	76	11.0	3.0	0,858	true	[009002, 009001, 009005, 009007, 009004, 009000]
4634	9	009002	009000	77	11.0	3.0	0,876	true	[009002, 009001, 009005, 009007, 009004, 009003, 009006, 009000]
4635	9	009002	009000	78	11.0	3.0	0,816	true	[009002, 009001, 009005, 009007, 009004, 009003, 009006, 009008, 009000]
4636	9	009002	009000	79	11.0	3.0	0,832	true	[009002, 009001, 009005, 009007, 009004, 009008, 009000]
4637	9	009002	009000	80	11.0	3.0	0,841	true	[009002, 009001, 009005, 009007, 009004, 009008, 009006, 009000]
4638	9	009002	009000	81	11.0	3.0	0,912	true	[009002, 009001, 009005, 009007, 009008, 009000]
4639	9	009002	009000	82	11.0	3.0	0,867	true	[009002, 009001, 009005, 009007, 009008, 009004, 009000]
4640	9	009002	009000	83	11.0	3.0	0,885	true	[009002, 009001, 009005, 009007, 009008, 009004, 009003, 009006, 009000]
4641	9	009002	009000	84	11.0	3.0	0,922	true	[009002, 009001, 009005, 009007, 009008, 009006, 009000]
4642	9	009002	009000	85	11.0	3.0	0,850	true	[009002, 009001, 009005, 009007, 009008, 009006, 009003, 009004, 009000]
4643	9	009002	009000	86	35.0	4.0	0,912	true	[009002, 009001, 009005, 009008, 009000]
4644	9	009002	009000	87	13.0	4.0	0,867	true	[009002, 009001, 009005, 009008, 009004, 009000]
4645	9	009002	009000	88	14.0	3.0	0,885	true	[009002, 009001, 009005, 009008, 009004, 009003, 009006, 009000]
4646	9	009002	009000	89	17.0	4.0	0,832	true	[009002, 009001, 009005, 009008, 009004, 009007, 009000]
4647	9	009002	009000	90	15.0	3.0	0,922	true	[009002, 009001, 009005, 009008, 009006, 009000]
4648	9	009002	009000	91	13.0	3.0	0,850	true	[009002, 009001, 009005, 009008, 009006, 009003, 009004, 009000]
4649	9	009002	009000	92	14.0	3.0	0,816	true	[009002, 009001, 009005, 009008, 009006, 009003, 009004, 009007, 009000]
4650	9	009002	009000	93	35.0	4.0	0,912	true	[009002, 009001, 009005, 009008, 009007, 009000]
4651	9	009002	009000	94	13.0	4.0	0,858	true	[009002, 009001, 009005, 009008, 009007, 009004, 009000]
4652	9	009002	009000	95	14.0	3.0	0,876	true	[009002, 009001, 009005, 009008, 009007, 009004, 009003, 009006, 009000]
4653	9	009002	009000	96	15.0	4.0	0,941	true	[009002, 009001, 009006, 009000]
4654	9	009002	009000	97	13.0	3.0	0,867	true	[009002, 009001, 009006, 009003, 009004, 009000]
4655	9	009002	009000	98	11.0	3.0	0,867	true	[009002, 009001, 009006, 009003, 009004, 009005, 009007, 009000]
4656	9	009002	009000	99	11.0	3.0	0,867	true	[009002, 009001, 009006, 009003, 009004, 009005, 009007, 009008, 009000]
4657	9	009002	009000	100	14.0	3.0	0,867	true	[009002, 009001, 009006, 009003, 009004, 009005, 009008, 009000]
4658	10	010002	010008	0	17.0	4.0	0,867	true	[010002, 010000, 010001, 010003, 010006, 010004, 010005, 010008]
4659	10	010002	010008	1	17.0	4.0	0,922	true	[010002, 010000, 010001, 010003, 010006, 010005, 010008]
4660	10	010002	010008	2	17.0	4.0	0,951	true	[010002, 010000, 010001, 010003, 010006, 010008]
4661	10	010002	010008	3	17.0	4.0	0,951	true	[010002, 010000, 010001, 010003, 010008]
4662	10	010002	010008	4	24.0	6.0	0,867	true	[010002, 010000, 010001, 010004, 010005, 010006, 010003, 010008]
4663	10	010002	010008	5	24.0	6.0	0,867	true	[010002, 010000, 010001, 010004, 010005, 010006, 010008]
4664	10	010002	010008	6	22.0	4.0	0,894	true	[010002, 010000, 010001, 010004, 010005, 010008]
4665	10	010002	010008	7	24.0	6.0	0,903	true	[010002, 010000, 010001, 010004, 010006, 010003, 010008]
4666	10	010002	010008	8	22.0	4.0	0,876	true	[010002, 010000, 010001, 010004, 010006, 010005, 010008]
4667	10	010002	010008	9	24.0	6.0	0,903	true	[010002, 010000, 010001, 010004, 010006, 010008]
4668	10	010002	010008	10	5.0	6.0	0,850	true	[010002, 010000, 010001, 010005, 010004, 010006, 010003, 010008]
4669	10	010002	010008	11	5.0	6.0	0,850	true	[010002, 010000, 010001, 010005, 010004, 010006, 010008]
4670	10	010002	010008	12	5.0	6.0	0,904	true	[010002, 010000, 010001, 010005, 010006, 010003, 010008]
4671	10	010002	010008	13	5.0	6.0	0,904	true	[010002, 010000, 010001, 010005, 010006, 010008]
4672	10	010002	010008	14	5.0	4.0	0,931	true	[010002, 010000, 010001, 010005, 010008]
4673	10	010002	010008	15	24.0	5.0	0,951	true	[010002, 010000, 010001, 010006, 010003, 010008]
4674	10	010002	010008	16	22.0	4.0	0,867	true	[010002, 010000, 010001, 010006, 010004, 010005, 010008]
4675	10	010002	010008	17	22.0	4.0	0,922	true	[010002, 010000, 010001, 010006, 010005, 010008]
4676	10	010002	010008	18	24.0	5.0	0,951	true	[010002, 010000, 010001, 010006, 010008]
4677	10	010002	010008	19	24.0	3.0	0,941	true	[010002, 010000, 010001, 010007, 010008]
4678	10	010002	010008	20	24.0	3.0	0,941	true	[010002, 010000, 010001, 010008]
4679	10	010002	010008	21	17.0	4.0	0,850	true	[010002, 010000, 010003, 010001, 010004, 010005, 010006, 010008]
4680	10	010002	010008	22	17.0	4.0	0,876	true	[010002, 010000, 010003, 010001, 010004, 010005, 010008]
4681	10	010002	010008	23	17.0	4.0	0,859	true	[010002, 010000, 010003, 010001, 010004, 010006, 010005, 010008]
4682	10	010002	010008	24	17.0	4.0	0,885	true	[010002, 010000, 010003, 010001, 010004, 010006, 010008]
4683	10	010002	010008	25	5.0	4.0	0,833	true	[010002, 010000, 010003, 010001, 010005, 010004, 010006, 010008]
4684	10	010002	010008	26	5.0	4.0	0,885	true	[010002, 010000, 010003, 010001, 010005, 010006, 010008]
4685	10	010002	010008	27	5.0	4.0	0,913	true	[010002, 010000, 010003, 010001, 010005, 010008]
4686	10	010002	010008	28	17.0	4.0	0,850	true	[010002, 010000, 010003, 010001, 010006, 010004, 010005, 010008]
4687	10	010002	010008	29	17.0	4.0	0,904	true	[010002, 010000, 010003, 010001, 010006, 010005, 010008]
4688	10	010002	010008	30	17.0	4.0	0,932	true	[010002, 010000, 010003, 010001, 010006, 010008]
4689	10	010002	010008	31	17.0	3.0	0,922	true	[010002, 010000, 010003, 010001, 010007, 010008]
4690	10	010002	010008	32	17.0	3.0	0,922	true	[010002, 010000, 010003, 010001, 010008]
4691	10	010002	010008	33	19.0	4.0	0,876	true	[010002, 010000, 010003, 010006, 010001, 010004, 010005, 010008]
4692	10	010002	010008	34	5.0	4.0	0,913	true	[010002, 010000, 010003, 010006, 010001, 010005, 010008]
4693	10	010002	010008	35	19.0	3.0	0,922	true	[010002, 010000, 010003, 010006, 010001, 010007, 010008]
4694	10	010002	010008	36	19.0	3.0	0,922	true	[010002, 010000, 010003, 010006, 010001, 010008]
4695	10	010002	010008	37	5.0	4.0	0,867	true	[010002, 010000, 010003, 010006, 010004, 010001, 010005, 010008]
4696	10	010002	010008	38	19.0	3.0	0,876	true	[010002, 010000, 010003, 010006, 010004, 010001, 010007, 010008]
4697	10	010002	010008	39	19.0	3.0	0,876	true	[010002, 010000, 010003, 010006, 010004, 010001, 010008]
4698	10	010002	010008	40	5.0	3.0	0,824	true	[010002, 010000, 010003, 010006, 010004, 010005, 010001, 010007, 010008]
4699	10	010002	010008	41	5.0	3.0	0,824	true	[010002, 010000, 010003, 010006, 010004, 010005, 010001, 010008]
4700	10	010002	010008	42	19.0	4.0	0,867	true	[010002, 010000, 010003, 010006, 010004, 010005, 010008]
4701	10	010002	010008	43	5.0	3.0	0,877	true	[010002, 010000, 010003, 010006, 010005, 010001, 010007, 010008]
4702	10	010002	010008	44	5.0	3.0	0,877	true	[010002, 010000, 010003, 010006, 010005, 010001, 010008]
4703	10	010002	010008	45	19.0	3.0	0,841	true	[010002, 010000, 010003, 010006, 010005, 010004, 010001, 010007, 010008]
4704	10	010002	010008	46	19.0	3.0	0,841	true	[010002, 010000, 010003, 010006, 010005, 010004, 010001, 010008]
4705	10	010002	010008	47	19.0	4.0	0,922	true	[010002, 010000, 010003, 010006, 010005, 010008]
4706	10	010002	010008	48	19.0	6.0	0,951	true	[010002, 010000, 010003, 010006, 010008]
4707	10	010002	010008	49	19.0	6.0	0,951	true	[010002, 010000, 010003, 010008]
4708	10	010002	010008	50	17.0	4.0	0,904	true	[010002, 010000, 010004, 010001, 010003, 010006, 010005, 010008]
4709	10	010002	010008	51	17.0	4.0	0,932	true	[010002, 010000, 010004, 010001, 010003, 010006, 010008]
4710	10	010002	010008	52	17.0	4.0	0,932	true	[010002, 010000, 010004, 010001, 010003, 010008]
4711	10	010002	010008	53	5.0	6.0	0,885	true	[010002, 010000, 010004, 010001, 010005, 010006, 010003, 010008]
4712	10	010002	010008	54	5.0	6.0	0,885	true	[010002, 010000, 010004, 010001, 010005, 010006, 010008]
4713	10	010002	010008	55	5.0	4.0	0,913	true	[010002, 010000, 010004, 010001, 010005, 010008]
4714	10	010002	010008	56	25.0	5.0	0,932	true	[010002, 010000, 010004, 010001, 010006, 010003, 010008]
4715	10	010002	010008	57	22.0	4.0	0,904	true	[010002, 010000, 010004, 010001, 010006, 010005, 010008]
4716	10	010002	010008	58	25.0	5.0	0,932	true	[010002, 010000, 010004, 010001, 010006, 010008]
4717	10	010002	010008	59	34.0	3.0	0,922	true	[010002, 010000, 010004, 010001, 010007, 010008]
4718	10	010002	010008	60	34.0	3.0	0,922	true	[010002, 010000, 010004, 010001, 010008]
4719	10	010002	010008	61	5.0	4.0	0,876	true	[010002, 010000, 010004, 010005, 010001, 010003, 010006, 010008]
4720	10	010002	010008	62	5.0	4.0	0,876	true	[010002, 010000, 010004, 010005, 010001, 010003, 010008]
4721	10	010002	010008	63	5.0	5.0	0,876	true	[010002, 010000, 010004, 010005, 010001, 010006, 010003, 010008]
4722	10	010002	010008	64	5.0	5.0	0,876	true	[010002, 010000, 010004, 010005, 010001, 010006, 010008]
4723	10	010002	010008	65	5.0	3.0	0,867	true	[010002, 010000, 010004, 010005, 010001, 010007, 010008]
4724	10	010002	010008	66	5.0	3.0	0,867	true	[010002, 010000, 010004, 010005, 010001, 010008]
4725	10	010002	010008	67	17.0	4.0	0,867	true	[010002, 010000, 010004, 010005, 010006, 010001, 010003, 010008]
4726	10	010002	010008	68	25.0	3.0	0,859	true	[010002, 010000, 010004, 010005, 010006, 010001, 010007, 010008]
4727	10	010002	010008	69	25.0	3.0	0,859	true	[010002, 010000, 010004, 010005, 010006, 010001, 010008]
4728	10	010002	010008	70	17.0	3.0	0,859	true	[010002, 010000, 010004, 010005, 010006, 010003, 010001, 010007, 010008]
4729	10	010002	010008	71	17.0	3.0	0,859	true	[010002, 010000, 010004, 010005, 010006, 010003, 010001, 010008]
4730	10	010002	010008	72	34.0	6.0	0,885	true	[010002, 010000, 010004, 010005, 010006, 010003, 010008]
4731	10	010002	010008	73	27.0	6.0	0,885	true	[010002, 010000, 010004, 010005, 010006, 010008]
4732	10	010002	010008	74	22.0	4.0	0,912	true	[010002, 010000, 010004, 010005, 010008]
4733	10	010002	010008	75	17.0	4.0	0,904	true	[010002, 010000, 010004, 010006, 010001, 010003, 010008]
4734	10	010002	010008	76	5.0	4.0	0,885	true	[010002, 010000, 010004, 010006, 010001, 010005, 010008]
4735	10	010002	010008	77	25.0	3.0	0,894	true	[010002, 010000, 010004, 010006, 010001, 010007, 010008]
4736	10	010002	010008	78	25.0	3.0	0,894	true	[010002, 010000, 010004, 010006, 010001, 010008]
4737	10	010002	010008	79	5.0	4.0	0,885	true	[010002, 010000, 010004, 010006, 010003, 010001, 010005, 010008]
4738	10	010002	010008	80	17.0	3.0	0,894	true	[010002, 010000, 010004, 010006, 010003, 010001, 010007, 010008]
4739	10	010002	010008	81	17.0	3.0	0,894	true	[010002, 010000, 010004, 010006, 010003, 010001, 010008]
4740	10	010002	010008	82	33.0	6.0	0,922	true	[010002, 010000, 010004, 010006, 010003, 010008]
4741	10	010002	010008	83	5.0	4.0	0,859	true	[010002, 010000, 010004, 010006, 010005, 010001, 010003, 010008]
4742	10	010002	010008	84	5.0	3.0	0,850	true	[010002, 010000, 010004, 010006, 010005, 010001, 010007, 010008]
4743	10	010002	010008	85	5.0	3.0	0,850	true	[010002, 010000, 010004, 010006, 010005, 010001, 010008]
4744	10	010002	010008	86	22.0	4.0	0,894	true	[010002, 010000, 010004, 010006, 010005, 010008]
4745	10	010002	010008	87	27.0	6.0	0,922	true	[010002, 010000, 010004, 010006, 010008]
4746	10	010002	010008	88	5.0	4.0	0,894	true	[010002, 010000, 010005, 010001, 010003, 010006, 010008]
4747	10	010002	010008	89	5.0	4.0	0,894	true	[010002, 010000, 010005, 010001, 010003, 010008]
4748	10	010002	010008	90	5.0	6.0	0,850	true	[010002, 010000, 010005, 010001, 010004, 010006, 010003, 010008]
4749	10	010002	010008	91	5.0	6.0	0,850	true	[010002, 010000, 010005, 010001, 010004, 010006, 010008]
4750	10	010002	010008	92	5.0	5.0	0,894	true	[010002, 010000, 010005, 010001, 010006, 010003, 010008]
4751	10	010002	010008	93	5.0	5.0	0,894	true	[010002, 010000, 010005, 010001, 010006, 010008]
4752	10	010002	010008	94	5.0	3.0	0,885	true	[010002, 010000, 010005, 010001, 010007, 010008]
4753	10	010002	010008	95	5.0	3.0	0,885	true	[010002, 010000, 010005, 010001, 010008]
4754	10	010002	010008	96	17.0	4.0	0,858	true	[010002, 010000, 010005, 010004, 010001, 010003, 010006, 010008]
4755	10	010002	010008	97	17.0	4.0	0,858	true	[010002, 010000, 010005, 010004, 010001, 010003, 010008]
4756	10	010002	010008	98	25.0	5.0	0,858	true	[010002, 010000, 010005, 010004, 010001, 010006, 010003, 010008]
4757	10	010002	010008	99	25.0	5.0	0,858	true	[010002, 010000, 010005, 010004, 010001, 010006, 010008]
4758	10	010002	010008	100	29.0	3.0	0,850	true	[010002, 010000, 010005, 010004, 010001, 010007, 010008]
4759	10	010002	010008	101	29.0	3.0	0,850	true	[010002, 010000, 010005, 010004, 010001, 010008]
4760	10	010002	010008	102	22.0	4.0	0,931	true	[010002, 010000, 010005, 010008]
4761	10	010002	010008	103	14.0	6.0	0,931	true	[010002, 010000, 010008]
4762	10	010002	010008	104	38.0	7.0	0,950	true	[010002, 010008]
4763	11	011006	011007	0	7.0	3.0	0,867	true	[011006, 011001, 011000, 011002, 011003, 011005, 011004, 011008, 011007]
4764	11	011006	011007	1	7.0	3.0	0,895	true	[011006, 011001, 011000, 011002, 011003, 011005, 011007]
4765	11	011006	011007	2	7.0	3.0	0,867	true	[011006, 011001, 011000, 011002, 011003, 011005, 011008, 011007]
4766	11	011006	011007	3	7.0	3.0	0,885	true	[011006, 011001, 011000, 011002, 011003, 011007]
4767	11	011006	011007	4	7.0	3.0	0,868	true	[011006, 011001, 011000, 011002, 011003, 011008, 011004, 011005, 011007]
4768	11	011006	011007	5	7.0	3.0	0,868	true	[011006, 011001, 011000, 011002, 011003, 011008, 011005, 011007]
4769	11	011006	011007	6	7.0	3.0	0,841	true	[011006, 011001, 011000, 011002, 011003, 011008, 011007]
4770	11	011006	011007	7	7.0	3.0	0,913	true	[011006, 011001, 011000, 011002, 011004, 011005, 011003, 011007]
4771	11	011006	011007	8	7.0	3.0	0,868	true	[011006, 011001, 011000, 011002, 011004, 011005, 011003, 011008, 011007]
4772	11	011006	011007	9	7.0	3.0	0,922	true	[011006, 011001, 011000, 011002, 011004, 011005, 011007]
4773	11	011006	011007	10	7.0	3.0	0,886	true	[011006, 011001, 011000, 011002, 011004, 011005, 011008, 011003, 011007]
4774	11	011006	011007	11	7.0	3.0	0,895	true	[011006, 011001, 011000, 011002, 011004, 011005, 011008, 011007]
4775	11	011006	011007	12	7.0	3.0	0,895	true	[011006, 011001, 011000, 011002, 011004, 011008, 011003, 011005, 011007]
4776	11	011006	011007	13	7.0	3.0	0,886	true	[011006, 011001, 011000, 011002, 011004, 011008, 011003, 011007]
4777	11	011006	011007	14	7.0	3.0	0,913	true	[011006, 011001, 011000, 011002, 011004, 011008, 011005, 011003, 011007]
4778	11	011006	011007	15	7.0	3.0	0,922	true	[011006, 011001, 011000, 011002, 011004, 011008, 011005, 011007]
4779	11	011006	011007	16	7.0	3.0	0,895	true	[011006, 011001, 011000, 011002, 011004, 011008, 011007]
4780	11	011006	011007	17	7.0	3.0	0,876	true	[011006, 011001, 011000, 011002, 011005, 011003, 011007]
4781	11	011006	011007	18	7.0	3.0	0,833	true	[011006, 011001, 011000, 011002, 011005, 011003, 011008, 011007]
4782	11	011006	011007	19	7.0	3.0	0,850	true	[011006, 011001, 011000, 011002, 011005, 011004, 011008, 011003, 011007]
4783	11	011006	011007	20	7.0	3.0	0,858	true	[011006, 011001, 011000, 011002, 011005, 011004, 011008, 011007]
4784	11	011006	011007	21	7.0	3.0	0,885	true	[011006, 011001, 011000, 011002, 011005, 011007]
4785	11	011006	011007	22	7.0	3.0	0,850	true	[011006, 011001, 011000, 011002, 011005, 011008, 011003, 011007]
4786	11	011006	011007	23	7.0	3.0	0,858	true	[011006, 011001, 011000, 011002, 011005, 011008, 011007]
4787	11	011006	011007	24	7.0	3.0	0,922	true	[011006, 011001, 011000, 011002, 011007]
4788	11	011006	011007	25	7.0	3.0	0,859	true	[011006, 011001, 011000, 011002, 011008, 011003, 011005, 011007]
4789	11	011006	011007	26	7.0	3.0	0,850	true	[011006, 011001, 011000, 011002, 011008, 011003, 011007]
4790	11	011006	011007	27	7.0	3.0	0,876	true	[011006, 011001, 011000, 011002, 011008, 011004, 011005, 011003, 011007]
4791	11	011006	011007	28	7.0	3.0	0,885	true	[011006, 011001, 011000, 011002, 011008, 011004, 011005, 011007]
4792	11	011006	011007	29	7.0	3.0	0,876	true	[011006, 011001, 011000, 011002, 011008, 011005, 011003, 011007]
4793	11	011006	011007	30	7.0	3.0	0,885	true	[011006, 011001, 011000, 011002, 011008, 011005, 011007]
4794	11	011006	011007	31	7.0	3.0	0,858	true	[011006, 011001, 011000, 011002, 011008, 011007]
4795	11	011006	011007	32	7.0	3.0	0,886	true	[011006, 011001, 011000, 011003, 011002, 011004, 011005, 011007]
4796	11	011006	011007	33	7.0	3.0	0,859	true	[011006, 011001, 011000, 011003, 011002, 011004, 011005, 011008, 011007]
4797	11	011006	011007	34	7.0	3.0	0,886	true	[011006, 011001, 011000, 011003, 011002, 011004, 011008, 011005, 011007]
4798	11	011006	011007	35	7.0	3.0	0,859	true	[011006, 011001, 011000, 011003, 011002, 011004, 011008, 011007]
4799	11	011006	011007	36	7.0	3.0	0,824	true	[011006, 011001, 011000, 011003, 011002, 011005, 011004, 011008, 011007]
4800	11	011006	011007	37	7.0	3.0	0,850	true	[011006, 011001, 011000, 011003, 011002, 011005, 011007]
4801	11	011006	011007	38	7.0	3.0	0,824	true	[011006, 011001, 011000, 011003, 011002, 011005, 011008, 011007]
4802	11	011006	011007	39	7.0	3.0	0,885	true	[011006, 011001, 011000, 011003, 011002, 011007]
4803	11	011006	011007	40	7.0	3.0	0,850	true	[011006, 011001, 011000, 011003, 011002, 011008, 011004, 011005, 011007]
4804	11	011006	011007	41	7.0	3.0	0,850	true	[011006, 011001, 011000, 011003, 011002, 011008, 011005, 011007]
4805	11	011006	011007	42	7.0	3.0	0,824	true	[011006, 011001, 011000, 011003, 011002, 011008, 011007]
4806	11	011006	011007	43	7.0	3.0	0,850	true	[011006, 011001, 011000, 011003, 011005, 011002, 011004, 011008, 011007]
4807	11	011006	011007	44	7.0	3.0	0,876	true	[011006, 011001, 011000, 011003, 011005, 011002, 011007]
4808	11	011006	011007	45	7.0	3.0	0,815	true	[011006, 011001, 011000, 011003, 011005, 011002, 011008, 011007]
4809	11	011006	011007	46	7.0	3.0	0,913	true	[011006, 011001, 011000, 011003, 011005, 011004, 011002, 011007]
4810	11	011006	011007	47	7.0	3.0	0,850	true	[011006, 011001, 011000, 011003, 011005, 011004, 011002, 011008, 011007]
4811	11	011006	011007	48	7.0	3.0	0,876	true	[011006, 011001, 011000, 011003, 011005, 011004, 011008, 011002, 011007]
4812	11	011006	011007	49	7.0	3.0	0,904	true	[011006, 011001, 011000, 011003, 011005, 011004, 011008, 011007]
4813	11	011006	011007	50	7.0	3.0	0,932	true	[011006, 011001, 011000, 011003, 011005, 011007]
4814	11	011006	011007	51	7.0	3.0	0,876	true	[011006, 011001, 011000, 011003, 011005, 011008, 011002, 011007]
4815	11	011006	011007	52	7.0	3.0	0,913	true	[011006, 011001, 011000, 011003, 011005, 011008, 011004, 011002, 011007]
4816	11	011006	011007	53	7.0	3.0	0,904	true	[011006, 011001, 011000, 011003, 011005, 011008, 011007]
4817	11	011006	011007	54	7.0	3.0	0,922	true	[011006, 011001, 011000, 011003, 011007]
4818	11	011006	011007	55	7.0	3.0	0,850	true	[011006, 011001, 011000, 011003, 011008, 011002, 011004, 011005, 011007]
4819	11	011006	011007	56	7.0	3.0	0,816	true	[011006, 011001, 011000, 011003, 011008, 011002, 011005, 011007]
4820	11	011006	011007	57	7.0	3.0	0,850	true	[011006, 011001, 011000, 011003, 011008, 011002, 011007]
4821	11	011006	011007	58	7.0	3.0	0,850	true	[011006, 011001, 011000, 011003, 011008, 011004, 011002, 011005, 011007]
4822	11	011006	011007	59	7.0	3.0	0,886	true	[011006, 011001, 011000, 011003, 011008, 011004, 011002, 011007]
4823	11	011006	011007	60	7.0	3.0	0,850	true	[011006, 011001, 011000, 011003, 011008, 011004, 011005, 011002, 011007]
4824	11	011006	011007	61	7.0	3.0	0,904	true	[011006, 011001, 011000, 011003, 011008, 011004, 011005, 011007]
4825	11	011006	011007	62	7.0	3.0	0,850	true	[011006, 011001, 011000, 011003, 011008, 011005, 011002, 011007]
4826	11	011006	011007	63	7.0	3.0	0,886	true	[011006, 011001, 011000, 011003, 011008, 011005, 011004, 011002, 011007]
4827	11	011006	011007	64	7.0	3.0	0,904	true	[011006, 011001, 011000, 011003, 011008, 011005, 011007]
4828	11	011006	011007	65	7.0	3.0	0,876	true	[011006, 011001, 011000, 011003, 011008, 011007]
4829	11	011006	011007	66	7.0	3.0	0,841	true	[011006, 011001, 011000, 011005, 011002, 011003, 011007]
4830	11	011006	011007	67	7.0	3.0	0,799	true	[011006, 011001, 011000, 011005, 011002, 011003, 011008, 011007]
4831	11	011006	011007	68	7.0	3.0	0,841	true	[011006, 011001, 011000, 011005, 011002, 011004, 011008, 011003, 011007]
4832	11	011006	011007	69	7.0	3.0	0,850	true	[011006, 011001, 011000, 011005, 011002, 011004, 011008, 011007]
4833	11	011006	011007	70	7.0	3.0	0,876	true	[011006, 011001, 011000, 011005, 011002, 011007]
4834	11	011006	011007	71	7.0	3.0	0,807	true	[011006, 011001, 011000, 011005, 011002, 011008, 011003, 011007]
4835	11	011006	011007	72	7.0	3.0	0,815	true	[011006, 011001, 011000, 011005, 011002, 011008, 011007]
4836	11	011006	011007	73	7.0	3.0	0,859	true	[011006, 011001, 011000, 011005, 011003, 011002, 011004, 011008, 011007]
4837	11	011006	011007	74	7.0	3.0	0,885	true	[011006, 011001, 011000, 011005, 011003, 011002, 011007]
4838	11	011006	011007	75	7.0	3.0	0,824	true	[011006, 011001, 011000, 011005, 011003, 011002, 011008, 011007]
4839	11	011006	011007	76	7.0	3.0	0,922	true	[011006, 011001, 011000, 011005, 011003, 011007]
4840	11	011006	011007	77	7.0	3.0	0,850	true	[011006, 011001, 011000, 011005, 011003, 011008, 011002, 011007]
4841	11	011006	011007	78	7.0	3.0	0,886	true	[011006, 011001, 011000, 011005, 011003, 011008, 011004, 011002, 011007]
4842	11	011006	011007	79	7.0	3.0	0,876	true	[011006, 011001, 011000, 011005, 011003, 011008, 011007]
4843	11	011006	011007	80	7.0	3.0	0,877	true	[011006, 011001, 011000, 011005, 011004, 011002, 011003, 011007]
4844	11	011006	011007	81	7.0	3.0	0,833	true	[011006, 011001, 011000, 011005, 011004, 011002, 011003, 011008, 011007]
4845	11	011006	011007	82	7.0	3.0	0,913	true	[011006, 011001, 011000, 011005, 011004, 011002, 011007]
4846	11	011006	011007	83	7.0	3.0	0,841	true	[011006, 011001, 011000, 011005, 011004, 011002, 011008, 011003, 011007]
4847	11	011006	011007	84	7.0	3.0	0,850	true	[011006, 011001, 011000, 011005, 011004, 011002, 011008, 011007]
4848	11	011006	011007	85	7.0	3.0	0,841	true	[011006, 011001, 011000, 011005, 011004, 011008, 011002, 011003, 011007]
4849	11	011006	011007	86	7.0	3.0	0,876	true	[011006, 011001, 011000, 011005, 011004, 011008, 011002, 011007]
4850	11	011006	011007	87	7.0	3.0	0,859	true	[011006, 011001, 011000, 011005, 011004, 011008, 011003, 011002, 011007]
4851	11	011006	011007	88	7.0	3.0	0,895	true	[011006, 011001, 011000, 011005, 011004, 011008, 011003, 011007]
4852	11	011006	011007	89	7.0	3.0	0,904	true	[011006, 011001, 011000, 011005, 011004, 011008, 011007]
4853	11	011006	011007	90	7.0	3.0	0,932	true	[011006, 011001, 011000, 011005, 011007]
4854	11	011006	011007	91	7.0	3.0	0,841	true	[011006, 011001, 011000, 011005, 011008, 011002, 011003, 011007]
4855	11	011006	011007	92	7.0	3.0	0,876	true	[011006, 011001, 011000, 011005, 011008, 011002, 011007]
4856	11	011006	011007	93	7.0	3.0	0,859	true	[011006, 011001, 011000, 011005, 011008, 011003, 011002, 011007]
4857	11	011006	011007	94	7.0	3.0	0,895	true	[011006, 011001, 011000, 011005, 011008, 011003, 011007]
4858	11	011006	011007	95	7.0	3.0	0,877	true	[011006, 011001, 011000, 011005, 011008, 011004, 011002, 011003, 011007]
4859	11	011006	011007	96	7.0	3.0	0,913	true	[011006, 011001, 011000, 011005, 011008, 011004, 011002, 011007]
4860	11	011006	011007	97	7.0	3.0	0,904	true	[011006, 011001, 011000, 011005, 011008, 011007]
4861	11	011006	011007	98	7.0	3.0	0,941	true	[011006, 011001, 011000, 011007]
4862	11	011006	011007	99	7.0	3.0	0,886	true	[011006, 011001, 011003, 011000, 011002, 011004, 011005, 011007]
4863	11	011006	011007	100	7.0	5.0	0,859	true	[011006, 011001, 011003, 011000, 011002, 011004, 011005, 011008, 011007]
4864	11	011006	011007	101	7.0	5.0	0,885	true	[011006, 011001, 011003, 011000, 011002, 011007]
4865	11	011006	011007	102	7.0	4.0	0,904	true	[011006, 011001, 011003, 011000, 011007]
4866	11	011006	011007	103	15.0	5.0	0,922	true	[011006, 011001, 011003, 011007]
4867	11	011006	011007	104	57.0	4.0	0,931	true	[011006, 011001, 011007]
4868	11	011006	011007	105	60.0	5.0	0,970	true	[011006, 011007]
4869	12	012004	012007	0	9.0	6.0	0,833	true	[012004, 012000, 012002, 012001, 012003, 012006, 012005, 012007]
4870	12	012004	012007	1	9.0	6.0	0,800	true	[012004, 012000, 012002, 012001, 012003, 012006, 012005, 012008, 012007]
4871	12	012004	012007	2	10.0	7.0	0,867	true	[012004, 012000, 012002, 012001, 012003, 012007]
4872	12	012004	012007	3	9.0	3.0	0,833	true	[012004, 012000, 012002, 012001, 012005, 012006, 012003, 012007]
4873	12	012004	012007	4	19.0	3.0	0,904	true	[012004, 012000, 012002, 012001, 012005, 012007]
4874	12	012004	012007	5	19.0	3.0	0,868	true	[012004, 012000, 012002, 012001, 012005, 012008, 012007]
4875	12	012004	012007	6	19.0	7.0	0,894	true	[012004, 012000, 012002, 012001, 012007]
4876	12	012004	012007	7	9.0	6.0	0,783	true	[012004, 012000, 012002, 012001, 012008, 012005, 012006, 012003, 012007]
4877	12	012004	012007	8	19.0	7.0	0,850	true	[012004, 012000, 012002, 012001, 012008, 012005, 012007]
4878	12	012004	012007	9	19.0	7.0	0,885	true	[012004, 012000, 012002, 012001, 012008, 012007]
4879	12	012004	012007	10	5.0	3.0	0,850	true	[012004, 012000, 012002, 012003, 012001, 012005, 012007]
4880	12	012004	012007	11	5.0	3.0	0,816	true	[012004, 012000, 012002, 012003, 012001, 012005, 012008, 012007]
4881	12	012004	012007	12	5.0	7.0	0,841	true	[012004, 012000, 012002, 012003, 012001, 012007]
4882	12	012004	012007	13	5.0	7.0	0,799	true	[012004, 012000, 012002, 012003, 012001, 012008, 012005, 012007]
4883	12	012004	012007	14	5.0	7.0	0,833	true	[012004, 012000, 012002, 012003, 012001, 012008, 012007]
4884	12	012004	012007	15	5.0	3.0	0,808	true	[012004, 012000, 012002, 012003, 012006, 012005, 012001, 012007]
4885	12	012004	012007	16	5.0	3.0	0,800	true	[012004, 012000, 012002, 012003, 012006, 012005, 012001, 012008, 012007]
4886	12	012004	012007	17	5.0	6.0	0,850	true	[012004, 012000, 012002, 012003, 012006, 012005, 012007]
4887	12	012004	012007	18	5.0	6.0	0,760	true	[012004, 012000, 012002, 012003, 012006, 012005, 012008, 012001, 012007]
4888	12	012004	012007	19	5.0	6.0	0,816	true	[012004, 012000, 012002, 012003, 012006, 012005, 012008, 012007]
4889	12	012004	012007	20	5.0	7.0	0,885	true	[012004, 012000, 012002, 012003, 012007]
4890	12	012004	012007	21	10.0	3.0	0,841	true	[012004, 012000, 012002, 012005, 012001, 012003, 012007]
4891	12	012004	012007	22	19.0	3.0	0,867	true	[012004, 012000, 012002, 012005, 012001, 012007]
4892	12	012004	012007	23	19.0	3.0	0,859	true	[012004, 012000, 012002, 012005, 012001, 012008, 012007]
4893	12	012004	012007	24	9.0	6.0	0,799	true	[012004, 012000, 012002, 012005, 012006, 012003, 012001, 012007]
4894	12	012004	012007	25	9.0	6.0	0,792	true	[012004, 012000, 012002, 012005, 012006, 012003, 012001, 012008, 012007]
4895	12	012004	012007	26	9.0	6.0	0,841	true	[012004, 012000, 012002, 012005, 012006, 012003, 012007]
4896	12	012004	012007	27	19.0	7.0	0,913	true	[012004, 012000, 012002, 012005, 012007]
4897	12	012004	012007	28	10.0	7.0	0,791	true	[012004, 012000, 012002, 012005, 012008, 012001, 012003, 012007]
4898	12	012004	012007	29	19.0	7.0	0,816	true	[012004, 012000, 012002, 012005, 012008, 012001, 012007]
4899	12	012004	012007	30	19.0	7.0	0,876	true	[012004, 012000, 012002, 012005, 012008, 012007]
4900	12	012004	012007	31	19.0	7.0	0,913	true	[012004, 012000, 012002, 012007]
4901	12	012004	012007	32	9.0	6.0	0,767	true	[012004, 012000, 012002, 012008, 012001, 012003, 012006, 012005, 012007]
4902	12	012004	012007	33	10.0	7.0	0,799	true	[012004, 012000, 012002, 012008, 012001, 012003, 012007]
4903	12	012004	012007	34	9.0	3.0	0,767	true	[012004, 012000, 012002, 012008, 012001, 012005, 012006, 012003, 012007]
4904	12	012004	012007	35	19.0	3.0	0,833	true	[012004, 012000, 012002, 012008, 012001, 012005, 012007]
4905	12	012004	012007	36	19.0	7.0	0,824	true	[012004, 012000, 012002, 012008, 012001, 012007]
4906	12	012004	012007	37	10.0	3.0	0,783	true	[012004, 012000, 012002, 012008, 012005, 012001, 012003, 012007]
4907	12	012004	012007	38	19.0	3.0	0,807	true	[012004, 012000, 012002, 012008, 012005, 012001, 012007]
4908	12	012004	012007	39	9.0	6.0	0,744	true	[012004, 012000, 012002, 012008, 012005, 012006, 012003, 012001, 012007]
4909	12	012004	012007	40	9.0	6.0	0,783	true	[012004, 012000, 012002, 012008, 012005, 012006, 012003, 012007]
4910	12	012004	012007	41	19.0	7.0	0,850	true	[012004, 012000, 012002, 012008, 012005, 012007]
4911	12	012004	012007	42	19.0	7.0	0,885	true	[012004, 012000, 012002, 012008, 012007]
4912	12	012004	012007	43	10.0	7.0	0,850	true	[012004, 012000, 012003, 012001, 012002, 012005, 012007]
4913	12	012004	012007	44	10.0	7.0	0,816	true	[012004, 012000, 012003, 012001, 012002, 012005, 012008, 012007]
4914	12	012004	012007	45	10.0	7.0	0,850	true	[012004, 012000, 012003, 012001, 012002, 012007]
4915	12	012004	012007	46	10.0	7.0	0,791	true	[012004, 012000, 012003, 012001, 012002, 012008, 012005, 012007]
4916	12	012004	012007	47	10.0	7.0	0,824	true	[012004, 012000, 012003, 012001, 012002, 012008, 012007]
4917	12	012004	012007	48	10.0	3.0	0,824	true	[012004, 012000, 012003, 012001, 012005, 012002, 012007]
4918	12	012004	012007	49	10.0	3.0	0,799	true	[012004, 012000, 012003, 012001, 012005, 012002, 012008, 012007]
4919	12	012004	012007	50	10.0	3.0	0,859	true	[012004, 012000, 012003, 012001, 012005, 012007]
4920	12	012004	012007	51	10.0	3.0	0,767	true	[012004, 012000, 012003, 012001, 012005, 012008, 012002, 012007]
4921	12	012004	012007	52	10.0	3.0	0,824	true	[012004, 012000, 012003, 012001, 012005, 012008, 012007]
4922	12	012004	012007	53	10.0	7.0	0,849	true	[012004, 012000, 012003, 012001, 012007]
4923	12	012004	012007	54	10.0	7.0	0,783	true	[012004, 012000, 012003, 012001, 012008, 012002, 012005, 012007]
4924	12	012004	012007	55	10.0	7.0	0,783	true	[012004, 012000, 012003, 012001, 012008, 012002, 012007]
4925	12	012004	012007	56	10.0	7.0	0,775	true	[012004, 012000, 012003, 012001, 012008, 012005, 012002, 012007]
4926	12	012004	012007	57	10.0	7.0	0,807	true	[012004, 012000, 012003, 012001, 012008, 012005, 012007]
4927	12	012004	012007	58	10.0	7.0	0,841	true	[012004, 012000, 012003, 012001, 012008, 012007]
4928	12	012004	012007	59	5.0	3.0	0,859	true	[012004, 012000, 012003, 012002, 012001, 012005, 012007]
4929	12	012004	012007	60	5.0	3.0	0,824	true	[012004, 012000, 012003, 012002, 012001, 012005, 012008, 012007]
4930	12	012004	012007	61	5.0	7.0	0,850	true	[012004, 012000, 012003, 012002, 012001, 012007]
4931	12	012004	012007	62	5.0	7.0	0,808	true	[012004, 012000, 012003, 012002, 012001, 012008, 012005, 012007]
4932	12	012004	012007	63	5.0	7.0	0,841	true	[012004, 012000, 012003, 012002, 012001, 012008, 012007]
4933	12	012004	012007	64	5.0	3.0	0,824	true	[012004, 012000, 012003, 012002, 012005, 012001, 012007]
4934	12	012004	012007	65	5.0	3.0	0,816	true	[012004, 012000, 012003, 012002, 012005, 012001, 012008, 012007]
4935	12	012004	012007	66	5.0	7.0	0,867	true	[012004, 012000, 012003, 012002, 012005, 012007]
4936	12	012004	012007	67	5.0	7.0	0,775	true	[012004, 012000, 012003, 012002, 012005, 012008, 012001, 012007]
4937	12	012004	012007	68	5.0	7.0	0,833	true	[012004, 012000, 012003, 012002, 012005, 012008, 012007]
4938	12	012004	012007	69	5.0	7.0	0,867	true	[012004, 012000, 012003, 012002, 012007]
4939	12	012004	012007	70	5.0	3.0	0,791	true	[012004, 012000, 012003, 012002, 012008, 012001, 012005, 012007]
4940	12	012004	012007	71	5.0	7.0	0,783	true	[012004, 012000, 012003, 012002, 012008, 012001, 012007]
4941	12	012004	012007	72	5.0	3.0	0,767	true	[012004, 012000, 012003, 012002, 012008, 012005, 012001, 012007]
4942	12	012004	012007	73	5.0	7.0	0,807	true	[012004, 012000, 012003, 012002, 012008, 012005, 012007]
4943	12	012004	012007	74	5.0	7.0	0,841	true	[012004, 012000, 012003, 012002, 012008, 012007]
4944	12	012004	012007	75	9.0	3.0	0,816	true	[012004, 012000, 012003, 012006, 012005, 012001, 012002, 012007]
4945	12	012004	012007	76	9.0	3.0	0,791	true	[012004, 012000, 012003, 012006, 012005, 012001, 012002, 012008, 012007]
4946	12	012004	012007	77	9.0	3.0	0,816	true	[012004, 012000, 012003, 012006, 012005, 012001, 012007]
4947	12	012004	012007	78	9.0	3.0	0,752	true	[012004, 012000, 012003, 012006, 012005, 012001, 012008, 012002, 012007]
4948	12	012004	012007	79	9.0	3.0	0,808	true	[012004, 012000, 012003, 012006, 012005, 012001, 012008, 012007]
4949	12	012004	012007	80	9.0	6.0	0,807	true	[012004, 012000, 012003, 012006, 012005, 012002, 012001, 012007]
4950	12	012004	012007	81	9.0	6.0	0,800	true	[012004, 012000, 012003, 012006, 012005, 012002, 012001, 012008, 012007]
4951	12	012004	012007	82	9.0	6.0	0,824	true	[012004, 012000, 012003, 012006, 012005, 012002, 012007]
4952	12	012004	012007	83	9.0	6.0	0,744	true	[012004, 012000, 012003, 012006, 012005, 012002, 012008, 012001, 012007]
4953	12	012004	012007	84	9.0	6.0	0,799	true	[012004, 012000, 012003, 012006, 012005, 012002, 012008, 012007]
4954	12	012004	012007	85	9.0	6.0	0,859	true	[012004, 012000, 012003, 012006, 012005, 012007]
4955	12	012004	012007	86	9.0	6.0	0,767	true	[012004, 012000, 012003, 012006, 012005, 012008, 012001, 012002, 012007]
4956	12	012004	012007	87	9.0	6.0	0,767	true	[012004, 012000, 012003, 012006, 012005, 012008, 012001, 012007]
4957	12	012004	012007	88	9.0	6.0	0,751	true	[012004, 012000, 012003, 012006, 012005, 012008, 012002, 012001, 012007]
4958	12	012004	012007	89	9.0	6.0	0,767	true	[012004, 012000, 012003, 012006, 012005, 012008, 012002, 012007]
4959	12	012004	012007	90	9.0	6.0	0,824	true	[012004, 012000, 012003, 012006, 012005, 012008, 012007]
4960	12	012004	012007	91	19.0	7.0	0,894	true	[012004, 012000, 012003, 012007]
4961	12	012004	012007	92	5.0	3.0	0,859	true	[012004, 012000, 012005, 012001, 012002, 012003, 012007]
4962	12	012004	012007	93	5.0	3.0	0,885	true	[012004, 012000, 012005, 012001, 012002, 012007]
4963	12	012004	012007	94	5.0	3.0	0,859	true	[012004, 012000, 012005, 012001, 012002, 012008, 012007]
4964	12	012004	012007	95	5.0	3.0	0,833	true	[012004, 012000, 012005, 012001, 012003, 012002, 012007]
4965	12	012004	012007	96	5.0	3.0	0,808	true	[012004, 012000, 012005, 012001, 012003, 012002, 012008, 012007]
4966	12	012004	012007	97	5.0	3.0	0,859	true	[012004, 012000, 012005, 012001, 012003, 012007]
4967	12	012004	012007	98	5.0	3.0	0,885	true	[012004, 012000, 012005, 012001, 012007]
4968	12	012004	012007	99	5.0	3.0	0,791	true	[012004, 012000, 012005, 012001, 012008, 012002, 012003, 012007]
4969	12	012004	012007	100	5.0	3.0	0,816	true	[012004, 012000, 012005, 012001, 012008, 012002, 012007]
4970	12	012004	012007	101	5.0	3.0	0,876	true	[012004, 012000, 012005, 012001, 012008, 012007]
4971	12	012004	012007	102	5.0	3.0	0,932	true	[012004, 012000, 012005, 012007]
4972	13	013003	013006	0	29.0	3.0	0,858	true	[013003, 013000, 013002, 013001, 013004, 013006]
4973	13	013003	013006	1	29.0	3.0	0,858	true	[013003, 013000, 013002, 013001, 013004, 013007, 013005, 013006]
4974	13	013003	013006	2	29.0	3.0	0,815	true	[013003, 013000, 013002, 013001, 013004, 013007, 013006]
4975	13	013003	013006	3	8.0	3.0	0,841	true	[013003, 013000, 013002, 013001, 013004, 013008, 013005, 013006]
4976	13	013003	013006	4	8.0	3.0	0,799	true	[013003, 013000, 013002, 013001, 013004, 013008, 013005, 013007, 013006]
4977	13	013003	013006	5	29.0	3.0	0,858	true	[013003, 013000, 013002, 013001, 013006]
4978	13	013003	013006	6	25.0	3.0	0,799	true	[013003, 013000, 013002, 013001, 013007, 013004, 013006]
4979	13	013003	013006	7	8.0	3.0	0,783	true	[013003, 013000, 013002, 013001, 013007, 013004, 013008, 013005, 013006]
4980	13	013003	013006	8	25.0	3.0	0,849	true	[013003, 013000, 013002, 013001, 013007, 013005, 013006]
4981	13	013003	013006	9	8.0	3.0	0,783	true	[013003, 013000, 013002, 013001, 013007, 013005, 013008, 013004, 013006]
4982	13	013003	013006	10	25.0	3.0	0,807	true	[013003, 013000, 013002, 013001, 013007, 013006]
4983	13	013003	013006	11	8.0	3.0	0,807	true	[013003, 013000, 013002, 013001, 013008, 013004, 013006]
4984	13	013003	013006	12	8.0	3.0	0,807	true	[013003, 013000, 013002, 013001, 013008, 013004, 013007, 013005, 013006]
4985	13	013003	013006	13	8.0	3.0	0,767	true	[013003, 013000, 013002, 013001, 013008, 013004, 013007, 013006]
4986	13	013003	013006	14	8.0	3.0	0,824	true	[013003, 013000, 013002, 013001, 013008, 013005, 013006]
4987	13	013003	013006	15	8.0	3.0	0,775	true	[013003, 013000, 013002, 013001, 013008, 013005, 013007, 013004, 013006]
4988	13	013003	013006	16	8.0	3.0	0,782	true	[013003, 013000, 013002, 013001, 013008, 013005, 013007, 013006]
4989	13	013003	013006	17	29.0	3.0	0,885	true	[013003, 013000, 013002, 013005, 013006]
4990	13	013003	013006	18	25.0	3.0	0,807	true	[013003, 013000, 013002, 013005, 013007, 013001, 013004, 013006]
4991	13	013003	013006	19	25.0	3.0	0,807	true	[013003, 013000, 013002, 013005, 013007, 013001, 013006]
4992	13	013003	013006	20	8.0	3.0	0,759	true	[013003, 013000, 013002, 013005, 013007, 013001, 013008, 013004, 013006]
4993	13	013003	013006	21	29.0	3.0	0,816	true	[013003, 013000, 013002, 013005, 013007, 013004, 013001, 013006]
4994	13	013003	013006	22	29.0	3.0	0,832	true	[013003, 013000, 013002, 013005, 013007, 013004, 013006]
4995	13	013003	013006	23	8.0	3.0	0,767	true	[013003, 013000, 013002, 013005, 013007, 013004, 013008, 013001, 013006]
4996	13	013003	013006	24	29.0	3.0	0,840	true	[013003, 013000, 013002, 013005, 013007, 013006]
4997	13	013003	013006	25	8.0	3.0	0,783	true	[013003, 013000, 013002, 013005, 013008, 013001, 013004, 013006]
4998	13	013003	013006	26	8.0	3.0	0,744	true	[013003, 013000, 013002, 013005, 013008, 013001, 013004, 013007, 013006]
4999	13	013003	013006	27	8.0	3.0	0,783	true	[013003, 013000, 013002, 013005, 013008, 013001, 013006]
5000	13	013003	013006	28	8.0	3.0	0,729	true	[013003, 013000, 013002, 013005, 013008, 013001, 013007, 013004, 013006]
5001	13	013003	013006	29	8.0	3.0	0,736	true	[013003, 013000, 013002, 013005, 013008, 013001, 013007, 013006]
5002	13	013003	013006	30	8.0	3.0	0,799	true	[013003, 013000, 013002, 013005, 013008, 013004, 013001, 013006]
5003	13	013003	013006	31	8.0	3.0	0,751	true	[013003, 013000, 013002, 013005, 013008, 013004, 013001, 013007, 013006]
5004	13	013003	013006	32	8.0	3.0	0,816	true	[013003, 013000, 013002, 013005, 013008, 013004, 013006]
5005	13	013003	013006	33	8.0	3.0	0,744	true	[013003, 013000, 013002, 013005, 013008, 013004, 013007, 013001, 013006]
5006	13	013003	013006	34	8.0	3.0	0,775	true	[013003, 013000, 013002, 013005, 013008, 013004, 013007, 013006]
5007	13	013003	013006	35	12.0	3.0	0,885	true	[013003, 013000, 013002, 013006]
5008	13	013003	013006	36	8.0	3.0	0,790	true	[013003, 013000, 013002, 013008, 013001, 013004, 013006]
5009	13	013003	013006	37	8.0	3.0	0,790	true	[013003, 013000, 013002, 013008, 013001, 013004, 013007, 013005, 013006]
5010	13	013003	013006	38	8.0	3.0	0,751	true	[013003, 013000, 013002, 013008, 013001, 013004, 013007, 013006]
5011	13	013003	013006	39	8.0	3.0	0,790	true	[013003, 013000, 013002, 013008, 013001, 013006]
5012	13	013003	013006	40	8.0	3.0	0,736	true	[013003, 013000, 013002, 013008, 013001, 013007, 013004, 013006]
5013	13	013003	013006	41	8.0	3.0	0,782	true	[013003, 013000, 013002, 013008, 013001, 013007, 013005, 013006]
5014	13	013003	013006	42	8.0	3.0	0,743	true	[013003, 013000, 013002, 013008, 013001, 013007, 013006]
5015	13	013003	013006	43	8.0	3.0	0,807	true	[013003, 013000, 013002, 013008, 013004, 013001, 013006]
5016	13	013003	013006	44	8.0	3.0	0,799	true	[013003, 013000, 013002, 013008, 013004, 013001, 013007, 013005, 013006]
5017	13	013003	013006	45	8.0	3.0	0,759	true	[013003, 013000, 013002, 013008, 013004, 013001, 013007, 013006]
5018	13	013003	013006	46	8.0	3.0	0,824	true	[013003, 013000, 013002, 013008, 013004, 013006]
5019	13	013003	013006	47	8.0	3.0	0,751	true	[013003, 013000, 013002, 013008, 013004, 013007, 013001, 013006]
5020	13	013003	013006	48	8.0	3.0	0,824	true	[013003, 013000, 013002, 013008, 013004, 013007, 013005, 013006]
5021	13	013003	013006	49	8.0	3.0	0,782	true	[013003, 013000, 013002, 013008, 013004, 013007, 013006]
5022	13	013003	013006	50	8.0	3.0	0,840	true	[013003, 013000, 013002, 013008, 013005, 013006]
5023	13	013003	013006	51	8.0	3.0	0,767	true	[013003, 013000, 013002, 013008, 013005, 013007, 013001, 013004, 013006]
5024	13	013003	013006	52	8.0	3.0	0,766	true	[013003, 013000, 013002, 013008, 013005, 013007, 013001, 013006]
5025	13	013003	013006	53	8.0	3.0	0,775	true	[013003, 013000, 013002, 013008, 013005, 013007, 013004, 013001, 013006]
5026	13	013003	013006	54	8.0	3.0	0,791	true	[013003, 013000, 013002, 013008, 013005, 013007, 013004, 013006]
5027	13	013003	013006	55	8.0	3.0	0,798	true	[013003, 013000, 013002, 013008, 013005, 013007, 013006]
5028	13	013003	013006	56	29.0	3.0	0,876	true	[013003, 013000, 013004, 013001, 013002, 013005, 013006]
5029	13	013003	013006	57	29.0	3.0	0,833	true	[013003, 013000, 013004, 013001, 013002, 013005, 013007, 013006]
5030	13	013003	013006	58	12.0	3.0	0,876	true	[013003, 013000, 013004, 013001, 013002, 013006]
5031	13	013003	013006	59	8.0	3.0	0,833	true	[013003, 013000, 013004, 013001, 013002, 013008, 013005, 013006]
5032	13	013003	013006	60	8.0	3.0	0,791	true	[013003, 013000, 013004, 013001, 013002, 013008, 013005, 013007, 013006]
5033	13	013003	013006	61	29.0	3.0	0,885	true	[013003, 013000, 013004, 013001, 013006]
5034	13	013003	013006	62	12.0	3.0	0,824	true	[013003, 013000, 013004, 013001, 013007, 013005, 013002, 013006]
5035	13	013003	013006	63	25.0	3.0	0,876	true	[013003, 013000, 013004, 013001, 013007, 013005, 013006]
5036	13	013003	013006	64	8.0	3.0	0,783	true	[013003, 013000, 013004, 013001, 013007, 013005, 013008, 013002, 013006]
5037	13	013003	013006	65	25.0	3.0	0,832	true	[013003, 013000, 013004, 013001, 013007, 013006]
5038	13	013003	013006	66	8.0	3.0	0,807	true	[013003, 013000, 013004, 013001, 013008, 013002, 013005, 013006]
5039	13	013003	013006	67	8.0	3.0	0,767	true	[013003, 013000, 013004, 013001, 013008, 013002, 013005, 013007, 013006]
5040	13	013003	013006	68	8.0	3.0	0,807	true	[013003, 013000, 013004, 013001, 013008, 013002, 013006]
5041	13	013003	013006	69	8.0	3.0	0,799	true	[013003, 013000, 013004, 013001, 013008, 013005, 013002, 013006]
5042	13	013003	013006	70	8.0	3.0	0,850	true	[013003, 013000, 013004, 013001, 013008, 013005, 013006]
5043	13	013003	013006	71	8.0	3.0	0,807	true	[013003, 013000, 013004, 013001, 013008, 013005, 013007, 013006]
5044	13	013003	013006	72	29.0	3.0	0,903	true	[013003, 013000, 013004, 013006]
5045	13	013003	013006	73	25.0	3.0	0,816	true	[013003, 013000, 013004, 013007, 013001, 013002, 013005, 013006]
5046	13	013003	013006	74	12.0	3.0	0,816	true	[013003, 013000, 013004, 013007, 013001, 013002, 013006]
5047	13	013003	013006	75	8.0	3.0	0,775	true	[013003, 013000, 013004, 013007, 013001, 013002, 013008, 013005, 013006]
5048	13	013003	013006	76	25.0	3.0	0,824	true	[013003, 013000, 013004, 013007, 013001, 013006]
5049	13	013003	013006	77	8.0	3.0	0,751	true	[013003, 013000, 013004, 013007, 013001, 013008, 013002, 013005, 013006]
5050	13	013003	013006	78	8.0	3.0	0,751	true	[013003, 013000, 013004, 013007, 013001, 013008, 013002, 013006]
5051	13	013003	013006	79	8.0	3.0	0,744	true	[013003, 013000, 013004, 013007, 013001, 013008, 013005, 013002, 013006]
5052	13	013003	013006	80	8.0	3.0	0,791	true	[013003, 013000, 013004, 013007, 013001, 013008, 013005, 013006]
5053	13	013003	013006	81	29.0	3.0	0,824	true	[013003, 013000, 013004, 013007, 013005, 013002, 013001, 013006]
5054	13	013003	013006	82	12.0	3.0	0,850	true	[013003, 013000, 013004, 013007, 013005, 013002, 013006]
5055	13	013003	013006	83	8.0	3.0	0,759	true	[013003, 013000, 013004, 013007, 013005, 013002, 013008, 013001, 013006]
5056	13	013003	013006	84	29.0	3.0	0,903	true	[013003, 013000, 013004, 013007, 013005, 013006]
5057	13	013003	013006	85	8.0	3.0	0,791	true	[013003, 013000, 013004, 013007, 013005, 013008, 013001, 013002, 013006]
5058	13	013003	013006	86	8.0	3.0	0,799	true	[013003, 013000, 013004, 013007, 013005, 013008, 013001, 013006]
5059	13	013003	013006	87	8.0	3.0	0,783	true	[013003, 013000, 013004, 013007, 013005, 013008, 013002, 013001, 013006]
5060	13	013003	013006	88	8.0	3.0	0,807	true	[013003, 013000, 013004, 013007, 013005, 013008, 013002, 013006]
5061	13	013003	013006	89	29.0	3.0	0,858	true	[013003, 013000, 013004, 013007, 013006]
5062	13	013003	013006	90	8.0	3.0	0,824	true	[013003, 013000, 013004, 013008, 013001, 013002, 013005, 013006]
5063	13	013003	013006	91	8.0	3.0	0,783	true	[013003, 013000, 013004, 013008, 013001, 013002, 013005, 013007, 013006]
5064	13	013003	013006	92	8.0	3.0	0,824	true	[013003, 013000, 013004, 013008, 013001, 013002, 013006]
5065	13	013003	013006	93	8.0	3.0	0,832	true	[013003, 013000, 013004, 013008, 013001, 013006]
5066	13	013003	013006	94	8.0	3.0	0,775	true	[013003, 013000, 013004, 013008, 013001, 013007, 013005, 013002, 013006]
5067	13	013003	013006	95	8.0	3.0	0,824	true	[013003, 013000, 013004, 013008, 013001, 013007, 013005, 013006]
5068	13	013003	013006	96	8.0	3.0	0,782	true	[013003, 013000, 013004, 013008, 013001, 013007, 013006]
5069	13	013003	013006	97	8.0	3.0	0,816	true	[013003, 013000, 013004, 013008, 013002, 013001, 013006]
5070	13	013003	013006	98	8.0	3.0	0,807	true	[013003, 013000, 013004, 013008, 013002, 013001, 013007, 013005, 013006]
5071	13	013003	013006	99	8.0	3.0	0,767	true	[013003, 013000, 013004, 013008, 013002, 013001, 013007, 013006]
5072	13	013003	013006	100	8.0	3.0	0,841	true	[013003, 013000, 013004, 013008, 013002, 013005, 013006]
5073	13	013003	013006	101	8.0	3.0	0,841	true	[013003, 013000, 013004, 013008, 013002, 013006]
5074	13	013003	013006	102	29.0	3.0	0,922	true	[013003, 013000, 013006]
5075	13	013003	013006	103	61.0	5.0	0,980	true	[013003, 013006]
5076	-1	000007	001004	0	125.0	44.0	0,997	true	[000007, 001004]
5077	-1	000003	002004	0	150.0	25.0	0,998	true	[000003, 002004]
5078	-1	000001	007000	0	100.0	29.0	0,996	true	[000001, 007000]
5079	-1	001006	002003	0	125.0	43.0	0,995	true	[001006, 002003]
5080	-1	001003	003002	0	140.0	36.0	0,997	true	[001003, 003002]
5081	-1	002005	005007	0	130.0	26.0	0,998	true	[002005, 005007]
5082	-1	003003	004003	0	115.0	23.0	0,996	true	[003003, 004003]
5083	-1	003007	010002	0	150.0	42.0	0,995	true	[003007, 010002]
5084	-1	004006	005000	0	145.0	33.0	0,995	true	[004006, 005000]
5085	-1	004008	006004	0	105.0	48.0	0,996	true	[004008, 006004]
5086	-1	005004	009002	0	115.0	50.0	0,997	true	[005004, 009002]
5087	-1	005002	012004	0	120.0	28.0	0,998	true	[005002, 012004]
5088	-1	006003	007006	0	105.0	26.0	0,999	true	[006003, 007006]
5089	-1	007004	008004	0	150.0	45.0	0,999	true	[007004, 008004]
5090	-1	008002	009000	0	145.0	37.0	0,996	true	[008002, 009000]
5091	-1	008000	011006	0	125.0	41.0	0,999	true	[008000, 011006]
5092	-1	008007	013003	0	115.0	36.0	0,998	true	[008007, 013003]
5093	-1	010008	011007	0	150.0	34.0	0,996	true	[010008, 011007]
5094	-1	010000	013006	0	145.0	39.0	0,995	true	[010000, 013006]
5095	-1	011001	013007	0	135.0	30.0	0,999	true	[011001, 013007]
5096	-1	012007	013001	0	135.0	43.0	0,998	true	[012007, 013001]
