TransactionId	ASId	Ingress	Egress	PathletId	Bandwidth	Delay	Reliability	Status	Full Path
2232	0	000007	000001	0	24.0	3.0	0,960	true	[000007, 000000, 000001]
2233	0	000007	000001	1	24.0	4.0	0,931	true	[000007, 000000, 000002, 000001]
2234	0	000007	000001	2	18.0	4.0	0,894	true	[000007, 000000, 000002, 000003, 000001]
2235	0	000007	000001	3	18.0	3.0	0,885	true	[000007, 000000, 000002, 000005, 000003, 000001]
2236	0	000007	000001	4	17.0	4.0	0,867	true	[000007, 000000, 000002, 000005, 000006, 000003, 000001]
2237	0	000007	000001	5	18.0	4.0	0,876	true	[000007, 000000, 000002, 000006, 000003, 000001]
2238	0	000007	000001	6	17.0	3.0	0,894	true	[000007, 000000, 000002, 000006, 000005, 000003, 000001]
2239	0	000007	000001	7	18.0	4.0	0,894	true	[000007, 000000, 000003, 000001]
2240	0	000007	000001	8	24.0	4.0	0,876	true	[000007, 000000, 000003, 000002, 000001]
2241	0	000007	000001	9	24.0	3.0	0,867	true	[000007, 000000, 000003, 000005, 000002, 000001]
2242	0	000007	000001	10	17.0	3.0	0,876	true	[000007, 000000, 000003, 000005, 000006, 000002, 000001]
2243	0	000007	000001	11	24.0	4.0	0,859	true	[000007, 000000, 000003, 000006, 000002, 000001]
2244	0	000007	000001	12	17.0	4.0	0,850	true	[000007, 000000, 000003, 000006, 000005, 000002, 000001]
2245	0	000007	000001	13	12.0	4.0	0,858	true	[000007, 000000, 000005, 000002, 000001]
2246	0	000007	000001	14	12.0	4.0	0,824	true	[000007, 000000, 000005, 000002, 000003, 000001]
2247	0	000007	000001	15	12.0	4.0	0,807	true	[000007, 000000, 000005, 000002, 000006, 000003, 000001]
2248	0	000007	000001	16	12.0	3.0	0,867	true	[000007, 000000, 000005, 000003, 000001]
2249	0	000007	000001	17	12.0	3.0	0,850	true	[000007, 000000, 000005, 000003, 000002, 000001]
2250	0	000007	000001	18	12.0	3.0	0,833	true	[000007, 000000, 000005, 000003, 000006, 000002, 000001]
2251	0	000007	000001	19	12.0	4.0	0,867	true	[000007, 000000, 000005, 000006, 000002, 000001]
2252	0	000007	000001	20	12.0	4.0	0,832	true	[000007, 000000, 000005, 000006, 000002, 000003, 000001]
2253	0	000007	000001	21	12.0	4.0	0,849	true	[000007, 000000, 000005, 000006, 000003, 000001]
2254	0	000007	000001	22	12.0	4.0	0,832	true	[000007, 000000, 000005, 000006, 000003, 000002, 000001]
2255	0	000007	000001	23	24.0	4.0	0,903	true	[000007, 000000, 000006, 000002, 000001]
2256	0	000007	000001	24	18.0	4.0	0,867	true	[000007, 000000, 000006, 000002, 000003, 000001]
2257	0	000007	000001	25	18.0	3.0	0,859	true	[000007, 000000, 000006, 000002, 000005, 000003, 000001]
2258	0	000007	000001	26	18.0	4.0	0,885	true	[000007, 000000, 000006, 000003, 000001]
2259	0	000007	000001	27	24.0	4.0	0,867	true	[000007, 000000, 000006, 000003, 000002, 000001]
2260	0	000007	000001	28	24.0	3.0	0,859	true	[000007, 000000, 000006, 000003, 000005, 000002, 000001]
2261	0	000007	000001	29	17.0	4.0	0,894	true	[000007, 000000, 000006, 000005, 000002, 000001]
2262	0	000007	000001	30	17.0	4.0	0,858	true	[000007, 000000, 000006, 000005, 000002, 000003, 000001]
2263	0	000007	000001	31	17.0	3.0	0,903	true	[000007, 000000, 000006, 000005, 000003, 000001]
2264	0	000007	000001	32	17.0	3.0	0,885	true	[000007, 000000, 000006, 000005, 000003, 000002, 000001]
2265	0	000007	000001	33	43.0	7.0	0,960	true	[000007, 000001]
2266	0	000007	000001	34	37.0	3.0	0,960	true	[000007, 000002, 000000, 000001]
2267	0	000007	000001	35	18.0	7.0	0,894	true	[000007, 000002, 000000, 000003, 000001]
2268	0	000007	000001	36	12.0	3.0	0,867	true	[000007, 000002, 000000, 000005, 000003, 000001]
2269	0	000007	000001	37	12.0	7.0	0,849	true	[000007, 000002, 000000, 000005, 000006, 000003, 000001]
2270	0	000007	000001	38	18.0	4.0	0,885	true	[000007, 000002, 000000, 000006, 000003, 000001]
2271	0	000007	000001	39	17.0	3.0	0,903	true	[000007, 000002, 000000, 000006, 000005, 000003, 000001]
2272	0	000007	000001	40	55.0	7.0	0,931	true	[000007, 000002, 000001]
2273	0	000007	000001	41	37.0	3.0	0,903	true	[000007, 000002, 000003, 000000, 000001]
2274	0	000007	000001	42	18.0	4.0	0,894	true	[000007, 000002, 000003, 000001]
2275	0	000007	000001	43	12.0	3.0	0,876	true	[000007, 000002, 000003, 000005, 000000, 000001]
2276	0	000007	000001	44	17.0	3.0	0,913	true	[000007, 000002, 000003, 000005, 000006, 000000, 000001]
2277	0	000007	000001	45	26.0	3.0	0,894	true	[000007, 000002, 000003, 000006, 000000, 000001]
2278	0	000007	000001	46	12.0	3.0	0,858	true	[000007, 000002, 000003, 000006, 000005, 000000, 000001]
2279	0	000007	000001	47	12.0	3.0	0,885	true	[000007, 000002, 000005, 000000, 000001]
2280	0	000007	000001	48	12.0	8.0	0,824	true	[000007, 000002, 000005, 000000, 000003, 000001]
2281	0	000007	000001	49	12.0	4.0	0,816	true	[000007, 000002, 000005, 000000, 000006, 000003, 000001]
2282	0	000007	000001	50	37.0	3.0	0,894	true	[000007, 000002, 000005, 000003, 000000, 000001]
2283	0	000007	000001	51	18.0	3.0	0,885	true	[000007, 000002, 000005, 000003, 000001]
2284	0	000007	000001	52	26.0	3.0	0,885	true	[000007, 000002, 000005, 000003, 000006, 000000, 000001]
2285	0	000007	000001	53	17.0	3.0	0,922	true	[000007, 000002, 000005, 000006, 000000, 000001]
2286	0	000007	000001	54	17.0	4.0	0,858	true	[000007, 000002, 000005, 000006, 000000, 000003, 000001]
2287	0	000007	000001	55	17.0	3.0	0,876	true	[000007, 000002, 000005, 000006, 000003, 000000, 000001]
2288	0	000007	000001	56	17.0	7.0	0,867	true	[000007, 000002, 000005, 000006, 000003, 000001]
2289	0	000007	000001	57	26.0	3.0	0,931	true	[000007, 000002, 000006, 000000, 000001]
2290	0	000007	000001	58	18.0	4.0	0,867	true	[000007, 000002, 000006, 000000, 000003, 000001]
2291	0	000007	000001	59	12.0	3.0	0,841	true	[000007, 000002, 000006, 000000, 000005, 000003, 000001]
2292	0	000007	000001	60	37.0	3.0	0,885	true	[000007, 000002, 000006, 000003, 000000, 000001]
2293	0	000007	000001	61	18.0	6.0	0,876	true	[000007, 000002, 000006, 000003, 000001]
2294	0	000007	000001	62	12.0	3.0	0,858	true	[000007, 000002, 000006, 000003, 000005, 000000, 000001]
2295	0	000007	000001	63	12.0	3.0	0,894	true	[000007, 000002, 000006, 000005, 000000, 000001]
2296	0	000007	000001	64	12.0	6.0	0,832	true	[000007, 000002, 000006, 000005, 000000, 000003, 000001]
2297	0	000007	000001	65	17.0	3.0	0,903	true	[000007, 000002, 000006, 000005, 000003, 000000, 000001]
2298	0	000007	000001	66	17.0	3.0	0,894	true	[000007, 000002, 000006, 000005, 000003, 000001]
2299	0	000007	000001	67	37.0	3.0	0,951	true	[000007, 000003, 000000, 000001]
2300	0	000007	000001	68	50.0	4.0	0,922	true	[000007, 000003, 000000, 000002, 000001]
2301	0	000007	000001	69	12.0	4.0	0,850	true	[000007, 000003, 000000, 000005, 000002, 000001]
2302	0	000007	000001	70	12.0	4.0	0,858	true	[000007, 000003, 000000, 000005, 000006, 000002, 000001]
2303	0	000007	000001	71	26.0	4.0	0,895	true	[000007, 000003, 000000, 000006, 000002, 000001]
2304	0	000007	000001	72	17.0	4.0	0,885	true	[000007, 000003, 000000, 000006, 000005, 000002, 000001]
2305	0	000007	000001	73	18.0	4.0	0,941	true	[000007, 000003, 000001]
2306	0	000007	000001	74	37.0	3.0	0,951	true	[000007, 000003, 000002, 000000, 000001]
2307	0	000007	000001	75	47.0	4.0	0,922	true	[000007, 000003, 000002, 000001]
2308	0	000007	000001	76	12.0	3.0	0,876	true	[000007, 000003, 000002, 000005, 000000, 000001]
2309	0	000007	000001	77	17.0	3.0	0,913	true	[000007, 000003, 000002, 000005, 000006, 000000, 000001]
2310	0	000007	000001	78	26.0	3.0	0,922	true	[000007, 000003, 000002, 000006, 000000, 000001]
2311	0	000007	000001	79	12.0	3.0	0,885	true	[000007, 000003, 000002, 000006, 000005, 000000, 000001]
2312	0	000007	000001	80	12.0	3.0	0,922	true	[000007, 000003, 000005, 000000, 000001]
2313	0	000007	000001	81	12.0	3.0	0,894	true	[000007, 000003, 000005, 000000, 000002, 000001]
2314	0	000007	000001	82	12.0	3.0	0,867	true	[000007, 000003, 000005, 000000, 000006, 000002, 000001]
2315	0	000007	000001	83	37.0	3.0	0,941	true	[000007, 000003, 000005, 000002, 000000, 000001]
2316	0	000007	000001	84	48.0	3.0	0,913	true	[000007, 000003, 000005, 000002, 000001]
2317	0	000007	000001	85	26.0	3.0	0,913	true	[000007, 000003, 000005, 000002, 000006, 000000, 000001]
2318	0	000007	000001	86	17.0	3.0	0,960	true	[000007, 000003, 000005, 000006, 000000, 000001]
2319	0	000007	000001	87	17.0	3.0	0,932	true	[000007, 000003, 000005, 000006, 000000, 000002, 000001]
2320	0	000007	000001	88	17.0	3.0	0,951	true	[000007, 000003, 000005, 000006, 000002, 000000, 000001]
2321	0	000007	000001	89	17.0	3.0	0,922	true	[000007, 000003, 000005, 000006, 000002, 000001]
2322	0	000007	000001	90	26.0	3.0	0,941	true	[000007, 000003, 000006, 000000, 000001]
2323	0	000007	000001	91	26.0	4.0	0,913	true	[000007, 000003, 000006, 000000, 000002, 000001]
2324	0	000007	000001	92	12.0	4.0	0,841	true	[000007, 000003, 000006, 000000, 000005, 000002, 000001]
2325	0	000007	000001	93	37.0	3.0	0,932	true	[000007, 000003, 000006, 000002, 000000, 000001]
2326	0	000007	000001	94	50.0	4.0	0,904	true	[000007, 000003, 000006, 000002, 000001]
2327	0	000007	000001	95	12.0	3.0	0,858	true	[000007, 000003, 000006, 000002, 000005, 000000, 000001]
2328	0	000007	000001	96	12.0	3.0	0,903	true	[000007, 000003, 000006, 000005, 000000, 000001]
2329	0	000007	000001	97	12.0	4.0	0,876	true	[000007, 000003, 000006, 000005, 000000, 000002, 000001]
2330	0	000007	000001	98	17.0	3.0	0,922	true	[000007, 000003, 000006, 000005, 000002, 000000, 000001]
2331	0	000007	000001	99	17.0	4.0	0,894	true	[000007, 000003, 000006, 000005, 000002, 000001]
2332	0	000007	000001	100	12.0	3.0	0,912	true	[000007, 000005, 000000, 000001]
2333	1	001002	001000	0	17.0	3.0	0,990	true	[001002, 001000]
2334	1	001002	001000	1	10.0	6.0	0,970	true	[001002, 001001, 001000]
2335	1	001002	001000	2	14.0	3.0	0,980	true	[001002, 001001, 001004, 001000]
2336	1	001002	001000	3	11.0	3.0	0,950	true	[001002, 001001, 001004, 001003, 001000]
2337	1	001002	001000	4	11.0	3.0	0,903	true	[001002, 001001, 001004, 001006, 001003, 001000]
2338	1	001002	001000	5	14.0	4.0	0,922	true	[001002, 001001, 001005, 001007, 001004, 001000]
2339	1	001002	001000	6	11.0	3.0	0,894	true	[001002, 001001, 001005, 001007, 001004, 001003, 001000]
2340	1	001002	001000	7	11.0	3.0	0,849	true	[001002, 001001, 001005, 001007, 001004, 001006, 001003, 001000]
2341	1	001002	001000	8	10.0	3.0	0,941	true	[001002, 001001, 001006, 001003, 001000]
2342	1	001002	001000	9	10.0	5.0	0,894	true	[001002, 001001, 001006, 001003, 001004, 001000]
2343	1	001002	001000	10	10.0	5.0	0,922	true	[001002, 001001, 001006, 001004, 001000]
2344	1	001002	001000	11	10.0	3.0	0,894	true	[001002, 001001, 001006, 001004, 001003, 001000]
2345	1	001002	001000	12	11.0	3.0	0,950	true	[001002, 001003, 001000]
2346	1	001002	001000	13	14.0	4.0	0,903	true	[001002, 001003, 001004, 001000]
2347	1	001002	001000	14	10.0	3.0	0,876	true	[001002, 001003, 001004, 001001, 001000]
2348	1	001002	001000	15	10.0	4.0	0,824	true	[001002, 001003, 001004, 001006, 001001, 001000]
2349	1	001002	001000	16	10.0	4.0	0,824	true	[001002, 001003, 001004, 001007, 001005, 001001, 001000]
2350	1	001002	001000	17	10.0	4.0	0,867	true	[001002, 001003, 001006, 001001, 001000]
2351	1	001002	001000	18	10.0	3.0	0,876	true	[001002, 001003, 001006, 001001, 001004, 001000]
2352	1	001002	001000	19	10.0	4.0	0,824	true	[001002, 001003, 001006, 001001, 001005, 001007, 001004, 001000]
2353	1	001002	001000	20	14.0	4.0	0,858	true	[001002, 001003, 001006, 001004, 001000]
2354	1	001002	001000	21	10.0	3.0	0,832	true	[001002, 001003, 001006, 001004, 001001, 001000]
2355	1	001002	001000	22	10.0	4.0	0,783	true	[001002, 001003, 001006, 001004, 001007, 001005, 001001, 001000]
2356	1	001002	001000	23	10.0	3.0	0,951	true	[001002, 001005, 001001, 001000]
2357	1	001002	001000	24	14.0	3.0	0,960	true	[001002, 001005, 001001, 001004, 001000]
2358	1	001002	001000	25	11.0	3.0	0,931	true	[001002, 001005, 001001, 001004, 001003, 001000]
2359	1	001002	001000	26	11.0	3.0	0,885	true	[001002, 001005, 001001, 001004, 001006, 001003, 001000]
2360	1	001002	001000	27	10.0	3.0	0,922	true	[001002, 001005, 001001, 001006, 001003, 001000]
2361	1	001002	001000	28	10.0	3.0	0,876	true	[001002, 001005, 001001, 001006, 001003, 001004, 001000]
2362	1	001002	001000	29	10.0	3.0	0,903	true	[001002, 001005, 001001, 001006, 001004, 001000]
2363	1	001002	001000	30	10.0	3.0	0,876	true	[001002, 001005, 001001, 001006, 001004, 001003, 001000]
2364	1	001002	001000	31	14.0	3.0	0,903	true	[001002, 001005, 001007, 001004, 001000]
2365	1	001002	001000	32	10.0	3.0	0,876	true	[001002, 001005, 001007, 001004, 001001, 001000]
2366	1	001002	001000	33	10.0	3.0	0,850	true	[001002, 001005, 001007, 001004, 001001, 001006, 001003, 001000]
2367	1	001002	001000	34	11.0	3.0	0,876	true	[001002, 001005, 001007, 001004, 001003, 001000]
2368	1	001002	001000	35	10.0	3.0	0,799	true	[001002, 001005, 001007, 001004, 001003, 001006, 001001, 001000]
2369	1	001002	001000	36	10.0	3.0	0,824	true	[001002, 001005, 001007, 001004, 001006, 001001, 001000]
2370	1	001002	001000	37	11.0	3.0	0,832	true	[001002, 001005, 001007, 001004, 001006, 001003, 001000]
2371	1	001002	001000	38	10.0	4.0	0,922	true	[001002, 001006, 001001, 001000]
2372	1	001002	001000	39	10.0	3.0	0,932	true	[001002, 001006, 001001, 001004, 001000]
2373	1	001002	001000	40	10.0	3.0	0,903	true	[001002, 001006, 001001, 001004, 001003, 001000]
2374	1	001002	001000	41	10.0	4.0	0,876	true	[001002, 001006, 001001, 001005, 001007, 001004, 001000]
2375	1	001002	001000	42	10.0	3.0	0,850	true	[001002, 001006, 001001, 001005, 001007, 001004, 001003, 001000]
2376	1	001002	001000	43	11.0	3.0	0,931	true	[001002, 001006, 001003, 001000]
2377	1	001002	001000	44	14.0	4.0	0,885	true	[001002, 001006, 001003, 001004, 001000]
2378	1	001002	001000	45	10.0	3.0	0,858	true	[001002, 001006, 001003, 001004, 001001, 001000]
2379	1	001002	001000	46	10.0	4.0	0,807	true	[001002, 001006, 001003, 001004, 001007, 001005, 001001, 001000]
2380	1	001002	001000	47	14.0	4.0	0,912	true	[001002, 001006, 001004, 001000]
2381	1	001002	001000	48	10.0	3.0	0,885	true	[001002, 001006, 001004, 001001, 001000]
2382	1	001002	001000	49	11.0	3.0	0,885	true	[001002, 001006, 001004, 001003, 001000]
2383	1	001002	001000	50	10.0	4.0	0,832	true	[001002, 001006, 001004, 001007, 001005, 001001, 001000]
2384	1	001002	001001	51	10.0	3.0	0,960	true	[001002, 001000, 001001]
2385	1	001002	001001	52	11.0	3.0	0,941	true	[001002, 001000, 001003, 001004, 001001]
2386	1	001002	001001	53	10.0	3.0	0,885	true	[001002, 001000, 001003, 001004, 001006, 001001]
2387	1	001002	001001	54	11.0	3.0	0,885	true	[001002, 001000, 001003, 001004, 001007, 001005, 001001]
2388	1	001002	001001	55	10.0	3.0	0,931	true	[001002, 001000, 001003, 001006, 001001]
2389	1	001002	001001	56	11.0	3.0	0,894	true	[001002, 001000, 001003, 001006, 001004, 001001]
2390	1	001002	001001	57	11.0	3.0	0,841	true	[001002, 001000, 001003, 001006, 001004, 001007, 001005, 001001]
2391	1	001002	001001	58	14.0	3.0	0,970	true	[001002, 001000, 001004, 001001]
2392	1	001002	001001	59	10.0	3.0	0,885	true	[001002, 001000, 001004, 001003, 001006, 001001]
2393	1	001002	001001	60	10.0	3.0	0,912	true	[001002, 001000, 001004, 001006, 001001]
2394	1	001002	001001	61	14.0	3.0	0,913	true	[001002, 001000, 001004, 001007, 001005, 001001]
2395	1	001002	001001	62	17.0	10.0	1,000	true	[001002, 001001]
2396	1	001002	001001	63	10.0	3.0	0,922	true	[001002, 001003, 001000, 001001]
2397	1	001002	001001	64	11.0	3.0	0,931	true	[001002, 001003, 001000, 001004, 001001]
2398	1	001002	001001	65	10.0	3.0	0,876	true	[001002, 001003, 001000, 001004, 001006, 001001]
2399	1	001002	001001	66	11.0	3.0	0,876	true	[001002, 001003, 001000, 001004, 001007, 001005, 001001]
2400	1	001002	001001	67	10.0	4.0	0,876	true	[001002, 001003, 001004, 001000, 001001]
2401	1	001002	001001	68	17.0	3.0	0,903	true	[001002, 001003, 001004, 001001]
2402	1	001002	001001	69	10.0	4.0	0,849	true	[001002, 001003, 001004, 001006, 001001]
2403	1	001002	001001	70	17.0	4.0	0,849	true	[001002, 001003, 001004, 001007, 001005, 001001]
2404	1	001002	001001	71	10.0	4.0	0,894	true	[001002, 001003, 001006, 001001]
2405	1	001002	001001	72	10.0	4.0	0,832	true	[001002, 001003, 001006, 001004, 001000, 001001]
2406	1	001002	001001	73	25.0	3.0	0,858	true	[001002, 001003, 001006, 001004, 001001]
2407	1	001002	001001	74	25.0	4.0	0,807	true	[001002, 001003, 001006, 001004, 001007, 001005, 001001]
2408	1	001002	001001	75	63.0	3.0	0,980	true	[001002, 001005, 001001]
2409	1	001002	001001	76	10.0	3.0	0,876	true	[001002, 001005, 001007, 001004, 001000, 001001]
2410	1	001002	001001	77	10.0	3.0	0,850	true	[001002, 001005, 001007, 001004, 001000, 001003, 001006, 001001]
2411	1	001002	001001	78	25.0	3.0	0,903	true	[001002, 001005, 001007, 001004, 001001]
2412	1	001002	001001	79	10.0	3.0	0,850	true	[001002, 001005, 001007, 001004, 001003, 001000, 001001]
2413	1	001002	001001	80	10.0	3.0	0,824	true	[001002, 001005, 001007, 001004, 001003, 001006, 001001]
2414	1	001002	001001	81	10.0	3.0	0,850	true	[001002, 001005, 001007, 001004, 001006, 001001]
2415	1	001002	001001	82	10.0	3.0	0,807	true	[001002, 001005, 001007, 001004, 001006, 001003, 001000, 001001]
2416	1	001002	001001	83	10.0	4.0	0,951	true	[001002, 001006, 001001]
2417	1	001002	001001	84	10.0	3.0	0,903	true	[001002, 001006, 001003, 001000, 001001]
2418	1	001002	001001	85	11.0	3.0	0,913	true	[001002, 001006, 001003, 001000, 001004, 001001]
2419	1	001002	001001	86	11.0	3.0	0,858	true	[001002, 001006, 001003, 001000, 001004, 001007, 001005, 001001]
2420	1	001002	001001	87	10.0	4.0	0,858	true	[001002, 001006, 001003, 001004, 001000, 001001]
2421	1	001002	001001	88	17.0	3.0	0,885	true	[001002, 001006, 001003, 001004, 001001]
2422	1	001002	001001	89	17.0	4.0	0,832	true	[001002, 001006, 001003, 001004, 001007, 001005, 001001]
2423	1	001002	001001	90	10.0	4.0	0,885	true	[001002, 001006, 001004, 001000, 001001]
2424	1	001002	001001	91	25.0	3.0	0,912	true	[001002, 001006, 001004, 001001]
2425	1	001002	001001	92	10.0	3.0	0,858	true	[001002, 001006, 001004, 001003, 001000, 001001]
2426	1	001002	001001	93	51.0	4.0	0,858	true	[001002, 001006, 001004, 001007, 001005, 001001]
2427	1	001000	001001	94	10.0	6.0	0,970	true	[001000, 001001]
2428	1	001000	001001	95	17.0	3.0	0,990	true	[001000, 001002, 001001]
2429	1	001000	001001	96	17.0	3.0	0,894	true	[001000, 001002, 001003, 001004, 001001]
2430	1	001000	001001	97	10.0	3.0	0,841	true	[001000, 001002, 001003, 001004, 001006, 001001]
2431	1	001000	001001	98	17.0	3.0	0,841	true	[001000, 001002, 001003, 001004, 001007, 001005, 001001]
2432	1	001000	001001	99	10.0	3.0	0,885	true	[001000, 001002, 001003, 001006, 001001]
2433	1	001000	001001	100	17.0	3.0	0,849	true	[001000, 001002, 001003, 001006, 001004, 001001]
2434	2	002000	002002	0	12.0	7.0	0,941	true	[002000, 002001, 002002]
2435	2	002000	002002	1	12.0	9.0	0,960	true	[002000, 002001, 002003, 002002]
2436	2	002000	002002	2	10.0	4.0	0,913	true	[002000, 002001, 002003, 002005, 002002]
2437	2	002000	002002	3	12.0	6.0	0,941	true	[002000, 002001, 002003, 002006, 002002]
2438	2	002000	002002	4	12.0	6.0	0,922	true	[002000, 002001, 002003, 002006, 002004, 002002]
2439	2	002000	002002	5	7.0	5.0	0,904	true	[002000, 002001, 002003, 002007, 002002]
2440	2	002000	002002	6	12.0	6.0	0,931	true	[002000, 002001, 002004, 002002]
2441	2	002000	002002	7	12.0	6.0	0,913	true	[002000, 002001, 002004, 002006, 002002]
2442	2	002000	002002	8	12.0	6.0	0,913	true	[002000, 002001, 002004, 002006, 002003, 002002]
2443	2	002000	002002	9	10.0	4.0	0,867	true	[002000, 002001, 002004, 002006, 002003, 002005, 002002]
2444	2	002000	002002	10	7.0	5.0	0,859	true	[002000, 002001, 002004, 002006, 002003, 002007, 002002]
2445	2	002000	002002	11	29.0	9.0	1,000	true	[002000, 002002]
2446	2	002000	002002	12	20.0	3.0	0,922	true	[002000, 002004, 002001, 002002]
2447	2	002000	002002	13	20.0	3.0	0,941	true	[002000, 002004, 002001, 002003, 002002]
2448	2	002000	002002	14	10.0	3.0	0,894	true	[002000, 002004, 002001, 002003, 002005, 002002]
2449	2	002000	002002	15	20.0	3.0	0,922	true	[002000, 002004, 002001, 002003, 002006, 002002]
2450	2	002000	002002	16	7.0	3.0	0,885	true	[002000, 002004, 002001, 002003, 002007, 002002]
2451	2	002000	002002	17	20.0	3.0	0,990	true	[002000, 002004, 002002]
2452	2	002000	002002	18	20.0	3.0	0,970	true	[002000, 002004, 002006, 002002]
2453	2	002000	002002	19	20.0	3.0	0,913	true	[002000, 002004, 002006, 002003, 002001, 002002]
2454	2	002000	002002	20	20.0	3.0	0,970	true	[002000, 002004, 002006, 002003, 002002]
2455	2	002000	002002	21	10.0	3.0	0,922	true	[002000, 002004, 002006, 002003, 002005, 002002]
2456	2	002000	002002	22	7.0	3.0	0,913	true	[002000, 002004, 002006, 002003, 002007, 002002]
2457	2	002000	002002	23	21.0	4.0	0,941	true	[002000, 002005, 002002]
2458	2	002000	002002	24	10.0	6.0	0,858	true	[002000, 002005, 002003, 002001, 002002]
2459	2	002000	002002	25	10.0	6.0	0,849	true	[002000, 002005, 002003, 002001, 002004, 002002]
2460	2	002000	002002	26	10.0	6.0	0,832	true	[002000, 002005, 002003, 002001, 002004, 002006, 002002]
2461	2	002000	002002	27	10.0	6.0	0,912	true	[002000, 002005, 002003, 002002]
2462	2	002000	002002	28	10.0	6.0	0,894	true	[002000, 002005, 002003, 002006, 002002]
2463	2	002000	002002	29	10.0	6.0	0,815	true	[002000, 002005, 002003, 002006, 002004, 002001, 002002]
2464	2	002000	002002	30	10.0	6.0	0,876	true	[002000, 002005, 002003, 002006, 002004, 002002]
2465	2	002000	002002	31	7.0	5.0	0,858	true	[002000, 002005, 002003, 002007, 002002]
2466	2	002000	002002	32	32.0	5.0	0,950	true	[002000, 002007, 002002]
2467	2	002000	002002	33	7.0	7.0	0,913	true	[002000, 002007, 002003, 002001, 002002]
2468	2	002000	002002	34	7.0	6.0	0,904	true	[002000, 002007, 002003, 002001, 002004, 002002]
2469	2	002000	002002	35	7.0	6.0	0,886	true	[002000, 002007, 002003, 002001, 002004, 002006, 002002]
2470	2	002000	002002	36	7.0	7.0	0,970	true	[002000, 002007, 002003, 002002]
2471	2	002000	002002	37	7.0	4.0	0,922	true	[002000, 002007, 002003, 002005, 002002]
2472	2	002000	002002	38	7.0	6.0	0,951	true	[002000, 002007, 002003, 002006, 002002]
2473	2	002000	002002	39	7.0	6.0	0,867	true	[002000, 002007, 002003, 002006, 002004, 002001, 002002]
2474	2	002000	002002	40	7.0	6.0	0,932	true	[002000, 002007, 002003, 002006, 002004, 002002]
2475	2	002000	002003	41	12.0	7.0	0,941	true	[002000, 002001, 002002, 002003]
2476	2	002000	002003	42	12.0	6.0	0,904	true	[002000, 002001, 002002, 002004, 002006, 002003]
2477	2	002000	002003	43	10.0	4.0	0,894	true	[002000, 002001, 002002, 002005, 002003]
2478	2	002000	002003	44	12.0	6.0	0,922	true	[002000, 002001, 002002, 002006, 002003]
2479	2	002000	002003	45	7.0	5.0	0,885	true	[002000, 002001, 002002, 002007, 002003]
2480	2	002000	002003	46	12.0	9.0	0,960	true	[002000, 002001, 002003]
2481	2	002000	002003	47	12.0	6.0	0,931	true	[002000, 002001, 002004, 002002, 002003]
2482	2	002000	002003	48	10.0	4.0	0,885	true	[002000, 002001, 002004, 002002, 002005, 002003]
2483	2	002000	002003	49	12.0	6.0	0,913	true	[002000, 002001, 002004, 002002, 002006, 002003]
2484	2	002000	002003	50	7.0	5.0	0,876	true	[002000, 002001, 002004, 002002, 002007, 002003]
2485	2	002000	002003	51	12.0	6.0	0,913	true	[002000, 002001, 002004, 002006, 002002, 002003]
2486	2	002000	002003	52	10.0	4.0	0,867	true	[002000, 002001, 002004, 002006, 002002, 002005, 002003]
2487	2	002000	002003	53	7.0	5.0	0,859	true	[002000, 002001, 002004, 002006, 002002, 002007, 002003]
2488	2	002000	002003	54	12.0	6.0	0,913	true	[002000, 002001, 002004, 002006, 002003]
2489	2	002000	002003	55	29.0	7.0	0,941	true	[002000, 002002, 002001, 002003]
2490	2	002000	002003	56	20.0	6.0	0,894	true	[002000, 002002, 002001, 002004, 002006, 002003]
2491	2	002000	002003	57	29.0	9.0	1,000	true	[002000, 002002, 002003]
2492	2	002000	002003	58	20.0	6.0	0,931	true	[002000, 002002, 002004, 002001, 002003]
2493	2	002000	002003	59	29.0	6.0	0,960	true	[002000, 002002, 002004, 002006, 002003]
2494	2	002000	002003	60	10.0	4.0	0,950	true	[002000, 002002, 002005, 002003]
2495	2	002000	002003	61	29.0	6.0	0,980	true	[002000, 002002, 002006, 002003]
2496	2	002000	002003	62	20.0	6.0	0,913	true	[002000, 002002, 002006, 002004, 002001, 002003]
2497	2	002000	002003	63	7.0	5.0	0,941	true	[002000, 002002, 002007, 002003]
2498	2	002000	002003	64	20.0	3.0	0,922	true	[002000, 002004, 002001, 002002, 002003]
2499	2	002000	002003	65	10.0	3.0	0,876	true	[002000, 002004, 002001, 002002, 002005, 002003]
2500	2	002000	002003	66	20.0	3.0	0,903	true	[002000, 002004, 002001, 002002, 002006, 002003]
2501	2	002000	002003	67	7.0	3.0	0,867	true	[002000, 002004, 002001, 002002, 002007, 002003]
2502	2	002000	002003	68	20.0	3.0	0,941	true	[002000, 002004, 002001, 002003]
2503	2	002000	002003	69	20.0	3.0	0,931	true	[002000, 002004, 002002, 002001, 002003]
2504	2	002000	002003	70	20.0	3.0	0,990	true	[002000, 002004, 002002, 002003]
2505	2	002000	002003	71	10.0	3.0	0,941	true	[002000, 002004, 002002, 002005, 002003]
2506	2	002000	002003	72	20.0	3.0	0,970	true	[002000, 002004, 002002, 002006, 002003]
2507	2	002000	002003	73	7.0	3.0	0,931	true	[002000, 002004, 002002, 002007, 002003]
2508	2	002000	002003	74	20.0	3.0	0,913	true	[002000, 002004, 002006, 002002, 002001, 002003]
2509	2	002000	002003	75	20.0	3.0	0,970	true	[002000, 002004, 002006, 002002, 002003]
2510	2	002000	002003	76	10.0	3.0	0,922	true	[002000, 002004, 002006, 002002, 002005, 002003]
2511	2	002000	002003	77	7.0	3.0	0,913	true	[002000, 002004, 002006, 002002, 002007, 002003]
2512	2	002000	002003	78	20.0	3.0	0,970	true	[002000, 002004, 002006, 002003]
2513	2	002000	002003	79	21.0	4.0	0,885	true	[002000, 002005, 002002, 002001, 002003]
2514	2	002000	002003	80	20.0	4.0	0,841	true	[002000, 002005, 002002, 002001, 002004, 002006, 002003]
2515	2	002000	002003	81	21.0	4.0	0,941	true	[002000, 002005, 002002, 002003]
2516	2	002000	002003	82	20.0	4.0	0,876	true	[002000, 002005, 002002, 002004, 002001, 002003]
2517	2	002000	002003	83	21.0	4.0	0,903	true	[002000, 002005, 002002, 002004, 002006, 002003]
2518	2	002000	002003	84	21.0	4.0	0,922	true	[002000, 002005, 002002, 002006, 002003]
2519	2	002000	002003	85	20.0	4.0	0,858	true	[002000, 002005, 002002, 002006, 002004, 002001, 002003]
2520	2	002000	002003	86	7.0	4.0	0,885	true	[002000, 002005, 002002, 002007, 002003]
2521	2	002000	002003	87	10.0	6.0	0,912	true	[002000, 002005, 002003]
2522	2	002000	002003	88	32.0	5.0	0,894	true	[002000, 002007, 002002, 002001, 002003]
2523	2	002000	002003	89	20.0	5.0	0,850	true	[002000, 002007, 002002, 002001, 002004, 002006, 002003]
2524	2	002000	002003	90	32.0	5.0	0,950	true	[002000, 002007, 002002, 002003]
2525	2	002000	002003	91	20.0	5.0	0,885	true	[002000, 002007, 002002, 002004, 002001, 002003]
2526	2	002000	002003	92	32.0	5.0	0,913	true	[002000, 002007, 002002, 002004, 002006, 002003]
2527	2	002000	002003	93	10.0	4.0	0,903	true	[002000, 002007, 002002, 002005, 002003]
2528	2	002000	002003	94	32.0	5.0	0,931	true	[002000, 002007, 002002, 002006, 002003]
2529	2	002000	002003	95	20.0	5.0	0,867	true	[002000, 002007, 002002, 002006, 002004, 002001, 002003]
2530	2	002000	002003	96	7.0	7.0	0,970	true	[002000, 002007, 002003]
2531	2	002002	002003	97	12.0	9.0	0,960	true	[002002, 002000, 002001, 002003]
2532	2	002002	002003	98	12.0	6.0	0,913	true	[002002, 002000, 002001, 002004, 002006, 002003]
2533	2	002002	002003	99	20.0	3.0	0,941	true	[002002, 002000, 002004, 002001, 002003]
2534	2	002002	002003	100	20.0	3.0	0,970	true	[002002, 002000, 002004, 002006, 002003]
2535	2	002002	002003	101	36.0	9.0	1,000	true	[002002, 002003]
2536	3	003000	003006	0	13.0	4.0	0,824	true	[003000, 003001, 003002, 003003, 003004, 003006]
2537	3	003000	003006	1	13.0	4.0	0,783	true	[003000, 003001, 003002, 003003, 003004, 003007, 003005, 003006]
2538	3	003000	003006	2	13.0	4.0	0,807	true	[003000, 003001, 003002, 003003, 003004, 003007, 003006]
2539	3	003000	003006	3	13.0	4.0	0,832	true	[003000, 003001, 003002, 003003, 003007, 003004, 003006]
2540	3	003000	003006	4	13.0	4.0	0,807	true	[003000, 003001, 003002, 003003, 003007, 003005, 003006]
2541	3	003000	003006	5	13.0	4.0	0,832	true	[003000, 003001, 003002, 003003, 003007, 003006]
2542	3	003000	003006	6	15.0	4.0	0,876	true	[003000, 003001, 003002, 003005, 003006]
2543	3	003000	003006	7	15.0	4.0	0,791	true	[003000, 003001, 003002, 003005, 003007, 003003, 003004, 003006]
2544	3	003000	003006	8	15.0	4.0	0,832	true	[003000, 003001, 003002, 003005, 003007, 003004, 003006]
2545	3	003000	003006	9	15.0	4.0	0,832	true	[003000, 003001, 003002, 003005, 003007, 003006]
2546	3	003000	003006	10	14.0	4.0	0,876	true	[003000, 003001, 003002, 003006]
2547	3	003000	003006	11	13.0	3.0	0,807	true	[003000, 003001, 003004, 003003, 003002, 003005, 003006]
2548	3	003000	003006	12	13.0	3.0	0,767	true	[003000, 003001, 003004, 003003, 003002, 003005, 003007, 003006]
2549	3	003000	003006	13	13.0	3.0	0,807	true	[003000, 003001, 003004, 003003, 003002, 003006]
2550	3	003000	003006	14	14.0	3.0	0,775	true	[003000, 003001, 003004, 003003, 003007, 003005, 003002, 003006]
2551	3	003000	003006	15	32.0	3.0	0,807	true	[003000, 003001, 003004, 003003, 003007, 003005, 003006]
2552	3	003000	003006	16	32.0	3.0	0,832	true	[003000, 003001, 003004, 003003, 003007, 003006]
2553	3	003000	003006	17	55.0	3.0	0,894	true	[003000, 003001, 003004, 003006]
2554	3	003000	003006	18	13.0	3.0	0,816	true	[003000, 003001, 003004, 003007, 003003, 003002, 003005, 003006]
2555	3	003000	003006	19	13.0	3.0	0,815	true	[003000, 003001, 003004, 003007, 003003, 003002, 003006]
2556	3	003000	003006	20	14.0	3.0	0,815	true	[003000, 003001, 003004, 003007, 003005, 003002, 003006]
2557	3	003000	003006	21	43.0	3.0	0,849	true	[003000, 003001, 003004, 003007, 003005, 003006]
2558	3	003000	003006	22	43.0	3.0	0,876	true	[003000, 003001, 003004, 003007, 003006]
2559	3	003000	003006	23	13.0	4.0	0,799	true	[003000, 003001, 003005, 003002, 003003, 003004, 003006]
2560	3	003000	003006	24	13.0	4.0	0,783	true	[003000, 003001, 003005, 003002, 003003, 003004, 003007, 003006]
2561	3	003000	003006	25	13.0	4.0	0,807	true	[003000, 003001, 003005, 003002, 003003, 003007, 003004, 003006]
2562	3	003000	003006	26	13.0	4.0	0,807	true	[003000, 003001, 003005, 003002, 003003, 003007, 003006]
2563	3	003000	003006	27	14.0	4.0	0,849	true	[003000, 003001, 003005, 003002, 003006]
2564	3	003000	003006	28	53.0	5.0	0,884	true	[003000, 003001, 003005, 003006]
2565	3	003000	003006	29	13.0	5.0	0,783	true	[003000, 003001, 003005, 003007, 003003, 003002, 003006]
2566	3	003000	003006	30	32.0	5.0	0,799	true	[003000, 003001, 003005, 003007, 003003, 003004, 003006]
2567	3	003000	003006	31	13.0	5.0	0,759	true	[003000, 003001, 003005, 003007, 003004, 003003, 003002, 003006]
2568	3	003000	003006	32	43.0	5.0	0,841	true	[003000, 003001, 003005, 003007, 003004, 003006]
2569	3	003000	003006	33	48.0	4.0	0,840	true	[003000, 003001, 003005, 003007, 003006]
2570	3	003000	003006	34	21.0	6.0	0,931	true	[003000, 003001, 003006]
2571	3	003000	003006	35	13.0	4.0	0,815	true	[003000, 003001, 003007, 003003, 003002, 003005, 003006]
2572	3	003000	003006	36	13.0	5.0	0,815	true	[003000, 003001, 003007, 003003, 003002, 003006]
2573	3	003000	003006	37	28.0	5.0	0,832	true	[003000, 003001, 003007, 003003, 003004, 003006]
2574	3	003000	003006	38	13.0	4.0	0,791	true	[003000, 003001, 003007, 003004, 003003, 003002, 003005, 003006]
2575	3	003000	003006	39	13.0	5.0	0,790	true	[003000, 003001, 003007, 003004, 003003, 003002, 003006]
2576	3	003000	003006	40	28.0	5.0	0,876	true	[003000, 003001, 003007, 003004, 003006]
2577	3	003000	003006	41	13.0	4.0	0,767	true	[003000, 003001, 003007, 003005, 003002, 003003, 003004, 003006]
2578	3	003000	003006	42	14.0	4.0	0,815	true	[003000, 003001, 003007, 003005, 003002, 003006]
2579	3	003000	003006	43	28.0	5.0	0,849	true	[003000, 003001, 003007, 003005, 003006]
2580	3	003000	003006	44	28.0	4.0	0,875	true	[003000, 003001, 003007, 003006]
2581	3	003000	003006	45	15.0	3.0	0,783	true	[003000, 003002, 003001, 003004, 003003, 003007, 003005, 003006]
2582	3	003000	003006	46	15.0	3.0	0,807	true	[003000, 003002, 003001, 003004, 003003, 003007, 003006]
2583	3	003000	003006	47	15.0	3.0	0,867	true	[003000, 003002, 003001, 003004, 003006]
2584	3	003000	003006	48	15.0	3.0	0,824	true	[003000, 003002, 003001, 003004, 003007, 003005, 003006]
2585	3	003000	003006	49	15.0	3.0	0,850	true	[003000, 003002, 003001, 003004, 003007, 003006]
2586	3	003000	003006	50	15.0	4.0	0,858	true	[003000, 003002, 003001, 003005, 003006]
2587	3	003000	003006	51	15.0	4.0	0,775	true	[003000, 003002, 003001, 003005, 003007, 003003, 003004, 003006]
2588	3	003000	003006	52	15.0	4.0	0,815	true	[003000, 003002, 003001, 003005, 003007, 003004, 003006]
2589	3	003000	003006	53	15.0	4.0	0,815	true	[003000, 003002, 003001, 003005, 003007, 003006]
2590	3	003000	003006	54	15.0	4.0	0,903	true	[003000, 003002, 003001, 003006]
2591	3	003000	003006	55	15.0	4.0	0,807	true	[003000, 003002, 003001, 003007, 003003, 003004, 003006]
2592	3	003000	003006	56	15.0	4.0	0,849	true	[003000, 003002, 003001, 003007, 003004, 003006]
2593	3	003000	003006	57	15.0	4.0	0,824	true	[003000, 003002, 003001, 003007, 003005, 003006]
2594	3	003000	003006	58	15.0	4.0	0,849	true	[003000, 003002, 003001, 003007, 003006]
2595	3	003000	003006	59	13.0	3.0	0,791	true	[003000, 003002, 003003, 003004, 003001, 003005, 003006]
2596	3	003000	003006	60	13.0	3.0	0,751	true	[003000, 003002, 003003, 003004, 003001, 003005, 003007, 003006]
2597	3	003000	003006	61	13.0	3.0	0,832	true	[003000, 003002, 003003, 003004, 003001, 003006]
2598	3	003000	003006	62	13.0	3.0	0,759	true	[003000, 003002, 003003, 003004, 003001, 003007, 003005, 003006]
2599	3	003000	003006	63	13.0	3.0	0,783	true	[003000, 003002, 003003, 003004, 003001, 003007, 003006]
2600	3	003000	003006	64	13.0	6.0	0,867	true	[003000, 003002, 003003, 003004, 003006]
2601	3	003000	003006	65	13.0	5.0	0,775	true	[003000, 003002, 003003, 003004, 003007, 003001, 003005, 003006]
2602	3	003000	003006	66	13.0	5.0	0,815	true	[003000, 003002, 003003, 003004, 003007, 003001, 003006]
2603	3	003000	003006	67	13.0	5.0	0,783	true	[003000, 003002, 003003, 003004, 003007, 003005, 003001, 003006]
2604	3	003000	003006	68	13.0	5.0	0,824	true	[003000, 003002, 003003, 003004, 003007, 003005, 003006]
2605	3	003000	003006	69	13.0	4.0	0,850	true	[003000, 003002, 003003, 003004, 003007, 003006]
2606	3	003000	003006	70	13.0	3.0	0,807	true	[003000, 003002, 003003, 003007, 003001, 003004, 003006]
2607	3	003000	003006	71	13.0	5.0	0,799	true	[003000, 003002, 003003, 003007, 003001, 003005, 003006]
2608	3	003000	003006	72	13.0	5.0	0,841	true	[003000, 003002, 003003, 003007, 003001, 003006]
2609	3	003000	003006	73	13.0	3.0	0,799	true	[003000, 003002, 003003, 003007, 003004, 003001, 003005, 003006]
2610	3	003000	003006	74	13.0	3.0	0,841	true	[003000, 003002, 003003, 003007, 003004, 003001, 003006]
2611	3	003000	003006	75	13.0	5.0	0,876	true	[003000, 003002, 003003, 003007, 003004, 003006]
2612	3	003000	003006	76	13.0	3.0	0,775	true	[003000, 003002, 003003, 003007, 003005, 003001, 003004, 003006]
2613	3	003000	003006	77	13.0	5.0	0,807	true	[003000, 003002, 003003, 003007, 003005, 003001, 003006]
2614	3	003000	003006	78	13.0	6.0	0,850	true	[003000, 003002, 003003, 003007, 003005, 003006]
2615	3	003000	003006	79	13.0	4.0	0,876	true	[003000, 003002, 003003, 003007, 003006]
2616	3	003000	003006	80	25.0	3.0	0,783	true	[003000, 003002, 003005, 003001, 003004, 003003, 003007, 003006]
2617	3	003000	003006	81	25.0	3.0	0,841	true	[003000, 003002, 003005, 003001, 003004, 003006]
2618	3	003000	003006	82	25.0	3.0	0,824	true	[003000, 003002, 003005, 003001, 003004, 003007, 003006]
2619	3	003000	003006	83	21.0	4.0	0,876	true	[003000, 003002, 003005, 003001, 003006]
2620	3	003000	003006	84	25.0	4.0	0,783	true	[003000, 003002, 003005, 003001, 003007, 003003, 003004, 003006]
2621	3	003000	003006	85	25.0	4.0	0,824	true	[003000, 003002, 003005, 003001, 003007, 003004, 003006]
2622	3	003000	003006	86	25.0	4.0	0,824	true	[003000, 003002, 003005, 003001, 003007, 003006]
2623	3	003000	003006	87	25.0	4.0	0,922	true	[003000, 003002, 003005, 003006]
2624	3	003000	003006	88	25.0	3.0	0,807	true	[003000, 003002, 003005, 003007, 003001, 003004, 003006]
2625	3	003000	003006	89	21.0	4.0	0,841	true	[003000, 003002, 003005, 003007, 003001, 003006]
2626	3	003000	003006	90	21.0	3.0	0,799	true	[003000, 003002, 003005, 003007, 003003, 003004, 003001, 003006]
2627	3	003000	003006	91	25.0	4.0	0,833	true	[003000, 003002, 003005, 003007, 003003, 003004, 003006]
2628	3	003000	003006	92	21.0	3.0	0,841	true	[003000, 003002, 003005, 003007, 003004, 003001, 003006]
2629	3	003000	003006	93	25.0	4.0	0,876	true	[003000, 003002, 003005, 003007, 003004, 003006]
2630	3	003000	003006	94	25.0	4.0	0,876	true	[003000, 003002, 003005, 003007, 003006]
2631	3	003000	003006	95	14.0	7.0	0,922	true	[003000, 003002, 003006]
2632	3	003000	003006	96	5.0	3.0	0,783	true	[003000, 003004, 003001, 003002, 003003, 003007, 003005, 003006]
2633	3	003000	003006	97	5.0	3.0	0,807	true	[003000, 003004, 003001, 003002, 003003, 003007, 003006]
2634	3	003000	003006	98	5.0	3.0	0,850	true	[003000, 003004, 003001, 003002, 003005, 003006]
2635	3	003000	003006	99	5.0	3.0	0,807	true	[003000, 003004, 003001, 003002, 003005, 003007, 003006]
2636	3	003000	003006	100	5.0	3.0	0,849	true	[003000, 003004, 003001, 003002, 003006]
2637	3	003000	003006	101	5.0	3.0	0,903	true	[003000, 003004, 003001, 003006]
2638	3	003000	003006	102	5.0	6.0	0,941	true	[003000, 003004, 003006]
2639	3	003000	003006	103	64.0	9.0	1,000	true	[003000, 003006]
2640	4	004003	004002	0	30.0	5.0	0,960	true	[004003, 004000, 004001, 004002]
2641	4	004003	004002	1	30.0	3.0	0,960	true	[004003, 004000, 004001, 004004, 004002]
2642	4	004003	004002	2	19.0	5.0	0,931	true	[004003, 004000, 004001, 004004, 004005, 004002]
2643	4	004003	004002	3	30.0	4.0	0,894	true	[004003, 004000, 004001, 004004, 004005, 004006, 004002]
2644	4	004003	004002	4	30.0	5.0	0,823	true	[004003, 004000, 004001, 004004, 004005, 004006, 004007, 004002]
2645	4	004003	004002	5	30.0	5.0	0,894	true	[004003, 004000, 004001, 004004, 004005, 004007, 004002]
2646	4	004003	004002	6	30.0	4.0	0,876	true	[004003, 004000, 004001, 004004, 004005, 004007, 004006, 004002]
2647	4	004003	004002	7	19.0	5.0	0,885	true	[004003, 004000, 004001, 004005, 004002]
2648	4	004003	004002	8	30.0	3.0	0,912	true	[004003, 004000, 004001, 004005, 004004, 004002]
2649	4	004003	004002	9	30.0	4.0	0,849	true	[004003, 004000, 004001, 004005, 004006, 004002]
2650	4	004003	004002	10	30.0	5.0	0,782	true	[004003, 004000, 004001, 004005, 004006, 004007, 004002]
2651	4	004003	004002	11	30.0	5.0	0,849	true	[004003, 004000, 004001, 004005, 004007, 004002]
2652	4	004003	004002	12	30.0	4.0	0,832	true	[004003, 004000, 004001, 004005, 004007, 004006, 004002]
2653	4	004003	004002	13	30.0	5.0	0,912	true	[004003, 004000, 004001, 004007, 004002]
2654	4	004003	004002	14	19.0	5.0	0,913	true	[004003, 004000, 004001, 004007, 004005, 004002]
2655	4	004003	004002	15	30.0	3.0	0,941	true	[004003, 004000, 004001, 004007, 004005, 004004, 004002]
2656	4	004003	004002	16	30.0	4.0	0,876	true	[004003, 004000, 004001, 004007, 004005, 004006, 004002]
2657	4	004003	004002	17	30.0	4.0	0,894	true	[004003, 004000, 004001, 004007, 004006, 004002]
2658	4	004003	004002	18	19.0	5.0	0,841	true	[004003, 004000, 004001, 004007, 004006, 004005, 004002]
2659	4	004003	004002	19	30.0	3.0	0,867	true	[004003, 004000, 004001, 004007, 004006, 004005, 004004, 004002]
2660	4	004003	004002	20	21.0	3.0	0,950	true	[004003, 004000, 004002]
2661	4	004003	004002	21	30.0	5.0	0,950	true	[004003, 004000, 004004, 004001, 004002]
2662	4	004003	004002	22	19.0	5.0	0,876	true	[004003, 004000, 004004, 004001, 004005, 004002]
2663	4	004003	004002	23	30.0	4.0	0,841	true	[004003, 004000, 004004, 004001, 004005, 004006, 004002]
2664	4	004003	004002	24	30.0	5.0	0,774	true	[004003, 004000, 004004, 004001, 004005, 004006, 004007, 004002]
2665	4	004003	004002	25	30.0	5.0	0,841	true	[004003, 004000, 004004, 004001, 004005, 004007, 004002]
2666	4	004003	004002	26	30.0	4.0	0,824	true	[004003, 004000, 004004, 004001, 004005, 004007, 004006, 004002]
2667	4	004003	004002	27	30.0	5.0	0,903	true	[004003, 004000, 004004, 004001, 004007, 004002]
2668	4	004003	004002	28	19.0	5.0	0,903	true	[004003, 004000, 004004, 004001, 004007, 004005, 004002]
2669	4	004003	004002	29	30.0	4.0	0,867	true	[004003, 004000, 004004, 004001, 004007, 004005, 004006, 004002]
2670	4	004003	004002	30	30.0	4.0	0,885	true	[004003, 004000, 004004, 004001, 004007, 004006, 004002]
2671	4	004003	004002	31	19.0	5.0	0,832	true	[004003, 004000, 004004, 004001, 004007, 004006, 004005, 004002]
2672	4	004003	004002	32	30.0	3.0	0,950	true	[004003, 004000, 004004, 004002]
2673	4	004003	004002	33	30.0	6.0	0,903	true	[004003, 004000, 004004, 004005, 004001, 004002]
2674	4	004003	004002	34	30.0	8.0	0,858	true	[004003, 004000, 004004, 004005, 004001, 004007, 004002]
2675	4	004003	004002	35	30.0	4.0	0,841	true	[004003, 004000, 004004, 004005, 004001, 004007, 004006, 004002]
2676	4	004003	004002	36	19.0	8.0	0,922	true	[004003, 004000, 004004, 004005, 004002]
2677	4	004003	004002	37	30.0	4.0	0,885	true	[004003, 004000, 004004, 004005, 004006, 004002]
2678	4	004003	004002	38	30.0	5.0	0,858	true	[004003, 004000, 004004, 004005, 004006, 004007, 004001, 004002]
2679	4	004003	004002	39	30.0	5.0	0,815	true	[004003, 004000, 004004, 004005, 004006, 004007, 004002]
2680	4	004003	004002	40	30.0	6.0	0,931	true	[004003, 004000, 004004, 004005, 004007, 004001, 004002]
2681	4	004003	004002	41	30.0	8.0	0,885	true	[004003, 004000, 004004, 004005, 004007, 004002]
2682	4	004003	004002	42	30.0	4.0	0,867	true	[004003, 004000, 004004, 004005, 004007, 004006, 004002]
2683	4	004003	004002	43	30.0	4.0	0,931	true	[004003, 004000, 004005, 004001, 004002]
2684	4	004003	004002	44	30.0	3.0	0,931	true	[004003, 004000, 004005, 004001, 004004, 004002]
2685	4	004003	004002	45	30.0	4.0	0,885	true	[004003, 004000, 004005, 004001, 004007, 004002]
2686	4	004003	004002	46	30.0	4.0	0,867	true	[004003, 004000, 004005, 004001, 004007, 004006, 004002]
2687	4	004003	004002	47	19.0	4.0	0,951	true	[004003, 004000, 004005, 004002]
2688	4	004003	004002	48	30.0	4.0	0,980	true	[004003, 004000, 004005, 004004, 004001, 004002]
2689	4	004003	004002	49	30.0	4.0	0,931	true	[004003, 004000, 004005, 004004, 004001, 004007, 004002]
2690	4	004003	004002	50	30.0	4.0	0,912	true	[004003, 004000, 004005, 004004, 004001, 004007, 004006, 004002]
2691	4	004003	004002	51	30.0	3.0	0,980	true	[004003, 004000, 004005, 004004, 004002]
2692	4	004003	004002	52	30.0	4.0	0,912	true	[004003, 004000, 004005, 004006, 004002]
2693	4	004003	004002	53	30.0	4.0	0,885	true	[004003, 004000, 004005, 004006, 004007, 004001, 004002]
2694	4	004003	004002	54	30.0	3.0	0,885	true	[004003, 004000, 004005, 004006, 004007, 004001, 004004, 004002]
2695	4	004003	004002	55	30.0	4.0	0,840	true	[004003, 004000, 004005, 004006, 004007, 004002]
2696	4	004003	004002	56	30.0	4.0	0,960	true	[004003, 004000, 004005, 004007, 004001, 004002]
2697	4	004003	004002	57	30.0	3.0	0,960	true	[004003, 004000, 004005, 004007, 004001, 004004, 004002]
2698	4	004003	004002	58	30.0	4.0	0,912	true	[004003, 004000, 004005, 004007, 004002]
2699	4	004003	004002	59	30.0	4.0	0,894	true	[004003, 004000, 004005, 004007, 004006, 004002]
2700	4	004003	004002	60	30.0	4.0	0,941	true	[004003, 004000, 004006, 004002]
2701	4	004003	004002	61	30.0	4.0	0,867	true	[004003, 004000, 004006, 004005, 004001, 004002]
2702	4	004003	004002	62	30.0	3.0	0,867	true	[004003, 004000, 004006, 004005, 004001, 004004, 004002]
2703	4	004003	004002	63	30.0	4.0	0,823	true	[004003, 004000, 004006, 004005, 004001, 004007, 004002]
2704	4	004003	004002	64	19.0	4.0	0,885	true	[004003, 004000, 004006, 004005, 004002]
2705	4	004003	004002	65	30.0	4.0	0,912	true	[004003, 004000, 004006, 004005, 004004, 004001, 004002]
2706	4	004003	004002	66	30.0	4.0	0,867	true	[004003, 004000, 004006, 004005, 004004, 004001, 004007, 004002]
2707	4	004003	004002	67	30.0	3.0	0,912	true	[004003, 004000, 004006, 004005, 004004, 004002]
2708	4	004003	004002	68	30.0	4.0	0,894	true	[004003, 004000, 004006, 004005, 004007, 004001, 004002]
2709	4	004003	004002	69	30.0	3.0	0,894	true	[004003, 004000, 004006, 004005, 004007, 004001, 004004, 004002]
2710	4	004003	004002	70	30.0	4.0	0,849	true	[004003, 004000, 004006, 004005, 004007, 004002]
2711	4	004003	004002	71	30.0	4.0	0,912	true	[004003, 004000, 004006, 004007, 004001, 004002]
2712	4	004003	004002	72	30.0	3.0	0,912	true	[004003, 004000, 004006, 004007, 004001, 004004, 004002]
2713	4	004003	004002	73	19.0	4.0	0,885	true	[004003, 004000, 004006, 004007, 004001, 004004, 004005, 004002]
2714	4	004003	004002	74	19.0	4.0	0,841	true	[004003, 004000, 004006, 004007, 004001, 004005, 004002]
2715	4	004003	004002	75	30.0	3.0	0,867	true	[004003, 004000, 004006, 004007, 004001, 004005, 004004, 004002]
2716	4	004003	004002	76	30.0	4.0	0,867	true	[004003, 004000, 004006, 004007, 004002]
2717	4	004003	004002	77	30.0	4.0	0,849	true	[004003, 004000, 004006, 004007, 004005, 004001, 004002]
2718	4	004003	004002	78	30.0	3.0	0,849	true	[004003, 004000, 004006, 004007, 004005, 004001, 004004, 004002]
2719	4	004003	004002	79	19.0	4.0	0,867	true	[004003, 004000, 004006, 004007, 004005, 004002]
2720	4	004003	004002	80	30.0	4.0	0,894	true	[004003, 004000, 004006, 004007, 004005, 004004, 004001, 004002]
2721	4	004003	004002	81	30.0	3.0	0,894	true	[004003, 004000, 004006, 004007, 004005, 004004, 004002]
2722	4	004003	004002	82	27.0	4.0	0,980	true	[004003, 004000, 004007, 004001, 004002]
2723	4	004003	004002	83	27.0	3.0	0,980	true	[004003, 004000, 004007, 004001, 004004, 004002]
2724	4	004003	004002	84	19.0	4.0	0,951	true	[004003, 004000, 004007, 004001, 004004, 004005, 004002]
2725	4	004003	004002	85	27.0	4.0	0,912	true	[004003, 004000, 004007, 004001, 004004, 004005, 004006, 004002]
2726	4	004003	004002	86	19.0	4.0	0,903	true	[004003, 004000, 004007, 004001, 004005, 004002]
2727	4	004003	004002	87	27.0	3.0	0,931	true	[004003, 004000, 004007, 004001, 004005, 004004, 004002]
2728	4	004003	004002	88	27.0	4.0	0,867	true	[004003, 004000, 004007, 004001, 004005, 004006, 004002]
2729	4	004003	004002	89	27.0	4.0	0,931	true	[004003, 004000, 004007, 004002]
2730	4	004003	004002	90	27.0	4.0	0,912	true	[004003, 004000, 004007, 004005, 004001, 004002]
2731	4	004003	004002	91	27.0	3.0	0,912	true	[004003, 004000, 004007, 004005, 004001, 004004, 004002]
2732	4	004003	004002	92	19.0	4.0	0,932	true	[004003, 004000, 004007, 004005, 004002]
2733	4	004003	004002	93	27.0	4.0	0,960	true	[004003, 004000, 004007, 004005, 004004, 004001, 004002]
2734	4	004003	004002	94	27.0	3.0	0,960	true	[004003, 004000, 004007, 004005, 004004, 004002]
2735	4	004003	004002	95	27.0	4.0	0,894	true	[004003, 004000, 004007, 004005, 004006, 004002]
2736	4	004003	004002	96	27.0	4.0	0,912	true	[004003, 004000, 004007, 004006, 004002]
2737	4	004003	004002	97	27.0	4.0	0,840	true	[004003, 004000, 004007, 004006, 004005, 004001, 004002]
2738	4	004003	004002	98	27.0	3.0	0,840	true	[004003, 004000, 004007, 004006, 004005, 004001, 004004, 004002]
2739	4	004003	004002	99	19.0	4.0	0,858	true	[004003, 004000, 004007, 004006, 004005, 004002]
2740	4	004003	004002	100	27.0	4.0	0,885	true	[004003, 004000, 004007, 004006, 004005, 004004, 004001, 004002]
2741	4	004003	004002	101	27.0	3.0	0,885	true	[004003, 004000, 004007, 004006, 004005, 004004, 004002]
2742	4	004003	004002	102	69.0	4.0	0,980	true	[004003, 004002]
2743	5	005000	005001	0	22.0	6.0	0,960	true	[005000, 005003, 005001]
2744	5	005000	005001	1	24.0	5.0	0,980	true	[005000, 005003, 005002, 005001]
2745	5	005000	005001	2	11.0	5.0	0,980	true	[005000, 005003, 005002, 005005, 005001]
2746	5	005000	005001	3	11.0	5.0	0,932	true	[005000, 005003, 005002, 005005, 005004, 005001]
2747	5	005000	005001	4	11.0	5.0	0,894	true	[005000, 005003, 005002, 005005, 005006, 005004, 005001]
2748	5	005000	005001	5	12.0	5.0	0,913	true	[005000, 005003, 005002, 005006, 005004, 005001]
2749	5	005000	005001	6	12.0	5.0	0,922	true	[005000, 005003, 005002, 005006, 005004, 005005, 005001]
2750	5	005000	005001	7	12.0	5.0	0,922	true	[005000, 005003, 005002, 005006, 005005, 005001]
2751	5	005000	005001	8	12.0	5.0	0,876	true	[005000, 005003, 005002, 005006, 005005, 005004, 005001]
2752	5	005000	005001	9	23.0	3.0	0,913	true	[005000, 005003, 005002, 005007, 005006, 005004, 005001]
2753	5	005000	005001	10	19.0	3.0	0,922	true	[005000, 005003, 005002, 005007, 005006, 005004, 005005, 005001]
2754	5	005000	005001	11	24.0	3.0	0,922	true	[005000, 005003, 005002, 005007, 005006, 005005, 005001]
2755	5	005000	005001	12	19.0	3.0	0,876	true	[005000, 005003, 005002, 005007, 005006, 005005, 005004, 005001]
2756	5	005000	005001	13	7.0	4.0	0,990	true	[005000, 005003, 005005, 005001]
2757	5	005000	005001	14	7.0	4.0	0,970	true	[005000, 005003, 005005, 005002, 005001]
2758	5	005000	005001	15	7.0	4.0	0,904	true	[005000, 005003, 005005, 005002, 005006, 005004, 005001]
2759	5	005000	005001	16	7.0	3.0	0,904	true	[005000, 005003, 005005, 005002, 005007, 005006, 005004, 005001]
2760	5	005000	005001	17	7.0	4.0	0,941	true	[005000, 005003, 005005, 005004, 005001]
2761	5	005000	005001	18	7.0	4.0	0,913	true	[005000, 005003, 005005, 005004, 005006, 005002, 005001]
2762	5	005000	005001	19	7.0	3.0	0,913	true	[005000, 005003, 005005, 005004, 005006, 005007, 005002, 005001]
2763	5	005000	005001	20	7.0	4.0	0,913	true	[005000, 005003, 005005, 005006, 005002, 005001]
2764	5	005000	005001	21	7.0	4.0	0,903	true	[005000, 005003, 005005, 005006, 005004, 005001]
2765	5	005000	005001	22	7.0	3.0	0,913	true	[005000, 005003, 005005, 005006, 005007, 005002, 005001]
2766	5	005000	005001	23	12.0	6.0	0,951	true	[005000, 005003, 005006, 005002, 005001]
2767	5	005000	005001	24	11.0	6.0	0,951	true	[005000, 005003, 005006, 005002, 005005, 005001]
2768	5	005000	005001	25	11.0	6.0	0,904	true	[005000, 005003, 005006, 005002, 005005, 005004, 005001]
2769	5	005000	005001	26	23.0	6.0	0,941	true	[005000, 005003, 005006, 005004, 005001]
2770	5	005000	005001	27	19.0	6.0	0,951	true	[005000, 005003, 005006, 005004, 005005, 005001]
2771	5	005000	005001	28	11.0	6.0	0,932	true	[005000, 005003, 005006, 005004, 005005, 005002, 005001]
2772	5	005000	005001	29	25.0	6.0	0,950	true	[005000, 005003, 005006, 005005, 005001]
2773	5	005000	005001	30	11.0	6.0	0,931	true	[005000, 005003, 005006, 005005, 005002, 005001]
2774	5	005000	005001	31	19.0	6.0	0,903	true	[005000, 005003, 005006, 005005, 005004, 005001]
2775	5	005000	005001	32	25.0	3.0	0,951	true	[005000, 005003, 005006, 005007, 005002, 005001]
2776	5	005000	005001	33	11.0	3.0	0,951	true	[005000, 005003, 005006, 005007, 005002, 005005, 005001]
2777	5	005000	005001	34	11.0	3.0	0,904	true	[005000, 005003, 005006, 005007, 005002, 005005, 005004, 005001]
2778	5	005000	005001	35	27.0	3.0	0,912	true	[005000, 005003, 005007, 005002, 005001]
2779	5	005000	005001	36	11.0	3.0	0,912	true	[005000, 005003, 005007, 005002, 005005, 005001]
2780	5	005000	005001	37	11.0	3.0	0,867	true	[005000, 005003, 005007, 005002, 005005, 005004, 005001]
2781	5	005000	005001	38	11.0	3.0	0,833	true	[005000, 005003, 005007, 005002, 005005, 005006, 005004, 005001]
2782	5	005000	005001	39	12.0	3.0	0,850	true	[005000, 005003, 005007, 005002, 005006, 005004, 005001]
2783	5	005000	005001	40	12.0	3.0	0,858	true	[005000, 005003, 005007, 005002, 005006, 005004, 005005, 005001]
2784	5	005000	005001	41	12.0	3.0	0,858	true	[005000, 005003, 005007, 005002, 005006, 005005, 005001]
2785	5	005000	005001	42	12.0	3.0	0,816	true	[005000, 005003, 005007, 005002, 005006, 005005, 005004, 005001]
2786	5	005000	005001	43	12.0	6.0	0,912	true	[005000, 005003, 005007, 005006, 005002, 005001]
2787	5	005000	005001	44	11.0	6.0	0,912	true	[005000, 005003, 005007, 005006, 005002, 005005, 005001]
2788	5	005000	005001	45	11.0	6.0	0,867	true	[005000, 005003, 005007, 005006, 005002, 005005, 005004, 005001]
2789	5	005000	005001	46	23.0	6.0	0,903	true	[005000, 005003, 005007, 005006, 005004, 005001]
2790	5	005000	005001	47	19.0	6.0	0,912	true	[005000, 005003, 005007, 005006, 005004, 005005, 005001]
2791	5	005000	005001	48	11.0	6.0	0,894	true	[005000, 005003, 005007, 005006, 005004, 005005, 005002, 005001]
2792	5	005000	005001	49	26.0	6.0	0,912	true	[005000, 005003, 005007, 005006, 005005, 005001]
2793	5	005000	005001	50	11.0	6.0	0,894	true	[005000, 005003, 005007, 005006, 005005, 005002, 005001]
2794	5	005000	005001	51	19.0	6.0	0,867	true	[005000, 005003, 005007, 005006, 005005, 005004, 005001]
2795	5	005000	005001	52	5.0	6.0	0,951	true	[005000, 005004, 005001]
2796	5	005000	005001	53	5.0	6.0	0,960	true	[005000, 005004, 005005, 005001]
2797	5	005000	005001	54	5.0	6.0	0,941	true	[005000, 005004, 005005, 005002, 005001]
2798	5	005000	005001	55	5.0	5.0	0,904	true	[005000, 005004, 005005, 005002, 005003, 005001]
2799	5	005000	005001	56	5.0	6.0	0,877	true	[005000, 005004, 005005, 005002, 005006, 005003, 005001]
2800	5	005000	005001	57	5.0	6.0	0,841	true	[005000, 005004, 005005, 005002, 005006, 005007, 005003, 005001]
2801	5	005000	005001	58	5.0	3.0	0,841	true	[005000, 005004, 005005, 005002, 005007, 005003, 005001]
2802	5	005000	005001	59	5.0	3.0	0,877	true	[005000, 005004, 005005, 005002, 005007, 005006, 005003, 005001]
2803	5	005000	005001	60	5.0	4.0	0,913	true	[005000, 005004, 005005, 005003, 005001]
2804	5	005000	005001	61	5.0	4.0	0,932	true	[005000, 005004, 005005, 005003, 005002, 005001]
2805	5	005000	005001	62	5.0	4.0	0,904	true	[005000, 005004, 005005, 005003, 005006, 005002, 005001]
2806	5	005000	005001	63	5.0	3.0	0,904	true	[005000, 005004, 005005, 005003, 005006, 005007, 005002, 005001]
2807	5	005000	005001	64	5.0	3.0	0,867	true	[005000, 005004, 005005, 005003, 005007, 005002, 005001]
2808	5	005000	005001	65	5.0	4.0	0,867	true	[005000, 005004, 005005, 005003, 005007, 005006, 005002, 005001]
2809	5	005000	005001	66	5.0	6.0	0,885	true	[005000, 005004, 005005, 005006, 005002, 005001]
2810	5	005000	005001	67	5.0	5.0	0,850	true	[005000, 005004, 005005, 005006, 005002, 005003, 005001]
2811	5	005000	005001	68	5.0	3.0	0,791	true	[005000, 005004, 005005, 005006, 005002, 005007, 005003, 005001]
2812	5	005000	005001	69	5.0	6.0	0,876	true	[005000, 005004, 005005, 005006, 005003, 005001]
2813	5	005000	005001	70	5.0	5.0	0,895	true	[005000, 005004, 005005, 005006, 005003, 005002, 005001]
2814	5	005000	005001	71	5.0	3.0	0,833	true	[005000, 005004, 005005, 005006, 005003, 005007, 005002, 005001]
2815	5	005000	005001	72	5.0	3.0	0,885	true	[005000, 005004, 005005, 005006, 005007, 005002, 005001]
2816	5	005000	005001	73	5.0	3.0	0,850	true	[005000, 005004, 005005, 005006, 005007, 005002, 005003, 005001]
2817	5	005000	005001	74	5.0	6.0	0,841	true	[005000, 005004, 005005, 005006, 005007, 005003, 005001]
2818	5	005000	005001	75	5.0	5.0	0,858	true	[005000, 005004, 005005, 005006, 005007, 005003, 005002, 005001]
2819	5	005000	005001	76	5.0	6.0	0,922	true	[005000, 005004, 005006, 005002, 005001]
2820	5	005000	005001	77	5.0	5.0	0,885	true	[005000, 005004, 005006, 005002, 005003, 005001]
2821	5	005000	005001	78	5.0	4.0	0,913	true	[005000, 005004, 005006, 005002, 005003, 005005, 005001]
2822	5	005000	005001	79	5.0	6.0	0,922	true	[005000, 005004, 005006, 005002, 005005, 005001]
2823	5	005000	005001	80	5.0	4.0	0,877	true	[005000, 005004, 005006, 005002, 005005, 005003, 005001]
2824	5	005000	005001	81	5.0	3.0	0,824	true	[005000, 005004, 005006, 005002, 005007, 005003, 005001]
2825	5	005000	005001	82	5.0	3.0	0,850	true	[005000, 005004, 005006, 005002, 005007, 005003, 005005, 005001]
2826	5	005000	005001	83	5.0	6.0	0,913	true	[005000, 005004, 005006, 005003, 005001]
2827	5	005000	005001	84	5.0	5.0	0,932	true	[005000, 005004, 005006, 005003, 005002, 005001]
2828	5	005000	005001	85	5.0	5.0	0,932	true	[005000, 005004, 005006, 005003, 005002, 005005, 005001]
2829	5	005000	005001	86	5.0	4.0	0,941	true	[005000, 005004, 005006, 005003, 005005, 005001]
2830	5	005000	005001	87	5.0	4.0	0,923	true	[005000, 005004, 005006, 005003, 005005, 005002, 005001]
2831	5	005000	005001	88	5.0	3.0	0,867	true	[005000, 005004, 005006, 005003, 005007, 005002, 005001]
2832	5	005000	005001	89	5.0	3.0	0,867	true	[005000, 005004, 005006, 005003, 005007, 005002, 005005, 005001]
2833	5	005000	005001	90	5.0	6.0	0,922	true	[005000, 005004, 005006, 005005, 005001]
2834	5	005000	005001	91	5.0	6.0	0,904	true	[005000, 005004, 005006, 005005, 005002, 005001]
2835	5	005000	005001	92	5.0	5.0	0,867	true	[005000, 005004, 005006, 005005, 005002, 005003, 005001]
2836	5	005000	005001	93	5.0	3.0	0,807	true	[005000, 005004, 005006, 005005, 005002, 005007, 005003, 005001]
2837	5	005000	005001	94	5.0	4.0	0,876	true	[005000, 005004, 005006, 005005, 005003, 005001]
2838	5	005000	005001	95	5.0	4.0	0,895	true	[005000, 005004, 005006, 005005, 005003, 005002, 005001]
2839	5	005000	005001	96	5.0	3.0	0,833	true	[005000, 005004, 005006, 005005, 005003, 005007, 005002, 005001]
2840	5	005000	005001	97	5.0	3.0	0,922	true	[005000, 005004, 005006, 005007, 005002, 005001]
2841	5	005000	005001	98	5.0	3.0	0,885	true	[005000, 005004, 005006, 005007, 005002, 005003, 005001]
2842	5	005000	005001	99	5.0	3.0	0,913	true	[005000, 005004, 005006, 005007, 005002, 005003, 005005, 005001]
2843	5	005000	005001	100	5.0	3.0	0,922	true	[005000, 005004, 005006, 005007, 005002, 005005, 005001]
2844	6	006000	006003	0	20.0	5.0	0,832	true	[006000, 006002, 006004, 006001, 006003]
2845	6	006000	006003	1	10.0	4.0	0,798	true	[006000, 006002, 006004, 006001, 006005, 006006, 006003]
2846	6	006000	006003	2	8.0	5.0	0,721	true	[006000, 006002, 006004, 006001, 006005, 006006, 006007, 006003]
2847	6	006000	006003	3	20.0	4.0	0,832	true	[006000, 006002, 006004, 006001, 006006, 006003]
2848	6	006000	006003	4	8.0	5.0	0,751	true	[006000, 006002, 006004, 006001, 006006, 006007, 006003]
2849	6	006000	006003	5	20.0	5.0	0,903	true	[006000, 006002, 006004, 006003]
2850	6	006000	006003	6	20.0	3.0	0,832	true	[006000, 006002, 006004, 006006, 006001, 006003]
2851	6	006000	006003	7	20.0	3.0	0,922	true	[006000, 006002, 006004, 006006, 006003]
2852	6	006000	006003	8	10.0	3.0	0,798	true	[006000, 006002, 006004, 006006, 006005, 006001, 006003]
2853	6	006000	006003	9	8.0	3.0	0,832	true	[006000, 006002, 006004, 006006, 006007, 006003]
2854	6	006000	006003	10	8.0	5.0	0,840	true	[006000, 006002, 006004, 006007, 006003]
2855	6	006000	006003	11	20.0	5.0	0,759	true	[006000, 006002, 006004, 006007, 006006, 006001, 006003]
2856	6	006000	006003	12	20.0	4.0	0,840	true	[006000, 006002, 006004, 006007, 006006, 006003]
2857	6	006000	006003	13	10.0	5.0	0,728	true	[006000, 006002, 006004, 006007, 006006, 006005, 006001, 006003]
2858	6	006000	006003	14	11.0	5.0	0,840	true	[006000, 006002, 006006, 006001, 006003]
2859	6	006000	006003	15	11.0	5.0	0,824	true	[006000, 006002, 006006, 006001, 006004, 006003]
2860	6	006000	006003	16	8.0	5.0	0,766	true	[006000, 006002, 006006, 006001, 006004, 006007, 006003]
2861	6	006000	006003	17	11.0	4.0	0,931	true	[006000, 006002, 006006, 006003]
2862	6	006000	006003	18	11.0	3.0	0,840	true	[006000, 006002, 006006, 006004, 006001, 006003]
2863	6	006000	006003	19	11.0	3.0	0,913	true	[006000, 006002, 006006, 006004, 006003]
2864	6	006000	006003	20	8.0	3.0	0,849	true	[006000, 006002, 006006, 006004, 006007, 006003]
2865	6	006000	006003	21	10.0	5.0	0,807	true	[006000, 006002, 006006, 006005, 006001, 006003]
2866	6	006000	006003	22	10.0	5.0	0,791	true	[006000, 006002, 006006, 006005, 006001, 006004, 006003]
2867	6	006000	006003	23	8.0	5.0	0,736	true	[006000, 006002, 006006, 006005, 006001, 006004, 006007, 006003]
2868	6	006000	006003	24	8.0	5.0	0,840	true	[006000, 006002, 006006, 006007, 006003]
2869	6	006000	006003	25	11.0	5.0	0,766	true	[006000, 006002, 006006, 006007, 006004, 006001, 006003]
2870	6	006000	006003	26	11.0	5.0	0,832	true	[006000, 006002, 006006, 006007, 006004, 006003]
2871	6	006000	006003	27	8.0	5.0	0,866	true	[006000, 006002, 006007, 006003]
2872	6	006000	006003	28	20.0	5.0	0,790	true	[006000, 006002, 006007, 006004, 006001, 006003]
2873	6	006000	006003	29	10.0	4.0	0,759	true	[006000, 006002, 006007, 006004, 006001, 006005, 006006, 006003]
2874	6	006000	006003	30	20.0	4.0	0,790	true	[006000, 006002, 006007, 006004, 006001, 006006, 006003]
2875	6	006000	006003	31	20.0	5.0	0,858	true	[006000, 006002, 006007, 006004, 006003]
2876	6	006000	006003	32	20.0	3.0	0,790	true	[006000, 006002, 006007, 006004, 006006, 006001, 006003]
2877	6	006000	006003	33	20.0	3.0	0,876	true	[006000, 006002, 006007, 006004, 006006, 006003]
2878	6	006000	006003	34	10.0	3.0	0,759	true	[006000, 006002, 006007, 006004, 006006, 006005, 006001, 006003]
2879	6	006000	006003	35	20.0	5.0	0,782	true	[006000, 006002, 006007, 006006, 006001, 006003]
2880	6	006000	006003	36	20.0	5.0	0,766	true	[006000, 006002, 006007, 006006, 006001, 006004, 006003]
2881	6	006000	006003	37	20.0	4.0	0,866	true	[006000, 006002, 006007, 006006, 006003]
2882	6	006000	006003	38	20.0	3.0	0,782	true	[006000, 006002, 006007, 006006, 006004, 006001, 006003]
2883	6	006000	006003	39	20.0	3.0	0,849	true	[006000, 006002, 006007, 006006, 006004, 006003]
2884	6	006000	006003	40	10.0	5.0	0,751	true	[006000, 006002, 006007, 006006, 006005, 006001, 006003]
2885	6	006000	006003	41	10.0	5.0	0,736	true	[006000, 006002, 006007, 006006, 006005, 006001, 006004, 006003]
2886	6	006000	006003	42	18.0	3.0	0,960	true	[006000, 006003]
2887	6	006000	006003	43	24.0	5.0	0,875	true	[006000, 006004, 006001, 006003]
2888	6	006000	006003	44	8.0	5.0	0,736	true	[006000, 006004, 006001, 006005, 006006, 006002, 006007, 006003]
2889	6	006000	006003	45	10.0	4.0	0,840	true	[006000, 006004, 006001, 006005, 006006, 006003]
2890	6	006000	006003	46	8.0	5.0	0,758	true	[006000, 006004, 006001, 006005, 006006, 006007, 006003]
2891	6	006000	006003	47	8.0	5.0	0,766	true	[006000, 006004, 006001, 006006, 006002, 006007, 006003]
2892	6	006000	006003	48	24.0	4.0	0,875	true	[006000, 006004, 006001, 006006, 006003]
2893	6	006000	006003	49	8.0	5.0	0,790	true	[006000, 006004, 006001, 006006, 006007, 006003]
2894	6	006000	006003	50	11.0	5.0	0,815	true	[006000, 006004, 006002, 006006, 006001, 006003]
2895	6	006000	006003	51	11.0	4.0	0,903	true	[006000, 006004, 006002, 006006, 006003]
2896	6	006000	006003	52	10.0	5.0	0,783	true	[006000, 006004, 006002, 006006, 006005, 006001, 006003]
2897	6	006000	006003	53	8.0	6.0	0,815	true	[006000, 006004, 006002, 006006, 006007, 006003]
2898	6	006000	006003	54	8.0	6.0	0,840	true	[006000, 006004, 006002, 006007, 006003]
2899	6	006000	006003	55	24.0	5.0	0,758	true	[006000, 006004, 006002, 006007, 006006, 006001, 006003]
2900	6	006000	006003	56	24.0	4.0	0,840	true	[006000, 006004, 006002, 006007, 006006, 006003]
2901	6	006000	006003	57	10.0	5.0	0,728	true	[006000, 006004, 006002, 006007, 006006, 006005, 006001, 006003]
2902	6	006000	006003	58	24.0	8.0	0,951	true	[006000, 006004, 006003]
2903	6	006000	006003	59	24.0	3.0	0,875	true	[006000, 006004, 006006, 006001, 006003]
2904	6	006000	006003	60	8.0	3.0	0,849	true	[006000, 006004, 006006, 006002, 006007, 006003]
2905	6	006000	006003	61	24.0	3.0	0,970	true	[006000, 006004, 006006, 006003]
2906	6	006000	006003	62	10.0	3.0	0,840	true	[006000, 006004, 006006, 006005, 006001, 006003]
2907	6	006000	006003	63	8.0	3.0	0,875	true	[006000, 006004, 006006, 006007, 006003]
2908	6	006000	006003	64	11.0	5.0	0,774	true	[006000, 006004, 006007, 006002, 006006, 006001, 006003]
2909	6	006000	006003	65	11.0	4.0	0,858	true	[006000, 006004, 006007, 006002, 006006, 006003]
2910	6	006000	006003	66	10.0	5.0	0,743	true	[006000, 006004, 006007, 006002, 006006, 006005, 006001, 006003]
2911	6	006000	006003	67	8.0	6.0	0,885	true	[006000, 006004, 006007, 006003]
2912	6	006000	006003	68	24.0	5.0	0,798	true	[006000, 006004, 006007, 006006, 006001, 006003]
2913	6	006000	006003	69	24.0	4.0	0,885	true	[006000, 006004, 006007, 006006, 006003]
2914	6	006000	006003	70	10.0	5.0	0,766	true	[006000, 006004, 006007, 006006, 006005, 006001, 006003]
2915	6	006000	006003	71	55.0	4.0	0,884	true	[006000, 006006, 006001, 006003]
2916	6	006000	006003	72	8.0	4.0	0,766	true	[006000, 006006, 006001, 006004, 006002, 006007, 006003]
2917	6	006000	006003	73	31.0	4.0	0,867	true	[006000, 006006, 006001, 006004, 006003]
2918	6	006000	006003	74	8.0	4.0	0,807	true	[006000, 006006, 006001, 006004, 006007, 006003]
2919	6	006000	006003	75	11.0	4.0	0,824	true	[006000, 006006, 006002, 006004, 006001, 006003]
2920	6	006000	006003	76	11.0	4.0	0,894	true	[006000, 006006, 006002, 006004, 006003]
2921	6	006000	006003	77	8.0	4.0	0,832	true	[006000, 006006, 006002, 006004, 006007, 006003]
2922	6	006000	006003	78	8.0	4.0	0,858	true	[006000, 006006, 006002, 006007, 006003]
2923	6	006000	006003	79	11.0	4.0	0,782	true	[006000, 006006, 006002, 006007, 006004, 006001, 006003]
2924	6	006000	006003	80	11.0	4.0	0,850	true	[006000, 006006, 006002, 006007, 006004, 006003]
2925	6	006000	006003	81	56.0	4.0	0,980	true	[006000, 006006, 006003]
2926	6	006000	006003	82	30.0	3.0	0,884	true	[006000, 006006, 006004, 006001, 006003]
2927	6	006000	006003	83	8.0	3.0	0,849	true	[006000, 006006, 006004, 006002, 006007, 006003]
2928	6	006000	006003	84	30.0	3.0	0,960	true	[006000, 006006, 006004, 006003]
2929	6	006000	006003	85	8.0	3.0	0,894	true	[006000, 006006, 006004, 006007, 006003]
2930	6	006000	006003	86	10.0	4.0	0,849	true	[006000, 006006, 006005, 006001, 006003]
2931	6	006000	006003	87	8.0	4.0	0,736	true	[006000, 006006, 006005, 006001, 006004, 006002, 006007, 006003]
2932	6	006000	006003	88	10.0	4.0	0,832	true	[006000, 006006, 006005, 006001, 006004, 006003]
2933	6	006000	006003	89	8.0	4.0	0,774	true	[006000, 006006, 006005, 006001, 006004, 006007, 006003]
2934	6	006000	006003	90	54.0	4.0	0,766	true	[006000, 006006, 006007, 006002, 006004, 006001, 006003]
2935	6	006000	006003	91	31.0	4.0	0,832	true	[006000, 006006, 006007, 006002, 006004, 006003]
2936	6	006000	006003	92	8.0	4.0	0,884	true	[006000, 006006, 006007, 006003]
2937	6	006000	006003	93	54.0	4.0	0,807	true	[006000, 006006, 006007, 006004, 006001, 006003]
2938	6	006000	006003	94	31.0	4.0	0,876	true	[006000, 006006, 006007, 006004, 006003]
2939	6	006000	006003	95	22.0	5.0	0,807	true	[006000, 006007, 006002, 006004, 006001, 006003]
2940	6	006000	006003	96	10.0	4.0	0,774	true	[006000, 006007, 006002, 006004, 006001, 006005, 006006, 006003]
2941	6	006000	006003	97	22.0	4.0	0,807	true	[006000, 006007, 006002, 006004, 006001, 006006, 006003]
2942	6	006000	006003	98	22.0	5.0	0,876	true	[006000, 006007, 006002, 006004, 006003]
2943	6	006000	006003	99	22.0	3.0	0,807	true	[006000, 006007, 006002, 006004, 006006, 006001, 006003]
2944	6	006000	006003	100	22.0	3.0	0,894	true	[006000, 006007, 006002, 006004, 006006, 006003]
2945	6	006000	006003	101	8.0	5.0	0,931	true	[006000, 006007, 006003]
2946	7	007000	007005	0	7.0	9.0	0,922	true	[007000, 007001, 007002, 007004, 007003, 007005]
2947	7	007000	007005	1	8.0	7.0	0,951	true	[007000, 007001, 007002, 007004, 007005]
2948	7	007000	007005	2	8.0	4.0	0,931	true	[007000, 007001, 007002, 007007, 007005]
2949	7	007000	007005	3	8.0	4.0	0,850	true	[007000, 007001, 007003, 007004, 007002, 007007, 007005]
2950	7	007000	007005	4	8.0	7.0	0,903	true	[007000, 007001, 007003, 007004, 007005]
2951	7	007000	007005	5	7.0	10.0	0,951	true	[007000, 007001, 007003, 007005]
2952	7	007000	007005	6	42.0	4.0	0,980	true	[007000, 007001, 007005]
2953	7	007000	007005	7	10.0	4.0	0,850	true	[007000, 007001, 007006, 007004, 007002, 007007, 007005]
2954	7	007000	007005	8	7.0	6.0	0,876	true	[007000, 007001, 007006, 007004, 007003, 007005]
2955	7	007000	007005	9	36.0	6.0	0,903	true	[007000, 007001, 007006, 007004, 007005]
2956	7	007000	007005	10	7.0	6.0	0,841	true	[007000, 007001, 007007, 007002, 007004, 007003, 007005]
2957	7	007000	007005	11	10.0	6.0	0,867	true	[007000, 007001, 007007, 007002, 007004, 007005]
2958	7	007000	007005	12	33.0	4.0	0,922	true	[007000, 007001, 007007, 007005]
2959	7	007000	007005	13	8.0	3.0	0,858	true	[007000, 007002, 007001, 007003, 007004, 007005]
2960	7	007000	007005	14	7.0	3.0	0,903	true	[007000, 007002, 007001, 007003, 007005]
2961	7	007000	007005	15	8.0	3.0	0,931	true	[007000, 007002, 007001, 007005]
2962	7	007000	007005	16	7.0	3.0	0,832	true	[007000, 007002, 007001, 007006, 007004, 007003, 007005]
2963	7	007000	007005	17	8.0	3.0	0,858	true	[007000, 007002, 007001, 007006, 007004, 007005]
2964	7	007000	007005	18	8.0	3.0	0,875	true	[007000, 007002, 007001, 007007, 007005]
2965	7	007000	007005	19	8.0	3.0	0,850	true	[007000, 007002, 007004, 007003, 007001, 007005]
2966	7	007000	007005	20	8.0	3.0	0,799	true	[007000, 007002, 007004, 007003, 007001, 007007, 007005]
2967	7	007000	007005	21	7.0	3.0	0,876	true	[007000, 007002, 007004, 007003, 007005]
2968	7	007000	007005	22	12.0	3.0	0,903	true	[007000, 007002, 007004, 007005]
2969	7	007000	007005	23	7.0	3.0	0,824	true	[007000, 007002, 007004, 007006, 007001, 007003, 007005]
2970	7	007000	007005	24	12.0	3.0	0,850	true	[007000, 007002, 007004, 007006, 007001, 007005]
2971	7	007000	007005	25	12.0	3.0	0,799	true	[007000, 007002, 007004, 007006, 007001, 007007, 007005]
2972	7	007000	007005	26	8.0	3.0	0,783	true	[007000, 007002, 007007, 007001, 007003, 007004, 007005]
2973	7	007000	007005	27	7.0	3.0	0,824	true	[007000, 007002, 007007, 007001, 007003, 007005]
2974	7	007000	007005	28	10.0	3.0	0,849	true	[007000, 007002, 007007, 007001, 007005]
2975	7	007000	007005	29	7.0	3.0	0,759	true	[007000, 007002, 007007, 007001, 007006, 007004, 007003, 007005]
2976	7	007000	007005	30	10.0	3.0	0,783	true	[007000, 007002, 007007, 007001, 007006, 007004, 007005]
2977	7	007000	007005	31	10.0	3.0	0,885	true	[007000, 007002, 007007, 007005]
2978	7	007000	007005	32	8.0	4.0	0,904	true	[007000, 007003, 007001, 007002, 007004, 007005]
2979	7	007000	007005	33	8.0	4.0	0,885	true	[007000, 007003, 007001, 007002, 007007, 007005]
2980	7	007000	007005	34	8.0	4.0	0,932	true	[007000, 007003, 007001, 007005]
2981	7	007000	007005	35	8.0	4.0	0,808	true	[007000, 007003, 007001, 007006, 007004, 007002, 007007, 007005]
2982	7	007000	007005	36	8.0	4.0	0,859	true	[007000, 007003, 007001, 007006, 007004, 007005]
2983	7	007000	007005	37	8.0	4.0	0,824	true	[007000, 007003, 007001, 007007, 007002, 007004, 007005]
2984	7	007000	007005	38	8.0	4.0	0,876	true	[007000, 007003, 007001, 007007, 007005]
2985	7	007000	007005	39	8.0	4.0	0,904	true	[007000, 007003, 007004, 007002, 007001, 007005]
2986	7	007000	007005	40	8.0	4.0	0,850	true	[007000, 007003, 007004, 007002, 007001, 007007, 007005]
2987	7	007000	007005	41	10.0	4.0	0,824	true	[007000, 007003, 007004, 007002, 007007, 007001, 007005]
2988	7	007000	007005	42	10.0	4.0	0,859	true	[007000, 007003, 007004, 007002, 007007, 007005]
2989	7	007000	007005	43	19.0	4.0	0,913	true	[007000, 007003, 007004, 007005]
2990	7	007000	007005	44	8.0	4.0	0,816	true	[007000, 007003, 007004, 007006, 007001, 007002, 007007, 007005]
2991	7	007000	007005	45	19.0	4.0	0,859	true	[007000, 007003, 007004, 007006, 007001, 007005]
2992	7	007000	007005	46	19.0	4.0	0,807	true	[007000, 007003, 007004, 007006, 007001, 007007, 007005]
2993	7	007000	007005	47	7.0	4.0	0,960	true	[007000, 007003, 007005]
2994	7	007000	007005	48	7.0	6.0	0,904	true	[007000, 007004, 007002, 007001, 007003, 007005]
2995	7	007000	007005	49	8.0	4.0	0,932	true	[007000, 007004, 007002, 007001, 007005]
2996	7	007000	007005	50	8.0	4.0	0,876	true	[007000, 007004, 007002, 007001, 007007, 007005]
2997	7	007000	007005	51	7.0	6.0	0,824	true	[007000, 007004, 007002, 007007, 007001, 007003, 007005]
2998	7	007000	007005	52	10.0	4.0	0,850	true	[007000, 007004, 007002, 007007, 007001, 007005]
2999	7	007000	007005	53	10.0	4.0	0,885	true	[007000, 007004, 007002, 007007, 007005]
3000	7	007000	007005	54	8.0	4.0	0,841	true	[007000, 007004, 007003, 007001, 007002, 007007, 007005]
3001	7	007000	007005	55	8.0	4.0	0,885	true	[007000, 007004, 007003, 007001, 007005]
3002	7	007000	007005	56	8.0	4.0	0,832	true	[007000, 007004, 007003, 007001, 007007, 007005]
3003	7	007000	007005	57	7.0	6.0	0,913	true	[007000, 007004, 007003, 007005]
3004	7	007000	007005	58	22.0	6.0	0,941	true	[007000, 007004, 007005]
3005	7	007000	007005	59	8.0	4.0	0,841	true	[007000, 007004, 007006, 007001, 007002, 007007, 007005]
3006	7	007000	007005	60	7.0	6.0	0,859	true	[007000, 007004, 007006, 007001, 007003, 007005]
3007	7	007000	007005	61	22.0	4.0	0,885	true	[007000, 007004, 007006, 007001, 007005]
3008	7	007000	007005	62	22.0	4.0	0,832	true	[007000, 007004, 007006, 007001, 007007, 007005]
3009	7	007000	007005	63	40.0	10.0	0,980	true	[007000, 007005]
3010	7	007000	007004	64	8.0	9.0	0,980	true	[007000, 007001, 007002, 007004]
3011	7	007000	007004	65	7.0	4.0	0,876	true	[007000, 007001, 007002, 007007, 007005, 007003, 007004]
3012	7	007000	007004	66	8.0	4.0	0,903	true	[007000, 007001, 007002, 007007, 007005, 007004]
3013	7	007000	007004	67	8.0	9.0	0,931	true	[007000, 007001, 007003, 007004]
3014	7	007000	007004	68	7.0	7.0	0,922	true	[007000, 007001, 007003, 007005, 007004]
3015	7	007000	007004	69	7.0	4.0	0,867	true	[007000, 007001, 007003, 007005, 007007, 007002, 007004]
3016	7	007000	007004	70	7.0	4.0	0,922	true	[007000, 007001, 007005, 007003, 007004]
3017	7	007000	007004	71	42.0	4.0	0,951	true	[007000, 007001, 007005, 007004]
3018	7	007000	007004	72	10.0	4.0	0,894	true	[007000, 007001, 007005, 007007, 007002, 007004]
3019	7	007000	007004	73	36.0	6.0	0,931	true	[007000, 007001, 007006, 007004]
3020	7	007000	007004	74	10.0	6.0	0,894	true	[007000, 007001, 007007, 007002, 007004]
3021	7	007000	007004	75	7.0	4.0	0,867	true	[007000, 007001, 007007, 007005, 007003, 007004]
3022	7	007000	007004	76	33.0	4.0	0,894	true	[007000, 007001, 007007, 007005, 007004]
3023	7	007000	007004	77	8.0	3.0	0,885	true	[007000, 007002, 007001, 007003, 007004]
3024	7	007000	007004	78	7.0	3.0	0,876	true	[007000, 007002, 007001, 007003, 007005, 007004]
3025	7	007000	007004	79	7.0	3.0	0,876	true	[007000, 007002, 007001, 007005, 007003, 007004]
3026	7	007000	007004	80	8.0	3.0	0,903	true	[007000, 007002, 007001, 007005, 007004]
3027	7	007000	007004	81	8.0	3.0	0,885	true	[007000, 007002, 007001, 007006, 007004]
3028	7	007000	007004	82	7.0	3.0	0,824	true	[007000, 007002, 007001, 007007, 007005, 007003, 007004]
3029	7	007000	007004	83	8.0	3.0	0,849	true	[007000, 007002, 007001, 007007, 007005, 007004]
3030	7	007000	007004	84	12.0	3.0	0,931	true	[007000, 007002, 007004]
3031	7	007000	007004	85	8.0	3.0	0,807	true	[007000, 007002, 007007, 007001, 007003, 007004]
3032	7	007000	007004	86	7.0	3.0	0,799	true	[007000, 007002, 007007, 007001, 007003, 007005, 007004]
3033	7	007000	007004	87	7.0	3.0	0,799	true	[007000, 007002, 007007, 007001, 007005, 007003, 007004]
3034	7	007000	007004	88	10.0	3.0	0,824	true	[007000, 007002, 007007, 007001, 007005, 007004]
3035	7	007000	007004	89	10.0	3.0	0,807	true	[007000, 007002, 007007, 007001, 007006, 007004]
3036	7	007000	007004	90	8.0	3.0	0,807	true	[007000, 007002, 007007, 007005, 007001, 007003, 007004]
3037	7	007000	007004	91	10.0	3.0	0,807	true	[007000, 007002, 007007, 007005, 007001, 007006, 007004]
3038	7	007000	007004	92	7.0	3.0	0,783	true	[007000, 007002, 007007, 007005, 007003, 007001, 007006, 007004]
3039	7	007000	007004	93	7.0	3.0	0,832	true	[007000, 007002, 007007, 007005, 007003, 007004]
3040	7	007000	007004	94	10.0	3.0	0,858	true	[007000, 007002, 007007, 007005, 007004]
3041	7	007000	007004	95	8.0	4.0	0,932	true	[007000, 007003, 007001, 007002, 007004]
3042	7	007000	007004	96	8.0	4.0	0,859	true	[007000, 007003, 007001, 007002, 007007, 007005, 007004]
3043	7	007000	007004	97	8.0	4.0	0,904	true	[007000, 007003, 007001, 007005, 007004]
3044	7	007000	007004	98	8.0	4.0	0,850	true	[007000, 007003, 007001, 007005, 007007, 007002, 007004]
3045	7	007000	007004	99	8.0	4.0	0,885	true	[007000, 007003, 007001, 007006, 007004]
3046	7	007000	007004	100	8.0	4.0	0,850	true	[007000, 007003, 007001, 007007, 007002, 007004]
3047	7	007000	007004	101	19.0	4.0	0,941	true	[007000, 007003, 007004]
3048	7	007000	007004	102	22.0	6.0	0,970	true	[007000, 007004]
3049	8	008002	008007	0	18.0	3.0	0,798	true	[008002, 008000, 008001, 008003, 008004, 008005, 008006, 008007]
3050	8	008002	008007	1	18.0	3.0	0,790	true	[008002, 008000, 008001, 008003, 008004, 008005, 008007]
3051	8	008002	008007	2	18.0	4.0	0,832	true	[008002, 008000, 008001, 008003, 008004, 008006, 008005, 008007]
3052	8	008002	008007	3	18.0	4.0	0,840	true	[008002, 008000, 008001, 008003, 008004, 008006, 008007]
3053	8	008002	008007	4	18.0	5.0	0,849	true	[008002, 008000, 008001, 008003, 008007]
3054	8	008002	008007	5	18.0	3.0	0,799	true	[008002, 008000, 008001, 008005, 008004, 008003, 008007]
3055	8	008002	008007	6	18.0	3.0	0,840	true	[008002, 008000, 008001, 008005, 008004, 008006, 008007]
3056	8	008002	008007	7	18.0	3.0	0,841	true	[008002, 008000, 008001, 008005, 008006, 008004, 008003, 008007]
3057	8	008002	008007	8	18.0	3.0	0,884	true	[008002, 008000, 008001, 008005, 008006, 008007]
3058	8	008002	008007	9	18.0	3.0	0,876	true	[008002, 008000, 008001, 008005, 008007]
3059	8	008002	008007	10	18.0	4.0	0,824	true	[008002, 008000, 008001, 008006, 008004, 008003, 008007]
3060	8	008002	008007	11	18.0	3.0	0,815	true	[008002, 008000, 008001, 008006, 008004, 008005, 008007]
3061	8	008002	008007	12	18.0	3.0	0,782	true	[008002, 008000, 008001, 008006, 008005, 008004, 008003, 008007]
3062	8	008002	008007	13	18.0	6.0	0,858	true	[008002, 008000, 008001, 008006, 008005, 008007]
3063	8	008002	008007	14	18.0	6.0	0,866	true	[008002, 008000, 008001, 008006, 008007]
3064	8	008002	008007	15	18.0	7.0	0,866	true	[008002, 008000, 008001, 008007]
3065	8	008002	008007	16	14.0	3.0	0,815	true	[008002, 008000, 008003, 008001, 008005, 008004, 008006, 008007]
3066	8	008002	008007	17	14.0	3.0	0,858	true	[008002, 008000, 008003, 008001, 008005, 008006, 008007]
3067	8	008002	008007	18	14.0	3.0	0,849	true	[008002, 008000, 008003, 008001, 008005, 008007]
3068	8	008002	008007	19	14.0	3.0	0,790	true	[008002, 008000, 008003, 008001, 008006, 008004, 008005, 008007]
3069	8	008002	008007	20	14.0	6.0	0,832	true	[008002, 008000, 008003, 008001, 008006, 008005, 008007]
3070	8	008002	008007	21	14.0	6.0	0,840	true	[008002, 008000, 008003, 008001, 008006, 008007]
3071	8	008002	008007	22	14.0	6.0	0,840	true	[008002, 008000, 008003, 008001, 008007]
3072	8	008002	008007	23	14.0	3.0	0,791	true	[008002, 008000, 008003, 008004, 008005, 008001, 008006, 008007]
3073	8	008002	008007	24	14.0	3.0	0,791	true	[008002, 008000, 008003, 008004, 008005, 008001, 008007]
3074	8	008002	008007	25	14.0	3.0	0,775	true	[008002, 008000, 008003, 008004, 008005, 008006, 008001, 008007]
3075	8	008002	008007	26	14.0	3.0	0,840	true	[008002, 008000, 008003, 008004, 008005, 008006, 008007]
3076	8	008002	008007	27	14.0	3.0	0,832	true	[008002, 008000, 008003, 008004, 008005, 008007]
3077	8	008002	008007	28	14.0	3.0	0,824	true	[008002, 008000, 008003, 008004, 008006, 008001, 008005, 008007]
3078	8	008002	008007	29	14.0	4.0	0,815	true	[008002, 008000, 008003, 008004, 008006, 008001, 008007]
3079	8	008002	008007	30	14.0	3.0	0,832	true	[008002, 008000, 008003, 008004, 008006, 008005, 008001, 008007]
3080	8	008002	008007	31	14.0	4.0	0,876	true	[008002, 008000, 008003, 008004, 008006, 008005, 008007]
3081	8	008002	008007	32	14.0	4.0	0,885	true	[008002, 008000, 008003, 008004, 008006, 008007]
3082	8	008002	008007	33	14.0	5.0	0,894	true	[008002, 008000, 008003, 008007]
3083	8	008002	008007	34	25.0	3.0	0,867	true	[008002, 008000, 008004, 008003, 008001, 008005, 008006, 008007]
3084	8	008002	008007	35	26.0	3.0	0,858	true	[008002, 008000, 008004, 008003, 008001, 008005, 008007]
3085	8	008002	008007	36	26.0	5.0	0,841	true	[008002, 008000, 008004, 008003, 008001, 008006, 008005, 008007]
3086	8	008002	008007	37	25.0	5.0	0,849	true	[008002, 008000, 008004, 008003, 008001, 008006, 008007]
3087	8	008002	008007	38	26.0	5.0	0,849	true	[008002, 008000, 008004, 008003, 008001, 008007]
3088	8	008002	008007	39	26.0	5.0	0,903	true	[008002, 008000, 008004, 008003, 008007]
3089	8	008002	008007	40	38.0	3.0	0,832	true	[008002, 008000, 008004, 008005, 008001, 008003, 008007]
3090	8	008002	008007	41	25.0	3.0	0,849	true	[008002, 008000, 008004, 008005, 008001, 008006, 008007]
3091	8	008002	008007	42	35.0	3.0	0,849	true	[008002, 008000, 008004, 008005, 008001, 008007]
3092	8	008002	008007	43	38.0	3.0	0,815	true	[008002, 008000, 008004, 008005, 008006, 008001, 008003, 008007]
3093	8	008002	008007	44	35.0	3.0	0,832	true	[008002, 008000, 008004, 008005, 008006, 008001, 008007]
3094	8	008002	008007	45	25.0	3.0	0,903	true	[008002, 008000, 008004, 008005, 008006, 008007]
3095	8	008002	008007	46	38.0	3.0	0,893	true	[008002, 008000, 008004, 008005, 008007]
3096	8	008002	008007	47	38.0	4.0	0,858	true	[008002, 008000, 008004, 008006, 008001, 008003, 008007]
3097	8	008002	008007	48	38.0	3.0	0,885	true	[008002, 008000, 008004, 008006, 008001, 008005, 008007]
3098	8	008002	008007	49	35.0	4.0	0,876	true	[008002, 008000, 008004, 008006, 008001, 008007]
3099	8	008002	008007	50	38.0	3.0	0,876	true	[008002, 008000, 008004, 008006, 008005, 008001, 008003, 008007]
3100	8	008002	008007	51	35.0	3.0	0,894	true	[008002, 008000, 008004, 008006, 008005, 008001, 008007]
3101	8	008002	008007	52	38.0	4.0	0,941	true	[008002, 008000, 008004, 008006, 008005, 008007]
3102	8	008002	008007	53	25.0	4.0	0,950	true	[008002, 008000, 008004, 008006, 008007]
3103	8	008002	008007	54	25.0	3.0	0,850	true	[008002, 008000, 008005, 008001, 008003, 008004, 008006, 008007]
3104	8	008002	008007	55	38.0	3.0	0,858	true	[008002, 008000, 008005, 008001, 008003, 008007]
3105	8	008002	008007	56	26.0	3.0	0,833	true	[008002, 008000, 008005, 008001, 008006, 008004, 008003, 008007]
3106	8	008002	008007	57	25.0	3.0	0,876	true	[008002, 008000, 008005, 008001, 008006, 008007]
3107	8	008002	008007	58	35.0	3.0	0,876	true	[008002, 008000, 008005, 008001, 008007]
3108	8	008002	008007	59	25.0	3.0	0,791	true	[008002, 008000, 008005, 008004, 008003, 008001, 008006, 008007]
3109	8	008002	008007	60	26.0	3.0	0,791	true	[008002, 008000, 008005, 008004, 008003, 008001, 008007]
3110	8	008002	008007	61	26.0	3.0	0,841	true	[008002, 008000, 008005, 008004, 008003, 008007]
3111	8	008002	008007	62	38.0	3.0	0,799	true	[008002, 008000, 008005, 008004, 008006, 008001, 008003, 008007]
3112	8	008002	008007	63	35.0	3.0	0,815	true	[008002, 008000, 008005, 008004, 008006, 008001, 008007]
3113	8	008002	008007	64	25.0	3.0	0,884	true	[008002, 008000, 008005, 008004, 008006, 008007]
3114	8	008002	008007	65	38.0	5.0	0,841	true	[008002, 008000, 008005, 008006, 008001, 008003, 008007]
3115	8	008002	008007	66	35.0	6.0	0,858	true	[008002, 008000, 008005, 008006, 008001, 008007]
3116	8	008002	008007	67	26.0	4.0	0,832	true	[008002, 008000, 008005, 008006, 008004, 008003, 008001, 008007]
3117	8	008002	008007	68	26.0	4.0	0,885	true	[008002, 008000, 008005, 008006, 008004, 008003, 008007]
3118	8	008002	008007	69	25.0	7.0	0,931	true	[008002, 008000, 008005, 008006, 008007]
3119	8	008002	008007	70	38.0	7.0	0,922	true	[008002, 008000, 008005, 008007]
3120	8	008002	008007	71	6.0	3.0	0,799	true	[008002, 008000, 008006, 008001, 008003, 008004, 008005, 008007]
3121	8	008002	008007	72	6.0	5.0	0,858	true	[008002, 008000, 008006, 008001, 008003, 008007]
3122	8	008002	008007	73	6.0	3.0	0,807	true	[008002, 008000, 008006, 008001, 008005, 008004, 008003, 008007]
3123	8	008002	008007	74	6.0	3.0	0,885	true	[008002, 008000, 008006, 008001, 008005, 008007]
3124	8	008002	008007	75	6.0	6.0	0,876	true	[008002, 008000, 008006, 008001, 008007]
3125	8	008002	008007	76	6.0	3.0	0,858	true	[008002, 008000, 008006, 008004, 008003, 008001, 008005, 008007]
3126	8	008002	008007	77	6.0	4.0	0,849	true	[008002, 008000, 008006, 008004, 008003, 008001, 008007]
3127	8	008002	008007	78	6.0	4.0	0,903	true	[008002, 008000, 008006, 008004, 008003, 008007]
3128	8	008002	008007	79	6.0	3.0	0,832	true	[008002, 008000, 008006, 008004, 008005, 008001, 008003, 008007]
3129	8	008002	008007	80	6.0	3.0	0,849	true	[008002, 008000, 008006, 008004, 008005, 008001, 008007]
3130	8	008002	008007	81	6.0	3.0	0,893	true	[008002, 008000, 008006, 008004, 008005, 008007]
3131	8	008002	008007	82	6.0	3.0	0,876	true	[008002, 008000, 008006, 008005, 008001, 008003, 008007]
3132	8	008002	008007	83	6.0	3.0	0,894	true	[008002, 008000, 008006, 008005, 008001, 008007]
3133	8	008002	008007	84	6.0	3.0	0,807	true	[008002, 008000, 008006, 008005, 008004, 008003, 008001, 008007]
3134	8	008002	008007	85	6.0	3.0	0,858	true	[008002, 008000, 008006, 008005, 008004, 008003, 008007]
3135	8	008002	008007	86	6.0	9.0	0,941	true	[008002, 008000, 008006, 008005, 008007]
3136	8	008002	008007	87	6.0	10.0	0,950	true	[008002, 008000, 008006, 008007]
3137	8	008002	008007	88	35.0	8.0	0,922	true	[008002, 008000, 008007]
3138	8	008002	008007	89	14.0	3.0	0,849	true	[008002, 008003, 008000, 008001, 008005, 008004, 008006, 008007]
3139	8	008002	008007	90	14.0	3.0	0,894	true	[008002, 008003, 008000, 008001, 008005, 008006, 008007]
3140	8	008002	008007	91	14.0	3.0	0,885	true	[008002, 008003, 008000, 008001, 008005, 008007]
3141	8	008002	008007	92	14.0	3.0	0,823	true	[008002, 008003, 008000, 008001, 008006, 008004, 008005, 008007]
3142	8	008002	008007	93	14.0	3.0	0,867	true	[008002, 008003, 008000, 008001, 008006, 008005, 008007]
3143	8	008002	008007	94	14.0	3.0	0,876	true	[008002, 008003, 008000, 008001, 008006, 008007]
3144	8	008002	008007	95	14.0	3.0	0,876	true	[008002, 008003, 008000, 008001, 008007]
3145	8	008002	008007	96	14.0	3.0	0,858	true	[008002, 008003, 008000, 008004, 008005, 008001, 008006, 008007]
3146	8	008002	008007	97	14.0	3.0	0,858	true	[008002, 008003, 008000, 008004, 008005, 008001, 008007]
3147	8	008002	008007	98	14.0	3.0	0,840	true	[008002, 008003, 008000, 008004, 008005, 008006, 008001, 008007]
3148	8	008002	008007	99	14.0	3.0	0,912	true	[008002, 008003, 008000, 008004, 008005, 008006, 008007]
3149	8	008002	008007	100	14.0	3.0	0,903	true	[008002, 008003, 008000, 008004, 008005, 008007]
3150	8	008002	008007	101	14.0	3.0	0,931	true	[008002, 008003, 008000, 008007]
3151	8	008002	008007	102	46.0	3.0	0,980	true	[008002, 008003, 008007]
3152	8	008002	008007	103	36.0	10.0	0,980	true	[008002, 008007]
3153	9	009003	009006	0	44.0	9.0	0,876	true	[009003, 009000, 009001, 009005, 009006]
3154	9	009003	009006	1	42.0	4.0	0,894	true	[009003, 009000, 009001, 009007, 009004, 009006]
3155	9	009003	009006	2	44.0	5.0	0,931	true	[009003, 009000, 009001, 009007, 009006]
3156	9	009003	009006	3	20.0	4.0	0,922	true	[009003, 009000, 009004, 009006]
3157	9	009003	009006	4	20.0	5.0	0,850	true	[009003, 009000, 009004, 009007, 009001, 009005, 009006]
3158	9	009003	009006	5	20.0	5.0	0,922	true	[009003, 009000, 009004, 009007, 009006]
3159	9	009003	009006	6	42.0	4.0	0,850	true	[009003, 009000, 009005, 009001, 009007, 009004, 009006]
3160	9	009003	009006	7	48.0	5.0	0,885	true	[009003, 009000, 009005, 009001, 009007, 009006]
3161	9	009003	009006	8	48.0	5.0	0,922	true	[009003, 009000, 009005, 009006]
3162	9	009003	009006	9	19.0	5.0	0,832	true	[009003, 009000, 009007, 009001, 009005, 009006]
3163	9	009003	009006	10	19.0	4.0	0,867	true	[009003, 009000, 009007, 009004, 009006]
3164	9	009003	009006	11	19.0	9.0	0,903	true	[009003, 009000, 009007, 009006]
3165	9	009003	009006	12	20.0	5.0	0,876	true	[009003, 009004, 009000, 009001, 009005, 009006]
3166	9	009003	009006	13	20.0	5.0	0,932	true	[009003, 009004, 009000, 009001, 009007, 009006]
3167	9	009003	009006	14	20.0	5.0	0,885	true	[009003, 009004, 009000, 009005, 009001, 009007, 009006]
3168	9	009003	009006	15	20.0	5.0	0,922	true	[009003, 009004, 009000, 009005, 009006]
3169	9	009003	009006	16	19.0	5.0	0,832	true	[009003, 009004, 009000, 009007, 009001, 009005, 009006]
3170	9	009003	009006	17	19.0	5.0	0,903	true	[009003, 009004, 009000, 009007, 009006]
3171	9	009003	009006	18	29.0	4.0	0,941	true	[009003, 009004, 009006]
3172	9	009003	009006	19	19.0	5.0	0,824	true	[009003, 009004, 009007, 009000, 009001, 009005, 009006]
3173	9	009003	009006	20	19.0	5.0	0,867	true	[009003, 009004, 009007, 009000, 009005, 009006]
3174	9	009003	009006	21	29.0	5.0	0,895	true	[009003, 009004, 009007, 009001, 009000, 009005, 009006]
3175	9	009003	009006	22	29.0	5.0	0,867	true	[009003, 009004, 009007, 009001, 009005, 009006]
3176	9	009003	009006	23	29.0	5.0	0,941	true	[009003, 009004, 009007, 009006]
3177	9	009003	009006	24	42.0	4.0	0,913	true	[009003, 009005, 009000, 009001, 009007, 009004, 009006]
3178	9	009003	009006	25	44.0	5.0	0,951	true	[009003, 009005, 009000, 009001, 009007, 009006]
3179	9	009003	009006	26	20.0	4.0	0,941	true	[009003, 009005, 009000, 009004, 009006]
3180	9	009003	009006	27	20.0	5.0	0,941	true	[009003, 009005, 009000, 009004, 009007, 009006]
3181	9	009003	009006	28	19.0	4.0	0,885	true	[009003, 009005, 009000, 009007, 009004, 009006]
3182	9	009003	009006	29	19.0	5.0	0,922	true	[009003, 009005, 009000, 009007, 009006]
3183	9	009003	009006	30	20.0	4.0	0,894	true	[009003, 009005, 009001, 009000, 009004, 009006]
3184	9	009003	009006	31	20.0	5.0	0,894	true	[009003, 009005, 009001, 009000, 009004, 009007, 009006]
3185	9	009003	009006	32	19.0	4.0	0,841	true	[009003, 009005, 009001, 009000, 009007, 009004, 009006]
3186	9	009003	009006	33	19.0	8.0	0,876	true	[009003, 009005, 009001, 009000, 009007, 009006]
3187	9	009003	009006	34	19.0	4.0	0,849	true	[009003, 009005, 009001, 009007, 009000, 009004, 009006]
3188	9	009003	009006	35	42.0	4.0	0,885	true	[009003, 009005, 009001, 009007, 009004, 009006]
3189	9	009003	009006	36	49.0	5.0	0,922	true	[009003, 009005, 009001, 009007, 009006]
3190	9	009003	009006	37	49.0	8.0	0,960	true	[009003, 009005, 009006]
3191	9	009003	009006	38	18.0	9.0	0,849	true	[009003, 009007, 009000, 009001, 009005, 009006]
3192	9	009003	009006	39	18.0	4.0	0,894	true	[009003, 009007, 009000, 009004, 009006]
3193	9	009003	009006	40	18.0	5.0	0,894	true	[009003, 009007, 009000, 009005, 009006]
3194	9	009003	009006	41	18.0	4.0	0,922	true	[009003, 009007, 009001, 009000, 009004, 009006]
3195	9	009003	009006	42	18.0	5.0	0,922	true	[009003, 009007, 009001, 009000, 009005, 009006]
3196	9	009003	009006	43	18.0	4.0	0,876	true	[009003, 009007, 009001, 009005, 009000, 009004, 009006]
3197	9	009003	009006	44	18.0	5.0	0,894	true	[009003, 009007, 009001, 009005, 009006]
3198	9	009003	009006	45	18.0	5.0	0,867	true	[009003, 009007, 009004, 009000, 009001, 009005, 009006]
3199	9	009003	009006	46	18.0	5.0	0,913	true	[009003, 009007, 009004, 009000, 009005, 009006]
3200	9	009003	009006	47	18.0	4.0	0,932	true	[009003, 009007, 009004, 009006]
3201	9	009003	009006	48	18.0	9.0	0,970	true	[009003, 009007, 009006]
3202	10	010005	010006	0	10.0	3.0	0,960	true	[010005, 010001, 010000, 010003, 010006]
3203	10	010005	010006	1	33.0	3.0	0,931	true	[010005, 010001, 010003, 010006]
3204	10	010005	010006	2	33.0	3.0	0,903	true	[010005, 010001, 010004, 010003, 010006]
3205	10	010005	010006	3	23.0	3.0	0,824	true	[010005, 010001, 010004, 010007, 010002, 010003, 010006]
3206	10	010005	010006	4	23.0	3.0	0,867	true	[010005, 010001, 010004, 010007, 010003, 010006]
3207	10	010005	010006	5	20.0	6.0	0,960	true	[010005, 010001, 010006]
3208	10	010005	010006	6	33.0	3.0	0,885	true	[010005, 010001, 010007, 010002, 010003, 010006]
3209	10	010005	010006	7	33.0	3.0	0,931	true	[010005, 010001, 010007, 010003, 010006]
3210	10	010005	010006	8	23.0	3.0	0,876	true	[010005, 010001, 010007, 010004, 010003, 010006]
3211	10	010005	010006	9	41.0	10.0	0,970	true	[010005, 010006]
3212	10	010005	010006	10	10.0	3.0	0,922	true	[010005, 010007, 010001, 010000, 010003, 010006]
3213	10	010005	010006	11	33.0	3.0	0,894	true	[010005, 010007, 010001, 010003, 010006]
3214	10	010005	010006	12	33.0	3.0	0,867	true	[010005, 010007, 010001, 010004, 010003, 010006]
3215	10	010005	010006	13	20.0	5.0	0,922	true	[010005, 010007, 010001, 010006]
3216	10	010005	010006	14	10.0	5.0	0,832	true	[010005, 010007, 010002, 010003, 010000, 010001, 010006]
3217	10	010005	010006	15	20.0	5.0	0,807	true	[010005, 010007, 010002, 010003, 010001, 010006]
3218	10	010005	010006	16	20.0	5.0	0,783	true	[010005, 010007, 010002, 010003, 010004, 010001, 010006]
3219	10	010005	010006	17	33.0	3.0	0,867	true	[010005, 010007, 010002, 010003, 010006]
3220	10	010005	010006	18	10.0	3.0	0,876	true	[010005, 010007, 010003, 010000, 010001, 010006]
3221	10	010005	010006	19	20.0	3.0	0,849	true	[010005, 010007, 010003, 010001, 010006]
3222	10	010005	010006	20	20.0	3.0	0,824	true	[010005, 010007, 010003, 010004, 010001, 010006]
3223	10	010005	010006	21	33.0	3.0	0,913	true	[010005, 010007, 010003, 010006]
3224	10	010005	010006	22	10.0	3.0	0,858	true	[010005, 010007, 010004, 010001, 010000, 010003, 010006]
3225	10	010005	010006	23	23.0	3.0	0,832	true	[010005, 010007, 010004, 010001, 010003, 010006]
3226	10	010005	010006	24	20.0	4.0	0,858	true	[010005, 010007, 010004, 010001, 010006]
3227	10	010005	010006	25	10.0	4.0	0,824	true	[010005, 010007, 010004, 010003, 010000, 010001, 010006]
3228	10	010005	010006	26	20.0	4.0	0,798	true	[010005, 010007, 010004, 010003, 010001, 010006]
3229	10	010005	010006	27	23.0	3.0	0,858	true	[010005, 010007, 010004, 010003, 010006]
3230	10	010005	010000	28	10.0	7.0	1,000	true	[010005, 010001, 010000]
3231	10	010005	010000	29	44.0	6.0	0,931	true	[010005, 010001, 010003, 010000]
3232	10	010005	010000	30	45.0	5.0	0,903	true	[010005, 010001, 010004, 010003, 010000]
3233	10	010005	010000	31	23.0	4.0	0,824	true	[010005, 010001, 010004, 010007, 010002, 010003, 010000]
3234	10	010005	010000	32	23.0	3.0	0,867	true	[010005, 010001, 010004, 010007, 010003, 010000]
3235	10	010005	010000	33	20.0	3.0	0,922	true	[010005, 010001, 010006, 010003, 010000]
3236	10	010005	010000	34	33.0	5.0	0,885	true	[010005, 010001, 010007, 010002, 010003, 010000]
3237	10	010005	010000	35	33.0	3.0	0,931	true	[010005, 010001, 010007, 010003, 010000]
3238	10	010005	010000	36	23.0	4.0	0,876	true	[010005, 010001, 010007, 010004, 010003, 010000]
3239	10	010005	010000	37	10.0	6.0	0,931	true	[010005, 010006, 010001, 010000]
3240	10	010005	010000	38	20.0	6.0	0,867	true	[010005, 010006, 010001, 010003, 010000]
3241	10	010005	010000	39	20.0	5.0	0,841	true	[010005, 010006, 010001, 010004, 010003, 010000]
3242	10	010005	010000	40	20.0	4.0	0,767	true	[010005, 010006, 010001, 010004, 010007, 010002, 010003, 010000]
3243	10	010005	010000	41	20.0	3.0	0,807	true	[010005, 010006, 010001, 010004, 010007, 010003, 010000]
3244	10	010005	010000	42	20.0	5.0	0,824	true	[010005, 010006, 010001, 010007, 010002, 010003, 010000]
3245	10	010005	010000	43	20.0	3.0	0,867	true	[010005, 010006, 010001, 010007, 010003, 010000]
3246	10	010005	010000	44	20.0	4.0	0,815	true	[010005, 010006, 010001, 010007, 010004, 010003, 010000]
3247	10	010005	010000	45	33.0	3.0	0,932	true	[010005, 010006, 010003, 010000]
3248	10	010005	010000	46	10.0	3.0	0,903	true	[010005, 010006, 010003, 010001, 010000]
3249	10	010005	010000	47	10.0	3.0	0,858	true	[010005, 010006, 010003, 010002, 010007, 010001, 010000]
3250	10	010005	010000	48	10.0	3.0	0,799	true	[010005, 010006, 010003, 010002, 010007, 010004, 010001, 010000]
3251	10	010005	010000	49	10.0	3.0	0,876	true	[010005, 010006, 010003, 010004, 010001, 010000]
3252	10	010005	010000	50	10.0	3.0	0,849	true	[010005, 010006, 010003, 010004, 010007, 010001, 010000]
3253	10	010005	010000	51	10.0	3.0	0,903	true	[010005, 010006, 010003, 010007, 010001, 010000]
3254	10	010005	010000	52	10.0	3.0	0,841	true	[010005, 010006, 010003, 010007, 010004, 010001, 010000]
3255	10	010005	010000	53	10.0	5.0	0,960	true	[010005, 010007, 010001, 010000]
3256	10	010005	010000	54	33.0	5.0	0,894	true	[010005, 010007, 010001, 010003, 010000]
3257	10	010005	010000	55	33.0	5.0	0,867	true	[010005, 010007, 010001, 010004, 010003, 010000]
3258	10	010005	010000	56	20.0	3.0	0,885	true	[010005, 010007, 010001, 010006, 010003, 010000]
3259	10	010005	010000	57	35.0	5.0	0,867	true	[010005, 010007, 010002, 010003, 010000]
3260	10	010005	010000	58	10.0	5.0	0,840	true	[010005, 010007, 010002, 010003, 010001, 010000]
3261	10	010005	010000	59	10.0	5.0	0,815	true	[010005, 010007, 010002, 010003, 010004, 010001, 010000]
3262	10	010005	010000	60	10.0	3.0	0,832	true	[010005, 010007, 010002, 010003, 010006, 010001, 010000]
3263	10	010005	010000	61	33.0	3.0	0,913	true	[010005, 010007, 010003, 010000]
3264	10	010005	010000	62	10.0	3.0	0,885	true	[010005, 010007, 010003, 010001, 010000]
3265	10	010005	010000	63	10.0	3.0	0,858	true	[010005, 010007, 010003, 010004, 010001, 010000]
3266	10	010005	010000	64	10.0	3.0	0,876	true	[010005, 010007, 010003, 010006, 010001, 010000]
3267	10	010005	010000	65	10.0	4.0	0,894	true	[010005, 010007, 010004, 010001, 010000]
3268	10	010005	010000	66	23.0	4.0	0,832	true	[010005, 010007, 010004, 010001, 010003, 010000]
3269	10	010005	010000	67	20.0	3.0	0,824	true	[010005, 010007, 010004, 010001, 010006, 010003, 010000]
3270	10	010005	010000	68	23.0	4.0	0,858	true	[010005, 010007, 010004, 010003, 010000]
3271	10	010005	010000	69	10.0	4.0	0,832	true	[010005, 010007, 010004, 010003, 010001, 010000]
3272	10	010005	010000	70	10.0	3.0	0,824	true	[010005, 010007, 010004, 010003, 010006, 010001, 010000]
3273	10	010006	010000	71	10.0	6.0	0,960	true	[010006, 010001, 010000]
3274	10	010006	010000	72	20.0	6.0	0,894	true	[010006, 010001, 010003, 010000]
3275	10	010006	010000	73	20.0	5.0	0,867	true	[010006, 010001, 010004, 010003, 010000]
3276	10	010006	010000	74	20.0	4.0	0,791	true	[010006, 010001, 010004, 010007, 010002, 010003, 010000]
3277	10	010006	010000	75	20.0	3.0	0,832	true	[010006, 010001, 010004, 010007, 010003, 010000]
3278	10	010006	010000	76	20.0	5.0	0,832	true	[010006, 010001, 010005, 010007, 010002, 010003, 010000]
3279	10	010006	010000	77	20.0	3.0	0,876	true	[010006, 010001, 010005, 010007, 010003, 010000]
3280	10	010006	010000	78	20.0	4.0	0,824	true	[010006, 010001, 010005, 010007, 010004, 010003, 010000]
3281	10	010006	010000	79	20.0	5.0	0,849	true	[010006, 010001, 010007, 010002, 010003, 010000]
3282	10	010006	010000	80	20.0	3.0	0,894	true	[010006, 010001, 010007, 010003, 010000]
3283	10	010006	010000	81	20.0	4.0	0,841	true	[010006, 010001, 010007, 010004, 010003, 010000]
3284	10	010006	010000	82	33.0	3.0	0,960	true	[010006, 010003, 010000]
3285	10	010006	010000	83	10.0	3.0	0,931	true	[010006, 010003, 010001, 010000]
3286	10	010006	010000	84	10.0	3.0	0,885	true	[010006, 010003, 010002, 010007, 010001, 010000]
3287	10	010006	010000	85	10.0	3.0	0,824	true	[010006, 010003, 010002, 010007, 010004, 010001, 010000]
3288	10	010006	010000	86	10.0	3.0	0,867	true	[010006, 010003, 010002, 010007, 010005, 010001, 010000]
3289	10	010006	010000	87	10.0	3.0	0,903	true	[010006, 010003, 010004, 010001, 010000]
3290	10	010006	010000	88	10.0	3.0	0,876	true	[010006, 010003, 010004, 010007, 010001, 010000]
3291	10	010006	010000	89	10.0	3.0	0,858	true	[010006, 010003, 010004, 010007, 010005, 010001, 010000]
3292	10	010006	010000	90	10.0	3.0	0,931	true	[010006, 010003, 010007, 010001, 010000]
3293	10	010006	010000	91	10.0	3.0	0,867	true	[010006, 010003, 010007, 010004, 010001, 010000]
3294	10	010006	010000	92	10.0	3.0	0,913	true	[010006, 010003, 010007, 010005, 010001, 010000]
3295	10	010006	010000	93	10.0	7.0	0,970	true	[010006, 010005, 010001, 010000]
3296	10	010006	010000	94	41.0	6.0	0,903	true	[010006, 010005, 010001, 010003, 010000]
3297	10	010006	010000	95	41.0	5.0	0,876	true	[010006, 010005, 010001, 010004, 010003, 010000]
3298	10	010006	010000	96	23.0	4.0	0,799	true	[010006, 010005, 010001, 010004, 010007, 010002, 010003, 010000]
3299	10	010006	010000	97	23.0	3.0	0,841	true	[010006, 010005, 010001, 010004, 010007, 010003, 010000]
3300	10	010006	010000	98	33.0	5.0	0,858	true	[010006, 010005, 010001, 010007, 010002, 010003, 010000]
3301	10	010006	010000	99	33.0	3.0	0,903	true	[010006, 010005, 010001, 010007, 010003, 010000]
3302	10	010006	010000	100	23.0	4.0	0,849	true	[010006, 010005, 010001, 010007, 010004, 010003, 010000]
3303	11	011002	011003	0	22.0	3.0	0,960	true	[011002, 011000, 011001, 011003]
3304	11	011002	011003	1	22.0	3.0	0,885	true	[011002, 011000, 011001, 011004, 011005, 011003]
3305	11	011002	011003	2	22.0	3.0	0,858	true	[011002, 011000, 011001, 011004, 011005, 011006, 011003]
3306	11	011002	011003	3	14.0	3.0	0,876	true	[011002, 011000, 011001, 011004, 011005, 011007, 011003]
3307	11	011002	011003	4	22.0	3.0	0,849	true	[011002, 011000, 011001, 011004, 011006, 011003]
3308	11	011002	011003	5	22.0	3.0	0,876	true	[011002, 011000, 011001, 011004, 011006, 011005, 011003]
3309	11	011002	011003	6	14.0	3.0	0,867	true	[011002, 011000, 011001, 011004, 011006, 011005, 011007, 011003]
3310	11	011002	011003	7	22.0	3.0	0,885	true	[011002, 011000, 011001, 011006, 011003]
3311	11	011002	011003	8	22.0	3.0	0,833	true	[011002, 011000, 011001, 011006, 011004, 011005, 011003]
3312	11	011002	011003	9	14.0	3.0	0,824	true	[011002, 011000, 011001, 011006, 011004, 011005, 011007, 011003]
3313	11	011002	011003	10	22.0	3.0	0,913	true	[011002, 011000, 011001, 011006, 011005, 011003]
3314	11	011002	011003	11	14.0	3.0	0,904	true	[011002, 011000, 011001, 011006, 011005, 011007, 011003]
3315	11	011002	011003	12	22.0	3.0	0,912	true	[011002, 011000, 011001, 011007, 011003]
3316	11	011002	011003	13	14.0	3.0	0,867	true	[011002, 011000, 011001, 011007, 011005, 011003]
3317	11	011002	011003	14	14.0	3.0	0,767	true	[011002, 011000, 011001, 011007, 011005, 011004, 011006, 011003]
3318	11	011002	011003	15	14.0	3.0	0,841	true	[011002, 011000, 011001, 011007, 011005, 011006, 011003]
3319	11	011002	011003	16	11.0	3.0	0,941	true	[011002, 011000, 011003]
3320	11	011002	011003	17	13.0	3.0	0,932	true	[011002, 011000, 011004, 011001, 011003]
3321	11	011002	011003	18	13.0	3.0	0,858	true	[011002, 011000, 011004, 011001, 011006, 011003]
3322	11	011002	011003	19	13.0	3.0	0,886	true	[011002, 011000, 011004, 011001, 011006, 011005, 011003]
3323	11	011002	011003	20	13.0	3.0	0,877	true	[011002, 011000, 011004, 011001, 011006, 011005, 011007, 011003]
3324	11	011002	011003	21	13.0	3.0	0,885	true	[011002, 011000, 011004, 011001, 011007, 011003]
3325	11	011002	011003	22	13.0	3.0	0,841	true	[011002, 011000, 011004, 011001, 011007, 011005, 011003]
3326	11	011002	011003	23	13.0	3.0	0,816	true	[011002, 011000, 011004, 011001, 011007, 011005, 011006, 011003]
3327	11	011002	011003	24	13.0	3.0	0,894	true	[011002, 011000, 011004, 011005, 011003]
3328	11	011002	011003	25	13.0	3.0	0,885	true	[011002, 011000, 011004, 011005, 011006, 011001, 011003]
3329	11	011002	011003	26	13.0	3.0	0,841	true	[011002, 011000, 011004, 011005, 011006, 011001, 011007, 011003]
3330	11	011002	011003	27	13.0	3.0	0,867	true	[011002, 011000, 011004, 011005, 011006, 011003]
3331	11	011002	011003	28	13.0	3.0	0,841	true	[011002, 011000, 011004, 011005, 011007, 011001, 011003]
3332	11	011002	011003	29	13.0	3.0	0,775	true	[011002, 011000, 011004, 011005, 011007, 011001, 011006, 011003]
3333	11	011002	011003	30	13.0	3.0	0,885	true	[011002, 011000, 011004, 011005, 011007, 011003]
3334	11	011002	011003	31	13.0	3.0	0,876	true	[011002, 011000, 011004, 011006, 011001, 011003]
3335	11	011002	011003	32	13.0	3.0	0,832	true	[011002, 011000, 011004, 011006, 011001, 011007, 011003]
3336	11	011002	011003	33	13.0	3.0	0,791	true	[011002, 011000, 011004, 011006, 011001, 011007, 011005, 011003]
3337	11	011002	011003	34	13.0	3.0	0,858	true	[011002, 011000, 011004, 011006, 011003]
3338	11	011002	011003	35	13.0	3.0	0,885	true	[011002, 011000, 011004, 011006, 011005, 011003]
3339	11	011002	011003	36	13.0	3.0	0,832	true	[011002, 011000, 011004, 011006, 011005, 011007, 011001, 011003]
3340	11	011002	011003	37	13.0	3.0	0,876	true	[011002, 011000, 011004, 011006, 011005, 011007, 011003]
3341	11	011002	011003	38	22.0	3.0	0,932	true	[011002, 011000, 011005, 011003]
3342	11	011002	011003	39	22.0	3.0	0,894	true	[011002, 011000, 011005, 011004, 011001, 011003]
3343	11	011002	011003	40	22.0	3.0	0,824	true	[011002, 011000, 011005, 011004, 011001, 011006, 011003]
3344	11	011002	011003	41	22.0	3.0	0,850	true	[011002, 011000, 011005, 011004, 011001, 011007, 011003]
3345	11	011002	011003	42	22.0	3.0	0,841	true	[011002, 011000, 011005, 011004, 011006, 011001, 011003]
3346	11	011002	011003	43	22.0	3.0	0,799	true	[011002, 011000, 011005, 011004, 011006, 011001, 011007, 011003]
3347	11	011002	011003	44	22.0	3.0	0,824	true	[011002, 011000, 011005, 011004, 011006, 011003]
3348	11	011002	011003	45	22.0	3.0	0,922	true	[011002, 011000, 011005, 011006, 011001, 011003]
3349	11	011002	011003	46	22.0	3.0	0,876	true	[011002, 011000, 011005, 011006, 011001, 011007, 011003]
3350	11	011002	011003	47	22.0	3.0	0,903	true	[011002, 011000, 011005, 011006, 011003]
3351	11	011002	011003	48	22.0	3.0	0,885	true	[011002, 011000, 011005, 011006, 011004, 011001, 011003]
3352	11	011002	011003	49	22.0	3.0	0,841	true	[011002, 011000, 011005, 011006, 011004, 011001, 011007, 011003]
3353	11	011002	011003	50	14.0	3.0	0,876	true	[011002, 011000, 011005, 011007, 011001, 011003]
3354	11	011002	011003	51	14.0	3.0	0,775	true	[011002, 011000, 011005, 011007, 011001, 011004, 011006, 011003]
3355	11	011002	011003	52	14.0	3.0	0,807	true	[011002, 011000, 011005, 011007, 011001, 011006, 011003]
3356	11	011002	011003	53	14.0	3.0	0,922	true	[011002, 011000, 011005, 011007, 011003]
3357	11	011002	011003	54	22.0	3.0	0,903	true	[011002, 011000, 011007, 011001, 011003]
3358	11	011002	011003	55	22.0	3.0	0,833	true	[011002, 011000, 011007, 011001, 011004, 011005, 011003]
3359	11	011002	011003	56	22.0	3.0	0,807	true	[011002, 011000, 011007, 011001, 011004, 011005, 011006, 011003]
3360	11	011002	011003	57	22.0	3.0	0,799	true	[011002, 011000, 011007, 011001, 011004, 011006, 011003]
3361	11	011002	011003	58	22.0	3.0	0,824	true	[011002, 011000, 011007, 011001, 011004, 011006, 011005, 011003]
3362	11	011002	011003	59	22.0	3.0	0,832	true	[011002, 011000, 011007, 011001, 011006, 011003]
3363	11	011002	011003	60	22.0	3.0	0,783	true	[011002, 011000, 011007, 011001, 011006, 011004, 011005, 011003]
3364	11	011002	011003	61	22.0	3.0	0,858	true	[011002, 011000, 011007, 011001, 011006, 011005, 011003]
3365	11	011002	011003	62	22.0	3.0	0,951	true	[011002, 011000, 011007, 011003]
3366	11	011002	011003	63	14.0	3.0	0,904	true	[011002, 011000, 011007, 011005, 011003]
3367	11	011002	011003	64	14.0	3.0	0,867	true	[011002, 011000, 011007, 011005, 011004, 011001, 011003]
3368	11	011002	011003	65	14.0	3.0	0,799	true	[011002, 011000, 011007, 011005, 011004, 011001, 011006, 011003]
3369	11	011002	011003	66	14.0	3.0	0,816	true	[011002, 011000, 011007, 011005, 011004, 011006, 011001, 011003]
3370	11	011002	011003	67	14.0	3.0	0,799	true	[011002, 011000, 011007, 011005, 011004, 011006, 011003]
3371	11	011002	011003	68	14.0	3.0	0,894	true	[011002, 011000, 011007, 011005, 011006, 011001, 011003]
3372	11	011002	011003	69	14.0	3.0	0,876	true	[011002, 011000, 011007, 011005, 011006, 011003]
3373	11	011002	011003	70	14.0	3.0	0,858	true	[011002, 011000, 011007, 011005, 011006, 011004, 011001, 011003]
3374	11	011002	011003	71	11.0	6.0	0,913	true	[011002, 011001, 011000, 011003]
3375	11	011002	011003	72	13.0	3.0	0,867	true	[011002, 011001, 011000, 011004, 011005, 011003]
3376	11	011002	011003	73	13.0	4.0	0,841	true	[011002, 011001, 011000, 011004, 011005, 011006, 011003]
3377	11	011002	011003	74	13.0	4.0	0,859	true	[011002, 011001, 011000, 011004, 011005, 011007, 011003]
3378	11	011002	011003	75	13.0	7.0	0,832	true	[011002, 011001, 011000, 011004, 011006, 011003]
3379	11	011002	011003	76	13.0	3.0	0,858	true	[011002, 011001, 011000, 011004, 011006, 011005, 011003]
3380	11	011002	011003	77	13.0	4.0	0,850	true	[011002, 011001, 011000, 011004, 011006, 011005, 011007, 011003]
3381	11	011002	011003	78	32.0	3.0	0,904	true	[011002, 011001, 011000, 011005, 011003]
3382	11	011002	011003	79	30.0	4.0	0,799	true	[011002, 011001, 011000, 011005, 011004, 011006, 011003]
3383	11	011002	011003	80	30.0	4.0	0,876	true	[011002, 011001, 011000, 011005, 011006, 011003]
3384	11	011002	011003	81	14.0	4.0	0,894	true	[011002, 011001, 011000, 011005, 011007, 011003]
3385	11	011002	011003	82	27.0	6.0	0,922	true	[011002, 011001, 011000, 011007, 011003]
3386	11	011002	011003	83	14.0	3.0	0,877	true	[011002, 011001, 011000, 011007, 011005, 011003]
3387	11	011002	011003	84	14.0	4.0	0,775	true	[011002, 011001, 011000, 011007, 011005, 011004, 011006, 011003]
3388	11	011002	011003	85	14.0	4.0	0,850	true	[011002, 011001, 011000, 011007, 011005, 011006, 011003]
3389	11	011002	011003	86	35.0	6.0	0,970	true	[011002, 011001, 011003]
3390	11	011002	011003	87	11.0	4.0	0,885	true	[011002, 011001, 011004, 011000, 011003]
3391	11	011002	011003	88	13.0	3.0	0,877	true	[011002, 011001, 011004, 011000, 011005, 011003]
3392	11	011002	011003	89	13.0	4.0	0,850	true	[011002, 011001, 011004, 011000, 011005, 011006, 011003]
3393	11	011002	011003	90	13.0	4.0	0,868	true	[011002, 011001, 011004, 011000, 011005, 011007, 011003]
3394	11	011002	011003	91	13.0	4.0	0,894	true	[011002, 011001, 011004, 011000, 011007, 011003]
3395	11	011002	011003	92	13.0	3.0	0,850	true	[011002, 011001, 011004, 011000, 011007, 011005, 011003]
3396	11	011002	011003	93	13.0	4.0	0,824	true	[011002, 011001, 011004, 011000, 011007, 011005, 011006, 011003]
3397	11	011002	011003	94	11.0	4.0	0,850	true	[011002, 011001, 011004, 011005, 011000, 011003]
3398	11	011002	011003	95	27.0	4.0	0,859	true	[011002, 011001, 011004, 011005, 011000, 011007, 011003]
3399	11	011002	011003	96	32.0	3.0	0,894	true	[011002, 011001, 011004, 011005, 011003]
3400	11	011002	011003	97	30.0	4.0	0,867	true	[011002, 011001, 011004, 011005, 011006, 011003]
3401	11	011002	011003	98	11.0	4.0	0,824	true	[011002, 011001, 011004, 011005, 011007, 011000, 011003]
3402	11	011002	011003	99	14.0	4.0	0,885	true	[011002, 011001, 011004, 011005, 011007, 011003]
3403	11	011002	011003	100	30.0	4.0	0,858	true	[011002, 011001, 011004, 011006, 011003]
3404	12	012004	012003	0	13.0	5.0	0,876	true	[012004, 012000, 012001, 012002, 012003]
3405	12	012004	012003	1	13.0	3.0	0,824	true	[012004, 012000, 012001, 012002, 012005, 012007, 012003]
3406	12	012004	012003	2	8.0	3.0	0,885	true	[012004, 012000, 012001, 012002, 012006, 012003]
3407	12	012004	012003	3	13.0	5.0	0,858	true	[012004, 012000, 012001, 012002, 012007, 012003]
3408	12	012004	012003	4	21.0	5.0	0,841	true	[012004, 012000, 012001, 012005, 012002, 012003]
3409	12	012004	012003	5	8.0	3.0	0,850	true	[012004, 012000, 012001, 012005, 012002, 012006, 012003]
3410	12	012004	012003	6	21.0	5.0	0,824	true	[012004, 012000, 012001, 012005, 012002, 012007, 012003]
3411	12	012004	012003	7	21.0	3.0	0,807	true	[012004, 012000, 012001, 012005, 012007, 012002, 012003]
3412	12	012004	012003	8	8.0	3.0	0,816	true	[012004, 012000, 012001, 012005, 012007, 012002, 012006, 012003]
3413	12	012004	012003	9	21.0	3.0	0,841	true	[012004, 012000, 012001, 012005, 012007, 012003]
3414	12	012004	012003	10	15.0	4.0	0,815	true	[012004, 012000, 012001, 012006, 012002, 012003]
3415	12	012004	012003	11	15.0	3.0	0,767	true	[012004, 012000, 012001, 012006, 012002, 012005, 012007, 012003]
3416	12	012004	012003	12	15.0	4.0	0,799	true	[012004, 012000, 012001, 012006, 012002, 012007, 012003]
3417	12	012004	012003	13	8.0	3.0	0,876	true	[012004, 012000, 012001, 012006, 012003]
3418	12	012004	012003	14	21.0	3.0	0,824	true	[012004, 012000, 012001, 012007, 012002, 012003]
3419	12	012004	012003	15	8.0	3.0	0,833	true	[012004, 012000, 012001, 012007, 012002, 012006, 012003]
3420	12	012004	012003	16	21.0	3.0	0,858	true	[012004, 012000, 012001, 012007, 012003]
3421	12	012004	012003	17	21.0	3.0	0,791	true	[012004, 012000, 012001, 012007, 012005, 012002, 012003]
3422	12	012004	012003	18	8.0	3.0	0,799	true	[012004, 012000, 012001, 012007, 012005, 012002, 012006, 012003]
3423	12	012004	012003	19	13.0	5.0	0,867	true	[012004, 012000, 012005, 012001, 012002, 012003]
3424	12	012004	012003	20	8.0	3.0	0,877	true	[012004, 012000, 012005, 012001, 012002, 012006, 012003]
3425	12	012004	012003	21	13.0	5.0	0,850	true	[012004, 012000, 012005, 012001, 012002, 012007, 012003]
3426	12	012004	012003	22	13.0	4.0	0,807	true	[012004, 012000, 012005, 012001, 012006, 012002, 012003]
3427	12	012004	012003	23	13.0	4.0	0,791	true	[012004, 012000, 012005, 012001, 012006, 012002, 012007, 012003]
3428	12	012004	012003	24	8.0	3.0	0,867	true	[012004, 012000, 012005, 012001, 012006, 012003]
3429	12	012004	012003	25	13.0	3.0	0,816	true	[012004, 012000, 012005, 012001, 012007, 012002, 012003]
3430	12	012004	012003	26	8.0	3.0	0,825	true	[012004, 012000, 012005, 012001, 012007, 012002, 012006, 012003]
3431	12	012004	012003	27	13.0	3.0	0,850	true	[012004, 012000, 012005, 012001, 012007, 012003]
3432	12	012004	012003	28	8.0	3.0	0,850	true	[012004, 012000, 012005, 012002, 012001, 012006, 012003]
3433	12	012004	012003	29	13.0	3.0	0,833	true	[012004, 012000, 012005, 012002, 012001, 012007, 012003]
3434	12	012004	012003	30	13.0	5.0	0,867	true	[012004, 012000, 012005, 012002, 012003]
3435	12	012004	012003	31	13.0	3.0	0,775	true	[012004, 012000, 012005, 012002, 012006, 012001, 012007, 012003]
3436	12	012004	012003	32	8.0	3.0	0,876	true	[012004, 012000, 012005, 012002, 012006, 012003]
3437	12	012004	012003	33	8.0	3.0	0,799	true	[012004, 012000, 012005, 012002, 012007, 012001, 012006, 012003]
3438	12	012004	012003	34	13.0	5.0	0,850	true	[012004, 012000, 012005, 012002, 012007, 012003]
3439	12	012004	012003	35	13.0	3.0	0,816	true	[012004, 012000, 012005, 012007, 012001, 012002, 012003]
3440	12	012004	012003	36	8.0	3.0	0,824	true	[012004, 012000, 012005, 012007, 012001, 012002, 012006, 012003]
3441	12	012004	012003	37	13.0	3.0	0,759	true	[012004, 012000, 012005, 012007, 012001, 012006, 012002, 012003]
3442	12	012004	012003	38	8.0	3.0	0,816	true	[012004, 012000, 012005, 012007, 012001, 012006, 012003]
3443	12	012004	012003	39	8.0	3.0	0,816	true	[012004, 012000, 012005, 012007, 012002, 012001, 012006, 012003]
3444	12	012004	012003	40	13.0	3.0	0,832	true	[012004, 012000, 012005, 012007, 012002, 012003]
3445	12	012004	012003	41	8.0	3.0	0,841	true	[012004, 012000, 012005, 012007, 012002, 012006, 012003]
3446	12	012004	012003	42	13.0	3.0	0,867	true	[012004, 012000, 012005, 012007, 012003]
3447	12	012004	012003	43	13.0	5.0	0,832	true	[012004, 012000, 012006, 012001, 012002, 012003]
3448	12	012004	012003	44	13.0	3.0	0,783	true	[012004, 012000, 012006, 012001, 012002, 012005, 012007, 012003]
3449	12	012004	012003	45	13.0	5.0	0,816	true	[012004, 012000, 012006, 012001, 012002, 012007, 012003]
3450	12	012004	012003	46	34.0	5.0	0,799	true	[012004, 012000, 012006, 012001, 012005, 012002, 012003]
3451	12	012004	012003	47	34.0	5.0	0,783	true	[012004, 012000, 012006, 012001, 012005, 012002, 012007, 012003]
3452	12	012004	012003	48	34.0	3.0	0,767	true	[012004, 012000, 012006, 012001, 012005, 012007, 012002, 012003]
3453	12	012004	012003	49	34.0	3.0	0,799	true	[012004, 012000, 012006, 012001, 012005, 012007, 012003]
3454	12	012004	012003	50	28.0	3.0	0,783	true	[012004, 012000, 012006, 012001, 012007, 012002, 012003]
3455	12	012004	012003	51	28.0	3.0	0,815	true	[012004, 012000, 012006, 012001, 012007, 012003]
3456	12	012004	012003	52	28.0	3.0	0,751	true	[012004, 012000, 012006, 012001, 012007, 012005, 012002, 012003]
3457	12	012004	012003	53	13.0	3.0	0,808	true	[012004, 012000, 012006, 012002, 012001, 012005, 012007, 012003]
3458	12	012004	012003	54	13.0	3.0	0,824	true	[012004, 012000, 012006, 012002, 012001, 012007, 012003]
3459	12	012004	012003	55	15.0	4.0	0,858	true	[012004, 012000, 012006, 012002, 012003]
3460	12	012004	012003	56	15.0	3.0	0,791	true	[012004, 012000, 012006, 012002, 012005, 012001, 012007, 012003]
3461	12	012004	012003	57	15.0	3.0	0,807	true	[012004, 012000, 012006, 012002, 012005, 012007, 012003]
3462	12	012004	012003	58	15.0	4.0	0,841	true	[012004, 012000, 012006, 012002, 012007, 012003]
3463	12	012004	012003	59	8.0	3.0	0,922	true	[012004, 012000, 012006, 012003]
3464	12	012004	012003	60	13.0	3.0	0,832	true	[012004, 012000, 012007, 012001, 012002, 012003]
3465	12	012004	012003	61	8.0	3.0	0,841	true	[012004, 012000, 012007, 012001, 012002, 012006, 012003]
3466	12	012004	012003	62	28.0	3.0	0,799	true	[012004, 012000, 012007, 012001, 012005, 012002, 012003]
3467	12	012004	012003	63	8.0	3.0	0,808	true	[012004, 012000, 012007, 012001, 012005, 012002, 012006, 012003]
3468	12	012004	012003	64	15.0	3.0	0,774	true	[012004, 012000, 012007, 012001, 012006, 012002, 012003]
3469	12	012004	012003	65	8.0	3.0	0,832	true	[012004, 012000, 012007, 012001, 012006, 012003]
3470	12	012004	012003	66	8.0	3.0	0,832	true	[012004, 012000, 012007, 012002, 012001, 012006, 012003]
3471	12	012004	012003	67	32.0	5.0	0,849	true	[012004, 012000, 012007, 012002, 012003]
3472	12	012004	012003	68	8.0	3.0	0,799	true	[012004, 012000, 012007, 012002, 012005, 012001, 012006, 012003]
3473	12	012004	012003	69	8.0	3.0	0,858	true	[012004, 012000, 012007, 012002, 012006, 012003]
3474	12	012004	012003	70	32.0	5.0	0,885	true	[012004, 012000, 012007, 012003]
3475	12	012004	012003	71	13.0	3.0	0,815	true	[012004, 012000, 012007, 012005, 012001, 012002, 012003]
3476	12	012004	012003	72	8.0	3.0	0,824	true	[012004, 012000, 012007, 012005, 012001, 012002, 012006, 012003]
3477	12	012004	012003	73	15.0	3.0	0,759	true	[012004, 012000, 012007, 012005, 012001, 012006, 012002, 012003]
3478	12	012004	012003	74	8.0	3.0	0,815	true	[012004, 012000, 012007, 012005, 012001, 012006, 012003]
3479	12	012004	012003	75	8.0	3.0	0,799	true	[012004, 012000, 012007, 012005, 012002, 012001, 012006, 012003]
3480	12	012004	012003	76	32.0	3.0	0,815	true	[012004, 012000, 012007, 012005, 012002, 012003]
3481	12	012004	012003	77	8.0	3.0	0,824	true	[012004, 012000, 012007, 012005, 012002, 012006, 012003]
3482	12	012004	012003	78	13.0	6.0	0,815	true	[012004, 012001, 012000, 012005, 012002, 012003]
3483	12	012004	012003	79	8.0	3.0	0,824	true	[012004, 012001, 012000, 012005, 012002, 012006, 012003]
3484	12	012004	012003	80	13.0	6.0	0,799	true	[012004, 012001, 012000, 012005, 012002, 012007, 012003]
3485	12	012004	012003	81	13.0	3.0	0,783	true	[012004, 012001, 012000, 012005, 012007, 012002, 012003]
3486	12	012004	012003	82	8.0	3.0	0,791	true	[012004, 012001, 012000, 012005, 012007, 012002, 012006, 012003]
3487	12	012004	012003	83	13.0	3.0	0,815	true	[012004, 012001, 012000, 012005, 012007, 012003]
3488	12	012004	012003	84	15.0	4.0	0,807	true	[012004, 012001, 012000, 012006, 012002, 012003]
3489	12	012004	012003	85	15.0	3.0	0,759	true	[012004, 012001, 012000, 012006, 012002, 012005, 012007, 012003]
3490	12	012004	012003	86	15.0	4.0	0,791	true	[012004, 012001, 012000, 012006, 012002, 012007, 012003]
3491	12	012004	012003	87	8.0	3.0	0,867	true	[012004, 012001, 012000, 012006, 012003]
3492	12	012004	012003	88	21.0	6.0	0,798	true	[012004, 012001, 012000, 012007, 012002, 012003]
3493	12	012004	012003	89	8.0	3.0	0,807	true	[012004, 012001, 012000, 012007, 012002, 012006, 012003]
3494	12	012004	012003	90	21.0	9.0	0,832	true	[012004, 012001, 012000, 012007, 012003]
3495	12	012004	012003	91	21.0	3.0	0,766	true	[012004, 012001, 012000, 012007, 012005, 012002, 012003]
3496	12	012004	012003	92	8.0	3.0	0,775	true	[012004, 012001, 012000, 012007, 012005, 012002, 012006, 012003]
3497	12	012004	012003	93	13.0	5.0	0,893	true	[012004, 012001, 012002, 012003]
3498	12	012004	012003	94	8.0	3.0	0,841	true	[012004, 012001, 012002, 012005, 012000, 012006, 012003]
3499	12	012004	012003	95	13.0	5.0	0,807	true	[012004, 012001, 012002, 012005, 012000, 012007, 012003]
3500	12	012004	012003	96	8.0	3.0	0,791	true	[012004, 012001, 012002, 012005, 012007, 012000, 012006, 012003]
3501	12	012004	012003	97	13.0	3.0	0,841	true	[012004, 012001, 012002, 012005, 012007, 012003]
3502	12	012004	012003	98	13.0	3.0	0,783	true	[012004, 012001, 012002, 012006, 012000, 012005, 012007, 012003]
3503	12	012004	012003	99	13.0	4.0	0,799	true	[012004, 012001, 012002, 012006, 012000, 012007, 012003]
3504	12	012004	012003	100	8.0	3.0	0,903	true	[012004, 012001, 012002, 012006, 012003]
3505	12	012004	012003	101	36.0	8.0	0,990	true	[012004, 012003]
3506	13	013004	013002	0	20.0	3.0	0,922	true	[013004, 013000, 013001, 013002]
3507	13	013004	013002	1	20.0	3.0	0,876	true	[013004, 013000, 013001, 013003, 013002]
3508	13	013004	013002	2	20.0	3.0	0,807	true	[013004, 013000, 013001, 013003, 013005, 013002]
3509	13	013004	013002	3	19.0	3.0	0,807	true	[013004, 013000, 013001, 013003, 013005, 013006, 013002]
3510	13	013004	013002	4	19.0	3.0	0,832	true	[013004, 013000, 013001, 013003, 013005, 013006, 013007, 013002]
3511	13	013004	013002	5	14.0	3.0	0,832	true	[013004, 013000, 013001, 013003, 013005, 013007, 013002]
3512	13	013004	013002	6	14.0	3.0	0,791	true	[013004, 013000, 013001, 013003, 013005, 013007, 013006, 013002]
3513	13	013004	013002	7	20.0	3.0	0,832	true	[013004, 013000, 013001, 013003, 013006, 013002]
3514	13	013004	013002	8	19.0	3.0	0,832	true	[013004, 013000, 013001, 013003, 013006, 013005, 013002]
3515	13	013004	013002	9	14.0	3.0	0,858	true	[013004, 013000, 013001, 013003, 013006, 013005, 013007, 013002]
3516	13	013004	013002	10	20.0	3.0	0,858	true	[013004, 013000, 013001, 013003, 013006, 013007, 013002]
3517	13	013004	013002	11	14.0	3.0	0,816	true	[013004, 013000, 013001, 013003, 013006, 013007, 013005, 013002]
3518	13	013004	013002	12	20.0	3.0	0,876	true	[013004, 013000, 013001, 013003, 013007, 013002]
3519	13	013004	013002	13	14.0	3.0	0,832	true	[013004, 013000, 013001, 013003, 013007, 013005, 013002]
3520	13	013004	013002	14	14.0	3.0	0,832	true	[013004, 013000, 013001, 013003, 013007, 013005, 013006, 013002]
3521	13	013004	013002	15	20.0	3.0	0,832	true	[013004, 013000, 013001, 013003, 013007, 013006, 013002]
3522	13	013004	013002	16	19.0	3.0	0,832	true	[013004, 013000, 013001, 013003, 013007, 013006, 013005, 013002]
3523	13	013004	013002	17	20.0	3.0	0,849	true	[013004, 013000, 013001, 013006, 013002]
3524	13	013004	013002	18	20.0	3.0	0,858	true	[013004, 013000, 013001, 013006, 013003, 013002]
3525	13	013004	013002	19	20.0	3.0	0,791	true	[013004, 013000, 013001, 013006, 013003, 013005, 013002]
3526	13	013004	013002	20	14.0	3.0	0,815	true	[013004, 013000, 013001, 013006, 013003, 013005, 013007, 013002]
3527	13	013004	013002	21	20.0	3.0	0,858	true	[013004, 013000, 013001, 013006, 013003, 013007, 013002]
3528	13	013004	013002	22	14.0	3.0	0,816	true	[013004, 013000, 013001, 013006, 013003, 013007, 013005, 013002]
3529	13	013004	013002	23	19.0	3.0	0,849	true	[013004, 013000, 013001, 013006, 013005, 013002]
3530	13	013004	013002	24	19.0	3.0	0,832	true	[013004, 013000, 013001, 013006, 013005, 013003, 013002]
3531	13	013004	013002	25	19.0	3.0	0,832	true	[013004, 013000, 013001, 013006, 013005, 013003, 013007, 013002]
3532	13	013004	013002	26	14.0	3.0	0,876	true	[013004, 013000, 013001, 013006, 013005, 013007, 013002]
3533	13	013004	013002	27	14.0	3.0	0,858	true	[013004, 013000, 013001, 013006, 013005, 013007, 013003, 013002]
3534	13	013004	013002	28	20.0	3.0	0,876	true	[013004, 013000, 013001, 013006, 013007, 013002]
3535	13	013004	013002	29	20.0	3.0	0,858	true	[013004, 013000, 013001, 013006, 013007, 013003, 013002]
3536	13	013004	013002	30	20.0	3.0	0,791	true	[013004, 013000, 013001, 013006, 013007, 013003, 013005, 013002]
3537	13	013004	013002	31	14.0	3.0	0,832	true	[013004, 013000, 013001, 013006, 013007, 013005, 013002]
3538	13	013004	013002	32	14.0	3.0	0,815	true	[013004, 013000, 013001, 013006, 013007, 013005, 013003, 013002]
3539	13	013004	013002	33	40.0	4.0	0,970	true	[013004, 013000, 013002]
3540	13	013004	013002	34	21.0	4.0	0,894	true	[013004, 013000, 013003, 013001, 013002]
3541	13	013004	013002	35	21.0	4.0	0,824	true	[013004, 013000, 013003, 013001, 013006, 013002]
3542	13	013004	013002	36	19.0	4.0	0,824	true	[013004, 013000, 013003, 013001, 013006, 013005, 013002]
3543	13	013004	013002	37	14.0	4.0	0,849	true	[013004, 013000, 013003, 013001, 013006, 013005, 013007, 013002]
3544	13	013004	013002	38	21.0	4.0	0,849	true	[013004, 013000, 013003, 013001, 013006, 013007, 013002]
3545	13	013004	013002	39	14.0	4.0	0,807	true	[013004, 013000, 013003, 013001, 013006, 013007, 013005, 013002]
3546	13	013004	013002	40	44.0	4.0	0,941	true	[013004, 013000, 013003, 013002]
3547	13	013004	013002	41	25.0	4.0	0,867	true	[013004, 013000, 013003, 013005, 013002]
3548	13	013004	013002	42	19.0	4.0	0,849	true	[013004, 013000, 013003, 013005, 013006, 013001, 013002]
3549	13	013004	013002	43	19.0	4.0	0,867	true	[013004, 013000, 013003, 013005, 013006, 013002]
3550	13	013004	013002	44	19.0	4.0	0,894	true	[013004, 013000, 013003, 013005, 013006, 013007, 013002]
3551	13	013004	013002	45	14.0	4.0	0,894	true	[013004, 013000, 013003, 013005, 013007, 013002]
3552	13	013004	013002	46	14.0	4.0	0,832	true	[013004, 013000, 013003, 013005, 013007, 013006, 013001, 013002]
3553	13	013004	013002	47	14.0	4.0	0,850	true	[013004, 013000, 013003, 013005, 013007, 013006, 013002]
3554	13	013004	013002	48	34.0	4.0	0,876	true	[013004, 013000, 013003, 013006, 013001, 013002]
3555	13	013004	013002	49	34.0	4.0	0,894	true	[013004, 013000, 013003, 013006, 013002]
3556	13	013004	013002	50	19.0	4.0	0,894	true	[013004, 013000, 013003, 013006, 013005, 013002]
3557	13	013004	013002	51	14.0	4.0	0,922	true	[013004, 013000, 013003, 013006, 013005, 013007, 013002]
3558	13	013004	013002	52	34.0	4.0	0,922	true	[013004, 013000, 013003, 013006, 013007, 013002]
3559	13	013004	013002	53	14.0	4.0	0,877	true	[013004, 013000, 013003, 013006, 013007, 013005, 013002]
3560	13	013004	013002	54	44.0	4.0	0,941	true	[013004, 013000, 013003, 013007, 013002]
3561	13	013004	013002	55	14.0	4.0	0,894	true	[013004, 013000, 013003, 013007, 013005, 013002]
3562	13	013004	013002	56	14.0	4.0	0,876	true	[013004, 013000, 013003, 013007, 013005, 013006, 013001, 013002]
3563	13	013004	013002	57	14.0	4.0	0,894	true	[013004, 013000, 013003, 013007, 013005, 013006, 013002]
3564	13	013004	013002	58	44.0	4.0	0,876	true	[013004, 013000, 013003, 013007, 013006, 013001, 013002]
3565	13	013004	013002	59	44.0	4.0	0,894	true	[013004, 013000, 013003, 013007, 013006, 013002]
3566	13	013004	013002	60	19.0	4.0	0,894	true	[013004, 013000, 013003, 013007, 013006, 013005, 013002]
3567	13	013004	013002	61	10.0	4.0	0,931	true	[013004, 013000, 013007, 013002]
3568	13	013004	013002	62	10.0	4.0	0,867	true	[013004, 013000, 013007, 013003, 013001, 013002]
3569	13	013004	013002	63	10.0	4.0	0,799	true	[013004, 013000, 013007, 013003, 013001, 013006, 013002]
3570	13	013004	013002	64	10.0	4.0	0,799	true	[013004, 013000, 013007, 013003, 013001, 013006, 013005, 013002]
3571	13	013004	013002	65	10.0	4.0	0,913	true	[013004, 013000, 013007, 013003, 013002]
3572	13	013004	013002	66	10.0	4.0	0,841	true	[013004, 013000, 013007, 013003, 013005, 013002]
3573	13	013004	013002	67	10.0	4.0	0,824	true	[013004, 013000, 013007, 013003, 013005, 013006, 013001, 013002]
3574	13	013004	013002	68	10.0	4.0	0,841	true	[013004, 013000, 013007, 013003, 013005, 013006, 013002]
3575	13	013004	013002	69	10.0	4.0	0,850	true	[013004, 013000, 013007, 013003, 013006, 013001, 013002]
3576	13	013004	013002	70	10.0	4.0	0,867	true	[013004, 013000, 013007, 013003, 013006, 013002]
3577	13	013004	013002	71	10.0	4.0	0,867	true	[013004, 013000, 013007, 013003, 013006, 013005, 013002]
3578	13	013004	013002	72	10.0	4.0	0,885	true	[013004, 013000, 013007, 013005, 013002]
3579	13	013004	013002	73	10.0	4.0	0,824	true	[013004, 013000, 013007, 013005, 013003, 013001, 013002]
3580	13	013004	013002	74	10.0	4.0	0,759	true	[013004, 013000, 013007, 013005, 013003, 013001, 013006, 013002]
3581	13	013004	013002	75	10.0	4.0	0,867	true	[013004, 013000, 013007, 013005, 013003, 013002]
3582	13	013004	013002	76	10.0	4.0	0,807	true	[013004, 013000, 013007, 013005, 013003, 013006, 013001, 013002]
3583	13	013004	013002	77	10.0	4.0	0,824	true	[013004, 013000, 013007, 013005, 013003, 013006, 013002]
3584	13	013004	013002	78	10.0	4.0	0,867	true	[013004, 013000, 013007, 013005, 013006, 013001, 013002]
3585	13	013004	013002	79	10.0	4.0	0,824	true	[013004, 013000, 013007, 013005, 013006, 013001, 013003, 013002]
3586	13	013004	013002	80	10.0	4.0	0,885	true	[013004, 013000, 013007, 013005, 013006, 013002]
3587	13	013004	013002	81	10.0	4.0	0,850	true	[013004, 013000, 013007, 013005, 013006, 013003, 013001, 013002]
3588	13	013004	013002	82	10.0	4.0	0,894	true	[013004, 013000, 013007, 013005, 013006, 013003, 013002]
3589	13	013004	013002	83	10.0	4.0	0,867	true	[013004, 013000, 013007, 013006, 013001, 013002]
3590	13	013004	013002	84	10.0	4.0	0,824	true	[013004, 013000, 013007, 013006, 013001, 013003, 013002]
3591	13	013004	013002	85	10.0	4.0	0,759	true	[013004, 013000, 013007, 013006, 013001, 013003, 013005, 013002]
3592	13	013004	013002	86	10.0	4.0	0,885	true	[013004, 013000, 013007, 013006, 013002]
3593	13	013004	013002	87	10.0	4.0	0,850	true	[013004, 013000, 013007, 013006, 013003, 013001, 013002]
3594	13	013004	013002	88	10.0	4.0	0,894	true	[013004, 013000, 013007, 013006, 013003, 013002]
3595	13	013004	013002	89	10.0	4.0	0,824	true	[013004, 013000, 013007, 013006, 013003, 013005, 013002]
3596	13	013004	013002	90	10.0	4.0	0,885	true	[013004, 013000, 013007, 013006, 013005, 013002]
3597	13	013004	013002	91	10.0	4.0	0,824	true	[013004, 013000, 013007, 013006, 013005, 013003, 013001, 013002]
3598	13	013004	013002	92	10.0	4.0	0,867	true	[013004, 013000, 013007, 013006, 013005, 013003, 013002]
3599	13	013004	013002	93	69.0	4.0	0,950	true	[013004, 013002]
3600	13	013004	013002	94	37.0	6.0	0,941	true	[013004, 013005, 013002]
3601	13	013004	013002	95	20.0	3.0	0,867	true	[013004, 013005, 013003, 013000, 013001, 013002]
3602	13	013004	013002	96	20.0	3.0	0,799	true	[013004, 013005, 013003, 013000, 013001, 013006, 013002]
3603	13	013004	013002	97	20.0	3.0	0,824	true	[013004, 013005, 013003, 013000, 013001, 013006, 013007, 013002]
3604	13	013004	013002	98	25.0	4.0	0,912	true	[013004, 013005, 013003, 013000, 013002]
3605	13	013004	013002	99	10.0	4.0	0,876	true	[013004, 013005, 013003, 013000, 013007, 013002]
3606	13	013004	013002	100	10.0	4.0	0,816	true	[013004, 013005, 013003, 013000, 013007, 013006, 013001, 013002]
3607	13	013004	013002	101	10.0	4.0	0,832	true	[013004, 013005, 013003, 013000, 013007, 013006, 013002]
3608	13	013004	013002	102	25.0	4.0	0,922	true	[013004, 013005, 013003, 013002]
3609	-1	000007	001002	0	125.0	44.0	0,997	true	[000007, 001002]
3610	-1	000001	002000	0	150.0	25.0	0,998	true	[000001, 002000]
3611	-1	000000	007000	0	100.0	29.0	0,996	true	[000000, 007000]
3612	-1	001000	002002	0	125.0	43.0	0,995	true	[001000, 002002]
3613	-1	001001	003000	0	140.0	36.0	0,997	true	[001001, 003000]
3614	-1	002003	005000	0	130.0	26.0	0,998	true	[002003, 005000]
3615	-1	003006	004003	0	115.0	23.0	0,996	true	[003006, 004003]
3616	-1	003007	010005	0	150.0	42.0	0,995	true	[003007, 010005]
3617	-1	004002	005001	0	145.0	33.0	0,995	true	[004002, 005001]
3618	-1	004001	006000	0	105.0	48.0	0,996	true	[004001, 006000]
3619	-1	005005	009003	0	115.0	50.0	0,997	true	[005005, 009003]
3620	-1	005004	012004	0	120.0	28.0	0,998	true	[005004, 012004]
3621	-1	006003	007005	0	105.0	26.0	0,999	true	[006003, 007005]
3622	-1	007004	008002	0	150.0	45.0	0,999	true	[007004, 008002]
3623	-1	008007	009006	0	145.0	37.0	0,996	true	[008007, 009006]
3624	-1	008001	011002	0	125.0	41.0	0,999	true	[008001, 011002]
3625	-1	008005	013004	0	115.0	36.0	0,998	true	[008005, 013004]
3626	-1	010006	011003	0	150.0	34.0	0,996	true	[010006, 011003]
3627	-1	010000	013002	0	145.0	39.0	0,995	true	[010000, 013002]
3628	-1	011004	013000	0	135.0	30.0	0,999	true	[011004, 013000]
3629	-1	012003	013005	0	135.0	43.0	0,998	true	[012003, 013005]
