TransactionId	ASId	Ingress	Egress	PathletId	Bandwidth	Delay	Reliability	Status	Full Path
1928	0	000000	000001	0	62.0	4.0	0,980	true	[000000, 000001]
1929	0	000000	000001	1	15.0	7.0	0,931	true	[000000, 000002, 000001]
1930	0	000000	000001	2	5.0	7.0	0,912	true	[000000, 000002, 000004, 000001]
1931	0	000000	000001	3	37.0	4.0	0,885	true	[000000, 000002, 000004, 000003, 000001]
1932	0	000000	000001	4	29.0	4.0	0,867	true	[000000, 000002, 000004, 000003, 000005, 000001]
1933	0	000000	000001	5	42.0	7.0	0,903	true	[000000, 000002, 000004, 000005, 000001]
1934	0	000000	000001	6	29.0	4.0	0,867	true	[000000, 000002, 000004, 000005, 000003, 000001]
1935	0	000000	000001	7	48.0	5.0	0,932	true	[000000, 000002, 000005, 000001]
1936	0	000000	000001	8	29.0	4.0	0,894	true	[000000, 000002, 000005, 000003, 000001]
1937	0	000000	000001	9	5.0	4.0	0,904	true	[000000, 000002, 000005, 000003, 000004, 000001]
1938	0	000000	000001	10	5.0	5.0	0,941	true	[000000, 000002, 000005, 000004, 000001]
1939	0	000000	000001	11	37.0	4.0	0,913	true	[000000, 000002, 000005, 000004, 000003, 000001]
1940	0	000000	000001	12	34.0	4.0	0,885	true	[000000, 000002, 000006, 000003, 000001]
1941	0	000000	000001	13	5.0	6.0	0,894	true	[000000, 000002, 000006, 000003, 000004, 000001]
1942	0	000000	000001	14	34.0	6.0	0,885	true	[000000, 000002, 000006, 000003, 000004, 000005, 000001]
1943	0	000000	000001	15	29.0	4.0	0,867	true	[000000, 000002, 000006, 000003, 000005, 000001]
1944	0	000000	000001	16	5.0	4.0	0,876	true	[000000, 000002, 000006, 000003, 000005, 000004, 000001]
1945	0	000000	000001	17	28.0	4.0	0,912	true	[000000, 000003, 000001]
1946	0	000000	000001	18	5.0	7.0	0,922	true	[000000, 000003, 000004, 000001]
1947	0	000000	000001	19	15.0	8.0	0,849	true	[000000, 000003, 000004, 000002, 000001]
1948	0	000000	000001	20	28.0	5.0	0,849	true	[000000, 000003, 000004, 000002, 000005, 000001]
1949	0	000000	000001	21	28.0	7.0	0,912	true	[000000, 000003, 000004, 000005, 000001]
1950	0	000000	000001	22	15.0	5.0	0,876	true	[000000, 000003, 000004, 000005, 000002, 000001]
1951	0	000000	000001	23	28.0	4.0	0,894	true	[000000, 000003, 000005, 000001]
1952	0	000000	000001	24	15.0	4.0	0,858	true	[000000, 000003, 000005, 000002, 000001]
1953	0	000000	000001	25	5.0	4.0	0,841	true	[000000, 000003, 000005, 000002, 000004, 000001]
1954	0	000000	000001	26	5.0	4.0	0,903	true	[000000, 000003, 000005, 000004, 000001]
1955	0	000000	000001	27	15.0	4.0	0,832	true	[000000, 000003, 000005, 000004, 000002, 000001]
1956	0	000000	000001	28	15.0	6.0	0,849	true	[000000, 000003, 000006, 000002, 000001]
1957	0	000000	000001	29	5.0	6.0	0,832	true	[000000, 000003, 000006, 000002, 000004, 000001]
1958	0	000000	000001	30	28.0	6.0	0,823	true	[000000, 000003, 000006, 000002, 000004, 000005, 000001]
1959	0	000000	000001	31	28.0	5.0	0,849	true	[000000, 000003, 000006, 000002, 000005, 000001]
1960	0	000000	000001	32	5.0	5.0	0,858	true	[000000, 000003, 000006, 000002, 000005, 000004, 000001]
1961	0	000000	000001	33	65.0	6.0	0,922	true	[000000, 000005, 000001]
1962	0	000000	000001	34	15.0	5.0	0,884	true	[000000, 000005, 000002, 000001]
1963	0	000000	000001	35	5.0	5.0	0,867	true	[000000, 000005, 000002, 000004, 000001]
1964	0	000000	000001	36	37.0	4.0	0,841	true	[000000, 000005, 000002, 000004, 000003, 000001]
1965	0	000000	000001	37	34.0	4.0	0,841	true	[000000, 000005, 000002, 000006, 000003, 000001]
1966	0	000000	000001	38	5.0	5.0	0,850	true	[000000, 000005, 000002, 000006, 000003, 000004, 000001]
1967	0	000000	000001	39	29.0	4.0	0,885	true	[000000, 000005, 000003, 000001]
1968	0	000000	000001	40	5.0	4.0	0,894	true	[000000, 000005, 000003, 000004, 000001]
1969	0	000000	000001	41	15.0	4.0	0,823	true	[000000, 000005, 000003, 000004, 000002, 000001]
1970	0	000000	000001	42	15.0	4.0	0,823	true	[000000, 000005, 000003, 000006, 000002, 000001]
1971	0	000000	000001	43	5.0	4.0	0,807	true	[000000, 000005, 000003, 000006, 000002, 000004, 000001]
1972	0	000000	000001	44	5.0	6.0	0,931	true	[000000, 000005, 000004, 000001]
1973	0	000000	000001	45	15.0	6.0	0,857	true	[000000, 000005, 000004, 000002, 000001]
1974	0	000000	000001	46	34.0	4.0	0,815	true	[000000, 000005, 000004, 000002, 000006, 000003, 000001]
1975	0	000000	000001	47	37.0	4.0	0,903	true	[000000, 000005, 000004, 000003, 000001]
1976	0	000000	000001	48	15.0	6.0	0,840	true	[000000, 000005, 000004, 000003, 000006, 000002, 000001]
1977	1	001003	001002	0	20.0	3.0	0,913	true	[001003, 001000, 001001, 001002]
1978	1	001003	001002	1	20.0	3.0	0,913	true	[001003, 001000, 001001, 001004, 001002]
1979	1	001003	001002	2	20.0	3.0	0,867	true	[001003, 001000, 001001, 001004, 001005, 001002]
1980	1	001003	001002	3	8.0	3.0	0,922	true	[001003, 001000, 001001, 001006, 001002]
1981	1	001003	001002	4	20.0	3.0	0,931	true	[001003, 001000, 001002]
1982	1	001003	001002	5	14.0	3.0	0,903	true	[001003, 001000, 001006, 001001, 001002]
1983	1	001003	001002	6	14.0	3.0	0,904	true	[001003, 001000, 001006, 001001, 001004, 001002]
1984	1	001003	001002	7	14.0	3.0	0,858	true	[001003, 001000, 001006, 001001, 001004, 001005, 001002]
1985	1	001003	001002	8	8.0	3.0	0,913	true	[001003, 001000, 001006, 001002]
1986	1	001003	001002	9	34.0	4.0	0,970	true	[001003, 001005, 001002]
1987	1	001003	001002	10	34.0	3.0	0,867	true	[001003, 001005, 001004, 001001, 001000, 001002]
1988	1	001003	001002	11	8.0	5.0	0,850	true	[001003, 001005, 001004, 001001, 001000, 001006, 001002]
1989	1	001003	001002	12	34.0	4.0	0,885	true	[001003, 001005, 001004, 001001, 001002]
1990	1	001003	001002	13	14.0	3.0	0,858	true	[001003, 001005, 001004, 001001, 001006, 001000, 001002]
1991	1	001003	001002	14	8.0	5.0	0,894	true	[001003, 001005, 001004, 001001, 001006, 001002]
1992	1	001003	001002	15	34.0	8.0	0,922	true	[001003, 001005, 001004, 001002]
1993	1	001003	001002	16	14.0	4.0	0,894	true	[001003, 001006, 001000, 001001, 001002]
1994	1	001003	001002	17	14.0	5.0	0,895	true	[001003, 001006, 001000, 001001, 001004, 001002]
1995	1	001003	001002	18	14.0	4.0	0,850	true	[001003, 001006, 001000, 001001, 001004, 001005, 001002]
1996	1	001003	001002	19	14.0	3.0	0,913	true	[001003, 001006, 001000, 001002]
1997	1	001003	001002	20	36.0	3.0	0,922	true	[001003, 001006, 001001, 001000, 001002]
1998	1	001003	001002	21	36.0	4.0	0,941	true	[001003, 001006, 001001, 001002]
1999	1	001003	001002	22	36.0	5.0	0,941	true	[001003, 001006, 001001, 001004, 001002]
2000	1	001003	001002	23	36.0	4.0	0,894	true	[001003, 001006, 001001, 001004, 001005, 001002]
2001	1	001003	001002	24	8.0	5.0	0,951	true	[001003, 001006, 001002]
2002	1	001003	001005	25	20.0	3.0	0,850	true	[001003, 001000, 001001, 001002, 001004, 001005]
2003	1	001003	001005	26	20.0	3.0	0,894	true	[001003, 001000, 001001, 001002, 001005]
2004	1	001003	001005	27	20.0	3.0	0,895	true	[001003, 001000, 001001, 001004, 001002, 001005]
2005	1	001003	001005	28	20.0	3.0	0,885	true	[001003, 001000, 001001, 001004, 001005]
2006	1	001003	001005	29	8.0	3.0	0,858	true	[001003, 001000, 001001, 001006, 001002, 001004, 001005]
2007	1	001003	001005	30	8.0	3.0	0,904	true	[001003, 001000, 001001, 001006, 001002, 001005]
2008	1	001003	001005	31	20.0	3.0	0,832	true	[001003, 001000, 001002, 001001, 001004, 001005]
2009	1	001003	001005	32	20.0	3.0	0,867	true	[001003, 001000, 001002, 001004, 001005]
2010	1	001003	001005	33	20.0	3.0	0,913	true	[001003, 001000, 001002, 001005]
2011	1	001003	001005	34	8.0	3.0	0,841	true	[001003, 001000, 001002, 001006, 001001, 001004, 001005]
2012	1	001003	001005	35	14.0	3.0	0,841	true	[001003, 001000, 001006, 001001, 001002, 001004, 001005]
2013	1	001003	001005	36	14.0	3.0	0,885	true	[001003, 001000, 001006, 001001, 001002, 001005]
2014	1	001003	001005	37	14.0	3.0	0,886	true	[001003, 001000, 001006, 001001, 001004, 001002, 001005]
2015	1	001003	001005	38	14.0	3.0	0,876	true	[001003, 001000, 001006, 001001, 001004, 001005]
2016	1	001003	001005	39	8.0	3.0	0,816	true	[001003, 001000, 001006, 001002, 001001, 001004, 001005]
2017	1	001003	001005	40	8.0	3.0	0,850	true	[001003, 001000, 001006, 001002, 001004, 001005]
2018	1	001003	001005	41	8.0	3.0	0,894	true	[001003, 001000, 001006, 001002, 001005]
2019	1	001003	001005	42	34.0	8.0	0,990	true	[001003, 001005]
2020	1	001003	001005	43	14.0	4.0	0,833	true	[001003, 001006, 001000, 001001, 001002, 001004, 001005]
2021	1	001003	001005	44	14.0	4.0	0,876	true	[001003, 001006, 001000, 001001, 001002, 001005]
2022	1	001003	001005	45	14.0	4.0	0,877	true	[001003, 001006, 001000, 001001, 001004, 001002, 001005]
2023	1	001003	001005	46	14.0	5.0	0,867	true	[001003, 001006, 001000, 001001, 001004, 001005]
2024	1	001003	001005	47	14.0	3.0	0,816	true	[001003, 001006, 001000, 001002, 001001, 001004, 001005]
2025	1	001003	001005	48	14.0	3.0	0,850	true	[001003, 001006, 001000, 001002, 001004, 001005]
2026	1	001003	001005	49	14.0	3.0	0,894	true	[001003, 001006, 001000, 001002, 001005]
2027	1	001003	001005	50	36.0	3.0	0,858	true	[001003, 001006, 001001, 001000, 001002, 001004, 001005]
2028	1	001003	001005	51	36.0	3.0	0,904	true	[001003, 001006, 001001, 001000, 001002, 001005]
2029	1	001003	001005	52	36.0	4.0	0,876	true	[001003, 001006, 001001, 001002, 001004, 001005]
2030	1	001003	001005	53	36.0	4.0	0,922	true	[001003, 001006, 001001, 001002, 001005]
2031	1	001003	001005	54	36.0	4.0	0,922	true	[001003, 001006, 001001, 001004, 001002, 001005]
2032	1	001003	001005	55	36.0	5.0	0,912	true	[001003, 001006, 001001, 001004, 001005]
2033	1	001003	001005	56	8.0	3.0	0,833	true	[001003, 001006, 001002, 001000, 001001, 001004, 001005]
2034	1	001003	001005	57	8.0	4.0	0,850	true	[001003, 001006, 001002, 001001, 001004, 001005]
2035	1	001003	001005	58	8.0	5.0	0,885	true	[001003, 001006, 001002, 001004, 001005]
2036	1	001003	001005	59	8.0	4.0	0,932	true	[001003, 001006, 001002, 001005]
2037	1	001002	001005	60	39.0	3.0	0,876	true	[001002, 001000, 001001, 001004, 001005]
2038	1	001002	001005	61	34.0	3.0	0,913	true	[001002, 001000, 001001, 001006, 001003, 001005]
2039	1	001002	001005	62	20.0	3.0	0,922	true	[001002, 001000, 001003, 001005]
2040	1	001002	001005	63	20.0	3.0	0,850	true	[001002, 001000, 001003, 001006, 001001, 001004, 001005]
2041	1	001002	001005	64	14.0	3.0	0,867	true	[001002, 001000, 001006, 001001, 001004, 001005]
2042	1	001002	001005	65	14.0	3.0	0,903	true	[001002, 001000, 001006, 001003, 001005]
2043	1	001002	001005	66	20.0	3.0	0,903	true	[001002, 001001, 001000, 001003, 001005]
2044	1	001002	001005	67	14.0	4.0	0,885	true	[001002, 001001, 001000, 001006, 001003, 001005]
2045	1	001002	001005	68	39.0	4.0	0,894	true	[001002, 001001, 001004, 001005]
2046	1	001002	001005	69	14.0	3.0	0,894	true	[001002, 001001, 001006, 001000, 001003, 001005]
2047	1	001002	001005	70	34.0	4.0	0,931	true	[001002, 001001, 001006, 001003, 001005]
2048	1	001002	001005	71	20.0	3.0	0,904	true	[001002, 001004, 001001, 001000, 001003, 001005]
2049	1	001002	001005	72	14.0	5.0	0,886	true	[001002, 001004, 001001, 001000, 001006, 001003, 001005]
2050	1	001002	001005	73	14.0	3.0	0,895	true	[001002, 001004, 001001, 001006, 001000, 001003, 001005]
2051	1	001002	001005	74	34.0	5.0	0,932	true	[001002, 001004, 001001, 001006, 001003, 001005]
2052	1	001002	001005	75	39.0	8.0	0,931	true	[001002, 001004, 001005]
2053	1	001002	001005	76	65.0	4.0	0,980	true	[001002, 001005]
2054	1	001002	001005	77	8.0	5.0	0,858	true	[001002, 001006, 001000, 001001, 001004, 001005]
2055	1	001002	001005	78	8.0	3.0	0,904	true	[001002, 001006, 001000, 001003, 001005]
2056	1	001002	001005	79	8.0	3.0	0,913	true	[001002, 001006, 001001, 001000, 001003, 001005]
2057	1	001002	001005	80	8.0	5.0	0,903	true	[001002, 001006, 001001, 001004, 001005]
2058	1	001002	001005	81	8.0	3.0	0,841	true	[001002, 001006, 001003, 001000, 001001, 001004, 001005]
2059	1	001002	001005	82	8.0	5.0	0,941	true	[001002, 001006, 001003, 001005]
2060	2	002005	002003	0	21.0	6.0	0,903	true	[002005, 002000, 002001, 002002, 002003]
2061	2	002005	002003	1	15.0	5.0	0,867	true	[002005, 002000, 002001, 002002, 002004, 002003]
2062	2	002005	002003	2	15.0	3.0	0,885	true	[002005, 002000, 002001, 002002, 002006, 002004, 002003]
2063	2	002005	002003	3	20.0	7.0	0,903	true	[002005, 002000, 002001, 002003]
2064	2	002005	002003	4	21.0	5.0	0,876	true	[002005, 002000, 002001, 002004, 002002, 002003]
2065	2	002005	002003	5	15.0	7.0	0,876	true	[002005, 002000, 002001, 002004, 002003]
2066	2	002005	002003	6	21.0	3.0	0,894	true	[002005, 002000, 002001, 002004, 002006, 002002, 002003]
2067	2	002005	002003	7	21.0	6.0	0,903	true	[002005, 002000, 002001, 002006, 002002, 002003]
2068	2	002005	002003	8	15.0	5.0	0,867	true	[002005, 002000, 002001, 002006, 002002, 002004, 002003]
2069	2	002005	002003	9	21.0	3.0	0,885	true	[002005, 002000, 002001, 002006, 002004, 002002, 002003]
2070	2	002005	002003	10	15.0	3.0	0,885	true	[002005, 002000, 002001, 002006, 002004, 002003]
2071	2	002005	002003	11	16.0	7.0	0,913	true	[002005, 002000, 002002, 002001, 002003]
2072	2	002005	002003	12	15.0	7.0	0,885	true	[002005, 002000, 002002, 002001, 002004, 002003]
2073	2	002005	002003	13	15.0	3.0	0,894	true	[002005, 002000, 002002, 002001, 002006, 002004, 002003]
2074	2	002005	002003	14	16.0	6.0	0,932	true	[002005, 002000, 002002, 002003]
2075	2	002005	002003	15	16.0	5.0	0,886	true	[002005, 002000, 002002, 002004, 002001, 002003]
2076	2	002005	002003	16	15.0	5.0	0,894	true	[002005, 002000, 002002, 002004, 002003]
2077	2	002005	002003	17	16.0	3.0	0,895	true	[002005, 002000, 002002, 002004, 002006, 002001, 002003]
2078	2	002005	002003	18	16.0	7.0	0,913	true	[002005, 002000, 002002, 002006, 002001, 002003]
2079	2	002005	002003	19	15.0	7.0	0,885	true	[002005, 002000, 002002, 002006, 002001, 002004, 002003]
2080	2	002005	002003	20	16.0	3.0	0,904	true	[002005, 002000, 002002, 002006, 002004, 002001, 002003]
2081	2	002005	002003	21	15.0	3.0	0,913	true	[002005, 002000, 002002, 002006, 002004, 002003]
2082	2	002005	002003	22	49.0	4.0	0,970	true	[002005, 002000, 002003]
2083	2	002005	002003	23	21.0	6.0	0,885	true	[002005, 002000, 002004, 002001, 002002, 002003]
2084	2	002005	002003	24	20.0	9.0	0,885	true	[002005, 002000, 002004, 002001, 002003]
2085	2	002005	002003	25	21.0	6.0	0,885	true	[002005, 002000, 002004, 002001, 002006, 002002, 002003]
2086	2	002005	002003	26	20.0	5.0	0,876	true	[002005, 002000, 002004, 002002, 002001, 002003]
2087	2	002005	002003	27	21.0	5.0	0,894	true	[002005, 002000, 002004, 002002, 002003]
2088	2	002005	002003	28	20.0	5.0	0,876	true	[002005, 002000, 002004, 002002, 002006, 002001, 002003]
2089	2	002005	002003	29	15.0	7.0	0,894	true	[002005, 002000, 002004, 002003]
2090	2	002005	002003	30	21.0	3.0	0,894	true	[002005, 002000, 002004, 002006, 002001, 002002, 002003]
2091	2	002005	002003	31	20.0	3.0	0,894	true	[002005, 002000, 002004, 002006, 002001, 002003]
2092	2	002005	002003	32	20.0	3.0	0,894	true	[002005, 002000, 002004, 002006, 002002, 002001, 002003]
2093	2	002005	002003	33	21.0	3.0	0,913	true	[002005, 002000, 002004, 002006, 002002, 002003]
2094	2	002005	002003	34	21.0	4.0	0,885	true	[002005, 002000, 002006, 002001, 002002, 002003]
2095	2	002005	002003	35	15.0	4.0	0,850	true	[002005, 002000, 002006, 002001, 002002, 002004, 002003]
2096	2	002005	002003	36	20.0	4.0	0,885	true	[002005, 002000, 002006, 002001, 002003]
2097	2	002005	002003	37	21.0	4.0	0,859	true	[002005, 002000, 002006, 002001, 002004, 002002, 002003]
2098	2	002005	002003	38	15.0	4.0	0,858	true	[002005, 002000, 002006, 002001, 002004, 002003]
2099	2	002005	002003	39	20.0	4.0	0,885	true	[002005, 002000, 002006, 002002, 002001, 002003]
2100	2	002005	002003	40	15.0	4.0	0,858	true	[002005, 002000, 002006, 002002, 002001, 002004, 002003]
2101	2	002005	002003	41	21.0	4.0	0,903	true	[002005, 002000, 002006, 002002, 002003]
2102	2	002005	002003	42	20.0	4.0	0,858	true	[002005, 002000, 002006, 002002, 002004, 002001, 002003]
2103	2	002005	002003	43	15.0	4.0	0,867	true	[002005, 002000, 002006, 002002, 002004, 002003]
2104	2	002005	002003	44	21.0	3.0	0,876	true	[002005, 002000, 002006, 002004, 002001, 002002, 002003]
2105	2	002005	002003	45	20.0	3.0	0,876	true	[002005, 002000, 002006, 002004, 002001, 002003]
2106	2	002005	002003	46	20.0	3.0	0,867	true	[002005, 002000, 002006, 002004, 002002, 002001, 002003]
2107	2	002005	002003	47	21.0	3.0	0,885	true	[002005, 002000, 002006, 002004, 002002, 002003]
2108	2	002005	002003	48	15.0	3.0	0,885	true	[002005, 002000, 002006, 002004, 002003]
2109	2	002005	002003	49	16.0	6.0	0,876	true	[002005, 002001, 002000, 002002, 002003]
2110	2	002005	002003	50	15.0	5.0	0,841	true	[002005, 002001, 002000, 002002, 002004, 002003]
2111	2	002005	002003	51	15.0	3.0	0,858	true	[002005, 002001, 002000, 002002, 002006, 002004, 002003]
2112	2	002005	002003	52	22.0	4.0	0,912	true	[002005, 002001, 002000, 002003]
2113	2	002005	002003	53	21.0	5.0	0,841	true	[002005, 002001, 002000, 002004, 002002, 002003]
2114	2	002005	002003	54	15.0	7.0	0,840	true	[002005, 002001, 002000, 002004, 002003]
2115	2	002005	002003	55	21.0	3.0	0,858	true	[002005, 002001, 002000, 002004, 002006, 002002, 002003]
2116	2	002005	002003	56	21.0	4.0	0,849	true	[002005, 002001, 002000, 002006, 002002, 002003]
2117	2	002005	002003	57	15.0	4.0	0,815	true	[002005, 002001, 002000, 002006, 002002, 002004, 002003]
2118	2	002005	002003	58	21.0	3.0	0,832	true	[002005, 002001, 002000, 002006, 002004, 002002, 002003]
2119	2	002005	002003	59	15.0	3.0	0,832	true	[002005, 002001, 002000, 002006, 002004, 002003]
2120	2	002005	002003	60	16.0	4.0	0,922	true	[002005, 002001, 002002, 002000, 002003]
2121	2	002005	002003	61	15.0	7.0	0,849	true	[002005, 002001, 002002, 002000, 002004, 002003]
2122	2	002005	002003	62	15.0	3.0	0,841	true	[002005, 002001, 002002, 002000, 002006, 002004, 002003]
2123	2	002005	002003	63	21.0	6.0	0,922	true	[002005, 002001, 002002, 002003]
2124	2	002005	002003	64	47.0	4.0	0,885	true	[002005, 002001, 002002, 002004, 002000, 002003]
2125	2	002005	002003	65	15.0	5.0	0,885	true	[002005, 002001, 002002, 002004, 002003]
2126	2	002005	002003	66	26.0	3.0	0,876	true	[002005, 002001, 002002, 002004, 002006, 002000, 002003]
2127	2	002005	002003	67	26.0	4.0	0,893	true	[002005, 002001, 002002, 002006, 002000, 002003]
2128	2	002005	002003	68	15.0	4.0	0,823	true	[002005, 002001, 002002, 002006, 002000, 002004, 002003]
2129	2	002005	002003	69	32.0	3.0	0,903	true	[002005, 002001, 002002, 002006, 002004, 002000, 002003]
2130	2	002005	002003	70	15.0	3.0	0,903	true	[002005, 002001, 002002, 002006, 002004, 002003]
2131	2	002005	002003	71	20.0	10.0	0,922	true	[002005, 002001, 002003]
2132	2	002005	002003	72	16.0	6.0	0,858	true	[002005, 002001, 002004, 002000, 002002, 002003]
2133	2	002005	002003	73	36.0	4.0	0,894	true	[002005, 002001, 002004, 002000, 002003]
2134	2	002005	002003	74	21.0	4.0	0,832	true	[002005, 002001, 002004, 002000, 002006, 002002, 002003]
2135	2	002005	002003	75	16.0	4.0	0,894	true	[002005, 002001, 002004, 002002, 002000, 002003]
2136	2	002005	002003	76	21.0	5.0	0,894	true	[002005, 002001, 002004, 002002, 002003]
2137	2	002005	002003	77	26.0	4.0	0,867	true	[002005, 002001, 002004, 002002, 002006, 002000, 002003]
2138	2	002005	002003	78	15.0	7.0	0,894	true	[002005, 002001, 002004, 002003]
2139	2	002005	002003	79	16.0	3.0	0,849	true	[002005, 002001, 002004, 002006, 002000, 002002, 002003]
2140	2	002005	002003	80	26.0	3.0	0,884	true	[002005, 002001, 002004, 002006, 002000, 002003]
2141	2	002005	002003	81	16.0	3.0	0,912	true	[002005, 002001, 002004, 002006, 002002, 002000, 002003]
2142	2	002005	002003	82	21.0	3.0	0,912	true	[002005, 002001, 002004, 002006, 002002, 002003]
2143	2	002005	002003	83	16.0	4.0	0,858	true	[002005, 002001, 002006, 002000, 002002, 002003]
2144	2	002005	002003	84	15.0	4.0	0,824	true	[002005, 002001, 002006, 002000, 002002, 002004, 002003]
2145	2	002005	002003	85	26.0	4.0	0,893	true	[002005, 002001, 002006, 002000, 002003]
2146	2	002005	002003	86	21.0	4.0	0,824	true	[002005, 002001, 002006, 002000, 002004, 002002, 002003]
2147	2	002005	002003	87	15.0	4.0	0,823	true	[002005, 002001, 002006, 002000, 002004, 002003]
2148	2	002005	002003	88	16.0	4.0	0,922	true	[002005, 002001, 002006, 002002, 002000, 002003]
2149	2	002005	002003	89	15.0	7.0	0,849	true	[002005, 002001, 002006, 002002, 002000, 002004, 002003]
2150	2	002005	002003	90	21.0	6.0	0,922	true	[002005, 002001, 002006, 002002, 002003]
2151	2	002005	002003	91	32.0	4.0	0,885	true	[002005, 002001, 002006, 002002, 002004, 002000, 002003]
2152	2	002005	002003	92	15.0	5.0	0,885	true	[002005, 002001, 002006, 002002, 002004, 002003]
2153	2	002005	002003	93	16.0	3.0	0,867	true	[002005, 002001, 002006, 002004, 002000, 002002, 002003]
2154	2	002005	002003	94	40.0	3.0	0,903	true	[002005, 002001, 002006, 002004, 002000, 002003]
2155	2	002005	002003	95	16.0	3.0	0,903	true	[002005, 002001, 002006, 002004, 002002, 002000, 002003]
2156	2	002005	002003	96	21.0	3.0	0,903	true	[002005, 002001, 002006, 002004, 002002, 002003]
2157	2	002005	002003	97	15.0	3.0	0,903	true	[002005, 002001, 002006, 002004, 002003]
2158	2	002005	002003	98	9.0	8.0	0,990	true	[002005, 002003]
2159	2	002005	002003	99	21.0	4.0	0,876	true	[002005, 002006, 002000, 002001, 002002, 002003]
2160	2	002005	002003	100	15.0	4.0	0,841	true	[002005, 002006, 002000, 002001, 002002, 002004, 002003]
2161	2	002005	002003	101	20.0	4.0	0,876	true	[002005, 002006, 002000, 002001, 002003]
2162	2	002005	002003	102	26.0	4.0	0,941	true	[002005, 002006, 002000, 002003]
2163	3	003003	003000	0	17.0	3.0	0,950	true	[003003, 003001, 003000]
2164	3	003003	003000	1	47.0	3.0	0,950	true	[003003, 003001, 003002, 003000]
2165	3	003003	003000	2	34.0	3.0	0,885	true	[003003, 003001, 003002, 003004, 003000]
2166	3	003003	003000	3	34.0	3.0	0,941	true	[003003, 003001, 003005, 003004, 003000]
2167	3	003003	003000	4	49.0	3.0	0,912	true	[003003, 003001, 003005, 003004, 003002, 003000]
2168	3	003003	003000	5	30.0	6.0	0,941	true	[003003, 003006, 003002, 003000]
2169	3	003003	003000	6	17.0	6.0	0,866	true	[003003, 003006, 003002, 003001, 003000]
2170	3	003003	003000	7	30.0	6.0	0,858	true	[003003, 003006, 003002, 003001, 003005, 003004, 003000]
2171	3	003003	003000	8	30.0	5.0	0,875	true	[003003, 003006, 003002, 003004, 003000]
2172	3	003003	003000	9	17.0	5.0	0,832	true	[003003, 003006, 003002, 003004, 003005, 003001, 003000]
2173	3	003003	003004	10	17.0	3.0	0,893	true	[003003, 003001, 003000, 003002, 003004]
2174	3	003003	003004	11	17.0	3.0	0,922	true	[003003, 003001, 003000, 003004]
2175	3	003003	003004	12	34.0	3.0	0,922	true	[003003, 003001, 003002, 003000, 003004]
2176	3	003003	003004	13	47.0	3.0	0,912	true	[003003, 003001, 003002, 003004]
2177	3	003003	003004	14	61.0	3.0	0,970	true	[003003, 003001, 003005, 003004]
2178	3	003003	003004	15	17.0	6.0	0,867	true	[003003, 003006, 003002, 003000, 003001, 003005, 003004]
2179	3	003003	003004	16	30.0	6.0	0,912	true	[003003, 003006, 003002, 003000, 003004]
2180	3	003003	003004	17	17.0	6.0	0,840	true	[003003, 003006, 003002, 003001, 003000, 003004]
2181	3	003003	003004	18	30.0	6.0	0,885	true	[003003, 003006, 003002, 003001, 003005, 003004]
2182	3	003003	003004	19	30.0	5.0	0,903	true	[003003, 003006, 003002, 003004]
2183	3	003000	003004	20	17.0	5.0	0,866	true	[003000, 003001, 003002, 003004]
2184	3	003000	003004	21	17.0	3.0	0,857	true	[003000, 003001, 003003, 003006, 003002, 003004]
2185	3	003000	003004	22	17.0	8.0	0,922	true	[003000, 003001, 003005, 003004]
2186	3	003000	003004	23	47.0	6.0	0,922	true	[003000, 003002, 003001, 003005, 003004]
2187	3	003000	003004	24	49.0	5.0	0,941	true	[003000, 003002, 003004]
2188	3	003000	003004	25	30.0	3.0	0,912	true	[003000, 003002, 003006, 003003, 003001, 003005, 003004]
2189	3	003000	003004	26	34.0	10.0	0,970	true	[003000, 003004]
2190	4	004003	004001	0	23.0	8.0	0,931	true	[004003, 004000, 004002, 004001]
2191	4	004003	004001	1	23.0	4.0	0,884	true	[004003, 004000, 004002, 004004, 004001]
2192	4	004003	004001	2	23.0	4.0	0,903	true	[004003, 004000, 004002, 004004, 004005, 004001]
2193	4	004003	004001	3	20.0	3.0	0,876	true	[004003, 004000, 004002, 004006, 004004, 004001]
2194	4	004003	004001	4	20.0	3.0	0,894	true	[004003, 004000, 004002, 004006, 004004, 004005, 004001]
2195	4	004003	004001	5	8.0	6.0	0,922	true	[004003, 004000, 004004, 004001]
2196	4	004003	004001	6	8.0	4.0	0,875	true	[004003, 004000, 004004, 004002, 004001]
2197	4	004003	004001	7	8.0	6.0	0,941	true	[004003, 004000, 004004, 004005, 004001]
2198	4	004003	004001	8	8.0	3.0	0,867	true	[004003, 004000, 004004, 004006, 004002, 004001]
2199	4	004003	004001	9	20.0	3.0	0,903	true	[004003, 004000, 004006, 004002, 004001]
2200	4	004003	004001	10	20.0	3.0	0,858	true	[004003, 004000, 004006, 004002, 004004, 004001]
2201	4	004003	004001	11	20.0	3.0	0,876	true	[004003, 004000, 004006, 004002, 004004, 004005, 004001]
2202	4	004003	004001	12	23.0	3.0	0,922	true	[004003, 004000, 004006, 004004, 004001]
2203	4	004003	004001	13	23.0	3.0	0,876	true	[004003, 004000, 004006, 004004, 004002, 004001]
2204	4	004003	004001	14	23.0	3.0	0,941	true	[004003, 004000, 004006, 004004, 004005, 004001]
2205	4	004003	004001	15	8.0	5.0	0,867	true	[004003, 004004, 004000, 004002, 004001]
2206	4	004003	004001	16	8.0	3.0	0,841	true	[004003, 004004, 004000, 004006, 004002, 004001]
2207	4	004003	004001	17	15.0	5.0	0,912	true	[004003, 004004, 004001]
2208	4	004003	004001	18	15.0	4.0	0,866	true	[004003, 004004, 004002, 004001]
2209	4	004003	004001	19	15.0	5.0	0,931	true	[004003, 004004, 004005, 004001]
2210	4	004003	004001	20	15.0	3.0	0,867	true	[004003, 004004, 004006, 004000, 004002, 004001]
2211	4	004003	004001	21	15.0	3.0	0,858	true	[004003, 004004, 004006, 004002, 004001]
2212	4	004003	004001	22	37.0	6.0	0,970	true	[004003, 004005, 004001]
2213	4	004003	004001	23	8.0	8.0	0,903	true	[004003, 004005, 004004, 004000, 004002, 004001]
2214	4	004003	004001	24	8.0	3.0	0,876	true	[004003, 004005, 004004, 004000, 004006, 004002, 004001]
2215	4	004003	004001	25	43.0	6.0	0,950	true	[004003, 004005, 004004, 004001]
2216	4	004003	004001	26	43.0	4.0	0,903	true	[004003, 004005, 004004, 004002, 004001]
2217	4	004003	004001	27	43.0	3.0	0,903	true	[004003, 004005, 004004, 004006, 004000, 004002, 004001]
2218	4	004003	004001	28	20.0	3.0	0,894	true	[004003, 004005, 004004, 004006, 004002, 004001]
2219	4	004003	004001	29	28.0	5.0	0,903	true	[004003, 004006, 004000, 004002, 004001]
2220	4	004003	004001	30	28.0	4.0	0,858	true	[004003, 004006, 004000, 004002, 004004, 004001]
2221	4	004003	004001	31	28.0	4.0	0,876	true	[004003, 004006, 004000, 004002, 004004, 004005, 004001]
2222	4	004003	004001	32	8.0	5.0	0,894	true	[004003, 004006, 004000, 004004, 004001]
2223	4	004003	004001	33	8.0	4.0	0,849	true	[004003, 004006, 004000, 004004, 004002, 004001]
2224	4	004003	004001	34	8.0	5.0	0,913	true	[004003, 004006, 004000, 004004, 004005, 004001]
2225	4	004003	004001	35	8.0	3.0	0,850	true	[004003, 004006, 004002, 004000, 004004, 004001]
2226	4	004003	004001	36	8.0	3.0	0,867	true	[004003, 004006, 004002, 004000, 004004, 004005, 004001]
2227	4	004003	004001	37	20.0	3.0	0,894	true	[004003, 004006, 004002, 004001]
2228	4	004003	004001	38	20.0	3.0	0,849	true	[004003, 004006, 004002, 004004, 004001]
2229	4	004003	004001	39	20.0	3.0	0,867	true	[004003, 004006, 004002, 004004, 004005, 004001]
2230	4	004003	004001	40	8.0	3.0	0,867	true	[004003, 004006, 004004, 004000, 004002, 004001]
2231	4	004003	004001	41	28.0	3.0	0,912	true	[004003, 004006, 004004, 004001]
2232	4	004003	004001	42	28.0	3.0	0,867	true	[004003, 004006, 004004, 004002, 004001]
2233	4	004003	004001	43	28.0	3.0	0,932	true	[004003, 004006, 004004, 004005, 004001]
2234	4	004003	004002	44	23.0	8.0	0,980	true	[004003, 004000, 004002]
2235	4	004003	004002	45	8.0	6.0	0,875	true	[004003, 004000, 004004, 004001, 004002]
2236	4	004003	004002	46	8.0	4.0	0,922	true	[004003, 004000, 004004, 004002]
2237	4	004003	004002	47	8.0	6.0	0,894	true	[004003, 004000, 004004, 004005, 004001, 004002]
2238	4	004003	004002	48	8.0	3.0	0,913	true	[004003, 004000, 004004, 004006, 004002]
2239	4	004003	004002	49	20.0	3.0	0,950	true	[004003, 004000, 004006, 004002]
2240	4	004003	004002	50	23.0	3.0	0,876	true	[004003, 004000, 004006, 004004, 004001, 004002]
2241	4	004003	004002	51	23.0	3.0	0,922	true	[004003, 004000, 004006, 004004, 004002]
2242	4	004003	004002	52	23.0	3.0	0,894	true	[004003, 004000, 004006, 004004, 004005, 004001, 004002]
2243	4	004003	004002	53	8.0	5.0	0,913	true	[004003, 004004, 004000, 004002]
2244	4	004003	004002	54	8.0	3.0	0,885	true	[004003, 004004, 004000, 004006, 004002]
2245	4	004003	004002	55	15.0	5.0	0,866	true	[004003, 004004, 004001, 004002]
2246	4	004003	004002	56	15.0	4.0	0,912	true	[004003, 004004, 004002]
2247	4	004003	004002	57	15.0	5.0	0,885	true	[004003, 004004, 004005, 004001, 004002]
2248	4	004003	004002	58	15.0	3.0	0,913	true	[004003, 004004, 004006, 004000, 004002]
2249	4	004003	004002	59	15.0	3.0	0,903	true	[004003, 004004, 004006, 004002]
2250	4	004003	004002	60	37.0	6.0	0,922	true	[004003, 004005, 004001, 004002]
2251	4	004003	004002	61	8.0	6.0	0,876	true	[004003, 004005, 004001, 004004, 004000, 004002]
2252	4	004003	004002	62	8.0	3.0	0,850	true	[004003, 004005, 004001, 004004, 004000, 004006, 004002]
2253	4	004003	004002	63	37.0	4.0	0,875	true	[004003, 004005, 004001, 004004, 004002]
2254	4	004003	004002	64	37.0	3.0	0,876	true	[004003, 004005, 004001, 004004, 004006, 004000, 004002]
2255	4	004003	004002	65	20.0	3.0	0,867	true	[004003, 004005, 004001, 004004, 004006, 004002]
2256	4	004003	004002	66	8.0	8.0	0,951	true	[004003, 004005, 004004, 004000, 004002]
2257	4	004003	004002	67	8.0	3.0	0,922	true	[004003, 004005, 004004, 004000, 004006, 004002]
2258	4	004003	004002	68	43.0	6.0	0,903	true	[004003, 004005, 004004, 004001, 004002]
2259	4	004003	004002	69	43.0	4.0	0,950	true	[004003, 004005, 004004, 004002]
2260	4	004003	004002	70	43.0	3.0	0,951	true	[004003, 004005, 004004, 004006, 004000, 004002]
2261	4	004003	004002	71	20.0	3.0	0,941	true	[004003, 004005, 004004, 004006, 004002]
2262	4	004003	004002	72	28.0	5.0	0,951	true	[004003, 004006, 004000, 004002]
2263	4	004003	004002	73	8.0	5.0	0,849	true	[004003, 004006, 004000, 004004, 004001, 004002]
2264	4	004003	004002	74	8.0	4.0	0,894	true	[004003, 004006, 004000, 004004, 004002]
2265	4	004003	004002	75	8.0	5.0	0,867	true	[004003, 004006, 004000, 004004, 004005, 004001, 004002]
2266	4	004003	004002	76	20.0	3.0	0,941	true	[004003, 004006, 004002]
2267	4	004003	004002	77	8.0	3.0	0,913	true	[004003, 004006, 004004, 004000, 004002]
2268	4	004003	004002	78	28.0	3.0	0,867	true	[004003, 004006, 004004, 004001, 004002]
2269	4	004003	004002	79	28.0	3.0	0,912	true	[004003, 004006, 004004, 004002]
2270	4	004003	004002	80	28.0	3.0	0,885	true	[004003, 004006, 004004, 004005, 004001, 004002]
2271	4	004001	004002	81	65.0	8.0	0,950	true	[004001, 004002]
2272	4	004001	004002	82	8.0	6.0	0,903	true	[004001, 004004, 004000, 004002]
2273	4	004001	004002	83	8.0	3.0	0,867	true	[004001, 004004, 004000, 004003, 004006, 004002]
2274	4	004001	004002	84	8.0	3.0	0,876	true	[004001, 004004, 004000, 004006, 004002]
2275	4	004001	004002	85	46.0	4.0	0,903	true	[004001, 004004, 004002]
2276	4	004001	004002	86	15.0	5.0	0,894	true	[004001, 004004, 004003, 004000, 004002]
2277	4	004001	004002	87	15.0	3.0	0,867	true	[004001, 004004, 004003, 004000, 004006, 004002]
2278	4	004001	004002	88	15.0	5.0	0,867	true	[004001, 004004, 004003, 004006, 004000, 004002]
2279	4	004001	004002	89	15.0	3.0	0,858	true	[004001, 004004, 004003, 004006, 004002]
2280	4	004001	004002	90	23.0	6.0	0,931	true	[004001, 004004, 004005, 004003, 004000, 004002]
2281	4	004001	004002	91	20.0	3.0	0,903	true	[004001, 004004, 004005, 004003, 004000, 004006, 004002]
2282	4	004001	004002	92	28.0	5.0	0,903	true	[004001, 004004, 004005, 004003, 004006, 004000, 004002]
2283	4	004001	004002	93	20.0	3.0	0,894	true	[004001, 004004, 004005, 004003, 004006, 004002]
2284	4	004001	004002	94	46.0	3.0	0,903	true	[004001, 004004, 004006, 004000, 004002]
2285	4	004001	004002	95	20.0	3.0	0,894	true	[004001, 004004, 004006, 004002]
2286	4	004001	004002	96	23.0	3.0	0,894	true	[004001, 004004, 004006, 004003, 004000, 004002]
2287	4	004001	004002	97	23.0	6.0	0,951	true	[004001, 004005, 004003, 004000, 004002]
2288	4	004001	004002	98	8.0	4.0	0,894	true	[004001, 004005, 004003, 004000, 004004, 004002]
2289	4	004001	004002	99	8.0	3.0	0,885	true	[004001, 004005, 004003, 004000, 004004, 004006, 004002]
2290	4	004001	004002	100	20.0	3.0	0,922	true	[004001, 004005, 004003, 004000, 004006, 004002]
2291	5	005003	005004	0	43.0	5.0	0,894	true	[005003, 005001, 005000, 005004]
2292	5	005003	005004	1	43.0	4.0	0,912	true	[005003, 005001, 005004]
2293	5	005003	005004	2	18.0	3.0	0,867	true	[005003, 005002, 005001, 005000, 005004]
2294	5	005003	005004	3	18.0	3.0	0,884	true	[005003, 005002, 005001, 005004]
2295	5	005003	005004	4	13.0	5.0	0,885	true	[005003, 005002, 005005, 005001, 005000, 005004]
2296	5	005003	005004	5	13.0	4.0	0,903	true	[005003, 005002, 005005, 005001, 005004]
2297	5	005003	005004	6	19.0	4.0	1,000	true	[005003, 005004]
2298	5	005003	005004	7	19.0	3.0	0,894	true	[005003, 005006, 005002, 005001, 005000, 005004]
2299	5	005003	005004	8	19.0	3.0	0,912	true	[005003, 005006, 005002, 005001, 005004]
2300	5	005003	005004	9	13.0	4.0	0,913	true	[005003, 005006, 005002, 005005, 005001, 005000, 005004]
2301	5	005003	005004	10	13.0	4.0	0,931	true	[005003, 005006, 005002, 005005, 005001, 005004]
2302	5	005003	005006	11	19.0	3.0	0,922	true	[005003, 005001, 005002, 005006]
2303	5	005003	005006	12	13.0	5.0	0,941	true	[005003, 005001, 005005, 005002, 005006]
2304	5	005003	005006	13	18.0	8.0	0,931	true	[005003, 005002, 005006]
2305	5	005003	005006	14	19.0	3.0	0,894	true	[005003, 005004, 005000, 005001, 005002, 005006]
2306	5	005003	005006	15	13.0	4.0	0,913	true	[005003, 005004, 005000, 005001, 005005, 005002, 005006]
2307	5	005003	005006	16	19.0	3.0	0,912	true	[005003, 005004, 005001, 005002, 005006]
2308	5	005003	005006	17	13.0	4.0	0,931	true	[005003, 005004, 005001, 005005, 005002, 005006]
2309	5	005003	005006	18	26.0	4.0	1,000	true	[005003, 005006]
2310	5	005003	005000	19	43.0	5.0	0,922	true	[005003, 005001, 005000]
2311	5	005003	005000	20	43.0	4.0	0,885	true	[005003, 005001, 005004, 005000]
2312	5	005003	005000	21	18.0	3.0	0,894	true	[005003, 005002, 005001, 005000]
2313	5	005003	005000	22	18.0	3.0	0,858	true	[005003, 005002, 005001, 005004, 005000]
2314	5	005003	005000	23	13.0	5.0	0,912	true	[005003, 005002, 005005, 005001, 005000]
2315	5	005003	005000	24	13.0	4.0	0,875	true	[005003, 005002, 005005, 005001, 005004, 005000]
2316	5	005003	005000	25	19.0	4.0	0,970	true	[005003, 005004, 005000]
2317	5	005003	005000	26	19.0	4.0	0,912	true	[005003, 005004, 005001, 005000]
2318	5	005003	005000	27	19.0	3.0	0,922	true	[005003, 005006, 005002, 005001, 005000]
2319	5	005003	005000	28	19.0	3.0	0,885	true	[005003, 005006, 005002, 005001, 005004, 005000]
2320	5	005003	005000	29	13.0	4.0	0,941	true	[005003, 005006, 005002, 005005, 005001, 005000]
2321	5	005003	005000	30	13.0	4.0	0,903	true	[005003, 005006, 005002, 005005, 005001, 005004, 005000]
2322	5	005003	005005	31	19.0	3.0	0,941	true	[005003, 005001, 005002, 005005]
2323	5	005003	005005	32	13.0	5.0	0,960	true	[005003, 005001, 005005]
2324	5	005003	005005	33	13.0	3.0	0,931	true	[005003, 005002, 005001, 005005]
2325	5	005003	005005	34	18.0	5.0	0,950	true	[005003, 005002, 005005]
2326	5	005003	005005	35	19.0	3.0	0,913	true	[005003, 005004, 005000, 005001, 005002, 005005]
2327	5	005003	005005	36	13.0	4.0	0,931	true	[005003, 005004, 005000, 005001, 005005]
2328	5	005003	005005	37	19.0	3.0	0,931	true	[005003, 005004, 005001, 005002, 005005]
2329	5	005003	005005	38	13.0	4.0	0,950	true	[005003, 005004, 005001, 005005]
2330	5	005003	005005	39	13.0	3.0	0,960	true	[005003, 005006, 005002, 005001, 005005]
2331	5	005003	005005	40	22.0	4.0	0,980	true	[005003, 005006, 005002, 005005]
2332	5	005004	005006	41	18.0	3.0	0,867	true	[005004, 005000, 005001, 005002, 005003, 005006]
2333	5	005004	005006	42	19.0	3.0	0,894	true	[005004, 005000, 005001, 005002, 005006]
2334	5	005004	005006	43	18.0	5.0	0,832	true	[005004, 005000, 005001, 005003, 005002, 005006]
2335	5	005004	005006	44	26.0	4.0	0,894	true	[005004, 005000, 005001, 005003, 005006]
2336	5	005004	005006	45	13.0	4.0	0,885	true	[005004, 005000, 005001, 005005, 005002, 005003, 005006]
2337	5	005004	005006	46	13.0	5.0	0,913	true	[005004, 005000, 005001, 005005, 005002, 005006]
2338	5	005004	005006	47	18.0	3.0	0,884	true	[005004, 005001, 005002, 005003, 005006]
2339	5	005004	005006	48	19.0	3.0	0,912	true	[005004, 005001, 005002, 005006]
2340	5	005004	005006	49	18.0	4.0	0,849	true	[005004, 005001, 005003, 005002, 005006]
2341	5	005004	005006	50	26.0	4.0	0,912	true	[005004, 005001, 005003, 005006]
2342	5	005004	005006	51	13.0	4.0	0,903	true	[005004, 005001, 005005, 005002, 005003, 005006]
2343	5	005004	005006	52	13.0	4.0	0,931	true	[005004, 005001, 005005, 005002, 005006]
2344	5	005004	005006	53	19.0	3.0	0,922	true	[005004, 005003, 005001, 005002, 005006]
2345	5	005004	005006	54	13.0	4.0	0,941	true	[005004, 005003, 005001, 005005, 005002, 005006]
2346	5	005004	005006	55	18.0	4.0	0,931	true	[005004, 005003, 005002, 005006]
2347	5	005004	005006	56	19.0	4.0	1,000	true	[005004, 005003, 005006]
2348	5	005004	005000	57	61.0	8.0	0,970	true	[005004, 005000]
2349	5	005004	005000	58	51.0	4.0	0,912	true	[005004, 005001, 005000]
2350	5	005004	005000	59	19.0	4.0	0,922	true	[005004, 005003, 005001, 005000]
2351	5	005004	005000	60	18.0	3.0	0,894	true	[005004, 005003, 005002, 005001, 005000]
2352	5	005004	005000	61	13.0	4.0	0,912	true	[005004, 005003, 005002, 005005, 005001, 005000]
2353	5	005004	005000	62	19.0	3.0	0,922	true	[005004, 005003, 005006, 005002, 005001, 005000]
2354	5	005004	005000	63	13.0	4.0	0,941	true	[005004, 005003, 005006, 005002, 005005, 005001, 005000]
2355	5	005004	005005	64	19.0	3.0	0,913	true	[005004, 005000, 005001, 005002, 005005]
2356	5	005004	005005	65	18.0	5.0	0,849	true	[005004, 005000, 005001, 005003, 005002, 005005]
2357	5	005004	005005	66	22.0	4.0	0,876	true	[005004, 005000, 005001, 005003, 005006, 005002, 005005]
2358	5	005004	005005	67	13.0	5.0	0,931	true	[005004, 005000, 005001, 005005]
2359	5	005004	005005	68	19.0	3.0	0,931	true	[005004, 005001, 005002, 005005]
2360	5	005004	005005	69	18.0	4.0	0,866	true	[005004, 005001, 005003, 005002, 005005]
2361	5	005004	005005	70	22.0	4.0	0,894	true	[005004, 005001, 005003, 005006, 005002, 005005]
2362	5	005004	005005	71	13.0	4.0	0,950	true	[005004, 005001, 005005]
2363	5	005004	005005	72	19.0	3.0	0,941	true	[005004, 005003, 005001, 005002, 005005]
2364	5	005004	005005	73	13.0	4.0	0,960	true	[005004, 005003, 005001, 005005]
2365	5	005004	005005	74	13.0	3.0	0,931	true	[005004, 005003, 005002, 005001, 005005]
2366	5	005004	005005	75	18.0	4.0	0,950	true	[005004, 005003, 005002, 005005]
2367	5	005004	005005	76	13.0	3.0	0,960	true	[005004, 005003, 005006, 005002, 005001, 005005]
2368	5	005004	005005	77	19.0	4.0	0,980	true	[005004, 005003, 005006, 005002, 005005]
2369	5	005006	005000	78	19.0	3.0	0,922	true	[005006, 005002, 005001, 005000]
2370	5	005006	005000	79	19.0	3.0	0,894	true	[005006, 005002, 005001, 005003, 005004, 005000]
2371	5	005006	005000	80	19.0	3.0	0,885	true	[005006, 005002, 005001, 005004, 005000]
2372	5	005006	005000	81	18.0	5.0	0,858	true	[005006, 005002, 005003, 005001, 005000]
2373	5	005006	005000	82	18.0	4.0	0,824	true	[005006, 005002, 005003, 005001, 005004, 005000]
2374	5	005006	005000	83	18.0	4.0	0,903	true	[005006, 005002, 005003, 005004, 005000]
2375	5	005006	005000	84	18.0	4.0	0,849	true	[005006, 005002, 005003, 005004, 005001, 005000]
2376	5	005006	005000	85	13.0	5.0	0,941	true	[005006, 005002, 005005, 005001, 005000]
2377	5	005006	005000	86	13.0	4.0	0,913	true	[005006, 005002, 005005, 005001, 005003, 005004, 005000]
2378	5	005006	005000	87	13.0	4.0	0,903	true	[005006, 005002, 005005, 005001, 005004, 005000]
2379	5	005006	005000	88	26.0	4.0	0,922	true	[005006, 005003, 005001, 005000]
2380	5	005006	005000	89	26.0	4.0	0,885	true	[005006, 005003, 005001, 005004, 005000]
2381	5	005006	005000	90	18.0	3.0	0,894	true	[005006, 005003, 005002, 005001, 005000]
2382	5	005006	005000	91	18.0	3.0	0,858	true	[005006, 005003, 005002, 005001, 005004, 005000]
2383	5	005006	005000	92	13.0	4.0	0,912	true	[005006, 005003, 005002, 005005, 005001, 005000]
2384	5	005006	005000	93	13.0	4.0	0,875	true	[005006, 005003, 005002, 005005, 005001, 005004, 005000]
2385	5	005006	005000	94	19.0	4.0	0,970	true	[005006, 005003, 005004, 005000]
2386	5	005006	005000	95	19.0	4.0	0,912	true	[005006, 005003, 005004, 005001, 005000]
2387	5	005006	005005	96	13.0	3.0	0,960	true	[005006, 005002, 005001, 005005]
2388	5	005006	005005	97	13.0	5.0	0,894	true	[005006, 005002, 005003, 005001, 005005]
2389	5	005006	005005	98	13.0	4.0	0,867	true	[005006, 005002, 005003, 005004, 005000, 005001, 005005]
2390	5	005006	005005	99	13.0	4.0	0,884	true	[005006, 005002, 005003, 005004, 005001, 005005]
2391	5	005006	005005	100	22.0	5.0	0,980	true	[005006, 005002, 005005]
2392	6	006004	006000	0	21.0	4.0	0,941	true	[006004, 006001, 006000]
2393	6	006004	006000	1	21.0	4.0	0,903	true	[006004, 006001, 006002, 006000]
2394	6	006004	006000	2	17.0	4.0	0,840	true	[006004, 006001, 006002, 006003, 006000]
2395	6	006004	006000	3	17.0	4.0	0,840	true	[006004, 006001, 006002, 006003, 006005, 006000]
2396	6	006004	006000	4	17.0	3.0	0,774	true	[006004, 006001, 006002, 006003, 006005, 006006, 006000]
2397	6	006004	006000	5	17.0	4.0	0,841	true	[006004, 006001, 006002, 006003, 006006, 006000]
2398	6	006004	006000	6	17.0	3.0	0,824	true	[006004, 006001, 006002, 006003, 006006, 006005, 006000]
2399	6	006004	006000	7	14.0	4.0	0,922	true	[006004, 006001, 006002, 006005, 006000]
2400	6	006004	006000	8	14.0	4.0	0,832	true	[006004, 006001, 006002, 006005, 006003, 006000]
2401	6	006004	006000	9	14.0	4.0	0,832	true	[006004, 006001, 006002, 006005, 006003, 006006, 006000]
2402	6	006004	006000	10	14.0	3.0	0,849	true	[006004, 006001, 006002, 006005, 006006, 006000]
2403	6	006004	006000	11	14.0	3.0	0,815	true	[006004, 006001, 006002, 006005, 006006, 006003, 006000]
2404	6	006004	006000	12	21.0	4.0	0,858	true	[006004, 006001, 006002, 006006, 006000]
2405	6	006004	006000	13	21.0	4.0	0,824	true	[006004, 006001, 006002, 006006, 006003, 006000]
2406	6	006004	006000	14	20.0	4.0	0,824	true	[006004, 006001, 006002, 006006, 006003, 006005, 006000]
2407	6	006004	006000	15	21.0	3.0	0,840	true	[006004, 006001, 006002, 006006, 006005, 006000]
2408	6	006004	006000	16	20.0	3.0	0,758	true	[006004, 006001, 006002, 006006, 006005, 006003, 006000]
2409	6	006004	006000	17	21.0	4.0	0,884	true	[006004, 006001, 006003, 006000]
2410	6	006004	006000	18	17.0	4.0	0,876	true	[006004, 006001, 006003, 006002, 006000]
2411	6	006004	006000	19	14.0	4.0	0,894	true	[006004, 006001, 006003, 006002, 006005, 006000]
2412	6	006004	006000	20	14.0	3.0	0,824	true	[006004, 006001, 006003, 006002, 006005, 006006, 006000]
2413	6	006004	006000	21	17.0	4.0	0,832	true	[006004, 006001, 006003, 006002, 006006, 006000]
2414	6	006004	006000	22	17.0	3.0	0,815	true	[006004, 006001, 006003, 006002, 006006, 006005, 006000]
2415	6	006004	006000	23	20.0	4.0	0,884	true	[006004, 006001, 006003, 006005, 006000]
2416	6	006004	006000	24	14.0	4.0	0,867	true	[006004, 006001, 006003, 006005, 006002, 006000]
2417	6	006004	006000	25	14.0	4.0	0,824	true	[006004, 006001, 006003, 006005, 006002, 006006, 006000]
2418	6	006004	006000	26	20.0	3.0	0,815	true	[006004, 006001, 006003, 006005, 006006, 006000]
2419	6	006004	006000	27	20.0	3.0	0,790	true	[006004, 006001, 006003, 006005, 006006, 006002, 006000]
2420	6	006004	006000	28	21.0	4.0	0,885	true	[006004, 006001, 006003, 006006, 006000]
2421	6	006004	006000	29	21.0	4.0	0,858	true	[006004, 006001, 006003, 006006, 006002, 006000]
2422	6	006004	006000	30	14.0	4.0	0,876	true	[006004, 006001, 006003, 006006, 006002, 006005, 006000]
2423	6	006004	006000	31	21.0	3.0	0,867	true	[006004, 006001, 006003, 006006, 006005, 006000]
2424	6	006004	006000	32	14.0	3.0	0,849	true	[006004, 006001, 006003, 006006, 006005, 006002, 006000]
2425	6	006004	006000	33	21.0	4.0	0,903	true	[006004, 006001, 006005, 006000]
2426	6	006004	006000	34	14.0	4.0	0,884	true	[006004, 006001, 006005, 006002, 006000]
2427	6	006004	006000	35	14.0	4.0	0,823	true	[006004, 006001, 006005, 006002, 006003, 006000]
2428	6	006004	006000	36	14.0	4.0	0,824	true	[006004, 006001, 006005, 006002, 006003, 006006, 006000]
2429	6	006004	006000	37	14.0	4.0	0,840	true	[006004, 006001, 006005, 006002, 006006, 006000]
2430	6	006004	006000	38	14.0	4.0	0,807	true	[006004, 006001, 006005, 006002, 006006, 006003, 006000]
2431	6	006004	006000	39	20.0	4.0	0,815	true	[006004, 006001, 006005, 006003, 006000]
2432	6	006004	006000	40	17.0	4.0	0,807	true	[006004, 006001, 006005, 006003, 006002, 006000]
2433	6	006004	006000	41	17.0	4.0	0,766	true	[006004, 006001, 006005, 006003, 006002, 006006, 006000]
2434	6	006004	006000	42	20.0	4.0	0,815	true	[006004, 006001, 006005, 006003, 006006, 006000]
2435	6	006004	006000	43	20.0	4.0	0,790	true	[006004, 006001, 006005, 006003, 006006, 006002, 006000]
2436	6	006004	006000	44	21.0	3.0	0,832	true	[006004, 006001, 006005, 006006, 006000]
2437	6	006004	006000	45	21.0	3.0	0,807	true	[006004, 006001, 006005, 006006, 006002, 006000]
2438	6	006004	006000	46	17.0	3.0	0,751	true	[006004, 006001, 006005, 006006, 006002, 006003, 006000]
2439	6	006004	006000	47	21.0	3.0	0,798	true	[006004, 006001, 006005, 006006, 006003, 006000]
2440	6	006004	006000	48	17.0	3.0	0,790	true	[006004, 006001, 006005, 006006, 006003, 006002, 006000]
2441	6	006004	006000	49	11.0	9.0	0,951	true	[006004, 006002, 006000]
2442	6	006004	006000	50	11.0	6.0	0,931	true	[006004, 006002, 006001, 006000]
2443	6	006004	006000	51	11.0	5.0	0,876	true	[006004, 006002, 006001, 006003, 006000]
2444	6	006004	006000	52	11.0	4.0	0,876	true	[006004, 006002, 006001, 006003, 006005, 006000]
2445	6	006004	006000	53	11.0	3.0	0,807	true	[006004, 006002, 006001, 006003, 006005, 006006, 006000]
2446	6	006004	006000	54	11.0	6.0	0,877	true	[006004, 006002, 006001, 006003, 006006, 006000]
2447	6	006004	006000	55	11.0	3.0	0,858	true	[006004, 006002, 006001, 006003, 006006, 006005, 006000]
2448	6	006004	006000	56	11.0	6.0	0,894	true	[006004, 006002, 006001, 006005, 006000]
2449	6	006004	006000	57	11.0	4.0	0,807	true	[006004, 006002, 006001, 006005, 006003, 006000]
2450	6	006004	006000	58	11.0	4.0	0,807	true	[006004, 006002, 006001, 006005, 006003, 006006, 006000]
2451	6	006004	006000	59	11.0	3.0	0,824	true	[006004, 006002, 006001, 006005, 006006, 006000]
2452	6	006004	006000	60	11.0	3.0	0,791	true	[006004, 006002, 006001, 006005, 006006, 006003, 006000]
2453	6	006004	006000	61	11.0	5.0	0,885	true	[006004, 006002, 006003, 006000]
2454	6	006004	006000	62	11.0	6.0	0,903	true	[006004, 006002, 006003, 006001, 006000]
2455	6	006004	006000	63	11.0	7.0	0,867	true	[006004, 006002, 006003, 006001, 006005, 006000]
2456	6	006004	006000	64	11.0	3.0	0,799	true	[006004, 006002, 006003, 006001, 006005, 006006, 006000]
2457	6	006004	006000	65	11.0	4.0	0,885	true	[006004, 006002, 006003, 006005, 006000]
2458	6	006004	006000	66	11.0	4.0	0,832	true	[006004, 006002, 006003, 006005, 006001, 006000]
2459	6	006004	006000	67	11.0	3.0	0,815	true	[006004, 006002, 006003, 006005, 006006, 006000]
2460	6	006004	006000	68	11.0	8.0	0,885	true	[006004, 006002, 006003, 006006, 006000]
2461	6	006004	006000	69	11.0	3.0	0,867	true	[006004, 006002, 006003, 006006, 006005, 006000]
2462	6	006004	006000	70	11.0	3.0	0,815	true	[006004, 006002, 006003, 006006, 006005, 006001, 006000]
2463	6	006004	006000	71	11.0	10.0	0,970	true	[006004, 006002, 006005, 006000]
2464	6	006004	006000	72	11.0	6.0	0,912	true	[006004, 006002, 006005, 006001, 006000]
2465	6	006004	006000	73	11.0	5.0	0,858	true	[006004, 006002, 006005, 006001, 006003, 006000]
2466	6	006004	006000	74	11.0	7.0	0,858	true	[006004, 006002, 006005, 006001, 006003, 006006, 006000]
2467	6	006004	006000	75	11.0	4.0	0,875	true	[006004, 006002, 006005, 006003, 006000]
2468	6	006004	006000	76	11.0	4.0	0,894	true	[006004, 006002, 006005, 006003, 006001, 006000]
2469	6	006004	006000	77	11.0	4.0	0,876	true	[006004, 006002, 006005, 006003, 006006, 006000]
2470	6	006004	006000	78	11.0	3.0	0,894	true	[006004, 006002, 006005, 006006, 006000]
2471	6	006004	006000	79	11.0	3.0	0,858	true	[006004, 006002, 006005, 006006, 006003, 006000]
2472	6	006004	006000	80	11.0	3.0	0,876	true	[006004, 006002, 006005, 006006, 006003, 006001, 006000]
2473	6	006004	006000	81	11.0	8.0	0,903	true	[006004, 006002, 006006, 006000]
2474	6	006004	006000	82	11.0	5.0	0,867	true	[006004, 006002, 006006, 006003, 006000]
2475	6	006004	006000	83	11.0	6.0	0,885	true	[006004, 006002, 006006, 006003, 006001, 006000]
2476	6	006004	006000	84	11.0	7.0	0,850	true	[006004, 006002, 006006, 006003, 006001, 006005, 006000]
2477	6	006004	006000	85	11.0	4.0	0,867	true	[006004, 006002, 006006, 006003, 006005, 006000]
2478	6	006004	006000	86	11.0	4.0	0,815	true	[006004, 006002, 006006, 006003, 006005, 006001, 006000]
2479	6	006004	006000	87	11.0	3.0	0,885	true	[006004, 006002, 006006, 006005, 006000]
2480	6	006004	006000	88	11.0	3.0	0,832	true	[006004, 006002, 006006, 006005, 006001, 006000]
2481	6	006004	006000	89	11.0	3.0	0,782	true	[006004, 006002, 006006, 006005, 006001, 006003, 006000]
2482	6	006004	006000	90	11.0	3.0	0,798	true	[006004, 006002, 006006, 006005, 006003, 006000]
2483	6	006004	006000	91	11.0	3.0	0,815	true	[006004, 006002, 006006, 006005, 006003, 006001, 006000]
2484	6	006004	006000	92	51.0	5.0	0,912	true	[006004, 006003, 006000]
2485	6	006004	006000	93	21.0	6.0	0,931	true	[006004, 006003, 006001, 006000]
2486	6	006004	006000	94	22.0	6.0	0,894	true	[006004, 006003, 006001, 006002, 006000]
2487	6	006004	006000	95	14.0	6.0	0,913	true	[006004, 006003, 006001, 006002, 006005, 006000]
2488	6	006004	006000	96	14.0	3.0	0,841	true	[006004, 006003, 006001, 006002, 006005, 006006, 006000]
2489	6	006004	006000	97	21.0	6.0	0,850	true	[006004, 006003, 006001, 006002, 006006, 006000]
2490	6	006004	006000	98	22.0	3.0	0,832	true	[006004, 006003, 006001, 006002, 006006, 006005, 006000]
2491	6	006004	006000	99	38.0	7.0	0,894	true	[006004, 006003, 006001, 006005, 006000]
2492	6	006004	006000	100	14.0	7.0	0,876	true	[006004, 006003, 006001, 006005, 006002, 006000]
2493	7	007000	007006	0	17.0	3.0	0,807	true	[007000, 007001, 007002, 007003, 007004, 007005, 007006]
2494	7	007000	007006	1	21.0	3.0	0,858	true	[007000, 007001, 007002, 007003, 007004, 007006]
2495	7	007000	007006	2	17.0	3.0	0,876	true	[007000, 007001, 007002, 007005, 007004, 007006]
2496	7	007000	007006	3	26.0	4.0	0,894	true	[007000, 007001, 007002, 007005, 007006]
2497	7	007000	007006	4	21.0	6.0	0,884	true	[007000, 007001, 007002, 007006]
2498	7	007000	007006	5	21.0	3.0	0,867	true	[007000, 007001, 007005, 007002, 007003, 007004, 007006]
2499	7	007000	007006	6	21.0	3.0	0,893	true	[007000, 007001, 007005, 007002, 007006]
2500	7	007000	007006	7	17.0	3.0	0,807	true	[007000, 007001, 007005, 007004, 007003, 007002, 007006]
2501	7	007000	007006	8	17.0	3.0	0,885	true	[007000, 007001, 007005, 007004, 007006]
2502	7	007000	007006	9	44.0	3.0	0,903	true	[007000, 007001, 007005, 007006]
2503	7	007000	007006	10	42.0	4.0	0,903	true	[007000, 007001, 007006]
2504	7	007000	007006	11	17.0	3.0	0,885	true	[007000, 007002, 007001, 007005, 007004, 007006]
2505	7	007000	007006	12	26.0	3.0	0,903	true	[007000, 007002, 007001, 007005, 007006]
2506	7	007000	007006	13	26.0	4.0	0,903	true	[007000, 007002, 007001, 007006]
2507	7	007000	007006	14	17.0	3.0	0,824	true	[007000, 007002, 007003, 007004, 007005, 007001, 007006]
2508	7	007000	007006	15	17.0	3.0	0,841	true	[007000, 007002, 007003, 007004, 007005, 007006]
2509	7	007000	007006	16	21.0	3.0	0,894	true	[007000, 007002, 007003, 007004, 007006]
2510	7	007000	007006	17	28.0	3.0	0,912	true	[007000, 007002, 007005, 007001, 007006]
2511	7	007000	007006	18	17.0	3.0	0,913	true	[007000, 007002, 007005, 007004, 007006]
2512	7	007000	007006	19	28.0	4.0	0,931	true	[007000, 007002, 007005, 007006]
2513	7	007000	007006	20	21.0	5.0	0,922	true	[007000, 007002, 007006]
2514	7	007000	007006	21	17.0	3.0	0,850	true	[007000, 007003, 007002, 007001, 007005, 007004, 007006]
2515	7	007000	007006	22	26.0	3.0	0,867	true	[007000, 007003, 007002, 007001, 007005, 007006]
2516	7	007000	007006	23	26.0	4.0	0,867	true	[007000, 007003, 007002, 007001, 007006]
2517	7	007000	007006	24	39.0	3.0	0,876	true	[007000, 007003, 007002, 007005, 007001, 007006]
2518	7	007000	007006	25	17.0	3.0	0,876	true	[007000, 007003, 007002, 007005, 007004, 007006]
2519	7	007000	007006	26	39.0	4.0	0,894	true	[007000, 007003, 007002, 007005, 007006]
2520	7	007000	007006	27	21.0	7.0	0,885	true	[007000, 007003, 007002, 007006]
2521	7	007000	007006	28	17.0	3.0	0,824	true	[007000, 007003, 007004, 007005, 007001, 007002, 007006]
2522	7	007000	007006	29	17.0	3.0	0,841	true	[007000, 007003, 007004, 007005, 007001, 007006]
2523	7	007000	007006	30	17.0	3.0	0,832	true	[007000, 007003, 007004, 007005, 007002, 007001, 007006]
2524	7	007000	007006	31	17.0	3.0	0,849	true	[007000, 007003, 007004, 007005, 007002, 007006]
2525	7	007000	007006	32	17.0	3.0	0,858	true	[007000, 007003, 007004, 007005, 007006]
2526	7	007000	007006	33	21.0	3.0	0,913	true	[007000, 007003, 007004, 007006]
2527	7	007000	007006	34	18.0	3.0	0,833	true	[007000, 007004, 007003, 007002, 007001, 007005, 007006]
2528	7	007000	007006	35	18.0	3.0	0,832	true	[007000, 007004, 007003, 007002, 007001, 007006]
2529	7	007000	007006	36	18.0	3.0	0,841	true	[007000, 007004, 007003, 007002, 007005, 007001, 007006]
2530	7	007000	007006	37	18.0	3.0	0,858	true	[007000, 007004, 007003, 007002, 007005, 007006]
2531	7	007000	007006	38	18.0	3.0	0,849	true	[007000, 007004, 007003, 007002, 007006]
2532	7	007000	007006	39	17.0	3.0	0,841	true	[007000, 007004, 007005, 007001, 007002, 007006]
2533	7	007000	007006	40	17.0	3.0	0,858	true	[007000, 007004, 007005, 007001, 007006]
2534	7	007000	007006	41	17.0	4.0	0,849	true	[007000, 007004, 007005, 007002, 007001, 007006]
2535	7	007000	007006	42	17.0	4.0	0,866	true	[007000, 007004, 007005, 007002, 007006]
2536	7	007000	007006	43	17.0	5.0	0,876	true	[007000, 007004, 007005, 007006]
2537	7	007000	007006	44	18.0	3.0	0,931	true	[007000, 007004, 007006]
2538	7	007000	007006	45	21.0	3.0	0,886	true	[007000, 007005, 007001, 007002, 007003, 007004, 007006]
2539	7	007000	007006	46	21.0	3.0	0,912	true	[007000, 007005, 007001, 007002, 007006]
2540	7	007000	007006	47	32.0	3.0	0,931	true	[007000, 007005, 007001, 007006]
2541	7	007000	007006	48	26.0	4.0	0,922	true	[007000, 007005, 007002, 007001, 007006]
2542	7	007000	007006	49	21.0	3.0	0,913	true	[007000, 007005, 007002, 007003, 007004, 007006]
2543	7	007000	007006	50	21.0	4.0	0,941	true	[007000, 007005, 007002, 007006]
2544	7	007000	007006	51	17.0	3.0	0,833	true	[007000, 007005, 007004, 007003, 007002, 007001, 007006]
2545	7	007000	007006	52	17.0	3.0	0,850	true	[007000, 007005, 007004, 007003, 007002, 007006]
2546	7	007000	007006	53	17.0	3.0	0,931	true	[007000, 007005, 007004, 007006]
2547	7	007000	007006	54	32.0	7.0	0,950	true	[007000, 007005, 007006]
2548	7	007000	007004	55	21.0	3.0	0,876	true	[007000, 007001, 007002, 007003, 007004]
2549	7	007000	007004	56	17.0	4.0	0,894	true	[007000, 007001, 007002, 007005, 007004]
2550	7	007000	007004	57	26.0	3.0	0,876	true	[007000, 007001, 007002, 007005, 007006, 007004]
2551	7	007000	007004	58	21.0	3.0	0,867	true	[007000, 007001, 007002, 007006, 007004]
2552	7	007000	007004	59	17.0	5.0	0,815	true	[007000, 007001, 007002, 007006, 007005, 007004]
2553	7	007000	007004	60	21.0	3.0	0,885	true	[007000, 007001, 007005, 007002, 007003, 007004]
2554	7	007000	007004	61	21.0	3.0	0,876	true	[007000, 007001, 007005, 007002, 007006, 007004]
2555	7	007000	007004	62	17.0	3.0	0,903	true	[007000, 007001, 007005, 007004]
2556	7	007000	007004	63	21.0	3.0	0,807	true	[007000, 007001, 007005, 007006, 007002, 007003, 007004]
2557	7	007000	007004	64	44.0	3.0	0,885	true	[007000, 007001, 007005, 007006, 007004]
2558	7	007000	007004	65	21.0	3.0	0,807	true	[007000, 007001, 007006, 007002, 007003, 007004]
2559	7	007000	007004	66	17.0	4.0	0,823	true	[007000, 007001, 007006, 007002, 007005, 007004]
2560	7	007000	007004	67	42.0	3.0	0,884	true	[007000, 007001, 007006, 007004]
2561	7	007000	007004	68	21.0	3.0	0,815	true	[007000, 007001, 007006, 007005, 007002, 007003, 007004]
2562	7	007000	007004	69	17.0	4.0	0,832	true	[007000, 007001, 007006, 007005, 007004]
2563	7	007000	007004	70	17.0	3.0	0,903	true	[007000, 007002, 007001, 007005, 007004]
2564	7	007000	007004	71	26.0	3.0	0,885	true	[007000, 007002, 007001, 007005, 007006, 007004]
2565	7	007000	007004	72	26.0	3.0	0,885	true	[007000, 007002, 007001, 007006, 007004]
2566	7	007000	007004	73	17.0	4.0	0,832	true	[007000, 007002, 007001, 007006, 007005, 007004]
2567	7	007000	007004	74	21.0	3.0	0,913	true	[007000, 007002, 007003, 007004]
2568	7	007000	007004	75	28.0	3.0	0,894	true	[007000, 007002, 007005, 007001, 007006, 007004]
2569	7	007000	007004	76	17.0	4.0	0,931	true	[007000, 007002, 007005, 007004]
2570	7	007000	007004	77	28.0	3.0	0,913	true	[007000, 007002, 007005, 007006, 007004]
2571	7	007000	007004	78	17.0	3.0	0,832	true	[007000, 007002, 007006, 007001, 007005, 007004]
2572	7	007000	007004	79	21.0	3.0	0,903	true	[007000, 007002, 007006, 007004]
2573	7	007000	007004	80	17.0	5.0	0,849	true	[007000, 007002, 007006, 007005, 007004]
2574	7	007000	007004	81	17.0	3.0	0,867	true	[007000, 007003, 007002, 007001, 007005, 007004]
2575	7	007000	007004	82	26.0	3.0	0,850	true	[007000, 007003, 007002, 007001, 007005, 007006, 007004]
2576	7	007000	007004	83	26.0	3.0	0,850	true	[007000, 007003, 007002, 007001, 007006, 007004]
2577	7	007000	007004	84	17.0	4.0	0,799	true	[007000, 007003, 007002, 007001, 007006, 007005, 007004]
2578	7	007000	007004	85	39.0	3.0	0,858	true	[007000, 007003, 007002, 007005, 007001, 007006, 007004]
2579	7	007000	007004	86	17.0	4.0	0,894	true	[007000, 007003, 007002, 007005, 007004]
2580	7	007000	007004	87	39.0	3.0	0,876	true	[007000, 007003, 007002, 007005, 007006, 007004]
2581	7	007000	007004	88	17.0	3.0	0,799	true	[007000, 007003, 007002, 007006, 007001, 007005, 007004]
2582	7	007000	007004	89	21.0	3.0	0,867	true	[007000, 007003, 007002, 007006, 007004]
2583	7	007000	007004	90	17.0	5.0	0,815	true	[007000, 007003, 007002, 007006, 007005, 007004]
2584	7	007000	007004	91	21.0	3.0	0,931	true	[007000, 007003, 007004]
2585	7	007000	007004	92	18.0	7.0	0,950	true	[007000, 007004]
2586	7	007000	007004	93	21.0	3.0	0,904	true	[007000, 007005, 007001, 007002, 007003, 007004]
2587	7	007000	007004	94	21.0	3.0	0,894	true	[007000, 007005, 007001, 007002, 007006, 007004]
2588	7	007000	007004	95	21.0	3.0	0,832	true	[007000, 007005, 007001, 007006, 007002, 007003, 007004]
2589	7	007000	007004	96	32.0	3.0	0,912	true	[007000, 007005, 007001, 007006, 007004]
2590	7	007000	007004	97	26.0	3.0	0,903	true	[007000, 007005, 007002, 007001, 007006, 007004]
2591	7	007000	007004	98	21.0	3.0	0,931	true	[007000, 007005, 007002, 007003, 007004]
2592	7	007000	007004	99	21.0	3.0	0,922	true	[007000, 007005, 007002, 007006, 007004]
2593	7	007000	007004	100	17.0	5.0	0,950	true	[007000, 007005, 007004]
2594	8	008005	008004	0	7.0	5.0	0,885	true	[008005, 008001, 008000, 008002, 008004]
2595	8	008005	008004	1	15.0	5.0	0,894	true	[008005, 008001, 008000, 008004]
2596	8	008005	008004	2	15.0	5.0	0,858	true	[008005, 008001, 008000, 008006, 008002, 008004]
2597	8	008005	008004	3	15.0	5.0	0,841	true	[008005, 008001, 008000, 008006, 008003, 008002, 008004]
2598	8	008005	008004	4	7.0	3.0	0,841	true	[008005, 008001, 008003, 008002, 008000, 008004]
2599	8	008005	008004	5	15.0	3.0	0,904	true	[008005, 008001, 008003, 008002, 008004]
2600	8	008005	008004	6	15.0	3.0	0,816	true	[008005, 008001, 008003, 008002, 008006, 008000, 008004]
2601	8	008005	008004	7	7.0	3.0	0,841	true	[008005, 008001, 008003, 008006, 008000, 008002, 008004]
2602	8	008005	008004	8	15.0	3.0	0,849	true	[008005, 008001, 008003, 008006, 008000, 008004]
2603	8	008005	008004	9	7.0	3.0	0,841	true	[008005, 008001, 008003, 008006, 008002, 008000, 008004]
2604	8	008005	008004	10	15.0	3.0	0,904	true	[008005, 008001, 008003, 008006, 008002, 008004]
2605	8	008005	008004	11	5.0	5.0	0,931	true	[008005, 008001, 008004]
2606	8	008005	008004	12	7.0	4.0	0,824	true	[008005, 008001, 008006, 008000, 008002, 008004]
2607	8	008005	008004	13	15.0	4.0	0,832	true	[008005, 008001, 008006, 008000, 008004]
2608	8	008005	008004	14	7.0	4.0	0,824	true	[008005, 008001, 008006, 008002, 008000, 008004]
2609	8	008005	008004	15	15.0	4.0	0,885	true	[008005, 008001, 008006, 008002, 008004]
2610	8	008005	008004	16	7.0	4.0	0,807	true	[008005, 008001, 008006, 008003, 008002, 008000, 008004]
2611	8	008005	008004	17	15.0	4.0	0,867	true	[008005, 008001, 008006, 008003, 008002, 008004]
2612	8	008005	008004	18	5.0	5.0	0,858	true	[008005, 008002, 008000, 008001, 008004]
2613	8	008005	008004	19	7.0	5.0	0,876	true	[008005, 008002, 008000, 008004]
2614	8	008005	008004	20	5.0	4.0	0,798	true	[008005, 008002, 008000, 008006, 008001, 008004]
2615	8	008005	008004	21	5.0	3.0	0,815	true	[008005, 008002, 008000, 008006, 008003, 008001, 008004]
2616	8	008005	008004	22	19.0	3.0	0,841	true	[008005, 008002, 008003, 008001, 008000, 008004]
2617	8	008005	008004	23	5.0	3.0	0,876	true	[008005, 008002, 008003, 008001, 008004]
2618	8	008005	008004	24	19.0	3.0	0,782	true	[008005, 008002, 008003, 008001, 008006, 008000, 008004]
2619	8	008005	008004	25	5.0	5.0	0,816	true	[008005, 008002, 008003, 008006, 008000, 008001, 008004]
2620	8	008005	008004	26	19.0	5.0	0,832	true	[008005, 008002, 008003, 008006, 008000, 008004]
2621	8	008005	008004	27	19.0	4.0	0,807	true	[008005, 008002, 008003, 008006, 008001, 008000, 008004]
2622	8	008005	008004	28	5.0	4.0	0,841	true	[008005, 008002, 008003, 008006, 008001, 008004]
2623	8	008005	008004	29	16.0	8.0	0,941	true	[008005, 008002, 008004]
2624	8	008005	008004	30	5.0	5.0	0,832	true	[008005, 008002, 008006, 008000, 008001, 008004]
2625	8	008005	008004	31	19.0	6.0	0,849	true	[008005, 008002, 008006, 008000, 008004]
2626	8	008005	008004	32	19.0	4.0	0,824	true	[008005, 008002, 008006, 008001, 008000, 008004]
2627	8	008005	008004	33	5.0	4.0	0,858	true	[008005, 008002, 008006, 008001, 008004]
2628	8	008005	008004	34	19.0	3.0	0,841	true	[008005, 008002, 008006, 008003, 008001, 008000, 008004]
2629	8	008005	008004	35	5.0	3.0	0,876	true	[008005, 008002, 008006, 008003, 008001, 008004]
2630	8	008005	008004	36	7.0	3.0	0,885	true	[008005, 008003, 008001, 008000, 008002, 008004]
2631	8	008005	008004	37	28.0	3.0	0,894	true	[008005, 008003, 008001, 008000, 008004]
2632	8	008005	008004	38	16.0	3.0	0,859	true	[008005, 008003, 008001, 008000, 008006, 008002, 008004]
2633	8	008005	008004	39	5.0	3.0	0,931	true	[008005, 008003, 008001, 008004]
2634	8	008005	008004	40	7.0	3.0	0,824	true	[008005, 008003, 008001, 008006, 008000, 008002, 008004]
2635	8	008005	008004	41	22.0	3.0	0,832	true	[008005, 008003, 008001, 008006, 008000, 008004]
2636	8	008005	008004	42	7.0	3.0	0,824	true	[008005, 008003, 008001, 008006, 008002, 008000, 008004]
2637	8	008005	008004	43	16.0	3.0	0,885	true	[008005, 008003, 008001, 008006, 008002, 008004]
2638	8	008005	008004	44	5.0	5.0	0,858	true	[008005, 008003, 008002, 008000, 008001, 008004]
2639	8	008005	008004	45	7.0	5.0	0,876	true	[008005, 008003, 008002, 008000, 008004]
2640	8	008005	008004	46	5.0	4.0	0,799	true	[008005, 008003, 008002, 008000, 008006, 008001, 008004]
2641	8	008005	008004	47	16.0	5.0	0,941	true	[008005, 008003, 008002, 008004]
2642	8	008005	008004	48	5.0	5.0	0,833	true	[008005, 008003, 008002, 008006, 008000, 008001, 008004]
2643	8	008005	008004	49	22.0	5.0	0,849	true	[008005, 008003, 008002, 008006, 008000, 008004]
2644	8	008005	008004	50	28.0	4.0	0,824	true	[008005, 008003, 008002, 008006, 008001, 008000, 008004]
2645	8	008005	008004	51	5.0	4.0	0,858	true	[008005, 008003, 008002, 008006, 008001, 008004]
2646	8	008005	008004	52	5.0	5.0	0,867	true	[008005, 008003, 008006, 008000, 008001, 008004]
2647	8	008005	008004	53	7.0	5.0	0,876	true	[008005, 008003, 008006, 008000, 008002, 008004]
2648	8	008005	008004	54	22.0	6.0	0,885	true	[008005, 008003, 008006, 008000, 008004]
2649	8	008005	008004	55	7.0	4.0	0,850	true	[008005, 008003, 008006, 008001, 008000, 008002, 008004]
2650	8	008005	008004	56	28.0	4.0	0,858	true	[008005, 008003, 008006, 008001, 008000, 008004]
2651	8	008005	008004	57	5.0	4.0	0,894	true	[008005, 008003, 008006, 008001, 008004]
2652	8	008005	008004	58	5.0	5.0	0,859	true	[008005, 008003, 008006, 008002, 008000, 008001, 008004]
2653	8	008005	008004	59	7.0	5.0	0,876	true	[008005, 008003, 008006, 008002, 008000, 008004]
2654	8	008005	008004	60	16.0	6.0	0,941	true	[008005, 008003, 008006, 008002, 008004]
2655	8	008005	008004	61	43.0	9.0	0,960	true	[008005, 008004]
2656	8	008005	008006	62	7.0	5.0	0,867	true	[008005, 008001, 008000, 008002, 008003, 008006]
2657	8	008005	008006	63	7.0	5.0	0,885	true	[008005, 008001, 008000, 008002, 008006]
2658	8	008005	008006	64	15.0	5.0	0,841	true	[008005, 008001, 008000, 008004, 008002, 008003, 008006]
2659	8	008005	008006	65	15.0	5.0	0,858	true	[008005, 008001, 008000, 008004, 008002, 008006]
2660	8	008005	008006	66	15.0	5.0	0,894	true	[008005, 008001, 008000, 008006]
2661	8	008005	008006	67	7.0	3.0	0,841	true	[008005, 008001, 008003, 008002, 008000, 008006]
2662	8	008005	008006	68	15.0	3.0	0,816	true	[008005, 008001, 008003, 008002, 008004, 008000, 008006]
2663	8	008005	008006	69	15.0	3.0	0,904	true	[008005, 008001, 008003, 008002, 008006]
2664	8	008005	008006	70	15.0	3.0	0,941	true	[008005, 008001, 008003, 008006]
2665	8	008005	008006	71	5.0	5.0	0,816	true	[008005, 008001, 008004, 008000, 008002, 008003, 008006]
2666	8	008005	008006	72	5.0	5.0	0,832	true	[008005, 008001, 008004, 008000, 008002, 008006]
2667	8	008005	008006	73	5.0	5.0	0,840	true	[008005, 008001, 008004, 008000, 008006]
2668	8	008005	008006	74	5.0	5.0	0,832	true	[008005, 008001, 008004, 008002, 008000, 008006]
2669	8	008005	008006	75	5.0	5.0	0,876	true	[008005, 008001, 008004, 008002, 008003, 008006]
2670	8	008005	008006	76	5.0	5.0	0,894	true	[008005, 008001, 008004, 008002, 008006]
2671	8	008005	008006	77	15.0	4.0	0,922	true	[008005, 008001, 008006]
2672	8	008005	008006	78	7.0	3.0	0,867	true	[008005, 008002, 008000, 008001, 008003, 008006]
2673	8	008005	008006	79	7.0	4.0	0,849	true	[008005, 008002, 008000, 008001, 008006]
2674	8	008005	008006	80	5.0	3.0	0,815	true	[008005, 008002, 008000, 008004, 008001, 008003, 008006]
2675	8	008005	008006	81	5.0	4.0	0,798	true	[008005, 008002, 008000, 008004, 008001, 008006]
2676	8	008005	008006	82	7.0	5.0	0,876	true	[008005, 008002, 008000, 008006]
2677	8	008005	008006	83	19.0	3.0	0,841	true	[008005, 008002, 008003, 008001, 008000, 008006]
2678	8	008005	008006	84	5.0	3.0	0,791	true	[008005, 008002, 008003, 008001, 008004, 008000, 008006]
2679	8	008005	008006	85	19.0	3.0	0,867	true	[008005, 008002, 008003, 008001, 008006]
2680	8	008005	008006	86	19.0	5.0	0,922	true	[008005, 008002, 008003, 008006]
2681	8	008005	008006	87	16.0	3.0	0,841	true	[008005, 008002, 008004, 008000, 008001, 008003, 008006]
2682	8	008005	008006	88	16.0	4.0	0,824	true	[008005, 008002, 008004, 008000, 008001, 008006]
2683	8	008005	008006	89	16.0	6.0	0,849	true	[008005, 008002, 008004, 008000, 008006]
2684	8	008005	008006	90	5.0	5.0	0,832	true	[008005, 008002, 008004, 008001, 008000, 008006]
2685	8	008005	008006	91	5.0	3.0	0,876	true	[008005, 008002, 008004, 008001, 008003, 008006]
2686	8	008005	008006	92	5.0	4.0	0,858	true	[008005, 008002, 008004, 008001, 008006]
2687	8	008005	008006	93	19.0	7.0	0,941	true	[008005, 008002, 008006]
2688	8	008005	008006	94	7.0	3.0	0,885	true	[008005, 008003, 008001, 008000, 008002, 008006]
2689	8	008005	008006	95	16.0	3.0	0,859	true	[008005, 008003, 008001, 008000, 008004, 008002, 008006]
2690	8	008005	008006	96	22.0	3.0	0,894	true	[008005, 008003, 008001, 008000, 008006]
2691	8	008005	008006	97	5.0	3.0	0,832	true	[008005, 008003, 008001, 008004, 008000, 008002, 008006]
2692	8	008005	008006	98	5.0	3.0	0,841	true	[008005, 008003, 008001, 008004, 008000, 008006]
2693	8	008005	008006	99	5.0	3.0	0,832	true	[008005, 008003, 008001, 008004, 008002, 008000, 008006]
2694	8	008005	008006	100	5.0	3.0	0,895	true	[008005, 008003, 008001, 008004, 008002, 008006]
2695	8	008005	008006	101	28.0	3.0	0,922	true	[008005, 008003, 008001, 008006]
2696	8	008005	008006	102	28.0	6.0	0,980	true	[008005, 008003, 008006]
2697	9	009004	009000	0	54.0	7.0	0,960	true	[009004, 009000]
2698	9	009004	009000	1	6.0	3.0	0,980	true	[009004, 009001, 009003, 009000]
2699	9	009004	009000	2	6.0	3.0	0,931	true	[009004, 009001, 009003, 009002, 009000]
2700	9	009004	009000	3	6.0	3.0	0,867	true	[009004, 009001, 009003, 009002, 009005, 009006, 009000]
2701	9	009004	009000	4	6.0	3.0	0,922	true	[009004, 009001, 009003, 009005, 009002, 009000]
2702	9	009004	009000	5	6.0	3.0	0,894	true	[009004, 009001, 009003, 009005, 009006, 009000]
2703	9	009004	009000	6	6.0	3.0	0,950	true	[009004, 009001, 009003, 009006, 009000]
2704	9	009004	009000	7	6.0	3.0	0,885	true	[009004, 009001, 009003, 009006, 009005, 009002, 009000]
2705	9	009004	009000	8	6.0	3.0	0,913	true	[009004, 009001, 009005, 009002, 009000]
2706	9	009004	009000	9	6.0	3.0	0,922	true	[009004, 009001, 009005, 009002, 009003, 009000]
2707	9	009004	009000	10	6.0	3.0	0,894	true	[009004, 009001, 009005, 009002, 009003, 009006, 009000]
2708	9	009004	009000	11	6.0	3.0	0,951	true	[009004, 009001, 009005, 009003, 009000]
2709	9	009004	009000	12	6.0	3.0	0,903	true	[009004, 009001, 009005, 009003, 009002, 009000]
2710	9	009004	009000	13	6.0	3.0	0,922	true	[009004, 009001, 009005, 009003, 009006, 009000]
2711	9	009004	009000	14	6.0	3.0	0,885	true	[009004, 009001, 009005, 009006, 009000]
2712	9	009004	009000	15	6.0	3.0	0,912	true	[009004, 009001, 009005, 009006, 009003, 009000]
2713	9	009004	009000	16	6.0	3.0	0,867	true	[009004, 009001, 009005, 009006, 009003, 009002, 009000]
2714	9	009004	009000	17	6.0	3.0	0,941	true	[009004, 009001, 009006, 009000]
2715	9	009004	009000	18	6.0	3.0	0,970	true	[009004, 009001, 009006, 009003, 009000]
2716	9	009004	009000	19	6.0	3.0	0,922	true	[009004, 009001, 009006, 009003, 009002, 009000]
2717	9	009004	009000	20	6.0	3.0	0,913	true	[009004, 009001, 009006, 009003, 009005, 009002, 009000]
2718	9	009004	009000	21	6.0	3.0	0,876	true	[009004, 009001, 009006, 009005, 009002, 009000]
2719	9	009004	009000	22	6.0	3.0	0,885	true	[009004, 009001, 009006, 009005, 009002, 009003, 009000]
2720	9	009004	009000	23	6.0	3.0	0,912	true	[009004, 009001, 009006, 009005, 009003, 009000]
2721	9	009004	009000	24	6.0	3.0	0,867	true	[009004, 009001, 009006, 009005, 009003, 009002, 009000]
2722	9	009004	009005	25	27.0	3.0	0,867	true	[009004, 009000, 009002, 009003, 009001, 009005]
2723	9	009004	009005	26	27.0	3.0	0,832	true	[009004, 009000, 009002, 009003, 009001, 009006, 009005]
2724	9	009004	009005	27	18.0	4.0	0,894	true	[009004, 009000, 009002, 009003, 009005]
2725	9	009004	009005	28	27.0	4.0	0,859	true	[009004, 009000, 009002, 009003, 009006, 009001, 009005]
2726	9	009004	009005	29	27.0	5.0	0,858	true	[009004, 009000, 009002, 009003, 009006, 009005]
2727	9	009004	009005	30	27.0	3.0	0,903	true	[009004, 009000, 009002, 009005]
2728	9	009004	009005	31	34.0	3.0	0,913	true	[009004, 009000, 009003, 009001, 009005]
2729	9	009004	009005	32	35.0	3.0	0,876	true	[009004, 009000, 009003, 009001, 009006, 009005]
2730	9	009004	009005	33	35.0	3.0	0,913	true	[009004, 009000, 009003, 009002, 009005]
2731	9	009004	009005	34	18.0	4.0	0,941	true	[009004, 009000, 009003, 009005]
2732	9	009004	009005	35	28.0	4.0	0,903	true	[009004, 009000, 009003, 009006, 009001, 009005]
2733	9	009004	009005	36	28.0	6.0	0,903	true	[009004, 009000, 009003, 009006, 009005]
2734	9	009004	009005	37	37.0	3.0	0,859	true	[009004, 009000, 009006, 009001, 009003, 009002, 009005]
2735	9	009004	009005	38	18.0	3.0	0,885	true	[009004, 009000, 009006, 009001, 009003, 009005]
2736	9	009004	009005	39	34.0	3.0	0,876	true	[009004, 009000, 009006, 009001, 009005]
2737	9	009004	009005	40	28.0	3.0	0,885	true	[009004, 009000, 009006, 009003, 009001, 009005]
2738	9	009004	009005	41	28.0	3.0	0,885	true	[009004, 009000, 009006, 009003, 009002, 009005]
2739	9	009004	009005	42	18.0	3.0	0,912	true	[009004, 009000, 009006, 009003, 009005]
2740	9	009004	009005	43	43.0	3.0	0,876	true	[009004, 009000, 009006, 009005]
2741	9	009004	009005	44	6.0	3.0	0,922	true	[009004, 009001, 009003, 009000, 009002, 009005]
2742	9	009004	009005	45	6.0	3.0	0,894	true	[009004, 009001, 009003, 009000, 009006, 009005]
2743	9	009004	009005	46	6.0	3.0	0,849	true	[009004, 009001, 009003, 009002, 009000, 009006, 009005]
2744	9	009004	009005	47	6.0	3.0	0,951	true	[009004, 009001, 009003, 009002, 009005]
2745	9	009004	009005	48	6.0	3.0	0,980	true	[009004, 009001, 009003, 009005]
2746	9	009004	009005	49	6.0	3.0	0,894	true	[009004, 009001, 009003, 009006, 009000, 009002, 009005]
2747	9	009004	009005	50	6.0	3.0	0,941	true	[009004, 009001, 009003, 009006, 009005]
2748	9	009004	009005	51	6.0	3.0	0,970	true	[009004, 009001, 009005]
2749	9	009004	009005	52	6.0	3.0	0,876	true	[009004, 009001, 009006, 009000, 009002, 009003, 009005]
2750	9	009004	009005	53	6.0	3.0	0,885	true	[009004, 009001, 009006, 009000, 009002, 009005]
2751	9	009004	009005	54	6.0	3.0	0,895	true	[009004, 009001, 009006, 009000, 009003, 009002, 009005]
2752	9	009004	009005	55	6.0	3.0	0,922	true	[009004, 009001, 009006, 009000, 009003, 009005]
2753	9	009004	009005	56	6.0	3.0	0,913	true	[009004, 009001, 009006, 009003, 009000, 009002, 009005]
2754	9	009004	009005	57	6.0	3.0	0,941	true	[009004, 009001, 009006, 009003, 009002, 009005]
2755	9	009004	009005	58	6.0	3.0	0,970	true	[009004, 009001, 009006, 009003, 009005]
2756	9	009004	009005	59	6.0	3.0	0,931	true	[009004, 009001, 009006, 009005]
2757	9	009000	009005	60	27.0	3.0	0,903	true	[009000, 009002, 009003, 009001, 009005]
2758	9	009000	009005	61	27.0	3.0	0,867	true	[009000, 009002, 009003, 009001, 009006, 009005]
2759	9	009000	009005	62	18.0	4.0	0,931	true	[009000, 009002, 009003, 009005]
2760	9	009000	009005	63	27.0	4.0	0,894	true	[009000, 009002, 009003, 009006, 009001, 009005]
2761	9	009000	009005	64	27.0	5.0	0,894	true	[009000, 009002, 009003, 009006, 009005]
2762	9	009000	009005	65	27.0	3.0	0,941	true	[009000, 009002, 009005]
2763	9	009000	009005	66	34.0	3.0	0,951	true	[009000, 009003, 009001, 009005]
2764	9	009000	009005	67	35.0	3.0	0,912	true	[009000, 009003, 009001, 009006, 009005]
2765	9	009000	009005	68	35.0	3.0	0,951	true	[009000, 009003, 009002, 009005]
2766	9	009000	009005	69	18.0	4.0	0,980	true	[009000, 009003, 009005]
2767	9	009000	009005	70	28.0	4.0	0,941	true	[009000, 009003, 009006, 009001, 009005]
2768	9	009000	009005	71	28.0	6.0	0,941	true	[009000, 009003, 009006, 009005]
2769	9	009000	009005	72	6.0	3.0	0,913	true	[009000, 009004, 009001, 009003, 009002, 009005]
2770	9	009000	009005	73	6.0	3.0	0,941	true	[009000, 009004, 009001, 009003, 009005]
2771	9	009000	009005	74	6.0	3.0	0,903	true	[009000, 009004, 009001, 009003, 009006, 009005]
2772	9	009000	009005	75	6.0	3.0	0,931	true	[009000, 009004, 009001, 009005]
2773	9	009000	009005	76	6.0	3.0	0,904	true	[009000, 009004, 009001, 009006, 009003, 009002, 009005]
2774	9	009000	009005	77	6.0	3.0	0,931	true	[009000, 009004, 009001, 009006, 009003, 009005]
2775	9	009000	009005	78	6.0	3.0	0,894	true	[009000, 009004, 009001, 009006, 009005]
2776	9	009000	009005	79	37.0	3.0	0,895	true	[009000, 009006, 009001, 009003, 009002, 009005]
2777	9	009000	009005	80	18.0	3.0	0,922	true	[009000, 009006, 009001, 009003, 009005]
2778	9	009000	009005	81	34.0	3.0	0,913	true	[009000, 009006, 009001, 009005]
2779	9	009000	009005	82	28.0	3.0	0,922	true	[009000, 009006, 009003, 009001, 009005]
2780	9	009000	009005	83	28.0	3.0	0,922	true	[009000, 009006, 009003, 009002, 009005]
2781	9	009000	009005	84	18.0	3.0	0,950	true	[009000, 009006, 009003, 009005]
2782	9	009000	009005	85	43.0	3.0	0,912	true	[009000, 009006, 009005]
2783	10	010000	010006	0	29.0	8.0	0,950	true	[010000, 010001, 010006]
2784	10	010000	010006	1	21.0	4.0	0,858	true	[010000, 010003, 010002, 010005, 010006]
2785	10	010000	010006	2	21.0	6.0	0,931	true	[010000, 010003, 010004, 010006]
2786	10	010000	010006	3	21.0	4.0	0,913	true	[010000, 010003, 010005, 010006]
2787	10	010000	010006	4	6.0	4.0	0,832	true	[010000, 010005, 010002, 010003, 010004, 010006]
2788	10	010000	010006	5	6.0	4.0	0,885	true	[010000, 010005, 010003, 010004, 010006]
2789	10	010000	010006	6	6.0	7.0	0,922	true	[010000, 010005, 010006]
2790	10	010000	010006	7	63.0	6.0	0,970	true	[010000, 010006]
2791	10	010000	010003	8	29.0	6.0	0,912	true	[010000, 010001, 010006, 010004, 010003]
2792	10	010000	010003	9	29.0	4.0	0,840	true	[010000, 010001, 010006, 010005, 010002, 010003]
2793	10	010000	010003	10	29.0	4.0	0,894	true	[010000, 010001, 010006, 010005, 010003]
2794	10	010000	010003	11	21.0	10.0	0,970	true	[010000, 010003]
2795	10	010000	010003	12	6.0	4.0	0,866	true	[010000, 010005, 010002, 010003]
2796	10	010000	010003	13	6.0	4.0	0,922	true	[010000, 010005, 010003]
2797	10	010000	010003	14	6.0	6.0	0,885	true	[010000, 010005, 010006, 010004, 010003]
2798	10	010000	010003	15	59.0	6.0	0,931	true	[010000, 010006, 010004, 010003]
2799	10	010000	010003	16	57.0	4.0	0,858	true	[010000, 010006, 010005, 010002, 010003]
2800	10	010000	010003	17	54.0	4.0	0,913	true	[010000, 010006, 010005, 010003]
2801	10	010000	010001	18	29.0	10.0	1,000	true	[010000, 010001]
2802	10	010000	010001	19	21.0	4.0	0,815	true	[010000, 010003, 010002, 010005, 010006, 010001]
2803	10	010000	010001	20	21.0	6.0	0,885	true	[010000, 010003, 010004, 010006, 010001]
2804	10	010000	010001	21	21.0	4.0	0,867	true	[010000, 010003, 010005, 010006, 010001]
2805	10	010000	010001	22	6.0	4.0	0,790	true	[010000, 010005, 010002, 010003, 010004, 010006, 010001]
2806	10	010000	010001	23	6.0	4.0	0,840	true	[010000, 010005, 010003, 010004, 010006, 010001]
2807	10	010000	010001	24	6.0	7.0	0,875	true	[010000, 010005, 010006, 010001]
2808	10	010000	010001	25	53.0	6.0	0,922	true	[010000, 010006, 010001]
2809	10	010006	010003	26	21.0	6.0	0,941	true	[010006, 010000, 010003]
2810	10	010006	010003	27	6.0	4.0	0,840	true	[010006, 010000, 010005, 010002, 010003]
2811	10	010006	010003	28	6.0	4.0	0,894	true	[010006, 010000, 010005, 010003]
2812	10	010006	010003	29	21.0	8.0	0,922	true	[010006, 010001, 010000, 010003]
2813	10	010006	010003	30	6.0	4.0	0,823	true	[010006, 010001, 010000, 010005, 010002, 010003]
2814	10	010006	010003	31	6.0	4.0	0,875	true	[010006, 010001, 010000, 010005, 010003]
2815	10	010006	010003	32	59.0	6.0	0,960	true	[010006, 010004, 010003]
2816	10	010006	010003	33	6.0	7.0	0,894	true	[010006, 010005, 010000, 010003]
2817	10	010006	010003	34	57.0	4.0	0,885	true	[010006, 010005, 010002, 010003]
2818	10	010006	010003	35	54.0	4.0	0,941	true	[010006, 010005, 010003]
2819	10	010006	010001	36	29.0	6.0	0,970	true	[010006, 010000, 010001]
2820	10	010006	010001	37	53.0	8.0	0,950	true	[010006, 010001]
2821	10	010006	010001	38	21.0	6.0	0,931	true	[010006, 010004, 010003, 010000, 010001]
2822	10	010006	010001	39	6.0	4.0	0,832	true	[010006, 010004, 010003, 010002, 010005, 010000, 010001]
2823	10	010006	010001	40	6.0	4.0	0,885	true	[010006, 010004, 010003, 010005, 010000, 010001]
2824	10	010006	010001	41	6.0	7.0	0,922	true	[010006, 010005, 010000, 010001]
2825	10	010006	010001	42	21.0	4.0	0,858	true	[010006, 010005, 010002, 010003, 010000, 010001]
2826	10	010006	010001	43	21.0	4.0	0,913	true	[010006, 010005, 010003, 010000, 010001]
2827	10	010003	010001	44	21.0	10.0	0,970	true	[010003, 010000, 010001]
2828	10	010003	010001	45	6.0	7.0	0,849	true	[010003, 010000, 010005, 010006, 010001]
2829	10	010003	010001	46	21.0	6.0	0,894	true	[010003, 010000, 010006, 010001]
2830	10	010003	010001	47	6.0	4.0	0,866	true	[010003, 010002, 010005, 010000, 010001]
2831	10	010003	010001	48	6.0	4.0	0,798	true	[010003, 010002, 010005, 010000, 010006, 010001]
2832	10	010003	010001	49	29.0	4.0	0,858	true	[010003, 010002, 010005, 010006, 010000, 010001]
2833	10	010003	010001	50	53.0	4.0	0,840	true	[010003, 010002, 010005, 010006, 010001]
2834	10	010003	010001	51	29.0	6.0	0,931	true	[010003, 010004, 010006, 010000, 010001]
2835	10	010003	010001	52	53.0	6.0	0,912	true	[010003, 010004, 010006, 010001]
2836	10	010003	010001	53	6.0	6.0	0,885	true	[010003, 010004, 010006, 010005, 010000, 010001]
2837	10	010003	010001	54	6.0	4.0	0,922	true	[010003, 010005, 010000, 010001]
2838	10	010003	010001	55	6.0	4.0	0,849	true	[010003, 010005, 010000, 010006, 010001]
2839	10	010003	010001	56	29.0	4.0	0,913	true	[010003, 010005, 010006, 010000, 010001]
2840	10	010003	010001	57	53.0	4.0	0,894	true	[010003, 010005, 010006, 010001]
2841	11	011004	011006	0	16.0	3.0	0,841	true	[011004, 011000, 011001, 011002, 011005, 011006]
2842	11	011004	011006	1	16.0	3.0	0,840	true	[011004, 011000, 011001, 011002, 011006]
2843	11	011004	011006	2	16.0	3.0	0,850	true	[011004, 011000, 011001, 011003, 011002, 011005, 011006]
2844	11	011004	011006	3	16.0	5.0	0,849	true	[011004, 011000, 011001, 011003, 011002, 011006]
2845	11	011004	011006	4	16.0	6.0	0,832	true	[011004, 011000, 011001, 011005, 011002, 011006]
2846	11	011004	011006	5	16.0	3.0	0,885	true	[011004, 011000, 011001, 011005, 011006]
2847	11	011004	011006	6	16.0	6.0	0,903	true	[011004, 011000, 011001, 011006]
2848	11	011004	011006	7	16.0	3.0	0,867	true	[011004, 011000, 011002, 011001, 011005, 011006]
2849	11	011004	011006	8	16.0	3.0	0,885	true	[011004, 011000, 011002, 011001, 011006]
2850	11	011004	011006	9	16.0	3.0	0,876	true	[011004, 011000, 011002, 011003, 011001, 011005, 011006]
2851	11	011004	011006	10	16.0	5.0	0,894	true	[011004, 011000, 011002, 011003, 011001, 011006]
2852	11	011004	011006	11	16.0	6.0	0,877	true	[011004, 011000, 011002, 011005, 011001, 011006]
2853	11	011004	011006	12	16.0	3.0	0,913	true	[011004, 011000, 011002, 011005, 011006]
2854	11	011004	011006	13	16.0	6.0	0,913	true	[011004, 011000, 011002, 011006]
2855	11	011004	011006	14	23.0	3.0	0,807	true	[011004, 011000, 011003, 011001, 011002, 011005, 011006]
2856	11	011004	011006	15	23.0	3.0	0,807	true	[011004, 011000, 011003, 011001, 011002, 011006]
2857	11	011004	011006	16	23.0	6.0	0,799	true	[011004, 011000, 011003, 011001, 011005, 011002, 011006]
2858	11	011004	011006	17	23.0	3.0	0,850	true	[011004, 011000, 011003, 011001, 011005, 011006]
2859	11	011004	011006	18	18.0	6.0	0,867	true	[011004, 011000, 011003, 011001, 011006]
2860	11	011004	011006	19	32.0	3.0	0,841	true	[011004, 011000, 011003, 011002, 011001, 011005, 011006]
2861	11	011004	011006	20	18.0	3.0	0,858	true	[011004, 011000, 011003, 011002, 011001, 011006]
2862	11	011004	011006	21	18.0	5.0	0,850	true	[011004, 011000, 011003, 011002, 011005, 011001, 011006]
2863	11	011004	011006	22	32.0	3.0	0,885	true	[011004, 011000, 011003, 011002, 011005, 011006]
2864	11	011004	011006	23	32.0	5.0	0,885	true	[011004, 011000, 011003, 011002, 011006]
2865	11	011004	011006	24	7.0	6.0	0,970	true	[011004, 011000, 011006]
2866	11	011004	011006	25	16.0	3.0	0,867	true	[011004, 011001, 011000, 011002, 011005, 011006]
2867	11	011004	011006	26	16.0	7.0	0,867	true	[011004, 011001, 011000, 011002, 011006]
2868	11	011004	011006	27	16.0	3.0	0,841	true	[011004, 011001, 011000, 011003, 011002, 011005, 011006]
2869	11	011004	011006	28	16.0	5.0	0,840	true	[011004, 011001, 011000, 011003, 011002, 011006]
2870	11	011004	011006	29	7.0	8.0	0,922	true	[011004, 011001, 011000, 011006]
2871	11	011004	011006	30	7.0	3.0	0,903	true	[011004, 011001, 011002, 011000, 011006]
2872	11	011004	011006	31	7.0	3.0	0,875	true	[011004, 011001, 011002, 011003, 011000, 011006]
2873	11	011004	011006	32	58.0	3.0	0,885	true	[011004, 011001, 011002, 011005, 011006]
2874	11	011004	011006	33	61.0	3.0	0,885	true	[011004, 011001, 011002, 011006]
2875	11	011004	011006	34	16.0	3.0	0,833	true	[011004, 011001, 011003, 011000, 011002, 011005, 011006]
2876	11	011004	011006	35	16.0	7.0	0,832	true	[011004, 011001, 011003, 011000, 011002, 011006]
2877	11	011004	011006	36	7.0	7.0	0,885	true	[011004, 011001, 011003, 011000, 011006]
2878	11	011004	011006	37	7.0	5.0	0,913	true	[011004, 011001, 011003, 011002, 011000, 011006]
2879	11	011004	011006	38	23.0	3.0	0,894	true	[011004, 011001, 011003, 011002, 011005, 011006]
2880	11	011004	011006	39	23.0	5.0	0,894	true	[011004, 011001, 011003, 011002, 011006]
2881	11	011004	011006	40	7.0	6.0	0,894	true	[011004, 011001, 011005, 011002, 011000, 011006]
2882	11	011004	011006	41	7.0	5.0	0,867	true	[011004, 011001, 011005, 011002, 011003, 011000, 011006]
2883	11	011004	011006	42	58.0	6.0	0,876	true	[011004, 011001, 011005, 011002, 011006]
2884	11	011004	011006	43	58.0	3.0	0,931	true	[011004, 011001, 011005, 011006]
2885	11	011004	011006	44	18.0	7.0	0,951	true	[011004, 011001, 011006]
2886	11	011004	011006	45	16.0	3.0	0,876	true	[011004, 011002, 011000, 011001, 011005, 011006]
2887	11	011004	011006	46	16.0	7.0	0,894	true	[011004, 011002, 011000, 011001, 011006]
2888	11	011004	011006	47	16.0	3.0	0,841	true	[011004, 011002, 011000, 011003, 011001, 011005, 011006]
2889	11	011004	011006	48	16.0	7.0	0,858	true	[011004, 011002, 011000, 011003, 011001, 011006]
2890	11	011004	011006	49	7.0	7.0	0,960	true	[011004, 011002, 011000, 011006]
2891	11	011004	011006	50	7.0	3.0	0,884	true	[011004, 011002, 011001, 011000, 011006]
2892	11	011004	011006	51	7.0	3.0	0,849	true	[011004, 011002, 011001, 011003, 011000, 011006]
2893	11	011004	011006	52	58.0	3.0	0,894	true	[011004, 011002, 011001, 011005, 011006]
2894	11	011004	011006	53	18.0	3.0	0,912	true	[011004, 011002, 011001, 011006]
2895	11	011004	011006	54	16.0	3.0	0,849	true	[011004, 011002, 011003, 011000, 011001, 011005, 011006]
2896	11	011004	011006	55	16.0	5.0	0,867	true	[011004, 011002, 011003, 011000, 011001, 011006]
2897	11	011004	011006	56	7.0	5.0	0,931	true	[011004, 011002, 011003, 011000, 011006]
2898	11	011004	011006	57	7.0	5.0	0,894	true	[011004, 011002, 011003, 011001, 011000, 011006]
2899	11	011004	011006	58	23.0	3.0	0,903	true	[011004, 011002, 011003, 011001, 011005, 011006]
2900	11	011004	011006	59	18.0	5.0	0,922	true	[011004, 011002, 011003, 011001, 011006]
2901	11	011004	011006	60	7.0	6.0	0,876	true	[011004, 011002, 011005, 011001, 011000, 011006]
2902	11	011004	011006	61	7.0	6.0	0,841	true	[011004, 011002, 011005, 011001, 011003, 011000, 011006]
2903	11	011004	011006	62	18.0	6.0	0,904	true	[011004, 011002, 011005, 011001, 011006]
2904	11	011004	011006	63	58.0	3.0	0,941	true	[011004, 011002, 011005, 011006]
2905	11	011004	011006	64	62.0	8.0	0,941	true	[011004, 011002, 011006]
2906	11	011004	011006	65	16.0	3.0	0,790	true	[011004, 011003, 011000, 011001, 011002, 011005, 011006]
2907	11	011004	011006	66	16.0	3.0	0,790	true	[011004, 011003, 011000, 011001, 011002, 011006]
2908	11	011004	011006	67	16.0	5.0	0,783	true	[011004, 011003, 011000, 011001, 011005, 011002, 011006]
2909	11	011004	011006	68	16.0	3.0	0,832	true	[011004, 011003, 011000, 011001, 011005, 011006]
2910	11	011004	011006	69	16.0	5.0	0,849	true	[011004, 011003, 011000, 011001, 011006]
2911	11	011004	011006	70	16.0	3.0	0,815	true	[011004, 011003, 011000, 011002, 011001, 011005, 011006]
2912	11	011004	011006	71	16.0	3.0	0,832	true	[011004, 011003, 011000, 011002, 011001, 011006]
2913	11	011004	011006	72	16.0	5.0	0,824	true	[011004, 011003, 011000, 011002, 011005, 011001, 011006]
2914	11	011004	011006	73	16.0	3.0	0,858	true	[011004, 011003, 011000, 011002, 011005, 011006]
2915	11	011004	011006	74	16.0	5.0	0,858	true	[011004, 011003, 011000, 011002, 011006]
2916	11	011004	011006	75	7.0	5.0	0,912	true	[011004, 011003, 011000, 011006]
2917	11	011004	011006	76	16.0	3.0	0,824	true	[011004, 011003, 011001, 011000, 011002, 011005, 011006]
2918	11	011004	011006	77	16.0	5.0	0,824	true	[011004, 011003, 011001, 011000, 011002, 011006]
2919	11	011004	011006	78	7.0	5.0	0,876	true	[011004, 011003, 011001, 011000, 011006]
2920	11	011004	011006	79	7.0	3.0	0,858	true	[011004, 011003, 011001, 011002, 011000, 011006]
2921	11	011004	011006	80	23.0	3.0	0,841	true	[011004, 011003, 011001, 011002, 011005, 011006]
2922	11	011004	011006	81	23.0	3.0	0,840	true	[011004, 011003, 011001, 011002, 011006]
2923	11	011004	011006	82	7.0	5.0	0,850	true	[011004, 011003, 011001, 011005, 011002, 011000, 011006]
2924	11	011004	011006	83	23.0	5.0	0,832	true	[011004, 011003, 011001, 011005, 011002, 011006]
2925	11	011004	011006	84	23.0	3.0	0,885	true	[011004, 011003, 011001, 011005, 011006]
2926	11	011004	011006	85	18.0	5.0	0,903	true	[011004, 011003, 011001, 011006]
2927	11	011004	011006	86	16.0	3.0	0,858	true	[011004, 011003, 011002, 011000, 011001, 011005, 011006]
2928	11	011004	011006	87	16.0	5.0	0,876	true	[011004, 011003, 011002, 011000, 011001, 011006]
2929	11	011004	011006	88	7.0	5.0	0,941	true	[011004, 011003, 011002, 011000, 011006]
2930	11	011004	011006	89	7.0	3.0	0,866	true	[011004, 011003, 011002, 011001, 011000, 011006]
2931	11	011004	011006	90	46.0	3.0	0,876	true	[011004, 011003, 011002, 011001, 011005, 011006]
2932	11	011004	011006	91	18.0	3.0	0,894	true	[011004, 011003, 011002, 011001, 011006]
2933	11	011004	011006	92	7.0	5.0	0,858	true	[011004, 011003, 011002, 011005, 011001, 011000, 011006]
2934	11	011004	011006	93	18.0	5.0	0,885	true	[011004, 011003, 011002, 011005, 011001, 011006]
2935	11	011004	011006	94	46.0	3.0	0,922	true	[011004, 011003, 011002, 011005, 011006]
2936	11	011004	011006	95	46.0	5.0	0,922	true	[011004, 011003, 011002, 011006]
2937	11	011004	011006	96	14.0	6.0	0,824	true	[011004, 011005, 011001, 011000, 011002, 011006]
2938	11	011004	011006	97	14.0	5.0	0,798	true	[011004, 011005, 011001, 011000, 011003, 011002, 011006]
2939	11	011004	011006	98	7.0	6.0	0,875	true	[011004, 011005, 011001, 011000, 011006]
2940	11	011004	011006	99	7.0	3.0	0,858	true	[011004, 011005, 011001, 011002, 011000, 011006]
2941	11	011004	011006	100	7.0	3.0	0,832	true	[011004, 011005, 011001, 011002, 011003, 011000, 011006]
2942	11	011004	011006	101	14.0	3.0	0,840	true	[011004, 011005, 011001, 011002, 011006]
2943	11	011004	011006	102	14.0	6.0	0,903	true	[011004, 011005, 011001, 011006]
2944	11	011004	011006	103	14.0	3.0	0,941	true	[011004, 011005, 011006]
2945	11	011004	011006	104	34.0	4.0	0,990	true	[011004, 011006]
2946	12	012003	012005	0	61.0	6.0	0,922	true	[012003, 012000, 012005]
2947	12	012003	012005	1	15.0	4.0	0,867	true	[012003, 012000, 012006, 012001, 012002, 012005]
2948	12	012003	012005	2	15.0	3.0	0,850	true	[012003, 012000, 012006, 012001, 012004, 012002, 012005]
2949	12	012003	012005	3	43.0	6.0	0,894	true	[012003, 012000, 012006, 012002, 012005]
2950	12	012003	012005	4	28.0	3.0	0,868	true	[012003, 012000, 012006, 012004, 012001, 012002, 012005]
2951	12	012003	012005	5	28.0	6.0	0,867	true	[012003, 012000, 012006, 012004, 012002, 012005]
2952	12	012003	012005	6	43.0	6.0	0,885	true	[012003, 012000, 012006, 012005]
2953	12	012003	012005	7	28.0	4.0	0,850	true	[012003, 012001, 012002, 012004, 012006, 012000, 012005]
2954	12	012003	012005	8	28.0	4.0	0,867	true	[012003, 012001, 012002, 012004, 012006, 012005]
2955	12	012003	012005	9	30.0	4.0	0,960	true	[012003, 012001, 012002, 012005]
2956	12	012003	012005	10	30.0	4.0	0,876	true	[012003, 012001, 012002, 012006, 012000, 012005]
2957	12	012003	012005	11	30.0	4.0	0,894	true	[012003, 012001, 012002, 012006, 012005]
2958	12	012003	012005	12	30.0	3.0	0,941	true	[012003, 012001, 012004, 012002, 012005]
2959	12	012003	012005	13	30.0	3.0	0,858	true	[012003, 012001, 012004, 012002, 012006, 012000, 012005]
2960	12	012003	012005	14	30.0	3.0	0,876	true	[012003, 012001, 012004, 012002, 012006, 012005]
2961	12	012003	012005	15	28.0	3.0	0,903	true	[012003, 012001, 012004, 012006, 012000, 012005]
2962	12	012003	012005	16	28.0	3.0	0,932	true	[012003, 012001, 012004, 012006, 012002, 012005]
2963	12	012003	012005	17	28.0	3.0	0,922	true	[012003, 012001, 012004, 012006, 012005]
2964	12	012003	012005	18	15.0	4.0	0,903	true	[012003, 012001, 012006, 012000, 012005]
2965	12	012003	012005	19	15.0	4.0	0,931	true	[012003, 012001, 012006, 012002, 012005]
2966	12	012003	012005	20	15.0	4.0	0,903	true	[012003, 012001, 012006, 012004, 012002, 012005]
2967	12	012003	012005	21	15.0	4.0	0,922	true	[012003, 012001, 012006, 012005]
2968	12	012003	012005	22	28.0	3.0	0,859	true	[012003, 012002, 012001, 012004, 012006, 012000, 012005]
2969	12	012003	012005	23	28.0	3.0	0,876	true	[012003, 012002, 012001, 012004, 012006, 012005]
2970	12	012003	012005	24	15.0	4.0	0,859	true	[012003, 012002, 012001, 012006, 012000, 012005]
2971	12	012003	012005	25	15.0	4.0	0,876	true	[012003, 012002, 012001, 012006, 012005]
2972	12	012003	012005	26	15.0	3.0	0,841	true	[012003, 012002, 012004, 012001, 012006, 012000, 012005]
2973	12	012003	012005	27	15.0	3.0	0,858	true	[012003, 012002, 012004, 012001, 012006, 012005]
2974	12	012003	012005	28	28.0	6.0	0,859	true	[012003, 012002, 012004, 012006, 012000, 012005]
2975	12	012003	012005	29	28.0	6.0	0,876	true	[012003, 012002, 012004, 012006, 012005]
2976	12	012003	012005	30	44.0	9.0	0,970	true	[012003, 012002, 012005]
2977	12	012003	012005	31	43.0	6.0	0,885	true	[012003, 012002, 012006, 012000, 012005]
2978	12	012003	012005	32	51.0	8.0	0,903	true	[012003, 012002, 012006, 012005]
2979	12	012003	012005	33	61.0	3.0	0,990	true	[012003, 012005]
2980	12	012003	012005	34	43.0	6.0	0,913	true	[012003, 012006, 012000, 012005]
2981	12	012003	012005	35	15.0	4.0	0,913	true	[012003, 012006, 012001, 012002, 012005]
2982	12	012003	012005	36	15.0	3.0	0,894	true	[012003, 012006, 012001, 012004, 012002, 012005]
2983	12	012003	012005	37	44.0	7.0	0,941	true	[012003, 012006, 012002, 012005]
2984	12	012003	012005	38	28.0	3.0	0,913	true	[012003, 012006, 012004, 012001, 012002, 012005]
2985	12	012003	012005	39	28.0	6.0	0,913	true	[012003, 012006, 012004, 012002, 012005]
2986	12	012003	012005	40	51.0	7.0	0,931	true	[012003, 012006, 012005]
2987	12	012003	012000	41	64.0	10.0	0,960	true	[012003, 012000]
2988	12	012003	012000	42	28.0	4.0	0,885	true	[012003, 012001, 012002, 012004, 012006, 012000]
2989	12	012003	012000	43	28.0	4.0	0,832	true	[012003, 012001, 012002, 012004, 012006, 012005, 012000]
2990	12	012003	012000	44	30.0	4.0	0,922	true	[012003, 012001, 012002, 012005, 012000]
2991	12	012003	012000	45	30.0	4.0	0,885	true	[012003, 012001, 012002, 012005, 012006, 012000]
2992	12	012003	012000	46	30.0	4.0	0,913	true	[012003, 012001, 012002, 012006, 012000]
2993	12	012003	012000	47	30.0	4.0	0,858	true	[012003, 012001, 012002, 012006, 012005, 012000]
2994	12	012003	012000	48	30.0	3.0	0,903	true	[012003, 012001, 012004, 012002, 012005, 012000]
2995	12	012003	012000	49	30.0	3.0	0,867	true	[012003, 012001, 012004, 012002, 012005, 012006, 012000]
2996	12	012003	012000	50	30.0	3.0	0,894	true	[012003, 012001, 012004, 012002, 012006, 012000]
2997	12	012003	012000	51	30.0	3.0	0,841	true	[012003, 012001, 012004, 012002, 012006, 012005, 012000]
2998	12	012003	012000	52	28.0	3.0	0,941	true	[012003, 012001, 012004, 012006, 012000]
2999	12	012003	012000	53	28.0	3.0	0,894	true	[012003, 012001, 012004, 012006, 012002, 012005, 012000]
3000	12	012003	012000	54	28.0	3.0	0,885	true	[012003, 012001, 012004, 012006, 012005, 012000]
3001	12	012003	012000	55	15.0	4.0	0,941	true	[012003, 012001, 012006, 012000]
3002	12	012003	012000	56	15.0	4.0	0,894	true	[012003, 012001, 012006, 012002, 012005, 012000]
3003	12	012003	012000	57	15.0	4.0	0,867	true	[012003, 012001, 012006, 012004, 012002, 012005, 012000]
3004	12	012003	012000	58	15.0	4.0	0,885	true	[012003, 012001, 012006, 012005, 012000]
3005	12	012003	012000	59	28.0	3.0	0,895	true	[012003, 012002, 012001, 012004, 012006, 012000]
3006	12	012003	012000	60	28.0	3.0	0,841	true	[012003, 012002, 012001, 012004, 012006, 012005, 012000]
3007	12	012003	012000	61	15.0	4.0	0,894	true	[012003, 012002, 012001, 012006, 012000]
3008	12	012003	012000	62	15.0	4.0	0,841	true	[012003, 012002, 012001, 012006, 012005, 012000]
3009	12	012003	012000	63	15.0	3.0	0,876	true	[012003, 012002, 012004, 012001, 012006, 012000]
3010	12	012003	012000	64	15.0	3.0	0,824	true	[012003, 012002, 012004, 012001, 012006, 012005, 012000]
3011	12	012003	012000	65	28.0	6.0	0,894	true	[012003, 012002, 012004, 012006, 012000]
3012	12	012003	012000	66	28.0	6.0	0,841	true	[012003, 012002, 012004, 012006, 012005, 012000]
3013	12	012003	012000	67	44.0	6.0	0,931	true	[012003, 012002, 012005, 012000]
3014	12	012003	012000	68	43.0	6.0	0,894	true	[012003, 012002, 012005, 012006, 012000]
3015	12	012003	012000	69	43.0	6.0	0,922	true	[012003, 012002, 012006, 012000]
3016	12	012003	012000	70	51.0	6.0	0,867	true	[012003, 012002, 012006, 012005, 012000]
3017	12	012003	012000	71	61.0	3.0	0,950	true	[012003, 012005, 012000]
3018	12	012003	012000	72	28.0	3.0	0,895	true	[012003, 012005, 012002, 012001, 012004, 012006, 012000]
3019	12	012003	012000	73	15.0	3.0	0,895	true	[012003, 012005, 012002, 012001, 012006, 012000]
3020	12	012003	012000	74	15.0	3.0	0,876	true	[012003, 012005, 012002, 012004, 012001, 012006, 012000]
3021	12	012003	012000	75	28.0	3.0	0,894	true	[012003, 012005, 012002, 012004, 012006, 012000]
3022	12	012003	012000	76	43.0	3.0	0,922	true	[012003, 012005, 012002, 012006, 012000]
3023	12	012003	012000	77	43.0	3.0	0,912	true	[012003, 012005, 012006, 012000]
3024	12	012003	012000	78	43.0	6.0	0,951	true	[012003, 012006, 012000]
3025	12	012003	012000	79	15.0	4.0	0,876	true	[012003, 012006, 012001, 012002, 012005, 012000]
3026	12	012003	012000	80	15.0	3.0	0,859	true	[012003, 012006, 012001, 012004, 012002, 012005, 012000]
3027	12	012003	012000	81	44.0	6.0	0,903	true	[012003, 012006, 012002, 012005, 012000]
3028	12	012003	012000	82	28.0	3.0	0,877	true	[012003, 012006, 012004, 012001, 012002, 012005, 012000]
3029	12	012003	012000	83	28.0	6.0	0,876	true	[012003, 012006, 012004, 012002, 012005, 012000]
3030	12	012003	012000	84	51.0	6.0	0,894	true	[012003, 012006, 012005, 012000]
3031	12	012003	012002	85	44.0	6.0	0,912	true	[012003, 012000, 012005, 012002]
3032	12	012003	012002	86	15.0	4.0	0,824	true	[012003, 012000, 012005, 012006, 012001, 012002]
3033	12	012003	012002	87	15.0	3.0	0,807	true	[012003, 012000, 012005, 012006, 012001, 012004, 012002]
3034	12	012003	012002	88	51.0	6.0	0,849	true	[012003, 012000, 012005, 012006, 012002]
3035	12	012003	012002	89	28.0	3.0	0,824	true	[012003, 012000, 012005, 012006, 012004, 012001, 012002]
3036	12	012003	012002	90	28.0	6.0	0,824	true	[012003, 012000, 012005, 012006, 012004, 012002]
3037	12	012003	012002	91	15.0	4.0	0,876	true	[012003, 012000, 012006, 012001, 012002]
3038	12	012003	012002	92	15.0	3.0	0,858	true	[012003, 012000, 012006, 012001, 012004, 012002]
3039	12	012003	012002	93	43.0	6.0	0,903	true	[012003, 012000, 012006, 012002]
3040	12	012003	012002	94	28.0	3.0	0,876	true	[012003, 012000, 012006, 012004, 012001, 012002]
3041	12	012003	012002	95	28.0	6.0	0,876	true	[012003, 012000, 012006, 012004, 012002]
3042	12	012003	012002	96	43.0	6.0	0,876	true	[012003, 012000, 012006, 012005, 012002]
3043	12	012003	012002	97	30.0	4.0	0,970	true	[012003, 012001, 012002]
3044	12	012003	012002	98	30.0	3.0	0,950	true	[012003, 012001, 012004, 012002]
3045	12	012003	012002	99	28.0	3.0	0,894	true	[012003, 012001, 012004, 012006, 012000, 012005, 012002]
3046	12	012003	012002	100	28.0	3.0	0,941	true	[012003, 012001, 012004, 012006, 012002]
3047	12	012003	012002	101	55.0	9.0	0,980	true	[012003, 012002]
3048	13	013003	013002	0	15.0	4.0	0,980	true	[013003, 013000, 013001, 013002]
3049	13	013003	013002	1	26.0	3.0	0,941	true	[013003, 013000, 013001, 013004, 013002]
3050	13	013003	013002	2	27.0	3.0	0,894	true	[013003, 013000, 013001, 013004, 013005, 013002]
3051	13	013003	013002	3	24.0	3.0	0,903	true	[013003, 013000, 013001, 013004, 013005, 013006, 013002]
3052	13	013003	013002	4	48.0	3.0	0,931	true	[013003, 013000, 013001, 013004, 013006, 013002]
3053	13	013003	013002	5	24.0	3.0	0,849	true	[013003, 013000, 013001, 013004, 013006, 013005, 013002]
3054	13	013003	013002	6	6.0	4.0	0,931	true	[013003, 013000, 013001, 013005, 013002]
3055	13	013003	013002	7	6.0	3.0	0,961	true	[013003, 013000, 013001, 013005, 013004, 013002]
3056	13	013003	013002	8	6.0	3.0	0,951	true	[013003, 013000, 013001, 013005, 013004, 013006, 013002]
3057	13	013003	013002	9	6.0	4.0	0,941	true	[013003, 013000, 013001, 013005, 013006, 013002]
3058	13	013003	013002	10	6.0	3.0	0,913	true	[013003, 013000, 013001, 013005, 013006, 013004, 013002]
3059	13	013003	013002	11	12.0	4.0	0,980	true	[013003, 013000, 013001, 013006, 013002]
3060	13	013003	013002	12	12.0	3.0	0,951	true	[013003, 013000, 013001, 013006, 013004, 013002]
3061	13	013003	013002	13	12.0	3.0	0,903	true	[013003, 013000, 013001, 013006, 013004, 013005, 013002]
3062	13	013003	013002	14	12.0	4.0	0,894	true	[013003, 013000, 013001, 013006, 013005, 013002]
3063	13	013003	013002	15	12.0	3.0	0,922	true	[013003, 013000, 013001, 013006, 013005, 013004, 013002]
3064	13	013003	013002	16	49.0	4.0	0,970	true	[013003, 013000, 013002]
3065	13	013003	013002	17	12.0	3.0	0,931	true	[013003, 013000, 013004, 013001, 013002]
3066	13	013003	013002	18	6.0	3.0	0,885	true	[013003, 013000, 013004, 013001, 013005, 013002]
3067	13	013003	013002	19	6.0	3.0	0,894	true	[013003, 013000, 013004, 013001, 013005, 013006, 013002]
3068	13	013003	013002	20	12.0	3.0	0,931	true	[013003, 013000, 013004, 013001, 013006, 013002]
3069	13	013003	013002	21	12.0	3.0	0,850	true	[013003, 013000, 013004, 013001, 013006, 013005, 013002]
3070	13	013003	013002	22	12.0	3.0	0,970	true	[013003, 013000, 013004, 013002]
3071	13	013003	013002	23	6.0	3.0	0,951	true	[013003, 013000, 013004, 013005, 013001, 013002]
3072	13	013003	013002	24	6.0	3.0	0,951	true	[013003, 013000, 013004, 013005, 013001, 013006, 013002]
3073	13	013003	013002	25	12.0	3.0	0,922	true	[013003, 013000, 013004, 013005, 013002]
3074	13	013003	013002	26	12.0	3.0	0,913	true	[013003, 013000, 013004, 013005, 013006, 013001, 013002]
3075	13	013003	013002	27	12.0	3.0	0,931	true	[013003, 013000, 013004, 013005, 013006, 013002]
3076	13	013003	013002	28	12.0	3.0	0,941	true	[013003, 013000, 013004, 013006, 013001, 013002]
3077	13	013003	013002	29	6.0	3.0	0,894	true	[013003, 013000, 013004, 013006, 013001, 013005, 013002]
3078	13	013003	013002	30	12.0	3.0	0,960	true	[013003, 013000, 013004, 013006, 013002]
3079	13	013003	013002	31	6.0	3.0	0,904	true	[013003, 013000, 013004, 013006, 013005, 013001, 013002]
3080	13	013003	013002	32	12.0	3.0	0,876	true	[013003, 013000, 013004, 013006, 013005, 013002]
3081	13	013003	013002	33	25.0	3.0	0,960	true	[013003, 013001, 013000, 013002]
3082	13	013003	013002	34	12.0	3.0	0,960	true	[013003, 013001, 013000, 013004, 013002]
3083	13	013003	013002	35	12.0	3.0	0,912	true	[013003, 013001, 013000, 013004, 013005, 013002]
3084	13	013003	013002	36	12.0	3.0	0,922	true	[013003, 013001, 013000, 013004, 013005, 013006, 013002]
3085	13	013003	013002	37	12.0	3.0	0,951	true	[013003, 013001, 013000, 013004, 013006, 013002]
3086	13	013003	013002	38	12.0	3.0	0,867	true	[013003, 013001, 013000, 013004, 013006, 013005, 013002]
3087	13	013003	013002	39	15.0	3.0	0,970	true	[013003, 013001, 013002]
3088	13	013003	013002	40	12.0	3.0	0,913	true	[013003, 013001, 013004, 013000, 013002]
3089	13	013003	013002	41	25.0	3.0	0,931	true	[013003, 013001, 013004, 013002]
3090	13	013003	013002	42	25.0	3.0	0,885	true	[013003, 013001, 013004, 013005, 013002]
3091	13	013003	013002	43	24.0	3.0	0,894	true	[013003, 013001, 013004, 013005, 013006, 013002]
3092	13	013003	013002	44	25.0	3.0	0,922	true	[013003, 013001, 013004, 013006, 013002]
3093	13	013003	013002	45	24.0	3.0	0,841	true	[013003, 013001, 013004, 013006, 013005, 013002]
3094	13	013003	013002	46	6.0	3.0	0,922	true	[013003, 013001, 013005, 013002]
3095	13	013003	013002	47	6.0	3.0	0,932	true	[013003, 013001, 013005, 013004, 013000, 013002]
3096	13	013003	013002	48	6.0	3.0	0,951	true	[013003, 013001, 013005, 013004, 013002]
3097	13	013003	013002	49	6.0	3.0	0,941	true	[013003, 013001, 013005, 013004, 013006, 013002]
3098	13	013003	013002	50	6.0	3.0	0,931	true	[013003, 013001, 013005, 013006, 013002]
3099	13	013003	013002	51	6.0	3.0	0,886	true	[013003, 013001, 013005, 013006, 013004, 013000, 013002]
3100	13	013003	013002	52	6.0	3.0	0,904	true	[013003, 013001, 013005, 013006, 013004, 013002]
3101	13	013003	013002	53	12.0	3.0	0,970	true	[013003, 013001, 013006, 013002]
3102	13	013003	013002	54	12.0	3.0	0,922	true	[013003, 013001, 013006, 013004, 013000, 013002]
3103	13	013003	013002	55	12.0	3.0	0,941	true	[013003, 013001, 013006, 013004, 013002]
3104	13	013003	013002	56	12.0	3.0	0,894	true	[013003, 013001, 013006, 013004, 013005, 013002]
3105	13	013003	013002	57	12.0	3.0	0,885	true	[013003, 013001, 013006, 013005, 013002]
3106	13	013003	013002	58	12.0	3.0	0,895	true	[013003, 013001, 013006, 013005, 013004, 013000, 013002]
3107	13	013003	013002	59	12.0	3.0	0,913	true	[013003, 013001, 013006, 013005, 013004, 013002]
3108	13	013003	013002	60	33.0	3.0	0,990	true	[013003, 013002]
3109	13	013003	013002	61	12.0	3.0	0,931	true	[013003, 013004, 013000, 013001, 013002]
3110	13	013003	013002	62	6.0	3.0	0,885	true	[013003, 013004, 013000, 013001, 013005, 013002]
3111	13	013003	013002	63	6.0	3.0	0,894	true	[013003, 013004, 013000, 013001, 013005, 013006, 013002]
3112	13	013003	013002	64	12.0	3.0	0,931	true	[013003, 013004, 013000, 013001, 013006, 013002]
3113	13	013003	013002	65	12.0	3.0	0,849	true	[013003, 013004, 013000, 013001, 013006, 013005, 013002]
3114	13	013003	013002	66	12.0	3.0	0,922	true	[013003, 013004, 013000, 013002]
3115	13	013003	013002	67	48.0	3.0	0,894	true	[013003, 013004, 013001, 013000, 013002]
3116	13	013003	013002	68	15.0	3.0	0,903	true	[013003, 013004, 013001, 013002]
3117	13	013003	013002	69	6.0	3.0	0,858	true	[013003, 013004, 013001, 013005, 013002]
3118	13	013003	013002	70	6.0	3.0	0,867	true	[013003, 013004, 013001, 013005, 013006, 013002]
3119	13	013003	013002	71	12.0	3.0	0,903	true	[013003, 013004, 013001, 013006, 013002]
3120	13	013003	013002	72	12.0	3.0	0,823	true	[013003, 013004, 013001, 013006, 013005, 013002]
3121	13	013003	013002	73	26.0	3.0	0,941	true	[013003, 013004, 013002]
3122	13	013003	013002	74	6.0	3.0	0,912	true	[013003, 013004, 013005, 013001, 013000, 013002]
3123	13	013003	013002	75	6.0	3.0	0,922	true	[013003, 013004, 013005, 013001, 013002]
3124	13	013003	013002	76	6.0	3.0	0,922	true	[013003, 013004, 013005, 013001, 013006, 013002]
3125	13	013003	013002	77	27.0	3.0	0,893	true	[013003, 013004, 013005, 013002]
3126	13	013003	013002	78	12.0	3.0	0,876	true	[013003, 013004, 013005, 013006, 013001, 013000, 013002]
3127	13	013003	013002	79	12.0	3.0	0,885	true	[013003, 013004, 013005, 013006, 013001, 013002]
3128	13	013003	013002	80	24.0	3.0	0,903	true	[013003, 013004, 013005, 013006, 013002]
3129	13	013003	013002	81	12.0	4.0	0,903	true	[013003, 013004, 013006, 013001, 013000, 013002]
3130	13	013003	013002	82	12.0	5.0	0,912	true	[013003, 013004, 013006, 013001, 013002]
3131	13	013003	013002	83	6.0	5.0	0,867	true	[013003, 013004, 013006, 013001, 013005, 013002]
3132	13	013003	013002	84	54.0	8.0	0,931	true	[013003, 013004, 013006, 013002]
3133	13	013003	013002	85	6.0	4.0	0,867	true	[013003, 013004, 013006, 013005, 013001, 013000, 013002]
3134	13	013003	013002	86	6.0	7.0	0,876	true	[013003, 013004, 013006, 013005, 013001, 013002]
3135	13	013003	013002	87	24.0	7.0	0,849	true	[013003, 013004, 013006, 013005, 013002]
3136	13	013003	013002	88	6.0	4.0	0,931	true	[013003, 013005, 013001, 013000, 013002]
3137	13	013003	013002	89	6.0	3.0	0,931	true	[013003, 013005, 013001, 013000, 013004, 013002]
3138	13	013003	013002	90	6.0	3.0	0,922	true	[013003, 013005, 013001, 013000, 013004, 013006, 013002]
3139	13	013003	013002	91	6.0	6.0	0,941	true	[013003, 013005, 013001, 013002]
3140	13	013003	013002	92	6.0	3.0	0,885	true	[013003, 013005, 013001, 013004, 013000, 013002]
3141	13	013003	013002	93	6.0	3.0	0,903	true	[013003, 013005, 013001, 013004, 013002]
3142	13	013003	013002	94	6.0	3.0	0,894	true	[013003, 013005, 013001, 013004, 013006, 013002]
3143	13	013003	013002	95	6.0	5.0	0,941	true	[013003, 013005, 013001, 013006, 013002]
3144	13	013003	013002	96	6.0	3.0	0,895	true	[013003, 013005, 013001, 013006, 013004, 013000, 013002]
3145	13	013003	013002	97	6.0	3.0	0,913	true	[013003, 013005, 013001, 013006, 013004, 013002]
3146	13	013003	013002	98	39.0	6.0	0,912	true	[013003, 013005, 013002]
3147	13	013003	013002	99	12.0	3.0	0,931	true	[013003, 013005, 013004, 013000, 013001, 013002]
3148	13	013003	013002	100	12.0	3.0	0,931	true	[013003, 013005, 013004, 013000, 013001, 013006, 013002]
3149	13	013003	013002	101	12.0	3.0	0,922	true	[013003, 013005, 013004, 013000, 013002]
3150	13	013003	013002	102	26.0	3.0	0,941	true	[013003, 013005, 013004, 013002]
3151	14	014001	014004	0	15.0	3.0	0,941	true	[014001, 014000, 014002, 014004]
3152	14	014001	014004	1	15.0	3.0	0,932	true	[014001, 014000, 014002, 014005, 014006, 014004]
3153	14	014001	014004	2	15.0	3.0	0,960	true	[014001, 014000, 014002, 014006, 014004]
3154	14	014001	014004	3	55.0	3.0	0,912	true	[014001, 014000, 014003, 014002, 014004]
3155	14	014001	014004	4	31.0	3.0	0,903	true	[014001, 014000, 014003, 014002, 014005, 014006, 014004]
3156	14	014001	014004	5	32.0	3.0	0,931	true	[014001, 014000, 014003, 014002, 014006, 014004]
3157	14	014001	014004	6	45.0	3.0	0,980	true	[014001, 014000, 014004]
3158	14	014001	014004	7	33.0	3.0	0,894	true	[014001, 014000, 014005, 014002, 014004]
3159	14	014001	014004	8	32.0	3.0	0,912	true	[014001, 014000, 014005, 014002, 014006, 014004]
3160	14	014001	014004	9	31.0	3.0	0,885	true	[014001, 014000, 014005, 014006, 014002, 014004]
3161	14	014001	014004	10	31.0	3.0	0,922	true	[014001, 014000, 014005, 014006, 014004]
3162	14	014001	014004	11	15.0	3.0	0,941	true	[014001, 014002, 014000, 014004]
3163	14	014001	014004	12	15.0	3.0	0,885	true	[014001, 014002, 014000, 014005, 014006, 014004]
3164	14	014001	014004	13	45.0	3.0	0,912	true	[014001, 014002, 014003, 014000, 014004]
3165	14	014001	014004	14	31.0	3.0	0,858	true	[014001, 014002, 014003, 014000, 014005, 014006, 014004]
3166	14	014001	014004	15	49.0	3.0	0,941	true	[014001, 014002, 014004]
3167	14	014001	014004	16	33.0	3.0	0,894	true	[014001, 014002, 014005, 014000, 014004]
3168	14	014001	014004	17	31.0	3.0	0,932	true	[014001, 014002, 014005, 014006, 014004]
3169	14	014001	014004	18	32.0	3.0	0,960	true	[014001, 014002, 014006, 014004]
3170	14	014001	014004	19	31.0	3.0	0,885	true	[014001, 014002, 014006, 014005, 014000, 014004]
3171	14	014001	014004	20	15.0	3.0	0,876	true	[014001, 014005, 014000, 014002, 014004]
3172	14	014001	014004	21	15.0	3.0	0,894	true	[014001, 014005, 014000, 014002, 014006, 014004]
3173	14	014001	014004	22	19.0	3.0	0,849	true	[014001, 014005, 014000, 014003, 014002, 014004]
3174	14	014001	014004	23	19.0	3.0	0,867	true	[014001, 014005, 014000, 014003, 014002, 014006, 014004]
3175	14	014001	014004	24	19.0	3.0	0,912	true	[014001, 014005, 014000, 014004]
3176	14	014001	014004	25	15.0	3.0	0,922	true	[014001, 014005, 014002, 014000, 014004]
3177	14	014001	014004	26	19.0	3.0	0,894	true	[014001, 014005, 014002, 014003, 014000, 014004]
3178	14	014001	014004	27	19.0	3.0	0,922	true	[014001, 014005, 014002, 014004]
3179	14	014001	014004	28	19.0	3.0	0,941	true	[014001, 014005, 014002, 014006, 014004]
3180	14	014001	014004	29	15.0	3.0	0,913	true	[014001, 014005, 014006, 014002, 014000, 014004]
3181	14	014001	014004	30	19.0	3.0	0,885	true	[014001, 014005, 014006, 014002, 014003, 014000, 014004]
3182	14	014001	014004	31	19.0	3.0	0,913	true	[014001, 014005, 014006, 014002, 014004]
3183	14	014001	014004	32	19.0	3.0	0,951	true	[014001, 014005, 014006, 014004]
3184	14	014001	014004	33	15.0	3.0	0,932	true	[014001, 014006, 014002, 014000, 014004]
3185	14	014001	014004	34	45.0	3.0	0,903	true	[014001, 014006, 014002, 014003, 014000, 014004]
3186	14	014001	014004	35	57.0	3.0	0,931	true	[014001, 014006, 014002, 014004]
3187	14	014001	014004	36	33.0	3.0	0,885	true	[014001, 014006, 014002, 014005, 014000, 014004]
3188	14	014001	014004	37	32.0	3.0	0,970	true	[014001, 014006, 014004]
3189	14	014001	014004	38	15.0	3.0	0,858	true	[014001, 014006, 014005, 014000, 014002, 014004]
3190	14	014001	014004	39	31.0	3.0	0,832	true	[014001, 014006, 014005, 014000, 014003, 014002, 014004]
3191	14	014001	014004	40	31.0	3.0	0,894	true	[014001, 014006, 014005, 014000, 014004]
3192	14	014001	014004	41	15.0	3.0	0,904	true	[014001, 014006, 014005, 014002, 014000, 014004]
3193	14	014001	014004	42	31.0	3.0	0,876	true	[014001, 014006, 014005, 014002, 014003, 014000, 014004]
3194	14	014001	014004	43	31.0	3.0	0,904	true	[014001, 014006, 014005, 014002, 014004]
3195	14	014001	014006	44	15.0	3.0	0,931	true	[014001, 014000, 014002, 014004, 014006]
3196	14	014001	014006	45	15.0	3.0	0,941	true	[014001, 014000, 014002, 014005, 014006]
3197	14	014001	014006	46	15.0	3.0	0,970	true	[014001, 014000, 014002, 014006]
3198	14	014001	014006	47	32.0	3.0	0,903	true	[014001, 014000, 014003, 014002, 014004, 014006]
3199	14	014001	014006	48	31.0	3.0	0,912	true	[014001, 014000, 014003, 014002, 014005, 014006]
3200	14	014001	014006	49	55.0	4.0	0,941	true	[014001, 014000, 014003, 014002, 014006]
3201	14	014001	014006	50	31.0	3.0	0,904	true	[014001, 014000, 014004, 014002, 014005, 014006]
3202	14	014001	014006	51	45.0	3.0	0,931	true	[014001, 014000, 014004, 014002, 014006]
3203	14	014001	014006	52	32.0	3.0	0,970	true	[014001, 014000, 014004, 014006]
3204	14	014001	014006	53	32.0	3.0	0,885	true	[014001, 014000, 014005, 014002, 014004, 014006]
3205	14	014001	014006	54	33.0	3.0	0,922	true	[014001, 014000, 014005, 014002, 014006]
3206	14	014001	014006	55	31.0	6.0	0,931	true	[014001, 014000, 014005, 014006]
3207	14	014001	014006	56	15.0	3.0	0,932	true	[014001, 014002, 014000, 014004, 014006]
3208	14	014001	014006	57	15.0	3.0	0,894	true	[014001, 014002, 014000, 014005, 014006]
3209	14	014001	014006	58	32.0	3.0	0,903	true	[014001, 014002, 014003, 014000, 014004, 014006]
3210	14	014001	014006	59	31.0	5.0	0,867	true	[014001, 014002, 014003, 014000, 014005, 014006]
3211	14	014001	014006	60	31.0	3.0	0,858	true	[014001, 014002, 014004, 014000, 014005, 014006]
3212	14	014001	014006	61	32.0	3.0	0,931	true	[014001, 014002, 014004, 014006]
3213	14	014001	014006	62	32.0	3.0	0,885	true	[014001, 014002, 014005, 014000, 014004, 014006]
3214	14	014001	014006	63	31.0	3.0	0,941	true	[014001, 014002, 014005, 014006]
3215	14	014001	014006	64	49.0	4.0	0,970	true	[014001, 014002, 014006]
3216	14	014001	014006	65	15.0	3.0	0,867	true	[014001, 014005, 014000, 014002, 014004, 014006]
3217	14	014001	014006	66	15.0	3.0	0,903	true	[014001, 014005, 014000, 014002, 014006]
3218	14	014001	014006	67	19.0	3.0	0,841	true	[014001, 014005, 014000, 014003, 014002, 014004, 014006]
3219	14	014001	014006	68	19.0	4.0	0,876	true	[014001, 014005, 014000, 014003, 014002, 014006]
3220	14	014001	014006	69	19.0	3.0	0,867	true	[014001, 014005, 014000, 014004, 014002, 014006]
3221	14	014001	014006	70	19.0	3.0	0,903	true	[014001, 014005, 014000, 014004, 014006]
3222	14	014001	014006	71	15.0	3.0	0,913	true	[014001, 014005, 014002, 014000, 014004, 014006]
3223	14	014001	014006	72	19.0	3.0	0,885	true	[014001, 014005, 014002, 014003, 014000, 014004, 014006]
3224	14	014001	014006	73	19.0	3.0	0,913	true	[014001, 014005, 014002, 014004, 014006]
3225	14	014001	014006	74	19.0	3.0	0,951	true	[014001, 014005, 014002, 014006]
3226	14	014001	014006	75	19.0	9.0	0,960	true	[014001, 014005, 014006]
3227	14	014001	014006	76	57.0	8.0	0,980	true	[014001, 014006]
3228	14	014001	014000	77	55.0	7.0	1,000	true	[014001, 014000]
3229	14	014001	014000	78	15.0	3.0	0,960	true	[014001, 014002, 014000]
3230	14	014001	014000	79	49.0	5.0	0,931	true	[014001, 014002, 014003, 014000]
3231	14	014001	014000	80	45.0	3.0	0,922	true	[014001, 014002, 014004, 014000]
3232	14	014001	014000	81	31.0	3.0	0,867	true	[014001, 014002, 014004, 014006, 014005, 014000]
3233	14	014001	014000	82	33.0	3.0	0,912	true	[014001, 014002, 014005, 014000]
3234	14	014001	014000	83	31.0	3.0	0,913	true	[014001, 014002, 014005, 014006, 014004, 014000]
3235	14	014001	014000	84	32.0	3.0	0,941	true	[014001, 014002, 014006, 014004, 014000]
3236	14	014001	014000	85	31.0	4.0	0,903	true	[014001, 014002, 014006, 014005, 014000]
3237	14	014001	014000	86	19.0	6.0	0,931	true	[014001, 014005, 014000]
3238	14	014001	014000	87	15.0	3.0	0,941	true	[014001, 014005, 014002, 014000]
3239	14	014001	014000	88	19.0	3.0	0,912	true	[014001, 014005, 014002, 014003, 014000]
3240	14	014001	014000	89	19.0	3.0	0,904	true	[014001, 014005, 014002, 014004, 014000]
3241	14	014001	014000	90	19.0	3.0	0,922	true	[014001, 014005, 014002, 014006, 014004, 014000]
3242	14	014001	014000	91	15.0	3.0	0,932	true	[014001, 014005, 014006, 014002, 014000]
3243	14	014001	014000	92	19.0	4.0	0,903	true	[014001, 014005, 014006, 014002, 014003, 014000]
3244	14	014001	014000	93	19.0	3.0	0,895	true	[014001, 014005, 014006, 014002, 014004, 014000]
3245	14	014001	014000	94	19.0	3.0	0,932	true	[014001, 014005, 014006, 014004, 014000]
3246	14	014001	014000	95	15.0	3.0	0,895	true	[014001, 014005, 014006, 014004, 014002, 014000]
3247	14	014001	014000	96	19.0	3.0	0,867	true	[014001, 014005, 014006, 014004, 014002, 014003, 014000]
3248	14	014001	014000	97	15.0	3.0	0,951	true	[014001, 014006, 014002, 014000]
3249	14	014001	014000	98	55.0	4.0	0,922	true	[014001, 014006, 014002, 014003, 014000]
3250	14	014001	014000	99	45.0	3.0	0,913	true	[014001, 014006, 014002, 014004, 014000]
3251	14	014001	014000	100	33.0	3.0	0,903	true	[014001, 014006, 014002, 014005, 014000]
3252	15	015003	015004	0	9.0	5.0	0,903	true	[015003, 015001, 015000, 015002, 015004]
3253	15	015003	015004	1	9.0	5.0	0,913	true	[015003, 015001, 015000, 015002, 015005, 015004]
3254	15	015003	015004	2	30.0	5.0	0,951	true	[015003, 015001, 015000, 015004]
3255	15	015003	015004	3	7.0	5.0	0,913	true	[015003, 015001, 015000, 015005, 015002, 015004]
3256	15	015003	015004	4	7.0	5.0	0,941	true	[015003, 015001, 015000, 015005, 015004]
3257	15	015003	015004	5	19.0	5.0	0,876	true	[015003, 015001, 015000, 015006, 015002, 015004]
3258	15	015003	015004	6	12.0	5.0	0,885	true	[015003, 015001, 015000, 015006, 015002, 015005, 015004]
3259	15	015003	015004	7	9.0	5.0	0,913	true	[015003, 015001, 015002, 015000, 015004]
3260	15	015003	015004	8	7.0	5.0	0,904	true	[015003, 015001, 015002, 015000, 015005, 015004]
3261	15	015003	015004	9	19.0	5.0	0,941	true	[015003, 015001, 015002, 015004]
3262	15	015003	015004	10	7.0	5.0	0,922	true	[015003, 015001, 015002, 015005, 015000, 015004]
3263	15	015003	015004	11	12.0	5.0	0,951	true	[015003, 015001, 015002, 015005, 015004]
3264	15	015003	015004	12	20.0	5.0	0,885	true	[015003, 015001, 015002, 015006, 015000, 015004]
3265	15	015003	015004	13	7.0	5.0	0,877	true	[015003, 015001, 015002, 015006, 015000, 015005, 015004]
3266	15	015003	015004	14	9.0	4.0	0,858	true	[015003, 015001, 015006, 015000, 015002, 015004]
3267	15	015003	015004	15	9.0	4.0	0,867	true	[015003, 015001, 015006, 015000, 015002, 015005, 015004]
3268	15	015003	015004	16	30.0	4.0	0,903	true	[015003, 015001, 015006, 015000, 015004]
3269	15	015003	015004	17	7.0	4.0	0,868	true	[015003, 015001, 015006, 015000, 015005, 015002, 015004]
3270	15	015003	015004	18	7.0	4.0	0,894	true	[015003, 015001, 015006, 015000, 015005, 015004]
3271	15	015003	015004	19	9.0	4.0	0,858	true	[015003, 015001, 015006, 015002, 015000, 015004]
3272	15	015003	015004	20	7.0	4.0	0,850	true	[015003, 015001, 015006, 015002, 015000, 015005, 015004]
3273	15	015003	015004	21	19.0	4.0	0,885	true	[015003, 015001, 015006, 015002, 015004]
3274	15	015003	015004	22	7.0	4.0	0,867	true	[015003, 015001, 015006, 015002, 015005, 015000, 015004]
3275	15	015003	015004	23	12.0	4.0	0,894	true	[015003, 015001, 015006, 015002, 015005, 015004]
3276	15	015003	015004	24	7.0	8.0	0,970	true	[015003, 015004]
3277	15	015003	015004	25	7.0	6.0	0,876	true	[015003, 015005, 015000, 015001, 015002, 015004]
3278	15	015003	015004	26	7.0	4.0	0,824	true	[015003, 015005, 015000, 015001, 015006, 015002, 015004]
3279	15	015003	015004	27	7.0	5.0	0,876	true	[015003, 015005, 015000, 015002, 015004]
3280	15	015003	015004	28	7.0	7.0	0,922	true	[015003, 015005, 015000, 015004]
3281	15	015003	015004	29	7.0	4.0	0,833	true	[015003, 015005, 015000, 015006, 015001, 015002, 015004]
3282	15	015003	015004	30	7.0	6.0	0,850	true	[015003, 015005, 015000, 015006, 015002, 015004]
3283	15	015003	015004	31	9.0	5.0	0,894	true	[015003, 015005, 015002, 015000, 015004]
3284	15	015003	015004	32	12.0	6.0	0,895	true	[015003, 015005, 015002, 015001, 015000, 015004]
3285	15	015003	015004	33	12.0	4.0	0,850	true	[015003, 015005, 015002, 015001, 015006, 015000, 015004]
3286	15	015003	015004	34	12.0	7.0	0,922	true	[015003, 015005, 015002, 015004]
3287	15	015003	015004	35	12.0	6.0	0,867	true	[015003, 015005, 015002, 015006, 015000, 015004]
3288	15	015003	015004	36	12.0	4.0	0,841	true	[015003, 015005, 015002, 015006, 015001, 015000, 015004]
3289	15	015003	015004	37	34.0	6.0	0,950	true	[015003, 015005, 015004]
3290	15	015003	015004	38	19.0	6.0	0,858	true	[015003, 015006, 015000, 015001, 015002, 015004]
3291	15	015003	015004	39	12.0	6.0	0,867	true	[015003, 015006, 015000, 015001, 015002, 015005, 015004]
3292	15	015003	015004	40	9.0	5.0	0,858	true	[015003, 015006, 015000, 015002, 015004]
3293	15	015003	015004	41	9.0	5.0	0,867	true	[015003, 015006, 015000, 015002, 015005, 015004]
3294	15	015003	015004	42	33.0	7.0	0,903	true	[015003, 015006, 015000, 015004]
3295	15	015003	015004	43	7.0	7.0	0,867	true	[015003, 015006, 015000, 015005, 015002, 015004]
3296	15	015003	015004	44	7.0	6.0	0,894	true	[015003, 015006, 015000, 015005, 015004]
3297	15	015003	015004	45	9.0	4.0	0,832	true	[015003, 015006, 015001, 015000, 015002, 015004]
3298	15	015003	015004	46	9.0	4.0	0,841	true	[015003, 015006, 015001, 015000, 015002, 015005, 015004]
3299	15	015003	015004	47	33.0	4.0	0,876	true	[015003, 015006, 015001, 015000, 015004]
3300	15	015003	015004	48	7.0	4.0	0,841	true	[015003, 015006, 015001, 015000, 015005, 015002, 015004]
3301	15	015003	015004	49	7.0	4.0	0,867	true	[015003, 015006, 015001, 015000, 015005, 015004]
3302	15	015003	015004	50	9.0	4.0	0,841	true	[015003, 015006, 015001, 015002, 015000, 015004]
3303	15	015003	015004	51	7.0	4.0	0,832	true	[015003, 015006, 015001, 015002, 015000, 015005, 015004]
3304	15	015003	015004	52	19.0	4.0	0,867	true	[015003, 015006, 015001, 015002, 015004]
3305	15	015003	015004	53	7.0	4.0	0,850	true	[015003, 015006, 015001, 015002, 015005, 015000, 015004]
3306	15	015003	015004	54	12.0	4.0	0,876	true	[015003, 015006, 015001, 015002, 015005, 015004]
3307	15	015003	015004	55	9.0	5.0	0,858	true	[015003, 015006, 015002, 015000, 015004]
3308	15	015003	015004	56	7.0	5.0	0,849	true	[015003, 015006, 015002, 015000, 015005, 015004]
3309	15	015003	015004	57	20.0	6.0	0,858	true	[015003, 015006, 015002, 015001, 015000, 015004]
3310	15	015003	015004	58	7.0	6.0	0,850	true	[015003, 015006, 015002, 015001, 015000, 015005, 015004]
3311	15	015003	015004	59	19.0	6.0	0,885	true	[015003, 015006, 015002, 015004]
3312	15	015003	015004	60	7.0	6.0	0,867	true	[015003, 015006, 015002, 015005, 015000, 015004]
3313	15	015003	015004	61	12.0	6.0	0,894	true	[015003, 015006, 015002, 015005, 015004]
3314	15	015003	015002	62	9.0	5.0	0,931	true	[015003, 015001, 015000, 015002]
3315	15	015003	015002	63	19.0	5.0	0,922	true	[015003, 015001, 015000, 015004, 015002]
3316	15	015003	015002	64	12.0	5.0	0,932	true	[015003, 015001, 015000, 015004, 015005, 015002]
3317	15	015003	015002	65	7.0	5.0	0,941	true	[015003, 015001, 015000, 015005, 015002]
3318	15	015003	015002	66	7.0	5.0	0,913	true	[015003, 015001, 015000, 015005, 015004, 015002]
3319	15	015003	015002	67	30.0	5.0	0,903	true	[015003, 015001, 015000, 015006, 015002]
3320	15	015003	015002	68	20.0	5.0	0,970	true	[015003, 015001, 015002]
3321	15	015003	015002	69	9.0	4.0	0,885	true	[015003, 015001, 015006, 015000, 015002]
3322	15	015003	015002	70	19.0	4.0	0,876	true	[015003, 015001, 015006, 015000, 015004, 015002]
3323	15	015003	015002	71	12.0	4.0	0,885	true	[015003, 015001, 015006, 015000, 015004, 015005, 015002]
3324	15	015003	015002	72	7.0	4.0	0,894	true	[015003, 015001, 015006, 015000, 015005, 015002]
3325	15	015003	015002	73	7.0	4.0	0,868	true	[015003, 015001, 015006, 015000, 015005, 015004, 015002]
3326	15	015003	015002	74	30.0	4.0	0,912	true	[015003, 015001, 015006, 015002]
3327	15	015003	015002	75	7.0	6.0	0,913	true	[015003, 015004, 015000, 015001, 015002]
3328	15	015003	015002	76	7.0	4.0	0,859	true	[015003, 015004, 015000, 015001, 015006, 015002]
3329	15	015003	015002	77	7.0	5.0	0,913	true	[015003, 015004, 015000, 015002]
3330	15	015003	015002	78	7.0	7.0	0,922	true	[015003, 015004, 015000, 015005, 015002]
3331	15	015003	015002	79	7.0	4.0	0,867	true	[015003, 015004, 015000, 015006, 015001, 015002]
3332	15	015003	015002	80	7.0	6.0	0,885	true	[015003, 015004, 015000, 015006, 015002]
3333	15	015003	015002	81	7.0	8.0	0,941	true	[015003, 015004, 015002]
3334	15	015003	015002	82	7.0	6.0	0,904	true	[015003, 015004, 015005, 015000, 015001, 015002]
3335	15	015003	015002	83	7.0	4.0	0,850	true	[015003, 015004, 015005, 015000, 015001, 015006, 015002]
3336	15	015003	015002	84	7.0	5.0	0,903	true	[015003, 015004, 015005, 015000, 015002]
3337	15	015003	015002	85	7.0	4.0	0,859	true	[015003, 015004, 015005, 015000, 015006, 015001, 015002]
3338	15	015003	015002	86	7.0	6.0	0,876	true	[015003, 015004, 015005, 015000, 015006, 015002]
3339	15	015003	015002	87	7.0	6.0	0,951	true	[015003, 015004, 015005, 015002]
3340	15	015003	015002	88	7.0	6.0	0,904	true	[015003, 015005, 015000, 015001, 015002]
3341	15	015003	015002	89	7.0	4.0	0,850	true	[015003, 015005, 015000, 015001, 015006, 015002]
3342	15	015003	015002	90	7.0	5.0	0,903	true	[015003, 015005, 015000, 015002]
3343	15	015003	015002	91	7.0	7.0	0,894	true	[015003, 015005, 015000, 015004, 015002]
3344	15	015003	015002	92	7.0	4.0	0,859	true	[015003, 015005, 015000, 015006, 015001, 015002]
3345	15	015003	015002	93	7.0	6.0	0,876	true	[015003, 015005, 015000, 015006, 015002]
3346	15	015003	015002	94	12.0	7.0	0,950	true	[015003, 015005, 015002]
3347	15	015003	015002	95	20.0	6.0	0,895	true	[015003, 015005, 015004, 015000, 015001, 015002]
3348	15	015003	015002	96	33.0	4.0	0,841	true	[015003, 015005, 015004, 015000, 015001, 015006, 015002]
3349	15	015003	015002	97	9.0	5.0	0,894	true	[015003, 015005, 015004, 015000, 015002]
3350	15	015003	015002	98	20.0	4.0	0,850	true	[015003, 015005, 015004, 015000, 015006, 015001, 015002]
3351	15	015003	015002	99	33.0	6.0	0,867	true	[015003, 015005, 015004, 015000, 015006, 015002]
3352	15	015003	015002	100	19.0	6.0	0,922	true	[015003, 015005, 015004, 015002]
3353	16	016001	016000	0	69.0	4.0	0,960	true	[016001, 016000]
3354	16	016001	016000	1	30.0	4.0	0,990	true	[016001, 016002, 016000]
3355	16	016001	016000	2	30.0	4.0	0,931	true	[016001, 016002, 016003, 016000]
3356	16	016001	016000	3	8.0	3.0	0,960	true	[016001, 016002, 016003, 016004, 016000]
3357	16	016001	016000	4	8.0	3.0	0,894	true	[016001, 016002, 016003, 016004, 016005, 016006, 016000]
3358	16	016001	016000	5	30.0	4.0	0,990	true	[016001, 016002, 016004, 016000]
3359	16	016001	016000	6	8.0	3.0	0,960	true	[016001, 016002, 016004, 016003, 016000]
3360	16	016001	016000	7	30.0	4.0	0,922	true	[016001, 016002, 016004, 016005, 016006, 016000]
3361	16	016001	016000	8	30.0	4.0	0,922	true	[016001, 016002, 016005, 016004, 016000]
3362	16	016001	016000	9	8.0	3.0	0,894	true	[016001, 016002, 016005, 016004, 016003, 016000]
3363	16	016001	016000	10	30.0	4.0	0,931	true	[016001, 016002, 016005, 016006, 016000]
3364	16	016001	016000	11	21.0	4.0	0,980	true	[016001, 016002, 016006, 016000]
3365	16	016001	016000	12	21.0	4.0	0,931	true	[016001, 016002, 016006, 016005, 016004, 016000]
3366	16	016001	016000	13	8.0	3.0	0,903	true	[016001, 016002, 016006, 016005, 016004, 016003, 016000]
3367	16	016001	016000	14	42.0	4.0	0,960	true	[016001, 016003, 016000]
3368	16	016001	016000	15	42.0	5.0	0,941	true	[016001, 016003, 016002, 016000]
3369	16	016001	016000	16	42.0	5.0	0,941	true	[016001, 016003, 016002, 016004, 016000]
3370	16	016001	016000	17	33.0	5.0	0,876	true	[016001, 016003, 016002, 016004, 016005, 016006, 016000]
3371	16	016001	016000	18	33.0	5.0	0,876	true	[016001, 016003, 016002, 016005, 016004, 016000]
3372	16	016001	016000	19	33.0	5.0	0,885	true	[016001, 016003, 016002, 016005, 016006, 016000]
3373	16	016001	016000	20	21.0	5.0	0,931	true	[016001, 016003, 016002, 016006, 016000]
3374	16	016001	016000	21	21.0	5.0	0,885	true	[016001, 016003, 016002, 016006, 016005, 016004, 016000]
3375	16	016001	016000	22	8.0	3.0	0,990	true	[016001, 016003, 016004, 016000]
3376	16	016001	016000	23	8.0	3.0	0,970	true	[016001, 016003, 016004, 016002, 016000]
3377	16	016001	016000	24	8.0	3.0	0,913	true	[016001, 016003, 016004, 016002, 016005, 016006, 016000]
3378	16	016001	016000	25	8.0	3.0	0,961	true	[016001, 016003, 016004, 016002, 016006, 016000]
3379	16	016001	016000	26	8.0	3.0	0,903	true	[016001, 016003, 016004, 016005, 016002, 016000]
3380	16	016001	016000	27	8.0	3.0	0,894	true	[016001, 016003, 016004, 016005, 016002, 016006, 016000]
3381	16	016001	016000	28	8.0	3.0	0,922	true	[016001, 016003, 016004, 016005, 016006, 016000]
3382	16	016001	016000	29	8.0	3.0	0,913	true	[016001, 016003, 016004, 016005, 016006, 016002, 016000]
3383	16	016001	016000	30	14.0	5.0	1,000	true	[016001, 016004, 016000]
3384	16	016001	016000	31	14.0	5.0	0,980	true	[016001, 016004, 016002, 016000]
3385	16	016001	016000	32	14.0	4.0	0,922	true	[016001, 016004, 016002, 016003, 016000]
3386	16	016001	016000	33	14.0	5.0	0,922	true	[016001, 016004, 016002, 016005, 016006, 016000]
3387	16	016001	016000	34	14.0	5.0	0,970	true	[016001, 016004, 016002, 016006, 016000]
3388	16	016001	016000	35	8.0	3.0	0,970	true	[016001, 016004, 016003, 016000]
3389	16	016001	016000	36	8.0	3.0	0,950	true	[016001, 016004, 016003, 016002, 016000]
3390	16	016001	016000	37	8.0	3.0	0,894	true	[016001, 016004, 016003, 016002, 016005, 016006, 016000]
3391	16	016001	016000	38	8.0	3.0	0,941	true	[016001, 016004, 016003, 016002, 016006, 016000]
3392	16	016001	016000	39	14.0	5.0	0,912	true	[016001, 016004, 016005, 016002, 016000]
3393	16	016001	016000	40	14.0	4.0	0,858	true	[016001, 016004, 016005, 016002, 016003, 016000]
3394	16	016001	016000	41	14.0	5.0	0,903	true	[016001, 016004, 016005, 016002, 016006, 016000]
3395	16	016001	016000	42	14.0	5.0	0,931	true	[016001, 016004, 016005, 016006, 016000]
3396	16	016001	016000	43	14.0	5.0	0,922	true	[016001, 016004, 016005, 016006, 016002, 016000]
3397	16	016001	016000	44	14.0	4.0	0,867	true	[016001, 016004, 016005, 016006, 016002, 016003, 016000]
3398	16	016001	016000	45	33.0	6.0	0,941	true	[016001, 016006, 016000]
3399	16	016001	016000	46	21.0	7.0	0,931	true	[016001, 016006, 016002, 016000]
3400	16	016001	016000	47	21.0	4.0	0,876	true	[016001, 016006, 016002, 016003, 016000]
3401	16	016001	016000	48	8.0	3.0	0,903	true	[016001, 016006, 016002, 016003, 016004, 016000]
3402	16	016001	016000	49	21.0	6.0	0,931	true	[016001, 016006, 016002, 016004, 016000]
3403	16	016001	016000	50	8.0	3.0	0,903	true	[016001, 016006, 016002, 016004, 016003, 016000]
3404	16	016001	016000	51	21.0	6.0	0,867	true	[016001, 016006, 016002, 016005, 016004, 016000]
3405	16	016001	016000	52	8.0	3.0	0,841	true	[016001, 016006, 016002, 016005, 016004, 016003, 016000]
3406	16	016001	016000	53	33.0	6.0	0,885	true	[016001, 016006, 016005, 016002, 016000]
3407	16	016001	016000	54	33.0	4.0	0,832	true	[016001, 016006, 016005, 016002, 016003, 016000]
3408	16	016001	016000	55	8.0	3.0	0,858	true	[016001, 016006, 016005, 016002, 016003, 016004, 016000]
3409	16	016001	016000	56	33.0	6.0	0,885	true	[016001, 016006, 016005, 016002, 016004, 016000]
3410	16	016001	016000	57	8.0	3.0	0,858	true	[016001, 016006, 016005, 016002, 016004, 016003, 016000]
3411	16	016001	016000	58	39.0	6.0	0,894	true	[016001, 016006, 016005, 016004, 016000]
3412	16	016001	016000	59	39.0	6.0	0,876	true	[016001, 016006, 016005, 016004, 016002, 016000]
3413	16	016001	016000	60	39.0	4.0	0,824	true	[016001, 016006, 016005, 016004, 016002, 016003, 016000]
3414	16	016001	016000	61	8.0	3.0	0,867	true	[016001, 016006, 016005, 016004, 016003, 016000]
3415	16	016001	016000	62	8.0	3.0	0,849	true	[016001, 016006, 016005, 016004, 016003, 016002, 016000]
3416	16	016001	016002	63	69.0	4.0	0,950	true	[016001, 016000, 016002]
3417	16	016001	016002	64	44.0	4.0	0,894	true	[016001, 016000, 016003, 016002]
3418	16	016001	016002	65	8.0	3.0	0,922	true	[016001, 016000, 016003, 016004, 016002]
3419	16	016001	016002	66	8.0	3.0	0,858	true	[016001, 016000, 016003, 016004, 016005, 016002]
3420	16	016001	016002	67	8.0	3.0	0,867	true	[016001, 016000, 016003, 016004, 016005, 016006, 016002]
3421	16	016001	016002	68	45.0	4.0	0,950	true	[016001, 016000, 016004, 016002]
3422	16	016001	016002	69	8.0	3.0	0,922	true	[016001, 016000, 016004, 016003, 016002]
3423	16	016001	016002	70	33.0	4.0	0,885	true	[016001, 016000, 016004, 016005, 016002]
3424	16	016001	016002	71	21.0	4.0	0,894	true	[016001, 016000, 016004, 016005, 016006, 016002]
3425	16	016001	016002	72	21.0	4.0	0,941	true	[016001, 016000, 016006, 016002]
3426	16	016001	016002	73	33.0	4.0	0,894	true	[016001, 016000, 016006, 016005, 016002]
3427	16	016001	016002	74	33.0	4.0	0,885	true	[016001, 016000, 016006, 016005, 016004, 016002]
3428	16	016001	016002	75	8.0	3.0	0,858	true	[016001, 016000, 016006, 016005, 016004, 016003, 016002]
3429	16	016001	016002	76	30.0	4.0	1,000	true	[016001, 016002]
3430	16	016001	016002	77	42.0	4.0	0,951	true	[016001, 016003, 016000, 016002]
3431	16	016001	016002	78	42.0	4.0	0,951	true	[016001, 016003, 016000, 016004, 016002]
3432	16	016001	016002	79	33.0	4.0	0,885	true	[016001, 016003, 016000, 016004, 016005, 016002]
3433	16	016001	016002	80	21.0	4.0	0,894	true	[016001, 016003, 016000, 016004, 016005, 016006, 016002]
3434	16	016001	016002	81	21.0	4.0	0,941	true	[016001, 016003, 016000, 016006, 016002]
3435	16	016001	016002	82	33.0	4.0	0,894	true	[016001, 016003, 016000, 016006, 016005, 016002]
3436	16	016001	016002	83	33.0	4.0	0,885	true	[016001, 016003, 016000, 016006, 016005, 016004, 016002]
3437	16	016001	016002	84	42.0	5.0	0,950	true	[016001, 016003, 016002]
3438	16	016001	016002	85	8.0	3.0	0,980	true	[016001, 016003, 016004, 016000, 016002]
3439	16	016001	016002	86	8.0	3.0	0,970	true	[016001, 016003, 016004, 016000, 016006, 016002]
3440	16	016001	016002	87	8.0	3.0	0,922	true	[016001, 016003, 016004, 016000, 016006, 016005, 016002]
3441	16	016001	016002	88	8.0	3.0	0,980	true	[016001, 016003, 016004, 016002]
3442	16	016001	016002	89	8.0	3.0	0,912	true	[016001, 016003, 016004, 016005, 016002]
3443	16	016001	016002	90	8.0	3.0	0,913	true	[016001, 016003, 016004, 016005, 016006, 016000, 016002]
3444	16	016001	016002	91	8.0	3.0	0,922	true	[016001, 016003, 016004, 016005, 016006, 016002]
3445	16	016001	016002	92	14.0	5.0	0,990	true	[016001, 016004, 016000, 016002]
3446	16	016001	016002	93	14.0	4.0	0,931	true	[016001, 016004, 016000, 016003, 016002]
3447	16	016001	016002	94	14.0	5.0	0,980	true	[016001, 016004, 016000, 016006, 016002]
3448	16	016001	016002	95	14.0	5.0	0,931	true	[016001, 016004, 016000, 016006, 016005, 016002]
3449	16	016001	016002	96	14.0	5.0	0,990	true	[016001, 016004, 016002]
3450	16	016001	016002	97	8.0	3.0	0,960	true	[016001, 016004, 016003, 016000, 016002]
3451	16	016001	016002	98	8.0	3.0	0,951	true	[016001, 016004, 016003, 016000, 016006, 016002]
3452	16	016001	016002	99	8.0	3.0	0,903	true	[016001, 016004, 016003, 016000, 016006, 016005, 016002]
3453	16	016001	016002	100	8.0	3.0	0,960	true	[016001, 016004, 016003, 016002]
3454	17	017004	017006	0	7.0	8.0	0,858	true	[017004, 017000, 017001, 017002, 017003, 017006]
3455	17	017004	017006	1	7.0	8.0	0,867	true	[017004, 017000, 017002, 017003, 017006]
3456	17	017004	017006	2	7.0	8.0	0,941	true	[017004, 017000, 017003, 017006]
3457	17	017004	017006	3	7.0	5.0	0,931	true	[017004, 017000, 017005, 017006]
3458	17	017004	017006	4	7.0	9.0	0,960	true	[017004, 017000, 017006]
3459	17	017004	017006	5	7.0	4.0	0,832	true	[017004, 017001, 017000, 017002, 017003, 017006]
3460	17	017004	017006	6	7.0	4.0	0,903	true	[017004, 017001, 017000, 017003, 017006]
3461	17	017004	017006	7	7.0	4.0	0,894	true	[017004, 017001, 017000, 017005, 017006]
3462	17	017004	017006	8	7.0	4.0	0,922	true	[017004, 017001, 017000, 017006]
3463	17	017004	017006	9	7.0	4.0	0,858	true	[017004, 017001, 017002, 017000, 017003, 017006]
3464	17	017004	017006	10	7.0	4.0	0,850	true	[017004, 017001, 017002, 017000, 017005, 017006]
3465	17	017004	017006	11	7.0	4.0	0,876	true	[017004, 017001, 017002, 017000, 017006]
3466	17	017004	017006	12	7.0	4.0	0,832	true	[017004, 017001, 017002, 017003, 017000, 017005, 017006]
3467	17	017004	017006	13	7.0	4.0	0,858	true	[017004, 017001, 017002, 017003, 017000, 017006]
3468	17	017004	017006	14	7.0	4.0	0,858	true	[017004, 017001, 017002, 017003, 017006]
3469	17	017004	017006	15	28.0	3.0	0,931	true	[017004, 017002, 017000, 017003, 017006]
3470	17	017004	017006	16	28.0	3.0	0,922	true	[017004, 017002, 017000, 017005, 017006]
3471	17	017004	017006	17	28.0	3.0	0,950	true	[017004, 017002, 017000, 017006]
3472	17	017004	017006	18	28.0	3.0	0,922	true	[017004, 017002, 017001, 017000, 017003, 017006]
3473	17	017004	017006	19	30.0	3.0	0,913	true	[017004, 017002, 017001, 017000, 017005, 017006]
3474	17	017004	017006	20	30.0	3.0	0,941	true	[017004, 017002, 017001, 017000, 017006]
3475	17	017004	017006	21	36.0	3.0	0,903	true	[017004, 017002, 017003, 017000, 017005, 017006]
3476	17	017004	017006	22	39.0	3.0	0,931	true	[017004, 017002, 017003, 017000, 017006]
3477	17	017004	017006	23	28.0	3.0	0,931	true	[017004, 017002, 017003, 017006]
3478	17	017004	017006	24	36.0	5.0	0,922	true	[017004, 017003, 017000, 017005, 017006]
3479	17	017004	017006	25	39.0	8.0	0,951	true	[017004, 017003, 017000, 017006]
3480	17	017004	017006	26	28.0	5.0	0,850	true	[017004, 017003, 017002, 017000, 017005, 017006]
3481	17	017004	017006	27	28.0	8.0	0,876	true	[017004, 017003, 017002, 017000, 017006]
3482	17	017004	017006	28	30.0	5.0	0,841	true	[017004, 017003, 017002, 017001, 017000, 017005, 017006]
3483	17	017004	017006	29	30.0	8.0	0,867	true	[017004, 017003, 017002, 017001, 017000, 017006]
3484	17	017004	017006	30	28.0	8.0	0,951	true	[017004, 017003, 017006]
3485	17	017004	017006	31	11.0	3.0	0,990	true	[017004, 017006]
3486	17	017004	017003	32	7.0	8.0	0,876	true	[017004, 017000, 017001, 017002, 017003]
3487	17	017004	017003	33	7.0	8.0	0,885	true	[017004, 017000, 017002, 017003]
3488	17	017004	017003	34	7.0	9.0	0,960	true	[017004, 017000, 017003]
3489	17	017004	017003	35	7.0	5.0	0,913	true	[017004, 017000, 017005, 017006, 017003]
3490	17	017004	017003	36	7.0	8.0	0,941	true	[017004, 017000, 017006, 017003]
3491	17	017004	017003	37	7.0	4.0	0,849	true	[017004, 017001, 017000, 017002, 017003]
3492	17	017004	017003	38	7.0	4.0	0,922	true	[017004, 017001, 017000, 017003]
3493	17	017004	017003	39	7.0	4.0	0,876	true	[017004, 017001, 017000, 017005, 017006, 017003]
3494	17	017004	017003	40	7.0	4.0	0,903	true	[017004, 017001, 017000, 017006, 017003]
3495	17	017004	017003	41	7.0	4.0	0,876	true	[017004, 017001, 017002, 017000, 017003]
3496	17	017004	017003	42	7.0	4.0	0,833	true	[017004, 017001, 017002, 017000, 017005, 017006, 017003]
3497	17	017004	017003	43	7.0	4.0	0,858	true	[017004, 017001, 017002, 017000, 017006, 017003]
3498	17	017004	017003	44	7.0	4.0	0,875	true	[017004, 017001, 017002, 017003]
3499	17	017004	017003	45	28.0	3.0	0,950	true	[017004, 017002, 017000, 017003]
3500	17	017004	017003	46	28.0	3.0	0,903	true	[017004, 017002, 017000, 017005, 017006, 017003]
3501	17	017004	017003	47	28.0	3.0	0,931	true	[017004, 017002, 017000, 017006, 017003]
3502	17	017004	017003	48	30.0	3.0	0,941	true	[017004, 017002, 017001, 017000, 017003]
3503	17	017004	017003	49	28.0	3.0	0,895	true	[017004, 017002, 017001, 017000, 017005, 017006, 017003]
3504	17	017004	017003	50	28.0	3.0	0,922	true	[017004, 017002, 017001, 017000, 017006, 017003]
3505	17	017004	017003	51	47.0	3.0	0,950	true	[017004, 017002, 017003]
3506	17	017004	017003	52	68.0	8.0	0,970	true	[017004, 017003]
3507	17	017004	017003	53	11.0	3.0	0,885	true	[017004, 017006, 017000, 017001, 017002, 017003]
3508	17	017004	017003	54	11.0	3.0	0,894	true	[017004, 017006, 017000, 017002, 017003]
3509	17	017004	017003	55	11.0	3.0	0,970	true	[017004, 017006, 017000, 017003]
3510	17	017004	017003	56	11.0	3.0	0,970	true	[017004, 017006, 017003]
3511	17	017004	017003	57	11.0	3.0	0,859	true	[017004, 017006, 017005, 017000, 017001, 017002, 017003]
3512	17	017004	017003	58	11.0	3.0	0,867	true	[017004, 017006, 017005, 017000, 017002, 017003]
3513	17	017004	017003	59	11.0	3.0	0,941	true	[017004, 017006, 017005, 017000, 017003]
3514	17	017006	017003	60	30.0	8.0	0,894	true	[017006, 017000, 017001, 017002, 017003]
3515	17	017006	017003	61	30.0	3.0	0,913	true	[017006, 017000, 017001, 017002, 017004, 017003]
3516	17	017006	017003	62	7.0	3.0	0,876	true	[017006, 017000, 017001, 017004, 017002, 017003]
3517	17	017006	017003	63	7.0	4.0	0,894	true	[017006, 017000, 017001, 017004, 017003]
3518	17	017006	017003	64	7.0	4.0	0,850	true	[017006, 017000, 017002, 017001, 017004, 017003]
3519	17	017006	017003	65	28.0	8.0	0,903	true	[017006, 017000, 017002, 017003]
3520	17	017006	017003	66	28.0	3.0	0,922	true	[017006, 017000, 017002, 017004, 017003]
3521	17	017006	017003	67	39.0	9.0	0,980	true	[017006, 017000, 017003]
3522	17	017006	017003	68	7.0	4.0	0,841	true	[017006, 017000, 017004, 017001, 017002, 017003]
3523	17	017006	017003	69	7.0	3.0	0,912	true	[017006, 017000, 017004, 017002, 017003]
3524	17	017006	017003	70	7.0	8.0	0,931	true	[017006, 017000, 017004, 017003]
3525	17	017006	017003	71	28.0	8.0	0,980	true	[017006, 017003]
3526	17	017006	017003	72	7.0	3.0	0,867	true	[017006, 017004, 017000, 017001, 017002, 017003]
3527	17	017006	017003	73	7.0	3.0	0,876	true	[017006, 017004, 017000, 017002, 017003]
3528	17	017006	017003	74	7.0	3.0	0,951	true	[017006, 017004, 017000, 017003]
3529	17	017006	017003	75	7.0	3.0	0,841	true	[017006, 017004, 017001, 017000, 017002, 017003]
3530	17	017006	017003	76	7.0	3.0	0,912	true	[017006, 017004, 017001, 017000, 017003]
3531	17	017006	017003	77	7.0	3.0	0,867	true	[017006, 017004, 017001, 017002, 017000, 017003]
3532	17	017006	017003	78	7.0	3.0	0,867	true	[017006, 017004, 017001, 017002, 017003]
3533	17	017006	017003	79	11.0	3.0	0,941	true	[017006, 017004, 017002, 017000, 017003]
3534	17	017006	017003	80	11.0	3.0	0,932	true	[017006, 017004, 017002, 017001, 017000, 017003]
3535	17	017006	017003	81	11.0	3.0	0,941	true	[017006, 017004, 017002, 017003]
3536	17	017006	017003	82	11.0	3.0	0,960	true	[017006, 017004, 017003]
3537	17	017006	017003	83	30.0	5.0	0,867	true	[017006, 017005, 017000, 017001, 017002, 017003]
3538	17	017006	017003	84	30.0	3.0	0,885	true	[017006, 017005, 017000, 017001, 017002, 017004, 017003]
3539	17	017006	017003	85	7.0	3.0	0,849	true	[017006, 017005, 017000, 017001, 017004, 017002, 017003]
3540	17	017006	017003	86	7.0	4.0	0,867	true	[017006, 017005, 017000, 017001, 017004, 017003]
3541	17	017006	017003	87	7.0	4.0	0,824	true	[017006, 017005, 017000, 017002, 017001, 017004, 017003]
3542	17	017006	017003	88	28.0	5.0	0,876	true	[017006, 017005, 017000, 017002, 017003]
3543	17	017006	017003	89	28.0	3.0	0,894	true	[017006, 017005, 017000, 017002, 017004, 017003]
3544	17	017006	017003	90	36.0	5.0	0,951	true	[017006, 017005, 017000, 017003]
3545	17	017006	017003	91	7.0	4.0	0,815	true	[017006, 017005, 017000, 017004, 017001, 017002, 017003]
3546	17	017006	017003	92	7.0	3.0	0,885	true	[017006, 017005, 017000, 017004, 017002, 017003]
3547	17	017006	017003	93	7.0	5.0	0,904	true	[017006, 017005, 017000, 017004, 017003]
3548	18	018004	018006	0	27.0	3.0	0,932	true	[018004, 018000, 018001, 018003, 018002, 018006]
3549	18	018004	018006	1	17.0	4.0	0,876	true	[018004, 018000, 018001, 018003, 018005, 018006]
3550	18	018004	018006	2	27.0	3.0	0,941	true	[018004, 018000, 018001, 018003, 018006]
3551	18	018004	018006	3	5.0	3.0	0,903	true	[018004, 018000, 018001, 018005, 018003, 018002, 018006]
3552	18	018004	018006	4	5.0	3.0	0,912	true	[018004, 018000, 018001, 018005, 018003, 018006]
3553	18	018004	018006	5	5.0	4.0	0,941	true	[018004, 018000, 018001, 018005, 018006]
3554	18	018004	018006	6	9.0	6.0	0,960	true	[018004, 018000, 018001, 018006]
3555	18	018004	018006	7	5.0	3.0	0,903	true	[018004, 018000, 018002, 018003, 018001, 018005, 018006]
3556	18	018004	018006	8	9.0	3.0	0,922	true	[018004, 018000, 018002, 018003, 018001, 018006]
3557	18	018004	018006	9	5.0	3.0	0,894	true	[018004, 018000, 018002, 018003, 018005, 018001, 018006]
3558	18	018004	018006	10	12.0	3.0	0,876	true	[018004, 018000, 018002, 018003, 018005, 018006]
3559	18	018004	018006	11	12.0	3.0	0,941	true	[018004, 018000, 018002, 018003, 018006]
3560	18	018004	018006	12	12.0	5.0	0,951	true	[018004, 018000, 018002, 018006]
3561	18	018004	018006	13	5.0	4.0	0,894	true	[018004, 018000, 018003, 018001, 018005, 018006]
3562	18	018004	018006	14	8.0	6.0	0,913	true	[018004, 018000, 018003, 018001, 018006]
3563	18	018004	018006	15	8.0	3.0	0,922	true	[018004, 018000, 018003, 018002, 018006]
3564	18	018004	018006	16	5.0	6.0	0,885	true	[018004, 018000, 018003, 018005, 018001, 018006]
3565	18	018004	018006	17	8.0	4.0	0,867	true	[018004, 018000, 018003, 018005, 018006]
3566	18	018004	018006	18	8.0	3.0	0,931	true	[018004, 018000, 018003, 018006]
3567	18	018004	018006	19	5.0	3.0	0,885	true	[018004, 018000, 018005, 018001, 018003, 018002, 018006]
3568	18	018004	018006	20	5.0	3.0	0,894	true	[018004, 018000, 018005, 018001, 018003, 018006]
3569	18	018004	018006	21	5.0	4.0	0,912	true	[018004, 018000, 018005, 018001, 018006]
3570	18	018004	018006	22	9.0	4.0	0,849	true	[018004, 018000, 018005, 018003, 018001, 018006]
3571	18	018004	018006	23	25.0	3.0	0,858	true	[018004, 018000, 018005, 018003, 018002, 018006]
3572	18	018004	018006	24	25.0	3.0	0,867	true	[018004, 018000, 018005, 018003, 018006]
3573	18	018004	018006	25	17.0	4.0	0,893	true	[018004, 018000, 018005, 018006]
3574	18	018004	018006	26	6.0	3.0	0,885	true	[018004, 018001, 018000, 018002, 018003, 018005, 018006]
3575	18	018004	018006	27	6.0	3.0	0,951	true	[018004, 018001, 018000, 018002, 018003, 018006]
3576	18	018004	018006	28	6.0	3.0	0,960	true	[018004, 018001, 018000, 018002, 018006]
3577	18	018004	018006	29	6.0	3.0	0,931	true	[018004, 018001, 018000, 018003, 018002, 018006]
3578	18	018004	018006	30	6.0	3.0	0,875	true	[018004, 018001, 018000, 018003, 018005, 018006]
3579	18	018004	018006	31	6.0	3.0	0,941	true	[018004, 018001, 018000, 018003, 018006]
3580	18	018004	018006	32	6.0	3.0	0,867	true	[018004, 018001, 018000, 018005, 018003, 018002, 018006]
3581	18	018004	018006	33	6.0	3.0	0,875	true	[018004, 018001, 018000, 018005, 018003, 018006]
3582	18	018004	018006	34	6.0	3.0	0,903	true	[018004, 018001, 018000, 018005, 018006]
3583	18	018004	018006	35	6.0	3.0	0,913	true	[018004, 018001, 018003, 018000, 018002, 018006]
3584	18	018004	018006	36	6.0	3.0	0,858	true	[018004, 018001, 018003, 018000, 018005, 018006]
3585	18	018004	018006	37	6.0	3.0	0,867	true	[018004, 018001, 018003, 018002, 018000, 018005, 018006]
3586	18	018004	018006	38	6.0	3.0	0,941	true	[018004, 018001, 018003, 018002, 018006]
3587	18	018004	018006	39	6.0	3.0	0,849	true	[018004, 018001, 018003, 018005, 018000, 018002, 018006]
3588	18	018004	018006	40	6.0	3.0	0,884	true	[018004, 018001, 018003, 018005, 018006]
3589	18	018004	018006	41	6.0	3.0	0,951	true	[018004, 018001, 018003, 018006]
3590	18	018004	018006	42	5.0	3.0	0,903	true	[018004, 018001, 018005, 018000, 018002, 018003, 018006]
3591	18	018004	018006	43	5.0	3.0	0,912	true	[018004, 018001, 018005, 018000, 018002, 018006]
3592	18	018004	018006	44	5.0	3.0	0,885	true	[018004, 018001, 018005, 018000, 018003, 018002, 018006]
3593	18	018004	018006	45	5.0	3.0	0,894	true	[018004, 018001, 018005, 018000, 018003, 018006]
3594	18	018004	018006	46	5.0	3.0	0,885	true	[018004, 018001, 018005, 018003, 018000, 018002, 018006]
3595	18	018004	018006	47	5.0	3.0	0,912	true	[018004, 018001, 018005, 018003, 018002, 018006]
3596	18	018004	018006	48	5.0	3.0	0,922	true	[018004, 018001, 018005, 018003, 018006]
3597	18	018004	018006	49	5.0	3.0	0,950	true	[018004, 018001, 018005, 018006]
3598	18	018004	018006	50	6.0	3.0	0,970	true	[018004, 018001, 018006]
3599	18	018004	018006	51	12.0	4.0	0,841	true	[018004, 018002, 018000, 018001, 018003, 018005, 018006]
3600	18	018004	018006	52	12.0	3.0	0,903	true	[018004, 018002, 018000, 018001, 018003, 018006]
3601	18	018004	018006	53	5.0	3.0	0,876	true	[018004, 018002, 018000, 018001, 018005, 018003, 018006]
3602	18	018004	018006	54	5.0	4.0	0,903	true	[018004, 018002, 018000, 018001, 018005, 018006]
3603	18	018004	018006	55	9.0	5.0	0,922	true	[018004, 018002, 018000, 018001, 018006]
3604	18	018004	018006	56	5.0	4.0	0,858	true	[018004, 018002, 018000, 018003, 018001, 018005, 018006]
3605	18	018004	018006	57	8.0	5.0	0,876	true	[018004, 018002, 018000, 018003, 018001, 018006]
3606	18	018004	018006	58	5.0	5.0	0,850	true	[018004, 018002, 018000, 018003, 018005, 018001, 018006]
3607	18	018004	018006	59	8.0	4.0	0,832	true	[018004, 018002, 018000, 018003, 018005, 018006]
3608	18	018004	018006	60	8.0	3.0	0,894	true	[018004, 018002, 018000, 018003, 018006]
3609	18	018004	018006	61	5.0	3.0	0,858	true	[018004, 018002, 018000, 018005, 018001, 018003, 018006]
3610	18	018004	018006	62	5.0	4.0	0,876	true	[018004, 018002, 018000, 018005, 018001, 018006]
3611	18	018004	018006	63	9.0	4.0	0,815	true	[018004, 018002, 018000, 018005, 018003, 018001, 018006]
3612	18	018004	018006	64	12.0	3.0	0,832	true	[018004, 018002, 018000, 018005, 018003, 018006]
3613	18	018004	018006	65	12.0	4.0	0,858	true	[018004, 018002, 018000, 018005, 018006]
3614	18	018004	018006	66	5.0	3.0	0,876	true	[018004, 018002, 018003, 018000, 018001, 018005, 018006]
3615	18	018004	018006	67	8.0	3.0	0,894	true	[018004, 018002, 018003, 018000, 018001, 018006]
3616	18	018004	018006	68	5.0	3.0	0,850	true	[018004, 018002, 018003, 018000, 018005, 018001, 018006]
3617	18	018004	018006	69	8.0	3.0	0,832	true	[018004, 018002, 018003, 018000, 018005, 018006]
3618	18	018004	018006	70	17.0	3.0	0,841	true	[018004, 018002, 018003, 018001, 018000, 018005, 018006]
3619	18	018004	018006	71	5.0	3.0	0,885	true	[018004, 018002, 018003, 018001, 018005, 018006]
3620	18	018004	018006	72	9.0	3.0	0,903	true	[018004, 018002, 018003, 018001, 018006]
3621	18	018004	018006	73	9.0	3.0	0,832	true	[018004, 018002, 018003, 018005, 018000, 018001, 018006]
3622	18	018004	018006	74	5.0	3.0	0,876	true	[018004, 018002, 018003, 018005, 018001, 018006]
3623	18	018004	018006	75	17.0	3.0	0,858	true	[018004, 018002, 018003, 018005, 018006]
3624	18	018004	018006	76	54.0	3.0	0,922	true	[018004, 018002, 018003, 018006]
3625	18	018004	018006	77	69.0	7.0	0,931	true	[018004, 018002, 018006]
3626	19	019006	019003	0	7.0	3.0	0,858	true	[019006, 019001, 019000, 019002, 019004, 019003]
3627	19	019006	019003	1	7.0	3.0	0,868	true	[019006, 019001, 019000, 019002, 019004, 019005, 019003]
3628	19	019006	019003	2	7.0	3.0	0,895	true	[019006, 019001, 019000, 019002, 019005, 019003]
3629	19	019006	019003	3	7.0	3.0	0,867	true	[019006, 019001, 019000, 019002, 019005, 019004, 019003]
3630	19	019006	019003	4	7.0	3.0	0,850	true	[019006, 019001, 019000, 019004, 019002, 019005, 019003]
3631	19	019006	019003	5	7.0	3.0	0,867	true	[019006, 019001, 019000, 019004, 019003]
3632	19	019006	019003	6	7.0	3.0	0,876	true	[019006, 019001, 019000, 019004, 019005, 019003]
3633	19	019006	019003	7	7.0	3.0	0,859	true	[019006, 019001, 019000, 019005, 019002, 019004, 019003]
3634	19	019006	019003	8	7.0	3.0	0,913	true	[019006, 019001, 019000, 019005, 019003]
3635	19	019006	019003	9	7.0	3.0	0,885	true	[019006, 019001, 019000, 019005, 019004, 019003]
3636	19	019006	019003	10	31.0	4.0	0,815	true	[019006, 019001, 019002, 019000, 019004, 019003]
3637	19	019006	019003	11	22.0	4.0	0,824	true	[019006, 019001, 019002, 019000, 019004, 019005, 019003]
3638	19	019006	019003	12	27.0	5.0	0,859	true	[019006, 019001, 019002, 019000, 019005, 019003]
3639	19	019006	019003	13	22.0	5.0	0,833	true	[019006, 019001, 019002, 019000, 019005, 019004, 019003]
3640	19	019006	019003	14	27.0	4.0	0,816	true	[019006, 019001, 019002, 019004, 019000, 019005, 019003]
3641	19	019006	019003	15	37.0	5.0	0,858	true	[019006, 019001, 019002, 019004, 019003]
3642	19	019006	019003	16	22.0	5.0	0,867	true	[019006, 019001, 019002, 019004, 019005, 019003]
3643	19	019006	019003	17	18.0	4.0	0,815	true	[019006, 019001, 019002, 019005, 019000, 019004, 019003]
3644	19	019006	019003	18	18.0	4.0	0,894	true	[019006, 019001, 019002, 019005, 019003]
3645	19	019006	019003	19	18.0	4.0	0,867	true	[019006, 019001, 019002, 019005, 019004, 019003]
3646	19	019006	019003	20	37.0	6.0	0,922	true	[019006, 019001, 019003]
3647	19	019006	019003	21	18.0	4.0	0,841	true	[019006, 019001, 019004, 019000, 019002, 019005, 019003]
3648	19	019006	019003	22	27.0	4.0	0,858	true	[019006, 019001, 019004, 019000, 019005, 019003]
3649	19	019006	019003	23	27.0	4.0	0,850	true	[019006, 019001, 019004, 019002, 019000, 019005, 019003]
3650	19	019006	019003	24	18.0	4.0	0,885	true	[019006, 019001, 019004, 019002, 019005, 019003]
3651	19	019006	019003	25	37.0	4.0	0,903	true	[019006, 019001, 019004, 019003]
3652	19	019006	019003	26	22.0	4.0	0,913	true	[019006, 019001, 019004, 019005, 019003]
3653	19	019006	019003	27	31.0	5.0	0,833	true	[019006, 019001, 019005, 019000, 019002, 019004, 019003]
3654	19	019006	019003	28	33.0	4.0	0,841	true	[019006, 019001, 019005, 019000, 019004, 019003]
3655	19	019006	019003	29	18.0	4.0	0,824	true	[019006, 019001, 019005, 019002, 019000, 019004, 019003]
3656	19	019006	019003	30	18.0	4.0	0,867	true	[019006, 019001, 019005, 019002, 019004, 019003]
3657	19	019006	019003	31	27.0	6.0	0,922	true	[019006, 019001, 019005, 019003]
3658	19	019006	019003	32	22.0	5.0	0,894	true	[019006, 019001, 019005, 019004, 019003]
3659	19	019006	019003	33	7.0	3.0	0,858	true	[019006, 019004, 019000, 019001, 019002, 019005, 019003]
3660	19	019006	019003	34	7.0	3.0	0,885	true	[019006, 019004, 019000, 019001, 019003]
3661	19	019006	019003	35	7.0	3.0	0,885	true	[019006, 019004, 019000, 019001, 019005, 019003]
3662	19	019006	019003	36	31.0	4.0	0,832	true	[019006, 019004, 019000, 019002, 019001, 019003]
3663	19	019006	019003	37	27.0	4.0	0,833	true	[019006, 019004, 019000, 019002, 019001, 019005, 019003]
3664	19	019006	019003	38	18.0	4.0	0,841	true	[019006, 019004, 019000, 019002, 019005, 019001, 019003]
3665	19	019006	019003	39	18.0	4.0	0,876	true	[019006, 019004, 019000, 019002, 019005, 019003]
3666	19	019006	019003	40	33.0	4.0	0,858	true	[019006, 019004, 019000, 019005, 019001, 019003]
3667	19	019006	019003	41	18.0	4.0	0,832	true	[019006, 019004, 019000, 019005, 019002, 019001, 019003]
3668	19	019006	019003	42	27.0	4.0	0,894	true	[019006, 019004, 019000, 019005, 019003]
3669	19	019006	019003	43	7.0	3.0	0,895	true	[019006, 019004, 019001, 019000, 019002, 019005, 019003]
3670	19	019006	019003	44	7.0	3.0	0,913	true	[019006, 019004, 019001, 019000, 019005, 019003]
3671	19	019006	019003	45	27.0	4.0	0,859	true	[019006, 019004, 019001, 019002, 019000, 019005, 019003]
3672	19	019006	019003	46	18.0	4.0	0,894	true	[019006, 019004, 019001, 019002, 019005, 019003]
3673	19	019006	019003	47	58.0	4.0	0,922	true	[019006, 019004, 019001, 019003]
3674	19	019006	019003	48	27.0	4.0	0,922	true	[019006, 019004, 019001, 019005, 019003]
3675	19	019006	019003	49	7.0	3.0	0,876	true	[019006, 019004, 019002, 019000, 019001, 019003]
3676	19	019006	019003	50	7.0	3.0	0,877	true	[019006, 019004, 019002, 019000, 019001, 019005, 019003]
3677	19	019006	019003	51	31.0	5.0	0,850	true	[019006, 019004, 019002, 019000, 019005, 019001, 019003]
3678	19	019006	019003	52	27.0	5.0	0,885	true	[019006, 019004, 019002, 019000, 019005, 019003]
3679	19	019006	019003	53	7.0	3.0	0,868	true	[019006, 019004, 019002, 019001, 019000, 019005, 019003]
3680	19	019006	019003	54	43.0	5.0	0,876	true	[019006, 019004, 019002, 019001, 019003]
3681	19	019006	019003	55	27.0	5.0	0,876	true	[019006, 019004, 019002, 019001, 019005, 019003]
3682	19	019006	019003	56	7.0	3.0	0,876	true	[019006, 019004, 019002, 019005, 019000, 019001, 019003]
3683	19	019006	019003	57	18.0	4.0	0,885	true	[019006, 019004, 019002, 019005, 019001, 019003]
3684	19	019006	019003	58	18.0	4.0	0,922	true	[019006, 019004, 019002, 019005, 019003]
3685	19	019006	019003	59	50.0	5.0	0,941	true	[019006, 019004, 019003]
3686	19	019006	019003	60	7.0	3.0	0,903	true	[019006, 019004, 019005, 019000, 019001, 019003]
3687	19	019006	019003	61	22.0	5.0	0,850	true	[019006, 019004, 019005, 019000, 019002, 019001, 019003]
3688	19	019006	019003	62	22.0	6.0	0,912	true	[019006, 019004, 019005, 019001, 019003]
3689	19	019006	019003	63	7.0	3.0	0,885	true	[019006, 019004, 019005, 019002, 019000, 019001, 019003]
3690	19	019006	019003	64	18.0	4.0	0,885	true	[019006, 019004, 019005, 019002, 019001, 019003]
3691	19	019006	019003	65	22.0	7.0	0,951	true	[019006, 019004, 019005, 019003]
3692	19	019006	019003	66	7.0	3.0	0,850	true	[019006, 019005, 019000, 019001, 019002, 019004, 019003]
3693	19	019006	019003	67	7.0	3.0	0,912	true	[019006, 019005, 019000, 019001, 019003]
3694	19	019006	019003	68	7.0	3.0	0,894	true	[019006, 019005, 019000, 019001, 019004, 019003]
3695	19	019006	019003	69	31.0	5.0	0,858	true	[019006, 019005, 019000, 019002, 019001, 019003]
3696	19	019006	019003	70	31.0	4.0	0,841	true	[019006, 019005, 019000, 019002, 019001, 019004, 019003]
3697	19	019006	019003	71	31.0	4.0	0,850	true	[019006, 019005, 019000, 019002, 019004, 019001, 019003]
3698	19	019006	019003	72	31.0	5.0	0,867	true	[019006, 019005, 019000, 019002, 019004, 019003]
3699	19	019006	019003	73	58.0	4.0	0,858	true	[019006, 019005, 019000, 019004, 019001, 019003]
3700	19	019006	019003	74	43.0	4.0	0,815	true	[019006, 019005, 019000, 019004, 019002, 019001, 019003]
3701	19	019006	019003	75	50.0	4.0	0,876	true	[019006, 019005, 019000, 019004, 019003]
3702	19	019006	019003	76	7.0	3.0	0,859	true	[019006, 019005, 019001, 019000, 019002, 019004, 019003]
3703	19	019006	019003	77	7.0	3.0	0,867	true	[019006, 019005, 019001, 019000, 019004, 019003]
3704	19	019006	019003	78	31.0	4.0	0,815	true	[019006, 019005, 019001, 019002, 019000, 019004, 019003]
3705	19	019006	019003	79	33.0	5.0	0,858	true	[019006, 019005, 019001, 019002, 019004, 019003]
3706	19	019006	019003	80	33.0	5.0	0,922	true	[019006, 019005, 019001, 019003]
3707	19	019006	019003	81	33.0	4.0	0,903	true	[019006, 019005, 019001, 019004, 019003]
3708	19	019006	019003	82	7.0	3.0	0,894	true	[019006, 019005, 019002, 019000, 019001, 019003]
3709	19	019006	019003	83	7.0	3.0	0,876	true	[019006, 019005, 019002, 019000, 019001, 019004, 019003]
3710	19	019006	019003	84	18.0	4.0	0,841	true	[019006, 019005, 019002, 019000, 019004, 019001, 019003]
3711	19	019006	019003	85	18.0	4.0	0,858	true	[019006, 019005, 019002, 019000, 019004, 019003]
3712	19	019006	019003	86	7.0	3.0	0,841	true	[019006, 019005, 019002, 019001, 019000, 019004, 019003]
3713	19	019006	019003	87	18.0	4.0	0,894	true	[019006, 019005, 019002, 019001, 019003]
3714	19	019006	019003	88	18.0	4.0	0,876	true	[019006, 019005, 019002, 019001, 019004, 019003]
3715	19	019006	019003	89	7.0	3.0	0,849	true	[019006, 019005, 019002, 019004, 019000, 019001, 019003]
3716	19	019006	019003	90	18.0	4.0	0,885	true	[019006, 019005, 019002, 019004, 019001, 019003]
3717	19	019006	019003	91	18.0	4.0	0,903	true	[019006, 019005, 019002, 019004, 019003]
3718	19	019006	019003	92	27.0	5.0	0,960	true	[019006, 019005, 019003]
3719	19	019006	019003	93	7.0	3.0	0,876	true	[019006, 019005, 019004, 019000, 019001, 019003]
3720	19	019006	019003	94	22.0	4.0	0,824	true	[019006, 019005, 019004, 019000, 019002, 019001, 019003]
3721	19	019006	019003	95	22.0	4.0	0,912	true	[019006, 019005, 019004, 019001, 019003]
3722	19	019006	019003	96	7.0	3.0	0,867	true	[019006, 019005, 019004, 019002, 019000, 019001, 019003]
3723	19	019006	019003	97	22.0	5.0	0,867	true	[019006, 019005, 019004, 019002, 019001, 019003]
3724	19	019006	019003	98	22.0	5.0	0,931	true	[019006, 019005, 019004, 019003]
3725	19	019006	019002	99	7.0	3.0	0,931	true	[019006, 019001, 019000, 019002]
3726	19	019006	019002	100	7.0	3.0	0,885	true	[019006, 019001, 019000, 019004, 019002]
3727	19	019006	019002	101	37.0	6.0	0,931	true	[019006, 019001, 019002]
3728	20	020006	020001	0	12.0	4.0	0,912	true	[020006, 020000, 020002, 020001]
3729	20	020006	020001	1	22.0	4.0	0,849	true	[020006, 020000, 020002, 020003, 020001]
3730	20	020006	020001	2	12.0	4.0	0,841	true	[020006, 020000, 020002, 020003, 020004, 020001]
3731	20	020006	020001	3	22.0	4.0	0,867	true	[020006, 020000, 020002, 020004, 020001]
3732	20	020006	020001	4	12.0	4.0	0,824	true	[020006, 020000, 020002, 020004, 020003, 020001]
3733	20	020006	020001	5	22.0	4.0	0,876	true	[020006, 020000, 020002, 020005, 020004, 020001]
3734	20	020006	020001	6	12.0	4.0	0,832	true	[020006, 020000, 020002, 020005, 020004, 020003, 020001]
3735	20	020006	020001	7	22.0	6.0	0,866	true	[020006, 020000, 020003, 020001]
3736	20	020006	020001	8	12.0	5.0	0,858	true	[020006, 020000, 020003, 020002, 020001]
3737	20	020006	020001	9	22.0	5.0	0,815	true	[020006, 020000, 020003, 020002, 020004, 020001]
3738	20	020006	020001	10	22.0	5.0	0,824	true	[020006, 020000, 020003, 020002, 020005, 020004, 020001]
3739	20	020006	020001	11	12.0	6.0	0,858	true	[020006, 020000, 020003, 020004, 020001]
3740	20	020006	020001	12	12.0	6.0	0,832	true	[020006, 020000, 020003, 020004, 020002, 020001]
3741	20	020006	020001	13	12.0	5.0	0,841	true	[020006, 020000, 020003, 020004, 020005, 020002, 020001]
3742	20	020006	020001	14	12.0	5.0	0,894	true	[020006, 020000, 020005, 020002, 020001]
3743	20	020006	020001	15	22.0	5.0	0,832	true	[020006, 020000, 020005, 020002, 020003, 020001]
3744	20	020006	020001	16	12.0	5.0	0,824	true	[020006, 020000, 020005, 020002, 020003, 020004, 020001]
3745	20	020006	020001	17	22.0	5.0	0,850	true	[020006, 020000, 020005, 020002, 020004, 020001]
3746	20	020006	020001	18	12.0	5.0	0,807	true	[020006, 020000, 020005, 020002, 020004, 020003, 020001]
3747	20	020006	020001	19	22.0	6.0	0,894	true	[020006, 020000, 020005, 020004, 020001]
3748	20	020006	020001	20	12.0	6.0	0,867	true	[020006, 020000, 020005, 020004, 020002, 020001]
3749	20	020006	020001	21	22.0	5.0	0,807	true	[020006, 020000, 020005, 020004, 020002, 020003, 020001]
3750	20	020006	020001	22	12.0	6.0	0,849	true	[020006, 020000, 020005, 020004, 020003, 020001]
3751	20	020006	020001	23	12.0	5.0	0,841	true	[020006, 020000, 020005, 020004, 020003, 020002, 020001]
3752	20	020006	020001	24	43.0	6.0	0,970	true	[020006, 020001]
3753	20	020006	020001	25	36.0	4.0	0,885	true	[020006, 020002, 020000, 020003, 020001]
3754	20	020006	020001	26	12.0	4.0	0,876	true	[020006, 020002, 020000, 020003, 020004, 020001]
3755	20	020006	020001	27	24.0	4.0	0,913	true	[020006, 020002, 020000, 020005, 020004, 020001]
3756	20	020006	020001	28	12.0	4.0	0,867	true	[020006, 020002, 020000, 020005, 020004, 020003, 020001]
3757	20	020006	020001	29	12.0	6.0	0,970	true	[020006, 020002, 020001]
3758	20	020006	020001	30	24.0	5.0	0,859	true	[020006, 020002, 020003, 020000, 020005, 020004, 020001]
3759	20	020006	020001	31	35.0	5.0	0,903	true	[020006, 020002, 020003, 020001]
3760	20	020006	020001	32	12.0	5.0	0,894	true	[020006, 020002, 020003, 020004, 020001]
3761	20	020006	020001	33	24.0	6.0	0,922	true	[020006, 020002, 020004, 020001]
3762	20	020006	020001	34	12.0	6.0	0,876	true	[020006, 020002, 020004, 020003, 020001]
3763	20	020006	020001	35	33.0	6.0	0,841	true	[020006, 020002, 020004, 020005, 020000, 020003, 020001]
3764	20	020006	020001	36	26.0	5.0	0,867	true	[020006, 020002, 020005, 020000, 020003, 020001]
3765	20	020006	020001	37	12.0	5.0	0,859	true	[020006, 020002, 020005, 020000, 020003, 020004, 020001]
3766	20	020006	020001	38	24.0	5.0	0,932	true	[020006, 020002, 020005, 020004, 020001]
3767	20	020006	020001	39	12.0	5.0	0,885	true	[020006, 020002, 020005, 020004, 020003, 020001]
3768	20	020006	020001	40	12.0	3.0	0,894	true	[020006, 020003, 020000, 020002, 020001]
3769	20	020006	020001	41	18.0	3.0	0,850	true	[020006, 020003, 020000, 020002, 020004, 020001]
3770	20	020006	020001	42	18.0	3.0	0,859	true	[020006, 020003, 020000, 020002, 020005, 020004, 020001]
3771	20	020006	020001	43	12.0	3.0	0,876	true	[020006, 020003, 020000, 020005, 020002, 020001]
3772	20	020006	020001	44	18.0	3.0	0,833	true	[020006, 020003, 020000, 020005, 020002, 020004, 020001]
3773	20	020006	020001	45	18.0	3.0	0,876	true	[020006, 020003, 020000, 020005, 020004, 020001]
3774	20	020006	020001	46	12.0	3.0	0,850	true	[020006, 020003, 020000, 020005, 020004, 020002, 020001]
3775	20	020006	020001	47	18.0	3.0	0,922	true	[020006, 020003, 020001]
3776	20	020006	020001	48	18.0	3.0	0,859	true	[020006, 020003, 020002, 020000, 020005, 020004, 020001]
3777	20	020006	020001	49	12.0	3.0	0,913	true	[020006, 020003, 020002, 020001]
3778	20	020006	020001	50	18.0	3.0	0,867	true	[020006, 020003, 020002, 020004, 020001]
3779	20	020006	020001	51	18.0	3.0	0,876	true	[020006, 020003, 020002, 020005, 020004, 020001]
3780	20	020006	020001	52	12.0	3.0	0,913	true	[020006, 020003, 020004, 020001]
3781	20	020006	020001	53	12.0	3.0	0,885	true	[020006, 020003, 020004, 020002, 020001]
3782	20	020006	020001	54	12.0	3.0	0,877	true	[020006, 020003, 020004, 020005, 020000, 020002, 020001]
3783	20	020006	020001	55	12.0	3.0	0,895	true	[020006, 020003, 020004, 020005, 020002, 020001]
3784	20	020006	020001	56	24.0	6.0	0,970	true	[020006, 020004, 020001]
3785	20	020006	020001	57	36.0	4.0	0,858	true	[020006, 020004, 020002, 020000, 020003, 020001]
3786	20	020006	020001	58	12.0	6.0	0,941	true	[020006, 020004, 020002, 020001]
3787	20	020006	020001	59	35.0	5.0	0,876	true	[020006, 020004, 020002, 020003, 020001]
3788	20	020006	020001	60	26.0	5.0	0,841	true	[020006, 020004, 020002, 020005, 020000, 020003, 020001]
3789	20	020006	020001	61	12.0	4.0	0,894	true	[020006, 020004, 020003, 020000, 020002, 020001]
3790	20	020006	020001	62	12.0	5.0	0,876	true	[020006, 020004, 020003, 020000, 020005, 020002, 020001]
3791	20	020006	020001	63	12.0	6.0	0,922	true	[020006, 020004, 020003, 020001]
3792	20	020006	020001	64	12.0	5.0	0,913	true	[020006, 020004, 020003, 020002, 020001]
3793	20	020006	020001	65	12.0	4.0	0,932	true	[020006, 020004, 020005, 020000, 020002, 020001]
3794	20	020006	020001	66	33.0	4.0	0,867	true	[020006, 020004, 020005, 020000, 020002, 020003, 020001]
3795	20	020006	020001	67	33.0	6.0	0,885	true	[020006, 020004, 020005, 020000, 020003, 020001]
3796	20	020006	020001	68	12.0	5.0	0,876	true	[020006, 020004, 020005, 020000, 020003, 020002, 020001]
3797	20	020006	020001	69	26.0	4.0	0,867	true	[020006, 020004, 020005, 020002, 020000, 020003, 020001]
3798	20	020006	020001	70	12.0	5.0	0,951	true	[020006, 020004, 020005, 020002, 020001]
3799	20	020006	020001	71	26.0	5.0	0,885	true	[020006, 020004, 020005, 020002, 020003, 020001]
3800	20	020006	020001	72	12.0	4.0	0,904	true	[020006, 020005, 020000, 020002, 020001]
3801	20	020006	020001	73	35.0	4.0	0,841	true	[020006, 020005, 020000, 020002, 020003, 020001]
3802	20	020006	020001	74	12.0	4.0	0,833	true	[020006, 020005, 020000, 020002, 020003, 020004, 020001]
3803	20	020006	020001	75	24.0	4.0	0,859	true	[020006, 020005, 020000, 020002, 020004, 020001]
3804	20	020006	020001	76	12.0	4.0	0,816	true	[020006, 020005, 020000, 020002, 020004, 020003, 020001]
3805	20	020006	020001	77	36.0	6.0	0,858	true	[020006, 020005, 020000, 020003, 020001]
3806	20	020006	020001	78	12.0	5.0	0,850	true	[020006, 020005, 020000, 020003, 020002, 020001]
3807	20	020006	020001	79	24.0	5.0	0,807	true	[020006, 020005, 020000, 020003, 020002, 020004, 020001]
3808	20	020006	020001	80	12.0	6.0	0,850	true	[020006, 020005, 020000, 020003, 020004, 020001]
3809	20	020006	020001	81	12.0	6.0	0,824	true	[020006, 020005, 020000, 020003, 020004, 020002, 020001]
3810	20	020006	020001	82	26.0	4.0	0,841	true	[020006, 020005, 020002, 020000, 020003, 020001]
3811	20	020006	020001	83	12.0	4.0	0,833	true	[020006, 020005, 020002, 020000, 020003, 020004, 020001]
3812	20	020006	020001	84	12.0	5.0	0,922	true	[020006, 020005, 020002, 020001]
3813	20	020006	020001	85	26.0	5.0	0,858	true	[020006, 020005, 020002, 020003, 020001]
3814	20	020006	020001	86	12.0	5.0	0,850	true	[020006, 020005, 020002, 020003, 020004, 020001]
3815	20	020006	020001	87	24.0	5.0	0,876	true	[020006, 020005, 020002, 020004, 020001]
3816	20	020006	020001	88	12.0	5.0	0,832	true	[020006, 020005, 020002, 020004, 020003, 020001]
3817	20	020006	020001	89	24.0	6.0	0,922	true	[020006, 020005, 020004, 020001]
3818	20	020006	020001	90	33.0	4.0	0,815	true	[020006, 020005, 020004, 020002, 020000, 020003, 020001]
3819	20	020006	020001	91	12.0	6.0	0,894	true	[020006, 020005, 020004, 020002, 020001]
3820	20	020006	020001	92	33.0	5.0	0,832	true	[020006, 020005, 020004, 020002, 020003, 020001]
3821	20	020006	020001	93	12.0	4.0	0,850	true	[020006, 020005, 020004, 020003, 020000, 020002, 020001]
3822	20	020006	020001	94	12.0	6.0	0,876	true	[020006, 020005, 020004, 020003, 020001]
3823	20	020006	020001	95	12.0	5.0	0,867	true	[020006, 020005, 020004, 020003, 020002, 020001]
3824	20	020006	020000	96	22.0	9.0	0,950	true	[020006, 020000]
3825	20	020006	020000	97	12.0	4.0	0,932	true	[020006, 020001, 020002, 020000]
3826	20	020006	020000	98	12.0	5.0	0,876	true	[020006, 020001, 020002, 020003, 020000]
3827	20	020006	020000	99	12.0	5.0	0,859	true	[020006, 020001, 020002, 020003, 020004, 020005, 020000]
3828	20	020006	020000	100	12.0	6.0	0,850	true	[020006, 020001, 020002, 020004, 020003, 020000]
3829	21	021006	021004	0	31.0	5.0	0,876	true	[021006, 021001, 021000, 021002, 021004]
3830	21	021006	021004	1	8.0	3.0	0,815	true	[021006, 021001, 021000, 021002, 021005, 021003, 021004]
3831	21	021006	021004	2	15.0	3.0	0,894	true	[021006, 021001, 021000, 021002, 021005, 021004]
3832	21	021006	021004	3	17.0	6.0	0,876	true	[021006, 021001, 021000, 021003, 021004]
3833	21	021006	021004	4	8.0	3.0	0,850	true	[021006, 021001, 021000, 021003, 021005, 021002, 021004]
3834	21	021006	021004	5	8.0	4.0	0,867	true	[021006, 021001, 021000, 021003, 021005, 021004]
3835	21	021006	021004	6	15.0	3.0	0,903	true	[021006, 021001, 021000, 021005, 021002, 021004]
3836	21	021006	021004	7	8.0	3.0	0,841	true	[021006, 021001, 021000, 021005, 021003, 021004]
3837	21	021006	021004	8	31.0	3.0	0,922	true	[021006, 021001, 021000, 021005, 021004]
3838	21	021006	021004	9	20.0	3.0	0,841	true	[021006, 021001, 021003, 021000, 021002, 021004]
3839	21	021006	021004	10	15.0	3.0	0,858	true	[021006, 021001, 021003, 021000, 021002, 021005, 021004]
3840	21	021006	021004	11	15.0	3.0	0,867	true	[021006, 021001, 021003, 021000, 021005, 021002, 021004]
3841	21	021006	021004	12	20.0	3.0	0,885	true	[021006, 021001, 021003, 021000, 021005, 021004]
3842	21	021006	021004	13	17.0	3.0	0,894	true	[021006, 021001, 021003, 021004]
3843	21	021006	021004	14	8.0	3.0	0,807	true	[021006, 021001, 021003, 021005, 021000, 021002, 021004]
3844	21	021006	021004	15	8.0	3.0	0,867	true	[021006, 021001, 021003, 021005, 021002, 021004]
3845	21	021006	021004	16	8.0	3.0	0,885	true	[021006, 021001, 021003, 021005, 021004]
3846	21	021006	021004	17	38.0	3.0	0,950	true	[021006, 021001, 021004]
3847	21	021006	021004	18	20.0	3.0	0,922	true	[021006, 021003, 021000, 021001, 021004]
3848	21	021006	021004	19	20.0	5.0	0,867	true	[021006, 021003, 021000, 021002, 021004]
3849	21	021006	021004	20	15.0	3.0	0,885	true	[021006, 021003, 021000, 021002, 021005, 021004]
3850	21	021006	021004	21	15.0	3.0	0,894	true	[021006, 021003, 021000, 021005, 021002, 021004]
3851	21	021006	021004	22	20.0	3.0	0,913	true	[021006, 021003, 021000, 021005, 021004]
3852	21	021006	021004	23	31.0	3.0	0,867	true	[021006, 021003, 021001, 021000, 021002, 021004]
3853	21	021006	021004	24	15.0	3.0	0,885	true	[021006, 021003, 021001, 021000, 021002, 021005, 021004]
3854	21	021006	021004	25	15.0	3.0	0,895	true	[021006, 021003, 021001, 021000, 021005, 021002, 021004]
3855	21	021006	021004	26	31.0	3.0	0,913	true	[021006, 021003, 021001, 021000, 021005, 021004]
3856	21	021006	021004	27	38.0	3.0	0,941	true	[021006, 021003, 021001, 021004]
3857	21	021006	021004	28	17.0	6.0	0,922	true	[021006, 021003, 021004]
3858	21	021006	021004	29	8.0	3.0	0,885	true	[021006, 021003, 021005, 021000, 021001, 021004]
3859	21	021006	021004	30	8.0	3.0	0,832	true	[021006, 021003, 021005, 021000, 021002, 021004]
3860	21	021006	021004	31	8.0	3.0	0,858	true	[021006, 021003, 021005, 021002, 021000, 021001, 021004]
3861	21	021006	021004	32	8.0	3.0	0,894	true	[021006, 021003, 021005, 021002, 021004]
3862	21	021006	021004	33	8.0	4.0	0,912	true	[021006, 021003, 021005, 021004]
3863	21	021006	021004	34	16.0	3.0	0,980	true	[021006, 021004]
3864	21	021006	021004	35	17.0	3.0	0,858	true	[021006, 021005, 021000, 021001, 021003, 021004]
3865	21	021006	021004	36	31.0	3.0	0,912	true	[021006, 021005, 021000, 021001, 021004]
3866	21	021006	021004	37	46.0	3.0	0,858	true	[021006, 021005, 021000, 021002, 021004]
3867	21	021006	021004	38	20.0	3.0	0,876	true	[021006, 021005, 021000, 021003, 021001, 021004]
3868	21	021006	021004	39	17.0	3.0	0,858	true	[021006, 021005, 021000, 021003, 021004]
3869	21	021006	021004	40	15.0	3.0	0,832	true	[021006, 021005, 021002, 021000, 021001, 021003, 021004]
3870	21	021006	021004	41	15.0	3.0	0,885	true	[021006, 021005, 021002, 021000, 021001, 021004]
3871	21	021006	021004	42	15.0	3.0	0,849	true	[021006, 021005, 021002, 021000, 021003, 021001, 021004]
3872	21	021006	021004	43	15.0	3.0	0,832	true	[021006, 021005, 021002, 021000, 021003, 021004]
3873	21	021006	021004	44	15.0	3.0	0,922	true	[021006, 021005, 021002, 021004]
3874	21	021006	021004	45	8.0	3.0	0,858	true	[021006, 021005, 021003, 021000, 021001, 021004]
3875	21	021006	021004	46	8.0	4.0	0,807	true	[021006, 021005, 021003, 021000, 021002, 021004]
3876	21	021006	021004	47	8.0	3.0	0,807	true	[021006, 021005, 021003, 021001, 021000, 021002, 021004]
3877	21	021006	021004	48	8.0	3.0	0,876	true	[021006, 021005, 021003, 021001, 021004]
3878	21	021006	021004	49	8.0	4.0	0,857	true	[021006, 021005, 021003, 021004]
3879	21	021006	021004	50	31.0	4.0	0,941	true	[021006, 021005, 021004]
3880	21	021006	021000	51	31.0	7.0	0,950	true	[021006, 021001, 021000]
3881	21	021006	021000	52	20.0	3.0	0,913	true	[021006, 021001, 021003, 021000]
3882	21	021006	021000	53	17.0	3.0	0,824	true	[021006, 021001, 021003, 021004, 021002, 021000]
3883	21	021006	021000	54	15.0	3.0	0,850	true	[021006, 021001, 021003, 021004, 021002, 021005, 021000]
3884	21	021006	021000	55	17.0	3.0	0,867	true	[021006, 021001, 021003, 021004, 021005, 021000]
3885	21	021006	021000	56	15.0	3.0	0,841	true	[021006, 021001, 021003, 021004, 021005, 021002, 021000]
3886	21	021006	021000	57	8.0	3.0	0,876	true	[021006, 021001, 021003, 021005, 021000]
3887	21	021006	021000	58	8.0	3.0	0,849	true	[021006, 021001, 021003, 021005, 021002, 021000]
3888	21	021006	021000	59	8.0	3.0	0,815	true	[021006, 021001, 021003, 021005, 021004, 021002, 021000]
3889	21	021006	021000	60	38.0	3.0	0,876	true	[021006, 021001, 021004, 021002, 021000]
3890	21	021006	021000	61	15.0	3.0	0,903	true	[021006, 021001, 021004, 021002, 021005, 021000]
3891	21	021006	021000	62	8.0	3.0	0,850	true	[021006, 021001, 021004, 021002, 021005, 021003, 021000]
3892	21	021006	021000	63	17.0	3.0	0,876	true	[021006, 021001, 021004, 021003, 021000]
3893	21	021006	021000	64	8.0	3.0	0,841	true	[021006, 021001, 021004, 021003, 021005, 021000]
3894	21	021006	021000	65	8.0	3.0	0,815	true	[021006, 021001, 021004, 021003, 021005, 021002, 021000]
3895	21	021006	021000	66	31.0	3.0	0,922	true	[021006, 021001, 021004, 021005, 021000]
3896	21	021006	021000	67	15.0	3.0	0,894	true	[021006, 021001, 021004, 021005, 021002, 021000]
3897	21	021006	021000	68	8.0	3.0	0,867	true	[021006, 021001, 021004, 021005, 021003, 021000]
3898	21	021006	021000	69	20.0	6.0	0,941	true	[021006, 021003, 021000]
3899	21	021006	021000	70	31.0	3.0	0,941	true	[021006, 021003, 021001, 021000]
3900	21	021006	021000	71	38.0	3.0	0,867	true	[021006, 021003, 021001, 021004, 021002, 021000]
3901	21	021006	021000	72	15.0	3.0	0,895	true	[021006, 021003, 021001, 021004, 021002, 021005, 021000]
3902	21	021006	021000	73	31.0	3.0	0,913	true	[021006, 021003, 021001, 021004, 021005, 021000]
3903	21	021006	021000	74	15.0	3.0	0,885	true	[021006, 021003, 021001, 021004, 021005, 021002, 021000]
3904	21	021006	021000	75	17.0	3.0	0,903	true	[021006, 021003, 021004, 021001, 021000]
3905	21	021006	021000	76	17.0	5.0	0,849	true	[021006, 021003, 021004, 021002, 021000]
3906	21	021006	021000	77	15.0	3.0	0,876	true	[021006, 021003, 021004, 021002, 021005, 021000]
3907	21	021006	021000	78	17.0	3.0	0,894	true	[021006, 021003, 021004, 021005, 021000]
3908	21	021006	021000	79	15.0	3.0	0,867	true	[021006, 021003, 021004, 021005, 021002, 021000]
3909	21	021006	021000	80	8.0	3.0	0,903	true	[021006, 021003, 021005, 021000]
3910	21	021006	021000	81	8.0	3.0	0,875	true	[021006, 021003, 021005, 021002, 021000]
3911	21	021006	021000	82	8.0	3.0	0,876	true	[021006, 021003, 021005, 021002, 021004, 021001, 021000]
3912	21	021006	021000	83	8.0	3.0	0,894	true	[021006, 021003, 021005, 021004, 021001, 021000]
3913	21	021006	021000	84	8.0	4.0	0,841	true	[021006, 021003, 021005, 021004, 021002, 021000]
3914	21	021006	021000	85	16.0	3.0	0,960	true	[021006, 021004, 021001, 021000]
3915	21	021006	021000	86	16.0	3.0	0,922	true	[021006, 021004, 021001, 021003, 021000]
3916	21	021006	021000	87	8.0	3.0	0,885	true	[021006, 021004, 021001, 021003, 021005, 021000]
3917	21	021006	021000	88	8.0	3.0	0,858	true	[021006, 021004, 021001, 021003, 021005, 021002, 021000]
3918	21	021006	021000	89	16.0	3.0	0,903	true	[021006, 021004, 021002, 021000]
3919	21	021006	021000	90	15.0	3.0	0,932	true	[021006, 021004, 021002, 021005, 021000]
3920	21	021006	021000	91	8.0	3.0	0,876	true	[021006, 021004, 021002, 021005, 021003, 021000]
3921	21	021006	021000	92	8.0	3.0	0,876	true	[021006, 021004, 021002, 021005, 021003, 021001, 021000]
3922	21	021006	021000	93	16.0	3.0	0,903	true	[021006, 021004, 021003, 021000]
3923	21	021006	021000	94	16.0	3.0	0,903	true	[021006, 021004, 021003, 021001, 021000]
3924	21	021006	021000	95	8.0	3.0	0,867	true	[021006, 021004, 021003, 021005, 021000]
3925	21	021006	021000	96	8.0	3.0	0,840	true	[021006, 021004, 021003, 021005, 021002, 021000]
3926	21	021006	021000	97	16.0	3.0	0,951	true	[021006, 021004, 021005, 021000]
3927	21	021006	021000	98	15.0	3.0	0,922	true	[021006, 021004, 021005, 021002, 021000]
3928	21	021006	021000	99	8.0	3.0	0,894	true	[021006, 021004, 021005, 021003, 021000]
3929	21	021006	021000	100	8.0	3.0	0,894	true	[021006, 021004, 021005, 021003, 021001, 021000]
3930	22	022006	022005	0	7.0	3.0	0,912	true	[022006, 022000, 022001, 022002, 022003, 022005]
3931	22	022006	022005	1	7.0	3.0	0,885	true	[022006, 022000, 022001, 022002, 022004, 022005]
3932	22	022006	022005	2	7.0	3.0	0,840	true	[022006, 022000, 022001, 022003, 022002, 022004, 022005]
3933	22	022006	022005	3	7.0	3.0	0,960	true	[022006, 022000, 022001, 022003, 022005]
3934	22	022006	022005	4	7.0	3.0	0,866	true	[022006, 022000, 022001, 022004, 022002, 022003, 022005]
3935	22	022006	022005	5	7.0	3.0	0,931	true	[022006, 022000, 022001, 022004, 022005]
3936	22	022006	022005	6	7.0	3.0	0,912	true	[022006, 022000, 022001, 022005]
3937	22	022006	022005	7	7.0	6.0	0,922	true	[022006, 022000, 022003, 022001, 022002, 022004, 022005]
3938	22	022006	022005	8	7.0	5.0	0,970	true	[022006, 022000, 022003, 022001, 022004, 022005]
3939	22	022006	022005	9	7.0	7.0	0,950	true	[022006, 022000, 022003, 022001, 022005]
3940	22	022006	022005	10	7.0	5.0	0,922	true	[022006, 022000, 022003, 022002, 022001, 022004, 022005]
3941	22	022006	022005	11	7.0	6.0	0,903	true	[022006, 022000, 022003, 022002, 022001, 022005]
3942	22	022006	022005	12	7.0	5.0	0,857	true	[022006, 022000, 022003, 022002, 022004, 022001, 022005]
3943	22	022006	022005	13	7.0	8.0	0,875	true	[022006, 022000, 022003, 022002, 022004, 022005]
3944	22	022006	022005	14	7.0	8.0	1,000	true	[022006, 022000, 022003, 022005]
3945	22	022006	022005	15	7.0	5.0	0,903	true	[022006, 022000, 022004, 022001, 022002, 022003, 022005]
3946	22	022006	022005	16	7.0	5.0	0,950	true	[022006, 022000, 022004, 022001, 022003, 022005]
3947	22	022006	022005	17	7.0	5.0	0,903	true	[022006, 022000, 022004, 022001, 022005]
3948	22	022006	022005	18	7.0	6.0	0,903	true	[022006, 022000, 022004, 022002, 022001, 022003, 022005]
3949	22	022006	022005	19	7.0	6.0	0,857	true	[022006, 022000, 022004, 022002, 022001, 022005]
3950	22	022006	022005	20	7.0	7.0	0,815	true	[022006, 022000, 022004, 022002, 022003, 022001, 022005]
3951	22	022006	022005	21	7.0	7.0	0,857	true	[022006, 022000, 022004, 022002, 022003, 022005]
3952	22	022006	022005	22	7.0	7.0	0,922	true	[022006, 022000, 022004, 022005]
3953	22	022006	022005	23	7.0	9.0	0,990	true	[022006, 022000, 022005]
3954	22	022006	022005	24	21.0	3.0	0,858	true	[022006, 022004, 022000, 022001, 022002, 022003, 022005]
3955	22	022006	022005	25	40.0	3.0	0,903	true	[022006, 022004, 022000, 022001, 022003, 022005]
3956	22	022006	022005	26	38.0	3.0	0,858	true	[022006, 022004, 022000, 022001, 022005]
3957	22	022006	022005	27	7.0	7.0	0,893	true	[022006, 022004, 022000, 022003, 022001, 022005]
3958	22	022006	022005	28	7.0	6.0	0,849	true	[022006, 022004, 022000, 022003, 022002, 022001, 022005]
3959	22	022006	022005	29	7.0	7.0	0,941	true	[022006, 022004, 022000, 022003, 022005]
3960	22	022006	022005	30	47.0	7.0	0,931	true	[022006, 022004, 022000, 022005]
3961	22	022006	022005	31	7.0	3.0	0,950	true	[022006, 022004, 022001, 022000, 022003, 022005]
3962	22	022006	022005	32	40.0	3.0	0,941	true	[022006, 022004, 022001, 022000, 022005]
3963	22	022006	022005	33	7.0	5.0	0,931	true	[022006, 022004, 022001, 022002, 022003, 022000, 022005]
3964	22	022006	022005	34	21.0	5.0	0,941	true	[022006, 022004, 022001, 022002, 022003, 022005]
3965	22	022006	022005	35	7.0	5.0	0,980	true	[022006, 022004, 022001, 022003, 022000, 022005]
3966	22	022006	022005	36	52.0	5.0	0,990	true	[022006, 022004, 022001, 022003, 022005]
3967	22	022006	022005	37	38.0	5.0	0,941	true	[022006, 022004, 022001, 022005]
3968	22	022006	022005	38	7.0	3.0	0,903	true	[022006, 022004, 022002, 022001, 022000, 022003, 022005]
3969	22	022006	022005	39	21.0	3.0	0,894	true	[022006, 022004, 022002, 022001, 022000, 022005]
3970	22	022006	022005	40	7.0	6.0	0,931	true	[022006, 022004, 022002, 022001, 022003, 022000, 022005]
3971	22	022006	022005	41	21.0	6.0	0,941	true	[022006, 022004, 022002, 022001, 022003, 022005]
3972	22	022006	022005	42	21.0	6.0	0,893	true	[022006, 022004, 022002, 022001, 022005]
3973	22	022006	022005	43	7.0	3.0	0,815	true	[022006, 022004, 022002, 022003, 022000, 022001, 022005]
3974	22	022006	022005	44	7.0	8.0	0,885	true	[022006, 022004, 022002, 022003, 022000, 022005]
3975	22	022006	022005	45	40.0	3.0	0,849	true	[022006, 022004, 022002, 022003, 022001, 022000, 022005]
3976	22	022006	022005	46	38.0	7.0	0,849	true	[022006, 022004, 022002, 022003, 022001, 022005]
3977	22	022006	022005	47	47.0	8.0	0,893	true	[022006, 022004, 022002, 022003, 022005]
3978	22	022006	022005	48	30.0	8.0	0,960	true	[022006, 022004, 022005]
3979	22	022006	022005	49	33.0	4.0	0,980	true	[022006, 022005]
3980	22	022006	022000	50	7.0	9.0	1,000	true	[022006, 022000]
3981	22	022006	022000	51	47.0	7.0	0,941	true	[022006, 022004, 022000]
3982	22	022006	022000	52	40.0	3.0	0,950	true	[022006, 022004, 022001, 022000]
3983	22	022006	022000	53	7.0	5.0	0,941	true	[022006, 022004, 022001, 022002, 022003, 022000]
3984	22	022006	022000	54	21.0	5.0	0,931	true	[022006, 022004, 022001, 022002, 022003, 022005, 022000]
3985	22	022006	022000	55	7.0	5.0	0,990	true	[022006, 022004, 022001, 022003, 022000]
3986	22	022006	022000	56	52.0	5.0	0,980	true	[022006, 022004, 022001, 022003, 022005, 022000]
3987	22	022006	022000	57	38.0	5.0	0,931	true	[022006, 022004, 022001, 022005, 022000]
3988	22	022006	022000	58	7.0	5.0	0,941	true	[022006, 022004, 022001, 022005, 022003, 022000]
3989	22	022006	022000	59	21.0	3.0	0,903	true	[022006, 022004, 022002, 022001, 022000]
3990	22	022006	022000	60	7.0	6.0	0,941	true	[022006, 022004, 022002, 022001, 022003, 022000]
3991	22	022006	022000	61	21.0	6.0	0,931	true	[022006, 022004, 022002, 022001, 022003, 022005, 022000]
3992	22	022006	022000	62	21.0	6.0	0,885	true	[022006, 022004, 022002, 022001, 022005, 022000]
3993	22	022006	022000	63	7.0	6.0	0,893	true	[022006, 022004, 022002, 022001, 022005, 022003, 022000]
3994	22	022006	022000	64	7.0	8.0	0,893	true	[022006, 022004, 022002, 022003, 022000]
3995	22	022006	022000	65	40.0	3.0	0,858	true	[022006, 022004, 022002, 022003, 022001, 022000]
3996	22	022006	022000	66	38.0	7.0	0,840	true	[022006, 022004, 022002, 022003, 022001, 022005, 022000]
3997	22	022006	022000	67	47.0	8.0	0,885	true	[022006, 022004, 022002, 022003, 022005, 022000]
3998	22	022006	022000	68	38.0	3.0	0,815	true	[022006, 022004, 022002, 022003, 022005, 022001, 022000]
3999	22	022006	022000	69	30.0	8.0	0,951	true	[022006, 022004, 022005, 022000]
4000	22	022006	022000	70	30.0	3.0	0,876	true	[022006, 022004, 022005, 022001, 022000]
4001	22	022006	022000	71	7.0	6.0	0,867	true	[022006, 022004, 022005, 022001, 022002, 022003, 022000]
4002	22	022006	022000	72	7.0	7.0	0,912	true	[022006, 022004, 022005, 022001, 022003, 022000]
4003	22	022006	022000	73	7.0	8.0	0,960	true	[022006, 022004, 022005, 022003, 022000]
4004	22	022006	022000	74	30.0	3.0	0,922	true	[022006, 022004, 022005, 022003, 022001, 022000]
4005	22	022006	022000	75	21.0	3.0	0,876	true	[022006, 022004, 022005, 022003, 022002, 022001, 022000]
4006	22	022006	022000	76	33.0	4.0	0,970	true	[022006, 022005, 022000]
4007	22	022006	022000	77	33.0	3.0	0,894	true	[022006, 022005, 022001, 022000]
4008	22	022006	022000	78	7.0	4.0	0,884	true	[022006, 022005, 022001, 022002, 022003, 022000]
4009	22	022006	022000	79	21.0	4.0	0,840	true	[022006, 022005, 022001, 022002, 022004, 022000]
4010	22	022006	022000	80	7.0	4.0	0,931	true	[022006, 022005, 022001, 022003, 022000]
4011	22	022006	022000	81	33.0	4.0	0,798	true	[022006, 022005, 022001, 022003, 022002, 022004, 022000]
4012	22	022006	022000	82	33.0	4.0	0,884	true	[022006, 022005, 022001, 022004, 022000]
4013	22	022006	022000	83	7.0	4.0	0,840	true	[022006, 022005, 022001, 022004, 022002, 022003, 022000]
4014	22	022006	022000	84	7.0	4.0	0,980	true	[022006, 022005, 022003, 022000]
4015	22	022006	022000	85	33.0	3.0	0,941	true	[022006, 022005, 022003, 022001, 022000]
4016	22	022006	022000	86	21.0	4.0	0,884	true	[022006, 022005, 022003, 022001, 022002, 022004, 022000]
4017	22	022006	022000	87	33.0	4.0	0,931	true	[022006, 022005, 022003, 022001, 022004, 022000]
4018	22	022006	022000	88	21.0	3.0	0,894	true	[022006, 022005, 022003, 022002, 022001, 022000]
4019	22	022006	022000	89	21.0	4.0	0,884	true	[022006, 022005, 022003, 022002, 022001, 022004, 022000]
4020	22	022006	022000	90	33.0	4.0	0,840	true	[022006, 022005, 022003, 022002, 022004, 022000]
4021	22	022006	022000	91	33.0	3.0	0,849	true	[022006, 022005, 022003, 022002, 022004, 022001, 022000]
4022	22	022006	022000	92	30.0	4.0	0,903	true	[022006, 022005, 022004, 022000]
4023	22	022006	022000	93	30.0	3.0	0,913	true	[022006, 022005, 022004, 022001, 022000]
4024	22	022006	022000	94	7.0	4.0	0,903	true	[022006, 022005, 022004, 022001, 022002, 022003, 022000]
4025	22	022006	022000	95	7.0	4.0	0,951	true	[022006, 022005, 022004, 022001, 022003, 022000]
4026	22	022006	022000	96	21.0	3.0	0,867	true	[022006, 022005, 022004, 022002, 022001, 022000]
4027	22	022006	022000	97	7.0	4.0	0,903	true	[022006, 022005, 022004, 022002, 022001, 022003, 022000]
4028	22	022006	022000	98	7.0	4.0	0,858	true	[022006, 022005, 022004, 022002, 022003, 022000]
4029	22	022006	022000	99	30.0	3.0	0,824	true	[022006, 022005, 022004, 022002, 022003, 022001, 022000]
4030	22	022005	022000	100	74.0	10.0	0,990	true	[022005, 022000]
4031	23	023000	023002	0	70.0	5.0	0,990	true	[023000, 023001, 023002]
4032	23	023000	023002	1	7.0	3.0	0,960	true	[023000, 023001, 023003, 023002]
4033	23	023000	023002	2	7.0	3.0	0,980	true	[023000, 023001, 023003, 023004, 023002]
4034	23	023000	023002	3	7.0	3.0	0,912	true	[023000, 023001, 023003, 023004, 023006, 023002]
4035	23	023000	023002	4	7.0	5.0	0,931	true	[023000, 023001, 023003, 023006, 023002]
4036	23	023000	023002	5	7.0	5.0	0,903	true	[023000, 023001, 023003, 023006, 023004, 023002]
4037	23	023000	023002	6	54.0	5.0	0,960	true	[023000, 023001, 023004, 023002]
4038	23	023000	023002	7	24.0	3.0	0,941	true	[023000, 023001, 023004, 023003, 023002]
4039	23	023000	023002	8	39.0	3.0	0,913	true	[023000, 023001, 023004, 023003, 023006, 023002]
4040	23	023000	023002	9	54.0	5.0	0,894	true	[023000, 023001, 023004, 023006, 023002]
4041	23	023000	023002	10	24.0	3.0	0,867	true	[023000, 023001, 023004, 023006, 023003, 023002]
4042	23	023000	023002	11	22.0	4.0	0,931	true	[023000, 023001, 023005, 023006, 023002]
4043	23	023000	023002	12	22.0	3.0	0,904	true	[023000, 023001, 023005, 023006, 023003, 023002]
4044	23	023000	023002	13	22.0	3.0	0,922	true	[023000, 023001, 023005, 023006, 023003, 023004, 023002]
4045	23	023000	023002	14	22.0	4.0	0,903	true	[023000, 023001, 023005, 023006, 023004, 023002]
4046	23	023000	023002	15	22.0	3.0	0,885	true	[023000, 023001, 023005, 023006, 023004, 023003, 023002]
4047	23	023000	023002	16	38.0	5.0	0,960	true	[023000, 023001, 023006, 023002]
4048	23	023000	023002	17	24.0	3.0	0,931	true	[023000, 023001, 023006, 023003, 023002]
4049	23	023000	023002	18	38.0	3.0	0,951	true	[023000, 023001, 023006, 023003, 023004, 023002]
4050	23	023000	023002	19	38.0	5.0	0,931	true	[023000, 023001, 023006, 023004, 023002]
4051	23	023000	023002	20	24.0	3.0	0,912	true	[023000, 023001, 023006, 023004, 023003, 023002]
4052	23	023000	023002	21	35.0	5.0	0,941	true	[023000, 023004, 023001, 023002]
4053	23	023000	023002	22	7.0	3.0	0,913	true	[023000, 023004, 023001, 023003, 023002]
4054	23	023000	023002	23	7.0	5.0	0,885	true	[023000, 023004, 023001, 023003, 023006, 023002]
4055	23	023000	023002	24	22.0	4.0	0,885	true	[023000, 023004, 023001, 023005, 023006, 023002]
4056	23	023000	023002	25	22.0	3.0	0,859	true	[023000, 023004, 023001, 023005, 023006, 023003, 023002]
4057	23	023000	023002	26	35.0	5.0	0,913	true	[023000, 023004, 023001, 023006, 023002]
4058	23	023000	023002	27	24.0	3.0	0,885	true	[023000, 023004, 023001, 023006, 023003, 023002]
4059	23	023000	023002	28	35.0	7.0	0,950	true	[023000, 023004, 023002]
4060	23	023000	023002	29	7.0	3.0	0,960	true	[023000, 023004, 023003, 023001, 023002]
4061	23	023000	023002	30	7.0	3.0	0,903	true	[023000, 023004, 023003, 023001, 023005, 023006, 023002]
4062	23	023000	023002	31	7.0	3.0	0,931	true	[023000, 023004, 023003, 023001, 023006, 023002]
4063	23	023000	023002	32	24.0	3.0	0,931	true	[023000, 023004, 023003, 023002]
4064	23	023000	023002	33	35.0	3.0	0,931	true	[023000, 023004, 023003, 023006, 023001, 023002]
4065	23	023000	023002	34	35.0	3.0	0,903	true	[023000, 023004, 023003, 023006, 023002]
4066	23	023000	023002	35	22.0	3.0	0,903	true	[023000, 023004, 023003, 023006, 023005, 023001, 023002]
4067	23	023000	023002	36	35.0	7.0	0,912	true	[023000, 023004, 023006, 023001, 023002]
4068	23	023000	023002	37	7.0	3.0	0,885	true	[023000, 023004, 023006, 023001, 023003, 023002]
4069	23	023000	023002	38	35.0	5.0	0,885	true	[023000, 023004, 023006, 023002]
4070	23	023000	023002	39	7.0	6.0	0,885	true	[023000, 023004, 023006, 023003, 023001, 023002]
4071	23	023000	023002	40	24.0	3.0	0,858	true	[023000, 023004, 023006, 023003, 023002]
4072	23	023000	023002	41	22.0	4.0	0,885	true	[023000, 023004, 023006, 023005, 023001, 023002]
4073	23	023000	023002	42	7.0	3.0	0,858	true	[023000, 023004, 023006, 023005, 023001, 023003, 023002]
4074	23	023000	023002	43	38.0	4.0	0,970	true	[023000, 023006, 023001, 023002]
4075	23	023000	023002	44	7.0	3.0	0,941	true	[023000, 023006, 023001, 023003, 023002]
4076	23	023000	023002	45	7.0	3.0	0,960	true	[023000, 023006, 023001, 023003, 023004, 023002]
4077	23	023000	023002	46	38.0	4.0	0,941	true	[023000, 023006, 023001, 023004, 023002]
4078	23	023000	023002	47	24.0	3.0	0,922	true	[023000, 023006, 023001, 023004, 023003, 023002]
4079	23	023000	023002	48	38.0	4.0	0,941	true	[023000, 023006, 023002]
4080	23	023000	023002	49	7.0	4.0	0,941	true	[023000, 023006, 023003, 023001, 023002]
4081	23	023000	023002	50	7.0	4.0	0,913	true	[023000, 023006, 023003, 023001, 023004, 023002]
4082	23	023000	023002	51	24.0	3.0	0,913	true	[023000, 023006, 023003, 023002]
4083	23	023000	023002	52	38.0	3.0	0,922	true	[023000, 023006, 023003, 023004, 023001, 023002]
4084	23	023000	023002	53	38.0	3.0	0,931	true	[023000, 023006, 023003, 023004, 023002]
4085	23	023000	023002	54	38.0	4.0	0,903	true	[023000, 023006, 023004, 023001, 023002]
4086	23	023000	023002	55	7.0	3.0	0,876	true	[023000, 023006, 023004, 023001, 023003, 023002]
4087	23	023000	023002	56	38.0	4.0	0,912	true	[023000, 023006, 023004, 023002]
4088	23	023000	023002	57	7.0	3.0	0,922	true	[023000, 023006, 023004, 023003, 023001, 023002]
4089	23	023000	023002	58	24.0	3.0	0,894	true	[023000, 023006, 023004, 023003, 023002]
4090	23	023000	023002	59	22.0	4.0	0,941	true	[023000, 023006, 023005, 023001, 023002]
4091	23	023000	023002	60	7.0	3.0	0,913	true	[023000, 023006, 023005, 023001, 023003, 023002]
4092	23	023000	023002	61	7.0	3.0	0,931	true	[023000, 023006, 023005, 023001, 023003, 023004, 023002]
4093	23	023000	023002	62	22.0	4.0	0,913	true	[023000, 023006, 023005, 023001, 023004, 023002]
4094	23	023000	023002	63	22.0	3.0	0,894	true	[023000, 023006, 023005, 023001, 023004, 023003, 023002]
4095	-1	000000	001003	0	100.0	38.0	0,995	true	[000000, 001003]
4096	-1	000001	005003	0	110.0	28.0	0,998	true	[000001, 005003]
4097	-1	001002	002005	0	145.0	29.0	0,998	true	[001002, 002005]
4098	-1	001005	005004	0	130.0	47.0	0,998	true	[001005, 005004]
4099	-1	002003	003003	0	140.0	35.0	0,996	true	[002003, 003003]
4100	-1	002006	004003	0	150.0	48.0	0,997	true	[002006, 004003]
4101	-1	002001	006004	0	100.0	31.0	0,995	true	[002001, 006004]
4102	-1	003000	004001	0	135.0	50.0	0,998	true	[003000, 004001]
4103	-1	003004	006000	0	105.0	34.0	0,995	true	[003004, 006000]
4104	-1	004002	007000	0	110.0	37.0	0,999	true	[004002, 007000]
4105	-1	005006	006005	0	105.0	30.0	0,996	true	[005006, 006005]
4106	-1	005000	008005	0	105.0	31.0	0,998	true	[005000, 008005]
4107	-1	005005	010000	0	100.0	21.0	0,995	true	[005005, 010000]
4108	-1	006001	007006	0	145.0	46.0	0,996	true	[006001, 007006]
4109	-1	006002	008004	0	120.0	30.0	0,999	true	[006002, 008004]
4110	-1	007004	009004	0	140.0	47.0	0,999	true	[007004, 009004]
4111	-1	008006	009000	0	135.0	41.0	0,999	true	[008006, 009000]
4112	-1	008000	010006	0	130.0	49.0	0,999	true	[008000, 010006]
4113	-1	008001	011004	0	100.0	27.0	0,997	true	[008001, 011004]
4114	-1	009005	012003	0	120.0	34.0	0,995	true	[009005, 012003]
4115	-1	010003	011006	0	145.0	28.0	0,996	true	[010003, 011006]
4116	-1	010001	014001	0	100.0	44.0	0,998	true	[010001, 014001]
4117	-1	011003	012005	0	120.0	21.0	0,999	true	[011003, 012005]
4118	-1	011001	015003	0	140.0	30.0	0,996	true	[011001, 015003]
4119	-1	012000	013003	0	130.0	24.0	0,998	true	[012000, 013003]
4120	-1	012002	016001	0	135.0	21.0	0,998	true	[012002, 016001]
4121	-1	013002	017004	0	145.0	34.0	0,998	true	[013002, 017004]
4122	-1	014004	015004	0	115.0	34.0	0,999	true	[014004, 015004]
4123	-1	014006	018004	0	130.0	28.0	0,996	true	[014006, 018004]
4124	-1	014000	019006	0	150.0	44.0	0,999	true	[014000, 019006]
4125	-1	015002	016000	0	120.0	35.0	0,999	true	[015002, 016000]
4126	-1	015005	020006	0	150.0	24.0	0,997	true	[015005, 020006]
4127	-1	015000	021006	0	125.0	29.0	0,998	true	[015000, 021006]
4128	-1	016002	017006	0	105.0	48.0	0,996	true	[016002, 017006]
4129	-1	016003	021004	0	145.0	43.0	0,997	true	[016003, 021004]
4130	-1	016006	022006	0	125.0	34.0	0,999	true	[016006, 022006]
4131	-1	017003	023000	0	140.0	25.0	0,999	true	[017003, 023000]
4132	-1	018006	019003	0	100.0	50.0	0,998	true	[018006, 019003]
4133	-1	019002	020001	0	135.0	48.0	0,997	true	[019002, 020001]
4134	-1	020000	021000	0	120.0	33.0	0,998	true	[020000, 021000]
4135	-1	021001	022005	0	110.0	47.0	0,996	true	[021001, 022005]
4136	-1	022000	023002	0	145.0	35.0	0,998	true	[022000, 023002]
