TransactionId	ASId	Ingress	Egress	PathletId	Bandwidth	Delay	Reliability	Status	Full Path
9147	0	000007	000008	0	6.0	3.0	0,759	true	[000007, 000000, 000001, 000003, 000002, 000004, 000005, 000006, 000008]
9148	0	000007	000008	1	6.0	3.0	0,728	true	[000007, 000000, 000001, 000003, 000002, 000004, 000005, 000006, 000009, 000008]
9149	0	000007	000008	2	6.0	3.0	0,824	true	[000007, 000000, 000001, 000003, 000002, 000004, 000006, 000008]
9150	0	000007	000008	3	6.0	3.0	0,791	true	[000007, 000000, 000001, 000003, 000002, 000004, 000006, 000009, 000008]
9151	0	000007	000008	4	6.0	3.0	0,841	true	[000007, 000000, 000001, 000003, 000002, 000004, 000008]
9152	0	000007	000008	5	6.0	3.0	0,791	true	[000007, 000000, 000001, 000003, 000002, 000004, 000009, 000006, 000008]
9153	0	000007	000008	6	6.0	3.0	0,841	true	[000007, 000000, 000001, 000003, 000002, 000004, 000009, 000008]
9154	0	000007	000008	7	6.0	3.0	0,751	true	[000007, 000000, 000001, 000003, 000002, 000005, 000004, 000006, 000008]
9155	0	000007	000008	8	6.0	3.0	0,721	true	[000007, 000000, 000001, 000003, 000002, 000005, 000004, 000006, 000009, 000008]
9156	0	000007	000008	9	6.0	3.0	0,767	true	[000007, 000000, 000001, 000003, 000002, 000005, 000004, 000008]
9157	0	000007	000008	10	6.0	3.0	0,721	true	[000007, 000000, 000001, 000003, 000002, 000005, 000004, 000009, 000006, 000008]
9158	0	000007	000008	11	6.0	3.0	0,767	true	[000007, 000000, 000001, 000003, 000002, 000005, 000004, 000009, 000008]
9159	0	000007	000008	12	6.0	3.0	0,751	true	[000007, 000000, 000001, 000003, 000002, 000005, 000006, 000004, 000008]
9160	0	000007	000008	13	6.0	3.0	0,752	true	[000007, 000000, 000001, 000003, 000002, 000005, 000006, 000004, 000009, 000008]
9161	0	000007	000008	14	6.0	3.0	0,767	true	[000007, 000000, 000001, 000003, 000002, 000005, 000006, 000008]
9162	0	000007	000008	15	6.0	3.0	0,721	true	[000007, 000000, 000001, 000003, 000002, 000005, 000006, 000009, 000004, 000008]
9163	0	000007	000008	16	6.0	3.0	0,736	true	[000007, 000000, 000001, 000003, 000002, 000005, 000006, 000009, 000008]
9164	0	000007	000008	17	6.0	3.0	0,816	true	[000007, 000000, 000001, 000003, 000002, 000006, 000004, 000008]
9165	0	000007	000008	18	6.0	3.0	0,816	true	[000007, 000000, 000001, 000003, 000002, 000006, 000004, 000009, 000008]
9166	0	000007	000008	19	6.0	3.0	0,751	true	[000007, 000000, 000001, 000003, 000002, 000006, 000005, 000004, 000008]
9167	0	000007	000008	20	6.0	3.0	0,751	true	[000007, 000000, 000001, 000003, 000002, 000006, 000005, 000004, 000009, 000008]
9168	0	000007	000008	21	6.0	3.0	0,832	true	[000007, 000000, 000001, 000003, 000002, 000006, 000008]
9169	0	000007	000008	22	6.0	3.0	0,783	true	[000007, 000000, 000001, 000003, 000002, 000006, 000009, 000004, 000008]
9170	0	000007	000008	23	6.0	3.0	0,799	true	[000007, 000000, 000001, 000003, 000002, 000006, 000009, 000008]
9171	0	000007	000008	24	6.0	3.0	0,721	true	[000007, 000000, 000001, 000003, 000002, 000009, 000004, 000005, 000006, 000008]
9172	0	000007	000008	25	6.0	3.0	0,783	true	[000007, 000000, 000001, 000003, 000002, 000009, 000004, 000006, 000008]
9173	0	000007	000008	26	6.0	3.0	0,799	true	[000007, 000000, 000001, 000003, 000002, 000009, 000004, 000008]
9174	0	000007	000008	27	6.0	3.0	0,751	true	[000007, 000000, 000001, 000003, 000002, 000009, 000006, 000004, 000008]
9175	0	000007	000008	28	6.0	3.0	0,692	true	[000007, 000000, 000001, 000003, 000002, 000009, 000006, 000005, 000004, 000008]
9176	0	000007	000008	29	6.0	3.0	0,767	true	[000007, 000000, 000001, 000003, 000002, 000009, 000006, 000008]
9177	0	000007	000008	30	6.0	3.0	0,815	true	[000007, 000000, 000001, 000003, 000002, 000009, 000008]
9178	0	000007	000008	31	14.0	3.0	0,791	true	[000007, 000000, 000001, 000003, 000004, 000002, 000005, 000006, 000008]
9179	0	000007	000008	32	14.0	3.0	0,759	true	[000007, 000000, 000001, 000003, 000004, 000002, 000005, 000006, 000009, 000008]
9180	0	000007	000008	33	14.0	3.0	0,859	true	[000007, 000000, 000001, 000003, 000004, 000002, 000006, 000008]
9181	0	000007	000008	34	14.0	3.0	0,824	true	[000007, 000000, 000001, 000003, 000004, 000002, 000006, 000009, 000008]
9182	0	000007	000008	35	14.0	3.0	0,791	true	[000007, 000000, 000001, 000003, 000004, 000002, 000009, 000006, 000008]
9183	0	000007	000008	36	14.0	3.0	0,841	true	[000007, 000000, 000001, 000003, 000004, 000002, 000009, 000008]
9184	0	000007	000008	37	14.0	3.0	0,783	true	[000007, 000000, 000001, 000003, 000004, 000005, 000002, 000006, 000008]
9185	0	000007	000008	38	14.0	3.0	0,752	true	[000007, 000000, 000001, 000003, 000004, 000005, 000002, 000006, 000009, 000008]
9186	0	000007	000008	39	14.0	3.0	0,721	true	[000007, 000000, 000001, 000003, 000004, 000005, 000002, 000009, 000006, 000008]
9187	0	000007	000008	40	14.0	3.0	0,767	true	[000007, 000000, 000001, 000003, 000004, 000005, 000002, 000009, 000008]
9188	0	000007	000008	41	14.0	3.0	0,752	true	[000007, 000000, 000001, 000003, 000004, 000005, 000006, 000002, 000009, 000008]
9189	0	000007	000008	42	14.0	3.0	0,783	true	[000007, 000000, 000001, 000003, 000004, 000005, 000006, 000008]
9190	0	000007	000008	43	14.0	3.0	0,751	true	[000007, 000000, 000001, 000003, 000004, 000005, 000006, 000009, 000008]
9191	0	000007	000008	44	14.0	3.0	0,816	true	[000007, 000000, 000001, 000003, 000004, 000006, 000002, 000009, 000008]
9192	0	000007	000008	45	14.0	3.0	0,752	true	[000007, 000000, 000001, 000003, 000004, 000006, 000005, 000002, 000009, 000008]
9193	0	000007	000008	46	14.0	3.0	0,850	true	[000007, 000000, 000001, 000003, 000004, 000006, 000008]
9194	0	000007	000008	47	14.0	3.0	0,816	true	[000007, 000000, 000001, 000003, 000004, 000006, 000009, 000008]
9195	0	000007	000008	48	14.0	3.0	0,867	true	[000007, 000000, 000001, 000003, 000004, 000008]
9196	0	000007	000008	49	14.0	3.0	0,752	true	[000007, 000000, 000001, 000003, 000004, 000009, 000002, 000005, 000006, 000008]
9197	0	000007	000008	50	14.0	3.0	0,816	true	[000007, 000000, 000001, 000003, 000004, 000009, 000002, 000006, 000008]
9198	0	000007	000008	51	14.0	3.0	0,816	true	[000007, 000000, 000001, 000003, 000004, 000009, 000006, 000008]
9199	0	000007	000008	52	14.0	3.0	0,867	true	[000007, 000000, 000001, 000003, 000004, 000009, 000008]
9200	0	000007	000008	53	14.0	3.0	0,808	true	[000007, 000000, 000001, 000003, 000005, 000002, 000004, 000006, 000008]
9201	0	000007	000008	54	14.0	3.0	0,775	true	[000007, 000000, 000001, 000003, 000005, 000002, 000004, 000006, 000009, 000008]
9202	0	000007	000008	55	14.0	3.0	0,824	true	[000007, 000000, 000001, 000003, 000005, 000002, 000004, 000008]
9203	0	000007	000008	56	14.0	3.0	0,775	true	[000007, 000000, 000001, 000003, 000005, 000002, 000004, 000009, 000006, 000008]
9204	0	000007	000008	57	14.0	3.0	0,824	true	[000007, 000000, 000001, 000003, 000005, 000002, 000004, 000009, 000008]
9205	0	000007	000008	58	14.0	3.0	0,800	true	[000007, 000000, 000001, 000003, 000005, 000002, 000006, 000004, 000008]
9206	0	000007	000008	59	14.0	3.0	0,800	true	[000007, 000000, 000001, 000003, 000005, 000002, 000006, 000004, 000009, 000008]
9207	0	000007	000008	60	14.0	3.0	0,816	true	[000007, 000000, 000001, 000003, 000005, 000002, 000006, 000008]
9208	0	000007	000008	61	14.0	3.0	0,767	true	[000007, 000000, 000001, 000003, 000005, 000002, 000006, 000009, 000004, 000008]
9209	0	000007	000008	62	14.0	3.0	0,783	true	[000007, 000000, 000001, 000003, 000005, 000002, 000006, 000009, 000008]
9210	0	000007	000008	63	14.0	3.0	0,768	true	[000007, 000000, 000001, 000003, 000005, 000002, 000009, 000004, 000006, 000008]
9211	0	000007	000008	64	14.0	3.0	0,783	true	[000007, 000000, 000001, 000003, 000005, 000002, 000009, 000004, 000008]
9212	0	000007	000008	65	14.0	3.0	0,737	true	[000007, 000000, 000001, 000003, 000005, 000002, 000009, 000006, 000004, 000008]
9213	0	000007	000008	66	14.0	3.0	0,752	true	[000007, 000000, 000001, 000003, 000005, 000002, 000009, 000006, 000008]
9214	0	000007	000008	67	14.0	3.0	0,799	true	[000007, 000000, 000001, 000003, 000005, 000002, 000009, 000008]
9215	0	000007	000008	68	14.0	3.0	0,807	true	[000007, 000000, 000001, 000003, 000005, 000004, 000002, 000006, 000008]
9216	0	000007	000008	69	14.0	3.0	0,775	true	[000007, 000000, 000001, 000003, 000005, 000004, 000002, 000006, 000009, 000008]
9217	0	000007	000008	70	14.0	3.0	0,744	true	[000007, 000000, 000001, 000003, 000005, 000004, 000002, 000009, 000006, 000008]
9218	0	000007	000008	71	14.0	3.0	0,791	true	[000007, 000000, 000001, 000003, 000005, 000004, 000002, 000009, 000008]
9219	0	000007	000008	72	14.0	3.0	0,767	true	[000007, 000000, 000001, 000003, 000005, 000004, 000006, 000002, 000009, 000008]
9220	0	000007	000008	73	14.0	3.0	0,799	true	[000007, 000000, 000001, 000003, 000005, 000004, 000006, 000008]
9221	0	000007	000008	74	14.0	3.0	0,767	true	[000007, 000000, 000001, 000003, 000005, 000004, 000006, 000009, 000008]
9222	0	000007	000008	75	14.0	3.0	0,816	true	[000007, 000000, 000001, 000003, 000005, 000004, 000008]
9223	0	000007	000008	76	14.0	3.0	0,767	true	[000007, 000000, 000001, 000003, 000005, 000004, 000009, 000002, 000006, 000008]
9224	0	000007	000008	77	14.0	3.0	0,767	true	[000007, 000000, 000001, 000003, 000005, 000004, 000009, 000006, 000008]
9225	0	000007	000008	78	14.0	3.0	0,816	true	[000007, 000000, 000001, 000003, 000005, 000004, 000009, 000008]
9226	0	000007	000008	79	14.0	3.0	0,807	true	[000007, 000000, 000001, 000003, 000005, 000006, 000002, 000004, 000008]
9227	0	000007	000008	80	14.0	3.0	0,807	true	[000007, 000000, 000001, 000003, 000005, 000006, 000002, 000004, 000009, 000008]
9228	0	000007	000008	81	14.0	3.0	0,767	true	[000007, 000000, 000001, 000003, 000005, 000006, 000002, 000009, 000004, 000008]
9229	0	000007	000008	82	14.0	3.0	0,783	true	[000007, 000000, 000001, 000003, 000005, 000006, 000002, 000009, 000008]
9230	0	000007	000008	83	14.0	3.0	0,775	true	[000007, 000000, 000001, 000003, 000005, 000006, 000004, 000002, 000009, 000008]
9231	0	000007	000008	84	14.0	3.0	0,799	true	[000007, 000000, 000001, 000003, 000005, 000006, 000004, 000008]
9232	0	000007	000008	85	14.0	3.0	0,799	true	[000007, 000000, 000001, 000003, 000005, 000006, 000004, 000009, 000008]
9233	0	000007	000008	86	14.0	3.0	0,816	true	[000007, 000000, 000001, 000003, 000005, 000006, 000008]
9234	0	000007	000008	87	14.0	3.0	0,744	true	[000007, 000000, 000001, 000003, 000005, 000006, 000009, 000002, 000004, 000008]
9235	0	000007	000008	88	14.0	3.0	0,767	true	[000007, 000000, 000001, 000003, 000005, 000006, 000009, 000004, 000008]
9236	0	000007	000008	89	14.0	3.0	0,783	true	[000007, 000000, 000001, 000003, 000005, 000006, 000009, 000008]
9237	0	000007	000008	90	10.0	3.0	0,832	true	[000007, 000000, 000001, 000003, 000006, 000002, 000004, 000008]
9238	0	000007	000008	91	10.0	3.0	0,832	true	[000007, 000000, 000001, 000003, 000006, 000002, 000004, 000009, 000008]
9239	0	000007	000008	92	10.0	3.0	0,759	true	[000007, 000000, 000001, 000003, 000006, 000002, 000005, 000004, 000008]
9240	0	000007	000008	93	10.0	3.0	0,759	true	[000007, 000000, 000001, 000003, 000006, 000002, 000005, 000004, 000009, 000008]
9241	0	000007	000008	94	10.0	3.0	0,791	true	[000007, 000000, 000001, 000003, 000006, 000002, 000009, 000004, 000008]
9242	0	000007	000008	95	10.0	3.0	0,807	true	[000007, 000000, 000001, 000003, 000006, 000002, 000009, 000008]
9243	0	000007	000008	96	10.0	3.0	0,799	true	[000007, 000000, 000001, 000003, 000006, 000004, 000002, 000009, 000008]
9244	0	000007	000008	97	10.0	3.0	0,729	true	[000007, 000000, 000001, 000003, 000006, 000004, 000005, 000002, 000009, 000008]
9245	0	000007	000008	98	10.0	3.0	0,824	true	[000007, 000000, 000001, 000003, 000006, 000004, 000008]
9246	0	000007	000008	99	10.0	3.0	0,824	true	[000007, 000000, 000001, 000003, 000006, 000004, 000009, 000008]
9247	0	000007	000008	100	10.0	3.0	0,767	true	[000007, 000000, 000001, 000003, 000006, 000005, 000002, 000004, 000008]
9248	0	000007	000008	101	10.0	3.0	0,841	true	[000007, 000000, 000001, 000003, 000006, 000008]
9249	0	000007	000008	102	23.0	3.0	0,932	true	[000007, 000000, 000001, 000008]
9250	0	000007	000008	103	31.0	3.0	0,941	true	[000007, 000000, 000008]
9251	1	001006	001007	0	14.0	3.0	0,850	true	[001006, 001000, 001003, 001002, 001001, 001009, 001004, 001007]
9252	1	001006	001007	1	14.0	3.0	0,859	true	[001006, 001000, 001003, 001002, 001001, 001009, 001005, 001008, 001004, 001007]
9253	1	001006	001007	2	14.0	3.0	0,859	true	[001006, 001000, 001003, 001002, 001001, 001009, 001007]
9254	1	001006	001007	3	9.0	3.0	0,841	true	[001006, 001000, 001003, 001002, 001001, 001009, 001008, 001004, 001007]
9255	1	001006	001007	4	14.0	3.0	0,895	true	[001006, 001000, 001003, 001002, 001005, 001008, 001004, 001007]
9256	1	001006	001007	5	14.0	3.0	0,850	true	[001006, 001000, 001003, 001002, 001005, 001008, 001004, 001009, 001007]
9257	1	001006	001007	6	9.0	3.0	0,833	true	[001006, 001000, 001003, 001002, 001005, 001008, 001009, 001004, 001007]
9258	1	001006	001007	7	9.0	3.0	0,842	true	[001006, 001000, 001003, 001002, 001005, 001008, 001009, 001007]
9259	1	001006	001007	8	14.0	3.0	0,868	true	[001006, 001000, 001003, 001002, 001005, 001009, 001004, 001007]
9260	1	001006	001007	9	14.0	3.0	0,877	true	[001006, 001000, 001003, 001002, 001005, 001009, 001007]
9261	1	001006	001007	10	9.0	3.0	0,859	true	[001006, 001000, 001003, 001002, 001005, 001009, 001008, 001004, 001007]
9262	1	001006	001007	11	14.0	3.0	0,922	true	[001006, 001000, 001003, 001002, 001007]
9263	1	001006	001007	12	14.0	3.0	0,885	true	[001006, 001000, 001003, 001002, 001009, 001004, 001007]
9264	1	001006	001007	13	14.0	3.0	0,895	true	[001006, 001000, 001003, 001002, 001009, 001005, 001008, 001004, 001007]
9265	1	001006	001007	14	14.0	3.0	0,895	true	[001006, 001000, 001003, 001002, 001009, 001007]
9266	1	001006	001007	15	9.0	3.0	0,876	true	[001006, 001000, 001003, 001002, 001009, 001008, 001004, 001007]
9267	1	001006	001007	16	14.0	3.0	0,941	true	[001006, 001000, 001003, 001004, 001007]
9268	1	001006	001007	17	14.0	3.0	0,833	true	[001006, 001000, 001003, 001004, 001008, 001005, 001002, 001001, 001009, 001007]
9269	1	001006	001007	18	14.0	3.0	0,895	true	[001006, 001000, 001003, 001004, 001008, 001005, 001002, 001007]
9270	1	001006	001007	19	14.0	3.0	0,868	true	[001006, 001000, 001003, 001004, 001008, 001005, 001002, 001009, 001007]
9271	1	001006	001007	20	14.0	3.0	0,859	true	[001006, 001000, 001003, 001004, 001008, 001005, 001009, 001001, 001002, 001007]
9272	1	001006	001007	21	14.0	3.0	0,895	true	[001006, 001000, 001003, 001004, 001008, 001005, 001009, 001002, 001007]
9273	1	001006	001007	22	14.0	3.0	0,904	true	[001006, 001000, 001003, 001004, 001008, 001005, 001009, 001007]
9274	1	001006	001007	23	9.0	3.0	0,841	true	[001006, 001000, 001003, 001004, 001008, 001009, 001001, 001002, 001007]
9275	1	001006	001007	24	9.0	3.0	0,877	true	[001006, 001000, 001003, 001004, 001008, 001009, 001002, 001007]
9276	1	001006	001007	25	9.0	3.0	0,859	true	[001006, 001000, 001003, 001004, 001008, 001009, 001005, 001002, 001007]
9277	1	001006	001007	26	9.0	3.0	0,885	true	[001006, 001000, 001003, 001004, 001008, 001009, 001007]
9278	1	001006	001007	27	14.0	3.0	0,850	true	[001006, 001000, 001003, 001004, 001009, 001001, 001002, 001007]
9279	1	001006	001007	28	14.0	3.0	0,886	true	[001006, 001000, 001003, 001004, 001009, 001002, 001007]
9280	1	001006	001007	29	14.0	3.0	0,868	true	[001006, 001000, 001003, 001004, 001009, 001005, 001002, 001007]
9281	1	001006	001007	30	14.0	3.0	0,895	true	[001006, 001000, 001003, 001004, 001009, 001007]
9282	1	001006	001007	31	9.0	3.0	0,833	true	[001006, 001000, 001003, 001004, 001009, 001008, 001005, 001002, 001007]
9283	1	001006	001007	32	12.0	3.0	0,951	true	[001006, 001000, 001003, 001008, 001004, 001007]
9284	1	001006	001007	33	12.0	3.0	0,859	true	[001006, 001000, 001003, 001008, 001004, 001009, 001001, 001002, 001007]
9285	1	001006	001007	34	12.0	3.0	0,895	true	[001006, 001000, 001003, 001008, 001004, 001009, 001002, 001007]
9286	1	001006	001007	35	12.0	3.0	0,877	true	[001006, 001000, 001003, 001008, 001004, 001009, 001005, 001002, 001007]
9287	1	001006	001007	36	12.0	3.0	0,904	true	[001006, 001000, 001003, 001008, 001004, 001009, 001007]
9288	1	001006	001007	37	12.0	3.0	0,833	true	[001006, 001000, 001003, 001008, 001005, 001002, 001001, 001009, 001004, 001007]
9289	1	001006	001007	38	12.0	3.0	0,842	true	[001006, 001000, 001003, 001008, 001005, 001002, 001001, 001009, 001007]
9290	1	001006	001007	39	12.0	3.0	0,904	true	[001006, 001000, 001003, 001008, 001005, 001002, 001007]
9291	1	001006	001007	40	12.0	3.0	0,868	true	[001006, 001000, 001003, 001008, 001005, 001002, 001009, 001004, 001007]
9292	1	001006	001007	41	12.0	3.0	0,877	true	[001006, 001000, 001003, 001008, 001005, 001002, 001009, 001007]
9293	1	001006	001007	42	12.0	3.0	0,868	true	[001006, 001000, 001003, 001008, 001005, 001009, 001001, 001002, 001007]
9294	1	001006	001007	43	12.0	3.0	0,904	true	[001006, 001000, 001003, 001008, 001005, 001009, 001002, 001007]
9295	1	001006	001007	44	12.0	3.0	0,904	true	[001006, 001000, 001003, 001008, 001005, 001009, 001004, 001007]
9296	1	001006	001007	45	12.0	3.0	0,913	true	[001006, 001000, 001003, 001008, 001005, 001009, 001007]
9297	1	001006	001007	46	9.0	3.0	0,850	true	[001006, 001000, 001003, 001008, 001009, 001001, 001002, 001007]
9298	1	001006	001007	47	9.0	3.0	0,885	true	[001006, 001000, 001003, 001008, 001009, 001002, 001007]
9299	1	001006	001007	48	9.0	3.0	0,885	true	[001006, 001000, 001003, 001008, 001009, 001004, 001007]
9300	1	001006	001007	49	9.0	3.0	0,868	true	[001006, 001000, 001003, 001008, 001009, 001005, 001002, 001007]
9301	1	001006	001007	50	9.0	3.0	0,894	true	[001006, 001000, 001003, 001008, 001009, 001007]
9302	1	001006	001007	51	14.0	3.0	0,850	true	[001006, 001000, 001003, 001009, 001001, 001002, 001005, 001008, 001004, 001007]
9303	1	001006	001007	52	14.0	3.0	0,877	true	[001006, 001000, 001003, 001009, 001001, 001002, 001007]
9304	1	001006	001007	53	14.0	3.0	0,886	true	[001006, 001000, 001003, 001009, 001002, 001005, 001008, 001004, 001007]
9305	1	001006	001007	54	14.0	3.0	0,913	true	[001006, 001000, 001003, 001009, 001002, 001007]
9306	1	001006	001007	55	14.0	3.0	0,913	true	[001006, 001000, 001003, 001009, 001004, 001007]
9307	1	001006	001007	56	14.0	3.0	0,868	true	[001006, 001000, 001003, 001009, 001004, 001008, 001005, 001002, 001007]
9308	1	001006	001007	57	14.0	3.0	0,895	true	[001006, 001000, 001003, 001009, 001005, 001002, 001007]
9309	1	001006	001007	58	14.0	3.0	0,922	true	[001006, 001000, 001003, 001009, 001005, 001008, 001004, 001007]
9310	1	001006	001007	59	14.0	3.0	0,922	true	[001006, 001000, 001003, 001009, 001007]
9311	1	001006	001007	60	9.0	3.0	0,903	true	[001006, 001000, 001003, 001009, 001008, 001004, 001007]
9312	1	001006	001007	61	9.0	3.0	0,859	true	[001006, 001000, 001003, 001009, 001008, 001005, 001002, 001007]
9313	1	001006	001007	62	12.0	3.0	0,842	true	[001006, 001000, 001008, 001003, 001002, 001001, 001009, 001004, 001007]
9314	1	001006	001007	63	12.0	3.0	0,850	true	[001006, 001000, 001008, 001003, 001002, 001001, 001009, 001007]
9315	1	001006	001007	64	12.0	3.0	0,859	true	[001006, 001000, 001008, 001003, 001002, 001005, 001009, 001004, 001007]
9316	1	001006	001007	65	12.0	3.0	0,868	true	[001006, 001000, 001008, 001003, 001002, 001005, 001009, 001007]
9317	1	001006	001007	66	12.0	3.0	0,913	true	[001006, 001000, 001008, 001003, 001002, 001007]
9318	1	001006	001007	67	12.0	3.0	0,877	true	[001006, 001000, 001008, 001003, 001002, 001009, 001004, 001007]
9319	1	001006	001007	68	12.0	3.0	0,886	true	[001006, 001000, 001008, 001003, 001002, 001009, 001007]
9320	1	001006	001007	69	12.0	3.0	0,932	true	[001006, 001000, 001008, 001003, 001004, 001007]
9321	1	001006	001007	70	12.0	3.0	0,842	true	[001006, 001000, 001008, 001003, 001004, 001009, 001001, 001002, 001007]
9322	1	001006	001007	71	12.0	3.0	0,877	true	[001006, 001000, 001008, 001003, 001004, 001009, 001002, 001007]
9323	1	001006	001007	72	12.0	3.0	0,859	true	[001006, 001000, 001008, 001003, 001004, 001009, 001005, 001002, 001007]
9324	1	001006	001007	73	12.0	3.0	0,886	true	[001006, 001000, 001008, 001003, 001004, 001009, 001007]
9325	1	001006	001007	74	12.0	3.0	0,868	true	[001006, 001000, 001008, 001003, 001009, 001001, 001002, 001007]
9326	1	001006	001007	75	12.0	3.0	0,904	true	[001006, 001000, 001008, 001003, 001009, 001002, 001007]
9327	1	001006	001007	76	12.0	3.0	0,904	true	[001006, 001000, 001008, 001003, 001009, 001004, 001007]
9328	1	001006	001007	77	12.0	3.0	0,886	true	[001006, 001000, 001008, 001003, 001009, 001005, 001002, 001007]
9329	1	001006	001007	78	12.0	3.0	0,913	true	[001006, 001000, 001008, 001003, 001009, 001007]
9330	1	001006	001007	79	14.0	3.0	0,842	true	[001006, 001000, 001008, 001004, 001003, 001002, 001001, 001009, 001007]
9331	1	001006	001007	80	14.0	3.0	0,859	true	[001006, 001000, 001008, 001004, 001003, 001002, 001005, 001009, 001007]
9332	1	001006	001007	81	14.0	3.0	0,904	true	[001006, 001000, 001008, 001004, 001003, 001002, 001007]
9333	1	001006	001007	82	14.0	3.0	0,877	true	[001006, 001000, 001008, 001004, 001003, 001002, 001009, 001007]
9334	1	001006	001007	83	14.0	3.0	0,859	true	[001006, 001000, 001008, 001004, 001003, 001009, 001001, 001002, 001007]
9335	1	001006	001007	84	14.0	3.0	0,895	true	[001006, 001000, 001008, 001004, 001003, 001009, 001002, 001007]
9336	1	001006	001007	85	14.0	3.0	0,877	true	[001006, 001000, 001008, 001004, 001003, 001009, 001005, 001002, 001007]
9337	1	001006	001007	86	14.0	3.0	0,904	true	[001006, 001000, 001008, 001004, 001003, 001009, 001007]
9338	1	001006	001007	87	14.0	3.0	0,960	true	[001006, 001000, 001008, 001004, 001007]
9339	1	001006	001007	88	14.0	3.0	0,868	true	[001006, 001000, 001008, 001004, 001009, 001001, 001002, 001007]
9340	1	001006	001007	89	14.0	3.0	0,904	true	[001006, 001000, 001008, 001004, 001009, 001002, 001007]
9341	1	001006	001007	90	14.0	3.0	0,877	true	[001006, 001000, 001008, 001004, 001009, 001003, 001002, 001007]
9342	1	001006	001007	91	14.0	3.0	0,886	true	[001006, 001000, 001008, 001004, 001009, 001005, 001002, 001007]
9343	1	001006	001007	92	14.0	3.0	0,913	true	[001006, 001000, 001008, 001004, 001009, 001007]
9344	1	001006	001007	93	14.0	3.0	0,833	true	[001006, 001000, 001008, 001005, 001002, 001001, 001009, 001003, 001004, 001007]
9345	1	001006	001007	94	14.0	3.0	0,842	true	[001006, 001000, 001008, 001005, 001002, 001001, 001009, 001004, 001007]
9346	1	001006	001007	95	14.0	3.0	0,850	true	[001006, 001000, 001008, 001005, 001002, 001001, 001009, 001007]
9347	1	001006	001007	96	14.0	3.0	0,877	true	[001006, 001000, 001008, 001005, 001002, 001003, 001004, 001007]
9348	1	001006	001007	97	14.0	3.0	0,833	true	[001006, 001000, 001008, 001005, 001002, 001003, 001004, 001009, 001007]
9349	1	001006	001007	98	14.0	3.0	0,850	true	[001006, 001000, 001008, 001005, 001002, 001003, 001009, 001004, 001007]
9350	1	001006	001007	99	14.0	3.0	0,859	true	[001006, 001000, 001008, 001005, 001002, 001003, 001009, 001007]
9351	1	001006	001007	100	14.0	3.0	0,913	true	[001006, 001000, 001008, 001005, 001002, 001007]
9352	1	001006	001007	101	11.0	4.0	0,990	true	[001006, 001007]
9353	2	002007	002004	0	21.0	3.0	0,850	true	[002007, 002001, 002002, 002003, 002000, 002004]
9354	2	002007	002004	1	21.0	4.0	0,833	true	[002007, 002001, 002002, 002003, 002000, 002005, 002004]
9355	2	002007	002004	2	11.0	4.0	0,808	true	[002007, 002001, 002002, 002003, 002000, 002005, 002008, 002004]
9356	2	002007	002004	3	21.0	3.0	0,791	true	[002007, 002001, 002002, 002003, 002000, 002005, 002008, 002009, 002004]
9357	2	002007	002004	4	21.0	3.0	0,841	true	[002007, 002001, 002002, 002003, 002000, 002005, 002009, 002004]
9358	2	002007	002004	5	11.0	4.0	0,791	true	[002007, 002001, 002002, 002003, 002000, 002005, 002009, 002008, 002004]
9359	2	002007	002004	6	21.0	3.0	0,841	true	[002007, 002001, 002002, 002003, 002000, 002009, 002004]
9360	2	002007	002004	7	21.0	4.0	0,833	true	[002007, 002001, 002002, 002003, 002000, 002009, 002005, 002004]
9361	2	002007	002004	8	11.0	4.0	0,808	true	[002007, 002001, 002002, 002003, 002000, 002009, 002005, 002008, 002004]
9362	2	002007	002004	9	11.0	4.0	0,791	true	[002007, 002001, 002002, 002003, 002000, 002009, 002008, 002004]
9363	2	002007	002004	10	21.0	4.0	0,783	true	[002007, 002001, 002002, 002003, 002000, 002009, 002008, 002005, 002004]
9364	2	002007	002004	11	42.0	4.0	0,867	true	[002007, 002001, 002002, 002003, 002004]
9365	2	002007	002004	12	17.0	3.0	0,816	true	[002007, 002001, 002002, 002003, 002005, 002000, 002004]
9366	2	002007	002004	13	17.0	3.0	0,808	true	[002007, 002001, 002002, 002003, 002005, 002000, 002009, 002004]
9367	2	002007	002004	14	11.0	4.0	0,760	true	[002007, 002001, 002002, 002003, 002005, 002000, 002009, 002008, 002004]
9368	2	002007	002004	15	17.0	4.0	0,850	true	[002007, 002001, 002002, 002003, 002005, 002004]
9369	2	002007	002004	16	11.0	4.0	0,824	true	[002007, 002001, 002002, 002003, 002005, 002008, 002004]
9370	2	002007	002004	17	17.0	3.0	0,767	true	[002007, 002001, 002002, 002003, 002005, 002008, 002009, 002000, 002004]
9371	2	002007	002004	18	17.0	3.0	0,807	true	[002007, 002001, 002002, 002003, 002005, 002008, 002009, 002004]
9372	2	002007	002004	19	17.0	3.0	0,816	true	[002007, 002001, 002002, 002003, 002005, 002009, 002000, 002004]
9373	2	002007	002004	20	17.0	3.0	0,858	true	[002007, 002001, 002002, 002003, 002005, 002009, 002004]
9374	2	002007	002004	21	11.0	4.0	0,807	true	[002007, 002001, 002002, 002003, 002005, 002009, 002008, 002004]
9375	2	002007	002004	22	11.0	4.0	0,858	true	[002007, 002001, 002002, 002003, 002008, 002004]
9376	2	002007	002004	23	33.0	3.0	0,816	true	[002007, 002001, 002002, 002003, 002008, 002005, 002000, 002004]
9377	2	002007	002004	24	33.0	3.0	0,808	true	[002007, 002001, 002002, 002003, 002008, 002005, 002000, 002009, 002004]
9378	2	002007	002004	25	33.0	4.0	0,850	true	[002007, 002001, 002002, 002003, 002008, 002005, 002004]
9379	2	002007	002004	26	33.0	3.0	0,816	true	[002007, 002001, 002002, 002003, 002008, 002005, 002009, 002000, 002004]
9380	2	002007	002004	27	33.0	3.0	0,858	true	[002007, 002001, 002002, 002003, 002008, 002005, 002009, 002004]
9381	2	002007	002004	28	23.0	3.0	0,799	true	[002007, 002001, 002002, 002003, 002008, 002009, 002000, 002004]
9382	2	002007	002004	29	23.0	4.0	0,783	true	[002007, 002001, 002002, 002003, 002008, 002009, 002000, 002005, 002004]
9383	2	002007	002004	30	23.0	3.0	0,841	true	[002007, 002001, 002002, 002003, 002008, 002009, 002004]
9384	2	002007	002004	31	23.0	3.0	0,799	true	[002007, 002001, 002002, 002003, 002008, 002009, 002005, 002000, 002004]
9385	2	002007	002004	32	23.0	4.0	0,832	true	[002007, 002001, 002002, 002003, 002008, 002009, 002005, 002004]
9386	2	002007	002004	33	21.0	3.0	0,824	true	[002007, 002001, 002002, 002003, 002009, 002000, 002004]
9387	2	002007	002004	34	21.0	4.0	0,808	true	[002007, 002001, 002002, 002003, 002009, 002000, 002005, 002004]
9388	2	002007	002004	35	11.0	4.0	0,783	true	[002007, 002001, 002002, 002003, 002009, 002000, 002005, 002008, 002004]
9389	2	002007	002004	36	21.0	3.0	0,867	true	[002007, 002001, 002002, 002003, 002009, 002004]
9390	2	002007	002004	37	21.0	3.0	0,824	true	[002007, 002001, 002002, 002003, 002009, 002005, 002000, 002004]
9391	2	002007	002004	38	21.0	4.0	0,858	true	[002007, 002001, 002002, 002003, 002009, 002005, 002004]
9392	2	002007	002004	39	11.0	4.0	0,833	true	[002007, 002001, 002002, 002003, 002009, 002005, 002008, 002004]
9393	2	002007	002004	40	11.0	4.0	0,816	true	[002007, 002001, 002002, 002003, 002009, 002008, 002004]
9394	2	002007	002004	41	21.0	3.0	0,775	true	[002007, 002001, 002002, 002003, 002009, 002008, 002005, 002000, 002004]
9395	2	002007	002004	42	21.0	4.0	0,807	true	[002007, 002001, 002002, 002003, 002009, 002008, 002005, 002004]
9396	2	002007	002004	43	10.0	4.0	0,866	true	[002007, 002001, 002002, 002004]
9397	2	002007	002004	44	9.0	3.0	0,841	true	[002007, 002001, 002002, 002006, 002008, 002003, 002000, 002004]
9398	2	002007	002004	45	9.0	4.0	0,824	true	[002007, 002001, 002002, 002006, 002008, 002003, 002000, 002005, 002004]
9399	2	002007	002004	46	9.0	3.0	0,833	true	[002007, 002001, 002002, 002006, 002008, 002003, 002000, 002005, 002009, 002004]
9400	2	002007	002004	47	9.0	3.0	0,833	true	[002007, 002001, 002002, 002006, 002008, 002003, 002000, 002009, 002004]
9401	2	002007	002004	48	9.0	4.0	0,824	true	[002007, 002001, 002002, 002006, 002008, 002003, 002000, 002009, 002005, 002004]
9402	2	002007	002004	49	9.0	4.0	0,858	true	[002007, 002001, 002002, 002006, 002008, 002003, 002004]
9403	2	002007	002004	50	9.0	3.0	0,808	true	[002007, 002001, 002002, 002006, 002008, 002003, 002005, 002000, 002004]
9404	2	002007	002004	51	9.0	3.0	0,799	true	[002007, 002001, 002002, 002006, 002008, 002003, 002005, 002000, 002009, 002004]
9405	2	002007	002004	52	9.0	4.0	0,841	true	[002007, 002001, 002002, 002006, 002008, 002003, 002005, 002004]
9406	2	002007	002004	53	9.0	3.0	0,808	true	[002007, 002001, 002002, 002006, 002008, 002003, 002005, 002009, 002000, 002004]
9407	2	002007	002004	54	9.0	3.0	0,850	true	[002007, 002001, 002002, 002006, 002008, 002003, 002005, 002009, 002004]
9408	2	002007	002004	55	9.0	3.0	0,816	true	[002007, 002001, 002002, 002006, 002008, 002003, 002009, 002000, 002004]
9409	2	002007	002004	56	9.0	4.0	0,799	true	[002007, 002001, 002002, 002006, 002008, 002003, 002009, 002000, 002005, 002004]
9410	2	002007	002004	57	9.0	3.0	0,858	true	[002007, 002001, 002002, 002006, 002008, 002003, 002009, 002004]
9411	2	002007	002004	58	9.0	3.0	0,816	true	[002007, 002001, 002002, 002006, 002008, 002003, 002009, 002005, 002000, 002004]
9412	2	002007	002004	59	9.0	4.0	0,850	true	[002007, 002001, 002002, 002006, 002008, 002003, 002009, 002005, 002004]
9413	2	002007	002004	60	9.0	4.0	0,850	true	[002007, 002001, 002002, 002006, 002008, 002004]
9414	2	002007	002004	61	9.0	4.0	0,808	true	[002007, 002001, 002002, 002006, 002008, 002005, 002000, 002003, 002004]
9415	2	002007	002004	62	9.0	3.0	0,808	true	[002007, 002001, 002002, 002006, 002008, 002005, 002000, 002003, 002009, 002004]
9416	2	002007	002004	63	9.0	3.0	0,808	true	[002007, 002001, 002002, 002006, 002008, 002005, 002000, 002004]
9417	2	002007	002004	64	9.0	4.0	0,783	true	[002007, 002001, 002002, 002006, 002008, 002005, 002000, 002009, 002003, 002004]
9418	2	002007	002004	65	9.0	3.0	0,799	true	[002007, 002001, 002002, 002006, 002008, 002005, 002000, 002009, 002004]
9419	2	002007	002004	66	9.0	3.0	0,808	true	[002007, 002001, 002002, 002006, 002008, 002005, 002003, 002000, 002004]
9420	2	002007	002004	67	9.0	3.0	0,800	true	[002007, 002001, 002002, 002006, 002008, 002005, 002003, 002000, 002009, 002004]
9421	2	002007	002004	68	9.0	4.0	0,824	true	[002007, 002001, 002002, 002006, 002008, 002005, 002003, 002004]
9422	2	002007	002004	69	9.0	3.0	0,783	true	[002007, 002001, 002002, 002006, 002008, 002005, 002003, 002009, 002000, 002004]
9423	2	002007	002004	70	9.0	3.0	0,824	true	[002007, 002001, 002002, 002006, 002008, 002005, 002003, 002009, 002004]
9424	2	002007	002004	71	9.0	4.0	0,841	true	[002007, 002001, 002002, 002006, 002008, 002005, 002004]
9425	2	002007	002004	72	9.0	4.0	0,808	true	[002007, 002001, 002002, 002006, 002008, 002005, 002009, 002000, 002003, 002004]
9426	2	002007	002004	73	9.0	3.0	0,808	true	[002007, 002001, 002002, 002006, 002008, 002005, 002009, 002000, 002004]
9427	2	002007	002004	74	9.0	3.0	0,816	true	[002007, 002001, 002002, 002006, 002008, 002005, 002009, 002003, 002000, 002004]
9428	2	002007	002004	75	9.0	4.0	0,833	true	[002007, 002001, 002002, 002006, 002008, 002005, 002009, 002003, 002004]
9429	2	002007	002004	76	9.0	3.0	0,850	true	[002007, 002001, 002002, 002006, 002008, 002005, 002009, 002004]
9430	2	002007	002004	77	9.0	4.0	0,791	true	[002007, 002001, 002002, 002006, 002008, 002009, 002000, 002003, 002004]
9431	2	002007	002004	78	9.0	4.0	0,775	true	[002007, 002001, 002002, 002006, 002008, 002009, 002000, 002003, 002005, 002004]
9432	2	002007	002004	79	9.0	3.0	0,791	true	[002007, 002001, 002002, 002006, 002008, 002009, 002000, 002004]
9433	2	002007	002004	80	9.0	4.0	0,760	true	[002007, 002001, 002002, 002006, 002008, 002009, 002000, 002005, 002003, 002004]
9434	2	002007	002004	81	9.0	4.0	0,775	true	[002007, 002001, 002002, 002006, 002008, 002009, 002000, 002005, 002004]
9435	2	002007	002004	82	9.0	3.0	0,799	true	[002007, 002001, 002002, 002006, 002008, 002009, 002003, 002000, 002004]
9436	2	002007	002004	83	9.0	4.0	0,783	true	[002007, 002001, 002002, 002006, 002008, 002009, 002003, 002000, 002005, 002004]
9437	2	002007	002004	84	9.0	4.0	0,816	true	[002007, 002001, 002002, 002006, 002008, 002009, 002003, 002004]
9438	2	002007	002004	85	9.0	3.0	0,767	true	[002007, 002001, 002002, 002006, 002008, 002009, 002003, 002005, 002000, 002004]
9439	2	002007	002004	86	9.0	4.0	0,799	true	[002007, 002001, 002002, 002006, 002008, 002009, 002003, 002005, 002004]
9440	2	002007	002004	87	9.0	3.0	0,832	true	[002007, 002001, 002002, 002006, 002008, 002009, 002004]
9441	2	002007	002004	88	9.0	4.0	0,791	true	[002007, 002001, 002002, 002006, 002008, 002009, 002005, 002000, 002003, 002004]
9442	2	002007	002004	89	9.0	3.0	0,791	true	[002007, 002001, 002002, 002006, 002008, 002009, 002005, 002000, 002004]
9443	2	002007	002004	90	9.0	3.0	0,791	true	[002007, 002001, 002002, 002006, 002008, 002009, 002005, 002003, 002000, 002004]
9444	2	002007	002004	91	9.0	4.0	0,807	true	[002007, 002001, 002002, 002006, 002008, 002009, 002005, 002003, 002004]
9445	2	002007	002004	92	9.0	4.0	0,824	true	[002007, 002001, 002002, 002006, 002008, 002009, 002005, 002004]
9446	2	002007	002004	93	21.0	3.0	0,850	true	[002007, 002001, 002002, 002008, 002003, 002000, 002004]
9447	2	002007	002004	94	21.0	4.0	0,833	true	[002007, 002001, 002002, 002008, 002003, 002000, 002005, 002004]
9448	2	002007	002004	95	21.0	3.0	0,841	true	[002007, 002001, 002002, 002008, 002003, 002000, 002005, 002009, 002004]
9449	2	002007	002004	96	21.0	3.0	0,841	true	[002007, 002001, 002002, 002008, 002003, 002000, 002009, 002004]
9450	2	002007	002004	97	21.0	4.0	0,833	true	[002007, 002001, 002002, 002008, 002003, 002000, 002009, 002005, 002004]
9451	2	002007	002004	98	42.0	4.0	0,867	true	[002007, 002001, 002002, 002008, 002003, 002004]
9452	2	002007	002004	99	17.0	3.0	0,816	true	[002007, 002001, 002002, 002008, 002003, 002005, 002000, 002004]
9453	2	002007	002004	100	17.0	3.0	0,808	true	[002007, 002001, 002002, 002008, 002003, 002005, 002000, 002009, 002004]
9454	2	002007	002004	101	17.0	4.0	0,850	true	[002007, 002001, 002002, 002008, 002003, 002005, 002004]
9455	2	002007	002004	102	11.0	4.0	0,858	true	[002007, 002001, 002002, 002008, 002004]
9456	2	002007	002004	103	29.0	6.0	0,941	true	[002007, 002001, 002004]
9457	3	003007	003008	0	27.0	3.0	0,807	true	[003007, 003000, 003002, 003001, 003003, 003004, 003005, 003006, 003008]
9458	3	003007	003008	1	10.0	3.0	0,783	true	[003007, 003000, 003002, 003001, 003003, 003004, 003005, 003006, 003009, 003008]
9459	3	003007	003008	2	27.0	3.0	0,850	true	[003007, 003000, 003002, 003001, 003003, 003004, 003005, 003008]
9460	3	003007	003008	3	17.0	3.0	0,759	true	[003007, 003000, 003002, 003001, 003003, 003004, 003005, 003009, 003006, 003008]
9461	3	003007	003008	4	10.0	3.0	0,799	true	[003007, 003000, 003002, 003001, 003003, 003004, 003005, 003009, 003008]
9462	3	003007	003008	5	27.0	4.0	0,850	true	[003007, 003000, 003002, 003001, 003003, 003004, 003006, 003005, 003008]
9463	3	003007	003008	6	10.0	4.0	0,799	true	[003007, 003000, 003002, 003001, 003003, 003004, 003006, 003005, 003009, 003008]
9464	3	003007	003008	7	27.0	4.0	0,824	true	[003007, 003000, 003002, 003001, 003003, 003004, 003006, 003008]
9465	3	003007	003008	8	17.0	4.0	0,799	true	[003007, 003000, 003002, 003001, 003003, 003004, 003006, 003009, 003005, 003008]
9466	3	003007	003008	9	10.0	4.0	0,799	true	[003007, 003000, 003002, 003001, 003003, 003004, 003006, 003009, 003008]
9467	3	003007	003008	10	10.0	4.0	0,791	true	[003007, 003000, 003002, 003001, 003003, 003004, 003009, 003005, 003006, 003008]
9468	3	003007	003008	11	10.0	4.0	0,833	true	[003007, 003000, 003002, 003001, 003003, 003004, 003009, 003005, 003008]
9469	3	003007	003008	12	10.0	4.0	0,816	true	[003007, 003000, 003002, 003001, 003003, 003004, 003009, 003006, 003005, 003008]
9470	3	003007	003008	13	10.0	4.0	0,791	true	[003007, 003000, 003002, 003001, 003003, 003004, 003009, 003006, 003008]
9471	3	003007	003008	14	10.0	4.0	0,833	true	[003007, 003000, 003002, 003001, 003003, 003004, 003009, 003008]
9472	3	003007	003008	15	27.0	3.0	0,833	true	[003007, 003000, 003002, 003001, 003003, 003005, 003004, 003006, 003008]
9473	3	003007	003008	16	10.0	3.0	0,808	true	[003007, 003000, 003002, 003001, 003003, 003005, 003004, 003006, 003009, 003008]
9474	3	003007	003008	17	10.0	3.0	0,800	true	[003007, 003000, 003002, 003001, 003003, 003005, 003004, 003009, 003006, 003008]
9475	3	003007	003008	18	10.0	3.0	0,842	true	[003007, 003000, 003002, 003001, 003003, 003005, 003004, 003009, 003008]
9476	3	003007	003008	19	10.0	4.0	0,842	true	[003007, 003000, 003002, 003001, 003003, 003005, 003006, 003004, 003009, 003008]
9477	3	003007	003008	20	27.0	4.0	0,867	true	[003007, 003000, 003002, 003001, 003003, 003005, 003006, 003008]
9478	3	003007	003008	21	10.0	4.0	0,841	true	[003007, 003000, 003002, 003001, 003003, 003005, 003006, 003009, 003008]
9479	3	003007	003008	22	27.0	4.0	0,913	true	[003007, 003000, 003002, 003001, 003003, 003005, 003008]
9480	3	003007	003008	23	10.0	4.0	0,816	true	[003007, 003000, 003002, 003001, 003003, 003005, 003009, 003004, 003006, 003008]
9481	3	003007	003008	24	17.0	4.0	0,816	true	[003007, 003000, 003002, 003001, 003003, 003005, 003009, 003006, 003008]
9482	3	003007	003008	25	10.0	4.0	0,859	true	[003007, 003000, 003002, 003001, 003003, 003005, 003009, 003008]
9483	3	003007	003008	26	16.0	3.0	0,859	true	[003007, 003000, 003002, 003001, 003003, 003006, 003004, 003005, 003008]
9484	3	003007	003008	27	10.0	3.0	0,808	true	[003007, 003000, 003002, 003001, 003003, 003006, 003004, 003005, 003009, 003008]
9485	3	003007	003008	28	10.0	4.0	0,842	true	[003007, 003000, 003002, 003001, 003003, 003006, 003004, 003009, 003005, 003008]
9486	3	003007	003008	29	10.0	4.0	0,842	true	[003007, 003000, 003002, 003001, 003003, 003006, 003004, 003009, 003008]
9487	3	003007	003008	30	10.0	3.0	0,825	true	[003007, 003000, 003002, 003001, 003003, 003006, 003005, 003004, 003009, 003008]
9488	3	003007	003008	31	16.0	4.0	0,894	true	[003007, 003000, 003002, 003001, 003003, 003006, 003005, 003008]
9489	3	003007	003008	32	10.0	4.0	0,842	true	[003007, 003000, 003002, 003001, 003003, 003006, 003005, 003009, 003008]
9490	3	003007	003008	33	16.0	4.0	0,867	true	[003007, 003000, 003002, 003001, 003003, 003006, 003008]
9491	3	003007	003008	34	10.0	3.0	0,824	true	[003007, 003000, 003002, 003001, 003003, 003006, 003009, 003004, 003005, 003008]
9492	3	003007	003008	35	16.0	4.0	0,841	true	[003007, 003000, 003002, 003001, 003003, 003006, 003009, 003005, 003008]
9493	3	003007	003008	36	10.0	4.0	0,841	true	[003007, 003000, 003002, 003001, 003003, 003006, 003009, 003008]
9494	3	003007	003008	37	27.0	4.0	0,885	true	[003007, 003000, 003002, 003001, 003003, 003008]
9495	3	003007	003008	38	10.0	3.0	0,833	true	[003007, 003000, 003002, 003001, 003003, 003009, 003004, 003005, 003006, 003008]
9496	3	003007	003008	39	10.0	3.0	0,876	true	[003007, 003000, 003002, 003001, 003003, 003009, 003004, 003005, 003008]
9497	3	003007	003008	40	10.0	4.0	0,877	true	[003007, 003000, 003002, 003001, 003003, 003009, 003004, 003006, 003005, 003008]
9498	3	003007	003008	41	10.0	4.0	0,850	true	[003007, 003000, 003002, 003001, 003003, 003009, 003004, 003006, 003008]
9499	3	003007	003008	42	17.0	3.0	0,816	true	[003007, 003000, 003002, 003001, 003003, 003009, 003005, 003004, 003006, 003008]
9500	3	003007	003008	43	17.0	4.0	0,850	true	[003007, 003000, 003002, 003001, 003003, 003009, 003005, 003006, 003008]
9501	3	003007	003008	44	17.0	4.0	0,894	true	[003007, 003000, 003002, 003001, 003003, 003009, 003005, 003008]
9502	3	003007	003008	45	27.0	3.0	0,841	true	[003007, 003000, 003002, 003001, 003003, 003009, 003006, 003004, 003005, 003008]
9503	3	003007	003008	46	27.0	4.0	0,876	true	[003007, 003000, 003002, 003001, 003003, 003009, 003006, 003005, 003008]
9504	3	003007	003008	47	27.0	4.0	0,850	true	[003007, 003000, 003002, 003001, 003003, 003009, 003006, 003008]
9505	3	003007	003008	48	10.0	4.0	0,894	true	[003007, 003000, 003002, 003001, 003003, 003009, 003008]
9506	3	003007	003008	49	23.0	4.0	0,850	true	[003007, 003000, 003002, 003001, 003004, 003003, 003005, 003006, 003008]
9507	3	003007	003008	50	10.0	4.0	0,824	true	[003007, 003000, 003002, 003001, 003004, 003003, 003005, 003006, 003009, 003008]
9508	3	003007	003008	51	23.0	4.0	0,894	true	[003007, 003000, 003002, 003001, 003004, 003003, 003005, 003008]
9509	3	003007	003008	52	17.0	4.0	0,799	true	[003007, 003000, 003002, 003001, 003004, 003003, 003005, 003009, 003006, 003008]
9510	3	003007	003008	53	10.0	4.0	0,841	true	[003007, 003000, 003002, 003001, 003004, 003003, 003005, 003009, 003008]
9511	3	003007	003008	54	16.0	4.0	0,876	true	[003007, 003000, 003002, 003001, 003004, 003003, 003006, 003005, 003008]
9512	3	003007	003008	55	10.0	4.0	0,824	true	[003007, 003000, 003002, 003001, 003004, 003003, 003006, 003005, 003009, 003008]
9513	3	003007	003008	56	16.0	4.0	0,850	true	[003007, 003000, 003002, 003001, 003004, 003003, 003006, 003008]
9514	3	003007	003008	57	16.0	4.0	0,824	true	[003007, 003000, 003002, 003001, 003004, 003003, 003006, 003009, 003005, 003008]
9515	3	003007	003008	58	10.0	4.0	0,824	true	[003007, 003000, 003002, 003001, 003004, 003003, 003006, 003009, 003008]
9516	3	003007	003008	59	23.0	4.0	0,867	true	[003007, 003000, 003002, 003001, 003004, 003003, 003008]
9517	3	003007	003008	60	17.0	4.0	0,833	true	[003007, 003000, 003002, 003001, 003004, 003003, 003009, 003005, 003006, 003008]
9518	3	003007	003008	61	17.0	4.0	0,876	true	[003007, 003000, 003002, 003001, 003004, 003003, 003009, 003005, 003008]
9519	3	003007	003008	62	23.0	4.0	0,858	true	[003007, 003000, 003002, 003001, 003004, 003003, 003009, 003006, 003005, 003008]
9520	3	003007	003008	63	23.0	4.0	0,832	true	[003007, 003000, 003002, 003001, 003004, 003003, 003009, 003006, 003008]
9521	3	003007	003008	64	10.0	4.0	0,876	true	[003007, 003000, 003002, 003001, 003004, 003003, 003009, 003008]
9522	3	003007	003008	65	16.0	3.0	0,859	true	[003007, 003000, 003002, 003001, 003004, 003005, 003003, 003006, 003008]
9523	3	003007	003008	66	10.0	3.0	0,833	true	[003007, 003000, 003002, 003001, 003004, 003005, 003003, 003006, 003009, 003008]
9524	3	003007	003008	67	23.0	3.0	0,876	true	[003007, 003000, 003002, 003001, 003004, 003005, 003003, 003008]
9525	3	003007	003008	68	23.0	3.0	0,841	true	[003007, 003000, 003002, 003001, 003004, 003005, 003003, 003009, 003006, 003008]
9526	3	003007	003008	69	10.0	3.0	0,886	true	[003007, 003000, 003002, 003001, 003004, 003005, 003003, 003009, 003008]
9527	3	003007	003008	70	16.0	3.0	0,859	true	[003007, 003000, 003002, 003001, 003004, 003005, 003006, 003003, 003008]
9528	3	003007	003008	71	10.0	3.0	0,868	true	[003007, 003000, 003002, 003001, 003004, 003005, 003006, 003003, 003009, 003008]
9529	3	003007	003008	72	23.0	3.0	0,876	true	[003007, 003000, 003002, 003001, 003004, 003005, 003006, 003008]
9530	3	003007	003008	73	23.0	3.0	0,841	true	[003007, 003000, 003002, 003001, 003004, 003005, 003006, 003009, 003003, 003008]
9531	3	003007	003008	74	10.0	3.0	0,850	true	[003007, 003000, 003002, 003001, 003004, 003005, 003006, 003009, 003008]
9532	3	003007	003008	75	23.0	3.0	0,922	true	[003007, 003000, 003002, 003001, 003004, 003005, 003008]
9533	3	003007	003008	76	16.0	3.0	0,842	true	[003007, 003000, 003002, 003001, 003004, 003005, 003009, 003003, 003006, 003008]
9534	3	003007	003008	77	17.0	3.0	0,859	true	[003007, 003000, 003002, 003001, 003004, 003005, 003009, 003003, 003008]
9535	3	003007	003008	78	16.0	3.0	0,808	true	[003007, 003000, 003002, 003001, 003004, 003005, 003009, 003006, 003003, 003008]
9536	3	003007	003008	79	17.0	3.0	0,824	true	[003007, 003000, 003002, 003001, 003004, 003005, 003009, 003006, 003008]
9537	3	003007	003008	80	10.0	3.0	0,868	true	[003007, 003000, 003002, 003001, 003004, 003005, 003009, 003008]
9538	3	003007	003008	81	16.0	4.0	0,904	true	[003007, 003000, 003002, 003001, 003004, 003006, 003003, 003005, 003008]
9539	3	003007	003008	82	10.0	4.0	0,850	true	[003007, 003000, 003002, 003001, 003004, 003006, 003003, 003005, 003009, 003008]
9540	3	003007	003008	83	16.0	4.0	0,877	true	[003007, 003000, 003002, 003001, 003004, 003006, 003003, 003008]
9541	3	003007	003008	84	16.0	4.0	0,886	true	[003007, 003000, 003002, 003001, 003004, 003006, 003003, 003009, 003005, 003008]
9542	3	003007	003008	85	10.0	4.0	0,886	true	[003007, 003000, 003002, 003001, 003004, 003006, 003003, 003009, 003008]
9543	3	003007	003008	86	23.0	4.0	0,877	true	[003007, 003000, 003002, 003001, 003004, 003006, 003005, 003003, 003008]
9544	3	003007	003008	87	10.0	4.0	0,886	true	[003007, 003000, 003002, 003001, 003004, 003006, 003005, 003003, 003009, 003008]
9545	3	003007	003008	88	23.0	4.0	0,922	true	[003007, 003000, 003002, 003001, 003004, 003006, 003005, 003008]
9546	3	003007	003008	89	17.0	4.0	0,859	true	[003007, 003000, 003002, 003001, 003004, 003006, 003005, 003009, 003003, 003008]
9547	3	003007	003008	90	10.0	4.0	0,868	true	[003007, 003000, 003002, 003001, 003004, 003006, 003005, 003009, 003008]
9548	3	003007	003008	91	23.0	4.0	0,894	true	[003007, 003000, 003002, 003001, 003004, 003006, 003008]
9549	3	003007	003008	92	23.0	4.0	0,885	true	[003007, 003000, 003002, 003001, 003004, 003006, 003009, 003003, 003005, 003008]
9550	3	003007	003008	93	23.0	4.0	0,859	true	[003007, 003000, 003002, 003001, 003004, 003006, 003009, 003003, 003008]
9551	3	003007	003008	94	17.0	4.0	0,825	true	[003007, 003000, 003002, 003001, 003004, 003006, 003009, 003005, 003003, 003008]
9552	3	003007	003008	95	17.0	4.0	0,868	true	[003007, 003000, 003002, 003001, 003004, 003006, 003009, 003005, 003008]
9553	3	003007	003008	96	10.0	4.0	0,868	true	[003007, 003000, 003002, 003001, 003004, 003006, 003009, 003008]
9554	3	003007	003008	97	10.0	4.0	0,877	true	[003007, 003000, 003002, 003001, 003004, 003009, 003003, 003005, 003006, 003008]
9555	3	003007	003008	98	10.0	4.0	0,922	true	[003007, 003000, 003002, 003001, 003004, 003009, 003003, 003005, 003008]
9556	3	003007	003008	99	10.0	4.0	0,904	true	[003007, 003000, 003002, 003001, 003004, 003009, 003003, 003006, 003005, 003008]
9557	3	003007	003008	100	10.0	4.0	0,877	true	[003007, 003000, 003002, 003001, 003004, 003009, 003003, 003006, 003008]
9558	3	003007	003008	101	10.0	4.0	0,894	true	[003007, 003000, 003002, 003001, 003004, 003009, 003003, 003008]
9559	3	003007	003008	102	10.0	4.0	0,904	true	[003007, 003000, 003002, 003001, 003004, 003009, 003008]
9560	3	003007	003008	103	30.0	4.0	0,922	true	[003007, 003000, 003002, 003001, 003008]
9561	4	004009	004007	0	10.0	3.0	0,790	true	[004009, 004000, 004002, 004003, 004001, 004004, 004006, 004008, 004007]
9562	4	004009	004007	1	10.0	3.0	0,832	true	[004009, 004000, 004002, 004003, 004001, 004004, 004007]
9563	4	004009	004007	2	10.0	3.0	0,806	true	[004009, 004000, 004002, 004003, 004001, 004004, 004008, 004007]
9564	4	004009	004007	3	10.0	4.0	0,832	true	[004009, 004000, 004002, 004003, 004001, 004005, 004004, 004006, 004008, 004007]
9565	4	004009	004007	4	10.0	4.0	0,875	true	[004009, 004000, 004002, 004003, 004001, 004005, 004004, 004007]
9566	4	004009	004007	5	10.0	4.0	0,849	true	[004009, 004000, 004002, 004003, 004001, 004005, 004004, 004008, 004007]
9567	4	004009	004007	6	10.0	5.0	0,824	true	[004009, 004000, 004002, 004003, 004001, 004006, 004004, 004007]
9568	4	004009	004007	7	10.0	4.0	0,799	true	[004009, 004000, 004002, 004003, 004001, 004006, 004004, 004008, 004007]
9569	4	004009	004007	8	10.0	5.0	0,774	true	[004009, 004000, 004002, 004003, 004001, 004006, 004008, 004004, 004007]
9570	4	004009	004007	9	10.0	4.0	0,832	true	[004009, 004000, 004002, 004003, 004001, 004006, 004008, 004007]
9571	4	004009	004007	10	10.0	5.0	0,884	true	[004009, 004000, 004002, 004003, 004001, 004007]
9572	4	004009	004007	11	10.0	3.0	0,807	true	[004009, 004000, 004002, 004003, 004001, 004008, 004004, 004007]
9573	4	004009	004007	12	10.0	3.0	0,791	true	[004009, 004000, 004002, 004003, 004001, 004008, 004006, 004004, 004007]
9574	4	004009	004007	13	10.0	3.0	0,867	true	[004009, 004000, 004002, 004003, 004001, 004008, 004007]
9575	4	004009	004007	14	10.0	3.0	0,782	true	[004009, 004000, 004002, 004003, 004004, 004001, 004006, 004008, 004007]
9576	4	004009	004007	15	10.0	3.0	0,832	true	[004009, 004000, 004002, 004003, 004004, 004001, 004007]
9577	4	004009	004007	16	10.0	3.0	0,815	true	[004009, 004000, 004002, 004003, 004004, 004001, 004008, 004007]
9578	4	004009	004007	17	10.0	4.0	0,824	true	[004009, 004000, 004002, 004003, 004004, 004005, 004001, 004006, 004008, 004007]
9579	4	004009	004007	18	10.0	4.0	0,876	true	[004009, 004000, 004002, 004003, 004004, 004005, 004001, 004007]
9580	4	004009	004007	19	10.0	3.0	0,858	true	[004009, 004000, 004002, 004003, 004004, 004005, 004001, 004008, 004007]
9581	4	004009	004007	20	10.0	5.0	0,824	true	[004009, 004000, 004002, 004003, 004004, 004006, 004001, 004007]
9582	4	004009	004007	21	10.0	3.0	0,807	true	[004009, 004000, 004002, 004003, 004004, 004006, 004001, 004008, 004007]
9583	4	004009	004007	22	10.0	3.0	0,791	true	[004009, 004000, 004002, 004003, 004004, 004006, 004008, 004001, 004007]
9584	4	004009	004007	23	10.0	4.0	0,824	true	[004009, 004000, 004002, 004003, 004004, 004006, 004008, 004007]
9585	4	004009	004007	24	10.0	5.0	0,867	true	[004009, 004000, 004002, 004003, 004004, 004007]
9586	4	004009	004007	25	10.0	3.0	0,807	true	[004009, 004000, 004002, 004003, 004004, 004008, 004001, 004007]
9587	4	004009	004007	26	10.0	5.0	0,775	true	[004009, 004000, 004002, 004003, 004004, 004008, 004006, 004001, 004007]
9588	4	004009	004007	27	10.0	4.0	0,840	true	[004009, 004000, 004002, 004003, 004004, 004008, 004007]
9589	4	004009	004007	28	8.0	3.0	0,799	true	[004009, 004000, 004002, 004003, 004006, 004001, 004004, 004007]
9590	4	004009	004007	29	8.0	3.0	0,774	true	[004009, 004000, 004002, 004003, 004006, 004001, 004004, 004008, 004007]
9591	4	004009	004007	30	8.0	4.0	0,841	true	[004009, 004000, 004002, 004003, 004006, 004001, 004005, 004004, 004007]
9592	4	004009	004007	31	8.0	4.0	0,815	true	[004009, 004000, 004002, 004003, 004006, 004001, 004005, 004004, 004008, 004007]
9593	4	004009	004007	32	8.0	5.0	0,849	true	[004009, 004000, 004002, 004003, 004006, 004001, 004007]
9594	4	004009	004007	33	8.0	3.0	0,775	true	[004009, 004000, 004002, 004003, 004006, 004001, 004008, 004004, 004007]
9595	4	004009	004007	34	8.0	3.0	0,832	true	[004009, 004000, 004002, 004003, 004006, 004001, 004008, 004007]
9596	4	004009	004007	35	8.0	3.0	0,807	true	[004009, 004000, 004002, 004003, 004006, 004004, 004001, 004007]
9597	4	004009	004007	36	8.0	3.0	0,791	true	[004009, 004000, 004002, 004003, 004006, 004004, 004001, 004008, 004007]
9598	4	004009	004007	37	8.0	4.0	0,849	true	[004009, 004000, 004002, 004003, 004006, 004004, 004005, 004001, 004007]
9599	4	004009	004007	38	8.0	3.0	0,832	true	[004009, 004000, 004002, 004003, 004006, 004004, 004005, 004001, 004008, 004007]
9600	4	004009	004007	39	8.0	5.0	0,841	true	[004009, 004000, 004002, 004003, 004006, 004004, 004007]
9601	4	004009	004007	40	8.0	3.0	0,783	true	[004009, 004000, 004002, 004003, 004006, 004004, 004008, 004001, 004007]
9602	4	004009	004007	41	8.0	4.0	0,815	true	[004009, 004000, 004002, 004003, 004006, 004004, 004008, 004007]
9603	4	004009	004007	42	8.0	3.0	0,767	true	[004009, 004000, 004002, 004003, 004006, 004008, 004001, 004004, 004007]
9604	4	004009	004007	43	8.0	3.0	0,807	true	[004009, 004000, 004002, 004003, 004006, 004008, 004001, 004005, 004004, 004007]
9605	4	004009	004007	44	8.0	3.0	0,815	true	[004009, 004000, 004002, 004003, 004006, 004008, 004001, 004007]
9606	4	004009	004007	45	8.0	3.0	0,759	true	[004009, 004000, 004002, 004003, 004006, 004008, 004004, 004001, 004007]
9607	4	004009	004007	46	8.0	4.0	0,799	true	[004009, 004000, 004002, 004003, 004006, 004008, 004004, 004005, 004001, 004007]
9608	4	004009	004007	47	8.0	5.0	0,790	true	[004009, 004000, 004002, 004003, 004006, 004008, 004004, 004007]
9609	4	004009	004007	48	8.0	4.0	0,849	true	[004009, 004000, 004002, 004003, 004006, 004008, 004007]
9610	4	004009	004007	49	10.0	3.0	0,857	true	[004009, 004000, 004002, 004003, 004007]
9611	4	004009	004007	50	8.0	3.0	0,815	true	[004009, 004000, 004002, 004004, 004001, 004003, 004006, 004008, 004007]
9612	4	004009	004007	51	14.0	3.0	0,823	true	[004009, 004000, 004002, 004004, 004001, 004003, 004007]
9613	4	004009	004007	52	8.0	3.0	0,790	true	[004009, 004000, 004002, 004004, 004001, 004006, 004003, 004007]
9614	4	004009	004007	53	27.0	3.0	0,799	true	[004009, 004000, 004002, 004004, 004001, 004006, 004008, 004007]
9615	4	004009	004007	54	30.0	3.0	0,849	true	[004009, 004000, 004002, 004004, 004001, 004007]
9616	4	004009	004007	55	8.0	3.0	0,759	true	[004009, 004000, 004002, 004004, 004001, 004008, 004006, 004003, 004007]
9617	4	004009	004007	56	14.0	3.0	0,832	true	[004009, 004000, 004002, 004004, 004001, 004008, 004007]
9618	4	004009	004007	57	14.0	4.0	0,832	true	[004009, 004000, 004002, 004004, 004003, 004001, 004006, 004008, 004007]
9619	4	004009	004007	58	14.0	5.0	0,885	true	[004009, 004000, 004002, 004004, 004003, 004001, 004007]
9620	4	004009	004007	59	14.0	3.0	0,867	true	[004009, 004000, 004002, 004004, 004003, 004001, 004008, 004007]
9621	4	004009	004007	60	8.0	5.0	0,850	true	[004009, 004000, 004002, 004004, 004003, 004006, 004001, 004007]
9622	4	004009	004007	61	8.0	3.0	0,833	true	[004009, 004000, 004002, 004004, 004003, 004006, 004001, 004008, 004007]
9623	4	004009	004007	62	8.0	3.0	0,816	true	[004009, 004000, 004002, 004004, 004003, 004006, 004008, 004001, 004007]
9624	4	004009	004007	63	8.0	4.0	0,850	true	[004009, 004000, 004002, 004004, 004003, 004006, 004008, 004007]
9625	4	004009	004007	64	18.0	3.0	0,858	true	[004009, 004000, 004002, 004004, 004003, 004007]
9626	4	004009	004007	65	8.0	4.0	0,858	true	[004009, 004000, 004002, 004004, 004005, 004001, 004003, 004006, 004008, 004007]
9627	4	004009	004007	66	14.0	3.0	0,866	true	[004009, 004000, 004002, 004004, 004005, 004001, 004003, 004007]
9628	4	004009	004007	67	8.0	3.0	0,832	true	[004009, 004000, 004002, 004004, 004005, 004001, 004006, 004003, 004007]
9629	4	004009	004007	68	27.0	4.0	0,841	true	[004009, 004000, 004002, 004004, 004005, 004001, 004006, 004008, 004007]
9630	4	004009	004007	69	27.0	4.0	0,894	true	[004009, 004000, 004002, 004004, 004005, 004001, 004007]
9631	4	004009	004007	70	8.0	3.0	0,799	true	[004009, 004000, 004002, 004004, 004005, 004001, 004008, 004006, 004003, 004007]
9632	4	004009	004007	71	14.0	3.0	0,876	true	[004009, 004000, 004002, 004004, 004005, 004001, 004008, 004007]
9633	4	004009	004007	72	14.0	3.0	0,815	true	[004009, 004000, 004002, 004004, 004006, 004001, 004003, 004007]
9634	4	004009	004007	73	30.0	5.0	0,841	true	[004009, 004000, 004002, 004004, 004006, 004001, 004007]
9635	4	004009	004007	74	14.0	3.0	0,824	true	[004009, 004000, 004002, 004004, 004006, 004001, 004008, 004007]
9636	4	004009	004007	75	8.0	5.0	0,858	true	[004009, 004000, 004002, 004004, 004006, 004003, 004001, 004007]
9637	4	004009	004007	76	8.0	3.0	0,841	true	[004009, 004000, 004002, 004004, 004006, 004003, 004001, 004008, 004007]
9638	4	004009	004007	77	8.0	3.0	0,832	true	[004009, 004000, 004002, 004004, 004006, 004003, 004007]
9639	4	004009	004007	78	14.0	3.0	0,783	true	[004009, 004000, 004002, 004004, 004006, 004008, 004001, 004003, 004007]
9640	4	004009	004007	79	14.0	3.0	0,807	true	[004009, 004000, 004002, 004004, 004006, 004008, 004001, 004007]
9641	4	004009	004007	80	27.0	4.0	0,841	true	[004009, 004000, 004002, 004004, 004006, 004008, 004007]
9642	4	004009	004007	81	30.0	5.0	0,885	true	[004009, 004000, 004002, 004004, 004007]
9643	4	004009	004007	82	14.0	3.0	0,798	true	[004009, 004000, 004002, 004004, 004008, 004001, 004003, 004007]
9644	4	004009	004007	83	8.0	3.0	0,767	true	[004009, 004000, 004002, 004004, 004008, 004001, 004006, 004003, 004007]
9645	4	004009	004007	84	14.0	3.0	0,824	true	[004009, 004000, 004002, 004004, 004008, 004001, 004007]
9646	4	004009	004007	85	14.0	3.0	0,766	true	[004009, 004000, 004002, 004004, 004008, 004006, 004001, 004003, 004007]
9647	4	004009	004007	86	27.0	5.0	0,791	true	[004009, 004000, 004002, 004004, 004008, 004006, 004001, 004007]
9648	4	004009	004007	87	8.0	5.0	0,807	true	[004009, 004000, 004002, 004004, 004008, 004006, 004003, 004001, 004007]
9649	4	004009	004007	88	8.0	3.0	0,782	true	[004009, 004000, 004002, 004004, 004008, 004006, 004003, 004007]
9650	4	004009	004007	89	30.0	4.0	0,858	true	[004009, 004000, 004002, 004004, 004008, 004007]
9651	4	004009	004007	90	14.0	4.0	0,850	true	[004009, 004000, 004002, 004005, 004001, 004003, 004004, 004006, 004008, 004007]
9652	4	004009	004007	91	14.0	4.0	0,894	true	[004009, 004000, 004002, 004005, 004001, 004003, 004004, 004007]
9653	4	004009	004007	92	14.0	4.0	0,867	true	[004009, 004000, 004002, 004005, 004001, 004003, 004004, 004008, 004007]
9654	4	004009	004007	93	8.0	4.0	0,867	true	[004009, 004000, 004002, 004005, 004001, 004003, 004006, 004004, 004007]
9655	4	004009	004007	94	8.0	4.0	0,841	true	[004009, 004000, 004002, 004005, 004001, 004003, 004006, 004004, 004008, 004007]
9656	4	004009	004007	95	8.0	4.0	0,815	true	[004009, 004000, 004002, 004005, 004001, 004003, 004006, 004008, 004004, 004007]
9657	4	004009	004007	96	8.0	4.0	0,876	true	[004009, 004000, 004002, 004005, 004001, 004003, 004006, 004008, 004007]
9658	4	004009	004007	97	14.0	3.0	0,884	true	[004009, 004000, 004002, 004005, 004001, 004003, 004007]
9659	4	004009	004007	98	8.0	3.0	0,824	true	[004009, 004000, 004002, 004005, 004001, 004004, 004003, 004006, 004008, 004007]
9660	4	004009	004007	99	18.0	3.0	0,832	true	[004009, 004000, 004002, 004005, 004001, 004004, 004003, 004007]
9661	4	004009	004007	100	8.0	3.0	0,807	true	[004009, 004000, 004002, 004005, 004001, 004004, 004006, 004003, 004007]
9662	4	004009	004007	101	32.0	3.0	0,858	true	[004009, 004000, 004002, 004005, 004001, 004004, 004007]
9663	4	004009	004007	102	32.0	4.0	0,912	true	[004009, 004000, 004002, 004005, 004001, 004007]
9664	4	004009	004007	103	23.0	5.0	0,922	true	[004009, 004000, 004002, 004007]
9665	5	005007	005008	0	24.0	3.0	0,841	true	[005007, 005001, 005003, 005000, 005002, 005004, 005008]
9666	5	005007	005008	1	16.0	3.0	0,791	true	[005007, 005001, 005003, 005000, 005002, 005006, 005005, 005008]
9667	5	005007	005008	2	8.0	3.0	0,841	true	[005007, 005001, 005003, 005000, 005002, 005006, 005008]
9668	5	005007	005008	3	20.0	3.0	0,783	true	[005007, 005001, 005003, 005000, 005002, 005009, 005006, 005005, 005008]
9669	5	005007	005008	4	8.0	3.0	0,833	true	[005007, 005001, 005003, 005000, 005002, 005009, 005006, 005008]
9670	5	005007	005008	5	16.0	3.0	0,799	true	[005007, 005001, 005003, 005000, 005005, 005006, 005002, 005004, 005008]
9671	5	005007	005008	6	8.0	3.0	0,833	true	[005007, 005001, 005003, 005000, 005005, 005006, 005008]
9672	5	005007	005008	7	20.0	3.0	0,791	true	[005007, 005001, 005003, 005000, 005005, 005006, 005009, 005002, 005004, 005008]
9673	5	005007	005008	8	24.0	3.0	0,850	true	[005007, 005001, 005003, 005000, 005005, 005008]
9674	5	005007	005008	9	24.0	3.0	0,903	true	[005007, 005001, 005003, 005000, 005008]
9675	5	005007	005008	10	8.0	3.0	0,841	true	[005007, 005001, 005003, 005002, 005000, 005005, 005006, 005008]
9676	5	005007	005008	11	24.0	3.0	0,859	true	[005007, 005001, 005003, 005002, 005000, 005005, 005008]
9677	5	005007	005008	12	24.0	3.0	0,913	true	[005007, 005001, 005003, 005002, 005000, 005008]
9678	5	005007	005008	13	24.0	3.0	0,903	true	[005007, 005001, 005003, 005002, 005004, 005008]
9679	5	005007	005008	14	16.0	3.0	0,867	true	[005007, 005001, 005003, 005002, 005006, 005005, 005000, 005008]
9680	5	005007	005008	15	16.0	3.0	0,850	true	[005007, 005001, 005003, 005002, 005006, 005005, 005008]
9681	5	005007	005008	16	8.0	3.0	0,904	true	[005007, 005001, 005003, 005002, 005006, 005008]
9682	5	005007	005008	17	20.0	3.0	0,859	true	[005007, 005001, 005003, 005002, 005009, 005006, 005005, 005000, 005008]
9683	5	005007	005008	18	20.0	3.0	0,841	true	[005007, 005001, 005003, 005002, 005009, 005006, 005005, 005008]
9684	5	005007	005008	19	8.0	3.0	0,894	true	[005007, 005001, 005003, 005002, 005009, 005006, 005008]
9685	5	005007	005008	20	8.0	3.0	0,808	true	[005007, 005001, 005003, 005004, 005002, 005000, 005005, 005006, 005008]
9686	5	005007	005008	21	24.0	3.0	0,824	true	[005007, 005001, 005003, 005004, 005002, 005000, 005005, 005008]
9687	5	005007	005008	22	24.0	3.0	0,876	true	[005007, 005001, 005003, 005004, 005002, 005000, 005008]
9688	5	005007	005008	23	16.0	3.0	0,833	true	[005007, 005001, 005003, 005004, 005002, 005006, 005005, 005000, 005008]
9689	5	005007	005008	24	16.0	3.0	0,816	true	[005007, 005001, 005003, 005004, 005002, 005006, 005005, 005008]
9690	5	005007	005008	25	8.0	3.0	0,867	true	[005007, 005001, 005003, 005004, 005002, 005006, 005008]
9691	5	005007	005008	26	20.0	3.0	0,824	true	[005007, 005001, 005003, 005004, 005002, 005009, 005006, 005005, 005000, 005008]
9692	5	005007	005008	27	20.0	3.0	0,807	true	[005007, 005001, 005003, 005004, 005002, 005009, 005006, 005005, 005008]
9693	5	005007	005008	28	8.0	3.0	0,859	true	[005007, 005001, 005003, 005004, 005002, 005009, 005006, 005008]
9694	5	005007	005008	29	24.0	3.0	0,867	true	[005007, 005001, 005003, 005004, 005008]
9695	5	005007	005008	30	24.0	3.0	0,931	true	[005007, 005001, 005003, 005008]
9696	5	005007	005008	31	8.0	3.0	0,775	true	[005007, 005001, 005003, 005009, 005002, 005000, 005005, 005006, 005008]
9697	5	005007	005008	32	24.0	3.0	0,791	true	[005007, 005001, 005003, 005009, 005002, 005000, 005005, 005008]
9698	5	005007	005008	33	24.0	3.0	0,841	true	[005007, 005001, 005003, 005009, 005002, 005000, 005008]
9699	5	005007	005008	34	24.0	3.0	0,832	true	[005007, 005001, 005003, 005009, 005002, 005004, 005008]
9700	5	005007	005008	35	16.0	3.0	0,799	true	[005007, 005001, 005003, 005009, 005002, 005006, 005005, 005000, 005008]
9701	5	005007	005008	36	16.0	3.0	0,783	true	[005007, 005001, 005003, 005009, 005002, 005006, 005005, 005008]
9702	5	005007	005008	37	8.0	3.0	0,833	true	[005007, 005001, 005003, 005009, 005002, 005006, 005008]
9703	5	005007	005008	38	16.0	3.0	0,799	true	[005007, 005001, 005003, 005009, 005006, 005002, 005000, 005005, 005008]
9704	5	005007	005008	39	16.0	3.0	0,850	true	[005007, 005001, 005003, 005009, 005006, 005002, 005000, 005008]
9705	5	005007	005008	40	16.0	3.0	0,841	true	[005007, 005001, 005003, 005009, 005006, 005002, 005004, 005008]
9706	5	005007	005008	41	20.0	3.0	0,783	true	[005007, 005001, 005003, 005009, 005006, 005005, 005000, 005002, 005004, 005008]
9707	5	005007	005008	42	20.0	3.0	0,841	true	[005007, 005001, 005003, 005009, 005006, 005005, 005000, 005008]
9708	5	005007	005008	43	20.0	3.0	0,824	true	[005007, 005001, 005003, 005009, 005006, 005005, 005008]
9709	5	005007	005008	44	8.0	3.0	0,876	true	[005007, 005001, 005003, 005009, 005006, 005008]
9710	5	005007	005008	45	28.0	3.0	0,816	true	[005007, 005001, 005005, 005000, 005002, 005003, 005004, 005008]
9711	5	005007	005008	46	28.0	3.0	0,876	true	[005007, 005001, 005005, 005000, 005002, 005003, 005008]
9712	5	005007	005008	47	8.0	3.0	0,824	true	[005007, 005001, 005005, 005000, 005002, 005003, 005009, 005006, 005008]
9713	5	005007	005008	48	28.0	3.0	0,841	true	[005007, 005001, 005005, 005000, 005002, 005004, 005003, 005008]
9714	5	005007	005008	49	8.0	3.0	0,791	true	[005007, 005001, 005005, 005000, 005002, 005004, 005003, 005009, 005006, 005008]
9715	5	005007	005008	50	28.0	3.0	0,850	true	[005007, 005001, 005005, 005000, 005002, 005004, 005008]
9716	5	005007	005008	51	8.0	3.0	0,850	true	[005007, 005001, 005005, 005000, 005002, 005006, 005008]
9717	5	005007	005008	52	16.0	3.0	0,760	true	[005007, 005001, 005005, 005000, 005002, 005006, 005009, 005003, 005004, 005008]
9718	5	005007	005008	53	16.0	3.0	0,816	true	[005007, 005001, 005005, 005000, 005002, 005006, 005009, 005003, 005008]
9719	5	005007	005008	54	28.0	3.0	0,752	true	[005007, 005001, 005005, 005000, 005002, 005009, 005003, 005004, 005008]
9720	5	005007	005008	55	28.0	3.0	0,808	true	[005007, 005001, 005005, 005000, 005002, 005009, 005003, 005008]
9721	5	005007	005008	56	8.0	3.0	0,841	true	[005007, 005001, 005005, 005000, 005002, 005009, 005006, 005008]
9722	5	005007	005008	57	29.0	3.0	0,841	true	[005007, 005001, 005005, 005000, 005003, 005002, 005004, 005008]
9723	5	005007	005008	58	8.0	3.0	0,841	true	[005007, 005001, 005005, 005000, 005003, 005002, 005006, 005008]
9724	5	005007	005008	59	8.0	3.0	0,833	true	[005007, 005001, 005005, 005000, 005003, 005002, 005009, 005006, 005008]
9725	5	005007	005008	60	8.0	3.0	0,808	true	[005007, 005001, 005005, 005000, 005003, 005004, 005002, 005006, 005008]
9726	5	005007	005008	61	8.0	3.0	0,799	true	[005007, 005001, 005005, 005000, 005003, 005004, 005002, 005009, 005006, 005008]
9727	5	005007	005008	62	29.0	3.0	0,807	true	[005007, 005001, 005005, 005000, 005003, 005004, 005008]
9728	5	005007	005008	63	29.0	3.0	0,867	true	[005007, 005001, 005005, 005000, 005003, 005008]
9729	5	005007	005008	64	29.0	3.0	0,775	true	[005007, 005001, 005005, 005000, 005003, 005009, 005002, 005004, 005008]
9730	5	005007	005008	65	8.0	3.0	0,775	true	[005007, 005001, 005005, 005000, 005003, 005009, 005002, 005006, 005008]
9731	5	005007	005008	66	16.0	3.0	0,783	true	[005007, 005001, 005005, 005000, 005003, 005009, 005006, 005002, 005004, 005008]
9732	5	005007	005008	67	8.0	3.0	0,816	true	[005007, 005001, 005005, 005000, 005003, 005009, 005006, 005008]
9733	5	005007	005008	68	29.0	3.0	0,913	true	[005007, 005001, 005005, 005000, 005008]
9734	5	005007	005008	69	16.0	3.0	0,752	true	[005007, 005001, 005005, 005006, 005002, 005000, 005003, 005004, 005008]
9735	5	005007	005008	70	16.0	3.0	0,808	true	[005007, 005001, 005005, 005006, 005002, 005000, 005003, 005008]
9736	5	005007	005008	71	16.0	3.0	0,850	true	[005007, 005001, 005005, 005006, 005002, 005000, 005008]
9737	5	005007	005008	72	16.0	3.0	0,841	true	[005007, 005001, 005005, 005006, 005002, 005003, 005000, 005008]
9738	5	005007	005008	73	16.0	3.0	0,807	true	[005007, 005001, 005005, 005006, 005002, 005003, 005004, 005008]
9739	5	005007	005008	74	16.0	3.0	0,867	true	[005007, 005001, 005005, 005006, 005002, 005003, 005008]
9740	5	005007	005008	75	16.0	3.0	0,807	true	[005007, 005001, 005005, 005006, 005002, 005004, 005003, 005000, 005008]
9741	5	005007	005008	76	16.0	3.0	0,833	true	[005007, 005001, 005005, 005006, 005002, 005004, 005003, 005008]
9742	5	005007	005008	77	16.0	3.0	0,841	true	[005007, 005001, 005005, 005006, 005002, 005004, 005008]
9743	5	005007	005008	78	16.0	3.0	0,775	true	[005007, 005001, 005005, 005006, 005002, 005009, 005003, 005000, 005008]
9744	5	005007	005008	79	16.0	3.0	0,744	true	[005007, 005001, 005005, 005006, 005002, 005009, 005003, 005004, 005008]
9745	5	005007	005008	80	16.0	3.0	0,799	true	[005007, 005001, 005005, 005006, 005002, 005009, 005003, 005008]
9746	5	005007	005008	81	8.0	3.0	0,876	true	[005007, 005001, 005005, 005006, 005008]
9747	5	005007	005008	82	20.0	3.0	0,744	true	[005007, 005001, 005005, 005006, 005009, 005002, 005000, 005003, 005004, 005008]
9748	5	005007	005008	83	20.0	3.0	0,799	true	[005007, 005001, 005005, 005006, 005009, 005002, 005000, 005003, 005008]
9749	5	005007	005008	84	20.0	3.0	0,841	true	[005007, 005001, 005005, 005006, 005009, 005002, 005000, 005008]
9750	5	005007	005008	85	20.0	3.0	0,832	true	[005007, 005001, 005005, 005006, 005009, 005002, 005003, 005000, 005008]
9751	5	005007	005008	86	20.0	3.0	0,799	true	[005007, 005001, 005005, 005006, 005009, 005002, 005003, 005004, 005008]
9752	5	005007	005008	87	20.0	3.0	0,858	true	[005007, 005001, 005005, 005006, 005009, 005002, 005003, 005008]
9753	5	005007	005008	88	20.0	3.0	0,799	true	[005007, 005001, 005005, 005006, 005009, 005002, 005004, 005003, 005000, 005008]
9754	5	005007	005008	89	20.0	3.0	0,824	true	[005007, 005001, 005005, 005006, 005009, 005002, 005004, 005003, 005008]
9755	5	005007	005008	90	20.0	3.0	0,832	true	[005007, 005001, 005005, 005006, 005009, 005002, 005004, 005008]
9756	5	005007	005008	91	20.0	3.0	0,759	true	[005007, 005001, 005005, 005006, 005009, 005003, 005000, 005002, 005004, 005008]
9757	5	005007	005008	92	20.0	3.0	0,815	true	[005007, 005001, 005005, 005006, 005009, 005003, 005000, 005008]
9758	5	005007	005008	93	20.0	3.0	0,824	true	[005007, 005001, 005005, 005006, 005009, 005003, 005002, 005000, 005008]
9759	5	005007	005008	94	20.0	3.0	0,815	true	[005007, 005001, 005005, 005006, 005009, 005003, 005002, 005004, 005008]
9760	5	005007	005008	95	20.0	3.0	0,791	true	[005007, 005001, 005005, 005006, 005009, 005003, 005004, 005002, 005000, 005008]
9761	5	005007	005008	96	20.0	3.0	0,783	true	[005007, 005001, 005005, 005006, 005009, 005003, 005004, 005008]
9762	5	005007	005008	97	20.0	3.0	0,841	true	[005007, 005001, 005005, 005006, 005009, 005003, 005008]
9763	5	005007	005008	98	29.0	3.0	0,894	true	[005007, 005001, 005005, 005008]
9764	5	005007	005008	99	6.0	3.0	0,816	true	[005007, 005001, 005006, 005002, 005000, 005003, 005004, 005008]
9765	5	005007	005008	100	6.0	3.0	0,876	true	[005007, 005001, 005006, 005002, 005000, 005003, 005008]
9766	5	005007	005008	101	6.0	4.0	0,922	true	[005007, 005001, 005006, 005002, 005000, 005008]
9767	5	005007	005008	102	6.0	3.0	0,951	true	[005007, 005001, 005006, 005008]
9768	5	005007	005008	103	52.0	7.0	0,941	true	[005007, 005001, 005008]
9769	5	005007	005008	104	16.0	5.0	1,000	true	[005007, 005008]
9770	6	006004	006005	0	28.0	5.0	0,841	true	[006004, 006000, 006002, 006003, 006001, 006006, 006005]
9771	6	006004	006005	1	6.0	3.0	0,841	true	[006004, 006000, 006002, 006003, 006001, 006006, 006007, 006005]
9772	6	006004	006005	2	6.0	3.0	0,824	true	[006004, 006000, 006002, 006003, 006001, 006006, 006007, 006008, 006005]
9773	6	006004	006005	3	6.0	3.0	0,775	true	[006004, 006000, 006002, 006003, 006001, 006006, 006007, 006008, 006009, 006005]
9774	6	006004	006005	4	6.0	3.0	0,791	true	[006004, 006000, 006002, 006003, 006001, 006006, 006007, 006009, 006005]
9775	6	006004	006005	5	6.0	3.0	0,775	true	[006004, 006000, 006002, 006003, 006001, 006006, 006007, 006009, 006008, 006005]
9776	6	006004	006005	6	28.0	5.0	0,824	true	[006004, 006000, 006002, 006003, 006001, 006006, 006008, 006005]
9777	6	006004	006005	7	28.0	5.0	0,841	true	[006004, 006000, 006002, 006003, 006001, 006006, 006008, 006007, 006005]
9778	6	006004	006005	8	28.0	3.0	0,791	true	[006004, 006000, 006002, 006003, 006001, 006006, 006008, 006007, 006009, 006005]
9779	6	006004	006005	9	28.0	3.0	0,775	true	[006004, 006000, 006002, 006003, 006001, 006006, 006008, 006009, 006005]
9780	6	006004	006005	10	28.0	4.0	0,791	true	[006004, 006000, 006002, 006003, 006001, 006006, 006008, 006009, 006007, 006005]
9781	6	006004	006005	11	28.0	5.0	0,876	true	[006004, 006000, 006002, 006003, 006001, 006007, 006005]
9782	6	006004	006005	12	6.0	3.0	0,841	true	[006004, 006000, 006002, 006003, 006001, 006007, 006006, 006005]
9783	6	006004	006005	13	6.0	3.0	0,824	true	[006004, 006000, 006002, 006003, 006001, 006007, 006006, 006008, 006005]
9784	6	006004	006005	14	6.0	3.0	0,775	true	[006004, 006000, 006002, 006003, 006001, 006007, 006006, 006008, 006009, 006005]
9785	6	006004	006005	15	28.0	5.0	0,858	true	[006004, 006000, 006002, 006003, 006001, 006007, 006008, 006005]
9786	6	006004	006005	16	28.0	5.0	0,841	true	[006004, 006000, 006002, 006003, 006001, 006007, 006008, 006006, 006005]
9787	6	006004	006005	17	28.0	3.0	0,807	true	[006004, 006000, 006002, 006003, 006001, 006007, 006008, 006009, 006005]
9788	6	006004	006005	18	28.0	3.0	0,824	true	[006004, 006000, 006002, 006003, 006001, 006007, 006009, 006005]
9789	6	006004	006005	19	28.0	4.0	0,808	true	[006004, 006000, 006002, 006003, 006001, 006007, 006009, 006008, 006005]
9790	6	006004	006005	20	28.0	4.0	0,791	true	[006004, 006000, 006002, 006003, 006001, 006007, 006009, 006008, 006006, 006005]
9791	6	006004	006005	21	16.0	3.0	0,876	true	[006004, 006000, 006002, 006003, 006001, 006008, 006005]
9792	6	006004	006005	22	16.0	3.0	0,858	true	[006004, 006000, 006002, 006003, 006001, 006008, 006006, 006005]
9793	6	006004	006005	23	6.0	3.0	0,858	true	[006004, 006000, 006002, 006003, 006001, 006008, 006006, 006007, 006005]
9794	6	006004	006005	24	6.0	3.0	0,808	true	[006004, 006000, 006002, 006003, 006001, 006008, 006006, 006007, 006009, 006005]
9795	6	006004	006005	25	16.0	3.0	0,894	true	[006004, 006000, 006002, 006003, 006001, 006008, 006007, 006005]
9796	6	006004	006005	26	6.0	3.0	0,858	true	[006004, 006000, 006002, 006003, 006001, 006008, 006007, 006006, 006005]
9797	6	006004	006005	27	16.0	3.0	0,841	true	[006004, 006000, 006002, 006003, 006001, 006008, 006007, 006009, 006005]
9798	6	006004	006005	28	16.0	3.0	0,824	true	[006004, 006000, 006002, 006003, 006001, 006008, 006009, 006005]
9799	6	006004	006005	29	16.0	3.0	0,841	true	[006004, 006000, 006002, 006003, 006001, 006008, 006009, 006007, 006005]
9800	6	006004	006005	30	6.0	3.0	0,808	true	[006004, 006000, 006002, 006003, 006001, 006008, 006009, 006007, 006006, 006005]
9801	6	006004	006005	31	28.0	3.0	0,849	true	[006004, 006000, 006002, 006003, 006001, 006009, 006005]
9802	6	006004	006005	32	28.0	4.0	0,867	true	[006004, 006000, 006002, 006003, 006001, 006009, 006007, 006005]
9803	6	006004	006005	33	6.0	3.0	0,833	true	[006004, 006000, 006002, 006003, 006001, 006009, 006007, 006006, 006005]
9804	6	006004	006005	34	6.0	3.0	0,816	true	[006004, 006000, 006002, 006003, 006001, 006009, 006007, 006006, 006008, 006005]
9805	6	006004	006005	35	28.0	4.0	0,850	true	[006004, 006000, 006002, 006003, 006001, 006009, 006007, 006008, 006005]
9806	6	006004	006005	36	28.0	4.0	0,833	true	[006004, 006000, 006002, 006003, 006001, 006009, 006007, 006008, 006006, 006005]
9807	6	006004	006005	37	28.0	5.0	0,832	true	[006004, 006000, 006002, 006003, 006001, 006009, 006008, 006005]
9808	6	006004	006005	38	28.0	5.0	0,816	true	[006004, 006000, 006002, 006003, 006001, 006009, 006008, 006006, 006005]
9809	6	006004	006005	39	6.0	3.0	0,816	true	[006004, 006000, 006002, 006003, 006001, 006009, 006008, 006006, 006007, 006005]
9810	6	006004	006005	40	28.0	5.0	0,849	true	[006004, 006000, 006002, 006003, 006001, 006009, 006008, 006007, 006005]
9811	6	006004	006005	41	6.0	3.0	0,816	true	[006004, 006000, 006002, 006003, 006001, 006009, 006008, 006007, 006006, 006005]
9812	6	006004	006005	42	35.0	5.0	0,894	true	[006004, 006000, 006002, 006003, 006005]
9813	6	006004	006005	43	33.0	4.0	0,832	true	[006004, 006000, 006002, 006003, 006006, 006001, 006007, 006005]
9814	6	006004	006005	44	33.0	4.0	0,815	true	[006004, 006000, 006002, 006003, 006006, 006001, 006007, 006008, 006005]
9815	6	006004	006005	45	33.0	3.0	0,767	true	[006004, 006000, 006002, 006003, 006006, 006001, 006007, 006008, 006009, 006005]
9816	6	006004	006005	46	33.0	3.0	0,783	true	[006004, 006000, 006002, 006003, 006006, 006001, 006007, 006009, 006005]
9817	6	006004	006005	47	33.0	4.0	0,767	true	[006004, 006000, 006002, 006003, 006006, 006001, 006007, 006009, 006008, 006005]
9818	6	006004	006005	48	16.0	3.0	0,832	true	[006004, 006000, 006002, 006003, 006006, 006001, 006008, 006005]
9819	6	006004	006005	49	16.0	3.0	0,849	true	[006004, 006000, 006002, 006003, 006006, 006001, 006008, 006007, 006005]
9820	6	006004	006005	50	16.0	3.0	0,799	true	[006004, 006000, 006002, 006003, 006006, 006001, 006008, 006007, 006009, 006005]
9821	6	006004	006005	51	16.0	3.0	0,783	true	[006004, 006000, 006002, 006003, 006006, 006001, 006008, 006009, 006005]
9822	6	006004	006005	52	16.0	3.0	0,799	true	[006004, 006000, 006002, 006003, 006006, 006001, 006008, 006009, 006007, 006005]
9823	6	006004	006005	53	33.0	3.0	0,807	true	[006004, 006000, 006002, 006003, 006006, 006001, 006009, 006005]
9824	6	006004	006005	54	33.0	4.0	0,824	true	[006004, 006000, 006002, 006003, 006006, 006001, 006009, 006007, 006005]
9825	6	006004	006005	55	33.0	4.0	0,807	true	[006004, 006000, 006002, 006003, 006006, 006001, 006009, 006007, 006008, 006005]
9826	6	006004	006005	56	33.0	4.0	0,791	true	[006004, 006000, 006002, 006003, 006006, 006001, 006009, 006008, 006005]
9827	6	006004	006005	57	33.0	4.0	0,807	true	[006004, 006000, 006002, 006003, 006006, 006001, 006009, 006008, 006007, 006005]
9828	6	006004	006005	58	35.0	4.0	0,867	true	[006004, 006000, 006002, 006003, 006006, 006005]
9829	6	006004	006005	59	6.0	3.0	0,832	true	[006004, 006000, 006002, 006003, 006006, 006007, 006001, 006008, 006005]
9830	6	006004	006005	60	6.0	3.0	0,783	true	[006004, 006000, 006002, 006003, 006006, 006007, 006001, 006008, 006009, 006005]
9831	6	006004	006005	61	6.0	3.0	0,807	true	[006004, 006000, 006002, 006003, 006006, 006007, 006001, 006009, 006005]
9832	6	006004	006005	62	6.0	3.0	0,791	true	[006004, 006000, 006002, 006003, 006006, 006007, 006001, 006009, 006008, 006005]
9833	6	006004	006005	63	6.0	3.0	0,867	true	[006004, 006000, 006002, 006003, 006006, 006007, 006005]
9834	6	006004	006005	64	6.0	3.0	0,824	true	[006004, 006000, 006002, 006003, 006006, 006007, 006008, 006001, 006009, 006005]
9835	6	006004	006005	65	6.0	3.0	0,849	true	[006004, 006000, 006002, 006003, 006006, 006007, 006008, 006005]
9836	6	006004	006005	66	6.0	3.0	0,799	true	[006004, 006000, 006002, 006003, 006006, 006007, 006008, 006009, 006005]
9837	6	006004	006005	67	6.0	3.0	0,824	true	[006004, 006000, 006002, 006003, 006006, 006007, 006009, 006001, 006008, 006005]
9838	6	006004	006005	68	6.0	3.0	0,815	true	[006004, 006000, 006002, 006003, 006006, 006007, 006009, 006005]
9839	6	006004	006005	69	6.0	3.0	0,799	true	[006004, 006000, 006002, 006003, 006006, 006007, 006009, 006008, 006005]
9840	6	006004	006005	70	16.0	3.0	0,849	true	[006004, 006000, 006002, 006003, 006006, 006008, 006001, 006007, 006005]
9841	6	006004	006005	71	16.0	3.0	0,799	true	[006004, 006000, 006002, 006003, 006006, 006008, 006001, 006007, 006009, 006005]
9842	6	006004	006005	72	16.0	3.0	0,824	true	[006004, 006000, 006002, 006003, 006006, 006008, 006001, 006009, 006005]
9843	6	006004	006005	73	16.0	3.0	0,841	true	[006004, 006000, 006002, 006003, 006006, 006008, 006001, 006009, 006007, 006005]
9844	6	006004	006005	74	35.0	4.0	0,849	true	[006004, 006000, 006002, 006003, 006006, 006008, 006005]
9845	6	006004	006005	75	35.0	3.0	0,807	true	[006004, 006000, 006002, 006003, 006006, 006008, 006007, 006001, 006009, 006005]
9846	6	006004	006005	76	35.0	4.0	0,867	true	[006004, 006000, 006002, 006003, 006006, 006008, 006007, 006005]
9847	6	006004	006005	77	35.0	3.0	0,815	true	[006004, 006000, 006002, 006003, 006006, 006008, 006007, 006009, 006005]
9848	6	006004	006005	78	35.0	4.0	0,807	true	[006004, 006000, 006002, 006003, 006006, 006008, 006009, 006001, 006007, 006005]
9849	6	006004	006005	79	35.0	3.0	0,799	true	[006004, 006000, 006002, 006003, 006006, 006008, 006009, 006005]
9850	6	006004	006005	80	35.0	4.0	0,815	true	[006004, 006000, 006002, 006003, 006006, 006008, 006009, 006007, 006005]
9851	6	006004	006005	81	5.0	5.0	0,824	true	[006004, 006000, 006002, 006003, 006007, 006001, 006006, 006005]
9852	6	006004	006005	82	5.0	5.0	0,808	true	[006004, 006000, 006002, 006003, 006007, 006001, 006006, 006008, 006005]
9853	6	006004	006005	83	5.0	3.0	0,759	true	[006004, 006000, 006002, 006003, 006007, 006001, 006006, 006008, 006009, 006005]
9854	6	006004	006005	84	5.0	3.0	0,858	true	[006004, 006000, 006002, 006003, 006007, 006001, 006008, 006005]
9855	6	006004	006005	85	5.0	3.0	0,841	true	[006004, 006000, 006002, 006003, 006007, 006001, 006008, 006006, 006005]
9856	6	006004	006005	86	5.0	3.0	0,807	true	[006004, 006000, 006002, 006003, 006007, 006001, 006008, 006009, 006005]
9857	6	006004	006005	87	5.0	3.0	0,832	true	[006004, 006000, 006002, 006003, 006007, 006001, 006009, 006005]
9858	6	006004	006005	88	5.0	5.0	0,816	true	[006004, 006000, 006002, 006003, 006007, 006001, 006009, 006008, 006005]
9859	6	006004	006005	89	5.0	5.0	0,799	true	[006004, 006000, 006002, 006003, 006007, 006001, 006009, 006008, 006006, 006005]
9860	6	006004	006005	90	5.0	5.0	0,894	true	[006004, 006000, 006002, 006003, 006007, 006005]
9861	6	006004	006005	91	5.0	3.0	0,824	true	[006004, 006000, 006002, 006003, 006007, 006006, 006001, 006008, 006005]
9862	6	006004	006005	92	5.0	3.0	0,775	true	[006004, 006000, 006002, 006003, 006007, 006006, 006001, 006008, 006009, 006005]
9863	6	006004	006005	93	5.0	3.0	0,799	true	[006004, 006000, 006002, 006003, 006007, 006006, 006001, 006009, 006005]
9864	6	006004	006005	94	5.0	3.0	0,783	true	[006004, 006000, 006002, 006003, 006007, 006006, 006001, 006009, 006008, 006005]
9865	6	006004	006005	95	5.0	3.0	0,858	true	[006004, 006000, 006002, 006003, 006007, 006006, 006005]
9866	6	006004	006005	96	5.0	3.0	0,816	true	[006004, 006000, 006002, 006003, 006007, 006006, 006008, 006001, 006009, 006005]
9867	6	006004	006005	97	5.0	3.0	0,841	true	[006004, 006000, 006002, 006003, 006007, 006006, 006008, 006005]
9868	6	006004	006005	98	5.0	3.0	0,791	true	[006004, 006000, 006002, 006003, 006007, 006006, 006008, 006009, 006005]
9869	6	006004	006005	99	5.0	3.0	0,841	true	[006004, 006000, 006002, 006003, 006007, 006008, 006001, 006006, 006005]
9870	6	006004	006005	100	5.0	3.0	0,849	true	[006004, 006000, 006002, 006003, 006007, 006008, 006001, 006009, 006005]
9871	6	006004	006005	101	5.0	5.0	0,876	true	[006004, 006000, 006002, 006003, 006007, 006008, 006005]
9872	6	006004	006005	102	19.0	5.0	0,950	true	[006004, 006000, 006002, 006005]
9873	6	006004	006005	103	65.0	8.0	0,950	true	[006004, 006005]
9874	7	007002	007008	0	13.0	3.0	0,858	true	[007002, 007001, 007000, 007003, 007004, 007005, 007006, 007007, 007008]
9875	7	007002	007008	1	13.0	4.0	0,850	true	[007002, 007001, 007000, 007003, 007004, 007005, 007006, 007008]
9876	7	007002	007008	2	13.0	4.0	0,807	true	[007002, 007001, 007000, 007003, 007004, 007005, 007006, 007009, 007007, 007008]
9877	7	007002	007008	3	13.0	3.0	0,841	true	[007002, 007001, 007000, 007003, 007004, 007005, 007007, 007006, 007008]
9878	7	007002	007008	4	13.0	4.0	0,850	true	[007002, 007001, 007000, 007003, 007004, 007005, 007007, 007008]
9879	7	007002	007008	5	13.0	4.0	0,791	true	[007002, 007001, 007000, 007003, 007004, 007005, 007007, 007009, 007006, 007008]
9880	7	007002	007008	6	13.0	4.0	0,841	true	[007002, 007001, 007000, 007003, 007004, 007005, 007008]
9881	7	007002	007008	7	13.0	3.0	0,841	true	[007002, 007001, 007000, 007003, 007004, 007005, 007009, 007006, 007007, 007008]
9882	7	007002	007008	8	13.0	4.0	0,833	true	[007002, 007001, 007000, 007003, 007004, 007005, 007009, 007006, 007008]
9883	7	007002	007008	9	13.0	3.0	0,799	true	[007002, 007001, 007000, 007003, 007004, 007005, 007009, 007007, 007006, 007008]
9884	7	007002	007008	10	13.0	4.0	0,807	true	[007002, 007001, 007000, 007003, 007004, 007005, 007009, 007007, 007008]
9885	7	007002	007008	11	13.0	4.0	0,876	true	[007002, 007001, 007000, 007003, 007004, 007006, 007005, 007007, 007008]
9886	7	007002	007008	12	13.0	4.0	0,867	true	[007002, 007001, 007000, 007003, 007004, 007006, 007005, 007008]
9887	7	007002	007008	13	13.0	4.0	0,833	true	[007002, 007001, 007000, 007003, 007004, 007006, 007005, 007009, 007007, 007008]
9888	7	007002	007008	14	13.0	3.0	0,858	true	[007002, 007001, 007000, 007003, 007004, 007006, 007007, 007005, 007008]
9889	7	007002	007008	15	13.0	3.0	0,903	true	[007002, 007001, 007000, 007003, 007004, 007006, 007007, 007008]
9890	7	007002	007008	16	13.0	3.0	0,815	true	[007002, 007001, 007000, 007003, 007004, 007006, 007007, 007009, 007005, 007008]
9891	7	007002	007008	17	13.0	4.0	0,894	true	[007002, 007001, 007000, 007003, 007004, 007006, 007008]
9892	7	007002	007008	18	13.0	4.0	0,859	true	[007002, 007001, 007000, 007003, 007004, 007006, 007009, 007005, 007007, 007008]
9893	7	007002	007008	19	13.0	4.0	0,850	true	[007002, 007001, 007000, 007003, 007004, 007006, 007009, 007005, 007008]
9894	7	007002	007008	20	13.0	4.0	0,807	true	[007002, 007001, 007000, 007003, 007004, 007006, 007009, 007007, 007005, 007008]
9895	7	007002	007008	21	13.0	4.0	0,850	true	[007002, 007001, 007000, 007003, 007004, 007006, 007009, 007007, 007008]
9896	7	007002	007008	22	13.0	4.0	0,859	true	[007002, 007001, 007000, 007003, 007004, 007007, 007005, 007006, 007008]
9897	7	007002	007008	23	13.0	4.0	0,850	true	[007002, 007001, 007000, 007003, 007004, 007007, 007005, 007008]
9898	7	007002	007008	24	13.0	4.0	0,842	true	[007002, 007001, 007000, 007003, 007004, 007007, 007005, 007009, 007006, 007008]
9899	7	007002	007008	25	13.0	3.0	0,858	true	[007002, 007001, 007000, 007003, 007004, 007007, 007006, 007005, 007008]
9900	7	007002	007008	26	13.0	3.0	0,885	true	[007002, 007001, 007000, 007003, 007004, 007007, 007006, 007008]
9901	7	007002	007008	27	13.0	3.0	0,841	true	[007002, 007001, 007000, 007003, 007004, 007007, 007006, 007009, 007005, 007008]
9902	7	007002	007008	28	13.0	4.0	0,894	true	[007002, 007001, 007000, 007003, 007004, 007007, 007008]
9903	7	007002	007008	29	13.0	4.0	0,816	true	[007002, 007001, 007000, 007003, 007004, 007007, 007009, 007005, 007006, 007008]
9904	7	007002	007008	30	13.0	4.0	0,807	true	[007002, 007001, 007000, 007003, 007004, 007007, 007009, 007005, 007008]
9905	7	007002	007008	31	13.0	4.0	0,807	true	[007002, 007001, 007000, 007003, 007004, 007007, 007009, 007006, 007005, 007008]
9906	7	007002	007008	32	13.0	4.0	0,833	true	[007002, 007001, 007000, 007003, 007004, 007007, 007009, 007006, 007008]
9907	7	007002	007008	33	13.0	4.0	0,903	true	[007002, 007001, 007000, 007003, 007004, 007008]
9908	7	007002	007008	34	13.0	3.0	0,841	true	[007002, 007001, 007000, 007003, 007004, 007009, 007005, 007006, 007007, 007008]
9909	7	007002	007008	35	13.0	4.0	0,833	true	[007002, 007001, 007000, 007003, 007004, 007009, 007005, 007006, 007008]
9910	7	007002	007008	36	13.0	3.0	0,824	true	[007002, 007001, 007000, 007003, 007004, 007009, 007005, 007007, 007006, 007008]
9911	7	007002	007008	37	13.0	4.0	0,833	true	[007002, 007001, 007000, 007003, 007004, 007009, 007005, 007007, 007008]
9912	7	007002	007008	38	13.0	4.0	0,824	true	[007002, 007001, 007000, 007003, 007004, 007009, 007005, 007008]
9913	7	007002	007008	39	13.0	4.0	0,833	true	[007002, 007001, 007000, 007003, 007004, 007009, 007006, 007005, 007007, 007008]
9914	7	007002	007008	40	13.0	4.0	0,824	true	[007002, 007001, 007000, 007003, 007004, 007009, 007006, 007005, 007008]
9915	7	007002	007008	41	13.0	3.0	0,816	true	[007002, 007001, 007000, 007003, 007004, 007009, 007006, 007007, 007005, 007008]
9916	7	007002	007008	42	13.0	3.0	0,858	true	[007002, 007001, 007000, 007003, 007004, 007009, 007006, 007007, 007008]
9917	7	007002	007008	43	13.0	4.0	0,850	true	[007002, 007001, 007000, 007003, 007004, 007009, 007006, 007008]
9918	7	007002	007008	44	13.0	4.0	0,791	true	[007002, 007001, 007000, 007003, 007004, 007009, 007007, 007005, 007006, 007008]
9919	7	007002	007008	45	13.0	4.0	0,783	true	[007002, 007001, 007000, 007003, 007004, 007009, 007007, 007005, 007008]
9920	7	007002	007008	46	13.0	3.0	0,791	true	[007002, 007001, 007000, 007003, 007004, 007009, 007007, 007006, 007005, 007008]
9921	7	007002	007008	47	13.0	3.0	0,815	true	[007002, 007001, 007000, 007003, 007004, 007009, 007007, 007006, 007008]
9922	7	007002	007008	48	13.0	4.0	0,824	true	[007002, 007001, 007000, 007003, 007004, 007009, 007007, 007008]
9923	7	007002	007008	49	13.0	3.0	0,849	true	[007002, 007001, 007000, 007003, 007005, 007004, 007006, 007007, 007008]
9924	7	007002	007008	50	13.0	4.0	0,841	true	[007002, 007001, 007000, 007003, 007005, 007004, 007006, 007008]
9925	7	007002	007008	51	13.0	4.0	0,799	true	[007002, 007001, 007000, 007003, 007005, 007004, 007006, 007009, 007007, 007008]
9926	7	007002	007008	52	13.0	3.0	0,832	true	[007002, 007001, 007000, 007003, 007005, 007004, 007007, 007006, 007008]
9927	7	007002	007008	53	13.0	4.0	0,841	true	[007002, 007001, 007000, 007003, 007005, 007004, 007007, 007008]
9928	7	007002	007008	54	13.0	4.0	0,783	true	[007002, 007001, 007000, 007003, 007005, 007004, 007007, 007009, 007006, 007008]
9929	7	007002	007008	55	13.0	4.0	0,849	true	[007002, 007001, 007000, 007003, 007005, 007004, 007008]
9930	7	007002	007008	56	13.0	3.0	0,807	true	[007002, 007001, 007000, 007003, 007005, 007004, 007009, 007006, 007007, 007008]
9931	7	007002	007008	57	13.0	4.0	0,799	true	[007002, 007001, 007000, 007003, 007005, 007004, 007009, 007006, 007008]
9932	7	007002	007008	58	13.0	3.0	0,767	true	[007002, 007001, 007000, 007003, 007005, 007004, 007009, 007007, 007006, 007008]
9933	7	007002	007008	59	13.0	4.0	0,775	true	[007002, 007001, 007000, 007003, 007005, 007004, 007009, 007007, 007008]
9934	7	007002	007008	60	13.0	4.0	0,867	true	[007002, 007001, 007000, 007003, 007005, 007006, 007004, 007007, 007008]
9935	7	007002	007008	61	13.0	4.0	0,876	true	[007002, 007001, 007000, 007003, 007005, 007006, 007004, 007008]
9936	7	007002	007008	62	13.0	4.0	0,799	true	[007002, 007001, 007000, 007003, 007005, 007006, 007004, 007009, 007007, 007008]
9937	7	007002	007008	63	13.0	3.0	0,867	true	[007002, 007001, 007000, 007003, 007005, 007006, 007007, 007004, 007008]
9938	7	007002	007008	64	13.0	3.0	0,876	true	[007002, 007001, 007000, 007003, 007005, 007006, 007007, 007008]
9939	7	007002	007008	65	13.0	3.0	0,799	true	[007002, 007001, 007000, 007003, 007005, 007006, 007007, 007009, 007004, 007008]
9940	7	007002	007008	66	13.0	4.0	0,867	true	[007002, 007001, 007000, 007003, 007005, 007006, 007008]
9941	7	007002	007008	67	13.0	4.0	0,824	true	[007002, 007001, 007000, 007003, 007005, 007006, 007009, 007004, 007007, 007008]
9942	7	007002	007008	68	13.0	4.0	0,833	true	[007002, 007001, 007000, 007003, 007005, 007006, 007009, 007004, 007008]
9943	7	007002	007008	69	13.0	4.0	0,816	true	[007002, 007001, 007000, 007003, 007005, 007006, 007009, 007007, 007004, 007008]
9944	7	007002	007008	70	13.0	4.0	0,824	true	[007002, 007001, 007000, 007003, 007005, 007006, 007009, 007007, 007008]
9945	7	007002	007008	71	13.0	4.0	0,850	true	[007002, 007001, 007000, 007003, 007005, 007007, 007004, 007006, 007008]
9946	7	007002	007008	72	13.0	4.0	0,858	true	[007002, 007001, 007000, 007003, 007005, 007007, 007004, 007008]
9947	7	007002	007008	73	13.0	4.0	0,808	true	[007002, 007001, 007000, 007003, 007005, 007007, 007004, 007009, 007006, 007008]
9948	7	007002	007008	74	13.0	3.0	0,867	true	[007002, 007001, 007000, 007003, 007005, 007007, 007006, 007004, 007008]
9949	7	007002	007008	75	13.0	3.0	0,858	true	[007002, 007001, 007000, 007003, 007005, 007007, 007006, 007008]
9950	7	007002	007008	76	13.0	3.0	0,824	true	[007002, 007001, 007000, 007003, 007005, 007007, 007006, 007009, 007004, 007008]
9951	7	007002	007008	77	13.0	4.0	0,867	true	[007002, 007001, 007000, 007003, 007005, 007007, 007008]
9952	7	007002	007008	78	13.0	4.0	0,783	true	[007002, 007001, 007000, 007003, 007005, 007007, 007009, 007004, 007006, 007008]
9953	7	007002	007008	79	13.0	4.0	0,791	true	[007002, 007001, 007000, 007003, 007005, 007007, 007009, 007004, 007008]
9954	7	007002	007008	80	13.0	4.0	0,816	true	[007002, 007001, 007000, 007003, 007005, 007007, 007009, 007006, 007004, 007008]
9955	7	007002	007008	81	13.0	4.0	0,807	true	[007002, 007001, 007000, 007003, 007005, 007007, 007009, 007006, 007008]
9956	7	007002	007008	82	13.0	4.0	0,858	true	[007002, 007001, 007000, 007003, 007005, 007008]
9957	7	007002	007008	83	13.0	3.0	0,832	true	[007002, 007001, 007000, 007003, 007005, 007009, 007004, 007006, 007007, 007008]
9958	7	007002	007008	84	13.0	4.0	0,824	true	[007002, 007001, 007000, 007003, 007005, 007009, 007004, 007006, 007008]
9959	7	007002	007008	85	13.0	3.0	0,816	true	[007002, 007001, 007000, 007003, 007005, 007009, 007004, 007007, 007006, 007008]
9960	7	007002	007008	86	13.0	4.0	0,824	true	[007002, 007001, 007000, 007003, 007005, 007009, 007004, 007007, 007008]
9961	7	007002	007008	87	13.0	4.0	0,832	true	[007002, 007001, 007000, 007003, 007005, 007009, 007004, 007008]
9962	7	007002	007008	88	13.0	4.0	0,850	true	[007002, 007001, 007000, 007003, 007005, 007009, 007006, 007004, 007007, 007008]
9963	7	007002	007008	89	13.0	4.0	0,858	true	[007002, 007001, 007000, 007003, 007005, 007009, 007006, 007004, 007008]
9964	7	007002	007008	90	13.0	3.0	0,850	true	[007002, 007001, 007000, 007003, 007005, 007009, 007006, 007007, 007004, 007008]
9965	7	007002	007008	91	13.0	3.0	0,858	true	[007002, 007001, 007000, 007003, 007005, 007009, 007006, 007007, 007008]
9966	7	007002	007008	92	13.0	4.0	0,850	true	[007002, 007001, 007000, 007003, 007005, 007009, 007006, 007008]
9967	7	007002	007008	93	13.0	4.0	0,807	true	[007002, 007001, 007000, 007003, 007005, 007009, 007007, 007004, 007006, 007008]
9968	7	007002	007008	94	13.0	4.0	0,816	true	[007002, 007001, 007000, 007003, 007005, 007009, 007007, 007004, 007008]
9969	7	007002	007008	95	13.0	3.0	0,824	true	[007002, 007001, 007000, 007003, 007005, 007009, 007007, 007006, 007004, 007008]
9970	7	007002	007008	96	13.0	3.0	0,815	true	[007002, 007001, 007000, 007003, 007005, 007009, 007007, 007006, 007008]
9971	7	007002	007008	97	13.0	4.0	0,824	true	[007002, 007001, 007000, 007003, 007005, 007009, 007007, 007008]
9972	7	007002	007008	98	13.0	4.0	0,858	true	[007002, 007001, 007000, 007003, 007007, 007004, 007005, 007006, 007008]
9973	7	007002	007008	99	13.0	4.0	0,849	true	[007002, 007001, 007000, 007003, 007007, 007004, 007005, 007008]
9974	7	007002	007008	100	13.0	4.0	0,841	true	[007002, 007001, 007000, 007003, 007007, 007004, 007005, 007009, 007006, 007008]
9975	7	007002	007008	101	13.0	4.0	0,912	true	[007002, 007001, 007000, 007003, 007007, 007004, 007008]
9976	7	007002	007008	102	13.0	4.0	0,922	true	[007002, 007001, 007000, 007003, 007007, 007008]
9977	7	007002	007008	103	13.0	5.0	0,884	true	[007002, 007001, 007000, 007003, 007008]
9978	7	007002	007008	104	13.0	5.0	0,894	true	[007002, 007001, 007000, 007008]
9979	7	007002	007008	105	13.0	9.0	0,941	true	[007002, 007001, 007008]
9980	7	007002	007008	106	66.0	4.0	0,950	true	[007002, 007008]
9981	8	008000	008003	0	18.0	5.0	0,858	true	[008000, 008001, 008004, 008002, 008003]
9982	8	008000	008003	1	11.0	5.0	0,790	true	[008000, 008001, 008004, 008002, 008005, 008008, 008003]
9983	8	008000	008003	2	13.0	4.0	0,807	true	[008000, 008001, 008004, 008002, 008005, 008008, 008006, 008003]
9984	8	008000	008003	3	13.0	4.0	0,736	true	[008000, 008001, 008004, 008002, 008005, 008008, 008006, 008007, 008003]
9985	8	008000	008003	4	11.0	3.0	0,729	true	[008000, 008001, 008004, 008002, 008005, 008008, 008006, 008007, 008009, 008003]
9986	8	008000	008003	5	13.0	4.0	0,736	true	[008000, 008001, 008004, 008002, 008005, 008008, 008006, 008009, 008003]
9987	8	008000	008003	6	11.0	3.0	0,714	true	[008000, 008001, 008004, 008002, 008005, 008008, 008006, 008009, 008007, 008003]
9988	8	008000	008003	7	14.0	3.0	0,767	true	[008000, 008001, 008004, 008002, 008005, 008008, 008009, 008003]
9989	8	008000	008003	8	24.0	3.0	0,759	true	[008000, 008001, 008004, 008002, 008005, 008008, 008009, 008006, 008003]
9990	8	008000	008003	9	22.0	3.0	0,692	true	[008000, 008001, 008004, 008002, 008005, 008008, 008009, 008006, 008007, 008003]
9991	8	008000	008003	10	11.0	3.0	0,744	true	[008000, 008001, 008004, 008002, 008005, 008008, 008009, 008007, 008003]
9992	8	008000	008003	11	11.0	3.0	0,751	true	[008000, 008001, 008004, 008002, 008005, 008008, 008009, 008007, 008006, 008003]
9993	8	008000	008003	12	14.0	5.0	0,807	true	[008000, 008001, 008004, 008002, 008005, 008009, 008003]
9994	8	008000	008003	13	24.0	5.0	0,799	true	[008000, 008001, 008004, 008002, 008005, 008009, 008006, 008003]
9995	8	008000	008003	14	22.0	5.0	0,728	true	[008000, 008001, 008004, 008002, 008005, 008009, 008006, 008007, 008003]
9996	8	008000	008003	15	11.0	4.0	0,751	true	[008000, 008001, 008004, 008002, 008005, 008009, 008006, 008008, 008003]
9997	8	008000	008003	16	11.0	3.0	0,783	true	[008000, 008001, 008004, 008002, 008005, 008009, 008007, 008003]
9998	8	008000	008003	17	11.0	3.0	0,791	true	[008000, 008001, 008004, 008002, 008005, 008009, 008007, 008006, 008003]
9999	8	008000	008003	18	11.0	3.0	0,744	true	[008000, 008001, 008004, 008002, 008005, 008009, 008007, 008006, 008008, 008003]
10000	8	008000	008003	19	11.0	3.0	0,783	true	[008000, 008001, 008004, 008002, 008005, 008009, 008008, 008003]
10001	8	008000	008003	20	13.0	3.0	0,799	true	[008000, 008001, 008004, 008002, 008005, 008009, 008008, 008006, 008003]
10002	8	008000	008003	21	13.0	3.0	0,729	true	[008000, 008001, 008004, 008002, 008005, 008009, 008008, 008006, 008007, 008003]
10003	8	008000	008003	22	24.0	5.0	0,832	true	[008000, 008001, 008004, 008002, 008006, 008003]
10004	8	008000	008003	23	22.0	5.0	0,759	true	[008000, 008001, 008004, 008002, 008006, 008007, 008003]
10005	8	008000	008003	24	11.0	3.0	0,751	true	[008000, 008001, 008004, 008002, 008006, 008007, 008009, 008003]
10006	8	008000	008003	25	11.0	3.0	0,692	true	[008000, 008001, 008004, 008002, 008006, 008007, 008009, 008005, 008008, 008003]
10007	8	008000	008003	26	11.0	3.0	0,729	true	[008000, 008001, 008004, 008002, 008006, 008007, 008009, 008008, 008003]
10008	8	008000	008003	27	11.0	4.0	0,783	true	[008000, 008001, 008004, 008002, 008006, 008008, 008003]
10009	8	008000	008003	28	13.0	4.0	0,721	true	[008000, 008001, 008004, 008002, 008006, 008008, 008005, 008009, 008003]
10010	8	008000	008003	29	11.0	3.0	0,699	true	[008000, 008001, 008004, 008002, 008006, 008008, 008005, 008009, 008007, 008003]
10011	8	008000	008003	30	13.0	3.0	0,759	true	[008000, 008001, 008004, 008002, 008006, 008008, 008009, 008003]
10012	8	008000	008003	31	11.0	3.0	0,736	true	[008000, 008001, 008004, 008002, 008006, 008008, 008009, 008007, 008003]
10013	8	008000	008003	32	14.0	5.0	0,759	true	[008000, 008001, 008004, 008002, 008006, 008009, 008003]
10014	8	008000	008003	33	11.0	5.0	0,699	true	[008000, 008001, 008004, 008002, 008006, 008009, 008005, 008008, 008003]
10015	8	008000	008003	34	11.0	3.0	0,736	true	[008000, 008001, 008004, 008002, 008006, 008009, 008007, 008003]
10016	8	008000	008003	35	11.0	3.0	0,736	true	[008000, 008001, 008004, 008002, 008006, 008009, 008008, 008003]
10017	8	008000	008003	36	22.0	5.0	0,807	true	[008000, 008001, 008004, 008002, 008007, 008003]
10018	8	008000	008003	37	24.0	5.0	0,815	true	[008000, 008001, 008004, 008002, 008007, 008006, 008003]
10019	8	008000	008003	38	11.0	4.0	0,767	true	[008000, 008001, 008004, 008002, 008007, 008006, 008008, 008003]
10020	8	008000	008003	39	13.0	4.0	0,707	true	[008000, 008001, 008004, 008002, 008007, 008006, 008008, 008005, 008009, 008003]
10021	8	008000	008003	40	13.0	3.0	0,744	true	[008000, 008001, 008004, 008002, 008007, 008006, 008008, 008009, 008003]
10022	8	008000	008003	41	14.0	5.0	0,744	true	[008000, 008001, 008004, 008002, 008007, 008006, 008009, 008003]
10023	8	008000	008003	42	11.0	5.0	0,685	true	[008000, 008001, 008004, 008002, 008007, 008006, 008009, 008005, 008008, 008003]
10024	8	008000	008003	43	11.0	3.0	0,721	true	[008000, 008001, 008004, 008002, 008007, 008006, 008009, 008008, 008003]
10025	8	008000	008003	44	11.0	3.0	0,799	true	[008000, 008001, 008004, 008002, 008007, 008009, 008003]
10026	8	008000	008003	45	11.0	3.0	0,736	true	[008000, 008001, 008004, 008002, 008007, 008009, 008005, 008008, 008003]
10027	8	008000	008003	46	11.0	3.0	0,752	true	[008000, 008001, 008004, 008002, 008007, 008009, 008005, 008008, 008006, 008003]
10028	8	008000	008003	47	11.0	3.0	0,791	true	[008000, 008001, 008004, 008002, 008007, 008009, 008006, 008003]
10029	8	008000	008003	48	11.0	3.0	0,744	true	[008000, 008001, 008004, 008002, 008007, 008009, 008006, 008008, 008003]
10030	8	008000	008003	49	11.0	3.0	0,775	true	[008000, 008001, 008004, 008002, 008007, 008009, 008008, 008003]
10031	8	008000	008003	50	11.0	3.0	0,791	true	[008000, 008001, 008004, 008002, 008007, 008009, 008008, 008006, 008003]
10032	8	008000	008003	51	11.0	4.0	0,840	true	[008000, 008001, 008004, 008002, 008008, 008003]
10033	8	008000	008003	52	14.0	4.0	0,775	true	[008000, 008001, 008004, 008002, 008008, 008005, 008009, 008003]
10034	8	008000	008003	53	24.0	4.0	0,766	true	[008000, 008001, 008004, 008002, 008008, 008005, 008009, 008006, 008003]
10035	8	008000	008003	54	22.0	4.0	0,699	true	[008000, 008001, 008004, 008002, 008008, 008005, 008009, 008006, 008007, 008003]
10036	8	008000	008003	55	11.0	3.0	0,751	true	[008000, 008001, 008004, 008002, 008008, 008005, 008009, 008007, 008003]
10037	8	008000	008003	56	11.0	3.0	0,759	true	[008000, 008001, 008004, 008002, 008008, 008005, 008009, 008007, 008006, 008003]
10038	8	008000	008003	57	13.0	4.0	0,858	true	[008000, 008001, 008004, 008002, 008008, 008006, 008003]
10039	8	008000	008003	58	13.0	4.0	0,783	true	[008000, 008001, 008004, 008002, 008008, 008006, 008007, 008003]
10040	8	008000	008003	59	11.0	3.0	0,775	true	[008000, 008001, 008004, 008002, 008008, 008006, 008007, 008009, 008003]
10041	8	008000	008003	60	13.0	4.0	0,783	true	[008000, 008001, 008004, 008002, 008008, 008006, 008009, 008003]
10042	8	008000	008003	61	11.0	3.0	0,759	true	[008000, 008001, 008004, 008002, 008008, 008006, 008009, 008007, 008003]
10043	8	008000	008003	62	14.0	3.0	0,815	true	[008000, 008001, 008004, 008002, 008008, 008009, 008003]
10044	8	008000	008003	63	24.0	3.0	0,807	true	[008000, 008001, 008004, 008002, 008008, 008009, 008006, 008003]
10045	8	008000	008003	64	22.0	3.0	0,736	true	[008000, 008001, 008004, 008002, 008008, 008009, 008006, 008007, 008003]
10046	8	008000	008003	65	11.0	3.0	0,791	true	[008000, 008001, 008004, 008002, 008008, 008009, 008007, 008003]
10047	8	008000	008003	66	11.0	3.0	0,799	true	[008000, 008001, 008004, 008002, 008008, 008009, 008007, 008006, 008003]
10048	8	008000	008003	67	14.0	4.0	0,815	true	[008000, 008001, 008004, 008002, 008009, 008003]
10049	8	008000	008003	68	11.0	4.0	0,751	true	[008000, 008001, 008004, 008002, 008009, 008005, 008008, 008003]
10050	8	008000	008003	69	13.0	4.0	0,767	true	[008000, 008001, 008004, 008002, 008009, 008005, 008008, 008006, 008003]
10051	8	008000	008003	70	13.0	4.0	0,699	true	[008000, 008001, 008004, 008002, 008009, 008005, 008008, 008006, 008007, 008003]
10052	8	008000	008003	71	24.0	4.0	0,807	true	[008000, 008001, 008004, 008002, 008009, 008006, 008003]
10053	8	008000	008003	72	22.0	4.0	0,736	true	[008000, 008001, 008004, 008002, 008009, 008006, 008007, 008003]
10054	8	008000	008003	73	11.0	4.0	0,759	true	[008000, 008001, 008004, 008002, 008009, 008006, 008008, 008003]
10055	8	008000	008003	74	11.0	3.0	0,791	true	[008000, 008001, 008004, 008002, 008009, 008007, 008003]
10056	8	008000	008003	75	11.0	3.0	0,799	true	[008000, 008001, 008004, 008002, 008009, 008007, 008006, 008003]
10057	8	008000	008003	76	11.0	3.0	0,752	true	[008000, 008001, 008004, 008002, 008009, 008007, 008006, 008008, 008003]
10058	8	008000	008003	77	11.0	3.0	0,791	true	[008000, 008001, 008004, 008002, 008009, 008008, 008003]
10059	8	008000	008003	78	13.0	3.0	0,807	true	[008000, 008001, 008004, 008002, 008009, 008008, 008006, 008003]
10060	8	008000	008003	79	13.0	3.0	0,736	true	[008000, 008001, 008004, 008002, 008009, 008008, 008006, 008007, 008003]
10061	8	008000	008003	80	24.0	5.0	0,894	true	[008000, 008001, 008004, 008003]
10062	8	008000	008003	81	18.0	5.0	0,849	true	[008000, 008001, 008004, 008005, 008002, 008003]
10063	8	008000	008003	82	24.0	5.0	0,823	true	[008000, 008001, 008004, 008005, 008002, 008006, 008003]
10064	8	008000	008003	83	22.0	5.0	0,751	true	[008000, 008001, 008004, 008005, 008002, 008006, 008007, 008003]
10065	8	008000	008003	84	11.0	3.0	0,744	true	[008000, 008001, 008004, 008005, 008002, 008006, 008007, 008009, 008003]
10066	8	008000	008003	85	11.0	3.0	0,721	true	[008000, 008001, 008004, 008005, 008002, 008006, 008007, 008009, 008008, 008003]
10067	8	008000	008003	86	11.0	4.0	0,775	true	[008000, 008001, 008004, 008005, 008002, 008006, 008008, 008003]
10068	8	008000	008003	87	13.0	3.0	0,751	true	[008000, 008001, 008004, 008005, 008002, 008006, 008008, 008009, 008003]
10069	8	008000	008003	88	11.0	3.0	0,729	true	[008000, 008001, 008004, 008005, 008002, 008006, 008008, 008009, 008007, 008003]
10070	8	008000	008003	89	14.0	5.0	0,751	true	[008000, 008001, 008004, 008005, 008002, 008006, 008009, 008003]
10071	8	008000	008003	90	11.0	3.0	0,728	true	[008000, 008001, 008004, 008005, 008002, 008006, 008009, 008007, 008003]
10072	8	008000	008003	91	11.0	3.0	0,728	true	[008000, 008001, 008004, 008005, 008002, 008006, 008009, 008008, 008003]
10073	8	008000	008003	92	22.0	5.0	0,799	true	[008000, 008001, 008004, 008005, 008002, 008007, 008003]
10074	8	008000	008003	93	24.0	5.0	0,807	true	[008000, 008001, 008004, 008005, 008002, 008007, 008006, 008003]
10075	8	008000	008003	94	11.0	4.0	0,759	true	[008000, 008001, 008004, 008005, 008002, 008007, 008006, 008008, 008003]
10076	8	008000	008003	95	13.0	3.0	0,737	true	[008000, 008001, 008004, 008005, 008002, 008007, 008006, 008008, 008009, 008003]
10077	8	008000	008003	96	14.0	5.0	0,736	true	[008000, 008001, 008004, 008005, 008002, 008007, 008006, 008009, 008003]
10078	8	008000	008003	97	11.0	3.0	0,714	true	[008000, 008001, 008004, 008005, 008002, 008007, 008006, 008009, 008008, 008003]
10079	8	008000	008003	98	11.0	3.0	0,791	true	[008000, 008001, 008004, 008005, 008002, 008007, 008009, 008003]
10080	8	008000	008003	99	11.0	3.0	0,783	true	[008000, 008001, 008004, 008005, 008002, 008007, 008009, 008006, 008003]
10081	8	008000	008003	100	11.0	3.0	0,736	true	[008000, 008001, 008004, 008005, 008002, 008007, 008009, 008006, 008008, 008003]
10082	8	008000	008003	101	23.0	3.0	0,980	true	[008000, 008003]
10083	9	009001	009003	0	24.0	3.0	0,960	true	[009001, 009000, 009003]
10084	9	009001	009003	1	11.0	5.0	0,867	true	[009001, 009000, 009004, 009002, 009003]
10085	9	009001	009003	2	5.0	5.0	0,815	true	[009001, 009000, 009004, 009002, 009005, 009006, 009008, 009003]
10086	9	009001	009003	3	5.0	5.0	0,767	true	[009001, 009000, 009004, 009002, 009005, 009006, 009008, 009007, 009009, 009003]
10087	9	009001	009003	4	5.0	3.0	0,791	true	[009001, 009000, 009004, 009002, 009005, 009006, 009008, 009009, 009003]
10088	9	009001	009003	5	5.0	3.0	0,815	true	[009001, 009000, 009004, 009002, 009005, 009006, 009009, 009003]
10089	9	009001	009003	6	5.0	3.0	0,751	true	[009001, 009000, 009004, 009002, 009005, 009006, 009009, 009007, 009008, 009003]
10090	9	009001	009003	7	5.0	3.0	0,775	true	[009001, 009000, 009004, 009002, 009005, 009006, 009009, 009008, 009003]
10091	9	009001	009003	8	8.0	5.0	0,767	true	[009001, 009000, 009004, 009002, 009005, 009007, 009008, 009003]
10092	9	009001	009003	9	8.0	3.0	0,767	true	[009001, 009000, 009004, 009002, 009005, 009007, 009008, 009006, 009009, 009003]
10093	9	009001	009003	10	8.0	3.0	0,744	true	[009001, 009000, 009004, 009002, 009005, 009007, 009008, 009009, 009003]
10094	9	009001	009003	11	19.0	5.0	0,783	true	[009001, 009000, 009004, 009002, 009005, 009007, 009009, 009003]
10095	9	009001	009003	12	13.0	3.0	0,767	true	[009001, 009000, 009004, 009002, 009005, 009007, 009009, 009006, 009008, 009003]
10096	9	009001	009003	13	13.0	3.0	0,744	true	[009001, 009000, 009004, 009002, 009005, 009007, 009009, 009008, 009003]
10097	9	009001	009003	14	13.0	4.0	0,807	true	[009001, 009000, 009004, 009002, 009005, 009008, 009003]
10098	9	009001	009003	15	16.0	3.0	0,807	true	[009001, 009000, 009004, 009002, 009005, 009008, 009006, 009009, 009003]
10099	9	009001	009003	16	8.0	4.0	0,759	true	[009001, 009000, 009004, 009002, 009005, 009008, 009007, 009009, 009003]
10100	9	009001	009003	17	16.0	3.0	0,783	true	[009001, 009000, 009004, 009002, 009005, 009008, 009009, 009003]
10101	9	009001	009003	18	9.0	5.0	0,832	true	[009001, 009000, 009004, 009002, 009005, 009009, 009003]
10102	9	009001	009003	19	9.0	3.0	0,815	true	[009001, 009000, 009004, 009002, 009005, 009009, 009006, 009008, 009003]
10103	9	009001	009003	20	8.0	5.0	0,767	true	[009001, 009000, 009004, 009002, 009005, 009009, 009007, 009008, 009003]
10104	9	009001	009003	21	9.0	3.0	0,790	true	[009001, 009000, 009004, 009002, 009005, 009009, 009008, 009003]
10105	9	009001	009003	22	5.0	5.0	0,744	true	[009001, 009000, 009004, 009002, 009006, 009005, 009007, 009008, 009003]
10106	9	009001	009003	23	5.0	3.0	0,721	true	[009001, 009000, 009004, 009002, 009006, 009005, 009007, 009008, 009009, 009003]
10107	9	009001	009003	24	5.0	5.0	0,759	true	[009001, 009000, 009004, 009002, 009006, 009005, 009007, 009009, 009003]
10108	9	009001	009003	25	5.0	3.0	0,721	true	[009001, 009000, 009004, 009002, 009006, 009005, 009007, 009009, 009008, 009003]
10109	9	009001	009003	26	5.0	4.0	0,783	true	[009001, 009000, 009004, 009002, 009006, 009005, 009008, 009003]
10110	9	009001	009003	27	5.0	4.0	0,737	true	[009001, 009000, 009004, 009002, 009006, 009005, 009008, 009007, 009009, 009003]
10111	9	009001	009003	28	5.0	3.0	0,759	true	[009001, 009000, 009004, 009002, 009006, 009005, 009008, 009009, 009003]
10112	9	009001	009003	29	5.0	5.0	0,807	true	[009001, 009000, 009004, 009002, 009006, 009005, 009009, 009003]
10113	9	009001	009003	30	5.0	5.0	0,744	true	[009001, 009000, 009004, 009002, 009006, 009005, 009009, 009007, 009008, 009003]
10114	9	009001	009003	31	5.0	3.0	0,767	true	[009001, 009000, 009004, 009002, 009006, 009005, 009009, 009008, 009003]
10115	9	009001	009003	32	13.0	5.0	0,823	true	[009001, 009000, 009004, 009002, 009006, 009008, 009003]
10116	9	009001	009003	33	16.0	4.0	0,752	true	[009001, 009000, 009004, 009002, 009006, 009008, 009005, 009007, 009009, 009003]
10117	9	009001	009003	34	9.0	4.0	0,799	true	[009001, 009000, 009004, 009002, 009006, 009008, 009005, 009009, 009003]
10118	9	009001	009003	35	8.0	5.0	0,759	true	[009001, 009000, 009004, 009002, 009006, 009008, 009007, 009005, 009009, 009003]
10119	9	009001	009003	36	8.0	5.0	0,775	true	[009001, 009000, 009004, 009002, 009006, 009008, 009007, 009009, 009003]
10120	9	009001	009003	37	17.0	3.0	0,799	true	[009001, 009000, 009004, 009002, 009006, 009008, 009009, 009003]
10121	9	009001	009003	38	17.0	3.0	0,824	true	[009001, 009000, 009004, 009002, 009006, 009009, 009003]
10122	9	009001	009003	39	8.0	3.0	0,744	true	[009001, 009000, 009004, 009002, 009006, 009009, 009005, 009007, 009008, 009003]
10123	9	009001	009003	40	9.0	3.0	0,783	true	[009001, 009000, 009004, 009002, 009006, 009009, 009005, 009008, 009003]
10124	9	009001	009003	41	13.0	3.0	0,736	true	[009001, 009000, 009004, 009002, 009006, 009009, 009007, 009005, 009008, 009003]
10125	9	009001	009003	42	8.0	3.0	0,759	true	[009001, 009000, 009004, 009002, 009006, 009009, 009007, 009008, 009003]
10126	9	009001	009003	43	13.0	3.0	0,783	true	[009001, 009000, 009004, 009002, 009006, 009009, 009008, 009003]
10127	9	009001	009003	44	5.0	5.0	0,767	true	[009001, 009000, 009004, 009002, 009007, 009005, 009006, 009008, 009003]
10128	9	009001	009003	45	5.0	3.0	0,744	true	[009001, 009000, 009004, 009002, 009007, 009005, 009006, 009008, 009009, 009003]
10129	9	009001	009003	46	5.0	3.0	0,767	true	[009001, 009000, 009004, 009002, 009007, 009005, 009006, 009009, 009003]
10130	9	009001	009003	47	5.0	3.0	0,729	true	[009001, 009000, 009004, 009002, 009007, 009005, 009006, 009009, 009008, 009003]
10131	9	009001	009003	48	13.0	4.0	0,759	true	[009001, 009000, 009004, 009002, 009007, 009005, 009008, 009003]
10132	9	009001	009003	49	16.0	3.0	0,759	true	[009001, 009000, 009004, 009002, 009007, 009005, 009008, 009006, 009009, 009003]
10133	9	009001	009003	50	16.0	3.0	0,736	true	[009001, 009000, 009004, 009002, 009007, 009005, 009008, 009009, 009003]
10134	9	009001	009003	51	9.0	5.0	0,783	true	[009001, 009000, 009004, 009002, 009007, 009005, 009009, 009003]
10135	9	009001	009003	52	9.0	3.0	0,767	true	[009001, 009000, 009004, 009002, 009007, 009005, 009009, 009006, 009008, 009003]
10136	9	009001	009003	53	9.0	3.0	0,744	true	[009001, 009000, 009004, 009002, 009007, 009005, 009009, 009008, 009003]
10137	9	009001	009003	54	8.0	5.0	0,783	true	[009001, 009000, 009004, 009002, 009007, 009008, 009003]
10138	9	009001	009003	55	5.0	3.0	0,744	true	[009001, 009000, 009004, 009002, 009007, 009008, 009005, 009006, 009009, 009003]
10139	9	009001	009003	56	8.0	4.0	0,759	true	[009001, 009000, 009004, 009002, 009007, 009008, 009005, 009009, 009003]
10140	9	009001	009003	57	5.0	5.0	0,767	true	[009001, 009000, 009004, 009002, 009007, 009008, 009006, 009005, 009009, 009003]
10141	9	009001	009003	58	8.0	3.0	0,783	true	[009001, 009000, 009004, 009002, 009007, 009008, 009006, 009009, 009003]
10142	9	009001	009003	59	8.0	3.0	0,759	true	[009001, 009000, 009004, 009002, 009007, 009008, 009009, 009003]
10143	9	009001	009003	60	35.0	5.0	0,799	true	[009001, 009000, 009004, 009002, 009007, 009009, 009003]
10144	9	009001	009003	61	5.0	5.0	0,767	true	[009001, 009000, 009004, 009002, 009007, 009009, 009005, 009006, 009008, 009003]
10145	9	009001	009003	62	9.0	4.0	0,759	true	[009001, 009000, 009004, 009002, 009007, 009009, 009005, 009008, 009003]
10146	9	009001	009003	63	5.0	3.0	0,744	true	[009001, 009000, 009004, 009002, 009007, 009009, 009006, 009005, 009008, 009003]
10147	9	009001	009003	64	13.0	3.0	0,783	true	[009001, 009000, 009004, 009002, 009007, 009009, 009006, 009008, 009003]
10148	9	009001	009003	65	13.0	3.0	0,759	true	[009001, 009000, 009004, 009002, 009007, 009009, 009008, 009003]
10149	9	009001	009003	66	13.0	5.0	0,807	true	[009001, 009000, 009004, 009002, 009008, 009003]
10150	9	009001	009003	67	5.0	3.0	0,767	true	[009001, 009000, 009004, 009002, 009008, 009005, 009006, 009009, 009003]
10151	9	009001	009003	68	16.0	4.0	0,736	true	[009001, 009000, 009004, 009002, 009008, 009005, 009007, 009009, 009003]
10152	9	009001	009003	69	9.0	4.0	0,783	true	[009001, 009000, 009004, 009002, 009008, 009005, 009009, 009003]
10153	9	009001	009003	70	5.0	5.0	0,744	true	[009001, 009000, 009004, 009002, 009008, 009006, 009005, 009007, 009009, 009003]
10154	9	009001	009003	71	5.0	5.0	0,791	true	[009001, 009000, 009004, 009002, 009008, 009006, 009005, 009009, 009003]
10155	9	009001	009003	72	21.0	3.0	0,807	true	[009001, 009000, 009004, 009002, 009008, 009006, 009009, 009003]
10156	9	009001	009003	73	5.0	3.0	0,729	true	[009001, 009000, 009004, 009002, 009008, 009007, 009005, 009006, 009009, 009003]
10157	9	009001	009003	74	8.0	5.0	0,744	true	[009001, 009000, 009004, 009002, 009008, 009007, 009005, 009009, 009003]
10158	9	009001	009003	75	8.0	5.0	0,759	true	[009001, 009000, 009004, 009002, 009008, 009007, 009009, 009003]
10159	9	009001	009003	76	21.0	3.0	0,783	true	[009001, 009000, 009004, 009002, 009008, 009009, 009003]
10160	9	009001	009003	77	35.0	5.0	0,903	true	[009001, 009000, 009004, 009003]
10161	9	009001	009003	78	11.0	3.0	0,903	true	[009001, 009000, 009004, 009005, 009002, 009003]
10162	9	009001	009003	79	13.0	3.0	0,858	true	[009001, 009000, 009004, 009005, 009002, 009006, 009008, 009003]
10163	9	009001	009003	80	8.0	3.0	0,807	true	[009001, 009000, 009004, 009005, 009002, 009006, 009008, 009007, 009009, 009003]
10164	9	009001	009003	81	17.0	3.0	0,832	true	[009001, 009000, 009004, 009005, 009002, 009006, 009008, 009009, 009003]
10165	9	009001	009003	82	17.0	3.0	0,858	true	[009001, 009000, 009004, 009005, 009002, 009006, 009009, 009003]
10166	9	009001	009003	83	8.0	3.0	0,791	true	[009001, 009000, 009004, 009005, 009002, 009006, 009009, 009007, 009008, 009003]
10167	9	009001	009003	84	13.0	3.0	0,815	true	[009001, 009000, 009004, 009005, 009002, 009006, 009009, 009008, 009003]
10168	9	009001	009003	85	8.0	3.0	0,815	true	[009001, 009000, 009004, 009005, 009002, 009007, 009008, 009003]
10169	9	009001	009003	86	8.0	3.0	0,815	true	[009001, 009000, 009004, 009005, 009002, 009007, 009008, 009006, 009009, 009003]
10170	9	009001	009003	87	8.0	3.0	0,791	true	[009001, 009000, 009004, 009005, 009002, 009007, 009008, 009009, 009003]
10171	9	009001	009003	88	19.0	3.0	0,832	true	[009001, 009000, 009004, 009005, 009002, 009007, 009009, 009003]
10172	9	009001	009003	89	13.0	3.0	0,815	true	[009001, 009000, 009004, 009005, 009002, 009007, 009009, 009006, 009008, 009003]
10173	9	009001	009003	90	13.0	3.0	0,791	true	[009001, 009000, 009004, 009005, 009002, 009007, 009009, 009008, 009003]
10174	9	009001	009003	91	13.0	3.0	0,840	true	[009001, 009000, 009004, 009005, 009002, 009008, 009003]
10175	9	009001	009003	92	19.0	3.0	0,841	true	[009001, 009000, 009004, 009005, 009002, 009008, 009006, 009009, 009003]
10176	9	009001	009003	93	8.0	3.0	0,791	true	[009001, 009000, 009004, 009005, 009002, 009008, 009007, 009009, 009003]
10177	9	009001	009003	94	19.0	3.0	0,815	true	[009001, 009000, 009004, 009005, 009002, 009008, 009009, 009003]
10178	9	009001	009003	95	5.0	3.0	0,876	true	[009001, 009000, 009004, 009005, 009006, 009002, 009003]
10179	9	009001	009003	96	5.0	3.0	0,791	true	[009001, 009000, 009004, 009005, 009006, 009002, 009007, 009008, 009003]
10180	9	009001	009003	97	5.0	3.0	0,767	true	[009001, 009000, 009004, 009005, 009006, 009002, 009007, 009008, 009009, 009003]
10181	9	009001	009003	98	5.0	3.0	0,807	true	[009001, 009000, 009004, 009005, 009006, 009002, 009007, 009009, 009003]
10182	9	009001	009003	99	5.0	3.0	0,767	true	[009001, 009000, 009004, 009005, 009006, 009002, 009007, 009009, 009008, 009003]
10183	9	009001	009003	100	5.0	3.0	0,815	true	[009001, 009000, 009004, 009005, 009006, 009002, 009008, 009003]
10184	9	009001	009003	101	45.0	4.0	0,960	true	[009001, 009003]
10185	10	010004	010007	0	9.0	3.0	0,833	true	[010004, 010000, 010001, 010002, 010005, 010003, 010006, 010007]
10186	10	010004	010007	1	19.0	3.0	0,816	true	[010004, 010000, 010001, 010002, 010005, 010003, 010006, 010008, 010009, 010007]
10187	10	010004	010007	2	19.0	3.0	0,833	true	[010004, 010000, 010001, 010002, 010005, 010003, 010006, 010009, 010007]
10188	10	010004	010007	3	9.0	3.0	0,799	true	[010004, 010000, 010001, 010002, 010005, 010003, 010008, 010006, 010007]
10189	10	010004	010007	4	19.0	3.0	0,800	true	[010004, 010000, 010001, 010002, 010005, 010003, 010008, 010006, 010009, 010007]
10190	10	010004	010007	5	9.0	3.0	0,800	true	[010004, 010000, 010001, 010002, 010005, 010003, 010008, 010009, 010006, 010007]
10191	10	010004	010007	6	19.0	3.0	0,816	true	[010004, 010000, 010001, 010002, 010005, 010003, 010008, 010009, 010007]
10192	10	010004	010007	7	9.0	3.0	0,850	true	[010004, 010000, 010001, 010002, 010005, 010003, 010009, 010006, 010007]
10193	10	010004	010007	8	19.0	3.0	0,867	true	[010004, 010000, 010001, 010002, 010005, 010003, 010009, 010007]
10194	10	010004	010007	9	9.0	3.0	0,833	true	[010004, 010000, 010001, 010002, 010005, 010003, 010009, 010008, 010006, 010007]
10195	10	010004	010007	10	12.0	3.0	0,799	true	[010004, 010000, 010001, 010002, 010005, 010006, 010003, 010008, 010009, 010007]
10196	10	010004	010007	11	12.0	3.0	0,850	true	[010004, 010000, 010001, 010002, 010005, 010006, 010003, 010009, 010007]
10197	10	010004	010007	12	9.0	3.0	0,867	true	[010004, 010000, 010001, 010002, 010005, 010006, 010007]
10198	10	010004	010007	13	12.0	3.0	0,816	true	[010004, 010000, 010001, 010002, 010005, 010006, 010008, 010003, 010009, 010007]
10199	10	010004	010007	14	12.0	3.0	0,850	true	[010004, 010000, 010001, 010002, 010005, 010006, 010008, 010009, 010007]
10200	10	010004	010007	15	12.0	3.0	0,867	true	[010004, 010000, 010001, 010002, 010005, 010006, 010009, 010007]
10201	10	010004	010007	16	9.0	3.0	0,783	true	[010004, 010000, 010001, 010002, 010005, 010008, 010003, 010006, 010007]
10202	10	010004	010007	17	19.0	3.0	0,783	true	[010004, 010000, 010001, 010002, 010005, 010008, 010003, 010006, 010009, 010007]
10203	10	010004	010007	18	9.0	3.0	0,799	true	[010004, 010000, 010001, 010002, 010005, 010008, 010003, 010009, 010006, 010007]
10204	10	010004	010007	19	19.0	3.0	0,816	true	[010004, 010000, 010001, 010002, 010005, 010008, 010003, 010009, 010007]
10205	10	010004	010007	20	19.0	3.0	0,816	true	[010004, 010000, 010001, 010002, 010005, 010008, 010006, 010003, 010009, 010007]
10206	10	010004	010007	21	9.0	3.0	0,833	true	[010004, 010000, 010001, 010002, 010005, 010008, 010006, 010007]
10207	10	010004	010007	22	19.0	3.0	0,833	true	[010004, 010000, 010001, 010002, 010005, 010008, 010006, 010009, 010007]
10208	10	010004	010007	23	9.0	3.0	0,816	true	[010004, 010000, 010001, 010002, 010005, 010008, 010009, 010003, 010006, 010007]
10209	10	010004	010007	24	9.0	3.0	0,833	true	[010004, 010000, 010001, 010002, 010005, 010008, 010009, 010006, 010007]
10210	10	010004	010007	25	19.0	3.0	0,850	true	[010004, 010000, 010001, 010002, 010005, 010008, 010009, 010007]
10211	10	010004	010007	26	19.0	3.0	0,842	true	[010004, 010000, 010001, 010002, 010006, 010003, 010005, 010008, 010009, 010007]
10212	10	010004	010007	27	19.0	3.0	0,824	true	[010004, 010000, 010001, 010002, 010006, 010003, 010008, 010009, 010007]
10213	10	010004	010007	28	19.0	3.0	0,877	true	[010004, 010000, 010001, 010002, 010006, 010003, 010009, 010007]
10214	10	010004	010007	29	12.0	3.0	0,841	true	[010004, 010000, 010001, 010002, 010006, 010005, 010003, 010008, 010009, 010007]
10215	10	010004	010007	30	12.0	3.0	0,895	true	[010004, 010000, 010001, 010002, 010006, 010005, 010003, 010009, 010007]
10216	10	010004	010007	31	12.0	3.0	0,841	true	[010004, 010000, 010001, 010002, 010006, 010005, 010008, 010003, 010009, 010007]
10217	10	010004	010007	32	12.0	3.0	0,877	true	[010004, 010000, 010001, 010002, 010006, 010005, 010008, 010009, 010007]
10218	10	010004	010007	33	9.0	3.0	0,895	true	[010004, 010000, 010001, 010002, 010006, 010007]
10219	10	010004	010007	34	19.0	3.0	0,841	true	[010004, 010000, 010001, 010002, 010006, 010008, 010003, 010009, 010007]
10220	10	010004	010007	35	19.0	3.0	0,859	true	[010004, 010000, 010001, 010002, 010006, 010008, 010005, 010003, 010009, 010007]
10221	10	010004	010007	36	19.0	3.0	0,877	true	[010004, 010000, 010001, 010002, 010006, 010008, 010009, 010007]
10222	10	010004	010007	37	19.0	3.0	0,895	true	[010004, 010000, 010001, 010002, 010006, 010009, 010007]
10223	10	010004	010007	38	9.0	3.0	0,859	true	[010004, 010000, 010001, 010002, 010009, 010003, 010005, 010006, 010007]
10224	10	010004	010007	39	9.0	3.0	0,825	true	[010004, 010000, 010001, 010002, 010009, 010003, 010005, 010008, 010006, 010007]
10225	10	010004	010007	40	9.0	3.0	0,841	true	[010004, 010000, 010001, 010002, 010009, 010003, 010006, 010007]
10226	10	010004	010007	41	9.0	3.0	0,808	true	[010004, 010000, 010001, 010002, 010009, 010003, 010008, 010005, 010006, 010007]
10227	10	010004	010007	42	9.0	3.0	0,808	true	[010004, 010000, 010001, 010002, 010009, 010003, 010008, 010006, 010007]
10228	10	010004	010007	43	9.0	3.0	0,859	true	[010004, 010000, 010001, 010002, 010009, 010006, 010007]
10229	10	010004	010007	44	19.0	3.0	0,876	true	[010004, 010000, 010001, 010002, 010009, 010007]
10230	10	010004	010007	45	9.0	3.0	0,808	true	[010004, 010000, 010001, 010002, 010009, 010008, 010003, 010005, 010006, 010007]
10231	10	010004	010007	46	9.0	3.0	0,791	true	[010004, 010000, 010001, 010002, 010009, 010008, 010003, 010006, 010007]
10232	10	010004	010007	47	9.0	3.0	0,808	true	[010004, 010000, 010001, 010002, 010009, 010008, 010005, 010003, 010006, 010007]
10233	10	010004	010007	48	9.0	3.0	0,842	true	[010004, 010000, 010001, 010002, 010009, 010008, 010005, 010006, 010007]
10234	10	010004	010007	49	9.0	3.0	0,842	true	[010004, 010000, 010001, 010002, 010009, 010008, 010006, 010007]
10235	10	010004	010007	50	9.0	3.0	0,824	true	[010004, 010000, 010001, 010003, 010005, 010002, 010006, 010007]
10236	10	010004	010007	51	19.0	3.0	0,808	true	[010004, 010000, 010001, 010003, 010005, 010002, 010006, 010008, 010009, 010007]
10237	10	010004	010007	52	19.0	3.0	0,824	true	[010004, 010000, 010001, 010003, 010005, 010002, 010006, 010009, 010007]
10238	10	010004	010007	53	9.0	3.0	0,791	true	[010004, 010000, 010001, 010003, 010005, 010002, 010009, 010006, 010007]
10239	10	010004	010007	54	19.0	3.0	0,807	true	[010004, 010000, 010001, 010003, 010005, 010002, 010009, 010007]
10240	10	010004	010007	55	9.0	3.0	0,775	true	[010004, 010000, 010001, 010003, 010005, 010002, 010009, 010008, 010006, 010007]
10241	10	010004	010007	56	12.0	3.0	0,833	true	[010004, 010000, 010001, 010003, 010005, 010006, 010002, 010009, 010007]
10242	10	010004	010007	57	9.0	3.0	0,867	true	[010004, 010000, 010001, 010003, 010005, 010006, 010007]
10243	10	010004	010007	58	12.0	3.0	0,850	true	[010004, 010000, 010001, 010003, 010005, 010006, 010008, 010009, 010007]
10244	10	010004	010007	59	12.0	3.0	0,867	true	[010004, 010000, 010001, 010003, 010005, 010006, 010009, 010007]
10245	10	010004	010007	60	19.0	3.0	0,800	true	[010004, 010000, 010001, 010003, 010005, 010008, 010006, 010002, 010009, 010007]
10246	10	010004	010007	61	9.0	3.0	0,833	true	[010004, 010000, 010001, 010003, 010005, 010008, 010006, 010007]
10247	10	010004	010007	62	19.0	3.0	0,833	true	[010004, 010000, 010001, 010003, 010005, 010008, 010006, 010009, 010007]
10248	10	010004	010007	63	9.0	3.0	0,800	true	[010004, 010000, 010001, 010003, 010005, 010008, 010009, 010002, 010006, 010007]
10249	10	010004	010007	64	9.0	3.0	0,833	true	[010004, 010000, 010001, 010003, 010005, 010008, 010009, 010006, 010007]
10250	10	010004	010007	65	19.0	3.0	0,850	true	[010004, 010000, 010001, 010003, 010005, 010008, 010009, 010007]
10251	10	010004	010007	66	19.0	3.0	0,791	true	[010004, 010000, 010001, 010003, 010006, 010002, 010005, 010008, 010009, 010007]
10252	10	010004	010007	67	19.0	4.0	0,816	true	[010004, 010000, 010001, 010003, 010006, 010002, 010009, 010007]
10253	10	010004	010007	68	12.0	4.0	0,791	true	[010004, 010000, 010001, 010003, 010006, 010005, 010002, 010009, 010007]
10254	10	010004	010007	69	12.0	3.0	0,833	true	[010004, 010000, 010001, 010003, 010006, 010005, 010008, 010009, 010007]
10255	10	010004	010007	70	9.0	4.0	0,850	true	[010004, 010000, 010001, 010003, 010006, 010007]
10256	10	010004	010007	71	19.0	4.0	0,760	true	[010004, 010000, 010001, 010003, 010006, 010008, 010005, 010002, 010009, 010007]
10257	10	010004	010007	72	19.0	3.0	0,833	true	[010004, 010000, 010001, 010003, 010006, 010008, 010009, 010007]
10258	10	010004	010007	73	19.0	4.0	0,850	true	[010004, 010000, 010001, 010003, 010006, 010009, 010007]
10259	10	010004	010007	74	9.0	4.0	0,775	true	[010004, 010000, 010001, 010003, 010008, 010005, 010002, 010006, 010007]
10260	10	010004	010007	75	19.0	4.0	0,775	true	[010004, 010000, 010001, 010003, 010008, 010005, 010002, 010006, 010009, 010007]
10261	10	010004	010007	76	9.0	4.0	0,744	true	[010004, 010000, 010001, 010003, 010008, 010005, 010002, 010009, 010006, 010007]
10262	10	010004	010007	77	19.0	4.0	0,759	true	[010004, 010000, 010001, 010003, 010008, 010005, 010002, 010009, 010007]
10263	10	010004	010007	78	12.0	4.0	0,783	true	[010004, 010000, 010001, 010003, 010008, 010005, 010006, 010002, 010009, 010007]
10264	10	010004	010007	79	9.0	4.0	0,815	true	[010004, 010000, 010001, 010003, 010008, 010005, 010006, 010007]
10265	10	010004	010007	80	12.0	4.0	0,816	true	[010004, 010000, 010001, 010003, 010008, 010005, 010006, 010009, 010007]
10266	10	010004	010007	81	19.0	4.0	0,783	true	[010004, 010000, 010001, 010003, 010008, 010006, 010002, 010009, 010007]
10267	10	010004	010007	82	12.0	4.0	0,759	true	[010004, 010000, 010001, 010003, 010008, 010006, 010005, 010002, 010009, 010007]
10268	10	010004	010007	83	9.0	4.0	0,815	true	[010004, 010000, 010001, 010003, 010008, 010006, 010007]
10269	10	010004	010007	84	19.0	4.0	0,816	true	[010004, 010000, 010001, 010003, 010008, 010006, 010009, 010007]
10270	10	010004	010007	85	9.0	3.0	0,759	true	[010004, 010000, 010001, 010003, 010008, 010009, 010002, 010005, 010006, 010007]
10271	10	010004	010007	86	9.0	3.0	0,783	true	[010004, 010000, 010001, 010003, 010008, 010009, 010002, 010006, 010007]
10272	10	010004	010007	87	9.0	3.0	0,816	true	[010004, 010000, 010001, 010003, 010008, 010009, 010006, 010007]
10273	10	010004	010007	88	19.0	3.0	0,832	true	[010004, 010000, 010001, 010003, 010008, 010009, 010007]
10274	10	010004	010007	89	9.0	4.0	0,807	true	[010004, 010000, 010001, 010003, 010009, 010002, 010005, 010006, 010007]
10275	10	010004	010007	90	9.0	4.0	0,775	true	[010004, 010000, 010001, 010003, 010009, 010002, 010005, 010008, 010006, 010007]
10276	10	010004	010007	91	9.0	4.0	0,832	true	[010004, 010000, 010001, 010003, 010009, 010002, 010006, 010007]
10277	10	010004	010007	92	9.0	4.0	0,867	true	[010004, 010000, 010001, 010003, 010009, 010006, 010007]
10278	10	010004	010007	93	19.0	4.0	0,885	true	[010004, 010000, 010001, 010003, 010009, 010007]
10279	10	010004	010007	94	9.0	3.0	0,808	true	[010004, 010000, 010001, 010003, 010009, 010008, 010005, 010002, 010006, 010007]
10280	10	010004	010007	95	9.0	3.0	0,850	true	[010004, 010000, 010001, 010003, 010009, 010008, 010005, 010006, 010007]
10281	10	010004	010007	96	9.0	3.0	0,850	true	[010004, 010000, 010001, 010003, 010009, 010008, 010006, 010007]
10282	10	010004	010007	97	19.0	3.0	0,808	true	[010004, 010000, 010001, 010005, 010002, 010006, 010003, 010008, 010009, 010007]
10283	10	010004	010007	98	19.0	4.0	0,859	true	[010004, 010000, 010001, 010005, 010002, 010006, 010003, 010009, 010007]
10284	10	010004	010007	99	9.0	4.0	0,876	true	[010004, 010000, 010001, 010005, 010002, 010006, 010007]
10285	10	010004	010007	100	19.0	4.0	0,824	true	[010004, 010000, 010001, 010005, 010002, 010006, 010008, 010003, 010009, 010007]
10286	10	010004	010007	101	12.0	4.0	0,922	true	[010004, 010000, 010001, 010007]
10287	10	010004	010007	102	19.0	4.0	0,970	true	[010004, 010000, 010007]
10288	11	011005	011009	0	12.0	3.0	0,751	true	[011005, 011000, 011001, 011002, 011003, 011004, 011007, 011008, 011009]
10289	11	011005	011009	1	12.0	5.0	0,775	true	[011005, 011000, 011001, 011002, 011003, 011004, 011008, 011009]
10290	11	011005	011009	2	7.0	5.0	0,736	true	[011005, 011000, 011001, 011002, 011003, 011007, 011004, 011008, 011009]
10291	11	011005	011009	3	7.0	3.0	0,775	true	[011005, 011000, 011001, 011002, 011003, 011007, 011008, 011009]
10292	11	011005	011009	4	14.0	7.0	0,815	true	[011005, 011000, 011001, 011002, 011003, 011008, 011009]
10293	11	011005	011009	5	17.0	3.0	0,815	true	[011005, 011000, 011001, 011002, 011003, 011009]
10294	11	011005	011009	6	12.0	3.0	0,721	true	[011005, 011000, 011001, 011002, 011006, 011003, 011004, 011007, 011008, 011009]
10295	11	011005	011009	7	12.0	5.0	0,744	true	[011005, 011000, 011001, 011002, 011006, 011003, 011004, 011008, 011009]
10296	11	011005	011009	8	7.0	5.0	0,707	true	[011005, 011000, 011001, 011002, 011006, 011003, 011007, 011004, 011008, 011009]
10297	11	011005	011009	9	7.0	3.0	0,743	true	[011005, 011000, 011001, 011002, 011006, 011003, 011007, 011008, 011009]
10298	11	011005	011009	10	14.0	7.0	0,783	true	[011005, 011000, 011001, 011002, 011006, 011003, 011008, 011009]
10299	11	011005	011009	11	17.0	3.0	0,783	true	[011005, 011000, 011001, 011002, 011006, 011003, 011009]
10300	11	011005	011009	12	7.0	5.0	0,744	true	[011005, 011000, 011001, 011002, 011007, 011003, 011004, 011008, 011009]
10301	11	011005	011009	13	7.0	5.0	0,783	true	[011005, 011000, 011001, 011002, 011007, 011003, 011008, 011009]
10302	11	011005	011009	14	7.0	3.0	0,783	true	[011005, 011000, 011001, 011002, 011007, 011003, 011009]
10303	11	011005	011009	15	11.0	5.0	0,759	true	[011005, 011000, 011001, 011002, 011007, 011004, 011003, 011008, 011009]
10304	11	011005	011009	16	11.0	3.0	0,759	true	[011005, 011000, 011001, 011002, 011007, 011004, 011003, 011009]
10305	11	011005	011009	17	11.0	3.0	0,783	true	[011005, 011000, 011001, 011002, 011007, 011004, 011008, 011003, 011009]
10306	11	011005	011009	18	11.0	5.0	0,783	true	[011005, 011000, 011001, 011002, 011007, 011004, 011008, 011009]
10307	11	011005	011009	19	11.0	3.0	0,824	true	[011005, 011000, 011001, 011002, 011007, 011008, 011003, 011009]
10308	11	011005	011009	20	11.0	3.0	0,783	true	[011005, 011000, 011001, 011002, 011007, 011008, 011004, 011003, 011009]
10309	11	011005	011009	21	11.0	3.0	0,824	true	[011005, 011000, 011001, 011002, 011007, 011008, 011009]
10310	11	011005	011009	22	17.0	3.0	0,824	true	[011005, 011000, 011001, 011002, 011008, 011003, 011009]
10311	11	011005	011009	23	12.0	3.0	0,783	true	[011005, 011000, 011001, 011002, 011008, 011004, 011003, 011009]
10312	11	011005	011009	24	7.0	3.0	0,744	true	[011005, 011000, 011001, 011002, 011008, 011004, 011007, 011003, 011009]
10313	11	011005	011009	25	7.0	3.0	0,783	true	[011005, 011000, 011001, 011002, 011008, 011007, 011003, 011009]
10314	11	011005	011009	26	12.0	3.0	0,759	true	[011005, 011000, 011001, 011002, 011008, 011007, 011004, 011003, 011009]
10315	11	011005	011009	27	14.0	5.0	0,824	true	[011005, 011000, 011001, 011002, 011008, 011009]
10316	11	011005	011009	28	29.0	8.0	0,858	true	[011005, 011000, 011001, 011002, 011009]
10317	11	011005	011009	29	11.0	5.0	0,736	true	[011005, 011000, 011001, 011003, 011002, 011007, 011004, 011008, 011009]
10318	11	011005	011009	30	11.0	3.0	0,775	true	[011005, 011000, 011001, 011003, 011002, 011007, 011008, 011009]
10319	11	011005	011009	31	14.0	5.0	0,775	true	[011005, 011000, 011001, 011003, 011002, 011008, 011009]
10320	11	011005	011009	32	30.0	6.0	0,807	true	[011005, 011000, 011001, 011003, 011002, 011009]
10321	11	011005	011009	33	11.0	5.0	0,721	true	[011005, 011000, 011001, 011003, 011004, 011007, 011002, 011008, 011009]
10322	11	011005	011009	34	11.0	5.0	0,751	true	[011005, 011000, 011001, 011003, 011004, 011007, 011002, 011009]
10323	11	011005	011009	35	12.0	3.0	0,751	true	[011005, 011000, 011001, 011003, 011004, 011007, 011008, 011002, 011009]
10324	11	011005	011009	36	12.0	3.0	0,767	true	[011005, 011000, 011001, 011003, 011004, 011007, 011008, 011009]
10325	11	011005	011009	37	12.0	5.0	0,775	true	[011005, 011000, 011001, 011003, 011004, 011008, 011002, 011009]
10326	11	011005	011009	38	11.0	3.0	0,775	true	[011005, 011000, 011001, 011003, 011004, 011008, 011007, 011002, 011009]
10327	11	011005	011009	39	12.0	5.0	0,790	true	[011005, 011000, 011001, 011003, 011004, 011008, 011009]
10328	11	011005	011009	40	11.0	5.0	0,707	true	[011005, 011000, 011001, 011003, 011006, 011002, 011007, 011004, 011008, 011009]
10329	11	011005	011009	41	11.0	3.0	0,743	true	[011005, 011000, 011001, 011003, 011006, 011002, 011007, 011008, 011009]
10330	11	011005	011009	42	14.0	5.0	0,743	true	[011005, 011000, 011001, 011003, 011006, 011002, 011008, 011009]
10331	11	011005	011009	43	30.0	6.0	0,774	true	[011005, 011000, 011001, 011003, 011006, 011002, 011009]
10332	11	011005	011009	44	7.0	5.0	0,743	true	[011005, 011000, 011001, 011003, 011007, 011002, 011008, 011009]
10333	11	011005	011009	45	7.0	5.0	0,774	true	[011005, 011000, 011001, 011003, 011007, 011002, 011009]
10334	11	011005	011009	46	7.0	5.0	0,736	true	[011005, 011000, 011001, 011003, 011007, 011004, 011008, 011002, 011009]
10335	11	011005	011009	47	7.0	5.0	0,751	true	[011005, 011000, 011001, 011003, 011007, 011004, 011008, 011009]
10336	11	011005	011009	48	7.0	3.0	0,774	true	[011005, 011000, 011001, 011003, 011007, 011008, 011002, 011009]
10337	11	011005	011009	49	7.0	3.0	0,790	true	[011005, 011000, 011001, 011003, 011007, 011008, 011009]
10338	11	011005	011009	50	30.0	5.0	0,815	true	[011005, 011000, 011001, 011003, 011008, 011002, 011009]
10339	11	011005	011009	51	11.0	5.0	0,775	true	[011005, 011000, 011001, 011003, 011008, 011004, 011007, 011002, 011009]
10340	11	011005	011009	52	11.0	3.0	0,815	true	[011005, 011000, 011001, 011003, 011008, 011007, 011002, 011009]
10341	11	011005	011009	53	14.0	6.0	0,832	true	[011005, 011000, 011001, 011003, 011008, 011009]
10342	11	011005	011009	54	17.0	3.0	0,832	true	[011005, 011000, 011001, 011003, 011009]
10343	11	011005	011009	55	11.0	3.0	0,767	true	[011005, 011000, 011001, 011004, 011003, 011002, 011007, 011008, 011009]
10344	11	011005	011009	56	12.0	5.0	0,767	true	[011005, 011000, 011001, 011004, 011003, 011002, 011008, 011009]
10345	11	011005	011009	57	12.0	8.0	0,799	true	[011005, 011000, 011001, 011004, 011003, 011002, 011009]
10346	11	011005	011009	58	11.0	3.0	0,736	true	[011005, 011000, 011001, 011004, 011003, 011006, 011002, 011007, 011008, 011009]
10347	11	011005	011009	59	12.0	5.0	0,736	true	[011005, 011000, 011001, 011004, 011003, 011006, 011002, 011008, 011009]
10348	11	011005	011009	60	12.0	8.0	0,767	true	[011005, 011000, 011001, 011004, 011003, 011006, 011002, 011009]
10349	11	011005	011009	61	7.0	5.0	0,736	true	[011005, 011000, 011001, 011004, 011003, 011007, 011002, 011008, 011009]
10350	11	011005	011009	62	7.0	5.0	0,767	true	[011005, 011000, 011001, 011004, 011003, 011007, 011002, 011009]
10351	11	011005	011009	63	7.0	3.0	0,767	true	[011005, 011000, 011001, 011004, 011003, 011007, 011008, 011002, 011009]
10352	11	011005	011009	64	7.0	3.0	0,783	true	[011005, 011000, 011001, 011004, 011003, 011007, 011008, 011009]
10353	11	011005	011009	65	12.0	5.0	0,807	true	[011005, 011000, 011001, 011004, 011003, 011008, 011002, 011009]
10354	11	011005	011009	66	11.0	3.0	0,807	true	[011005, 011000, 011001, 011004, 011003, 011008, 011007, 011002, 011009]
10355	11	011005	011009	67	12.0	7.0	0,824	true	[011005, 011000, 011001, 011004, 011003, 011008, 011009]
10356	11	011005	011009	68	12.0	3.0	0,824	true	[011005, 011000, 011001, 011004, 011003, 011009]
10357	11	011005	011009	69	11.0	5.0	0,767	true	[011005, 011000, 011001, 011004, 011007, 011002, 011003, 011008, 011009]
10358	11	011005	011009	70	11.0	3.0	0,767	true	[011005, 011000, 011001, 011004, 011007, 011002, 011003, 011009]
10359	11	011005	011009	71	11.0	5.0	0,736	true	[011005, 011000, 011001, 011004, 011007, 011002, 011006, 011003, 011008, 011009]
10360	11	011005	011009	72	11.0	3.0	0,736	true	[011005, 011000, 011001, 011004, 011007, 011002, 011006, 011003, 011009]
10361	11	011005	011009	73	11.0	3.0	0,775	true	[011005, 011000, 011001, 011004, 011007, 011002, 011008, 011003, 011009]
10362	11	011005	011009	74	11.0	5.0	0,775	true	[011005, 011000, 011001, 011004, 011007, 011002, 011008, 011009]
10363	11	011005	011009	75	11.0	5.0	0,807	true	[011005, 011000, 011001, 011004, 011007, 011002, 011009]
10364	11	011005	011009	76	7.0	5.0	0,729	true	[011005, 011000, 011001, 011004, 011007, 011003, 011002, 011008, 011009]
10365	11	011005	011009	77	7.0	5.0	0,759	true	[011005, 011000, 011001, 011004, 011007, 011003, 011002, 011009]
10366	11	011005	011009	78	7.0	5.0	0,699	true	[011005, 011000, 011001, 011004, 011007, 011003, 011006, 011002, 011008, 011009]
10367	11	011005	011009	79	7.0	5.0	0,729	true	[011005, 011000, 011001, 011004, 011007, 011003, 011006, 011002, 011009]
10368	11	011005	011009	80	7.0	5.0	0,767	true	[011005, 011000, 011001, 011004, 011007, 011003, 011008, 011002, 011009]
10369	11	011005	011009	81	7.0	5.0	0,783	true	[011005, 011000, 011001, 011004, 011007, 011003, 011008, 011009]
10370	11	011005	011009	82	7.0	3.0	0,783	true	[011005, 011000, 011001, 011004, 011007, 011003, 011009]
10371	11	011005	011009	83	17.0	3.0	0,767	true	[011005, 011000, 011001, 011004, 011007, 011008, 011002, 011003, 011009]
10372	11	011005	011009	84	17.0	3.0	0,736	true	[011005, 011000, 011001, 011004, 011007, 011008, 011002, 011006, 011003, 011009]
10373	11	011005	011009	85	20.0	3.0	0,807	true	[011005, 011000, 011001, 011004, 011007, 011008, 011002, 011009]
10374	11	011005	011009	86	20.0	3.0	0,799	true	[011005, 011000, 011001, 011004, 011007, 011008, 011003, 011002, 011009]
10375	11	011005	011009	87	20.0	3.0	0,767	true	[011005, 011000, 011001, 011004, 011007, 011008, 011003, 011006, 011002, 011009]
10376	11	011005	011009	88	17.0	3.0	0,824	true	[011005, 011000, 011001, 011004, 011007, 011008, 011003, 011009]
10377	11	011005	011009	89	14.0	3.0	0,824	true	[011005, 011000, 011001, 011004, 011007, 011008, 011009]
10378	11	011005	011009	90	17.0	3.0	0,791	true	[011005, 011000, 011001, 011004, 011008, 011002, 011003, 011009]
10379	11	011005	011009	91	17.0	3.0	0,759	true	[011005, 011000, 011001, 011004, 011008, 011002, 011006, 011003, 011009]
10380	11	011005	011009	92	7.0	3.0	0,759	true	[011005, 011000, 011001, 011004, 011008, 011002, 011007, 011003, 011009]
10381	11	011005	011009	93	30.0	5.0	0,833	true	[011005, 011000, 011001, 011004, 011008, 011002, 011009]
10382	11	011005	011009	94	30.0	5.0	0,824	true	[011005, 011000, 011001, 011004, 011008, 011003, 011002, 011009]
10383	11	011005	011009	95	30.0	5.0	0,791	true	[011005, 011000, 011001, 011004, 011008, 011003, 011006, 011002, 011009]
10384	11	011005	011009	96	7.0	5.0	0,791	true	[011005, 011000, 011001, 011004, 011008, 011003, 011007, 011002, 011009]
10385	11	011005	011009	97	17.0	3.0	0,849	true	[011005, 011000, 011001, 011004, 011008, 011003, 011009]
10386	11	011005	011009	98	11.0	3.0	0,791	true	[011005, 011000, 011001, 011004, 011008, 011007, 011002, 011003, 011009]
10387	11	011005	011009	99	11.0	3.0	0,759	true	[011005, 011000, 011001, 011004, 011008, 011007, 011002, 011006, 011003, 011009]
10388	11	011005	011009	100	11.0	3.0	0,833	true	[011005, 011000, 011001, 011004, 011008, 011007, 011002, 011009]
10389	11	011005	011009	101	14.0	5.0	0,849	true	[011005, 011000, 011001, 011004, 011008, 011009]
10390	11	011005	011009	102	31.0	3.0	0,931	true	[011005, 011000, 011009]
10391	11	011005	011009	103	55.0	10.0	0,950	true	[011005, 011009]
10392	12	012008	012005	0	6.0	4.0	0,932	true	[012008, 012000, 012001, 012003, 012005]
10393	12	012008	012005	1	6.0	4.0	0,903	true	[012008, 012000, 012001, 012005]
10394	12	012008	012005	2	6.0	4.0	0,816	true	[012008, 012000, 012001, 012009, 012004, 012002, 012006, 012005]
10395	12	012008	012005	3	6.0	4.0	0,775	true	[012008, 012000, 012001, 012009, 012004, 012002, 012006, 012007, 012005]
10396	12	012008	012005	4	6.0	4.0	0,850	true	[012008, 012000, 012001, 012009, 012004, 012005]
10397	12	012008	012005	5	6.0	4.0	0,858	true	[012008, 012000, 012001, 012009, 012005]
10398	12	012008	012005	6	6.0	4.0	0,833	true	[012008, 012000, 012001, 012009, 012006, 012002, 012004, 012005]
10399	12	012008	012005	7	6.0	4.0	0,867	true	[012008, 012000, 012001, 012009, 012006, 012005]
10400	12	012008	012005	8	6.0	4.0	0,824	true	[012008, 012000, 012001, 012009, 012006, 012007, 012005]
10401	12	012008	012005	9	6.0	4.0	0,858	true	[012008, 012000, 012001, 012009, 012007, 012005]
10402	12	012008	012005	10	6.0	4.0	0,816	true	[012008, 012000, 012001, 012009, 012007, 012006, 012002, 012004, 012005]
10403	12	012008	012005	11	6.0	4.0	0,850	true	[012008, 012000, 012001, 012009, 012007, 012006, 012005]
10404	12	012008	012005	12	16.0	4.0	0,903	true	[012008, 012000, 012002, 012004, 012005]
10405	12	012008	012005	13	17.0	4.0	0,824	true	[012008, 012000, 012002, 012004, 012009, 012001, 012003, 012005]
10406	12	012008	012005	14	17.0	4.0	0,799	true	[012008, 012000, 012002, 012004, 012009, 012001, 012005]
10407	12	012008	012005	15	24.0	4.0	0,841	true	[012008, 012000, 012002, 012004, 012009, 012005]
10408	12	012008	012005	16	24.0	4.0	0,850	true	[012008, 012000, 012002, 012004, 012009, 012006, 012005]
10409	12	012008	012005	17	24.0	4.0	0,808	true	[012008, 012000, 012002, 012004, 012009, 012006, 012007, 012005]
10410	12	012008	012005	18	24.0	4.0	0,841	true	[012008, 012000, 012002, 012004, 012009, 012007, 012005]
10411	12	012008	012005	19	24.0	4.0	0,833	true	[012008, 012000, 012002, 012004, 012009, 012007, 012006, 012005]
10412	12	012008	012005	20	19.0	4.0	0,941	true	[012008, 012000, 012002, 012006, 012005]
10413	12	012008	012005	21	19.0	4.0	0,894	true	[012008, 012000, 012002, 012006, 012007, 012005]
10414	12	012008	012005	22	17.0	4.0	0,859	true	[012008, 012000, 012002, 012006, 012007, 012009, 012001, 012003, 012005]
10415	12	012008	012005	23	17.0	4.0	0,832	true	[012008, 012000, 012002, 012006, 012007, 012009, 012001, 012005]
10416	12	012008	012005	24	16.0	4.0	0,868	true	[012008, 012000, 012002, 012006, 012007, 012009, 012004, 012005]
10417	12	012008	012005	25	19.0	4.0	0,876	true	[012008, 012000, 012002, 012006, 012007, 012009, 012005]
10418	12	012008	012005	26	17.0	4.0	0,876	true	[012008, 012000, 012002, 012006, 012009, 012001, 012003, 012005]
10419	12	012008	012005	27	17.0	4.0	0,849	true	[012008, 012000, 012002, 012006, 012009, 012001, 012005]
10420	12	012008	012005	28	16.0	4.0	0,885	true	[012008, 012000, 012002, 012006, 012009, 012004, 012005]
10421	12	012008	012005	29	19.0	4.0	0,894	true	[012008, 012000, 012002, 012006, 012009, 012005]
10422	12	012008	012005	30	19.0	4.0	0,894	true	[012008, 012000, 012002, 012006, 012009, 012007, 012005]
10423	12	012008	012005	31	30.0	4.0	0,894	true	[012008, 012000, 012003, 012001, 012005]
10424	12	012008	012005	32	17.0	4.0	0,807	true	[012008, 012000, 012003, 012001, 012009, 012004, 012002, 012006, 012005]
10425	12	012008	012005	33	17.0	4.0	0,767	true	[012008, 012000, 012003, 012001, 012009, 012004, 012002, 012006, 012007, 012005]
10426	12	012008	012005	34	16.0	4.0	0,841	true	[012008, 012000, 012003, 012001, 012009, 012004, 012005]
10427	12	012008	012005	35	17.0	4.0	0,849	true	[012008, 012000, 012003, 012001, 012009, 012005]
10428	12	012008	012005	36	16.0	4.0	0,824	true	[012008, 012000, 012003, 012001, 012009, 012006, 012002, 012004, 012005]
10429	12	012008	012005	37	17.0	4.0	0,859	true	[012008, 012000, 012003, 012001, 012009, 012006, 012005]
10430	12	012008	012005	38	17.0	4.0	0,816	true	[012008, 012000, 012003, 012001, 012009, 012006, 012007, 012005]
10431	12	012008	012005	39	17.0	4.0	0,850	true	[012008, 012000, 012003, 012001, 012009, 012007, 012005]
10432	12	012008	012005	40	16.0	4.0	0,808	true	[012008, 012000, 012003, 012001, 012009, 012007, 012006, 012002, 012004, 012005]
10433	12	012008	012005	41	17.0	4.0	0,841	true	[012008, 012000, 012003, 012001, 012009, 012007, 012006, 012005]
10434	12	012008	012005	42	35.0	4.0	0,960	true	[012008, 012000, 012003, 012005]
10435	12	012008	012005	43	21.0	4.0	0,903	true	[012008, 012000, 012007, 012005]
10436	12	012008	012005	44	16.0	4.0	0,859	true	[012008, 012000, 012007, 012006, 012002, 012004, 012005]
10437	12	012008	012005	45	17.0	4.0	0,783	true	[012008, 012000, 012007, 012006, 012002, 012004, 012009, 012001, 012003, 012005]
10438	12	012008	012005	46	17.0	4.0	0,759	true	[012008, 012000, 012007, 012006, 012002, 012004, 012009, 012001, 012005]
10439	12	012008	012005	47	19.0	4.0	0,799	true	[012008, 012000, 012007, 012006, 012002, 012004, 012009, 012005]
10440	12	012008	012005	48	21.0	4.0	0,894	true	[012008, 012000, 012007, 012006, 012005]
10441	12	012008	012005	49	17.0	4.0	0,833	true	[012008, 012000, 012007, 012006, 012009, 012001, 012003, 012005]
10442	12	012008	012005	50	17.0	4.0	0,807	true	[012008, 012000, 012007, 012006, 012009, 012001, 012005]
10443	12	012008	012005	51	16.0	4.0	0,841	true	[012008, 012000, 012007, 012006, 012009, 012004, 012005]
10444	12	012008	012005	52	21.0	4.0	0,850	true	[012008, 012000, 012007, 012006, 012009, 012005]
10445	12	012008	012005	53	17.0	4.0	0,867	true	[012008, 012000, 012007, 012009, 012001, 012003, 012005]
10446	12	012008	012005	54	17.0	4.0	0,841	true	[012008, 012000, 012007, 012009, 012001, 012005]
10447	12	012008	012005	55	19.0	4.0	0,841	true	[012008, 012000, 012007, 012009, 012004, 012002, 012006, 012005]
10448	12	012008	012005	56	16.0	4.0	0,876	true	[012008, 012000, 012007, 012009, 012004, 012005]
10449	12	012008	012005	57	21.0	4.0	0,885	true	[012008, 012000, 012007, 012009, 012005]
10450	12	012008	012005	58	16.0	4.0	0,859	true	[012008, 012000, 012007, 012009, 012006, 012002, 012004, 012005]
10451	12	012008	012005	59	21.0	4.0	0,895	true	[012008, 012000, 012007, 012009, 012006, 012005]
10452	12	012008	012005	60	17.0	4.0	0,885	true	[012008, 012000, 012009, 012001, 012003, 012005]
10453	12	012008	012005	61	17.0	4.0	0,858	true	[012008, 012000, 012009, 012001, 012005]
10454	12	012008	012005	62	19.0	4.0	0,859	true	[012008, 012000, 012009, 012004, 012002, 012006, 012005]
10455	12	012008	012005	63	19.0	4.0	0,816	true	[012008, 012000, 012009, 012004, 012002, 012006, 012007, 012005]
10456	12	012008	012005	64	16.0	4.0	0,894	true	[012008, 012000, 012009, 012004, 012005]
10457	12	012008	012005	65	54.0	4.0	0,903	true	[012008, 012000, 012009, 012005]
10458	12	012008	012005	66	16.0	4.0	0,876	true	[012008, 012000, 012009, 012006, 012002, 012004, 012005]
10459	12	012008	012005	67	56.0	4.0	0,913	true	[012008, 012000, 012009, 012006, 012005]
10460	12	012008	012005	68	38.0	4.0	0,867	true	[012008, 012000, 012009, 012006, 012007, 012005]
10461	12	012008	012005	69	38.0	4.0	0,903	true	[012008, 012000, 012009, 012007, 012005]
10462	12	012008	012005	70	16.0	4.0	0,859	true	[012008, 012000, 012009, 012007, 012006, 012002, 012004, 012005]
10463	12	012008	012005	71	56.0	4.0	0,895	true	[012008, 012000, 012009, 012007, 012006, 012005]
10464	12	012008	012005	72	6.0	5.0	0,904	true	[012008, 012001, 012000, 012002, 012004, 012005]
10465	12	012008	012005	73	6.0	5.0	0,841	true	[012008, 012001, 012000, 012002, 012004, 012009, 012005]
10466	12	012008	012005	74	6.0	5.0	0,850	true	[012008, 012001, 012000, 012002, 012004, 012009, 012006, 012005]
10467	12	012008	012005	75	6.0	5.0	0,808	true	[012008, 012001, 012000, 012002, 012004, 012009, 012006, 012007, 012005]
10468	12	012008	012005	76	6.0	5.0	0,841	true	[012008, 012001, 012000, 012002, 012004, 012009, 012007, 012005]
10469	12	012008	012005	77	6.0	5.0	0,833	true	[012008, 012001, 012000, 012002, 012004, 012009, 012007, 012006, 012005]
10470	12	012008	012005	78	6.0	5.0	0,941	true	[012008, 012001, 012000, 012002, 012006, 012005]
10471	12	012008	012005	79	6.0	5.0	0,894	true	[012008, 012001, 012000, 012002, 012006, 012007, 012005]
10472	12	012008	012005	80	6.0	5.0	0,868	true	[012008, 012001, 012000, 012002, 012006, 012007, 012009, 012004, 012005]
10473	12	012008	012005	81	6.0	5.0	0,876	true	[012008, 012001, 012000, 012002, 012006, 012007, 012009, 012005]
10474	12	012008	012005	82	6.0	5.0	0,886	true	[012008, 012001, 012000, 012002, 012006, 012009, 012004, 012005]
10475	12	012008	012005	83	6.0	5.0	0,894	true	[012008, 012001, 012000, 012002, 012006, 012009, 012005]
10476	12	012008	012005	84	6.0	5.0	0,895	true	[012008, 012001, 012000, 012002, 012006, 012009, 012007, 012005]
10477	12	012008	012005	85	6.0	5.0	0,960	true	[012008, 012001, 012000, 012003, 012005]
10478	12	012008	012005	86	6.0	4.0	0,903	true	[012008, 012001, 012000, 012007, 012005]
10479	12	012008	012005	87	6.0	4.0	0,859	true	[012008, 012001, 012000, 012007, 012006, 012002, 012004, 012005]
10480	12	012008	012005	88	6.0	4.0	0,799	true	[012008, 012001, 012000, 012007, 012006, 012002, 012004, 012009, 012005]
10481	12	012008	012005	89	6.0	4.0	0,895	true	[012008, 012001, 012000, 012007, 012006, 012005]
10482	12	012008	012005	90	6.0	4.0	0,842	true	[012008, 012001, 012000, 012007, 012006, 012009, 012004, 012005]
10483	12	012008	012005	91	6.0	4.0	0,850	true	[012008, 012001, 012000, 012007, 012006, 012009, 012005]
10484	12	012008	012005	92	6.0	4.0	0,841	true	[012008, 012001, 012000, 012007, 012009, 012004, 012002, 012006, 012005]
10485	12	012008	012005	93	6.0	4.0	0,877	true	[012008, 012001, 012000, 012007, 012009, 012004, 012005]
10486	12	012008	012005	94	6.0	4.0	0,885	true	[012008, 012001, 012000, 012007, 012009, 012005]
10487	12	012008	012005	95	6.0	4.0	0,859	true	[012008, 012001, 012000, 012007, 012009, 012006, 012002, 012004, 012005]
10488	12	012008	012005	96	6.0	4.0	0,895	true	[012008, 012001, 012000, 012007, 012009, 012006, 012005]
10489	12	012008	012005	97	6.0	5.0	0,859	true	[012008, 012001, 012000, 012009, 012004, 012002, 012006, 012005]
10490	12	012008	012005	98	6.0	5.0	0,816	true	[012008, 012001, 012000, 012009, 012004, 012002, 012006, 012007, 012005]
10491	12	012008	012005	99	6.0	5.0	0,895	true	[012008, 012001, 012000, 012009, 012004, 012005]
10492	12	012008	012005	100	6.0	5.0	0,903	true	[012008, 012001, 012000, 012009, 012005]
10493	12	012008	012005	101	27.0	6.0	0,941	true	[012008, 012001, 012005]
10494	12	012008	012005	102	15.0	3.0	0,990	true	[012008, 012005]
10495	13	013001	013000	0	54.0	6.0	0,990	true	[013001, 013000]
10496	13	013001	013000	1	11.0	3.0	0,941	true	[013001, 013002, 013000]
10497	13	013001	013000	2	16.0	4.0	0,885	true	[013001, 013002, 013003, 013005, 013006, 013004, 013000]
10498	13	013001	013000	3	16.0	4.0	0,850	true	[013001, 013002, 013003, 013005, 013006, 013004, 013007, 013000]
10499	13	013001	013000	4	5.0	3.0	0,859	true	[013001, 013002, 013003, 013005, 013006, 013004, 013007, 013008, 013000]
10500	13	013001	013000	5	9.0	3.0	0,833	true	[013001, 013002, 013003, 013005, 013006, 013004, 013007, 013008, 013009, 013000]
10501	13	013001	013000	6	16.0	4.0	0,850	true	[013001, 013002, 013003, 013005, 013006, 013004, 013007, 013009, 013000]
10502	13	013001	013000	7	5.0	4.0	0,876	true	[013001, 013002, 013003, 013005, 013006, 013004, 013007, 013009, 013008, 013000]
10503	13	013001	013000	8	5.0	4.0	0,876	true	[013001, 013002, 013003, 013005, 013006, 013004, 013008, 013000]
10504	13	013001	013000	9	16.0	3.0	0,833	true	[013001, 013002, 013003, 013005, 013006, 013004, 013008, 013007, 013000]
10505	13	013001	013000	10	16.0	3.0	0,833	true	[013001, 013002, 013003, 013005, 013006, 013004, 013008, 013007, 013009, 013000]
10506	13	013001	013000	11	9.0	4.0	0,850	true	[013001, 013002, 013003, 013005, 013006, 013004, 013008, 013009, 013000]
10507	13	013001	013000	12	9.0	4.0	0,850	true	[013001, 013002, 013003, 013005, 013006, 013004, 013008, 013009, 013007, 013000]
10508	13	013001	013000	13	16.0	4.0	0,841	true	[013001, 013002, 013003, 013005, 013006, 013007, 013000]
10509	13	013001	013000	14	16.0	4.0	0,841	true	[013001, 013002, 013003, 013005, 013006, 013007, 013004, 013000]
10510	13	013001	013000	15	5.0	4.0	0,832	true	[013001, 013002, 013003, 013005, 013006, 013007, 013004, 013008, 013000]
10511	13	013001	013000	16	9.0	4.0	0,807	true	[013001, 013002, 013003, 013005, 013006, 013007, 013004, 013008, 013009, 013000]
10512	13	013001	013000	17	5.0	3.0	0,849	true	[013001, 013002, 013003, 013005, 013006, 013007, 013008, 013000]
10513	13	013001	013000	18	16.0	3.0	0,824	true	[013001, 013002, 013003, 013005, 013006, 013007, 013008, 013004, 013000]
10514	13	013001	013000	19	9.0	3.0	0,824	true	[013001, 013002, 013003, 013005, 013006, 013007, 013008, 013009, 013000]
10515	13	013001	013000	20	16.0	4.0	0,841	true	[013001, 013002, 013003, 013005, 013006, 013007, 013009, 013000]
10516	13	013001	013000	21	5.0	4.0	0,867	true	[013001, 013002, 013003, 013005, 013006, 013007, 013009, 013008, 013000]
10517	13	013001	013000	22	9.0	4.0	0,841	true	[013001, 013002, 013003, 013005, 013006, 013007, 013009, 013008, 013004, 013000]
10518	13	013001	013000	23	5.0	4.0	0,867	true	[013001, 013002, 013003, 013005, 013006, 013008, 013000]
10519	13	013001	013000	24	16.0	4.0	0,841	true	[013001, 013002, 013003, 013005, 013006, 013008, 013004, 013000]
10520	13	013001	013000	25	16.0	4.0	0,807	true	[013001, 013002, 013003, 013005, 013006, 013008, 013004, 013007, 013000]
10521	13	013001	013000	26	16.0	4.0	0,807	true	[013001, 013002, 013003, 013005, 013006, 013008, 013004, 013007, 013009, 013000]
10522	13	013001	013000	27	16.0	3.0	0,824	true	[013001, 013002, 013003, 013005, 013006, 013008, 013007, 013000]
10523	13	013001	013000	28	16.0	3.0	0,824	true	[013001, 013002, 013003, 013005, 013006, 013008, 013007, 013004, 013000]
10524	13	013001	013000	29	16.0	3.0	0,824	true	[013001, 013002, 013003, 013005, 013006, 013008, 013007, 013009, 013000]
10525	13	013001	013000	30	9.0	4.0	0,841	true	[013001, 013002, 013003, 013005, 013006, 013008, 013009, 013000]
10526	13	013001	013000	31	9.0	4.0	0,841	true	[013001, 013002, 013003, 013005, 013006, 013008, 013009, 013007, 013000]
10527	13	013001	013000	32	9.0	4.0	0,841	true	[013001, 013002, 013003, 013005, 013006, 013008, 013009, 013007, 013004, 013000]
10528	13	013001	013000	33	16.0	4.0	0,867	true	[013001, 013002, 013003, 013005, 013006, 013009, 013000]
10529	13	013001	013000	34	16.0	4.0	0,867	true	[013001, 013002, 013003, 013005, 013006, 013009, 013007, 013000]
10530	13	013001	013000	35	16.0	4.0	0,867	true	[013001, 013002, 013003, 013005, 013006, 013009, 013007, 013004, 013000]
10531	13	013001	013000	36	5.0	4.0	0,859	true	[013001, 013002, 013003, 013005, 013006, 013009, 013007, 013004, 013008, 013000]
10532	13	013001	013000	37	5.0	3.0	0,876	true	[013001, 013002, 013003, 013005, 013006, 013009, 013007, 013008, 013000]
10533	13	013001	013000	38	16.0	3.0	0,850	true	[013001, 013002, 013003, 013005, 013006, 013009, 013007, 013008, 013004, 013000]
10534	13	013001	013000	39	5.0	4.0	0,894	true	[013001, 013002, 013003, 013005, 013006, 013009, 013008, 013000]
10535	13	013001	013000	40	9.0	4.0	0,867	true	[013001, 013002, 013003, 013005, 013006, 013009, 013008, 013004, 013000]
10536	13	013001	013000	41	9.0	4.0	0,833	true	[013001, 013002, 013003, 013005, 013006, 013009, 013008, 013004, 013007, 013000]
10537	13	013001	013000	42	9.0	3.0	0,850	true	[013001, 013002, 013003, 013005, 013006, 013009, 013008, 013007, 013000]
10538	13	013001	013000	43	9.0	3.0	0,850	true	[013001, 013002, 013003, 013005, 013006, 013009, 013008, 013007, 013004, 013000]
10539	13	013001	013000	44	16.0	4.0	0,850	true	[013001, 013002, 013003, 013005, 013007, 013000]
10540	13	013001	013000	45	16.0	4.0	0,850	true	[013001, 013002, 013003, 013005, 013007, 013004, 013000]
10541	13	013001	013000	46	5.0	4.0	0,799	true	[013001, 013002, 013003, 013005, 013007, 013004, 013006, 013008, 013000]
10542	13	013001	013000	47	9.0	4.0	0,775	true	[013001, 013002, 013003, 013005, 013007, 013004, 013006, 013008, 013009, 013000]
10543	13	013001	013000	48	16.0	4.0	0,800	true	[013001, 013002, 013003, 013005, 013007, 013004, 013006, 013009, 013000]
10544	13	013001	013000	49	5.0	4.0	0,824	true	[013001, 013002, 013003, 013005, 013007, 013004, 013006, 013009, 013008, 013000]
10545	13	013001	013000	50	5.0	4.0	0,841	true	[013001, 013002, 013003, 013005, 013007, 013004, 013008, 013000]
10546	13	013001	013000	51	16.0	4.0	0,760	true	[013001, 013002, 013003, 013005, 013007, 013004, 013008, 013006, 013009, 013000]
10547	13	013001	013000	52	9.0	4.0	0,816	true	[013001, 013002, 013003, 013005, 013007, 013004, 013008, 013009, 013000]
10548	13	013001	013000	53	16.0	4.0	0,807	true	[013001, 013002, 013003, 013005, 013007, 013006, 013004, 013000]
10549	13	013001	013000	54	5.0	4.0	0,799	true	[013001, 013002, 013003, 013005, 013007, 013006, 013004, 013008, 013000]
10550	13	013001	013000	55	9.0	4.0	0,775	true	[013001, 013002, 013003, 013005, 013007, 013006, 013004, 013008, 013009, 013000]
10551	13	013001	013000	56	5.0	4.0	0,790	true	[013001, 013002, 013003, 013005, 013007, 013006, 013008, 013000]
10552	13	013001	013000	57	16.0	4.0	0,767	true	[013001, 013002, 013003, 013005, 013007, 013006, 013008, 013004, 013000]
10553	13	013001	013000	58	9.0	4.0	0,767	true	[013001, 013002, 013003, 013005, 013007, 013006, 013008, 013009, 013000]
10554	13	013001	013000	59	16.0	4.0	0,791	true	[013001, 013002, 013003, 013005, 013007, 013006, 013009, 013000]
10555	13	013001	013000	60	5.0	4.0	0,815	true	[013001, 013002, 013003, 013005, 013007, 013006, 013009, 013008, 013000]
10556	13	013001	013000	61	9.0	4.0	0,791	true	[013001, 013002, 013003, 013005, 013007, 013006, 013009, 013008, 013004, 013000]
10557	13	013001	013000	62	5.0	3.0	0,858	true	[013001, 013002, 013003, 013005, 013007, 013008, 013000]
10558	13	013001	013000	63	16.0	3.0	0,833	true	[013001, 013002, 013003, 013005, 013007, 013008, 013004, 013000]
10559	13	013001	013000	64	16.0	3.0	0,784	true	[013001, 013002, 013003, 013005, 013007, 013008, 013004, 013006, 013009, 013000]
10560	13	013001	013000	65	16.0	3.0	0,791	true	[013001, 013002, 013003, 013005, 013007, 013008, 013006, 013004, 013000]
10561	13	013001	013000	66	16.0	3.0	0,775	true	[013001, 013002, 013003, 013005, 013007, 013008, 013006, 013009, 013000]
10562	13	013001	013000	67	9.0	3.0	0,833	true	[013001, 013002, 013003, 013005, 013007, 013008, 013009, 013000]
10563	13	013001	013000	68	9.0	3.0	0,816	true	[013001, 013002, 013003, 013005, 013007, 013008, 013009, 013006, 013004, 013000]
10564	13	013001	013000	69	16.0	4.0	0,850	true	[013001, 013002, 013003, 013005, 013007, 013009, 013000]
10565	13	013001	013000	70	16.0	4.0	0,833	true	[013001, 013002, 013003, 013005, 013007, 013009, 013006, 013004, 013000]
10566	13	013001	013000	71	5.0	4.0	0,824	true	[013001, 013002, 013003, 013005, 013007, 013009, 013006, 013004, 013008, 013000]
10567	13	013001	013000	72	5.0	4.0	0,815	true	[013001, 013002, 013003, 013005, 013007, 013009, 013006, 013008, 013000]
10568	13	013001	013000	73	16.0	4.0	0,791	true	[013001, 013002, 013003, 013005, 013007, 013009, 013006, 013008, 013004, 013000]
10569	13	013001	013000	74	5.0	4.0	0,876	true	[013001, 013002, 013003, 013005, 013007, 013009, 013008, 013000]
10570	13	013001	013000	75	9.0	4.0	0,850	true	[013001, 013002, 013003, 013005, 013007, 013009, 013008, 013004, 013000]
10571	13	013001	013000	76	9.0	4.0	0,807	true	[013001, 013002, 013003, 013005, 013007, 013009, 013008, 013006, 013004, 013000]
10572	13	013001	013000	77	5.0	3.0	0,885	true	[013001, 013002, 013003, 013005, 013008, 013000]
10573	13	013001	013000	78	16.0	3.0	0,859	true	[013001, 013002, 013003, 013005, 013008, 013004, 013000]
10574	13	013001	013000	79	16.0	3.0	0,783	true	[013001, 013002, 013003, 013005, 013008, 013004, 013006, 013007, 013000]
10575	13	013001	013000	80	16.0	3.0	0,783	true	[013001, 013002, 013003, 013005, 013008, 013004, 013006, 013007, 013009, 013000]
10576	13	013001	013000	81	16.0	3.0	0,808	true	[013001, 013002, 013003, 013005, 013008, 013004, 013006, 013009, 013000]
10577	13	013001	013000	82	16.0	3.0	0,808	true	[013001, 013002, 013003, 013005, 013008, 013004, 013006, 013009, 013007, 013000]
10578	13	013001	013000	83	16.0	3.0	0,824	true	[013001, 013002, 013003, 013005, 013008, 013004, 013007, 013000]
10579	13	013001	013000	84	16.0	3.0	0,768	true	[013001, 013002, 013003, 013005, 013008, 013004, 013007, 013006, 013009, 013000]
10580	13	013001	013000	85	16.0	3.0	0,824	true	[013001, 013002, 013003, 013005, 013008, 013004, 013007, 013009, 013000]
10581	13	013001	013000	86	16.0	3.0	0,816	true	[013001, 013002, 013003, 013005, 013008, 013006, 013004, 013000]
10582	13	013001	013000	87	16.0	3.0	0,783	true	[013001, 013002, 013003, 013005, 013008, 013006, 013004, 013007, 013000]
10583	13	013001	013000	88	16.0	3.0	0,783	true	[013001, 013002, 013003, 013005, 013008, 013006, 013004, 013007, 013009, 013000]
10584	13	013001	013000	89	16.0	3.0	0,775	true	[013001, 013002, 013003, 013005, 013008, 013006, 013007, 013000]
10585	13	013001	013000	90	16.0	3.0	0,775	true	[013001, 013002, 013003, 013005, 013008, 013006, 013007, 013004, 013000]
10586	13	013001	013000	91	16.0	3.0	0,775	true	[013001, 013002, 013003, 013005, 013008, 013006, 013007, 013009, 013000]
10587	13	013001	013000	92	16.0	3.0	0,799	true	[013001, 013002, 013003, 013005, 013008, 013006, 013009, 013000]
10588	13	013001	013000	93	16.0	3.0	0,799	true	[013001, 013002, 013003, 013005, 013008, 013006, 013009, 013007, 013000]
10589	13	013001	013000	94	16.0	3.0	0,799	true	[013001, 013002, 013003, 013005, 013008, 013006, 013009, 013007, 013004, 013000]
10590	13	013001	013000	95	16.0	3.0	0,841	true	[013001, 013002, 013003, 013005, 013008, 013007, 013000]
10591	13	013001	013000	96	16.0	3.0	0,841	true	[013001, 013002, 013003, 013005, 013008, 013007, 013004, 013000]
10592	13	013001	013000	97	16.0	3.0	0,792	true	[013001, 013002, 013003, 013005, 013008, 013007, 013004, 013006, 013009, 013000]
10593	13	013001	013000	98	16.0	3.0	0,799	true	[013001, 013002, 013003, 013005, 013008, 013007, 013006, 013004, 013000]
10594	13	013001	013000	99	16.0	3.0	0,783	true	[013001, 013002, 013003, 013005, 013008, 013007, 013006, 013009, 013000]
10595	13	013001	013000	100	16.0	3.0	0,841	true	[013001, 013002, 013003, 013005, 013008, 013007, 013009, 013000]
10596	14	014004	014002	0	43.0	6.0	0,970	true	[014004, 014002]
10597	14	014004	014002	1	7.0	8.0	0,951	true	[014004, 014005, 014002]
10598	14	014004	014002	2	13.0	4.0	0,815	true	[014004, 014005, 014003, 014000, 014001, 014006, 014002]
10599	14	014004	014002	3	13.0	4.0	0,775	true	[014004, 014005, 014003, 014000, 014001, 014006, 014007, 014002]
10600	14	014004	014002	4	13.0	4.0	0,721	true	[014004, 014005, 014003, 014000, 014001, 014006, 014007, 014008, 014002]
10601	14	014004	014002	5	13.0	4.0	0,767	true	[014004, 014005, 014003, 014000, 014001, 014006, 014008, 014002]
10602	14	014004	014002	6	13.0	4.0	0,744	true	[014004, 014005, 014003, 014000, 014001, 014006, 014008, 014007, 014002]
10603	14	014004	014002	7	13.0	3.0	0,807	true	[014004, 014005, 014003, 014000, 014001, 014007, 014002]
10604	14	014004	014002	8	13.0	3.0	0,767	true	[014004, 014005, 014003, 014000, 014001, 014007, 014006, 014002]
10605	14	014004	014002	9	13.0	3.0	0,721	true	[014004, 014005, 014003, 014000, 014001, 014007, 014006, 014008, 014002]
10606	14	014004	014002	10	13.0	3.0	0,751	true	[014004, 014005, 014003, 014000, 014001, 014007, 014008, 014002]
10607	14	014004	014002	11	13.0	3.0	0,736	true	[014004, 014005, 014003, 014000, 014001, 014007, 014008, 014006, 014002]
10608	14	014004	014002	12	13.0	4.0	0,807	true	[014004, 014005, 014003, 014000, 014001, 014008, 014002]
10609	14	014004	014002	13	13.0	4.0	0,791	true	[014004, 014005, 014003, 014000, 014001, 014008, 014006, 014002]
10610	14	014004	014002	14	13.0	4.0	0,751	true	[014004, 014005, 014003, 014000, 014001, 014008, 014006, 014007, 014002]
10611	14	014004	014002	15	13.0	4.0	0,782	true	[014004, 014005, 014003, 014000, 014001, 014008, 014007, 014002]
10612	14	014004	014002	16	13.0	4.0	0,743	true	[014004, 014005, 014003, 014000, 014001, 014008, 014007, 014006, 014002]
10613	14	014004	014002	17	13.0	4.0	0,807	true	[014004, 014005, 014003, 014000, 014001, 014009, 014002]
10614	14	014004	014002	18	13.0	3.0	0,807	true	[014004, 014005, 014003, 014000, 014006, 014001, 014007, 014002]
10615	14	014004	014002	19	13.0	3.0	0,751	true	[014004, 014005, 014003, 014000, 014006, 014001, 014007, 014008, 014002]
10616	14	014004	014002	20	13.0	7.0	0,807	true	[014004, 014005, 014003, 014000, 014006, 014001, 014008, 014002]
10617	14	014004	014002	21	13.0	4.0	0,783	true	[014004, 014005, 014003, 014000, 014006, 014001, 014008, 014007, 014002]
10618	14	014004	014002	22	13.0	5.0	0,807	true	[014004, 014005, 014003, 014000, 014006, 014001, 014009, 014002]
10619	14	014004	014002	23	13.0	8.0	0,832	true	[014004, 014005, 014003, 014000, 014006, 014002]
10620	14	014004	014002	24	13.0	3.0	0,759	true	[014004, 014005, 014003, 014000, 014006, 014007, 014001, 014008, 014002]
10621	14	014004	014002	25	13.0	3.0	0,759	true	[014004, 014005, 014003, 014000, 014006, 014007, 014001, 014009, 014002]
10622	14	014004	014002	26	13.0	4.0	0,791	true	[014004, 014005, 014003, 014000, 014006, 014007, 014002]
10623	14	014004	014002	27	13.0	4.0	0,736	true	[014004, 014005, 014003, 014000, 014006, 014007, 014008, 014001, 014009, 014002]
10624	14	014004	014002	28	13.0	4.0	0,736	true	[014004, 014005, 014003, 014000, 014006, 014007, 014008, 014002]
10625	14	014004	014002	29	13.0	3.0	0,783	true	[014004, 014005, 014003, 014000, 014006, 014008, 014001, 014007, 014002]
10626	14	014004	014002	30	13.0	5.0	0,783	true	[014004, 014005, 014003, 014000, 014006, 014008, 014001, 014009, 014002]
10627	14	014004	014002	31	13.0	8.0	0,783	true	[014004, 014005, 014003, 014000, 014006, 014008, 014002]
10628	14	014004	014002	32	13.0	3.0	0,729	true	[014004, 014005, 014003, 014000, 014006, 014008, 014007, 014001, 014009, 014002]
10629	14	014004	014002	33	13.0	4.0	0,759	true	[014004, 014005, 014003, 014000, 014006, 014008, 014007, 014002]
10630	14	014004	014002	34	13.0	6.0	0,824	true	[014004, 014005, 014003, 014000, 014008, 014001, 014006, 014002]
10631	14	014004	014002	35	13.0	4.0	0,783	true	[014004, 014005, 014003, 014000, 014008, 014001, 014006, 014007, 014002]
10632	14	014004	014002	36	13.0	3.0	0,816	true	[014004, 014005, 014003, 014000, 014008, 014001, 014007, 014002]
10633	14	014004	014002	37	13.0	3.0	0,775	true	[014004, 014005, 014003, 014000, 014008, 014001, 014007, 014006, 014002]
10634	14	014004	014002	38	13.0	5.0	0,815	true	[014004, 014005, 014003, 014000, 014008, 014001, 014009, 014002]
10635	14	014004	014002	39	13.0	6.0	0,815	true	[014004, 014005, 014003, 014000, 014008, 014002]
10636	14	014004	014002	40	13.0	3.0	0,775	true	[014004, 014005, 014003, 014000, 014008, 014006, 014001, 014007, 014002]
10637	14	014004	014002	41	13.0	5.0	0,775	true	[014004, 014005, 014003, 014000, 014008, 014006, 014001, 014009, 014002]
10638	14	014004	014002	42	13.0	6.0	0,799	true	[014004, 014005, 014003, 014000, 014008, 014006, 014002]
10639	14	014004	014002	43	13.0	3.0	0,729	true	[014004, 014005, 014003, 014000, 014008, 014006, 014007, 014001, 014009, 014002]
10640	14	014004	014002	44	13.0	4.0	0,759	true	[014004, 014005, 014003, 014000, 014008, 014006, 014007, 014002]
10641	14	014004	014002	45	13.0	3.0	0,767	true	[014004, 014005, 014003, 014000, 014008, 014007, 014001, 014006, 014002]
10642	14	014004	014002	46	13.0	3.0	0,759	true	[014004, 014005, 014003, 014000, 014008, 014007, 014001, 014009, 014002]
10643	14	014004	014002	47	13.0	4.0	0,791	true	[014004, 014005, 014003, 014000, 014008, 014007, 014002]
10644	14	014004	014002	48	13.0	4.0	0,728	true	[014004, 014005, 014003, 014000, 014008, 014007, 014006, 014001, 014009, 014002]
10645	14	014004	014002	49	13.0	4.0	0,751	true	[014004, 014005, 014003, 014000, 014008, 014007, 014006, 014002]
10646	14	014004	014002	50	13.0	3.0	0,824	true	[014004, 014005, 014003, 014000, 014009, 014001, 014006, 014002]
10647	14	014004	014002	51	13.0	3.0	0,783	true	[014004, 014005, 014003, 014000, 014009, 014001, 014006, 014007, 014002]
10648	14	014004	014002	52	13.0	3.0	0,728	true	[014004, 014005, 014003, 014000, 014009, 014001, 014006, 014007, 014008, 014002]
10649	14	014004	014002	53	13.0	3.0	0,775	true	[014004, 014005, 014003, 014000, 014009, 014001, 014006, 014008, 014002]
10650	14	014004	014002	54	13.0	3.0	0,751	true	[014004, 014005, 014003, 014000, 014009, 014001, 014006, 014008, 014007, 014002]
10651	14	014004	014002	55	13.0	3.0	0,816	true	[014004, 014005, 014003, 014000, 014009, 014001, 014007, 014002]
10652	14	014004	014002	56	13.0	3.0	0,775	true	[014004, 014005, 014003, 014000, 014009, 014001, 014007, 014006, 014002]
10653	14	014004	014002	57	13.0	3.0	0,729	true	[014004, 014005, 014003, 014000, 014009, 014001, 014007, 014006, 014008, 014002]
10654	14	014004	014002	58	13.0	3.0	0,759	true	[014004, 014005, 014003, 014000, 014009, 014001, 014007, 014008, 014002]
10655	14	014004	014002	59	13.0	3.0	0,744	true	[014004, 014005, 014003, 014000, 014009, 014001, 014007, 014008, 014006, 014002]
10656	14	014004	014002	60	13.0	3.0	0,815	true	[014004, 014005, 014003, 014000, 014009, 014001, 014008, 014002]
10657	14	014004	014002	61	13.0	3.0	0,799	true	[014004, 014005, 014003, 014000, 014009, 014001, 014008, 014006, 014002]
10658	14	014004	014002	62	13.0	3.0	0,759	true	[014004, 014005, 014003, 014000, 014009, 014001, 014008, 014006, 014007, 014002]
10659	14	014004	014002	63	13.0	3.0	0,791	true	[014004, 014005, 014003, 014000, 014009, 014001, 014008, 014007, 014002]
10660	14	014004	014002	64	13.0	3.0	0,751	true	[014004, 014005, 014003, 014000, 014009, 014001, 014008, 014007, 014006, 014002]
10661	14	014004	014002	65	13.0	3.0	0,815	true	[014004, 014005, 014003, 014000, 014009, 014002]
10662	14	014004	014002	66	13.0	4.0	0,841	true	[014004, 014005, 014003, 014001, 014000, 014006, 014002]
10663	14	014004	014002	67	13.0	4.0	0,799	true	[014004, 014005, 014003, 014001, 014000, 014006, 014007, 014002]
10664	14	014004	014002	68	13.0	4.0	0,743	true	[014004, 014005, 014003, 014001, 014000, 014006, 014007, 014008, 014002]
10665	14	014004	014002	69	13.0	4.0	0,791	true	[014004, 014005, 014003, 014001, 014000, 014006, 014008, 014002]
10666	14	014004	014002	70	13.0	4.0	0,767	true	[014004, 014005, 014003, 014001, 014000, 014006, 014008, 014007, 014002]
10667	14	014004	014002	71	13.0	4.0	0,824	true	[014004, 014005, 014003, 014001, 014000, 014008, 014002]
10668	14	014004	014002	72	13.0	4.0	0,807	true	[014004, 014005, 014003, 014001, 014000, 014008, 014006, 014002]
10669	14	014004	014002	73	13.0	4.0	0,767	true	[014004, 014005, 014003, 014001, 014000, 014008, 014006, 014007, 014002]
10670	14	014004	014002	74	13.0	4.0	0,799	true	[014004, 014005, 014003, 014001, 014000, 014008, 014007, 014002]
10671	14	014004	014002	75	13.0	4.0	0,759	true	[014004, 014005, 014003, 014001, 014000, 014008, 014007, 014006, 014002]
10672	14	014004	014002	76	13.0	3.0	0,824	true	[014004, 014005, 014003, 014001, 014000, 014009, 014002]
10673	14	014004	014002	77	13.0	6.0	0,824	true	[014004, 014005, 014003, 014001, 014006, 014000, 014008, 014002]
10674	14	014004	014002	78	13.0	4.0	0,799	true	[014004, 014005, 014003, 014001, 014006, 014000, 014008, 014007, 014002]
10675	14	014004	014002	79	13.0	3.0	0,824	true	[014004, 014005, 014003, 014001, 014006, 014000, 014009, 014002]
10676	14	014004	014002	80	13.0	7.0	0,894	true	[014004, 014005, 014003, 014001, 014006, 014002]
10677	14	014004	014002	81	13.0	4.0	0,849	true	[014004, 014005, 014003, 014001, 014006, 014007, 014002]
10678	14	014004	014002	82	13.0	3.0	0,744	true	[014004, 014005, 014003, 014001, 014006, 014007, 014008, 014000, 014009, 014002]
10679	14	014004	014002	83	13.0	4.0	0,790	true	[014004, 014005, 014003, 014001, 014006, 014007, 014008, 014002]
10680	14	014004	014002	84	13.0	3.0	0,791	true	[014004, 014005, 014003, 014001, 014006, 014008, 014000, 014009, 014002]
10681	14	014004	014002	85	13.0	7.0	0,841	true	[014004, 014005, 014003, 014001, 014006, 014008, 014002]
10682	14	014004	014002	86	13.0	4.0	0,815	true	[014004, 014005, 014003, 014001, 014006, 014008, 014007, 014002]
10683	14	014004	014002	87	13.0	3.0	0,885	true	[014004, 014005, 014003, 014001, 014007, 014002]
10684	14	014004	014002	88	13.0	3.0	0,775	true	[014004, 014005, 014003, 014001, 014007, 014006, 014000, 014008, 014002]
10685	14	014004	014002	89	13.0	3.0	0,775	true	[014004, 014005, 014003, 014001, 014007, 014006, 014000, 014009, 014002]
10686	14	014004	014002	90	13.0	3.0	0,841	true	[014004, 014005, 014003, 014001, 014007, 014006, 014002]
10687	14	014004	014002	91	13.0	3.0	0,744	true	[014004, 014005, 014003, 014001, 014007, 014006, 014008, 014000, 014009, 014002]
10688	14	014004	014002	92	13.0	3.0	0,791	true	[014004, 014005, 014003, 014001, 014007, 014006, 014008, 014002]
10689	14	014004	014002	93	13.0	3.0	0,791	true	[014004, 014005, 014003, 014001, 014007, 014008, 014000, 014006, 014002]
10690	14	014004	014002	94	13.0	3.0	0,775	true	[014004, 014005, 014003, 014001, 014007, 014008, 014000, 014009, 014002]
10691	14	014004	014002	95	13.0	3.0	0,824	true	[014004, 014005, 014003, 014001, 014007, 014008, 014002]
10692	14	014004	014002	96	13.0	3.0	0,744	true	[014004, 014005, 014003, 014001, 014007, 014008, 014006, 014000, 014009, 014002]
10693	14	014004	014002	97	13.0	3.0	0,807	true	[014004, 014005, 014003, 014001, 014007, 014008, 014006, 014002]
10694	14	014004	014002	98	13.0	6.0	0,850	true	[014004, 014005, 014003, 014001, 014008, 014000, 014006, 014002]
10695	14	014004	014002	99	13.0	4.0	0,807	true	[014004, 014005, 014003, 014001, 014008, 014000, 014006, 014007, 014002]
10696	14	014004	014002	100	13.0	3.0	0,832	true	[014004, 014005, 014003, 014001, 014008, 014000, 014009, 014002]
10697	14	014004	014002	101	13.0	8.0	0,885	true	[014004, 014005, 014003, 014001, 014008, 014002]
10698	15	015004	015003	0	6.0	4.0	0,941	true	[015004, 015000, 015001, 015002, 015003]
10699	15	015004	015003	1	6.0	4.0	0,904	true	[015004, 015000, 015001, 015002, 015005, 015003]
10700	15	015004	015003	2	6.0	4.0	0,833	true	[015004, 015000, 015001, 015002, 015005, 015008, 015003]
10701	15	015004	015003	3	6.0	4.0	0,824	true	[015004, 015000, 015001, 015002, 015005, 015008, 015009, 015003]
10702	15	015004	015003	4	6.0	4.0	0,841	true	[015004, 015000, 015001, 015002, 015007, 015008, 015003]
10703	15	015004	015003	5	6.0	4.0	0,841	true	[015004, 015000, 015001, 015002, 015007, 015008, 015005, 015003]
10704	15	015004	015003	6	6.0	4.0	0,833	true	[015004, 015000, 015001, 015002, 015007, 015008, 015009, 015003]
10705	15	015004	015003	7	6.0	3.0	0,885	true	[015004, 015000, 015001, 015002, 015008, 015003]
10706	15	015004	015003	8	6.0	3.0	0,885	true	[015004, 015000, 015001, 015002, 015008, 015005, 015003]
10707	15	015004	015003	9	6.0	3.0	0,877	true	[015004, 015000, 015001, 015002, 015008, 015009, 015003]
10708	15	015004	015003	10	6.0	3.0	0,867	true	[015004, 015000, 015001, 015002, 015009, 015003]
10709	15	015004	015003	11	6.0	3.0	0,841	true	[015004, 015000, 015001, 015002, 015009, 015008, 015003]
10710	15	015004	015003	12	6.0	3.0	0,841	true	[015004, 015000, 015001, 015002, 015009, 015008, 015005, 015003]
10711	15	015004	015003	13	6.0	4.0	0,922	true	[015004, 015000, 015001, 015003]
10712	15	015004	015003	14	6.0	3.0	0,941	true	[015004, 015000, 015001, 015008, 015002, 015003]
10713	15	015004	015003	15	6.0	3.0	0,904	true	[015004, 015000, 015001, 015008, 015002, 015005, 015003]
10714	15	015004	015003	16	6.0	3.0	0,867	true	[015004, 015000, 015001, 015008, 015002, 015009, 015003]
10715	15	015004	015003	17	6.0	4.0	0,903	true	[015004, 015000, 015001, 015008, 015003]
10716	15	015004	015003	18	6.0	4.0	0,885	true	[015004, 015000, 015001, 015008, 015005, 015002, 015003]
10717	15	015004	015003	19	6.0	3.0	0,816	true	[015004, 015000, 015001, 015008, 015005, 015002, 015009, 015003]
10718	15	015004	015003	20	6.0	4.0	0,904	true	[015004, 015000, 015001, 015008, 015005, 015003]
10719	15	015004	015003	21	6.0	4.0	0,895	true	[015004, 015000, 015001, 015008, 015007, 015002, 015003]
10720	15	015004	015003	22	6.0	4.0	0,859	true	[015004, 015000, 015001, 015008, 015007, 015002, 015005, 015003]
10721	15	015004	015003	23	6.0	3.0	0,824	true	[015004, 015000, 015001, 015008, 015007, 015002, 015009, 015003]
10722	15	015004	015003	24	6.0	3.0	0,895	true	[015004, 015000, 015001, 015008, 015009, 015002, 015003]
10723	15	015004	015003	25	6.0	3.0	0,859	true	[015004, 015000, 015001, 015008, 015009, 015002, 015005, 015003]
10724	15	015004	015003	26	6.0	4.0	0,895	true	[015004, 015000, 015001, 015008, 015009, 015003]
10725	15	015004	015003	27	6.0	3.0	0,913	true	[015004, 015000, 015001, 015009, 015002, 015003]
10726	15	015004	015003	28	6.0	3.0	0,877	true	[015004, 015000, 015001, 015009, 015002, 015005, 015003]
10727	15	015004	015003	29	6.0	3.0	0,807	true	[015004, 015000, 015001, 015009, 015002, 015005, 015008, 015003]
10728	15	015004	015003	30	6.0	3.0	0,816	true	[015004, 015000, 015001, 015009, 015002, 015007, 015008, 015003]
10729	15	015004	015003	31	6.0	3.0	0,816	true	[015004, 015000, 015001, 015009, 015002, 015007, 015008, 015005, 015003]
10730	15	015004	015003	32	6.0	3.0	0,858	true	[015004, 015000, 015001, 015009, 015002, 015008, 015003]
10731	15	015004	015003	33	6.0	3.0	0,859	true	[015004, 015000, 015001, 015009, 015002, 015008, 015005, 015003]
10732	15	015004	015003	34	6.0	4.0	0,913	true	[015004, 015000, 015001, 015009, 015003]
10733	15	015004	015003	35	6.0	3.0	0,922	true	[015004, 015000, 015001, 015009, 015008, 015002, 015003]
10734	15	015004	015003	36	6.0	3.0	0,886	true	[015004, 015000, 015001, 015009, 015008, 015002, 015005, 015003]
10735	15	015004	015003	37	6.0	4.0	0,885	true	[015004, 015000, 015001, 015009, 015008, 015003]
10736	15	015004	015003	38	6.0	4.0	0,868	true	[015004, 015000, 015001, 015009, 015008, 015005, 015002, 015003]
10737	15	015004	015003	39	6.0	4.0	0,886	true	[015004, 015000, 015001, 015009, 015008, 015005, 015003]
10738	15	015004	015003	40	6.0	4.0	0,877	true	[015004, 015000, 015001, 015009, 015008, 015007, 015002, 015003]
10739	15	015004	015003	41	6.0	4.0	0,842	true	[015004, 015000, 015001, 015009, 015008, 015007, 015002, 015005, 015003]
10740	15	015004	015003	42	6.0	3.0	0,867	true	[015004, 015000, 015002, 015001, 015003]
10741	15	015004	015003	43	6.0	3.0	0,849	true	[015004, 015000, 015002, 015001, 015008, 015003]
10742	15	015004	015003	44	6.0	3.0	0,850	true	[015004, 015000, 015002, 015001, 015008, 015005, 015003]
10743	15	015004	015003	45	6.0	3.0	0,841	true	[015004, 015000, 015002, 015001, 015008, 015009, 015003]
10744	15	015004	015003	46	6.0	3.0	0,858	true	[015004, 015000, 015002, 015001, 015009, 015003]
10745	15	015004	015003	47	6.0	3.0	0,832	true	[015004, 015000, 015002, 015001, 015009, 015008, 015003]
10746	15	015004	015003	48	6.0	3.0	0,833	true	[015004, 015000, 015002, 015001, 015009, 015008, 015005, 015003]
10747	15	015004	015003	49	6.0	3.0	0,941	true	[015004, 015000, 015002, 015003]
10748	15	015004	015003	50	6.0	3.0	0,903	true	[015004, 015000, 015002, 015005, 015003]
10749	15	015004	015003	51	6.0	3.0	0,815	true	[015004, 015000, 015002, 015005, 015008, 015001, 015003]
10750	15	015004	015003	52	6.0	3.0	0,807	true	[015004, 015000, 015002, 015005, 015008, 015001, 015009, 015003]
10751	15	015004	015003	53	6.0	3.0	0,832	true	[015004, 015000, 015002, 015005, 015008, 015003]
10752	15	015004	015003	54	6.0	3.0	0,799	true	[015004, 015000, 015002, 015005, 015008, 015009, 015001, 015003]
10753	15	015004	015003	55	6.0	3.0	0,824	true	[015004, 015000, 015002, 015005, 015008, 015009, 015003]
10754	15	015004	015003	56	6.0	3.0	0,824	true	[015004, 015000, 015002, 015007, 015008, 015001, 015003]
10755	15	015004	015003	57	6.0	3.0	0,816	true	[015004, 015000, 015002, 015007, 015008, 015001, 015009, 015003]
10756	15	015004	015003	58	6.0	3.0	0,841	true	[015004, 015000, 015002, 015007, 015008, 015003]
10757	15	015004	015003	59	6.0	3.0	0,841	true	[015004, 015000, 015002, 015007, 015008, 015005, 015003]
10758	15	015004	015003	60	6.0	3.0	0,807	true	[015004, 015000, 015002, 015007, 015008, 015009, 015001, 015003]
10759	15	015004	015003	61	6.0	3.0	0,832	true	[015004, 015000, 015002, 015007, 015008, 015009, 015003]
10760	15	015004	015003	62	6.0	3.0	0,867	true	[015004, 015000, 015002, 015008, 015001, 015003]
10761	15	015004	015003	63	6.0	3.0	0,858	true	[015004, 015000, 015002, 015008, 015001, 015009, 015003]
10762	15	015004	015003	64	6.0	3.0	0,885	true	[015004, 015000, 015002, 015008, 015003]
10763	15	015004	015003	65	6.0	3.0	0,885	true	[015004, 015000, 015002, 015008, 015005, 015003]
10764	15	015004	015003	66	6.0	3.0	0,850	true	[015004, 015000, 015002, 015008, 015009, 015001, 015003]
10765	15	015004	015003	67	6.0	3.0	0,876	true	[015004, 015000, 015002, 015008, 015009, 015003]
10766	15	015004	015003	68	6.0	3.0	0,841	true	[015004, 015000, 015002, 015009, 015001, 015003]
10767	15	015004	015003	69	6.0	3.0	0,824	true	[015004, 015000, 015002, 015009, 015001, 015008, 015003]
10768	15	015004	015003	70	6.0	3.0	0,824	true	[015004, 015000, 015002, 015009, 015001, 015008, 015005, 015003]
10769	15	015004	015003	71	6.0	3.0	0,867	true	[015004, 015000, 015002, 015009, 015003]
10770	15	015004	015003	72	6.0	3.0	0,824	true	[015004, 015000, 015002, 015009, 015008, 015001, 015003]
10771	15	015004	015003	73	6.0	3.0	0,841	true	[015004, 015000, 015002, 015009, 015008, 015003]
10772	15	015004	015003	74	6.0	3.0	0,841	true	[015004, 015000, 015002, 015009, 015008, 015005, 015003]
10773	15	015004	015003	75	6.0	4.0	0,867	true	[015004, 015000, 015005, 015002, 015001, 015003]
10774	15	015004	015003	76	6.0	4.0	0,850	true	[015004, 015000, 015005, 015002, 015001, 015008, 015003]
10775	15	015004	015003	77	6.0	4.0	0,842	true	[015004, 015000, 015005, 015002, 015001, 015008, 015009, 015003]
10776	15	015004	015003	78	6.0	4.0	0,859	true	[015004, 015000, 015005, 015002, 015001, 015009, 015003]
10777	15	015004	015003	79	6.0	4.0	0,833	true	[015004, 015000, 015005, 015002, 015001, 015009, 015008, 015003]
10778	15	015004	015003	80	6.0	4.0	0,941	true	[015004, 015000, 015005, 015002, 015003]
10779	15	015004	015003	81	6.0	4.0	0,824	true	[015004, 015000, 015005, 015002, 015007, 015008, 015001, 015003]
10780	15	015004	015003	82	6.0	4.0	0,816	true	[015004, 015000, 015005, 015002, 015007, 015008, 015001, 015009, 015003]
10781	15	015004	015003	83	6.0	4.0	0,841	true	[015004, 015000, 015005, 015002, 015007, 015008, 015003]
10782	15	015004	015003	84	6.0	4.0	0,808	true	[015004, 015000, 015005, 015002, 015007, 015008, 015009, 015001, 015003]
10783	15	015004	015003	85	6.0	4.0	0,833	true	[015004, 015000, 015005, 015002, 015007, 015008, 015009, 015003]
10784	15	015004	015003	86	6.0	3.0	0,867	true	[015004, 015000, 015005, 015002, 015008, 015001, 015003]
10785	15	015004	015003	87	6.0	3.0	0,859	true	[015004, 015000, 015005, 015002, 015008, 015001, 015009, 015003]
10786	15	015004	015003	88	6.0	3.0	0,885	true	[015004, 015000, 015005, 015002, 015008, 015003]
10787	15	015004	015003	89	6.0	3.0	0,850	true	[015004, 015000, 015005, 015002, 015008, 015009, 015001, 015003]
10788	15	015004	015003	90	6.0	3.0	0,877	true	[015004, 015000, 015005, 015002, 015008, 015009, 015003]
10789	15	015004	015003	91	6.0	3.0	0,841	true	[015004, 015000, 015005, 015002, 015009, 015001, 015003]
10790	15	015004	015003	92	6.0	3.0	0,824	true	[015004, 015000, 015005, 015002, 015009, 015001, 015008, 015003]
10791	15	015004	015003	93	6.0	3.0	0,867	true	[015004, 015000, 015005, 015002, 015009, 015003]
10792	15	015004	015003	94	6.0	3.0	0,824	true	[015004, 015000, 015005, 015002, 015009, 015008, 015001, 015003]
10793	15	015004	015003	95	6.0	3.0	0,841	true	[015004, 015000, 015005, 015002, 015009, 015008, 015003]
10794	15	015004	015003	96	6.0	4.0	0,960	true	[015004, 015000, 015005, 015003]
10795	15	015004	015003	97	6.0	4.0	0,885	true	[015004, 015000, 015005, 015008, 015001, 015002, 015003]
10796	15	015004	015003	98	6.0	3.0	0,816	true	[015004, 015000, 015005, 015008, 015001, 015002, 015009, 015003]
10797	15	015004	015003	99	6.0	4.0	0,867	true	[015004, 015000, 015005, 015008, 015001, 015003]
10798	15	015004	015003	100	6.0	3.0	0,859	true	[015004, 015000, 015005, 015008, 015001, 015009, 015002, 015003]
10799	15	015004	015003	101	6.0	4.0	0,859	true	[015004, 015000, 015005, 015008, 015001, 015009, 015003]
10800	15	015004	015003	102	6.0	4.0	0,885	true	[015004, 015000, 015005, 015008, 015003]
10801	16	016004	016007	0	6.0	3.0	0,867	true	[016004, 016001, 016000, 016003, 016005, 016002, 016007]
10802	16	016004	016007	1	6.0	3.0	0,791	true	[016004, 016001, 016000, 016003, 016005, 016002, 016008, 016006, 016007]
10803	16	016004	016007	2	6.0	3.0	0,807	true	[016004, 016001, 016000, 016003, 016005, 016002, 016008, 016006, 016009, 016007]
10804	16	016004	016007	3	6.0	4.0	0,841	true	[016004, 016001, 016000, 016003, 016005, 016002, 016008, 016007]
10805	16	016004	016007	4	6.0	4.0	0,824	true	[016004, 016001, 016000, 016003, 016005, 016002, 016008, 016009, 016006, 016007]
10806	16	016004	016007	5	6.0	4.0	0,859	true	[016004, 016001, 016000, 016003, 016005, 016002, 016008, 016009, 016007]
10807	16	016004	016007	6	6.0	4.0	0,807	true	[016004, 016001, 016000, 016003, 016005, 016002, 016009, 016006, 016007]
10808	16	016004	016007	7	6.0	3.0	0,775	true	[016004, 016001, 016000, 016003, 016005, 016002, 016009, 016006, 016008, 016007]
10809	16	016004	016007	8	6.0	4.0	0,841	true	[016004, 016001, 016000, 016003, 016005, 016002, 016009, 016007]
10810	16	016004	016007	9	6.0	3.0	0,775	true	[016004, 016001, 016000, 016003, 016005, 016002, 016009, 016008, 016006, 016007]
10811	16	016004	016007	10	6.0	4.0	0,824	true	[016004, 016001, 016000, 016003, 016005, 016002, 016009, 016008, 016007]
10812	16	016004	016007	11	6.0	4.0	0,876	true	[016004, 016001, 016000, 016003, 016005, 016006, 016007]
10813	16	016004	016007	12	6.0	3.0	0,816	true	[016004, 016001, 016000, 016003, 016005, 016006, 016008, 016002, 016007]
10814	16	016004	016007	13	6.0	3.0	0,791	true	[016004, 016001, 016000, 016003, 016005, 016006, 016008, 016002, 016009, 016007]
10815	16	016004	016007	14	6.0	3.0	0,841	true	[016004, 016001, 016000, 016003, 016005, 016006, 016008, 016007]
10816	16	016004	016007	15	6.0	3.0	0,799	true	[016004, 016001, 016000, 016003, 016005, 016006, 016008, 016009, 016002, 016007]
10817	16	016004	016007	16	6.0	3.0	0,858	true	[016004, 016001, 016000, 016003, 016005, 016006, 016008, 016009, 016007]
10818	16	016004	016007	17	6.0	3.0	0,832	true	[016004, 016001, 016000, 016003, 016005, 016006, 016009, 016002, 016007]
10819	16	016004	016007	18	6.0	4.0	0,807	true	[016004, 016001, 016000, 016003, 016005, 016006, 016009, 016002, 016008, 016007]
10820	16	016004	016007	19	6.0	4.0	0,894	true	[016004, 016001, 016000, 016003, 016005, 016006, 016009, 016007]
10821	16	016004	016007	20	6.0	3.0	0,850	true	[016004, 016001, 016000, 016003, 016005, 016006, 016009, 016008, 016002, 016007]
10822	16	016004	016007	21	6.0	4.0	0,876	true	[016004, 016001, 016000, 016003, 016005, 016006, 016009, 016008, 016007]
10823	16	016004	016007	22	6.0	4.0	0,885	true	[016004, 016001, 016000, 016003, 016005, 016007]
10824	16	016004	016007	23	6.0	3.0	0,841	true	[016004, 016001, 016000, 016003, 016005, 016009, 016002, 016007]
10825	16	016004	016007	24	6.0	3.0	0,767	true	[016004, 016001, 016000, 016003, 016005, 016009, 016002, 016008, 016006, 016007]
10826	16	016004	016007	25	6.0	4.0	0,816	true	[016004, 016001, 016000, 016003, 016005, 016009, 016002, 016008, 016007]
10827	16	016004	016007	26	6.0	4.0	0,867	true	[016004, 016001, 016000, 016003, 016005, 016009, 016006, 016007]
10828	16	016004	016007	27	6.0	3.0	0,807	true	[016004, 016001, 016000, 016003, 016005, 016009, 016006, 016008, 016002, 016007]
10829	16	016004	016007	28	6.0	3.0	0,832	true	[016004, 016001, 016000, 016003, 016005, 016009, 016006, 016008, 016007]
10830	16	016004	016007	29	6.0	4.0	0,903	true	[016004, 016001, 016000, 016003, 016005, 016009, 016007]
10831	16	016004	016007	30	6.0	3.0	0,859	true	[016004, 016001, 016000, 016003, 016005, 016009, 016008, 016002, 016007]
10832	16	016004	016007	31	6.0	3.0	0,832	true	[016004, 016001, 016000, 016003, 016005, 016009, 016008, 016006, 016007]
10833	16	016004	016007	32	6.0	4.0	0,885	true	[016004, 016001, 016000, 016003, 016005, 016009, 016008, 016007]
10834	16	016004	016007	33	6.0	4.0	0,824	true	[016004, 016001, 016000, 016003, 016008, 016002, 016005, 016006, 016007]
10835	16	016004	016007	34	6.0	4.0	0,841	true	[016004, 016001, 016000, 016003, 016008, 016002, 016005, 016006, 016009, 016007]
10836	16	016004	016007	35	6.0	4.0	0,833	true	[016004, 016001, 016000, 016003, 016008, 016002, 016005, 016007]
10837	16	016004	016007	36	6.0	4.0	0,816	true	[016004, 016001, 016000, 016003, 016008, 016002, 016005, 016009, 016006, 016007]
10838	16	016004	016007	37	6.0	4.0	0,850	true	[016004, 016001, 016000, 016003, 016008, 016002, 016005, 016009, 016007]
10839	16	016004	016007	38	6.0	3.0	0,867	true	[016004, 016001, 016000, 016003, 016008, 016002, 016007]
10840	16	016004	016007	39	6.0	4.0	0,799	true	[016004, 016001, 016000, 016003, 016008, 016002, 016009, 016005, 016006, 016007]
10841	16	016004	016007	40	6.0	4.0	0,807	true	[016004, 016001, 016000, 016003, 016008, 016002, 016009, 016005, 016007]
10842	16	016004	016007	41	6.0	4.0	0,799	true	[016004, 016001, 016000, 016003, 016008, 016002, 016009, 016006, 016005, 016007]
10843	16	016004	016007	42	6.0	4.0	0,807	true	[016004, 016001, 016000, 016003, 016008, 016002, 016009, 016006, 016007]
10844	16	016004	016007	43	6.0	4.0	0,841	true	[016004, 016001, 016000, 016003, 016008, 016002, 016009, 016007]
10845	16	016004	016007	44	6.0	3.0	0,816	true	[016004, 016001, 016000, 016003, 016008, 016006, 016005, 016002, 016007]
10846	16	016004	016007	45	6.0	3.0	0,791	true	[016004, 016001, 016000, 016003, 016008, 016006, 016005, 016002, 016009, 016007]
10847	16	016004	016007	46	6.0	3.0	0,832	true	[016004, 016001, 016000, 016003, 016008, 016006, 016005, 016007]
10848	16	016004	016007	47	6.0	3.0	0,791	true	[016004, 016001, 016000, 016003, 016008, 016006, 016005, 016009, 016002, 016007]
10849	16	016004	016007	48	6.0	3.0	0,850	true	[016004, 016001, 016000, 016003, 016008, 016006, 016005, 016009, 016007]
10850	16	016004	016007	49	6.0	3.0	0,841	true	[016004, 016001, 016000, 016003, 016008, 016006, 016007]
10851	16	016004	016007	50	6.0	3.0	0,767	true	[016004, 016001, 016000, 016003, 016008, 016006, 016009, 016002, 016005, 016007]
10852	16	016004	016007	51	6.0	3.0	0,799	true	[016004, 016001, 016000, 016003, 016008, 016006, 016009, 016002, 016007]
10853	16	016004	016007	52	6.0	3.0	0,807	true	[016004, 016001, 016000, 016003, 016008, 016006, 016009, 016005, 016002, 016007]
10854	16	016004	016007	53	6.0	3.0	0,824	true	[016004, 016001, 016000, 016003, 016008, 016006, 016009, 016005, 016007]
10855	16	016004	016007	54	6.0	3.0	0,858	true	[016004, 016001, 016000, 016003, 016008, 016006, 016009, 016007]
10856	16	016004	016007	55	6.0	4.0	0,894	true	[016004, 016001, 016000, 016003, 016008, 016007]
10857	16	016004	016007	56	6.0	4.0	0,807	true	[016004, 016001, 016000, 016003, 016008, 016009, 016002, 016005, 016006, 016007]
10858	16	016004	016007	57	6.0	4.0	0,815	true	[016004, 016001, 016000, 016003, 016008, 016009, 016002, 016005, 016007]
10859	16	016004	016007	58	6.0	3.0	0,849	true	[016004, 016001, 016000, 016003, 016008, 016009, 016002, 016007]
10860	16	016004	016007	59	6.0	3.0	0,859	true	[016004, 016001, 016000, 016003, 016008, 016009, 016005, 016002, 016007]
10861	16	016004	016007	60	6.0	4.0	0,867	true	[016004, 016001, 016000, 016003, 016008, 016009, 016005, 016006, 016007]
10862	16	016004	016007	61	6.0	4.0	0,876	true	[016004, 016001, 016000, 016003, 016008, 016009, 016005, 016007]
10863	16	016004	016007	62	6.0	3.0	0,850	true	[016004, 016001, 016000, 016003, 016008, 016009, 016006, 016005, 016002, 016007]
10864	16	016004	016007	63	6.0	4.0	0,867	true	[016004, 016001, 016000, 016003, 016008, 016009, 016006, 016005, 016007]
10865	16	016004	016007	64	6.0	4.0	0,876	true	[016004, 016001, 016000, 016003, 016008, 016009, 016006, 016007]
10866	16	016004	016007	65	6.0	4.0	0,912	true	[016004, 016001, 016000, 016003, 016008, 016009, 016007]
10867	16	016004	016007	66	6.0	3.0	0,832	true	[016004, 016001, 016000, 016005, 016002, 016007]
10868	16	016004	016007	67	6.0	3.0	0,759	true	[016004, 016001, 016000, 016005, 016002, 016008, 016006, 016007]
10869	16	016004	016007	68	6.0	3.0	0,775	true	[016004, 016001, 016000, 016005, 016002, 016008, 016006, 016009, 016007]
10870	16	016004	016007	69	6.0	4.0	0,807	true	[016004, 016001, 016000, 016005, 016002, 016008, 016007]
10871	16	016004	016007	70	6.0	4.0	0,791	true	[016004, 016001, 016000, 016005, 016002, 016008, 016009, 016006, 016007]
10872	16	016004	016007	71	6.0	4.0	0,824	true	[016004, 016001, 016000, 016005, 016002, 016008, 016009, 016007]
10873	16	016004	016007	72	6.0	4.0	0,775	true	[016004, 016001, 016000, 016005, 016002, 016009, 016006, 016007]
10874	16	016004	016007	73	6.0	3.0	0,744	true	[016004, 016001, 016000, 016005, 016002, 016009, 016006, 016008, 016007]
10875	16	016004	016007	74	6.0	4.0	0,807	true	[016004, 016001, 016000, 016005, 016002, 016009, 016007]
10876	16	016004	016007	75	6.0	3.0	0,743	true	[016004, 016001, 016000, 016005, 016002, 016009, 016008, 016006, 016007]
10877	16	016004	016007	76	6.0	4.0	0,791	true	[016004, 016001, 016000, 016005, 016002, 016009, 016008, 016007]
10878	16	016004	016007	77	6.0	3.0	0,816	true	[016004, 016001, 016000, 016005, 016003, 016008, 016002, 016007]
10879	16	016004	016007	78	6.0	4.0	0,759	true	[016004, 016001, 016000, 016005, 016003, 016008, 016002, 016009, 016006, 016007]
10880	16	016004	016007	79	6.0	4.0	0,791	true	[016004, 016001, 016000, 016005, 016003, 016008, 016002, 016009, 016007]
10881	16	016004	016007	80	6.0	3.0	0,791	true	[016004, 016001, 016000, 016005, 016003, 016008, 016006, 016007]
10882	16	016004	016007	81	6.0	3.0	0,751	true	[016004, 016001, 016000, 016005, 016003, 016008, 016006, 016009, 016002, 016007]
10883	16	016004	016007	82	6.0	3.0	0,807	true	[016004, 016001, 016000, 016005, 016003, 016008, 016006, 016009, 016007]
10884	16	016004	016007	83	6.0	4.0	0,841	true	[016004, 016001, 016000, 016005, 016003, 016008, 016007]
10885	16	016004	016007	84	6.0	3.0	0,799	true	[016004, 016001, 016000, 016005, 016003, 016008, 016009, 016002, 016007]
10886	16	016004	016007	85	6.0	4.0	0,824	true	[016004, 016001, 016000, 016005, 016003, 016008, 016009, 016006, 016007]
10887	16	016004	016007	86	6.0	4.0	0,858	true	[016004, 016001, 016000, 016005, 016003, 016008, 016009, 016007]
10888	16	016004	016007	87	6.0	4.0	0,841	true	[016004, 016001, 016000, 016005, 016006, 016007]
10889	16	016004	016007	88	6.0	3.0	0,783	true	[016004, 016001, 016000, 016005, 016006, 016008, 016002, 016007]
10890	16	016004	016007	89	6.0	3.0	0,759	true	[016004, 016001, 016000, 016005, 016006, 016008, 016002, 016009, 016007]
10891	16	016004	016007	90	6.0	3.0	0,807	true	[016004, 016001, 016000, 016005, 016006, 016008, 016007]
10892	16	016004	016007	91	6.0	3.0	0,767	true	[016004, 016001, 016000, 016005, 016006, 016008, 016009, 016002, 016007]
10893	16	016004	016007	92	6.0	3.0	0,824	true	[016004, 016001, 016000, 016005, 016006, 016008, 016009, 016007]
10894	16	016004	016007	93	6.0	3.0	0,799	true	[016004, 016001, 016000, 016005, 016006, 016009, 016002, 016007]
10895	16	016004	016007	94	6.0	4.0	0,775	true	[016004, 016001, 016000, 016005, 016006, 016009, 016002, 016008, 016007]
10896	16	016004	016007	95	6.0	4.0	0,858	true	[016004, 016001, 016000, 016005, 016006, 016009, 016007]
10897	16	016004	016007	96	6.0	3.0	0,816	true	[016004, 016001, 016000, 016005, 016006, 016009, 016008, 016002, 016007]
10898	16	016004	016007	97	6.0	4.0	0,841	true	[016004, 016001, 016000, 016005, 016006, 016009, 016008, 016007]
10899	16	016004	016007	98	6.0	4.0	0,849	true	[016004, 016001, 016000, 016005, 016007]
10900	16	016004	016007	99	6.0	3.0	0,807	true	[016004, 016001, 016000, 016005, 016009, 016002, 016007]
10901	16	016004	016007	100	6.0	3.0	0,736	true	[016004, 016001, 016000, 016005, 016009, 016002, 016008, 016006, 016007]
10902	16	016004	016007	101	6.0	4.0	0,783	true	[016004, 016001, 016000, 016005, 016009, 016002, 016008, 016007]
10903	16	016004	016007	102	6.0	4.0	0,867	true	[016004, 016001, 016000, 016005, 016009, 016007]
10904	16	016004	016007	103	6.0	4.0	0,912	true	[016004, 016001, 016000, 016007]
10905	16	016004	016007	104	25.0	5.0	0,950	true	[016004, 016007]
10906	17	017002	017005	0	5.0	7.0	0,941	true	[017002, 017004, 017000, 017001, 017003, 017005]
10907	17	017002	017005	1	5.0	6.0	0,904	true	[017002, 017004, 017000, 017001, 017003, 017006, 017005]
10908	17	017002	017005	2	5.0	6.0	0,867	true	[017002, 017004, 017000, 017001, 017003, 017006, 017007, 017005]
10909	17	017002	017005	3	5.0	3.0	0,876	true	[017002, 017004, 017000, 017001, 017003, 017006, 017007, 017009, 017005]
10910	17	017002	017005	4	5.0	6.0	0,867	true	[017002, 017004, 017000, 017001, 017003, 017006, 017007, 017009, 017008, 017005]
10911	17	017002	017005	5	5.0	3.0	0,895	true	[017002, 017004, 017000, 017001, 017003, 017006, 017009, 017005]
10912	17	017002	017005	6	5.0	6.0	0,886	true	[017002, 017004, 017000, 017001, 017003, 017006, 017009, 017007, 017005]
10913	17	017002	017005	7	5.0	6.0	0,886	true	[017002, 017004, 017000, 017001, 017003, 017006, 017009, 017008, 017005]
10914	17	017002	017005	8	5.0	7.0	0,913	true	[017002, 017004, 017000, 017001, 017003, 017007, 017005]
10915	17	017002	017005	9	5.0	7.0	0,859	true	[017002, 017004, 017000, 017001, 017003, 017007, 017006, 017005]
10916	17	017002	017005	10	5.0	3.0	0,850	true	[017002, 017004, 017000, 017001, 017003, 017007, 017006, 017009, 017005]
10917	17	017002	017005	11	5.0	7.0	0,841	true	[017002, 017004, 017000, 017001, 017003, 017007, 017006, 017009, 017008, 017005]
10918	17	017002	017005	12	5.0	3.0	0,922	true	[017002, 017004, 017000, 017001, 017003, 017007, 017009, 017005]
10919	17	017002	017005	13	5.0	7.0	0,877	true	[017002, 017004, 017000, 017001, 017003, 017007, 017009, 017006, 017005]
10920	17	017002	017005	14	5.0	7.0	0,913	true	[017002, 017004, 017000, 017001, 017003, 017007, 017009, 017008, 017005]
10921	17	017002	017005	15	5.0	4.0	0,951	true	[017002, 017004, 017000, 017001, 017005]
10922	17	017002	017005	16	5.0	4.0	0,932	true	[017002, 017004, 017000, 017001, 017007, 017003, 017005]
10923	17	017002	017005	17	5.0	4.0	0,895	true	[017002, 017004, 017000, 017001, 017007, 017003, 017006, 017005]
10924	17	017002	017005	18	5.0	3.0	0,886	true	[017002, 017004, 017000, 017001, 017007, 017003, 017006, 017009, 017005]
10925	17	017002	017005	19	5.0	4.0	0,877	true	[017002, 017004, 017000, 017001, 017007, 017003, 017006, 017009, 017008, 017005]
10926	17	017002	017005	20	5.0	4.0	0,941	true	[017002, 017004, 017000, 017001, 017007, 017005]
10927	17	017002	017005	21	5.0	4.0	0,885	true	[017002, 017004, 017000, 017001, 017007, 017006, 017003, 017005]
10928	17	017002	017005	22	5.0	4.0	0,885	true	[017002, 017004, 017000, 017001, 017007, 017006, 017005]
10929	17	017002	017005	23	5.0	3.0	0,876	true	[017002, 017004, 017000, 017001, 017007, 017006, 017009, 017005]
10930	17	017002	017005	24	5.0	4.0	0,867	true	[017002, 017004, 017000, 017001, 017007, 017006, 017009, 017008, 017005]
10931	17	017002	017005	25	5.0	3.0	0,951	true	[017002, 017004, 017000, 017001, 017007, 017009, 017005]
10932	17	017002	017005	26	5.0	4.0	0,904	true	[017002, 017004, 017000, 017001, 017007, 017009, 017006, 017003, 017005]
10933	17	017002	017005	27	5.0	4.0	0,904	true	[017002, 017004, 017000, 017001, 017007, 017009, 017006, 017005]
10934	17	017002	017005	28	5.0	4.0	0,941	true	[017002, 017004, 017000, 017001, 017007, 017009, 017008, 017005]
10935	17	017002	017005	29	5.0	3.0	0,932	true	[017002, 017004, 017000, 017001, 017009, 017005]
10936	17	017002	017005	30	5.0	4.0	0,886	true	[017002, 017004, 017000, 017001, 017009, 017006, 017003, 017005]
10937	17	017002	017005	31	5.0	4.0	0,859	true	[017002, 017004, 017000, 017001, 017009, 017006, 017003, 017007, 017005]
10938	17	017002	017005	32	5.0	4.0	0,886	true	[017002, 017004, 017000, 017001, 017009, 017006, 017005]
10939	17	017002	017005	33	5.0	4.0	0,841	true	[017002, 017004, 017000, 017001, 017009, 017006, 017007, 017003, 017005]
10940	17	017002	017005	34	5.0	4.0	0,850	true	[017002, 017004, 017000, 017001, 017009, 017006, 017007, 017005]
10941	17	017002	017005	35	5.0	4.0	0,913	true	[017002, 017004, 017000, 017001, 017009, 017007, 017003, 017005]
10942	17	017002	017005	36	5.0	4.0	0,877	true	[017002, 017004, 017000, 017001, 017009, 017007, 017003, 017006, 017005]
10943	17	017002	017005	37	5.0	4.0	0,922	true	[017002, 017004, 017000, 017001, 017009, 017007, 017005]
10944	17	017002	017005	38	5.0	4.0	0,867	true	[017002, 017004, 017000, 017001, 017009, 017007, 017006, 017003, 017005]
10945	17	017002	017005	39	5.0	4.0	0,867	true	[017002, 017004, 017000, 017001, 017009, 017007, 017006, 017005]
10946	17	017002	017005	40	5.0	4.0	0,922	true	[017002, 017004, 017000, 017001, 017009, 017008, 017005]
10947	17	017002	017005	41	21.0	7.0	0,980	true	[017002, 017004, 017000, 017005]
10948	17	017002	017005	42	13.0	4.0	0,922	true	[017002, 017004, 017000, 017006, 017003, 017001, 017005]
10949	17	017002	017005	43	9.0	4.0	0,913	true	[017002, 017004, 017000, 017006, 017003, 017001, 017007, 017005]
10950	17	017002	017005	44	11.0	3.0	0,922	true	[017002, 017004, 017000, 017006, 017003, 017001, 017007, 017009, 017005]
10951	17	017002	017005	45	13.0	4.0	0,913	true	[017002, 017004, 017000, 017006, 017003, 017001, 017007, 017009, 017008, 017005]
10952	17	017002	017005	46	11.0	3.0	0,904	true	[017002, 017004, 017000, 017006, 017003, 017001, 017009, 017005]
10953	17	017002	017005	47	9.0	4.0	0,895	true	[017002, 017004, 017000, 017006, 017003, 017001, 017009, 017007, 017005]
10954	17	017002	017005	48	13.0	4.0	0,895	true	[017002, 017004, 017000, 017006, 017003, 017001, 017009, 017008, 017005]
10955	17	017002	017005	49	13.0	4.0	0,951	true	[017002, 017004, 017000, 017006, 017003, 017005]
10956	17	017002	017005	50	13.0	4.0	0,913	true	[017002, 017004, 017000, 017006, 017003, 017007, 017001, 017005]
10957	17	017002	017005	51	11.0	3.0	0,895	true	[017002, 017004, 017000, 017006, 017003, 017007, 017001, 017009, 017005]
10958	17	017002	017005	52	13.0	4.0	0,886	true	[017002, 017004, 017000, 017006, 017003, 017007, 017001, 017009, 017008, 017005]
10959	17	017002	017005	53	9.0	4.0	0,922	true	[017002, 017004, 017000, 017006, 017003, 017007, 017005]
10960	17	017002	017005	54	13.0	4.0	0,895	true	[017002, 017004, 017000, 017006, 017003, 017007, 017009, 017001, 017005]
10961	17	017002	017005	55	11.0	3.0	0,932	true	[017002, 017004, 017000, 017006, 017003, 017007, 017009, 017005]
10962	17	017002	017005	56	13.0	4.0	0,922	true	[017002, 017004, 017000, 017006, 017003, 017007, 017009, 017008, 017005]
10963	17	017002	017005	57	13.0	4.0	0,951	true	[017002, 017004, 017000, 017006, 017005]
10964	17	017002	017005	58	13.0	4.0	0,894	true	[017002, 017004, 017000, 017006, 017007, 017001, 017003, 017005]
10965	17	017002	017005	59	13.0	4.0	0,903	true	[017002, 017004, 017000, 017006, 017007, 017001, 017005]
10966	17	017002	017005	60	11.0	3.0	0,885	true	[017002, 017004, 017000, 017006, 017007, 017001, 017009, 017005]
10967	17	017002	017005	61	13.0	4.0	0,876	true	[017002, 017004, 017000, 017006, 017007, 017001, 017009, 017008, 017005]
10968	17	017002	017005	62	13.0	4.0	0,876	true	[017002, 017004, 017000, 017006, 017007, 017003, 017001, 017005]
10969	17	017002	017005	63	11.0	3.0	0,859	true	[017002, 017004, 017000, 017006, 017007, 017003, 017001, 017009, 017005]
10970	17	017002	017005	64	13.0	4.0	0,850	true	[017002, 017004, 017000, 017006, 017007, 017003, 017001, 017009, 017008, 017005]
10971	17	017002	017005	65	13.0	4.0	0,903	true	[017002, 017004, 017000, 017006, 017007, 017003, 017005]
10972	17	017002	017005	66	9.0	4.0	0,912	true	[017002, 017004, 017000, 017006, 017007, 017005]
10973	17	017002	017005	67	13.0	4.0	0,876	true	[017002, 017004, 017000, 017006, 017007, 017009, 017001, 017003, 017005]
10974	17	017002	017005	68	13.0	4.0	0,885	true	[017002, 017004, 017000, 017006, 017007, 017009, 017001, 017005]
10975	17	017002	017005	69	11.0	3.0	0,922	true	[017002, 017004, 017000, 017006, 017007, 017009, 017005]
10976	17	017002	017005	70	13.0	4.0	0,912	true	[017002, 017004, 017000, 017006, 017007, 017009, 017008, 017005]
10977	17	017002	017005	71	13.0	4.0	0,895	true	[017002, 017004, 017000, 017006, 017009, 017001, 017003, 017005]
10978	17	017002	017005	72	9.0	4.0	0,868	true	[017002, 017004, 017000, 017006, 017009, 017001, 017003, 017007, 017005]
10979	17	017002	017005	73	13.0	4.0	0,904	true	[017002, 017004, 017000, 017006, 017009, 017001, 017005]
10980	17	017002	017005	74	13.0	4.0	0,886	true	[017002, 017004, 017000, 017006, 017009, 017001, 017007, 017003, 017005]
10981	17	017002	017005	75	9.0	4.0	0,895	true	[017002, 017004, 017000, 017006, 017009, 017001, 017007, 017005]
10982	17	017002	017005	76	11.0	3.0	0,941	true	[017002, 017004, 017000, 017006, 017009, 017005]
10983	17	017002	017005	77	13.0	4.0	0,913	true	[017002, 017004, 017000, 017006, 017009, 017007, 017001, 017003, 017005]
10984	17	017002	017005	78	13.0	4.0	0,922	true	[017002, 017004, 017000, 017006, 017009, 017007, 017001, 017005]
10985	17	017002	017005	79	13.0	4.0	0,895	true	[017002, 017004, 017000, 017006, 017009, 017007, 017003, 017001, 017005]
10986	17	017002	017005	80	13.0	4.0	0,922	true	[017002, 017004, 017000, 017006, 017009, 017007, 017003, 017005]
10987	17	017002	017005	81	9.0	4.0	0,932	true	[017002, 017004, 017000, 017006, 017009, 017007, 017005]
10988	17	017002	017005	82	13.0	4.0	0,932	true	[017002, 017004, 017000, 017006, 017009, 017008, 017005]
10989	17	017002	017005	83	6.0	4.0	0,913	true	[017002, 017004, 017000, 017007, 017001, 017003, 017005]
10990	17	017002	017005	84	6.0	4.0	0,877	true	[017002, 017004, 017000, 017007, 017001, 017003, 017006, 017005]
10991	17	017002	017005	85	6.0	3.0	0,868	true	[017002, 017004, 017000, 017007, 017001, 017003, 017006, 017009, 017005]
10992	17	017002	017005	86	6.0	4.0	0,859	true	[017002, 017004, 017000, 017007, 017001, 017003, 017006, 017009, 017008, 017005]
10993	17	017002	017005	87	6.0	4.0	0,922	true	[017002, 017004, 017000, 017007, 017001, 017005]
10994	17	017002	017005	88	6.0	3.0	0,903	true	[017002, 017004, 017000, 017007, 017001, 017009, 017005]
10995	17	017002	017005	89	6.0	4.0	0,859	true	[017002, 017004, 017000, 017007, 017001, 017009, 017006, 017003, 017005]
10996	17	017002	017005	90	6.0	4.0	0,859	true	[017002, 017004, 017000, 017007, 017001, 017009, 017006, 017005]
10997	17	017002	017005	91	6.0	4.0	0,894	true	[017002, 017004, 017000, 017007, 017001, 017009, 017008, 017005]
10998	17	017002	017005	92	6.0	4.0	0,895	true	[017002, 017004, 017000, 017007, 017003, 017001, 017005]
10999	17	017002	017005	93	6.0	3.0	0,876	true	[017002, 017004, 017000, 017007, 017003, 017001, 017009, 017005]
11000	17	017002	017005	94	6.0	4.0	0,833	true	[017002, 017004, 017000, 017007, 017003, 017001, 017009, 017006, 017005]
11001	17	017002	017005	95	6.0	4.0	0,868	true	[017002, 017004, 017000, 017007, 017003, 017001, 017009, 017008, 017005]
11002	17	017002	017005	96	6.0	5.0	0,922	true	[017002, 017004, 017000, 017007, 017003, 017005]
11003	17	017002	017005	97	6.0	5.0	0,885	true	[017002, 017004, 017000, 017007, 017003, 017006, 017005]
11004	17	017002	017005	98	6.0	4.0	0,842	true	[017002, 017004, 017000, 017007, 017003, 017006, 017009, 017001, 017005]
11005	17	017002	017005	99	6.0	3.0	0,876	true	[017002, 017004, 017000, 017007, 017003, 017006, 017009, 017005]
11006	17	017002	017005	100	6.0	5.0	0,868	true	[017002, 017004, 017000, 017007, 017003, 017006, 017009, 017008, 017005]
11007	17	017002	017005	101	6.0	5.0	0,931	true	[017002, 017004, 017000, 017007, 017005]
11008	17	017002	017005	102	5.0	7.0	0,950	true	[017002, 017004, 017005]
11009	18	018004	018009	0	12.0	4.0	0,816	true	[018004, 018001, 018005, 018000, 018002, 018006, 018007, 018008, 018009]
11010	18	018004	018009	1	11.0	4.0	0,833	true	[018004, 018001, 018005, 018000, 018002, 018006, 018007, 018009]
11011	18	018004	018009	2	12.0	4.0	0,867	true	[018004, 018001, 018005, 018000, 018002, 018006, 018009]
11012	18	018004	018009	3	12.0	4.0	0,833	true	[018004, 018001, 018005, 018000, 018002, 018007, 018006, 018009]
11013	18	018004	018009	4	12.0	4.0	0,850	true	[018004, 018001, 018005, 018000, 018002, 018007, 018008, 018009]
11014	18	018004	018009	5	11.0	4.0	0,867	true	[018004, 018001, 018005, 018000, 018002, 018007, 018009]
11015	18	018004	018009	6	12.0	4.0	0,825	true	[018004, 018001, 018005, 018000, 018002, 018008, 018007, 018006, 018009]
11016	18	018004	018009	7	11.0	4.0	0,859	true	[018004, 018001, 018005, 018000, 018002, 018008, 018007, 018009]
11017	18	018004	018009	8	12.0	4.0	0,876	true	[018004, 018001, 018005, 018000, 018002, 018008, 018009]
11018	18	018004	018009	9	12.0	4.0	0,885	true	[018004, 018001, 018005, 018000, 018002, 018009]
11019	18	018004	018009	10	12.0	4.0	0,850	true	[018004, 018001, 018005, 018000, 018003, 018007, 018002, 018006, 018009]
11020	18	018004	018009	11	12.0	4.0	0,859	true	[018004, 018001, 018005, 018000, 018003, 018007, 018002, 018008, 018009]
11021	18	018004	018009	12	12.0	4.0	0,868	true	[018004, 018001, 018005, 018000, 018003, 018007, 018002, 018009]
11022	18	018004	018009	13	12.0	4.0	0,825	true	[018004, 018001, 018005, 018000, 018003, 018007, 018006, 018002, 018008, 018009]
11023	18	018004	018009	14	12.0	4.0	0,833	true	[018004, 018001, 018005, 018000, 018003, 018007, 018006, 018002, 018009]
11024	18	018004	018009	15	12.0	4.0	0,868	true	[018004, 018001, 018005, 018000, 018003, 018007, 018006, 018009]
11025	18	018004	018009	16	12.0	4.0	0,842	true	[018004, 018001, 018005, 018000, 018003, 018007, 018008, 018002, 018006, 018009]
11026	18	018004	018009	17	12.0	4.0	0,859	true	[018004, 018001, 018005, 018000, 018003, 018007, 018008, 018002, 018009]
11027	18	018004	018009	18	12.0	4.0	0,886	true	[018004, 018001, 018005, 018000, 018003, 018007, 018008, 018009]
11028	18	018004	018009	19	11.0	4.0	0,904	true	[018004, 018001, 018005, 018000, 018003, 018007, 018009]
11029	18	018004	018009	20	12.0	4.0	0,816	true	[018004, 018001, 018005, 018000, 018006, 018002, 018007, 018008, 018009]
11030	18	018004	018009	21	11.0	4.0	0,833	true	[018004, 018001, 018005, 018000, 018006, 018002, 018007, 018009]
11031	18	018004	018009	22	11.0	4.0	0,824	true	[018004, 018001, 018005, 018000, 018006, 018002, 018008, 018007, 018009]
11032	18	018004	018009	23	12.0	4.0	0,841	true	[018004, 018001, 018005, 018000, 018006, 018002, 018008, 018009]
11033	18	018004	018009	24	12.0	4.0	0,850	true	[018004, 018001, 018005, 018000, 018006, 018002, 018009]
11034	18	018004	018009	25	12.0	4.0	0,808	true	[018004, 018001, 018005, 018000, 018006, 018007, 018002, 018008, 018009]
11035	18	018004	018009	26	12.0	4.0	0,816	true	[018004, 018001, 018005, 018000, 018006, 018007, 018002, 018009]
11036	18	018004	018009	27	12.0	4.0	0,808	true	[018004, 018001, 018005, 018000, 018006, 018007, 018008, 018002, 018009]
11037	18	018004	018009	28	12.0	4.0	0,833	true	[018004, 018001, 018005, 018000, 018006, 018007, 018008, 018009]
11038	18	018004	018009	29	11.0	4.0	0,850	true	[018004, 018001, 018005, 018000, 018006, 018007, 018009]
11039	18	018004	018009	30	12.0	4.0	0,885	true	[018004, 018001, 018005, 018000, 018006, 018009]
11040	18	018004	018009	31	11.0	4.0	0,850	true	[018004, 018001, 018005, 018000, 018008, 018002, 018006, 018007, 018009]
11041	18	018004	018009	32	12.0	4.0	0,886	true	[018004, 018001, 018005, 018000, 018008, 018002, 018006, 018009]
11042	18	018004	018009	33	12.0	4.0	0,850	true	[018004, 018001, 018005, 018000, 018008, 018002, 018007, 018006, 018009]
11043	18	018004	018009	34	11.0	4.0	0,886	true	[018004, 018001, 018005, 018000, 018008, 018002, 018007, 018009]
11044	18	018004	018009	35	12.0	4.0	0,904	true	[018004, 018001, 018005, 018000, 018008, 018002, 018009]
11045	18	018004	018009	36	12.0	4.0	0,859	true	[018004, 018001, 018005, 018000, 018008, 018007, 018002, 018006, 018009]
11046	18	018004	018009	37	12.0	4.0	0,877	true	[018004, 018001, 018005, 018000, 018008, 018007, 018002, 018009]
11047	18	018004	018009	38	12.0	4.0	0,842	true	[018004, 018001, 018005, 018000, 018008, 018007, 018006, 018002, 018009]
11048	18	018004	018009	39	12.0	4.0	0,876	true	[018004, 018001, 018005, 018000, 018008, 018007, 018006, 018009]
11049	18	018004	018009	40	11.0	4.0	0,913	true	[018004, 018001, 018005, 018000, 018008, 018007, 018009]
11050	18	018004	018009	41	12.0	4.0	0,932	true	[018004, 018001, 018005, 018000, 018008, 018009]
11051	18	018004	018009	42	12.0	4.0	0,885	true	[018004, 018001, 018005, 018000, 018009]
11052	18	018004	018009	43	12.0	5.0	0,800	true	[018004, 018001, 018005, 018003, 018000, 018002, 018006, 018007, 018008, 018009]
11053	18	018004	018009	44	11.0	6.0	0,816	true	[018004, 018001, 018005, 018003, 018000, 018002, 018006, 018007, 018009]
11054	18	018004	018009	45	12.0	5.0	0,850	true	[018004, 018001, 018005, 018003, 018000, 018002, 018006, 018009]
11055	18	018004	018009	46	12.0	5.0	0,816	true	[018004, 018001, 018005, 018003, 018000, 018002, 018007, 018006, 018009]
11056	18	018004	018009	47	12.0	5.0	0,833	true	[018004, 018001, 018005, 018003, 018000, 018002, 018007, 018008, 018009]
11057	18	018004	018009	48	11.0	5.0	0,850	true	[018004, 018001, 018005, 018003, 018000, 018002, 018007, 018009]
11058	18	018004	018009	49	12.0	5.0	0,808	true	[018004, 018001, 018005, 018003, 018000, 018002, 018008, 018007, 018006, 018009]
11059	18	018004	018009	50	11.0	6.0	0,842	true	[018004, 018001, 018005, 018003, 018000, 018002, 018008, 018007, 018009]
11060	18	018004	018009	51	12.0	5.0	0,859	true	[018004, 018001, 018005, 018003, 018000, 018002, 018008, 018009]
11061	18	018004	018009	52	12.0	5.0	0,868	true	[018004, 018001, 018005, 018003, 018000, 018002, 018009]
11062	18	018004	018009	53	12.0	5.0	0,800	true	[018004, 018001, 018005, 018003, 018000, 018006, 018002, 018007, 018008, 018009]
11063	18	018004	018009	54	11.0	5.0	0,816	true	[018004, 018001, 018005, 018003, 018000, 018006, 018002, 018007, 018009]
11064	18	018004	018009	55	11.0	6.0	0,808	true	[018004, 018001, 018005, 018003, 018000, 018006, 018002, 018008, 018007, 018009]
11065	18	018004	018009	56	12.0	5.0	0,824	true	[018004, 018001, 018005, 018003, 018000, 018006, 018002, 018008, 018009]
11066	18	018004	018009	57	12.0	5.0	0,833	true	[018004, 018001, 018005, 018003, 018000, 018006, 018002, 018009]
11067	18	018004	018009	58	12.0	5.0	0,791	true	[018004, 018001, 018005, 018003, 018000, 018006, 018007, 018002, 018008, 018009]
11068	18	018004	018009	59	12.0	5.0	0,799	true	[018004, 018001, 018005, 018003, 018000, 018006, 018007, 018002, 018009]
11069	18	018004	018009	60	12.0	5.0	0,792	true	[018004, 018001, 018005, 018003, 018000, 018006, 018007, 018008, 018002, 018009]
11070	18	018004	018009	61	12.0	5.0	0,816	true	[018004, 018001, 018005, 018003, 018000, 018006, 018007, 018008, 018009]
11071	18	018004	018009	62	11.0	6.0	0,833	true	[018004, 018001, 018005, 018003, 018000, 018006, 018007, 018009]
11072	18	018004	018009	63	12.0	5.0	0,867	true	[018004, 018001, 018005, 018003, 018000, 018006, 018009]
11073	18	018004	018009	64	11.0	6.0	0,833	true	[018004, 018001, 018005, 018003, 018000, 018008, 018002, 018006, 018007, 018009]
11074	18	018004	018009	65	12.0	5.0	0,868	true	[018004, 018001, 018005, 018003, 018000, 018008, 018002, 018006, 018009]
11075	18	018004	018009	66	12.0	5.0	0,833	true	[018004, 018001, 018005, 018003, 018000, 018008, 018002, 018007, 018006, 018009]
11076	18	018004	018009	67	11.0	5.0	0,868	true	[018004, 018001, 018005, 018003, 018000, 018008, 018002, 018007, 018009]
11077	18	018004	018009	68	12.0	5.0	0,886	true	[018004, 018001, 018005, 018003, 018000, 018008, 018002, 018009]
11078	18	018004	018009	69	12.0	5.0	0,842	true	[018004, 018001, 018005, 018003, 018000, 018008, 018007, 018002, 018006, 018009]
11079	18	018004	018009	70	12.0	5.0	0,859	true	[018004, 018001, 018005, 018003, 018000, 018008, 018007, 018002, 018009]
11080	18	018004	018009	71	12.0	5.0	0,825	true	[018004, 018001, 018005, 018003, 018000, 018008, 018007, 018006, 018002, 018009]
11081	18	018004	018009	72	12.0	5.0	0,859	true	[018004, 018001, 018005, 018003, 018000, 018008, 018007, 018006, 018009]
11082	18	018004	018009	73	11.0	6.0	0,895	true	[018004, 018001, 018005, 018003, 018000, 018008, 018007, 018009]
11083	18	018004	018009	74	12.0	5.0	0,913	true	[018004, 018001, 018005, 018003, 018000, 018008, 018009]
11084	18	018004	018009	75	12.0	8.0	0,867	true	[018004, 018001, 018005, 018003, 018000, 018009]
11085	18	018004	018009	76	12.0	5.0	0,799	true	[018004, 018001, 018005, 018003, 018007, 018002, 018000, 018006, 018009]
11086	18	018004	018009	77	12.0	5.0	0,841	true	[018004, 018001, 018005, 018003, 018007, 018002, 018000, 018008, 018009]
11087	18	018004	018009	78	12.0	5.0	0,799	true	[018004, 018001, 018005, 018003, 018007, 018002, 018000, 018009]
11088	18	018004	018009	79	12.0	5.0	0,808	true	[018004, 018001, 018005, 018003, 018007, 018002, 018006, 018000, 018008, 018009]
11089	18	018004	018009	80	12.0	5.0	0,767	true	[018004, 018001, 018005, 018003, 018007, 018002, 018006, 018000, 018009]
11090	18	018004	018009	81	12.0	5.0	0,850	true	[018004, 018001, 018005, 018003, 018007, 018002, 018006, 018009]
11091	18	018004	018009	82	12.0	5.0	0,816	true	[018004, 018001, 018005, 018003, 018007, 018002, 018008, 018000, 018006, 018009]
11092	18	018004	018009	83	12.0	5.0	0,816	true	[018004, 018001, 018005, 018003, 018007, 018002, 018008, 018000, 018009]
11093	18	018004	018009	84	12.0	5.0	0,859	true	[018004, 018001, 018005, 018003, 018007, 018002, 018008, 018009]
11094	18	018004	018009	85	12.0	5.0	0,868	true	[018004, 018001, 018005, 018003, 018007, 018002, 018009]
11095	18	018004	018009	86	12.0	5.0	0,775	true	[018004, 018001, 018005, 018003, 018007, 018006, 018000, 018002, 018008, 018009]
11096	18	018004	018009	87	12.0	5.0	0,783	true	[018004, 018001, 018005, 018003, 018007, 018006, 018000, 018002, 018009]
11097	18	018004	018009	88	12.0	5.0	0,800	true	[018004, 018001, 018005, 018003, 018007, 018006, 018000, 018008, 018002, 018009]
11098	18	018004	018009	89	12.0	5.0	0,824	true	[018004, 018001, 018005, 018003, 018007, 018006, 018000, 018008, 018009]
11099	18	018004	018009	90	12.0	8.0	0,783	true	[018004, 018001, 018005, 018003, 018007, 018006, 018000, 018009]
11100	18	018004	018009	91	12.0	5.0	0,808	true	[018004, 018001, 018005, 018003, 018007, 018006, 018002, 018000, 018008, 018009]
11101	18	018004	018009	92	12.0	7.0	0,767	true	[018004, 018001, 018005, 018003, 018007, 018006, 018002, 018000, 018009]
11102	18	018004	018009	93	12.0	7.0	0,783	true	[018004, 018001, 018005, 018003, 018007, 018006, 018002, 018008, 018000, 018009]
11103	18	018004	018009	94	12.0	5.0	0,825	true	[018004, 018001, 018005, 018003, 018007, 018006, 018002, 018008, 018009]
11104	18	018004	018009	95	12.0	5.0	0,833	true	[018004, 018001, 018005, 018003, 018007, 018006, 018002, 018009]
11105	18	018004	018009	96	12.0	5.0	0,867	true	[018004, 018001, 018005, 018003, 018007, 018006, 018009]
11106	18	018004	018009	97	12.0	5.0	0,825	true	[018004, 018001, 018005, 018003, 018007, 018008, 018000, 018002, 018006, 018009]
11107	18	018004	018009	98	12.0	5.0	0,842	true	[018004, 018001, 018005, 018003, 018007, 018008, 018000, 018002, 018009]
11108	18	018004	018009	99	12.0	5.0	0,808	true	[018004, 018001, 018005, 018003, 018007, 018008, 018000, 018006, 018002, 018009]
11109	18	018004	018009	100	12.0	5.0	0,841	true	[018004, 018001, 018005, 018003, 018007, 018008, 018000, 018006, 018009]
11110	18	018004	018009	101	12.0	7.0	0,841	true	[018004, 018001, 018005, 018003, 018007, 018008, 018000, 018009]
11111	18	018004	018009	102	12.0	5.0	0,886	true	[018004, 018001, 018005, 018003, 018007, 018008, 018009]
11112	18	018004	018009	103	11.0	6.0	0,904	true	[018004, 018001, 018005, 018003, 018007, 018009]
11113	18	018004	018009	104	23.0	6.0	0,980	true	[018004, 018001, 018009]
11114	19	019001	019005	0	14.0	3.0	0,960	true	[019001, 019000, 019002, 019003, 019004, 019005]
11115	19	019001	019005	1	50.0	3.0	0,922	true	[019001, 019000, 019002, 019003, 019004, 019007, 019005]
11116	19	019001	019005	2	14.0	3.0	0,913	true	[019001, 019000, 019002, 019003, 019004, 019007, 019008, 019005]
11117	19	019001	019005	3	50.0	3.0	0,931	true	[019001, 019000, 019002, 019003, 019004, 019008, 019005]
11118	19	019001	019005	4	14.0	3.0	0,885	true	[019001, 019000, 019002, 019003, 019004, 019008, 019007, 019005]
11119	19	019001	019005	5	31.0	3.0	0,894	true	[019001, 019000, 019002, 019003, 019004, 019009, 019007, 019005]
11120	19	019001	019005	6	14.0	3.0	0,885	true	[019001, 019000, 019002, 019003, 019004, 019009, 019007, 019008, 019005]
11121	19	019001	019005	7	46.0	3.0	0,951	true	[019001, 019000, 019002, 019003, 019005]
11122	19	019001	019005	8	14.0	3.0	0,904	true	[019001, 019000, 019002, 019003, 019006, 019007, 019004, 019005]
11123	19	019001	019005	9	21.0	3.0	0,877	true	[019001, 019000, 019002, 019003, 019006, 019007, 019004, 019008, 019005]
11124	19	019001	019005	10	21.0	3.0	0,922	true	[019001, 019000, 019002, 019003, 019006, 019007, 019005]
11125	19	019001	019005	11	14.0	3.0	0,868	true	[019001, 019000, 019002, 019003, 019006, 019007, 019008, 019004, 019005]
11126	19	019001	019005	12	14.0	3.0	0,913	true	[019001, 019000, 019002, 019003, 019006, 019007, 019008, 019005]
11127	19	019001	019005	13	14.0	3.0	0,877	true	[019001, 019000, 019002, 019003, 019006, 019007, 019009, 019004, 019005]
11128	19	019001	019005	14	21.0	3.0	0,850	true	[019001, 019000, 019002, 019003, 019006, 019007, 019009, 019004, 019008, 019005]
11129	19	019001	019005	15	14.0	3.0	0,922	true	[019001, 019000, 019002, 019003, 019007, 019004, 019005]
11130	19	019001	019005	16	46.0	3.0	0,895	true	[019001, 019000, 019002, 019003, 019007, 019004, 019008, 019005]
11131	19	019001	019005	17	46.0	3.0	0,941	true	[019001, 019000, 019002, 019003, 019007, 019005]
11132	19	019001	019005	18	14.0	3.0	0,885	true	[019001, 019000, 019002, 019003, 019007, 019008, 019004, 019005]
11133	19	019001	019005	19	14.0	3.0	0,932	true	[019001, 019000, 019002, 019003, 019007, 019008, 019005]
11134	19	019001	019005	20	14.0	3.0	0,895	true	[019001, 019000, 019002, 019003, 019007, 019009, 019004, 019005]
11135	19	019001	019005	21	31.0	3.0	0,868	true	[019001, 019000, 019002, 019003, 019007, 019009, 019004, 019008, 019005]
11136	19	019001	019005	22	14.0	3.0	0,894	true	[019001, 019000, 019002, 019003, 019008, 019004, 019005]
11137	19	019001	019005	23	50.0	3.0	0,859	true	[019001, 019000, 019002, 019003, 019008, 019004, 019007, 019005]
11138	19	019001	019005	24	31.0	3.0	0,833	true	[019001, 019000, 019002, 019003, 019008, 019004, 019009, 019007, 019005]
11139	19	019001	019005	25	50.0	3.0	0,941	true	[019001, 019000, 019002, 019003, 019008, 019005]
11140	19	019001	019005	26	14.0	3.0	0,877	true	[019001, 019000, 019002, 019003, 019008, 019007, 019004, 019005]
11141	19	019001	019005	27	14.0	3.0	0,895	true	[019001, 019000, 019002, 019003, 019008, 019007, 019005]
11142	19	019001	019005	28	14.0	3.0	0,850	true	[019001, 019000, 019002, 019003, 019008, 019007, 019009, 019004, 019005]
11143	19	019001	019005	29	14.0	3.0	0,913	true	[019001, 019000, 019002, 019003, 019009, 019004, 019005]
11144	19	019001	019005	30	32.0	3.0	0,877	true	[019001, 019000, 019002, 019003, 019009, 019004, 019007, 019005]
11145	19	019001	019005	31	14.0	3.0	0,868	true	[019001, 019000, 019002, 019003, 019009, 019004, 019007, 019008, 019005]
11146	19	019001	019005	32	32.0	3.0	0,885	true	[019001, 019000, 019002, 019003, 019009, 019004, 019008, 019005]
11147	19	019001	019005	33	14.0	3.0	0,842	true	[019001, 019000, 019002, 019003, 019009, 019004, 019008, 019007, 019005]
11148	19	019001	019005	34	14.0	3.0	0,868	true	[019001, 019000, 019002, 019003, 019009, 019007, 019004, 019005]
11149	19	019001	019005	35	31.0	3.0	0,841	true	[019001, 019000, 019002, 019003, 019009, 019007, 019004, 019008, 019005]
11150	19	019001	019005	36	31.0	3.0	0,885	true	[019001, 019000, 019002, 019003, 019009, 019007, 019005]
11151	19	019001	019005	37	14.0	3.0	0,833	true	[019001, 019000, 019002, 019003, 019009, 019007, 019008, 019004, 019005]
11152	19	019001	019005	38	14.0	3.0	0,876	true	[019001, 019000, 019002, 019003, 019009, 019007, 019008, 019005]
11153	19	019001	019005	39	35.0	3.0	0,941	true	[019001, 019000, 019002, 019005]
11154	19	019001	019005	40	14.0	3.0	0,932	true	[019001, 019000, 019002, 019006, 019003, 019004, 019005]
11155	19	019001	019005	41	21.0	3.0	0,895	true	[019001, 019000, 019002, 019006, 019003, 019004, 019007, 019005]
11156	19	019001	019005	42	14.0	3.0	0,886	true	[019001, 019000, 019002, 019006, 019003, 019004, 019007, 019008, 019005]
11157	19	019001	019005	43	21.0	3.0	0,904	true	[019001, 019000, 019002, 019006, 019003, 019004, 019008, 019005]
11158	19	019001	019005	44	14.0	3.0	0,859	true	[019001, 019000, 019002, 019006, 019003, 019004, 019008, 019007, 019005]
11159	19	019001	019005	45	21.0	3.0	0,868	true	[019001, 019000, 019002, 019006, 019003, 019004, 019009, 019007, 019005]
11160	19	019001	019005	46	14.0	3.0	0,859	true	[019001, 019000, 019002, 019006, 019003, 019004, 019009, 019007, 019008, 019005]
11161	19	019001	019005	47	21.0	3.0	0,922	true	[019001, 019000, 019002, 019006, 019003, 019005]
11162	19	019001	019005	48	14.0	3.0	0,895	true	[019001, 019000, 019002, 019006, 019003, 019007, 019004, 019005]
11163	19	019001	019005	49	21.0	3.0	0,868	true	[019001, 019000, 019002, 019006, 019003, 019007, 019004, 019008, 019005]
11164	19	019001	019005	50	21.0	3.0	0,913	true	[019001, 019000, 019002, 019006, 019003, 019007, 019005]
11165	19	019001	019005	51	14.0	3.0	0,859	true	[019001, 019000, 019002, 019006, 019003, 019007, 019008, 019004, 019005]
11166	19	019001	019005	52	14.0	3.0	0,904	true	[019001, 019000, 019002, 019006, 019003, 019007, 019008, 019005]
11167	19	019001	019005	53	14.0	3.0	0,868	true	[019001, 019000, 019002, 019006, 019003, 019007, 019009, 019004, 019005]
11168	19	019001	019005	54	21.0	3.0	0,842	true	[019001, 019000, 019002, 019006, 019003, 019007, 019009, 019004, 019008, 019005]
11169	19	019001	019005	55	14.0	3.0	0,868	true	[019001, 019000, 019002, 019006, 019003, 019008, 019004, 019005]
11170	19	019001	019005	56	21.0	3.0	0,833	true	[019001, 019000, 019002, 019006, 019003, 019008, 019004, 019007, 019005]
11171	19	019001	019005	57	21.0	3.0	0,808	true	[019001, 019000, 019002, 019006, 019003, 019008, 019004, 019009, 019007, 019005]
11172	19	019001	019005	58	21.0	3.0	0,913	true	[019001, 019000, 019002, 019006, 019003, 019008, 019005]
11173	19	019001	019005	59	14.0	3.0	0,850	true	[019001, 019000, 019002, 019006, 019003, 019008, 019007, 019004, 019005]
11174	19	019001	019005	60	14.0	3.0	0,868	true	[019001, 019000, 019002, 019006, 019003, 019008, 019007, 019005]
11175	19	019001	019005	61	14.0	3.0	0,825	true	[019001, 019000, 019002, 019006, 019003, 019008, 019007, 019009, 019004, 019005]
11176	19	019001	019005	62	14.0	3.0	0,886	true	[019001, 019000, 019002, 019006, 019003, 019009, 019004, 019005]
11177	19	019001	019005	63	21.0	3.0	0,850	true	[019001, 019000, 019002, 019006, 019003, 019009, 019004, 019007, 019005]
11178	19	019001	019005	64	14.0	3.0	0,842	true	[019001, 019000, 019002, 019006, 019003, 019009, 019004, 019007, 019008, 019005]
11179	19	019001	019005	65	21.0	3.0	0,859	true	[019001, 019000, 019002, 019006, 019003, 019009, 019004, 019008, 019005]
11180	19	019001	019005	66	14.0	3.0	0,816	true	[019001, 019000, 019002, 019006, 019003, 019009, 019004, 019008, 019007, 019005]
11181	19	019001	019005	67	14.0	3.0	0,842	true	[019001, 019000, 019002, 019006, 019003, 019009, 019007, 019004, 019005]
11182	19	019001	019005	68	21.0	3.0	0,816	true	[019001, 019000, 019002, 019006, 019003, 019009, 019007, 019004, 019008, 019005]
11183	19	019001	019005	69	21.0	3.0	0,859	true	[019001, 019000, 019002, 019006, 019003, 019009, 019007, 019005]
11184	19	019001	019005	70	14.0	3.0	0,808	true	[019001, 019000, 019002, 019006, 019003, 019009, 019007, 019008, 019004, 019005]
11185	19	019001	019005	71	14.0	3.0	0,850	true	[019001, 019000, 019002, 019006, 019003, 019009, 019007, 019008, 019005]
11186	19	019001	019005	72	14.0	3.0	0,913	true	[019001, 019000, 019002, 019006, 019007, 019003, 019004, 019005]
11187	19	019001	019005	73	32.0	3.0	0,886	true	[019001, 019000, 019002, 019006, 019007, 019003, 019004, 019008, 019005]
11188	19	019001	019005	74	32.0	3.0	0,904	true	[019001, 019000, 019002, 019006, 019007, 019003, 019005]
11189	19	019001	019005	75	14.0	3.0	0,850	true	[019001, 019000, 019002, 019006, 019007, 019003, 019008, 019004, 019005]
11190	19	019001	019005	76	32.0	3.0	0,895	true	[019001, 019000, 019002, 019006, 019007, 019003, 019008, 019005]
11191	19	019001	019005	77	14.0	3.0	0,868	true	[019001, 019000, 019002, 019006, 019007, 019003, 019009, 019004, 019005]
11192	19	019001	019005	78	32.0	3.0	0,842	true	[019001, 019000, 019002, 019006, 019007, 019003, 019009, 019004, 019008, 019005]
11193	19	019001	019005	79	32.0	3.0	0,886	true	[019001, 019000, 019002, 019006, 019007, 019004, 019003, 019005]
11194	19	019001	019005	80	32.0	3.0	0,877	true	[019001, 019000, 019002, 019006, 019007, 019004, 019003, 019008, 019005]
11195	19	019001	019005	81	14.0	3.0	0,895	true	[019001, 019000, 019002, 019006, 019007, 019004, 019005]
11196	19	019001	019005	82	32.0	3.0	0,825	true	[019001, 019000, 019002, 019006, 019007, 019004, 019008, 019003, 019005]
11197	19	019001	019005	83	32.0	3.0	0,868	true	[019001, 019000, 019002, 019006, 019007, 019004, 019008, 019005]
11198	19	019001	019005	84	32.0	3.0	0,842	true	[019001, 019000, 019002, 019006, 019007, 019004, 019009, 019003, 019005]
11199	19	019001	019005	85	32.0	3.0	0,833	true	[019001, 019000, 019002, 019006, 019007, 019004, 019009, 019003, 019008, 019005]
11200	19	019001	019005	86	32.0	3.0	0,913	true	[019001, 019000, 019002, 019006, 019007, 019005]
11201	19	019001	019005	87	14.0	3.0	0,868	true	[019001, 019000, 019002, 019006, 019007, 019008, 019003, 019004, 019005]
11202	19	019001	019005	88	14.0	3.0	0,859	true	[019001, 019000, 019002, 019006, 019007, 019008, 019003, 019005]
11203	19	019001	019005	89	14.0	3.0	0,825	true	[019001, 019000, 019002, 019006, 019007, 019008, 019003, 019009, 019004, 019005]
11204	19	019001	019005	90	14.0	3.0	0,850	true	[019001, 019000, 019002, 019006, 019007, 019008, 019004, 019003, 019005]
11205	19	019001	019005	91	14.0	3.0	0,859	true	[019001, 019000, 019002, 019006, 019007, 019008, 019004, 019005]
11206	19	019001	019005	92	14.0	3.0	0,808	true	[019001, 019000, 019002, 019006, 019007, 019008, 019004, 019009, 019003, 019005]
11207	19	019001	019005	93	14.0	3.0	0,904	true	[019001, 019000, 019002, 019006, 019007, 019008, 019005]
11208	19	019001	019005	94	14.0	3.0	0,859	true	[019001, 019000, 019002, 019006, 019007, 019009, 019003, 019004, 019005]
11209	19	019001	019005	95	31.0	3.0	0,833	true	[019001, 019000, 019002, 019006, 019007, 019009, 019003, 019004, 019008, 019005]
11210	19	019001	019005	96	31.0	3.0	0,850	true	[019001, 019000, 019002, 019006, 019007, 019009, 019003, 019005]
11211	19	019001	019005	97	14.0	3.0	0,800	true	[019001, 019000, 019002, 019006, 019007, 019009, 019003, 019008, 019004, 019005]
11212	19	019001	019005	98	31.0	3.0	0,842	true	[019001, 019000, 019002, 019006, 019007, 019009, 019003, 019008, 019005]
11213	19	019001	019005	99	31.0	3.0	0,859	true	[019001, 019000, 019002, 019006, 019007, 019009, 019004, 019003, 019005]
11214	19	019001	019005	100	31.0	3.0	0,850	true	[019001, 019000, 019002, 019006, 019007, 019009, 019004, 019003, 019008, 019005]
11215	19	019001	019005	101	14.0	3.0	0,868	true	[019001, 019000, 019002, 019006, 019007, 019009, 019004, 019005]
11216	19	019001	019005	102	65.0	8.0	0,970	true	[019001, 019005]
11217	20	020009	020008	0	16.0	5.0	0,783	true	[020009, 020001, 020000, 020003, 020004, 020002, 020006, 020005, 020007, 020008]
11218	20	020009	020008	1	20.0	4.0	0,799	true	[020009, 020001, 020000, 020003, 020004, 020002, 020006, 020005, 020008]
11219	20	020009	020008	2	20.0	4.0	0,816	true	[020009, 020001, 020000, 020003, 020004, 020002, 020006, 020007, 020005, 020008]
11220	20	020009	020008	3	16.0	5.0	0,816	true	[020009, 020001, 020000, 020003, 020004, 020002, 020006, 020007, 020008]
11221	20	020009	020008	4	20.0	5.0	0,799	true	[020009, 020001, 020000, 020003, 020004, 020002, 020006, 020008]
11222	20	020009	020008	5	23.0	5.0	0,783	true	[020009, 020001, 020000, 020003, 020004, 020002, 020007, 020005, 020006, 020008]
11223	20	020009	020008	6	23.0	4.0	0,850	true	[020009, 020001, 020000, 020003, 020004, 020002, 020007, 020005, 020008]
11224	20	020009	020008	7	23.0	4.0	0,816	true	[020009, 020001, 020000, 020003, 020004, 020002, 020007, 020006, 020005, 020008]
11225	20	020009	020008	8	23.0	5.0	0,816	true	[020009, 020001, 020000, 020003, 020004, 020002, 020007, 020006, 020008]
11226	20	020009	020008	9	16.0	5.0	0,850	true	[020009, 020001, 020000, 020003, 020004, 020002, 020007, 020008]
11227	20	020009	020008	10	9.0	5.0	0,841	true	[020009, 020001, 020000, 020003, 020004, 020002, 020008]
11228	20	020009	020008	11	16.0	5.0	0,744	true	[020009, 020001, 020000, 020003, 020004, 020005, 020006, 020002, 020007, 020008]
11229	20	020009	020008	12	9.0	5.0	0,736	true	[020009, 020001, 020000, 020003, 020004, 020005, 020006, 020002, 020008]
11230	20	020009	020008	13	9.0	5.0	0,752	true	[020009, 020001, 020000, 020003, 020004, 020005, 020006, 020007, 020002, 020008]
11231	20	020009	020008	14	16.0	5.0	0,791	true	[020009, 020001, 020000, 020003, 020004, 020005, 020006, 020007, 020008]
11232	20	020009	020008	15	23.0	5.0	0,775	true	[020009, 020001, 020000, 020003, 020004, 020005, 020006, 020008]
11233	20	020009	020008	16	20.0	5.0	0,744	true	[020009, 020001, 020000, 020003, 020004, 020005, 020007, 020002, 020006, 020008]
11234	20	020009	020008	17	9.0	5.0	0,783	true	[020009, 020001, 020000, 020003, 020004, 020005, 020007, 020002, 020008]
11235	20	020009	020008	18	9.0	5.0	0,751	true	[020009, 020001, 020000, 020003, 020004, 020005, 020007, 020006, 020002, 020008]
11236	20	020009	020008	19	23.0	5.0	0,791	true	[020009, 020001, 020000, 020003, 020004, 020005, 020007, 020006, 020008]
11237	20	020009	020008	20	16.0	5.0	0,824	true	[020009, 020001, 020000, 020003, 020004, 020005, 020007, 020008]
11238	20	020009	020008	21	23.0	4.0	0,841	true	[020009, 020001, 020000, 020003, 020004, 020005, 020008]
11239	20	020009	020008	22	20.0	3.0	0,783	true	[020009, 020001, 020000, 020003, 020004, 020007, 020002, 020006, 020005, 020008]
11240	20	020009	020008	23	20.0	3.0	0,783	true	[020009, 020001, 020000, 020003, 020004, 020007, 020002, 020006, 020008]
11241	20	020009	020008	24	9.0	3.0	0,824	true	[020009, 020001, 020000, 020003, 020004, 020007, 020002, 020008]
11242	20	020009	020008	25	9.0	3.0	0,759	true	[020009, 020001, 020000, 020003, 020004, 020007, 020005, 020006, 020002, 020008]
11243	20	020009	020008	26	23.0	3.0	0,799	true	[020009, 020001, 020000, 020003, 020004, 020007, 020005, 020006, 020008]
11244	20	020009	020008	27	23.0	3.0	0,867	true	[020009, 020001, 020000, 020003, 020004, 020007, 020005, 020008]
11245	20	020009	020008	28	9.0	3.0	0,791	true	[020009, 020001, 020000, 020003, 020004, 020007, 020006, 020002, 020008]
11246	20	020009	020008	29	23.0	3.0	0,833	true	[020009, 020001, 020000, 020003, 020004, 020007, 020006, 020005, 020008]
11247	20	020009	020008	30	23.0	3.0	0,832	true	[020009, 020001, 020000, 020003, 020004, 020007, 020006, 020008]
11248	20	020009	020008	31	16.0	3.0	0,867	true	[020009, 020001, 020000, 020003, 020004, 020007, 020008]
11249	20	020009	020008	32	23.0	5.0	0,858	true	[020009, 020001, 020000, 020003, 020004, 020008]
11250	20	020009	020008	33	36.0	3.0	0,752	true	[020009, 020001, 020000, 020003, 020007, 020002, 020004, 020005, 020006, 020008]
11251	20	020009	020008	34	36.0	3.0	0,816	true	[020009, 020001, 020000, 020003, 020007, 020002, 020004, 020005, 020008]
11252	20	020009	020008	35	31.0	3.0	0,833	true	[020009, 020001, 020000, 020003, 020007, 020002, 020004, 020008]
11253	20	020009	020008	36	20.0	3.0	0,729	true	[020009, 020001, 020000, 020003, 020007, 020002, 020006, 020005, 020004, 020008]
11254	20	020009	020008	37	20.0	3.0	0,791	true	[020009, 020001, 020000, 020003, 020007, 020002, 020006, 020005, 020008]
11255	20	020009	020008	38	20.0	3.0	0,791	true	[020009, 020001, 020000, 020003, 020007, 020002, 020006, 020008]
11256	20	020009	020008	39	9.0	3.0	0,832	true	[020009, 020001, 020000, 020003, 020007, 020002, 020008]
11257	20	020009	020008	40	20.0	3.0	0,791	true	[020009, 020001, 020000, 020003, 020007, 020004, 020002, 020006, 020005, 020008]
11258	20	020009	020008	41	20.0	3.0	0,791	true	[020009, 020001, 020000, 020003, 020007, 020004, 020002, 020006, 020008]
11259	20	020009	020008	42	9.0	3.0	0,832	true	[020009, 020001, 020000, 020003, 020007, 020004, 020002, 020008]
11260	20	020009	020008	43	9.0	3.0	0,729	true	[020009, 020001, 020000, 020003, 020007, 020004, 020005, 020006, 020002, 020008]
11261	20	020009	020008	44	36.0	3.0	0,767	true	[020009, 020001, 020000, 020003, 020007, 020004, 020005, 020006, 020008]
11262	20	020009	020008	45	36.0	3.0	0,832	true	[020009, 020001, 020000, 020003, 020007, 020004, 020005, 020008]
11263	20	020009	020008	46	31.0	3.0	0,850	true	[020009, 020001, 020000, 020003, 020007, 020004, 020008]
11264	20	020009	020008	47	20.0	3.0	0,751	true	[020009, 020001, 020000, 020003, 020007, 020005, 020004, 020002, 020006, 020008]
11265	20	020009	020008	48	9.0	3.0	0,791	true	[020009, 020001, 020000, 020003, 020007, 020005, 020004, 020002, 020008]
11266	20	020009	020008	49	31.0	3.0	0,807	true	[020009, 020001, 020000, 020003, 020007, 020005, 020004, 020008]
11267	20	020009	020008	50	20.0	3.0	0,767	true	[020009, 020001, 020000, 020003, 020007, 020005, 020006, 020002, 020004, 020008]
11268	20	020009	020008	51	9.0	3.0	0,767	true	[020009, 020001, 020000, 020003, 020007, 020005, 020006, 020002, 020008]
11269	20	020009	020008	52	36.0	3.0	0,807	true	[020009, 020001, 020000, 020003, 020007, 020005, 020006, 020008]
11270	20	020009	020008	53	36.0	3.0	0,876	true	[020009, 020001, 020000, 020003, 020007, 020005, 020008]
11271	20	020009	020008	54	20.0	3.0	0,783	true	[020009, 020001, 020000, 020003, 020007, 020006, 020002, 020004, 020005, 020008]
11272	20	020009	020008	55	20.0	3.0	0,799	true	[020009, 020001, 020000, 020003, 020007, 020006, 020002, 020004, 020008]
11273	20	020009	020008	56	9.0	3.0	0,799	true	[020009, 020001, 020000, 020003, 020007, 020006, 020002, 020008]
11274	20	020009	020008	57	9.0	3.0	0,759	true	[020009, 020001, 020000, 020003, 020007, 020006, 020005, 020004, 020002, 020008]
11275	20	020009	020008	58	31.0	3.0	0,775	true	[020009, 020001, 020000, 020003, 020007, 020006, 020005, 020004, 020008]
11276	20	020009	020008	59	36.0	3.0	0,841	true	[020009, 020001, 020000, 020003, 020007, 020006, 020005, 020008]
11277	20	020009	020008	60	36.0	3.0	0,841	true	[020009, 020001, 020000, 020003, 020007, 020006, 020008]
11278	20	020009	020008	61	16.0	3.0	0,876	true	[020009, 020001, 020000, 020003, 020007, 020008]
11279	20	020009	020008	62	35.0	5.0	0,912	true	[020009, 020001, 020000, 020003, 020008]
11280	20	020009	020008	63	20.0	3.0	0,759	true	[020009, 020001, 020000, 020004, 020002, 020006, 020005, 020007, 020003, 020008]
11281	20	020009	020008	64	16.0	6.0	0,775	true	[020009, 020001, 020000, 020004, 020002, 020006, 020005, 020007, 020008]
11282	20	020009	020008	65	20.0	4.0	0,791	true	[020009, 020001, 020000, 020004, 020002, 020006, 020005, 020008]
11283	20	020009	020008	66	20.0	3.0	0,791	true	[020009, 020001, 020000, 020004, 020002, 020006, 020007, 020003, 020008]
11284	20	020009	020008	67	20.0	4.0	0,807	true	[020009, 020001, 020000, 020004, 020002, 020006, 020007, 020005, 020008]
11285	20	020009	020008	68	16.0	5.0	0,807	true	[020009, 020001, 020000, 020004, 020002, 020006, 020007, 020008]
11286	20	020009	020008	69	20.0	6.0	0,790	true	[020009, 020001, 020000, 020004, 020002, 020006, 020008]
11287	20	020009	020008	70	35.0	3.0	0,824	true	[020009, 020001, 020000, 020004, 020002, 020007, 020003, 020008]
11288	20	020009	020008	71	36.0	6.0	0,775	true	[020009, 020001, 020000, 020004, 020002, 020007, 020005, 020006, 020008]
11289	20	020009	020008	72	36.0	4.0	0,841	true	[020009, 020001, 020000, 020004, 020002, 020007, 020005, 020008]
11290	20	020009	020008	73	36.0	4.0	0,807	true	[020009, 020001, 020000, 020004, 020002, 020007, 020006, 020005, 020008]
11291	20	020009	020008	74	36.0	5.0	0,807	true	[020009, 020001, 020000, 020004, 020002, 020007, 020006, 020008]
11292	20	020009	020008	75	16.0	6.0	0,841	true	[020009, 020001, 020000, 020004, 020002, 020007, 020008]
11293	20	020009	020008	76	9.0	6.0	0,832	true	[020009, 020001, 020000, 020004, 020002, 020008]
11294	20	020009	020008	77	20.0	3.0	0,736	true	[020009, 020001, 020000, 020004, 020003, 020007, 020002, 020006, 020005, 020008]
11295	20	020009	020008	78	20.0	3.0	0,736	true	[020009, 020001, 020000, 020004, 020003, 020007, 020002, 020006, 020008]
11296	20	020009	020008	79	9.0	3.0	0,775	true	[020009, 020001, 020000, 020004, 020003, 020007, 020002, 020008]
11297	20	020009	020008	80	9.0	3.0	0,714	true	[020009, 020001, 020000, 020004, 020003, 020007, 020005, 020006, 020002, 020008]
11298	20	020009	020008	81	23.0	3.0	0,751	true	[020009, 020001, 020000, 020004, 020003, 020007, 020005, 020006, 020008]
11299	20	020009	020008	82	23.0	3.0	0,816	true	[020009, 020001, 020000, 020004, 020003, 020007, 020005, 020008]
11300	20	020009	020008	83	9.0	3.0	0,744	true	[020009, 020001, 020000, 020004, 020003, 020007, 020006, 020002, 020008]
11301	20	020009	020008	84	23.0	3.0	0,783	true	[020009, 020001, 020000, 020004, 020003, 020007, 020006, 020005, 020008]
11302	20	020009	020008	85	23.0	3.0	0,783	true	[020009, 020001, 020000, 020004, 020003, 020007, 020006, 020008]
11303	20	020009	020008	86	16.0	3.0	0,816	true	[020009, 020001, 020000, 020004, 020003, 020007, 020008]
11304	20	020009	020008	87	23.0	5.0	0,849	true	[020009, 020001, 020000, 020004, 020003, 020008]
11305	20	020009	020008	88	20.0	3.0	0,721	true	[020009, 020001, 020000, 020004, 020005, 020006, 020002, 020007, 020003, 020008]
11306	20	020009	020008	89	16.0	6.0	0,736	true	[020009, 020001, 020000, 020004, 020005, 020006, 020002, 020007, 020008]
11307	20	020009	020008	90	9.0	6.0	0,728	true	[020009, 020001, 020000, 020004, 020005, 020006, 020002, 020008]
11308	20	020009	020008	91	9.0	5.0	0,743	true	[020009, 020001, 020000, 020004, 020005, 020006, 020007, 020002, 020008]
11309	20	020009	020008	92	35.0	3.0	0,767	true	[020009, 020001, 020000, 020004, 020005, 020006, 020007, 020003, 020008]
11310	20	020009	020008	93	16.0	5.0	0,783	true	[020009, 020001, 020000, 020004, 020005, 020006, 020007, 020008]
11311	20	020009	020008	94	36.0	6.0	0,766	true	[020009, 020001, 020000, 020004, 020005, 020006, 020008]
11312	20	020009	020008	95	20.0	6.0	0,736	true	[020009, 020001, 020000, 020004, 020005, 020007, 020002, 020006, 020008]
11313	20	020009	020008	96	9.0	6.0	0,774	true	[020009, 020001, 020000, 020004, 020005, 020007, 020002, 020008]
11314	20	020009	020008	97	35.0	3.0	0,799	true	[020009, 020001, 020000, 020004, 020005, 020007, 020003, 020008]
11315	20	020009	020008	98	9.0	5.0	0,743	true	[020009, 020001, 020000, 020004, 020005, 020007, 020006, 020002, 020008]
11316	20	020009	020008	99	36.0	5.0	0,782	true	[020009, 020001, 020000, 020004, 020005, 020007, 020006, 020008]
11317	20	020009	020008	100	16.0	6.0	0,815	true	[020009, 020001, 020000, 020004, 020005, 020007, 020008]
11318	20	020009	020008	101	36.0	4.0	0,832	true	[020009, 020001, 020000, 020004, 020005, 020008]
11319	20	020009	020008	102	31.0	5.0	0,849	true	[020009, 020001, 020000, 020004, 020008]
11320	20	020009	020008	103	22.0	4.0	0,884	true	[020009, 020001, 020000, 020008]
11321	20	020009	020008	104	15.0	6.0	0,950	true	[020009, 020001, 020008]
11322	20	020009	020008	105	32.0	10.0	0,960	true	[020009, 020008]
11323	21	021009	021005	0	17.0	4.0	0,849	true	[021009, 021000, 021001, 021002, 021003, 021004, 021005]
11324	21	021009	021005	1	17.0	4.0	0,824	true	[021009, 021000, 021001, 021002, 021003, 021004, 021006, 021005]
11325	21	021009	021005	2	17.0	3.0	0,775	true	[021009, 021000, 021001, 021002, 021003, 021004, 021006, 021007, 021005]
11326	21	021009	021005	3	6.0	3.0	0,736	true	[021009, 021000, 021001, 021002, 021003, 021004, 021006, 021008, 021007, 021005]
11327	21	021009	021005	4	17.0	4.0	0,875	true	[021009, 021000, 021001, 021002, 021003, 021005]
11328	21	021009	021005	5	17.0	4.0	0,849	true	[021009, 021000, 021001, 021002, 021003, 021006, 021004, 021005]
11329	21	021009	021005	6	17.0	4.0	0,858	true	[021009, 021000, 021001, 021002, 021003, 021006, 021005]
11330	21	021009	021005	7	17.0	3.0	0,807	true	[021009, 021000, 021001, 021002, 021003, 021006, 021007, 021005]
11331	21	021009	021005	8	6.0	3.0	0,766	true	[021009, 021000, 021001, 021002, 021003, 021006, 021008, 021007, 021005]
11332	21	021009	021005	9	17.0	4.0	0,815	true	[021009, 021000, 021001, 021002, 021003, 021007, 021005]
11333	21	021009	021005	10	17.0	3.0	0,807	true	[021009, 021000, 021001, 021002, 021003, 021007, 021006, 021004, 021005]
11334	21	021009	021005	11	17.0	3.0	0,816	true	[021009, 021000, 021001, 021002, 021003, 021007, 021006, 021005]
11335	21	021009	021005	12	6.0	3.0	0,767	true	[021009, 021000, 021001, 021002, 021003, 021007, 021008, 021006, 021004, 021005]
11336	21	021009	021005	13	6.0	3.0	0,775	true	[021009, 021000, 021001, 021002, 021003, 021007, 021008, 021006, 021005]
11337	21	021009	021005	14	17.0	3.0	0,799	true	[021009, 021000, 021001, 021002, 021003, 021008, 021006, 021004, 021005]
11338	21	021009	021005	15	17.0	3.0	0,807	true	[021009, 021000, 021001, 021002, 021003, 021008, 021006, 021005]
11339	21	021009	021005	16	17.0	3.0	0,759	true	[021009, 021000, 021001, 021002, 021003, 021008, 021006, 021007, 021005]
11340	21	021009	021005	17	6.0	4.0	0,766	true	[021009, 021000, 021001, 021002, 021003, 021008, 021007, 021005]
11341	21	021009	021005	18	6.0	3.0	0,759	true	[021009, 021000, 021001, 021002, 021003, 021008, 021007, 021006, 021004, 021005]
11342	21	021009	021005	19	6.0	3.0	0,767	true	[021009, 021000, 021001, 021002, 021003, 021008, 021007, 021006, 021005]
11343	21	021009	021005	20	17.0	4.0	0,876	true	[021009, 021000, 021001, 021002, 021004, 021003, 021005]
11344	21	021009	021005	21	17.0	4.0	0,858	true	[021009, 021000, 021001, 021002, 021004, 021003, 021006, 021005]
11345	21	021009	021005	22	17.0	3.0	0,807	true	[021009, 021000, 021001, 021002, 021004, 021003, 021006, 021007, 021005]
11346	21	021009	021005	23	6.0	3.0	0,767	true	[021009, 021000, 021001, 021002, 021004, 021003, 021006, 021008, 021007, 021005]
11347	21	021009	021005	24	17.0	4.0	0,816	true	[021009, 021000, 021001, 021002, 021004, 021003, 021007, 021005]
11348	21	021009	021005	25	17.0	3.0	0,816	true	[021009, 021000, 021001, 021002, 021004, 021003, 021007, 021006, 021005]
11349	21	021009	021005	26	6.0	3.0	0,775	true	[021009, 021000, 021001, 021002, 021004, 021003, 021007, 021008, 021006, 021005]
11350	21	021009	021005	27	17.0	3.0	0,808	true	[021009, 021000, 021001, 021002, 021004, 021003, 021008, 021006, 021005]
11351	21	021009	021005	28	17.0	3.0	0,760	true	[021009, 021000, 021001, 021002, 021004, 021003, 021008, 021006, 021007, 021005]
11352	21	021009	021005	29	6.0	4.0	0,767	true	[021009, 021000, 021001, 021002, 021004, 021003, 021008, 021007, 021005]
11353	21	021009	021005	30	6.0	3.0	0,767	true	[021009, 021000, 021001, 021002, 021004, 021003, 021008, 021007, 021006, 021005]
11354	21	021009	021005	31	17.0	4.0	0,885	true	[021009, 021000, 021001, 021002, 021004, 021005]
11355	21	021009	021005	32	17.0	4.0	0,876	true	[021009, 021000, 021001, 021002, 021004, 021006, 021003, 021005]
11356	21	021009	021005	33	17.0	4.0	0,816	true	[021009, 021000, 021001, 021002, 021004, 021006, 021003, 021007, 021005]
11357	21	021009	021005	34	6.0	4.0	0,767	true	[021009, 021000, 021001, 021002, 021004, 021006, 021003, 021008, 021007, 021005]
11358	21	021009	021005	35	17.0	4.0	0,858	true	[021009, 021000, 021001, 021002, 021004, 021006, 021005]
11359	21	021009	021005	36	17.0	3.0	0,833	true	[021009, 021000, 021001, 021002, 021004, 021006, 021007, 021003, 021005]
11360	21	021009	021005	37	17.0	3.0	0,807	true	[021009, 021000, 021001, 021002, 021004, 021006, 021007, 021005]
11361	21	021009	021005	38	6.0	3.0	0,783	true	[021009, 021000, 021001, 021002, 021004, 021006, 021007, 021008, 021003, 021005]
11362	21	021009	021005	39	17.0	3.0	0,824	true	[021009, 021000, 021001, 021002, 021004, 021006, 021008, 021003, 021005]
11363	21	021009	021005	40	17.0	3.0	0,767	true	[021009, 021000, 021001, 021002, 021004, 021006, 021008, 021003, 021007, 021005]
11364	21	021009	021005	41	6.0	3.0	0,791	true	[021009, 021000, 021001, 021002, 021004, 021006, 021008, 021007, 021003, 021005]
11365	21	021009	021005	42	6.0	3.0	0,767	true	[021009, 021000, 021001, 021002, 021004, 021006, 021008, 021007, 021005]
11366	21	021009	021005	43	17.0	4.0	0,885	true	[021009, 021000, 021001, 021002, 021006, 021003, 021004, 021005]
11367	21	021009	021005	44	17.0	4.0	0,912	true	[021009, 021000, 021001, 021002, 021006, 021003, 021005]
11368	21	021009	021005	45	17.0	4.0	0,849	true	[021009, 021000, 021001, 021002, 021006, 021003, 021007, 021005]
11369	21	021009	021005	46	6.0	4.0	0,799	true	[021009, 021000, 021001, 021002, 021006, 021003, 021008, 021007, 021005]
11370	21	021009	021005	47	17.0	4.0	0,876	true	[021009, 021000, 021001, 021002, 021006, 021004, 021003, 021005]
11371	21	021009	021005	48	17.0	4.0	0,816	true	[021009, 021000, 021001, 021002, 021006, 021004, 021003, 021007, 021005]
11372	21	021009	021005	49	6.0	4.0	0,767	true	[021009, 021000, 021001, 021002, 021006, 021004, 021003, 021008, 021007, 021005]
11373	21	021009	021005	50	17.0	4.0	0,885	true	[021009, 021000, 021001, 021002, 021006, 021004, 021005]
11374	21	021009	021005	51	17.0	4.0	0,894	true	[021009, 021000, 021001, 021002, 021006, 021005]
11375	21	021009	021005	52	17.0	3.0	0,841	true	[021009, 021000, 021001, 021002, 021006, 021007, 021003, 021004, 021005]
11376	21	021009	021005	53	17.0	3.0	0,867	true	[021009, 021000, 021001, 021002, 021006, 021007, 021003, 021005]
11377	21	021009	021005	54	17.0	3.0	0,841	true	[021009, 021000, 021001, 021002, 021006, 021007, 021005]
11378	21	021009	021005	55	6.0	3.0	0,791	true	[021009, 021000, 021001, 021002, 021006, 021007, 021008, 021003, 021004, 021005]
11379	21	021009	021005	56	6.0	3.0	0,815	true	[021009, 021000, 021001, 021002, 021006, 021007, 021008, 021003, 021005]
11380	21	021009	021005	57	17.0	3.0	0,833	true	[021009, 021000, 021001, 021002, 021006, 021008, 021003, 021004, 021005]
11381	21	021009	021005	58	17.0	3.0	0,858	true	[021009, 021000, 021001, 021002, 021006, 021008, 021003, 021005]
11382	21	021009	021005	59	17.0	3.0	0,799	true	[021009, 021000, 021001, 021002, 021006, 021008, 021003, 021007, 021005]
11383	21	021009	021005	60	6.0	3.0	0,799	true	[021009, 021000, 021001, 021002, 021006, 021008, 021007, 021003, 021004, 021005]
11384	21	021009	021005	61	6.0	3.0	0,824	true	[021009, 021000, 021001, 021002, 021006, 021008, 021007, 021003, 021005]
11385	21	021009	021005	62	6.0	3.0	0,799	true	[021009, 021000, 021001, 021002, 021006, 021008, 021007, 021005]
11386	21	021009	021005	63	12.0	3.0	0,833	true	[021009, 021000, 021001, 021002, 021008, 021003, 021004, 021005]
11387	21	021009	021005	64	12.0	3.0	0,808	true	[021009, 021000, 021001, 021002, 021008, 021003, 021004, 021006, 021005]
11388	21	021009	021005	65	12.0	3.0	0,759	true	[021009, 021000, 021001, 021002, 021008, 021003, 021004, 021006, 021007, 021005]
11389	21	021009	021005	66	12.0	3.0	0,858	true	[021009, 021000, 021001, 021002, 021008, 021003, 021005]
11390	21	021009	021005	67	12.0	3.0	0,833	true	[021009, 021000, 021001, 021002, 021008, 021003, 021006, 021004, 021005]
11391	21	021009	021005	68	12.0	3.0	0,841	true	[021009, 021000, 021001, 021002, 021008, 021003, 021006, 021005]
11392	21	021009	021005	69	12.0	3.0	0,791	true	[021009, 021000, 021001, 021002, 021008, 021003, 021006, 021007, 021005]
11393	21	021009	021005	70	12.0	3.0	0,799	true	[021009, 021000, 021001, 021002, 021008, 021003, 021007, 021005]
11394	21	021009	021005	71	12.0	3.0	0,791	true	[021009, 021000, 021001, 021002, 021008, 021003, 021007, 021006, 021004, 021005]
11395	21	021009	021005	72	12.0	3.0	0,799	true	[021009, 021000, 021001, 021002, 021008, 021003, 021007, 021006, 021005]
11396	21	021009	021005	73	12.0	3.0	0,833	true	[021009, 021000, 021001, 021002, 021008, 021006, 021003, 021004, 021005]
11397	21	021009	021005	74	12.0	3.0	0,858	true	[021009, 021000, 021001, 021002, 021008, 021006, 021003, 021005]
11398	21	021009	021005	75	12.0	3.0	0,799	true	[021009, 021000, 021001, 021002, 021008, 021006, 021003, 021007, 021005]
11399	21	021009	021005	76	12.0	3.0	0,824	true	[021009, 021000, 021001, 021002, 021008, 021006, 021004, 021003, 021005]
11400	21	021009	021005	77	12.0	3.0	0,767	true	[021009, 021000, 021001, 021002, 021008, 021006, 021004, 021003, 021007, 021005]
11401	21	021009	021005	78	12.0	3.0	0,833	true	[021009, 021000, 021001, 021002, 021008, 021006, 021004, 021005]
11402	21	021009	021005	79	12.0	3.0	0,841	true	[021009, 021000, 021001, 021002, 021008, 021006, 021005]
11403	21	021009	021005	80	12.0	3.0	0,791	true	[021009, 021000, 021001, 021002, 021008, 021006, 021007, 021003, 021004, 021005]
11404	21	021009	021005	81	12.0	3.0	0,816	true	[021009, 021000, 021001, 021002, 021008, 021006, 021007, 021003, 021005]
11405	21	021009	021005	82	12.0	3.0	0,791	true	[021009, 021000, 021001, 021002, 021008, 021006, 021007, 021005]
11406	21	021009	021005	83	6.0	3.0	0,799	true	[021009, 021000, 021001, 021002, 021008, 021007, 021003, 021004, 021005]
11407	21	021009	021005	84	6.0	3.0	0,775	true	[021009, 021000, 021001, 021002, 021008, 021007, 021003, 021004, 021006, 021005]
11408	21	021009	021005	85	6.0	3.0	0,824	true	[021009, 021000, 021001, 021002, 021008, 021007, 021003, 021005]
11409	21	021009	021005	86	6.0	3.0	0,799	true	[021009, 021000, 021001, 021002, 021008, 021007, 021003, 021006, 021004, 021005]
11410	21	021009	021005	87	6.0	3.0	0,807	true	[021009, 021000, 021001, 021002, 021008, 021007, 021003, 021006, 021005]
11411	21	021009	021005	88	6.0	3.0	0,798	true	[021009, 021000, 021001, 021002, 021008, 021007, 021005]
11412	21	021009	021005	89	6.0	3.0	0,791	true	[021009, 021000, 021001, 021002, 021008, 021007, 021006, 021003, 021004, 021005]
11413	21	021009	021005	90	6.0	3.0	0,815	true	[021009, 021000, 021001, 021002, 021008, 021007, 021006, 021003, 021005]
11414	21	021009	021005	91	6.0	3.0	0,783	true	[021009, 021000, 021001, 021002, 021008, 021007, 021006, 021004, 021003, 021005]
11415	21	021009	021005	92	6.0	3.0	0,791	true	[021009, 021000, 021001, 021002, 021008, 021007, 021006, 021004, 021005]
11416	21	021009	021005	93	6.0	3.0	0,799	true	[021009, 021000, 021001, 021002, 021008, 021007, 021006, 021005]
11417	21	021009	021005	94	23.0	4.0	0,841	true	[021009, 021000, 021001, 021003, 021002, 021004, 021005]
11418	21	021009	021005	95	23.0	4.0	0,816	true	[021009, 021000, 021001, 021003, 021002, 021004, 021006, 021005]
11419	21	021009	021005	96	23.0	3.0	0,767	true	[021009, 021000, 021001, 021003, 021002, 021004, 021006, 021007, 021005]
11420	21	021009	021005	97	6.0	3.0	0,729	true	[021009, 021000, 021001, 021003, 021002, 021004, 021006, 021008, 021007, 021005]
11421	21	021009	021005	98	23.0	4.0	0,841	true	[021009, 021000, 021001, 021003, 021002, 021006, 021004, 021005]
11422	21	021009	021005	99	23.0	4.0	0,849	true	[021009, 021000, 021001, 021003, 021002, 021006, 021005]
11423	21	021009	021005	100	23.0	3.0	0,799	true	[021009, 021000, 021001, 021003, 021002, 021006, 021007, 021005]
11424	21	021009	021005	101	47.0	4.0	0,922	true	[021009, 021000, 021001, 021003, 021005]
11425	21	021009	021005	102	39.0	4.0	1,000	true	[021009, 021000, 021005]
11426	21	021009	021005	103	16.0	4.0	0,970	true	[021009, 021005]
11427	22	022009	022002	0	65.0	7.0	1,000	true	[022009, 022002]
11428	22	022009	022002	1	6.0	3.0	0,960	true	[022009, 022003, 022000, 022001, 022002]
11429	22	022009	022002	2	6.0	3.0	0,931	true	[022009, 022003, 022000, 022001, 022004, 022002]
11430	22	022009	022002	3	6.0	3.0	0,895	true	[022009, 022003, 022000, 022001, 022004, 022005, 022006, 022002]
11431	22	022009	022002	4	6.0	3.0	0,895	true	[022009, 022003, 022000, 022001, 022004, 022005, 022007, 022006, 022002]
11432	22	022009	022002	5	6.0	3.0	0,841	true	[022009, 022003, 022000, 022001, 022004, 022005, 022007, 022008, 022006, 022002]
11433	22	022009	022002	6	6.0	3.0	0,841	true	[022009, 022003, 022000, 022001, 022004, 022005, 022008, 022006, 022002]
11434	22	022009	022002	7	6.0	3.0	0,877	true	[022009, 022003, 022000, 022001, 022004, 022005, 022008, 022007, 022006, 022002]
11435	22	022009	022002	8	6.0	3.0	0,922	true	[022009, 022003, 022000, 022001, 022004, 022006, 022002]
11436	22	022009	022002	9	6.0	3.0	0,877	true	[022009, 022003, 022000, 022001, 022004, 022007, 022005, 022006, 022002]
11437	22	022009	022002	10	6.0	3.0	0,824	true	[022009, 022003, 022000, 022001, 022004, 022007, 022005, 022008, 022006, 022002]
11438	22	022009	022002	11	6.0	3.0	0,913	true	[022009, 022003, 022000, 022001, 022004, 022007, 022006, 022002]
11439	22	022009	022002	12	6.0	3.0	0,859	true	[022009, 022003, 022000, 022001, 022004, 022007, 022008, 022005, 022006, 022002]
11440	22	022009	022002	13	6.0	3.0	0,858	true	[022009, 022003, 022000, 022001, 022004, 022007, 022008, 022006, 022002]
11441	22	022009	022002	14	6.0	3.0	0,951	true	[022009, 022003, 022000, 022001, 022005, 022004, 022002]
11442	22	022009	022002	15	6.0	3.0	0,941	true	[022009, 022003, 022000, 022001, 022005, 022004, 022006, 022002]
11443	22	022009	022002	16	6.0	3.0	0,932	true	[022009, 022003, 022000, 022001, 022005, 022004, 022007, 022006, 022002]
11444	22	022009	022002	17	6.0	3.0	0,876	true	[022009, 022003, 022000, 022001, 022005, 022004, 022007, 022008, 022006, 022002]
11445	22	022009	022002	18	6.0	3.0	0,932	true	[022009, 022003, 022000, 022001, 022005, 022006, 022002]
11446	22	022009	022002	19	6.0	3.0	0,941	true	[022009, 022003, 022000, 022001, 022005, 022006, 022004, 022002]
11447	22	022009	022002	20	6.0	3.0	0,932	true	[022009, 022003, 022000, 022001, 022005, 022006, 022007, 022004, 022002]
11448	22	022009	022002	21	6.0	3.0	0,876	true	[022009, 022003, 022000, 022001, 022005, 022006, 022008, 022007, 022004, 022002]
11449	22	022009	022002	22	6.0	3.0	0,932	true	[022009, 022003, 022000, 022001, 022005, 022007, 022004, 022002]
11450	22	022009	022002	23	6.0	3.0	0,922	true	[022009, 022003, 022000, 022001, 022005, 022007, 022004, 022006, 022002]
11451	22	022009	022002	24	6.0	3.0	0,932	true	[022009, 022003, 022000, 022001, 022005, 022007, 022006, 022002]
11452	22	022009	022002	25	6.0	3.0	0,941	true	[022009, 022003, 022000, 022001, 022005, 022007, 022006, 022004, 022002]
11453	22	022009	022002	26	6.0	3.0	0,876	true	[022009, 022003, 022000, 022001, 022005, 022007, 022008, 022006, 022002]
11454	22	022009	022002	27	6.0	3.0	0,885	true	[022009, 022003, 022000, 022001, 022005, 022007, 022008, 022006, 022004, 022002]
11455	22	022009	022002	28	6.0	3.0	0,876	true	[022009, 022003, 022000, 022001, 022005, 022008, 022006, 022002]
11456	22	022009	022002	29	6.0	3.0	0,885	true	[022009, 022003, 022000, 022001, 022005, 022008, 022006, 022004, 022002]
11457	22	022009	022002	30	6.0	3.0	0,876	true	[022009, 022003, 022000, 022001, 022005, 022008, 022006, 022007, 022004, 022002]
11458	22	022009	022002	31	6.0	3.0	0,913	true	[022009, 022003, 022000, 022001, 022005, 022008, 022007, 022004, 022002]
11459	22	022009	022002	32	6.0	3.0	0,904	true	[022009, 022003, 022000, 022001, 022005, 022008, 022007, 022004, 022006, 022002]
11460	22	022009	022002	33	6.0	3.0	0,913	true	[022009, 022003, 022000, 022001, 022005, 022008, 022007, 022006, 022002]
11461	22	022009	022002	34	6.0	3.0	0,922	true	[022009, 022003, 022000, 022001, 022005, 022008, 022007, 022006, 022004, 022002]
11462	22	022009	022002	35	6.0	3.0	0,960	true	[022009, 022003, 022000, 022001, 022006, 022002]
11463	22	022009	022002	36	6.0	3.0	0,970	true	[022009, 022003, 022000, 022001, 022006, 022004, 022002]
11464	22	022009	022002	37	6.0	3.0	0,941	true	[022009, 022003, 022000, 022001, 022006, 022005, 022004, 022002]
11465	22	022009	022002	38	6.0	3.0	0,922	true	[022009, 022003, 022000, 022001, 022006, 022005, 022007, 022004, 022002]
11466	22	022009	022002	39	6.0	3.0	0,904	true	[022009, 022003, 022000, 022001, 022006, 022005, 022008, 022007, 022004, 022002]
11467	22	022009	022002	40	6.0	3.0	0,960	true	[022009, 022003, 022000, 022001, 022006, 022007, 022004, 022002]
11468	22	022009	022002	41	6.0	3.0	0,941	true	[022009, 022003, 022000, 022001, 022006, 022007, 022005, 022004, 022002]
11469	22	022009	022002	42	6.0	3.0	0,922	true	[022009, 022003, 022000, 022001, 022006, 022007, 022008, 022005, 022004, 022002]
11470	22	022009	022002	43	6.0	3.0	0,885	true	[022009, 022003, 022000, 022001, 022006, 022008, 022005, 022004, 022002]
11471	22	022009	022002	44	6.0	3.0	0,867	true	[022009, 022003, 022000, 022001, 022006, 022008, 022005, 022007, 022004, 022002]
11472	22	022009	022002	45	6.0	3.0	0,903	true	[022009, 022003, 022000, 022001, 022006, 022008, 022007, 022004, 022002]
11473	22	022009	022002	46	6.0	3.0	0,885	true	[022009, 022003, 022000, 022001, 022006, 022008, 022007, 022005, 022004, 022002]
11474	22	022009	022002	47	6.0	3.0	0,960	true	[022009, 022003, 022000, 022001, 022007, 022004, 022002]
11475	22	022009	022002	48	6.0	3.0	0,922	true	[022009, 022003, 022000, 022001, 022007, 022004, 022005, 022006, 022002]
11476	22	022009	022002	49	6.0	3.0	0,867	true	[022009, 022003, 022000, 022001, 022007, 022004, 022005, 022008, 022006, 022002]
11477	22	022009	022002	50	6.0	3.0	0,951	true	[022009, 022003, 022000, 022001, 022007, 022004, 022006, 022002]
11478	22	022009	022002	51	6.0	3.0	0,941	true	[022009, 022003, 022000, 022001, 022007, 022005, 022004, 022002]
11479	22	022009	022002	52	6.0	3.0	0,932	true	[022009, 022003, 022000, 022001, 022007, 022005, 022004, 022006, 022002]
11480	22	022009	022002	53	6.0	3.0	0,922	true	[022009, 022003, 022000, 022001, 022007, 022005, 022006, 022002]
11481	22	022009	022002	54	6.0	3.0	0,932	true	[022009, 022003, 022000, 022001, 022007, 022005, 022006, 022004, 022002]
11482	22	022009	022002	55	6.0	3.0	0,867	true	[022009, 022003, 022000, 022001, 022007, 022005, 022008, 022006, 022002]
11483	22	022009	022002	56	6.0	3.0	0,876	true	[022009, 022003, 022000, 022001, 022007, 022005, 022008, 022006, 022004, 022002]
11484	22	022009	022002	57	6.0	3.0	0,960	true	[022009, 022003, 022000, 022001, 022007, 022006, 022002]
11485	22	022009	022002	58	6.0	3.0	0,970	true	[022009, 022003, 022000, 022001, 022007, 022006, 022004, 022002]
11486	22	022009	022002	59	6.0	3.0	0,941	true	[022009, 022003, 022000, 022001, 022007, 022006, 022005, 022004, 022002]
11487	22	022009	022002	60	6.0	3.0	0,885	true	[022009, 022003, 022000, 022001, 022007, 022006, 022008, 022005, 022004, 022002]
11488	22	022009	022002	61	6.0	3.0	0,922	true	[022009, 022003, 022000, 022001, 022007, 022008, 022005, 022004, 022002]
11489	22	022009	022002	62	6.0	3.0	0,913	true	[022009, 022003, 022000, 022001, 022007, 022008, 022005, 022004, 022006, 022002]
11490	22	022009	022002	63	6.0	3.0	0,904	true	[022009, 022003, 022000, 022001, 022007, 022008, 022005, 022006, 022002]
11491	22	022009	022002	64	6.0	3.0	0,913	true	[022009, 022003, 022000, 022001, 022007, 022008, 022005, 022006, 022004, 022002]
11492	22	022009	022002	65	6.0	3.0	0,903	true	[022009, 022003, 022000, 022001, 022007, 022008, 022006, 022002]
11493	22	022009	022002	66	6.0	3.0	0,912	true	[022009, 022003, 022000, 022001, 022007, 022008, 022006, 022004, 022002]
11494	22	022009	022002	67	6.0	3.0	0,885	true	[022009, 022003, 022000, 022001, 022007, 022008, 022006, 022005, 022004, 022002]
11495	22	022009	022002	68	18.0	3.0	0,931	true	[022009, 022003, 022000, 022002]
11496	22	022009	022002	69	23.0	3.0	0,876	true	[022009, 022003, 022000, 022004, 022001, 022002]
11497	22	022009	022002	70	23.0	3.0	0,850	true	[022009, 022003, 022000, 022004, 022001, 022005, 022006, 022002]
11498	22	022009	022002	71	23.0	3.0	0,850	true	[022009, 022003, 022000, 022004, 022001, 022005, 022007, 022006, 022002]
11499	22	022009	022002	72	23.0	3.0	0,799	true	[022009, 022003, 022000, 022004, 022001, 022005, 022007, 022008, 022006, 022002]
11500	22	022009	022002	73	19.0	3.0	0,799	true	[022009, 022003, 022000, 022004, 022001, 022005, 022008, 022006, 022002]
11501	22	022009	022002	74	19.0	3.0	0,833	true	[022009, 022003, 022000, 022004, 022001, 022005, 022008, 022007, 022006, 022002]
11502	22	022009	022002	75	23.0	3.0	0,876	true	[022009, 022003, 022000, 022004, 022001, 022006, 022002]
11503	22	022009	022002	76	10.0	3.0	0,841	true	[022009, 022003, 022000, 022004, 022001, 022007, 022005, 022006, 022002]
11504	22	022009	022002	77	10.0	3.0	0,791	true	[022009, 022003, 022000, 022004, 022001, 022007, 022005, 022008, 022006, 022002]
11505	22	022009	022002	78	10.0	3.0	0,876	true	[022009, 022003, 022000, 022004, 022001, 022007, 022006, 022002]
11506	22	022009	022002	79	10.0	3.0	0,824	true	[022009, 022003, 022000, 022004, 022001, 022007, 022008, 022005, 022006, 022002]
11507	22	022009	022002	80	10.0	3.0	0,824	true	[022009, 022003, 022000, 022004, 022001, 022007, 022008, 022006, 022002]
11508	22	022009	022002	81	23.0	3.0	0,922	true	[022009, 022003, 022000, 022004, 022002]
11509	22	022009	022002	82	16.0	3.0	0,894	true	[022009, 022003, 022000, 022004, 022005, 022001, 022002]
11510	22	022009	022002	83	16.0	3.0	0,894	true	[022009, 022003, 022000, 022004, 022005, 022001, 022006, 022002]
11511	22	022009	022002	84	10.0	3.0	0,894	true	[022009, 022003, 022000, 022004, 022005, 022001, 022007, 022006, 022002]
11512	22	022009	022002	85	10.0	3.0	0,841	true	[022009, 022003, 022000, 022004, 022005, 022001, 022007, 022008, 022006, 022002]
11513	22	022009	022002	86	16.0	3.0	0,885	true	[022009, 022003, 022000, 022004, 022005, 022006, 022001, 022002]
11514	22	022009	022002	87	16.0	3.0	0,885	true	[022009, 022003, 022000, 022004, 022005, 022006, 022002]
11515	22	022009	022002	88	10.0	3.0	0,885	true	[022009, 022003, 022000, 022004, 022005, 022006, 022007, 022001, 022002]
11516	22	022009	022002	89	10.0	3.0	0,833	true	[022009, 022003, 022000, 022004, 022005, 022006, 022008, 022007, 022001, 022002]
11517	22	022009	022002	90	10.0	3.0	0,885	true	[022009, 022003, 022000, 022004, 022005, 022007, 022001, 022002]
11518	22	022009	022002	91	10.0	3.0	0,885	true	[022009, 022003, 022000, 022004, 022005, 022007, 022001, 022006, 022002]
11519	22	022009	022002	92	16.0	3.0	0,885	true	[022009, 022003, 022000, 022004, 022005, 022007, 022006, 022001, 022002]
11520	22	022009	022002	93	16.0	3.0	0,885	true	[022009, 022003, 022000, 022004, 022005, 022007, 022006, 022002]
11521	22	022009	022002	94	16.0	3.0	0,833	true	[022009, 022003, 022000, 022004, 022005, 022007, 022008, 022006, 022001, 022002]
11522	22	022009	022002	95	16.0	3.0	0,833	true	[022009, 022003, 022000, 022004, 022005, 022007, 022008, 022006, 022002]
11523	22	022009	022002	96	16.0	3.0	0,832	true	[022009, 022003, 022000, 022004, 022005, 022008, 022006, 022001, 022002]
11524	22	022009	022002	97	16.0	3.0	0,832	true	[022009, 022003, 022000, 022004, 022005, 022008, 022006, 022002]
11525	22	022009	022002	98	10.0	3.0	0,832	true	[022009, 022003, 022000, 022004, 022005, 022008, 022006, 022007, 022001, 022002]
11526	22	022009	022002	99	10.0	3.0	0,867	true	[022009, 022003, 022000, 022004, 022005, 022008, 022007, 022001, 022002]
11527	22	022009	022002	100	10.0	3.0	0,867	true	[022009, 022003, 022000, 022004, 022005, 022008, 022007, 022001, 022006, 022002]
11528	22	022009	022002	101	23.0	3.0	0,980	true	[022009, 022003, 022002]
11529	23	023002	023000	0	6.0	5.0	0,922	true	[023002, 023003, 023000]
11530	23	023002	023000	1	14.0	7.0	0,903	true	[023002, 023003, 023001, 023000]
11531	23	023002	023000	2	14.0	3.0	0,876	true	[023002, 023003, 023001, 023007, 023000]
11532	23	023002	023000	3	11.0	3.0	0,841	true	[023002, 023003, 023001, 023007, 023005, 023004, 023000]
11533	23	023002	023000	4	11.0	4.0	0,824	true	[023002, 023003, 023001, 023007, 023005, 023004, 023009, 023000]
11534	23	023002	023000	5	11.0	4.0	0,775	true	[023002, 023003, 023001, 023007, 023005, 023004, 023009, 023006, 023000]
11535	23	023002	023000	6	11.0	3.0	0,894	true	[023002, 023003, 023001, 023007, 023005, 023008, 023000]
11536	23	023002	023000	7	14.0	5.0	0,841	true	[023002, 023003, 023001, 023007, 023006, 023000]
11537	23	023002	023000	8	14.0	5.0	0,841	true	[023002, 023003, 023001, 023007, 023006, 023009, 023000]
11538	23	023002	023000	9	12.0	3.0	0,775	true	[023002, 023003, 023001, 023007, 023006, 023009, 023004, 023000]
11539	23	023002	023000	10	14.0	3.0	0,775	true	[023002, 023003, 023001, 023007, 023006, 023009, 023004, 023005, 023008, 023000]
11540	23	023002	023000	11	14.0	3.0	0,903	true	[023002, 023003, 023001, 023007, 023009, 023000]
11541	23	023002	023000	12	12.0	3.0	0,832	true	[023002, 023003, 023001, 023007, 023009, 023004, 023000]
11542	23	023002	023000	13	14.0	3.0	0,832	true	[023002, 023003, 023001, 023007, 023009, 023004, 023005, 023008, 023000]
11543	23	023002	023000	14	14.0	3.0	0,850	true	[023002, 023003, 023001, 023007, 023009, 023006, 023000]
11544	23	023002	023000	15	12.0	7.0	0,912	true	[023002, 023003, 023001, 023008, 023000]
11545	23	023002	023000	16	12.0	3.0	0,841	true	[023002, 023003, 023001, 023008, 023005, 023004, 023000]
11546	23	023002	023000	17	12.0	3.0	0,824	true	[023002, 023003, 023001, 023008, 023005, 023004, 023009, 023000]
11547	23	023002	023000	18	12.0	3.0	0,775	true	[023002, 023003, 023001, 023008, 023005, 023004, 023009, 023006, 023000]
11548	23	023002	023000	19	12.0	3.0	0,729	true	[023002, 023003, 023001, 023008, 023005, 023004, 023009, 023006, 023007, 023000]
11549	23	023002	023000	20	12.0	3.0	0,783	true	[023002, 023003, 023001, 023008, 023005, 023004, 023009, 023007, 023000]
11550	23	023002	023000	21	12.0	3.0	0,752	true	[023002, 023003, 023001, 023008, 023005, 023004, 023009, 023007, 023006, 023000]
11551	23	023002	023000	22	11.0	3.0	0,841	true	[023002, 023003, 023001, 023008, 023005, 023007, 023000]
11552	23	023002	023000	23	11.0	3.0	0,807	true	[023002, 023003, 023001, 023008, 023005, 023007, 023006, 023000]
11553	23	023002	023000	24	11.0	3.0	0,808	true	[023002, 023003, 023001, 023008, 023005, 023007, 023006, 023009, 023000]
11554	23	023002	023000	25	11.0	3.0	0,744	true	[023002, 023003, 023001, 023008, 023005, 023007, 023006, 023009, 023004, 023000]
11555	23	023002	023000	26	11.0	3.0	0,868	true	[023002, 023003, 023001, 023008, 023005, 023007, 023009, 023000]
11556	23	023002	023000	27	11.0	3.0	0,799	true	[023002, 023003, 023001, 023008, 023005, 023007, 023009, 023004, 023000]
11557	23	023002	023000	28	11.0	3.0	0,816	true	[023002, 023003, 023001, 023008, 023005, 023007, 023009, 023006, 023000]
11558	23	023002	023000	29	14.0	4.0	0,912	true	[023002, 023003, 023001, 023009, 023000]
11559	23	023002	023000	30	12.0	3.0	0,841	true	[023002, 023003, 023001, 023009, 023004, 023000]
11560	23	023002	023000	31	11.0	3.0	0,791	true	[023002, 023003, 023001, 023009, 023004, 023005, 023007, 023000]
11561	23	023002	023000	32	11.0	4.0	0,759	true	[023002, 023003, 023001, 023009, 023004, 023005, 023007, 023006, 023000]
11562	23	023002	023000	33	14.0	3.0	0,841	true	[023002, 023003, 023001, 023009, 023004, 023005, 023008, 023000]
11563	23	023002	023000	34	14.0	4.0	0,858	true	[023002, 023003, 023001, 023009, 023006, 023000]
11564	23	023002	023000	35	14.0	3.0	0,807	true	[023002, 023003, 023001, 023009, 023006, 023007, 023000]
11565	23	023002	023000	36	11.0	3.0	0,775	true	[023002, 023003, 023001, 023009, 023006, 023007, 023005, 023004, 023000]
11566	23	023002	023000	37	11.0	3.0	0,824	true	[023002, 023003, 023001, 023009, 023006, 023007, 023005, 023008, 023000]
11567	23	023002	023000	38	14.0	3.0	0,867	true	[023002, 023003, 023001, 023009, 023007, 023000]
11568	23	023002	023000	39	11.0	3.0	0,833	true	[023002, 023003, 023001, 023009, 023007, 023005, 023004, 023000]
11569	23	023002	023000	40	11.0	3.0	0,885	true	[023002, 023003, 023001, 023009, 023007, 023005, 023008, 023000]
11570	23	023002	023000	41	14.0	3.0	0,832	true	[023002, 023003, 023001, 023009, 023007, 023006, 023000]
11571	23	023002	023000	42	12.0	3.0	0,876	true	[023002, 023003, 023004, 023000]
11572	23	023002	023000	43	11.0	3.0	0,824	true	[023002, 023003, 023004, 023005, 023007, 023000]
11573	23	023002	023000	44	11.0	4.0	0,833	true	[023002, 023003, 023004, 023005, 023007, 023001, 023000]
11574	23	023002	023000	45	11.0	4.0	0,841	true	[023002, 023003, 023004, 023005, 023007, 023001, 023008, 023000]
11575	23	023002	023000	46	11.0	4.0	0,841	true	[023002, 023003, 023004, 023005, 023007, 023001, 023009, 023000]
11576	23	023002	023000	47	11.0	4.0	0,791	true	[023002, 023003, 023004, 023005, 023007, 023001, 023009, 023006, 023000]
11577	23	023002	023000	48	11.0	4.0	0,791	true	[023002, 023003, 023004, 023005, 023007, 023006, 023000]
11578	23	023002	023000	49	11.0	4.0	0,791	true	[023002, 023003, 023004, 023005, 023007, 023006, 023009, 023000]
11579	23	023002	023000	50	11.0	4.0	0,767	true	[023002, 023003, 023004, 023005, 023007, 023006, 023009, 023001, 023000]
11580	23	023002	023000	51	11.0	4.0	0,775	true	[023002, 023003, 023004, 023005, 023007, 023006, 023009, 023001, 023008, 023000]
11581	23	023002	023000	52	11.0	3.0	0,850	true	[023002, 023003, 023004, 023005, 023007, 023009, 023000]
11582	23	023002	023000	53	11.0	3.0	0,824	true	[023002, 023003, 023004, 023005, 023007, 023009, 023001, 023000]
11583	23	023002	023000	54	11.0	3.0	0,833	true	[023002, 023003, 023004, 023005, 023007, 023009, 023001, 023008, 023000]
11584	23	023002	023000	55	11.0	3.0	0,799	true	[023002, 023003, 023004, 023005, 023007, 023009, 023006, 023000]
11585	23	023002	023000	56	16.0	3.0	0,876	true	[023002, 023003, 023004, 023005, 023008, 023000]
11586	23	023002	023000	57	12.0	3.0	0,833	true	[023002, 023003, 023004, 023005, 023008, 023001, 023000]
11587	23	023002	023000	58	12.0	3.0	0,807	true	[023002, 023003, 023004, 023005, 023008, 023001, 023007, 023000]
11588	23	023002	023000	59	12.0	3.0	0,775	true	[023002, 023003, 023004, 023005, 023008, 023001, 023007, 023006, 023000]
11589	23	023002	023000	60	12.0	3.0	0,775	true	[023002, 023003, 023004, 023005, 023008, 023001, 023007, 023006, 023009, 023000]
11590	23	023002	023000	61	12.0	3.0	0,833	true	[023002, 023003, 023004, 023005, 023008, 023001, 023007, 023009, 023000]
11591	23	023002	023000	62	12.0	3.0	0,783	true	[023002, 023003, 023004, 023005, 023008, 023001, 023007, 023009, 023006, 023000]
11592	23	023002	023000	63	12.0	3.0	0,841	true	[023002, 023003, 023004, 023005, 023008, 023001, 023009, 023000]
11593	23	023002	023000	64	12.0	3.0	0,791	true	[023002, 023003, 023004, 023005, 023008, 023001, 023009, 023006, 023000]
11594	23	023002	023000	65	12.0	3.0	0,744	true	[023002, 023003, 023004, 023005, 023008, 023001, 023009, 023006, 023007, 023000]
11595	23	023002	023000	66	12.0	3.0	0,799	true	[023002, 023003, 023004, 023005, 023008, 023001, 023009, 023007, 023000]
11596	23	023002	023000	67	12.0	3.0	0,767	true	[023002, 023003, 023004, 023005, 023008, 023001, 023009, 023007, 023006, 023000]
11597	23	023002	023000	68	16.0	5.0	0,858	true	[023002, 023003, 023004, 023009, 023000]
11598	23	023002	023000	69	16.0	4.0	0,832	true	[023002, 023003, 023004, 023009, 023001, 023000]
11599	23	023002	023000	70	16.0	3.0	0,807	true	[023002, 023003, 023004, 023009, 023001, 023007, 023000]
11600	23	023002	023000	71	11.0	3.0	0,824	true	[023002, 023003, 023004, 023009, 023001, 023007, 023005, 023008, 023000]
11601	23	023002	023000	72	16.0	4.0	0,774	true	[023002, 023003, 023004, 023009, 023001, 023007, 023006, 023000]
11602	23	023002	023000	73	12.0	4.0	0,841	true	[023002, 023003, 023004, 023009, 023001, 023008, 023000]
11603	23	023002	023000	74	11.0	3.0	0,775	true	[023002, 023003, 023004, 023009, 023001, 023008, 023005, 023007, 023000]
11604	23	023002	023000	75	11.0	3.0	0,744	true	[023002, 023003, 023004, 023009, 023001, 023008, 023005, 023007, 023006, 023000]
11605	23	023002	023000	76	16.0	5.0	0,807	true	[023002, 023003, 023004, 023009, 023006, 023000]
11606	23	023002	023000	77	16.0	3.0	0,758	true	[023002, 023003, 023004, 023009, 023006, 023007, 023000]
11607	23	023002	023000	78	16.0	5.0	0,767	true	[023002, 023003, 023004, 023009, 023006, 023007, 023001, 023000]
11608	23	023002	023000	79	12.0	5.0	0,775	true	[023002, 023003, 023004, 023009, 023006, 023007, 023001, 023008, 023000]
11609	23	023002	023000	80	11.0	3.0	0,775	true	[023002, 023003, 023004, 023009, 023006, 023007, 023005, 023008, 023000]
11610	23	023002	023000	81	11.0	3.0	0,736	true	[023002, 023003, 023004, 023009, 023006, 023007, 023005, 023008, 023001, 023000]
11611	23	023002	023000	82	16.0	3.0	0,815	true	[023002, 023003, 023004, 023009, 023007, 023000]
11612	23	023002	023000	83	16.0	3.0	0,824	true	[023002, 023003, 023004, 023009, 023007, 023001, 023000]
11613	23	023002	023000	84	12.0	3.0	0,832	true	[023002, 023003, 023004, 023009, 023007, 023001, 023008, 023000]
11614	23	023002	023000	85	11.0	3.0	0,832	true	[023002, 023003, 023004, 023009, 023007, 023005, 023008, 023000]
11615	23	023002	023000	86	11.0	3.0	0,791	true	[023002, 023003, 023004, 023009, 023007, 023005, 023008, 023001, 023000]
11616	23	023002	023000	87	16.0	3.0	0,782	true	[023002, 023003, 023004, 023009, 023007, 023006, 023000]
11617	23	023002	023000	88	12.0	3.0	0,840	true	[023002, 023003, 023005, 023004, 023000]
11618	23	023002	023000	89	21.0	4.0	0,823	true	[023002, 023003, 023005, 023004, 023009, 023000]
11619	23	023002	023000	90	21.0	4.0	0,799	true	[023002, 023003, 023005, 023004, 023009, 023001, 023000]
11620	23	023002	023000	91	21.0	3.0	0,774	true	[023002, 023003, 023005, 023004, 023009, 023001, 023007, 023000]
11621	23	023002	023000	92	21.0	4.0	0,743	true	[023002, 023003, 023005, 023004, 023009, 023001, 023007, 023006, 023000]
11622	23	023002	023000	93	12.0	4.0	0,807	true	[023002, 023003, 023005, 023004, 023009, 023001, 023008, 023000]
11623	23	023002	023000	94	21.0	4.0	0,774	true	[023002, 023003, 023005, 023004, 023009, 023006, 023000]
11624	23	023002	023000	95	21.0	3.0	0,728	true	[023002, 023003, 023005, 023004, 023009, 023006, 023007, 023000]
11625	23	023002	023000	96	21.0	4.0	0,736	true	[023002, 023003, 023005, 023004, 023009, 023006, 023007, 023001, 023000]
11626	23	023002	023000	97	12.0	4.0	0,744	true	[023002, 023003, 023005, 023004, 023009, 023006, 023007, 023001, 023008, 023000]
11627	23	023002	023000	98	21.0	3.0	0,782	true	[023002, 023003, 023005, 023004, 023009, 023007, 023000]
11628	23	023002	023000	99	21.0	3.0	0,791	true	[023002, 023003, 023005, 023004, 023009, 023007, 023001, 023000]
11629	23	023002	023000	100	12.0	3.0	0,799	true	[023002, 023003, 023005, 023004, 023009, 023007, 023001, 023008, 023000]
11630	-1	000007	001006	0	100.0	38.0	0,995	true	[000007, 001006]
11631	-1	000008	005007	0	110.0	28.0	0,998	true	[000008, 005007]
11632	-1	001007	002007	0	145.0	29.0	0,998	true	[001007, 002007]
11633	-1	001004	005008	0	130.0	47.0	0,998	true	[001004, 005008]
11634	-1	002004	003007	0	140.0	35.0	0,996	true	[002004, 003007]
11635	-1	002002	004009	0	150.0	48.0	0,997	true	[002002, 004009]
11636	-1	002001	006004	0	100.0	31.0	0,995	true	[002001, 006004]
11637	-1	003008	004007	0	135.0	50.0	0,998	true	[003008, 004007]
11638	-1	003004	006005	0	105.0	34.0	0,995	true	[003004, 006005]
11639	-1	004003	007002	0	110.0	37.0	0,999	true	[004003, 007002]
11640	-1	005001	006009	0	105.0	30.0	0,996	true	[005001, 006009]
11641	-1	005004	008000	0	105.0	31.0	0,998	true	[005004, 008000]
11642	-1	005000	010004	0	100.0	21.0	0,995	true	[005000, 010004]
11643	-1	006007	007008	0	145.0	46.0	0,996	true	[006007, 007008]
11644	-1	006006	008003	0	120.0	30.0	0,999	true	[006006, 008003]
11645	-1	007006	009001	0	140.0	47.0	0,999	true	[007006, 009001]
11646	-1	008008	009003	0	135.0	41.0	0,999	true	[008008, 009003]
11647	-1	008005	010007	0	130.0	49.0	0,999	true	[008005, 010007]
11648	-1	008001	011005	0	100.0	27.0	0,997	true	[008001, 011005]
11649	-1	009009	012008	0	120.0	34.0	0,995	true	[009009, 012008]
11650	-1	010005	011009	0	145.0	28.0	0,996	true	[010005, 011009]
11651	-1	010002	014004	0	100.0	44.0	0,998	true	[010002, 014004]
11652	-1	011002	012005	0	120.0	21.0	0,999	true	[011002, 012005]
11653	-1	011008	015004	0	140.0	30.0	0,996	true	[011008, 015004]
11654	-1	012002	013001	0	130.0	24.0	0,998	true	[012002, 013001]
11655	-1	012006	016004	0	135.0	21.0	0,998	true	[012006, 016004]
11656	-1	013000	017002	0	145.0	34.0	0,998	true	[013000, 017002]
11657	-1	014002	015003	0	115.0	34.0	0,999	true	[014002, 015003]
11658	-1	014009	018004	0	130.0	28.0	0,996	true	[014009, 018004]
11659	-1	014000	019001	0	150.0	44.0	0,999	true	[014000, 019001]
11660	-1	015008	016007	0	120.0	35.0	0,999	true	[015008, 016007]
11661	-1	015001	020009	0	150.0	24.0	0,997	true	[015001, 020009]
11662	-1	015007	021009	0	125.0	29.0	0,998	true	[015007, 021009]
11663	-1	016008	017005	0	105.0	48.0	0,996	true	[016008, 017005]
11664	-1	016005	021005	0	145.0	43.0	0,997	true	[016005, 021005]
11665	-1	016006	022009	0	125.0	34.0	0,999	true	[016006, 022009]
11666	-1	017000	023002	0	140.0	25.0	0,999	true	[017000, 023002]
11667	-1	018009	019005	0	100.0	50.0	0,998	true	[018009, 019005]
11668	-1	019002	020008	0	135.0	48.0	0,997	true	[019002, 020008]
11669	-1	020000	021000	0	120.0	33.0	0,998	true	[020000, 021000]
11670	-1	021007	022002	0	110.0	47.0	0,996	true	[021007, 022002]
11671	-1	022005	023000	0	145.0	35.0	0,998	true	[022005, 023000]
