TransactionId	ASId	Ingress	Egress	PathletId	Bandwidth	Delay	Reliability	Status	Full Path
601	0	000003	000001	0	70.0	3.0	0,980	true	[000003, 000000, 000001]
602	0	000003	000001	1	8.0	5.0	0,950	true	[000003, 000000, 000002, 000001]
603	0	000003	000001	2	25.0	5.0	0,990	true	[000003, 000000, 000002, 000005, 000001]
604	0	000003	000001	3	40.0	5.0	0,970	true	[000003, 000000, 000005, 000001]
605	0	000003	000001	4	8.0	5.0	0,931	true	[000003, 000000, 000005, 000002, 000001]
606	0	000003	000001	5	35.0	9.0	0,960	true	[000003, 000001]
607	0	000003	000001	6	45.0	3.0	0,950	true	[000003, 000002, 000000, 000001]
608	0	000003	000001	7	40.0	6.0	0,941	true	[000003, 000002, 000000, 000005, 000001]
609	0	000003	000001	8	8.0	7.0	0,922	true	[000003, 000002, 000001]
610	0	000003	000001	9	25.0	3.0	0,931	true	[000003, 000002, 000005, 000000, 000001]
611	0	000003	000001	10	25.0	5.0	0,960	true	[000003, 000002, 000005, 000001]
612	0	000003	000001	11	27.0	3.0	0,931	true	[000003, 000004, 000000, 000001]
613	0	000003	000001	12	8.0	4.0	0,903	true	[000003, 000004, 000000, 000002, 000001]
614	0	000003	000001	13	25.0	4.0	0,941	true	[000003, 000004, 000000, 000002, 000005, 000001]
615	0	000003	000001	14	27.0	4.0	0,922	true	[000003, 000004, 000000, 000005, 000001]
616	0	000003	000001	15	8.0	4.0	0,885	true	[000003, 000004, 000000, 000005, 000002, 000001]
617	0	000003	000001	16	9.0	3.0	0,922	true	[000003, 000005, 000000, 000001]
618	0	000003	000001	17	8.0	6.0	0,894	true	[000003, 000005, 000000, 000002, 000001]
619	0	000003	000001	18	9.0	8.0	0,950	true	[000003, 000005, 000001]
620	0	000003	000001	19	9.0	3.0	0,941	true	[000003, 000005, 000002, 000000, 000001]
621	0	000003	000001	20	8.0	5.0	0,912	true	[000003, 000005, 000002, 000001]
622	1	001005	001002	0	28.0	4.0	0,980	true	[001005, 001000, 001002]
623	1	001005	001002	1	28.0	3.0	0,867	true	[001005, 001000, 001003, 001001, 001004, 001002]
624	1	001005	001002	2	28.0	3.0	0,970	true	[001005, 001000, 001003, 001002]
625	1	001005	001002	3	28.0	3.0	0,903	true	[001005, 001000, 001003, 001004, 001002]
626	1	001005	001002	4	28.0	4.0	0,867	true	[001005, 001000, 001004, 001001, 001003, 001002]
627	1	001005	001002	5	28.0	4.0	0,913	true	[001005, 001000, 001004, 001002]
628	1	001005	001002	6	28.0	4.0	0,903	true	[001005, 001000, 001004, 001003, 001002]
629	1	001005	001002	7	7.0	3.0	0,931	true	[001005, 001001, 001003, 001000, 001002]
630	1	001005	001002	8	7.0	3.0	0,867	true	[001005, 001001, 001003, 001000, 001004, 001002]
631	1	001005	001002	9	7.0	5.0	0,922	true	[001005, 001001, 001003, 001002]
632	1	001005	001002	10	7.0	4.0	0,867	true	[001005, 001001, 001003, 001004, 001000, 001002]
633	1	001005	001002	11	7.0	4.0	0,858	true	[001005, 001001, 001003, 001004, 001002]
634	1	001005	001002	12	7.0	4.0	0,885	true	[001005, 001001, 001004, 001000, 001002]
635	1	001005	001002	13	7.0	3.0	0,876	true	[001005, 001001, 001004, 001000, 001003, 001002]
636	1	001005	001002	14	7.0	4.0	0,876	true	[001005, 001001, 001004, 001002]
637	1	001005	001002	15	7.0	3.0	0,876	true	[001005, 001001, 001004, 001003, 001000, 001002]
638	1	001005	001002	16	7.0	5.0	0,867	true	[001005, 001001, 001004, 001003, 001002]
639	1	001005	001002	17	33.0	4.0	0,960	true	[001005, 001004, 001000, 001002]
640	1	001005	001002	18	36.0	3.0	0,951	true	[001005, 001004, 001000, 001003, 001002]
641	1	001005	001002	19	29.0	3.0	0,912	true	[001005, 001004, 001001, 001003, 001000, 001002]
642	1	001005	001002	20	29.0	9.0	0,903	true	[001005, 001004, 001001, 001003, 001002]
643	1	001005	001002	21	35.0	4.0	0,950	true	[001005, 001004, 001002]
644	1	001005	001002	22	31.0	3.0	0,950	true	[001005, 001004, 001003, 001000, 001002]
645	1	001005	001002	23	31.0	8.0	0,941	true	[001005, 001004, 001003, 001002]
646	1	001005	001004	24	28.0	4.0	0,894	true	[001005, 001000, 001002, 001003, 001001, 001004]
647	1	001005	001004	25	28.0	4.0	0,931	true	[001005, 001000, 001002, 001003, 001004]
648	1	001005	001004	26	28.0	4.0	0,941	true	[001005, 001000, 001002, 001004]
649	1	001005	001004	27	28.0	3.0	0,903	true	[001005, 001000, 001003, 001001, 001004]
650	1	001005	001004	28	28.0	3.0	0,931	true	[001005, 001000, 001003, 001002, 001004]
651	1	001005	001004	29	28.0	3.0	0,941	true	[001005, 001000, 001003, 001004]
652	1	001005	001004	30	28.0	4.0	0,951	true	[001005, 001000, 001004]
653	1	001005	001004	31	7.0	3.0	0,894	true	[001005, 001001, 001003, 001000, 001002, 001004]
654	1	001005	001004	32	7.0	3.0	0,903	true	[001005, 001001, 001003, 001000, 001004]
655	1	001005	001004	33	7.0	4.0	0,894	true	[001005, 001001, 001003, 001002, 001000, 001004]
656	1	001005	001004	34	7.0	4.0	0,885	true	[001005, 001001, 001003, 001002, 001004]
657	1	001005	001004	35	7.0	5.0	0,894	true	[001005, 001001, 001003, 001004]
658	1	001005	001004	36	7.0	5.0	0,912	true	[001005, 001001, 001004]
659	1	001005	001004	37	50.0	10.0	0,990	true	[001005, 001004]
660	1	001002	001004	38	29.0	3.0	0,922	true	[001002, 001000, 001003, 001001, 001004]
661	1	001002	001004	39	7.0	3.0	0,922	true	[001002, 001000, 001003, 001001, 001005, 001004]
662	1	001002	001004	40	31.0	3.0	0,960	true	[001002, 001000, 001003, 001004]
663	1	001002	001004	41	33.0	4.0	0,970	true	[001002, 001000, 001004]
664	1	001002	001004	42	7.0	4.0	0,876	true	[001002, 001000, 001005, 001001, 001003, 001004]
665	1	001002	001004	43	7.0	4.0	0,894	true	[001002, 001000, 001005, 001001, 001004]
666	1	001002	001004	44	28.0	4.0	0,970	true	[001002, 001000, 001005, 001004]
667	1	001002	001004	45	36.0	3.0	0,960	true	[001002, 001003, 001000, 001004]
668	1	001002	001004	46	7.0	3.0	0,885	true	[001002, 001003, 001000, 001005, 001001, 001004]
669	1	001002	001004	47	28.0	3.0	0,960	true	[001002, 001003, 001000, 001005, 001004]
670	1	001002	001004	48	29.0	9.0	0,912	true	[001002, 001003, 001001, 001004]
671	1	001002	001004	49	7.0	4.0	0,876	true	[001002, 001003, 001001, 001005, 001000, 001004]
672	1	001002	001004	50	7.0	5.0	0,913	true	[001002, 001003, 001001, 001005, 001004]
673	1	001002	001004	51	31.0	8.0	0,950	true	[001002, 001003, 001004]
674	1	001002	001004	52	35.0	4.0	0,960	true	[001002, 001004]
675	2	002002	002001	0	38.0	9.0	0,950	true	[002002, 002001]
676	2	002002	002001	1	23.0	5.0	0,913	true	[002002, 002003, 002000, 002001]
677	2	002002	002001	2	24.0	4.0	0,922	true	[002002, 002003, 002000, 002004, 002001]
678	2	002002	002001	3	17.0	6.0	0,894	true	[002002, 002003, 002000, 002005, 002001]
679	2	002002	002001	4	25.0	6.0	0,922	true	[002002, 002003, 002001]
680	2	002002	002001	5	23.0	5.0	0,913	true	[002002, 002003, 002004, 002000, 002001]
681	2	002002	002001	6	17.0	6.0	0,894	true	[002002, 002003, 002004, 002000, 002005, 002001]
682	2	002002	002001	7	24.0	4.0	0,941	true	[002002, 002003, 002004, 002001]
683	2	002002	002001	8	8.0	5.0	0,894	true	[002002, 002003, 002005, 002000, 002001]
684	2	002002	002001	9	8.0	4.0	0,903	true	[002002, 002003, 002005, 002000, 002004, 002001]
685	2	002002	002001	10	8.0	6.0	0,951	true	[002002, 002003, 002005, 002001]
686	2	002002	002001	11	23.0	5.0	0,950	true	[002002, 002004, 002000, 002001]
687	2	002002	002001	12	31.0	8.0	0,922	true	[002002, 002004, 002000, 002003, 002001]
688	2	002002	002001	13	8.0	6.0	0,951	true	[002002, 002004, 002000, 002003, 002005, 002001]
689	2	002002	002001	14	17.0	6.0	0,931	true	[002002, 002004, 002000, 002005, 002001]
690	2	002002	002001	15	8.0	6.0	0,903	true	[002002, 002004, 002000, 002005, 002003, 002001]
691	2	002002	002001	16	24.0	4.0	0,980	true	[002002, 002004, 002001]
692	2	002002	002001	17	23.0	5.0	0,931	true	[002002, 002004, 002003, 002000, 002001]
693	2	002002	002001	18	17.0	6.0	0,913	true	[002002, 002004, 002003, 002000, 002005, 002001]
694	2	002002	002001	19	48.0	8.0	0,941	true	[002002, 002004, 002003, 002001]
695	2	002002	002001	20	8.0	5.0	0,912	true	[002002, 002004, 002003, 002005, 002000, 002001]
696	2	002002	002001	21	8.0	6.0	0,970	true	[002002, 002004, 002003, 002005, 002001]
697	2	002002	002004	22	23.0	5.0	0,885	true	[002002, 002001, 002000, 002003, 002004]
698	2	002002	002004	23	23.0	5.0	0,903	true	[002002, 002001, 002000, 002004]
699	2	002002	002004	24	8.0	5.0	0,867	true	[002002, 002001, 002000, 002005, 002003, 002004]
700	2	002002	002004	25	31.0	8.0	0,876	true	[002002, 002001, 002003, 002000, 002004]
701	2	002002	002004	26	38.0	8.0	0,893	true	[002002, 002001, 002003, 002004]
702	2	002002	002004	27	8.0	6.0	0,858	true	[002002, 002001, 002003, 002005, 002000, 002004]
703	2	002002	002004	28	24.0	4.0	0,931	true	[002002, 002001, 002004]
704	2	002002	002004	29	17.0	6.0	0,867	true	[002002, 002001, 002005, 002000, 002003, 002004]
705	2	002002	002004	30	17.0	6.0	0,885	true	[002002, 002001, 002005, 002000, 002004]
706	2	002002	002004	31	8.0	6.0	0,903	true	[002002, 002001, 002005, 002003, 002000, 002004]
707	2	002002	002004	32	8.0	6.0	0,922	true	[002002, 002001, 002005, 002003, 002004]
708	2	002002	002004	33	23.0	4.0	0,894	true	[002002, 002003, 002000, 002001, 002004]
709	2	002002	002004	34	25.0	6.0	0,941	true	[002002, 002003, 002000, 002004]
710	2	002002	002004	35	17.0	4.0	0,876	true	[002002, 002003, 002000, 002005, 002001, 002004]
711	2	002002	002004	36	23.0	5.0	0,876	true	[002002, 002003, 002001, 002000, 002004]
712	2	002002	002004	37	24.0	4.0	0,903	true	[002002, 002003, 002001, 002004]
713	2	002002	002004	38	17.0	6.0	0,858	true	[002002, 002003, 002001, 002005, 002000, 002004]
714	2	002002	002004	39	25.0	6.0	0,960	true	[002002, 002003, 002004]
715	2	002002	002004	40	8.0	4.0	0,876	true	[002002, 002003, 002005, 002000, 002001, 002004]
716	2	002002	002004	41	8.0	6.0	0,922	true	[002002, 002003, 002005, 002000, 002004]
717	2	002002	002004	42	8.0	5.0	0,903	true	[002002, 002003, 002005, 002001, 002000, 002004]
718	2	002002	002004	43	8.0	4.0	0,932	true	[002002, 002003, 002005, 002001, 002004]
719	2	002002	002004	44	58.0	9.0	1,000	true	[002002, 002004]
720	2	002002	002003	45	23.0	5.0	0,894	true	[002002, 002001, 002000, 002003]
721	2	002002	002003	46	23.0	5.0	0,894	true	[002002, 002001, 002000, 002004, 002003]
722	2	002002	002003	47	8.0	5.0	0,876	true	[002002, 002001, 002000, 002005, 002003]
723	2	002002	002003	48	38.0	8.0	0,903	true	[002002, 002001, 002003]
724	2	002002	002003	49	24.0	4.0	0,903	true	[002002, 002001, 002004, 002000, 002003]
725	2	002002	002003	50	8.0	4.0	0,885	true	[002002, 002001, 002004, 002000, 002005, 002003]
726	2	002002	002003	51	24.0	4.0	0,922	true	[002002, 002001, 002004, 002003]
727	2	002002	002003	52	17.0	6.0	0,876	true	[002002, 002001, 002005, 002000, 002003]
728	2	002002	002003	53	17.0	6.0	0,876	true	[002002, 002001, 002005, 002000, 002004, 002003]
729	2	002002	002003	54	8.0	6.0	0,931	true	[002002, 002001, 002005, 002003]
730	2	002002	002003	55	25.0	6.0	0,970	true	[002002, 002003]
731	2	002002	002003	56	23.0	5.0	0,903	true	[002002, 002004, 002000, 002001, 002003]
732	2	002002	002003	57	8.0	5.0	0,931	true	[002002, 002004, 002000, 002001, 002005, 002003]
733	2	002002	002003	58	31.0	8.0	0,970	true	[002002, 002004, 002000, 002003]
734	2	002002	002003	59	17.0	6.0	0,885	true	[002002, 002004, 002000, 002005, 002001, 002003]
735	2	002002	002003	60	8.0	6.0	0,950	true	[002002, 002004, 002000, 002005, 002003]
736	2	002002	002003	61	23.0	4.0	0,922	true	[002002, 002004, 002001, 002000, 002003]
737	2	002002	002003	62	8.0	4.0	0,903	true	[002002, 002004, 002001, 002000, 002005, 002003]
738	2	002002	002003	63	24.0	4.0	0,931	true	[002002, 002004, 002001, 002003]
739	2	002002	002003	64	17.0	4.0	0,904	true	[002002, 002004, 002001, 002005, 002000, 002003]
740	2	002002	002003	65	8.0	4.0	0,960	true	[002002, 002004, 002001, 002005, 002003]
741	2	002002	002003	66	48.0	9.0	0,990	true	[002002, 002004, 002003]
742	2	002001	002004	67	23.0	5.0	0,913	true	[002001, 002000, 002003, 002002, 002004]
743	2	002001	002004	68	23.0	5.0	0,931	true	[002001, 002000, 002003, 002004]
744	2	002001	002004	69	23.0	5.0	0,950	true	[002001, 002000, 002004]
745	2	002001	002004	70	8.0	5.0	0,894	true	[002001, 002000, 002005, 002003, 002002, 002004]
746	2	002001	002004	71	8.0	5.0	0,912	true	[002001, 002000, 002005, 002003, 002004]
747	2	002001	002004	72	25.0	6.0	0,894	true	[002001, 002002, 002003, 002000, 002004]
748	2	002001	002004	73	25.0	6.0	0,912	true	[002001, 002002, 002003, 002004]
749	2	002001	002004	74	8.0	6.0	0,876	true	[002001, 002002, 002003, 002005, 002000, 002004]
750	2	002001	002004	75	38.0	9.0	0,950	true	[002001, 002002, 002004]
751	2	002001	002004	76	31.0	8.0	0,922	true	[002001, 002003, 002000, 002004]
752	2	002001	002004	77	25.0	6.0	0,922	true	[002001, 002003, 002002, 002004]
753	2	002001	002004	78	48.0	8.0	0,941	true	[002001, 002003, 002004]
754	2	002001	002004	79	8.0	6.0	0,903	true	[002001, 002003, 002005, 002000, 002004]
755	2	002001	002004	80	24.0	4.0	0,980	true	[002001, 002004]
756	2	002001	002004	81	17.0	6.0	0,894	true	[002001, 002005, 002000, 002003, 002002, 002004]
757	2	002001	002004	82	17.0	6.0	0,913	true	[002001, 002005, 002000, 002003, 002004]
758	2	002001	002004	83	17.0	6.0	0,931	true	[002001, 002005, 002000, 002004]
759	2	002001	002004	84	8.0	6.0	0,951	true	[002001, 002005, 002003, 002000, 002004]
760	2	002001	002004	85	8.0	6.0	0,951	true	[002001, 002005, 002003, 002002, 002004]
761	2	002001	002004	86	8.0	6.0	0,970	true	[002001, 002005, 002003, 002004]
762	2	002001	002003	87	23.0	5.0	0,941	true	[002001, 002000, 002003]
763	2	002001	002003	88	23.0	5.0	0,922	true	[002001, 002000, 002004, 002002, 002003]
764	2	002001	002003	89	23.0	5.0	0,941	true	[002001, 002000, 002004, 002003]
765	2	002001	002003	90	8.0	5.0	0,922	true	[002001, 002000, 002005, 002003]
766	2	002001	002003	91	25.0	6.0	0,922	true	[002001, 002002, 002003]
767	2	002001	002003	92	31.0	8.0	0,922	true	[002001, 002002, 002004, 002000, 002003]
768	2	002001	002003	93	8.0	6.0	0,903	true	[002001, 002002, 002004, 002000, 002005, 002003]
769	2	002001	002003	94	38.0	9.0	0,941	true	[002001, 002002, 002004, 002003]
770	2	002001	002003	95	60.0	8.0	0,950	true	[002001, 002003]
771	2	002001	002003	96	24.0	4.0	0,951	true	[002001, 002004, 002000, 002003]
772	2	002001	002003	97	8.0	4.0	0,931	true	[002001, 002004, 002000, 002005, 002003]
773	2	002001	002003	98	24.0	4.0	0,951	true	[002001, 002004, 002002, 002003]
774	2	002001	002003	99	24.0	4.0	0,970	true	[002001, 002004, 002003]
775	2	002001	002003	100	17.0	6.0	0,922	true	[002001, 002005, 002000, 002003]
776	2	002001	002003	101	8.0	6.0	0,980	true	[002001, 002005, 002003]
777	3	003003	003004	0	8.0	3.0	0,931	true	[003003, 003000, 003001, 003002, 003005, 003004]
778	3	003003	003004	1	12.0	3.0	0,941	true	[003003, 003000, 003001, 003004]
779	3	003003	003004	2	8.0	3.0	0,922	true	[003003, 003000, 003001, 003005, 003004]
780	3	003003	003004	3	12.0	3.0	0,913	true	[003003, 003000, 003002, 003001, 003004]
781	3	003003	003004	4	8.0	4.0	0,894	true	[003003, 003000, 003002, 003001, 003005, 003004]
782	3	003003	003004	5	12.0	3.0	0,885	true	[003003, 003000, 003002, 003005, 003001, 003004]
783	3	003003	003004	6	8.0	4.0	0,922	true	[003003, 003000, 003002, 003005, 003004]
784	3	003003	003004	7	8.0	3.0	0,941	true	[003003, 003001, 003000, 003002, 003005, 003004]
785	3	003003	003004	8	8.0	4.0	0,951	true	[003003, 003001, 003002, 003005, 003004]
786	3	003003	003004	9	19.0	3.0	0,960	true	[003003, 003001, 003004]
787	3	003003	003004	10	8.0	4.0	0,941	true	[003003, 003001, 003005, 003004]
788	3	003003	003004	11	27.0	6.0	1,000	true	[003003, 003004]
789	3	003003	003004	12	19.0	3.0	0,941	true	[003003, 003005, 003001, 003004]
790	3	003003	003004	13	19.0	3.0	0,941	true	[003003, 003005, 003002, 003000, 003001, 003004]
791	3	003003	003004	14	19.0	3.0	0,951	true	[003003, 003005, 003002, 003001, 003004]
792	3	003003	003004	15	8.0	4.0	0,980	true	[003003, 003005, 003004]
793	3	003003	003000	16	12.0	6.0	0,960	true	[003003, 003000]
794	3	003003	003000	17	22.0	3.0	0,980	true	[003003, 003001, 003000]
795	3	003003	003000	18	53.0	4.0	0,951	true	[003003, 003001, 003002, 003000]
796	3	003003	003000	19	8.0	3.0	0,922	true	[003003, 003001, 003004, 003005, 003002, 003000]
797	3	003003	003000	20	21.0	6.0	0,922	true	[003003, 003001, 003005, 003002, 003000]
798	3	003003	003000	21	19.0	3.0	0,980	true	[003003, 003004, 003001, 003000]
799	3	003003	003000	22	19.0	3.0	0,951	true	[003003, 003004, 003001, 003002, 003000]
800	3	003003	003000	23	19.0	3.0	0,922	true	[003003, 003004, 003001, 003005, 003002, 003000]
801	3	003003	003000	24	8.0	3.0	0,960	true	[003003, 003004, 003005, 003001, 003000]
802	3	003003	003000	25	8.0	4.0	0,932	true	[003003, 003004, 003005, 003001, 003002, 003000]
803	3	003003	003000	26	8.0	4.0	0,960	true	[003003, 003004, 003005, 003002, 003000]
804	3	003003	003000	27	8.0	3.0	0,970	true	[003003, 003004, 003005, 003002, 003001, 003000]
805	3	003003	003000	28	22.0	3.0	0,960	true	[003003, 003005, 003001, 003000]
806	3	003003	003000	29	23.0	4.0	0,932	true	[003003, 003005, 003001, 003002, 003000]
807	3	003003	003000	30	21.0	5.0	0,960	true	[003003, 003005, 003002, 003000]
808	3	003003	003000	31	21.0	3.0	0,970	true	[003003, 003005, 003002, 003001, 003000]
809	3	003003	003000	32	8.0	3.0	0,960	true	[003003, 003005, 003004, 003001, 003000]
810	3	003003	003000	33	8.0	3.0	0,932	true	[003003, 003005, 003004, 003001, 003002, 003000]
811	3	003004	003000	34	19.0	3.0	0,980	true	[003004, 003001, 003000]
812	3	003004	003000	35	19.0	3.0	0,951	true	[003004, 003001, 003002, 003000]
813	3	003004	003000	36	12.0	3.0	0,913	true	[003004, 003001, 003002, 003005, 003003, 003000]
814	3	003004	003000	37	12.0	3.0	0,922	true	[003004, 003001, 003003, 003000]
815	3	003004	003000	38	19.0	3.0	0,922	true	[003004, 003001, 003003, 003005, 003002, 003000]
816	3	003004	003000	39	19.0	3.0	0,922	true	[003004, 003001, 003005, 003002, 003000]
817	3	003004	003000	40	12.0	3.0	0,903	true	[003004, 003001, 003005, 003003, 003000]
818	3	003004	003000	41	12.0	6.0	0,960	true	[003004, 003003, 003000]
819	3	003004	003000	42	22.0	3.0	0,980	true	[003004, 003003, 003001, 003000]
820	3	003004	003000	43	27.0	4.0	0,951	true	[003004, 003003, 003001, 003002, 003000]
821	3	003004	003000	44	21.0	6.0	0,922	true	[003004, 003003, 003001, 003005, 003002, 003000]
822	3	003004	003000	45	22.0	3.0	0,960	true	[003004, 003003, 003005, 003001, 003000]
823	3	003004	003000	46	23.0	4.0	0,932	true	[003004, 003003, 003005, 003001, 003002, 003000]
824	3	003004	003000	47	21.0	5.0	0,960	true	[003004, 003003, 003005, 003002, 003000]
825	3	003004	003000	48	21.0	3.0	0,970	true	[003004, 003003, 003005, 003002, 003001, 003000]
826	3	003004	003000	49	8.0	3.0	0,960	true	[003004, 003005, 003001, 003000]
827	3	003004	003000	50	8.0	4.0	0,932	true	[003004, 003005, 003001, 003002, 003000]
828	3	003004	003000	51	8.0	4.0	0,903	true	[003004, 003005, 003001, 003003, 003000]
829	3	003004	003000	52	8.0	4.0	0,960	true	[003004, 003005, 003002, 003000]
830	3	003004	003000	53	8.0	3.0	0,970	true	[003004, 003005, 003002, 003001, 003000]
831	3	003004	003000	54	8.0	4.0	0,913	true	[003004, 003005, 003002, 003001, 003003, 003000]
832	3	003004	003000	55	8.0	4.0	0,941	true	[003004, 003005, 003003, 003000]
833	3	003004	003000	56	8.0	3.0	0,960	true	[003004, 003005, 003003, 003001, 003000]
834	3	003004	003000	57	8.0	4.0	0,932	true	[003004, 003005, 003003, 003001, 003002, 003000]
835	4	004001	004004	0	24.0	6.0	0,941	true	[004001, 004003, 004000, 004002, 004004]
836	4	004001	004004	1	8.0	4.0	0,885	true	[004001, 004003, 004000, 004005, 004002, 004004]
837	4	004001	004004	2	6.0	4.0	0,931	true	[004001, 004003, 004002, 004004]
838	4	004001	004004	3	8.0	4.0	0,903	true	[004001, 004003, 004005, 004000, 004002, 004004]
839	4	004001	004004	4	35.0	6.0	0,941	true	[004001, 004003, 004005, 004002, 004004]
840	4	004001	004004	5	7.0	5.0	0,980	true	[004001, 004004]
841	4	004001	004004	6	8.0	4.0	0,858	true	[004001, 004005, 004000, 004002, 004004]
842	4	004001	004004	7	6.0	4.0	0,832	true	[004001, 004005, 004000, 004003, 004002, 004004]
843	4	004001	004004	8	28.0	7.0	0,894	true	[004001, 004005, 004002, 004004]
844	4	004001	004004	9	24.0	6.0	0,894	true	[004001, 004005, 004003, 004000, 004002, 004004]
845	4	004001	004004	10	6.0	4.0	0,885	true	[004001, 004005, 004003, 004002, 004004]
846	4	004001	004000	11	57.0	7.0	0,990	true	[004001, 004003, 004000]
847	4	004001	004000	12	6.0	4.0	0,941	true	[004001, 004003, 004002, 004000]
848	4	004001	004000	13	6.0	4.0	0,885	true	[004001, 004003, 004002, 004005, 004000]
849	4	004001	004000	14	8.0	4.0	0,950	true	[004001, 004003, 004005, 004000]
850	4	004001	004000	15	24.0	6.0	0,951	true	[004001, 004003, 004005, 004002, 004000]
851	4	004001	004000	16	7.0	5.0	0,932	true	[004001, 004004, 004002, 004000]
852	4	004001	004000	17	6.0	4.0	0,903	true	[004001, 004004, 004002, 004003, 004000]
853	4	004001	004000	18	6.0	4.0	0,867	true	[004001, 004004, 004002, 004003, 004005, 004000]
854	4	004001	004000	19	7.0	4.0	0,876	true	[004001, 004004, 004002, 004005, 004000]
855	4	004001	004000	20	7.0	5.0	0,913	true	[004001, 004004, 004002, 004005, 004003, 004000]
856	4	004001	004000	21	8.0	4.0	0,903	true	[004001, 004005, 004000]
857	4	004001	004000	22	24.0	6.0	0,903	true	[004001, 004005, 004002, 004000]
858	4	004001	004000	23	6.0	4.0	0,876	true	[004001, 004005, 004002, 004003, 004000]
859	4	004001	004000	24	28.0	6.0	0,941	true	[004001, 004005, 004003, 004000]
860	4	004001	004000	25	6.0	4.0	0,894	true	[004001, 004005, 004003, 004002, 004000]
861	4	004004	004000	26	7.0	5.0	0,970	true	[004004, 004001, 004003, 004000]
862	4	004004	004000	27	6.0	4.0	0,922	true	[004004, 004001, 004003, 004002, 004000]
863	4	004004	004000	28	6.0	4.0	0,867	true	[004004, 004001, 004003, 004002, 004005, 004000]
864	4	004004	004000	29	7.0	4.0	0,931	true	[004004, 004001, 004003, 004005, 004000]
865	4	004004	004000	30	7.0	5.0	0,932	true	[004004, 004001, 004003, 004005, 004002, 004000]
866	4	004004	004000	31	7.0	4.0	0,884	true	[004004, 004001, 004005, 004000]
867	4	004004	004000	32	7.0	5.0	0,885	true	[004004, 004001, 004005, 004002, 004000]
868	4	004004	004000	33	6.0	4.0	0,858	true	[004004, 004001, 004005, 004002, 004003, 004000]
869	4	004004	004000	34	7.0	5.0	0,922	true	[004004, 004001, 004005, 004003, 004000]
870	4	004004	004000	35	6.0	4.0	0,876	true	[004004, 004001, 004005, 004003, 004002, 004000]
871	4	004004	004000	36	24.0	6.0	0,951	true	[004004, 004002, 004000]
872	4	004004	004000	37	6.0	4.0	0,922	true	[004004, 004002, 004003, 004000]
873	4	004004	004000	38	6.0	4.0	0,840	true	[004004, 004002, 004003, 004001, 004005, 004000]
874	4	004004	004000	39	6.0	4.0	0,885	true	[004004, 004002, 004003, 004005, 004000]
875	4	004004	004000	40	8.0	4.0	0,894	true	[004004, 004002, 004005, 004000]
876	4	004004	004000	41	28.0	7.0	0,885	true	[004004, 004002, 004005, 004001, 004003, 004000]
877	4	004004	004000	42	35.0	6.0	0,931	true	[004004, 004002, 004005, 004003, 004000]
878	5	005000	005004	0	74.0	3.0	0,950	true	[005000, 005004]
879	5	005000	005003	1	5.0	7.0	0,931	true	[005000, 005002, 005003]
880	5	005000	005003	2	27.0	5.0	0,950	true	[005000, 005003]
881	5	005000	005002	3	63.0	7.0	0,980	true	[005000, 005002]
882	5	005000	005002	4	5.0	5.0	0,903	true	[005000, 005003, 005002]
883	5	005000	005001	5	5.0	7.0	0,912	true	[005000, 005002, 005003, 005001]
884	5	005000	005001	6	27.0	5.0	0,931	true	[005000, 005003, 005001]
885	5	005004	005003	7	5.0	3.0	0,884	true	[005004, 005000, 005002, 005003]
886	5	005004	005003	8	27.0	3.0	0,903	true	[005004, 005000, 005003]
887	5	005004	005002	9	63.0	3.0	0,931	true	[005004, 005000, 005002]
888	5	005004	005002	10	5.0	3.0	0,857	true	[005004, 005000, 005003, 005002]
889	5	005004	005001	11	5.0	3.0	0,867	true	[005004, 005000, 005002, 005003, 005001]
890	5	005004	005001	12	27.0	3.0	0,884	true	[005004, 005000, 005003, 005001]
891	5	005003	005002	13	27.0	5.0	0,931	true	[005003, 005000, 005002]
892	5	005003	005002	14	5.0	10.0	0,950	true	[005003, 005002]
893	5	005003	005001	15	28.0	9.0	0,980	true	[005003, 005001]
894	5	005002	005001	16	27.0	5.0	0,912	true	[005002, 005000, 005003, 005001]
895	5	005002	005001	17	5.0	9.0	0,931	true	[005002, 005003, 005001]
896	6	006000	006001	0	33.0	9.0	0,980	true	[006000, 006001]
897	6	006000	006001	1	27.0	7.0	0,960	true	[006000, 006003, 006002, 006005, 006001]
898	6	006000	006001	2	47.0	6.0	0,951	true	[006000, 006004, 006002, 006005, 006001]
899	6	006000	006001	3	53.0	3.0	0,950	true	[006000, 006005, 006001]
900	6	006000	006003	4	33.0	7.0	0,960	true	[006000, 006001, 006005, 006002, 006003]
901	6	006000	006003	5	27.0	9.0	0,980	true	[006000, 006003]
902	6	006000	006003	6	51.0	6.0	0,932	true	[006000, 006004, 006002, 006003]
903	6	006000	006003	7	47.0	3.0	0,931	true	[006000, 006005, 006002, 006003]
904	6	006000	006004	8	33.0	6.0	0,951	true	[006000, 006001, 006005, 006002, 006004]
905	6	006000	006004	9	27.0	6.0	0,932	true	[006000, 006003, 006002, 006004]
906	6	006000	006004	10	51.0	10.0	0,980	true	[006000, 006004]
907	6	006000	006004	11	47.0	3.0	0,922	true	[006000, 006005, 006002, 006004]
908	6	006000	006005	12	33.0	9.0	0,980	true	[006000, 006001, 006005]
909	6	006000	006005	13	27.0	7.0	0,960	true	[006000, 006003, 006002, 006005]
910	6	006000	006005	14	47.0	6.0	0,951	true	[006000, 006004, 006002, 006005]
911	6	006000	006005	15	68.0	3.0	0,950	true	[006000, 006005]
912	6	006001	006003	16	27.0	9.0	0,960	true	[006001, 006000, 006003]
913	6	006001	006003	17	33.0	6.0	0,913	true	[006001, 006000, 006004, 006002, 006003]
914	6	006001	006003	18	33.0	3.0	0,912	true	[006001, 006000, 006005, 006002, 006003]
915	6	006001	006003	19	27.0	3.0	0,931	true	[006001, 006005, 006000, 006003]
916	6	006001	006003	20	51.0	3.0	0,885	true	[006001, 006005, 006000, 006004, 006002, 006003]
917	6	006001	006003	21	47.0	7.0	0,980	true	[006001, 006005, 006002, 006003]
918	6	006001	006003	22	27.0	6.0	0,932	true	[006001, 006005, 006002, 006004, 006000, 006003]
919	6	006001	006004	23	27.0	6.0	0,913	true	[006001, 006000, 006003, 006002, 006004]
920	6	006001	006004	24	33.0	9.0	0,960	true	[006001, 006000, 006004]
921	6	006001	006004	25	33.0	3.0	0,903	true	[006001, 006000, 006005, 006002, 006004]
922	6	006001	006004	26	27.0	3.0	0,885	true	[006001, 006005, 006000, 006003, 006002, 006004]
923	6	006001	006004	27	51.0	3.0	0,931	true	[006001, 006005, 006000, 006004]
924	6	006001	006004	28	27.0	7.0	0,941	true	[006001, 006005, 006002, 006003, 006000, 006004]
925	6	006001	006004	29	47.0	6.0	0,970	true	[006001, 006005, 006002, 006004]
926	6	006001	006005	30	27.0	7.0	0,941	true	[006001, 006000, 006003, 006002, 006005]
927	6	006001	006005	31	33.0	6.0	0,932	true	[006001, 006000, 006004, 006002, 006005]
928	6	006001	006005	32	33.0	3.0	0,931	true	[006001, 006000, 006005]
929	6	006001	006005	33	53.0	10.0	1,000	true	[006001, 006005]
930	6	006003	006004	34	27.0	6.0	0,932	true	[006003, 006000, 006001, 006005, 006002, 006004]
931	6	006003	006004	35	27.0	9.0	0,960	true	[006003, 006000, 006004]
932	6	006003	006004	36	27.0	3.0	0,903	true	[006003, 006000, 006005, 006002, 006004]
933	6	006003	006004	37	54.0	6.0	0,951	true	[006003, 006002, 006004]
934	6	006003	006004	38	47.0	3.0	0,912	true	[006003, 006002, 006005, 006000, 006004]
935	6	006003	006004	39	33.0	7.0	0,941	true	[006003, 006002, 006005, 006001, 006000, 006004]
936	6	006003	006005	40	27.0	9.0	0,960	true	[006003, 006000, 006001, 006005]
937	6	006003	006005	41	27.0	6.0	0,932	true	[006003, 006000, 006004, 006002, 006005]
938	6	006003	006005	42	27.0	3.0	0,931	true	[006003, 006000, 006005]
939	6	006003	006005	43	33.0	6.0	0,913	true	[006003, 006002, 006004, 006000, 006001, 006005]
940	6	006003	006005	44	51.0	3.0	0,885	true	[006003, 006002, 006004, 006000, 006005]
941	6	006003	006005	45	47.0	7.0	0,980	true	[006003, 006002, 006005]
942	6	006004	006005	46	33.0	9.0	0,960	true	[006004, 006000, 006001, 006005]
943	6	006004	006005	47	27.0	7.0	0,941	true	[006004, 006000, 006003, 006002, 006005]
944	6	006004	006005	48	51.0	3.0	0,931	true	[006004, 006000, 006005]
945	6	006004	006005	49	27.0	6.0	0,913	true	[006004, 006002, 006003, 006000, 006001, 006005]
946	6	006004	006005	50	27.0	3.0	0,885	true	[006004, 006002, 006003, 006000, 006005]
947	6	006004	006005	51	47.0	6.0	0,970	true	[006004, 006002, 006005]
948	7	007004	007005	0	11.0	3.0	0,922	true	[007004, 007001, 007002, 007003, 007000, 007005]
949	7	007004	007005	1	21.0	4.0	0,903	true	[007004, 007001, 007002, 007003, 007005]
950	7	007004	007005	2	21.0	3.0	0,932	true	[007004, 007001, 007002, 007005]
951	7	007004	007005	3	11.0	3.0	0,922	true	[007004, 007001, 007003, 007000, 007005]
952	7	007004	007005	4	21.0	3.0	0,932	true	[007004, 007001, 007003, 007002, 007005]
953	7	007004	007005	5	21.0	4.0	0,903	true	[007004, 007001, 007003, 007005]
954	7	007004	007005	6	21.0	4.0	0,931	true	[007004, 007001, 007005]
955	7	007004	007005	7	11.0	3.0	0,885	true	[007004, 007002, 007001, 007003, 007000, 007005]
956	7	007004	007005	8	30.0	4.0	0,867	true	[007004, 007002, 007001, 007003, 007005]
957	7	007004	007005	9	32.0	4.0	0,894	true	[007004, 007002, 007001, 007005]
958	7	007004	007005	10	11.0	3.0	0,941	true	[007004, 007002, 007003, 007000, 007005]
959	7	007004	007005	11	51.0	4.0	0,894	true	[007004, 007002, 007003, 007001, 007005]
960	7	007004	007005	12	30.0	4.0	0,922	true	[007004, 007002, 007003, 007005]
961	7	007004	007005	13	54.0	3.0	0,951	true	[007004, 007002, 007005]
962	7	007004	007005	14	27.0	4.0	0,970	true	[007004, 007005]
963	7	007004	007002	15	21.0	4.0	0,951	true	[007004, 007001, 007002]
964	7	007004	007002	16	11.0	3.0	0,904	true	[007004, 007001, 007003, 007000, 007005, 007002]
965	7	007004	007002	17	21.0	4.0	0,951	true	[007004, 007001, 007003, 007002]
966	7	007004	007002	18	21.0	3.0	0,885	true	[007004, 007001, 007003, 007005, 007002]
967	7	007004	007002	19	11.0	3.0	0,903	true	[007004, 007001, 007005, 007000, 007003, 007002]
968	7	007004	007002	20	21.0	3.0	0,912	true	[007004, 007001, 007005, 007002]
969	7	007004	007002	21	21.0	4.0	0,884	true	[007004, 007001, 007005, 007003, 007002]
970	7	007004	007002	22	54.0	4.0	0,970	true	[007004, 007002]
971	7	007004	007002	23	11.0	3.0	0,885	true	[007004, 007005, 007000, 007003, 007001, 007002]
972	7	007004	007002	24	11.0	3.0	0,941	true	[007004, 007005, 007000, 007003, 007002]
973	7	007004	007002	25	27.0	4.0	0,894	true	[007004, 007005, 007001, 007002]
974	7	007004	007002	26	27.0	4.0	0,894	true	[007004, 007005, 007001, 007003, 007002]
975	7	007004	007002	27	27.0	3.0	0,951	true	[007004, 007005, 007002]
976	7	007004	007002	28	27.0	4.0	0,867	true	[007004, 007005, 007003, 007001, 007002]
977	7	007004	007002	29	27.0	4.0	0,922	true	[007004, 007005, 007003, 007002]
978	7	007005	007002	30	11.0	3.0	0,913	true	[007005, 007000, 007003, 007001, 007002]
979	7	007005	007002	31	11.0	3.0	0,895	true	[007005, 007000, 007003, 007001, 007004, 007002]
980	7	007005	007002	32	11.0	3.0	0,970	true	[007005, 007000, 007003, 007002]
981	7	007005	007002	33	32.0	6.0	0,922	true	[007005, 007001, 007002]
982	7	007005	007002	34	51.0	7.0	0,922	true	[007005, 007001, 007003, 007002]
983	7	007005	007002	35	21.0	4.0	0,903	true	[007005, 007001, 007004, 007002]
984	7	007005	007002	36	56.0	3.0	0,980	true	[007005, 007002]
985	7	007005	007002	37	30.0	6.0	0,894	true	[007005, 007003, 007001, 007002]
986	7	007005	007002	38	21.0	4.0	0,876	true	[007005, 007003, 007001, 007004, 007002]
987	7	007005	007002	39	30.0	8.0	0,950	true	[007005, 007003, 007002]
988	7	007005	007002	40	21.0	4.0	0,922	true	[007005, 007004, 007001, 007002]
989	7	007005	007002	41	21.0	4.0	0,922	true	[007005, 007004, 007001, 007003, 007002]
990	7	007005	007002	42	27.0	4.0	0,941	true	[007005, 007004, 007002]
991	8	008003	008005	0	13.0	5.0	0,941	true	[008003, 008000, 008002, 008005]
992	8	008003	008005	1	24.0	3.0	0,950	true	[008003, 008000, 008005]
993	8	008003	008005	2	13.0	5.0	0,867	true	[008003, 008004, 008001, 008000, 008002, 008005]
994	8	008003	008005	3	20.0	3.0	0,876	true	[008003, 008004, 008001, 008000, 008005]
995	8	008003	008005	4	39.0	5.0	0,950	true	[008003, 008005]
996	8	008003	008002	5	13.0	5.0	0,950	true	[008003, 008000, 008002]
997	8	008003	008002	6	24.0	3.0	0,941	true	[008003, 008000, 008005, 008002]
998	8	008003	008002	7	13.0	5.0	0,876	true	[008003, 008004, 008001, 008000, 008002]
999	8	008003	008002	8	20.0	3.0	0,867	true	[008003, 008004, 008001, 008000, 008005, 008002]
1000	8	008003	008002	9	13.0	3.0	0,931	true	[008003, 008005, 008000, 008002]
1001	8	008003	008002	10	39.0	5.0	0,941	true	[008003, 008005, 008002]
1002	8	008003	008004	11	24.0	5.0	0,866	true	[008003, 008000, 008001, 008004]
1003	8	008003	008004	12	20.0	5.0	0,980	true	[008003, 008004]
1004	8	008003	008004	13	25.0	3.0	0,849	true	[008003, 008005, 008000, 008001, 008004]
1005	8	008003	008004	14	13.0	5.0	0,840	true	[008003, 008005, 008002, 008000, 008001, 008004]
1006	8	008003	008001	15	24.0	5.0	0,912	true	[008003, 008000, 008001]
1007	8	008003	008001	16	20.0	5.0	0,931	true	[008003, 008004, 008001]
1008	8	008003	008001	17	25.0	3.0	0,893	true	[008003, 008005, 008000, 008001]
1009	8	008003	008001	18	13.0	5.0	0,885	true	[008003, 008005, 008002, 008000, 008001]
1010	8	008005	008002	19	13.0	3.0	0,980	true	[008005, 008000, 008002]
1011	8	008005	008002	20	68.0	7.0	0,990	true	[008005, 008002]
1012	8	008005	008002	21	13.0	5.0	0,903	true	[008005, 008003, 008000, 008002]
1013	8	008005	008002	22	13.0	5.0	0,832	true	[008005, 008003, 008004, 008001, 008000, 008002]
1014	8	008005	008004	23	25.0	3.0	0,893	true	[008005, 008000, 008001, 008004]
1015	8	008005	008004	24	20.0	3.0	0,931	true	[008005, 008000, 008003, 008004]
1016	8	008005	008004	25	13.0	5.0	0,885	true	[008005, 008002, 008000, 008001, 008004]
1017	8	008005	008004	26	13.0	5.0	0,922	true	[008005, 008002, 008000, 008003, 008004]
1018	8	008005	008004	27	24.0	5.0	0,823	true	[008005, 008003, 008000, 008001, 008004]
1019	8	008005	008004	28	20.0	5.0	0,931	true	[008005, 008003, 008004]
1020	8	008005	008001	29	25.0	3.0	0,941	true	[008005, 008000, 008001]
1021	8	008005	008001	30	20.0	3.0	0,885	true	[008005, 008000, 008003, 008004, 008001]
1022	8	008005	008001	31	13.0	5.0	0,931	true	[008005, 008002, 008000, 008001]
1023	8	008005	008001	32	13.0	5.0	0,876	true	[008005, 008002, 008000, 008003, 008004, 008001]
1024	8	008005	008001	33	24.0	5.0	0,866	true	[008005, 008003, 008000, 008001]
1025	8	008005	008001	34	20.0	5.0	0,884	true	[008005, 008003, 008004, 008001]
1026	8	008002	008004	35	13.0	5.0	0,893	true	[008002, 008000, 008001, 008004]
1027	8	008002	008004	36	13.0	5.0	0,931	true	[008002, 008000, 008003, 008004]
1028	8	008002	008004	37	13.0	3.0	0,912	true	[008002, 008000, 008005, 008003, 008004]
1029	8	008002	008004	38	25.0	3.0	0,885	true	[008002, 008005, 008000, 008001, 008004]
1030	8	008002	008004	39	20.0	3.0	0,922	true	[008002, 008005, 008000, 008003, 008004]
1031	8	008002	008004	40	24.0	5.0	0,815	true	[008002, 008005, 008003, 008000, 008001, 008004]
1032	8	008002	008004	41	20.0	5.0	0,922	true	[008002, 008005, 008003, 008004]
1033	8	008002	008001	42	13.0	5.0	0,941	true	[008002, 008000, 008001]
1034	8	008002	008001	43	13.0	5.0	0,885	true	[008002, 008000, 008003, 008004, 008001]
1035	8	008002	008001	44	13.0	3.0	0,867	true	[008002, 008000, 008005, 008003, 008004, 008001]
1036	8	008002	008001	45	25.0	3.0	0,931	true	[008002, 008005, 008000, 008001]
1037	8	008002	008001	46	20.0	3.0	0,876	true	[008002, 008005, 008000, 008003, 008004, 008001]
1038	8	008002	008001	47	24.0	5.0	0,858	true	[008002, 008005, 008003, 008000, 008001]
1039	8	008002	008001	48	20.0	5.0	0,876	true	[008002, 008005, 008003, 008004, 008001]
1040	8	008004	008001	49	40.0	8.0	0,950	true	[008004, 008001]
1041	8	008004	008001	50	20.0	5.0	0,894	true	[008004, 008003, 008000, 008001]
1042	8	008004	008001	51	20.0	3.0	0,876	true	[008004, 008003, 008005, 008000, 008001]
1043	8	008004	008001	52	13.0	5.0	0,867	true	[008004, 008003, 008005, 008002, 008000, 008001]
1044	9	009004	009002	0	32.0	7.0	0,951	true	[009004, 009000, 009001, 009002]
1045	9	009004	009002	1	36.0	4.0	0,922	true	[009004, 009000, 009001, 009003, 009002]
1046	9	009004	009002	2	23.0	3.0	0,951	true	[009004, 009000, 009001, 009003, 009005, 009002]
1047	9	009004	009002	3	23.0	4.0	0,970	true	[009004, 009000, 009001, 009005, 009002]
1048	9	009004	009002	4	36.0	3.0	0,903	true	[009004, 009000, 009001, 009005, 009003, 009002]
1049	9	009004	009002	5	58.0	6.0	0,950	true	[009004, 009000, 009002]
1050	9	009004	009002	6	32.0	4.0	0,960	true	[009004, 009000, 009005, 009001, 009002]
1051	9	009004	009002	7	38.0	4.0	0,931	true	[009004, 009000, 009005, 009001, 009003, 009002]
1052	9	009004	009002	8	23.0	7.0	0,980	true	[009004, 009000, 009005, 009002]
1053	9	009004	009002	9	32.0	3.0	0,941	true	[009004, 009000, 009005, 009003, 009001, 009002]
1054	9	009004	009002	10	58.0	3.0	0,912	true	[009004, 009000, 009005, 009003, 009002]
1055	9	009004	009002	11	11.0	6.0	0,903	true	[009004, 009001, 009000, 009002]
1056	9	009004	009002	12	11.0	7.0	0,932	true	[009004, 009001, 009000, 009005, 009002]
1057	9	009004	009002	13	11.0	3.0	0,867	true	[009004, 009001, 009000, 009005, 009003, 009002]
1058	9	009004	009002	14	11.0	7.0	0,960	true	[009004, 009001, 009002]
1059	9	009004	009002	15	11.0	4.0	0,931	true	[009004, 009001, 009003, 009002]
1060	9	009004	009002	16	11.0	3.0	0,894	true	[009004, 009001, 009003, 009005, 009000, 009002]
1061	9	009004	009002	17	11.0	3.0	0,960	true	[009004, 009001, 009003, 009005, 009002]
1062	9	009004	009002	18	11.0	4.0	0,912	true	[009004, 009001, 009005, 009000, 009002]
1063	9	009004	009002	19	11.0	4.0	0,980	true	[009004, 009001, 009005, 009002]
1064	9	009004	009002	20	11.0	3.0	0,912	true	[009004, 009001, 009005, 009003, 009002]
1065	9	009004	009002	21	47.0	10.0	0,950	true	[009004, 009002]
1066	9	009004	009002	22	36.0	5.0	0,894	true	[009004, 009003, 009001, 009000, 009002]
1067	9	009004	009002	23	23.0	5.0	0,922	true	[009004, 009003, 009001, 009000, 009005, 009002]
1068	9	009004	009002	24	32.0	5.0	0,951	true	[009004, 009003, 009001, 009002]
1069	9	009004	009002	25	38.0	4.0	0,903	true	[009004, 009003, 009001, 009005, 009000, 009002]
1070	9	009004	009002	26	23.0	4.0	0,970	true	[009004, 009003, 009001, 009005, 009002]
1071	9	009004	009002	27	47.0	4.0	0,922	true	[009004, 009003, 009002]
1072	9	009004	009002	28	32.0	3.0	0,886	true	[009004, 009003, 009005, 009000, 009001, 009002]
1073	9	009004	009002	29	47.0	3.0	0,885	true	[009004, 009003, 009005, 009000, 009002]
1074	9	009004	009002	30	36.0	3.0	0,876	true	[009004, 009003, 009005, 009001, 009000, 009002]
1075	9	009004	009002	31	32.0	3.0	0,932	true	[009004, 009003, 009005, 009001, 009002]
1076	9	009004	009002	32	23.0	3.0	0,951	true	[009004, 009003, 009005, 009002]
1077	9	009004	009002	33	29.0	5.0	0,922	true	[009004, 009005, 009000, 009001, 009002]
1078	9	009004	009002	34	29.0	4.0	0,894	true	[009004, 009005, 009000, 009001, 009003, 009002]
1079	9	009004	009002	35	29.0	5.0	0,922	true	[009004, 009005, 009000, 009002]
1080	9	009004	009002	36	29.0	4.0	0,912	true	[009004, 009005, 009001, 009000, 009002]
1081	9	009004	009002	37	29.0	4.0	0,970	true	[009004, 009005, 009001, 009002]
1082	9	009004	009002	38	29.0	4.0	0,941	true	[009004, 009005, 009001, 009003, 009002]
1083	9	009004	009002	39	23.0	5.0	0,990	true	[009004, 009005, 009002]
1084	9	009004	009002	40	29.0	3.0	0,894	true	[009004, 009005, 009003, 009001, 009000, 009002]
1085	9	009004	009002	41	29.0	3.0	0,951	true	[009004, 009005, 009003, 009001, 009002]
1086	9	009004	009002	42	29.0	3.0	0,922	true	[009004, 009005, 009003, 009002]
1087	9	009004	009001	43	36.0	7.0	0,970	true	[009004, 009000, 009001]
1088	9	009004	009001	44	32.0	6.0	0,931	true	[009004, 009000, 009002, 009001]
1089	9	009004	009001	45	38.0	4.0	0,903	true	[009004, 009000, 009002, 009003, 009001]
1090	9	009004	009001	46	44.0	3.0	0,884	true	[009004, 009000, 009002, 009003, 009005, 009001]
1091	9	009004	009001	47	23.0	4.0	0,950	true	[009004, 009000, 009002, 009005, 009001]
1092	9	009004	009001	48	23.0	3.0	0,931	true	[009004, 009000, 009002, 009005, 009003, 009001]
1093	9	009004	009001	49	44.0	4.0	0,980	true	[009004, 009000, 009005, 009001]
1094	9	009004	009001	50	23.0	7.0	0,960	true	[009004, 009000, 009005, 009002, 009001]
1095	9	009004	009001	51	23.0	4.0	0,931	true	[009004, 009000, 009005, 009002, 009003, 009001]
1096	9	009004	009001	52	38.0	3.0	0,960	true	[009004, 009000, 009005, 009003, 009001]
1097	9	009004	009001	53	32.0	3.0	0,894	true	[009004, 009000, 009005, 009003, 009002, 009001]
1098	9	009004	009001	54	11.0	7.0	0,980	true	[009004, 009001]
1099	9	009004	009001	55	36.0	6.0	0,875	true	[009004, 009002, 009000, 009001]
1100	9	009004	009001	56	44.0	4.0	0,884	true	[009004, 009002, 009000, 009005, 009001]
1101	9	009004	009001	57	38.0	3.0	0,867	true	[009004, 009002, 009000, 009005, 009003, 009001]
1102	9	009004	009001	58	32.0	7.0	0,931	true	[009004, 009002, 009001]
1103	9	009004	009001	59	38.0	4.0	0,903	true	[009004, 009002, 009003, 009001]
1104	9	009004	009001	60	36.0	3.0	0,841	true	[009004, 009002, 009003, 009005, 009000, 009001]
1105	9	009004	009001	61	44.0	3.0	0,884	true	[009004, 009002, 009003, 009005, 009001]
1106	9	009004	009001	62	23.0	9.0	0,903	true	[009004, 009002, 009005, 009000, 009001]
1107	9	009004	009001	63	23.0	4.0	0,950	true	[009004, 009002, 009005, 009001]
1108	9	009004	009001	64	23.0	3.0	0,931	true	[009004, 009002, 009005, 009003, 009001]
1109	9	009004	009001	65	38.0	5.0	0,970	true	[009004, 009003, 009001]
1110	9	009004	009001	66	36.0	4.0	0,849	true	[009004, 009003, 009002, 009000, 009001]
1111	9	009004	009001	67	44.0	4.0	0,858	true	[009004, 009003, 009002, 009000, 009005, 009001]
1112	9	009004	009001	68	32.0	4.0	0,903	true	[009004, 009003, 009002, 009001]
1113	9	009004	009001	69	23.0	4.0	0,876	true	[009004, 009003, 009002, 009005, 009000, 009001]
1114	9	009004	009001	70	23.0	4.0	0,922	true	[009004, 009003, 009002, 009005, 009001]
1115	9	009004	009001	71	36.0	3.0	0,904	true	[009004, 009003, 009005, 009000, 009001]
1116	9	009004	009001	72	32.0	3.0	0,867	true	[009004, 009003, 009005, 009000, 009002, 009001]
1117	9	009004	009001	73	44.0	3.0	0,951	true	[009004, 009003, 009005, 009001]
1118	9	009004	009001	74	23.0	3.0	0,876	true	[009004, 009003, 009005, 009002, 009000, 009001]
1119	9	009004	009001	75	23.0	3.0	0,932	true	[009004, 009003, 009005, 009002, 009001]
1120	9	009004	009001	76	29.0	5.0	0,941	true	[009004, 009005, 009000, 009001]
1121	9	009004	009001	77	29.0	5.0	0,903	true	[009004, 009005, 009000, 009002, 009001]
1122	9	009004	009001	78	29.0	4.0	0,876	true	[009004, 009005, 009000, 009002, 009003, 009001]
1123	9	009004	009001	79	29.0	4.0	0,990	true	[009004, 009005, 009001]
1124	9	009004	009001	80	23.0	5.0	0,912	true	[009004, 009005, 009002, 009000, 009001]
1125	9	009004	009001	81	23.0	5.0	0,970	true	[009004, 009005, 009002, 009001]
1126	9	009004	009001	82	23.0	4.0	0,941	true	[009004, 009005, 009002, 009003, 009001]
1127	9	009004	009001	83	29.0	3.0	0,970	true	[009004, 009005, 009003, 009001]
1128	9	009004	009001	84	29.0	3.0	0,849	true	[009004, 009005, 009003, 009002, 009000, 009001]
1129	9	009004	009001	85	29.0	3.0	0,903	true	[009004, 009005, 009003, 009002, 009001]
1130	9	009002	009001	86	36.0	6.0	0,922	true	[009002, 009000, 009001]
1131	9	009002	009001	87	11.0	6.0	0,931	true	[009002, 009000, 009004, 009001]
1132	9	009002	009001	88	38.0	5.0	0,922	true	[009002, 009000, 009004, 009003, 009001]
1133	9	009002	009001	89	44.0	3.0	0,903	true	[009002, 009000, 009004, 009003, 009005, 009001]
1134	9	009002	009001	90	29.0	4.0	0,941	true	[009002, 009000, 009004, 009005, 009001]
1135	9	009002	009001	91	29.0	3.0	0,922	true	[009002, 009000, 009004, 009005, 009003, 009001]
1136	9	009002	009001	92	44.0	4.0	0,931	true	[009002, 009000, 009005, 009001]
1137	9	009002	009001	93	38.0	3.0	0,912	true	[009002, 009000, 009005, 009003, 009001]
1138	9	009002	009001	94	11.0	3.0	0,867	true	[009002, 009000, 009005, 009003, 009004, 009001]
1139	9	009002	009001	95	11.0	5.0	0,903	true	[009002, 009000, 009005, 009004, 009001]
1140	9	009002	009001	96	29.0	5.0	0,894	true	[009002, 009000, 009005, 009004, 009003, 009001]
1141	9	009002	009001	97	32.0	7.0	0,980	true	[009002, 009001]
1142	9	009002	009001	98	38.0	4.0	0,950	true	[009002, 009003, 009001]
1143	9	009002	009001	99	36.0	4.0	0,894	true	[009002, 009003, 009004, 009000, 009001]
1144	9	009002	009001	100	44.0	4.0	0,903	true	[009002, 009003, 009004, 009000, 009005, 009001]
1145	9	009002	009001	101	11.0	4.0	0,903	true	[009002, 009003, 009004, 009001]
1146	10	010000	010002	0	27.0	8.0	1,000	true	[010000, 010002]
1147	10	010000	010002	1	10.0	9.0	0,960	true	[010000, 010003, 010001, 010002]
1148	10	010000	010002	2	10.0	4.0	0,931	true	[010000, 010003, 010001, 010004, 010002]
1149	10	010000	010002	3	10.0	3.0	0,894	true	[010000, 010003, 010001, 010004, 010005, 010002]
1150	10	010000	010002	4	10.0	3.0	0,913	true	[010000, 010003, 010005, 010002]
1151	10	010000	010002	5	10.0	4.0	0,903	true	[010000, 010003, 010005, 010004, 010001, 010002]
1152	10	010000	010002	6	10.0	6.0	0,931	true	[010000, 010003, 010005, 010004, 010002]
1153	10	010000	010001	7	27.0	8.0	1,000	true	[010000, 010002, 010001]
1154	10	010000	010001	8	27.0	4.0	0,970	true	[010000, 010002, 010004, 010001]
1155	10	010000	010001	9	25.0	6.0	0,970	true	[010000, 010002, 010004, 010005, 010003, 010001]
1156	10	010000	010001	10	25.0	3.0	0,951	true	[010000, 010002, 010005, 010003, 010001]
1157	10	010000	010001	11	27.0	3.0	0,931	true	[010000, 010002, 010005, 010004, 010001]
1158	10	010000	010001	12	10.0	9.0	0,960	true	[010000, 010003, 010001]
1159	10	010000	010001	13	10.0	3.0	0,913	true	[010000, 010003, 010005, 010002, 010001]
1160	10	010000	010001	14	10.0	3.0	0,885	true	[010000, 010003, 010005, 010002, 010004, 010001]
1161	10	010000	010001	15	10.0	4.0	0,903	true	[010000, 010003, 010005, 010004, 010001]
1162	10	010000	010001	16	10.0	6.0	0,931	true	[010000, 010003, 010005, 010004, 010002, 010001]
1163	10	010000	010004	17	25.0	6.0	0,970	true	[010000, 010002, 010001, 010003, 010005, 010004]
1164	10	010000	010004	18	27.0	4.0	0,970	true	[010000, 010002, 010001, 010004]
1165	10	010000	010004	19	27.0	7.0	1,000	true	[010000, 010002, 010004]
1166	10	010000	010004	20	25.0	3.0	0,922	true	[010000, 010002, 010005, 010003, 010001, 010004]
1167	10	010000	010004	21	27.0	3.0	0,960	true	[010000, 010002, 010005, 010004]
1168	10	010000	010004	22	10.0	7.0	0,960	true	[010000, 010003, 010001, 010002, 010004]
1169	10	010000	010004	23	10.0	3.0	0,922	true	[010000, 010003, 010001, 010002, 010005, 010004]
1170	10	010000	010004	24	10.0	4.0	0,931	true	[010000, 010003, 010001, 010004]
1171	10	010000	010004	25	10.0	3.0	0,885	true	[010000, 010003, 010005, 010002, 010001, 010004]
1172	10	010000	010004	26	10.0	3.0	0,913	true	[010000, 010003, 010005, 010002, 010004]
1173	10	010000	010004	27	10.0	6.0	0,931	true	[010000, 010003, 010005, 010004]
1174	10	010002	010001	28	10.0	8.0	0,960	true	[010002, 010000, 010003, 010001]
1175	10	010002	010001	29	10.0	4.0	0,903	true	[010002, 010000, 010003, 010005, 010004, 010001]
1176	10	010002	010001	30	56.0	9.0	1,000	true	[010002, 010001]
1177	10	010002	010001	31	59.0	4.0	0,970	true	[010002, 010004, 010001]
1178	10	010002	010001	32	25.0	6.0	0,970	true	[010002, 010004, 010005, 010003, 010001]
1179	10	010002	010001	33	25.0	3.0	0,951	true	[010002, 010005, 010003, 010001]
1180	10	010002	010001	34	66.0	3.0	0,931	true	[010002, 010005, 010004, 010001]
1181	10	010002	010004	35	10.0	4.0	0,931	true	[010002, 010000, 010003, 010001, 010004]
1182	10	010002	010004	36	10.0	6.0	0,931	true	[010002, 010000, 010003, 010005, 010004]
1183	10	010002	010004	37	25.0	6.0	0,970	true	[010002, 010001, 010003, 010005, 010004]
1184	10	010002	010004	38	56.0	4.0	0,970	true	[010002, 010001, 010004]
1185	10	010002	010004	39	59.0	7.0	1,000	true	[010002, 010004]
1186	10	010002	010004	40	25.0	3.0	0,922	true	[010002, 010005, 010003, 010001, 010004]
1187	10	010002	010004	41	66.0	3.0	0,960	true	[010002, 010005, 010004]
1188	10	010001	010004	42	10.0	6.0	0,931	true	[010001, 010002, 010000, 010003, 010005, 010004]
1189	10	010001	010004	43	56.0	7.0	1,000	true	[010001, 010002, 010004]
1190	10	010001	010004	44	56.0	3.0	0,960	true	[010001, 010002, 010005, 010004]
1191	10	010001	010004	45	10.0	7.0	0,960	true	[010001, 010003, 010000, 010002, 010004]
1192	10	010001	010004	46	10.0	3.0	0,922	true	[010001, 010003, 010000, 010002, 010005, 010004]
1193	10	010001	010004	47	25.0	3.0	0,951	true	[010001, 010003, 010005, 010002, 010004]
1194	10	010001	010004	48	25.0	6.0	0,970	true	[010001, 010003, 010005, 010004]
1195	10	010001	010004	49	73.0	4.0	0,970	true	[010001, 010004]
1196	11	011005	011002	0	41.0	3.0	0,990	true	[011005, 011000, 011001, 011002]
1197	11	011005	011002	1	35.0	3.0	0,912	true	[011005, 011000, 011001, 011003, 011002]
1198	11	011005	011002	2	29.0	3.0	0,980	true	[011005, 011000, 011002]
1199	11	011005	011002	3	67.0	10.0	0,950	true	[011005, 011002]
1200	11	011005	011002	4	21.0	5.0	0,913	true	[011005, 011003, 011001, 011000, 011002]
1201	11	011005	011002	5	21.0	5.0	0,941	true	[011005, 011003, 011001, 011002]
1202	11	011005	011002	6	21.0	4.0	0,941	true	[011005, 011003, 011002]
1203	11	011005	011002	7	11.0	5.0	0,922	true	[011005, 011004, 011000, 011001, 011002]
1204	11	011005	011002	8	11.0	4.0	0,850	true	[011005, 011004, 011000, 011001, 011003, 011002]
1205	11	011005	011002	9	11.0	5.0	0,913	true	[011005, 011004, 011000, 011002]
1206	11	011005	011003	10	35.0	3.0	0,950	true	[011005, 011000, 011001, 011002, 011003]
1207	11	011005	011003	11	41.0	3.0	0,950	true	[011005, 011000, 011001, 011003]
1208	11	011005	011003	12	29.0	3.0	0,941	true	[011005, 011000, 011002, 011001, 011003]
1209	11	011005	011003	13	29.0	3.0	0,941	true	[011005, 011000, 011002, 011003]
1210	11	011005	011003	14	29.0	5.0	0,885	true	[011005, 011002, 011000, 011001, 011003]
1211	11	011005	011003	15	51.0	5.0	0,912	true	[011005, 011002, 011001, 011003]
1212	11	011005	011003	16	35.0	4.0	0,912	true	[011005, 011002, 011003]
1213	11	011005	011003	17	21.0	6.0	0,980	true	[011005, 011003]
1214	11	011005	011003	18	11.0	4.0	0,885	true	[011005, 011004, 011000, 011001, 011002, 011003]
1215	11	011005	011003	19	11.0	7.0	0,885	true	[011005, 011004, 011000, 011001, 011003]
1216	11	011005	011003	20	11.0	5.0	0,876	true	[011005, 011004, 011000, 011002, 011001, 011003]
1217	11	011005	011003	21	11.0	4.0	0,876	true	[011005, 011004, 011000, 011002, 011003]
1218	11	011005	011001	22	41.0	3.0	0,990	true	[011005, 011000, 011001]
1219	11	011005	011001	23	29.0	3.0	0,980	true	[011005, 011000, 011002, 011001]
1220	11	011005	011001	24	29.0	3.0	0,903	true	[011005, 011000, 011002, 011003, 011001]
1221	11	011005	011001	25	29.0	5.0	0,922	true	[011005, 011002, 011000, 011001]
1222	11	011005	011001	26	51.0	5.0	0,950	true	[011005, 011002, 011001]
1223	11	011005	011001	27	35.0	4.0	0,876	true	[011005, 011002, 011003, 011001]
1224	11	011005	011001	28	21.0	6.0	0,941	true	[011005, 011003, 011001]
1225	11	011005	011001	29	21.0	4.0	0,913	true	[011005, 011003, 011002, 011000, 011001]
1226	11	011005	011001	30	21.0	4.0	0,941	true	[011005, 011003, 011002, 011001]
1227	11	011005	011001	31	11.0	7.0	0,922	true	[011005, 011004, 011000, 011001]
1228	11	011005	011001	32	11.0	5.0	0,913	true	[011005, 011004, 011000, 011002, 011001]
1229	11	011005	011001	33	11.0	4.0	0,841	true	[011005, 011004, 011000, 011002, 011003, 011001]
1230	11	011002	011003	34	29.0	5.0	0,931	true	[011002, 011000, 011001, 011003]
1231	11	011002	011003	35	11.0	5.0	0,894	true	[011002, 011000, 011004, 011005, 011003]
1232	11	011002	011003	36	21.0	3.0	0,960	true	[011002, 011000, 011005, 011003]
1233	11	011002	011003	37	11.0	5.0	0,903	true	[011002, 011001, 011000, 011004, 011005, 011003]
1234	11	011002	011003	38	21.0	3.0	0,970	true	[011002, 011001, 011000, 011005, 011003]
1235	11	011002	011003	39	51.0	5.0	0,960	true	[011002, 011001, 011003]
1236	11	011002	011003	40	35.0	4.0	0,960	true	[011002, 011003]
1237	11	011002	011003	41	41.0	3.0	0,903	true	[011002, 011005, 011000, 011001, 011003]
1238	11	011002	011003	42	21.0	6.0	0,931	true	[011002, 011005, 011003]
1239	11	011002	011003	43	11.0	7.0	0,841	true	[011002, 011005, 011004, 011000, 011001, 011003]
1240	11	011002	011001	44	29.0	5.0	0,970	true	[011002, 011000, 011001]
1241	11	011002	011001	45	11.0	5.0	0,859	true	[011002, 011000, 011004, 011005, 011003, 011001]
1242	11	011002	011001	46	21.0	3.0	0,922	true	[011002, 011000, 011005, 011003, 011001]
1243	11	011002	011001	47	51.0	5.0	1,000	true	[011002, 011001]
1244	11	011002	011001	48	35.0	4.0	0,922	true	[011002, 011003, 011001]
1245	11	011002	011001	49	21.0	3.0	0,931	true	[011002, 011003, 011005, 011000, 011001]
1246	11	011002	011001	50	11.0	4.0	0,867	true	[011002, 011003, 011005, 011004, 011000, 011001]
1247	11	011002	011001	51	41.0	3.0	0,941	true	[011002, 011005, 011000, 011001]
1248	11	011002	011001	52	21.0	6.0	0,894	true	[011002, 011005, 011003, 011001]
1249	11	011002	011001	53	11.0	7.0	0,876	true	[011002, 011005, 011004, 011000, 011001]
1250	11	011003	011001	54	72.0	9.0	0,960	true	[011003, 011001]
1251	11	011003	011001	55	29.0	4.0	0,931	true	[011003, 011002, 011000, 011001]
1252	11	011003	011001	56	35.0	4.0	0,960	true	[011003, 011002, 011001]
1253	11	011003	011001	57	35.0	3.0	0,903	true	[011003, 011002, 011005, 011000, 011001]
1254	11	011003	011001	58	11.0	4.0	0,841	true	[011003, 011002, 011005, 011004, 011000, 011001]
1255	11	011003	011001	59	21.0	3.0	0,970	true	[011003, 011005, 011000, 011001]
1256	11	011003	011001	60	21.0	3.0	0,960	true	[011003, 011005, 011000, 011002, 011001]
1257	11	011003	011001	61	21.0	5.0	0,903	true	[011003, 011005, 011002, 011000, 011001]
1258	11	011003	011001	62	21.0	5.0	0,931	true	[011003, 011005, 011002, 011001]
1259	11	011003	011001	63	11.0	6.0	0,903	true	[011003, 011005, 011004, 011000, 011001]
1260	11	011003	011001	64	11.0	5.0	0,894	true	[011003, 011005, 011004, 011000, 011002, 011001]
1261	12	012001	012002	0	9.0	4.0	0,941	true	[012001, 012000, 012003, 012002]
1262	12	012001	012002	1	9.0	3.0	0,913	true	[012001, 012000, 012003, 012004, 012005, 012002]
1263	12	012001	012002	2	29.0	3.0	0,951	true	[012001, 012000, 012005, 012002]
1264	12	012001	012002	3	28.0	5.0	0,922	true	[012001, 012000, 012005, 012004, 012003, 012002]
1265	12	012001	012002	4	9.0	3.0	0,970	true	[012001, 012003, 012000, 012005, 012002]
1266	12	012001	012002	5	40.0	5.0	0,980	true	[012001, 012003, 012002]
1267	12	012001	012002	6	28.0	3.0	0,951	true	[012001, 012003, 012004, 012005, 012002]
1268	12	012001	012002	7	9.0	3.0	0,903	true	[012001, 012004, 012003, 012000, 012005, 012002]
1269	12	012001	012002	8	34.0	5.0	0,912	true	[012001, 012004, 012003, 012002]
1270	12	012001	012002	9	9.0	4.0	0,912	true	[012001, 012004, 012005, 012000, 012003, 012002]
1271	12	012001	012002	10	28.0	3.0	0,922	true	[012001, 012004, 012005, 012002]
1272	12	012001	012002	11	9.0	4.0	0,951	true	[012001, 012005, 012000, 012003, 012002]
1273	12	012001	012002	12	29.0	3.0	0,960	true	[012001, 012005, 012002]
1274	12	012001	012002	13	28.0	5.0	0,932	true	[012001, 012005, 012004, 012003, 012002]
1275	12	012001	012000	14	40.0	6.0	0,970	true	[012001, 012000]
1276	12	012001	012000	15	9.0	4.0	0,990	true	[012001, 012003, 012000]
1277	12	012001	012000	16	29.0	3.0	0,960	true	[012001, 012003, 012002, 012005, 012000]
1278	12	012001	012000	17	28.0	5.0	0,970	true	[012001, 012003, 012004, 012005, 012000]
1279	12	012001	012000	18	9.0	4.0	0,922	true	[012001, 012004, 012003, 012000]
1280	12	012001	012000	19	29.0	3.0	0,894	true	[012001, 012004, 012003, 012002, 012005, 012000]
1281	12	012001	012000	20	28.0	8.0	0,941	true	[012001, 012004, 012005, 012000]
1282	12	012001	012000	21	9.0	3.0	0,894	true	[012001, 012004, 012005, 012002, 012003, 012000]
1283	12	012001	012000	22	33.0	10.0	0,980	true	[012001, 012005, 012000]
1284	12	012001	012000	23	9.0	3.0	0,932	true	[012001, 012005, 012002, 012003, 012000]
1285	12	012001	012000	24	9.0	4.0	0,941	true	[012001, 012005, 012004, 012003, 012000]
1286	12	012001	012004	25	9.0	3.0	0,913	true	[012001, 012000, 012003, 012002, 012005, 012004]
1287	12	012001	012004	26	9.0	4.0	0,941	true	[012001, 012000, 012003, 012004]
1288	12	012001	012004	27	29.0	3.0	0,913	true	[012001, 012000, 012005, 012002, 012003, 012004]
1289	12	012001	012004	28	28.0	6.0	0,960	true	[012001, 012000, 012005, 012004]
1290	12	012001	012004	29	9.0	4.0	0,980	true	[012001, 012003, 012000, 012005, 012004]
1291	12	012001	012004	30	28.0	3.0	0,951	true	[012001, 012003, 012002, 012005, 012004]
1292	12	012001	012004	31	34.0	5.0	0,980	true	[012001, 012003, 012004]
1293	12	012001	012004	32	56.0	8.0	0,950	true	[012001, 012004]
1294	12	012001	012004	33	9.0	4.0	0,951	true	[012001, 012005, 012000, 012003, 012004]
1295	12	012001	012004	34	29.0	3.0	0,922	true	[012001, 012005, 012002, 012003, 012004]
1296	12	012001	012004	35	28.0	8.0	0,970	true	[012001, 012005, 012004]
1297	12	012002	012000	36	9.0	4.0	0,970	true	[012002, 012003, 012000]
1298	12	012002	012000	37	40.0	5.0	0,951	true	[012002, 012003, 012001, 012000]
1299	12	012002	012000	38	28.0	5.0	0,922	true	[012002, 012003, 012001, 012004, 012005, 012000]
1300	12	012002	012000	39	33.0	5.0	0,960	true	[012002, 012003, 012001, 012005, 012000]
1301	12	012002	012000	40	34.0	5.0	0,885	true	[012002, 012003, 012004, 012001, 012000]
1302	12	012002	012000	41	33.0	5.0	0,894	true	[012002, 012003, 012004, 012001, 012005, 012000]
1303	12	012002	012000	42	28.0	5.0	0,951	true	[012002, 012003, 012004, 012005, 012000]
1304	12	012002	012000	43	28.0	5.0	0,904	true	[012002, 012003, 012004, 012005, 012001, 012000]
1305	12	012002	012000	44	29.0	3.0	0,980	true	[012002, 012005, 012000]
1306	12	012002	012000	45	29.0	3.0	0,932	true	[012002, 012005, 012001, 012000]
1307	12	012002	012000	46	9.0	3.0	0,951	true	[012002, 012005, 012001, 012003, 012000]
1308	12	012002	012000	47	9.0	3.0	0,885	true	[012002, 012005, 012001, 012004, 012003, 012000]
1309	12	012002	012000	48	28.0	3.0	0,894	true	[012002, 012005, 012004, 012001, 012000]
1310	12	012002	012000	49	9.0	3.0	0,912	true	[012002, 012005, 012004, 012001, 012003, 012000]
1311	12	012002	012000	50	9.0	3.0	0,941	true	[012002, 012005, 012004, 012003, 012000]
1312	12	012002	012000	51	28.0	3.0	0,922	true	[012002, 012005, 012004, 012003, 012001, 012000]
1313	12	012002	012004	52	9.0	4.0	0,894	true	[012002, 012003, 012000, 012001, 012004]
1314	12	012002	012004	53	9.0	4.0	0,913	true	[012002, 012003, 012000, 012001, 012005, 012004]
1315	12	012002	012004	54	9.0	4.0	0,903	true	[012002, 012003, 012000, 012005, 012001, 012004]
1316	12	012002	012004	55	9.0	4.0	0,960	true	[012002, 012003, 012000, 012005, 012004]
1317	12	012002	012004	56	28.0	5.0	0,941	true	[012002, 012003, 012001, 012000, 012005, 012004]
1318	12	012002	012004	57	40.0	5.0	0,931	true	[012002, 012003, 012001, 012004]
1319	12	012002	012004	58	28.0	5.0	0,951	true	[012002, 012003, 012001, 012005, 012004]
1320	12	012002	012004	59	34.0	5.0	0,960	true	[012002, 012003, 012004]
1321	12	012002	012004	60	29.0	3.0	0,932	true	[012002, 012005, 012000, 012001, 012003, 012004]
1322	12	012002	012004	61	29.0	3.0	0,903	true	[012002, 012005, 012000, 012001, 012004]
1323	12	012002	012004	62	9.0	3.0	0,922	true	[012002, 012005, 012000, 012003, 012001, 012004]
1324	12	012002	012004	63	9.0	3.0	0,951	true	[012002, 012005, 012000, 012003, 012004]
1325	12	012002	012004	64	9.0	3.0	0,904	true	[012002, 012005, 012001, 012000, 012003, 012004]
1326	12	012002	012004	65	29.0	3.0	0,941	true	[012002, 012005, 012001, 012003, 012004]
1327	12	012002	012004	66	29.0	3.0	0,912	true	[012002, 012005, 012001, 012004]
1328	12	012002	012004	67	28.0	3.0	0,970	true	[012002, 012005, 012004]
1329	12	012000	012004	68	28.0	3.0	0,922	true	[012000, 012001, 012003, 012002, 012005, 012004]
1330	12	012000	012004	69	34.0	5.0	0,951	true	[012000, 012001, 012003, 012004]
1331	12	012000	012004	70	40.0	6.0	0,922	true	[012000, 012001, 012004]
1332	12	012000	012004	71	29.0	3.0	0,895	true	[012000, 012001, 012005, 012002, 012003, 012004]
1333	12	012000	012004	72	28.0	6.0	0,941	true	[012000, 012001, 012005, 012004]
1334	12	012000	012004	73	9.0	4.0	0,941	true	[012000, 012003, 012001, 012004]
1335	12	012000	012004	74	9.0	4.0	0,960	true	[012000, 012003, 012001, 012005, 012004]
1336	12	012000	012004	75	9.0	3.0	0,885	true	[012000, 012003, 012002, 012005, 012001, 012004]
1337	12	012000	012004	76	9.0	3.0	0,941	true	[012000, 012003, 012002, 012005, 012004]
1338	12	012000	012004	77	9.0	4.0	0,970	true	[012000, 012003, 012004]
1339	12	012000	012004	78	33.0	5.0	0,960	true	[012000, 012005, 012001, 012003, 012004]
1340	12	012000	012004	79	33.0	8.0	0,931	true	[012000, 012005, 012001, 012004]
1341	12	012000	012004	80	29.0	3.0	0,912	true	[012000, 012005, 012002, 012003, 012001, 012004]
1342	12	012000	012004	81	29.0	3.0	0,941	true	[012000, 012005, 012002, 012003, 012004]
1343	12	012000	012004	82	28.0	8.0	0,990	true	[012000, 012005, 012004]
1344	13	013005	013002	0	32.0	5.0	0,893	true	[013005, 013000, 013001, 013002]
1345	13	013005	013002	1	34.0	7.0	0,931	true	[013005, 013000, 013002]
1346	13	013005	013002	2	12.0	5.0	0,876	true	[013005, 013000, 013003, 013001, 013002]
1347	13	013005	013002	3	7.0	7.0	0,922	true	[013005, 013000, 013004, 013002]
1348	13	013005	013002	4	23.0	10.0	0,980	true	[013005, 013002]
1349	13	013005	013002	5	32.0	5.0	0,903	true	[013005, 013003, 013000, 013001, 013002]
1350	13	013005	013002	6	34.0	7.0	0,941	true	[013005, 013003, 013000, 013002]
1351	13	013005	013002	7	7.0	7.0	0,932	true	[013005, 013003, 013000, 013004, 013002]
1352	13	013005	013002	8	12.0	5.0	0,941	true	[013005, 013003, 013001, 013000, 013002]
1353	13	013005	013002	9	7.0	5.0	0,932	true	[013005, 013003, 013001, 013000, 013004, 013002]
1354	13	013005	013002	10	12.0	5.0	0,922	true	[013005, 013003, 013001, 013002]
1355	14	014005	014002	0	9.0	3.0	0,858	true	[014005, 014000, 014001, 014003, 014002]
1356	14	014005	014002	1	33.0	5.0	0,876	true	[014005, 014000, 014001, 014004, 014002]
1357	14	014005	014002	2	12.0	6.0	0,941	true	[014005, 014000, 014002]
1358	14	014005	014002	3	9.0	3.0	0,841	true	[014005, 014000, 014003, 014001, 014004, 014002]
1359	14	014005	014002	4	22.0	4.0	0,912	true	[014005, 014000, 014003, 014002]
1360	14	014005	014002	5	9.0	3.0	0,849	true	[014005, 014000, 014004, 014001, 014003, 014002]
1361	14	014005	014002	6	55.0	5.0	0,941	true	[014005, 014000, 014004, 014002]
1362	14	014005	014002	7	12.0	6.0	0,894	true	[014005, 014001, 014000, 014002]
1363	14	014005	014002	8	22.0	4.0	0,867	true	[014005, 014001, 014000, 014003, 014002]
1364	14	014005	014002	9	33.0	5.0	0,894	true	[014005, 014001, 014000, 014004, 014002]
1365	14	014005	014002	10	9.0	3.0	0,858	true	[014005, 014001, 014003, 014000, 014002]
1366	14	014005	014002	11	9.0	3.0	0,858	true	[014005, 014001, 014003, 014000, 014004, 014002]
1367	14	014005	014002	12	9.0	3.0	0,866	true	[014005, 014001, 014003, 014002]
1368	14	014005	014002	13	12.0	6.0	0,885	true	[014005, 014001, 014004, 014000, 014002]
1369	14	014005	014002	14	22.0	4.0	0,858	true	[014005, 014001, 014004, 014000, 014003, 014002]
1370	14	014005	014002	15	33.0	5.0	0,885	true	[014005, 014001, 014004, 014002]
1371	14	014005	014002	16	33.0	3.0	0,876	true	[014005, 014003, 014000, 014001, 014004, 014002]
1372	14	014005	014002	17	12.0	3.0	0,941	true	[014005, 014003, 014000, 014002]
1373	14	014005	014002	18	46.0	3.0	0,941	true	[014005, 014003, 014000, 014004, 014002]
1374	14	014005	014002	19	9.0	3.0	0,885	true	[014005, 014003, 014001, 014000, 014002]
1375	14	014005	014002	20	9.0	3.0	0,885	true	[014005, 014003, 014001, 014000, 014004, 014002]
1376	14	014005	014002	21	9.0	3.0	0,876	true	[014005, 014003, 014001, 014004, 014000, 014002]
1377	14	014005	014002	22	9.0	3.0	0,876	true	[014005, 014003, 014001, 014004, 014002]
1378	14	014005	014002	23	22.0	3.0	0,950	true	[014005, 014003, 014002]
1379	14	014005	014002	24	9.0	3.0	0,858	true	[014005, 014004, 014000, 014001, 014003, 014002]
1380	14	014005	014002	25	12.0	9.0	0,941	true	[014005, 014004, 014000, 014002]
1381	14	014005	014002	26	22.0	4.0	0,912	true	[014005, 014004, 014000, 014003, 014002]
1382	14	014005	014002	27	12.0	6.0	0,876	true	[014005, 014004, 014001, 014000, 014002]
1383	14	014005	014002	28	22.0	4.0	0,850	true	[014005, 014004, 014001, 014000, 014003, 014002]
1384	14	014005	014002	29	9.0	3.0	0,841	true	[014005, 014004, 014001, 014003, 014000, 014002]
1385	14	014005	014002	30	9.0	3.0	0,849	true	[014005, 014004, 014001, 014003, 014002]
1386	14	014005	014002	31	48.0	5.0	0,941	true	[014005, 014004, 014002]
1387	14	014005	014003	32	9.0	3.0	0,903	true	[014005, 014000, 014001, 014003]
1388	14	014005	014003	33	22.0	5.0	0,832	true	[014005, 014000, 014001, 014004, 014002, 014003]
1389	14	014005	014003	34	12.0	6.0	0,894	true	[014005, 014000, 014002, 014003]
1390	14	014005	014003	35	9.0	3.0	0,824	true	[014005, 014000, 014002, 014004, 014001, 014003]
1391	14	014005	014003	36	48.0	4.0	0,960	true	[014005, 014000, 014003]
1392	14	014005	014003	37	9.0	3.0	0,894	true	[014005, 014000, 014004, 014001, 014003]
1393	14	014005	014003	38	22.0	5.0	0,894	true	[014005, 014000, 014004, 014002, 014003]
1394	14	014005	014003	39	12.0	6.0	0,849	true	[014005, 014001, 014000, 014002, 014003]
1395	14	014005	014003	40	33.0	4.0	0,913	true	[014005, 014001, 014000, 014003]
1396	14	014005	014003	41	22.0	5.0	0,849	true	[014005, 014001, 014000, 014004, 014002, 014003]
1397	14	014005	014003	42	9.0	3.0	0,912	true	[014005, 014001, 014003]
1398	14	014005	014003	43	12.0	6.0	0,840	true	[014005, 014001, 014004, 014000, 014002, 014003]
1399	14	014005	014003	44	33.0	4.0	0,903	true	[014005, 014001, 014004, 014000, 014003]
1400	14	014005	014003	45	12.0	4.0	0,832	true	[014005, 014001, 014004, 014002, 014000, 014003]
1401	14	014005	014003	46	22.0	5.0	0,840	true	[014005, 014001, 014004, 014002, 014003]
1402	14	014005	014003	47	46.0	3.0	1,000	true	[014005, 014003]
1403	14	014005	014003	48	9.0	3.0	0,903	true	[014005, 014004, 014000, 014001, 014003]
1404	14	014005	014003	49	12.0	9.0	0,894	true	[014005, 014004, 014000, 014002, 014003]
1405	14	014005	014003	50	48.0	4.0	0,960	true	[014005, 014004, 014000, 014003]
1406	14	014005	014003	51	12.0	6.0	0,832	true	[014005, 014004, 014001, 014000, 014002, 014003]
1407	14	014005	014003	52	33.0	4.0	0,894	true	[014005, 014004, 014001, 014000, 014003]
1408	14	014005	014003	53	9.0	3.0	0,894	true	[014005, 014004, 014001, 014003]
1409	14	014005	014003	54	9.0	3.0	0,832	true	[014005, 014004, 014002, 014000, 014001, 014003]
1410	14	014005	014003	55	12.0	4.0	0,885	true	[014005, 014004, 014002, 014000, 014003]
1411	14	014005	014003	56	22.0	5.0	0,894	true	[014005, 014004, 014002, 014003]
1412	14	014005	014004	57	9.0	3.0	0,824	true	[014005, 014000, 014001, 014003, 014002, 014004]
1413	14	014005	014004	58	33.0	6.0	0,913	true	[014005, 014000, 014001, 014004]
1414	14	014005	014004	59	9.0	3.0	0,815	true	[014005, 014000, 014002, 014003, 014001, 014004]
1415	14	014005	014004	60	12.0	5.0	0,903	true	[014005, 014000, 014002, 014004]
1416	14	014005	014004	61	9.0	3.0	0,876	true	[014005, 014000, 014003, 014001, 014004]
1417	14	014005	014004	62	22.0	4.0	0,876	true	[014005, 014000, 014003, 014002, 014004]
1418	14	014005	014004	63	55.0	6.0	0,980	true	[014005, 014000, 014004]
1419	14	014005	014004	64	12.0	5.0	0,858	true	[014005, 014001, 014000, 014002, 014004]
1420	14	014005	014004	65	22.0	4.0	0,832	true	[014005, 014001, 014000, 014003, 014002, 014004]
1421	14	014005	014004	66	33.0	6.0	0,931	true	[014005, 014001, 014000, 014004]
1422	14	014005	014004	67	9.0	3.0	0,824	true	[014005, 014001, 014003, 014000, 014002, 014004]
1423	14	014005	014004	68	9.0	3.0	0,894	true	[014005, 014001, 014003, 014000, 014004]
1424	14	014005	014004	69	9.0	3.0	0,832	true	[014005, 014001, 014003, 014002, 014000, 014004]
1425	14	014005	014004	70	9.0	3.0	0,832	true	[014005, 014001, 014003, 014002, 014004]
1426	14	014005	014004	71	33.0	6.0	0,922	true	[014005, 014001, 014004]
1427	14	014005	014004	72	33.0	3.0	0,913	true	[014005, 014003, 014000, 014001, 014004]
1428	14	014005	014004	73	12.0	3.0	0,903	true	[014005, 014003, 014000, 014002, 014004]
1429	14	014005	014004	74	46.0	3.0	0,980	true	[014005, 014003, 014000, 014004]
1430	14	014005	014004	75	9.0	3.0	0,849	true	[014005, 014003, 014001, 014000, 014002, 014004]
1431	14	014005	014004	76	9.0	3.0	0,922	true	[014005, 014003, 014001, 014000, 014004]
1432	14	014005	014004	77	9.0	3.0	0,912	true	[014005, 014003, 014001, 014004]
1433	14	014005	014004	78	12.0	3.0	0,849	true	[014005, 014003, 014002, 014000, 014001, 014004]
1434	14	014005	014004	79	12.0	3.0	0,912	true	[014005, 014003, 014002, 014000, 014004]
1435	14	014005	014004	80	22.0	3.0	0,912	true	[014005, 014003, 014002, 014004]
1436	14	014005	014004	81	48.0	9.0	0,980	true	[014005, 014004]
1437	14	014002	014003	82	9.0	3.0	0,885	true	[014002, 014000, 014001, 014003]
1438	14	014002	014003	83	12.0	3.0	0,876	true	[014002, 014000, 014001, 014004, 014005, 014003]
1439	14	014002	014003	84	12.0	3.0	0,894	true	[014002, 014000, 014001, 014005, 014003]
1440	14	014002	014003	85	12.0	4.0	0,941	true	[014002, 014000, 014003]
1441	14	014002	014003	86	9.0	3.0	0,876	true	[014002, 014000, 014004, 014001, 014003]
1442	14	014002	014003	87	12.0	3.0	0,885	true	[014002, 014000, 014004, 014001, 014005, 014003]
1443	14	014002	014003	88	9.0	3.0	0,858	true	[014002, 014000, 014004, 014005, 014001, 014003]
1444	14	014002	014003	89	12.0	3.0	0,941	true	[014002, 014000, 014004, 014005, 014003]
1445	14	014002	014003	90	9.0	3.0	0,858	true	[014002, 014000, 014005, 014001, 014003]
1446	14	014002	014003	91	12.0	3.0	0,941	true	[014002, 014000, 014005, 014003]
1447	14	014002	014003	92	9.0	3.0	0,841	true	[014002, 014000, 014005, 014004, 014001, 014003]
1448	14	014002	014003	93	22.0	10.0	0,950	true	[014002, 014003]
1449	14	014002	014003	94	9.0	3.0	0,885	true	[014002, 014004, 014000, 014001, 014003]
1450	14	014002	014003	95	33.0	3.0	0,894	true	[014002, 014004, 014000, 014001, 014005, 014003]
1451	14	014002	014003	96	48.0	4.0	0,941	true	[014002, 014004, 014000, 014003]
1452	14	014002	014003	97	9.0	3.0	0,858	true	[014002, 014004, 014000, 014005, 014001, 014003]
1453	14	014002	014003	98	46.0	3.0	0,941	true	[014002, 014004, 014000, 014005, 014003]
1454	14	014002	014003	99	33.0	4.0	0,876	true	[014002, 014004, 014001, 014000, 014003]
1455	14	014002	014003	100	33.0	3.0	0,876	true	[014002, 014004, 014001, 014000, 014005, 014003]
1456	14	014002	014003	101	9.0	3.0	0,876	true	[014002, 014004, 014001, 014003]
1457	15	015002	015001	0	33.0	3.0	0,960	true	[015002, 015000, 015001]
1458	15	015002	015001	1	33.0	3.0	0,922	true	[015002, 015000, 015003, 015004, 015001]
1459	15	015002	015001	2	33.0	3.0	0,951	true	[015002, 015000, 015004, 015001]
1460	15	015002	015001	3	48.0	10.0	0,990	true	[015002, 015001]
1461	15	015002	015001	4	33.0	3.0	0,922	true	[015002, 015003, 015000, 015001]
1462	15	015002	015001	5	33.0	3.0	0,912	true	[015002, 015003, 015000, 015004, 015001]
1463	15	015002	015001	6	33.0	3.0	0,876	true	[015002, 015003, 015004, 015000, 015001]
1464	15	015002	015001	7	33.0	3.0	0,885	true	[015002, 015003, 015004, 015001]
1465	15	015002	015001	8	37.0	4.0	0,931	true	[015002, 015004, 015000, 015001]
1466	15	015002	015001	9	63.0	7.0	0,941	true	[015002, 015004, 015001]
1467	15	015002	015001	10	47.0	4.0	0,903	true	[015002, 015004, 015003, 015000, 015001]
1468	15	015002	015001	11	8.0	4.0	0,922	true	[015002, 015005, 015003, 015000, 015001]
1469	15	015002	015001	12	8.0	7.0	0,913	true	[015002, 015005, 015003, 015000, 015004, 015001]
1470	15	015002	015001	13	8.0	4.0	0,876	true	[015002, 015005, 015003, 015004, 015000, 015001]
1471	15	015002	015001	14	8.0	7.0	0,885	true	[015002, 015005, 015003, 015004, 015001]
1472	15	015002	015004	15	33.0	3.0	0,931	true	[015002, 015000, 015001, 015004]
1473	15	015002	015004	16	33.0	3.0	0,950	true	[015002, 015000, 015003, 015004]
1474	15	015002	015004	17	33.0	3.0	0,980	true	[015002, 015000, 015004]
1475	15	015002	015004	18	47.0	4.0	0,922	true	[015002, 015001, 015000, 015003, 015004]
1476	15	015002	015004	19	37.0	4.0	0,951	true	[015002, 015001, 015000, 015004]
1477	15	015002	015004	20	48.0	8.0	0,960	true	[015002, 015001, 015004]
1478	15	015002	015004	21	33.0	3.0	0,894	true	[015002, 015003, 015000, 015001, 015004]
1479	15	015002	015004	22	33.0	3.0	0,941	true	[015002, 015003, 015000, 015004]
1480	15	015002	015004	23	33.0	3.0	0,912	true	[015002, 015003, 015004]
1481	15	015002	015004	24	63.0	7.0	0,970	true	[015002, 015004]
1482	15	015002	015004	25	8.0	4.0	0,894	true	[015002, 015005, 015003, 015000, 015001, 015004]
1483	15	015002	015004	26	8.0	7.0	0,941	true	[015002, 015005, 015003, 015000, 015004]
1484	15	015002	015004	27	8.0	7.0	0,912	true	[015002, 015005, 015003, 015004]
1485	15	015002	015003	28	33.0	3.0	0,894	true	[015002, 015000, 015001, 015004, 015003]
1486	15	015002	015003	29	33.0	3.0	0,990	true	[015002, 015000, 015003]
1487	15	015002	015003	30	33.0	3.0	0,941	true	[015002, 015000, 015004, 015003]
1488	15	015002	015003	31	47.0	4.0	0,960	true	[015002, 015001, 015000, 015003]
1489	15	015002	015003	32	37.0	4.0	0,913	true	[015002, 015001, 015000, 015004, 015003]
1490	15	015002	015003	33	37.0	7.0	0,951	true	[015002, 015001, 015004, 015000, 015003]
1491	15	015002	015003	34	48.0	7.0	0,922	true	[015002, 015001, 015004, 015003]
1492	15	015002	015003	35	33.0	3.0	0,950	true	[015002, 015003]
1493	15	015002	015003	36	37.0	7.0	0,960	true	[015002, 015004, 015000, 015003]
1494	15	015002	015003	37	47.0	4.0	0,913	true	[015002, 015004, 015001, 015000, 015003]
1495	15	015002	015003	38	63.0	7.0	0,931	true	[015002, 015004, 015003]
1496	15	015002	015003	39	8.0	7.0	0,950	true	[015002, 015005, 015003]
1497	15	015002	015005	40	15.0	3.0	0,858	true	[015002, 015000, 015001, 015004, 015003, 015005]
1498	15	015002	015005	41	15.0	3.0	0,950	true	[015002, 015000, 015003, 015005]
1499	15	015002	015005	42	15.0	3.0	0,903	true	[015002, 015000, 015004, 015003, 015005]
1500	15	015002	015005	43	15.0	4.0	0,922	true	[015002, 015001, 015000, 015003, 015005]
1501	15	015002	015005	44	15.0	4.0	0,876	true	[015002, 015001, 015000, 015004, 015003, 015005]
1502	15	015002	015005	45	15.0	7.0	0,913	true	[015002, 015001, 015004, 015000, 015003, 015005]
1503	15	015002	015005	46	15.0	7.0	0,885	true	[015002, 015001, 015004, 015003, 015005]
1504	15	015002	015005	47	15.0	3.0	0,912	true	[015002, 015003, 015005]
1505	15	015002	015005	48	15.0	7.0	0,922	true	[015002, 015004, 015000, 015003, 015005]
1506	15	015002	015005	49	15.0	4.0	0,876	true	[015002, 015004, 015001, 015000, 015003, 015005]
1507	15	015002	015005	50	15.0	7.0	0,894	true	[015002, 015004, 015003, 015005]
1508	15	015002	015005	51	8.0	7.0	0,990	true	[015002, 015005]
1509	15	015001	015004	52	33.0	3.0	0,876	true	[015001, 015000, 015002, 015003, 015004]
1510	15	015001	015004	53	33.0	3.0	0,931	true	[015001, 015000, 015002, 015004]
1511	15	015001	015004	54	8.0	3.0	0,876	true	[015001, 015000, 015002, 015005, 015003, 015004]
1512	15	015001	015004	55	33.0	3.0	0,894	true	[015001, 015000, 015003, 015002, 015004]
1513	15	015001	015004	56	47.0	4.0	0,931	true	[015001, 015000, 015003, 015004]
1514	15	015001	015004	57	8.0	4.0	0,894	true	[015001, 015000, 015003, 015005, 015002, 015004]
1515	15	015001	015004	58	37.0	4.0	0,960	true	[015001, 015000, 015004]
1516	15	015001	015004	59	33.0	3.0	0,941	true	[015001, 015002, 015000, 015003, 015004]
1517	15	015001	015004	60	33.0	3.0	0,970	true	[015001, 015002, 015000, 015004]
1518	15	015001	015004	61	33.0	3.0	0,931	true	[015001, 015002, 015003, 015000, 015004]
1519	15	015001	015004	62	33.0	3.0	0,903	true	[015001, 015002, 015003, 015004]
1520	15	015001	015004	63	48.0	7.0	0,960	true	[015001, 015002, 015004]
1521	15	015001	015004	64	8.0	7.0	0,931	true	[015001, 015002, 015005, 015003, 015000, 015004]
1522	15	015001	015004	65	8.0	7.0	0,903	true	[015001, 015002, 015005, 015003, 015004]
1523	15	015001	015004	66	65.0	8.0	0,970	true	[015001, 015004]
1524	15	015001	015003	67	33.0	3.0	0,912	true	[015001, 015000, 015002, 015003]
1525	15	015001	015003	68	33.0	3.0	0,894	true	[015001, 015000, 015002, 015004, 015003]
1526	15	015001	015003	69	8.0	3.0	0,913	true	[015001, 015000, 015002, 015005, 015003]
1527	15	015001	015003	70	47.0	4.0	0,970	true	[015001, 015000, 015003]
1528	15	015001	015003	71	33.0	3.0	0,885	true	[015001, 015000, 015004, 015002, 015003]
1529	15	015001	015003	72	8.0	4.0	0,885	true	[015001, 015000, 015004, 015002, 015005, 015003]
1530	15	015001	015003	73	37.0	4.0	0,922	true	[015001, 015000, 015004, 015003]
1531	15	015001	015003	74	33.0	3.0	0,980	true	[015001, 015002, 015000, 015003]
1532	15	015001	015003	75	33.0	3.0	0,931	true	[015001, 015002, 015000, 015004, 015003]
1533	15	015001	015003	76	33.0	3.0	0,941	true	[015001, 015002, 015003]
1534	15	015001	015003	77	37.0	7.0	0,951	true	[015001, 015002, 015004, 015000, 015003]
1535	15	015001	015003	78	48.0	7.0	0,922	true	[015001, 015002, 015004, 015003]
1536	15	015001	015003	79	8.0	7.0	0,941	true	[015001, 015002, 015005, 015003]
1537	15	015001	015003	80	33.0	3.0	0,903	true	[015001, 015004, 015000, 015002, 015003]
1538	15	015001	015003	81	8.0	3.0	0,904	true	[015001, 015004, 015000, 015002, 015005, 015003]
1539	15	015001	015003	82	37.0	7.0	0,960	true	[015001, 015004, 015000, 015003]
1540	15	015001	015003	83	33.0	3.0	0,931	true	[015001, 015004, 015002, 015000, 015003]
1541	15	015001	015003	84	33.0	3.0	0,894	true	[015001, 015004, 015002, 015003]
1542	15	015001	015003	85	8.0	7.0	0,894	true	[015001, 015004, 015002, 015005, 015003]
1543	15	015001	015003	86	65.0	7.0	0,931	true	[015001, 015004, 015003]
1544	15	015001	015005	87	15.0	3.0	0,876	true	[015001, 015000, 015002, 015003, 015005]
1545	15	015001	015005	88	15.0	3.0	0,858	true	[015001, 015000, 015002, 015004, 015003, 015005]
1546	15	015001	015005	89	8.0	3.0	0,951	true	[015001, 015000, 015002, 015005]
1547	15	015001	015005	90	8.0	3.0	0,912	true	[015001, 015000, 015003, 015002, 015005]
1548	15	015001	015005	91	8.0	4.0	0,894	true	[015001, 015000, 015003, 015004, 015002, 015005]
1549	15	015001	015005	92	15.0	4.0	0,931	true	[015001, 015000, 015003, 015005]
1550	15	015001	015005	93	15.0	3.0	0,850	true	[015001, 015000, 015004, 015002, 015003, 015005]
1551	15	015001	015005	94	8.0	4.0	0,922	true	[015001, 015000, 015004, 015002, 015005]
1552	15	015001	015005	95	8.0	3.0	0,867	true	[015001, 015000, 015004, 015003, 015002, 015005]
1553	15	015001	015005	96	15.0	4.0	0,885	true	[015001, 015000, 015004, 015003, 015005]
1554	15	015001	015005	97	15.0	3.0	0,941	true	[015001, 015002, 015000, 015003, 015005]
1555	15	015001	015005	98	15.0	3.0	0,894	true	[015001, 015002, 015000, 015004, 015003, 015005]
1556	15	015001	015005	99	15.0	3.0	0,903	true	[015001, 015002, 015003, 015005]
1557	15	015001	015005	100	15.0	7.0	0,913	true	[015001, 015002, 015004, 015000, 015003, 015005]
1558	15	015001	015005	101	8.0	7.0	0,980	true	[015001, 015002, 015005]
1559	16	016000	016001	0	65.0	8.0	0,980	true	[016000, 016001]
1560	16	016000	016001	1	14.0	5.0	0,903	true	[016000, 016002, 016001]
1561	16	016000	016001	2	19.0	3.0	0,894	true	[016000, 016002, 016005, 016003, 016001]
1562	16	016000	016001	3	12.0	3.0	0,815	true	[016000, 016002, 016005, 016004, 016003, 016001]
1563	16	016000	016001	4	65.0	6.0	0,941	true	[016000, 016003, 016001]
1564	16	016000	016001	5	12.0	3.0	0,798	true	[016000, 016003, 016004, 016005, 016002, 016001]
1565	16	016000	016001	6	14.0	3.0	0,876	true	[016000, 016003, 016005, 016002, 016001]
1566	16	016000	016001	7	14.0	3.0	0,894	true	[016000, 016005, 016002, 016001]
1567	16	016000	016001	8	32.0	3.0	0,960	true	[016000, 016005, 016003, 016001]
1568	16	016000	016001	9	12.0	3.0	0,876	true	[016000, 016005, 016004, 016003, 016001]
1569	16	016000	016002	10	14.0	6.0	0,931	true	[016000, 016001, 016002]
1570	16	016000	016002	11	12.0	3.0	0,841	true	[016000, 016001, 016003, 016004, 016005, 016002]
1571	16	016000	016002	12	32.0	3.0	0,922	true	[016000, 016001, 016003, 016005, 016002]
1572	16	016000	016002	13	19.0	5.0	0,950	true	[016000, 016002]
1573	16	016000	016002	14	14.0	6.0	0,894	true	[016000, 016003, 016001, 016002]
1574	16	016000	016002	15	12.0	3.0	0,840	true	[016000, 016003, 016004, 016005, 016002]
1575	16	016000	016002	16	32.0	3.0	0,922	true	[016000, 016003, 016005, 016002]
1576	16	016000	016002	17	60.0	3.0	0,941	true	[016000, 016005, 016002]
1577	16	016000	016002	18	14.0	3.0	0,912	true	[016000, 016005, 016003, 016001, 016002]
1578	16	016000	016002	19	12.0	3.0	0,832	true	[016000, 016005, 016004, 016003, 016001, 016002]
1579	16	016000	016005	20	14.0	3.0	0,894	true	[016000, 016001, 016002, 016005]
1580	16	016000	016005	21	12.0	6.0	0,876	true	[016000, 016001, 016003, 016004, 016005]
1581	16	016000	016005	22	32.0	6.0	0,960	true	[016000, 016001, 016003, 016005]
1582	16	016000	016005	23	12.0	5.0	0,807	true	[016000, 016002, 016001, 016003, 016004, 016005]
1583	16	016000	016005	24	14.0	5.0	0,884	true	[016000, 016002, 016001, 016003, 016005]
1584	16	016000	016005	25	19.0	3.0	0,912	true	[016000, 016002, 016005]
1585	16	016000	016005	26	14.0	3.0	0,858	true	[016000, 016003, 016001, 016002, 016005]
1586	16	016000	016005	27	12.0	7.0	0,876	true	[016000, 016003, 016004, 016005]
1587	16	016000	016005	28	32.0	7.0	0,960	true	[016000, 016003, 016005]
1588	16	016000	016005	29	74.0	3.0	0,980	true	[016000, 016005]
1589	16	016000	016003	30	14.0	3.0	0,894	true	[016000, 016001, 016002, 016005, 016003]
1590	16	016000	016003	31	12.0	3.0	0,815	true	[016000, 016001, 016002, 016005, 016004, 016003]
1591	16	016000	016003	32	65.0	6.0	0,960	true	[016000, 016001, 016003]
1592	16	016000	016003	33	14.0	5.0	0,884	true	[016000, 016002, 016001, 016003]
1593	16	016000	016003	34	19.0	3.0	0,912	true	[016000, 016002, 016005, 016003]
1594	16	016000	016003	35	12.0	3.0	0,832	true	[016000, 016002, 016005, 016004, 016003]
1595	16	016000	016003	36	65.0	9.0	0,960	true	[016000, 016003]
1596	16	016000	016003	37	14.0	3.0	0,876	true	[016000, 016005, 016002, 016001, 016003]
1597	16	016000	016003	38	32.0	3.0	0,980	true	[016000, 016005, 016003]
1598	16	016000	016003	39	12.0	3.0	0,894	true	[016000, 016005, 016004, 016003]
1599	16	016001	016002	40	19.0	5.0	0,931	true	[016001, 016000, 016002]
1600	16	016001	016002	41	12.0	3.0	0,824	true	[016001, 016000, 016003, 016004, 016005, 016002]
1601	16	016001	016002	42	32.0	3.0	0,903	true	[016001, 016000, 016003, 016005, 016002]
1602	16	016001	016002	43	60.0	3.0	0,922	true	[016001, 016000, 016005, 016002]
1603	16	016001	016002	44	14.0	6.0	0,950	true	[016001, 016002]
1604	16	016001	016002	45	19.0	5.0	0,894	true	[016001, 016003, 016000, 016002]
1605	16	016001	016002	46	60.0	3.0	0,885	true	[016001, 016003, 016000, 016005, 016002]
1606	16	016001	016002	47	12.0	3.0	0,832	true	[016001, 016003, 016004, 016005, 016000, 016002]
1607	16	016001	016002	48	12.0	3.0	0,858	true	[016001, 016003, 016004, 016005, 016002]
1608	16	016001	016002	49	19.0	3.0	0,912	true	[016001, 016003, 016005, 016000, 016002]
1609	16	016001	016002	50	32.0	3.0	0,941	true	[016001, 016003, 016005, 016002]
1610	16	016001	016005	51	19.0	3.0	0,894	true	[016001, 016000, 016002, 016005]
1611	16	016001	016005	52	12.0	7.0	0,858	true	[016001, 016000, 016003, 016004, 016005]
1612	16	016001	016005	53	32.0	7.0	0,941	true	[016001, 016000, 016003, 016005]
1613	16	016001	016005	54	65.0	3.0	0,960	true	[016001, 016000, 016005]
1614	16	016001	016005	55	12.0	5.0	0,790	true	[016001, 016002, 016000, 016003, 016004, 016005]
1615	16	016001	016005	56	14.0	5.0	0,866	true	[016001, 016002, 016000, 016003, 016005]
1616	16	016001	016005	57	14.0	3.0	0,884	true	[016001, 016002, 016000, 016005]
1617	16	016001	016005	58	14.0	3.0	0,912	true	[016001, 016002, 016005]
1618	16	016001	016005	59	19.0	3.0	0,858	true	[016001, 016003, 016000, 016002, 016005]
1619	16	016001	016005	60	65.0	3.0	0,922	true	[016001, 016003, 016000, 016005]
1620	16	016001	016005	61	12.0	6.0	0,894	true	[016001, 016003, 016004, 016005]
1621	16	016001	016005	62	32.0	6.0	0,980	true	[016001, 016003, 016005]
1622	16	016001	016003	63	19.0	3.0	0,894	true	[016001, 016000, 016002, 016005, 016003]
1623	16	016001	016003	64	12.0	3.0	0,815	true	[016001, 016000, 016002, 016005, 016004, 016003]
1624	16	016001	016003	65	65.0	8.0	0,941	true	[016001, 016000, 016003]
1625	16	016001	016003	66	32.0	3.0	0,960	true	[016001, 016000, 016005, 016003]
1626	16	016001	016003	67	12.0	3.0	0,876	true	[016001, 016000, 016005, 016004, 016003]
1627	16	016001	016003	68	14.0	5.0	0,866	true	[016001, 016002, 016000, 016003]
1628	16	016001	016003	69	14.0	3.0	0,884	true	[016001, 016002, 016000, 016005, 016003]
1629	16	016001	016003	70	12.0	3.0	0,807	true	[016001, 016002, 016000, 016005, 016004, 016003]
1630	16	016001	016003	71	14.0	3.0	0,858	true	[016001, 016002, 016005, 016000, 016003]
1631	16	016001	016003	72	14.0	3.0	0,912	true	[016001, 016002, 016005, 016003]
1632	16	016001	016003	73	12.0	3.0	0,832	true	[016001, 016002, 016005, 016004, 016003]
1633	16	016001	016003	74	66.0	6.0	0,980	true	[016001, 016003]
1634	16	016002	016005	75	12.0	5.0	0,832	true	[016002, 016000, 016001, 016003, 016004, 016005]
1635	16	016002	016005	76	19.0	5.0	0,912	true	[016002, 016000, 016001, 016003, 016005]
1636	16	016002	016005	77	12.0	5.0	0,832	true	[016002, 016000, 016003, 016004, 016005]
1637	16	016002	016005	78	19.0	5.0	0,912	true	[016002, 016000, 016003, 016005]
1638	16	016002	016005	79	19.0	3.0	0,931	true	[016002, 016000, 016005]
1639	16	016002	016005	80	12.0	6.0	0,815	true	[016002, 016001, 016000, 016003, 016004, 016005]
1640	16	016002	016005	81	14.0	6.0	0,894	true	[016002, 016001, 016000, 016003, 016005]
1641	16	016002	016005	82	14.0	3.0	0,912	true	[016002, 016001, 016000, 016005]
1642	16	016002	016005	83	14.0	3.0	0,876	true	[016002, 016001, 016003, 016000, 016005]
1643	16	016002	016005	84	12.0	6.0	0,849	true	[016002, 016001, 016003, 016004, 016005]
1644	16	016002	016005	85	14.0	6.0	0,931	true	[016002, 016001, 016003, 016005]
1645	16	016002	016005	86	60.0	3.0	0,960	true	[016002, 016005]
1646	16	016002	016003	87	19.0	5.0	0,912	true	[016002, 016000, 016001, 016003]
1647	16	016002	016003	88	19.0	5.0	0,912	true	[016002, 016000, 016003]
1648	16	016002	016003	89	19.0	3.0	0,931	true	[016002, 016000, 016005, 016003]
1649	16	016002	016003	90	12.0	3.0	0,849	true	[016002, 016000, 016005, 016004, 016003]
1650	16	016002	016003	91	14.0	6.0	0,894	true	[016002, 016001, 016000, 016003]
1651	16	016002	016003	92	14.0	3.0	0,912	true	[016002, 016001, 016000, 016005, 016003]
1652	16	016002	016003	93	12.0	3.0	0,832	true	[016002, 016001, 016000, 016005, 016004, 016003]
1653	16	016002	016003	94	14.0	6.0	0,931	true	[016002, 016001, 016003]
1654	16	016002	016003	95	60.0	3.0	0,904	true	[016002, 016005, 016000, 016001, 016003]
1655	16	016002	016003	96	60.0	3.0	0,903	true	[016002, 016005, 016000, 016003]
1656	16	016002	016003	97	32.0	3.0	0,960	true	[016002, 016005, 016003]
1657	16	016002	016003	98	12.0	3.0	0,876	true	[016002, 016005, 016004, 016003]
1658	16	016005	016003	99	65.0	3.0	0,941	true	[016005, 016000, 016001, 016003]
1659	16	016005	016003	100	14.0	3.0	0,867	true	[016005, 016000, 016002, 016001, 016003]
1660	16	016005	016003	101	65.0	3.0	0,941	true	[016005, 016000, 016003]
1661	16	016005	016003	102	32.0	7.0	1,000	true	[016005, 016003]
1662	17	017005	017004	0	17.0	4.0	0,885	true	[017005, 017002, 017000, 017003, 017004]
1663	17	017005	017004	1	17.0	4.0	0,922	true	[017005, 017002, 017000, 017004]
1664	17	017005	017004	2	17.0	4.0	0,885	true	[017005, 017002, 017003, 017000, 017004]
1665	17	017005	017004	3	17.0	4.0	0,941	true	[017005, 017002, 017003, 017004]
1666	17	017005	017004	4	17.0	5.0	0,931	true	[017005, 017002, 017004]
1667	17	017005	017004	5	27.0	8.0	0,849	true	[017005, 017003, 017000, 017002, 017004]
1668	17	017005	017004	6	27.0	4.0	0,894	true	[017005, 017003, 017000, 017004]
1669	17	017005	017004	7	24.0	4.0	0,894	true	[017005, 017003, 017002, 017000, 017004]
1670	17	017005	017004	8	24.0	8.0	0,903	true	[017005, 017003, 017002, 017004]
1671	17	017005	017004	9	27.0	4.0	0,951	true	[017005, 017003, 017004]
1672	17	017005	017004	10	55.0	9.0	1,000	true	[017005, 017004]
1673	17	017005	017000	11	17.0	5.0	0,951	true	[017005, 017002, 017000]
1674	17	017005	017000	12	17.0	5.0	0,912	true	[017005, 017002, 017003, 017000]
1675	17	017005	017000	13	17.0	4.0	0,913	true	[017005, 017002, 017003, 017004, 017000]
1676	17	017005	017000	14	17.0	4.0	0,903	true	[017005, 017002, 017004, 017000]
1677	17	017005	017000	15	17.0	4.0	0,867	true	[017005, 017002, 017004, 017003, 017000]
1678	17	017005	017000	16	27.0	8.0	0,922	true	[017005, 017003, 017000]
1679	17	017005	017000	17	24.0	8.0	0,922	true	[017005, 017003, 017002, 017000]
1680	17	017005	017000	18	24.0	4.0	0,876	true	[017005, 017003, 017002, 017004, 017000]
1681	17	017005	017000	19	27.0	4.0	0,922	true	[017005, 017003, 017004, 017000]
1682	17	017005	017000	20	27.0	4.0	0,876	true	[017005, 017003, 017004, 017002, 017000]
1683	17	017005	017000	21	28.0	4.0	0,970	true	[017005, 017004, 017000]
1684	17	017005	017000	22	46.0	9.0	0,922	true	[017005, 017004, 017002, 017000]
1685	17	017005	017000	23	24.0	9.0	0,884	true	[017005, 017004, 017002, 017003, 017000]
1686	17	017005	017000	24	50.0	4.0	0,931	true	[017005, 017004, 017003, 017000]
1687	17	017005	017000	25	24.0	4.0	0,932	true	[017005, 017004, 017003, 017002, 017000]
1688	17	017004	017000	26	28.0	4.0	0,970	true	[017004, 017000]
1689	17	017004	017000	27	46.0	9.0	0,922	true	[017004, 017002, 017000]
1690	17	017004	017000	28	24.0	9.0	0,884	true	[017004, 017002, 017003, 017000]
1691	17	017004	017000	29	17.0	5.0	0,858	true	[017004, 017002, 017005, 017003, 017000]
1692	17	017004	017000	30	50.0	4.0	0,931	true	[017004, 017003, 017000]
1693	17	017004	017000	31	24.0	4.0	0,932	true	[017004, 017003, 017002, 017000]
1694	17	017004	017000	32	17.0	4.0	0,904	true	[017004, 017003, 017005, 017002, 017000]
1695	17	017004	017000	33	17.0	5.0	0,951	true	[017004, 017005, 017002, 017000]
1696	17	017004	017000	34	17.0	5.0	0,912	true	[017004, 017005, 017002, 017003, 017000]
1697	17	017004	017000	35	27.0	8.0	0,922	true	[017004, 017005, 017003, 017000]
1698	17	017004	017000	36	24.0	8.0	0,922	true	[017004, 017005, 017003, 017002, 017000]
1699	18	018003	018005	0	11.0	4.0	0,904	true	[018003, 018002, 018000, 018004, 018005]
1700	18	018003	018005	1	28.0	8.0	0,960	true	[018003, 018002, 018005]
1701	18	018003	018005	2	11.0	4.0	0,932	true	[018003, 018004, 018000, 018002, 018005]
1702	18	018003	018005	3	22.0	4.0	0,951	true	[018003, 018004, 018005]
1703	18	018003	018005	4	12.0	8.0	0,990	true	[018003, 018005]
1704	19	019003	019005	0	15.0	3.0	0,858	true	[019003, 019001, 019000, 019004, 019002, 019005]
1705	19	019003	019005	1	30.0	3.0	0,903	true	[019003, 019001, 019000, 019004, 019005]
1706	19	019003	019005	2	30.0	4.0	0,960	true	[019003, 019001, 019002, 019004, 019005]
1707	19	019003	019005	3	15.0	6.0	0,931	true	[019003, 019001, 019002, 019005]
1708	19	019003	019005	4	15.0	4.0	0,885	true	[019003, 019001, 019004, 019002, 019005]
1709	19	019003	019005	5	30.0	9.0	0,931	true	[019003, 019001, 019004, 019005]
1710	19	019003	019005	6	31.0	9.0	0,970	true	[019003, 019001, 019005]
1711	19	019003	019005	7	30.0	3.0	0,876	true	[019003, 019002, 019001, 019000, 019004, 019005]
1712	19	019003	019005	8	30.0	10.0	0,903	true	[019003, 019002, 019001, 019004, 019005]
1713	19	019003	019005	9	30.0	9.0	0,941	true	[019003, 019002, 019001, 019005]
1714	19	019003	019005	10	31.0	3.0	0,867	true	[019003, 019002, 019004, 019000, 019001, 019005]
1715	19	019003	019005	11	31.0	4.0	0,894	true	[019003, 019002, 019004, 019001, 019005]
1716	19	019003	019005	12	30.0	4.0	0,931	true	[019003, 019002, 019004, 019005]
1717	19	019003	019005	13	15.0	6.0	0,903	true	[019003, 019002, 019005]
1718	19	019003	019002	14	43.0	3.0	0,903	true	[019003, 019001, 019000, 019004, 019002]
1719	19	019003	019002	15	15.0	3.0	0,858	true	[019003, 019001, 019000, 019004, 019005, 019002]
1720	19	019003	019002	16	30.0	9.0	0,980	true	[019003, 019001, 019002]
1721	19	019003	019002	17	41.0	4.0	0,931	true	[019003, 019001, 019004, 019002]
1722	19	019003	019002	18	15.0	6.0	0,885	true	[019003, 019001, 019004, 019005, 019002]
1723	19	019003	019002	19	15.0	6.0	0,922	true	[019003, 019001, 019005, 019002]
1724	19	019003	019002	20	30.0	4.0	0,951	true	[019003, 019001, 019005, 019004, 019002]
1725	19	019003	019002	21	45.0	10.0	0,950	true	[019003, 019002]
1726	19	019005	019002	22	31.0	3.0	0,912	true	[019005, 019001, 019000, 019004, 019002]
1727	19	019005	019002	23	30.0	9.0	0,990	true	[019005, 019001, 019002]
1728	19	019005	019002	24	31.0	9.0	0,922	true	[019005, 019001, 019003, 019002]
1729	19	019005	019002	25	31.0	4.0	0,941	true	[019005, 019001, 019004, 019002]
1730	19	019005	019002	26	15.0	6.0	0,950	true	[019005, 019002]
1731	19	019005	019002	27	30.0	3.0	0,922	true	[019005, 019004, 019000, 019001, 019002]
1732	19	019005	019002	28	30.0	3.0	0,858	true	[019005, 019004, 019000, 019001, 019003, 019002]
1733	19	019005	019002	29	30.0	10.0	0,950	true	[019005, 019004, 019001, 019002]
1734	19	019005	019002	30	30.0	9.0	0,885	true	[019005, 019004, 019001, 019003, 019002]
1735	19	019005	019002	31	30.0	4.0	0,980	true	[019005, 019004, 019002]
1736	20	020003	020000	0	14.0	5.0	1,000	true	[020003, 020000]
1737	20	020003	020000	1	13.0	3.0	0,922	true	[020003, 020002, 020004, 020000]
1738	20	020003	020000	2	20.0	3.0	0,875	true	[020003, 020002, 020004, 020001, 020000]
1739	20	020003	020000	3	14.0	3.0	0,931	true	[020003, 020002, 020005, 020000]
1740	20	020003	020000	4	19.0	4.0	0,922	true	[020003, 020005, 020000]
1741	20	020003	020000	5	13.0	3.0	0,893	true	[020003, 020005, 020002, 020004, 020000]
1742	20	020003	020000	6	14.0	3.0	0,849	true	[020003, 020005, 020002, 020004, 020001, 020000]
1743	20	020003	020004	7	14.0	3.0	0,903	true	[020003, 020000, 020001, 020004]
1744	20	020003	020004	8	13.0	4.0	0,950	true	[020003, 020000, 020004]
1745	20	020003	020004	9	14.0	3.0	0,960	true	[020003, 020000, 020005, 020002, 020004]
1746	20	020003	020004	10	20.0	3.0	0,970	true	[020003, 020002, 020004]
1747	20	020003	020004	11	14.0	3.0	0,841	true	[020003, 020002, 020005, 020000, 020001, 020004]
1748	20	020003	020004	12	13.0	3.0	0,885	true	[020003, 020002, 020005, 020000, 020004]
1749	20	020003	020004	13	19.0	3.0	0,832	true	[020003, 020005, 020000, 020001, 020004]
1750	20	020003	020004	14	13.0	4.0	0,875	true	[020003, 020005, 020000, 020004]
1751	20	020003	020004	15	14.0	3.0	0,941	true	[020003, 020005, 020002, 020004]
1752	20	020000	020004	16	27.0	3.0	0,903	true	[020000, 020001, 020004]
1753	20	020000	020004	17	14.0	3.0	0,970	true	[020000, 020003, 020002, 020004]
1754	20	020000	020004	18	14.0	3.0	0,941	true	[020000, 020003, 020005, 020002, 020004]
1755	20	020000	020004	19	13.0	4.0	0,950	true	[020000, 020004]
1756	20	020000	020004	20	14.0	3.0	0,960	true	[020000, 020005, 020002, 020004]
1757	20	020000	020004	21	19.0	3.0	0,894	true	[020000, 020005, 020003, 020002, 020004]
1758	21	021002	021003	0	5.0	4.0	0,922	true	[021002, 021000, 021001, 021003]
1759	21	021002	021003	1	18.0	3.0	0,903	true	[021002, 021000, 021001, 021004, 021005, 021003]
1760	21	021002	021003	2	11.0	5.0	0,903	true	[021002, 021000, 021001, 021005, 021003]
1761	21	021002	021003	3	18.0	5.0	0,970	true	[021002, 021000, 021003]
1762	21	021002	021003	4	5.0	3.0	0,931	true	[021002, 021000, 021004, 021001, 021003]
1763	21	021002	021003	5	11.0	3.0	0,912	true	[021002, 021000, 021004, 021001, 021005, 021003]
1764	21	021002	021003	6	5.0	4.0	0,894	true	[021002, 021000, 021004, 021005, 021001, 021003]
1765	21	021002	021003	7	16.0	5.0	0,912	true	[021002, 021000, 021004, 021005, 021003]
1766	21	021002	021003	8	30.0	6.0	0,922	true	[021002, 021001, 021000, 021003]
1767	21	021002	021003	9	16.0	5.0	0,867	true	[021002, 021001, 021000, 021004, 021005, 021003]
1768	21	021002	021003	10	5.0	4.0	0,912	true	[021002, 021001, 021003]
1769	21	021002	021003	11	16.0	3.0	0,931	true	[021002, 021001, 021004, 021000, 021003]
1770	21	021002	021003	12	27.0	3.0	0,894	true	[021002, 021001, 021004, 021005, 021003]
1771	21	021002	021003	13	11.0	5.0	0,894	true	[021002, 021001, 021005, 021003]
1772	21	021002	021003	14	11.0	5.0	0,895	true	[021002, 021001, 021005, 021004, 021000, 021003]
1773	21	021002	021003	15	48.0	8.0	0,990	true	[021002, 021003]
1774	21	021002	021003	16	5.0	4.0	0,903	true	[021002, 021004, 021000, 021001, 021003]
1775	21	021002	021003	17	11.0	5.0	0,885	true	[021002, 021004, 021000, 021001, 021005, 021003]
1776	21	021002	021003	18	16.0	6.0	0,951	true	[021002, 021004, 021000, 021003]
1777	21	021002	021003	19	30.0	3.0	0,941	true	[021002, 021004, 021001, 021000, 021003]
1778	21	021002	021003	20	5.0	3.0	0,931	true	[021002, 021004, 021001, 021003]
1779	21	021002	021003	21	11.0	3.0	0,912	true	[021002, 021004, 021001, 021005, 021003]
1780	21	021002	021003	22	11.0	5.0	0,904	true	[021002, 021004, 021005, 021001, 021000, 021003]
1781	21	021002	021003	23	5.0	4.0	0,894	true	[021002, 021004, 021005, 021001, 021003]
1782	21	021002	021003	24	27.0	5.0	0,912	true	[021002, 021004, 021005, 021003]
1783	21	021002	021003	25	11.0	5.0	0,941	true	[021002, 021005, 021001, 021000, 021003]
1784	21	021002	021003	26	5.0	4.0	0,931	true	[021002, 021005, 021001, 021003]
1785	21	021002	021003	27	11.0	3.0	0,951	true	[021002, 021005, 021001, 021004, 021000, 021003]
1786	21	021002	021003	28	27.0	5.0	0,950	true	[021002, 021005, 021003]
1787	21	021002	021003	29	5.0	4.0	0,903	true	[021002, 021005, 021004, 021000, 021001, 021003]
1788	21	021002	021003	30	16.0	5.0	0,951	true	[021002, 021005, 021004, 021000, 021003]
1789	21	021002	021003	31	30.0	3.0	0,941	true	[021002, 021005, 021004, 021001, 021000, 021003]
1790	21	021002	021003	32	5.0	3.0	0,931	true	[021002, 021005, 021004, 021001, 021003]
1791	21	021002	021005	33	5.0	4.0	0,876	true	[021002, 021000, 021001, 021003, 021005]
1792	21	021002	021005	34	18.0	3.0	0,951	true	[021002, 021000, 021001, 021004, 021005]
1793	21	021002	021005	35	11.0	5.0	0,951	true	[021002, 021000, 021001, 021005]
1794	21	021002	021005	36	5.0	3.0	0,903	true	[021002, 021000, 021003, 021001, 021004, 021005]
1795	21	021002	021005	37	5.0	4.0	0,903	true	[021002, 021000, 021003, 021001, 021005]
1796	21	021002	021005	38	18.0	5.0	0,922	true	[021002, 021000, 021003, 021005]
1797	21	021002	021005	39	5.0	3.0	0,885	true	[021002, 021000, 021004, 021001, 021003, 021005]
1798	21	021002	021005	40	11.0	3.0	0,960	true	[021002, 021000, 021004, 021001, 021005]
1799	21	021002	021005	41	16.0	5.0	0,960	true	[021002, 021000, 021004, 021005]
1800	21	021002	021005	42	27.0	6.0	0,876	true	[021002, 021001, 021000, 021003, 021005]
1801	21	021002	021005	43	16.0	5.0	0,913	true	[021002, 021001, 021000, 021004, 021005]
1802	21	021002	021005	44	5.0	4.0	0,867	true	[021002, 021001, 021003, 021000, 021004, 021005]
1803	21	021002	021005	45	5.0	4.0	0,866	true	[021002, 021001, 021003, 021005]
1804	21	021002	021005	46	16.0	3.0	0,885	true	[021002, 021001, 021004, 021000, 021003, 021005]
1805	21	021002	021005	47	32.0	3.0	0,941	true	[021002, 021001, 021004, 021005]
1806	21	021002	021005	48	11.0	5.0	0,941	true	[021002, 021001, 021005]
1807	21	021002	021005	49	30.0	3.0	0,932	true	[021002, 021003, 021000, 021001, 021004, 021005]
1808	21	021002	021005	50	11.0	5.0	0,932	true	[021002, 021003, 021000, 021001, 021005]
1809	21	021002	021005	51	11.0	3.0	0,941	true	[021002, 021003, 021000, 021004, 021001, 021005]
1810	21	021002	021005	52	16.0	5.0	0,941	true	[021002, 021003, 021000, 021004, 021005]
1811	21	021002	021005	53	5.0	4.0	0,894	true	[021002, 021003, 021001, 021000, 021004, 021005]
1812	21	021002	021005	54	5.0	3.0	0,922	true	[021002, 021003, 021001, 021004, 021005]
1813	21	021002	021005	55	5.0	4.0	0,922	true	[021002, 021003, 021001, 021005]
1814	21	021002	021005	56	27.0	8.0	0,941	true	[021002, 021003, 021005]
1815	21	021002	021005	57	5.0	4.0	0,858	true	[021002, 021004, 021000, 021001, 021003, 021005]
1816	21	021002	021005	58	11.0	5.0	0,932	true	[021002, 021004, 021000, 021001, 021005]
1817	21	021002	021005	59	5.0	4.0	0,885	true	[021002, 021004, 021000, 021003, 021001, 021005]
1818	21	021002	021005	60	16.0	6.0	0,903	true	[021002, 021004, 021000, 021003, 021005]
1819	21	021002	021005	61	27.0	3.0	0,894	true	[021002, 021004, 021001, 021000, 021003, 021005]
1820	21	021002	021005	62	5.0	3.0	0,884	true	[021002, 021004, 021001, 021003, 021005]
1821	21	021002	021005	63	11.0	3.0	0,960	true	[021002, 021004, 021001, 021005]
1822	21	021002	021005	64	32.0	5.0	0,960	true	[021002, 021004, 021005]
1823	21	021002	021005	65	34.0	5.0	1,000	true	[021002, 021005]
1824	21	021002	021000	66	18.0	5.0	0,990	true	[021002, 021000]
1825	21	021002	021000	67	30.0	6.0	0,941	true	[021002, 021001, 021000]
1826	21	021002	021000	68	5.0	4.0	0,894	true	[021002, 021001, 021003, 021000]
1827	21	021002	021000	69	5.0	4.0	0,841	true	[021002, 021001, 021003, 021005, 021004, 021000]
1828	21	021002	021000	70	16.0	3.0	0,950	true	[021002, 021001, 021004, 021000]
1829	21	021002	021000	71	27.0	3.0	0,876	true	[021002, 021001, 021004, 021005, 021003, 021000]
1830	21	021002	021000	72	11.0	5.0	0,876	true	[021002, 021001, 021005, 021003, 021000]
1831	21	021002	021000	73	11.0	5.0	0,913	true	[021002, 021001, 021005, 021004, 021000]
1832	21	021002	021000	74	48.0	8.0	0,970	true	[021002, 021003, 021000]
1833	21	021002	021000	75	5.0	4.0	0,922	true	[021002, 021003, 021001, 021000]
1834	21	021002	021000	76	5.0	3.0	0,931	true	[021002, 021003, 021001, 021004, 021000]
1835	21	021002	021000	77	5.0	4.0	0,894	true	[021002, 021003, 021001, 021005, 021004, 021000]
1836	21	021002	021000	78	11.0	5.0	0,903	true	[021002, 021003, 021005, 021001, 021000]
1837	21	021002	021000	79	11.0	3.0	0,912	true	[021002, 021003, 021005, 021001, 021004, 021000]
1838	21	021002	021000	80	16.0	5.0	0,912	true	[021002, 021003, 021005, 021004, 021000]
1839	21	021002	021000	81	27.0	3.0	0,903	true	[021002, 021003, 021005, 021004, 021001, 021000]
1840	21	021002	021000	82	16.0	6.0	0,970	true	[021002, 021004, 021000]
1841	21	021002	021000	83	30.0	3.0	0,960	true	[021002, 021004, 021001, 021000]
1842	21	021002	021000	84	5.0	3.0	0,912	true	[021002, 021004, 021001, 021003, 021000]
1843	21	021002	021000	85	11.0	3.0	0,894	true	[021002, 021004, 021001, 021005, 021003, 021000]
1844	21	021002	021000	86	11.0	5.0	0,922	true	[021002, 021004, 021005, 021001, 021000]
1845	21	021002	021000	87	5.0	4.0	0,876	true	[021002, 021004, 021005, 021001, 021003, 021000]
1846	21	021002	021000	88	27.0	5.0	0,894	true	[021002, 021004, 021005, 021003, 021000]
1847	21	021002	021000	89	5.0	4.0	0,849	true	[021002, 021004, 021005, 021003, 021001, 021000]
1848	21	021002	021000	90	11.0	5.0	0,960	true	[021002, 021005, 021001, 021000]
1849	21	021002	021000	91	5.0	4.0	0,912	true	[021002, 021005, 021001, 021003, 021000]
1850	21	021002	021000	92	11.0	3.0	0,970	true	[021002, 021005, 021001, 021004, 021000]
1851	21	021002	021000	93	27.0	5.0	0,931	true	[021002, 021005, 021003, 021000]
1852	21	021002	021000	94	5.0	4.0	0,884	true	[021002, 021005, 021003, 021001, 021000]
1853	21	021002	021000	95	5.0	3.0	0,893	true	[021002, 021005, 021003, 021001, 021004, 021000]
1854	21	021002	021000	96	16.0	5.0	0,970	true	[021002, 021005, 021004, 021000]
1855	21	021002	021000	97	30.0	3.0	0,960	true	[021002, 021005, 021004, 021001, 021000]
1856	21	021002	021000	98	5.0	3.0	0,912	true	[021002, 021005, 021004, 021001, 021003, 021000]
1857	21	021003	021005	99	30.0	5.0	0,885	true	[021003, 021000, 021001, 021002, 021004, 021005]
1858	21	021003	021005	100	30.0	5.0	0,922	true	[021003, 021000, 021001, 021002, 021005]
1859	21	021003	021005	101	11.0	5.0	0,941	true	[021003, 021000, 021001, 021005]
1860	21	021003	021005	102	27.0	8.0	0,950	true	[021003, 021005]
1861	22	022004	022002	0	12.0	9.0	0,950	true	[022004, 022000, 022002]
1862	22	022004	022002	1	11.0	9.0	0,970	true	[022004, 022002]
1863	22	022004	022001	2	12.0	3.0	0,912	true	[022004, 022000, 022001]
1864	22	022004	022001	3	12.0	4.0	0,885	true	[022004, 022000, 022005, 022001]
1865	22	022004	022001	4	11.0	3.0	0,912	true	[022004, 022002, 022000, 022001]
1866	22	022004	022001	5	11.0	4.0	0,885	true	[022004, 022002, 022000, 022005, 022001]
1867	22	022002	022001	6	39.0	3.0	0,941	true	[022002, 022000, 022001]
1868	22	022002	022001	7	19.0	4.0	0,912	true	[022002, 022000, 022005, 022001]
1869	22	022002	022001	8	11.0	3.0	0,885	true	[022002, 022004, 022000, 022001]
1870	22	022002	022001	9	11.0	4.0	0,858	true	[022002, 022004, 022000, 022005, 022001]
1871	23	023001	023000	0	19.0	6.0	0,875	true	[023001, 023003, 023004, 023000]
1872	23	023001	023000	1	19.0	4.0	0,849	true	[023001, 023003, 023004, 023002, 023000]
1873	23	023001	023000	2	19.0	4.0	0,849	true	[023001, 023003, 023004, 023002, 023005, 023000]
1874	23	023001	023000	3	19.0	5.0	0,884	true	[023001, 023003, 023004, 023005, 023000]
1875	23	023001	023000	4	19.0	4.0	0,798	true	[023001, 023003, 023004, 023005, 023002, 023000]
1876	23	023001	023000	5	46.0	6.0	0,922	true	[023001, 023004, 023000]
1877	23	023001	023000	6	20.0	4.0	0,893	true	[023001, 023004, 023002, 023000]
1878	23	023001	023000	7	20.0	4.0	0,893	true	[023001, 023004, 023002, 023005, 023000]
1879	23	023001	023000	8	40.0	5.0	0,931	true	[023001, 023004, 023005, 023000]
1880	23	023001	023000	9	28.0	4.0	0,840	true	[023001, 023004, 023005, 023002, 023000]
1881	23	023001	023000	10	24.0	4.0	0,990	true	[023001, 023005, 023000]
1882	23	023001	023000	11	24.0	4.0	0,893	true	[023001, 023005, 023002, 023000]
1883	23	023001	023000	12	20.0	4.0	0,903	true	[023001, 023005, 023002, 023004, 023000]
1884	23	023001	023000	13	24.0	4.0	0,941	true	[023001, 023005, 023004, 023000]
1885	23	023001	023000	14	20.0	4.0	0,912	true	[023001, 023005, 023004, 023002, 023000]
1886	-1	000003	001005	0	100.0	38.0	0,995	true	[000003, 001005]
1887	-1	000001	005000	0	110.0	28.0	0,998	true	[000001, 005000]
1888	-1	001002	002002	0	145.0	29.0	0,998	true	[001002, 002002]
1889	-1	001004	005004	0	130.0	47.0	0,998	true	[001004, 005004]
1890	-1	002001	003003	0	140.0	35.0	0,996	true	[002001, 003003]
1891	-1	002004	004001	0	150.0	48.0	0,997	true	[002004, 004001]
1892	-1	002003	006000	0	100.0	31.0	0,995	true	[002003, 006000]
1893	-1	003004	004004	0	135.0	50.0	0,998	true	[003004, 004004]
1894	-1	003000	006001	0	105.0	34.0	0,995	true	[003000, 006001]
1895	-1	004000	007004	0	110.0	37.0	0,999	true	[004000, 007004]
1896	-1	005003	006003	0	105.0	30.0	0,996	true	[005003, 006003]
1897	-1	005002	008003	0	105.0	31.0	0,998	true	[005002, 008003]
1898	-1	005001	010000	0	100.0	21.0	0,995	true	[005001, 010000]
1899	-1	006004	007005	0	145.0	46.0	0,996	true	[006004, 007005]
1900	-1	006005	008005	0	120.0	30.0	0,999	true	[006005, 008005]
1901	-1	007002	009004	0	140.0	47.0	0,999	true	[007002, 009004]
1902	-1	008002	009002	0	135.0	41.0	0,999	true	[008002, 009002]
1903	-1	008004	010002	0	130.0	49.0	0,999	true	[008004, 010002]
1904	-1	008001	011005	0	100.0	27.0	0,997	true	[008001, 011005]
1905	-1	009001	012001	0	120.0	34.0	0,995	true	[009001, 012001]
1906	-1	010001	011002	0	145.0	28.0	0,996	true	[010001, 011002]
1907	-1	010004	014005	0	100.0	44.0	0,998	true	[010004, 014005]
1908	-1	011003	012002	0	120.0	21.0	0,999	true	[011003, 012002]
1909	-1	011001	015002	0	140.0	30.0	0,996	true	[011001, 015002]
1910	-1	012000	013005	0	130.0	24.0	0,998	true	[012000, 013005]
1911	-1	012004	016000	0	135.0	21.0	0,998	true	[012004, 016000]
1912	-1	013002	017005	0	145.0	34.0	0,998	true	[013002, 017005]
1913	-1	014002	015001	0	115.0	34.0	0,999	true	[014002, 015001]
1914	-1	014003	018003	0	130.0	28.0	0,996	true	[014003, 018003]
1915	-1	014004	019003	0	150.0	44.0	0,999	true	[014004, 019003]
1916	-1	015004	016001	0	120.0	35.0	0,999	true	[015004, 016001]
1917	-1	015003	020003	0	150.0	24.0	0,997	true	[015003, 020003]
1918	-1	015005	021002	0	125.0	29.0	0,998	true	[015005, 021002]
1919	-1	016002	017004	0	105.0	48.0	0,996	true	[016002, 017004]
1920	-1	016005	021003	0	145.0	43.0	0,997	true	[016005, 021003]
1921	-1	016003	022004	0	125.0	34.0	0,999	true	[016003, 022004]
1922	-1	017000	023001	0	140.0	25.0	0,999	true	[017000, 023001]
1923	-1	018005	019005	0	100.0	50.0	0,998	true	[018005, 019005]
1924	-1	019002	020000	0	135.0	48.0	0,997	true	[019002, 020000]
1925	-1	020004	021005	0	120.0	33.0	0,998	true	[020004, 021005]
1926	-1	021000	022002	0	110.0	47.0	0,996	true	[021000, 022002]
1927	-1	022001	023000	0	145.0	35.0	0,998	true	[022001, 023000]
