TransactionId	ASId	Ingress	Egress	PathletId	Bandwidth	Delay	Reliability	Status	Full Path
4137	0	000001	000007	0	34.0	6.0	0,850	true	[000001, 000000, 000002, 000004, 000003, 000005, 000007]
4138	0	000001	000007	1	32.0	3.0	0,807	true	[000001, 000000, 000002, 000004, 000003, 000006, 000005, 000007]
4139	0	000001	000007	2	12.0	3.0	0,867	true	[000001, 000000, 000002, 000004, 000003, 000007]
4140	0	000001	000007	3	12.0	3.0	0,832	true	[000001, 000000, 000002, 000004, 000005, 000003, 000007]
4141	0	000001	000007	4	12.0	3.0	0,791	true	[000001, 000000, 000002, 000004, 000005, 000006, 000003, 000007]
4142	0	000001	000007	5	43.0	6.0	0,849	true	[000001, 000000, 000002, 000004, 000005, 000007]
4143	0	000001	000007	6	34.0	3.0	0,783	true	[000001, 000000, 000002, 000004, 000006, 000003, 000005, 000007]
4144	0	000001	000007	7	12.0	3.0	0,799	true	[000001, 000000, 000002, 000004, 000006, 000003, 000007]
4145	0	000001	000007	8	12.0	3.0	0,807	true	[000001, 000000, 000002, 000004, 000006, 000005, 000003, 000007]
4146	0	000001	000007	9	32.0	5.0	0,824	true	[000001, 000000, 000002, 000004, 000006, 000005, 000007]
4147	0	000001	000007	10	16.0	6.0	0,912	true	[000001, 000000, 000002, 000004, 000007]
4148	0	000001	000007	11	30.0	9.0	0,941	true	[000001, 000000, 000002, 000007]
4149	0	000001	000007	12	30.0	5.0	0,885	true	[000001, 000000, 000004, 000002, 000007]
4150	0	000001	000007	13	34.0	5.0	0,885	true	[000001, 000000, 000004, 000003, 000005, 000007]
4151	0	000001	000007	14	32.0	3.0	0,841	true	[000001, 000000, 000004, 000003, 000006, 000005, 000007]
4152	0	000001	000007	15	12.0	3.0	0,903	true	[000001, 000000, 000004, 000003, 000007]
4153	0	000001	000007	16	12.0	3.0	0,867	true	[000001, 000000, 000004, 000005, 000003, 000007]
4154	0	000001	000007	17	12.0	3.0	0,824	true	[000001, 000000, 000004, 000005, 000006, 000003, 000007]
4155	0	000001	000007	18	43.0	5.0	0,885	true	[000001, 000000, 000004, 000005, 000007]
4156	0	000001	000007	19	34.0	3.0	0,815	true	[000001, 000000, 000004, 000006, 000003, 000005, 000007]
4157	0	000001	000007	20	12.0	3.0	0,832	true	[000001, 000000, 000004, 000006, 000003, 000007]
4158	0	000001	000007	21	12.0	3.0	0,841	true	[000001, 000000, 000004, 000006, 000005, 000003, 000007]
4159	0	000001	000007	22	32.0	5.0	0,858	true	[000001, 000000, 000004, 000006, 000005, 000007]
4160	0	000001	000007	23	16.0	5.0	0,951	true	[000001, 000000, 000004, 000007]
4161	0	000001	000007	24	30.0	3.0	0,859	true	[000001, 000000, 000005, 000003, 000004, 000002, 000007]
4162	0	000001	000007	25	16.0	3.0	0,922	true	[000001, 000000, 000005, 000003, 000004, 000007]
4163	0	000001	000007	26	30.0	3.0	0,791	true	[000001, 000000, 000005, 000003, 000006, 000004, 000002, 000007]
4164	0	000001	000007	27	16.0	3.0	0,850	true	[000001, 000000, 000005, 000003, 000006, 000004, 000007]
4165	0	000001	000007	28	12.0	3.0	0,913	true	[000001, 000000, 000005, 000003, 000007]
4166	0	000001	000007	29	30.0	3.0	0,858	true	[000001, 000000, 000005, 000004, 000002, 000007]
4167	0	000001	000007	30	12.0	3.0	0,876	true	[000001, 000000, 000005, 000004, 000003, 000007]
4168	0	000001	000007	31	12.0	3.0	0,807	true	[000001, 000000, 000005, 000004, 000006, 000003, 000007]
4169	0	000001	000007	32	16.0	3.0	0,922	true	[000001, 000000, 000005, 000004, 000007]
4170	0	000001	000007	33	30.0	3.0	0,816	true	[000001, 000000, 000005, 000006, 000003, 000004, 000002, 000007]
4171	0	000001	000007	34	16.0	3.0	0,876	true	[000001, 000000, 000005, 000006, 000003, 000004, 000007]
4172	0	000001	000007	35	12.0	3.0	0,867	true	[000001, 000000, 000005, 000006, 000003, 000007]
4173	0	000001	000007	36	30.0	3.0	0,832	true	[000001, 000000, 000005, 000006, 000004, 000002, 000007]
4174	0	000001	000007	37	12.0	3.0	0,850	true	[000001, 000000, 000005, 000006, 000004, 000003, 000007]
4175	0	000001	000007	38	16.0	3.0	0,894	true	[000001, 000000, 000005, 000006, 000004, 000007]
4176	0	000001	000007	39	50.0	3.0	0,931	true	[000001, 000000, 000005, 000007]
4177	0	000001	000007	40	30.0	3.0	0,824	true	[000001, 000000, 000006, 000003, 000004, 000002, 000007]
4178	0	000001	000007	41	37.0	3.0	0,824	true	[000001, 000000, 000006, 000003, 000004, 000005, 000007]
4179	0	000001	000007	42	16.0	3.0	0,885	true	[000001, 000000, 000006, 000003, 000004, 000007]
4180	0	000001	000007	43	30.0	3.0	0,791	true	[000001, 000000, 000006, 000003, 000005, 000004, 000002, 000007]
4181	0	000001	000007	44	16.0	3.0	0,850	true	[000001, 000000, 000006, 000003, 000005, 000004, 000007]
4182	0	000001	000007	45	34.0	3.0	0,858	true	[000001, 000000, 000006, 000003, 000005, 000007]
4183	0	000001	000007	46	12.0	3.0	0,876	true	[000001, 000000, 000006, 000003, 000007]
4184	0	000001	000007	47	30.0	5.0	0,841	true	[000001, 000000, 000006, 000004, 000002, 000007]
4185	0	000001	000007	48	34.0	5.0	0,841	true	[000001, 000000, 000006, 000004, 000003, 000005, 000007]
4186	0	000001	000007	49	12.0	3.0	0,858	true	[000001, 000000, 000006, 000004, 000003, 000007]
4187	0	000001	000007	50	12.0	3.0	0,824	true	[000001, 000000, 000006, 000004, 000005, 000003, 000007]
4188	0	000001	000007	51	43.0	5.0	0,841	true	[000001, 000000, 000006, 000004, 000005, 000007]
4189	0	000001	000007	52	16.0	5.0	0,903	true	[000001, 000000, 000006, 000004, 000007]
4190	0	000001	000007	53	30.0	6.0	0,833	true	[000001, 000000, 000006, 000005, 000003, 000004, 000002, 000007]
4191	0	000001	000007	54	16.0	6.0	0,895	true	[000001, 000000, 000006, 000005, 000003, 000004, 000007]
4192	0	000001	000007	55	12.0	3.0	0,885	true	[000001, 000000, 000006, 000005, 000003, 000007]
4193	0	000001	000007	56	30.0	6.0	0,833	true	[000001, 000000, 000006, 000005, 000004, 000002, 000007]
4194	0	000001	000007	57	12.0	3.0	0,850	true	[000001, 000000, 000006, 000005, 000004, 000003, 000007]
4195	0	000001	000007	58	16.0	6.0	0,894	true	[000001, 000000, 000006, 000005, 000004, 000007]
4196	0	000001	000007	59	32.0	6.0	0,903	true	[000001, 000000, 000006, 000005, 000007]
4197	0	000001	000007	60	34.0	5.0	0,833	true	[000001, 000002, 000000, 000004, 000003, 000005, 000007]
4198	0	000001	000007	61	32.0	3.0	0,791	true	[000001, 000002, 000000, 000004, 000003, 000006, 000005, 000007]
4199	0	000001	000007	62	12.0	3.0	0,850	true	[000001, 000002, 000000, 000004, 000003, 000007]
4200	0	000001	000007	63	12.0	3.0	0,816	true	[000001, 000002, 000000, 000004, 000005, 000003, 000007]
4201	0	000001	000007	64	12.0	3.0	0,775	true	[000001, 000002, 000000, 000004, 000005, 000006, 000003, 000007]
4202	0	000001	000007	65	37.0	5.0	0,832	true	[000001, 000002, 000000, 000004, 000005, 000007]
4203	0	000001	000007	66	34.0	3.0	0,767	true	[000001, 000002, 000000, 000004, 000006, 000003, 000005, 000007]
4204	0	000001	000007	67	12.0	3.0	0,782	true	[000001, 000002, 000000, 000004, 000006, 000003, 000007]
4205	0	000001	000007	68	12.0	3.0	0,791	true	[000001, 000002, 000000, 000004, 000006, 000005, 000003, 000007]
4206	0	000001	000007	69	32.0	5.0	0,807	true	[000001, 000002, 000000, 000004, 000006, 000005, 000007]
4207	0	000001	000007	70	16.0	5.0	0,894	true	[000001, 000002, 000000, 000004, 000007]
4208	0	000001	000007	71	16.0	3.0	0,867	true	[000001, 000002, 000000, 000005, 000003, 000004, 000007]
4209	0	000001	000007	72	16.0	3.0	0,799	true	[000001, 000002, 000000, 000005, 000003, 000006, 000004, 000007]
4210	0	000001	000007	73	12.0	3.0	0,858	true	[000001, 000002, 000000, 000005, 000003, 000007]
4211	0	000001	000007	74	12.0	3.0	0,824	true	[000001, 000002, 000000, 000005, 000004, 000003, 000007]
4212	0	000001	000007	75	12.0	3.0	0,759	true	[000001, 000002, 000000, 000005, 000004, 000006, 000003, 000007]
4213	0	000001	000007	76	16.0	3.0	0,867	true	[000001, 000002, 000000, 000005, 000004, 000007]
4214	0	000001	000007	77	16.0	3.0	0,824	true	[000001, 000002, 000000, 000005, 000006, 000003, 000004, 000007]
4215	0	000001	000007	78	12.0	3.0	0,815	true	[000001, 000002, 000000, 000005, 000006, 000003, 000007]
4216	0	000001	000007	79	12.0	3.0	0,799	true	[000001, 000002, 000000, 000005, 000006, 000004, 000003, 000007]
4217	0	000001	000007	80	16.0	3.0	0,841	true	[000001, 000002, 000000, 000005, 000006, 000004, 000007]
4218	0	000001	000007	81	37.0	3.0	0,876	true	[000001, 000002, 000000, 000005, 000007]
4219	0	000001	000007	82	37.0	3.0	0,775	true	[000001, 000002, 000000, 000006, 000003, 000004, 000005, 000007]
4220	0	000001	000007	83	16.0	3.0	0,832	true	[000001, 000002, 000000, 000006, 000003, 000004, 000007]
4221	0	000001	000007	84	16.0	3.0	0,799	true	[000001, 000002, 000000, 000006, 000003, 000005, 000004, 000007]
4222	0	000001	000007	85	34.0	3.0	0,807	true	[000001, 000002, 000000, 000006, 000003, 000005, 000007]
4223	0	000001	000007	86	12.0	3.0	0,824	true	[000001, 000002, 000000, 000006, 000003, 000007]
4224	0	000001	000007	87	34.0	5.0	0,791	true	[000001, 000002, 000000, 000006, 000004, 000003, 000005, 000007]
4225	0	000001	000007	88	12.0	3.0	0,807	true	[000001, 000002, 000000, 000006, 000004, 000003, 000007]
4226	0	000001	000007	89	12.0	3.0	0,775	true	[000001, 000002, 000000, 000006, 000004, 000005, 000003, 000007]
4227	0	000001	000007	90	37.0	5.0	0,791	true	[000001, 000002, 000000, 000006, 000004, 000005, 000007]
4228	0	000001	000007	91	16.0	5.0	0,849	true	[000001, 000002, 000000, 000006, 000004, 000007]
4229	0	000001	000007	92	16.0	6.0	0,841	true	[000001, 000002, 000000, 000006, 000005, 000003, 000004, 000007]
4230	0	000001	000007	93	12.0	3.0	0,833	true	[000001, 000002, 000000, 000006, 000005, 000003, 000007]
4231	0	000001	000007	94	12.0	3.0	0,799	true	[000001, 000002, 000000, 000006, 000005, 000004, 000003, 000007]
4232	0	000001	000007	95	16.0	6.0	0,841	true	[000001, 000002, 000000, 000006, 000005, 000004, 000007]
4233	0	000001	000007	96	32.0	6.0	0,850	true	[000001, 000002, 000000, 000006, 000005, 000007]
4234	0	000001	000007	97	12.0	3.0	0,807	true	[000001, 000002, 000004, 000000, 000005, 000003, 000007]
4235	0	000001	000007	98	12.0	3.0	0,767	true	[000001, 000002, 000004, 000000, 000005, 000006, 000003, 000007]
4236	0	000001	000007	99	37.0	3.0	0,824	true	[000001, 000002, 000004, 000000, 000005, 000007]
4237	0	000001	000007	100	34.0	3.0	0,759	true	[000001, 000002, 000004, 000000, 000006, 000003, 000005, 000007]
4238	0	000001	000007	101	12.0	3.0	0,774	true	[000001, 000002, 000004, 000000, 000006, 000003, 000007]
4239	0	000001	000007	102	16.0	6.0	0,893	true	[000001, 000002, 000004, 000007]
4240	0	000001	000007	103	30.0	7.0	0,922	true	[000001, 000002, 000007]
4241	0	000001	000007	104	42.0	6.0	0,960	true	[000001, 000007]
4242	1	001002	001007	0	11.0	3.0	0,885	true	[001002, 001000, 001001, 001003, 001004, 001007]
4243	1	001002	001007	1	11.0	3.0	0,960	true	[001002, 001000, 001001, 001003, 001007]
4244	1	001002	001007	2	17.0	4.0	0,832	true	[001002, 001000, 001001, 001005, 001003, 001004, 001007]
4245	1	001002	001007	3	27.0	4.0	0,903	true	[001002, 001000, 001001, 001005, 001003, 001007]
4246	1	001002	001007	4	17.0	4.0	0,841	true	[001002, 001000, 001001, 001005, 001006, 001003, 001004, 001007]
4247	1	001002	001007	5	22.0	4.0	0,913	true	[001002, 001000, 001001, 001005, 001006, 001003, 001007]
4248	1	001002	001007	6	17.0	5.0	0,876	true	[001002, 001000, 001001, 001006, 001003, 001004, 001007]
4249	1	001002	001007	7	22.0	5.0	0,951	true	[001002, 001000, 001001, 001006, 001003, 001007]
4250	1	001002	001007	8	17.0	5.0	0,816	true	[001002, 001000, 001001, 001006, 001005, 001003, 001004, 001007]
4251	1	001002	001007	9	24.0	5.0	0,885	true	[001002, 001000, 001001, 001006, 001005, 001003, 001007]
4252	1	001002	001007	10	34.0	7.0	0,960	true	[001002, 001000, 001001, 001007]
4253	1	001002	001007	11	11.0	3.0	0,876	true	[001002, 001000, 001004, 001003, 001001, 001007]
4254	1	001002	001007	12	27.0	4.0	0,824	true	[001002, 001000, 001004, 001003, 001005, 001001, 001007]
4255	1	001002	001007	13	24.0	5.0	0,807	true	[001002, 001000, 001004, 001003, 001005, 001006, 001001, 001007]
4256	1	001002	001007	14	22.0	5.0	0,867	true	[001002, 001000, 001004, 001003, 001006, 001001, 001007]
4257	1	001002	001007	15	22.0	4.0	0,833	true	[001002, 001000, 001004, 001003, 001006, 001005, 001001, 001007]
4258	1	001002	001007	16	32.0	7.0	0,912	true	[001002, 001000, 001004, 001003, 001007]
4259	1	001002	001007	17	17.0	5.0	0,912	true	[001002, 001000, 001004, 001007]
4260	1	001002	001007	18	10.0	3.0	0,850	true	[001002, 001000, 001005, 001001, 001003, 001004, 001007]
4261	1	001002	001007	19	10.0	3.0	0,922	true	[001002, 001000, 001005, 001001, 001003, 001007]
4262	1	001002	001007	20	10.0	4.0	0,841	true	[001002, 001000, 001005, 001001, 001006, 001003, 001004, 001007]
4263	1	001002	001007	21	10.0	4.0	0,913	true	[001002, 001000, 001005, 001001, 001006, 001003, 001007]
4264	1	001002	001007	22	10.0	4.0	0,922	true	[001002, 001000, 001005, 001001, 001007]
4265	1	001002	001007	23	10.0	3.0	0,885	true	[001002, 001000, 001005, 001003, 001001, 001007]
4266	1	001002	001007	24	10.0	5.0	0,849	true	[001002, 001000, 001005, 001003, 001004, 001007]
4267	1	001002	001007	25	10.0	5.0	0,876	true	[001002, 001000, 001005, 001003, 001006, 001001, 001007]
4268	1	001002	001007	26	10.0	8.0	0,922	true	[001002, 001000, 001005, 001003, 001007]
4269	1	001002	001007	27	10.0	3.0	0,833	true	[001002, 001000, 001005, 001006, 001001, 001003, 001004, 001007]
4270	1	001002	001007	28	10.0	3.0	0,904	true	[001002, 001000, 001005, 001006, 001001, 001003, 001007]
4271	1	001002	001007	29	10.0	5.0	0,904	true	[001002, 001000, 001005, 001006, 001001, 001007]
4272	1	001002	001007	30	10.0	3.0	0,895	true	[001002, 001000, 001005, 001006, 001003, 001001, 001007]
4273	1	001002	001007	31	10.0	5.0	0,859	true	[001002, 001000, 001005, 001006, 001003, 001004, 001007]
4274	1	001002	001007	32	10.0	6.0	0,932	true	[001002, 001000, 001005, 001006, 001003, 001007]
4275	1	001002	001007	33	11.0	3.0	0,841	true	[001002, 001000, 001006, 001001, 001003, 001004, 001007]
4276	1	001002	001007	34	11.0	3.0	0,913	true	[001002, 001000, 001006, 001001, 001003, 001007]
4277	1	001002	001007	35	12.0	4.0	0,791	true	[001002, 001000, 001006, 001001, 001005, 001003, 001004, 001007]
4278	1	001002	001007	36	12.0	4.0	0,858	true	[001002, 001000, 001006, 001001, 001005, 001003, 001007]
4279	1	001002	001007	37	12.0	5.0	0,913	true	[001002, 001000, 001006, 001001, 001007]
4280	1	001002	001007	38	11.0	3.0	0,904	true	[001002, 001000, 001006, 001003, 001001, 001007]
4281	1	001002	001007	39	12.0	5.0	0,867	true	[001002, 001000, 001006, 001003, 001004, 001007]
4282	1	001002	001007	40	12.0	4.0	0,850	true	[001002, 001000, 001006, 001003, 001005, 001001, 001007]
4283	1	001002	001007	41	12.0	6.0	0,941	true	[001002, 001000, 001006, 001003, 001007]
4284	1	001002	001007	42	11.0	3.0	0,808	true	[001002, 001000, 001006, 001005, 001001, 001003, 001004, 001007]
4285	1	001002	001007	43	11.0	3.0	0,876	true	[001002, 001000, 001006, 001005, 001001, 001003, 001007]
4286	1	001002	001007	44	12.0	4.0	0,876	true	[001002, 001000, 001006, 001005, 001001, 001007]
4287	1	001002	001007	45	11.0	3.0	0,841	true	[001002, 001000, 001006, 001005, 001003, 001001, 001007]
4288	1	001002	001007	46	12.0	5.0	0,807	true	[001002, 001000, 001006, 001005, 001003, 001004, 001007]
4289	1	001002	001007	47	12.0	8.0	0,876	true	[001002, 001000, 001006, 001005, 001003, 001007]
4290	1	001002	001007	48	8.0	10.0	0,941	true	[001002, 001000, 001007]
4291	1	001002	001007	49	23.0	7.0	0,876	true	[001002, 001001, 001000, 001004, 001003, 001007]
4292	1	001002	001007	50	17.0	5.0	0,876	true	[001002, 001001, 001000, 001004, 001007]
4293	1	001002	001007	51	10.0	5.0	0,815	true	[001002, 001001, 001000, 001005, 001003, 001004, 001007]
4294	1	001002	001007	52	10.0	8.0	0,885	true	[001002, 001001, 001000, 001005, 001003, 001007]
4295	1	001002	001007	53	10.0	5.0	0,824	true	[001002, 001001, 001000, 001005, 001006, 001003, 001004, 001007]
4296	1	001002	001007	54	10.0	6.0	0,894	true	[001002, 001001, 001000, 001005, 001006, 001003, 001007]
4297	1	001002	001007	55	12.0	5.0	0,832	true	[001002, 001001, 001000, 001006, 001003, 001004, 001007]
4298	1	001002	001007	56	12.0	6.0	0,903	true	[001002, 001001, 001000, 001006, 001003, 001007]
4299	1	001002	001007	57	12.0	5.0	0,775	true	[001002, 001001, 001000, 001006, 001005, 001003, 001004, 001007]
4300	1	001002	001007	58	12.0	8.0	0,841	true	[001002, 001001, 001000, 001006, 001005, 001003, 001007]
4301	1	001002	001007	59	8.0	8.0	0,903	true	[001002, 001001, 001000, 001007]
4302	1	001002	001007	60	8.0	3.0	0,824	true	[001002, 001001, 001003, 001004, 001000, 001007]
4303	1	001002	001007	61	11.0	3.0	0,867	true	[001002, 001001, 001003, 001004, 001007]
4304	1	001002	001007	62	10.0	3.0	0,807	true	[001002, 001001, 001003, 001005, 001000, 001004, 001007]
4305	1	001002	001007	63	8.0	3.0	0,832	true	[001002, 001001, 001003, 001005, 001000, 001007]
4306	1	001002	001007	64	11.0	3.0	0,767	true	[001002, 001001, 001003, 001005, 001006, 001000, 001004, 001007]
4307	1	001002	001007	65	8.0	3.0	0,791	true	[001002, 001001, 001003, 001005, 001006, 001000, 001007]
4308	1	001002	001007	66	11.0	3.0	0,824	true	[001002, 001001, 001003, 001006, 001000, 001004, 001007]
4309	1	001002	001007	67	8.0	3.0	0,849	true	[001002, 001001, 001003, 001006, 001000, 001007]
4310	1	001002	001007	68	10.0	3.0	0,816	true	[001002, 001001, 001003, 001006, 001005, 001000, 001004, 001007]
4311	1	001002	001007	69	8.0	3.0	0,841	true	[001002, 001001, 001003, 001006, 001005, 001000, 001007]
4312	1	001002	001007	70	11.0	3.0	0,941	true	[001002, 001001, 001003, 001007]
4313	1	001002	001007	71	10.0	4.0	0,841	true	[001002, 001001, 001005, 001000, 001004, 001003, 001007]
4314	1	001002	001007	72	10.0	4.0	0,841	true	[001002, 001001, 001005, 001000, 001004, 001007]
4315	1	001002	001007	73	10.0	4.0	0,799	true	[001002, 001001, 001005, 001000, 001006, 001003, 001004, 001007]
4316	1	001002	001007	74	10.0	4.0	0,867	true	[001002, 001001, 001005, 001000, 001006, 001003, 001007]
4317	1	001002	001007	75	8.0	4.0	0,867	true	[001002, 001001, 001005, 001000, 001007]
4318	1	001002	001007	76	8.0	4.0	0,775	true	[001002, 001001, 001005, 001003, 001004, 001000, 001007]
4319	1	001002	001007	77	17.0	4.0	0,815	true	[001002, 001001, 001005, 001003, 001004, 001007]
4320	1	001002	001007	78	12.0	4.0	0,775	true	[001002, 001001, 001005, 001003, 001006, 001000, 001004, 001007]
4321	1	001002	001007	79	8.0	4.0	0,799	true	[001002, 001001, 001005, 001003, 001006, 001000, 001007]
4322	1	001002	001007	80	23.0	4.0	0,885	true	[001002, 001001, 001005, 001003, 001007]
4323	1	001002	001007	81	12.0	4.0	0,799	true	[001002, 001001, 001005, 001006, 001000, 001004, 001003, 001007]
4324	1	001002	001007	82	12.0	4.0	0,799	true	[001002, 001001, 001005, 001006, 001000, 001004, 001007]
4325	1	001002	001007	83	8.0	4.0	0,824	true	[001002, 001001, 001005, 001006, 001000, 001007]
4326	1	001002	001007	84	8.0	4.0	0,783	true	[001002, 001001, 001005, 001006, 001003, 001004, 001000, 001007]
4327	1	001002	001007	85	17.0	4.0	0,824	true	[001002, 001001, 001005, 001006, 001003, 001004, 001007]
4328	1	001002	001007	86	22.0	4.0	0,894	true	[001002, 001001, 001005, 001006, 001003, 001007]
4329	1	001002	001007	87	12.0	5.0	0,832	true	[001002, 001001, 001006, 001000, 001004, 001003, 001007]
4330	1	001002	001007	88	12.0	5.0	0,832	true	[001002, 001001, 001006, 001000, 001004, 001007]
4331	1	001002	001007	89	10.0	5.0	0,775	true	[001002, 001001, 001006, 001000, 001005, 001003, 001004, 001007]
4332	1	001002	001007	90	10.0	5.0	0,841	true	[001002, 001001, 001006, 001000, 001005, 001003, 001007]
4333	1	001002	001007	91	8.0	5.0	0,858	true	[001002, 001001, 001006, 001000, 001007]
4334	1	001002	001007	92	8.0	5.0	0,815	true	[001002, 001001, 001006, 001003, 001004, 001000, 001007]
4335	1	001002	001007	93	17.0	5.0	0,858	true	[001002, 001001, 001006, 001003, 001004, 001007]
4336	1	001002	001007	94	10.0	5.0	0,799	true	[001002, 001001, 001006, 001003, 001005, 001000, 001004, 001007]
4337	1	001002	001007	95	8.0	5.0	0,824	true	[001002, 001001, 001006, 001003, 001005, 001000, 001007]
4338	1	001002	001007	96	22.0	5.0	0,931	true	[001002, 001001, 001006, 001003, 001007]
4339	1	001002	001007	97	10.0	5.0	0,824	true	[001002, 001001, 001006, 001005, 001000, 001004, 001003, 001007]
4340	1	001002	001007	98	10.0	5.0	0,824	true	[001002, 001001, 001006, 001005, 001000, 001004, 001007]
4341	1	001002	001007	99	8.0	5.0	0,850	true	[001002, 001001, 001006, 001005, 001000, 001007]
4342	1	001002	001007	100	8.0	5.0	0,759	true	[001002, 001001, 001006, 001005, 001003, 001004, 001000, 001007]
4343	1	001002	001007	101	17.0	5.0	0,799	true	[001002, 001001, 001006, 001005, 001003, 001004, 001007]
4344	1	001002	001007	102	23.0	5.0	0,867	true	[001002, 001001, 001006, 001005, 001003, 001007]
4345	1	001002	001007	103	23.0	7.0	0,941	true	[001002, 001001, 001007]
4346	2	002001	002004	0	5.0	4.0	0,931	true	[002001, 002002, 002000, 002004]
4347	2	002001	002004	1	14.0	3.0	0,894	true	[002001, 002002, 002000, 002006, 002005, 002003, 002004]
4348	2	002001	002004	2	14.0	3.0	0,858	true	[002001, 002002, 002000, 002006, 002005, 002003, 002007, 002004]
4349	2	002001	002004	3	14.0	3.0	0,832	true	[002001, 002002, 002000, 002006, 002005, 002007, 002003, 002004]
4350	2	002001	002004	4	14.0	3.0	0,867	true	[002001, 002002, 002000, 002006, 002005, 002007, 002004]
4351	2	002001	002004	5	9.0	4.0	0,824	true	[002001, 002002, 002000, 002006, 002007, 002003, 002004]
4352	2	002001	002004	6	9.0	3.0	0,858	true	[002001, 002002, 002000, 002006, 002007, 002004]
4353	2	002001	002004	7	9.0	4.0	0,832	true	[002001, 002002, 002000, 002006, 002007, 002005, 002003, 002004]
4354	2	002001	002004	8	18.0	4.0	0,849	true	[002001, 002002, 002000, 002007, 002003, 002004]
4355	2	002001	002004	9	19.0	3.0	0,885	true	[002001, 002002, 002000, 002007, 002004]
4356	2	002001	002004	10	18.0	4.0	0,858	true	[002001, 002002, 002000, 002007, 002005, 002003, 002004]
4357	2	002001	002004	11	9.0	3.0	0,849	true	[002001, 002002, 002000, 002007, 002006, 002005, 002003, 002004]
4358	2	002001	002004	12	18.0	4.0	0,866	true	[002001, 002002, 002003, 002004]
4359	2	002001	002004	13	5.0	3.0	0,903	true	[002001, 002002, 002003, 002005, 002006, 002000, 002004]
4360	2	002001	002004	14	14.0	3.0	0,858	true	[002001, 002002, 002003, 002005, 002006, 002000, 002007, 002004]
4361	2	002001	002004	15	5.0	3.0	0,858	true	[002001, 002002, 002003, 002005, 002006, 002007, 002000, 002004]
4362	2	002001	002004	16	9.0	3.0	0,832	true	[002001, 002002, 002003, 002005, 002006, 002007, 002004]
4363	2	002001	002004	17	5.0	4.0	0,867	true	[002001, 002002, 002003, 002005, 002007, 002000, 002004]
4364	2	002001	002004	18	19.0	3.0	0,840	true	[002001, 002002, 002003, 002005, 002007, 002004]
4365	2	002001	002004	19	5.0	4.0	0,841	true	[002001, 002002, 002003, 002005, 002007, 002006, 002000, 002004]
4366	2	002001	002004	20	5.0	4.0	0,858	true	[002001, 002002, 002003, 002007, 002000, 002004]
4367	2	002001	002004	21	19.0	3.0	0,832	true	[002001, 002002, 002003, 002007, 002004]
4368	2	002001	002004	22	5.0	3.0	0,841	true	[002001, 002002, 002003, 002007, 002005, 002006, 002000, 002004]
4369	2	002001	002004	23	5.0	4.0	0,832	true	[002001, 002002, 002003, 002007, 002006, 002000, 002004]
4370	2	002001	002004	24	19.0	4.0	0,950	true	[002001, 002002, 002004]
4371	2	002001	002004	25	18.0	4.0	0,866	true	[002001, 002002, 002005, 002003, 002004]
4372	2	002001	002004	26	5.0	4.0	0,858	true	[002001, 002002, 002005, 002003, 002007, 002000, 002004]
4373	2	002001	002004	27	19.0	3.0	0,832	true	[002001, 002002, 002005, 002003, 002007, 002004]
4374	2	002001	002004	28	5.0	4.0	0,832	true	[002001, 002002, 002005, 002003, 002007, 002006, 002000, 002004]
4375	2	002001	002004	29	5.0	3.0	0,903	true	[002001, 002002, 002005, 002006, 002000, 002004]
4376	2	002001	002004	30	14.0	3.0	0,823	true	[002001, 002002, 002005, 002006, 002000, 002007, 002003, 002004]
4377	2	002001	002004	31	14.0	3.0	0,858	true	[002001, 002002, 002005, 002006, 002000, 002007, 002004]
4378	2	002001	002004	32	5.0	3.0	0,858	true	[002001, 002002, 002005, 002006, 002007, 002000, 002004]
4379	2	002001	002004	33	9.0	3.0	0,798	true	[002001, 002002, 002005, 002006, 002007, 002003, 002004]
4380	2	002001	002004	34	9.0	3.0	0,832	true	[002001, 002002, 002005, 002006, 002007, 002004]
4381	2	002001	002004	35	5.0	4.0	0,867	true	[002001, 002002, 002005, 002007, 002000, 002004]
4382	2	002001	002004	36	18.0	4.0	0,807	true	[002001, 002002, 002005, 002007, 002003, 002004]
4383	2	002001	002004	37	19.0	3.0	0,840	true	[002001, 002002, 002005, 002007, 002004]
4384	2	002001	002004	38	5.0	4.0	0,841	true	[002001, 002002, 002005, 002007, 002006, 002000, 002004]
4385	2	002001	002004	39	5.0	4.0	0,950	true	[002001, 002002, 002006, 002000, 002004]
4386	2	002001	002004	40	14.0	4.0	0,867	true	[002001, 002002, 002006, 002000, 002007, 002003, 002004]
4387	2	002001	002004	41	14.0	3.0	0,903	true	[002001, 002002, 002006, 002000, 002007, 002004]
4388	2	002001	002004	42	14.0	4.0	0,876	true	[002001, 002002, 002006, 002000, 002007, 002005, 002003, 002004]
4389	2	002001	002004	43	18.0	3.0	0,912	true	[002001, 002002, 002006, 002005, 002003, 002004]
4390	2	002001	002004	44	5.0	3.0	0,903	true	[002001, 002002, 002006, 002005, 002003, 002007, 002000, 002004]
4391	2	002001	002004	45	19.0	3.0	0,876	true	[002001, 002002, 002006, 002005, 002003, 002007, 002004]
4392	2	002001	002004	46	5.0	3.0	0,913	true	[002001, 002002, 002006, 002005, 002007, 002000, 002004]
4393	2	002001	002004	47	18.0	3.0	0,849	true	[002001, 002002, 002006, 002005, 002007, 002003, 002004]
4394	2	002001	002004	48	19.0	3.0	0,885	true	[002001, 002002, 002006, 002005, 002007, 002004]
4395	2	002001	002004	49	5.0	4.0	0,903	true	[002001, 002002, 002006, 002007, 002000, 002004]
4396	2	002001	002004	50	9.0	4.0	0,840	true	[002001, 002002, 002006, 002007, 002003, 002004]
4397	2	002001	002004	51	9.0	3.0	0,876	true	[002001, 002002, 002006, 002007, 002004]
4398	2	002001	002004	52	9.0	4.0	0,849	true	[002001, 002002, 002006, 002007, 002005, 002003, 002004]
4399	2	002001	002004	53	5.0	4.0	0,894	true	[002001, 002002, 002007, 002000, 002004]
4400	2	002001	002004	54	14.0	3.0	0,858	true	[002001, 002002, 002007, 002000, 002006, 002005, 002003, 002004]
4401	2	002001	002004	55	18.0	4.0	0,832	true	[002001, 002002, 002007, 002003, 002004]
4402	2	002001	002004	56	5.0	3.0	0,867	true	[002001, 002002, 002007, 002003, 002005, 002006, 002000, 002004]
4403	2	002001	002004	57	19.0	3.0	0,866	true	[002001, 002002, 002007, 002004]
4404	2	002001	002004	58	18.0	4.0	0,840	true	[002001, 002002, 002007, 002005, 002003, 002004]
4405	2	002001	002004	59	5.0	3.0	0,876	true	[002001, 002002, 002007, 002005, 002006, 002000, 002004]
4406	2	002001	002004	60	5.0	4.0	0,867	true	[002001, 002002, 002007, 002006, 002000, 002004]
4407	2	002001	002004	61	9.0	3.0	0,832	true	[002001, 002002, 002007, 002006, 002005, 002003, 002004]
4408	2	002001	002004	62	5.0	8.0	0,876	true	[002001, 002003, 002002, 002000, 002004]
4409	2	002001	002004	63	14.0	3.0	0,815	true	[002001, 002003, 002002, 002000, 002006, 002005, 002007, 002004]
4410	2	002001	002004	64	9.0	3.0	0,807	true	[002001, 002003, 002002, 002000, 002006, 002007, 002004]
4411	2	002001	002004	65	24.0	3.0	0,832	true	[002001, 002003, 002002, 002000, 002007, 002004]
4412	2	002001	002004	66	24.0	4.0	0,893	true	[002001, 002003, 002002, 002004]
4413	2	002001	002004	67	5.0	3.0	0,849	true	[002001, 002003, 002002, 002005, 002006, 002000, 002004]
4414	2	002001	002004	68	14.0	3.0	0,806	true	[002001, 002003, 002002, 002005, 002006, 002000, 002007, 002004]
4415	2	002001	002004	69	5.0	3.0	0,807	true	[002001, 002003, 002002, 002005, 002006, 002007, 002000, 002004]
4416	2	002001	002004	70	9.0	3.0	0,782	true	[002001, 002003, 002002, 002005, 002006, 002007, 002004]
4417	2	002001	002004	71	5.0	5.0	0,815	true	[002001, 002003, 002002, 002005, 002007, 002000, 002004]
4418	2	002001	002004	72	22.0	3.0	0,790	true	[002001, 002003, 002002, 002005, 002007, 002004]
4419	2	002001	002004	73	5.0	6.0	0,790	true	[002001, 002003, 002002, 002005, 002007, 002006, 002000, 002004]
4420	2	002001	002004	74	5.0	7.0	0,893	true	[002001, 002003, 002002, 002006, 002000, 002004]
4421	2	002001	002004	75	14.0	3.0	0,849	true	[002001, 002003, 002002, 002006, 002000, 002007, 002004]
4422	2	002001	002004	76	5.0	3.0	0,858	true	[002001, 002003, 002002, 002006, 002005, 002007, 002000, 002004]
4423	2	002001	002004	77	24.0	3.0	0,832	true	[002001, 002003, 002002, 002006, 002005, 002007, 002004]
4424	2	002001	002004	78	5.0	5.0	0,849	true	[002001, 002003, 002002, 002006, 002007, 002000, 002004]
4425	2	002001	002004	79	9.0	3.0	0,823	true	[002001, 002003, 002002, 002006, 002007, 002004]
4426	2	002001	002004	80	5.0	5.0	0,840	true	[002001, 002003, 002002, 002007, 002000, 002004]
4427	2	002001	002004	81	24.0	3.0	0,815	true	[002001, 002003, 002002, 002007, 002004]
4428	2	002001	002004	82	5.0	3.0	0,823	true	[002001, 002003, 002002, 002007, 002005, 002006, 002000, 002004]
4429	2	002001	002004	83	5.0	7.0	0,815	true	[002001, 002003, 002002, 002007, 002006, 002000, 002004]
4430	2	002001	002004	84	18.0	8.0	0,903	true	[002001, 002003, 002004]
4431	2	002001	002004	85	5.0	7.0	0,876	true	[002001, 002003, 002005, 002002, 002000, 002004]
4432	2	002001	002004	86	9.0	3.0	0,807	true	[002001, 002003, 002005, 002002, 002000, 002006, 002007, 002004]
4433	2	002001	002004	87	22.0	3.0	0,832	true	[002001, 002003, 002005, 002002, 002000, 002007, 002004]
4434	2	002001	002004	88	22.0	4.0	0,893	true	[002001, 002003, 002005, 002002, 002004]
4435	2	002001	002004	89	5.0	7.0	0,893	true	[002001, 002003, 002005, 002002, 002006, 002000, 002004]
4436	2	002001	002004	90	14.0	3.0	0,849	true	[002001, 002003, 002005, 002002, 002006, 002000, 002007, 002004]
4437	2	002001	002004	91	5.0	5.0	0,849	true	[002001, 002003, 002005, 002002, 002006, 002007, 002000, 002004]
4438	2	002001	002004	92	9.0	3.0	0,823	true	[002001, 002003, 002005, 002002, 002006, 002007, 002004]
4439	2	002001	002004	93	5.0	5.0	0,840	true	[002001, 002003, 002005, 002002, 002007, 002000, 002004]
4440	2	002001	002004	94	22.0	3.0	0,815	true	[002001, 002003, 002005, 002002, 002007, 002004]
4441	2	002001	002004	95	5.0	7.0	0,815	true	[002001, 002003, 002005, 002002, 002007, 002006, 002000, 002004]
4442	2	002001	002004	96	14.0	3.0	0,922	true	[002001, 002003, 002005, 002006, 002000, 002002, 002004]
4443	2	002001	002004	97	14.0	3.0	0,840	true	[002001, 002003, 002005, 002006, 002000, 002002, 002007, 002004]
4444	2	002001	002004	98	5.0	3.0	0,941	true	[002001, 002003, 002005, 002006, 002000, 002004]
4445	2	002001	002004	99	14.0	3.0	0,885	true	[002001, 002003, 002005, 002006, 002000, 002007, 002002, 002004]
4446	2	002001	002004	100	14.0	3.0	0,893	true	[002001, 002003, 002005, 002006, 002000, 002007, 002004]
4447	2	002001	002004	101	21.0	3.0	0,960	true	[002001, 002004]
4448	3	003006	003007	0	22.0	3.0	0,867	true	[003006, 003002, 003000, 003001, 003003, 003007]
4449	3	003006	003007	1	22.0	3.0	0,815	true	[003006, 003002, 003000, 003001, 003004, 003005, 003003, 003007]
4450	3	003006	003007	2	22.0	3.0	0,849	true	[003006, 003002, 003000, 003001, 003005, 003003, 003007]
4451	3	003006	003007	3	34.0	3.0	0,903	true	[003006, 003002, 003000, 003001, 003007]
4452	3	003006	003007	4	22.0	3.0	0,849	true	[003006, 003002, 003000, 003003, 003001, 003007]
4453	3	003006	003007	5	22.0	3.0	0,832	true	[003006, 003002, 003000, 003003, 003005, 003001, 003007]
4454	3	003006	003007	6	22.0	3.0	0,798	true	[003006, 003002, 003000, 003003, 003005, 003004, 003001, 003007]
4455	3	003006	003007	7	34.0	3.0	0,885	true	[003006, 003002, 003000, 003003, 003007]
4456	3	003006	003007	8	22.0	3.0	0,798	true	[003006, 003002, 003000, 003004, 003001, 003003, 003007]
4457	3	003006	003007	9	22.0	3.0	0,782	true	[003006, 003002, 003000, 003004, 003001, 003005, 003003, 003007]
4458	3	003006	003007	10	34.0	3.0	0,832	true	[003006, 003002, 003000, 003004, 003001, 003007]
4459	3	003006	003007	11	22.0	3.0	0,832	true	[003006, 003002, 003000, 003004, 003005, 003001, 003003, 003007]
4460	3	003006	003007	12	33.0	3.0	0,867	true	[003006, 003002, 003000, 003004, 003005, 003001, 003007]
4461	3	003006	003007	13	22.0	3.0	0,798	true	[003006, 003002, 003000, 003004, 003005, 003003, 003001, 003007]
4462	3	003006	003007	14	22.0	3.0	0,832	true	[003006, 003002, 003000, 003004, 003005, 003003, 003007]
4463	3	003006	003007	15	12.0	3.0	0,832	true	[003006, 003002, 003000, 003005, 003001, 003003, 003007]
4464	3	003006	003007	16	12.0	3.0	0,867	true	[003006, 003002, 003000, 003005, 003001, 003007]
4465	3	003006	003007	17	12.0	3.0	0,798	true	[003006, 003002, 003000, 003005, 003003, 003001, 003007]
4466	3	003006	003007	18	12.0	3.0	0,832	true	[003006, 003002, 003000, 003005, 003003, 003007]
4467	3	003006	003007	19	12.0	3.0	0,798	true	[003006, 003002, 003000, 003005, 003004, 003001, 003003, 003007]
4468	3	003006	003007	20	12.0	3.0	0,832	true	[003006, 003002, 003000, 003005, 003004, 003001, 003007]
4469	3	003006	003007	21	34.0	3.0	0,922	true	[003006, 003002, 003000, 003007]
4470	3	003006	003007	22	34.0	4.0	0,867	true	[003006, 003002, 003003, 003000, 003001, 003007]
4471	3	003006	003007	23	35.0	4.0	0,798	true	[003006, 003002, 003003, 003000, 003004, 003001, 003007]
4472	3	003006	003007	24	33.0	4.0	0,832	true	[003006, 003002, 003003, 003000, 003004, 003005, 003001, 003007]
4473	3	003006	003007	25	12.0	4.0	0,832	true	[003006, 003002, 003003, 003000, 003005, 003001, 003007]
4474	3	003006	003007	26	12.0	4.0	0,798	true	[003006, 003002, 003003, 003000, 003005, 003004, 003001, 003007]
4475	3	003006	003007	27	35.0	4.0	0,885	true	[003006, 003002, 003003, 003000, 003007]
4476	3	003006	003007	28	22.0	4.0	0,867	true	[003006, 003002, 003003, 003001, 003000, 003007]
4477	3	003006	003007	29	22.0	4.0	0,798	true	[003006, 003002, 003003, 003001, 003004, 003000, 003007]
4478	3	003006	003007	30	12.0	4.0	0,798	true	[003006, 003002, 003003, 003001, 003004, 003005, 003000, 003007]
4479	3	003006	003007	31	12.0	4.0	0,832	true	[003006, 003002, 003003, 003001, 003005, 003000, 003007]
4480	3	003006	003007	32	22.0	4.0	0,832	true	[003006, 003002, 003003, 003001, 003005, 003004, 003000, 003007]
4481	3	003006	003007	33	22.0	4.0	0,885	true	[003006, 003002, 003003, 003001, 003007]
4482	3	003006	003007	34	12.0	4.0	0,815	true	[003006, 003002, 003003, 003005, 003000, 003001, 003007]
4483	3	003006	003007	35	12.0	4.0	0,751	true	[003006, 003002, 003003, 003005, 003000, 003004, 003001, 003007]
4484	3	003006	003007	36	12.0	4.0	0,832	true	[003006, 003002, 003003, 003005, 003000, 003007]
4485	3	003006	003007	37	22.0	4.0	0,849	true	[003006, 003002, 003003, 003005, 003001, 003000, 003007]
4486	3	003006	003007	38	22.0	4.0	0,782	true	[003006, 003002, 003003, 003005, 003001, 003004, 003000, 003007]
4487	3	003006	003007	39	22.0	4.0	0,867	true	[003006, 003002, 003003, 003005, 003001, 003007]
4488	3	003006	003007	40	22.0	4.0	0,815	true	[003006, 003002, 003003, 003005, 003004, 003000, 003001, 003007]
4489	3	003006	003007	41	22.0	4.0	0,832	true	[003006, 003002, 003003, 003005, 003004, 003000, 003007]
4490	3	003006	003007	42	22.0	4.0	0,815	true	[003006, 003002, 003003, 003005, 003004, 003001, 003000, 003007]
4491	3	003006	003007	43	22.0	4.0	0,832	true	[003006, 003002, 003003, 003005, 003004, 003001, 003007]
4492	3	003006	003007	44	36.0	4.0	0,922	true	[003006, 003002, 003003, 003007]
4493	3	003006	003007	45	12.0	4.0	0,815	true	[003006, 003002, 003005, 003000, 003001, 003003, 003007]
4494	3	003006	003007	46	12.0	4.0	0,849	true	[003006, 003002, 003005, 003000, 003001, 003007]
4495	3	003006	003007	47	12.0	4.0	0,798	true	[003006, 003002, 003005, 003000, 003003, 003001, 003007]
4496	3	003006	003007	48	12.0	4.0	0,832	true	[003006, 003002, 003005, 003000, 003003, 003007]
4497	3	003006	003007	49	12.0	4.0	0,751	true	[003006, 003002, 003005, 003000, 003004, 003001, 003003, 003007]
4498	3	003006	003007	50	12.0	4.0	0,782	true	[003006, 003002, 003005, 003000, 003004, 003001, 003007]
4499	3	003006	003007	51	12.0	4.0	0,866	true	[003006, 003002, 003005, 003000, 003007]
4500	3	003006	003007	52	34.0	4.0	0,849	true	[003006, 003002, 003005, 003001, 003000, 003003, 003007]
4501	3	003006	003007	53	34.0	4.0	0,885	true	[003006, 003002, 003005, 003001, 003000, 003007]
4502	3	003006	003007	54	22.0	4.0	0,832	true	[003006, 003002, 003005, 003001, 003003, 003000, 003007]
4503	3	003006	003007	55	22.0	4.0	0,867	true	[003006, 003002, 003005, 003001, 003003, 003007]
4504	3	003006	003007	56	35.0	4.0	0,782	true	[003006, 003002, 003005, 003001, 003004, 003000, 003003, 003007]
4505	3	003006	003007	57	35.0	4.0	0,815	true	[003006, 003002, 003005, 003001, 003004, 003000, 003007]
4506	3	003006	003007	58	35.0	4.0	0,903	true	[003006, 003002, 003005, 003001, 003007]
4507	3	003006	003007	59	22.0	4.0	0,815	true	[003006, 003002, 003005, 003003, 003000, 003001, 003007]
4508	3	003006	003007	60	22.0	4.0	0,751	true	[003006, 003002, 003005, 003003, 003000, 003004, 003001, 003007]
4509	3	003006	003007	61	22.0	4.0	0,832	true	[003006, 003002, 003005, 003003, 003000, 003007]
4510	3	003006	003007	62	22.0	4.0	0,815	true	[003006, 003002, 003005, 003003, 003001, 003000, 003007]
4511	3	003006	003007	63	22.0	4.0	0,751	true	[003006, 003002, 003005, 003003, 003001, 003004, 003000, 003007]
4512	3	003006	003007	64	22.0	4.0	0,832	true	[003006, 003002, 003005, 003003, 003001, 003007]
4513	3	003006	003007	65	22.0	4.0	0,866	true	[003006, 003002, 003005, 003003, 003007]
4514	3	003006	003007	66	22.0	4.0	0,815	true	[003006, 003002, 003005, 003004, 003000, 003001, 003003, 003007]
4515	3	003006	003007	67	33.0	4.0	0,849	true	[003006, 003002, 003005, 003004, 003000, 003001, 003007]
4516	3	003006	003007	68	22.0	4.0	0,798	true	[003006, 003002, 003005, 003004, 003000, 003003, 003001, 003007]
4517	3	003006	003007	69	33.0	4.0	0,832	true	[003006, 003002, 003005, 003004, 003000, 003003, 003007]
4518	3	003006	003007	70	33.0	4.0	0,866	true	[003006, 003002, 003005, 003004, 003000, 003007]
4519	3	003006	003007	71	33.0	4.0	0,815	true	[003006, 003002, 003005, 003004, 003001, 003000, 003003, 003007]
4520	3	003006	003007	72	33.0	4.0	0,849	true	[003006, 003002, 003005, 003004, 003001, 003000, 003007]
4521	3	003006	003007	73	22.0	4.0	0,798	true	[003006, 003002, 003005, 003004, 003001, 003003, 003000, 003007]
4522	3	003006	003007	74	22.0	4.0	0,832	true	[003006, 003002, 003005, 003004, 003001, 003003, 003007]
4523	3	003006	003007	75	33.0	4.0	0,866	true	[003006, 003002, 003005, 003004, 003001, 003007]
4524	3	003006	003007	76	14.0	5.0	0,894	true	[003006, 003003, 003000, 003001, 003007]
4525	3	003006	003007	77	14.0	3.0	0,823	true	[003006, 003003, 003000, 003002, 003005, 003001, 003007]
4526	3	003006	003007	78	14.0	3.0	0,790	true	[003006, 003003, 003000, 003002, 003005, 003004, 003001, 003007]
4527	3	003006	003007	79	14.0	5.0	0,823	true	[003006, 003003, 003000, 003004, 003001, 003007]
4528	3	003006	003007	80	14.0	5.0	0,858	true	[003006, 003003, 003000, 003004, 003005, 003001, 003007]
4529	3	003006	003007	81	12.0	5.0	0,858	true	[003006, 003003, 003000, 003005, 003001, 003007]
4530	3	003006	003007	82	12.0	5.0	0,823	true	[003006, 003003, 003000, 003005, 003004, 003001, 003007]
4531	3	003006	003007	83	14.0	7.0	0,912	true	[003006, 003003, 003000, 003007]
4532	3	003006	003007	84	14.0	5.0	0,894	true	[003006, 003003, 003001, 003000, 003007]
4533	3	003006	003007	85	14.0	5.0	0,823	true	[003006, 003003, 003001, 003004, 003000, 003007]
4534	3	003006	003007	86	12.0	5.0	0,823	true	[003006, 003003, 003001, 003004, 003005, 003000, 003007]
4535	3	003006	003007	87	14.0	3.0	0,790	true	[003006, 003003, 003001, 003004, 003005, 003002, 003000, 003007]
4536	3	003006	003007	88	12.0	5.0	0,858	true	[003006, 003003, 003001, 003005, 003000, 003007]
4537	3	003006	003007	89	14.0	3.0	0,823	true	[003006, 003003, 003001, 003005, 003002, 003000, 003007]
4538	3	003006	003007	90	14.0	5.0	0,858	true	[003006, 003003, 003001, 003005, 003004, 003000, 003007]
4539	3	003006	003007	91	14.0	5.0	0,912	true	[003006, 003003, 003001, 003007]
4540	3	003006	003007	92	14.0	3.0	0,858	true	[003006, 003003, 003002, 003000, 003001, 003007]
4541	3	003006	003007	93	14.0	3.0	0,790	true	[003006, 003003, 003002, 003000, 003004, 003001, 003007]
4542	3	003006	003007	94	14.0	3.0	0,823	true	[003006, 003003, 003002, 003000, 003004, 003005, 003001, 003007]
4543	3	003006	003007	95	12.0	3.0	0,823	true	[003006, 003003, 003002, 003000, 003005, 003001, 003007]
4544	3	003006	003007	96	12.0	3.0	0,790	true	[003006, 003003, 003002, 003000, 003005, 003004, 003001, 003007]
4545	3	003006	003007	97	14.0	3.0	0,876	true	[003006, 003003, 003002, 003000, 003007]
4546	3	003006	003007	98	12.0	4.0	0,807	true	[003006, 003003, 003002, 003005, 003000, 003001, 003007]
4547	3	003006	003007	99	12.0	4.0	0,743	true	[003006, 003003, 003002, 003005, 003000, 003004, 003001, 003007]
4548	3	003006	003007	100	12.0	4.0	0,823	true	[003006, 003003, 003002, 003005, 003000, 003007]
4549	3	003006	003007	101	14.0	5.0	0,950	true	[003006, 003003, 003007]
4550	4	004003	004001	0	5.0	4.0	0,980	true	[004003, 004000, 004001]
4551	4	004003	004001	1	34.0	3.0	0,941	true	[004003, 004000, 004002, 004004, 004001]
4552	4	004003	004001	2	19.0	3.0	0,903	true	[004003, 004000, 004002, 004004, 004005, 004001]
4553	4	004003	004001	3	41.0	3.0	0,913	true	[004003, 004000, 004002, 004004, 004005, 004006, 004001]
4554	4	004003	004001	4	41.0	4.0	0,885	true	[004003, 004000, 004002, 004004, 004006, 004001]
4555	4	004003	004001	5	19.0	4.0	0,859	true	[004003, 004000, 004002, 004004, 004006, 004005, 004001]
4556	4	004003	004001	6	8.0	4.0	0,877	true	[004003, 004000, 004002, 004004, 004007, 004006, 004001]
4557	4	004003	004001	7	8.0	4.0	0,850	true	[004003, 004000, 004002, 004004, 004007, 004006, 004005, 004001]
4558	4	004003	004001	8	19.0	4.0	0,913	true	[004003, 004000, 004002, 004005, 004001]
4559	4	004003	004001	9	34.0	3.0	0,951	true	[004003, 004000, 004002, 004005, 004004, 004001]
4560	4	004003	004001	10	41.0	3.0	0,894	true	[004003, 004000, 004002, 004005, 004004, 004006, 004001]
4561	4	004003	004001	11	8.0	3.0	0,886	true	[004003, 004000, 004002, 004005, 004004, 004007, 004006, 004001]
4562	4	004003	004001	12	41.0	4.0	0,922	true	[004003, 004000, 004002, 004005, 004006, 004001]
4563	4	004003	004001	13	34.0	3.0	0,903	true	[004003, 004000, 004002, 004005, 004006, 004004, 004001]
4564	4	004003	004001	14	8.0	3.0	0,895	true	[004003, 004000, 004002, 004005, 004006, 004007, 004004, 004001]
4565	4	004003	004001	15	18.0	3.0	0,904	true	[004003, 004000, 004002, 004007, 004004, 004001]
4566	4	004003	004001	16	18.0	3.0	0,867	true	[004003, 004000, 004002, 004007, 004004, 004005, 004001]
4567	4	004003	004001	17	18.0	3.0	0,877	true	[004003, 004000, 004002, 004007, 004004, 004005, 004006, 004001]
4568	4	004003	004001	18	18.0	4.0	0,850	true	[004003, 004000, 004002, 004007, 004004, 004006, 004001]
4569	4	004003	004001	19	18.0	4.0	0,824	true	[004003, 004000, 004002, 004007, 004004, 004006, 004005, 004001]
4570	4	004003	004001	20	8.0	4.0	0,877	true	[004003, 004000, 004002, 004007, 004006, 004001]
4571	4	004003	004001	21	8.0	3.0	0,859	true	[004003, 004000, 004002, 004007, 004006, 004004, 004001]
4572	4	004003	004001	22	8.0	3.0	0,824	true	[004003, 004000, 004002, 004007, 004006, 004004, 004005, 004001]
4573	4	004003	004001	23	8.0	4.0	0,850	true	[004003, 004000, 004002, 004007, 004006, 004005, 004001]
4574	4	004003	004001	24	8.0	3.0	0,885	true	[004003, 004000, 004002, 004007, 004006, 004005, 004004, 004001]
4575	4	004003	004001	25	9.0	3.0	0,941	true	[004003, 004000, 004004, 004001]
4576	4	004003	004001	26	9.0	6.0	0,894	true	[004003, 004000, 004004, 004002, 004005, 004001]
4577	4	004003	004001	27	9.0	6.0	0,904	true	[004003, 004000, 004004, 004002, 004005, 004006, 004001]
4578	4	004003	004001	28	8.0	6.0	0,859	true	[004003, 004000, 004004, 004002, 004007, 004006, 004001]
4579	4	004003	004001	29	8.0	6.0	0,833	true	[004003, 004000, 004004, 004002, 004007, 004006, 004005, 004001]
4580	4	004003	004001	30	9.0	3.0	0,903	true	[004003, 004000, 004004, 004005, 004001]
4581	4	004003	004001	31	8.0	3.0	0,867	true	[004003, 004000, 004004, 004005, 004002, 004007, 004006, 004001]
4582	4	004003	004001	32	9.0	3.0	0,913	true	[004003, 004000, 004004, 004005, 004006, 004001]
4583	4	004003	004001	33	9.0	6.0	0,885	true	[004003, 004000, 004004, 004006, 004001]
4584	4	004003	004001	34	9.0	6.0	0,858	true	[004003, 004000, 004004, 004006, 004005, 004001]
4585	4	004003	004001	35	8.0	6.0	0,816	true	[004003, 004000, 004004, 004006, 004007, 004002, 004005, 004001]
4586	4	004003	004001	36	9.0	6.0	0,859	true	[004003, 004000, 004004, 004007, 004002, 004005, 004001]
4587	4	004003	004001	37	9.0	6.0	0,868	true	[004003, 004000, 004004, 004007, 004002, 004005, 004006, 004001]
4588	4	004003	004001	38	8.0	6.0	0,876	true	[004003, 004000, 004004, 004007, 004006, 004001]
4589	4	004003	004001	39	8.0	6.0	0,850	true	[004003, 004000, 004004, 004007, 004006, 004005, 004001]
4590	4	004003	004001	40	19.0	6.0	0,894	true	[004003, 004000, 004005, 004001]
4591	4	004003	004001	41	34.0	3.0	0,922	true	[004003, 004000, 004005, 004002, 004004, 004001]
4592	4	004003	004001	42	50.0	6.0	0,867	true	[004003, 004000, 004005, 004002, 004004, 004006, 004001]
4593	4	004003	004001	43	8.0	6.0	0,859	true	[004003, 004000, 004005, 004002, 004004, 004007, 004006, 004001]
4594	4	004003	004001	44	18.0	3.0	0,885	true	[004003, 004000, 004005, 004002, 004007, 004004, 004001]
4595	4	004003	004001	45	18.0	6.0	0,833	true	[004003, 004000, 004005, 004002, 004007, 004004, 004006, 004001]
4596	4	004003	004001	46	8.0	7.0	0,858	true	[004003, 004000, 004005, 004002, 004007, 004006, 004001]
4597	4	004003	004001	47	8.0	3.0	0,841	true	[004003, 004000, 004005, 004002, 004007, 004006, 004004, 004001]
4598	4	004003	004001	48	34.0	3.0	0,931	true	[004003, 004000, 004005, 004004, 004001]
4599	4	004003	004001	49	8.0	3.0	0,850	true	[004003, 004000, 004005, 004004, 004002, 004007, 004006, 004001]
4600	4	004003	004001	50	43.0	3.0	0,876	true	[004003, 004000, 004005, 004004, 004006, 004001]
4601	4	004003	004001	51	8.0	3.0	0,867	true	[004003, 004000, 004005, 004004, 004007, 004006, 004001]
4602	4	004003	004001	52	53.0	7.0	0,903	true	[004003, 004000, 004005, 004006, 004001]
4603	4	004003	004001	53	34.0	3.0	0,885	true	[004003, 004000, 004005, 004006, 004004, 004001]
4604	4	004003	004001	54	8.0	3.0	0,859	true	[004003, 004000, 004005, 004006, 004007, 004002, 004004, 004001]
4605	4	004003	004001	55	8.0	3.0	0,876	true	[004003, 004000, 004005, 004006, 004007, 004004, 004001]
4606	4	004003	004001	56	32.0	9.0	0,951	true	[004003, 004000, 004006, 004001]
4607	4	004003	004001	57	32.0	3.0	0,931	true	[004003, 004000, 004006, 004004, 004001]
4608	4	004003	004001	58	19.0	6.0	0,885	true	[004003, 004000, 004006, 004004, 004002, 004005, 004001]
4609	4	004003	004001	59	19.0	3.0	0,894	true	[004003, 004000, 004006, 004004, 004005, 004001]
4610	4	004003	004001	60	18.0	6.0	0,850	true	[004003, 004000, 004006, 004004, 004007, 004002, 004005, 004001]
4611	4	004003	004001	61	19.0	6.0	0,922	true	[004003, 004000, 004006, 004005, 004001]
4612	4	004003	004001	62	32.0	3.0	0,951	true	[004003, 004000, 004006, 004005, 004002, 004004, 004001]
4613	4	004003	004001	63	18.0	3.0	0,913	true	[004003, 004000, 004006, 004005, 004002, 004007, 004004, 004001]
4614	4	004003	004001	64	32.0	3.0	0,960	true	[004003, 004000, 004006, 004005, 004004, 004001]
4615	4	004003	004001	65	8.0	3.0	0,904	true	[004003, 004000, 004006, 004007, 004002, 004004, 004001]
4616	4	004003	004001	66	8.0	3.0	0,868	true	[004003, 004000, 004006, 004007, 004002, 004004, 004005, 004001]
4617	4	004003	004001	67	8.0	6.0	0,876	true	[004003, 004000, 004006, 004007, 004002, 004005, 004001]
4618	4	004003	004001	68	8.0	3.0	0,913	true	[004003, 004000, 004006, 004007, 004002, 004005, 004004, 004001]
4619	4	004003	004001	69	8.0	3.0	0,922	true	[004003, 004000, 004006, 004007, 004004, 004001]
4620	4	004003	004001	70	8.0	6.0	0,877	true	[004003, 004000, 004006, 004007, 004004, 004002, 004005, 004001]
4621	4	004003	004001	71	8.0	3.0	0,885	true	[004003, 004000, 004006, 004007, 004004, 004005, 004001]
4622	4	004003	004001	72	25.0	3.0	0,903	true	[004003, 004000, 004007, 004002, 004004, 004001]
4623	4	004003	004001	73	19.0	3.0	0,867	true	[004003, 004000, 004007, 004002, 004004, 004005, 004001]
4624	4	004003	004001	74	25.0	3.0	0,877	true	[004003, 004000, 004007, 004002, 004004, 004005, 004006, 004001]
4625	4	004003	004001	75	25.0	5.0	0,850	true	[004003, 004000, 004007, 004002, 004004, 004006, 004001]
4626	4	004003	004001	76	19.0	5.0	0,824	true	[004003, 004000, 004007, 004002, 004004, 004006, 004005, 004001]
4627	4	004003	004001	77	19.0	5.0	0,876	true	[004003, 004000, 004007, 004002, 004005, 004001]
4628	4	004003	004001	78	25.0	3.0	0,913	true	[004003, 004000, 004007, 004002, 004005, 004004, 004001]
4629	4	004003	004001	79	25.0	3.0	0,859	true	[004003, 004000, 004007, 004002, 004005, 004004, 004006, 004001]
4630	4	004003	004001	80	25.0	5.0	0,885	true	[004003, 004000, 004007, 004002, 004005, 004006, 004001]
4631	4	004003	004001	81	25.0	3.0	0,867	true	[004003, 004000, 004007, 004002, 004005, 004006, 004004, 004001]
4632	4	004003	004001	82	18.0	3.0	0,922	true	[004003, 004000, 004007, 004004, 004001]
4633	4	004003	004001	83	18.0	5.0	0,876	true	[004003, 004000, 004007, 004004, 004002, 004005, 004001]
4634	4	004003	004001	84	18.0	5.0	0,886	true	[004003, 004000, 004007, 004004, 004002, 004005, 004006, 004001]
4635	4	004003	004001	85	18.0	3.0	0,885	true	[004003, 004000, 004007, 004004, 004005, 004001]
4636	4	004003	004001	86	18.0	3.0	0,895	true	[004003, 004000, 004007, 004004, 004005, 004006, 004001]
4637	4	004003	004001	87	18.0	5.0	0,867	true	[004003, 004000, 004007, 004004, 004006, 004001]
4638	4	004003	004001	88	18.0	5.0	0,841	true	[004003, 004000, 004007, 004004, 004006, 004005, 004001]
4639	4	004003	004001	89	8.0	5.0	0,894	true	[004003, 004000, 004007, 004006, 004001]
4640	4	004003	004001	90	8.0	3.0	0,876	true	[004003, 004000, 004007, 004006, 004004, 004001]
4641	4	004003	004001	91	8.0	5.0	0,833	true	[004003, 004000, 004007, 004006, 004004, 004002, 004005, 004001]
4642	4	004003	004001	92	8.0	3.0	0,841	true	[004003, 004000, 004007, 004006, 004004, 004005, 004001]
4643	4	004003	004001	93	8.0	5.0	0,867	true	[004003, 004000, 004007, 004006, 004005, 004001]
4644	4	004003	004001	94	8.0	3.0	0,894	true	[004003, 004000, 004007, 004006, 004005, 004002, 004004, 004001]
4645	4	004003	004001	95	8.0	3.0	0,903	true	[004003, 004000, 004007, 004006, 004005, 004004, 004001]
4646	4	004003	004001	96	66.0	8.0	0,990	true	[004003, 004001]
4647	4	004003	004001	97	5.0	4.0	0,941	true	[004003, 004002, 004000, 004001]
4648	4	004003	004001	98	9.0	3.0	0,903	true	[004003, 004002, 004000, 004004, 004001]
4649	4	004003	004001	99	9.0	3.0	0,867	true	[004003, 004002, 004000, 004004, 004005, 004001]
4650	4	004003	004001	100	9.0	3.0	0,876	true	[004003, 004002, 004000, 004004, 004005, 004006, 004001]
4651	5	005006	005005	0	10.0	3.0	0,799	true	[005006, 005001, 005000, 005002, 005003, 005004, 005007, 005005]
4652	5	005006	005005	1	10.0	3.0	0,922	true	[005006, 005001, 005000, 005002, 005005]
4653	5	005006	005005	2	10.0	3.0	0,885	true	[005006, 005001, 005000, 005003, 005002, 005005]
4654	5	005006	005005	3	10.0	3.0	0,850	true	[005006, 005001, 005000, 005003, 005004, 005007, 005005]
4655	5	005006	005005	4	10.0	3.0	0,841	true	[005006, 005001, 005000, 005004, 005003, 005002, 005005]
4656	5	005006	005005	5	10.0	4.0	0,876	true	[005006, 005001, 005000, 005004, 005007, 005005]
4657	5	005006	005005	6	10.0	3.0	0,867	true	[005006, 005001, 005002, 005000, 005003, 005004, 005007, 005005]
4658	5	005006	005005	7	10.0	3.0	0,894	true	[005006, 005001, 005002, 005000, 005004, 005007, 005005]
4659	5	005006	005005	8	10.0	3.0	0,858	true	[005006, 005001, 005002, 005003, 005000, 005004, 005007, 005005]
4660	5	005006	005005	9	10.0	4.0	0,832	true	[005006, 005001, 005002, 005003, 005004, 005007, 005005]
4661	5	005006	005005	10	10.0	3.0	0,960	true	[005006, 005001, 005002, 005005]
4662	5	005006	005005	11	10.0	3.0	0,932	true	[005006, 005001, 005004, 005000, 005002, 005005]
4663	5	005006	005005	12	10.0	3.0	0,894	true	[005006, 005001, 005004, 005000, 005003, 005002, 005005]
4664	5	005006	005005	13	10.0	3.0	0,904	true	[005006, 005001, 005004, 005003, 005000, 005002, 005005]
4665	5	005006	005005	14	10.0	3.0	0,867	true	[005006, 005001, 005004, 005003, 005002, 005005]
4666	5	005006	005005	15	10.0	3.0	0,903	true	[005006, 005001, 005004, 005007, 005005]
4667	5	005006	005005	16	10.0	6.0	0,980	true	[005006, 005001, 005005]
4668	5	005006	005005	17	10.0	3.0	0,859	true	[005006, 005002, 005000, 005001, 005004, 005007, 005005]
4669	5	005006	005005	18	10.0	3.0	0,931	true	[005006, 005002, 005000, 005001, 005005]
4670	5	005006	005005	19	11.0	3.0	0,913	true	[005006, 005002, 005000, 005003, 005004, 005001, 005005]
4671	5	005006	005005	20	11.0	3.0	0,858	true	[005006, 005002, 005000, 005003, 005004, 005007, 005005]
4672	5	005006	005005	21	14.0	3.0	0,941	true	[005006, 005002, 005000, 005004, 005001, 005005]
4673	5	005006	005005	22	14.0	3.0	0,885	true	[005006, 005002, 005000, 005004, 005007, 005005]
4674	5	005006	005005	23	10.0	3.0	0,841	true	[005006, 005002, 005001, 005000, 005003, 005004, 005007, 005005]
4675	5	005006	005005	24	10.0	4.0	0,867	true	[005006, 005002, 005001, 005000, 005004, 005007, 005005]
4676	5	005006	005005	25	17.0	3.0	0,894	true	[005006, 005002, 005001, 005004, 005007, 005005]
4677	5	005006	005005	26	17.0	4.0	0,970	true	[005006, 005002, 005001, 005005]
4678	5	005006	005005	27	10.0	3.0	0,824	true	[005006, 005002, 005003, 005000, 005001, 005004, 005007, 005005]
4679	5	005006	005005	28	10.0	3.0	0,894	true	[005006, 005002, 005003, 005000, 005001, 005005]
4680	5	005006	005005	29	11.0	3.0	0,903	true	[005006, 005002, 005003, 005000, 005004, 005001, 005005]
4681	5	005006	005005	30	11.0	3.0	0,850	true	[005006, 005002, 005003, 005000, 005004, 005007, 005005]
4682	5	005006	005005	31	10.0	4.0	0,850	true	[005006, 005002, 005003, 005004, 005000, 005001, 005005]
4683	5	005006	005005	32	17.0	3.0	0,876	true	[005006, 005002, 005003, 005004, 005001, 005005]
4684	5	005006	005005	33	17.0	4.0	0,824	true	[005006, 005002, 005003, 005004, 005007, 005005]
4685	5	005006	005005	34	63.0	3.0	0,951	true	[005006, 005002, 005005]
4686	5	005006	005005	35	10.0	3.0	0,913	true	[005006, 005003, 005000, 005001, 005002, 005005]
4687	5	005006	005005	36	10.0	3.0	0,858	true	[005006, 005003, 005000, 005001, 005004, 005007, 005005]
4688	5	005006	005005	37	10.0	3.0	0,931	true	[005006, 005003, 005000, 005001, 005005]
4689	5	005006	005005	38	11.0	3.0	0,876	true	[005006, 005003, 005000, 005002, 005001, 005004, 005007, 005005]
4690	5	005006	005005	39	11.0	3.0	0,950	true	[005006, 005003, 005000, 005002, 005001, 005005]
4691	5	005006	005005	40	11.0	3.0	0,931	true	[005006, 005003, 005000, 005002, 005005]
4692	5	005006	005005	41	11.0	3.0	0,922	true	[005006, 005003, 005000, 005004, 005001, 005002, 005005]
4693	5	005006	005005	42	11.0	3.0	0,941	true	[005006, 005003, 005000, 005004, 005001, 005005]
4694	5	005006	005005	43	11.0	3.0	0,885	true	[005006, 005003, 005000, 005004, 005007, 005005]
4695	5	005006	005005	44	10.0	3.0	0,807	true	[005006, 005003, 005002, 005000, 005001, 005004, 005007, 005005]
4696	5	005006	005005	45	10.0	3.0	0,876	true	[005006, 005003, 005002, 005000, 005001, 005005]
4697	5	005006	005005	46	14.0	3.0	0,885	true	[005006, 005003, 005002, 005000, 005004, 005001, 005005]
4698	5	005006	005005	47	14.0	3.0	0,832	true	[005006, 005003, 005002, 005000, 005004, 005007, 005005]
4699	5	005006	005005	48	10.0	4.0	0,816	true	[005006, 005003, 005002, 005001, 005000, 005004, 005007, 005005]
4700	5	005006	005005	49	17.0	3.0	0,841	true	[005006, 005003, 005002, 005001, 005004, 005007, 005005]
4701	5	005006	005005	50	17.0	4.0	0,912	true	[005006, 005003, 005002, 005001, 005005]
4702	5	005006	005005	51	25.0	3.0	0,894	true	[005006, 005003, 005002, 005005]
4703	5	005006	005005	52	10.0	3.0	0,867	true	[005006, 005003, 005004, 005000, 005001, 005002, 005005]
4704	5	005006	005005	53	10.0	5.0	0,885	true	[005006, 005003, 005004, 005000, 005001, 005005]
4705	5	005006	005005	54	14.0	3.0	0,903	true	[005006, 005003, 005004, 005000, 005002, 005001, 005005]
4706	5	005006	005005	55	14.0	3.0	0,885	true	[005006, 005003, 005004, 005000, 005002, 005005]
4707	5	005006	005005	56	10.0	3.0	0,859	true	[005006, 005003, 005004, 005001, 005000, 005002, 005005]
4708	5	005006	005005	57	17.0	3.0	0,894	true	[005006, 005003, 005004, 005001, 005002, 005005]
4709	5	005006	005005	58	17.0	3.0	0,912	true	[005006, 005003, 005004, 005001, 005005]
4710	5	005006	005005	59	17.0	4.0	0,858	true	[005006, 005003, 005004, 005007, 005005]
4711	5	005006	005005	60	10.0	3.0	0,894	true	[005006, 005004, 005000, 005001, 005002, 005005]
4712	5	005006	005005	61	10.0	5.0	0,912	true	[005006, 005004, 005000, 005001, 005005]
4713	5	005006	005005	62	14.0	3.0	0,931	true	[005006, 005004, 005000, 005002, 005001, 005005]
4714	5	005006	005005	63	14.0	3.0	0,912	true	[005006, 005004, 005000, 005002, 005005]
4715	5	005006	005005	64	11.0	3.0	0,893	true	[005006, 005004, 005000, 005003, 005002, 005001, 005005]
4716	5	005006	005005	65	11.0	3.0	0,876	true	[005006, 005004, 005000, 005003, 005002, 005005]
4717	5	005006	005005	66	10.0	3.0	0,885	true	[005006, 005004, 005001, 005000, 005002, 005005]
4718	5	005006	005005	67	10.0	3.0	0,849	true	[005006, 005004, 005001, 005000, 005003, 005002, 005005]
4719	5	005006	005005	68	17.0	3.0	0,922	true	[005006, 005004, 005001, 005002, 005005]
4720	5	005006	005005	69	25.0	3.0	0,941	true	[005006, 005004, 005001, 005005]
4721	5	005006	005005	70	10.0	3.0	0,867	true	[005006, 005004, 005003, 005000, 005001, 005002, 005005]
4722	5	005006	005005	71	10.0	3.0	0,885	true	[005006, 005004, 005003, 005000, 005001, 005005]
4723	5	005006	005005	72	11.0	3.0	0,903	true	[005006, 005004, 005003, 005000, 005002, 005001, 005005]
4724	5	005006	005005	73	11.0	3.0	0,885	true	[005006, 005004, 005003, 005000, 005002, 005005]
4725	5	005006	005005	74	10.0	3.0	0,832	true	[005006, 005004, 005003, 005002, 005000, 005001, 005005]
4726	5	005006	005005	75	17.0	4.0	0,866	true	[005006, 005004, 005003, 005002, 005001, 005005]
4727	5	005006	005005	76	17.0	3.0	0,849	true	[005006, 005004, 005003, 005002, 005005]
4728	5	005006	005005	77	51.0	4.0	0,885	true	[005006, 005004, 005007, 005005]
4729	5	005006	005007	78	10.0	3.0	0,824	true	[005006, 005001, 005000, 005002, 005003, 005004, 005007]
4730	5	005006	005007	79	10.0	3.0	0,895	true	[005006, 005001, 005000, 005002, 005005, 005007]
4731	5	005006	005007	80	10.0	3.0	0,858	true	[005006, 005001, 005000, 005003, 005002, 005005, 005007]
4732	5	005006	005007	81	10.0	3.0	0,876	true	[005006, 005001, 005000, 005003, 005004, 005007]
4733	5	005006	005007	82	10.0	3.0	0,816	true	[005006, 005001, 005000, 005004, 005003, 005002, 005005, 005007]
4734	5	005006	005007	83	10.0	4.0	0,903	true	[005006, 005001, 005000, 005004, 005007]
4735	5	005006	005007	84	10.0	3.0	0,894	true	[005006, 005001, 005002, 005000, 005003, 005004, 005007]
4736	5	005006	005007	85	10.0	3.0	0,922	true	[005006, 005001, 005002, 005000, 005004, 005007]
4737	5	005006	005007	86	10.0	3.0	0,885	true	[005006, 005001, 005002, 005003, 005000, 005004, 005007]
4738	5	005006	005007	87	10.0	4.0	0,858	true	[005006, 005001, 005002, 005003, 005004, 005007]
4739	5	005006	005007	88	10.0	3.0	0,932	true	[005006, 005001, 005002, 005005, 005007]
4740	5	005006	005007	89	10.0	3.0	0,904	true	[005006, 005001, 005004, 005000, 005002, 005005, 005007]
4741	5	005006	005007	90	10.0	3.0	0,867	true	[005006, 005001, 005004, 005000, 005003, 005002, 005005, 005007]
4742	5	005006	005007	91	10.0	3.0	0,877	true	[005006, 005001, 005004, 005003, 005000, 005002, 005005, 005007]
4743	5	005006	005007	92	10.0	3.0	0,841	true	[005006, 005001, 005004, 005003, 005002, 005005, 005007]
4744	5	005006	005007	93	10.0	3.0	0,931	true	[005006, 005001, 005004, 005007]
4745	5	005006	005007	94	10.0	3.0	0,876	true	[005006, 005001, 005005, 005002, 005000, 005003, 005004, 005007]
4746	5	005006	005007	95	10.0	3.0	0,904	true	[005006, 005001, 005005, 005002, 005000, 005004, 005007]
4747	5	005006	005007	96	10.0	3.0	0,867	true	[005006, 005001, 005005, 005002, 005003, 005000, 005004, 005007]
4748	5	005006	005007	97	10.0	3.0	0,841	true	[005006, 005001, 005005, 005002, 005003, 005004, 005007]
4749	5	005006	005007	98	10.0	6.0	0,951	true	[005006, 005001, 005005, 005007]
4750	5	005006	005007	99	10.0	3.0	0,885	true	[005006, 005002, 005000, 005001, 005004, 005007]
4751	5	005006	005007	100	10.0	3.0	0,904	true	[005006, 005002, 005000, 005001, 005005, 005007]
4752	6	006007	006004	0	13.0	4.0	0,858	true	[006007, 006001, 006003, 006000, 006002, 006004]
4753	6	006007	006004	1	13.0	3.0	0,799	true	[006007, 006001, 006003, 006000, 006002, 006005, 006004]
4754	6	006007	006004	2	13.0	3.0	0,783	true	[006007, 006001, 006003, 006000, 006002, 006005, 006006, 006004]
4755	6	006007	006004	3	13.0	4.0	0,894	true	[006007, 006001, 006003, 006000, 006004]
4756	6	006007	006004	4	13.0	3.0	0,832	true	[006007, 006001, 006003, 006000, 006005, 006002, 006004]
4757	6	006007	006004	5	13.0	4.0	0,858	true	[006007, 006001, 006003, 006000, 006005, 006004]
4758	6	006007	006004	6	13.0	4.0	0,841	true	[006007, 006001, 006003, 006000, 006005, 006006, 006004]
4759	6	006007	006004	7	13.0	4.0	0,867	true	[006007, 006001, 006003, 006000, 006006, 006004]
4760	6	006007	006004	8	13.0	3.0	0,824	true	[006007, 006001, 006003, 006000, 006006, 006005, 006002, 006004]
4761	6	006007	006004	9	13.0	4.0	0,850	true	[006007, 006001, 006003, 006000, 006006, 006005, 006004]
4762	6	006007	006004	10	23.0	8.0	0,815	true	[006007, 006001, 006003, 006002, 006000, 006004]
4763	6	006007	006004	11	19.0	6.0	0,782	true	[006007, 006001, 006003, 006002, 006000, 006005, 006004]
4764	6	006007	006004	12	41.0	6.0	0,767	true	[006007, 006001, 006003, 006002, 006000, 006005, 006006, 006004]
4765	6	006007	006004	13	23.0	8.0	0,790	true	[006007, 006001, 006003, 006002, 006000, 006006, 006004]
4766	6	006007	006004	14	19.0	7.0	0,775	true	[006007, 006001, 006003, 006002, 006000, 006006, 006005, 006004]
4767	6	006007	006004	15	41.0	5.0	0,867	true	[006007, 006001, 006003, 006002, 006004]
4768	6	006007	006004	16	23.0	3.0	0,791	true	[006007, 006001, 006003, 006002, 006005, 006000, 006004]
4769	6	006007	006004	17	23.0	3.0	0,767	true	[006007, 006001, 006003, 006002, 006005, 006000, 006006, 006004]
4770	6	006007	006004	18	19.0	3.0	0,807	true	[006007, 006001, 006003, 006002, 006005, 006004]
4771	6	006007	006004	19	23.0	3.0	0,783	true	[006007, 006001, 006003, 006002, 006005, 006006, 006000, 006004]
4772	6	006007	006004	20	41.0	3.0	0,790	true	[006007, 006001, 006003, 006002, 006005, 006006, 006004]
4773	6	006007	006004	21	41.0	8.0	0,922	true	[006007, 006001, 006003, 006004]
4774	6	006007	006004	22	51.0	7.0	0,941	true	[006007, 006001, 006004]
4775	6	006007	006004	23	43.0	6.0	0,782	true	[006007, 006001, 006005, 006000, 006002, 006003, 006004]
4776	6	006007	006004	24	55.0	5.0	0,815	true	[006007, 006001, 006005, 006000, 006002, 006004]
4777	6	006007	006004	25	13.0	4.0	0,807	true	[006007, 006001, 006005, 006000, 006003, 006002, 006004]
4778	6	006007	006004	26	13.0	4.0	0,858	true	[006007, 006001, 006005, 006000, 006003, 006004]
4779	6	006007	006004	27	23.0	6.0	0,849	true	[006007, 006001, 006005, 006000, 006004]
4780	6	006007	006004	28	23.0	6.0	0,824	true	[006007, 006001, 006005, 006000, 006006, 006004]
4781	6	006007	006004	29	13.0	3.0	0,798	true	[006007, 006001, 006005, 006002, 006000, 006003, 006004]
4782	6	006007	006004	30	23.0	3.0	0,790	true	[006007, 006001, 006005, 006002, 006000, 006004]
4783	6	006007	006004	31	23.0	3.0	0,766	true	[006007, 006001, 006005, 006002, 006000, 006006, 006004]
4784	6	006007	006004	32	13.0	3.0	0,782	true	[006007, 006001, 006005, 006002, 006003, 006000, 006004]
4785	6	006007	006004	33	13.0	3.0	0,759	true	[006007, 006001, 006005, 006002, 006003, 006000, 006006, 006004]
4786	6	006007	006004	34	43.0	3.0	0,806	true	[006007, 006001, 006005, 006002, 006003, 006004]
4787	6	006007	006004	35	65.0	3.0	0,840	true	[006007, 006001, 006005, 006002, 006004]
4788	6	006007	006004	36	19.0	9.0	0,866	true	[006007, 006001, 006005, 006004]
4789	6	006007	006004	37	23.0	7.0	0,774	true	[006007, 006001, 006005, 006006, 006000, 006002, 006003, 006004]
4790	6	006007	006004	38	23.0	5.0	0,807	true	[006007, 006001, 006005, 006006, 006000, 006002, 006004]
4791	6	006007	006004	39	13.0	4.0	0,799	true	[006007, 006001, 006005, 006006, 006000, 006003, 006002, 006004]
4792	6	006007	006004	40	13.0	4.0	0,850	true	[006007, 006001, 006005, 006006, 006000, 006003, 006004]
4793	6	006007	006004	41	23.0	7.0	0,841	true	[006007, 006001, 006005, 006006, 006000, 006004]
4794	6	006007	006004	42	46.0	7.0	0,849	true	[006007, 006001, 006005, 006006, 006004]
4795	6	006007	006004	43	23.0	9.0	0,799	true	[006007, 006001, 006006, 006000, 006002, 006003, 006004]
4796	6	006007	006004	44	23.0	5.0	0,832	true	[006007, 006001, 006006, 006000, 006002, 006004]
4797	6	006007	006004	45	19.0	3.0	0,774	true	[006007, 006001, 006006, 006000, 006002, 006005, 006004]
4798	6	006007	006004	46	13.0	4.0	0,824	true	[006007, 006001, 006006, 006000, 006003, 006002, 006004]
4799	6	006007	006004	47	13.0	3.0	0,767	true	[006007, 006001, 006006, 006000, 006003, 006002, 006005, 006004]
4800	6	006007	006004	48	13.0	4.0	0,876	true	[006007, 006001, 006006, 006000, 006003, 006004]
4801	6	006007	006004	49	23.0	9.0	0,867	true	[006007, 006001, 006006, 006000, 006004]
4802	6	006007	006004	50	23.0	3.0	0,775	true	[006007, 006001, 006006, 006000, 006005, 006002, 006003, 006004]
4803	6	006007	006004	51	23.0	3.0	0,807	true	[006007, 006001, 006006, 006000, 006005, 006002, 006004]
4804	6	006007	006004	52	19.0	6.0	0,832	true	[006007, 006001, 006006, 006000, 006005, 006004]
4805	6	006007	006004	53	46.0	8.0	0,876	true	[006007, 006001, 006006, 006004]
4806	6	006007	006004	54	43.0	6.0	0,775	true	[006007, 006001, 006006, 006005, 006000, 006002, 006003, 006004]
4807	6	006007	006004	55	55.0	5.0	0,807	true	[006007, 006001, 006006, 006005, 006000, 006002, 006004]
4808	6	006007	006004	56	13.0	4.0	0,799	true	[006007, 006001, 006006, 006005, 006000, 006003, 006002, 006004]
4809	6	006007	006004	57	13.0	4.0	0,850	true	[006007, 006001, 006006, 006005, 006000, 006003, 006004]
4810	6	006007	006004	58	23.0	6.0	0,841	true	[006007, 006001, 006006, 006005, 006000, 006004]
4811	6	006007	006004	59	13.0	3.0	0,791	true	[006007, 006001, 006006, 006005, 006002, 006000, 006003, 006004]
4812	6	006007	006004	60	23.0	3.0	0,782	true	[006007, 006001, 006006, 006005, 006002, 006000, 006004]
4813	6	006007	006004	61	13.0	3.0	0,775	true	[006007, 006001, 006006, 006005, 006002, 006003, 006000, 006004]
4814	6	006007	006004	62	43.0	3.0	0,799	true	[006007, 006001, 006006, 006005, 006002, 006003, 006004]
4815	6	006007	006004	63	62.0	3.0	0,832	true	[006007, 006001, 006006, 006005, 006002, 006004]
4816	6	006007	006004	64	19.0	7.0	0,858	true	[006007, 006001, 006006, 006005, 006004]
4817	6	006007	006004	65	13.0	3.0	0,876	true	[006007, 006002, 006000, 006003, 006001, 006004]
4818	6	006007	006004	66	13.0	3.0	0,807	true	[006007, 006002, 006000, 006003, 006001, 006005, 006004]
4819	6	006007	006004	67	13.0	3.0	0,791	true	[006007, 006002, 006000, 006003, 006001, 006005, 006006, 006004]
4820	6	006007	006004	68	13.0	3.0	0,815	true	[006007, 006002, 006000, 006003, 006001, 006006, 006004]
4821	6	006007	006004	69	13.0	3.0	0,799	true	[006007, 006002, 006000, 006003, 006001, 006006, 006005, 006004]
4822	6	006007	006004	70	13.0	3.0	0,894	true	[006007, 006002, 006000, 006003, 006004]
4823	6	006007	006004	71	23.0	3.0	0,885	true	[006007, 006002, 006000, 006004]
4824	6	006007	006004	72	29.0	3.0	0,815	true	[006007, 006002, 006000, 006005, 006001, 006003, 006004]
4825	6	006007	006004	73	29.0	3.0	0,832	true	[006007, 006002, 006000, 006005, 006001, 006004]
4826	6	006007	006004	74	29.0	3.0	0,775	true	[006007, 006002, 006000, 006005, 006001, 006006, 006004]
4827	6	006007	006004	75	19.0	3.0	0,849	true	[006007, 006002, 006000, 006005, 006004]
4828	6	006007	006004	76	29.0	3.0	0,807	true	[006007, 006002, 006000, 006005, 006006, 006001, 006003, 006004]
4829	6	006007	006004	77	29.0	3.0	0,824	true	[006007, 006002, 006000, 006005, 006006, 006001, 006004]
4830	6	006007	006004	78	29.0	3.0	0,832	true	[006007, 006002, 006000, 006005, 006006, 006004]
4831	6	006007	006004	79	23.0	3.0	0,832	true	[006007, 006002, 006000, 006006, 006001, 006003, 006004]
4832	6	006007	006004	80	23.0	3.0	0,849	true	[006007, 006002, 006000, 006006, 006001, 006004]
4833	6	006007	006004	81	19.0	3.0	0,783	true	[006007, 006002, 006000, 006006, 006001, 006005, 006004]
4834	6	006007	006004	82	23.0	3.0	0,858	true	[006007, 006002, 006000, 006006, 006004]
4835	6	006007	006004	83	23.0	3.0	0,807	true	[006007, 006002, 006000, 006006, 006005, 006001, 006003, 006004]
4836	6	006007	006004	84	23.0	3.0	0,824	true	[006007, 006002, 006000, 006006, 006005, 006001, 006004]
4837	6	006007	006004	85	19.0	3.0	0,841	true	[006007, 006002, 006000, 006006, 006005, 006004]
4838	6	006007	006004	86	13.0	3.0	0,876	true	[006007, 006002, 006003, 006000, 006004]
4839	6	006007	006004	87	13.0	3.0	0,824	true	[006007, 006002, 006003, 006000, 006005, 006001, 006004]
4840	6	006007	006004	88	13.0	3.0	0,767	true	[006007, 006002, 006003, 006000, 006005, 006001, 006006, 006004]
4841	6	006007	006004	89	13.0	3.0	0,841	true	[006007, 006002, 006003, 006000, 006005, 006004]
4842	6	006007	006004	90	13.0	3.0	0,816	true	[006007, 006002, 006003, 006000, 006005, 006006, 006001, 006004]
4843	6	006007	006004	91	13.0	3.0	0,824	true	[006007, 006002, 006003, 006000, 006005, 006006, 006004]
4844	6	006007	006004	92	13.0	3.0	0,841	true	[006007, 006002, 006003, 006000, 006006, 006001, 006004]
4845	6	006007	006004	93	13.0	3.0	0,775	true	[006007, 006002, 006003, 006000, 006006, 006001, 006005, 006004]
4846	6	006007	006004	94	13.0	3.0	0,849	true	[006007, 006002, 006003, 006000, 006006, 006004]
4847	6	006007	006004	95	13.0	3.0	0,816	true	[006007, 006002, 006003, 006000, 006006, 006005, 006001, 006004]
4848	6	006007	006004	96	13.0	3.0	0,832	true	[006007, 006002, 006003, 006000, 006006, 006005, 006004]
4849	6	006007	006004	97	29.0	3.0	0,885	true	[006007, 006002, 006003, 006001, 006004]
4850	6	006007	006004	98	23.0	3.0	0,799	true	[006007, 006002, 006003, 006001, 006005, 006000, 006004]
4851	6	006007	006004	99	23.0	3.0	0,775	true	[006007, 006002, 006003, 006001, 006005, 006000, 006006, 006004]
4852	6	006007	006004	100	19.0	3.0	0,815	true	[006007, 006002, 006003, 006001, 006005, 006004]
4853	6	006007	006004	101	29.0	3.0	0,903	true	[006007, 006002, 006003, 006004]
4854	6	006007	006004	102	29.0	3.0	0,941	true	[006007, 006002, 006004]
4855	6	006007	006004	103	18.0	6.0	0,990	true	[006007, 006004]
4856	7	007004	007005	0	13.0	7.0	0,894	true	[007004, 007000, 007001, 007002, 007005]
4857	7	007004	007005	1	12.0	3.0	0,816	true	[007004, 007000, 007001, 007002, 007006, 007003, 007005]
4858	7	007004	007005	2	12.0	4.0	0,807	true	[007004, 007000, 007001, 007002, 007006, 007003, 007007, 007005]
4859	7	007004	007005	3	12.0	4.0	0,876	true	[007004, 007000, 007001, 007002, 007006, 007005]
4860	7	007004	007005	4	13.0	3.0	0,886	true	[007004, 007000, 007001, 007002, 007007, 007003, 007005]
4861	7	007004	007005	5	13.0	5.0	0,858	true	[007004, 007000, 007001, 007002, 007007, 007003, 007006, 007005]
4862	7	007004	007005	6	13.0	4.0	0,877	true	[007004, 007000, 007001, 007002, 007007, 007005]
4863	7	007004	007005	7	13.0	3.0	0,932	true	[007004, 007000, 007001, 007003, 007005]
4864	7	007004	007005	8	12.0	4.0	0,832	true	[007004, 007000, 007001, 007003, 007006, 007002, 007005]
4865	7	007004	007005	9	12.0	4.0	0,816	true	[007004, 007000, 007001, 007003, 007006, 007002, 007007, 007005]
4866	7	007004	007005	10	13.0	5.0	0,903	true	[007004, 007000, 007001, 007003, 007006, 007005]
4867	7	007004	007005	11	13.0	6.0	0,904	true	[007004, 007000, 007001, 007003, 007007, 007002, 007005]
4868	7	007004	007005	12	12.0	4.0	0,885	true	[007004, 007000, 007001, 007003, 007007, 007002, 007006, 007005]
4869	7	007004	007005	13	13.0	4.0	0,922	true	[007004, 007000, 007001, 007003, 007007, 007005]
4870	7	007004	007005	14	12.0	4.0	0,850	true	[007004, 007000, 007001, 007006, 007002, 007005]
4871	7	007004	007005	15	12.0	3.0	0,841	true	[007004, 007000, 007001, 007006, 007002, 007007, 007003, 007005]
4872	7	007004	007005	16	12.0	4.0	0,833	true	[007004, 007000, 007001, 007006, 007002, 007007, 007005]
4873	7	007004	007005	17	13.0	3.0	0,858	true	[007004, 007000, 007001, 007006, 007003, 007005]
4874	7	007004	007005	18	13.0	4.0	0,833	true	[007004, 007000, 007001, 007006, 007003, 007007, 007002, 007005]
4875	7	007004	007005	19	13.0	4.0	0,850	true	[007004, 007000, 007001, 007006, 007003, 007007, 007005]
4876	7	007004	007005	20	13.0	4.0	0,922	true	[007004, 007000, 007001, 007006, 007005]
4877	7	007004	007005	21	13.0	5.0	0,858	true	[007004, 007000, 007001, 007007, 007002, 007005]
4878	7	007004	007005	22	12.0	3.0	0,783	true	[007004, 007000, 007001, 007007, 007002, 007006, 007003, 007005]
4879	7	007004	007005	23	12.0	4.0	0,841	true	[007004, 007000, 007001, 007007, 007002, 007006, 007005]
4880	7	007004	007005	24	13.0	3.0	0,885	true	[007004, 007000, 007001, 007007, 007003, 007005]
4881	7	007004	007005	25	12.0	4.0	0,791	true	[007004, 007000, 007001, 007007, 007003, 007006, 007002, 007005]
4882	7	007004	007005	26	13.0	5.0	0,858	true	[007004, 007000, 007001, 007007, 007003, 007006, 007005]
4883	7	007004	007005	27	13.0	4.0	0,876	true	[007004, 007000, 007001, 007007, 007005]
4884	7	007004	007005	28	13.0	3.0	0,904	true	[007004, 007000, 007002, 007001, 007003, 007005]
4885	7	007004	007005	29	13.0	3.0	0,876	true	[007004, 007000, 007002, 007001, 007003, 007006, 007005]
4886	7	007004	007005	30	13.0	3.0	0,894	true	[007004, 007000, 007002, 007001, 007003, 007007, 007005]
4887	7	007004	007005	31	13.0	3.0	0,833	true	[007004, 007000, 007002, 007001, 007006, 007003, 007005]
4888	7	007004	007005	32	13.0	3.0	0,824	true	[007004, 007000, 007002, 007001, 007006, 007003, 007007, 007005]
4889	7	007004	007005	33	13.0	3.0	0,894	true	[007004, 007000, 007002, 007001, 007006, 007005]
4890	7	007004	007005	34	13.0	3.0	0,858	true	[007004, 007000, 007002, 007001, 007007, 007003, 007005]
4891	7	007004	007005	35	13.0	3.0	0,832	true	[007004, 007000, 007002, 007001, 007007, 007003, 007006, 007005]
4892	7	007004	007005	36	13.0	3.0	0,850	true	[007004, 007000, 007002, 007001, 007007, 007005]
4893	7	007004	007005	37	13.0	3.0	0,922	true	[007004, 007000, 007002, 007005]
4894	7	007004	007005	38	12.0	3.0	0,858	true	[007004, 007000, 007002, 007006, 007001, 007003, 007005]
4895	7	007004	007005	39	12.0	3.0	0,850	true	[007004, 007000, 007002, 007006, 007001, 007003, 007007, 007005]
4896	7	007004	007005	40	12.0	3.0	0,816	true	[007004, 007000, 007002, 007006, 007001, 007007, 007003, 007005]
4897	7	007004	007005	41	12.0	3.0	0,807	true	[007004, 007000, 007002, 007006, 007001, 007007, 007005]
4898	7	007004	007005	42	12.0	3.0	0,791	true	[007004, 007000, 007002, 007006, 007003, 007001, 007007, 007005]
4899	7	007004	007005	43	12.0	3.0	0,841	true	[007004, 007000, 007002, 007006, 007003, 007005]
4900	7	007004	007005	44	12.0	3.0	0,832	true	[007004, 007000, 007002, 007006, 007003, 007007, 007005]
4901	7	007004	007005	45	12.0	3.0	0,903	true	[007004, 007000, 007002, 007006, 007005]
4902	7	007004	007005	46	13.0	3.0	0,867	true	[007004, 007000, 007002, 007007, 007001, 007003, 007005]
4903	7	007004	007005	47	13.0	3.0	0,841	true	[007004, 007000, 007002, 007007, 007001, 007003, 007006, 007005]
4904	7	007004	007005	48	13.0	3.0	0,799	true	[007004, 007000, 007002, 007007, 007001, 007006, 007003, 007005]
4905	7	007004	007005	49	13.0	3.0	0,858	true	[007004, 007000, 007002, 007007, 007001, 007006, 007005]
4906	7	007004	007005	50	13.0	3.0	0,904	true	[007004, 007000, 007002, 007007, 007003, 007001, 007006, 007005]
4907	7	007004	007005	51	13.0	3.0	0,913	true	[007004, 007000, 007002, 007007, 007003, 007005]
4908	7	007004	007005	52	13.0	3.0	0,885	true	[007004, 007000, 007002, 007007, 007003, 007006, 007005]
4909	7	007004	007005	53	13.0	3.0	0,904	true	[007004, 007000, 007002, 007007, 007005]
4910	7	007004	007005	54	11.0	6.0	0,876	true	[007004, 007000, 007003, 007001, 007002, 007005]
4911	7	007004	007005	55	11.0	4.0	0,858	true	[007004, 007000, 007003, 007001, 007002, 007006, 007005]
4912	7	007004	007005	56	11.0	4.0	0,859	true	[007004, 007000, 007003, 007001, 007002, 007007, 007005]
4913	7	007004	007005	57	11.0	4.0	0,832	true	[007004, 007000, 007003, 007001, 007006, 007002, 007005]
4914	7	007004	007005	58	11.0	4.0	0,816	true	[007004, 007000, 007003, 007001, 007006, 007002, 007007, 007005]
4915	7	007004	007005	59	11.0	4.0	0,903	true	[007004, 007000, 007003, 007001, 007006, 007005]
4916	7	007004	007005	60	11.0	5.0	0,841	true	[007004, 007000, 007003, 007001, 007007, 007002, 007005]
4917	7	007004	007005	61	11.0	4.0	0,824	true	[007004, 007000, 007003, 007001, 007007, 007002, 007006, 007005]
4918	7	007004	007005	62	11.0	4.0	0,858	true	[007004, 007000, 007003, 007001, 007007, 007005]
4919	7	007004	007005	63	11.0	3.0	0,913	true	[007004, 007000, 007003, 007005]
4920	7	007004	007005	64	11.0	4.0	0,807	true	[007004, 007000, 007003, 007006, 007001, 007002, 007005]
4921	7	007004	007005	65	11.0	4.0	0,791	true	[007004, 007000, 007003, 007006, 007001, 007002, 007007, 007005]
4922	7	007004	007005	66	11.0	4.0	0,775	true	[007004, 007000, 007003, 007006, 007001, 007007, 007002, 007005]
4923	7	007004	007005	67	11.0	4.0	0,791	true	[007004, 007000, 007003, 007006, 007001, 007007, 007005]
4924	7	007004	007005	68	11.0	4.0	0,751	true	[007004, 007000, 007003, 007006, 007002, 007001, 007007, 007005]
4925	7	007004	007005	69	11.0	4.0	0,815	true	[007004, 007000, 007003, 007006, 007002, 007005]
4926	7	007004	007005	70	11.0	4.0	0,799	true	[007004, 007000, 007003, 007006, 007002, 007007, 007005]
4927	7	007004	007005	71	11.0	5.0	0,885	true	[007004, 007000, 007003, 007006, 007005]
4928	7	007004	007005	72	11.0	5.0	0,832	true	[007004, 007000, 007003, 007007, 007001, 007002, 007005]
4929	7	007004	007005	73	11.0	4.0	0,815	true	[007004, 007000, 007003, 007007, 007001, 007002, 007006, 007005]
4930	7	007004	007005	74	11.0	4.0	0,791	true	[007004, 007000, 007003, 007007, 007001, 007006, 007002, 007005]
4931	7	007004	007005	75	11.0	4.0	0,858	true	[007004, 007000, 007003, 007007, 007001, 007006, 007005]
4932	7	007004	007005	76	11.0	4.0	0,859	true	[007004, 007000, 007003, 007007, 007002, 007001, 007006, 007005]
4933	7	007004	007005	77	11.0	6.0	0,885	true	[007004, 007000, 007003, 007007, 007002, 007005]
4934	7	007004	007005	78	11.0	4.0	0,867	true	[007004, 007000, 007003, 007007, 007002, 007006, 007005]
4935	7	007004	007005	79	11.0	4.0	0,903	true	[007004, 007000, 007003, 007007, 007005]
4936	7	007004	007005	80	13.0	4.0	0,941	true	[007004, 007000, 007005]
4937	7	007004	007005	81	13.0	5.0	0,841	true	[007004, 007000, 007007, 007001, 007002, 007005]
4938	7	007004	007005	82	12.0	3.0	0,767	true	[007004, 007000, 007007, 007001, 007002, 007006, 007003, 007005]
4939	7	007004	007005	83	12.0	4.0	0,824	true	[007004, 007000, 007007, 007001, 007002, 007006, 007005]
4940	7	007004	007005	84	13.0	3.0	0,876	true	[007004, 007000, 007007, 007001, 007003, 007005]
4941	7	007004	007005	85	12.0	4.0	0,783	true	[007004, 007000, 007007, 007001, 007003, 007006, 007002, 007005]
4942	7	007004	007005	86	13.0	5.0	0,849	true	[007004, 007000, 007007, 007001, 007003, 007006, 007005]
4943	7	007004	007005	87	12.0	4.0	0,799	true	[007004, 007000, 007007, 007001, 007006, 007002, 007005]
4944	7	007004	007005	88	13.0	3.0	0,807	true	[007004, 007000, 007007, 007001, 007006, 007003, 007005]
4945	7	007004	007005	89	13.0	4.0	0,867	true	[007004, 007000, 007007, 007001, 007006, 007005]
4946	7	007004	007005	90	13.0	3.0	0,877	true	[007004, 007000, 007007, 007002, 007001, 007003, 007005]
4947	7	007004	007005	91	13.0	5.0	0,850	true	[007004, 007000, 007007, 007002, 007001, 007003, 007006, 007005]
4948	7	007004	007005	92	13.0	3.0	0,808	true	[007004, 007000, 007007, 007002, 007001, 007006, 007003, 007005]
4949	7	007004	007005	93	13.0	4.0	0,868	true	[007004, 007000, 007007, 007002, 007001, 007006, 007005]
4950	7	007004	007005	94	13.0	6.0	0,894	true	[007004, 007000, 007007, 007002, 007005]
4951	7	007004	007005	95	12.0	3.0	0,833	true	[007004, 007000, 007007, 007002, 007006, 007001, 007003, 007005]
4952	7	007004	007005	96	12.0	3.0	0,816	true	[007004, 007000, 007007, 007002, 007006, 007003, 007005]
4953	7	007004	007005	97	12.0	4.0	0,876	true	[007004, 007000, 007007, 007002, 007006, 007005]
4954	7	007004	007005	98	13.0	6.0	0,885	true	[007004, 007000, 007007, 007003, 007001, 007002, 007005]
4955	7	007004	007005	99	12.0	4.0	0,867	true	[007004, 007000, 007007, 007003, 007001, 007002, 007006, 007005]
4956	7	007004	007005	100	12.0	4.0	0,841	true	[007004, 007000, 007007, 007003, 007001, 007006, 007002, 007005]
4957	7	007004	007005	101	13.0	4.0	0,913	true	[007004, 007000, 007007, 007003, 007001, 007006, 007005]
4958	7	007004	007005	102	13.0	3.0	0,922	true	[007004, 007000, 007007, 007003, 007005]
4959	7	007004	007005	103	13.0	4.0	0,913	true	[007004, 007000, 007007, 007005]
4960	7	007004	007005	104	42.0	4.0	0,960	true	[007004, 007005]
4961	8	008002	008006	0	20.0	6.0	0,903	true	[008002, 008000, 008001, 008003, 008004, 008006]
4962	8	008002	008006	1	20.0	6.0	0,867	true	[008002, 008000, 008001, 008003, 008004, 008007, 008006]
4963	8	008002	008006	2	15.0	6.0	0,832	true	[008002, 008000, 008001, 008003, 008005, 008007, 008004, 008006]
4964	8	008002	008006	3	15.0	6.0	0,867	true	[008002, 008000, 008001, 008003, 008005, 008007, 008006]
4965	8	008002	008006	4	20.0	6.0	0,850	true	[008002, 008000, 008001, 008003, 008007, 008004, 008006]
4966	8	008002	008006	5	20.0	6.0	0,885	true	[008002, 008000, 008001, 008003, 008007, 008006]
4967	8	008002	008006	6	15.0	6.0	0,858	true	[008002, 008000, 008001, 008004, 008003, 008005, 008007, 008006]
4968	8	008002	008006	7	20.0	6.0	0,876	true	[008002, 008000, 008001, 008004, 008003, 008007, 008006]
4969	8	008002	008006	8	20.0	6.0	0,912	true	[008002, 008000, 008001, 008004, 008006]
4970	8	008002	008006	9	20.0	6.0	0,876	true	[008002, 008000, 008001, 008004, 008007, 008006]
4971	8	008002	008006	10	15.0	6.0	0,876	true	[008002, 008000, 008001, 008005, 008003, 008004, 008006]
4972	8	008002	008006	11	15.0	6.0	0,841	true	[008002, 008000, 008001, 008005, 008003, 008004, 008007, 008006]
4973	8	008002	008006	12	15.0	6.0	0,824	true	[008002, 008000, 008001, 008005, 008003, 008007, 008004, 008006]
4974	8	008002	008006	13	15.0	6.0	0,858	true	[008002, 008000, 008001, 008005, 008003, 008007, 008006]
4975	8	008002	008006	14	20.0	6.0	0,894	true	[008002, 008000, 008001, 008005, 008007, 008003, 008004, 008006]
4976	8	008002	008006	15	20.0	6.0	0,894	true	[008002, 008000, 008001, 008005, 008007, 008004, 008006]
4977	8	008002	008006	16	20.0	6.0	0,931	true	[008002, 008000, 008001, 008005, 008007, 008006]
4978	8	008002	008006	17	20.0	6.0	0,941	true	[008002, 008000, 008001, 008006]
4979	8	008002	008006	18	20.0	6.0	0,876	true	[008002, 008000, 008001, 008007, 008003, 008004, 008006]
4980	8	008002	008006	19	20.0	6.0	0,876	true	[008002, 008000, 008001, 008007, 008004, 008006]
4981	8	008002	008006	20	15.0	6.0	0,858	true	[008002, 008000, 008001, 008007, 008005, 008003, 008004, 008006]
4982	8	008002	008006	21	20.0	6.0	0,912	true	[008002, 008000, 008001, 008007, 008006]
4983	8	008002	008006	22	31.0	6.0	0,885	true	[008002, 008000, 008003, 008001, 008004, 008006]
4984	8	008002	008006	23	31.0	6.0	0,850	true	[008002, 008000, 008003, 008001, 008004, 008007, 008006]
4985	8	008002	008006	24	32.0	6.0	0,867	true	[008002, 008000, 008003, 008001, 008005, 008007, 008004, 008006]
4986	8	008002	008006	25	32.0	6.0	0,903	true	[008002, 008000, 008003, 008001, 008005, 008007, 008006]
4987	8	008002	008006	26	36.0	6.0	0,913	true	[008002, 008000, 008003, 008001, 008006]
4988	8	008002	008006	27	23.0	6.0	0,850	true	[008002, 008000, 008003, 008001, 008007, 008004, 008006]
4989	8	008002	008006	28	23.0	6.0	0,885	true	[008002, 008000, 008003, 008001, 008007, 008006]
4990	8	008002	008006	29	31.0	6.0	0,894	true	[008002, 008000, 008003, 008004, 008001, 008005, 008007, 008006]
4991	8	008002	008006	30	31.0	6.0	0,904	true	[008002, 008000, 008003, 008004, 008001, 008006]
4992	8	008002	008006	31	23.0	6.0	0,876	true	[008002, 008000, 008003, 008004, 008001, 008007, 008006]
4993	8	008002	008006	32	38.0	6.0	0,912	true	[008002, 008000, 008003, 008004, 008006]
4994	8	008002	008006	33	23.0	6.0	0,867	true	[008002, 008000, 008003, 008004, 008007, 008001, 008006]
4995	8	008002	008006	34	32.0	6.0	0,885	true	[008002, 008000, 008003, 008004, 008007, 008005, 008001, 008006]
4996	8	008002	008006	35	38.0	6.0	0,876	true	[008002, 008000, 008003, 008004, 008007, 008006]
4997	8	008002	008006	36	15.0	6.0	0,858	true	[008002, 008000, 008003, 008005, 008001, 008004, 008006]
4998	8	008002	008006	37	15.0	6.0	0,824	true	[008002, 008000, 008003, 008005, 008001, 008004, 008007, 008006]
4999	8	008002	008006	38	15.0	6.0	0,885	true	[008002, 008000, 008003, 008005, 008001, 008006]
5000	8	008002	008006	39	15.0	6.0	0,824	true	[008002, 008000, 008003, 008005, 008001, 008007, 008004, 008006]
5001	8	008002	008006	40	15.0	6.0	0,858	true	[008002, 008000, 008003, 008005, 008001, 008007, 008006]
5002	8	008002	008006	41	15.0	6.0	0,841	true	[008002, 008000, 008003, 008005, 008007, 008001, 008004, 008006]
5003	8	008002	008006	42	15.0	6.0	0,867	true	[008002, 008000, 008003, 008005, 008007, 008001, 008006]
5004	8	008002	008006	43	15.0	6.0	0,832	true	[008002, 008000, 008003, 008005, 008007, 008004, 008001, 008006]
5005	8	008002	008006	44	15.0	6.0	0,841	true	[008002, 008000, 008003, 008005, 008007, 008004, 008006]
5006	8	008002	008006	45	15.0	6.0	0,876	true	[008002, 008000, 008003, 008005, 008007, 008006]
5007	8	008002	008006	46	23.0	6.0	0,859	true	[008002, 008000, 008003, 008007, 008001, 008004, 008006]
5008	8	008002	008006	47	23.0	6.0	0,885	true	[008002, 008000, 008003, 008007, 008001, 008006]
5009	8	008002	008006	48	31.0	6.0	0,850	true	[008002, 008000, 008003, 008007, 008004, 008001, 008006]
5010	8	008002	008006	49	38.0	6.0	0,858	true	[008002, 008000, 008003, 008007, 008004, 008006]
5011	8	008002	008006	50	31.0	6.0	0,876	true	[008002, 008000, 008003, 008007, 008005, 008001, 008004, 008006]
5012	8	008002	008006	51	32.0	6.0	0,903	true	[008002, 008000, 008003, 008007, 008005, 008001, 008006]
5013	8	008002	008006	52	38.0	6.0	0,894	true	[008002, 008000, 008003, 008007, 008006]
5014	8	008002	008006	53	15.0	3.0	0,815	true	[008002, 008000, 008004, 008001, 008003, 008005, 008007, 008006]
5015	8	008002	008006	54	15.0	3.0	0,832	true	[008002, 008000, 008004, 008001, 008003, 008007, 008006]
5016	8	008002	008006	55	15.0	3.0	0,807	true	[008002, 008000, 008004, 008001, 008005, 008003, 008007, 008006]
5017	8	008002	008006	56	15.0	3.0	0,876	true	[008002, 008000, 008004, 008001, 008005, 008007, 008006]
5018	8	008002	008006	57	15.0	3.0	0,885	true	[008002, 008000, 008004, 008001, 008006]
5019	8	008002	008006	58	15.0	3.0	0,858	true	[008002, 008000, 008004, 008001, 008007, 008006]
5020	8	008002	008006	59	15.0	3.0	0,867	true	[008002, 008000, 008004, 008003, 008001, 008005, 008007, 008006]
5021	8	008002	008006	60	15.0	3.0	0,876	true	[008002, 008000, 008004, 008003, 008001, 008006]
5022	8	008002	008006	61	15.0	3.0	0,850	true	[008002, 008000, 008004, 008003, 008001, 008007, 008006]
5023	8	008002	008006	62	15.0	3.0	0,849	true	[008002, 008000, 008004, 008003, 008005, 008001, 008006]
5024	8	008002	008006	63	15.0	3.0	0,824	true	[008002, 008000, 008004, 008003, 008005, 008001, 008007, 008006]
5025	8	008002	008006	64	15.0	3.0	0,832	true	[008002, 008000, 008004, 008003, 008005, 008007, 008001, 008006]
5026	8	008002	008006	65	15.0	3.0	0,840	true	[008002, 008000, 008004, 008003, 008005, 008007, 008006]
5027	8	008002	008006	66	15.0	3.0	0,850	true	[008002, 008000, 008004, 008003, 008007, 008001, 008006]
5028	8	008002	008006	67	15.0	3.0	0,867	true	[008002, 008000, 008004, 008003, 008007, 008005, 008001, 008006]
5029	8	008002	008006	68	15.0	3.0	0,858	true	[008002, 008000, 008004, 008003, 008007, 008006]
5030	8	008002	008006	69	15.0	3.0	0,893	true	[008002, 008000, 008004, 008006]
5031	8	008002	008006	70	15.0	3.0	0,849	true	[008002, 008000, 008004, 008007, 008001, 008006]
5032	8	008002	008006	71	15.0	3.0	0,824	true	[008002, 008000, 008004, 008007, 008003, 008001, 008006]
5033	8	008002	008006	72	15.0	3.0	0,799	true	[008002, 008000, 008004, 008007, 008003, 008005, 008001, 008006]
5034	8	008002	008006	73	15.0	3.0	0,867	true	[008002, 008000, 008004, 008007, 008005, 008001, 008006]
5035	8	008002	008006	74	15.0	3.0	0,807	true	[008002, 008000, 008004, 008007, 008005, 008003, 008001, 008006]
5036	8	008002	008006	75	15.0	3.0	0,858	true	[008002, 008000, 008004, 008007, 008006]
5037	8	008002	008006	76	31.0	6.0	0,885	true	[008002, 008000, 008005, 008001, 008003, 008004, 008006]
5038	8	008002	008006	77	31.0	6.0	0,850	true	[008002, 008000, 008005, 008001, 008003, 008004, 008007, 008006]
5039	8	008002	008006	78	31.0	6.0	0,833	true	[008002, 008000, 008005, 008001, 008003, 008007, 008004, 008006]
5040	8	008002	008006	79	31.0	6.0	0,867	true	[008002, 008000, 008005, 008001, 008003, 008007, 008006]
5041	8	008002	008006	80	31.0	6.0	0,859	true	[008002, 008000, 008005, 008001, 008004, 008003, 008007, 008006]
5042	8	008002	008006	81	31.0	6.0	0,894	true	[008002, 008000, 008005, 008001, 008004, 008006]
5043	8	008002	008006	82	31.0	6.0	0,858	true	[008002, 008000, 008005, 008001, 008004, 008007, 008006]
5044	8	008002	008006	83	31.0	6.0	0,922	true	[008002, 008000, 008005, 008001, 008006]
5045	8	008002	008006	84	23.0	6.0	0,859	true	[008002, 008000, 008005, 008001, 008007, 008003, 008004, 008006]
5046	8	008002	008006	85	23.0	6.0	0,858	true	[008002, 008000, 008005, 008001, 008007, 008004, 008006]
5047	8	008002	008006	86	23.0	6.0	0,894	true	[008002, 008000, 008005, 008001, 008007, 008006]
5048	8	008002	008006	87	15.0	6.0	0,832	true	[008002, 008000, 008005, 008003, 008001, 008004, 008006]
5049	8	008002	008006	88	15.0	6.0	0,799	true	[008002, 008000, 008005, 008003, 008001, 008004, 008007, 008006]
5050	8	008002	008006	89	15.0	6.0	0,858	true	[008002, 008000, 008005, 008003, 008001, 008006]
5051	8	008002	008006	90	15.0	6.0	0,799	true	[008002, 008000, 008005, 008003, 008001, 008007, 008004, 008006]
5052	8	008002	008006	91	15.0	6.0	0,832	true	[008002, 008000, 008005, 008003, 008001, 008007, 008006]
5053	8	008002	008006	92	15.0	6.0	0,850	true	[008002, 008000, 008005, 008003, 008004, 008001, 008006]
5054	8	008002	008006	93	15.0	6.0	0,824	true	[008002, 008000, 008005, 008003, 008004, 008001, 008007, 008006]
5055	8	008002	008006	94	15.0	6.0	0,858	true	[008002, 008000, 008005, 008003, 008004, 008006]
5056	8	008002	008006	95	15.0	6.0	0,816	true	[008002, 008000, 008005, 008003, 008004, 008007, 008001, 008006]
5057	8	008002	008006	96	15.0	6.0	0,824	true	[008002, 008000, 008005, 008003, 008004, 008007, 008006]
5058	8	008002	008006	97	15.0	6.0	0,807	true	[008002, 008000, 008005, 008003, 008007, 008001, 008004, 008006]
5059	8	008002	008006	98	15.0	6.0	0,833	true	[008002, 008000, 008005, 008003, 008007, 008001, 008006]
5060	8	008002	008006	99	15.0	6.0	0,799	true	[008002, 008000, 008005, 008003, 008007, 008004, 008001, 008006]
5061	8	008002	008006	100	15.0	6.0	0,807	true	[008002, 008000, 008005, 008003, 008007, 008004, 008006]
5062	8	008002	008006	101	15.0	6.0	0,841	true	[008002, 008000, 008005, 008003, 008007, 008006]
5063	8	008002	008006	102	5.0	5.0	0,990	true	[008002, 008000, 008006]
5064	9	009002	009007	0	8.0	3.0	0,832	true	[009002, 009000, 009001, 009003, 009004, 009005, 009007]
5065	9	009002	009007	1	7.0	3.0	0,876	true	[009002, 009000, 009001, 009003, 009005, 009007]
5066	9	009002	009007	2	12.0	3.0	0,903	true	[009002, 009000, 009001, 009005, 009007]
5067	9	009002	009007	3	7.0	3.0	0,807	true	[009002, 009000, 009001, 009006, 009004, 009003, 009005, 009007]
5068	9	009002	009007	4	12.0	3.0	0,832	true	[009002, 009000, 009001, 009006, 009004, 009005, 009007]
5069	9	009002	009007	5	12.0	3.0	0,903	true	[009002, 009000, 009001, 009007]
5070	9	009002	009007	6	8.0	3.0	0,858	true	[009002, 009000, 009003, 009001, 009005, 009007]
5071	9	009002	009007	7	8.0	3.0	0,791	true	[009002, 009000, 009003, 009001, 009006, 009004, 009005, 009007]
5072	9	009002	009007	8	8.0	3.0	0,858	true	[009002, 009000, 009003, 009001, 009007]
5073	9	009002	009007	9	12.0	3.0	0,807	true	[009002, 009000, 009003, 009004, 009005, 009001, 009007]
5074	9	009002	009007	10	12.0	3.0	0,841	true	[009002, 009000, 009003, 009004, 009005, 009007]
5075	9	009002	009007	11	12.0	3.0	0,791	true	[009002, 009000, 009003, 009004, 009006, 009001, 009005, 009007]
5076	9	009002	009007	12	12.0	3.0	0,791	true	[009002, 009000, 009003, 009004, 009006, 009001, 009007]
5077	9	009002	009007	13	7.0	3.0	0,849	true	[009002, 009000, 009003, 009005, 009001, 009007]
5078	9	009002	009007	14	7.0	3.0	0,783	true	[009002, 009000, 009003, 009005, 009004, 009006, 009001, 009007]
5079	9	009002	009007	15	7.0	3.0	0,885	true	[009002, 009000, 009003, 009005, 009007]
5080	9	009002	009007	16	8.0	3.0	0,816	true	[009002, 009000, 009004, 009003, 009001, 009005, 009007]
5081	9	009002	009007	17	8.0	3.0	0,815	true	[009002, 009000, 009004, 009003, 009001, 009007]
5082	9	009002	009007	18	7.0	3.0	0,807	true	[009002, 009000, 009004, 009003, 009005, 009001, 009007]
5083	9	009002	009007	19	7.0	3.0	0,841	true	[009002, 009000, 009004, 009003, 009005, 009007]
5084	9	009002	009007	20	12.0	3.0	0,832	true	[009002, 009000, 009004, 009005, 009001, 009007]
5085	9	009002	009007	21	7.0	3.0	0,807	true	[009002, 009000, 009004, 009005, 009003, 009001, 009007]
5086	9	009002	009007	22	12.0	3.0	0,867	true	[009002, 009000, 009004, 009005, 009007]
5087	9	009002	009007	23	7.0	3.0	0,791	true	[009002, 009000, 009004, 009006, 009001, 009003, 009005, 009007]
5088	9	009002	009007	24	12.0	3.0	0,816	true	[009002, 009000, 009004, 009006, 009001, 009005, 009007]
5089	9	009002	009007	25	12.0	3.0	0,815	true	[009002, 009000, 009004, 009006, 009001, 009007]
5090	9	009002	009007	26	12.0	3.0	0,867	true	[009002, 009000, 009005, 009001, 009007]
5091	9	009002	009007	27	7.0	3.0	0,841	true	[009002, 009000, 009005, 009003, 009001, 009007]
5092	9	009002	009007	28	7.0	3.0	0,775	true	[009002, 009000, 009005, 009003, 009004, 009006, 009001, 009007]
5093	9	009002	009007	29	8.0	3.0	0,799	true	[009002, 009000, 009005, 009004, 009003, 009001, 009007]
5094	9	009002	009007	30	12.0	3.0	0,799	true	[009002, 009000, 009005, 009004, 009006, 009001, 009007]
5095	9	009002	009007	31	12.0	3.0	0,903	true	[009002, 009000, 009005, 009007]
5096	9	009002	009007	32	8.0	4.0	0,885	true	[009002, 009001, 009000, 009003, 009004, 009005, 009007]
5097	9	009002	009007	33	7.0	4.0	0,932	true	[009002, 009001, 009000, 009003, 009005, 009007]
5098	9	009002	009007	34	7.0	4.0	0,885	true	[009002, 009001, 009000, 009004, 009003, 009005, 009007]
5099	9	009002	009007	35	8.0	4.0	0,913	true	[009002, 009001, 009000, 009004, 009005, 009007]
5100	9	009002	009007	36	8.0	4.0	0,951	true	[009002, 009001, 009000, 009005, 009007]
5101	9	009002	009007	37	8.0	4.0	0,868	true	[009002, 009001, 009003, 009000, 009004, 009005, 009007]
5102	9	009002	009007	38	8.0	4.0	0,904	true	[009002, 009001, 009003, 009000, 009005, 009007]
5103	9	009002	009007	39	8.0	4.0	0,859	true	[009002, 009001, 009003, 009004, 009000, 009005, 009007]
5104	9	009002	009007	40	8.0	4.0	0,876	true	[009002, 009001, 009003, 009004, 009005, 009007]
5105	9	009002	009007	41	7.0	4.0	0,922	true	[009002, 009001, 009003, 009005, 009007]
5106	9	009002	009007	42	8.0	4.0	0,951	true	[009002, 009001, 009005, 009007]
5107	9	009002	009007	43	7.0	4.0	0,841	true	[009002, 009001, 009006, 009004, 009000, 009003, 009005, 009007]
5108	9	009002	009007	44	8.0	4.0	0,859	true	[009002, 009001, 009006, 009004, 009000, 009005, 009007]
5109	9	009002	009007	45	8.0	4.0	0,833	true	[009002, 009001, 009006, 009004, 009003, 009000, 009005, 009007]
5110	9	009002	009007	46	7.0	4.0	0,850	true	[009002, 009001, 009006, 009004, 009003, 009005, 009007]
5111	9	009002	009007	47	8.0	4.0	0,876	true	[009002, 009001, 009006, 009004, 009005, 009007]
5112	9	009002	009007	48	8.0	6.0	0,950	true	[009002, 009001, 009007]
5113	9	009002	009007	49	7.0	4.0	0,877	true	[009002, 009004, 009000, 009001, 009003, 009005, 009007]
5114	9	009002	009007	50	22.0	4.0	0,904	true	[009002, 009004, 009000, 009001, 009005, 009007]
5115	9	009002	009007	51	22.0	6.0	0,903	true	[009002, 009004, 009000, 009001, 009007]
5116	9	009002	009007	52	8.0	4.0	0,859	true	[009002, 009004, 009000, 009003, 009001, 009005, 009007]
5117	9	009002	009007	53	8.0	4.0	0,858	true	[009002, 009004, 009000, 009003, 009001, 009007]
5118	9	009002	009007	54	7.0	4.0	0,850	true	[009002, 009004, 009000, 009003, 009005, 009001, 009007]
5119	9	009002	009007	55	7.0	4.0	0,886	true	[009002, 009004, 009000, 009003, 009005, 009007]
5120	9	009002	009007	56	22.0	4.0	0,867	true	[009002, 009004, 009000, 009005, 009001, 009007]
5121	9	009002	009007	57	7.0	6.0	0,841	true	[009002, 009004, 009000, 009005, 009003, 009001, 009007]
5122	9	009002	009007	58	22.0	4.0	0,904	true	[009002, 009004, 009000, 009005, 009007]
5123	9	009002	009007	59	19.0	4.0	0,876	true	[009002, 009004, 009003, 009000, 009001, 009005, 009007]
5124	9	009002	009007	60	19.0	4.0	0,876	true	[009002, 009004, 009003, 009000, 009001, 009007]
5125	9	009002	009007	61	19.0	4.0	0,841	true	[009002, 009004, 009003, 009000, 009005, 009001, 009007]
5126	9	009002	009007	62	19.0	4.0	0,876	true	[009002, 009004, 009003, 009000, 009005, 009007]
5127	9	009002	009007	63	8.0	4.0	0,867	true	[009002, 009004, 009003, 009001, 009000, 009005, 009007]
5128	9	009002	009007	64	8.0	4.0	0,867	true	[009002, 009004, 009003, 009001, 009005, 009007]
5129	9	009002	009007	65	8.0	6.0	0,867	true	[009002, 009004, 009003, 009001, 009007]
5130	9	009002	009007	66	7.0	6.0	0,858	true	[009002, 009004, 009003, 009005, 009000, 009001, 009007]
5131	9	009002	009007	67	7.0	4.0	0,858	true	[009002, 009004, 009003, 009005, 009001, 009007]
5132	9	009002	009007	68	7.0	4.0	0,894	true	[009002, 009004, 009003, 009005, 009007]
5133	9	009002	009007	69	40.0	6.0	0,885	true	[009002, 009004, 009005, 009000, 009001, 009007]
5134	9	009002	009007	70	8.0	4.0	0,841	true	[009002, 009004, 009005, 009000, 009003, 009001, 009007]
5135	9	009002	009007	71	54.0	4.0	0,885	true	[009002, 009004, 009005, 009001, 009007]
5136	9	009002	009007	72	7.0	4.0	0,867	true	[009002, 009004, 009005, 009003, 009000, 009001, 009007]
5137	9	009002	009007	73	7.0	6.0	0,858	true	[009002, 009004, 009005, 009003, 009001, 009007]
5138	9	009002	009007	74	33.0	4.0	0,922	true	[009002, 009004, 009005, 009007]
5139	9	009002	009007	75	7.0	4.0	0,850	true	[009002, 009004, 009006, 009001, 009000, 009003, 009005, 009007]
5140	9	009002	009007	76	33.0	4.0	0,867	true	[009002, 009004, 009006, 009001, 009000, 009005, 009007]
5141	9	009002	009007	77	8.0	4.0	0,825	true	[009002, 009004, 009006, 009001, 009003, 009000, 009005, 009007]
5142	9	009002	009007	78	7.0	4.0	0,841	true	[009002, 009004, 009006, 009001, 009003, 009005, 009007]
5143	9	009002	009007	79	33.0	4.0	0,867	true	[009002, 009004, 009006, 009001, 009005, 009007]
5144	9	009002	009007	80	36.0	6.0	0,867	true	[009002, 009004, 009006, 009001, 009007]
5145	9	009002	009007	81	10.0	7.0	0,960	true	[009002, 009007]
5146	9	009002	009005	82	8.0	3.0	0,858	true	[009002, 009000, 009001, 009003, 009004, 009005]
5147	9	009002	009005	83	7.0	3.0	0,903	true	[009002, 009000, 009001, 009003, 009005]
5148	9	009002	009005	84	12.0	3.0	0,931	true	[009002, 009000, 009001, 009005]
5149	9	009002	009005	85	7.0	3.0	0,832	true	[009002, 009000, 009001, 009006, 009004, 009003, 009005]
5150	9	009002	009005	86	12.0	3.0	0,858	true	[009002, 009000, 009001, 009006, 009004, 009005]
5151	9	009002	009005	87	12.0	3.0	0,875	true	[009002, 009000, 009001, 009007, 009005]
5152	9	009002	009005	88	8.0	3.0	0,885	true	[009002, 009000, 009003, 009001, 009005]
5153	9	009002	009005	89	8.0	3.0	0,816	true	[009002, 009000, 009003, 009001, 009006, 009004, 009005]
5154	9	009002	009005	90	8.0	3.0	0,832	true	[009002, 009000, 009003, 009001, 009007, 009005]
5155	9	009002	009005	91	12.0	3.0	0,867	true	[009002, 009000, 009003, 009004, 009005]
5156	9	009002	009005	92	12.0	3.0	0,816	true	[009002, 009000, 009003, 009004, 009006, 009001, 009005]
5157	9	009002	009005	93	12.0	3.0	0,767	true	[009002, 009000, 009003, 009004, 009006, 009001, 009007, 009005]
5158	9	009002	009005	94	7.0	3.0	0,912	true	[009002, 009000, 009003, 009005]
5159	9	009002	009005	95	8.0	3.0	0,841	true	[009002, 009000, 009004, 009003, 009001, 009005]
5160	9	009002	009005	96	8.0	3.0	0,791	true	[009002, 009000, 009004, 009003, 009001, 009007, 009005]
5161	9	009002	009005	97	7.0	3.0	0,867	true	[009002, 009000, 009004, 009003, 009005]
5162	9	009002	009005	98	12.0	3.0	0,894	true	[009002, 009000, 009004, 009005]
5163	9	009002	009005	99	7.0	3.0	0,816	true	[009002, 009000, 009004, 009006, 009001, 009003, 009005]
5164	9	009002	009005	100	12.0	3.0	0,841	true	[009002, 009000, 009004, 009006, 009001, 009005]
5165	9	009002	009005	101	12.0	3.0	0,931	true	[009002, 009000, 009005]
5166	10	010000	010002	0	9.0	5.0	0,885	true	[010000, 010004, 010001, 010002]
5167	10	010000	010002	1	9.0	4.0	0,858	true	[010000, 010004, 010001, 010003, 010002]
5168	10	010000	010002	2	9.0	3.0	0,832	true	[010000, 010004, 010001, 010003, 010006, 010002]
5169	10	010000	010002	3	9.0	3.0	0,824	true	[010000, 010004, 010001, 010003, 010006, 010005, 010002]
5170	10	010000	010002	4	55.0	4.0	0,912	true	[010000, 010004, 010002]
5171	10	010000	010002	5	55.0	3.0	0,912	true	[010000, 010004, 010005, 010002]
5172	10	010000	010002	6	47.0	3.0	0,832	true	[010000, 010004, 010005, 010006, 010002]
5173	10	010000	010002	7	37.0	5.0	0,783	true	[010000, 010004, 010005, 010006, 010003, 010001, 010002]
5174	10	010000	010002	8	47.0	4.0	0,824	true	[010000, 010004, 010005, 010006, 010003, 010002]
5175	10	010000	010002	9	55.0	3.0	0,894	true	[010000, 010004, 010006, 010002]
5176	10	010000	010002	10	37.0	5.0	0,841	true	[010000, 010004, 010006, 010003, 010001, 010002]
5177	10	010000	010002	11	55.0	4.0	0,885	true	[010000, 010004, 010006, 010003, 010002]
5178	10	010000	010002	12	47.0	3.0	0,885	true	[010000, 010004, 010006, 010005, 010002]
5179	10	010000	010002	13	16.0	3.0	0,903	true	[010000, 010004, 010007, 010002]
5180	10	010000	010002	14	71.0	3.0	0,912	true	[010000, 010006, 010002]
5181	10	010000	010002	15	37.0	7.0	0,858	true	[010000, 010006, 010003, 010001, 010002]
5182	10	010000	010002	16	9.0	4.0	0,815	true	[010000, 010006, 010003, 010001, 010004, 010002]
5183	10	010000	010002	17	9.0	3.0	0,815	true	[010000, 010006, 010003, 010001, 010004, 010005, 010002]
5184	10	010000	010002	18	9.0	3.0	0,807	true	[010000, 010006, 010003, 010001, 010004, 010007, 010002]
5185	10	010000	010002	19	59.0	4.0	0,903	true	[010000, 010006, 010003, 010002]
5186	10	010000	010002	20	9.0	7.0	0,849	true	[010000, 010006, 010004, 010001, 010002]
5187	10	010000	010002	21	9.0	4.0	0,824	true	[010000, 010006, 010004, 010001, 010003, 010002]
5188	10	010000	010002	22	65.0	4.0	0,875	true	[010000, 010006, 010004, 010002]
5189	10	010000	010002	23	55.0	3.0	0,875	true	[010000, 010006, 010004, 010005, 010002]
5190	10	010000	010002	24	16.0	3.0	0,867	true	[010000, 010006, 010004, 010007, 010002]
5191	10	010000	010002	25	47.0	3.0	0,903	true	[010000, 010006, 010005, 010002]
5192	10	010000	010002	26	9.0	5.0	0,790	true	[010000, 010006, 010005, 010004, 010001, 010002]
5193	10	010000	010002	27	9.0	4.0	0,766	true	[010000, 010006, 010005, 010004, 010001, 010003, 010002]
5194	10	010000	010002	28	47.0	4.0	0,815	true	[010000, 010006, 010005, 010004, 010002]
5195	10	010000	010002	29	16.0	3.0	0,806	true	[010000, 010006, 010005, 010004, 010007, 010002]
5196	10	010000	010002	30	29.0	4.0	0,941	true	[010000, 010007, 010002]
5197	10	010000	010002	31	9.0	3.0	0,903	true	[010000, 010007, 010004, 010001, 010002]
5198	10	010000	010002	32	9.0	3.0	0,876	true	[010000, 010007, 010004, 010001, 010003, 010002]
5199	10	010000	010002	33	9.0	3.0	0,850	true	[010000, 010007, 010004, 010001, 010003, 010006, 010002]
5200	10	010000	010002	34	9.0	3.0	0,841	true	[010000, 010007, 010004, 010001, 010003, 010006, 010005, 010002]
5201	10	010000	010002	35	16.0	3.0	0,931	true	[010000, 010007, 010004, 010002]
5202	10	010000	010002	36	16.0	3.0	0,931	true	[010000, 010007, 010004, 010005, 010002]
5203	10	010000	010002	37	16.0	3.0	0,849	true	[010000, 010007, 010004, 010005, 010006, 010002]
5204	10	010000	010002	38	16.0	3.0	0,799	true	[010000, 010007, 010004, 010005, 010006, 010003, 010001, 010002]
5205	10	010000	010002	39	16.0	3.0	0,841	true	[010000, 010007, 010004, 010005, 010006, 010003, 010002]
5206	10	010000	010002	40	16.0	3.0	0,913	true	[010000, 010007, 010004, 010006, 010002]
5207	10	010000	010002	41	16.0	3.0	0,859	true	[010000, 010007, 010004, 010006, 010003, 010001, 010002]
5208	10	010000	010002	42	16.0	3.0	0,904	true	[010000, 010007, 010004, 010006, 010003, 010002]
5209	10	010000	010002	43	16.0	3.0	0,903	true	[010000, 010007, 010004, 010006, 010005, 010002]
5210	10	010000	010004	44	55.0	5.0	0,960	true	[010000, 010004]
5211	10	010000	010004	45	9.0	3.0	0,840	true	[010000, 010006, 010002, 010001, 010004]
5212	10	010000	010004	46	9.0	3.0	0,815	true	[010000, 010006, 010002, 010003, 010001, 010004]
5213	10	010000	010004	47	65.0	3.0	0,866	true	[010000, 010006, 010002, 010004]
5214	10	010000	010004	48	55.0	3.0	0,866	true	[010000, 010006, 010002, 010005, 010004]
5215	10	010000	010004	49	16.0	3.0	0,858	true	[010000, 010006, 010002, 010007, 010004]
5216	10	010000	010004	50	37.0	4.0	0,815	true	[010000, 010006, 010003, 010001, 010002, 010004]
5217	10	010000	010004	51	37.0	3.0	0,815	true	[010000, 010006, 010003, 010001, 010002, 010005, 010004]
5218	10	010000	010004	52	16.0	3.0	0,807	true	[010000, 010006, 010003, 010001, 010002, 010007, 010004]
5219	10	010000	010004	53	9.0	7.0	0,858	true	[010000, 010006, 010003, 010001, 010004]
5220	10	010000	010004	54	9.0	4.0	0,832	true	[010000, 010006, 010003, 010002, 010001, 010004]
5221	10	010000	010004	55	59.0	4.0	0,858	true	[010000, 010006, 010003, 010002, 010004]
5222	10	010000	010004	56	55.0	3.0	0,858	true	[010000, 010006, 010003, 010002, 010005, 010004]
5223	10	010000	010004	57	16.0	3.0	0,849	true	[010000, 010006, 010003, 010002, 010007, 010004]
5224	10	010000	010004	58	71.0	7.0	0,922	true	[010000, 010006, 010004]
5225	10	010000	010004	59	9.0	3.0	0,832	true	[010000, 010006, 010005, 010002, 010001, 010004]
5226	10	010000	010004	60	9.0	3.0	0,807	true	[010000, 010006, 010005, 010002, 010003, 010001, 010004]
5227	10	010000	010004	61	47.0	3.0	0,857	true	[010000, 010006, 010005, 010002, 010004]
5228	10	010000	010004	62	16.0	3.0	0,849	true	[010000, 010006, 010005, 010002, 010007, 010004]
5229	10	010000	010004	63	47.0	5.0	0,857	true	[010000, 010006, 010005, 010004]
5230	10	010000	010004	64	29.0	4.0	0,824	true	[010000, 010007, 010002, 010001, 010003, 010006, 010004]
5231	10	010000	010004	65	29.0	4.0	0,767	true	[010000, 010007, 010002, 010001, 010003, 010006, 010005, 010004]
5232	10	010000	010004	66	9.0	4.0	0,867	true	[010000, 010007, 010002, 010001, 010004]
5233	10	010000	010004	67	9.0	4.0	0,841	true	[010000, 010007, 010002, 010003, 010001, 010004]
5234	10	010000	010004	68	29.0	4.0	0,867	true	[010000, 010007, 010002, 010003, 010006, 010004]
5235	10	010000	010004	69	29.0	4.0	0,807	true	[010000, 010007, 010002, 010003, 010006, 010005, 010004]
5236	10	010000	010004	70	29.0	4.0	0,893	true	[010000, 010007, 010002, 010004]
5237	10	010000	010004	71	29.0	3.0	0,893	true	[010000, 010007, 010002, 010005, 010004]
5238	10	010000	010004	72	9.0	3.0	0,807	true	[010000, 010007, 010002, 010005, 010006, 010003, 010001, 010004]
5239	10	010000	010004	73	29.0	3.0	0,867	true	[010000, 010007, 010002, 010005, 010006, 010004]
5240	10	010000	010004	74	9.0	3.0	0,815	true	[010000, 010007, 010002, 010006, 010003, 010001, 010004]
5241	10	010000	010004	75	29.0	3.0	0,876	true	[010000, 010007, 010002, 010006, 010004]
5242	10	010000	010004	76	29.0	3.0	0,815	true	[010000, 010007, 010002, 010006, 010005, 010004]
5243	10	010000	010004	77	16.0	3.0	0,980	true	[010000, 010007, 010004]
5244	10	010000	010007	78	9.0	4.0	0,840	true	[010000, 010004, 010001, 010002, 010007]
5245	10	010000	010007	79	9.0	4.0	0,815	true	[010000, 010004, 010001, 010003, 010002, 010007]
5246	10	010000	010007	80	9.0	3.0	0,791	true	[010000, 010004, 010001, 010003, 010006, 010002, 010007]
5247	10	010000	010007	81	9.0	3.0	0,783	true	[010000, 010004, 010001, 010003, 010006, 010005, 010002, 010007]
5248	10	010000	010007	82	29.0	4.0	0,866	true	[010000, 010004, 010002, 010007]
5249	10	010000	010007	83	29.0	3.0	0,866	true	[010000, 010004, 010005, 010002, 010007]
5250	10	010000	010007	84	29.0	3.0	0,790	true	[010000, 010004, 010005, 010006, 010002, 010007]
5251	10	010000	010007	85	29.0	4.0	0,743	true	[010000, 010004, 010005, 010006, 010003, 010001, 010002, 010007]
5252	10	010000	010007	86	29.0	4.0	0,782	true	[010000, 010004, 010005, 010006, 010003, 010002, 010007]
5253	10	010000	010007	87	29.0	3.0	0,849	true	[010000, 010004, 010006, 010002, 010007]
5254	10	010000	010007	88	29.0	4.0	0,799	true	[010000, 010004, 010006, 010003, 010001, 010002, 010007]
5255	10	010000	010007	89	29.0	4.0	0,841	true	[010000, 010004, 010006, 010003, 010002, 010007]
5256	10	010000	010007	90	29.0	3.0	0,840	true	[010000, 010004, 010006, 010005, 010002, 010007]
5257	10	010000	010007	91	16.0	3.0	0,950	true	[010000, 010004, 010007]
5258	10	010000	010007	92	9.0	3.0	0,832	true	[010000, 010006, 010002, 010001, 010004, 010007]
5259	10	010000	010007	93	9.0	3.0	0,807	true	[010000, 010006, 010002, 010003, 010001, 010004, 010007]
5260	10	010000	010007	94	16.0	3.0	0,858	true	[010000, 010006, 010002, 010004, 010007]
5261	10	010000	010007	95	16.0	3.0	0,858	true	[010000, 010006, 010002, 010005, 010004, 010007]
5262	10	010000	010007	96	29.0	3.0	0,866	true	[010000, 010006, 010002, 010007]
5263	10	010000	010007	97	16.0	3.0	0,807	true	[010000, 010006, 010003, 010001, 010002, 010004, 010007]
5264	10	010000	010007	98	16.0	3.0	0,807	true	[010000, 010006, 010003, 010001, 010002, 010005, 010004, 010007]
5265	10	010000	010007	99	29.0	4.0	0,815	true	[010000, 010006, 010003, 010001, 010002, 010007]
5266	10	010000	010007	100	9.0	4.0	0,774	true	[010000, 010006, 010003, 010001, 010004, 010002, 010007]
5267	10	010000	010007	101	9.0	3.0	0,849	true	[010000, 010006, 010003, 010001, 010004, 010007]
5268	10	010000	010007	102	75.0	7.0	0,990	true	[010000, 010007]
5269	11	011000	011001	0	16.0	5.0	0,950	true	[011000, 011001]
5270	11	011000	011001	1	30.0	7.0	0,970	true	[011000, 011003, 011001]
5271	11	011000	011001	2	24.0	6.0	0,970	true	[011000, 011003, 011002, 011001]
5272	11	011000	011001	3	19.0	5.0	0,922	true	[011000, 011003, 011002, 011005, 011001]
5273	11	011000	011001	4	28.0	3.0	0,858	true	[011000, 011003, 011002, 011005, 011004, 011007, 011006, 011001]
5274	11	011000	011001	5	19.0	5.0	0,990	true	[011000, 011003, 011005, 011001]
5275	11	011000	011001	6	24.0	5.0	0,941	true	[011000, 011003, 011005, 011002, 011001]
5276	11	011000	011001	7	28.0	3.0	0,922	true	[011000, 011003, 011005, 011004, 011007, 011006, 011001]
5277	11	011000	011001	8	30.0	3.0	0,990	true	[011000, 011003, 011006, 011001]
5278	11	011000	011001	9	19.0	3.0	0,922	true	[011000, 011003, 011006, 011007, 011004, 011005, 011001]
5279	11	011000	011001	10	24.0	3.0	0,876	true	[011000, 011003, 011006, 011007, 011004, 011005, 011002, 011001]
5280	11	011000	011001	11	18.0	3.0	0,922	true	[011000, 011003, 011007, 011004, 011005, 011001]
5281	11	011000	011001	12	18.0	3.0	0,876	true	[011000, 011003, 011007, 011004, 011005, 011002, 011001]
5282	11	011000	011001	13	18.0	3.0	0,970	true	[011000, 011003, 011007, 011006, 011001]
5283	11	011000	011001	14	19.0	3.0	0,950	true	[011000, 011004, 011005, 011001]
5284	11	011000	011001	15	24.0	3.0	0,903	true	[011000, 011004, 011005, 011002, 011001]
5285	11	011000	011001	16	36.0	3.0	0,867	true	[011000, 011004, 011005, 011002, 011003, 011001]
5286	11	011000	011001	17	36.0	3.0	0,885	true	[011000, 011004, 011005, 011002, 011003, 011006, 011001]
5287	11	011000	011001	18	18.0	3.0	0,867	true	[011000, 011004, 011005, 011002, 011003, 011007, 011006, 011001]
5288	11	011000	011001	19	36.0	3.0	0,931	true	[011000, 011004, 011005, 011003, 011001]
5289	11	011000	011001	20	24.0	3.0	0,931	true	[011000, 011004, 011005, 011003, 011002, 011001]
5290	11	011000	011001	21	36.0	3.0	0,950	true	[011000, 011004, 011005, 011003, 011006, 011001]
5291	11	011000	011001	22	18.0	3.0	0,931	true	[011000, 011004, 011005, 011003, 011007, 011006, 011001]
5292	11	011000	011001	23	18.0	3.0	0,941	true	[011000, 011004, 011007, 011003, 011001]
5293	11	011000	011001	24	18.0	3.0	0,941	true	[011000, 011004, 011007, 011003, 011002, 011001]
5294	11	011000	011001	25	18.0	3.0	0,894	true	[011000, 011004, 011007, 011003, 011002, 011005, 011001]
5295	11	011000	011001	26	18.0	3.0	0,960	true	[011000, 011004, 011007, 011003, 011005, 011001]
5296	11	011000	011001	27	18.0	3.0	0,912	true	[011000, 011004, 011007, 011003, 011005, 011002, 011001]
5297	11	011000	011001	28	18.0	3.0	0,960	true	[011000, 011004, 011007, 011003, 011006, 011001]
5298	11	011000	011001	29	28.0	3.0	0,960	true	[011000, 011004, 011007, 011006, 011001]
5299	11	011000	011001	30	28.0	3.0	0,941	true	[011000, 011004, 011007, 011006, 011003, 011001]
5300	11	011000	011001	31	24.0	3.0	0,941	true	[011000, 011004, 011007, 011006, 011003, 011002, 011001]
5301	11	011000	011001	32	19.0	3.0	0,894	true	[011000, 011004, 011007, 011006, 011003, 011002, 011005, 011001]
5302	11	011000	011001	33	19.0	3.0	0,960	true	[011000, 011004, 011007, 011006, 011003, 011005, 011001]
5303	11	011000	011001	34	24.0	3.0	0,912	true	[011000, 011004, 011007, 011006, 011003, 011005, 011002, 011001]
5304	11	011000	011001	35	19.0	5.0	1,000	true	[011000, 011005, 011001]
5305	11	011000	011001	36	24.0	6.0	0,950	true	[011000, 011005, 011002, 011001]
5306	11	011000	011001	37	41.0	6.0	0,912	true	[011000, 011005, 011002, 011003, 011001]
5307	11	011000	011001	38	41.0	3.0	0,931	true	[011000, 011005, 011002, 011003, 011006, 011001]
5308	11	011000	011001	39	18.0	3.0	0,912	true	[011000, 011005, 011002, 011003, 011007, 011006, 011001]
5309	11	011000	011001	40	41.0	5.0	0,980	true	[011000, 011005, 011003, 011001]
5310	11	011000	011001	41	24.0	5.0	0,980	true	[011000, 011005, 011003, 011002, 011001]
5311	11	011000	011001	42	41.0	3.0	1,000	true	[011000, 011005, 011003, 011006, 011001]
5312	11	011000	011001	43	18.0	3.0	0,980	true	[011000, 011005, 011003, 011007, 011006, 011001]
5313	11	011000	011001	44	18.0	3.0	0,913	true	[011000, 011005, 011004, 011007, 011003, 011001]
5314	11	011000	011001	45	18.0	3.0	0,913	true	[011000, 011005, 011004, 011007, 011003, 011002, 011001]
5315	11	011000	011001	46	18.0	3.0	0,931	true	[011000, 011005, 011004, 011007, 011003, 011006, 011001]
5316	11	011000	011001	47	28.0	3.0	0,931	true	[011000, 011005, 011004, 011007, 011006, 011001]
5317	11	011000	011001	48	28.0	3.0	0,913	true	[011000, 011005, 011004, 011007, 011006, 011003, 011001]
5318	11	011000	011001	49	24.0	3.0	0,913	true	[011000, 011005, 011004, 011007, 011006, 011003, 011002, 011001]
5319	11	011000	011001	50	16.0	3.0	0,960	true	[011000, 011006, 011001]
5320	11	011000	011001	51	16.0	5.0	0,941	true	[011000, 011006, 011003, 011001]
5321	11	011000	011001	52	16.0	5.0	0,941	true	[011000, 011006, 011003, 011002, 011001]
5322	11	011000	011001	53	16.0	5.0	0,894	true	[011000, 011006, 011003, 011002, 011005, 011001]
5323	11	011000	011001	54	16.0	5.0	0,960	true	[011000, 011006, 011003, 011005, 011001]
5324	11	011000	011001	55	16.0	5.0	0,912	true	[011000, 011006, 011003, 011005, 011002, 011001]
5325	11	011000	011001	56	16.0	3.0	0,894	true	[011000, 011006, 011003, 011007, 011004, 011005, 011001]
5326	11	011000	011001	57	16.0	3.0	0,849	true	[011000, 011006, 011003, 011007, 011004, 011005, 011002, 011001]
5327	11	011000	011001	58	16.0	5.0	0,922	true	[011000, 011006, 011007, 011003, 011001]
5328	11	011000	011001	59	16.0	5.0	0,922	true	[011000, 011006, 011007, 011003, 011002, 011001]
5329	11	011000	011001	60	16.0	5.0	0,876	true	[011000, 011006, 011007, 011003, 011002, 011005, 011001]
5330	11	011000	011001	61	16.0	5.0	0,941	true	[011000, 011006, 011007, 011003, 011005, 011001]
5331	11	011000	011001	62	16.0	5.0	0,894	true	[011000, 011006, 011007, 011003, 011005, 011002, 011001]
5332	11	011000	011001	63	16.0	3.0	0,894	true	[011000, 011006, 011007, 011004, 011005, 011001]
5333	11	011000	011001	64	16.0	3.0	0,849	true	[011000, 011006, 011007, 011004, 011005, 011002, 011001]
5334	11	011000	011001	65	16.0	3.0	0,816	true	[011000, 011006, 011007, 011004, 011005, 011002, 011003, 011001]
5335	11	011000	011001	66	16.0	3.0	0,876	true	[011000, 011006, 011007, 011004, 011005, 011003, 011001]
5336	11	011000	011001	67	16.0	3.0	0,876	true	[011000, 011006, 011007, 011004, 011005, 011003, 011002, 011001]
5337	11	011000	011005	68	16.0	5.0	0,931	true	[011000, 011001, 011002, 011003, 011005]
5338	11	011000	011005	69	16.0	3.0	0,867	true	[011000, 011001, 011002, 011003, 011006, 011007, 011004, 011005]
5339	11	011000	011005	70	16.0	3.0	0,867	true	[011000, 011001, 011002, 011003, 011007, 011004, 011005]
5340	11	011000	011005	71	16.0	5.0	0,903	true	[011000, 011001, 011002, 011005]
5341	11	011000	011005	72	16.0	5.0	0,867	true	[011000, 011001, 011003, 011002, 011005]
5342	11	011000	011005	73	16.0	5.0	0,931	true	[011000, 011001, 011003, 011005]
5343	11	011000	011005	74	16.0	3.0	0,867	true	[011000, 011001, 011003, 011006, 011007, 011004, 011005]
5344	11	011000	011005	75	16.0	3.0	0,867	true	[011000, 011001, 011003, 011007, 011004, 011005]
5345	11	011000	011005	76	16.0	5.0	0,950	true	[011000, 011001, 011005]
5346	11	011000	011005	77	16.0	3.0	0,884	true	[011000, 011001, 011006, 011003, 011002, 011005]
5347	11	011000	011005	78	16.0	3.0	0,950	true	[011000, 011001, 011006, 011003, 011005]
5348	11	011000	011005	79	16.0	3.0	0,885	true	[011000, 011001, 011006, 011003, 011007, 011004, 011005]
5349	11	011000	011005	80	16.0	3.0	0,867	true	[011000, 011001, 011006, 011007, 011003, 011002, 011005]
5350	11	011000	011005	81	16.0	3.0	0,931	true	[011000, 011001, 011006, 011007, 011003, 011005]
5351	11	011000	011005	82	16.0	3.0	0,885	true	[011000, 011001, 011006, 011007, 011004, 011005]
5352	11	011000	011005	83	24.0	7.0	0,922	true	[011000, 011003, 011001, 011002, 011005]
5353	11	011000	011005	84	19.0	5.0	0,970	true	[011000, 011003, 011001, 011005]
5354	11	011000	011005	85	28.0	3.0	0,904	true	[011000, 011003, 011001, 011006, 011007, 011004, 011005]
5355	11	011000	011005	86	19.0	5.0	0,970	true	[011000, 011003, 011002, 011001, 011005]
5356	11	011000	011005	87	24.0	3.0	0,904	true	[011000, 011003, 011002, 011001, 011006, 011007, 011004, 011005]
5357	11	011000	011005	88	30.0	6.0	0,922	true	[011000, 011003, 011002, 011005]
5358	11	011000	011005	89	30.0	5.0	0,990	true	[011000, 011003, 011005]
5359	11	011000	011005	90	24.0	3.0	0,941	true	[011000, 011003, 011006, 011001, 011002, 011005]
5360	11	011000	011005	91	19.0	3.0	0,990	true	[011000, 011003, 011006, 011001, 011005]
5361	11	011000	011005	92	28.0	3.0	0,922	true	[011000, 011003, 011006, 011007, 011004, 011005]
5362	11	011000	011005	93	18.0	3.0	0,922	true	[011000, 011003, 011007, 011004, 011005]
5363	11	011000	011005	94	18.0	3.0	0,922	true	[011000, 011003, 011007, 011006, 011001, 011002, 011005]
5364	11	011000	011005	95	18.0	3.0	0,970	true	[011000, 011003, 011007, 011006, 011001, 011005]
5365	11	011000	011005	96	36.0	3.0	0,950	true	[011000, 011004, 011005]
5366	11	011000	011005	97	18.0	3.0	0,894	true	[011000, 011004, 011007, 011003, 011001, 011002, 011005]
5367	11	011000	011005	98	18.0	3.0	0,941	true	[011000, 011004, 011007, 011003, 011001, 011005]
5368	11	011000	011005	99	18.0	3.0	0,941	true	[011000, 011004, 011007, 011003, 011002, 011001, 011005]
5369	11	011000	011005	100	18.0	3.0	0,894	true	[011000, 011004, 011007, 011003, 011002, 011005]
5370	11	011000	011005	101	18.0	3.0	0,960	true	[011000, 011004, 011007, 011003, 011005]
5371	11	011000	011005	102	41.0	6.0	1,000	true	[011000, 011005]
5372	12	012006	012002	0	5.0	5.0	0,808	true	[012006, 012000, 012001, 012003, 012004, 012007, 012005, 012002]
5373	12	012006	012002	1	16.0	5.0	0,841	true	[012006, 012000, 012001, 012003, 012005, 012002]
5374	12	012006	012002	2	5.0	5.0	0,816	true	[012006, 012000, 012001, 012003, 012007, 012005, 012002]
5375	12	012006	012002	3	15.0	5.0	0,824	true	[012006, 012000, 012001, 012004, 012003, 012005, 012002]
5376	12	012006	012002	4	5.0	5.0	0,799	true	[012006, 012000, 012001, 012004, 012003, 012007, 012005, 012002]
5377	12	012006	012002	5	16.0	5.0	0,783	true	[012006, 012000, 012001, 012004, 012007, 012003, 012005, 012002]
5378	12	012006	012002	6	5.0	5.0	0,824	true	[012006, 012000, 012001, 012004, 012007, 012005, 012002]
5379	12	012006	012002	7	8.0	5.0	0,903	true	[012006, 012000, 012001, 012005, 012002]
5380	12	012006	012002	8	25.0	5.0	0,970	true	[012006, 012000, 012002]
5381	12	012006	012002	9	5.0	5.0	0,824	true	[012006, 012000, 012003, 012001, 012004, 012007, 012005, 012002]
5382	12	012006	012002	10	8.0	5.0	0,903	true	[012006, 012000, 012003, 012001, 012005, 012002]
5383	12	012006	012002	11	8.0	5.0	0,885	true	[012006, 012000, 012003, 012004, 012001, 012005, 012002]
5384	12	012006	012002	12	5.0	5.0	0,858	true	[012006, 012000, 012003, 012004, 012007, 012005, 012002]
5385	12	012006	012002	13	16.0	5.0	0,894	true	[012006, 012000, 012003, 012005, 012002]
5386	12	012006	012002	14	8.0	5.0	0,841	true	[012006, 012000, 012003, 012007, 012004, 012001, 012005, 012002]
5387	12	012006	012002	15	5.0	5.0	0,867	true	[012006, 012000, 012003, 012007, 012005, 012002]
5388	12	012006	012002	16	16.0	5.0	0,824	true	[012006, 012000, 012004, 012001, 012003, 012005, 012002]
5389	12	012006	012002	17	5.0	5.0	0,799	true	[012006, 012000, 012004, 012001, 012003, 012007, 012005, 012002]
5390	12	012006	012002	18	8.0	5.0	0,885	true	[012006, 012000, 012004, 012001, 012005, 012002]
5391	12	012006	012002	19	8.0	5.0	0,867	true	[012006, 012000, 012004, 012003, 012001, 012005, 012002]
5392	12	012006	012002	20	15.0	5.0	0,858	true	[012006, 012000, 012004, 012003, 012005, 012002]
5393	12	012006	012002	21	5.0	5.0	0,833	true	[012006, 012000, 012004, 012003, 012007, 012005, 012002]
5394	12	012006	012002	22	8.0	5.0	0,824	true	[012006, 012000, 012004, 012007, 012003, 012001, 012005, 012002]
5395	12	012006	012002	23	16.0	5.0	0,816	true	[012006, 012000, 012004, 012007, 012003, 012005, 012002]
5396	12	012006	012002	24	5.0	5.0	0,858	true	[012006, 012000, 012004, 012007, 012005, 012002]
5397	12	012006	012002	25	25.0	3.0	0,960	true	[012006, 012001, 012000, 012002]
5398	12	012006	012002	26	5.0	3.0	0,850	true	[012006, 012001, 012000, 012003, 012004, 012007, 012005, 012002]
5399	12	012006	012002	27	16.0	3.0	0,885	true	[012006, 012001, 012000, 012003, 012005, 012002]
5400	12	012006	012002	28	5.0	3.0	0,858	true	[012006, 012001, 012000, 012003, 012007, 012005, 012002]
5401	12	012006	012002	29	15.0	3.0	0,850	true	[012006, 012001, 012000, 012004, 012003, 012005, 012002]
5402	12	012006	012002	30	5.0	3.0	0,824	true	[012006, 012001, 012000, 012004, 012003, 012007, 012005, 012002]
5403	12	012006	012002	31	16.0	3.0	0,807	true	[012006, 012001, 012000, 012004, 012007, 012003, 012005, 012002]
5404	12	012006	012002	32	5.0	3.0	0,850	true	[012006, 012001, 012000, 012004, 012007, 012005, 012002]
5405	12	012006	012002	33	25.0	3.0	0,960	true	[012006, 012001, 012003, 012000, 012002]
5406	12	012006	012002	34	5.0	3.0	0,850	true	[012006, 012001, 012003, 012000, 012004, 012007, 012005, 012002]
5407	12	012006	012002	35	15.0	3.0	0,922	true	[012006, 012001, 012003, 012004, 012000, 012002]
5408	12	012006	012002	36	5.0	3.0	0,850	true	[012006, 012001, 012003, 012004, 012007, 012005, 012002]
5409	12	012006	012002	37	16.0	3.0	0,885	true	[012006, 012001, 012003, 012005, 012002]
5410	12	012006	012002	38	5.0	3.0	0,850	true	[012006, 012001, 012003, 012005, 012007, 012004, 012000, 012002]
5411	12	012006	012002	39	25.0	3.0	0,876	true	[012006, 012001, 012003, 012007, 012004, 012000, 012002]
5412	12	012006	012002	40	5.0	3.0	0,858	true	[012006, 012001, 012003, 012007, 012005, 012002]
5413	12	012006	012002	41	25.0	3.0	0,941	true	[012006, 012001, 012004, 012000, 012002]
5414	12	012006	012002	42	16.0	3.0	0,867	true	[012006, 012001, 012004, 012000, 012003, 012005, 012002]
5415	12	012006	012002	43	5.0	3.0	0,841	true	[012006, 012001, 012004, 012000, 012003, 012007, 012005, 012002]
5416	12	012006	012002	44	15.0	3.0	0,941	true	[012006, 012001, 012004, 012003, 012000, 012002]
5417	12	012006	012002	45	15.0	3.0	0,867	true	[012006, 012001, 012004, 012003, 012005, 012002]
5418	12	012006	012002	46	5.0	3.0	0,841	true	[012006, 012001, 012004, 012003, 012007, 012005, 012002]
5419	12	012006	012002	47	25.0	3.0	0,894	true	[012006, 012001, 012004, 012007, 012003, 012000, 012002]
5420	12	012006	012002	48	16.0	3.0	0,824	true	[012006, 012001, 012004, 012007, 012003, 012005, 012002]
5421	12	012006	012002	49	5.0	3.0	0,867	true	[012006, 012001, 012004, 012007, 012005, 012002]
5422	12	012006	012002	50	5.0	3.0	0,867	true	[012006, 012001, 012004, 012007, 012005, 012003, 012000, 012002]
5423	12	012006	012002	51	8.0	3.0	0,950	true	[012006, 012001, 012005, 012002]
5424	12	012006	012002	52	8.0	3.0	0,950	true	[012006, 012001, 012005, 012003, 012000, 012002]
5425	12	012006	012002	53	8.0	3.0	0,913	true	[012006, 012001, 012005, 012003, 012004, 012000, 012002]
5426	12	012006	012002	54	8.0	3.0	0,867	true	[012006, 012001, 012005, 012003, 012007, 012004, 012000, 012002]
5427	12	012006	012002	55	5.0	3.0	0,922	true	[012006, 012001, 012005, 012007, 012003, 012000, 012002]
5428	12	012006	012002	56	5.0	3.0	0,885	true	[012006, 012001, 012005, 012007, 012003, 012004, 012000, 012002]
5429	12	012006	012002	57	5.0	3.0	0,913	true	[012006, 012001, 012005, 012007, 012004, 012000, 012002]
5430	12	012006	012002	58	5.0	3.0	0,913	true	[012006, 012001, 012005, 012007, 012004, 012003, 012000, 012002]
5431	12	012006	012002	59	5.0	5.0	0,841	true	[012006, 012003, 012000, 012001, 012004, 012007, 012005, 012002]
5432	12	012006	012002	60	8.0	5.0	0,922	true	[012006, 012003, 012000, 012001, 012005, 012002]
5433	12	012006	012002	61	25.0	6.0	0,990	true	[012006, 012003, 012000, 012002]
5434	12	012006	012002	62	8.0	5.0	0,903	true	[012006, 012003, 012000, 012004, 012001, 012005, 012002]
5435	12	012006	012002	63	5.0	5.0	0,876	true	[012006, 012003, 012000, 012004, 012007, 012005, 012002]
5436	12	012006	012002	64	25.0	5.0	0,931	true	[012006, 012003, 012001, 012000, 012002]
5437	12	012006	012002	65	5.0	5.0	0,824	true	[012006, 012003, 012001, 012000, 012004, 012007, 012005, 012002]
5438	12	012006	012002	66	25.0	6.0	0,913	true	[012006, 012003, 012001, 012004, 012000, 012002]
5439	12	012006	012002	67	5.0	5.0	0,841	true	[012006, 012003, 012001, 012004, 012007, 012005, 012002]
5440	12	012006	012002	68	8.0	5.0	0,922	true	[012006, 012003, 012001, 012005, 012002]
5441	12	012006	012002	69	5.0	6.0	0,885	true	[012006, 012003, 012001, 012005, 012007, 012004, 012000, 012002]
5442	12	012006	012002	70	8.0	5.0	0,885	true	[012006, 012003, 012004, 012000, 012001, 012005, 012002]
5443	12	012006	012002	71	15.0	6.0	0,951	true	[012006, 012003, 012004, 012000, 012002]
5444	12	012006	012002	72	15.0	5.0	0,913	true	[012006, 012003, 012004, 012001, 012000, 012002]
5445	12	012006	012002	73	8.0	5.0	0,903	true	[012006, 012003, 012004, 012001, 012005, 012002]
5446	12	012006	012002	74	5.0	5.0	0,885	true	[012006, 012003, 012004, 012007, 012005, 012001, 012000, 012002]
5447	12	012006	012002	75	5.0	5.0	0,876	true	[012006, 012003, 012004, 012007, 012005, 012002]
5448	12	012006	012002	76	8.0	5.0	0,922	true	[012006, 012003, 012005, 012001, 012000, 012002]
5449	12	012006	012002	77	8.0	6.0	0,903	true	[012006, 012003, 012005, 012001, 012004, 012000, 012002]
5450	12	012006	012002	78	16.0	5.0	0,912	true	[012006, 012003, 012005, 012002]
5451	12	012006	012002	79	5.0	6.0	0,876	true	[012006, 012003, 012005, 012007, 012004, 012000, 012002]
5452	12	012006	012002	80	5.0	5.0	0,841	true	[012006, 012003, 012005, 012007, 012004, 012001, 012000, 012002]
5453	12	012006	012002	81	8.0	5.0	0,841	true	[012006, 012003, 012007, 012004, 012000, 012001, 012005, 012002]
5454	12	012006	012002	82	25.0	6.0	0,903	true	[012006, 012003, 012007, 012004, 012000, 012002]
5455	12	012006	012002	83	25.0	5.0	0,867	true	[012006, 012003, 012007, 012004, 012001, 012000, 012002]
5456	12	012006	012002	84	8.0	5.0	0,858	true	[012006, 012003, 012007, 012004, 012001, 012005, 012002]
5457	12	012006	012002	85	5.0	5.0	0,894	true	[012006, 012003, 012007, 012005, 012001, 012000, 012002]
5458	12	012006	012002	86	5.0	6.0	0,876	true	[012006, 012003, 012007, 012005, 012001, 012004, 012000, 012002]
5459	12	012006	012002	87	5.0	5.0	0,885	true	[012006, 012003, 012007, 012005, 012002]
5460	12	012006	012002	88	8.0	5.0	0,912	true	[012006, 012005, 012001, 012000, 012002]
5461	12	012006	012002	89	8.0	6.0	0,912	true	[012006, 012005, 012001, 012003, 012000, 012002]
5462	12	012006	012002	90	8.0	6.0	0,876	true	[012006, 012005, 012001, 012003, 012004, 012000, 012002]
5463	12	012006	012002	91	8.0	6.0	0,833	true	[012006, 012005, 012001, 012003, 012007, 012004, 012000, 012002]
5464	12	012006	012002	92	8.0	6.0	0,894	true	[012006, 012005, 012001, 012004, 012000, 012002]
5465	12	012006	012002	93	8.0	6.0	0,894	true	[012006, 012005, 012001, 012004, 012003, 012000, 012002]
5466	12	012006	012002	94	8.0	6.0	0,850	true	[012006, 012005, 012001, 012004, 012007, 012003, 012000, 012002]
5467	12	012006	012002	95	16.0	5.0	0,903	true	[012006, 012005, 012002]
5468	12	012006	012002	96	25.0	6.0	0,903	true	[012006, 012005, 012003, 012000, 012002]
5469	12	012006	012002	97	25.0	5.0	0,850	true	[012006, 012005, 012003, 012001, 012000, 012002]
5470	12	012006	012002	98	25.0	6.0	0,833	true	[012006, 012005, 012003, 012001, 012004, 012000, 012002]
5471	12	012006	012002	99	15.0	6.0	0,867	true	[012006, 012005, 012003, 012004, 012000, 012002]
5472	12	012006	012002	100	15.0	5.0	0,833	true	[012006, 012005, 012003, 012004, 012001, 012000, 012002]
5473	13	013000	013007	0	8.0	3.0	0,894	true	[013000, 013001, 013002, 013003, 013005, 013004, 013007]
5474	13	013000	013007	1	20.0	3.0	0,903	true	[013000, 013001, 013002, 013003, 013007]
5475	13	013000	013007	2	13.0	3.0	0,885	true	[013000, 013001, 013002, 013004, 013005, 013003, 013007]
5476	13	013000	013007	3	8.0	3.0	0,913	true	[013000, 013001, 013002, 013004, 013007]
5477	13	013000	013007	4	20.0	3.0	0,858	true	[013000, 013001, 013002, 013005, 013003, 013007]
5478	13	013000	013007	5	8.0	3.0	0,867	true	[013000, 013001, 013002, 013005, 013004, 013007]
5479	13	013000	013007	6	20.0	3.0	0,885	true	[013000, 013001, 013002, 013006, 013007]
5480	13	013000	013007	7	20.0	3.0	0,922	true	[013000, 013001, 013002, 013007]
5481	13	013000	013007	8	5.0	3.0	0,922	true	[013000, 013001, 013003, 013002, 013004, 013007]
5482	13	013000	013007	9	5.0	5.0	0,876	true	[013000, 013001, 013003, 013002, 013005, 013004, 013007]
5483	13	013000	013007	10	5.0	5.0	0,894	true	[013000, 013001, 013003, 013002, 013006, 013007]
5484	13	013000	013007	11	5.0	5.0	0,931	true	[013000, 013001, 013003, 013002, 013007]
5485	13	013000	013007	12	5.0	3.0	0,876	true	[013000, 013001, 013003, 013005, 013002, 013004, 013007]
5486	13	013000	013007	13	5.0	3.0	0,850	true	[013000, 013001, 013003, 013005, 013002, 013006, 013007]
5487	13	013000	013007	14	5.0	3.0	0,885	true	[013000, 013001, 013003, 013005, 013002, 013007]
5488	13	013000	013007	15	5.0	3.0	0,876	true	[013000, 013001, 013003, 013005, 013004, 013002, 013006, 013007]
5489	13	013000	013007	16	5.0	3.0	0,913	true	[013000, 013001, 013003, 013005, 013004, 013002, 013007]
5490	13	013000	013007	17	5.0	3.0	0,904	true	[013000, 013001, 013003, 013005, 013004, 013007]
5491	13	013000	013007	18	5.0	5.0	0,912	true	[013000, 013001, 013003, 013007]
5492	13	013000	013007	19	20.0	3.0	0,894	true	[013000, 013001, 013004, 013002, 013003, 013007]
5493	13	013000	013007	20	20.0	3.0	0,850	true	[013000, 013001, 013004, 013002, 013005, 013003, 013007]
5494	13	013000	013007	21	20.0	3.0	0,876	true	[013000, 013001, 013004, 013002, 013006, 013007]
5495	13	013000	013007	22	20.0	3.0	0,913	true	[013000, 013001, 013004, 013002, 013007]
5496	13	013000	013007	23	13.0	3.0	0,850	true	[013000, 013001, 013004, 013005, 013002, 013003, 013007]
5497	13	013000	013007	24	13.0	3.0	0,833	true	[013000, 013001, 013004, 013005, 013002, 013006, 013007]
5498	13	013000	013007	25	13.0	3.0	0,867	true	[013000, 013001, 013004, 013005, 013002, 013007]
5499	13	013000	013007	26	13.0	3.0	0,859	true	[013000, 013001, 013004, 013005, 013003, 013002, 013006, 013007]
5500	13	013000	013007	27	13.0	3.0	0,895	true	[013000, 013001, 013004, 013005, 013003, 013002, 013007]
5501	13	013000	013007	28	13.0	3.0	0,876	true	[013000, 013001, 013004, 013005, 013003, 013007]
5502	13	013000	013007	29	8.0	3.0	0,903	true	[013000, 013001, 013004, 013007]
5503	13	013000	013007	30	20.0	7.0	0,876	true	[013000, 013001, 013005, 013002, 013003, 013007]
5504	13	013000	013007	31	8.0	3.0	0,885	true	[013000, 013001, 013005, 013002, 013004, 013007]
5505	13	013000	013007	32	20.0	6.0	0,858	true	[013000, 013001, 013005, 013002, 013006, 013007]
5506	13	013000	013007	33	20.0	8.0	0,894	true	[013000, 013001, 013005, 013002, 013007]
5507	13	013000	013007	34	8.0	3.0	0,913	true	[013000, 013001, 013005, 013003, 013002, 013004, 013007]
5508	13	013000	013007	35	20.0	3.0	0,885	true	[013000, 013001, 013005, 013003, 013002, 013006, 013007]
5509	13	013000	013007	36	20.0	3.0	0,922	true	[013000, 013001, 013005, 013003, 013002, 013007]
5510	13	013000	013007	37	20.0	3.0	0,903	true	[013000, 013001, 013005, 013003, 013007]
5511	13	013000	013007	38	13.0	3.0	0,903	true	[013000, 013001, 013005, 013004, 013002, 013003, 013007]
5512	13	013000	013007	39	13.0	3.0	0,885	true	[013000, 013001, 013005, 013004, 013002, 013006, 013007]
5513	13	013000	013007	40	13.0	3.0	0,922	true	[013000, 013001, 013005, 013004, 013002, 013007]
5514	13	013000	013007	41	8.0	5.0	0,913	true	[013000, 013001, 013005, 013004, 013007]
5515	13	013000	013007	42	8.0	3.0	0,832	true	[013000, 013001, 013006, 013002, 013003, 013005, 013004, 013007]
5516	13	013000	013007	43	20.0	4.0	0,840	true	[013000, 013001, 013006, 013002, 013003, 013007]
5517	13	013000	013007	44	13.0	3.0	0,824	true	[013000, 013001, 013006, 013002, 013004, 013005, 013003, 013007]
5518	13	013000	013007	45	8.0	3.0	0,849	true	[013000, 013001, 013006, 013002, 013004, 013007]
5519	13	013000	013007	46	20.0	3.0	0,799	true	[013000, 013001, 013006, 013002, 013005, 013003, 013007]
5520	13	013000	013007	47	8.0	4.0	0,807	true	[013000, 013001, 013006, 013002, 013005, 013004, 013007]
5521	13	013000	013007	48	20.0	4.0	0,858	true	[013000, 013001, 013006, 013002, 013007]
5522	13	013000	013007	49	20.0	4.0	0,913	true	[013000, 013001, 013006, 013007]
5523	13	013000	013007	50	20.0	8.0	0,951	true	[013000, 013001, 013007]
5524	13	013000	013007	51	5.0	3.0	0,903	true	[013000, 013003, 013001, 013002, 013004, 013007]
5525	13	013000	013007	52	5.0	3.0	0,859	true	[013000, 013003, 013001, 013002, 013005, 013004, 013007]
5526	13	013000	013007	53	5.0	3.0	0,876	true	[013000, 013003, 013001, 013002, 013006, 013007]
5527	13	013000	013007	54	5.0	3.0	0,913	true	[013000, 013003, 013001, 013002, 013007]
5528	13	013000	013007	55	5.0	3.0	0,867	true	[013000, 013003, 013001, 013004, 013002, 013006, 013007]
5529	13	013000	013007	56	5.0	3.0	0,904	true	[013000, 013003, 013001, 013004, 013002, 013007]
5530	13	013000	013007	57	5.0	3.0	0,824	true	[013000, 013003, 013001, 013004, 013005, 013002, 013006, 013007]
5531	13	013000	013007	58	5.0	3.0	0,859	true	[013000, 013003, 013001, 013004, 013005, 013002, 013007]
5532	13	013000	013007	59	5.0	3.0	0,894	true	[013000, 013003, 013001, 013004, 013007]
5533	13	013000	013007	60	5.0	3.0	0,876	true	[013000, 013003, 013001, 013005, 013002, 013004, 013007]
5534	13	013000	013007	61	5.0	5.0	0,850	true	[013000, 013003, 013001, 013005, 013002, 013006, 013007]
5535	13	013000	013007	62	5.0	5.0	0,885	true	[013000, 013003, 013001, 013005, 013002, 013007]
5536	13	013000	013007	63	5.0	3.0	0,876	true	[013000, 013003, 013001, 013005, 013004, 013002, 013006, 013007]
5537	13	013000	013007	64	5.0	3.0	0,913	true	[013000, 013003, 013001, 013005, 013004, 013002, 013007]
5538	13	013000	013007	65	5.0	5.0	0,904	true	[013000, 013003, 013001, 013005, 013004, 013007]
5539	13	013000	013007	66	5.0	3.0	0,841	true	[013000, 013003, 013001, 013006, 013002, 013004, 013007]
5540	13	013000	013007	67	5.0	4.0	0,799	true	[013000, 013003, 013001, 013006, 013002, 013005, 013004, 013007]
5541	13	013000	013007	68	5.0	4.0	0,850	true	[013000, 013003, 013001, 013006, 013002, 013007]
5542	13	013000	013007	69	5.0	4.0	0,903	true	[013000, 013003, 013001, 013006, 013007]
5543	13	013000	013007	70	5.0	5.0	0,941	true	[013000, 013003, 013001, 013007]
5544	13	013000	013007	71	8.0	3.0	0,885	true	[013000, 013003, 013002, 013001, 013004, 013007]
5545	13	013000	013007	72	8.0	3.0	0,894	true	[013000, 013003, 013002, 013001, 013005, 013004, 013007]
5546	13	013000	013007	73	31.0	3.0	0,894	true	[013000, 013003, 013002, 013001, 013006, 013007]
5547	13	013000	013007	74	31.0	3.0	0,932	true	[013000, 013003, 013002, 013001, 013007]
5548	13	013000	013007	75	31.0	3.0	0,885	true	[013000, 013003, 013002, 013004, 013001, 013006, 013007]
5549	13	013000	013007	76	31.0	3.0	0,922	true	[013000, 013003, 013002, 013004, 013001, 013007]
5550	13	013000	013007	77	13.0	3.0	0,894	true	[013000, 013003, 013002, 013004, 013005, 013001, 013006, 013007]
5551	13	013000	013007	78	13.0	3.0	0,932	true	[013000, 013003, 013002, 013004, 013005, 013001, 013007]
5552	13	013000	013007	79	8.0	3.0	0,931	true	[013000, 013003, 013002, 013004, 013007]
5553	13	013000	013007	80	8.0	3.0	0,858	true	[013000, 013003, 013002, 013005, 013001, 013004, 013007]
5554	13	013000	013007	81	31.0	4.0	0,867	true	[013000, 013003, 013002, 013005, 013001, 013006, 013007]
5555	13	013000	013007	82	31.0	7.0	0,903	true	[013000, 013003, 013002, 013005, 013001, 013007]
5556	13	013000	013007	83	13.0	3.0	0,841	true	[013000, 013003, 013002, 013005, 013004, 013001, 013006, 013007]
5557	13	013000	013007	84	13.0	3.0	0,876	true	[013000, 013003, 013002, 013005, 013004, 013001, 013007]
5558	13	013000	013007	85	8.0	5.0	0,885	true	[013000, 013003, 013002, 013005, 013004, 013007]
5559	13	013000	013007	86	8.0	3.0	0,824	true	[013000, 013003, 013002, 013006, 013001, 013004, 013007]
5560	13	013000	013007	87	8.0	4.0	0,832	true	[013000, 013003, 013002, 013006, 013001, 013005, 013004, 013007]
5561	13	013000	013007	88	31.0	4.0	0,867	true	[013000, 013003, 013002, 013006, 013001, 013007]
5562	13	013000	013007	89	31.0	6.0	0,903	true	[013000, 013003, 013002, 013006, 013007]
5563	13	013000	013007	90	31.0	7.0	0,941	true	[013000, 013003, 013002, 013007]
5564	13	013000	013007	91	8.0	3.0	0,894	true	[013000, 013003, 013005, 013001, 013002, 013004, 013007]
5565	13	013000	013007	92	31.0	3.0	0,867	true	[013000, 013003, 013005, 013001, 013002, 013006, 013007]
5566	13	013000	013007	93	31.0	3.0	0,904	true	[013000, 013003, 013005, 013001, 013002, 013007]
5567	13	013000	013007	94	31.0	3.0	0,859	true	[013000, 013003, 013005, 013001, 013004, 013002, 013006, 013007]
5568	13	013000	013007	95	31.0	3.0	0,895	true	[013000, 013003, 013005, 013001, 013004, 013002, 013007]
5569	13	013000	013007	96	8.0	3.0	0,885	true	[013000, 013003, 013005, 013001, 013004, 013007]
5570	13	013000	013007	97	8.0	3.0	0,832	true	[013000, 013003, 013005, 013001, 013006, 013002, 013004, 013007]
5571	13	013000	013007	98	31.0	3.0	0,841	true	[013000, 013003, 013005, 013001, 013006, 013002, 013007]
5572	13	013000	013007	99	31.0	3.0	0,894	true	[013000, 013003, 013005, 013001, 013006, 013007]
5573	13	013000	013007	100	31.0	3.0	0,932	true	[013000, 013003, 013005, 013001, 013007]
5574	13	013000	013007	101	31.0	9.0	0,922	true	[013000, 013003, 013007]
5575	13	013000	013007	102	62.0	10.0	1,000	true	[013000, 013007]
5576	14	014004	014003	0	20.0	3.0	0,867	true	[014004, 014000, 014001, 014002, 014005, 014003]
5577	14	014004	014003	1	5.0	3.0	0,858	true	[014004, 014000, 014001, 014002, 014007, 014003]
5578	14	014004	014003	2	13.0	4.0	0,867	true	[014004, 014000, 014001, 014007, 014002, 014005, 014003]
5579	14	014004	014003	3	5.0	6.0	0,876	true	[014004, 014000, 014001, 014007, 014003]
5580	14	014004	014003	4	5.0	3.0	0,841	true	[014004, 014000, 014006, 014002, 014001, 014007, 014003]
5581	14	014004	014003	5	22.0	4.0	0,885	true	[014004, 014000, 014006, 014002, 014005, 014003]
5582	14	014004	014003	6	5.0	4.0	0,876	true	[014004, 014000, 014006, 014002, 014007, 014003]
5583	14	014004	014003	7	13.0	3.0	0,858	true	[014004, 014000, 014007, 014001, 014002, 014005, 014003]
5584	14	014004	014003	8	26.0	4.0	0,894	true	[014004, 014000, 014007, 014002, 014005, 014003]
5585	14	014004	014003	9	5.0	6.0	0,903	true	[014004, 014000, 014007, 014003]
5586	14	014004	014003	10	17.0	4.0	0,824	true	[014004, 014001, 014000, 014006, 014002, 014005, 014003]
5587	14	014004	014003	11	5.0	4.0	0,815	true	[014004, 014001, 014000, 014006, 014002, 014007, 014003]
5588	14	014004	014003	12	17.0	4.0	0,832	true	[014004, 014001, 014000, 014007, 014002, 014005, 014003]
5589	14	014004	014003	13	5.0	7.0	0,840	true	[014004, 014001, 014000, 014007, 014003]
5590	14	014004	014003	14	17.0	3.0	0,894	true	[014004, 014001, 014002, 014005, 014003]
5591	14	014004	014003	15	5.0	3.0	0,807	true	[014004, 014001, 014002, 014006, 014000, 014007, 014003]
5592	14	014004	014003	16	5.0	3.0	0,885	true	[014004, 014001, 014002, 014007, 014003]
5593	14	014004	014003	17	13.0	4.0	0,816	true	[014004, 014001, 014007, 014000, 014006, 014002, 014005, 014003]
5594	14	014004	014003	18	13.0	4.0	0,894	true	[014004, 014001, 014007, 014002, 014005, 014003]
5595	14	014004	014003	19	5.0	6.0	0,903	true	[014004, 014001, 014007, 014003]
5596	14	014004	014003	20	5.0	3.0	0,807	true	[014004, 014002, 014001, 014000, 014007, 014003]
5597	14	014004	014003	21	5.0	3.0	0,867	true	[014004, 014002, 014001, 014007, 014003]
5598	14	014004	014003	22	18.0	4.0	0,912	true	[014004, 014002, 014005, 014003]
5599	14	014004	014003	23	5.0	4.0	0,799	true	[014004, 014002, 014006, 014000, 014001, 014007, 014003]
5600	14	014004	014003	24	5.0	4.0	0,824	true	[014004, 014002, 014006, 014000, 014007, 014003]
5601	14	014004	014003	25	5.0	5.0	0,903	true	[014004, 014002, 014007, 014003]
5602	14	014004	014003	26	41.0	3.0	0,960	true	[014004, 014003]
5603	14	014004	014003	27	5.0	3.0	0,807	true	[014004, 014005, 014002, 014001, 014000, 014007, 014003]
5604	14	014004	014003	28	5.0	3.0	0,867	true	[014004, 014005, 014002, 014001, 014007, 014003]
5605	14	014004	014003	29	5.0	4.0	0,799	true	[014004, 014005, 014002, 014006, 014000, 014001, 014007, 014003]
5606	14	014004	014003	30	5.0	4.0	0,824	true	[014004, 014005, 014002, 014006, 014000, 014007, 014003]
5607	14	014004	014003	31	5.0	4.0	0,903	true	[014004, 014005, 014002, 014007, 014003]
5608	14	014004	014003	32	69.0	4.0	0,912	true	[014004, 014005, 014003]
5609	14	014004	014003	33	20.0	3.0	0,824	true	[014004, 014006, 014000, 014001, 014002, 014005, 014003]
5610	14	014004	014003	34	5.0	3.0	0,815	true	[014004, 014006, 014000, 014001, 014002, 014007, 014003]
5611	14	014004	014003	35	13.0	4.0	0,824	true	[014004, 014006, 014000, 014001, 014007, 014002, 014005, 014003]
5612	14	014004	014003	36	5.0	6.0	0,832	true	[014004, 014006, 014000, 014001, 014007, 014003]
5613	14	014004	014003	37	13.0	3.0	0,816	true	[014004, 014006, 014000, 014007, 014001, 014002, 014005, 014003]
5614	14	014004	014003	38	26.0	4.0	0,849	true	[014004, 014006, 014000, 014007, 014002, 014005, 014003]
5615	14	014004	014003	39	5.0	7.0	0,858	true	[014004, 014006, 014000, 014007, 014003]
5616	14	014004	014003	40	5.0	3.0	0,775	true	[014004, 014006, 014002, 014001, 014000, 014007, 014003]
5617	14	014004	014003	41	5.0	3.0	0,832	true	[014004, 014006, 014002, 014001, 014007, 014003]
5618	14	014004	014003	42	22.0	4.0	0,876	true	[014004, 014006, 014002, 014005, 014003]
5619	14	014004	014003	43	5.0	4.0	0,867	true	[014004, 014006, 014002, 014007, 014003]
5620	14	014004	014000	44	51.0	6.0	0,990	true	[014004, 014000]
5621	14	014004	014000	45	17.0	9.0	0,922	true	[014004, 014001, 014000]
5622	14	014004	014000	46	5.0	3.0	0,815	true	[014004, 014001, 014002, 014005, 014003, 014007, 014000]
5623	14	014004	014000	47	17.0	3.0	0,885	true	[014004, 014001, 014002, 014006, 014000]
5624	14	014004	014000	48	17.0	3.0	0,894	true	[014004, 014001, 014002, 014007, 014000]
5625	14	014004	014000	49	13.0	6.0	0,913	true	[014004, 014001, 014007, 014000]
5626	14	014004	014000	50	13.0	4.0	0,885	true	[014004, 014001, 014007, 014002, 014006, 014000]
5627	14	014004	014000	51	5.0	4.0	0,807	true	[014004, 014001, 014007, 014003, 014005, 014002, 014006, 014000]
5628	14	014004	014000	52	18.0	3.0	0,885	true	[014004, 014002, 014001, 014000]
5629	14	014004	014000	53	13.0	3.0	0,876	true	[014004, 014002, 014001, 014007, 014000]
5630	14	014004	014000	54	5.0	4.0	0,832	true	[014004, 014002, 014005, 014003, 014007, 014000]
5631	14	014004	014000	55	5.0	4.0	0,807	true	[014004, 014002, 014005, 014003, 014007, 014001, 014000]
5632	14	014004	014000	56	18.0	4.0	0,903	true	[014004, 014002, 014006, 014000]
5633	14	014004	014000	57	18.0	5.0	0,912	true	[014004, 014002, 014007, 014000]
5634	14	014004	014000	58	13.0	5.0	0,885	true	[014004, 014002, 014007, 014001, 014000]
5635	14	014004	014000	59	20.0	3.0	0,840	true	[014004, 014003, 014005, 014002, 014001, 014000]
5636	14	014004	014000	60	13.0	3.0	0,832	true	[014004, 014003, 014005, 014002, 014001, 014007, 014000]
5637	14	014004	014000	61	22.0	3.0	0,858	true	[014004, 014003, 014005, 014002, 014006, 014000]
5638	14	014004	014000	62	26.0	3.0	0,867	true	[014004, 014003, 014005, 014002, 014007, 014000]
5639	14	014004	014000	63	13.0	3.0	0,841	true	[014004, 014003, 014005, 014002, 014007, 014001, 014000]
5640	14	014004	014000	64	5.0	3.0	0,876	true	[014004, 014003, 014007, 014000]
5641	14	014004	014000	65	5.0	3.0	0,849	true	[014004, 014003, 014007, 014001, 014000]
5642	14	014004	014000	66	5.0	3.0	0,816	true	[014004, 014003, 014007, 014001, 014002, 014006, 014000]
5643	14	014004	014000	67	5.0	3.0	0,832	true	[014004, 014003, 014007, 014002, 014001, 014000]
5644	14	014004	014000	68	5.0	3.0	0,849	true	[014004, 014003, 014007, 014002, 014006, 014000]
5645	14	014004	014000	69	20.0	3.0	0,885	true	[014004, 014005, 014002, 014001, 014000]
5646	14	014004	014000	70	13.0	3.0	0,876	true	[014004, 014005, 014002, 014001, 014007, 014000]
5647	14	014004	014000	71	22.0	4.0	0,903	true	[014004, 014005, 014002, 014006, 014000]
5648	14	014004	014000	72	26.0	4.0	0,912	true	[014004, 014005, 014002, 014007, 014000]
5649	14	014004	014000	73	13.0	4.0	0,885	true	[014004, 014005, 014002, 014007, 014001, 014000]
5650	14	014004	014000	74	5.0	4.0	0,832	true	[014004, 014005, 014003, 014007, 014000]
5651	14	014004	014000	75	5.0	4.0	0,807	true	[014004, 014005, 014003, 014007, 014001, 014000]
5652	14	014004	014000	76	5.0	3.0	0,775	true	[014004, 014005, 014003, 014007, 014001, 014002, 014006, 014000]
5653	14	014004	014000	77	5.0	3.0	0,790	true	[014004, 014005, 014003, 014007, 014002, 014001, 014000]
5654	14	014004	014000	78	5.0	4.0	0,807	true	[014004, 014005, 014003, 014007, 014002, 014006, 014000]
5655	14	014004	014000	79	62.0	8.0	0,941	true	[014004, 014006, 014000]
5656	14	014004	014000	80	20.0	3.0	0,849	true	[014004, 014006, 014002, 014001, 014000]
5657	14	014004	014000	81	13.0	3.0	0,841	true	[014004, 014006, 014002, 014001, 014007, 014000]
5658	14	014004	014000	82	5.0	4.0	0,798	true	[014004, 014006, 014002, 014005, 014003, 014007, 014000]
5659	14	014004	014000	83	5.0	4.0	0,774	true	[014004, 014006, 014002, 014005, 014003, 014007, 014001, 014000]
5660	14	014004	014000	84	22.0	4.0	0,876	true	[014004, 014006, 014002, 014007, 014000]
5661	14	014004	014000	85	13.0	4.0	0,849	true	[014004, 014006, 014002, 014007, 014001, 014000]
5662	14	014004	014007	86	5.0	3.0	0,823	true	[014004, 014000, 014001, 014002, 014005, 014003, 014007]
5663	14	014004	014007	87	20.0	3.0	0,903	true	[014004, 014000, 014001, 014002, 014007]
5664	14	014004	014007	88	13.0	6.0	0,922	true	[014004, 014000, 014001, 014007]
5665	14	014004	014007	89	13.0	3.0	0,885	true	[014004, 014000, 014006, 014002, 014001, 014007]
5666	14	014004	014007	90	5.0	4.0	0,841	true	[014004, 014000, 014006, 014002, 014005, 014003, 014007]
5667	14	014004	014007	91	22.0	4.0	0,922	true	[014004, 014000, 014006, 014002, 014007]
5668	14	014004	014007	92	51.0	6.0	0,950	true	[014004, 014000, 014007]
5669	14	014004	014007	93	5.0	4.0	0,782	true	[014004, 014001, 014000, 014006, 014002, 014005, 014003, 014007]
5670	14	014004	014007	94	17.0	4.0	0,858	true	[014004, 014001, 014000, 014006, 014002, 014007]
5671	14	014004	014007	95	17.0	8.0	0,885	true	[014004, 014001, 014000, 014007]
5672	14	014004	014007	96	5.0	3.0	0,849	true	[014004, 014001, 014002, 014005, 014003, 014007]
5673	14	014004	014007	97	17.0	3.0	0,850	true	[014004, 014001, 014002, 014006, 014000, 014007]
5674	14	014004	014007	98	17.0	3.0	0,931	true	[014004, 014001, 014002, 014007]
5675	14	014004	014007	99	13.0	6.0	0,951	true	[014004, 014001, 014007]
5676	14	014004	014007	100	18.0	3.0	0,849	true	[014004, 014002, 014001, 014000, 014007]
5677	14	014004	014007	101	13.0	3.0	0,913	true	[014004, 014002, 014001, 014007]
5678	14	014004	014007	102	18.0	5.0	0,950	true	[014004, 014002, 014007]
5679	15	015002	015004	0	11.0	4.0	0,941	true	[015002, 015001, 015000, 015003, 015004]
5680	15	015002	015004	1	8.0	4.0	0,867	true	[015002, 015001, 015000, 015003, 015005, 015004]
5681	15	015002	015004	2	8.0	4.0	0,823	true	[015002, 015001, 015000, 015003, 015005, 015006, 015004]
5682	15	015002	015004	3	11.0	4.0	0,867	true	[015002, 015001, 015000, 015003, 015007, 015006, 015004]
5683	15	015002	015004	4	11.0	4.0	0,823	true	[015002, 015001, 015000, 015003, 015007, 015006, 015005, 015004]
5684	15	015002	015004	5	11.0	4.0	0,990	true	[015002, 015001, 015000, 015004]
5685	15	015002	015004	6	11.0	3.0	0,903	true	[015002, 015001, 015000, 015007, 015003, 015004]
5686	15	015002	015004	7	8.0	3.0	0,832	true	[015002, 015001, 015000, 015007, 015003, 015005, 015004]
5687	15	015002	015004	8	8.0	3.0	0,790	true	[015002, 015001, 015000, 015007, 015003, 015005, 015006, 015004]
5688	15	015002	015004	9	11.0	3.0	0,922	true	[015002, 015001, 015000, 015007, 015006, 015004]
5689	15	015002	015004	10	8.0	3.0	0,858	true	[015002, 015001, 015000, 015007, 015006, 015005, 015003, 015004]
5690	15	015002	015004	11	11.0	3.0	0,876	true	[015002, 015001, 015000, 015007, 015006, 015005, 015004]
5691	15	015002	015004	12	16.0	4.0	0,931	true	[015002, 015001, 015003, 015000, 015004]
5692	15	015002	015004	13	23.0	3.0	0,867	true	[015002, 015001, 015003, 015000, 015007, 015006, 015004]
5693	15	015002	015004	14	17.0	3.0	0,824	true	[015002, 015001, 015003, 015000, 015007, 015006, 015005, 015004]
5694	15	015002	015004	15	23.0	4.0	0,960	true	[015002, 015001, 015003, 015004]
5695	15	015002	015004	16	8.0	4.0	0,885	true	[015002, 015001, 015003, 015005, 015004]
5696	15	015002	015004	17	8.0	4.0	0,841	true	[015002, 015001, 015003, 015005, 015006, 015004]
5697	15	015002	015004	18	8.0	3.0	0,849	true	[015002, 015001, 015003, 015005, 015006, 015007, 015000, 015004]
5698	15	015002	015004	19	16.0	3.0	0,894	true	[015002, 015001, 015003, 015007, 015000, 015004]
5699	15	015002	015004	20	23.0	4.0	0,885	true	[015002, 015001, 015003, 015007, 015006, 015004]
5700	15	015002	015004	21	17.0	4.0	0,841	true	[015002, 015001, 015003, 015007, 015006, 015005, 015004]
5701	15	015002	015004	22	7.0	4.0	0,941	true	[015002, 015001, 015004]
5702	15	015002	015004	23	8.0	4.0	0,867	true	[015002, 015001, 015005, 015003, 015000, 015004]
5703	15	015002	015004	24	8.0	3.0	0,807	true	[015002, 015001, 015005, 015003, 015000, 015007, 015006, 015004]
5704	15	015002	015004	25	8.0	4.0	0,894	true	[015002, 015001, 015005, 015003, 015004]
5705	15	015002	015004	26	8.0	3.0	0,832	true	[015002, 015001, 015005, 015003, 015007, 015000, 015004]
5706	15	015002	015004	27	8.0	4.0	0,823	true	[015002, 015001, 015005, 015003, 015007, 015006, 015004]
5707	15	015002	015004	28	17.0	4.0	0,912	true	[015002, 015001, 015005, 015004]
5708	15	015002	015004	29	23.0	4.0	0,867	true	[015002, 015001, 015005, 015006, 015004]
5709	15	015002	015004	30	23.0	3.0	0,832	true	[015002, 015001, 015005, 015006, 015007, 015000, 015003, 015004]
5710	15	015002	015004	31	16.0	3.0	0,876	true	[015002, 015001, 015005, 015006, 015007, 015000, 015004]
5711	15	015002	015004	32	16.0	4.0	0,823	true	[015002, 015001, 015005, 015006, 015007, 015003, 015000, 015004]
5712	15	015002	015004	33	23.0	4.0	0,849	true	[015002, 015001, 015005, 015006, 015007, 015003, 015004]
5713	15	015002	015004	34	23.0	3.0	0,941	true	[015002, 015001, 015006, 015004]
5714	15	015002	015004	35	8.0	3.0	0,849	true	[015002, 015001, 015006, 015005, 015003, 015000, 015004]
5715	15	015002	015004	36	8.0	3.0	0,876	true	[015002, 015001, 015006, 015005, 015003, 015004]
5716	15	015002	015004	37	8.0	3.0	0,815	true	[015002, 015001, 015006, 015005, 015003, 015007, 015000, 015004]
5717	15	015002	015004	38	17.0	3.0	0,894	true	[015002, 015001, 015006, 015005, 015004]
5718	15	015002	015004	39	23.0	3.0	0,904	true	[015002, 015001, 015006, 015007, 015000, 015003, 015004]
5719	15	015002	015004	40	8.0	3.0	0,832	true	[015002, 015001, 015006, 015007, 015000, 015003, 015005, 015004]
5720	15	015002	015004	41	16.0	3.0	0,951	true	[015002, 015001, 015006, 015007, 015000, 015004]
5721	15	015002	015004	42	16.0	3.0	0,894	true	[015002, 015001, 015006, 015007, 015003, 015000, 015004]
5722	15	015002	015004	43	23.0	3.0	0,922	true	[015002, 015001, 015006, 015007, 015003, 015004]
5723	15	015002	015004	44	8.0	3.0	0,849	true	[015002, 015001, 015006, 015007, 015003, 015005, 015004]
5724	15	015002	015004	45	5.0	3.0	0,885	true	[015002, 015001, 015007, 015000, 015003, 015004]
5725	15	015002	015004	46	5.0	3.0	0,816	true	[015002, 015001, 015007, 015000, 015003, 015005, 015004]
5726	15	015002	015004	47	5.0	3.0	0,775	true	[015002, 015001, 015007, 015000, 015003, 015005, 015006, 015004]
5727	15	015002	015004	48	5.0	3.0	0,931	true	[015002, 015001, 015007, 015000, 015004]
5728	15	015002	015004	49	5.0	4.0	0,876	true	[015002, 015001, 015007, 015003, 015000, 015004]
5729	15	015002	015004	50	5.0	4.0	0,903	true	[015002, 015001, 015007, 015003, 015004]
5730	15	015002	015004	51	5.0	4.0	0,832	true	[015002, 015001, 015007, 015003, 015005, 015004]
5731	15	015002	015004	52	5.0	4.0	0,790	true	[015002, 015001, 015007, 015003, 015005, 015006, 015004]
5732	15	015002	015004	53	5.0	4.0	0,922	true	[015002, 015001, 015007, 015006, 015004]
5733	15	015002	015004	54	5.0	4.0	0,832	true	[015002, 015001, 015007, 015006, 015005, 015003, 015000, 015004]
5734	15	015002	015004	55	5.0	4.0	0,858	true	[015002, 015001, 015007, 015006, 015005, 015003, 015004]
5735	15	015002	015004	56	5.0	4.0	0,876	true	[015002, 015001, 015007, 015006, 015005, 015004]
5736	15	015002	015004	57	7.0	5.0	0,903	true	[015002, 015003, 015000, 015001, 015004]
5737	15	015002	015004	58	11.0	5.0	0,876	true	[015002, 015003, 015000, 015001, 015005, 015004]
5738	15	015002	015004	59	11.0	4.0	0,832	true	[015002, 015003, 015000, 015001, 015005, 015006, 015004]
5739	15	015002	015004	60	11.0	3.0	0,903	true	[015002, 015003, 015000, 015001, 015006, 015004]
5740	15	015002	015004	61	11.0	3.0	0,858	true	[015002, 015003, 015000, 015001, 015006, 015005, 015004]
5741	15	015002	015004	62	5.0	4.0	0,885	true	[015002, 015003, 015000, 015001, 015007, 015006, 015004]
5742	15	015002	015004	63	5.0	5.0	0,841	true	[015002, 015003, 015000, 015001, 015007, 015006, 015005, 015004]
5743	15	015002	015004	64	16.0	5.0	0,950	true	[015002, 015003, 015000, 015004]
5744	15	015002	015004	65	5.0	3.0	0,850	true	[015002, 015003, 015000, 015007, 015001, 015004]
5745	15	015002	015004	66	5.0	3.0	0,824	true	[015002, 015003, 015000, 015007, 015001, 015005, 015004]
5746	15	015002	015004	67	5.0	3.0	0,783	true	[015002, 015003, 015000, 015007, 015001, 015005, 015006, 015004]
5747	15	015002	015004	68	5.0	3.0	0,850	true	[015002, 015003, 015000, 015007, 015001, 015006, 015004]
5748	15	015002	015004	69	5.0	3.0	0,807	true	[015002, 015003, 015000, 015007, 015001, 015006, 015005, 015004]
5749	15	015002	015004	70	7.0	3.0	0,867	true	[015002, 015003, 015000, 015007, 015006, 015001, 015004]
5750	15	015002	015004	71	17.0	3.0	0,841	true	[015002, 015003, 015000, 015007, 015006, 015001, 015005, 015004]
5751	15	015002	015004	72	43.0	3.0	0,885	true	[015002, 015003, 015000, 015007, 015006, 015004]
5752	15	015002	015004	73	7.0	3.0	0,799	true	[015002, 015003, 015000, 015007, 015006, 015005, 015001, 015004]
5753	15	015002	015004	74	17.0	3.0	0,841	true	[015002, 015003, 015000, 015007, 015006, 015005, 015004]
5754	15	015002	015004	75	11.0	4.0	0,970	true	[015002, 015003, 015001, 015000, 015004]
5755	15	015002	015004	76	11.0	3.0	0,903	true	[015002, 015003, 015001, 015000, 015007, 015006, 015004]
5756	15	015002	015004	77	11.0	3.0	0,858	true	[015002, 015003, 015001, 015000, 015007, 015006, 015005, 015004]
5757	15	015002	015004	78	7.0	4.0	0,922	true	[015002, 015003, 015001, 015004]
5758	15	015002	015004	79	17.0	4.0	0,894	true	[015002, 015003, 015001, 015005, 015004]
5759	15	015002	015004	80	46.0	4.0	0,849	true	[015002, 015003, 015001, 015005, 015006, 015004]
5760	15	015002	015004	81	16.0	3.0	0,858	true	[015002, 015003, 015001, 015005, 015006, 015007, 015000, 015004]
5761	15	015002	015004	82	36.0	3.0	0,922	true	[015002, 015003, 015001, 015006, 015004]
5762	15	015002	015004	83	17.0	3.0	0,876	true	[015002, 015003, 015001, 015006, 015005, 015004]
5763	15	015002	015004	84	16.0	3.0	0,932	true	[015002, 015003, 015001, 015006, 015007, 015000, 015004]
5764	15	015002	015004	85	5.0	3.0	0,913	true	[015002, 015003, 015001, 015007, 015000, 015004]
5765	15	015002	015004	86	5.0	4.0	0,903	true	[015002, 015003, 015001, 015007, 015006, 015004]
5766	15	015002	015004	87	5.0	4.0	0,858	true	[015002, 015003, 015001, 015007, 015006, 015005, 015004]
5767	15	015002	015004	88	27.0	6.0	0,980	true	[015002, 015003, 015004]
5768	15	015002	015004	89	8.0	5.0	0,903	true	[015002, 015003, 015005, 015001, 015000, 015004]
5769	15	015002	015004	90	8.0	3.0	0,841	true	[015002, 015003, 015005, 015001, 015000, 015007, 015006, 015004]
5770	15	015002	015004	91	7.0	6.0	0,858	true	[015002, 015003, 015005, 015001, 015004]
5771	15	015002	015004	92	8.0	3.0	0,858	true	[015002, 015003, 015005, 015001, 015006, 015004]
5772	15	015002	015004	93	8.0	3.0	0,867	true	[015002, 015003, 015005, 015001, 015006, 015007, 015000, 015004]
5773	15	015002	015004	94	5.0	3.0	0,850	true	[015002, 015003, 015005, 015001, 015007, 015000, 015004]
5774	15	015002	015004	95	5.0	4.0	0,841	true	[015002, 015003, 015005, 015001, 015007, 015006, 015004]
5775	15	015002	015004	96	8.0	6.0	0,903	true	[015002, 015003, 015005, 015004]
5776	15	015002	015004	97	8.0	3.0	0,885	true	[015002, 015003, 015005, 015006, 015001, 015000, 015004]
5777	15	015002	015004	98	7.0	3.0	0,840	true	[015002, 015003, 015005, 015006, 015001, 015004]
5778	15	015002	015004	99	5.0	3.0	0,832	true	[015002, 015003, 015005, 015006, 015001, 015007, 015000, 015004]
5779	15	015002	015004	100	8.0	4.0	0,858	true	[015002, 015003, 015005, 015006, 015004]
5780	16	016003	016001	0	46.0	9.0	0,931	true	[016003, 016002, 016001]
5781	16	016003	016001	1	41.0	3.0	0,904	true	[016003, 016002, 016005, 016000, 016001]
5782	16	016003	016001	2	24.0	4.0	0,913	true	[016003, 016002, 016005, 016004, 016006, 016001]
5783	16	016003	016001	3	24.0	4.0	0,876	true	[016003, 016002, 016005, 016004, 016006, 016007, 016001]
5784	16	016003	016001	4	24.0	6.0	0,885	true	[016003, 016002, 016005, 016004, 016007, 016001]
5785	16	016003	016001	5	24.0	5.0	0,867	true	[016003, 016002, 016005, 016004, 016007, 016006, 016001]
5786	16	016003	016001	6	38.0	5.0	0,904	true	[016003, 016002, 016005, 016006, 016001]
5787	16	016003	016001	7	46.0	4.0	0,859	true	[016003, 016002, 016005, 016006, 016004, 016007, 016001]
5788	16	016003	016001	8	50.0	5.0	0,867	true	[016003, 016002, 016005, 016006, 016007, 016001]
5789	16	016003	016001	9	5.0	3.0	0,894	true	[016003, 016002, 016005, 016007, 016001]
5790	16	016003	016001	10	5.0	3.0	0,868	true	[016003, 016002, 016005, 016007, 016004, 016006, 016001]
5791	16	016003	016001	11	5.0	3.0	0,876	true	[016003, 016002, 016005, 016007, 016006, 016001]
5792	16	016003	016001	12	54.0	4.0	0,931	true	[016003, 016002, 016007, 016001]
5793	16	016003	016001	13	24.0	3.0	0,894	true	[016003, 016002, 016007, 016004, 016005, 016000, 016001]
5794	16	016003	016001	14	24.0	4.0	0,894	true	[016003, 016002, 016007, 016004, 016005, 016006, 016001]
5795	16	016003	016001	15	38.0	4.0	0,903	true	[016003, 016002, 016007, 016004, 016006, 016001]
5796	16	016003	016001	16	41.0	3.0	0,868	true	[016003, 016002, 016007, 016004, 016006, 016005, 016000, 016001]
5797	16	016003	016001	17	5.0	3.0	0,904	true	[016003, 016002, 016007, 016005, 016000, 016001]
5798	16	016003	016001	18	5.0	3.0	0,913	true	[016003, 016002, 016007, 016005, 016004, 016006, 016001]
5799	16	016003	016001	19	5.0	3.0	0,904	true	[016003, 016002, 016007, 016005, 016006, 016001]
5800	16	016003	016001	20	38.0	4.0	0,913	true	[016003, 016002, 016007, 016006, 016001]
5801	16	016003	016001	21	24.0	3.0	0,885	true	[016003, 016002, 016007, 016006, 016004, 016005, 016000, 016001]
5802	16	016003	016001	22	41.0	3.0	0,876	true	[016003, 016002, 016007, 016006, 016005, 016000, 016001]
5803	16	016003	016001	23	24.0	3.0	0,951	true	[016003, 016004, 016005, 016000, 016001]
5804	16	016003	016001	24	24.0	9.0	0,941	true	[016003, 016004, 016005, 016002, 016001]
5805	16	016003	016001	25	24.0	4.0	0,941	true	[016003, 016004, 016005, 016002, 016007, 016001]
5806	16	016003	016001	26	24.0	4.0	0,922	true	[016003, 016004, 016005, 016002, 016007, 016006, 016001]
5807	16	016003	016001	27	24.0	5.0	0,951	true	[016003, 016004, 016005, 016006, 016001]
5808	16	016003	016001	28	24.0	5.0	0,913	true	[016003, 016004, 016005, 016006, 016007, 016001]
5809	16	016003	016001	29	24.0	4.0	0,913	true	[016003, 016004, 016005, 016006, 016007, 016002, 016001]
5810	16	016003	016001	30	5.0	3.0	0,941	true	[016003, 016004, 016005, 016007, 016001]
5811	16	016003	016001	31	5.0	3.0	0,941	true	[016003, 016004, 016005, 016007, 016002, 016001]
5812	16	016003	016001	32	5.0	3.0	0,922	true	[016003, 016004, 016005, 016007, 016006, 016001]
5813	16	016003	016001	33	38.0	4.0	0,960	true	[016003, 016004, 016006, 016001]
5814	16	016003	016001	34	41.0	3.0	0,922	true	[016003, 016004, 016006, 016005, 016000, 016001]
5815	16	016003	016001	35	46.0	4.0	0,913	true	[016003, 016004, 016006, 016005, 016002, 016001]
5816	16	016003	016001	36	54.0	4.0	0,913	true	[016003, 016004, 016006, 016005, 016002, 016007, 016001]
5817	16	016003	016001	37	5.0	3.0	0,913	true	[016003, 016004, 016006, 016005, 016007, 016001]
5818	16	016003	016001	38	5.0	3.0	0,913	true	[016003, 016004, 016006, 016005, 016007, 016002, 016001]
5819	16	016003	016001	39	50.0	4.0	0,922	true	[016003, 016004, 016006, 016007, 016001]
5820	16	016003	016001	40	46.0	4.0	0,922	true	[016003, 016004, 016006, 016007, 016002, 016001]
5821	16	016003	016001	41	41.0	3.0	0,895	true	[016003, 016004, 016006, 016007, 016002, 016005, 016000, 016001]
5822	16	016003	016001	42	5.0	3.0	0,895	true	[016003, 016004, 016006, 016007, 016005, 016000, 016001]
5823	16	016003	016001	43	5.0	3.0	0,886	true	[016003, 016004, 016006, 016007, 016005, 016002, 016001]
5824	16	016003	016001	44	46.0	6.0	0,931	true	[016003, 016004, 016007, 016001]
5825	16	016003	016001	45	46.0	4.0	0,931	true	[016003, 016004, 016007, 016002, 016001]
5826	16	016003	016001	46	41.0	3.0	0,904	true	[016003, 016004, 016007, 016002, 016005, 016000, 016001]
5827	16	016003	016001	47	38.0	4.0	0,904	true	[016003, 016004, 016007, 016002, 016005, 016006, 016001]
5828	16	016003	016001	48	5.0	3.0	0,904	true	[016003, 016004, 016007, 016005, 016000, 016001]
5829	16	016003	016001	49	5.0	3.0	0,895	true	[016003, 016004, 016007, 016005, 016002, 016001]
5830	16	016003	016001	50	5.0	3.0	0,904	true	[016003, 016004, 016007, 016005, 016006, 016001]
5831	16	016003	016001	51	38.0	5.0	0,913	true	[016003, 016004, 016007, 016006, 016001]
5832	16	016003	016001	52	41.0	3.0	0,877	true	[016003, 016004, 016007, 016006, 016005, 016000, 016001]
5833	16	016003	016001	53	46.0	5.0	0,868	true	[016003, 016004, 016007, 016006, 016005, 016002, 016001]
5834	16	016003	016001	54	41.0	3.0	0,922	true	[016003, 016005, 016000, 016001]
5835	16	016003	016001	55	42.0	7.0	0,913	true	[016003, 016005, 016002, 016001]
5836	16	016003	016001	56	42.0	4.0	0,913	true	[016003, 016005, 016002, 016007, 016001]
5837	16	016003	016001	57	38.0	4.0	0,885	true	[016003, 016005, 016002, 016007, 016004, 016006, 016001]
5838	16	016003	016001	58	38.0	4.0	0,894	true	[016003, 016005, 016002, 016007, 016006, 016001]
5839	16	016003	016001	59	24.0	4.0	0,931	true	[016003, 016005, 016004, 016006, 016001]
5840	16	016003	016001	60	24.0	4.0	0,894	true	[016003, 016005, 016004, 016006, 016007, 016001]
5841	16	016003	016001	61	24.0	4.0	0,894	true	[016003, 016005, 016004, 016006, 016007, 016002, 016001]
5842	16	016003	016001	62	24.0	6.0	0,903	true	[016003, 016005, 016004, 016007, 016001]
5843	16	016003	016001	63	24.0	4.0	0,903	true	[016003, 016005, 016004, 016007, 016002, 016001]
5844	16	016003	016001	64	24.0	5.0	0,885	true	[016003, 016005, 016004, 016007, 016006, 016001]
5845	16	016003	016001	65	38.0	5.0	0,922	true	[016003, 016005, 016006, 016001]
5846	16	016003	016001	66	42.0	4.0	0,876	true	[016003, 016005, 016006, 016004, 016007, 016001]
5847	16	016003	016001	67	42.0	4.0	0,876	true	[016003, 016005, 016006, 016004, 016007, 016002, 016001]
5848	16	016003	016001	68	42.0	5.0	0,885	true	[016003, 016005, 016006, 016007, 016001]
5849	16	016003	016001	69	42.0	4.0	0,885	true	[016003, 016005, 016006, 016007, 016002, 016001]
5850	16	016003	016001	70	5.0	3.0	0,913	true	[016003, 016005, 016007, 016001]
5851	16	016003	016001	71	5.0	3.0	0,913	true	[016003, 016005, 016007, 016002, 016001]
5852	16	016003	016001	72	5.0	3.0	0,885	true	[016003, 016005, 016007, 016004, 016006, 016001]
5853	16	016003	016001	73	5.0	3.0	0,894	true	[016003, 016005, 016007, 016006, 016001]
5854	16	016003	016001	74	16.0	5.0	0,970	true	[016003, 016006, 016001]
5855	16	016003	016001	75	16.0	3.0	0,941	true	[016003, 016006, 016004, 016005, 016000, 016001]
5856	16	016003	016001	76	16.0	4.0	0,932	true	[016003, 016006, 016004, 016005, 016002, 016001]
5857	16	016003	016001	77	16.0	4.0	0,932	true	[016003, 016006, 016004, 016005, 016002, 016007, 016001]
5858	16	016003	016001	78	5.0	3.0	0,932	true	[016003, 016006, 016004, 016005, 016007, 016001]
5859	16	016003	016001	79	5.0	3.0	0,932	true	[016003, 016006, 016004, 016005, 016007, 016002, 016001]
5860	16	016003	016001	80	16.0	4.0	0,922	true	[016003, 016006, 016004, 016007, 016001]
5861	16	016003	016001	81	16.0	4.0	0,922	true	[016003, 016006, 016004, 016007, 016002, 016001]
5862	16	016003	016001	82	16.0	3.0	0,895	true	[016003, 016006, 016004, 016007, 016002, 016005, 016000, 016001]
5863	16	016003	016001	83	5.0	3.0	0,895	true	[016003, 016006, 016004, 016007, 016005, 016000, 016001]
5864	16	016003	016001	84	5.0	3.0	0,886	true	[016003, 016006, 016004, 016007, 016005, 016002, 016001]
5865	16	016003	016001	85	16.0	3.0	0,932	true	[016003, 016006, 016005, 016000, 016001]
5866	16	016003	016001	86	16.0	5.0	0,922	true	[016003, 016006, 016005, 016002, 016001]
5867	16	016003	016001	87	16.0	4.0	0,922	true	[016003, 016006, 016005, 016002, 016007, 016001]
5868	16	016003	016001	88	16.0	5.0	0,913	true	[016003, 016006, 016005, 016004, 016007, 016001]
5869	16	016003	016001	89	16.0	4.0	0,913	true	[016003, 016006, 016005, 016004, 016007, 016002, 016001]
5870	16	016003	016001	90	5.0	3.0	0,922	true	[016003, 016006, 016005, 016007, 016001]
5871	16	016003	016001	91	5.0	3.0	0,922	true	[016003, 016006, 016005, 016007, 016002, 016001]
5872	16	016003	016001	92	16.0	5.0	0,931	true	[016003, 016006, 016007, 016001]
5873	16	016003	016001	93	16.0	4.0	0,931	true	[016003, 016006, 016007, 016002, 016001]
5874	16	016003	016001	94	16.0	3.0	0,904	true	[016003, 016006, 016007, 016002, 016005, 016000, 016001]
5875	16	016003	016001	95	16.0	3.0	0,895	true	[016003, 016006, 016007, 016004, 016005, 016000, 016001]
5876	16	016003	016001	96	16.0	5.0	0,885	true	[016003, 016006, 016007, 016004, 016005, 016002, 016001]
5877	16	016003	016001	97	5.0	3.0	0,904	true	[016003, 016006, 016007, 016005, 016000, 016001]
5878	16	016003	016001	98	5.0	3.0	0,895	true	[016003, 016006, 016007, 016005, 016002, 016001]
5879	16	016003	016001	99	27.0	6.0	0,970	true	[016003, 016007, 016001]
5880	16	016003	016001	100	27.0	4.0	0,970	true	[016003, 016007, 016002, 016001]
5881	17	017000	017004	0	16.0	3.0	0,867	true	[017000, 017001, 017002, 017003, 017006, 017005, 017004]
5882	17	017000	017004	1	18.0	3.0	0,832	true	[017000, 017001, 017002, 017003, 017006, 017005, 017007, 017004]
5883	17	017000	017004	2	18.0	4.0	0,876	true	[017000, 017001, 017002, 017003, 017006, 017007, 017004]
5884	17	017000	017004	3	16.0	4.0	0,823	true	[017000, 017001, 017002, 017003, 017006, 017007, 017005, 017004]
5885	17	017000	017004	4	18.0	5.0	0,849	true	[017000, 017001, 017002, 017003, 017007, 017004]
5886	17	017000	017004	5	16.0	5.0	0,798	true	[017000, 017001, 017002, 017003, 017007, 017005, 017004]
5887	17	017000	017004	6	16.0	3.0	0,840	true	[017000, 017001, 017002, 017003, 017007, 017006, 017005, 017004]
5888	17	017000	017004	7	18.0	4.0	0,912	true	[017000, 017001, 017002, 017004]
5889	17	017000	017004	8	18.0	5.0	0,858	true	[017000, 017001, 017002, 017006, 017003, 017007, 017004]
5890	17	017000	017004	9	16.0	5.0	0,807	true	[017000, 017001, 017002, 017006, 017003, 017007, 017005, 017004]
5891	17	017000	017004	10	16.0	3.0	0,894	true	[017000, 017001, 017002, 017006, 017005, 017004]
5892	17	017000	017004	11	18.0	3.0	0,858	true	[017000, 017001, 017002, 017006, 017005, 017007, 017004]
5893	17	017000	017004	12	18.0	4.0	0,903	true	[017000, 017001, 017002, 017006, 017007, 017004]
5894	17	017000	017004	13	16.0	4.0	0,849	true	[017000, 017001, 017002, 017006, 017007, 017005, 017004]
5895	17	017000	017004	14	16.0	3.0	0,850	true	[017000, 017001, 017002, 017007, 017003, 017006, 017005, 017004]
5896	17	017000	017004	15	18.0	3.0	0,903	true	[017000, 017001, 017002, 017007, 017004]
5897	17	017000	017004	16	16.0	3.0	0,849	true	[017000, 017001, 017002, 017007, 017005, 017004]
5898	17	017000	017004	17	16.0	3.0	0,894	true	[017000, 017001, 017002, 017007, 017006, 017005, 017004]
5899	17	017000	017004	18	50.0	4.0	0,903	true	[017000, 017001, 017003, 017002, 017004]
5900	17	017000	017004	19	16.0	3.0	0,885	true	[017000, 017001, 017003, 017002, 017006, 017005, 017004]
5901	17	017000	017004	20	45.0	3.0	0,849	true	[017000, 017001, 017003, 017002, 017006, 017005, 017007, 017004]
5902	17	017000	017004	21	35.0	4.0	0,894	true	[017000, 017001, 017003, 017002, 017006, 017007, 017004]
5903	17	017000	017004	22	16.0	4.0	0,840	true	[017000, 017001, 017003, 017002, 017006, 017007, 017005, 017004]
5904	17	017000	017004	23	45.0	3.0	0,894	true	[017000, 017001, 017003, 017002, 017007, 017004]
5905	17	017000	017004	24	16.0	3.0	0,840	true	[017000, 017001, 017003, 017002, 017007, 017005, 017004]
5906	17	017000	017004	25	16.0	3.0	0,885	true	[017000, 017001, 017003, 017002, 017007, 017006, 017005, 017004]
5907	17	017000	017004	26	50.0	4.0	0,912	true	[017000, 017001, 017003, 017006, 017002, 017004]
5908	17	017000	017004	27	45.0	3.0	0,904	true	[017000, 017001, 017003, 017006, 017002, 017007, 017004]
5909	17	017000	017004	28	16.0	3.0	0,850	true	[017000, 017001, 017003, 017006, 017002, 017007, 017005, 017004]
5910	17	017000	017004	29	16.0	3.0	0,950	true	[017000, 017001, 017003, 017006, 017005, 017004]
5911	17	017000	017004	30	50.0	3.0	0,867	true	[017000, 017001, 017003, 017006, 017005, 017007, 017002, 017004]
5912	17	017000	017004	31	45.0	3.0	0,912	true	[017000, 017001, 017003, 017006, 017005, 017007, 017004]
5913	17	017000	017004	32	35.0	3.0	0,912	true	[017000, 017001, 017003, 017006, 017007, 017002, 017004]
5914	17	017000	017004	33	35.0	4.0	0,960	true	[017000, 017001, 017003, 017006, 017007, 017004]
5915	17	017000	017004	34	16.0	4.0	0,903	true	[017000, 017001, 017003, 017006, 017007, 017005, 017004]
5916	17	017000	017004	35	21.0	3.0	0,885	true	[017000, 017001, 017003, 017007, 017002, 017004]
5917	17	017000	017004	36	16.0	3.0	0,867	true	[017000, 017001, 017003, 017007, 017002, 017006, 017005, 017004]
5918	17	017000	017004	37	21.0	5.0	0,931	true	[017000, 017001, 017003, 017007, 017004]
5919	17	017000	017004	38	16.0	5.0	0,876	true	[017000, 017001, 017003, 017007, 017005, 017004]
5920	17	017000	017004	39	21.0	3.0	0,840	true	[017000, 017001, 017003, 017007, 017005, 017006, 017002, 017004]
5921	17	017000	017004	40	21.0	4.0	0,885	true	[017000, 017001, 017003, 017007, 017006, 017002, 017004]
5922	17	017000	017004	41	16.0	3.0	0,922	true	[017000, 017001, 017003, 017007, 017006, 017005, 017004]
5923	17	017000	017004	42	47.0	5.0	0,950	true	[017000, 017001, 017004]
5924	17	017000	017004	43	16.0	5.0	0,950	true	[017000, 017001, 017005, 017004]
5925	17	017000	017004	44	21.0	3.0	0,850	true	[017000, 017001, 017005, 017006, 017002, 017003, 017007, 017004]
5926	17	017000	017004	45	35.0	3.0	0,912	true	[017000, 017001, 017005, 017006, 017002, 017004]
5927	17	017000	017004	46	35.0	3.0	0,904	true	[017000, 017001, 017005, 017006, 017002, 017007, 017004]
5928	17	017000	017004	47	35.0	3.0	0,885	true	[017000, 017001, 017005, 017006, 017003, 017002, 017004]
5929	17	017000	017004	48	35.0	3.0	0,876	true	[017000, 017001, 017005, 017006, 017003, 017002, 017007, 017004]
5930	17	017000	017004	49	21.0	3.0	0,867	true	[017000, 017001, 017005, 017006, 017003, 017007, 017002, 017004]
5931	17	017000	017004	50	21.0	3.0	0,913	true	[017000, 017001, 017005, 017006, 017003, 017007, 017004]
5932	17	017000	017004	51	35.0	3.0	0,912	true	[017000, 017001, 017005, 017006, 017007, 017002, 017004]
5933	17	017000	017004	52	21.0	3.0	0,858	true	[017000, 017001, 017005, 017006, 017007, 017003, 017002, 017004]
5934	17	017000	017004	53	35.0	3.0	0,960	true	[017000, 017001, 017005, 017006, 017007, 017004]
5935	17	017000	017004	54	35.0	3.0	0,867	true	[017000, 017001, 017005, 017007, 017002, 017004]
5936	17	017000	017004	55	21.0	4.0	0,815	true	[017000, 017001, 017005, 017007, 017003, 017002, 017004]
5937	17	017000	017004	56	21.0	4.0	0,824	true	[017000, 017001, 017005, 017007, 017003, 017006, 017002, 017004]
5938	17	017000	017004	57	35.0	5.0	0,912	true	[017000, 017001, 017005, 017007, 017004]
5939	17	017000	017004	58	35.0	4.0	0,867	true	[017000, 017001, 017005, 017007, 017006, 017002, 017004]
5940	17	017000	017004	59	35.0	4.0	0,840	true	[017000, 017001, 017005, 017007, 017006, 017003, 017002, 017004]
5941	17	017000	017004	60	7.0	4.0	0,841	true	[017000, 017001, 017006, 017002, 017003, 017007, 017004]
5942	17	017000	017004	61	7.0	4.0	0,791	true	[017000, 017001, 017006, 017002, 017003, 017007, 017005, 017004]
5943	17	017000	017004	62	7.0	4.0	0,903	true	[017000, 017001, 017006, 017002, 017004]
5944	17	017000	017004	63	7.0	3.0	0,894	true	[017000, 017001, 017006, 017002, 017007, 017004]
5945	17	017000	017004	64	7.0	3.0	0,841	true	[017000, 017001, 017006, 017002, 017007, 017005, 017004]
5946	17	017000	017004	65	7.0	4.0	0,876	true	[017000, 017001, 017006, 017003, 017002, 017004]
5947	17	017000	017004	66	7.0	3.0	0,867	true	[017000, 017001, 017006, 017003, 017002, 017007, 017004]
5948	17	017000	017004	67	7.0	3.0	0,815	true	[017000, 017001, 017006, 017003, 017002, 017007, 017005, 017004]
5949	17	017000	017004	68	7.0	3.0	0,858	true	[017000, 017001, 017006, 017003, 017007, 017002, 017004]
5950	17	017000	017004	69	7.0	4.0	0,903	true	[017000, 017001, 017006, 017003, 017007, 017004]
5951	17	017000	017004	70	7.0	4.0	0,849	true	[017000, 017001, 017006, 017003, 017007, 017005, 017004]
5952	17	017000	017004	71	7.0	3.0	0,941	true	[017000, 017001, 017006, 017005, 017004]
5953	17	017000	017004	72	7.0	3.0	0,858	true	[017000, 017001, 017006, 017005, 017007, 017002, 017004]
5954	17	017000	017004	73	7.0	3.0	0,807	true	[017000, 017001, 017006, 017005, 017007, 017003, 017002, 017004]
5955	17	017000	017004	74	7.0	3.0	0,903	true	[017000, 017001, 017006, 017005, 017007, 017004]
5956	17	017000	017004	75	7.0	3.0	0,903	true	[017000, 017001, 017006, 017007, 017002, 017004]
5957	17	017000	017004	76	7.0	4.0	0,849	true	[017000, 017001, 017006, 017007, 017003, 017002, 017004]
5958	17	017000	017004	77	7.0	4.0	0,951	true	[017000, 017001, 017006, 017007, 017004]
5959	17	017000	017004	78	7.0	4.0	0,894	true	[017000, 017001, 017006, 017007, 017005, 017004]
5960	17	017000	017004	79	55.0	6.0	0,960	true	[017000, 017004]
5961	17	017000	017004	80	7.0	4.0	0,824	true	[017000, 017006, 017001, 017002, 017003, 017007, 017004]
5962	17	017000	017004	81	7.0	4.0	0,775	true	[017000, 017006, 017001, 017002, 017003, 017007, 017005, 017004]
5963	17	017000	017004	82	7.0	4.0	0,885	true	[017000, 017006, 017001, 017002, 017004]
5964	17	017000	017004	83	7.0	3.0	0,876	true	[017000, 017006, 017001, 017002, 017007, 017004]
5965	17	017000	017004	84	7.0	3.0	0,824	true	[017000, 017006, 017001, 017002, 017007, 017005, 017004]
5966	17	017000	017004	85	7.0	4.0	0,876	true	[017000, 017006, 017001, 017003, 017002, 017004]
5967	17	017000	017004	86	7.0	3.0	0,867	true	[017000, 017006, 017001, 017003, 017002, 017007, 017004]
5968	17	017000	017004	87	7.0	3.0	0,815	true	[017000, 017006, 017001, 017003, 017002, 017007, 017005, 017004]
5969	17	017000	017004	88	7.0	3.0	0,858	true	[017000, 017006, 017001, 017003, 017007, 017002, 017004]
5970	17	017000	017004	89	7.0	4.0	0,903	true	[017000, 017006, 017001, 017003, 017007, 017004]
5971	17	017000	017004	90	7.0	4.0	0,849	true	[017000, 017006, 017001, 017003, 017007, 017005, 017004]
5972	17	017000	017004	91	7.0	4.0	0,922	true	[017000, 017006, 017001, 017004]
5973	17	017000	017004	92	7.0	4.0	0,922	true	[017000, 017006, 017001, 017005, 017004]
5974	17	017000	017004	93	7.0	3.0	0,841	true	[017000, 017006, 017001, 017005, 017007, 017002, 017004]
5975	17	017000	017004	94	7.0	4.0	0,791	true	[017000, 017006, 017001, 017005, 017007, 017003, 017002, 017004]
5976	17	017000	017004	95	7.0	4.0	0,885	true	[017000, 017006, 017001, 017005, 017007, 017004]
5977	17	017000	017004	96	18.0	6.0	0,858	true	[017000, 017006, 017002, 017001, 017003, 017007, 017004]
5978	17	017000	017004	97	16.0	5.0	0,807	true	[017000, 017006, 017002, 017001, 017003, 017007, 017005, 017004]
5979	17	017000	017004	98	18.0	6.0	0,876	true	[017000, 017006, 017002, 017001, 017004]
5980	17	017000	017004	99	16.0	5.0	0,876	true	[017000, 017006, 017002, 017001, 017005, 017004]
5981	17	017000	017004	100	18.0	5.0	0,841	true	[017000, 017006, 017002, 017001, 017005, 017007, 017004]
5982	17	017000	017004	101	57.0	4.0	0,912	true	[017000, 017006, 017002, 017004]
5983	18	018004	018005	0	7.0	3.0	0,903	true	[018004, 018000, 018002, 018003, 018001, 018005]
5984	18	018004	018005	1	7.0	3.0	0,858	true	[018004, 018000, 018002, 018003, 018001, 018007, 018005]
5985	18	018004	018005	2	7.0	3.0	0,885	true	[018004, 018000, 018002, 018003, 018006, 018005]
5986	18	018004	018005	3	16.0	3.0	0,950	true	[018004, 018000, 018002, 018005]
5987	18	018004	018005	4	6.0	3.0	0,807	true	[018004, 018000, 018002, 018007, 018001, 018003, 018006, 018005]
5988	18	018004	018005	5	6.0	3.0	0,894	true	[018004, 018000, 018002, 018007, 018001, 018005]
5989	18	018004	018005	6	6.0	3.0	0,941	true	[018004, 018000, 018002, 018007, 018005]
5990	18	018004	018005	7	9.0	3.0	0,903	true	[018004, 018000, 018003, 018001, 018005]
5991	18	018004	018005	8	6.0	3.0	0,850	true	[018004, 018000, 018003, 018001, 018007, 018002, 018005]
5992	18	018004	018005	9	9.0	3.0	0,858	true	[018004, 018000, 018003, 018001, 018007, 018005]
5993	18	018004	018005	10	7.0	3.0	0,931	true	[018004, 018000, 018003, 018002, 018005]
5994	18	018004	018005	11	6.0	3.0	0,876	true	[018004, 018000, 018003, 018002, 018007, 018001, 018005]
5995	18	018004	018005	12	6.0	3.0	0,922	true	[018004, 018000, 018003, 018002, 018007, 018005]
5996	18	018004	018005	13	10.0	3.0	0,885	true	[018004, 018000, 018003, 018006, 018005]
5997	18	018004	018005	14	37.0	4.0	0,912	true	[018004, 018000, 018005]
5998	18	018004	018005	15	9.0	6.0	0,885	true	[018004, 018000, 018006, 018003, 018001, 018005]
5999	18	018004	018005	16	6.0	6.0	0,833	true	[018004, 018000, 018006, 018003, 018001, 018007, 018002, 018005]
6000	18	018004	018005	17	9.0	4.0	0,841	true	[018004, 018000, 018006, 018003, 018001, 018007, 018005]
6001	18	018004	018005	18	7.0	6.0	0,913	true	[018004, 018000, 018006, 018003, 018002, 018005]
6002	18	018004	018005	19	6.0	6.0	0,859	true	[018004, 018000, 018006, 018003, 018002, 018007, 018001, 018005]
6003	18	018004	018005	20	6.0	4.0	0,904	true	[018004, 018000, 018006, 018003, 018002, 018007, 018005]
6004	18	018004	018005	21	10.0	5.0	0,903	true	[018004, 018000, 018006, 018005]
6005	18	018004	018005	22	7.0	6.0	0,824	true	[018004, 018000, 018007, 018001, 018003, 018002, 018005]
6006	18	018004	018005	23	9.0	5.0	0,783	true	[018004, 018000, 018007, 018001, 018003, 018006, 018005]
6007	18	018004	018005	24	21.0	6.0	0,867	true	[018004, 018000, 018007, 018001, 018005]
6008	18	018004	018005	25	6.0	6.0	0,858	true	[018004, 018000, 018007, 018002, 018003, 018001, 018005]
6009	18	018004	018005	26	6.0	5.0	0,841	true	[018004, 018000, 018007, 018002, 018003, 018006, 018005]
6010	18	018004	018005	27	6.0	6.0	0,903	true	[018004, 018000, 018007, 018002, 018005]
6011	18	018004	018005	28	57.0	4.0	0,912	true	[018004, 018000, 018007, 018005]
6012	18	018004	018005	29	9.0	3.0	0,931	true	[018004, 018001, 018003, 018000, 018002, 018005]
6013	18	018004	018005	30	6.0	3.0	0,922	true	[018004, 018001, 018003, 018000, 018002, 018007, 018005]
6014	18	018004	018005	31	9.0	3.0	0,894	true	[018004, 018001, 018003, 018000, 018005]
6015	18	018004	018005	32	9.0	3.0	0,885	true	[018004, 018001, 018003, 018000, 018006, 018005]
6016	18	018004	018005	33	6.0	3.0	0,885	true	[018004, 018001, 018003, 018000, 018007, 018002, 018005]
6017	18	018004	018005	34	9.0	3.0	0,894	true	[018004, 018001, 018003, 018000, 018007, 018005]
6018	18	018004	018005	35	7.0	3.0	0,894	true	[018004, 018001, 018003, 018002, 018000, 018005]
6019	18	018004	018005	36	7.0	3.0	0,885	true	[018004, 018001, 018003, 018002, 018000, 018006, 018005]
6020	18	018004	018005	37	7.0	3.0	0,894	true	[018004, 018001, 018003, 018002, 018000, 018007, 018005]
6021	18	018004	018005	38	7.0	3.0	0,931	true	[018004, 018001, 018003, 018002, 018005]
6022	18	018004	018005	39	6.0	3.0	0,850	true	[018004, 018001, 018003, 018002, 018007, 018000, 018005]
6023	18	018004	018005	40	6.0	3.0	0,841	true	[018004, 018001, 018003, 018002, 018007, 018000, 018006, 018005]
6024	18	018004	018005	41	6.0	3.0	0,922	true	[018004, 018001, 018003, 018002, 018007, 018005]
6025	18	018004	018005	42	9.0	3.0	0,913	true	[018004, 018001, 018003, 018006, 018000, 018002, 018005]
6026	18	018004	018005	43	6.0	3.0	0,904	true	[018004, 018001, 018003, 018006, 018000, 018002, 018007, 018005]
6027	18	018004	018005	44	9.0	3.0	0,876	true	[018004, 018001, 018003, 018006, 018000, 018005]
6028	18	018004	018005	45	6.0	3.0	0,868	true	[018004, 018001, 018003, 018006, 018000, 018007, 018002, 018005]
6029	18	018004	018005	46	9.0	3.0	0,876	true	[018004, 018001, 018003, 018006, 018000, 018007, 018005]
6030	18	018004	018005	47	9.0	3.0	0,885	true	[018004, 018001, 018003, 018006, 018005]
6031	18	018004	018005	48	21.0	3.0	0,980	true	[018004, 018001, 018005]
6032	18	018004	018005	49	7.0	3.0	0,832	true	[018004, 018001, 018007, 018000, 018002, 018003, 018006, 018005]
6033	18	018004	018005	50	16.0	3.0	0,894	true	[018004, 018001, 018007, 018000, 018002, 018005]
6034	18	018004	018005	51	7.0	3.0	0,876	true	[018004, 018001, 018007, 018000, 018003, 018002, 018005]
6035	18	018004	018005	52	10.0	3.0	0,832	true	[018004, 018001, 018007, 018000, 018003, 018006, 018005]
6036	18	018004	018005	53	25.0	3.0	0,858	true	[018004, 018001, 018007, 018000, 018005]
6037	18	018004	018005	54	7.0	3.0	0,859	true	[018004, 018001, 018007, 018000, 018006, 018003, 018002, 018005]
6038	18	018004	018005	55	10.0	3.0	0,849	true	[018004, 018001, 018007, 018000, 018006, 018005]
6039	18	018004	018005	56	6.0	3.0	0,858	true	[018004, 018001, 018007, 018002, 018000, 018003, 018006, 018005]
6040	18	018004	018005	57	6.0	3.0	0,885	true	[018004, 018001, 018007, 018002, 018000, 018005]
6041	18	018004	018005	58	6.0	3.0	0,876	true	[018004, 018001, 018007, 018002, 018000, 018006, 018005]
6042	18	018004	018005	59	6.0	3.0	0,867	true	[018004, 018001, 018007, 018002, 018003, 018000, 018005]
6043	18	018004	018005	60	6.0	3.0	0,858	true	[018004, 018001, 018007, 018002, 018003, 018000, 018006, 018005]
6044	18	018004	018005	61	6.0	3.0	0,850	true	[018004, 018001, 018007, 018002, 018003, 018006, 018000, 018005]
6045	18	018004	018005	62	6.0	3.0	0,858	true	[018004, 018001, 018007, 018002, 018003, 018006, 018005]
6046	18	018004	018005	63	6.0	3.0	0,922	true	[018004, 018001, 018007, 018002, 018005]
6047	18	018004	018005	64	25.0	3.0	0,931	true	[018004, 018001, 018007, 018005]
6048	18	018004	018005	65	9.0	3.0	0,903	true	[018004, 018002, 018000, 018003, 018001, 018005]
6049	18	018004	018005	66	9.0	3.0	0,858	true	[018004, 018002, 018000, 018003, 018001, 018007, 018005]
6050	18	018004	018005	67	10.0	3.0	0,885	true	[018004, 018002, 018000, 018003, 018006, 018005]
6051	18	018004	018005	68	16.0	3.0	0,912	true	[018004, 018002, 018000, 018005]
6052	18	018004	018005	69	9.0	3.0	0,885	true	[018004, 018002, 018000, 018006, 018003, 018001, 018005]
6053	18	018004	018005	70	9.0	3.0	0,841	true	[018004, 018002, 018000, 018006, 018003, 018001, 018007, 018005]
6054	18	018004	018005	71	10.0	3.0	0,903	true	[018004, 018002, 018000, 018006, 018005]
6055	18	018004	018005	72	9.0	3.0	0,783	true	[018004, 018002, 018000, 018007, 018001, 018003, 018006, 018005]
6056	18	018004	018005	73	16.0	3.0	0,867	true	[018004, 018002, 018000, 018007, 018001, 018005]
6057	18	018004	018005	74	16.0	3.0	0,912	true	[018004, 018002, 018000, 018007, 018005]
6058	18	018004	018005	75	7.0	3.0	0,894	true	[018004, 018002, 018003, 018000, 018005]
6059	18	018004	018005	76	7.0	3.0	0,885	true	[018004, 018002, 018003, 018000, 018006, 018005]
6060	18	018004	018005	77	7.0	3.0	0,850	true	[018004, 018002, 018003, 018000, 018007, 018001, 018005]
6061	18	018004	018005	78	7.0	3.0	0,894	true	[018004, 018002, 018003, 018000, 018007, 018005]
6062	18	018004	018005	79	7.0	4.0	0,903	true	[018004, 018002, 018003, 018001, 018005]
6063	18	018004	018005	80	7.0	4.0	0,790	true	[018004, 018002, 018003, 018001, 018007, 018000, 018005]
6064	18	018004	018005	81	7.0	4.0	0,783	true	[018004, 018002, 018003, 018001, 018007, 018000, 018006, 018005]
6065	18	018004	018005	82	7.0	4.0	0,858	true	[018004, 018002, 018003, 018001, 018007, 018005]
6066	18	018004	018005	83	7.0	4.0	0,876	true	[018004, 018002, 018003, 018006, 018000, 018005]
6067	18	018004	018005	84	7.0	4.0	0,833	true	[018004, 018002, 018003, 018006, 018000, 018007, 018001, 018005]
6068	18	018004	018005	85	7.0	4.0	0,876	true	[018004, 018002, 018003, 018006, 018000, 018007, 018005]
6069	18	018004	018005	86	7.0	4.0	0,885	true	[018004, 018002, 018003, 018006, 018005]
6070	18	018004	018005	87	20.0	4.0	0,950	true	[018004, 018002, 018005]
6071	18	018004	018005	88	6.0	3.0	0,858	true	[018004, 018002, 018007, 018000, 018003, 018001, 018005]
6072	18	018004	018005	89	6.0	3.0	0,841	true	[018004, 018002, 018007, 018000, 018003, 018006, 018005]
6073	18	018004	018005	90	6.0	4.0	0,867	true	[018004, 018002, 018007, 018000, 018005]
6074	18	018004	018005	91	6.0	4.0	0,841	true	[018004, 018002, 018007, 018000, 018006, 018003, 018001, 018005]
6075	18	018004	018005	92	6.0	4.0	0,858	true	[018004, 018002, 018007, 018000, 018006, 018005]
6076	18	018004	018005	93	6.0	3.0	0,815	true	[018004, 018002, 018007, 018001, 018003, 018000, 018005]
6077	18	018004	018005	94	6.0	3.0	0,807	true	[018004, 018002, 018007, 018001, 018003, 018000, 018006, 018005]
6078	18	018004	018005	95	6.0	4.0	0,799	true	[018004, 018002, 018007, 018001, 018003, 018006, 018000, 018005]
6079	18	018004	018005	96	6.0	4.0	0,807	true	[018004, 018002, 018007, 018001, 018003, 018006, 018005]
6080	18	018004	018005	97	6.0	4.0	0,894	true	[018004, 018002, 018007, 018001, 018005]
6081	18	018004	018005	98	6.0	4.0	0,941	true	[018004, 018002, 018007, 018005]
6082	18	018004	018005	99	16.0	3.0	0,941	true	[018004, 018003, 018000, 018002, 018005]
6083	18	018004	018005	100	6.0	3.0	0,885	true	[018004, 018003, 018000, 018002, 018007, 018001, 018005]
6084	18	018004	018005	101	6.0	3.0	0,931	true	[018004, 018003, 018000, 018002, 018007, 018005]
6085	18	018004	018005	102	25.0	3.0	0,903	true	[018004, 018003, 018000, 018005]
6086	19	019004	019006	0	7.0	3.0	0,774	true	[019004, 019002, 019000, 019003, 019001, 019005, 019007, 019006]
6087	19	019004	019006	1	26.0	3.0	0,774	true	[019004, 019002, 019000, 019003, 019001, 019007, 019006]
6088	19	019004	019006	2	7.0	3.0	0,774	true	[019004, 019002, 019000, 019003, 019005, 019001, 019007, 019006]
6089	19	019004	019006	3	21.0	3.0	0,790	true	[019004, 019002, 019000, 019003, 019005, 019007, 019006]
6090	19	019004	019006	4	7.0	3.0	0,841	true	[019004, 019002, 019000, 019005, 019001, 019007, 019006]
6091	19	019004	019006	5	7.0	3.0	0,774	true	[019004, 019002, 019000, 019005, 019003, 019001, 019007, 019006]
6092	19	019004	019006	6	7.0	3.0	0,858	true	[019004, 019002, 019000, 019005, 019007, 019006]
6093	19	019004	019006	7	5.0	3.0	0,903	true	[019004, 019002, 019000, 019007, 019006]
6094	19	019004	019006	8	7.0	3.0	0,774	true	[019004, 019002, 019001, 019003, 019000, 019005, 019007, 019006]
6095	19	019004	019006	9	5.0	3.0	0,815	true	[019004, 019002, 019001, 019003, 019000, 019007, 019006]
6096	19	019004	019006	10	5.0	3.0	0,815	true	[019004, 019002, 019001, 019003, 019005, 019000, 019007, 019006]
6097	19	019004	019006	11	21.0	3.0	0,790	true	[019004, 019002, 019001, 019003, 019005, 019007, 019006]
6098	19	019004	019006	12	5.0	3.0	0,885	true	[019004, 019002, 019001, 019005, 019000, 019007, 019006]
6099	19	019004	019006	13	5.0	3.0	0,815	true	[019004, 019002, 019001, 019005, 019003, 019000, 019007, 019006]
6100	19	019004	019006	14	7.0	3.0	0,858	true	[019004, 019002, 019001, 019005, 019007, 019006]
6101	19	019004	019006	15	31.0	3.0	0,858	true	[019004, 019002, 019001, 019007, 019006]
6102	19	019004	019006	16	7.0	3.0	0,980	true	[019004, 019002, 019006]
6103	19	019004	019006	17	7.0	3.0	0,759	true	[019004, 019003, 019000, 019002, 019001, 019005, 019007, 019006]
6104	19	019004	019006	18	31.0	4.0	0,759	true	[019004, 019003, 019000, 019002, 019001, 019007, 019006]
6105	19	019004	019006	19	7.0	4.0	0,867	true	[019004, 019003, 019000, 019002, 019006]
6106	19	019004	019006	20	7.0	4.0	0,850	true	[019004, 019003, 019000, 019005, 019001, 019002, 019006]
6107	19	019004	019006	21	7.0	4.0	0,807	true	[019004, 019003, 019000, 019005, 019001, 019007, 019006]
6108	19	019004	019006	22	7.0	3.0	0,783	true	[019004, 019003, 019000, 019005, 019007, 019001, 019002, 019006]
6109	19	019004	019006	23	7.0	3.0	0,823	true	[019004, 019003, 019000, 019005, 019007, 019006]
6110	19	019004	019006	24	5.0	4.0	0,823	true	[019004, 019003, 019000, 019007, 019001, 019002, 019006]
6111	19	019004	019006	25	5.0	3.0	0,824	true	[019004, 019003, 019000, 019007, 019005, 019001, 019002, 019006]
6112	19	019004	019006	26	5.0	6.0	0,866	true	[019004, 019003, 019000, 019007, 019006]
6113	19	019004	019006	27	7.0	3.0	0,759	true	[019004, 019003, 019001, 019002, 019000, 019005, 019007, 019006]
6114	19	019004	019006	28	5.0	5.0	0,798	true	[019004, 019003, 019001, 019002, 019000, 019007, 019006]
6115	19	019004	019006	29	7.0	4.0	0,867	true	[019004, 019003, 019001, 019002, 019006]
6116	19	019004	019006	30	7.0	4.0	0,850	true	[019004, 019003, 019001, 019005, 019000, 019002, 019006]
6117	19	019004	019006	31	5.0	5.0	0,849	true	[019004, 019003, 019001, 019005, 019000, 019007, 019006]
6118	19	019004	019006	32	5.0	3.0	0,824	true	[019004, 019003, 019001, 019005, 019007, 019000, 019002, 019006]
6119	19	019004	019006	33	7.0	3.0	0,823	true	[019004, 019003, 019001, 019005, 019007, 019006]
6120	19	019004	019006	34	5.0	4.0	0,823	true	[019004, 019003, 019001, 019007, 019000, 019002, 019006]
6121	19	019004	019006	35	7.0	3.0	0,783	true	[019004, 019003, 019001, 019007, 019005, 019000, 019002, 019006]
6122	19	019004	019006	36	26.0	4.0	0,823	true	[019004, 019003, 019001, 019007, 019006]
6123	19	019004	019006	37	7.0	4.0	0,759	true	[019004, 019003, 019005, 019000, 019002, 019001, 019007, 019006]
6124	19	019004	019006	38	7.0	4.0	0,867	true	[019004, 019003, 019005, 019000, 019002, 019006]
6125	19	019004	019006	39	5.0	4.0	0,824	true	[019004, 019003, 019005, 019000, 019007, 019001, 019002, 019006]
6126	19	019004	019006	40	5.0	4.0	0,867	true	[019004, 019003, 019005, 019000, 019007, 019006]
6127	19	019004	019006	41	5.0	4.0	0,799	true	[019004, 019003, 019005, 019001, 019002, 019000, 019007, 019006]
6128	19	019004	019006	42	7.0	4.0	0,867	true	[019004, 019003, 019005, 019001, 019002, 019006]
6129	19	019004	019006	43	5.0	4.0	0,824	true	[019004, 019003, 019005, 019001, 019007, 019000, 019002, 019006]
6130	19	019004	019006	44	7.0	4.0	0,823	true	[019004, 019003, 019005, 019001, 019007, 019006]
6131	19	019004	019006	45	5.0	3.0	0,841	true	[019004, 019003, 019005, 019007, 019000, 019002, 019006]
6132	19	019004	019006	46	7.0	3.0	0,799	true	[019004, 019003, 019005, 019007, 019001, 019002, 019006]
6133	19	019004	019006	47	21.0	3.0	0,840	true	[019004, 019003, 019005, 019007, 019006]
6134	19	019004	019006	48	64.0	9.0	0,990	true	[019004, 019006]
6135	19	019004	019006	49	5.0	3.0	0,922	true	[019004, 019007, 019000, 019002, 019006]
6136	19	019004	019006	50	5.0	3.0	0,832	true	[019004, 019007, 019000, 019003, 019001, 019002, 019006]
6137	19	019004	019006	51	5.0	3.0	0,832	true	[019004, 019007, 019000, 019003, 019005, 019001, 019002, 019006]
6138	19	019004	019006	52	5.0	3.0	0,904	true	[019004, 019007, 019000, 019005, 019001, 019002, 019006]
6139	19	019004	019006	53	5.0	3.0	0,832	true	[019004, 019007, 019000, 019005, 019003, 019001, 019002, 019006]
6140	19	019004	019006	54	7.0	3.0	0,876	true	[019004, 019007, 019001, 019002, 019006]
6141	19	019004	019006	55	7.0	3.0	0,790	true	[019004, 019007, 019001, 019003, 019000, 019002, 019006]
6142	19	019004	019006	56	7.0	3.0	0,791	true	[019004, 019007, 019001, 019003, 019005, 019000, 019002, 019006]
6143	19	019004	019006	57	7.0	3.0	0,858	true	[019004, 019007, 019001, 019005, 019000, 019002, 019006]
6144	19	019004	019006	58	7.0	3.0	0,791	true	[019004, 019007, 019001, 019005, 019003, 019000, 019002, 019006]
6145	19	019004	019006	59	7.0	3.0	0,876	true	[019004, 019007, 019005, 019000, 019002, 019006]
6146	19	019004	019006	60	7.0	3.0	0,791	true	[019004, 019007, 019005, 019000, 019003, 019001, 019002, 019006]
6147	19	019004	019006	61	7.0	3.0	0,876	true	[019004, 019007, 019005, 019001, 019002, 019006]
6148	19	019004	019006	62	7.0	3.0	0,791	true	[019004, 019007, 019005, 019001, 019003, 019000, 019002, 019006]
6149	19	019004	019006	63	7.0	3.0	0,807	true	[019004, 019007, 019005, 019003, 019000, 019002, 019006]
6150	19	019004	019006	64	7.0	3.0	0,807	true	[019004, 019007, 019005, 019003, 019001, 019002, 019006]
6151	19	019004	019006	65	44.0	3.0	0,922	true	[019004, 019007, 019006]
6152	19	019004	019002	66	68.0	3.0	0,990	true	[019004, 019002]
6153	19	019004	019002	67	53.0	5.0	0,876	true	[019004, 019003, 019000, 019002]
6154	19	019004	019002	68	7.0	5.0	0,858	true	[019004, 019003, 019000, 019005, 019001, 019002]
6155	19	019004	019002	69	7.0	4.0	0,799	true	[019004, 019003, 019000, 019005, 019001, 019007, 019006, 019002]
6156	19	019004	019002	70	7.0	3.0	0,790	true	[019004, 019003, 019000, 019005, 019007, 019001, 019002]
6157	19	019004	019002	71	7.0	3.0	0,815	true	[019004, 019003, 019000, 019005, 019007, 019006, 019002]
6158	19	019004	019002	72	5.0	4.0	0,832	true	[019004, 019003, 019000, 019007, 019001, 019002]
6159	19	019004	019002	73	5.0	3.0	0,832	true	[019004, 019003, 019000, 019007, 019005, 019001, 019002]
6160	19	019004	019002	74	5.0	4.0	0,858	true	[019004, 019003, 019000, 019007, 019006, 019002]
6161	19	019004	019002	75	26.0	6.0	0,876	true	[019004, 019003, 019001, 019002]
6162	19	019004	019002	76	7.0	5.0	0,858	true	[019004, 019003, 019001, 019005, 019000, 019002]
6163	19	019004	019002	77	5.0	4.0	0,841	true	[019004, 019003, 019001, 019005, 019000, 019007, 019006, 019002]
6164	19	019004	019002	78	5.0	3.0	0,832	true	[019004, 019003, 019001, 019005, 019007, 019000, 019002]
6165	19	019004	019002	79	7.0	3.0	0,815	true	[019004, 019003, 019001, 019005, 019007, 019006, 019002]
6166	19	019004	019002	80	5.0	4.0	0,832	true	[019004, 019003, 019001, 019007, 019000, 019002]
6167	19	019004	019002	81	7.0	3.0	0,790	true	[019004, 019003, 019001, 019007, 019005, 019000, 019002]
6168	19	019004	019002	82	7.0	4.0	0,815	true	[019004, 019003, 019001, 019007, 019006, 019002]
6169	19	019004	019002	83	7.0	4.0	0,876	true	[019004, 019003, 019005, 019000, 019002]
6170	19	019004	019002	84	5.0	4.0	0,832	true	[019004, 019003, 019005, 019000, 019007, 019001, 019002]
6171	19	019004	019002	85	5.0	4.0	0,858	true	[019004, 019003, 019005, 019000, 019007, 019006, 019002]
6172	19	019004	019002	86	7.0	4.0	0,876	true	[019004, 019003, 019005, 019001, 019002]
6173	19	019004	019002	87	5.0	4.0	0,832	true	[019004, 019003, 019005, 019001, 019007, 019000, 019002]
6174	19	019004	019002	88	7.0	4.0	0,815	true	[019004, 019003, 019005, 019001, 019007, 019006, 019002]
6175	19	019004	019002	89	5.0	3.0	0,849	true	[019004, 019003, 019005, 019007, 019000, 019002]
6176	19	019004	019002	90	21.0	3.0	0,807	true	[019004, 019003, 019005, 019007, 019001, 019002]
6177	19	019004	019002	91	7.0	3.0	0,832	true	[019004, 019003, 019005, 019007, 019006, 019002]
6178	19	019004	019002	92	7.0	4.0	0,980	true	[019004, 019006, 019002]
6179	19	019004	019002	93	5.0	5.0	0,903	true	[019004, 019006, 019007, 019000, 019002]
6180	19	019004	019002	94	5.0	6.0	0,815	true	[019004, 019006, 019007, 019000, 019003, 019001, 019002]
6181	19	019004	019002	95	5.0	4.0	0,815	true	[019004, 019006, 019007, 019000, 019003, 019005, 019001, 019002]
6182	19	019004	019002	96	5.0	5.0	0,885	true	[019004, 019006, 019007, 019000, 019005, 019001, 019002]
6183	19	019004	019002	97	5.0	4.0	0,815	true	[019004, 019006, 019007, 019000, 019005, 019003, 019001, 019002]
6184	19	019004	019002	98	31.0	4.0	0,858	true	[019004, 019006, 019007, 019001, 019002]
6185	19	019004	019002	99	26.0	4.0	0,774	true	[019004, 019006, 019007, 019001, 019003, 019000, 019002]
6186	19	019004	019002	100	7.0	4.0	0,774	true	[019004, 019006, 019007, 019001, 019003, 019005, 019000, 019002]
6187	20	020005	020007	0	21.0	6.0	0,798	true	[020005, 020000, 020001, 020002, 020003, 020004, 020007]
6188	20	020005	020007	1	21.0	6.0	0,832	true	[020005, 020000, 020001, 020002, 020003, 020006, 020007]
6189	20	020005	020007	2	21.0	6.0	0,824	true	[020005, 020000, 020001, 020002, 020004, 020003, 020006, 020007]
6190	20	020005	020007	3	21.0	6.0	0,876	true	[020005, 020000, 020001, 020002, 020004, 020007]
6191	20	020005	020007	4	21.0	6.0	0,782	true	[020005, 020000, 020001, 020002, 020006, 020003, 020004, 020007]
6192	20	020005	020007	5	21.0	6.0	0,849	true	[020005, 020000, 020001, 020002, 020006, 020007]
6193	20	020005	020007	6	19.0	4.0	0,807	true	[020005, 020000, 020001, 020003, 020002, 020004, 020007]
6194	20	020005	020007	7	19.0	4.0	0,782	true	[020005, 020000, 020001, 020003, 020002, 020006, 020007]
6195	20	020005	020007	8	19.0	4.0	0,775	true	[020005, 020000, 020001, 020003, 020004, 020002, 020006, 020007]
6196	20	020005	020007	9	19.0	4.0	0,815	true	[020005, 020000, 020001, 020003, 020004, 020007]
6197	20	020005	020007	10	19.0	4.0	0,791	true	[020005, 020000, 020001, 020003, 020006, 020002, 020004, 020007]
6198	20	020005	020007	11	19.0	4.0	0,850	true	[020005, 020000, 020001, 020003, 020006, 020007]
6199	20	020005	020007	12	21.0	3.0	0,816	true	[020005, 020000, 020001, 020004, 020002, 020003, 020006, 020007]
6200	20	020005	020007	13	21.0	3.0	0,832	true	[020005, 020000, 020001, 020004, 020002, 020006, 020007]
6201	20	020005	020007	14	21.0	3.0	0,759	true	[020005, 020000, 020001, 020004, 020003, 020002, 020006, 020007]
6202	20	020005	020007	15	21.0	3.0	0,824	true	[020005, 020000, 020001, 020004, 020003, 020006, 020007]
6203	20	020005	020007	16	21.0	3.0	0,876	true	[020005, 020000, 020001, 020004, 020007]
6204	20	020005	020007	17	21.0	6.0	0,743	true	[020005, 020000, 020001, 020006, 020002, 020003, 020004, 020007]
6205	20	020005	020007	18	21.0	6.0	0,815	true	[020005, 020000, 020001, 020006, 020002, 020004, 020007]
6206	20	020005	020007	19	21.0	6.0	0,799	true	[020005, 020000, 020001, 020006, 020003, 020002, 020004, 020007]
6207	20	020005	020007	20	21.0	6.0	0,807	true	[020005, 020000, 020001, 020006, 020003, 020004, 020007]
6208	20	020005	020007	21	21.0	6.0	0,876	true	[020005, 020000, 020001, 020006, 020007]
6209	20	020005	020007	22	12.0	6.0	0,894	true	[020005, 020000, 020001, 020007]
6210	20	020005	020007	23	19.0	4.0	0,824	true	[020005, 020000, 020002, 020001, 020003, 020004, 020007]
6211	20	020005	020007	24	19.0	4.0	0,859	true	[020005, 020000, 020002, 020001, 020003, 020006, 020007]
6212	20	020005	020007	25	29.0	3.0	0,832	true	[020005, 020000, 020002, 020001, 020004, 020003, 020006, 020007]
6213	20	020005	020007	26	29.0	3.0	0,885	true	[020005, 020000, 020002, 020001, 020004, 020007]
6214	20	020005	020007	27	29.0	7.0	0,815	true	[020005, 020000, 020002, 020001, 020006, 020003, 020004, 020007]
6215	20	020005	020007	28	29.0	7.0	0,885	true	[020005, 020000, 020002, 020001, 020006, 020007]
6216	20	020005	020007	29	12.0	7.0	0,903	true	[020005, 020000, 020002, 020001, 020007]
6217	20	020005	020007	30	19.0	3.0	0,815	true	[020005, 020000, 020002, 020003, 020001, 020004, 020007]
6218	20	020005	020007	31	19.0	4.0	0,816	true	[020005, 020000, 020002, 020003, 020001, 020006, 020007]
6219	20	020005	020007	32	12.0	4.0	0,832	true	[020005, 020000, 020002, 020003, 020001, 020007]
6220	20	020005	020007	33	29.0	3.0	0,791	true	[020005, 020000, 020002, 020003, 020004, 020001, 020006, 020007]
6221	20	020005	020007	34	12.0	3.0	0,807	true	[020005, 020000, 020002, 020003, 020004, 020001, 020007]
6222	20	020005	020007	35	29.0	7.0	0,807	true	[020005, 020000, 020002, 020003, 020004, 020007]
6223	20	020005	020007	36	29.0	3.0	0,807	true	[020005, 020000, 020002, 020003, 020006, 020001, 020004, 020007]
6224	20	020005	020007	37	12.0	7.0	0,824	true	[020005, 020000, 020002, 020003, 020006, 020001, 020007]
6225	20	020005	020007	38	29.0	7.0	0,841	true	[020005, 020000, 020002, 020003, 020006, 020007]
6226	20	020005	020007	39	19.0	3.0	0,841	true	[020005, 020000, 020002, 020004, 020001, 020003, 020006, 020007]
6227	20	020005	020007	40	29.0	3.0	0,867	true	[020005, 020000, 020002, 020004, 020001, 020006, 020007]
6228	20	020005	020007	41	12.0	3.0	0,885	true	[020005, 020000, 020002, 020004, 020001, 020007]
6229	20	020005	020007	42	19.0	4.0	0,807	true	[020005, 020000, 020002, 020004, 020003, 020001, 020006, 020007]
6230	20	020005	020007	43	12.0	4.0	0,824	true	[020005, 020000, 020002, 020004, 020003, 020001, 020007]
6231	20	020005	020007	44	12.0	7.0	0,816	true	[020005, 020000, 020002, 020004, 020003, 020006, 020001, 020007]
6232	20	020005	020007	45	29.0	7.0	0,832	true	[020005, 020000, 020002, 020004, 020003, 020006, 020007]
6233	20	020005	020007	46	29.0	7.0	0,885	true	[020005, 020000, 020002, 020004, 020007]
6234	20	020005	020007	47	19.0	4.0	0,767	true	[020005, 020000, 020002, 020006, 020001, 020003, 020004, 020007]
6235	20	020005	020007	48	29.0	3.0	0,824	true	[020005, 020000, 020002, 020006, 020001, 020004, 020007]
6236	20	020005	020007	49	12.0	6.0	0,841	true	[020005, 020000, 020002, 020006, 020001, 020007]
6237	20	020005	020007	50	19.0	3.0	0,799	true	[020005, 020000, 020002, 020006, 020003, 020001, 020004, 020007]
6238	20	020005	020007	51	12.0	4.0	0,816	true	[020005, 020000, 020002, 020006, 020003, 020001, 020007]
6239	20	020005	020007	52	12.0	3.0	0,791	true	[020005, 020000, 020002, 020006, 020003, 020004, 020001, 020007]
6240	20	020005	020007	53	29.0	6.0	0,790	true	[020005, 020000, 020002, 020006, 020003, 020004, 020007]
6241	20	020005	020007	54	29.0	6.0	0,858	true	[020005, 020000, 020002, 020006, 020007]
6242	20	020005	020007	55	19.0	4.0	0,867	true	[020005, 020000, 020003, 020001, 020002, 020004, 020007]
6243	20	020005	020007	56	19.0	4.0	0,841	true	[020005, 020000, 020003, 020001, 020002, 020006, 020007]
6244	20	020005	020007	57	19.0	3.0	0,824	true	[020005, 020000, 020003, 020001, 020004, 020002, 020006, 020007]
6245	20	020005	020007	58	19.0	3.0	0,867	true	[020005, 020000, 020003, 020001, 020004, 020007]
6246	20	020005	020007	59	19.0	4.0	0,807	true	[020005, 020000, 020003, 020001, 020006, 020002, 020004, 020007]
6247	20	020005	020007	60	19.0	4.0	0,867	true	[020005, 020000, 020003, 020001, 020006, 020007]
6248	20	020005	020007	61	12.0	4.0	0,885	true	[020005, 020000, 020003, 020001, 020007]
6249	20	020005	020007	62	29.0	3.0	0,849	true	[020005, 020000, 020003, 020002, 020001, 020004, 020007]
6250	20	020005	020007	63	29.0	7.0	0,850	true	[020005, 020000, 020003, 020002, 020001, 020006, 020007]
6251	20	020005	020007	64	12.0	7.0	0,867	true	[020005, 020000, 020003, 020002, 020001, 020007]
6252	20	020005	020007	65	31.0	3.0	0,833	true	[020005, 020000, 020003, 020002, 020004, 020001, 020006, 020007]
6253	20	020005	020007	66	12.0	3.0	0,850	true	[020005, 020000, 020003, 020002, 020004, 020001, 020007]
6254	20	020005	020007	67	57.0	7.0	0,849	true	[020005, 020000, 020003, 020002, 020004, 020007]
6255	20	020005	020007	68	31.0	3.0	0,791	true	[020005, 020000, 020003, 020002, 020006, 020001, 020004, 020007]
6256	20	020005	020007	69	12.0	6.0	0,807	true	[020005, 020000, 020003, 020002, 020006, 020001, 020007]
6257	20	020005	020007	70	36.0	6.0	0,824	true	[020005, 020000, 020003, 020002, 020006, 020007]
6258	20	020005	020007	71	29.0	3.0	0,815	true	[020005, 020000, 020003, 020004, 020001, 020002, 020006, 020007]
6259	20	020005	020007	72	31.0	3.0	0,841	true	[020005, 020000, 020003, 020004, 020001, 020006, 020007]
6260	20	020005	020007	73	12.0	3.0	0,858	true	[020005, 020000, 020003, 020004, 020001, 020007]
6261	20	020005	020007	74	29.0	7.0	0,841	true	[020005, 020000, 020003, 020004, 020002, 020001, 020006, 020007]
6262	20	020005	020007	75	12.0	7.0	0,858	true	[020005, 020000, 020003, 020004, 020002, 020001, 020007]
6263	20	020005	020007	76	12.0	6.0	0,799	true	[020005, 020000, 020003, 020004, 020002, 020006, 020001, 020007]
6264	20	020005	020007	77	36.0	6.0	0,815	true	[020005, 020000, 020003, 020004, 020002, 020006, 020007]
6265	20	020005	020007	78	57.0	7.0	0,858	true	[020005, 020000, 020003, 020004, 020007]
6266	20	020005	020007	79	29.0	7.0	0,859	true	[020005, 020000, 020003, 020006, 020001, 020002, 020004, 020007]
6267	20	020005	020007	80	31.0	3.0	0,859	true	[020005, 020000, 020003, 020006, 020001, 020004, 020007]
6268	20	020005	020007	81	12.0	7.0	0,876	true	[020005, 020000, 020003, 020006, 020001, 020007]
6269	20	020005	020007	82	29.0	3.0	0,832	true	[020005, 020000, 020003, 020006, 020002, 020001, 020004, 020007]
6270	20	020005	020007	83	12.0	6.0	0,850	true	[020005, 020000, 020003, 020006, 020002, 020001, 020007]
6271	20	020005	020007	84	12.0	3.0	0,833	true	[020005, 020000, 020003, 020006, 020002, 020004, 020001, 020007]
6272	20	020005	020007	85	36.0	6.0	0,832	true	[020005, 020000, 020003, 020006, 020002, 020004, 020007]
6273	20	020005	020007	86	42.0	7.0	0,894	true	[020005, 020000, 020003, 020006, 020007]
6274	20	020005	020007	87	12.0	3.0	0,824	true	[020005, 020000, 020004, 020001, 020002, 020003, 020006, 020007]
6275	20	020005	020007	88	12.0	3.0	0,841	true	[020005, 020000, 020004, 020001, 020002, 020006, 020007]
6276	20	020005	020007	89	12.0	3.0	0,775	true	[020005, 020000, 020004, 020001, 020003, 020002, 020006, 020007]
6277	20	020005	020007	90	12.0	3.0	0,841	true	[020005, 020000, 020004, 020001, 020003, 020006, 020007]
6278	20	020005	020007	91	12.0	3.0	0,867	true	[020005, 020000, 020004, 020001, 020006, 020007]
6279	20	020005	020007	92	12.0	3.0	0,885	true	[020005, 020000, 020004, 020001, 020007]
6280	20	020005	020007	93	12.0	4.0	0,841	true	[020005, 020000, 020004, 020002, 020001, 020003, 020006, 020007]
6281	20	020005	020007	94	12.0	7.0	0,867	true	[020005, 020000, 020004, 020002, 020001, 020006, 020007]
6282	20	020005	020007	95	12.0	9.0	0,885	true	[020005, 020000, 020004, 020002, 020001, 020007]
6283	20	020005	020007	96	12.0	4.0	0,799	true	[020005, 020000, 020004, 020002, 020003, 020001, 020006, 020007]
6284	20	020005	020007	97	12.0	4.0	0,815	true	[020005, 020000, 020004, 020002, 020003, 020001, 020007]
6285	20	020005	020007	98	12.0	7.0	0,807	true	[020005, 020000, 020004, 020002, 020003, 020006, 020001, 020007]
6286	20	020005	020007	99	12.0	7.0	0,824	true	[020005, 020000, 020004, 020002, 020003, 020006, 020007]
6287	20	020005	020007	100	12.0	6.0	0,824	true	[020005, 020000, 020004, 020002, 020006, 020001, 020007]
6288	20	020005	020007	101	12.0	6.0	0,841	true	[020005, 020000, 020004, 020002, 020006, 020007]
6289	20	020005	020007	102	12.0	9.0	0,884	true	[020005, 020000, 020004, 020007]
6290	21	021001	021005	0	21.0	5.0	0,850	true	[021001, 021000, 021004, 021003, 021002, 021005]
6291	21	021001	021005	1	21.0	3.0	0,816	true	[021001, 021000, 021004, 021003, 021002, 021007, 021005]
6292	21	021001	021005	2	8.0	3.0	0,859	true	[021001, 021000, 021004, 021003, 021006, 021002, 021005]
6293	21	021001	021005	3	8.0	3.0	0,824	true	[021001, 021000, 021004, 021003, 021006, 021002, 021007, 021005]
6294	21	021001	021005	4	21.0	5.0	0,833	true	[021001, 021000, 021004, 021003, 021007, 021002, 021005]
6295	21	021001	021005	5	21.0	3.0	0,850	true	[021001, 021000, 021004, 021003, 021007, 021005]
6296	21	021001	021005	6	21.0	5.0	0,913	true	[021001, 021000, 021004, 021005]
6297	21	021001	021005	7	15.0	3.0	0,791	true	[021001, 021000, 021004, 021006, 021002, 021003, 021007, 021005]
6298	21	021001	021005	8	15.0	4.0	0,876	true	[021001, 021000, 021004, 021006, 021002, 021005]
6299	21	021001	021005	9	15.0	3.0	0,841	true	[021001, 021000, 021004, 021006, 021002, 021007, 021005]
6300	21	021001	021005	10	8.0	3.0	0,850	true	[021001, 021000, 021004, 021006, 021003, 021002, 021005]
6301	21	021001	021005	11	8.0	3.0	0,816	true	[021001, 021000, 021004, 021006, 021003, 021002, 021007, 021005]
6302	21	021001	021005	12	8.0	3.0	0,833	true	[021001, 021000, 021004, 021006, 021003, 021007, 021002, 021005]
6303	21	021001	021005	13	8.0	3.0	0,850	true	[021001, 021000, 021004, 021006, 021003, 021007, 021005]
6304	21	021001	021005	14	21.0	3.0	0,867	true	[021001, 021000, 021004, 021007, 021002, 021005]
6305	21	021001	021005	15	21.0	3.0	0,816	true	[021001, 021000, 021004, 021007, 021003, 021002, 021005]
6306	21	021001	021005	16	8.0	3.0	0,824	true	[021001, 021000, 021004, 021007, 021003, 021006, 021002, 021005]
6307	21	021001	021005	17	21.0	3.0	0,885	true	[021001, 021000, 021004, 021007, 021005]
6308	21	021001	021005	18	13.0	8.0	0,931	true	[021001, 021000, 021005]
6309	21	021001	021005	19	15.0	4.0	0,824	true	[021001, 021000, 021006, 021002, 021003, 021004, 021005]
6310	21	021001	021005	20	15.0	3.0	0,799	true	[021001, 021000, 021006, 021002, 021003, 021004, 021007, 021005]
6311	21	021001	021005	21	15.0	3.0	0,791	true	[021001, 021000, 021006, 021002, 021003, 021007, 021004, 021005]
6312	21	021001	021005	22	15.0	3.0	0,783	true	[021001, 021000, 021006, 021002, 021003, 021007, 021005]
6313	21	021001	021005	23	15.0	4.0	0,867	true	[021001, 021000, 021006, 021002, 021005]
6314	21	021001	021005	24	15.0	4.0	0,808	true	[021001, 021000, 021006, 021002, 021007, 021003, 021004, 021005]
6315	21	021001	021005	25	15.0	3.0	0,841	true	[021001, 021000, 021006, 021002, 021007, 021004, 021005]
6316	21	021001	021005	26	15.0	3.0	0,832	true	[021001, 021000, 021006, 021002, 021007, 021005]
6317	21	021001	021005	27	8.0	3.0	0,841	true	[021001, 021000, 021006, 021003, 021002, 021005]
6318	21	021001	021005	28	8.0	3.0	0,816	true	[021001, 021000, 021006, 021003, 021002, 021007, 021004, 021005]
6319	21	021001	021005	29	8.0	3.0	0,807	true	[021001, 021000, 021006, 021003, 021002, 021007, 021005]
6320	21	021001	021005	30	8.0	3.0	0,885	true	[021001, 021000, 021006, 021003, 021004, 021005]
6321	21	021001	021005	31	8.0	3.0	0,841	true	[021001, 021000, 021006, 021003, 021004, 021007, 021002, 021005]
6322	21	021001	021005	32	8.0	3.0	0,858	true	[021001, 021000, 021006, 021003, 021004, 021007, 021005]
6323	21	021001	021005	33	8.0	3.0	0,824	true	[021001, 021000, 021006, 021003, 021007, 021002, 021005]
6324	21	021001	021005	34	8.0	3.0	0,850	true	[021001, 021000, 021006, 021003, 021007, 021004, 021005]
6325	21	021001	021005	35	8.0	3.0	0,841	true	[021001, 021000, 021006, 021003, 021007, 021005]
6326	21	021001	021005	36	21.0	5.0	0,841	true	[021001, 021000, 021006, 021004, 021003, 021002, 021005]
6327	21	021001	021005	37	21.0	3.0	0,807	true	[021001, 021000, 021006, 021004, 021003, 021002, 021007, 021005]
6328	21	021001	021005	38	21.0	5.0	0,824	true	[021001, 021000, 021006, 021004, 021003, 021007, 021002, 021005]
6329	21	021001	021005	39	21.0	3.0	0,841	true	[021001, 021000, 021006, 021004, 021003, 021007, 021005]
6330	21	021001	021005	40	21.0	5.0	0,903	true	[021001, 021000, 021006, 021004, 021005]
6331	21	021001	021005	41	21.0	3.0	0,858	true	[021001, 021000, 021006, 021004, 021007, 021002, 021005]
6332	21	021001	021005	42	21.0	3.0	0,807	true	[021001, 021000, 021006, 021004, 021007, 021003, 021002, 021005]
6333	21	021001	021005	43	21.0	3.0	0,876	true	[021001, 021000, 021006, 021004, 021007, 021005]
6334	21	021001	021005	44	21.0	6.0	0,815	true	[021001, 021000, 021007, 021002, 021003, 021004, 021005]
6335	21	021001	021005	45	8.0	3.0	0,815	true	[021001, 021000, 021007, 021002, 021003, 021006, 021004, 021005]
6336	21	021001	021005	46	21.0	6.0	0,858	true	[021001, 021000, 021007, 021002, 021005]
6337	21	021001	021005	47	8.0	3.0	0,824	true	[021001, 021000, 021007, 021002, 021006, 021003, 021004, 021005]
6338	21	021001	021005	48	15.0	4.0	0,841	true	[021001, 021000, 021007, 021002, 021006, 021004, 021005]
6339	21	021001	021005	49	21.0	6.0	0,807	true	[021001, 021000, 021007, 021003, 021002, 021005]
6340	21	021001	021005	50	15.0	4.0	0,791	true	[021001, 021000, 021007, 021003, 021002, 021006, 021004, 021005]
6341	21	021001	021005	51	21.0	7.0	0,849	true	[021001, 021000, 021007, 021003, 021004, 021005]
6342	21	021001	021005	52	15.0	4.0	0,816	true	[021001, 021000, 021007, 021003, 021004, 021006, 021002, 021005]
6343	21	021001	021005	53	8.0	3.0	0,816	true	[021001, 021000, 021007, 021003, 021006, 021002, 021005]
6344	21	021001	021005	54	8.0	3.0	0,849	true	[021001, 021000, 021007, 021003, 021006, 021004, 021005]
6345	21	021001	021005	55	21.0	3.0	0,824	true	[021001, 021000, 021007, 021004, 021003, 021002, 021005]
6346	21	021001	021005	56	8.0	3.0	0,833	true	[021001, 021000, 021007, 021004, 021003, 021006, 021002, 021005]
6347	21	021001	021005	57	21.0	3.0	0,885	true	[021001, 021000, 021007, 021004, 021005]
6348	21	021001	021005	58	15.0	3.0	0,850	true	[021001, 021000, 021007, 021004, 021006, 021002, 021005]
6349	21	021001	021005	59	8.0	3.0	0,824	true	[021001, 021000, 021007, 021004, 021006, 021003, 021002, 021005]
6350	21	021001	021005	60	21.0	3.0	0,876	true	[021001, 021000, 021007, 021005]
6351	21	021001	021005	61	13.0	5.0	0,876	true	[021001, 021002, 021003, 021004, 021000, 021005]
6352	21	021001	021005	62	13.0	3.0	0,824	true	[021001, 021002, 021003, 021004, 021000, 021007, 021005]
6353	21	021001	021005	63	13.0	5.0	0,912	true	[021001, 021002, 021003, 021004, 021005]
6354	21	021001	021005	64	13.0	5.0	0,867	true	[021001, 021002, 021003, 021004, 021006, 021000, 021005]
6355	21	021001	021005	65	13.0	3.0	0,815	true	[021001, 021002, 021003, 021004, 021006, 021000, 021007, 021005]
6356	21	021001	021005	66	13.0	3.0	0,849	true	[021001, 021002, 021003, 021004, 021007, 021000, 021005]
6357	21	021001	021005	67	13.0	3.0	0,885	true	[021001, 021002, 021003, 021004, 021007, 021005]
6358	21	021001	021005	68	8.0	3.0	0,850	true	[021001, 021002, 021003, 021006, 021000, 021004, 021005]
6359	21	021001	021005	69	8.0	3.0	0,824	true	[021001, 021002, 021003, 021006, 021000, 021004, 021007, 021005]
6360	21	021001	021005	70	8.0	3.0	0,867	true	[021001, 021002, 021003, 021006, 021000, 021005]
6361	21	021001	021005	71	8.0	3.0	0,824	true	[021001, 021002, 021003, 021006, 021000, 021007, 021004, 021005]
6362	21	021001	021005	72	8.0	3.0	0,815	true	[021001, 021002, 021003, 021006, 021000, 021007, 021005]
6363	21	021001	021005	73	8.0	3.0	0,876	true	[021001, 021002, 021003, 021006, 021004, 021000, 021005]
6364	21	021001	021005	74	8.0	3.0	0,824	true	[021001, 021002, 021003, 021006, 021004, 021000, 021007, 021005]
6365	21	021001	021005	75	8.0	3.0	0,912	true	[021001, 021002, 021003, 021006, 021004, 021005]
6366	21	021001	021005	76	8.0	3.0	0,849	true	[021001, 021002, 021003, 021006, 021004, 021007, 021000, 021005]
6367	21	021001	021005	77	8.0	3.0	0,885	true	[021001, 021002, 021003, 021006, 021004, 021007, 021005]
6368	21	021001	021005	78	13.0	5.0	0,815	true	[021001, 021002, 021003, 021007, 021000, 021004, 021005]
6369	21	021001	021005	79	13.0	5.0	0,832	true	[021001, 021002, 021003, 021007, 021000, 021005]
6370	21	021001	021005	80	13.0	5.0	0,807	true	[021001, 021002, 021003, 021007, 021000, 021006, 021004, 021005]
6371	21	021001	021005	81	13.0	3.0	0,841	true	[021001, 021002, 021003, 021007, 021004, 021000, 021005]
6372	21	021001	021005	82	13.0	3.0	0,876	true	[021001, 021002, 021003, 021007, 021004, 021005]
6373	21	021001	021005	83	13.0	3.0	0,832	true	[021001, 021002, 021003, 021007, 021004, 021006, 021000, 021005]
6374	21	021001	021005	84	13.0	3.0	0,867	true	[021001, 021002, 021003, 021007, 021005]
6375	21	021001	021005	85	13.0	5.0	0,960	true	[021001, 021002, 021005]
6376	21	021001	021005	86	13.0	3.0	0,816	true	[021001, 021002, 021006, 021000, 021004, 021003, 021007, 021005]
6377	21	021001	021005	87	13.0	4.0	0,876	true	[021001, 021002, 021006, 021000, 021004, 021005]
6378	21	021001	021005	88	13.0	3.0	0,850	true	[021001, 021002, 021006, 021000, 021004, 021007, 021005]
6379	21	021001	021005	89	13.0	4.0	0,894	true	[021001, 021002, 021006, 021000, 021005]
6380	21	021001	021005	90	13.0	4.0	0,816	true	[021001, 021002, 021006, 021000, 021007, 021003, 021004, 021005]
6381	21	021001	021005	91	13.0	3.0	0,850	true	[021001, 021002, 021006, 021000, 021007, 021004, 021005]
6382	21	021001	021005	92	13.0	3.0	0,841	true	[021001, 021002, 021006, 021000, 021007, 021005]
6383	21	021001	021005	93	8.0	3.0	0,886	true	[021001, 021002, 021006, 021003, 021004, 021000, 021005]
6384	21	021001	021005	94	8.0	3.0	0,833	true	[021001, 021002, 021006, 021003, 021004, 021000, 021007, 021005]
6385	21	021001	021005	95	8.0	3.0	0,922	true	[021001, 021002, 021006, 021003, 021004, 021005]
6386	21	021001	021005	96	8.0	3.0	0,859	true	[021001, 021002, 021006, 021003, 021004, 021007, 021000, 021005]
6387	21	021001	021005	97	8.0	3.0	0,895	true	[021001, 021002, 021006, 021003, 021004, 021007, 021005]
6388	21	021001	021005	98	8.0	3.0	0,824	true	[021001, 021002, 021006, 021003, 021007, 021000, 021004, 021005]
6389	21	021001	021005	99	8.0	3.0	0,841	true	[021001, 021002, 021006, 021003, 021007, 021000, 021005]
6390	21	021001	021005	100	8.0	3.0	0,850	true	[021001, 021002, 021006, 021003, 021007, 021004, 021000, 021005]
6391	21	021001	021005	101	8.0	3.0	0,885	true	[021001, 021002, 021006, 021003, 021007, 021004, 021005]
6392	21	021001	021005	102	8.0	3.0	0,876	true	[021001, 021002, 021006, 021003, 021007, 021005]
6393	21	021001	021005	103	34.0	8.0	0,980	true	[021001, 021005]
6394	22	022004	022000	0	69.0	4.0	0,960	true	[022004, 022000]
6395	22	022004	022000	1	12.0	8.0	0,960	true	[022004, 022001, 022000]
6396	22	022004	022000	2	12.0	6.0	0,941	true	[022004, 022001, 022002, 022000]
6397	22	022004	022000	3	12.0	6.0	0,876	true	[022004, 022001, 022002, 022003, 022000]
6398	22	022004	022000	4	12.0	3.0	0,824	true	[022004, 022001, 022002, 022003, 022005, 022000]
6399	22	022004	022000	5	5.0	3.0	0,775	true	[022004, 022001, 022002, 022003, 022005, 022006, 022007, 022000]
6400	22	022004	022000	6	5.0	3.0	0,816	true	[022004, 022001, 022002, 022003, 022005, 022007, 022000]
6401	22	022004	022000	7	5.0	3.0	0,832	true	[022004, 022001, 022002, 022003, 022007, 022000]
6402	22	022004	022000	8	12.0	5.0	0,791	true	[022004, 022001, 022002, 022003, 022007, 022005, 022000]
6403	22	022004	022000	9	12.0	4.0	0,751	true	[022004, 022001, 022002, 022003, 022007, 022006, 022005, 022000]
6404	22	022004	022000	10	12.0	5.0	0,867	true	[022004, 022001, 022002, 022005, 022000]
6405	22	022004	022000	11	12.0	3.0	0,850	true	[022004, 022001, 022002, 022005, 022003, 022000]
6406	22	022004	022000	12	5.0	3.0	0,807	true	[022004, 022001, 022002, 022005, 022003, 022007, 022000]
6407	22	022004	022000	13	5.0	3.0	0,816	true	[022004, 022001, 022002, 022005, 022006, 022007, 022000]
6408	22	022004	022000	14	12.0	4.0	0,775	true	[022004, 022001, 022002, 022005, 022006, 022007, 022003, 022000]
6409	22	022004	022000	15	5.0	3.0	0,859	true	[022004, 022001, 022002, 022005, 022007, 022000]
6410	22	022004	022000	16	12.0	5.0	0,816	true	[022004, 022001, 022002, 022005, 022007, 022003, 022000]
6411	22	022004	022000	17	12.0	5.0	0,858	true	[022004, 022001, 022002, 022006, 022005, 022000]
6412	22	022004	022000	18	12.0	3.0	0,841	true	[022004, 022001, 022002, 022006, 022005, 022003, 022000]
6413	22	022004	022000	19	5.0	3.0	0,799	true	[022004, 022001, 022002, 022006, 022005, 022003, 022007, 022000]
6414	22	022004	022000	20	5.0	3.0	0,850	true	[022004, 022001, 022002, 022006, 022005, 022007, 022000]
6415	22	022004	022000	21	12.0	5.0	0,807	true	[022004, 022001, 022002, 022006, 022005, 022007, 022003, 022000]
6416	22	022004	022000	22	5.0	3.0	0,876	true	[022004, 022001, 022002, 022006, 022007, 022000]
6417	22	022004	022000	23	12.0	4.0	0,832	true	[022004, 022001, 022002, 022006, 022007, 022003, 022000]
6418	22	022004	022000	24	12.0	3.0	0,783	true	[022004, 022001, 022002, 022006, 022007, 022003, 022005, 022000]
6419	22	022004	022000	25	12.0	4.0	0,832	true	[022004, 022001, 022002, 022006, 022007, 022005, 022000]
6420	22	022004	022000	26	12.0	3.0	0,816	true	[022004, 022001, 022002, 022006, 022007, 022005, 022003, 022000]
6421	22	022004	022000	27	5.0	3.0	0,894	true	[022004, 022001, 022002, 022007, 022000]
6422	22	022004	022000	28	12.0	5.0	0,850	true	[022004, 022001, 022002, 022007, 022003, 022000]
6423	22	022004	022000	29	12.0	3.0	0,799	true	[022004, 022001, 022002, 022007, 022003, 022005, 022000]
6424	22	022004	022000	30	12.0	5.0	0,850	true	[022004, 022001, 022002, 022007, 022005, 022000]
6425	22	022004	022000	31	12.0	3.0	0,833	true	[022004, 022001, 022002, 022007, 022005, 022003, 022000]
6426	22	022004	022000	32	12.0	4.0	0,807	true	[022004, 022001, 022002, 022007, 022006, 022005, 022000]
6427	22	022004	022000	33	12.0	3.0	0,791	true	[022004, 022001, 022002, 022007, 022006, 022005, 022003, 022000]
6428	22	022004	022000	34	12.0	6.0	0,903	true	[022004, 022001, 022005, 022000]
6429	22	022004	022000	35	12.0	5.0	0,922	true	[022004, 022001, 022005, 022002, 022000]
6430	22	022004	022000	36	12.0	5.0	0,858	true	[022004, 022001, 022005, 022002, 022003, 022000]
6431	22	022004	022000	37	5.0	3.0	0,816	true	[022004, 022001, 022005, 022002, 022003, 022007, 022000]
6432	22	022004	022000	38	5.0	3.0	0,858	true	[022004, 022001, 022005, 022002, 022006, 022007, 022000]
6433	22	022004	022000	39	12.0	4.0	0,816	true	[022004, 022001, 022005, 022002, 022006, 022007, 022003, 022000]
6434	22	022004	022000	40	5.0	3.0	0,876	true	[022004, 022001, 022005, 022002, 022007, 022000]
6435	22	022004	022000	41	12.0	5.0	0,833	true	[022004, 022001, 022005, 022002, 022007, 022003, 022000]
6436	22	022004	022000	42	12.0	3.0	0,885	true	[022004, 022001, 022005, 022003, 022000]
6437	22	022004	022000	43	12.0	3.0	0,876	true	[022004, 022001, 022005, 022003, 022002, 022000]
6438	22	022004	022000	44	5.0	3.0	0,816	true	[022004, 022001, 022005, 022003, 022002, 022006, 022007, 022000]
6439	22	022004	022000	45	5.0	3.0	0,833	true	[022004, 022001, 022005, 022003, 022002, 022007, 022000]
6440	22	022004	022000	46	5.0	3.0	0,841	true	[022004, 022001, 022005, 022003, 022007, 022000]
6441	22	022004	022000	47	12.0	3.0	0,849	true	[022004, 022001, 022005, 022003, 022007, 022002, 022000]
6442	22	022004	022000	48	12.0	3.0	0,832	true	[022004, 022001, 022005, 022003, 022007, 022006, 022002, 022000]
6443	22	022004	022000	49	12.0	5.0	0,912	true	[022004, 022001, 022005, 022006, 022002, 022000]
6444	22	022004	022000	50	12.0	5.0	0,850	true	[022004, 022001, 022005, 022006, 022002, 022003, 022000]
6445	22	022004	022000	51	5.0	3.0	0,807	true	[022004, 022001, 022005, 022006, 022002, 022003, 022007, 022000]
6446	22	022004	022000	52	5.0	3.0	0,867	true	[022004, 022001, 022005, 022006, 022002, 022007, 022000]
6447	22	022004	022000	53	12.0	5.0	0,824	true	[022004, 022001, 022005, 022006, 022002, 022007, 022003, 022000]
6448	22	022004	022000	54	5.0	3.0	0,850	true	[022004, 022001, 022005, 022006, 022007, 022000]
6449	22	022004	022000	55	12.0	4.0	0,858	true	[022004, 022001, 022005, 022006, 022007, 022002, 022000]
6450	22	022004	022000	56	12.0	4.0	0,799	true	[022004, 022001, 022005, 022006, 022007, 022002, 022003, 022000]
6451	22	022004	022000	57	12.0	4.0	0,807	true	[022004, 022001, 022005, 022006, 022007, 022003, 022000]
6452	22	022004	022000	58	12.0	4.0	0,799	true	[022004, 022001, 022005, 022006, 022007, 022003, 022002, 022000]
6453	22	022004	022000	59	5.0	3.0	0,894	true	[022004, 022001, 022005, 022007, 022000]
6454	22	022004	022000	60	12.0	5.0	0,903	true	[022004, 022001, 022005, 022007, 022002, 022000]
6455	22	022004	022000	61	12.0	5.0	0,841	true	[022004, 022001, 022005, 022007, 022002, 022003, 022000]
6456	22	022004	022000	62	12.0	5.0	0,850	true	[022004, 022001, 022005, 022007, 022003, 022000]
6457	22	022004	022000	63	12.0	5.0	0,841	true	[022004, 022001, 022005, 022007, 022003, 022002, 022000]
6458	22	022004	022000	64	12.0	4.0	0,885	true	[022004, 022001, 022005, 022007, 022006, 022002, 022000]
6459	22	022004	022000	65	12.0	4.0	0,824	true	[022004, 022001, 022005, 022007, 022006, 022002, 022003, 022000]
6460	22	022004	022000	66	12.0	7.0	0,941	true	[022004, 022001, 022006, 022002, 022000]
6461	22	022004	022000	67	12.0	7.0	0,876	true	[022004, 022001, 022006, 022002, 022003, 022000]
6462	22	022004	022000	68	12.0	3.0	0,824	true	[022004, 022001, 022006, 022002, 022003, 022005, 022000]
6463	22	022004	022000	69	5.0	3.0	0,816	true	[022004, 022001, 022006, 022002, 022003, 022005, 022007, 022000]
6464	22	022004	022000	70	5.0	3.0	0,832	true	[022004, 022001, 022006, 022002, 022003, 022007, 022000]
6465	22	022004	022000	71	12.0	5.0	0,791	true	[022004, 022001, 022006, 022002, 022003, 022007, 022005, 022000]
6466	22	022004	022000	72	12.0	5.0	0,867	true	[022004, 022001, 022006, 022002, 022005, 022000]
6467	22	022004	022000	73	12.0	3.0	0,850	true	[022004, 022001, 022006, 022002, 022005, 022003, 022000]
6468	22	022004	022000	74	5.0	3.0	0,807	true	[022004, 022001, 022006, 022002, 022005, 022003, 022007, 022000]
6469	22	022004	022000	75	5.0	3.0	0,859	true	[022004, 022001, 022006, 022002, 022005, 022007, 022000]
6470	22	022004	022000	76	12.0	5.0	0,816	true	[022004, 022001, 022006, 022002, 022005, 022007, 022003, 022000]
6471	22	022004	022000	77	5.0	3.0	0,894	true	[022004, 022001, 022006, 022002, 022007, 022000]
6472	22	022004	022000	78	12.0	5.0	0,850	true	[022004, 022001, 022006, 022002, 022007, 022003, 022000]
6473	22	022004	022000	79	12.0	3.0	0,799	true	[022004, 022001, 022006, 022002, 022007, 022003, 022005, 022000]
6474	22	022004	022000	80	12.0	5.0	0,850	true	[022004, 022001, 022006, 022002, 022007, 022005, 022000]
6475	22	022004	022000	81	12.0	3.0	0,833	true	[022004, 022001, 022006, 022002, 022007, 022005, 022003, 022000]
6476	22	022004	022000	82	12.0	5.0	0,858	true	[022004, 022001, 022006, 022005, 022000]
6477	22	022004	022000	83	12.0	5.0	0,876	true	[022004, 022001, 022006, 022005, 022002, 022000]
6478	22	022004	022000	84	12.0	5.0	0,816	true	[022004, 022001, 022006, 022005, 022002, 022003, 022000]
6479	22	022004	022000	85	5.0	3.0	0,775	true	[022004, 022001, 022006, 022005, 022002, 022003, 022007, 022000]
6480	22	022004	022000	86	5.0	3.0	0,833	true	[022004, 022001, 022006, 022005, 022002, 022007, 022000]
6481	22	022004	022000	87	12.0	5.0	0,791	true	[022004, 022001, 022006, 022005, 022002, 022007, 022003, 022000]
6482	22	022004	022000	88	12.0	3.0	0,841	true	[022004, 022001, 022006, 022005, 022003, 022000]
6483	22	022004	022000	89	12.0	3.0	0,832	true	[022004, 022001, 022006, 022005, 022003, 022002, 022000]
6484	22	022004	022000	90	5.0	3.0	0,791	true	[022004, 022001, 022006, 022005, 022003, 022002, 022007, 022000]
6485	22	022004	022000	91	5.0	3.0	0,799	true	[022004, 022001, 022006, 022005, 022003, 022007, 022000]
6486	22	022004	022000	92	12.0	3.0	0,807	true	[022004, 022001, 022006, 022005, 022003, 022007, 022002, 022000]
6487	22	022004	022000	93	5.0	3.0	0,850	true	[022004, 022001, 022006, 022005, 022007, 022000]
6488	22	022004	022000	94	12.0	5.0	0,859	true	[022004, 022001, 022006, 022005, 022007, 022002, 022000]
6489	22	022004	022000	95	12.0	5.0	0,799	true	[022004, 022001, 022006, 022005, 022007, 022002, 022003, 022000]
6490	22	022004	022000	96	12.0	5.0	0,807	true	[022004, 022001, 022006, 022005, 022007, 022003, 022000]
6491	22	022004	022000	97	12.0	5.0	0,799	true	[022004, 022001, 022006, 022005, 022007, 022003, 022002, 022000]
6492	22	022004	022000	98	5.0	3.0	0,876	true	[022004, 022001, 022006, 022007, 022000]
6493	22	022004	022000	99	12.0	4.0	0,885	true	[022004, 022001, 022006, 022007, 022002, 022000]
6494	22	022004	022000	100	12.0	4.0	0,824	true	[022004, 022001, 022006, 022007, 022002, 022003, 022000]
6495	23	023003	023006	0	7.0	4.0	0,841	true	[023003, 023001, 023000, 023002, 023005, 023007, 023006]
6496	23	023003	023006	1	7.0	4.0	0,922	true	[023003, 023001, 023000, 023002, 023006]
6497	23	023003	023006	2	7.0	4.0	0,858	true	[023003, 023001, 023000, 023002, 023007, 023006]
6498	23	023003	023006	3	7.0	4.0	0,894	true	[023003, 023001, 023000, 023004, 023006]
6499	23	023003	023006	4	7.0	3.0	0,903	true	[023003, 023001, 023000, 023005, 023002, 023006]
6500	23	023003	023006	5	7.0	3.0	0,841	true	[023003, 023001, 023000, 023005, 023002, 023007, 023006]
6501	23	023003	023006	6	7.0	3.0	0,867	true	[023003, 023001, 023000, 023005, 023007, 023002, 023006]
6502	23	023003	023006	7	7.0	3.0	0,895	true	[023003, 023001, 023000, 023005, 023007, 023006]
6503	23	023003	023006	8	7.0	4.0	0,867	true	[023003, 023001, 023000, 023007, 023002, 023006]
6504	23	023003	023006	9	7.0	4.0	0,850	true	[023003, 023001, 023000, 023007, 023005, 023002, 023006]
6505	23	023003	023006	10	7.0	4.0	0,894	true	[023003, 023001, 023000, 023007, 023006]
6506	23	023003	023006	11	27.0	3.0	0,894	true	[023003, 023001, 023005, 023000, 023002, 023006]
6507	23	023003	023006	12	27.0	3.0	0,833	true	[023003, 023001, 023005, 023000, 023002, 023007, 023006]
6508	23	023003	023006	13	27.0	3.0	0,867	true	[023003, 023001, 023005, 023000, 023004, 023006]
6509	23	023003	023006	14	27.0	3.0	0,841	true	[023003, 023001, 023005, 023000, 023007, 023002, 023006]
6510	23	023003	023006	15	27.0	3.0	0,867	true	[023003, 023001, 023005, 023000, 023007, 023006]
6511	23	023003	023006	16	27.0	4.0	0,816	true	[023003, 023001, 023005, 023002, 023000, 023004, 023006]
6512	23	023003	023006	17	27.0	4.0	0,816	true	[023003, 023001, 023005, 023002, 023000, 023007, 023006]
6513	23	023003	023006	18	27.0	4.0	0,894	true	[023003, 023001, 023005, 023002, 023006]
6514	23	023003	023006	19	27.0	4.0	0,767	true	[023003, 023001, 023005, 023002, 023007, 023000, 023004, 023006]
6515	23	023003	023006	20	27.0	4.0	0,832	true	[023003, 023001, 023005, 023002, 023007, 023006]
6516	23	023003	023006	21	7.0	4.0	0,841	true	[023003, 023001, 023005, 023007, 023000, 023002, 023006]
6517	23	023003	023006	22	7.0	4.0	0,816	true	[023003, 023001, 023005, 023007, 023000, 023004, 023006]
6518	23	023003	023006	23	7.0	4.0	0,783	true	[023003, 023001, 023005, 023007, 023002, 023000, 023004, 023006]
6519	23	023003	023006	24	7.0	4.0	0,858	true	[023003, 023001, 023005, 023007, 023002, 023006]
6520	23	023003	023006	25	7.0	4.0	0,885	true	[023003, 023001, 023005, 023007, 023006]
6521	23	023003	023006	26	31.0	4.0	0,931	true	[023003, 023001, 023006]
6522	23	023003	023006	27	7.0	6.0	0,824	true	[023003, 023002, 023000, 023001, 023005, 023007, 023006]
6523	23	023003	023006	28	7.0	7.0	0,867	true	[023003, 023002, 023000, 023001, 023006]
6524	23	023003	023006	29	16.0	5.0	0,867	true	[023003, 023002, 023000, 023004, 023006]
6525	23	023003	023006	30	16.0	3.0	0,841	true	[023003, 023002, 023000, 023005, 023001, 023006]
6526	23	023003	023006	31	7.0	3.0	0,867	true	[023003, 023002, 023000, 023005, 023007, 023006]
6527	23	023003	023006	32	7.0	4.0	0,791	true	[023003, 023002, 023000, 023007, 023005, 023001, 023006]
6528	23	023003	023006	33	16.0	4.0	0,867	true	[023003, 023002, 023000, 023007, 023006]
6529	23	023003	023006	34	7.0	3.0	0,849	true	[023003, 023002, 023005, 023000, 023001, 023006]
6530	23	023003	023006	35	16.0	3.0	0,849	true	[023003, 023002, 023005, 023000, 023004, 023006]
6531	23	023003	023006	36	16.0	3.0	0,849	true	[023003, 023002, 023005, 023000, 023007, 023006]
6532	23	023003	023006	37	7.0	5.0	0,807	true	[023003, 023002, 023005, 023001, 023000, 023004, 023006]
6533	23	023003	023006	38	7.0	4.0	0,807	true	[023003, 023002, 023005, 023001, 023000, 023007, 023006]
6534	23	023003	023006	39	16.0	6.0	0,840	true	[023003, 023002, 023005, 023001, 023006]
6535	23	023003	023006	40	7.0	4.0	0,799	true	[023003, 023002, 023005, 023007, 023000, 023001, 023006]
6536	23	023003	023006	41	7.0	4.0	0,799	true	[023003, 023002, 023005, 023007, 023000, 023004, 023006]
6537	23	023003	023006	42	7.0	7.0	0,867	true	[023003, 023002, 023005, 023007, 023006]
6538	23	023003	023006	43	16.0	7.0	0,950	true	[023003, 023002, 023006]
6539	23	023003	023006	44	7.0	4.0	0,815	true	[023003, 023002, 023007, 023000, 023001, 023006]
6540	23	023003	023006	45	16.0	4.0	0,815	true	[023003, 023002, 023007, 023000, 023004, 023006]
6541	23	023003	023006	46	16.0	3.0	0,790	true	[023003, 023002, 023007, 023000, 023005, 023001, 023006]
6542	23	023003	023006	47	7.0	3.0	0,815	true	[023003, 023002, 023007, 023005, 023000, 023001, 023006]
6543	23	023003	023006	48	7.0	3.0	0,815	true	[023003, 023002, 023007, 023005, 023000, 023004, 023006]
6544	23	023003	023006	49	7.0	4.0	0,775	true	[023003, 023002, 023007, 023005, 023001, 023000, 023004, 023006]
6545	23	023003	023006	50	7.0	4.0	0,807	true	[023003, 023002, 023007, 023005, 023001, 023006]
6546	23	023003	023006	51	16.0	4.0	0,884	true	[023003, 023002, 023007, 023006]
6547	23	023003	023006	52	7.0	6.0	0,841	true	[023003, 023004, 023000, 023001, 023005, 023002, 023006]
6548	23	023003	023006	53	7.0	4.0	0,783	true	[023003, 023004, 023000, 023001, 023005, 023002, 023007, 023006]
6549	23	023003	023006	54	7.0	4.0	0,807	true	[023003, 023004, 023000, 023001, 023005, 023007, 023002, 023006]
6550	23	023003	023006	55	7.0	6.0	0,833	true	[023003, 023004, 023000, 023001, 023005, 023007, 023006]
6551	23	023003	023006	56	7.0	7.0	0,876	true	[023003, 023004, 023000, 023001, 023006]
6552	23	023003	023006	57	13.0	6.0	0,799	true	[023003, 023004, 023000, 023002, 023005, 023001, 023006]
6553	23	023003	023006	58	7.0	7.0	0,824	true	[023003, 023004, 023000, 023002, 023005, 023007, 023006]
6554	23	023003	023006	59	13.0	7.0	0,903	true	[023003, 023004, 023000, 023002, 023006]
6555	23	023003	023006	60	7.0	4.0	0,767	true	[023003, 023004, 023000, 023002, 023007, 023005, 023001, 023006]
6556	23	023003	023006	61	13.0	4.0	0,841	true	[023003, 023004, 023000, 023002, 023007, 023006]
6557	23	023003	023006	62	13.0	3.0	0,850	true	[023003, 023004, 023000, 023005, 023001, 023006]
6558	23	023003	023006	63	13.0	3.0	0,885	true	[023003, 023004, 023000, 023005, 023002, 023006]
6559	23	023003	023006	64	13.0	3.0	0,824	true	[023003, 023004, 023000, 023005, 023002, 023007, 023006]
6560	23	023003	023006	65	7.0	3.0	0,850	true	[023003, 023004, 023000, 023005, 023007, 023002, 023006]
6561	23	023003	023006	66	7.0	3.0	0,876	true	[023003, 023004, 023000, 023005, 023007, 023006]
6562	23	023003	023006	67	13.0	4.0	0,751	true	[023003, 023004, 023000, 023007, 023002, 023005, 023001, 023006]
6563	23	023003	023006	68	13.0	4.0	0,849	true	[023003, 023004, 023000, 023007, 023002, 023006]
6564	23	023003	023006	69	7.0	4.0	0,799	true	[023003, 023004, 023000, 023007, 023005, 023001, 023006]
6565	23	023003	023006	70	7.0	4.0	0,832	true	[023003, 023004, 023000, 023007, 023005, 023002, 023006]
6566	23	023003	023006	71	13.0	4.0	0,876	true	[023003, 023004, 023000, 023007, 023006]
6567	23	023003	023006	72	13.0	5.0	0,951	true	[023003, 023004, 023006]
6568	23	023003	023006	73	37.0	7.0	0,960	true	[023003, 023006]
6569	23	023003	023006	74	7.0	4.0	0,850	true	[023003, 023007, 023000, 023001, 023005, 023002, 023006]
6570	23	023003	023006	75	7.0	4.0	0,885	true	[023003, 023007, 023000, 023001, 023006]
6571	23	023003	023006	76	27.0	4.0	0,807	true	[023003, 023007, 023000, 023002, 023005, 023001, 023006]
6572	23	023003	023006	77	47.0	4.0	0,913	true	[023003, 023007, 023000, 023002, 023006]
6573	23	023003	023006	78	47.0	4.0	0,885	true	[023003, 023007, 023000, 023004, 023006]
6574	23	023003	023006	79	27.0	3.0	0,858	true	[023003, 023007, 023000, 023005, 023001, 023006]
6575	23	023003	023006	80	47.0	3.0	0,894	true	[023003, 023007, 023000, 023005, 023002, 023006]
6576	23	023003	023006	81	7.0	4.0	0,850	true	[023003, 023007, 023002, 023000, 023001, 023006]
6577	23	023003	023006	82	51.0	4.0	0,850	true	[023003, 023007, 023002, 023000, 023004, 023006]
6578	23	023003	023006	83	27.0	3.0	0,824	true	[023003, 023007, 023002, 023000, 023005, 023001, 023006]
6579	23	023003	023006	84	7.0	3.0	0,832	true	[023003, 023007, 023002, 023005, 023000, 023001, 023006]
6580	23	023003	023006	85	51.0	3.0	0,832	true	[023003, 023007, 023002, 023005, 023000, 023004, 023006]
6581	23	023003	023006	86	7.0	4.0	0,791	true	[023003, 023007, 023002, 023005, 023001, 023000, 023004, 023006]
6582	23	023003	023006	87	27.0	4.0	0,824	true	[023003, 023007, 023002, 023005, 023001, 023006]
6583	23	023003	023006	88	49.0	4.0	0,931	true	[023003, 023007, 023002, 023006]
6584	23	023003	023006	89	7.0	3.0	0,885	true	[023003, 023007, 023005, 023000, 023001, 023006]
6585	23	023003	023006	90	7.0	3.0	0,913	true	[023003, 023007, 023005, 023000, 023002, 023006]
6586	23	023003	023006	91	7.0	3.0	0,885	true	[023003, 023007, 023005, 023000, 023004, 023006]
6587	23	023003	023006	92	7.0	4.0	0,867	true	[023003, 023007, 023005, 023001, 023000, 023002, 023006]
6588	23	023003	023006	93	7.0	4.0	0,841	true	[023003, 023007, 023005, 023001, 023000, 023004, 023006]
6589	23	023003	023006	94	7.0	4.0	0,876	true	[023003, 023007, 023005, 023001, 023006]
6590	23	023003	023006	95	7.0	4.0	0,833	true	[023003, 023007, 023005, 023002, 023000, 023001, 023006]
6591	23	023003	023006	96	7.0	4.0	0,833	true	[023003, 023007, 023005, 023002, 023000, 023004, 023006]
6592	23	023003	023006	97	7.0	4.0	0,913	true	[023003, 023007, 023005, 023002, 023006]
6593	23	023003	023006	98	58.0	4.0	0,960	true	[023003, 023007, 023006]
6594	-1	000001	001002	0	100.0	38.0	0,995	true	[000001, 001002]
6595	-1	000007	005006	0	110.0	28.0	0,998	true	[000007, 005006]
6596	-1	001007	002001	0	145.0	29.0	0,998	true	[001007, 002001]
6597	-1	001003	005005	0	130.0	47.0	0,998	true	[001003, 005005]
6598	-1	002004	003006	0	140.0	35.0	0,996	true	[002004, 003006]
6599	-1	002002	004003	0	150.0	48.0	0,997	true	[002002, 004003]
6600	-1	002006	006007	0	100.0	31.0	0,995	true	[002006, 006007]
6601	-1	003007	004001	0	135.0	50.0	0,998	true	[003007, 004001]
6602	-1	003004	006004	0	105.0	34.0	0,995	true	[003004, 006004]
6603	-1	004000	007004	0	110.0	37.0	0,999	true	[004000, 007004]
6604	-1	005007	006000	0	105.0	30.0	0,996	true	[005007, 006000]
6605	-1	005000	008002	0	105.0	31.0	0,998	true	[005000, 008002]
6606	-1	005004	010000	0	100.0	21.0	0,995	true	[005004, 010000]
6607	-1	006006	007005	0	145.0	46.0	0,996	true	[006006, 007005]
6608	-1	006001	008006	0	120.0	30.0	0,999	true	[006001, 008006]
6609	-1	007001	009002	0	140.0	47.0	0,999	true	[007001, 009002]
6610	-1	008003	009007	0	135.0	41.0	0,999	true	[008003, 009007]
6611	-1	008004	010002	0	130.0	49.0	0,999	true	[008004, 010002]
6612	-1	008000	011000	0	100.0	27.0	0,997	true	[008000, 011000]
6613	-1	009005	012006	0	120.0	34.0	0,995	true	[009005, 012006]
6614	-1	010004	011001	0	145.0	28.0	0,996	true	[010004, 011001]
6615	-1	010007	014004	0	100.0	44.0	0,998	true	[010007, 014004]
6616	-1	011005	012002	0	120.0	21.0	0,999	true	[011005, 012002]
6617	-1	011004	015002	0	140.0	30.0	0,996	true	[011004, 015002]
6618	-1	012001	013000	0	130.0	24.0	0,998	true	[012001, 013000]
6619	-1	012003	016003	0	135.0	21.0	0,998	true	[012003, 016003]
6620	-1	013007	017000	0	145.0	34.0	0,998	true	[013007, 017000]
6621	-1	014003	015004	0	115.0	34.0	0,999	true	[014003, 015004]
6622	-1	014000	018004	0	130.0	28.0	0,996	true	[014000, 018004]
6623	-1	014007	019004	0	150.0	44.0	0,999	true	[014007, 019004]
6624	-1	015006	016001	0	120.0	35.0	0,999	true	[015006, 016001]
6625	-1	015003	020005	0	150.0	24.0	0,997	true	[015003, 020005]
6626	-1	015005	021001	0	125.0	29.0	0,998	true	[015005, 021001]
6627	-1	016000	017004	0	105.0	48.0	0,996	true	[016000, 017004]
6628	-1	016004	021005	0	145.0	43.0	0,997	true	[016004, 021005]
6629	-1	016005	022004	0	125.0	34.0	0,999	true	[016005, 022004]
6630	-1	017007	023003	0	140.0	25.0	0,999	true	[017007, 023003]
6631	-1	018005	019006	0	100.0	50.0	0,998	true	[018005, 019006]
6632	-1	019002	020007	0	135.0	48.0	0,997	true	[019002, 020007]
6633	-1	020004	021004	0	120.0	33.0	0,998	true	[020004, 021004]
6634	-1	021003	022000	0	110.0	47.0	0,996	true	[021003, 022000]
6635	-1	022006	023006	0	145.0	35.0	0,998	true	[022006, 023006]
