TransactionId	ASId	Ingress	Egress	PathletId	Bandwidth	Delay	Reliability	Status	Full Path
3634	0	000004	000006	0	6.0	7.0	0,841	true	[000004, 000000, 000001, 000002, 000003, 000005, 000006]
3635	0	000004	000006	1	6.0	3.0	0,833	true	[000004, 000000, 000001, 000002, 000003, 000005, 000007, 000006]
3636	0	000004	000006	2	6.0	3.0	0,791	true	[000004, 000000, 000001, 000002, 000003, 000005, 000007, 000008, 000006]
3637	0	000004	000006	3	6.0	7.0	0,816	true	[000004, 000000, 000001, 000002, 000003, 000005, 000008, 000006]
3638	0	000004	000006	4	6.0	7.0	0,808	true	[000004, 000000, 000001, 000002, 000003, 000005, 000008, 000007, 000006]
3639	0	000004	000006	5	20.0	7.0	0,867	true	[000004, 000000, 000001, 000002, 000003, 000006]
3640	0	000004	000006	6	8.0	3.0	0,824	true	[000004, 000000, 000001, 000002, 000003, 000007, 000005, 000006]
3641	0	000004	000006	7	8.0	3.0	0,800	true	[000004, 000000, 000001, 000002, 000003, 000007, 000005, 000008, 000006]
3642	0	000004	000006	8	8.0	4.0	0,867	true	[000004, 000000, 000001, 000002, 000003, 000007, 000006]
3643	0	000004	000006	9	8.0	4.0	0,800	true	[000004, 000000, 000001, 000002, 000003, 000007, 000008, 000005, 000006]
3644	0	000004	000006	10	8.0	4.0	0,824	true	[000004, 000000, 000001, 000002, 000003, 000007, 000008, 000006]
3645	0	000004	000006	11	17.0	5.0	0,859	true	[000004, 000000, 000001, 000002, 000003, 000008, 000005, 000006]
3646	0	000004	000006	12	17.0	3.0	0,850	true	[000004, 000000, 000001, 000002, 000003, 000008, 000005, 000007, 000006]
3647	0	000004	000006	13	20.0	5.0	0,885	true	[000004, 000000, 000001, 000002, 000003, 000008, 000006]
3648	0	000004	000006	14	20.0	3.0	0,833	true	[000004, 000000, 000001, 000002, 000003, 000008, 000007, 000005, 000006]
3649	0	000004	000006	15	20.0	5.0	0,876	true	[000004, 000000, 000001, 000002, 000003, 000008, 000007, 000006]
3650	0	000004	000006	16	22.0	7.0	0,903	true	[000004, 000000, 000001, 000002, 000006]
3651	0	000004	000006	17	6.0	5.0	0,850	true	[000004, 000000, 000001, 000002, 000008, 000003, 000005, 000006]
3652	0	000004	000006	18	6.0	3.0	0,841	true	[000004, 000000, 000001, 000002, 000008, 000003, 000005, 000007, 000006]
3653	0	000004	000006	19	22.0	5.0	0,876	true	[000004, 000000, 000001, 000002, 000008, 000003, 000006]
3654	0	000004	000006	20	8.0	3.0	0,833	true	[000004, 000000, 000001, 000002, 000008, 000003, 000007, 000005, 000006]
3655	0	000004	000006	21	8.0	4.0	0,876	true	[000004, 000000, 000001, 000002, 000008, 000003, 000007, 000006]
3656	0	000004	000006	22	6.0	7.0	0,808	true	[000004, 000000, 000001, 000002, 000008, 000005, 000003, 000006]
3657	0	000004	000006	23	6.0	4.0	0,808	true	[000004, 000000, 000001, 000002, 000008, 000005, 000003, 000007, 000006]
3658	0	000004	000006	24	17.0	7.0	0,868	true	[000004, 000000, 000001, 000002, 000008, 000005, 000006]
3659	0	000004	000006	25	8.0	3.0	0,792	true	[000004, 000000, 000001, 000002, 000008, 000005, 000007, 000003, 000006]
3660	0	000004	000006	26	17.0	3.0	0,859	true	[000004, 000000, 000001, 000002, 000008, 000005, 000007, 000006]
3661	0	000004	000006	27	21.0	7.0	0,895	true	[000004, 000000, 000001, 000002, 000008, 000006]
3662	0	000004	000006	28	6.0	4.0	0,791	true	[000004, 000000, 000001, 000002, 000008, 000007, 000003, 000005, 000006]
3663	0	000004	000006	29	8.0	4.0	0,816	true	[000004, 000000, 000001, 000002, 000008, 000007, 000003, 000006]
3664	0	000004	000006	30	6.0	3.0	0,783	true	[000004, 000000, 000001, 000002, 000008, 000007, 000005, 000003, 000006]
3665	0	000004	000006	31	22.0	3.0	0,842	true	[000004, 000000, 000001, 000002, 000008, 000007, 000005, 000006]
3666	0	000004	000006	32	22.0	7.0	0,885	true	[000004, 000000, 000001, 000002, 000008, 000007, 000006]
3667	0	000004	000006	33	19.0	7.0	0,841	true	[000004, 000000, 000001, 000003, 000002, 000006]
3668	0	000004	000006	34	17.0	7.0	0,808	true	[000004, 000000, 000001, 000003, 000002, 000008, 000005, 000006]
3669	0	000004	000006	35	17.0	3.0	0,800	true	[000004, 000000, 000001, 000003, 000002, 000008, 000005, 000007, 000006]
3670	0	000004	000006	36	19.0	7.0	0,833	true	[000004, 000000, 000001, 000003, 000002, 000008, 000006]
3671	0	000004	000006	37	19.0	3.0	0,784	true	[000004, 000000, 000001, 000003, 000002, 000008, 000007, 000005, 000006]
3672	0	000004	000006	38	19.0	7.0	0,824	true	[000004, 000000, 000001, 000003, 000002, 000008, 000007, 000006]
3673	0	000004	000006	39	6.0	7.0	0,850	true	[000004, 000000, 000001, 000003, 000005, 000006]
3674	0	000004	000006	40	6.0	3.0	0,841	true	[000004, 000000, 000001, 000003, 000005, 000007, 000006]
3675	0	000004	000006	41	6.0	3.0	0,760	true	[000004, 000000, 000001, 000003, 000005, 000007, 000008, 000002, 000006]
3676	0	000004	000006	42	6.0	3.0	0,799	true	[000004, 000000, 000001, 000003, 000005, 000007, 000008, 000006]
3677	0	000004	000006	43	6.0	7.0	0,783	true	[000004, 000000, 000001, 000003, 000005, 000008, 000002, 000006]
3678	0	000004	000006	44	6.0	7.0	0,824	true	[000004, 000000, 000001, 000003, 000005, 000008, 000006]
3679	0	000004	000006	45	6.0	7.0	0,816	true	[000004, 000000, 000001, 000003, 000005, 000008, 000007, 000006]
3680	0	000004	000006	46	19.0	7.0	0,876	true	[000004, 000000, 000001, 000003, 000006]
3681	0	000004	000006	47	8.0	3.0	0,833	true	[000004, 000000, 000001, 000003, 000007, 000005, 000006]
3682	0	000004	000006	48	8.0	3.0	0,768	true	[000004, 000000, 000001, 000003, 000007, 000005, 000008, 000002, 000006]
3683	0	000004	000006	49	8.0	3.0	0,808	true	[000004, 000000, 000001, 000003, 000007, 000005, 000008, 000006]
3684	0	000004	000006	50	8.0	4.0	0,876	true	[000004, 000000, 000001, 000003, 000007, 000006]
3685	0	000004	000006	51	8.0	4.0	0,791	true	[000004, 000000, 000001, 000003, 000007, 000008, 000002, 000006]
3686	0	000004	000006	52	8.0	4.0	0,808	true	[000004, 000000, 000001, 000003, 000007, 000008, 000005, 000006]
3687	0	000004	000006	53	8.0	4.0	0,833	true	[000004, 000000, 000001, 000003, 000007, 000008, 000006]
3688	0	000004	000006	54	19.0	5.0	0,850	true	[000004, 000000, 000001, 000003, 000008, 000002, 000006]
3689	0	000004	000006	55	17.0	5.0	0,867	true	[000004, 000000, 000001, 000003, 000008, 000005, 000006]
3690	0	000004	000006	56	17.0	3.0	0,859	true	[000004, 000000, 000001, 000003, 000008, 000005, 000007, 000006]
3691	0	000004	000006	57	19.0	5.0	0,894	true	[000004, 000000, 000001, 000003, 000008, 000006]
3692	0	000004	000006	58	19.0	3.0	0,841	true	[000004, 000000, 000001, 000003, 000008, 000007, 000005, 000006]
3693	0	000004	000006	59	19.0	5.0	0,885	true	[000004, 000000, 000001, 000003, 000008, 000007, 000006]
3694	0	000004	000006	60	6.0	6.0	0,832	true	[000004, 000000, 000001, 000005, 000003, 000002, 000006]
3695	0	000004	000006	61	6.0	6.0	0,824	true	[000004, 000000, 000001, 000005, 000003, 000002, 000008, 000006]
3696	0	000004	000006	62	6.0	6.0	0,816	true	[000004, 000000, 000001, 000005, 000003, 000002, 000008, 000007, 000006]
3697	0	000004	000006	63	6.0	6.0	0,867	true	[000004, 000000, 000001, 000005, 000003, 000006]
3698	0	000004	000006	64	6.0	4.0	0,867	true	[000004, 000000, 000001, 000005, 000003, 000007, 000006]
3699	0	000004	000006	65	6.0	4.0	0,783	true	[000004, 000000, 000001, 000005, 000003, 000007, 000008, 000002, 000006]
3700	0	000004	000006	66	6.0	4.0	0,824	true	[000004, 000000, 000001, 000005, 000003, 000007, 000008, 000006]
3701	0	000004	000006	67	6.0	5.0	0,841	true	[000004, 000000, 000001, 000005, 000003, 000008, 000002, 000006]
3702	0	000004	000006	68	6.0	5.0	0,885	true	[000004, 000000, 000001, 000005, 000003, 000008, 000006]
3703	0	000004	000006	69	6.0	5.0	0,876	true	[000004, 000000, 000001, 000005, 000003, 000008, 000007, 000006]
3704	0	000004	000006	70	20.0	6.0	0,932	true	[000004, 000000, 000001, 000005, 000006]
3705	0	000004	000006	71	8.0	3.0	0,816	true	[000004, 000000, 000001, 000005, 000007, 000003, 000002, 000006]
3706	0	000004	000006	72	8.0	3.0	0,808	true	[000004, 000000, 000001, 000005, 000007, 000003, 000002, 000008, 000006]
3707	0	000004	000006	73	8.0	3.0	0,850	true	[000004, 000000, 000001, 000005, 000007, 000003, 000006]
3708	0	000004	000006	74	8.0	3.0	0,824	true	[000004, 000000, 000001, 000005, 000007, 000003, 000008, 000002, 000006]
3709	0	000004	000006	75	8.0	3.0	0,867	true	[000004, 000000, 000001, 000005, 000007, 000003, 000008, 000006]
3710	0	000004	000006	76	20.0	3.0	0,922	true	[000004, 000000, 000001, 000005, 000007, 000006]
3711	0	000004	000006	77	20.0	3.0	0,800	true	[000004, 000000, 000001, 000005, 000007, 000008, 000002, 000003, 000006]
3712	0	000004	000006	78	20.0	3.0	0,833	true	[000004, 000000, 000001, 000005, 000007, 000008, 000002, 000006]
3713	0	000004	000006	79	20.0	3.0	0,824	true	[000004, 000000, 000001, 000005, 000007, 000008, 000003, 000002, 000006]
3714	0	000004	000006	80	20.0	3.0	0,859	true	[000004, 000000, 000001, 000005, 000007, 000008, 000003, 000006]
3715	0	000004	000006	81	20.0	3.0	0,877	true	[000004, 000000, 000001, 000005, 000007, 000008, 000006]
3716	0	000004	000006	82	17.0	6.0	0,824	true	[000004, 000000, 000001, 000005, 000008, 000002, 000003, 000006]
3717	0	000004	000006	83	8.0	4.0	0,824	true	[000004, 000000, 000001, 000005, 000008, 000002, 000003, 000007, 000006]
3718	0	000004	000006	84	17.0	6.0	0,859	true	[000004, 000000, 000001, 000005, 000008, 000002, 000006]
3719	0	000004	000006	85	17.0	5.0	0,850	true	[000004, 000000, 000001, 000005, 000008, 000003, 000002, 000006]
3720	0	000004	000006	86	17.0	5.0	0,885	true	[000004, 000000, 000001, 000005, 000008, 000003, 000006]
3721	0	000004	000006	87	8.0	4.0	0,885	true	[000004, 000000, 000001, 000005, 000008, 000003, 000007, 000006]
3722	0	000004	000006	88	17.0	6.0	0,904	true	[000004, 000000, 000001, 000005, 000008, 000006]
3723	0	000004	000006	89	8.0	4.0	0,791	true	[000004, 000000, 000001, 000005, 000008, 000007, 000003, 000002, 000006]
3724	0	000004	000006	90	8.0	4.0	0,824	true	[000004, 000000, 000001, 000005, 000008, 000007, 000003, 000006]
3725	0	000004	000006	91	17.0	6.0	0,894	true	[000004, 000000, 000001, 000005, 000008, 000007, 000006]
3726	0	000004	000006	92	6.0	7.0	0,922	true	[000004, 000000, 000001, 000006]
3727	0	000004	000006	93	8.0	4.0	0,807	true	[000004, 000000, 000001, 000007, 000003, 000002, 000006]
3728	0	000004	000006	94	8.0	4.0	0,775	true	[000004, 000000, 000001, 000007, 000003, 000002, 000008, 000005, 000006]
3729	0	000004	000006	95	8.0	4.0	0,799	true	[000004, 000000, 000001, 000007, 000003, 000002, 000008, 000006]
3730	0	000004	000006	96	6.0	4.0	0,816	true	[000004, 000000, 000001, 000007, 000003, 000005, 000006]
3731	0	000004	000006	97	6.0	4.0	0,752	true	[000004, 000000, 000001, 000007, 000003, 000005, 000008, 000002, 000006]
3732	0	000004	000006	98	6.0	4.0	0,791	true	[000004, 000000, 000001, 000007, 000003, 000005, 000008, 000006]
3733	0	000004	000006	99	8.0	4.0	0,841	true	[000004, 000000, 000001, 000007, 000003, 000006]
3734	0	000004	000006	100	8.0	4.0	0,816	true	[000004, 000000, 000001, 000007, 000003, 000008, 000002, 000006]
3735	0	000004	000006	101	8.0	4.0	0,859	true	[000004, 000000, 000001, 000007, 000003, 000008, 000006]
3736	0	000004	000006	102	10.0	5.0	0,913	true	[000004, 000000, 000001, 000007, 000006]
3737	0	000004	000006	103	23.0	7.0	0,970	true	[000004, 000006]
3738	1	001003	001002	0	16.0	6.0	0,951	true	[001003, 001000, 001002]
3739	1	001003	001002	1	16.0	5.0	0,885	true	[001003, 001000, 001004, 001001, 001002]
3740	1	001003	001002	2	15.0	5.0	0,850	true	[001003, 001000, 001004, 001001, 001005, 001006, 001002]
3741	1	001003	001002	3	15.0	5.0	0,850	true	[001003, 001000, 001004, 001001, 001005, 001006, 001007, 001002]
3742	1	001003	001002	4	13.0	5.0	0,808	true	[001003, 001000, 001004, 001001, 001005, 001006, 001008, 001007, 001002]
3743	1	001003	001002	5	13.0	5.0	0,867	true	[001003, 001000, 001004, 001001, 001005, 001007, 001002]
3744	1	001003	001002	6	13.0	5.0	0,850	true	[001003, 001000, 001004, 001001, 001005, 001007, 001006, 001002]
3745	1	001003	001002	7	13.0	5.0	0,808	true	[001003, 001000, 001004, 001001, 001005, 001007, 001008, 001006, 001002]
3746	1	001003	001002	8	16.0	4.0	0,841	true	[001003, 001000, 001004, 001001, 001006, 001002]
3747	1	001003	001002	9	13.0	4.0	0,841	true	[001003, 001000, 001004, 001001, 001006, 001005, 001007, 001002]
3748	1	001003	001002	10	16.0	4.0	0,841	true	[001003, 001000, 001004, 001001, 001006, 001007, 001002]
3749	1	001003	001002	11	13.0	4.0	0,799	true	[001003, 001000, 001004, 001001, 001006, 001008, 001007, 001002]
3750	1	001003	001002	12	16.0	4.0	0,885	true	[001003, 001000, 001004, 001002]
3751	1	001003	001002	13	16.0	5.0	0,885	true	[001003, 001000, 001005, 001001, 001002]
3752	1	001003	001002	14	16.0	4.0	0,867	true	[001003, 001000, 001005, 001001, 001004, 001002]
3753	1	001003	001002	15	16.0	4.0	0,841	true	[001003, 001000, 001005, 001001, 001006, 001002]
3754	1	001003	001002	16	16.0	4.0	0,841	true	[001003, 001000, 001005, 001001, 001006, 001007, 001002]
3755	1	001003	001002	17	13.0	4.0	0,799	true	[001003, 001000, 001005, 001001, 001006, 001008, 001007, 001002]
3756	1	001003	001002	18	15.0	4.0	0,858	true	[001003, 001000, 001005, 001006, 001001, 001002]
3757	1	001003	001002	19	15.0	4.0	0,841	true	[001003, 001000, 001005, 001006, 001001, 001004, 001002]
3758	1	001003	001002	20	15.0	5.0	0,903	true	[001003, 001000, 001005, 001006, 001002]
3759	1	001003	001002	21	15.0	5.0	0,904	true	[001003, 001000, 001005, 001006, 001007, 001002]
3760	1	001003	001002	22	13.0	5.0	0,859	true	[001003, 001000, 001005, 001006, 001008, 001007, 001002]
3761	1	001003	001002	23	13.0	5.0	0,922	true	[001003, 001000, 001005, 001007, 001002]
3762	1	001003	001002	24	13.0	4.0	0,858	true	[001003, 001000, 001005, 001007, 001006, 001001, 001002]
3763	1	001003	001002	25	13.0	4.0	0,841	true	[001003, 001000, 001005, 001007, 001006, 001001, 001004, 001002]
3764	1	001003	001002	26	13.0	5.0	0,903	true	[001003, 001000, 001005, 001007, 001006, 001002]
3765	1	001003	001002	27	13.0	4.0	0,816	true	[001003, 001000, 001005, 001007, 001008, 001006, 001001, 001002]
3766	1	001003	001002	28	13.0	4.0	0,799	true	[001003, 001000, 001005, 001007, 001008, 001006, 001001, 001004, 001002]
3767	1	001003	001002	29	13.0	5.0	0,859	true	[001003, 001000, 001005, 001007, 001008, 001006, 001002]
3768	1	001003	001002	30	16.0	4.0	0,867	true	[001003, 001000, 001006, 001001, 001002]
3769	1	001003	001002	31	16.0	4.0	0,849	true	[001003, 001000, 001006, 001001, 001004, 001002]
3770	1	001003	001002	32	13.0	4.0	0,850	true	[001003, 001000, 001006, 001001, 001005, 001007, 001002]
3771	1	001003	001002	33	16.0	8.0	0,913	true	[001003, 001000, 001006, 001002]
3772	1	001003	001002	34	15.0	5.0	0,876	true	[001003, 001000, 001006, 001005, 001001, 001002]
3773	1	001003	001002	35	15.0	4.0	0,859	true	[001003, 001000, 001006, 001005, 001001, 001004, 001002]
3774	1	001003	001002	36	13.0	6.0	0,913	true	[001003, 001000, 001006, 001005, 001007, 001002]
3775	1	001003	001002	37	16.0	6.0	0,913	true	[001003, 001000, 001006, 001007, 001002]
3776	1	001003	001002	38	13.0	5.0	0,876	true	[001003, 001000, 001006, 001007, 001005, 001001, 001002]
3777	1	001003	001002	39	13.0	4.0	0,859	true	[001003, 001000, 001006, 001007, 001005, 001001, 001004, 001002]
3778	1	001003	001002	40	13.0	8.0	0,867	true	[001003, 001000, 001006, 001008, 001007, 001002]
3779	1	001003	001002	41	13.0	5.0	0,833	true	[001003, 001000, 001006, 001008, 001007, 001005, 001001, 001002]
3780	1	001003	001002	42	13.0	4.0	0,816	true	[001003, 001000, 001006, 001008, 001007, 001005, 001001, 001004, 001002]
3781	1	001003	001002	43	16.0	4.0	0,931	true	[001003, 001000, 001007, 001002]
3782	1	001003	001002	44	13.0	4.0	0,894	true	[001003, 001000, 001007, 001005, 001001, 001002]
3783	1	001003	001002	45	13.0	4.0	0,876	true	[001003, 001000, 001007, 001005, 001001, 001004, 001002]
3784	1	001003	001002	46	13.0	4.0	0,850	true	[001003, 001000, 001007, 001005, 001001, 001006, 001002]
3785	1	001003	001002	47	13.0	4.0	0,867	true	[001003, 001000, 001007, 001005, 001006, 001001, 001002]
3786	1	001003	001002	48	13.0	4.0	0,849	true	[001003, 001000, 001007, 001005, 001006, 001001, 001004, 001002]
3787	1	001003	001002	49	13.0	4.0	0,913	true	[001003, 001000, 001007, 001005, 001006, 001002]
3788	1	001003	001002	50	16.0	4.0	0,867	true	[001003, 001000, 001007, 001006, 001001, 001002]
3789	1	001003	001002	51	16.0	4.0	0,849	true	[001003, 001000, 001007, 001006, 001001, 001004, 001002]
3790	1	001003	001002	52	16.0	4.0	0,913	true	[001003, 001000, 001007, 001006, 001002]
3791	1	001003	001002	53	15.0	4.0	0,876	true	[001003, 001000, 001007, 001006, 001005, 001001, 001002]
3792	1	001003	001002	54	15.0	4.0	0,859	true	[001003, 001000, 001007, 001006, 001005, 001001, 001004, 001002]
3793	1	001003	001002	55	13.0	4.0	0,824	true	[001003, 001000, 001007, 001008, 001006, 001001, 001002]
3794	1	001003	001002	56	13.0	4.0	0,807	true	[001003, 001000, 001007, 001008, 001006, 001001, 001004, 001002]
3795	1	001003	001002	57	13.0	4.0	0,867	true	[001003, 001000, 001007, 001008, 001006, 001002]
3796	1	001003	001002	58	13.0	4.0	0,833	true	[001003, 001000, 001007, 001008, 001006, 001005, 001001, 001002]
3797	1	001003	001002	59	13.0	4.0	0,816	true	[001003, 001000, 001007, 001008, 001006, 001005, 001001, 001004, 001002]
3798	1	001003	001002	60	26.0	7.0	0,922	true	[001003, 001001, 001002]
3799	1	001003	001002	61	26.0	5.0	0,894	true	[001003, 001001, 001004, 001000, 001002]
3800	1	001003	001002	62	15.0	5.0	0,850	true	[001003, 001001, 001004, 001000, 001005, 001006, 001002]
3801	1	001003	001002	63	15.0	5.0	0,850	true	[001003, 001001, 001004, 001000, 001005, 001006, 001007, 001002]
3802	1	001003	001002	64	13.0	5.0	0,808	true	[001003, 001001, 001004, 001000, 001005, 001006, 001008, 001007, 001002]
3803	1	001003	001002	65	13.0	5.0	0,867	true	[001003, 001001, 001004, 001000, 001005, 001007, 001002]
3804	1	001003	001002	66	13.0	5.0	0,850	true	[001003, 001001, 001004, 001000, 001005, 001007, 001006, 001002]
3805	1	001003	001002	67	13.0	5.0	0,808	true	[001003, 001001, 001004, 001000, 001005, 001007, 001008, 001006, 001002]
3806	1	001003	001002	68	26.0	5.0	0,858	true	[001003, 001001, 001004, 001000, 001006, 001002]
3807	1	001003	001002	69	13.0	5.0	0,859	true	[001003, 001001, 001004, 001000, 001006, 001005, 001007, 001002]
3808	1	001003	001002	70	26.0	5.0	0,859	true	[001003, 001001, 001004, 001000, 001006, 001007, 001002]
3809	1	001003	001002	71	13.0	5.0	0,816	true	[001003, 001001, 001004, 001000, 001006, 001008, 001007, 001002]
3810	1	001003	001002	72	26.0	4.0	0,876	true	[001003, 001001, 001004, 001000, 001007, 001002]
3811	1	001003	001002	73	13.0	4.0	0,858	true	[001003, 001001, 001004, 001000, 001007, 001005, 001006, 001002]
3812	1	001003	001002	74	26.0	4.0	0,858	true	[001003, 001001, 001004, 001000, 001007, 001006, 001002]
3813	1	001003	001002	75	13.0	4.0	0,816	true	[001003, 001001, 001004, 001000, 001007, 001008, 001006, 001002]
3814	1	001003	001002	76	26.0	4.0	0,903	true	[001003, 001001, 001004, 001002]
3815	1	001003	001002	77	26.0	5.0	0,894	true	[001003, 001001, 001005, 001000, 001002]
3816	1	001003	001002	78	26.0	4.0	0,832	true	[001003, 001001, 001005, 001000, 001004, 001002]
3817	1	001003	001002	79	26.0	5.0	0,859	true	[001003, 001001, 001005, 001000, 001006, 001002]
3818	1	001003	001002	80	26.0	5.0	0,859	true	[001003, 001001, 001005, 001000, 001006, 001007, 001002]
3819	1	001003	001002	81	13.0	5.0	0,816	true	[001003, 001001, 001005, 001000, 001006, 001008, 001007, 001002]
3820	1	001003	001002	82	26.0	4.0	0,876	true	[001003, 001001, 001005, 001000, 001007, 001002]
3821	1	001003	001002	83	26.0	4.0	0,859	true	[001003, 001001, 001005, 001000, 001007, 001006, 001002]
3822	1	001003	001002	84	13.0	4.0	0,816	true	[001003, 001001, 001005, 001000, 001007, 001008, 001006, 001002]
3823	1	001003	001002	85	15.0	5.0	0,885	true	[001003, 001001, 001005, 001006, 001000, 001002]
3824	1	001003	001002	86	15.0	4.0	0,824	true	[001003, 001001, 001005, 001006, 001000, 001004, 001002]
3825	1	001003	001002	87	15.0	4.0	0,868	true	[001003, 001001, 001005, 001006, 001000, 001007, 001002]
3826	1	001003	001002	88	15.0	5.0	0,885	true	[001003, 001001, 001005, 001006, 001002]
3827	1	001003	001002	89	15.0	4.0	0,885	true	[001003, 001001, 001005, 001006, 001007, 001000, 001002]
3828	1	001003	001002	90	15.0	4.0	0,824	true	[001003, 001001, 001005, 001006, 001007, 001000, 001004, 001002]
3829	1	001003	001002	91	15.0	5.0	0,885	true	[001003, 001001, 001005, 001006, 001007, 001002]
3830	1	001003	001002	92	13.0	4.0	0,841	true	[001003, 001001, 001005, 001006, 001008, 001007, 001000, 001002]
3831	1	001003	001002	93	13.0	4.0	0,783	true	[001003, 001001, 001005, 001006, 001008, 001007, 001000, 001004, 001002]
3832	1	001003	001002	94	13.0	5.0	0,841	true	[001003, 001001, 001005, 001006, 001008, 001007, 001002]
3833	1	001003	001002	95	13.0	4.0	0,903	true	[001003, 001001, 001005, 001007, 001000, 001002]
3834	1	001003	001002	96	13.0	4.0	0,841	true	[001003, 001001, 001005, 001007, 001000, 001004, 001002]
3835	1	001003	001002	97	13.0	4.0	0,867	true	[001003, 001001, 001005, 001007, 001000, 001006, 001002]
3836	1	001003	001002	98	13.0	5.0	0,903	true	[001003, 001001, 001005, 001007, 001002]
3837	1	001003	001002	99	13.0	5.0	0,885	true	[001003, 001001, 001005, 001007, 001006, 001000, 001002]
3838	1	001003	001002	100	13.0	4.0	0,824	true	[001003, 001001, 001005, 001007, 001006, 001000, 001004, 001002]
3839	1	001003	001002	101	13.0	5.0	0,885	true	[001003, 001001, 001005, 001007, 001006, 001002]
3840	2	002006	002005	0	11.0	4.0	0,867	true	[002006, 002000, 002001, 002002, 002003, 002005]
3841	2	002006	002005	1	11.0	4.0	0,824	true	[002006, 002000, 002001, 002002, 002003, 002007, 002004, 002005]
3842	2	002006	002005	2	11.0	4.0	0,858	true	[002006, 002000, 002001, 002002, 002003, 002007, 002005]
3843	2	002006	002005	3	11.0	4.0	0,903	true	[002006, 002000, 002001, 002002, 002005]
3844	2	002006	002005	4	11.0	4.0	0,824	true	[002006, 002000, 002001, 002002, 002007, 002003, 002005]
3845	2	002006	002005	5	11.0	4.0	0,850	true	[002006, 002000, 002001, 002002, 002007, 002004, 002005]
3846	2	002006	002005	6	11.0	4.0	0,885	true	[002006, 002000, 002001, 002002, 002007, 002005]
3847	2	002006	002005	7	15.0	4.0	0,903	true	[002006, 002000, 002001, 002005]
3848	2	002006	002005	8	15.0	4.0	0,841	true	[002006, 002000, 002001, 002007, 002002, 002003, 002005]
3849	2	002006	002005	9	15.0	4.0	0,876	true	[002006, 002000, 002001, 002007, 002002, 002005]
3850	2	002006	002005	10	15.0	4.0	0,850	true	[002006, 002000, 002001, 002007, 002003, 002002, 002005]
3851	2	002006	002005	11	15.0	5.0	0,849	true	[002006, 002000, 002001, 002007, 002003, 002005]
3852	2	002006	002005	12	11.0	5.0	0,876	true	[002006, 002000, 002001, 002007, 002004, 002005]
3853	2	002006	002005	13	15.0	5.0	0,912	true	[002006, 002000, 002001, 002007, 002005]
3854	2	002006	002005	14	15.0	4.0	0,824	true	[002006, 002000, 002001, 002008, 002007, 002002, 002003, 002005]
3855	2	002006	002005	15	15.0	4.0	0,859	true	[002006, 002000, 002001, 002008, 002007, 002002, 002005]
3856	2	002006	002005	16	15.0	4.0	0,833	true	[002006, 002000, 002001, 002008, 002007, 002003, 002002, 002005]
3857	2	002006	002005	17	15.0	5.0	0,832	true	[002006, 002000, 002001, 002008, 002007, 002003, 002005]
3858	2	002006	002005	18	11.0	5.0	0,858	true	[002006, 002000, 002001, 002008, 002007, 002004, 002005]
3859	2	002006	002005	19	15.0	5.0	0,894	true	[002006, 002000, 002001, 002008, 002007, 002005]
3860	2	002006	002005	20	11.0	4.0	0,922	true	[002006, 002000, 002002, 002001, 002005]
3861	2	002006	002005	21	11.0	4.0	0,867	true	[002006, 002000, 002002, 002001, 002007, 002003, 002005]
3862	2	002006	002005	22	11.0	4.0	0,894	true	[002006, 002000, 002002, 002001, 002007, 002004, 002005]
3863	2	002006	002005	23	11.0	4.0	0,931	true	[002006, 002000, 002002, 002001, 002007, 002005]
3864	2	002006	002005	24	11.0	4.0	0,850	true	[002006, 002000, 002002, 002001, 002008, 002007, 002003, 002005]
3865	2	002006	002005	25	11.0	4.0	0,876	true	[002006, 002000, 002002, 002001, 002008, 002007, 002004, 002005]
3866	2	002006	002005	26	11.0	4.0	0,913	true	[002006, 002000, 002002, 002001, 002008, 002007, 002005]
3867	2	002006	002005	27	15.0	4.0	0,885	true	[002006, 002000, 002002, 002003, 002005]
3868	2	002006	002005	28	15.0	4.0	0,867	true	[002006, 002000, 002002, 002003, 002007, 002001, 002005]
3869	2	002006	002005	29	11.0	4.0	0,841	true	[002006, 002000, 002002, 002003, 002007, 002004, 002005]
3870	2	002006	002005	30	15.0	4.0	0,876	true	[002006, 002000, 002002, 002003, 002007, 002005]
3871	2	002006	002005	31	15.0	4.0	0,850	true	[002006, 002000, 002002, 002003, 002007, 002008, 002001, 002005]
3872	2	002006	002005	32	15.0	5.0	0,922	true	[002006, 002000, 002002, 002005]
3873	2	002006	002005	33	15.0	4.0	0,894	true	[002006, 002000, 002002, 002007, 002001, 002005]
3874	2	002006	002005	34	15.0	4.0	0,841	true	[002006, 002000, 002002, 002007, 002003, 002005]
3875	2	002006	002005	35	11.0	4.0	0,867	true	[002006, 002000, 002002, 002007, 002004, 002005]
3876	2	002006	002005	36	15.0	4.0	0,903	true	[002006, 002000, 002002, 002007, 002005]
3877	2	002006	002005	37	15.0	4.0	0,876	true	[002006, 002000, 002002, 002007, 002008, 002001, 002005]
3878	2	002006	002005	38	11.0	4.0	0,922	true	[002006, 002000, 002003, 002002, 002001, 002005]
3879	2	002006	002005	39	11.0	4.0	0,894	true	[002006, 002000, 002003, 002002, 002001, 002007, 002004, 002005]
3880	2	002006	002005	40	11.0	4.0	0,931	true	[002006, 002000, 002003, 002002, 002001, 002007, 002005]
3881	2	002006	002005	41	11.0	4.0	0,876	true	[002006, 002000, 002003, 002002, 002001, 002008, 002007, 002004, 002005]
3882	2	002006	002005	42	11.0	4.0	0,913	true	[002006, 002000, 002003, 002002, 002001, 002008, 002007, 002005]
3883	2	002006	002005	43	15.0	4.0	0,922	true	[002006, 002000, 002003, 002002, 002005]
3884	2	002006	002005	44	15.0	4.0	0,894	true	[002006, 002000, 002003, 002002, 002007, 002001, 002005]
3885	2	002006	002005	45	11.0	4.0	0,867	true	[002006, 002000, 002003, 002002, 002007, 002004, 002005]
3886	2	002006	002005	46	15.0	4.0	0,903	true	[002006, 002000, 002003, 002002, 002007, 002005]
3887	2	002006	002005	47	15.0	4.0	0,876	true	[002006, 002000, 002003, 002002, 002007, 002008, 002001, 002005]
3888	2	002006	002005	48	15.0	5.0	0,922	true	[002006, 002000, 002003, 002005]
3889	2	002006	002005	49	11.0	4.0	0,903	true	[002006, 002000, 002003, 002007, 002001, 002002, 002005]
3890	2	002006	002005	50	15.0	4.0	0,903	true	[002006, 002000, 002003, 002007, 002001, 002005]
3891	2	002006	002005	51	11.0	4.0	0,876	true	[002006, 002000, 002003, 002007, 002002, 002001, 002005]
3892	2	002006	002005	52	15.0	4.0	0,876	true	[002006, 002000, 002003, 002007, 002002, 002005]
3893	2	002006	002005	53	11.0	5.0	0,876	true	[002006, 002000, 002003, 002007, 002004, 002005]
3894	2	002006	002005	54	15.0	5.0	0,912	true	[002006, 002000, 002003, 002007, 002005]
3895	2	002006	002005	55	11.0	4.0	0,885	true	[002006, 002000, 002003, 002007, 002008, 002001, 002002, 002005]
3896	2	002006	002005	56	15.0	4.0	0,885	true	[002006, 002000, 002003, 002007, 002008, 002001, 002005]
3897	2	002006	002005	57	9.0	3.0	0,950	true	[002006, 002000, 002004, 002005]
3898	2	002006	002005	58	9.0	3.0	0,867	true	[002006, 002000, 002004, 002007, 002001, 002002, 002003, 002005]
3899	2	002006	002005	59	9.0	3.0	0,903	true	[002006, 002000, 002004, 002007, 002001, 002002, 002005]
3900	2	002006	002005	60	9.0	3.0	0,903	true	[002006, 002000, 002004, 002007, 002001, 002005]
3901	2	002006	002005	61	9.0	3.0	0,876	true	[002006, 002000, 002004, 002007, 002002, 002001, 002005]
3902	2	002006	002005	62	9.0	3.0	0,841	true	[002006, 002000, 002004, 002007, 002002, 002003, 002005]
3903	2	002006	002005	63	9.0	3.0	0,876	true	[002006, 002000, 002004, 002007, 002002, 002005]
3904	2	002006	002005	64	9.0	3.0	0,850	true	[002006, 002000, 002004, 002007, 002003, 002002, 002001, 002005]
3905	2	002006	002005	65	9.0	3.0	0,850	true	[002006, 002000, 002004, 002007, 002003, 002002, 002005]
3906	2	002006	002005	66	9.0	3.0	0,849	true	[002006, 002000, 002004, 002007, 002003, 002005]
3907	2	002006	002005	67	9.0	3.0	0,912	true	[002006, 002000, 002004, 002007, 002005]
3908	2	002006	002005	68	9.0	3.0	0,850	true	[002006, 002000, 002004, 002007, 002008, 002001, 002002, 002003, 002005]
3909	2	002006	002005	69	9.0	3.0	0,885	true	[002006, 002000, 002004, 002007, 002008, 002001, 002002, 002005]
3910	2	002006	002005	70	9.0	3.0	0,885	true	[002006, 002000, 002004, 002007, 002008, 002001, 002005]
3911	2	002006	002005	71	5.0	5.0	0,960	true	[002006, 002000, 002005]
3912	2	002006	002005	72	11.0	4.0	0,903	true	[002006, 002000, 002007, 002001, 002002, 002003, 002005]
3913	2	002006	002005	73	11.0	4.0	0,941	true	[002006, 002000, 002007, 002001, 002002, 002005]
3914	2	002006	002005	74	15.0	4.0	0,941	true	[002006, 002000, 002007, 002001, 002005]
3915	2	002006	002005	75	11.0	4.0	0,913	true	[002006, 002000, 002007, 002002, 002001, 002005]
3916	2	002006	002005	76	15.0	4.0	0,876	true	[002006, 002000, 002007, 002002, 002003, 002005]
3917	2	002006	002005	77	15.0	4.0	0,913	true	[002006, 002000, 002007, 002002, 002005]
3918	2	002006	002005	78	11.0	4.0	0,885	true	[002006, 002000, 002007, 002003, 002002, 002001, 002005]
3919	2	002006	002005	79	15.0	4.0	0,885	true	[002006, 002000, 002007, 002003, 002002, 002005]
3920	2	002006	002005	80	15.0	5.0	0,885	true	[002006, 002000, 002007, 002003, 002005]
3921	2	002006	002005	81	11.0	5.0	0,912	true	[002006, 002000, 002007, 002004, 002005]
3922	2	002006	002005	82	15.0	5.0	0,950	true	[002006, 002000, 002007, 002005]
3923	2	002006	002005	83	11.0	4.0	0,885	true	[002006, 002000, 002007, 002008, 002001, 002002, 002003, 002005]
3924	2	002006	002005	84	11.0	4.0	0,922	true	[002006, 002000, 002007, 002008, 002001, 002002, 002005]
3925	2	002006	002005	85	15.0	4.0	0,922	true	[002006, 002000, 002007, 002008, 002001, 002005]
3926	2	002006	002005	86	11.0	4.0	0,858	true	[002006, 002000, 002008, 002001, 002002, 002003, 002005]
3927	2	002006	002005	87	11.0	4.0	0,815	true	[002006, 002000, 002008, 002001, 002002, 002003, 002007, 002004, 002005]
3928	2	002006	002005	88	11.0	4.0	0,849	true	[002006, 002000, 002008, 002001, 002002, 002003, 002007, 002005]
3929	2	002006	002005	89	11.0	4.0	0,894	true	[002006, 002000, 002008, 002001, 002002, 002005]
3930	2	002006	002005	90	11.0	4.0	0,815	true	[002006, 002000, 002008, 002001, 002002, 002007, 002003, 002005]
3931	2	002006	002005	91	11.0	4.0	0,841	true	[002006, 002000, 002008, 002001, 002002, 002007, 002004, 002005]
3932	2	002006	002005	92	11.0	4.0	0,876	true	[002006, 002000, 002008, 002001, 002002, 002007, 002005]
3933	2	002006	002005	93	15.0	4.0	0,894	true	[002006, 002000, 002008, 002001, 002005]
3934	2	002006	002005	94	15.0	4.0	0,832	true	[002006, 002000, 002008, 002001, 002007, 002002, 002003, 002005]
3935	2	002006	002005	95	15.0	4.0	0,867	true	[002006, 002000, 002008, 002001, 002007, 002002, 002005]
3936	2	002006	002005	96	15.0	4.0	0,841	true	[002006, 002000, 002008, 002001, 002007, 002003, 002002, 002005]
3937	2	002006	002005	97	15.0	5.0	0,840	true	[002006, 002000, 002008, 002001, 002007, 002003, 002005]
3938	2	002006	002005	98	11.0	5.0	0,867	true	[002006, 002000, 002008, 002001, 002007, 002004, 002005]
3939	2	002006	002005	99	15.0	5.0	0,903	true	[002006, 002000, 002008, 002001, 002007, 002005]
3940	2	002006	002005	100	11.0	4.0	0,841	true	[002006, 002000, 002008, 002007, 002001, 002002, 002003, 002005]
3941	2	002006	002005	101	11.0	4.0	0,876	true	[002006, 002000, 002008, 002007, 002001, 002002, 002005]
3942	2	002006	002005	102	15.0	4.0	0,876	true	[002006, 002000, 002008, 002007, 002001, 002005]
3943	2	002006	002005	103	15.0	5.0	0,885	true	[002006, 002000, 002008, 002007, 002005]
3944	2	002006	002005	104	50.0	3.0	0,960	true	[002006, 002005]
3945	3	003005	003000	0	49.0	3.0	0,950	true	[003005, 003001, 003000]
3946	3	003005	003000	1	19.0	3.0	0,903	true	[003005, 003001, 003002, 003000]
3947	3	003005	003000	2	36.0	3.0	0,876	true	[003005, 003001, 003002, 003004, 003000]
3948	3	003005	003000	3	5.0	3.0	0,867	true	[003005, 003001, 003002, 003004, 003003, 003006, 003000]
3949	3	003005	003000	4	5.0	3.0	0,885	true	[003005, 003001, 003002, 003004, 003003, 003006, 003008, 003000]
3950	3	003005	003000	5	5.0	3.0	0,824	true	[003005, 003001, 003002, 003004, 003003, 003006, 003008, 003007, 003000]
3951	3	003005	003000	6	31.0	3.0	0,885	true	[003005, 003001, 003002, 003004, 003007, 003000]
3952	3	003005	003000	7	15.0	3.0	0,858	true	[003005, 003001, 003002, 003004, 003007, 003008, 003000]
3953	3	003005	003000	8	15.0	3.0	0,841	true	[003005, 003001, 003002, 003004, 003007, 003008, 003006, 003000]
3954	3	003005	003000	9	27.0	3.0	0,903	true	[003005, 003001, 003002, 003004, 003008, 003000]
3955	3	003005	003000	10	27.0	3.0	0,885	true	[003005, 003001, 003002, 003004, 003008, 003006, 003000]
3956	3	003005	003000	11	15.0	3.0	0,841	true	[003005, 003001, 003002, 003004, 003008, 003007, 003000]
3957	3	003005	003000	12	17.0	3.0	0,903	true	[003005, 003001, 003002, 003006, 003000]
3958	3	003005	003000	13	5.0	3.0	0,876	true	[003005, 003001, 003002, 003006, 003003, 003004, 003000]
3959	3	003005	003000	14	5.0	3.0	0,885	true	[003005, 003001, 003002, 003006, 003003, 003004, 003007, 003000]
3960	3	003005	003000	15	5.0	3.0	0,858	true	[003005, 003001, 003002, 003006, 003003, 003004, 003007, 003008, 003000]
3961	3	003005	003000	16	5.0	3.0	0,903	true	[003005, 003001, 003002, 003006, 003003, 003004, 003008, 003000]
3962	3	003005	003000	17	5.0	3.0	0,841	true	[003005, 003001, 003002, 003006, 003003, 003004, 003008, 003007, 003000]
3963	3	003005	003000	18	17.0	3.0	0,922	true	[003005, 003001, 003002, 003006, 003008, 003000]
3964	3	003005	003000	19	17.0	3.0	0,894	true	[003005, 003001, 003002, 003006, 003008, 003004, 003000]
3965	3	003005	003000	20	17.0	3.0	0,903	true	[003005, 003001, 003002, 003006, 003008, 003004, 003007, 003000]
3966	3	003005	003000	21	15.0	3.0	0,858	true	[003005, 003001, 003002, 003006, 003008, 003007, 003000]
3967	3	003005	003000	22	15.0	3.0	0,849	true	[003005, 003001, 003002, 003006, 003008, 003007, 003004, 003000]
3968	3	003005	003000	23	8.0	3.0	0,858	true	[003005, 003001, 003002, 003007, 003000]
3969	3	003005	003000	24	8.0	3.0	0,849	true	[003005, 003001, 003002, 003007, 003004, 003000]
3970	3	003005	003000	25	5.0	3.0	0,841	true	[003005, 003001, 003002, 003007, 003004, 003003, 003006, 003000]
3971	3	003005	003000	26	5.0	3.0	0,858	true	[003005, 003001, 003002, 003007, 003004, 003003, 003006, 003008, 003000]
3972	3	003005	003000	27	8.0	3.0	0,876	true	[003005, 003001, 003002, 003007, 003004, 003008, 003000]
3973	3	003005	003000	28	8.0	3.0	0,858	true	[003005, 003001, 003002, 003007, 003004, 003008, 003006, 003000]
3974	3	003005	003000	29	8.0	3.0	0,832	true	[003005, 003001, 003002, 003007, 003008, 003000]
3975	3	003005	003000	30	8.0	3.0	0,807	true	[003005, 003001, 003002, 003007, 003008, 003004, 003000]
3976	3	003005	003000	31	5.0	3.0	0,799	true	[003005, 003001, 003002, 003007, 003008, 003004, 003003, 003006, 003000]
3977	3	003005	003000	32	8.0	3.0	0,815	true	[003005, 003001, 003002, 003007, 003008, 003006, 003000]
3978	3	003005	003000	33	5.0	3.0	0,790	true	[003005, 003001, 003002, 003007, 003008, 003006, 003003, 003004, 003000]
3979	3	003005	003000	34	19.0	3.0	0,885	true	[003005, 003001, 003002, 003008, 003000]
3980	3	003005	003000	35	19.0	3.0	0,858	true	[003005, 003001, 003002, 003008, 003004, 003000]
3981	3	003005	003000	36	5.0	3.0	0,850	true	[003005, 003001, 003002, 003008, 003004, 003003, 003006, 003000]
3982	3	003005	003000	37	19.0	3.0	0,867	true	[003005, 003001, 003002, 003008, 003004, 003007, 003000]
3983	3	003005	003000	38	19.0	3.0	0,867	true	[003005, 003001, 003002, 003008, 003006, 003000]
3984	3	003005	003000	39	5.0	3.0	0,841	true	[003005, 003001, 003002, 003008, 003006, 003003, 003004, 003000]
3985	3	003005	003000	40	5.0	3.0	0,850	true	[003005, 003001, 003002, 003008, 003006, 003003, 003004, 003007, 003000]
3986	3	003005	003000	41	15.0	3.0	0,824	true	[003005, 003001, 003002, 003008, 003007, 003000]
3987	3	003005	003000	42	15.0	3.0	0,815	true	[003005, 003001, 003002, 003008, 003007, 003004, 003000]
3988	3	003005	003000	43	5.0	3.0	0,807	true	[003005, 003001, 003002, 003008, 003007, 003004, 003003, 003006, 003000]
3989	3	003005	003000	44	14.0	3.0	0,903	true	[003005, 003001, 003003, 003004, 003000]
3990	3	003005	003000	45	14.0	3.0	0,894	true	[003005, 003001, 003003, 003004, 003002, 003000]
3991	3	003005	003000	46	14.0	3.0	0,894	true	[003005, 003001, 003003, 003004, 003002, 003006, 003000]
3992	3	003005	003000	47	14.0	3.0	0,912	true	[003005, 003001, 003003, 003004, 003002, 003006, 003008, 003000]
3993	3	003005	003000	48	14.0	3.0	0,849	true	[003005, 003001, 003003, 003004, 003002, 003006, 003008, 003007, 003000]
3994	3	003005	003000	49	8.0	3.0	0,849	true	[003005, 003001, 003003, 003004, 003002, 003007, 003000]
3995	3	003005	003000	50	8.0	3.0	0,824	true	[003005, 003001, 003003, 003004, 003002, 003007, 003008, 003000]
3996	3	003005	003000	51	8.0	3.0	0,807	true	[003005, 003001, 003003, 003004, 003002, 003007, 003008, 003006, 003000]
3997	3	003005	003000	52	14.0	3.0	0,876	true	[003005, 003001, 003003, 003004, 003002, 003008, 003000]
3998	3	003005	003000	53	14.0	3.0	0,858	true	[003005, 003001, 003003, 003004, 003002, 003008, 003006, 003000]
3999	3	003005	003000	54	14.0	3.0	0,815	true	[003005, 003001, 003003, 003004, 003002, 003008, 003007, 003000]
4000	3	003005	003000	55	14.0	3.0	0,912	true	[003005, 003001, 003003, 003004, 003007, 003000]
4001	3	003005	003000	56	8.0	3.0	0,867	true	[003005, 003001, 003003, 003004, 003007, 003002, 003000]
4002	3	003005	003000	57	8.0	3.0	0,867	true	[003005, 003001, 003003, 003004, 003007, 003002, 003006, 003000]
4003	3	003005	003000	58	8.0	3.0	0,885	true	[003005, 003001, 003003, 003004, 003007, 003002, 003006, 003008, 003000]
4004	3	003005	003000	59	8.0	3.0	0,849	true	[003005, 003001, 003003, 003004, 003007, 003002, 003008, 003000]
4005	3	003005	003000	60	8.0	3.0	0,832	true	[003005, 003001, 003003, 003004, 003007, 003002, 003008, 003006, 003000]
4006	3	003005	003000	61	14.0	3.0	0,885	true	[003005, 003001, 003003, 003004, 003007, 003008, 003000]
4007	3	003005	003000	62	14.0	3.0	0,832	true	[003005, 003001, 003003, 003004, 003007, 003008, 003002, 003000]
4008	3	003005	003000	63	14.0	3.0	0,832	true	[003005, 003001, 003003, 003004, 003007, 003008, 003002, 003006, 003000]
4009	3	003005	003000	64	14.0	3.0	0,867	true	[003005, 003001, 003003, 003004, 003007, 003008, 003006, 003000]
4010	3	003005	003000	65	14.0	3.0	0,867	true	[003005, 003001, 003003, 003004, 003007, 003008, 003006, 003002, 003000]
4011	3	003005	003000	66	14.0	3.0	0,931	true	[003005, 003001, 003003, 003004, 003008, 003000]
4012	3	003005	003000	67	14.0	3.0	0,876	true	[003005, 003001, 003003, 003004, 003008, 003002, 003000]
4013	3	003005	003000	68	14.0	3.0	0,876	true	[003005, 003001, 003003, 003004, 003008, 003002, 003006, 003000]
4014	3	003005	003000	69	8.0	3.0	0,832	true	[003005, 003001, 003003, 003004, 003008, 003002, 003007, 003000]
4015	3	003005	003000	70	14.0	3.0	0,912	true	[003005, 003001, 003003, 003004, 003008, 003006, 003000]
4016	3	003005	003000	71	14.0	3.0	0,912	true	[003005, 003001, 003003, 003004, 003008, 003006, 003002, 003000]
4017	3	003005	003000	72	8.0	3.0	0,867	true	[003005, 003001, 003003, 003004, 003008, 003006, 003002, 003007, 003000]
4018	3	003005	003000	73	14.0	3.0	0,867	true	[003005, 003001, 003003, 003004, 003008, 003007, 003000]
4019	3	003005	003000	74	8.0	3.0	0,823	true	[003005, 003001, 003003, 003004, 003008, 003007, 003002, 003000]
4020	3	003005	003000	75	8.0	3.0	0,823	true	[003005, 003001, 003003, 003004, 003008, 003007, 003002, 003006, 003000]
4021	3	003005	003000	76	5.0	3.0	0,894	true	[003005, 003001, 003003, 003006, 003000]
4022	3	003005	003000	77	5.0	3.0	0,894	true	[003005, 003001, 003003, 003006, 003002, 003000]
4023	3	003005	003000	78	5.0	3.0	0,867	true	[003005, 003001, 003003, 003006, 003002, 003004, 003000]
4024	3	003005	003000	79	5.0	3.0	0,876	true	[003005, 003001, 003003, 003006, 003002, 003004, 003007, 003000]
4025	3	003005	003000	80	5.0	3.0	0,850	true	[003005, 003001, 003003, 003006, 003002, 003004, 003007, 003008, 003000]
4026	3	003005	003000	81	5.0	3.0	0,894	true	[003005, 003001, 003003, 003006, 003002, 003004, 003008, 003000]
4027	3	003005	003000	82	5.0	3.0	0,832	true	[003005, 003001, 003003, 003006, 003002, 003004, 003008, 003007, 003000]
4028	3	003005	003000	83	5.0	3.0	0,849	true	[003005, 003001, 003003, 003006, 003002, 003007, 003000]
4029	3	003005	003000	84	5.0	3.0	0,841	true	[003005, 003001, 003003, 003006, 003002, 003007, 003004, 003000]
4030	3	003005	003000	85	5.0	3.0	0,867	true	[003005, 003001, 003003, 003006, 003002, 003007, 003004, 003008, 003000]
4031	3	003005	003000	86	5.0	3.0	0,824	true	[003005, 003001, 003003, 003006, 003002, 003007, 003008, 003000]
4032	3	003005	003000	87	5.0	3.0	0,799	true	[003005, 003001, 003003, 003006, 003002, 003007, 003008, 003004, 003000]
4033	3	003005	003000	88	5.0	3.0	0,876	true	[003005, 003001, 003003, 003006, 003002, 003008, 003000]
4034	3	003005	003000	89	5.0	3.0	0,849	true	[003005, 003001, 003003, 003006, 003002, 003008, 003004, 003000]
4035	3	003005	003000	90	5.0	3.0	0,858	true	[003005, 003001, 003003, 003006, 003002, 003008, 003004, 003007, 003000]
4036	3	003005	003000	91	5.0	3.0	0,815	true	[003005, 003001, 003003, 003006, 003002, 003008, 003007, 003000]
4037	3	003005	003000	92	5.0	3.0	0,807	true	[003005, 003001, 003003, 003006, 003002, 003008, 003007, 003004, 003000]
4038	3	003005	003000	93	5.0	3.0	0,912	true	[003005, 003001, 003003, 003006, 003008, 003000]
4039	3	003005	003000	94	5.0	3.0	0,858	true	[003005, 003001, 003003, 003006, 003008, 003002, 003000]
4040	3	003005	003000	95	5.0	3.0	0,832	true	[003005, 003001, 003003, 003006, 003008, 003002, 003004, 003000]
4041	3	003005	003000	96	5.0	3.0	0,841	true	[003005, 003001, 003003, 003006, 003008, 003002, 003004, 003007, 003000]
4042	3	003005	003000	97	5.0	3.0	0,815	true	[003005, 003001, 003003, 003006, 003008, 003002, 003007, 003000]
4043	3	003005	003000	98	5.0	3.0	0,807	true	[003005, 003001, 003003, 003006, 003008, 003002, 003007, 003004, 003000]
4044	3	003005	003000	99	5.0	3.0	0,885	true	[003005, 003001, 003003, 003006, 003008, 003004, 003000]
4045	3	003005	003000	100	5.0	3.0	0,876	true	[003005, 003001, 003003, 003006, 003008, 003004, 003002, 003000]
4046	4	004003	004001	0	15.0	3.0	0,980	true	[004003, 004001]
4047	4	004003	004001	1	10.0	3.0	0,950	true	[004003, 004005, 004000, 004001]
4048	4	004003	004001	2	10.0	3.0	0,941	true	[004003, 004005, 004000, 004002, 004001]
4049	4	004003	004001	3	10.0	3.0	0,885	true	[004003, 004005, 004000, 004002, 004004, 004001]
4050	4	004003	004001	4	10.0	3.0	0,823	true	[004003, 004005, 004000, 004002, 004004, 004006, 004001]
4051	4	004003	004001	5	10.0	3.0	0,807	true	[004003, 004005, 004000, 004002, 004004, 004006, 004007, 004008, 004001]
4052	4	004003	004001	6	10.0	3.0	0,799	true	[004003, 004005, 004000, 004002, 004004, 004006, 004008, 004001]
4053	4	004003	004001	7	10.0	3.0	0,823	true	[004003, 004005, 004000, 004002, 004004, 004008, 004001]
4054	4	004003	004001	8	10.0	3.0	0,782	true	[004003, 004005, 004000, 004002, 004004, 004008, 004006, 004001]
4055	4	004003	004001	9	10.0	3.0	0,790	true	[004003, 004005, 004000, 004002, 004004, 004008, 004007, 004006, 004001]
4056	4	004003	004001	10	10.0	3.0	0,903	true	[004003, 004005, 004000, 004002, 004006, 004001]
4057	4	004003	004001	11	10.0	3.0	0,894	true	[004003, 004005, 004000, 004002, 004006, 004004, 004001]
4058	4	004003	004001	12	10.0	3.0	0,832	true	[004003, 004005, 004000, 004002, 004006, 004004, 004008, 004001]
4059	4	004003	004001	13	10.0	3.0	0,885	true	[004003, 004005, 004000, 004002, 004006, 004007, 004008, 004001]
4060	4	004003	004001	14	10.0	3.0	0,858	true	[004003, 004005, 004000, 004002, 004006, 004007, 004008, 004004, 004001]
4061	4	004003	004001	15	10.0	3.0	0,876	true	[004003, 004005, 004000, 004002, 004006, 004008, 004001]
4062	4	004003	004001	16	10.0	3.0	0,849	true	[004003, 004005, 004000, 004002, 004006, 004008, 004004, 004001]
4063	4	004003	004001	17	10.0	3.0	0,832	true	[004003, 004005, 004000, 004002, 004007, 004006, 004001]
4064	4	004003	004001	18	10.0	3.0	0,824	true	[004003, 004005, 004000, 004002, 004007, 004006, 004004, 004001]
4065	4	004003	004001	19	10.0	3.0	0,767	true	[004003, 004005, 004000, 004002, 004007, 004006, 004004, 004008, 004001]
4066	4	004003	004001	20	10.0	3.0	0,807	true	[004003, 004005, 004000, 004002, 004007, 004006, 004008, 004001]
4067	4	004003	004001	21	10.0	3.0	0,783	true	[004003, 004005, 004000, 004002, 004007, 004006, 004008, 004004, 004001]
4068	4	004003	004001	22	10.0	3.0	0,867	true	[004003, 004005, 004000, 004002, 004007, 004008, 004001]
4069	4	004003	004001	23	10.0	3.0	0,841	true	[004003, 004005, 004000, 004002, 004007, 004008, 004004, 004001]
4070	4	004003	004001	24	10.0	3.0	0,782	true	[004003, 004005, 004000, 004002, 004007, 004008, 004004, 004006, 004001]
4071	4	004003	004001	25	10.0	3.0	0,823	true	[004003, 004005, 004000, 004002, 004007, 004008, 004006, 004001]
4072	4	004003	004001	26	10.0	3.0	0,815	true	[004003, 004005, 004000, 004002, 004007, 004008, 004006, 004004, 004001]
4073	4	004003	004001	27	10.0	3.0	0,876	true	[004003, 004005, 004000, 004002, 004008, 004001]
4074	4	004003	004001	28	10.0	3.0	0,849	true	[004003, 004005, 004000, 004002, 004008, 004004, 004001]
4075	4	004003	004001	29	10.0	3.0	0,790	true	[004003, 004005, 004000, 004002, 004008, 004004, 004006, 004001]
4076	4	004003	004001	30	10.0	3.0	0,832	true	[004003, 004005, 004000, 004002, 004008, 004006, 004001]
4077	4	004003	004001	31	10.0	3.0	0,824	true	[004003, 004005, 004000, 004002, 004008, 004006, 004004, 004001]
4078	4	004003	004001	32	10.0	3.0	0,841	true	[004003, 004005, 004000, 004002, 004008, 004007, 004006, 004001]
4079	4	004003	004001	33	10.0	3.0	0,833	true	[004003, 004005, 004000, 004002, 004008, 004007, 004006, 004004, 004001]
4080	4	004003	004001	34	10.0	3.0	0,885	true	[004003, 004005, 004000, 004007, 004002, 004001]
4081	4	004003	004001	35	10.0	3.0	0,832	true	[004003, 004005, 004000, 004007, 004002, 004004, 004001]
4082	4	004003	004001	36	10.0	3.0	0,774	true	[004003, 004005, 004000, 004007, 004002, 004004, 004006, 004001]
4083	4	004003	004001	37	10.0	3.0	0,751	true	[004003, 004005, 004000, 004007, 004002, 004004, 004006, 004008, 004001]
4084	4	004003	004001	38	10.0	3.0	0,774	true	[004003, 004005, 004000, 004007, 004002, 004004, 004008, 004001]
4085	4	004003	004001	39	10.0	3.0	0,735	true	[004003, 004005, 004000, 004007, 004002, 004004, 004008, 004006, 004001]
4086	4	004003	004001	40	10.0	3.0	0,849	true	[004003, 004005, 004000, 004007, 004002, 004006, 004001]
4087	4	004003	004001	41	10.0	3.0	0,841	true	[004003, 004005, 004000, 004007, 004002, 004006, 004004, 004001]
4088	4	004003	004001	42	10.0	3.0	0,782	true	[004003, 004005, 004000, 004007, 004002, 004006, 004004, 004008, 004001]
4089	4	004003	004001	43	10.0	3.0	0,823	true	[004003, 004005, 004000, 004007, 004002, 004006, 004008, 004001]
4090	4	004003	004001	44	10.0	3.0	0,799	true	[004003, 004005, 004000, 004007, 004002, 004006, 004008, 004004, 004001]
4091	4	004003	004001	45	10.0	3.0	0,823	true	[004003, 004005, 004000, 004007, 004002, 004008, 004001]
4092	4	004003	004001	46	10.0	3.0	0,799	true	[004003, 004005, 004000, 004007, 004002, 004008, 004004, 004001]
4093	4	004003	004001	47	10.0	3.0	0,743	true	[004003, 004005, 004000, 004007, 004002, 004008, 004004, 004006, 004001]
4094	4	004003	004001	48	10.0	3.0	0,782	true	[004003, 004005, 004000, 004007, 004002, 004008, 004006, 004001]
4095	4	004003	004001	49	10.0	3.0	0,775	true	[004003, 004005, 004000, 004007, 004002, 004008, 004006, 004004, 004001]
4096	4	004003	004001	50	10.0	3.0	0,867	true	[004003, 004005, 004000, 004007, 004006, 004001]
4097	4	004003	004001	51	10.0	3.0	0,903	true	[004003, 004005, 004000, 004007, 004006, 004002, 004001]
4098	4	004003	004001	52	10.0	3.0	0,849	true	[004003, 004005, 004000, 004007, 004006, 004002, 004004, 004001]
4099	4	004003	004001	53	10.0	3.0	0,790	true	[004003, 004005, 004000, 004007, 004006, 004002, 004004, 004008, 004001]
4100	4	004003	004001	54	10.0	3.0	0,841	true	[004003, 004005, 004000, 004007, 004006, 004002, 004008, 004001]
4101	4	004003	004001	55	10.0	3.0	0,815	true	[004003, 004005, 004000, 004007, 004006, 004002, 004008, 004004, 004001]
4102	4	004003	004001	56	10.0	3.0	0,858	true	[004003, 004005, 004000, 004007, 004006, 004004, 004001]
4103	4	004003	004001	57	10.0	3.0	0,824	true	[004003, 004005, 004000, 004007, 004006, 004004, 004002, 004001]
4104	4	004003	004001	58	10.0	3.0	0,767	true	[004003, 004005, 004000, 004007, 004006, 004004, 004002, 004008, 004001]
4105	4	004003	004001	59	10.0	3.0	0,799	true	[004003, 004005, 004000, 004007, 004006, 004004, 004008, 004001]
4106	4	004003	004001	60	10.0	3.0	0,791	true	[004003, 004005, 004000, 004007, 004006, 004004, 004008, 004002, 004001]
4107	4	004003	004001	61	10.0	3.0	0,841	true	[004003, 004005, 004000, 004007, 004006, 004008, 004001]
4108	4	004003	004001	62	10.0	3.0	0,832	true	[004003, 004005, 004000, 004007, 004006, 004008, 004002, 004001]
4109	4	004003	004001	63	10.0	3.0	0,783	true	[004003, 004005, 004000, 004007, 004006, 004008, 004002, 004004, 004001]
4110	4	004003	004001	64	10.0	3.0	0,815	true	[004003, 004005, 004000, 004007, 004006, 004008, 004004, 004001]
4111	4	004003	004001	65	10.0	3.0	0,782	true	[004003, 004005, 004000, 004007, 004006, 004008, 004004, 004002, 004001]
4112	4	004003	004001	66	10.0	3.0	0,903	true	[004003, 004005, 004000, 004007, 004008, 004001]
4113	4	004003	004001	67	10.0	3.0	0,894	true	[004003, 004005, 004000, 004007, 004008, 004002, 004001]
4114	4	004003	004001	68	10.0	3.0	0,841	true	[004003, 004005, 004000, 004007, 004008, 004002, 004004, 004001]
4115	4	004003	004001	69	10.0	3.0	0,782	true	[004003, 004005, 004000, 004007, 004008, 004002, 004004, 004006, 004001]
4116	4	004003	004001	70	10.0	3.0	0,858	true	[004003, 004005, 004000, 004007, 004008, 004002, 004006, 004001]
4117	4	004003	004001	71	10.0	3.0	0,849	true	[004003, 004005, 004000, 004007, 004008, 004002, 004006, 004004, 004001]
4118	4	004003	004001	72	10.0	3.0	0,876	true	[004003, 004005, 004000, 004007, 004008, 004004, 004001]
4119	4	004003	004001	73	10.0	3.0	0,840	true	[004003, 004005, 004000, 004007, 004008, 004004, 004002, 004001]
4120	4	004003	004001	74	10.0	3.0	0,806	true	[004003, 004005, 004000, 004007, 004008, 004004, 004002, 004006, 004001]
4121	4	004003	004001	75	10.0	3.0	0,815	true	[004003, 004005, 004000, 004007, 004008, 004004, 004006, 004001]
4122	4	004003	004001	76	10.0	3.0	0,849	true	[004003, 004005, 004000, 004007, 004008, 004004, 004006, 004002, 004001]
4123	4	004003	004001	77	10.0	3.0	0,858	true	[004003, 004005, 004000, 004007, 004008, 004006, 004001]
4124	4	004003	004001	78	10.0	3.0	0,894	true	[004003, 004005, 004000, 004007, 004008, 004006, 004002, 004001]
4125	4	004003	004001	79	10.0	3.0	0,841	true	[004003, 004005, 004000, 004007, 004008, 004006, 004002, 004004, 004001]
4126	4	004003	004001	80	10.0	3.0	0,849	true	[004003, 004005, 004000, 004007, 004008, 004006, 004004, 004001]
4127	4	004003	004001	81	10.0	3.0	0,815	true	[004003, 004005, 004000, 004007, 004008, 004006, 004004, 004002, 004001]
4128	4	004003	004001	82	10.0	3.0	0,931	true	[004003, 004005, 004000, 004008, 004001]
4129	4	004003	004001	83	10.0	3.0	0,922	true	[004003, 004005, 004000, 004008, 004002, 004001]
4130	4	004003	004001	84	10.0	3.0	0,867	true	[004003, 004005, 004000, 004008, 004002, 004004, 004001]
4131	4	004003	004001	85	10.0	3.0	0,807	true	[004003, 004005, 004000, 004008, 004002, 004004, 004006, 004001]
4132	4	004003	004001	86	10.0	3.0	0,885	true	[004003, 004005, 004000, 004008, 004002, 004006, 004001]
4133	4	004003	004001	87	10.0	3.0	0,876	true	[004003, 004005, 004000, 004008, 004002, 004006, 004004, 004001]
4134	4	004003	004001	88	10.0	3.0	0,815	true	[004003, 004005, 004000, 004008, 004002, 004007, 004006, 004001]
4135	4	004003	004001	89	10.0	3.0	0,807	true	[004003, 004005, 004000, 004008, 004002, 004007, 004006, 004004, 004001]
4136	4	004003	004001	90	10.0	3.0	0,903	true	[004003, 004005, 004000, 004008, 004004, 004001]
4137	4	004003	004001	91	10.0	3.0	0,867	true	[004003, 004005, 004000, 004008, 004004, 004002, 004001]
4138	4	004003	004001	92	10.0	3.0	0,832	true	[004003, 004005, 004000, 004008, 004004, 004002, 004006, 004001]
4139	4	004003	004001	93	10.0	3.0	0,767	true	[004003, 004005, 004000, 004008, 004004, 004002, 004007, 004006, 004001]
4140	4	004003	004001	94	10.0	3.0	0,841	true	[004003, 004005, 004000, 004008, 004004, 004006, 004001]
4141	4	004003	004001	95	10.0	3.0	0,876	true	[004003, 004005, 004000, 004008, 004004, 004006, 004002, 004001]
4142	4	004003	004001	96	10.0	3.0	0,807	true	[004003, 004005, 004000, 004008, 004004, 004006, 004007, 004002, 004001]
4143	4	004003	004001	97	10.0	3.0	0,885	true	[004003, 004005, 004000, 004008, 004006, 004001]
4144	4	004003	004001	98	10.0	3.0	0,922	true	[004003, 004005, 004000, 004008, 004006, 004002, 004001]
4145	4	004003	004001	99	10.0	3.0	0,867	true	[004003, 004005, 004000, 004008, 004006, 004002, 004004, 004001]
4146	4	004003	004001	100	10.0	3.0	0,876	true	[004003, 004005, 004000, 004008, 004006, 004004, 004001]
4147	4	004003	004001	101	21.0	3.0	0,950	true	[004003, 004005, 004001]
4148	5	005000	005006	0	15.0	3.0	0,868	true	[005000, 005001, 005002, 005003, 005004, 005005, 005007, 005006]
4149	5	005000	005006	1	15.0	3.0	0,895	true	[005000, 005001, 005002, 005003, 005004, 005006]
4150	5	005000	005006	2	15.0	3.0	0,868	true	[005000, 005001, 005002, 005003, 005004, 005008, 005006]
4151	5	005000	005006	3	7.0	3.0	0,904	true	[005000, 005001, 005002, 005003, 005005, 005004, 005006]
4152	5	005000	005006	4	7.0	3.0	0,877	true	[005000, 005001, 005002, 005003, 005005, 005004, 005008, 005006]
4153	5	005000	005006	5	7.0	3.0	0,877	true	[005000, 005001, 005002, 005003, 005005, 005007, 005006]
4154	5	005000	005006	6	22.0	3.0	0,913	true	[005000, 005001, 005002, 005003, 005006]
4155	5	005000	005006	7	22.0	3.0	0,841	true	[005000, 005001, 005002, 005003, 005007, 005005, 005004, 005006]
4156	5	005000	005006	8	22.0	3.0	0,816	true	[005000, 005001, 005002, 005003, 005007, 005005, 005004, 005008, 005006]
4157	5	005000	005006	9	22.0	3.0	0,885	true	[005000, 005001, 005002, 005003, 005007, 005006]
4158	5	005000	005006	10	22.0	3.0	0,859	true	[005000, 005001, 005002, 005003, 005008, 005004, 005005, 005007, 005006]
4159	5	005000	005006	11	22.0	3.0	0,886	true	[005000, 005001, 005002, 005003, 005008, 005004, 005006]
4160	5	005000	005006	12	22.0	3.0	0,895	true	[005000, 005001, 005002, 005003, 005008, 005006]
4161	5	005000	005006	13	7.0	3.0	0,859	true	[005000, 005001, 005002, 005004, 005003, 005005, 005007, 005006]
4162	5	005000	005006	14	15.0	3.0	0,895	true	[005000, 005001, 005002, 005004, 005003, 005006]
4163	5	005000	005006	15	15.0	3.0	0,867	true	[005000, 005001, 005002, 005004, 005003, 005007, 005006]
4164	5	005000	005006	16	15.0	3.0	0,877	true	[005000, 005001, 005002, 005004, 005003, 005008, 005006]
4165	5	005000	005006	17	7.0	3.0	0,904	true	[005000, 005001, 005002, 005004, 005005, 005003, 005006]
4166	5	005000	005006	18	7.0	3.0	0,876	true	[005000, 005001, 005002, 005004, 005005, 005003, 005007, 005006]
4167	5	005000	005006	19	7.0	3.0	0,886	true	[005000, 005001, 005002, 005004, 005005, 005003, 005008, 005006]
4168	5	005000	005006	20	22.0	3.0	0,841	true	[005000, 005001, 005002, 005004, 005005, 005007, 005003, 005006]
4169	5	005000	005006	21	22.0	3.0	0,824	true	[005000, 005001, 005002, 005004, 005005, 005007, 005003, 005008, 005006]
4170	5	005000	005006	22	22.0	3.0	0,904	true	[005000, 005001, 005002, 005004, 005005, 005007, 005006]
4171	5	005000	005006	23	22.0	3.0	0,932	true	[005000, 005001, 005002, 005004, 005006]
4172	5	005000	005006	24	7.0	3.0	0,850	true	[005000, 005001, 005002, 005004, 005008, 005003, 005005, 005007, 005006]
4173	5	005000	005006	25	22.0	3.0	0,886	true	[005000, 005001, 005002, 005004, 005008, 005003, 005006]
4174	5	005000	005006	26	22.0	3.0	0,859	true	[005000, 005001, 005002, 005004, 005008, 005003, 005007, 005006]
4175	5	005000	005006	27	22.0	3.0	0,904	true	[005000, 005001, 005002, 005004, 005008, 005006]
4176	5	005000	005006	28	7.0	3.0	0,886	true	[005000, 005001, 005002, 005005, 005003, 005004, 005006]
4177	5	005000	005006	29	7.0	3.0	0,859	true	[005000, 005001, 005002, 005005, 005003, 005004, 005008, 005006]
4178	5	005000	005006	30	7.0	3.0	0,904	true	[005000, 005001, 005002, 005005, 005003, 005006]
4179	5	005000	005006	31	7.0	3.0	0,876	true	[005000, 005001, 005002, 005005, 005003, 005007, 005006]
4180	5	005000	005006	32	7.0	3.0	0,877	true	[005000, 005001, 005002, 005005, 005003, 005008, 005004, 005006]
4181	5	005000	005006	33	7.0	3.0	0,886	true	[005000, 005001, 005002, 005005, 005003, 005008, 005006]
4182	5	005000	005006	34	10.0	3.0	0,895	true	[005000, 005001, 005002, 005005, 005004, 005003, 005006]
4183	5	005000	005006	35	10.0	3.0	0,867	true	[005000, 005001, 005002, 005005, 005004, 005003, 005007, 005006]
4184	5	005000	005006	36	10.0	3.0	0,877	true	[005000, 005001, 005002, 005005, 005004, 005003, 005008, 005006]
4185	5	005000	005006	37	10.0	3.0	0,932	true	[005000, 005001, 005002, 005005, 005004, 005006]
4186	5	005000	005006	38	10.0	3.0	0,886	true	[005000, 005001, 005002, 005005, 005004, 005008, 005003, 005006]
4187	5	005000	005006	39	10.0	3.0	0,859	true	[005000, 005001, 005002, 005005, 005004, 005008, 005003, 005007, 005006]
4188	5	005000	005006	40	10.0	3.0	0,904	true	[005000, 005001, 005002, 005005, 005004, 005008, 005006]
4189	5	005000	005006	41	10.0	3.0	0,824	true	[005000, 005001, 005002, 005005, 005007, 005003, 005004, 005006]
4190	5	005000	005006	42	10.0	3.0	0,799	true	[005000, 005001, 005002, 005005, 005007, 005003, 005004, 005008, 005006]
4191	5	005000	005006	43	10.0	3.0	0,841	true	[005000, 005001, 005002, 005005, 005007, 005003, 005006]
4192	5	005000	005006	44	10.0	3.0	0,816	true	[005000, 005001, 005002, 005005, 005007, 005003, 005008, 005004, 005006]
4193	5	005000	005006	45	10.0	3.0	0,824	true	[005000, 005001, 005002, 005005, 005007, 005003, 005008, 005006]
4194	5	005000	005006	46	10.0	3.0	0,904	true	[005000, 005001, 005002, 005005, 005007, 005006]
4195	5	005000	005006	47	22.0	3.0	0,912	true	[005000, 005001, 005002, 005006]
4196	5	005000	005006	48	15.0	3.0	0,833	true	[005000, 005001, 005002, 005007, 005003, 005004, 005006]
4197	5	005000	005006	49	15.0	3.0	0,808	true	[005000, 005001, 005002, 005007, 005003, 005004, 005008, 005006]
4198	5	005000	005006	50	7.0	3.0	0,841	true	[005000, 005001, 005002, 005007, 005003, 005005, 005004, 005006]
4199	5	005000	005006	51	7.0	3.0	0,816	true	[005000, 005001, 005002, 005007, 005003, 005005, 005004, 005008, 005006]
4200	5	005000	005006	52	22.0	3.0	0,850	true	[005000, 005001, 005002, 005007, 005003, 005006]
4201	5	005000	005006	53	22.0	3.0	0,824	true	[005000, 005001, 005002, 005007, 005003, 005008, 005004, 005006]
4202	5	005000	005006	54	22.0	3.0	0,833	true	[005000, 005001, 005002, 005007, 005003, 005008, 005006]
4203	5	005000	005006	55	7.0	3.0	0,824	true	[005000, 005001, 005002, 005007, 005005, 005003, 005004, 005006]
4204	5	005000	005006	56	7.0	3.0	0,800	true	[005000, 005001, 005002, 005007, 005005, 005003, 005004, 005008, 005006]
4205	5	005000	005006	57	7.0	3.0	0,841	true	[005000, 005001, 005002, 005007, 005005, 005003, 005006]
4206	5	005000	005006	58	7.0	3.0	0,816	true	[005000, 005001, 005002, 005007, 005005, 005003, 005008, 005004, 005006]
4207	5	005000	005006	59	7.0	3.0	0,824	true	[005000, 005001, 005002, 005007, 005005, 005003, 005008, 005006]
4208	5	005000	005006	60	15.0	3.0	0,833	true	[005000, 005001, 005002, 005007, 005005, 005004, 005003, 005006]
4209	5	005000	005006	61	15.0	3.0	0,816	true	[005000, 005001, 005002, 005007, 005005, 005004, 005003, 005008, 005006]
4210	5	005000	005006	62	22.0	3.0	0,867	true	[005000, 005001, 005002, 005007, 005005, 005004, 005006]
4211	5	005000	005006	63	22.0	3.0	0,824	true	[005000, 005001, 005002, 005007, 005005, 005004, 005008, 005003, 005006]
4212	5	005000	005006	64	22.0	3.0	0,841	true	[005000, 005001, 005002, 005007, 005005, 005004, 005008, 005006]
4213	5	005000	005006	65	22.0	3.0	0,913	true	[005000, 005001, 005002, 005007, 005006]
4214	5	005000	005006	66	15.0	3.0	0,868	true	[005000, 005001, 005002, 005008, 005003, 005004, 005005, 005007, 005006]
4215	5	005000	005006	67	15.0	3.0	0,895	true	[005000, 005001, 005002, 005008, 005003, 005004, 005006]
4216	5	005000	005006	68	7.0	3.0	0,904	true	[005000, 005001, 005002, 005008, 005003, 005005, 005004, 005006]
4217	5	005000	005006	69	7.0	3.0	0,877	true	[005000, 005001, 005002, 005008, 005003, 005005, 005007, 005006]
4218	5	005000	005006	70	22.0	3.0	0,913	true	[005000, 005001, 005002, 005008, 005003, 005006]
4219	5	005000	005006	71	22.0	3.0	0,841	true	[005000, 005001, 005002, 005008, 005003, 005007, 005005, 005004, 005006]
4220	5	005000	005006	72	22.0	3.0	0,885	true	[005000, 005001, 005002, 005008, 005003, 005007, 005006]
4221	5	005000	005006	73	7.0	3.0	0,850	true	[005000, 005001, 005002, 005008, 005004, 005003, 005005, 005007, 005006]
4222	5	005000	005006	74	15.0	3.0	0,885	true	[005000, 005001, 005002, 005008, 005004, 005003, 005006]
4223	5	005000	005006	75	15.0	3.0	0,859	true	[005000, 005001, 005002, 005008, 005004, 005003, 005007, 005006]
4224	5	005000	005006	76	7.0	3.0	0,895	true	[005000, 005001, 005002, 005008, 005004, 005005, 005003, 005006]
4225	5	005000	005006	77	7.0	3.0	0,867	true	[005000, 005001, 005002, 005008, 005004, 005005, 005003, 005007, 005006]
4226	5	005000	005006	78	22.0	3.0	0,833	true	[005000, 005001, 005002, 005008, 005004, 005005, 005007, 005003, 005006]
4227	5	005000	005006	79	22.0	3.0	0,894	true	[005000, 005001, 005002, 005008, 005004, 005005, 005007, 005006]
4228	5	005000	005006	80	22.0	3.0	0,922	true	[005000, 005001, 005002, 005008, 005004, 005006]
4229	5	005000	005006	81	22.0	3.0	0,931	true	[005000, 005001, 005002, 005008, 005006]
4230	5	005000	005006	82	7.0	4.0	0,868	true	[005000, 005001, 005004, 005002, 005003, 005005, 005007, 005006]
4231	5	005000	005006	83	24.0	5.0	0,904	true	[005000, 005001, 005004, 005002, 005003, 005006]
4232	5	005000	005006	84	24.0	5.0	0,876	true	[005000, 005001, 005004, 005002, 005003, 005007, 005006]
4233	5	005000	005006	85	22.0	5.0	0,886	true	[005000, 005001, 005004, 005002, 005003, 005008, 005006]
4234	5	005000	005006	86	7.0	4.0	0,895	true	[005000, 005001, 005004, 005002, 005005, 005003, 005006]
4235	5	005000	005006	87	7.0	4.0	0,867	true	[005000, 005001, 005004, 005002, 005005, 005003, 005007, 005006]
4236	5	005000	005006	88	7.0	4.0	0,877	true	[005000, 005001, 005004, 005002, 005005, 005003, 005008, 005006]
4237	5	005000	005006	89	10.0	5.0	0,833	true	[005000, 005001, 005004, 005002, 005005, 005007, 005003, 005006]
4238	5	005000	005006	90	10.0	5.0	0,816	true	[005000, 005001, 005004, 005002, 005005, 005007, 005003, 005008, 005006]
4239	5	005000	005006	91	10.0	5.0	0,895	true	[005000, 005001, 005004, 005002, 005005, 005007, 005006]
4240	5	005000	005006	92	38.0	5.0	0,903	true	[005000, 005001, 005004, 005002, 005006]
4241	5	005000	005006	93	23.0	5.0	0,841	true	[005000, 005001, 005004, 005002, 005007, 005003, 005006]
4242	5	005000	005006	94	22.0	5.0	0,824	true	[005000, 005001, 005004, 005002, 005007, 005003, 005008, 005006]
4243	5	005000	005006	95	7.0	4.0	0,833	true	[005000, 005001, 005004, 005002, 005007, 005005, 005003, 005006]
4244	5	005000	005006	96	7.0	4.0	0,816	true	[005000, 005001, 005004, 005002, 005007, 005005, 005003, 005008, 005006]
4245	5	005000	005006	97	23.0	5.0	0,904	true	[005000, 005001, 005004, 005002, 005007, 005006]
4246	5	005000	005006	98	7.0	4.0	0,868	true	[005000, 005001, 005004, 005002, 005008, 005003, 005005, 005007, 005006]
4247	5	005000	005006	99	22.0	4.0	0,904	true	[005000, 005001, 005004, 005002, 005008, 005003, 005006]
4248	5	005000	005006	100	22.0	4.0	0,876	true	[005000, 005001, 005004, 005002, 005008, 005003, 005007, 005006]
4249	5	005000	005006	101	38.0	4.0	0,922	true	[005000, 005001, 005004, 005002, 005008, 005006]
4250	5	005000	005006	102	37.0	6.0	0,941	true	[005000, 005001, 005004, 005006]
4251	5	005000	005006	103	44.0	7.0	0,970	true	[005000, 005001, 005006]
4252	5	005000	005006	104	35.0	6.0	0,970	true	[005000, 005006]
4253	6	006001	006003	0	27.0	6.0	0,903	true	[006001, 006000, 006002, 006003]
4254	6	006001	006003	1	27.0	5.0	0,894	true	[006001, 006000, 006002, 006004, 006003]
4255	6	006001	006003	2	13.0	5.0	0,824	true	[006001, 006000, 006002, 006004, 006006, 006005, 006003]
4256	6	006001	006003	3	27.0	4.0	0,850	true	[006001, 006000, 006002, 006004, 006007, 006003]
4257	6	006001	006003	4	27.0	4.0	0,876	true	[006001, 006000, 006002, 006004, 006008, 006007, 006003]
4258	6	006001	006003	5	13.0	3.0	0,903	true	[006001, 006000, 006002, 006005, 006003]
4259	6	006001	006003	6	15.0	3.0	0,904	true	[006001, 006000, 006002, 006005, 006006, 006004, 006003]
4260	6	006001	006003	7	15.0	3.0	0,859	true	[006001, 006000, 006002, 006005, 006006, 006004, 006007, 006003]
4261	6	006001	006003	8	15.0	3.0	0,886	true	[006001, 006000, 006002, 006005, 006006, 006004, 006008, 006007, 006003]
4262	6	006001	006003	9	15.0	5.0	0,904	true	[006001, 006000, 006002, 006006, 006004, 006003]
4263	6	006001	006003	10	15.0	4.0	0,859	true	[006001, 006000, 006002, 006006, 006004, 006007, 006003]
4264	6	006001	006003	11	15.0	4.0	0,886	true	[006001, 006000, 006002, 006006, 006004, 006008, 006007, 006003]
4265	6	006001	006003	12	13.0	5.0	0,850	true	[006001, 006000, 006002, 006006, 006005, 006003]
4266	6	006001	006003	13	27.0	4.0	0,885	true	[006001, 006000, 006002, 006007, 006003]
4267	6	006001	006003	14	27.0	5.0	0,858	true	[006001, 006000, 006002, 006007, 006004, 006003]
4268	6	006001	006003	15	13.0	5.0	0,791	true	[006001, 006000, 006002, 006007, 006004, 006006, 006005, 006003]
4269	6	006001	006003	16	27.0	5.0	0,885	true	[006001, 006000, 006002, 006007, 006008, 006004, 006003]
4270	6	006001	006003	17	13.0	5.0	0,816	true	[006001, 006000, 006002, 006007, 006008, 006004, 006006, 006005, 006003]
4271	6	006001	006003	18	27.0	6.0	0,941	true	[006001, 006000, 006003]
4272	6	006001	006003	19	27.0	6.0	0,867	true	[006001, 006000, 006004, 006002, 006003]
4273	6	006001	006003	20	13.0	3.0	0,867	true	[006001, 006000, 006004, 006002, 006005, 006003]
4274	6	006001	006003	21	13.0	5.0	0,815	true	[006001, 006000, 006004, 006002, 006006, 006005, 006003]
4275	6	006001	006003	22	27.0	4.0	0,849	true	[006001, 006000, 006004, 006002, 006007, 006003]
4276	6	006001	006003	23	27.0	5.0	0,951	true	[006001, 006000, 006004, 006003]
4277	6	006001	006003	24	15.0	5.0	0,876	true	[006001, 006000, 006004, 006006, 006002, 006003]
4278	6	006001	006003	25	13.0	3.0	0,876	true	[006001, 006000, 006004, 006006, 006002, 006005, 006003]
4279	6	006001	006003	26	15.0	4.0	0,859	true	[006001, 006000, 006004, 006006, 006002, 006007, 006003]
4280	6	006001	006003	27	15.0	3.0	0,876	true	[006001, 006000, 006004, 006006, 006005, 006002, 006003]
4281	6	006001	006003	28	15.0	3.0	0,859	true	[006001, 006000, 006004, 006006, 006005, 006002, 006007, 006003]
4282	6	006001	006003	29	13.0	5.0	0,876	true	[006001, 006000, 006004, 006006, 006005, 006003]
4283	6	006001	006003	30	27.0	6.0	0,832	true	[006001, 006000, 006004, 006007, 006002, 006003]
4284	6	006001	006003	31	13.0	3.0	0,832	true	[006001, 006000, 006004, 006007, 006002, 006005, 006003]
4285	6	006001	006003	32	13.0	5.0	0,783	true	[006001, 006000, 006004, 006007, 006002, 006006, 006005, 006003]
4286	6	006001	006003	33	27.0	4.0	0,903	true	[006001, 006000, 006004, 006007, 006003]
4287	6	006001	006003	34	27.0	6.0	0,858	true	[006001, 006000, 006004, 006008, 006007, 006002, 006003]
4288	6	006001	006003	35	13.0	3.0	0,858	true	[006001, 006000, 006004, 006008, 006007, 006002, 006005, 006003]
4289	6	006001	006003	36	13.0	5.0	0,807	true	[006001, 006000, 006004, 006008, 006007, 006002, 006006, 006005, 006003]
4290	6	006001	006003	37	27.0	4.0	0,932	true	[006001, 006000, 006004, 006008, 006007, 006003]
4291	6	006001	006003	38	26.0	3.0	0,875	true	[006001, 006000, 006005, 006002, 006003]
4292	6	006001	006003	39	26.0	3.0	0,867	true	[006001, 006000, 006005, 006002, 006004, 006003]
4293	6	006001	006003	40	26.0	3.0	0,824	true	[006001, 006000, 006005, 006002, 006004, 006007, 006003]
4294	6	006001	006003	41	26.0	3.0	0,849	true	[006001, 006000, 006005, 006002, 006004, 006008, 006007, 006003]
4295	6	006001	006003	42	15.0	3.0	0,876	true	[006001, 006000, 006005, 006002, 006006, 006004, 006003]
4296	6	006001	006003	43	15.0	3.0	0,833	true	[006001, 006000, 006005, 006002, 006006, 006004, 006007, 006003]
4297	6	006001	006003	44	15.0	3.0	0,859	true	[006001, 006000, 006005, 006002, 006006, 006004, 006008, 006007, 006003]
4298	6	006001	006003	45	26.0	3.0	0,858	true	[006001, 006000, 006005, 006002, 006007, 006003]
4299	6	006001	006003	46	26.0	3.0	0,832	true	[006001, 006000, 006005, 006002, 006007, 006004, 006003]
4300	6	006001	006003	47	26.0	3.0	0,858	true	[006001, 006000, 006005, 006002, 006007, 006008, 006004, 006003]
4301	6	006001	006003	48	13.0	6.0	0,875	true	[006001, 006000, 006005, 006003]
4302	6	006001	006003	49	26.0	5.0	0,824	true	[006001, 006000, 006005, 006006, 006002, 006003]
4303	6	006001	006003	50	26.0	5.0	0,815	true	[006001, 006000, 006005, 006006, 006002, 006004, 006003]
4304	6	006001	006003	51	26.0	4.0	0,775	true	[006001, 006000, 006005, 006006, 006002, 006004, 006007, 006003]
4305	6	006001	006003	52	26.0	4.0	0,799	true	[006001, 006000, 006005, 006006, 006002, 006004, 006008, 006007, 006003]
4306	6	006001	006003	53	26.0	4.0	0,807	true	[006001, 006000, 006005, 006006, 006002, 006007, 006003]
4307	6	006001	006003	54	26.0	5.0	0,783	true	[006001, 006000, 006005, 006006, 006002, 006007, 006004, 006003]
4308	6	006001	006003	55	26.0	5.0	0,807	true	[006001, 006000, 006005, 006006, 006002, 006007, 006008, 006004, 006003]
4309	6	006001	006003	56	15.0	5.0	0,799	true	[006001, 006000, 006005, 006006, 006004, 006002, 006003]
4310	6	006001	006003	57	15.0	4.0	0,783	true	[006001, 006000, 006005, 006006, 006004, 006002, 006007, 006003]
4311	6	006001	006003	58	15.0	5.0	0,876	true	[006001, 006000, 006005, 006006, 006004, 006003]
4312	6	006001	006003	59	15.0	5.0	0,767	true	[006001, 006000, 006005, 006006, 006004, 006007, 006002, 006003]
4313	6	006001	006003	60	15.0	4.0	0,833	true	[006001, 006000, 006005, 006006, 006004, 006007, 006003]
4314	6	006001	006003	61	15.0	5.0	0,791	true	[006001, 006000, 006005, 006006, 006004, 006008, 006007, 006002, 006003]
4315	6	006001	006003	62	15.0	4.0	0,859	true	[006001, 006000, 006005, 006006, 006004, 006008, 006007, 006003]
4316	6	006001	006003	63	22.0	4.0	0,885	true	[006001, 006000, 006006, 006002, 006003]
4317	6	006001	006003	64	22.0	4.0	0,876	true	[006001, 006000, 006006, 006002, 006004, 006003]
4318	6	006001	006003	65	22.0	4.0	0,833	true	[006001, 006000, 006006, 006002, 006004, 006007, 006003]
4319	6	006001	006003	66	22.0	4.0	0,859	true	[006001, 006000, 006006, 006002, 006004, 006008, 006007, 006003]
4320	6	006001	006003	67	13.0	3.0	0,885	true	[006001, 006000, 006006, 006002, 006005, 006003]
4321	6	006001	006003	68	22.0	4.0	0,867	true	[006001, 006000, 006006, 006002, 006007, 006003]
4322	6	006001	006003	69	22.0	4.0	0,841	true	[006001, 006000, 006006, 006002, 006007, 006004, 006003]
4323	6	006001	006003	70	22.0	4.0	0,867	true	[006001, 006000, 006006, 006002, 006007, 006008, 006004, 006003]
4324	6	006001	006003	71	15.0	4.0	0,858	true	[006001, 006000, 006006, 006004, 006002, 006003]
4325	6	006001	006003	72	13.0	3.0	0,858	true	[006001, 006000, 006006, 006004, 006002, 006005, 006003]
4326	6	006001	006003	73	15.0	4.0	0,841	true	[006001, 006000, 006006, 006004, 006002, 006007, 006003]
4327	6	006001	006003	74	15.0	4.0	0,941	true	[006001, 006000, 006006, 006004, 006003]
4328	6	006001	006003	75	15.0	4.0	0,824	true	[006001, 006000, 006006, 006004, 006007, 006002, 006003]
4329	6	006001	006003	76	13.0	3.0	0,824	true	[006001, 006000, 006006, 006004, 006007, 006002, 006005, 006003]
4330	6	006001	006003	77	15.0	4.0	0,894	true	[006001, 006000, 006006, 006004, 006007, 006003]
4331	6	006001	006003	78	15.0	4.0	0,849	true	[006001, 006000, 006006, 006004, 006008, 006007, 006002, 006003]
4332	6	006001	006003	79	13.0	3.0	0,849	true	[006001, 006000, 006006, 006004, 006008, 006007, 006002, 006005, 006003]
4333	6	006001	006003	80	15.0	4.0	0,922	true	[006001, 006000, 006006, 006004, 006008, 006007, 006003]
4334	6	006001	006003	81	22.0	3.0	0,885	true	[006001, 006000, 006006, 006005, 006002, 006003]
4335	6	006001	006003	82	22.0	3.0	0,876	true	[006001, 006000, 006006, 006005, 006002, 006004, 006003]
4336	6	006001	006003	83	22.0	3.0	0,833	true	[006001, 006000, 006006, 006005, 006002, 006004, 006007, 006003]
4337	6	006001	006003	84	22.0	3.0	0,859	true	[006001, 006000, 006006, 006005, 006002, 006004, 006008, 006007, 006003]
4338	6	006001	006003	85	22.0	3.0	0,867	true	[006001, 006000, 006006, 006005, 006002, 006007, 006003]
4339	6	006001	006003	86	22.0	3.0	0,841	true	[006001, 006000, 006006, 006005, 006002, 006007, 006004, 006003]
4340	6	006001	006003	87	22.0	3.0	0,867	true	[006001, 006000, 006006, 006005, 006002, 006007, 006008, 006004, 006003]
4341	6	006001	006003	88	13.0	4.0	0,885	true	[006001, 006000, 006006, 006005, 006003]
4342	6	006001	006003	89	12.0	6.0	0,840	true	[006001, 006000, 006007, 006002, 006003]
4343	6	006001	006003	90	12.0	5.0	0,832	true	[006001, 006000, 006007, 006002, 006004, 006003]
4344	6	006001	006003	91	12.0	5.0	0,767	true	[006001, 006000, 006007, 006002, 006004, 006006, 006005, 006003]
4345	6	006001	006003	92	12.0	3.0	0,840	true	[006001, 006000, 006007, 006002, 006005, 006003]
4346	6	006001	006003	93	12.0	3.0	0,841	true	[006001, 006000, 006007, 006002, 006005, 006006, 006004, 006003]
4347	6	006001	006003	94	12.0	5.0	0,841	true	[006001, 006000, 006007, 006002, 006006, 006004, 006003]
4348	6	006001	006003	95	12.0	5.0	0,791	true	[006001, 006000, 006007, 006002, 006006, 006005, 006003]
4349	6	006001	006003	96	12.0	4.0	0,913	true	[006001, 006000, 006007, 006003]
4350	6	006001	006003	97	12.0	6.0	0,807	true	[006001, 006000, 006007, 006004, 006002, 006003]
4351	6	006001	006003	98	12.0	3.0	0,807	true	[006001, 006000, 006007, 006004, 006002, 006005, 006003]
4352	6	006001	006003	99	12.0	5.0	0,759	true	[006001, 006000, 006007, 006004, 006002, 006006, 006005, 006003]
4353	6	006001	006003	100	12.0	5.0	0,885	true	[006001, 006000, 006007, 006004, 006003]
4354	6	006001	006003	101	40.0	3.0	0,970	true	[006001, 006003]
4355	7	007008	007001	0	14.0	4.0	0,850	true	[007008, 007000, 007003, 007004, 007002, 007007, 007001]
4356	7	007008	007001	1	14.0	4.0	0,859	true	[007008, 007000, 007003, 007004, 007005, 007002, 007007, 007001]
4357	7	007008	007001	2	14.0	4.0	0,841	true	[007008, 007000, 007003, 007004, 007005, 007006, 007002, 007007, 007001]
4358	7	007008	007001	3	14.0	4.0	0,867	true	[007008, 007000, 007003, 007005, 007002, 007007, 007001]
4359	7	007008	007001	4	14.0	4.0	0,841	true	[007008, 007000, 007003, 007005, 007004, 007002, 007007, 007001]
4360	7	007008	007001	5	14.0	4.0	0,850	true	[007008, 007000, 007003, 007005, 007006, 007002, 007007, 007001]
4361	7	007008	007001	6	14.0	4.0	0,912	true	[007008, 007000, 007003, 007007, 007001]
4362	7	007008	007001	7	14.0	3.0	0,859	true	[007008, 007000, 007004, 007002, 007005, 007003, 007007, 007001]
4363	7	007008	007001	8	14.0	3.0	0,841	true	[007008, 007000, 007004, 007002, 007006, 007005, 007003, 007007, 007001]
4364	7	007008	007001	9	14.0	3.0	0,867	true	[007008, 007000, 007004, 007002, 007007, 007001]
4365	7	007008	007001	10	14.0	3.0	0,850	true	[007008, 007000, 007004, 007003, 007005, 007002, 007007, 007001]
4366	7	007008	007001	11	14.0	3.0	0,833	true	[007008, 007000, 007004, 007003, 007005, 007006, 007002, 007007, 007001]
4367	7	007008	007001	12	14.0	3.0	0,894	true	[007008, 007000, 007004, 007003, 007007, 007001]
4368	7	007008	007001	13	14.0	3.0	0,876	true	[007008, 007000, 007004, 007005, 007002, 007007, 007001]
4369	7	007008	007001	14	14.0	3.0	0,885	true	[007008, 007000, 007004, 007005, 007003, 007007, 007001]
4370	7	007008	007001	15	14.0	3.0	0,859	true	[007008, 007000, 007004, 007005, 007006, 007002, 007007, 007001]
4371	7	007008	007001	16	14.0	3.0	0,833	true	[007008, 007000, 007006, 007002, 007004, 007003, 007007, 007001]
4372	7	007008	007001	17	14.0	3.0	0,824	true	[007008, 007000, 007006, 007002, 007004, 007005, 007003, 007007, 007001]
4373	7	007008	007001	18	14.0	3.0	0,850	true	[007008, 007000, 007006, 007002, 007005, 007003, 007007, 007001]
4374	7	007008	007001	19	14.0	3.0	0,841	true	[007008, 007000, 007006, 007002, 007005, 007004, 007003, 007007, 007001]
4375	7	007008	007001	20	14.0	3.0	0,858	true	[007008, 007000, 007006, 007002, 007007, 007001]
4376	7	007008	007001	21	14.0	3.0	0,850	true	[007008, 007000, 007006, 007005, 007002, 007004, 007003, 007007, 007001]
4377	7	007008	007001	22	14.0	3.0	0,876	true	[007008, 007000, 007006, 007005, 007002, 007007, 007001]
4378	7	007008	007001	23	14.0	3.0	0,824	true	[007008, 007000, 007006, 007005, 007003, 007004, 007002, 007007, 007001]
4379	7	007008	007001	24	14.0	3.0	0,885	true	[007008, 007000, 007006, 007005, 007003, 007007, 007001]
4380	7	007008	007001	25	14.0	3.0	0,850	true	[007008, 007000, 007006, 007005, 007004, 007002, 007007, 007001]
4381	7	007008	007001	26	14.0	3.0	0,876	true	[007008, 007000, 007006, 007005, 007004, 007003, 007007, 007001]
4382	7	007008	007001	27	14.0	4.0	0,912	true	[007008, 007000, 007007, 007001]
4383	7	007008	007001	28	53.0	8.0	0,980	true	[007008, 007001]
4384	7	007008	007001	29	24.0	3.0	0,913	true	[007008, 007002, 007004, 007000, 007003, 007007, 007001]
4385	7	007008	007001	30	18.0	3.0	0,886	true	[007008, 007002, 007004, 007000, 007006, 007005, 007003, 007007, 007001]
4386	7	007008	007001	31	24.0	3.0	0,913	true	[007008, 007002, 007004, 007000, 007007, 007001]
4387	7	007008	007001	32	24.0	4.0	0,895	true	[007008, 007002, 007004, 007003, 007000, 007007, 007001]
4388	7	007008	007001	33	18.0	3.0	0,868	true	[007008, 007002, 007004, 007003, 007005, 007006, 007000, 007007, 007001]
4389	7	007008	007001	34	24.0	4.0	0,913	true	[007008, 007002, 007004, 007003, 007007, 007001]
4390	7	007008	007001	35	24.0	4.0	0,886	true	[007008, 007002, 007004, 007005, 007003, 007000, 007007, 007001]
4391	7	007008	007001	36	24.0	4.0	0,904	true	[007008, 007002, 007004, 007005, 007003, 007007, 007001]
4392	7	007008	007001	37	18.0	3.0	0,895	true	[007008, 007002, 007004, 007005, 007006, 007000, 007003, 007007, 007001]
4393	7	007008	007001	38	18.0	3.0	0,895	true	[007008, 007002, 007004, 007005, 007006, 007000, 007007, 007001]
4394	7	007008	007001	39	24.0	4.0	0,913	true	[007008, 007002, 007005, 007003, 007000, 007007, 007001]
4395	7	007008	007001	40	24.0	3.0	0,895	true	[007008, 007002, 007005, 007003, 007004, 007000, 007007, 007001]
4396	7	007008	007001	41	24.0	4.0	0,932	true	[007008, 007002, 007005, 007003, 007007, 007001]
4397	7	007008	007001	42	24.0	3.0	0,922	true	[007008, 007002, 007005, 007004, 007000, 007003, 007007, 007001]
4398	7	007008	007001	43	24.0	3.0	0,922	true	[007008, 007002, 007005, 007004, 007000, 007007, 007001]
4399	7	007008	007001	44	24.0	4.0	0,904	true	[007008, 007002, 007005, 007004, 007003, 007000, 007007, 007001]
4400	7	007008	007001	45	24.0	4.0	0,922	true	[007008, 007002, 007005, 007004, 007003, 007007, 007001]
4401	7	007008	007001	46	18.0	3.0	0,922	true	[007008, 007002, 007005, 007006, 007000, 007003, 007007, 007001]
4402	7	007008	007001	47	18.0	3.0	0,904	true	[007008, 007002, 007005, 007006, 007000, 007004, 007003, 007007, 007001]
4403	7	007008	007001	48	18.0	3.0	0,922	true	[007008, 007002, 007005, 007006, 007000, 007007, 007001]
4404	7	007008	007001	49	18.0	3.0	0,904	true	[007008, 007002, 007006, 007000, 007003, 007007, 007001]
4405	7	007008	007001	50	18.0	3.0	0,886	true	[007008, 007002, 007006, 007000, 007004, 007003, 007007, 007001]
4406	7	007008	007001	51	18.0	3.0	0,877	true	[007008, 007002, 007006, 007000, 007004, 007005, 007003, 007007, 007001]
4407	7	007008	007001	52	18.0	3.0	0,904	true	[007008, 007002, 007006, 007000, 007007, 007001]
4408	7	007008	007001	53	24.0	4.0	0,895	true	[007008, 007002, 007006, 007005, 007003, 007000, 007007, 007001]
4409	7	007008	007001	54	24.0	3.0	0,877	true	[007008, 007002, 007006, 007005, 007003, 007004, 007000, 007007, 007001]
4410	7	007008	007001	55	24.0	4.0	0,913	true	[007008, 007002, 007006, 007005, 007003, 007007, 007001]
4411	7	007008	007001	56	24.0	3.0	0,904	true	[007008, 007002, 007006, 007005, 007004, 007000, 007003, 007007, 007001]
4412	7	007008	007001	57	24.0	3.0	0,904	true	[007008, 007002, 007006, 007005, 007004, 007000, 007007, 007001]
4413	7	007008	007001	58	24.0	4.0	0,886	true	[007008, 007002, 007006, 007005, 007004, 007003, 007000, 007007, 007001]
4414	7	007008	007001	59	24.0	4.0	0,904	true	[007008, 007002, 007006, 007005, 007004, 007003, 007007, 007001]
4415	7	007008	007001	60	24.0	4.0	0,941	true	[007008, 007002, 007007, 007001]
4416	7	007008	007001	61	12.0	3.0	0,868	true	[007008, 007003, 007000, 007004, 007002, 007007, 007001]
4417	7	007008	007001	62	12.0	3.0	0,877	true	[007008, 007003, 007000, 007004, 007005, 007002, 007007, 007001]
4418	7	007008	007001	63	12.0	3.0	0,859	true	[007008, 007003, 007000, 007004, 007005, 007006, 007002, 007007, 007001]
4419	7	007008	007001	64	12.0	3.0	0,859	true	[007008, 007003, 007000, 007006, 007002, 007007, 007001]
4420	7	007008	007001	65	12.0	3.0	0,877	true	[007008, 007003, 007000, 007006, 007005, 007002, 007007, 007001]
4421	7	007008	007001	66	12.0	3.0	0,850	true	[007008, 007003, 007000, 007006, 007005, 007004, 007002, 007007, 007001]
4422	7	007008	007001	67	12.0	4.0	0,913	true	[007008, 007003, 007000, 007007, 007001]
4423	7	007008	007001	68	12.0	3.0	0,842	true	[007008, 007003, 007004, 007000, 007006, 007002, 007007, 007001]
4424	7	007008	007001	69	12.0	3.0	0,859	true	[007008, 007003, 007004, 007000, 007006, 007005, 007002, 007007, 007001]
4425	7	007008	007001	70	12.0	3.0	0,894	true	[007008, 007003, 007004, 007000, 007007, 007001]
4426	7	007008	007001	71	12.0	3.0	0,850	true	[007008, 007003, 007004, 007002, 007005, 007006, 007000, 007007, 007001]
4427	7	007008	007001	72	12.0	3.0	0,833	true	[007008, 007003, 007004, 007002, 007006, 007000, 007007, 007001]
4428	7	007008	007001	73	12.0	4.0	0,867	true	[007008, 007003, 007004, 007002, 007007, 007001]
4429	7	007008	007001	74	12.0	3.0	0,842	true	[007008, 007003, 007004, 007005, 007002, 007006, 007000, 007007, 007001]
4430	7	007008	007001	75	12.0	4.0	0,877	true	[007008, 007003, 007004, 007005, 007002, 007007, 007001]
4431	7	007008	007001	76	12.0	3.0	0,877	true	[007008, 007003, 007004, 007005, 007006, 007000, 007007, 007001]
4432	7	007008	007001	77	12.0	4.0	0,859	true	[007008, 007003, 007004, 007005, 007006, 007002, 007007, 007001]
4433	7	007008	007001	78	12.0	3.0	0,859	true	[007008, 007003, 007005, 007002, 007004, 007000, 007007, 007001]
4434	7	007008	007001	79	12.0	3.0	0,850	true	[007008, 007003, 007005, 007002, 007006, 007000, 007007, 007001]
4435	7	007008	007001	80	12.0	4.0	0,885	true	[007008, 007003, 007005, 007002, 007007, 007001]
4436	7	007008	007001	81	12.0	3.0	0,833	true	[007008, 007003, 007005, 007004, 007000, 007006, 007002, 007007, 007001]
4437	7	007008	007001	82	12.0	3.0	0,885	true	[007008, 007003, 007005, 007004, 007000, 007007, 007001]
4438	7	007008	007001	83	12.0	3.0	0,825	true	[007008, 007003, 007005, 007004, 007002, 007006, 007000, 007007, 007001]
4439	7	007008	007001	84	12.0	4.0	0,859	true	[007008, 007003, 007005, 007004, 007002, 007007, 007001]
4440	7	007008	007001	85	12.0	3.0	0,842	true	[007008, 007003, 007005, 007006, 007000, 007004, 007002, 007007, 007001]
4441	7	007008	007001	86	12.0	3.0	0,885	true	[007008, 007003, 007005, 007006, 007000, 007007, 007001]
4442	7	007008	007001	87	12.0	3.0	0,842	true	[007008, 007003, 007005, 007006, 007002, 007004, 007000, 007007, 007001]
4443	7	007008	007001	88	12.0	4.0	0,867	true	[007008, 007003, 007005, 007006, 007002, 007007, 007001]
4444	7	007008	007001	89	12.0	4.0	0,931	true	[007008, 007003, 007007, 007001]
4445	7	007008	007001	90	35.0	3.0	0,904	true	[007008, 007005, 007002, 007004, 007000, 007003, 007007, 007001]
4446	7	007008	007001	91	31.0	3.0	0,904	true	[007008, 007005, 007002, 007004, 007000, 007007, 007001]
4447	7	007008	007001	92	31.0	4.0	0,886	true	[007008, 007005, 007002, 007004, 007003, 007000, 007007, 007001]
4448	7	007008	007001	93	35.0	4.0	0,904	true	[007008, 007005, 007002, 007004, 007003, 007007, 007001]
4449	7	007008	007001	94	18.0	3.0	0,895	true	[007008, 007005, 007002, 007006, 007000, 007003, 007007, 007001]
4450	7	007008	007001	95	18.0	3.0	0,877	true	[007008, 007005, 007002, 007006, 007000, 007004, 007003, 007007, 007001]
4451	7	007008	007001	96	18.0	3.0	0,895	true	[007008, 007005, 007002, 007006, 007000, 007007, 007001]
4452	7	007008	007001	97	40.0	4.0	0,932	true	[007008, 007005, 007002, 007007, 007001]
4453	7	007008	007001	98	40.0	3.0	0,877	true	[007008, 007005, 007003, 007000, 007004, 007002, 007007, 007001]
4454	7	007008	007001	99	18.0	3.0	0,868	true	[007008, 007005, 007003, 007000, 007006, 007002, 007007, 007001]
4455	7	007008	007001	100	31.0	4.0	0,922	true	[007008, 007005, 007003, 007000, 007007, 007001]
4456	8	008007	008005	0	5.0	6.0	0,859	true	[008007, 008004, 008001, 008000, 008003, 008002, 008005]
4457	8	008007	008005	1	5.0	3.0	0,850	true	[008007, 008004, 008001, 008000, 008003, 008002, 008006, 008005]
4458	8	008007	008005	2	5.0	6.0	0,876	true	[008007, 008004, 008001, 008000, 008003, 008005]
4459	8	008007	008005	3	5.0	3.0	0,832	true	[008007, 008004, 008001, 008000, 008003, 008006, 008002, 008005]
4460	8	008007	008005	4	5.0	6.0	0,824	true	[008007, 008004, 008001, 008000, 008003, 008006, 008005]
4461	8	008007	008005	5	5.0	3.0	0,841	true	[008007, 008004, 008001, 008000, 008003, 008008, 008006, 008002, 008005]
4462	8	008007	008005	6	5.0	6.0	0,832	true	[008007, 008004, 008001, 008000, 008003, 008008, 008006, 008005]
4463	8	008007	008005	7	5.0	3.0	0,885	true	[008007, 008004, 008001, 008000, 008006, 008002, 008003, 008005]
4464	8	008007	008005	8	5.0	3.0	0,903	true	[008007, 008004, 008001, 008000, 008006, 008002, 008005]
4465	8	008007	008005	9	5.0	6.0	0,841	true	[008007, 008004, 008001, 008000, 008006, 008003, 008002, 008005]
4466	8	008007	008005	10	5.0	6.0	0,858	true	[008007, 008004, 008001, 008000, 008006, 008003, 008005]
4467	8	008007	008005	11	5.0	6.0	0,894	true	[008007, 008004, 008001, 008000, 008006, 008005]
4468	8	008007	008005	12	5.0	6.0	0,850	true	[008007, 008004, 008001, 008000, 008006, 008008, 008003, 008002, 008005]
4469	8	008007	008005	13	5.0	6.0	0,867	true	[008007, 008004, 008001, 008000, 008006, 008008, 008003, 008005]
4470	8	008007	008005	14	5.0	6.0	0,833	true	[008007, 008004, 008001, 008000, 008008, 008003, 008002, 008005]
4471	8	008007	008005	15	5.0	3.0	0,824	true	[008007, 008004, 008001, 008000, 008008, 008003, 008002, 008006, 008005]
4472	8	008007	008005	16	5.0	6.0	0,850	true	[008007, 008004, 008001, 008000, 008008, 008003, 008005]
4473	8	008007	008005	17	5.0	3.0	0,807	true	[008007, 008004, 008001, 008000, 008008, 008003, 008006, 008002, 008005]
4474	8	008007	008005	18	5.0	6.0	0,799	true	[008007, 008004, 008001, 008000, 008008, 008003, 008006, 008005]
4475	8	008007	008005	19	5.0	3.0	0,867	true	[008007, 008004, 008001, 008000, 008008, 008006, 008002, 008003, 008005]
4476	8	008007	008005	20	5.0	3.0	0,885	true	[008007, 008004, 008001, 008000, 008008, 008006, 008002, 008005]
4477	8	008007	008005	21	5.0	6.0	0,824	true	[008007, 008004, 008001, 008000, 008008, 008006, 008003, 008002, 008005]
4478	8	008007	008005	22	5.0	6.0	0,841	true	[008007, 008004, 008001, 008000, 008008, 008006, 008003, 008005]
4479	8	008007	008005	23	5.0	6.0	0,876	true	[008007, 008004, 008001, 008000, 008008, 008006, 008005]
4480	8	008007	008005	24	6.0	6.0	0,858	true	[008007, 008004, 008001, 008002, 008003, 008000, 008006, 008005]
4481	8	008007	008005	25	6.0	6.0	0,841	true	[008007, 008004, 008001, 008002, 008003, 008000, 008008, 008006, 008005]
4482	8	008007	008005	26	6.0	6.0	0,894	true	[008007, 008004, 008001, 008002, 008003, 008005]
4483	8	008007	008005	27	6.0	6.0	0,841	true	[008007, 008004, 008001, 008002, 008003, 008006, 008005]
4484	8	008007	008005	28	6.0	6.0	0,832	true	[008007, 008004, 008001, 008002, 008003, 008008, 008000, 008006, 008005]
4485	8	008007	008005	29	6.0	6.0	0,849	true	[008007, 008004, 008001, 008002, 008003, 008008, 008006, 008005]
4486	8	008007	008005	30	14.0	6.0	0,912	true	[008007, 008004, 008001, 008002, 008005]
4487	8	008007	008005	31	5.0	3.0	0,885	true	[008007, 008004, 008001, 008002, 008006, 008000, 008003, 008005]
4488	8	008007	008005	32	5.0	3.0	0,858	true	[008007, 008004, 008001, 008002, 008006, 008000, 008008, 008003, 008005]
4489	8	008007	008005	33	5.0	3.0	0,867	true	[008007, 008004, 008001, 008002, 008006, 008003, 008005]
4490	8	008007	008005	34	5.0	3.0	0,903	true	[008007, 008004, 008001, 008002, 008006, 008005]
4491	8	008007	008005	35	5.0	3.0	0,867	true	[008007, 008004, 008001, 008002, 008006, 008008, 008000, 008003, 008005]
4492	8	008007	008005	36	5.0	3.0	0,876	true	[008007, 008004, 008001, 008002, 008006, 008008, 008003, 008005]
4493	8	008007	008005	37	20.0	6.0	0,903	true	[008007, 008004, 008001, 008005]
4494	8	008007	008005	38	6.0	6.0	0,850	true	[008007, 008004, 008001, 008008, 008000, 008003, 008002, 008005]
4495	8	008007	008005	39	5.0	3.0	0,841	true	[008007, 008004, 008001, 008008, 008000, 008003, 008002, 008006, 008005]
4496	8	008007	008005	40	12.0	6.0	0,867	true	[008007, 008004, 008001, 008008, 008000, 008003, 008005]
4497	8	008007	008005	41	5.0	3.0	0,824	true	[008007, 008004, 008001, 008008, 008000, 008003, 008006, 008002, 008005]
4498	8	008007	008005	42	12.0	6.0	0,815	true	[008007, 008004, 008001, 008008, 008000, 008003, 008006, 008005]
4499	8	008007	008005	43	5.0	3.0	0,876	true	[008007, 008004, 008001, 008008, 008000, 008006, 008002, 008003, 008005]
4500	8	008007	008005	44	5.0	3.0	0,894	true	[008007, 008004, 008001, 008008, 008000, 008006, 008002, 008005]
4501	8	008007	008005	45	6.0	6.0	0,832	true	[008007, 008004, 008001, 008008, 008000, 008006, 008003, 008002, 008005]
4502	8	008007	008005	46	12.0	6.0	0,849	true	[008007, 008004, 008001, 008008, 008000, 008006, 008003, 008005]
4503	8	008007	008005	47	12.0	6.0	0,885	true	[008007, 008004, 008001, 008008, 008000, 008006, 008005]
4504	8	008007	008005	48	5.0	3.0	0,850	true	[008007, 008004, 008001, 008008, 008003, 008000, 008006, 008002, 008005]
4505	8	008007	008005	49	12.0	6.0	0,841	true	[008007, 008004, 008001, 008008, 008003, 008000, 008006, 008005]
4506	8	008007	008005	50	6.0	6.0	0,858	true	[008007, 008004, 008001, 008008, 008003, 008002, 008005]
4507	8	008007	008005	51	5.0	3.0	0,849	true	[008007, 008004, 008001, 008008, 008003, 008002, 008006, 008005]
4508	8	008007	008005	52	12.0	6.0	0,876	true	[008007, 008004, 008001, 008008, 008003, 008005]
4509	8	008007	008005	53	5.0	3.0	0,832	true	[008007, 008004, 008001, 008008, 008003, 008006, 008002, 008005]
4510	8	008007	008005	54	12.0	6.0	0,823	true	[008007, 008004, 008001, 008008, 008003, 008006, 008005]
4511	8	008007	008005	55	6.0	6.0	0,867	true	[008007, 008004, 008001, 008008, 008006, 008000, 008003, 008002, 008005]
4512	8	008007	008005	56	12.0	6.0	0,885	true	[008007, 008004, 008001, 008008, 008006, 008000, 008003, 008005]
4513	8	008007	008005	57	5.0	3.0	0,894	true	[008007, 008004, 008001, 008008, 008006, 008002, 008003, 008005]
4514	8	008007	008005	58	5.0	3.0	0,912	true	[008007, 008004, 008001, 008008, 008006, 008002, 008005]
4515	8	008007	008005	59	6.0	6.0	0,849	true	[008007, 008004, 008001, 008008, 008006, 008003, 008002, 008005]
4516	8	008007	008005	60	12.0	6.0	0,867	true	[008007, 008004, 008001, 008008, 008006, 008003, 008005]
4517	8	008007	008005	61	12.0	6.0	0,903	true	[008007, 008004, 008001, 008008, 008006, 008005]
4518	8	008007	008005	62	5.0	3.0	0,876	true	[008007, 008004, 008002, 008001, 008000, 008003, 008005]
4519	8	008007	008005	63	5.0	3.0	0,824	true	[008007, 008004, 008002, 008001, 008000, 008003, 008006, 008005]
4520	8	008007	008005	64	5.0	3.0	0,832	true	[008007, 008004, 008002, 008001, 008000, 008003, 008008, 008006, 008005]
4521	8	008007	008005	65	5.0	3.0	0,858	true	[008007, 008004, 008002, 008001, 008000, 008006, 008003, 008005]
4522	8	008007	008005	66	5.0	3.0	0,894	true	[008007, 008004, 008002, 008001, 008000, 008006, 008005]
4523	8	008007	008005	67	5.0	3.0	0,867	true	[008007, 008004, 008002, 008001, 008000, 008006, 008008, 008003, 008005]
4524	8	008007	008005	68	5.0	3.0	0,850	true	[008007, 008004, 008002, 008001, 008000, 008008, 008003, 008005]
4525	8	008007	008005	69	5.0	3.0	0,799	true	[008007, 008004, 008002, 008001, 008000, 008008, 008003, 008006, 008005]
4526	8	008007	008005	70	5.0	3.0	0,841	true	[008007, 008004, 008002, 008001, 008000, 008008, 008006, 008003, 008005]
4527	8	008007	008005	71	5.0	3.0	0,876	true	[008007, 008004, 008002, 008001, 008000, 008008, 008006, 008005]
4528	8	008007	008005	72	14.0	3.0	0,903	true	[008007, 008004, 008002, 008001, 008005]
4529	8	008007	008005	73	12.0	3.0	0,867	true	[008007, 008004, 008002, 008001, 008008, 008000, 008003, 008005]
4530	8	008007	008005	74	12.0	3.0	0,815	true	[008007, 008004, 008002, 008001, 008008, 008000, 008003, 008006, 008005]
4531	8	008007	008005	75	12.0	3.0	0,849	true	[008007, 008004, 008002, 008001, 008008, 008000, 008006, 008003, 008005]
4532	8	008007	008005	76	12.0	3.0	0,885	true	[008007, 008004, 008002, 008001, 008008, 008000, 008006, 008005]
4533	8	008007	008005	77	12.0	3.0	0,841	true	[008007, 008004, 008002, 008001, 008008, 008003, 008000, 008006, 008005]
4534	8	008007	008005	78	12.0	3.0	0,876	true	[008007, 008004, 008002, 008001, 008008, 008003, 008005]
4535	8	008007	008005	79	12.0	3.0	0,823	true	[008007, 008004, 008002, 008001, 008008, 008003, 008006, 008005]
4536	8	008007	008005	80	12.0	3.0	0,885	true	[008007, 008004, 008002, 008001, 008008, 008006, 008000, 008003, 008005]
4537	8	008007	008005	81	12.0	3.0	0,867	true	[008007, 008004, 008002, 008001, 008008, 008006, 008003, 008005]
4538	8	008007	008005	82	12.0	3.0	0,903	true	[008007, 008004, 008002, 008001, 008008, 008006, 008005]
4539	8	008007	008005	83	5.0	3.0	0,850	true	[008007, 008004, 008002, 008003, 008000, 008001, 008005]
4540	8	008007	008005	84	5.0	3.0	0,850	true	[008007, 008004, 008002, 008003, 008000, 008001, 008008, 008006, 008005]
4541	8	008007	008005	85	6.0	3.0	0,858	true	[008007, 008004, 008002, 008003, 008000, 008006, 008005]
4542	8	008007	008005	86	6.0	3.0	0,858	true	[008007, 008004, 008002, 008003, 008000, 008006, 008008, 008001, 008005]
4543	8	008007	008005	87	6.0	3.0	0,841	true	[008007, 008004, 008002, 008003, 008000, 008008, 008001, 008005]
4544	8	008007	008005	88	6.0	3.0	0,841	true	[008007, 008004, 008002, 008003, 008000, 008008, 008006, 008005]
4545	8	008007	008005	89	6.0	3.0	0,894	true	[008007, 008004, 008002, 008003, 008005]
4546	8	008007	008005	90	5.0	3.0	0,832	true	[008007, 008004, 008002, 008003, 008006, 008000, 008001, 008005]
4547	8	008007	008005	91	6.0	3.0	0,824	true	[008007, 008004, 008002, 008003, 008006, 008000, 008008, 008001, 008005]
4548	8	008007	008005	92	6.0	3.0	0,841	true	[008007, 008004, 008002, 008003, 008006, 008005]
4549	8	008007	008005	93	5.0	3.0	0,816	true	[008007, 008004, 008002, 008003, 008006, 008008, 008000, 008001, 008005]
4550	8	008007	008005	94	6.0	3.0	0,841	true	[008007, 008004, 008002, 008003, 008006, 008008, 008001, 008005]
4551	8	008007	008005	95	5.0	3.0	0,824	true	[008007, 008004, 008002, 008003, 008008, 008000, 008001, 008005]
4552	8	008007	008005	96	6.0	3.0	0,832	true	[008007, 008004, 008002, 008003, 008008, 008000, 008006, 008005]
4553	8	008007	008005	97	5.0	3.0	0,841	true	[008007, 008004, 008002, 008003, 008008, 008001, 008000, 008006, 008005]
4554	8	008007	008005	98	6.0	3.0	0,849	true	[008007, 008004, 008002, 008003, 008008, 008001, 008005]
4555	8	008007	008005	99	5.0	3.0	0,841	true	[008007, 008004, 008002, 008003, 008008, 008006, 008000, 008001, 008005]
4556	8	008007	008005	100	6.0	3.0	0,849	true	[008007, 008004, 008002, 008003, 008008, 008006, 008005]
4557	8	008007	008005	101	26.0	3.0	0,912	true	[008007, 008004, 008002, 008005]
4558	8	008007	008005	102	17.0	4.0	0,922	true	[008007, 008004, 008005]
4559	8	008007	008005	103	50.0	7.0	0,990	true	[008007, 008005]
4560	9	009000	009001	0	25.0	8.0	0,980	true	[009000, 009001]
4561	9	009000	009001	1	22.0	4.0	0,960	true	[009000, 009002, 009003, 009001]
4562	9	009000	009001	2	18.0	4.0	0,922	true	[009000, 009002, 009003, 009004, 009001]
4563	9	009000	009001	3	20.0	4.0	0,867	true	[009000, 009002, 009003, 009004, 009005, 009001]
4564	9	009000	009001	4	16.0	4.0	0,850	true	[009000, 009002, 009003, 009004, 009005, 009006, 009001]
4565	9	009000	009001	5	20.0	3.0	0,841	true	[009000, 009002, 009003, 009004, 009005, 009007, 009006, 009001]
4566	9	009000	009001	6	13.0	3.0	0,850	true	[009000, 009002, 009003, 009004, 009007, 009005, 009001]
4567	9	009000	009001	7	13.0	3.0	0,833	true	[009000, 009002, 009003, 009004, 009007, 009005, 009006, 009001]
4568	9	009000	009001	8	13.0	4.0	0,824	true	[009000, 009002, 009003, 009004, 009007, 009006, 009001]
4569	9	009000	009001	9	13.0	4.0	0,791	true	[009000, 009002, 009003, 009004, 009007, 009006, 009005, 009001]
4570	9	009000	009001	10	22.0	3.0	0,858	true	[009000, 009002, 009003, 009004, 009008, 009007, 009005, 009001]
4571	9	009000	009001	11	16.0	3.0	0,841	true	[009000, 009002, 009003, 009004, 009008, 009007, 009005, 009006, 009001]
4572	9	009000	009001	12	22.0	3.0	0,833	true	[009000, 009002, 009003, 009004, 009008, 009007, 009006, 009001]
4573	9	009000	009001	13	16.0	3.0	0,799	true	[009000, 009002, 009003, 009004, 009008, 009007, 009006, 009005, 009001]
4574	9	009000	009001	14	13.0	4.0	0,922	true	[009000, 009002, 009003, 009007, 009004, 009001]
4575	9	009000	009001	15	13.0	4.0	0,867	true	[009000, 009002, 009003, 009007, 009004, 009005, 009001]
4576	9	009000	009001	16	13.0	4.0	0,850	true	[009000, 009002, 009003, 009007, 009004, 009005, 009006, 009001]
4577	9	009000	009001	17	22.0	3.0	0,903	true	[009000, 009002, 009003, 009007, 009005, 009001]
4578	9	009000	009001	18	18.0	3.0	0,941	true	[009000, 009002, 009003, 009007, 009005, 009004, 009001]
4579	9	009000	009001	19	16.0	3.0	0,885	true	[009000, 009002, 009003, 009007, 009005, 009006, 009001]
4580	9	009000	009001	20	22.0	4.0	0,876	true	[009000, 009002, 009003, 009007, 009006, 009001]
4581	9	009000	009001	21	16.0	4.0	0,841	true	[009000, 009002, 009003, 009007, 009006, 009005, 009001]
4582	9	009000	009001	22	16.0	4.0	0,876	true	[009000, 009002, 009003, 009007, 009006, 009005, 009004, 009001]
4583	9	009000	009001	23	18.0	3.0	0,932	true	[009000, 009002, 009003, 009007, 009008, 009004, 009001]
4584	9	009000	009001	24	20.0	3.0	0,876	true	[009000, 009002, 009003, 009007, 009008, 009004, 009005, 009001]
4585	9	009000	009001	25	16.0	3.0	0,859	true	[009000, 009002, 009003, 009007, 009008, 009004, 009005, 009006, 009001]
4586	9	009000	009001	26	18.0	3.0	0,951	true	[009000, 009002, 009003, 009008, 009004, 009001]
4587	9	009000	009001	27	20.0	3.0	0,894	true	[009000, 009002, 009003, 009008, 009004, 009005, 009001]
4588	9	009000	009001	28	16.0	3.0	0,876	true	[009000, 009002, 009003, 009008, 009004, 009005, 009006, 009001]
4589	9	009000	009001	29	20.0	3.0	0,867	true	[009000, 009002, 009003, 009008, 009004, 009005, 009007, 009006, 009001]
4590	9	009000	009001	30	13.0	3.0	0,876	true	[009000, 009002, 009003, 009008, 009004, 009007, 009005, 009001]
4591	9	009000	009001	31	13.0	3.0	0,859	true	[009000, 009002, 009003, 009008, 009004, 009007, 009005, 009006, 009001]
4592	9	009000	009001	32	13.0	3.0	0,850	true	[009000, 009002, 009003, 009008, 009004, 009007, 009006, 009001]
4593	9	009000	009001	33	13.0	3.0	0,816	true	[009000, 009002, 009003, 009008, 009004, 009007, 009006, 009005, 009001]
4594	9	009000	009001	34	13.0	3.0	0,922	true	[009000, 009002, 009003, 009008, 009007, 009004, 009001]
4595	9	009000	009001	35	13.0	3.0	0,867	true	[009000, 009002, 009003, 009008, 009007, 009004, 009005, 009001]
4596	9	009000	009001	36	13.0	3.0	0,850	true	[009000, 009002, 009003, 009008, 009007, 009004, 009005, 009006, 009001]
4597	9	009000	009001	37	22.0	3.0	0,903	true	[009000, 009002, 009003, 009008, 009007, 009005, 009001]
4598	9	009000	009001	38	18.0	3.0	0,941	true	[009000, 009002, 009003, 009008, 009007, 009005, 009004, 009001]
4599	9	009000	009001	39	16.0	3.0	0,885	true	[009000, 009002, 009003, 009008, 009007, 009005, 009006, 009001]
4600	9	009000	009001	40	22.0	3.0	0,876	true	[009000, 009002, 009003, 009008, 009007, 009006, 009001]
4601	9	009000	009001	41	16.0	3.0	0,841	true	[009000, 009002, 009003, 009008, 009007, 009006, 009005, 009001]
4602	9	009000	009001	42	16.0	3.0	0,876	true	[009000, 009002, 009003, 009008, 009007, 009006, 009005, 009004, 009001]
4603	9	009000	009001	43	18.0	4.0	0,970	true	[009000, 009002, 009004, 009001]
4604	9	009000	009001	44	22.0	4.0	0,931	true	[009000, 009002, 009004, 009003, 009001]
4605	9	009000	009001	45	22.0	3.0	0,876	true	[009000, 009002, 009004, 009003, 009007, 009005, 009001]
4606	9	009000	009001	46	16.0	3.0	0,858	true	[009000, 009002, 009004, 009003, 009007, 009005, 009006, 009001]
4607	9	009000	009001	47	22.0	4.0	0,850	true	[009000, 009002, 009004, 009003, 009007, 009006, 009001]
4608	9	009000	009001	48	16.0	4.0	0,816	true	[009000, 009002, 009004, 009003, 009007, 009006, 009005, 009001]
4609	9	009000	009001	49	22.0	3.0	0,876	true	[009000, 009002, 009004, 009003, 009008, 009007, 009005, 009001]
4610	9	009000	009001	50	16.0	3.0	0,858	true	[009000, 009002, 009004, 009003, 009008, 009007, 009005, 009006, 009001]
4611	9	009000	009001	51	22.0	3.0	0,850	true	[009000, 009002, 009004, 009003, 009008, 009007, 009006, 009001]
4612	9	009000	009001	52	16.0	3.0	0,816	true	[009000, 009002, 009004, 009003, 009008, 009007, 009006, 009005, 009001]
4613	9	009000	009001	53	20.0	4.0	0,912	true	[009000, 009002, 009004, 009005, 009001]
4614	9	009000	009001	54	16.0	4.0	0,894	true	[009000, 009002, 009004, 009005, 009006, 009001]
4615	9	009000	009001	55	16.0	4.0	0,885	true	[009000, 009002, 009004, 009005, 009006, 009007, 009003, 009001]
4616	9	009000	009001	56	16.0	3.0	0,885	true	[009000, 009002, 009004, 009005, 009006, 009007, 009008, 009003, 009001]
4617	9	009000	009001	57	20.0	3.0	0,951	true	[009000, 009002, 009004, 009005, 009007, 009003, 009001]
4618	9	009000	009001	58	20.0	3.0	0,885	true	[009000, 009002, 009004, 009005, 009007, 009006, 009001]
4619	9	009000	009001	59	20.0	3.0	0,951	true	[009000, 009002, 009004, 009005, 009007, 009008, 009003, 009001]
4620	9	009000	009001	60	13.0	4.0	0,931	true	[009000, 009002, 009004, 009007, 009003, 009001]
4621	9	009000	009001	61	13.0	3.0	0,894	true	[009000, 009002, 009004, 009007, 009005, 009001]
4622	9	009000	009001	62	13.0	3.0	0,876	true	[009000, 009002, 009004, 009007, 009005, 009006, 009001]
4623	9	009000	009001	63	13.0	4.0	0,867	true	[009000, 009002, 009004, 009007, 009006, 009001]
4624	9	009000	009001	64	13.0	4.0	0,832	true	[009000, 009002, 009004, 009007, 009006, 009005, 009001]
4625	9	009000	009001	65	13.0	3.0	0,931	true	[009000, 009002, 009004, 009007, 009008, 009003, 009001]
4626	9	009000	009001	66	22.0	3.0	0,960	true	[009000, 009002, 009004, 009008, 009003, 009001]
4627	9	009000	009001	67	22.0	3.0	0,903	true	[009000, 009002, 009004, 009008, 009003, 009007, 009005, 009001]
4628	9	009000	009001	68	16.0	3.0	0,885	true	[009000, 009002, 009004, 009008, 009003, 009007, 009005, 009006, 009001]
4629	9	009000	009001	69	22.0	3.0	0,876	true	[009000, 009002, 009004, 009008, 009003, 009007, 009006, 009001]
4630	9	009000	009001	70	16.0	3.0	0,841	true	[009000, 009002, 009004, 009008, 009003, 009007, 009006, 009005, 009001]
4631	9	009000	009001	71	22.0	3.0	0,941	true	[009000, 009002, 009004, 009008, 009007, 009003, 009001]
4632	9	009000	009001	72	22.0	3.0	0,903	true	[009000, 009002, 009004, 009008, 009007, 009005, 009001]
4633	9	009000	009001	73	16.0	3.0	0,885	true	[009000, 009002, 009004, 009008, 009007, 009005, 009006, 009001]
4634	9	009000	009001	74	22.0	3.0	0,876	true	[009000, 009002, 009004, 009008, 009007, 009006, 009001]
4635	9	009000	009001	75	16.0	3.0	0,841	true	[009000, 009002, 009004, 009008, 009007, 009006, 009005, 009001]
4636	9	009000	009001	76	5.0	4.0	0,903	true	[009000, 009002, 009005, 009001]
4637	9	009000	009001	77	5.0	4.0	0,941	true	[009000, 009002, 009005, 009004, 009001]
4638	9	009000	009001	78	5.0	4.0	0,903	true	[009000, 009002, 009005, 009004, 009003, 009001]
4639	9	009000	009001	79	5.0	4.0	0,824	true	[009000, 009002, 009005, 009004, 009003, 009007, 009006, 009001]
4640	9	009000	009001	80	5.0	3.0	0,824	true	[009000, 009002, 009005, 009004, 009003, 009008, 009007, 009006, 009001]
4641	9	009000	009001	81	5.0	4.0	0,904	true	[009000, 009002, 009005, 009004, 009007, 009003, 009001]
4642	9	009000	009001	82	5.0	4.0	0,841	true	[009000, 009002, 009005, 009004, 009007, 009006, 009001]
4643	9	009000	009001	83	5.0	3.0	0,904	true	[009000, 009002, 009005, 009004, 009007, 009008, 009003, 009001]
4644	9	009000	009001	84	5.0	3.0	0,932	true	[009000, 009002, 009005, 009004, 009008, 009003, 009001]
4645	9	009000	009001	85	5.0	3.0	0,850	true	[009000, 009002, 009005, 009004, 009008, 009003, 009007, 009006, 009001]
4646	9	009000	009001	86	5.0	3.0	0,913	true	[009000, 009002, 009005, 009004, 009008, 009007, 009003, 009001]
4647	9	009000	009001	87	5.0	3.0	0,850	true	[009000, 009002, 009005, 009004, 009008, 009007, 009006, 009001]
4648	9	009000	009001	88	5.0	4.0	0,885	true	[009000, 009002, 009005, 009006, 009001]
4649	9	009000	009001	89	5.0	4.0	0,876	true	[009000, 009002, 009005, 009006, 009007, 009003, 009001]
4650	9	009000	009001	90	5.0	4.0	0,841	true	[009000, 009002, 009005, 009006, 009007, 009003, 009004, 009001]
4651	9	009000	009001	91	5.0	3.0	0,868	true	[009000, 009002, 009005, 009006, 009007, 009003, 009008, 009004, 009001]
4652	9	009000	009001	92	5.0	4.0	0,859	true	[009000, 009002, 009005, 009006, 009007, 009004, 009001]
4653	9	009000	009001	93	5.0	4.0	0,824	true	[009000, 009002, 009005, 009006, 009007, 009004, 009003, 009001]
4654	9	009000	009001	94	5.0	3.0	0,850	true	[009000, 009002, 009005, 009006, 009007, 009004, 009008, 009003, 009001]
4655	9	009000	009001	95	5.0	3.0	0,876	true	[009000, 009002, 009005, 009006, 009007, 009008, 009003, 009001]
4656	9	009000	009001	96	5.0	3.0	0,841	true	[009000, 009002, 009005, 009006, 009007, 009008, 009003, 009004, 009001]
4657	9	009000	009001	97	5.0	3.0	0,868	true	[009000, 009002, 009005, 009006, 009007, 009008, 009004, 009001]
4658	9	009000	009001	98	5.0	3.0	0,833	true	[009000, 009002, 009005, 009006, 009007, 009008, 009004, 009003, 009001]
4659	9	009000	009001	99	5.0	3.0	0,941	true	[009000, 009002, 009005, 009007, 009003, 009001]
4660	9	009000	009001	100	5.0	3.0	0,903	true	[009000, 009002, 009005, 009007, 009003, 009004, 009001]
4661	10	010007	010008	0	10.0	4.0	0,759	true	[010007, 010000, 010001, 010002, 010003, 010004, 010005, 010006, 010008]
4662	10	010007	010008	1	10.0	4.0	0,807	true	[010007, 010000, 010001, 010002, 010003, 010004, 010005, 010008]
4663	10	010007	010008	2	8.0	4.0	0,736	true	[010007, 010000, 010001, 010002, 010003, 010004, 010006, 010005, 010008]
4664	10	010007	010008	3	8.0	4.0	0,767	true	[010007, 010000, 010001, 010002, 010003, 010004, 010006, 010008]
4665	10	010007	010008	4	8.0	4.0	0,783	true	[010007, 010000, 010001, 010002, 010003, 010005, 010004, 010006, 010008]
4666	10	010007	010008	5	10.0	4.0	0,775	true	[010007, 010000, 010001, 010002, 010003, 010005, 010006, 010008]
4667	10	010007	010008	6	10.0	4.0	0,824	true	[010007, 010000, 010001, 010002, 010003, 010005, 010008]
4668	10	010007	010008	7	8.0	4.0	0,759	true	[010007, 010000, 010001, 010002, 010003, 010006, 010004, 010005, 010008]
4669	10	010007	010008	8	10.0	4.0	0,751	true	[010007, 010000, 010001, 010002, 010003, 010006, 010005, 010008]
4670	10	010007	010008	9	10.0	4.0	0,783	true	[010007, 010000, 010001, 010002, 010003, 010006, 010008]
4671	10	010007	010008	10	5.0	5.0	0,759	true	[010007, 010000, 010001, 010002, 010004, 010003, 010005, 010006, 010008]
4672	10	010007	010008	11	5.0	5.0	0,808	true	[010007, 010000, 010001, 010002, 010004, 010003, 010005, 010008]
4673	10	010007	010008	12	5.0	6.0	0,736	true	[010007, 010000, 010001, 010002, 010004, 010003, 010006, 010005, 010008]
4674	10	010007	010008	13	5.0	6.0	0,767	true	[010007, 010000, 010001, 010002, 010004, 010003, 010006, 010008]
4675	10	010007	010008	14	5.0	5.0	0,783	true	[010007, 010000, 010001, 010002, 010004, 010005, 010003, 010006, 010008]
4676	10	010007	010008	15	5.0	6.0	0,791	true	[010007, 010000, 010001, 010002, 010004, 010005, 010006, 010008]
4677	10	010007	010008	16	5.0	6.0	0,841	true	[010007, 010000, 010001, 010002, 010004, 010005, 010008]
4678	10	010007	010008	17	5.0	5.0	0,759	true	[010007, 010000, 010001, 010002, 010004, 010006, 010003, 010005, 010008]
4679	10	010007	010008	18	5.0	6.0	0,767	true	[010007, 010000, 010001, 010002, 010004, 010006, 010005, 010008]
4680	10	010007	010008	19	5.0	6.0	0,799	true	[010007, 010000, 010001, 010002, 010004, 010006, 010008]
4681	10	010007	010008	20	8.0	5.0	0,767	true	[010007, 010000, 010001, 010002, 010005, 010003, 010004, 010006, 010008]
4682	10	010007	010008	21	10.0	5.0	0,783	true	[010007, 010000, 010001, 010002, 010005, 010003, 010006, 010008]
4683	10	010007	010008	22	10.0	6.0	0,767	true	[010007, 010000, 010001, 010002, 010005, 010004, 010003, 010006, 010008]
4684	10	010007	010008	23	8.0	6.0	0,799	true	[010007, 010000, 010001, 010002, 010005, 010004, 010006, 010008]
4685	10	010007	010008	24	10.0	6.0	0,791	true	[010007, 010000, 010001, 010002, 010005, 010006, 010008]
4686	10	010007	010008	25	10.0	6.0	0,841	true	[010007, 010000, 010001, 010002, 010005, 010008]
4687	10	010007	010008	26	10.0	6.0	0,903	true	[010007, 010000, 010001, 010002, 010008]
4688	10	010007	010008	27	5.0	4.0	0,751	true	[010007, 010000, 010001, 010003, 010002, 010004, 010005, 010006, 010008]
4689	10	010007	010008	28	5.0	4.0	0,799	true	[010007, 010000, 010001, 010003, 010002, 010004, 010005, 010008]
4690	10	010007	010008	29	5.0	4.0	0,729	true	[010007, 010000, 010001, 010003, 010002, 010004, 010006, 010005, 010008]
4691	10	010007	010008	30	5.0	4.0	0,759	true	[010007, 010000, 010001, 010003, 010002, 010004, 010006, 010008]
4692	10	010007	010008	31	5.0	4.0	0,759	true	[010007, 010000, 010001, 010003, 010002, 010005, 010004, 010006, 010008]
4693	10	010007	010008	32	5.0	4.0	0,751	true	[010007, 010000, 010001, 010003, 010002, 010005, 010006, 010008]
4694	10	010007	010008	33	5.0	4.0	0,799	true	[010007, 010000, 010001, 010003, 010002, 010005, 010008]
4695	10	010007	010008	34	5.0	4.0	0,858	true	[010007, 010000, 010001, 010003, 010002, 010008]
4696	10	010007	010008	35	5.0	6.0	0,736	true	[010007, 010000, 010001, 010003, 010004, 010002, 010005, 010006, 010008]
4697	10	010007	010008	36	5.0	6.0	0,783	true	[010007, 010000, 010001, 010003, 010004, 010002, 010005, 010008]
4698	10	010007	010008	37	5.0	8.0	0,841	true	[010007, 010000, 010001, 010003, 010004, 010002, 010008]
4699	10	010007	010008	38	5.0	6.0	0,841	true	[010007, 010000, 010001, 010003, 010004, 010005, 010002, 010008]
4700	10	010007	010008	39	5.0	6.0	0,799	true	[010007, 010000, 010001, 010003, 010004, 010005, 010006, 010008]
4701	10	010007	010008	40	5.0	8.0	0,850	true	[010007, 010000, 010001, 010003, 010004, 010005, 010008]
4702	10	010007	010008	41	5.0	6.0	0,767	true	[010007, 010000, 010001, 010003, 010004, 010006, 010005, 010002, 010008]
4703	10	010007	010008	42	5.0	6.0	0,775	true	[010007, 010000, 010001, 010003, 010004, 010006, 010005, 010008]
4704	10	010007	010008	43	5.0	6.0	0,807	true	[010007, 010000, 010001, 010003, 010004, 010006, 010008]
4705	10	010007	010008	44	5.0	5.0	0,759	true	[010007, 010000, 010001, 010003, 010005, 010002, 010004, 010006, 010008]
4706	10	010007	010008	45	5.0	5.0	0,858	true	[010007, 010000, 010001, 010003, 010005, 010002, 010008]
4707	10	010007	010008	46	5.0	5.0	0,858	true	[010007, 010000, 010001, 010003, 010005, 010004, 010002, 010008]
4708	10	010007	010008	47	5.0	5.0	0,824	true	[010007, 010000, 010001, 010003, 010005, 010004, 010006, 010008]
4709	10	010007	010008	48	5.0	5.0	0,783	true	[010007, 010000, 010001, 010003, 010005, 010006, 010004, 010002, 010008]
4710	10	010007	010008	49	5.0	5.0	0,815	true	[010007, 010000, 010001, 010003, 010005, 010006, 010008]
4711	10	010007	010008	50	5.0	5.0	0,867	true	[010007, 010000, 010001, 010003, 010005, 010008]
4712	10	010007	010008	51	5.0	6.0	0,736	true	[010007, 010000, 010001, 010003, 010006, 010004, 010002, 010005, 010008]
4713	10	010007	010008	52	5.0	7.0	0,791	true	[010007, 010000, 010001, 010003, 010006, 010004, 010002, 010008]
4714	10	010007	010008	53	5.0	6.0	0,791	true	[010007, 010000, 010001, 010003, 010006, 010004, 010005, 010002, 010008]
4715	10	010007	010008	54	5.0	7.0	0,799	true	[010007, 010000, 010001, 010003, 010006, 010004, 010005, 010008]
4716	10	010007	010008	55	5.0	6.0	0,783	true	[010007, 010000, 010001, 010003, 010006, 010005, 010002, 010008]
4717	10	010007	010008	56	5.0	6.0	0,783	true	[010007, 010000, 010001, 010003, 010006, 010005, 010004, 010002, 010008]
4718	10	010007	010008	57	5.0	6.0	0,791	true	[010007, 010000, 010001, 010003, 010006, 010005, 010008]
4719	10	010007	010008	58	5.0	6.0	0,824	true	[010007, 010000, 010001, 010003, 010006, 010008]
4720	10	010007	010008	59	5.0	4.0	0,759	true	[010007, 010000, 010001, 010004, 010002, 010003, 010005, 010006, 010008]
4721	10	010007	010008	60	5.0	4.0	0,807	true	[010007, 010000, 010001, 010004, 010002, 010003, 010005, 010008]
4722	10	010007	010008	61	5.0	4.0	0,736	true	[010007, 010000, 010001, 010004, 010002, 010003, 010006, 010005, 010008]
4723	10	010007	010008	62	5.0	4.0	0,767	true	[010007, 010000, 010001, 010004, 010002, 010003, 010006, 010008]
4724	10	010007	010008	63	5.0	5.0	0,767	true	[010007, 010000, 010001, 010004, 010002, 010005, 010003, 010006, 010008]
4725	10	010007	010008	64	5.0	6.0	0,775	true	[010007, 010000, 010001, 010004, 010002, 010005, 010006, 010008]
4726	10	010007	010008	65	5.0	6.0	0,824	true	[010007, 010000, 010001, 010004, 010002, 010005, 010008]
4727	10	010007	010008	66	5.0	8.0	0,885	true	[010007, 010000, 010001, 010004, 010002, 010008]
4728	10	010007	010008	67	10.0	4.0	0,744	true	[010007, 010000, 010001, 010004, 010003, 010002, 010005, 010006, 010008]
4729	10	010007	010008	68	10.0	4.0	0,791	true	[010007, 010000, 010001, 010004, 010003, 010002, 010005, 010008]
4730	10	010007	010008	69	10.0	4.0	0,850	true	[010007, 010000, 010001, 010004, 010003, 010002, 010008]
4731	10	010007	010008	70	10.0	5.0	0,850	true	[010007, 010000, 010001, 010004, 010003, 010005, 010002, 010008]
4732	10	010007	010008	71	10.0	5.0	0,807	true	[010007, 010000, 010001, 010004, 010003, 010005, 010006, 010008]
4733	10	010007	010008	72	10.0	5.0	0,859	true	[010007, 010000, 010001, 010004, 010003, 010005, 010008]
4734	10	010007	010008	73	10.0	6.0	0,775	true	[010007, 010000, 010001, 010004, 010003, 010006, 010005, 010002, 010008]
4735	10	010007	010008	74	10.0	6.0	0,783	true	[010007, 010000, 010001, 010004, 010003, 010006, 010005, 010008]
4736	10	010007	010008	75	10.0	6.0	0,816	true	[010007, 010000, 010001, 010004, 010003, 010006, 010008]
4737	10	010007	010008	76	10.0	4.0	0,767	true	[010007, 010000, 010001, 010004, 010005, 010002, 010003, 010006, 010008]
4738	10	010007	010008	77	10.0	6.0	0,885	true	[010007, 010000, 010001, 010004, 010005, 010002, 010008]
4739	10	010007	010008	78	10.0	4.0	0,867	true	[010007, 010000, 010001, 010004, 010005, 010003, 010002, 010008]
4740	10	010007	010008	79	10.0	5.0	0,832	true	[010007, 010000, 010001, 010004, 010005, 010003, 010006, 010008]
4741	10	010007	010008	80	10.0	4.0	0,790	true	[010007, 010000, 010001, 010004, 010005, 010006, 010003, 010002, 010008]
4742	10	010007	010008	81	10.0	6.0	0,841	true	[010007, 010000, 010001, 010004, 010005, 010006, 010008]
4743	10	010007	010008	82	10.0	8.0	0,894	true	[010007, 010000, 010001, 010004, 010005, 010008]
4744	10	010007	010008	83	8.0	4.0	0,744	true	[010007, 010000, 010001, 010004, 010006, 010003, 010002, 010005, 010008]
4745	10	010007	010008	84	8.0	4.0	0,799	true	[010007, 010000, 010001, 010004, 010006, 010003, 010002, 010008]
4746	10	010007	010008	85	8.0	5.0	0,799	true	[010007, 010000, 010001, 010004, 010006, 010003, 010005, 010002, 010008]
4747	10	010007	010008	86	8.0	5.0	0,807	true	[010007, 010000, 010001, 010004, 010006, 010003, 010005, 010008]
4748	10	010007	010008	87	8.0	6.0	0,807	true	[010007, 010000, 010001, 010004, 010006, 010005, 010002, 010008]
4749	10	010007	010008	88	8.0	4.0	0,791	true	[010007, 010000, 010001, 010004, 010006, 010005, 010003, 010002, 010008]
4750	10	010007	010008	89	8.0	6.0	0,816	true	[010007, 010000, 010001, 010004, 010006, 010005, 010008]
4751	10	010007	010008	90	8.0	6.0	0,850	true	[010007, 010000, 010001, 010004, 010006, 010008]
4752	10	010007	010008	91	8.0	4.0	0,767	true	[010007, 010000, 010001, 010005, 010002, 010003, 010004, 010006, 010008]
4753	10	010007	010008	92	10.0	4.0	0,783	true	[010007, 010000, 010001, 010005, 010002, 010003, 010006, 010008]
4754	10	010007	010008	93	5.0	4.0	0,767	true	[010007, 010000, 010001, 010005, 010002, 010004, 010003, 010006, 010008]
4755	10	010007	010008	94	5.0	4.0	0,799	true	[010007, 010000, 010001, 010005, 010002, 010004, 010006, 010008]
4756	10	010007	010008	95	10.0	4.0	0,903	true	[010007, 010000, 010001, 010005, 010002, 010008]
4757	10	010007	010008	96	5.0	4.0	0,783	true	[010007, 010000, 010001, 010005, 010003, 010002, 010004, 010006, 010008]
4758	10	010007	010008	97	10.0	4.0	0,885	true	[010007, 010000, 010001, 010005, 010003, 010002, 010008]
4759	10	010007	010008	98	5.0	4.0	0,867	true	[010007, 010000, 010001, 010005, 010003, 010004, 010002, 010008]
4760	10	010007	010008	99	8.0	4.0	0,833	true	[010007, 010000, 010001, 010005, 010003, 010004, 010006, 010008]
4761	10	010007	010008	100	5.0	4.0	0,815	true	[010007, 010000, 010001, 010005, 010003, 010006, 010004, 010002, 010008]
4762	10	010007	010008	101	10.0	4.0	0,849	true	[010007, 010000, 010001, 010005, 010003, 010006, 010008]
4763	10	010007	010008	102	10.0	4.0	0,913	true	[010007, 010000, 010001, 010005, 010008]
4764	10	010007	010008	103	9.0	8.0	0,941	true	[010007, 010000, 010001, 010008]
4765	11	011002	011008	0	18.0	3.0	0,841	true	[011002, 011000, 011001, 011003, 011005, 011004, 011008]
4766	11	011002	011008	1	10.0	3.0	0,850	true	[011002, 011000, 011001, 011003, 011005, 011006, 011008]
4767	11	011002	011008	2	28.0	3.0	0,885	true	[011002, 011000, 011001, 011003, 011005, 011008]
4768	11	011002	011008	3	13.0	3.0	0,841	true	[011002, 011000, 011001, 011003, 011006, 011005, 011004, 011008]
4769	11	011002	011008	4	13.0	3.0	0,886	true	[011002, 011000, 011001, 011003, 011006, 011005, 011008]
4770	11	011002	011008	5	10.0	3.0	0,885	true	[011002, 011000, 011001, 011003, 011006, 011008]
4771	11	011002	011008	6	10.0	3.0	0,791	true	[011002, 011000, 011001, 011004, 011005, 011003, 011006, 011008]
4772	11	011002	011008	7	10.0	3.0	0,841	true	[011002, 011000, 011001, 011004, 011005, 011006, 011008]
4773	11	011002	011008	8	28.0	3.0	0,876	true	[011002, 011000, 011001, 011004, 011005, 011008]
4774	11	011002	011008	9	18.0	3.0	0,903	true	[011002, 011000, 011001, 011004, 011008]
4775	11	011002	011008	10	10.0	3.0	0,858	true	[011002, 011000, 011001, 011005, 011003, 011006, 011008]
4776	11	011002	011008	11	18.0	3.0	0,903	true	[011002, 011000, 011001, 011005, 011004, 011008]
4777	11	011002	011008	12	10.0	3.0	0,913	true	[011002, 011000, 011001, 011005, 011006, 011008]
4778	11	011002	011008	13	28.0	3.0	0,951	true	[011002, 011000, 011001, 011005, 011008]
4779	11	011002	011008	14	18.0	3.0	0,799	true	[011002, 011000, 011001, 011006, 011003, 011005, 011004, 011008]
4780	11	011002	011008	15	28.0	3.0	0,841	true	[011002, 011000, 011001, 011006, 011003, 011005, 011008]
4781	11	011002	011008	16	13.0	3.0	0,850	true	[011002, 011000, 011001, 011006, 011005, 011004, 011008]
4782	11	011002	011008	17	13.0	3.0	0,894	true	[011002, 011000, 011001, 011006, 011005, 011008]
4783	11	011002	011008	18	10.0	3.0	0,894	true	[011002, 011000, 011001, 011006, 011008]
4784	11	011002	011008	19	17.0	3.0	0,824	true	[011002, 011000, 011001, 011007, 011006, 011003, 011005, 011004, 011008]
4785	11	011002	011008	20	17.0	3.0	0,867	true	[011002, 011000, 011001, 011007, 011006, 011003, 011005, 011008]
4786	11	011002	011008	21	13.0	3.0	0,876	true	[011002, 011000, 011001, 011007, 011006, 011005, 011004, 011008]
4787	11	011002	011008	22	13.0	3.0	0,922	true	[011002, 011000, 011001, 011007, 011006, 011005, 011008]
4788	11	011002	011008	23	10.0	3.0	0,922	true	[011002, 011000, 011001, 011007, 011006, 011008]
4789	11	011002	011008	24	28.0	3.0	0,960	true	[011002, 011000, 011001, 011008]
4790	11	011002	011008	25	10.0	3.0	0,841	true	[011002, 011000, 011003, 011001, 011004, 011005, 011006, 011008]
4791	11	011002	011008	26	28.0	3.0	0,876	true	[011002, 011000, 011003, 011001, 011004, 011005, 011008]
4792	11	011002	011008	27	18.0	3.0	0,903	true	[011002, 011000, 011003, 011001, 011004, 011008]
4793	11	011002	011008	28	18.0	3.0	0,903	true	[011002, 011000, 011003, 011001, 011005, 011004, 011008]
4794	11	011002	011008	29	10.0	3.0	0,913	true	[011002, 011000, 011003, 011001, 011005, 011006, 011008]
4795	11	011002	011008	30	28.0	3.0	0,951	true	[011002, 011000, 011003, 011001, 011005, 011008]
4796	11	011002	011008	31	13.0	3.0	0,850	true	[011002, 011000, 011003, 011001, 011006, 011005, 011004, 011008]
4797	11	011002	011008	32	13.0	3.0	0,895	true	[011002, 011000, 011003, 011001, 011006, 011005, 011008]
4798	11	011002	011008	33	10.0	3.0	0,894	true	[011002, 011000, 011003, 011001, 011006, 011008]
4799	11	011002	011008	34	13.0	3.0	0,877	true	[011002, 011000, 011003, 011001, 011007, 011006, 011005, 011004, 011008]
4800	11	011002	011008	35	13.0	3.0	0,922	true	[011002, 011000, 011003, 011001, 011007, 011006, 011005, 011008]
4801	11	011002	011008	36	10.0	3.0	0,922	true	[011002, 011000, 011003, 011001, 011007, 011006, 011008]
4802	11	011002	011008	37	28.0	3.0	0,960	true	[011002, 011000, 011003, 011001, 011008]
4803	11	011002	011008	38	18.0	3.0	0,876	true	[011002, 011000, 011003, 011005, 011001, 011004, 011008]
4804	11	011002	011008	39	10.0	3.0	0,867	true	[011002, 011000, 011003, 011005, 011001, 011006, 011008]
4805	11	011002	011008	40	10.0	3.0	0,894	true	[011002, 011000, 011003, 011005, 011001, 011007, 011006, 011008]
4806	11	011002	011008	41	28.0	3.0	0,931	true	[011002, 011000, 011003, 011005, 011001, 011008]
4807	11	011002	011008	42	10.0	3.0	0,799	true	[011002, 011000, 011003, 011005, 011004, 011001, 011006, 011008]
4808	11	011002	011008	43	10.0	3.0	0,824	true	[011002, 011000, 011003, 011005, 011004, 011001, 011007, 011006, 011008]
4809	11	011002	011008	44	28.0	3.0	0,858	true	[011002, 011000, 011003, 011005, 011004, 011001, 011008]
4810	11	011002	011008	45	18.0	3.0	0,876	true	[011002, 011000, 011003, 011005, 011004, 011008]
4811	11	011002	011008	46	13.0	3.0	0,824	true	[011002, 011000, 011003, 011005, 011006, 011001, 011004, 011008]
4812	11	011002	011008	47	13.0	3.0	0,876	true	[011002, 011000, 011003, 011005, 011006, 011001, 011008]
4813	11	011002	011008	48	13.0	3.0	0,850	true	[011002, 011000, 011003, 011005, 011006, 011007, 011001, 011004, 011008]
4814	11	011002	011008	49	13.0	3.0	0,903	true	[011002, 011000, 011003, 011005, 011006, 011007, 011001, 011008]
4815	11	011002	011008	50	10.0	3.0	0,885	true	[011002, 011000, 011003, 011005, 011006, 011008]
4816	11	011002	011008	51	28.0	3.0	0,922	true	[011002, 011000, 011003, 011005, 011008]
4817	11	011002	011008	52	28.0	3.0	0,833	true	[011002, 011000, 011003, 011006, 011001, 011004, 011005, 011008]
4818	11	011002	011008	53	18.0	3.0	0,858	true	[011002, 011000, 011003, 011006, 011001, 011004, 011008]
4819	11	011002	011008	54	18.0	3.0	0,858	true	[011002, 011000, 011003, 011006, 011001, 011005, 011004, 011008]
4820	11	011002	011008	55	28.0	3.0	0,903	true	[011002, 011000, 011003, 011006, 011001, 011005, 011008]
4821	11	011002	011008	56	28.0	3.0	0,913	true	[011002, 011000, 011003, 011006, 011001, 011008]
4822	11	011002	011008	57	13.0	3.0	0,876	true	[011002, 011000, 011003, 011006, 011005, 011001, 011004, 011008]
4823	11	011002	011008	58	13.0	3.0	0,932	true	[011002, 011000, 011003, 011006, 011005, 011001, 011008]
4824	11	011002	011008	59	13.0	3.0	0,859	true	[011002, 011000, 011003, 011006, 011005, 011004, 011001, 011008]
4825	11	011002	011008	60	13.0	3.0	0,876	true	[011002, 011000, 011003, 011006, 011005, 011004, 011008]
4826	11	011002	011008	61	13.0	3.0	0,922	true	[011002, 011000, 011003, 011006, 011005, 011008]
4827	11	011002	011008	62	17.0	3.0	0,859	true	[011002, 011000, 011003, 011006, 011007, 011001, 011004, 011005, 011008]
4828	11	011002	011008	63	17.0	3.0	0,885	true	[011002, 011000, 011003, 011006, 011007, 011001, 011004, 011008]
4829	11	011002	011008	64	17.0	3.0	0,885	true	[011002, 011000, 011003, 011006, 011007, 011001, 011005, 011004, 011008]
4830	11	011002	011008	65	17.0	3.0	0,932	true	[011002, 011000, 011003, 011006, 011007, 011001, 011005, 011008]
4831	11	011002	011008	66	17.0	3.0	0,941	true	[011002, 011000, 011003, 011006, 011007, 011001, 011008]
4832	11	011002	011008	67	10.0	3.0	0,922	true	[011002, 011000, 011003, 011006, 011008]
4833	11	011002	011008	68	10.0	3.0	0,894	true	[011002, 011000, 011005, 011001, 011003, 011006, 011008]
4834	11	011002	011008	69	18.0	3.0	0,913	true	[011002, 011000, 011005, 011001, 011004, 011008]
4835	11	011002	011008	70	10.0	3.0	0,903	true	[011002, 011000, 011005, 011001, 011006, 011008]
4836	11	011002	011008	71	10.0	3.0	0,931	true	[011002, 011000, 011005, 011001, 011007, 011006, 011008]
4837	11	011002	011008	72	25.0	3.0	0,970	true	[011002, 011000, 011005, 011001, 011008]
4838	11	011002	011008	73	18.0	3.0	0,850	true	[011002, 011000, 011005, 011003, 011001, 011004, 011008]
4839	11	011002	011008	74	10.0	3.0	0,841	true	[011002, 011000, 011005, 011003, 011001, 011006, 011008]
4840	11	011002	011008	75	10.0	3.0	0,867	true	[011002, 011000, 011005, 011003, 011001, 011007, 011006, 011008]
4841	11	011002	011008	76	25.0	3.0	0,903	true	[011002, 011000, 011005, 011003, 011001, 011008]
4842	11	011002	011008	77	18.0	3.0	0,807	true	[011002, 011000, 011005, 011003, 011006, 011001, 011004, 011008]
4843	11	011002	011008	78	25.0	3.0	0,858	true	[011002, 011000, 011005, 011003, 011006, 011001, 011008]
4844	11	011002	011008	79	17.0	3.0	0,833	true	[011002, 011000, 011005, 011003, 011006, 011007, 011001, 011004, 011008]
4845	11	011002	011008	80	17.0	3.0	0,885	true	[011002, 011000, 011005, 011003, 011006, 011007, 011001, 011008]
4846	11	011002	011008	81	10.0	3.0	0,867	true	[011002, 011000, 011005, 011003, 011006, 011008]
4847	11	011002	011008	82	10.0	3.0	0,824	true	[011002, 011000, 011005, 011004, 011001, 011003, 011006, 011008]
4848	11	011002	011008	83	10.0	3.0	0,832	true	[011002, 011000, 011005, 011004, 011001, 011006, 011008]
4849	11	011002	011008	84	10.0	3.0	0,858	true	[011002, 011000, 011005, 011004, 011001, 011007, 011006, 011008]
4850	11	011002	011008	85	25.0	3.0	0,894	true	[011002, 011000, 011005, 011004, 011001, 011008]
4851	11	011002	011008	86	18.0	3.0	0,913	true	[011002, 011000, 011005, 011004, 011008]
4852	11	011002	011008	87	13.0	3.0	0,859	true	[011002, 011000, 011005, 011006, 011001, 011004, 011008]
4853	11	011002	011008	88	13.0	3.0	0,913	true	[011002, 011000, 011005, 011006, 011001, 011008]
4854	11	011002	011008	89	13.0	3.0	0,850	true	[011002, 011000, 011005, 011006, 011003, 011001, 011004, 011008]
4855	11	011002	011008	90	13.0	3.0	0,904	true	[011002, 011000, 011005, 011006, 011003, 011001, 011008]
4856	11	011002	011008	91	13.0	3.0	0,885	true	[011002, 011000, 011005, 011006, 011007, 011001, 011004, 011008]
4857	11	011002	011008	92	13.0	3.0	0,941	true	[011002, 011000, 011005, 011006, 011007, 011001, 011008]
4858	11	011002	011008	93	10.0	3.0	0,922	true	[011002, 011000, 011005, 011006, 011008]
4859	11	011002	011008	94	25.0	3.0	0,960	true	[011002, 011000, 011005, 011008]
4860	11	011002	011008	95	17.0	3.0	0,816	true	[011002, 011001, 011000, 011003, 011005, 011004, 011008]
4861	11	011002	011008	96	10.0	7.0	0,824	true	[011002, 011001, 011000, 011003, 011005, 011006, 011008]
4862	11	011002	011008	97	17.0	8.0	0,858	true	[011002, 011001, 011000, 011003, 011005, 011008]
4863	11	011002	011008	98	13.0	3.0	0,816	true	[011002, 011001, 011000, 011003, 011006, 011005, 011004, 011008]
4864	11	011002	011008	99	13.0	4.0	0,859	true	[011002, 011001, 011000, 011003, 011006, 011005, 011008]
4865	11	011002	011008	100	10.0	4.0	0,858	true	[011002, 011001, 011000, 011003, 011006, 011008]
4866	11	011002	011008	101	17.0	7.0	0,950	true	[011002, 011001, 011008]
4867	11	011002	011008	102	26.0	5.0	1,000	true	[011002, 011008]
4868	12	012008	012007	0	18.0	3.0	0,833	true	[012008, 012000, 012001, 012002, 012003, 012006, 012005, 012007]
4869	12	012008	012007	1	18.0	3.0	0,850	true	[012008, 012000, 012001, 012002, 012003, 012006, 012007]
4870	12	012008	012007	2	18.0	3.0	0,913	true	[012008, 012000, 012001, 012002, 012003, 012007]
4871	12	012008	012007	3	22.0	3.0	0,850	true	[012008, 012000, 012001, 012002, 012005, 012006, 012003, 012007]
4872	12	012008	012007	4	19.0	3.0	0,841	true	[012008, 012000, 012001, 012002, 012005, 012006, 012007]
4873	12	012008	012007	5	22.0	3.0	0,895	true	[012008, 012000, 012001, 012002, 012005, 012007]
4874	12	012008	012007	6	22.0	3.0	0,877	true	[012008, 012000, 012001, 012002, 012006, 012003, 012007]
4875	12	012008	012007	7	22.0	3.0	0,850	true	[012008, 012000, 012001, 012002, 012006, 012005, 012007]
4876	12	012008	012007	8	19.0	3.0	0,867	true	[012008, 012000, 012001, 012002, 012006, 012007]
4877	12	012008	012007	9	11.0	3.0	0,783	true	[012008, 012000, 012001, 012004, 012003, 012002, 012005, 012006, 012007]
4878	12	012008	012007	10	11.0	3.0	0,833	true	[012008, 012000, 012001, 012004, 012003, 012002, 012005, 012007]
4879	12	012008	012007	11	11.0	3.0	0,791	true	[012008, 012000, 012001, 012004, 012003, 012002, 012006, 012005, 012007]
4880	12	012008	012007	12	11.0	3.0	0,807	true	[012008, 012000, 012001, 012004, 012003, 012002, 012006, 012007]
4881	12	012008	012007	13	11.0	3.0	0,800	true	[012008, 012000, 012001, 012004, 012003, 012006, 012002, 012005, 012007]
4882	12	012008	012007	14	11.0	3.0	0,824	true	[012008, 012000, 012001, 012004, 012003, 012006, 012005, 012007]
4883	12	012008	012007	15	11.0	3.0	0,841	true	[012008, 012000, 012001, 012004, 012003, 012006, 012007]
4884	12	012008	012007	16	11.0	3.0	0,904	true	[012008, 012000, 012001, 012004, 012003, 012007]
4885	12	012008	012007	17	18.0	3.0	0,808	true	[012008, 012000, 012001, 012005, 012002, 012003, 012006, 012007]
4886	12	012008	012007	18	18.0	3.0	0,868	true	[012008, 012000, 012001, 012005, 012002, 012003, 012007]
4887	12	012008	012007	19	22.0	3.0	0,833	true	[012008, 012000, 012001, 012005, 012002, 012006, 012003, 012007]
4888	12	012008	012007	20	19.0	3.0	0,824	true	[012008, 012000, 012001, 012005, 012002, 012006, 012007]
4889	12	012008	012007	21	18.0	3.0	0,824	true	[012008, 012000, 012001, 012005, 012006, 012002, 012003, 012007]
4890	12	012008	012007	22	22.0	3.0	0,859	true	[012008, 012000, 012001, 012005, 012006, 012003, 012007]
4891	12	012008	012007	23	19.0	3.0	0,849	true	[012008, 012000, 012001, 012005, 012006, 012007]
4892	12	012008	012007	24	22.0	3.0	0,903	true	[012008, 012000, 012001, 012005, 012007]
4893	12	012008	012007	25	7.0	3.0	0,941	true	[012008, 012000, 012001, 012007]
4894	12	012008	012007	26	18.0	3.0	0,799	true	[012008, 012000, 012003, 012002, 012001, 012005, 012006, 012007]
4895	12	012008	012007	27	18.0	3.0	0,850	true	[012008, 012000, 012003, 012002, 012001, 012005, 012007]
4896	12	012008	012007	28	7.0	3.0	0,886	true	[012008, 012000, 012003, 012002, 012001, 012007]
4897	12	012008	012007	29	7.0	4.0	0,841	true	[012008, 012000, 012003, 012002, 012005, 012001, 012007]
4898	12	012008	012007	30	18.0	4.0	0,824	true	[012008, 012000, 012003, 012002, 012005, 012006, 012007]
4899	12	012008	012007	31	18.0	4.0	0,877	true	[012008, 012000, 012003, 012002, 012005, 012007]
4900	12	012008	012007	32	7.0	3.0	0,799	true	[012008, 012000, 012003, 012002, 012006, 012005, 012001, 012007]
4901	12	012008	012007	33	18.0	3.0	0,833	true	[012008, 012000, 012003, 012002, 012006, 012005, 012007]
4902	12	012008	012007	34	18.0	3.0	0,850	true	[012008, 012000, 012003, 012002, 012006, 012007]
4903	12	012008	012007	35	11.0	3.0	0,783	true	[012008, 012000, 012003, 012004, 012001, 012002, 012005, 012006, 012007]
4904	12	012008	012007	36	11.0	3.0	0,833	true	[012008, 012000, 012003, 012004, 012001, 012002, 012005, 012007]
4905	12	012008	012007	37	11.0	3.0	0,792	true	[012008, 012000, 012003, 012004, 012001, 012002, 012006, 012005, 012007]
4906	12	012008	012007	38	11.0	3.0	0,808	true	[012008, 012000, 012003, 012004, 012001, 012002, 012006, 012007]
4907	12	012008	012007	39	11.0	3.0	0,767	true	[012008, 012000, 012003, 012004, 012001, 012005, 012002, 012006, 012007]
4908	12	012008	012007	40	11.0	4.0	0,791	true	[012008, 012000, 012003, 012004, 012001, 012005, 012006, 012007]
4909	12	012008	012007	41	11.0	4.0	0,841	true	[012008, 012000, 012003, 012004, 012001, 012005, 012007]
4910	12	012008	012007	42	7.0	5.0	0,876	true	[012008, 012000, 012003, 012004, 012001, 012007]
4911	12	012008	012007	43	29.0	3.0	0,816	true	[012008, 012000, 012003, 012006, 012002, 012001, 012005, 012007]
4912	12	012008	012007	44	7.0	3.0	0,850	true	[012008, 012000, 012003, 012006, 012002, 012001, 012007]
4913	12	012008	012007	45	7.0	3.0	0,808	true	[012008, 012000, 012003, 012006, 012002, 012005, 012001, 012007]
4914	12	012008	012007	46	29.0	3.0	0,841	true	[012008, 012000, 012003, 012006, 012002, 012005, 012007]
4915	12	012008	012007	47	7.0	3.0	0,833	true	[012008, 012000, 012003, 012006, 012005, 012001, 012007]
4916	12	012008	012007	48	7.0	3.0	0,825	true	[012008, 012000, 012003, 012006, 012005, 012002, 012001, 012007]
4917	12	012008	012007	49	29.0	3.0	0,867	true	[012008, 012000, 012003, 012006, 012005, 012007]
4918	12	012008	012007	50	19.0	3.0	0,885	true	[012008, 012000, 012003, 012006, 012007]
4919	12	012008	012007	51	29.0	6.0	0,951	true	[012008, 012000, 012003, 012007]
4920	12	012008	012007	52	18.0	3.0	0,791	true	[012008, 012000, 012005, 012001, 012002, 012003, 012006, 012007]
4921	12	012008	012007	53	18.0	3.0	0,850	true	[012008, 012000, 012005, 012001, 012002, 012003, 012007]
4922	12	012008	012007	54	37.0	3.0	0,816	true	[012008, 012000, 012005, 012001, 012002, 012006, 012003, 012007]
4923	12	012008	012007	55	19.0	3.0	0,807	true	[012008, 012000, 012005, 012001, 012002, 012006, 012007]
4924	12	012008	012007	56	11.0	3.0	0,752	true	[012008, 012000, 012005, 012001, 012004, 012003, 012002, 012006, 012007]
4925	12	012008	012007	57	11.0	3.0	0,783	true	[012008, 012000, 012005, 012001, 012004, 012003, 012006, 012007]
4926	12	012008	012007	58	11.0	4.0	0,841	true	[012008, 012000, 012005, 012001, 012004, 012003, 012007]
4927	12	012008	012007	59	7.0	4.0	0,876	true	[012008, 012000, 012005, 012001, 012007]
4928	12	012008	012007	60	11.0	3.0	0,775	true	[012008, 012000, 012005, 012002, 012001, 012004, 012003, 012006, 012007]
4929	12	012008	012007	61	11.0	3.0	0,833	true	[012008, 012000, 012005, 012002, 012001, 012004, 012003, 012007]
4930	12	012008	012007	62	7.0	3.0	0,867	true	[012008, 012000, 012005, 012002, 012001, 012007]
4931	12	012008	012007	63	7.0	4.0	0,808	true	[012008, 012000, 012005, 012002, 012003, 012004, 012001, 012007]
4932	12	012008	012007	64	18.0	3.0	0,816	true	[012008, 012000, 012005, 012002, 012003, 012006, 012007]
4933	12	012008	012007	65	18.0	4.0	0,876	true	[012008, 012000, 012005, 012002, 012003, 012007]
4934	12	012008	012007	66	7.0	3.0	0,775	true	[012008, 012000, 012005, 012002, 012006, 012003, 012004, 012001, 012007]
4935	12	012008	012007	67	32.0	3.0	0,841	true	[012008, 012000, 012005, 012002, 012006, 012003, 012007]
4936	12	012008	012007	68	19.0	3.0	0,832	true	[012008, 012000, 012005, 012002, 012006, 012007]
4937	12	012008	012007	69	11.0	3.0	0,791	true	[012008, 012000, 012005, 012006, 012002, 012001, 012004, 012003, 012007]
4938	12	012008	012007	70	7.0	3.0	0,824	true	[012008, 012000, 012005, 012006, 012002, 012001, 012007]
4939	12	012008	012007	71	7.0	3.0	0,768	true	[012008, 012000, 012005, 012006, 012002, 012003, 012004, 012001, 012007]
4940	12	012008	012007	72	18.0	3.0	0,833	true	[012008, 012000, 012005, 012006, 012002, 012003, 012007]
4941	12	012008	012007	73	7.0	3.0	0,808	true	[012008, 012000, 012005, 012006, 012003, 012002, 012001, 012007]
4942	12	012008	012007	74	7.0	3.0	0,799	true	[012008, 012000, 012005, 012006, 012003, 012004, 012001, 012007]
4943	12	012008	012007	75	37.0	3.0	0,867	true	[012008, 012000, 012005, 012006, 012003, 012007]
4944	12	012008	012007	76	19.0	5.0	0,858	true	[012008, 012000, 012005, 012006, 012007]
4945	12	012008	012007	77	45.0	7.0	0,913	true	[012008, 012000, 012005, 012007]
4946	12	012008	012007	78	11.0	3.0	0,824	true	[012008, 012000, 012006, 012002, 012001, 012004, 012003, 012007]
4947	12	012008	012007	79	37.0	3.0	0,824	true	[012008, 012000, 012006, 012002, 012001, 012005, 012007]
4948	12	012008	012007	80	7.0	3.0	0,859	true	[012008, 012000, 012006, 012002, 012001, 012007]
4949	12	012008	012007	81	11.0	3.0	0,768	true	[012008, 012000, 012006, 012002, 012003, 012004, 012001, 012005, 012007]
4950	12	012008	012007	82	7.0	3.0	0,799	true	[012008, 012000, 012006, 012002, 012003, 012004, 012001, 012007]
4951	12	012008	012007	83	18.0	3.0	0,867	true	[012008, 012000, 012006, 012002, 012003, 012007]
4952	12	012008	012007	84	11.0	3.0	0,783	true	[012008, 012000, 012006, 012002, 012005, 012001, 012004, 012003, 012007]
4953	12	012008	012007	85	7.0	3.0	0,816	true	[012008, 012000, 012006, 012002, 012005, 012001, 012007]
4954	12	012008	012007	86	32.0	3.0	0,850	true	[012008, 012000, 012006, 012002, 012005, 012007]
4955	12	012008	012007	87	18.0	3.0	0,808	true	[012008, 012000, 012006, 012003, 012002, 012001, 012005, 012007]
4956	12	012008	012007	88	7.0	3.0	0,841	true	[012008, 012000, 012006, 012003, 012002, 012001, 012007]
4957	12	012008	012007	89	7.0	3.0	0,800	true	[012008, 012000, 012006, 012003, 012002, 012005, 012001, 012007]
4958	12	012008	012007	90	18.0	3.0	0,833	true	[012008, 012000, 012006, 012003, 012002, 012005, 012007]
4959	12	012008	012007	91	11.0	3.0	0,792	true	[012008, 012000, 012006, 012003, 012004, 012001, 012002, 012005, 012007]
4960	12	012008	012007	92	11.0	3.0	0,799	true	[012008, 012000, 012006, 012003, 012004, 012001, 012005, 012007]
4961	12	012008	012007	93	7.0	3.0	0,833	true	[012008, 012000, 012006, 012003, 012004, 012001, 012007]
4962	12	012008	012007	94	48.0	3.0	0,903	true	[012008, 012000, 012006, 012003, 012007]
4963	12	012008	012007	95	18.0	3.0	0,816	true	[012008, 012000, 012006, 012005, 012001, 012002, 012003, 012007]
4964	12	012008	012007	96	11.0	4.0	0,808	true	[012008, 012000, 012006, 012005, 012001, 012004, 012003, 012007]
4965	12	012008	012007	97	7.0	4.0	0,841	true	[012008, 012000, 012006, 012005, 012001, 012007]
4966	12	012008	012007	98	11.0	3.0	0,800	true	[012008, 012000, 012006, 012005, 012002, 012001, 012004, 012003, 012007]
4967	12	012008	012007	99	7.0	3.0	0,833	true	[012008, 012000, 012006, 012005, 012002, 012001, 012007]
4968	12	012008	012007	100	7.0	4.0	0,775	true	[012008, 012000, 012006, 012005, 012002, 012003, 012004, 012001, 012007]
4969	12	012008	012007	101	18.0	4.0	0,841	true	[012008, 012000, 012006, 012005, 012002, 012003, 012007]
4970	12	012008	012007	102	37.0	6.0	0,876	true	[012008, 012000, 012006, 012005, 012007]
4971	12	012008	012007	103	19.0	5.0	0,894	true	[012008, 012000, 012006, 012007]
4972	12	012008	012007	104	39.0	3.0	0,970	true	[012008, 012000, 012007]
4973	12	012008	012007	105	22.0	9.0	1,000	true	[012008, 012007]
4974	13	013002	013005	0	17.0	3.0	0,867	true	[013002, 013000, 013001, 013003, 013004, 013006, 013005]
4975	13	013002	013005	1	14.0	3.0	0,885	true	[013002, 013000, 013001, 013003, 013004, 013006, 013007, 013005]
4976	13	013002	013005	2	15.0	3.0	0,867	true	[013002, 013000, 013001, 013003, 013004, 013006, 013007, 013008, 013005]
4977	13	013002	013005	3	17.0	3.0	0,885	true	[013002, 013000, 013001, 013003, 013004, 013006, 013008, 013005]
4978	13	013002	013005	4	14.0	3.0	0,867	true	[013002, 013000, 013001, 013003, 013004, 013006, 013008, 013007, 013005]
4979	13	013002	013005	5	17.0	3.0	0,885	true	[013002, 013000, 013001, 013003, 013004, 013008, 013005]
4980	13	013002	013005	6	17.0	3.0	0,867	true	[013002, 013000, 013001, 013003, 013004, 013008, 013006, 013005]
4981	13	013002	013005	7	14.0	3.0	0,885	true	[013002, 013000, 013001, 013003, 013004, 013008, 013006, 013007, 013005]
4982	13	013002	013005	8	14.0	3.0	0,867	true	[013002, 013000, 013001, 013003, 013004, 013008, 013007, 013005]
4983	13	013002	013005	9	15.0	3.0	0,849	true	[013002, 013000, 013001, 013003, 013004, 013008, 013007, 013006, 013005]
4984	13	013002	013005	10	17.0	3.0	0,950	true	[013002, 013000, 013001, 013003, 013005]
4985	13	013002	013005	11	17.0	3.0	0,903	true	[013002, 013000, 013001, 013003, 013006, 013004, 013008, 013005]
4986	13	013002	013005	12	14.0	3.0	0,885	true	[013002, 013000, 013001, 013003, 013006, 013004, 013008, 013007, 013005]
4987	13	013002	013005	13	17.0	3.0	0,885	true	[013002, 013000, 013001, 013003, 013006, 013005]
4988	13	013002	013005	14	14.0	3.0	0,903	true	[013002, 013000, 013001, 013003, 013006, 013007, 013005]
4989	13	013002	013005	15	15.0	3.0	0,885	true	[013002, 013000, 013001, 013003, 013006, 013007, 013008, 013005]
4990	13	013002	013005	16	17.0	3.0	0,903	true	[013002, 013000, 013001, 013003, 013006, 013008, 013005]
4991	13	013002	013005	17	14.0	3.0	0,885	true	[013002, 013000, 013001, 013003, 013006, 013008, 013007, 013005]
4992	13	013002	013005	18	14.0	3.0	0,885	true	[013002, 013000, 013001, 013003, 013007, 013005]
4993	13	013002	013005	19	17.0	3.0	0,885	true	[013002, 013000, 013001, 013003, 013007, 013006, 013004, 013008, 013005]
4994	13	013002	013005	20	17.0	3.0	0,867	true	[013002, 013000, 013001, 013003, 013007, 013006, 013005]
4995	13	013002	013005	21	17.0	3.0	0,885	true	[013002, 013000, 013001, 013003, 013007, 013006, 013008, 013005]
4996	13	013002	013005	22	15.0	3.0	0,849	true	[013002, 013000, 013001, 013003, 013007, 013008, 013004, 013006, 013005]
4997	13	013002	013005	23	15.0	3.0	0,867	true	[013002, 013000, 013001, 013003, 013007, 013008, 013005]
4998	13	013002	013005	24	15.0	3.0	0,849	true	[013002, 013000, 013001, 013003, 013007, 013008, 013006, 013005]
4999	13	013002	013005	25	17.0	3.0	0,912	true	[013002, 013000, 013001, 013003, 013008, 013004, 013006, 013005]
5000	13	013002	013005	26	14.0	3.0	0,931	true	[013002, 013000, 013001, 013003, 013008, 013004, 013006, 013007, 013005]
5001	13	013002	013005	27	17.0	3.0	0,931	true	[013002, 013000, 013001, 013003, 013008, 013005]
5002	13	013002	013005	28	17.0	3.0	0,912	true	[013002, 013000, 013001, 013003, 013008, 013006, 013005]
5003	13	013002	013005	29	14.0	3.0	0,931	true	[013002, 013000, 013001, 013003, 013008, 013006, 013007, 013005]
5004	13	013002	013005	30	14.0	3.0	0,913	true	[013002, 013000, 013001, 013003, 013008, 013007, 013005]
5005	13	013002	013005	31	15.0	3.0	0,894	true	[013002, 013000, 013001, 013003, 013008, 013007, 013006, 013005]
5006	13	013002	013005	32	19.0	3.0	0,876	true	[013002, 013000, 013001, 013004, 013003, 013005]
5007	13	013002	013005	33	19.0	3.0	0,816	true	[013002, 013000, 013001, 013004, 013003, 013006, 013005]
5008	13	013002	013005	34	14.0	3.0	0,833	true	[013002, 013000, 013001, 013004, 013003, 013006, 013007, 013005]
5009	13	013002	013005	35	15.0	3.0	0,816	true	[013002, 013000, 013001, 013004, 013003, 013006, 013007, 013008, 013005]
5010	13	013002	013005	36	19.0	3.0	0,833	true	[013002, 013000, 013001, 013004, 013003, 013006, 013008, 013005]
5011	13	013002	013005	37	14.0	3.0	0,816	true	[013002, 013000, 013001, 013004, 013003, 013006, 013008, 013007, 013005]
5012	13	013002	013005	38	14.0	3.0	0,815	true	[013002, 013000, 013001, 013004, 013003, 013007, 013005]
5013	13	013002	013005	39	19.0	3.0	0,799	true	[013002, 013000, 013001, 013004, 013003, 013007, 013006, 013005]
5014	13	013002	013005	40	19.0	3.0	0,815	true	[013002, 013000, 013001, 013004, 013003, 013007, 013006, 013008, 013005]
5015	13	013002	013005	41	15.0	3.0	0,799	true	[013002, 013000, 013001, 013004, 013003, 013007, 013008, 013005]
5016	13	013002	013005	42	15.0	3.0	0,783	true	[013002, 013000, 013001, 013004, 013003, 013007, 013008, 013006, 013005]
5017	13	013002	013005	43	19.0	3.0	0,858	true	[013002, 013000, 013001, 013004, 013003, 013008, 013005]
5018	13	013002	013005	44	19.0	3.0	0,841	true	[013002, 013000, 013001, 013004, 013003, 013008, 013006, 013005]
5019	13	013002	013005	45	14.0	3.0	0,858	true	[013002, 013000, 013001, 013004, 013003, 013008, 013006, 013007, 013005]
5020	13	013002	013005	46	14.0	3.0	0,841	true	[013002, 013000, 013001, 013004, 013003, 013008, 013007, 013005]
5021	13	013002	013005	47	15.0	3.0	0,824	true	[013002, 013000, 013001, 013004, 013003, 013008, 013007, 013006, 013005]
5022	13	013002	013005	48	24.0	3.0	0,894	true	[013002, 013000, 013001, 013004, 013006, 013003, 013005]
5023	13	013002	013005	49	14.0	3.0	0,833	true	[013002, 013000, 013001, 013004, 013006, 013003, 013007, 013005]
5024	13	013002	013005	50	15.0	3.0	0,816	true	[013002, 013000, 013001, 013004, 013006, 013003, 013007, 013008, 013005]
5025	13	013002	013005	51	24.0	3.0	0,876	true	[013002, 013000, 013001, 013004, 013006, 013003, 013008, 013005]
5026	13	013002	013005	52	14.0	3.0	0,859	true	[013002, 013000, 013001, 013004, 013006, 013003, 013008, 013007, 013005]
5027	13	013002	013005	53	24.0	3.0	0,885	true	[013002, 013000, 013001, 013004, 013006, 013005]
5028	13	013002	013005	54	22.0	3.0	0,876	true	[013002, 013000, 013001, 013004, 013006, 013007, 013003, 013005]
5029	13	013002	013005	55	22.0	3.0	0,858	true	[013002, 013000, 013001, 013004, 013006, 013007, 013003, 013008, 013005]
5030	13	013002	013005	56	14.0	3.0	0,903	true	[013002, 013000, 013001, 013004, 013006, 013007, 013005]
5031	13	013002	013005	57	15.0	3.0	0,903	true	[013002, 013000, 013001, 013004, 013006, 013007, 013008, 013003, 013005]
5032	13	013002	013005	58	15.0	3.0	0,885	true	[013002, 013000, 013001, 013004, 013006, 013007, 013008, 013005]
5033	13	013002	013005	59	24.0	3.0	0,922	true	[013002, 013000, 013001, 013004, 013006, 013008, 013003, 013005]
5034	13	013002	013005	60	14.0	3.0	0,858	true	[013002, 013000, 013001, 013004, 013006, 013008, 013003, 013007, 013005]
5035	13	013002	013005	61	24.0	3.0	0,903	true	[013002, 013000, 013001, 013004, 013006, 013008, 013005]
5036	13	013002	013005	62	15.0	3.0	0,858	true	[013002, 013000, 013001, 013004, 013006, 013008, 013007, 013003, 013005]
5037	13	013002	013005	63	14.0	3.0	0,885	true	[013002, 013000, 013001, 013004, 013006, 013008, 013007, 013005]
5038	13	013002	013005	64	24.0	3.0	0,922	true	[013002, 013000, 013001, 013004, 013008, 013003, 013005]
5039	13	013002	013005	65	24.0	3.0	0,858	true	[013002, 013000, 013001, 013004, 013008, 013003, 013006, 013005]
5040	13	013002	013005	66	14.0	3.0	0,876	true	[013002, 013000, 013001, 013004, 013008, 013003, 013006, 013007, 013005]
5041	13	013002	013005	67	14.0	3.0	0,858	true	[013002, 013000, 013001, 013004, 013008, 013003, 013007, 013005]
5042	13	013002	013005	68	22.0	3.0	0,841	true	[013002, 013000, 013001, 013004, 013008, 013003, 013007, 013006, 013005]
5043	13	013002	013005	69	24.0	3.0	0,903	true	[013002, 013000, 013001, 013004, 013008, 013005]
5044	13	013002	013005	70	24.0	3.0	0,894	true	[013002, 013000, 013001, 013004, 013008, 013006, 013003, 013005]
5045	13	013002	013005	71	14.0	3.0	0,833	true	[013002, 013000, 013001, 013004, 013008, 013006, 013003, 013007, 013005]
5046	13	013002	013005	72	24.0	3.0	0,885	true	[013002, 013000, 013001, 013004, 013008, 013006, 013005]
5047	13	013002	013005	73	22.0	3.0	0,876	true	[013002, 013000, 013001, 013004, 013008, 013006, 013007, 013003, 013005]
5048	13	013002	013005	74	14.0	3.0	0,903	true	[013002, 013000, 013001, 013004, 013008, 013006, 013007, 013005]
5049	13	013002	013005	75	15.0	3.0	0,858	true	[013002, 013000, 013001, 013004, 013008, 013007, 013003, 013005]
5050	13	013002	013005	76	15.0	3.0	0,799	true	[013002, 013000, 013001, 013004, 013008, 013007, 013003, 013006, 013005]
5051	13	013002	013005	77	14.0	3.0	0,885	true	[013002, 013000, 013001, 013004, 013008, 013007, 013005]
5052	13	013002	013005	78	15.0	3.0	0,876	true	[013002, 013000, 013001, 013004, 013008, 013007, 013006, 013003, 013005]
5053	13	013002	013005	79	15.0	3.0	0,867	true	[013002, 013000, 013001, 013004, 013008, 013007, 013006, 013005]
5054	13	013002	013005	80	11.0	3.0	0,824	true	[013002, 013000, 013001, 013006, 013003, 013004, 013008, 013005]
5055	13	013002	013005	81	11.0	3.0	0,807	true	[013002, 013000, 013001, 013006, 013003, 013004, 013008, 013007, 013005]
5056	13	013002	013005	82	11.0	3.0	0,885	true	[013002, 013000, 013001, 013006, 013003, 013005]
5057	13	013002	013005	83	11.0	3.0	0,824	true	[013002, 013000, 013001, 013006, 013003, 013007, 013005]
5058	13	013002	013005	84	11.0	3.0	0,807	true	[013002, 013000, 013001, 013006, 013003, 013007, 013008, 013005]
5059	13	013002	013005	85	11.0	3.0	0,867	true	[013002, 013000, 013001, 013006, 013003, 013008, 013005]
5060	13	013002	013005	86	11.0	3.0	0,850	true	[013002, 013000, 013001, 013006, 013003, 013008, 013007, 013005]
5061	13	013002	013005	87	11.0	3.0	0,867	true	[013002, 013000, 013001, 013006, 013004, 013003, 013005]
5062	13	013002	013005	88	11.0	3.0	0,807	true	[013002, 013000, 013001, 013006, 013004, 013003, 013007, 013005]
5063	13	013002	013005	89	11.0	3.0	0,791	true	[013002, 013000, 013001, 013006, 013004, 013003, 013007, 013008, 013005]
5064	13	013002	013005	90	11.0	3.0	0,849	true	[013002, 013000, 013001, 013006, 013004, 013003, 013008, 013005]
5065	13	013002	013005	91	11.0	3.0	0,832	true	[013002, 013000, 013001, 013006, 013004, 013003, 013008, 013007, 013005]
5066	13	013002	013005	92	11.0	3.0	0,912	true	[013002, 013000, 013001, 013006, 013004, 013008, 013003, 013005]
5067	13	013002	013005	93	11.0	3.0	0,849	true	[013002, 013000, 013001, 013006, 013004, 013008, 013003, 013007, 013005]
5068	13	013002	013005	94	11.0	3.0	0,894	true	[013002, 013000, 013001, 013006, 013004, 013008, 013005]
5069	13	013002	013005	95	11.0	3.0	0,849	true	[013002, 013000, 013001, 013006, 013004, 013008, 013007, 013003, 013005]
5070	13	013002	013005	96	11.0	3.0	0,876	true	[013002, 013000, 013001, 013006, 013004, 013008, 013007, 013005]
5071	13	013002	013005	97	11.0	3.0	0,876	true	[013002, 013000, 013001, 013006, 013005]
5072	13	013002	013005	98	11.0	3.0	0,807	true	[013002, 013000, 013001, 013006, 013007, 013003, 013004, 013008, 013005]
5073	13	013002	013005	99	11.0	3.0	0,867	true	[013002, 013000, 013001, 013006, 013007, 013003, 013005]
5074	13	013002	013005	100	11.0	3.0	0,849	true	[013002, 013000, 013001, 013006, 013007, 013003, 013008, 013005]
5075	13	013002	013005	101	11.0	3.0	0,894	true	[013002, 013000, 013001, 013006, 013007, 013005]
5076	13	013002	013005	102	23.0	6.0	0,960	true	[013002, 013005]
5077	-1	000004	001003	0	125.0	44.0	0,997	true	[000004, 001003]
5078	-1	000006	002006	0	150.0	25.0	0,998	true	[000006, 002006]
5079	-1	000007	007008	0	100.0	29.0	0,996	true	[000007, 007008]
5080	-1	001002	002005	0	125.0	43.0	0,995	true	[001002, 002005]
5081	-1	001007	003005	0	140.0	36.0	0,997	true	[001007, 003005]
5082	-1	002000	005000	0	130.0	26.0	0,998	true	[002000, 005000]
5083	-1	003000	004003	0	115.0	23.0	0,996	true	[003000, 004003]
5084	-1	003006	010007	0	150.0	42.0	0,995	true	[003006, 010007]
5085	-1	004001	005006	0	145.0	33.0	0,995	true	[004001, 005006]
5086	-1	004004	006001	0	105.0	48.0	0,996	true	[004004, 006001]
5087	-1	005001	009000	0	115.0	50.0	0,997	true	[005001, 009000]
5088	-1	005003	012008	0	120.0	28.0	0,998	true	[005003, 012008]
5089	-1	006003	007001	0	105.0	26.0	0,999	true	[006003, 007001]
5090	-1	007005	008007	0	150.0	45.0	0,999	true	[007005, 008007]
5091	-1	008005	009001	0	145.0	37.0	0,996	true	[008005, 009001]
5092	-1	008006	011002	0	125.0	41.0	0,999	true	[008006, 011002]
5093	-1	008008	013002	0	115.0	36.0	0,998	true	[008008, 013002]
5094	-1	010008	011008	0	150.0	34.0	0,996	true	[010008, 011008]
5095	-1	010006	013005	0	145.0	39.0	0,995	true	[010006, 013005]
5096	-1	011000	013004	0	135.0	30.0	0,999	true	[011000, 013004]
5097	-1	012007	013006	0	135.0	43.0	0,998	true	[012007, 013006]
