TransactionId	ASId	Ingress	Egress	PathletId	Bandwidth	Delay	Reliability	Status	Full Path
890	0	000001	000005	0	11.0	3.0	0,841	true	[000001, 000000, 000002, 000003, 000004, 000005]
891	0	000001	000005	1	11.0	3.0	0,815	true	[000001, 000000, 000002, 000003, 000004, 000006, 000005]
892	0	000001	000005	2	11.0	5.0	0,885	true	[000001, 000000, 000002, 000003, 000005]
893	0	000001	000005	3	11.0	5.0	0,894	true	[000001, 000000, 000002, 000004, 000003, 000005]
894	0	000001	000005	4	11.0	3.0	0,922	true	[000001, 000000, 000002, 000004, 000005]
895	0	000001	000005	5	11.0	3.0	0,894	true	[000001, 000000, 000002, 000004, 000006, 000005]
896	0	000001	000005	6	11.0	5.0	0,970	true	[000001, 000000, 000002, 000005]
897	0	000001	000005	7	11.0	3.0	0,815	true	[000001, 000000, 000002, 000006, 000004, 000003, 000005]
898	0	000001	000005	8	11.0	3.0	0,841	true	[000001, 000000, 000002, 000006, 000004, 000005]
899	0	000001	000005	9	11.0	3.0	0,885	true	[000001, 000000, 000002, 000006, 000005]
900	0	000001	000005	10	11.0	4.0	0,849	true	[000001, 000000, 000004, 000002, 000003, 000005]
901	0	000001	000005	11	11.0	4.0	0,931	true	[000001, 000000, 000004, 000002, 000005]
902	0	000001	000005	12	11.0	3.0	0,849	true	[000001, 000000, 000004, 000002, 000006, 000005]
903	0	000001	000005	13	11.0	4.0	0,849	true	[000001, 000000, 000004, 000003, 000002, 000005]
904	0	000001	000005	14	11.0	3.0	0,774	true	[000001, 000000, 000004, 000003, 000002, 000006, 000005]
905	0	000001	000005	15	11.0	4.0	0,858	true	[000001, 000000, 000004, 000003, 000005]
906	0	000001	000005	16	11.0	3.0	0,884	true	[000001, 000000, 000004, 000005]
907	0	000001	000005	17	11.0	3.0	0,774	true	[000001, 000000, 000004, 000006, 000002, 000003, 000005]
908	0	000001	000005	18	11.0	3.0	0,849	true	[000001, 000000, 000004, 000006, 000002, 000005]
909	0	000001	000005	19	11.0	3.0	0,858	true	[000001, 000000, 000004, 000006, 000005]
910	0	000001	000005	20	9.0	4.0	0,941	true	[000001, 000000, 000005]
911	0	000001	000005	21	11.0	3.0	0,774	true	[000001, 000000, 000006, 000002, 000003, 000004, 000005]
912	0	000001	000005	22	11.0	7.0	0,815	true	[000001, 000000, 000006, 000002, 000003, 000005]
913	0	000001	000005	23	11.0	6.0	0,824	true	[000001, 000000, 000006, 000002, 000004, 000003, 000005]
914	0	000001	000005	24	11.0	3.0	0,849	true	[000001, 000000, 000006, 000002, 000004, 000005]
915	0	000001	000005	25	11.0	6.0	0,894	true	[000001, 000000, 000006, 000002, 000005]
916	0	000001	000005	26	11.0	3.0	0,824	true	[000001, 000000, 000006, 000004, 000002, 000003, 000005]
917	0	000001	000005	27	11.0	3.0	0,903	true	[000001, 000000, 000006, 000004, 000002, 000005]
918	0	000001	000005	28	11.0	3.0	0,824	true	[000001, 000000, 000006, 000004, 000003, 000002, 000005]
919	0	000001	000005	29	11.0	3.0	0,832	true	[000001, 000000, 000006, 000004, 000003, 000005]
920	0	000001	000005	30	11.0	3.0	0,858	true	[000001, 000000, 000006, 000004, 000005]
921	0	000001	000005	31	11.0	3.0	0,903	true	[000001, 000000, 000006, 000005]
922	0	000001	000005	32	16.0	3.0	0,806	true	[000001, 000003, 000002, 000000, 000004, 000005]
923	0	000001	000005	33	16.0	3.0	0,782	true	[000001, 000003, 000002, 000000, 000004, 000006, 000005]
924	0	000001	000005	34	9.0	4.0	0,858	true	[000001, 000003, 000002, 000000, 000005]
925	0	000001	000005	35	16.0	3.0	0,782	true	[000001, 000003, 000002, 000000, 000006, 000004, 000005]
926	0	000001	000005	36	16.0	3.0	0,823	true	[000001, 000003, 000002, 000000, 000006, 000005]
927	0	000001	000005	37	9.0	4.0	0,823	true	[000001, 000003, 000002, 000004, 000000, 000005]
928	0	000001	000005	38	16.0	3.0	0,790	true	[000001, 000003, 000002, 000004, 000000, 000006, 000005]
929	0	000001	000005	39	16.0	3.0	0,857	true	[000001, 000003, 000002, 000004, 000005]
930	0	000001	000005	40	9.0	3.0	0,798	true	[000001, 000003, 000002, 000004, 000006, 000000, 000005]
931	0	000001	000005	41	16.0	3.0	0,832	true	[000001, 000003, 000002, 000004, 000006, 000005]
932	0	000001	000005	42	16.0	6.0	0,903	true	[000001, 000003, 000002, 000005]
933	0	000001	000005	43	12.0	3.0	0,743	true	[000001, 000003, 000002, 000006, 000000, 000004, 000005]
934	0	000001	000005	44	9.0	4.0	0,790	true	[000001, 000003, 000002, 000006, 000000, 000005]
935	0	000001	000005	45	9.0	3.0	0,751	true	[000001, 000003, 000002, 000006, 000004, 000000, 000005]
936	0	000001	000005	46	12.0	3.0	0,782	true	[000001, 000003, 000002, 000006, 000004, 000005]
937	0	000001	000005	47	12.0	3.0	0,823	true	[000001, 000003, 000002, 000006, 000005]
938	0	000001	000005	48	19.0	4.0	0,858	true	[000001, 000003, 000004, 000000, 000002, 000005]
939	0	000001	000005	49	12.0	3.0	0,782	true	[000001, 000003, 000004, 000000, 000002, 000006, 000005]
940	0	000001	000005	50	9.0	4.0	0,832	true	[000001, 000003, 000004, 000000, 000005]
941	0	000001	000005	51	12.0	4.0	0,790	true	[000001, 000003, 000004, 000000, 000006, 000002, 000005]
942	0	000001	000005	52	19.0	3.0	0,798	true	[000001, 000003, 000004, 000000, 000006, 000005]
943	0	000001	000005	53	9.0	4.0	0,867	true	[000001, 000003, 000004, 000002, 000000, 000005]
944	0	000001	000005	54	19.0	3.0	0,832	true	[000001, 000003, 000004, 000002, 000000, 000006, 000005]
945	0	000001	000005	55	19.0	6.0	0,912	true	[000001, 000003, 000004, 000002, 000005]
946	0	000001	000005	56	9.0	4.0	0,798	true	[000001, 000003, 000004, 000002, 000006, 000000, 000005]
947	0	000001	000005	57	12.0	3.0	0,832	true	[000001, 000003, 000004, 000002, 000006, 000005]
948	0	000001	000005	58	19.0	3.0	0,866	true	[000001, 000003, 000004, 000005]
949	0	000001	000005	59	19.0	3.0	0,832	true	[000001, 000003, 000004, 000006, 000000, 000002, 000005]
950	0	000001	000005	60	9.0	3.0	0,807	true	[000001, 000003, 000004, 000006, 000000, 000005]
951	0	000001	000005	61	9.0	3.0	0,790	true	[000001, 000003, 000004, 000006, 000002, 000000, 000005]
952	0	000001	000005	62	12.0	3.0	0,832	true	[000001, 000003, 000004, 000006, 000002, 000005]
953	0	000001	000005	63	19.0	3.0	0,840	true	[000001, 000003, 000004, 000006, 000005]
954	0	000001	000005	64	20.0	10.0	0,912	true	[000001, 000003, 000005]
955	0	000001	000005	65	8.0	4.0	0,832	true	[000001, 000004, 000000, 000002, 000003, 000005]
956	0	000001	000005	66	8.0	4.0	0,912	true	[000001, 000004, 000000, 000002, 000005]
957	0	000001	000005	67	8.0	3.0	0,832	true	[000001, 000004, 000000, 000002, 000006, 000005]
958	0	000001	000005	68	8.0	4.0	0,885	true	[000001, 000004, 000000, 000005]
959	0	000001	000005	69	8.0	4.0	0,766	true	[000001, 000004, 000000, 000006, 000002, 000003, 000005]
960	0	000001	000005	70	8.0	4.0	0,840	true	[000001, 000004, 000000, 000006, 000002, 000005]
961	0	000001	000005	71	8.0	3.0	0,849	true	[000001, 000004, 000000, 000006, 000005]
962	0	000001	000005	72	8.0	4.0	0,922	true	[000001, 000004, 000002, 000000, 000005]
963	0	000001	000005	73	8.0	3.0	0,885	true	[000001, 000004, 000002, 000000, 000006, 000005]
964	0	000001	000005	74	8.0	7.0	0,885	true	[000001, 000004, 000002, 000003, 000005]
965	0	000001	000005	75	8.0	6.0	0,970	true	[000001, 000004, 000002, 000005]
966	0	000001	000005	76	8.0	4.0	0,849	true	[000001, 000004, 000002, 000006, 000000, 000005]
967	0	000001	000005	77	8.0	3.0	0,885	true	[000001, 000004, 000002, 000006, 000005]
968	0	000001	000005	78	8.0	4.0	0,841	true	[000001, 000004, 000003, 000002, 000000, 000005]
969	0	000001	000005	79	8.0	3.0	0,807	true	[000001, 000004, 000003, 000002, 000000, 000006, 000005]
970	0	000001	000005	80	8.0	6.0	0,885	true	[000001, 000004, 000003, 000002, 000005]
971	0	000001	000005	81	8.0	4.0	0,775	true	[000001, 000004, 000003, 000002, 000006, 000000, 000005]
972	0	000001	000005	82	8.0	3.0	0,807	true	[000001, 000004, 000003, 000002, 000006, 000005]
973	0	000001	000005	83	8.0	6.0	0,894	true	[000001, 000004, 000003, 000005]
974	0	000001	000005	84	8.0	3.0	0,922	true	[000001, 000004, 000005]
975	0	000001	000005	85	8.0	3.0	0,807	true	[000001, 000004, 000006, 000000, 000002, 000003, 000005]
976	0	000001	000005	86	8.0	3.0	0,885	true	[000001, 000004, 000006, 000000, 000002, 000005]
977	0	000001	000005	87	8.0	3.0	0,858	true	[000001, 000004, 000006, 000000, 000005]
978	0	000001	000005	88	8.0	3.0	0,841	true	[000001, 000004, 000006, 000002, 000000, 000005]
979	0	000001	000005	89	8.0	3.0	0,807	true	[000001, 000004, 000006, 000002, 000003, 000005]
980	0	000001	000005	90	8.0	3.0	0,885	true	[000001, 000004, 000006, 000002, 000005]
981	0	000001	000005	91	8.0	3.0	0,894	true	[000001, 000004, 000006, 000005]
982	0	000001	000002	92	11.0	5.0	0,970	true	[000001, 000000, 000002]
983	0	000001	000002	93	11.0	4.0	0,931	true	[000001, 000000, 000004, 000002]
984	0	000001	000002	94	11.0	4.0	0,849	true	[000001, 000000, 000004, 000003, 000002]
985	0	000001	000002	95	11.0	4.0	0,858	true	[000001, 000000, 000004, 000003, 000005, 000002]
986	0	000001	000002	96	11.0	3.0	0,783	true	[000001, 000000, 000004, 000003, 000005, 000006, 000002]
987	0	000001	000002	97	11.0	3.0	0,884	true	[000001, 000000, 000004, 000005, 000002]
988	0	000001	000002	98	11.0	3.0	0,807	true	[000001, 000000, 000004, 000005, 000003, 000002]
989	0	000001	000002	99	11.0	3.0	0,807	true	[000001, 000000, 000004, 000005, 000006, 000002]
990	0	000001	000002	100	11.0	3.0	0,849	true	[000001, 000000, 000004, 000006, 000002]
991	1	001005	001004	0	18.0	6.0	0,798	true	[001005, 001002, 001000, 001001, 001003, 001004]
992	1	001005	001004	1	18.0	5.0	0,815	true	[001005, 001002, 001000, 001001, 001006, 001004]
993	1	001005	001004	2	11.0	5.0	0,798	true	[001005, 001002, 001000, 001003, 001001, 001006, 001004]
994	1	001005	001004	3	11.0	6.0	0,867	true	[001005, 001002, 001000, 001003, 001004]
995	1	001005	001004	4	18.0	6.0	0,857	true	[001005, 001002, 001000, 001004]
996	1	001005	001004	5	18.0	6.0	0,782	true	[001005, 001002, 001000, 001006, 001001, 001003, 001004]
997	1	001005	001004	6	18.0	5.0	0,884	true	[001005, 001002, 001000, 001006, 001004]
998	1	001005	001004	7	11.0	6.0	0,832	true	[001005, 001002, 001001, 001000, 001003, 001004]
999	1	001005	001004	8	18.0	8.0	0,823	true	[001005, 001002, 001001, 001000, 001004]
1000	1	001005	001004	9	18.0	5.0	0,849	true	[001005, 001002, 001001, 001000, 001006, 001004]
1001	1	001005	001004	10	11.0	6.0	0,807	true	[001005, 001002, 001001, 001003, 001000, 001004]
1002	1	001005	001004	11	11.0	5.0	0,832	true	[001005, 001002, 001001, 001003, 001000, 001006, 001004]
1003	1	001005	001004	12	18.0	9.0	0,849	true	[001005, 001002, 001001, 001003, 001004]
1004	1	001005	001004	13	11.0	6.0	0,815	true	[001005, 001002, 001001, 001006, 001000, 001003, 001004]
1005	1	001005	001004	14	18.0	8.0	0,807	true	[001005, 001002, 001001, 001006, 001000, 001004]
1006	1	001005	001004	15	18.0	5.0	0,866	true	[001005, 001002, 001001, 001006, 001004]
1007	1	001005	001004	16	11.0	5.0	0,823	true	[001005, 001002, 001003, 001000, 001001, 001006, 001004]
1008	1	001005	001004	17	11.0	6.0	0,867	true	[001005, 001002, 001003, 001000, 001004]
1009	1	001005	001004	18	11.0	5.0	0,894	true	[001005, 001002, 001003, 001000, 001006, 001004]
1010	1	001005	001004	19	11.0	6.0	0,798	true	[001005, 001002, 001003, 001001, 001000, 001004]
1011	1	001005	001004	20	11.0	5.0	0,823	true	[001005, 001002, 001003, 001001, 001000, 001006, 001004]
1012	1	001005	001004	21	11.0	6.0	0,782	true	[001005, 001002, 001003, 001001, 001006, 001000, 001004]
1013	1	001005	001004	22	11.0	5.0	0,840	true	[001005, 001002, 001003, 001001, 001006, 001004]
1014	1	001005	001004	23	11.0	6.0	0,912	true	[001005, 001002, 001003, 001004]
1015	1	001005	001004	24	18.0	4.0	0,903	true	[001005, 001002, 001004]
1016	1	001005	001004	25	18.0	8.0	0,815	true	[001005, 001002, 001006, 001000, 001001, 001003, 001004]
1017	1	001005	001004	26	11.0	6.0	0,885	true	[001005, 001002, 001006, 001000, 001003, 001004]
1018	1	001005	001004	27	18.0	8.0	0,876	true	[001005, 001002, 001006, 001000, 001004]
1019	1	001005	001004	28	11.0	6.0	0,815	true	[001005, 001002, 001006, 001001, 001000, 001003, 001004]
1020	1	001005	001004	29	18.0	8.0	0,806	true	[001005, 001002, 001006, 001001, 001000, 001004]
1021	1	001005	001004	30	11.0	6.0	0,790	true	[001005, 001002, 001006, 001001, 001003, 001000, 001004]
1022	1	001005	001004	31	18.0	8.0	0,832	true	[001005, 001002, 001006, 001001, 001003, 001004]
1023	1	001005	001004	32	18.0	5.0	0,941	true	[001005, 001002, 001006, 001004]
1024	1	001005	001004	33	6.0	4.0	0,807	true	[001005, 001003, 001000, 001001, 001002, 001004]
1025	1	001005	001004	34	6.0	5.0	0,841	true	[001005, 001003, 001000, 001001, 001002, 001006, 001004]
1026	1	001005	001004	35	6.0	4.0	0,790	true	[001005, 001003, 001000, 001001, 001006, 001002, 001004]
1027	1	001005	001004	36	6.0	5.0	0,840	true	[001005, 001003, 001000, 001001, 001006, 001004]
1028	1	001005	001004	37	6.0	5.0	0,807	true	[001005, 001003, 001000, 001002, 001001, 001006, 001004]
1029	1	001005	001004	38	6.0	4.0	0,840	true	[001005, 001003, 001000, 001002, 001004]
1030	1	001005	001004	39	6.0	5.0	0,876	true	[001005, 001003, 001000, 001002, 001006, 001004]
1031	1	001005	001004	40	6.0	6.0	0,884	true	[001005, 001003, 001000, 001004]
1032	1	001005	001004	41	6.0	4.0	0,790	true	[001005, 001003, 001000, 001006, 001001, 001002, 001004]
1033	1	001005	001004	42	6.0	4.0	0,858	true	[001005, 001003, 001000, 001006, 001002, 001004]
1034	1	001005	001004	43	6.0	5.0	0,912	true	[001005, 001003, 001000, 001006, 001004]
1035	1	001005	001004	44	6.0	4.0	0,774	true	[001005, 001003, 001001, 001000, 001002, 001004]
1036	1	001005	001004	45	6.0	5.0	0,806	true	[001005, 001003, 001001, 001000, 001002, 001006, 001004]
1037	1	001005	001004	46	6.0	8.0	0,815	true	[001005, 001003, 001001, 001000, 001004]
1038	1	001005	001004	47	6.0	4.0	0,790	true	[001005, 001003, 001001, 001000, 001006, 001002, 001004]
1039	1	001005	001004	48	6.0	5.0	0,840	true	[001005, 001003, 001001, 001000, 001006, 001004]
1040	1	001005	001004	49	6.0	6.0	0,782	true	[001005, 001003, 001001, 001002, 001000, 001004]
1041	1	001005	001004	50	6.0	5.0	0,807	true	[001005, 001003, 001001, 001002, 001000, 001006, 001004]
1042	1	001005	001004	51	6.0	4.0	0,823	true	[001005, 001003, 001001, 001002, 001004]
1043	1	001005	001004	52	6.0	8.0	0,799	true	[001005, 001003, 001001, 001002, 001006, 001000, 001004]
1044	1	001005	001004	53	6.0	5.0	0,858	true	[001005, 001003, 001001, 001002, 001006, 001004]
1045	1	001005	001004	54	6.0	4.0	0,758	true	[001005, 001003, 001001, 001006, 001000, 001002, 001004]
1046	1	001005	001004	55	6.0	8.0	0,798	true	[001005, 001003, 001001, 001006, 001000, 001004]
1047	1	001005	001004	56	6.0	6.0	0,766	true	[001005, 001003, 001001, 001006, 001002, 001000, 001004]
1048	1	001005	001004	57	6.0	4.0	0,806	true	[001005, 001003, 001001, 001006, 001002, 001004]
1049	1	001005	001004	58	6.0	5.0	0,857	true	[001005, 001003, 001001, 001006, 001004]
1050	1	001005	001004	59	6.0	5.0	0,798	true	[001005, 001003, 001002, 001000, 001001, 001006, 001004]
1051	1	001005	001004	60	6.0	6.0	0,840	true	[001005, 001003, 001002, 001000, 001004]
1052	1	001005	001004	61	6.0	5.0	0,867	true	[001005, 001003, 001002, 001000, 001006, 001004]
1053	1	001005	001004	62	6.0	6.0	0,807	true	[001005, 001003, 001002, 001001, 001000, 001004]
1054	1	001005	001004	63	6.0	5.0	0,832	true	[001005, 001003, 001002, 001001, 001000, 001006, 001004]
1055	1	001005	001004	64	6.0	6.0	0,790	true	[001005, 001003, 001002, 001001, 001006, 001000, 001004]
1056	1	001005	001004	65	6.0	5.0	0,849	true	[001005, 001003, 001002, 001001, 001006, 001004]
1057	1	001005	001004	66	6.0	4.0	0,884	true	[001005, 001003, 001002, 001004]
1058	1	001005	001004	67	6.0	6.0	0,858	true	[001005, 001003, 001002, 001006, 001000, 001004]
1059	1	001005	001004	68	6.0	6.0	0,790	true	[001005, 001003, 001002, 001006, 001001, 001000, 001004]
1060	1	001005	001004	69	6.0	5.0	0,922	true	[001005, 001003, 001002, 001006, 001004]
1061	1	001005	001004	70	6.0	10.0	0,931	true	[001005, 001003, 001004]
1062	1	001005	001004	71	35.0	5.0	1,000	true	[001005, 001004]
1063	1	001005	001004	72	8.0	6.0	0,858	true	[001005, 001006, 001000, 001001, 001002, 001003, 001004]
1064	1	001005	001004	73	8.0	4.0	0,849	true	[001005, 001006, 001000, 001001, 001002, 001004]
1065	1	001005	001004	74	8.0	4.0	0,823	true	[001005, 001006, 001000, 001001, 001003, 001002, 001004]
1066	1	001005	001004	75	8.0	7.0	0,867	true	[001005, 001006, 001000, 001001, 001003, 001004]
1067	1	001005	001004	76	8.0	6.0	0,832	true	[001005, 001006, 001000, 001002, 001001, 001003, 001004]
1068	1	001005	001004	77	8.0	6.0	0,894	true	[001005, 001006, 001000, 001002, 001003, 001004]
1069	1	001005	001004	78	8.0	4.0	0,884	true	[001005, 001006, 001000, 001002, 001004]
1070	1	001005	001004	79	8.0	4.0	0,832	true	[001005, 001006, 001000, 001003, 001001, 001002, 001004]
1071	1	001005	001004	80	8.0	4.0	0,894	true	[001005, 001006, 001000, 001003, 001002, 001004]
1072	1	001005	001004	81	8.0	6.0	0,941	true	[001005, 001006, 001000, 001003, 001004]
1073	1	001005	001004	82	8.0	7.0	0,931	true	[001005, 001006, 001000, 001004]
1074	1	001005	001004	83	8.0	6.0	0,823	true	[001005, 001006, 001001, 001000, 001002, 001003, 001004]
1075	1	001005	001004	84	8.0	4.0	0,815	true	[001005, 001006, 001001, 001000, 001002, 001004]
1076	1	001005	001004	85	8.0	4.0	0,823	true	[001005, 001006, 001001, 001000, 001003, 001002, 001004]
1077	1	001005	001004	86	8.0	6.0	0,867	true	[001005, 001006, 001001, 001000, 001003, 001004]
1078	1	001005	001004	87	8.0	7.0	0,857	true	[001005, 001006, 001001, 001000, 001004]
1079	1	001005	001004	88	8.0	6.0	0,832	true	[001005, 001006, 001001, 001002, 001000, 001003, 001004]
1080	1	001005	001004	89	8.0	6.0	0,823	true	[001005, 001006, 001001, 001002, 001000, 001004]
1081	1	001005	001004	90	8.0	6.0	0,832	true	[001005, 001006, 001001, 001002, 001003, 001000, 001004]
1082	1	001005	001004	91	8.0	6.0	0,876	true	[001005, 001006, 001001, 001002, 001003, 001004]
1083	1	001005	001004	92	8.0	4.0	0,866	true	[001005, 001006, 001001, 001002, 001004]
1084	1	001005	001004	93	8.0	4.0	0,798	true	[001005, 001006, 001001, 001003, 001000, 001002, 001004]
1085	1	001005	001004	94	8.0	6.0	0,840	true	[001005, 001006, 001001, 001003, 001000, 001004]
1086	1	001005	001004	95	8.0	6.0	0,798	true	[001005, 001006, 001001, 001003, 001002, 001000, 001004]
1087	1	001005	001004	96	8.0	4.0	0,840	true	[001005, 001006, 001001, 001003, 001002, 001004]
1088	1	001005	001004	97	8.0	7.0	0,884	true	[001005, 001006, 001001, 001003, 001004]
1089	1	001005	001004	98	8.0	6.0	0,832	true	[001005, 001006, 001002, 001000, 001001, 001003, 001004]
1090	1	001005	001004	99	8.0	6.0	0,903	true	[001005, 001006, 001002, 001000, 001003, 001004]
1091	1	001005	001004	100	8.0	6.0	0,893	true	[001005, 001006, 001002, 001000, 001004]
1092	1	001005	001004	101	8.0	4.0	0,941	true	[001005, 001006, 001002, 001004]
1093	1	001005	001004	102	8.0	5.0	1,000	true	[001005, 001006, 001004]
1094	2	002003	002005	0	25.0	4.0	0,867	true	[002003, 002000, 002001, 002004, 002002, 002005]
1095	2	002003	002005	1	10.0	4.0	0,876	true	[002003, 002000, 002001, 002004, 002005]
1096	2	002003	002005	2	10.0	3.0	0,867	true	[002003, 002000, 002001, 002004, 002006, 002005]
1097	2	002003	002005	3	6.0	3.0	0,850	true	[002003, 002000, 002001, 002006, 002004, 002002, 002005]
1098	2	002003	002005	4	6.0	3.0	0,858	true	[002003, 002000, 002001, 002006, 002004, 002005]
1099	2	002003	002005	5	6.0	4.0	0,922	true	[002003, 002000, 002001, 002006, 002005]
1100	2	002003	002005	6	6.0	4.0	0,832	true	[002003, 002000, 002002, 002004, 002001, 002006, 002005]
1101	2	002003	002005	7	10.0	6.0	0,876	true	[002003, 002000, 002002, 002004, 002005]
1102	2	002003	002005	8	10.0	3.0	0,867	true	[002003, 002000, 002002, 002004, 002006, 002005]
1103	2	002003	002005	9	28.0	6.0	0,922	true	[002003, 002000, 002002, 002005]
1104	2	002003	002005	10	30.0	6.0	0,950	true	[002003, 002000, 002005]
1105	2	002003	002005	11	9.0	3.0	0,832	true	[002003, 002001, 002000, 002002, 002004, 002005]
1106	2	002003	002005	12	9.0	3.0	0,824	true	[002003, 002001, 002000, 002002, 002004, 002006, 002005]
1107	2	002003	002005	13	9.0	3.0	0,876	true	[002003, 002001, 002000, 002002, 002005]
1108	2	002003	002005	14	9.0	3.0	0,903	true	[002003, 002001, 002000, 002005]
1109	2	002003	002005	15	9.0	3.0	0,815	true	[002003, 002001, 002004, 002002, 002000, 002005]
1110	2	002003	002005	16	9.0	3.0	0,876	true	[002003, 002001, 002004, 002002, 002005]
1111	2	002003	002005	17	9.0	3.0	0,885	true	[002003, 002001, 002004, 002005]
1112	2	002003	002005	18	9.0	3.0	0,876	true	[002003, 002001, 002004, 002006, 002005]
1113	2	002003	002005	19	6.0	3.0	0,799	true	[002003, 002001, 002006, 002004, 002002, 002000, 002005]
1114	2	002003	002005	20	6.0	3.0	0,859	true	[002003, 002001, 002006, 002004, 002002, 002005]
1115	2	002003	002005	21	6.0	3.0	0,867	true	[002003, 002001, 002006, 002004, 002005]
1116	2	002003	002005	22	6.0	3.0	0,931	true	[002003, 002001, 002006, 002005]
1117	2	002003	002005	23	28.0	4.0	0,841	true	[002003, 002004, 002001, 002000, 002002, 002005]
1118	2	002003	002005	24	30.0	4.0	0,867	true	[002003, 002004, 002001, 002000, 002005]
1119	2	002003	002005	25	6.0	4.0	0,894	true	[002003, 002004, 002001, 002006, 002005]
1120	2	002003	002005	26	6.0	4.0	0,841	true	[002003, 002004, 002002, 002000, 002001, 002006, 002005]
1121	2	002003	002005	27	25.0	6.0	0,867	true	[002003, 002004, 002002, 002000, 002005]
1122	2	002003	002005	28	25.0	7.0	0,932	true	[002003, 002004, 002002, 002005]
1123	2	002003	002005	29	10.0	6.0	0,941	true	[002003, 002004, 002005]
1124	2	002003	002005	30	6.0	3.0	0,824	true	[002003, 002004, 002006, 002001, 002000, 002002, 002005]
1125	2	002003	002005	31	6.0	3.0	0,850	true	[002003, 002004, 002006, 002001, 002000, 002005]
1126	2	002003	002005	32	10.0	3.0	0,931	true	[002003, 002004, 002006, 002005]
1127	2	002003	002005	33	9.0	5.0	0,990	true	[002003, 002005]
1128	2	002003	002005	34	6.0	4.0	0,791	true	[002003, 002006, 002001, 002000, 002002, 002004, 002005]
1129	2	002003	002005	35	6.0	4.0	0,832	true	[002003, 002006, 002001, 002000, 002002, 002005]
1130	2	002003	002005	36	6.0	4.0	0,858	true	[002003, 002006, 002001, 002000, 002005]
1131	2	002003	002005	37	6.0	4.0	0,774	true	[002003, 002006, 002001, 002004, 002002, 002000, 002005]
1132	2	002003	002005	38	6.0	4.0	0,832	true	[002003, 002006, 002001, 002004, 002002, 002005]
1133	2	002003	002005	39	6.0	4.0	0,840	true	[002003, 002006, 002001, 002004, 002005]
1134	2	002003	002005	40	26.0	3.0	0,782	true	[002003, 002006, 002004, 002001, 002000, 002002, 002005]
1135	2	002003	002005	41	26.0	3.0	0,807	true	[002003, 002006, 002004, 002001, 002000, 002005]
1136	2	002003	002005	42	25.0	3.0	0,807	true	[002003, 002006, 002004, 002002, 002000, 002005]
1137	2	002003	002005	43	25.0	3.0	0,867	true	[002003, 002006, 002004, 002002, 002005]
1138	2	002003	002005	44	10.0	3.0	0,876	true	[002003, 002006, 002004, 002005]
1139	2	002003	002005	45	10.0	4.0	0,941	true	[002003, 002006, 002005]
1140	2	002003	002001	46	31.0	4.0	0,960	true	[002003, 002000, 002001]
1141	2	002003	002001	47	25.0	6.0	0,867	true	[002003, 002000, 002002, 002004, 002001]
1142	2	002003	002001	48	6.0	4.0	0,841	true	[002003, 002000, 002002, 002004, 002005, 002006, 002001]
1143	2	002003	002001	49	6.0	3.0	0,850	true	[002003, 002000, 002002, 002004, 002006, 002001]
1144	2	002003	002001	50	10.0	6.0	0,841	true	[002003, 002000, 002002, 002005, 002004, 002001]
1145	2	002003	002001	51	6.0	3.0	0,824	true	[002003, 002000, 002002, 002005, 002004, 002006, 002001]
1146	2	002003	002001	52	6.0	4.0	0,885	true	[002003, 002000, 002002, 002005, 002006, 002001]
1147	2	002003	002001	53	10.0	3.0	0,832	true	[002003, 002000, 002002, 002005, 002006, 002004, 002001]
1148	2	002003	002001	54	25.0	6.0	0,858	true	[002003, 002000, 002005, 002002, 002004, 002001]
1149	2	002003	002001	55	6.0	3.0	0,841	true	[002003, 002000, 002005, 002002, 002004, 002006, 002001]
1150	2	002003	002001	56	10.0	6.0	0,867	true	[002003, 002000, 002005, 002004, 002001]
1151	2	002003	002001	57	6.0	3.0	0,850	true	[002003, 002000, 002005, 002004, 002006, 002001]
1152	2	002003	002001	58	6.0	4.0	0,913	true	[002003, 002000, 002005, 002006, 002001]
1153	2	002003	002001	59	10.0	3.0	0,858	true	[002003, 002000, 002005, 002006, 002004, 002001]
1154	2	002003	002001	60	9.0	3.0	0,970	true	[002003, 002001]
1155	2	002003	002001	61	48.0	9.0	0,931	true	[002003, 002004, 002001]
1156	2	002003	002001	62	25.0	4.0	0,876	true	[002003, 002004, 002002, 002000, 002001]
1157	2	002003	002001	63	6.0	4.0	0,833	true	[002003, 002004, 002002, 002000, 002005, 002006, 002001]
1158	2	002003	002001	64	25.0	4.0	0,867	true	[002003, 002004, 002002, 002005, 002000, 002001]
1159	2	002003	002001	65	6.0	4.0	0,895	true	[002003, 002004, 002002, 002005, 002006, 002001]
1160	2	002003	002001	66	10.0	4.0	0,876	true	[002003, 002004, 002005, 002000, 002001]
1161	2	002003	002001	67	10.0	4.0	0,850	true	[002003, 002004, 002005, 002002, 002000, 002001]
1162	2	002003	002001	68	6.0	4.0	0,903	true	[002003, 002004, 002005, 002006, 002001]
1163	2	002003	002001	69	6.0	3.0	0,913	true	[002003, 002004, 002006, 002001]
1164	2	002003	002001	70	10.0	3.0	0,867	true	[002003, 002004, 002006, 002005, 002000, 002001]
1165	2	002003	002001	71	10.0	3.0	0,841	true	[002003, 002004, 002006, 002005, 002002, 002000, 002001]
1166	2	002003	002001	72	9.0	4.0	0,922	true	[002003, 002005, 002000, 002001]
1167	2	002003	002001	73	9.0	5.0	0,832	true	[002003, 002005, 002000, 002002, 002004, 002001]
1168	2	002003	002001	74	6.0	3.0	0,816	true	[002003, 002005, 002000, 002002, 002004, 002006, 002001]
1169	2	002003	002001	75	9.0	4.0	0,894	true	[002003, 002005, 002002, 002000, 002001]
1170	2	002003	002001	76	9.0	5.0	0,894	true	[002003, 002005, 002002, 002004, 002001]
1171	2	002003	002001	77	6.0	3.0	0,876	true	[002003, 002005, 002002, 002004, 002006, 002001]
1172	2	002003	002001	78	9.0	5.0	0,903	true	[002003, 002005, 002004, 002001]
1173	2	002003	002001	79	9.0	4.0	0,850	true	[002003, 002005, 002004, 002002, 002000, 002001]
1174	2	002003	002001	80	6.0	3.0	0,885	true	[002003, 002005, 002004, 002006, 002001]
1175	2	002003	002001	81	6.0	4.0	0,951	true	[002003, 002005, 002006, 002001]
1176	2	002003	002001	82	9.0	3.0	0,894	true	[002003, 002005, 002006, 002004, 002001]
1177	2	002003	002001	83	9.0	3.0	0,841	true	[002003, 002005, 002006, 002004, 002002, 002000, 002001]
1178	2	002003	002001	84	6.0	4.0	0,922	true	[002003, 002006, 002001]
1179	2	002003	002001	85	26.0	3.0	0,866	true	[002003, 002006, 002004, 002001]
1180	2	002003	002001	86	25.0	3.0	0,815	true	[002003, 002006, 002004, 002002, 002000, 002001]
1181	2	002003	002001	87	25.0	3.0	0,807	true	[002003, 002006, 002004, 002002, 002005, 002000, 002001]
1182	2	002003	002001	88	10.0	3.0	0,815	true	[002003, 002006, 002004, 002005, 002000, 002001]
1183	2	002003	002001	89	10.0	3.0	0,791	true	[002003, 002006, 002004, 002005, 002002, 002000, 002001]
1184	2	002003	002001	90	10.0	4.0	0,876	true	[002003, 002006, 002005, 002000, 002001]
1185	2	002003	002001	91	10.0	4.0	0,790	true	[002003, 002006, 002005, 002000, 002002, 002004, 002001]
1186	2	002003	002001	92	10.0	4.0	0,849	true	[002003, 002006, 002005, 002002, 002000, 002001]
1187	2	002003	002001	93	10.0	4.0	0,849	true	[002003, 002006, 002005, 002002, 002004, 002001]
1188	2	002003	002001	94	10.0	4.0	0,858	true	[002003, 002006, 002005, 002004, 002001]
1189	2	002003	002001	95	10.0	4.0	0,807	true	[002003, 002006, 002005, 002004, 002002, 002000, 002001]
1190	2	002005	002001	96	30.0	4.0	0,931	true	[002005, 002000, 002001]
1191	2	002005	002001	97	25.0	6.0	0,840	true	[002005, 002000, 002002, 002004, 002001]
1192	2	002005	002001	98	9.0	3.0	0,841	true	[002005, 002000, 002002, 002004, 002003, 002001]
1193	2	002005	002001	99	6.0	4.0	0,799	true	[002005, 002000, 002002, 002004, 002003, 002006, 002001]
1194	2	002005	002001	100	6.0	3.0	0,824	true	[002005, 002000, 002002, 002004, 002006, 002001]
1195	3	003003	003001	0	10.0	3.0	0,931	true	[003003, 003000, 003001]
1196	3	003003	003001	1	10.0	9.0	0,922	true	[003003, 003000, 003004, 003001]
1197	3	003003	003001	2	10.0	6.0	0,876	true	[003003, 003000, 003004, 003002, 003001]
1198	3	003003	003001	3	10.0	3.0	0,849	true	[003003, 003000, 003004, 003005, 003001]
1199	3	003003	003001	4	10.0	3.0	0,867	true	[003003, 003000, 003004, 003006, 003005, 003001]
1200	3	003003	003001	5	10.0	5.0	0,903	true	[003003, 003000, 003005, 003001]
1201	3	003003	003001	6	10.0	3.0	0,903	true	[003003, 003000, 003005, 003004, 003001]
1202	3	003003	003001	7	10.0	3.0	0,858	true	[003003, 003000, 003005, 003004, 003002, 003001]
1203	3	003003	003001	8	10.0	3.0	0,922	true	[003003, 003000, 003005, 003006, 003004, 003001]
1204	3	003003	003001	9	10.0	3.0	0,876	true	[003003, 003000, 003005, 003006, 003004, 003002, 003001]
1205	3	003003	003001	10	10.0	3.0	0,941	true	[003003, 003000, 003006, 003004, 003001]
1206	3	003003	003001	11	10.0	3.0	0,894	true	[003003, 003000, 003006, 003004, 003002, 003001]
1207	3	003003	003001	12	10.0	3.0	0,867	true	[003003, 003000, 003006, 003004, 003005, 003001]
1208	3	003003	003001	13	10.0	5.0	0,885	true	[003003, 003000, 003006, 003005, 003001]
1209	3	003003	003001	14	10.0	3.0	0,885	true	[003003, 003000, 003006, 003005, 003004, 003001]
1210	3	003003	003001	15	10.0	3.0	0,841	true	[003003, 003000, 003006, 003005, 003004, 003002, 003001]
1211	3	003003	003001	16	35.0	9.0	0,960	true	[003003, 003001]
1212	3	003003	003001	17	17.0	7.0	0,941	true	[003003, 003002, 003001]
1213	3	003003	003001	18	17.0	3.0	0,867	true	[003003, 003002, 003004, 003000, 003001]
1214	3	003003	003001	19	17.0	5.0	0,841	true	[003003, 003002, 003004, 003000, 003005, 003001]
1215	3	003003	003001	20	14.0	5.0	0,824	true	[003003, 003002, 003004, 003000, 003006, 003005, 003001]
1216	3	003003	003001	21	17.0	6.0	0,912	true	[003003, 003002, 003004, 003001]
1217	3	003003	003001	22	17.0	3.0	0,850	true	[003003, 003002, 003004, 003005, 003000, 003001]
1218	3	003003	003001	23	17.0	3.0	0,840	true	[003003, 003002, 003004, 003005, 003001]
1219	3	003003	003001	24	14.0	3.0	0,833	true	[003003, 003002, 003004, 003005, 003006, 003000, 003001]
1220	3	003003	003001	25	14.0	3.0	0,885	true	[003003, 003002, 003004, 003006, 003000, 003001]
1221	3	003003	003001	26	14.0	3.0	0,858	true	[003003, 003002, 003004, 003006, 003000, 003005, 003001]
1222	3	003003	003001	27	17.0	3.0	0,867	true	[003003, 003002, 003004, 003006, 003005, 003000, 003001]
1223	3	003003	003001	28	17.0	3.0	0,858	true	[003003, 003002, 003004, 003006, 003005, 003001]
1224	3	003003	003001	29	26.0	3.0	0,960	true	[003003, 003005, 003000, 003001]
1225	3	003003	003001	30	27.0	7.0	0,951	true	[003003, 003005, 003000, 003004, 003001]
1226	3	003003	003001	31	27.0	6.0	0,903	true	[003003, 003005, 003000, 003004, 003002, 003001]
1227	3	003003	003001	32	14.0	3.0	0,970	true	[003003, 003005, 003000, 003006, 003004, 003001]
1228	3	003003	003001	33	14.0	3.0	0,922	true	[003003, 003005, 003000, 003006, 003004, 003002, 003001]
1229	3	003003	003001	34	38.0	5.0	0,950	true	[003003, 003005, 003001]
1230	3	003003	003001	35	26.0	3.0	0,903	true	[003003, 003005, 003004, 003000, 003001]
1231	3	003003	003001	36	46.0	3.0	0,950	true	[003003, 003005, 003004, 003001]
1232	3	003003	003001	37	29.0	3.0	0,903	true	[003003, 003005, 003004, 003002, 003001]
1233	3	003003	003001	38	14.0	3.0	0,922	true	[003003, 003005, 003004, 003006, 003000, 003001]
1234	3	003003	003001	39	14.0	3.0	0,941	true	[003003, 003005, 003006, 003000, 003001]
1235	3	003003	003001	40	14.0	5.0	0,932	true	[003003, 003005, 003006, 003000, 003004, 003001]
1236	3	003003	003001	41	14.0	5.0	0,885	true	[003003, 003005, 003006, 003000, 003004, 003002, 003001]
1237	3	003003	003001	42	18.0	3.0	0,922	true	[003003, 003005, 003006, 003004, 003000, 003001]
1238	3	003003	003001	43	18.0	3.0	0,970	true	[003003, 003005, 003006, 003004, 003001]
1239	3	003003	003001	44	18.0	3.0	0,922	true	[003003, 003005, 003006, 003004, 003002, 003001]
1240	3	003003	003004	45	10.0	3.0	0,876	true	[003003, 003000, 003001, 003002, 003004]
1241	3	003003	003004	46	10.0	3.0	0,922	true	[003003, 003000, 003001, 003004]
1242	3	003003	003004	47	10.0	3.0	0,849	true	[003003, 003000, 003001, 003005, 003004]
1243	3	003003	003004	48	10.0	3.0	0,867	true	[003003, 003000, 003001, 003005, 003006, 003004]
1244	3	003003	003004	49	10.0	9.0	0,931	true	[003003, 003000, 003004]
1245	3	003003	003004	50	10.0	5.0	0,849	true	[003003, 003000, 003005, 003001, 003002, 003004]
1246	3	003003	003004	51	10.0	5.0	0,894	true	[003003, 003000, 003005, 003001, 003004]
1247	3	003003	003004	52	10.0	3.0	0,912	true	[003003, 003000, 003005, 003004]
1248	3	003003	003004	53	10.0	3.0	0,931	true	[003003, 003000, 003005, 003006, 003004]
1249	3	003003	003004	54	10.0	3.0	0,950	true	[003003, 003000, 003006, 003004]
1250	3	003003	003004	55	10.0	5.0	0,832	true	[003003, 003000, 003006, 003005, 003001, 003002, 003004]
1251	3	003003	003004	56	10.0	5.0	0,876	true	[003003, 003000, 003006, 003005, 003001, 003004]
1252	3	003003	003004	57	10.0	3.0	0,894	true	[003003, 003000, 003006, 003005, 003004]
1253	3	003003	003004	58	26.0	3.0	0,903	true	[003003, 003001, 003000, 003004]
1254	3	003003	003004	59	26.0	3.0	0,885	true	[003003, 003001, 003000, 003005, 003004]
1255	3	003003	003004	60	18.0	3.0	0,903	true	[003003, 003001, 003000, 003005, 003006, 003004]
1256	3	003003	003004	61	14.0	3.0	0,922	true	[003003, 003001, 003000, 003006, 003004]
1257	3	003003	003004	62	14.0	3.0	0,867	true	[003003, 003001, 003000, 003006, 003005, 003004]
1258	3	003003	003004	63	29.0	6.0	0,903	true	[003003, 003001, 003002, 003004]
1259	3	003003	003004	64	35.0	9.0	0,950	true	[003003, 003001, 003004]
1260	3	003003	003004	65	27.0	5.0	0,876	true	[003003, 003001, 003005, 003000, 003004]
1261	3	003003	003004	66	14.0	3.0	0,894	true	[003003, 003001, 003005, 003000, 003006, 003004]
1262	3	003003	003004	67	35.0	3.0	0,876	true	[003003, 003001, 003005, 003004]
1263	3	003003	003004	68	14.0	5.0	0,858	true	[003003, 003001, 003005, 003006, 003000, 003004]
1264	3	003003	003004	69	18.0	3.0	0,894	true	[003003, 003001, 003005, 003006, 003004]
1265	3	003003	003004	70	17.0	3.0	0,885	true	[003003, 003002, 003001, 003000, 003004]
1266	3	003003	003004	71	17.0	3.0	0,867	true	[003003, 003002, 003001, 003000, 003005, 003004]
1267	3	003003	003004	72	17.0	3.0	0,885	true	[003003, 003002, 003001, 003000, 003005, 003006, 003004]
1268	3	003003	003004	73	14.0	3.0	0,903	true	[003003, 003002, 003001, 003000, 003006, 003004]
1269	3	003003	003004	74	14.0	3.0	0,850	true	[003003, 003002, 003001, 003000, 003006, 003005, 003004]
1270	3	003003	003004	75	17.0	7.0	0,931	true	[003003, 003002, 003001, 003004]
1271	3	003003	003004	76	17.0	5.0	0,858	true	[003003, 003002, 003001, 003005, 003000, 003004]
1272	3	003003	003004	77	14.0	3.0	0,876	true	[003003, 003002, 003001, 003005, 003000, 003006, 003004]
1273	3	003003	003004	78	17.0	3.0	0,858	true	[003003, 003002, 003001, 003005, 003004]
1274	3	003003	003004	79	14.0	5.0	0,841	true	[003003, 003002, 003001, 003005, 003006, 003000, 003004]
1275	3	003003	003004	80	17.0	3.0	0,876	true	[003003, 003002, 003001, 003005, 003006, 003004]
1276	3	003003	003004	81	17.0	6.0	0,922	true	[003003, 003002, 003004]
1277	3	003003	003004	82	26.0	3.0	0,903	true	[003003, 003005, 003000, 003001, 003002, 003004]
1278	3	003003	003004	83	26.0	3.0	0,951	true	[003003, 003005, 003000, 003001, 003004]
1279	3	003003	003004	84	27.0	7.0	0,960	true	[003003, 003005, 003000, 003004]
1280	3	003003	003004	85	14.0	3.0	0,980	true	[003003, 003005, 003000, 003006, 003004]
1281	3	003003	003004	86	26.0	3.0	0,894	true	[003003, 003005, 003001, 003000, 003004]
1282	3	003003	003004	87	14.0	3.0	0,912	true	[003003, 003005, 003001, 003000, 003006, 003004]
1283	3	003003	003004	88	29.0	5.0	0,894	true	[003003, 003005, 003001, 003002, 003004]
1284	3	003003	003004	89	38.0	5.0	0,941	true	[003003, 003005, 003001, 003004]
1285	3	003003	003004	90	46.0	3.0	0,960	true	[003003, 003005, 003004]
1286	3	003003	003004	91	14.0	3.0	0,885	true	[003003, 003005, 003006, 003000, 003001, 003002, 003004]
1287	3	003003	003004	92	14.0	3.0	0,932	true	[003003, 003005, 003006, 003000, 003001, 003004]
1288	3	003003	003004	93	14.0	5.0	0,941	true	[003003, 003005, 003006, 003000, 003004]
1289	3	003003	003004	94	18.0	3.0	0,980	true	[003003, 003005, 003006, 003004]
1290	3	003001	003004	95	10.0	3.0	0,858	true	[003001, 003000, 003003, 003002, 003004]
1291	3	003001	003004	96	10.0	3.0	0,894	true	[003001, 003000, 003003, 003005, 003004]
1292	3	003001	003004	97	10.0	3.0	0,913	true	[003001, 003000, 003003, 003005, 003006, 003004]
1293	3	003001	003004	98	26.0	3.0	0,941	true	[003001, 003000, 003004]
1294	3	003001	003004	99	17.0	3.0	0,885	true	[003001, 003000, 003005, 003003, 003002, 003004]
1295	3	003001	003004	100	26.0	3.0	0,922	true	[003001, 003000, 003005, 003004]
1296	3	003001	003004	101	49.0	9.0	0,990	true	[003001, 003004]
1297	4	004004	004002	0	25.0	3.0	0,941	true	[004004, 004000, 004001, 004002]
1298	4	004004	004002	1	14.0	3.0	0,912	true	[004004, 004000, 004001, 004003, 004002]
1299	4	004004	004002	2	14.0	3.0	0,832	true	[004004, 004000, 004001, 004003, 004005, 004006, 004002]
1300	4	004004	004002	3	14.0	3.0	0,884	true	[004004, 004000, 004001, 004006, 004002]
1301	4	004004	004002	4	14.0	3.0	0,823	true	[004004, 004000, 004001, 004006, 004005, 004003, 004002]
1302	4	004004	004002	5	11.0	3.0	1,000	true	[004004, 004000, 004002]
1303	4	004004	004002	6	19.0	3.0	0,931	true	[004004, 004000, 004003, 004001, 004002]
1304	4	004004	004002	7	14.0	3.0	0,876	true	[004004, 004000, 004003, 004001, 004006, 004002]
1305	4	004004	004002	8	14.0	3.0	0,960	true	[004004, 004000, 004003, 004002]
1306	4	004004	004002	9	19.0	3.0	0,841	true	[004004, 004000, 004003, 004005, 004006, 004001, 004002]
1307	4	004004	004002	10	14.0	3.0	0,876	true	[004004, 004000, 004003, 004005, 004006, 004002]
1308	4	004004	004002	11	9.0	3.0	0,903	true	[004004, 004000, 004005, 004003, 004001, 004002]
1309	4	004004	004002	12	9.0	3.0	0,849	true	[004004, 004000, 004005, 004003, 004001, 004006, 004002]
1310	4	004004	004002	13	9.0	3.0	0,931	true	[004004, 004000, 004005, 004003, 004002]
1311	4	004004	004002	14	9.0	3.0	0,903	true	[004004, 004000, 004005, 004006, 004001, 004002]
1312	4	004004	004002	15	9.0	3.0	0,876	true	[004004, 004000, 004005, 004006, 004001, 004003, 004002]
1313	4	004004	004002	16	9.0	3.0	0,941	true	[004004, 004000, 004005, 004006, 004002]
1314	4	004004	004002	17	11.0	6.0	0,912	true	[004004, 004001, 004000, 004002]
1315	4	004004	004002	18	14.0	6.0	0,876	true	[004004, 004001, 004000, 004003, 004002]
1316	4	004004	004002	19	14.0	4.0	0,799	true	[004004, 004001, 004000, 004003, 004005, 004006, 004002]
1317	4	004004	004002	20	9.0	4.0	0,849	true	[004004, 004001, 004000, 004005, 004003, 004002]
1318	4	004004	004002	21	9.0	4.0	0,858	true	[004004, 004001, 004000, 004005, 004006, 004002]
1319	4	004004	004002	22	25.0	5.0	0,950	true	[004004, 004001, 004002]
1320	4	004004	004002	23	11.0	6.0	0,903	true	[004004, 004001, 004003, 004000, 004002]
1321	4	004004	004002	24	9.0	4.0	0,850	true	[004004, 004001, 004003, 004000, 004005, 004006, 004002]
1322	4	004004	004002	25	14.0	8.0	0,922	true	[004004, 004001, 004003, 004002]
1323	4	004004	004002	26	9.0	4.0	0,876	true	[004004, 004001, 004003, 004005, 004000, 004002]
1324	4	004004	004002	27	14.0	4.0	0,841	true	[004004, 004001, 004003, 004005, 004006, 004002]
1325	4	004004	004002	28	14.0	4.0	0,894	true	[004004, 004001, 004006, 004002]
1326	4	004004	004002	29	9.0	4.0	0,876	true	[004004, 004001, 004006, 004005, 004000, 004002]
1327	4	004004	004002	30	9.0	4.0	0,841	true	[004004, 004001, 004006, 004005, 004000, 004003, 004002]
1328	4	004004	004002	31	11.0	6.0	0,815	true	[004004, 004001, 004006, 004005, 004003, 004000, 004002]
1329	4	004004	004002	32	14.0	7.0	0,832	true	[004004, 004001, 004006, 004005, 004003, 004002]
1330	4	004004	004002	33	9.0	3.0	0,922	true	[004004, 004005, 004000, 004001, 004002]
1331	4	004004	004002	34	9.0	3.0	0,894	true	[004004, 004005, 004000, 004001, 004003, 004002]
1332	4	004004	004002	35	9.0	3.0	0,867	true	[004004, 004005, 004000, 004001, 004006, 004002]
1333	4	004004	004002	36	9.0	3.0	0,980	true	[004004, 004005, 004000, 004002]
1334	4	004004	004002	37	9.0	3.0	0,913	true	[004004, 004005, 004000, 004003, 004001, 004002]
1335	4	004004	004002	38	9.0	3.0	0,859	true	[004004, 004005, 004000, 004003, 004001, 004006, 004002]
1336	4	004004	004002	39	9.0	3.0	0,941	true	[004004, 004005, 004000, 004003, 004002]
1337	4	004004	004002	40	19.0	3.0	0,858	true	[004004, 004005, 004003, 004000, 004001, 004002]
1338	4	004004	004002	41	14.0	3.0	0,807	true	[004004, 004005, 004003, 004000, 004001, 004006, 004002]
1339	4	004004	004002	42	11.0	3.0	0,912	true	[004004, 004005, 004003, 004000, 004002]
1340	4	004004	004002	43	11.0	3.0	0,867	true	[004004, 004005, 004003, 004001, 004000, 004002]
1341	4	004004	004002	44	25.0	3.0	0,903	true	[004004, 004005, 004003, 004001, 004002]
1342	4	004004	004002	45	14.0	3.0	0,849	true	[004004, 004005, 004003, 004001, 004006, 004002]
1343	4	004004	004002	46	14.0	3.0	0,931	true	[004004, 004005, 004003, 004002]
1344	4	004004	004002	47	11.0	3.0	0,867	true	[004004, 004005, 004006, 004001, 004000, 004002]
1345	4	004004	004002	48	14.0	3.0	0,832	true	[004004, 004005, 004006, 004001, 004000, 004003, 004002]
1346	4	004004	004002	49	25.0	3.0	0,903	true	[004004, 004005, 004006, 004001, 004002]
1347	4	004004	004002	50	11.0	3.0	0,858	true	[004004, 004005, 004006, 004001, 004003, 004000, 004002]
1348	4	004004	004002	51	14.0	3.0	0,876	true	[004004, 004005, 004006, 004001, 004003, 004002]
1349	4	004004	004002	52	14.0	3.0	0,941	true	[004004, 004005, 004006, 004002]
1350	4	004004	004003	53	14.0	3.0	0,931	true	[004004, 004000, 004001, 004002, 004003]
1351	4	004004	004003	54	14.0	3.0	0,849	true	[004004, 004000, 004001, 004002, 004006, 004005, 004003]
1352	4	004004	004003	55	26.0	3.0	0,922	true	[004004, 004000, 004001, 004003]
1353	4	004004	004003	56	14.0	3.0	0,876	true	[004004, 004000, 004001, 004006, 004002, 004003]
1354	4	004004	004003	57	26.0	3.0	0,832	true	[004004, 004000, 004001, 004006, 004005, 004003]
1355	4	004004	004003	58	11.0	3.0	0,960	true	[004004, 004000, 004002, 004001, 004003]
1356	4	004004	004003	59	11.0	3.0	0,867	true	[004004, 004000, 004002, 004001, 004006, 004005, 004003]
1357	4	004004	004003	60	11.0	3.0	0,990	true	[004004, 004000, 004002, 004003]
1358	4	004004	004003	61	11.0	3.0	0,903	true	[004004, 004000, 004002, 004006, 004001, 004003]
1359	4	004004	004003	62	11.0	3.0	0,903	true	[004004, 004000, 004002, 004006, 004005, 004003]
1360	4	004004	004003	63	19.0	3.0	0,970	true	[004004, 004000, 004003]
1361	4	004004	004003	64	9.0	3.0	0,941	true	[004004, 004000, 004005, 004003]
1362	4	004004	004003	65	9.0	3.0	0,894	true	[004004, 004000, 004005, 004006, 004001, 004002, 004003]
1363	4	004004	004003	66	9.0	3.0	0,885	true	[004004, 004000, 004005, 004006, 004001, 004003]
1364	4	004004	004003	67	9.0	3.0	0,904	true	[004004, 004000, 004005, 004006, 004002, 004001, 004003]
1365	4	004004	004003	68	9.0	3.0	0,932	true	[004004, 004000, 004005, 004006, 004002, 004003]
1366	4	004004	004003	69	11.0	6.0	0,903	true	[004004, 004001, 004000, 004002, 004003]
1367	4	004004	004003	70	11.0	4.0	0,824	true	[004004, 004001, 004000, 004002, 004006, 004005, 004003]
1368	4	004004	004003	71	19.0	6.0	0,885	true	[004004, 004001, 004000, 004003]
1369	4	004004	004003	72	9.0	4.0	0,858	true	[004004, 004001, 004000, 004005, 004003]
1370	4	004004	004003	73	9.0	4.0	0,850	true	[004004, 004001, 004000, 004005, 004006, 004002, 004003]
1371	4	004004	004003	74	11.0	5.0	0,922	true	[004004, 004001, 004002, 004000, 004003]
1372	4	004004	004003	75	9.0	4.0	0,894	true	[004004, 004001, 004002, 004000, 004005, 004003]
1373	4	004004	004003	76	14.0	5.0	0,941	true	[004004, 004001, 004002, 004003]
1374	4	004004	004003	77	9.0	4.0	0,868	true	[004004, 004001, 004002, 004006, 004005, 004000, 004003]
1375	4	004004	004003	78	14.0	4.0	0,858	true	[004004, 004001, 004002, 004006, 004005, 004003]
1376	4	004004	004003	79	27.0	8.0	0,931	true	[004004, 004001, 004003]
1377	4	004004	004003	80	11.0	4.0	0,867	true	[004004, 004001, 004006, 004002, 004000, 004003]
1378	4	004004	004003	81	9.0	4.0	0,841	true	[004004, 004001, 004006, 004002, 004000, 004005, 004003]
1379	4	004004	004003	82	14.0	4.0	0,885	true	[004004, 004001, 004006, 004002, 004003]
1380	4	004004	004003	83	9.0	4.0	0,867	true	[004004, 004001, 004006, 004005, 004000, 004002, 004003]
1381	4	004004	004003	84	9.0	4.0	0,850	true	[004004, 004001, 004006, 004005, 004000, 004003]
1382	4	004004	004003	85	26.0	7.0	0,840	true	[004004, 004001, 004006, 004005, 004003]
1383	4	004004	004003	86	9.0	3.0	0,913	true	[004004, 004005, 004000, 004001, 004002, 004003]
1384	4	004004	004003	87	9.0	3.0	0,903	true	[004004, 004005, 004000, 004001, 004003]
1385	4	004004	004003	88	9.0	3.0	0,858	true	[004004, 004005, 004000, 004001, 004006, 004002, 004003]
1386	4	004004	004003	89	9.0	3.0	0,941	true	[004004, 004005, 004000, 004002, 004001, 004003]
1387	4	004004	004003	90	9.0	3.0	0,970	true	[004004, 004005, 004000, 004002, 004003]
1388	4	004004	004003	91	9.0	3.0	0,885	true	[004004, 004005, 004000, 004002, 004006, 004001, 004003]
1389	4	004004	004003	92	9.0	3.0	0,951	true	[004004, 004005, 004000, 004003]
1390	4	004004	004003	93	36.0	3.0	0,941	true	[004004, 004005, 004003]
1391	4	004004	004003	94	11.0	3.0	0,858	true	[004004, 004005, 004006, 004001, 004000, 004002, 004003]
1392	4	004004	004003	95	19.0	3.0	0,841	true	[004004, 004005, 004006, 004001, 004000, 004003]
1393	4	004004	004003	96	11.0	3.0	0,876	true	[004004, 004005, 004006, 004001, 004002, 004000, 004003]
1394	4	004004	004003	97	14.0	3.0	0,894	true	[004004, 004005, 004006, 004001, 004002, 004003]
1395	4	004004	004003	98	26.0	3.0	0,885	true	[004004, 004005, 004006, 004001, 004003]
1396	4	004004	004003	99	11.0	3.0	0,867	true	[004004, 004005, 004006, 004002, 004000, 004001, 004003]
1397	4	004004	004003	100	11.0	3.0	0,913	true	[004004, 004005, 004006, 004002, 004000, 004003]
1398	4	004004	004003	101	14.0	3.0	0,932	true	[004004, 004005, 004006, 004002, 004003]
1399	5	005006	005000	0	47.0	3.0	0,970	true	[005006, 005000]
1400	5	005006	005000	1	36.0	6.0	0,970	true	[005006, 005001, 005000]
1401	5	005006	005000	2	29.0	3.0	0,922	true	[005006, 005001, 005002, 005000]
1402	5	005006	005000	3	17.0	8.0	0,867	true	[005006, 005001, 005002, 005003, 005000]
1403	5	005006	005000	4	17.0	4.0	0,858	true	[005006, 005001, 005002, 005003, 005004, 005000]
1404	5	005006	005000	5	29.0	4.0	0,849	true	[005006, 005001, 005002, 005004, 005000]
1405	5	005006	005000	6	24.0	6.0	0,841	true	[005006, 005001, 005002, 005004, 005003, 005000]
1406	5	005006	005000	7	16.0	4.0	0,824	true	[005006, 005001, 005002, 005005, 005004, 005000]
1407	5	005006	005000	8	16.0	5.0	0,816	true	[005006, 005001, 005002, 005005, 005004, 005003, 005000]
1408	5	005006	005000	9	24.0	7.0	0,903	true	[005006, 005001, 005003, 005000]
1409	5	005006	005000	10	17.0	3.0	0,904	true	[005006, 005001, 005003, 005002, 005000]
1410	5	005006	005000	11	17.0	4.0	0,832	true	[005006, 005001, 005003, 005002, 005004, 005000]
1411	5	005006	005000	12	16.0	4.0	0,807	true	[005006, 005001, 005003, 005002, 005005, 005004, 005000]
1412	5	005006	005000	13	26.0	4.0	0,894	true	[005006, 005001, 005003, 005004, 005000]
1413	5	005006	005000	14	26.0	3.0	0,876	true	[005006, 005001, 005003, 005004, 005002, 005000]
1414	5	005006	005000	15	16.0	3.0	0,850	true	[005006, 005001, 005003, 005004, 005005, 005002, 005000]
1415	5	005006	005000	16	36.0	4.0	0,903	true	[005006, 005001, 005004, 005000]
1416	5	005006	005000	17	31.0	3.0	0,885	true	[005006, 005001, 005004, 005002, 005000]
1417	5	005006	005000	18	17.0	6.0	0,832	true	[005006, 005001, 005004, 005002, 005003, 005000]
1418	5	005006	005000	19	24.0	7.0	0,894	true	[005006, 005001, 005004, 005003, 005000]
1419	5	005006	005000	20	17.0	3.0	0,895	true	[005006, 005001, 005004, 005003, 005002, 005000]
1420	5	005006	005000	21	16.0	3.0	0,858	true	[005006, 005001, 005004, 005005, 005002, 005000]
1421	5	005006	005000	22	16.0	5.0	0,807	true	[005006, 005001, 005004, 005005, 005002, 005003, 005000]
1422	5	005006	005000	23	44.0	3.0	0,970	true	[005006, 005002, 005000]
1423	5	005006	005000	24	29.0	6.0	0,941	true	[005006, 005002, 005001, 005000]
1424	5	005006	005000	25	24.0	7.0	0,876	true	[005006, 005002, 005001, 005003, 005000]
1425	5	005006	005000	26	26.0	4.0	0,867	true	[005006, 005002, 005001, 005003, 005004, 005000]
1426	5	005006	005000	27	29.0	4.0	0,876	true	[005006, 005002, 005001, 005004, 005000]
1427	5	005006	005000	28	24.0	7.0	0,867	true	[005006, 005002, 005001, 005004, 005003, 005000]
1428	5	005006	005000	29	17.0	7.0	0,913	true	[005006, 005002, 005003, 005000]
1429	5	005006	005000	30	17.0	6.0	0,922	true	[005006, 005002, 005003, 005001, 005000]
1430	5	005006	005000	31	17.0	4.0	0,859	true	[005006, 005002, 005003, 005001, 005004, 005000]
1431	5	005006	005000	32	17.0	4.0	0,903	true	[005006, 005002, 005003, 005004, 005000]
1432	5	005006	005000	33	17.0	6.0	0,913	true	[005006, 005002, 005003, 005004, 005001, 005000]
1433	5	005006	005000	34	31.0	4.0	0,894	true	[005006, 005002, 005004, 005000]
1434	5	005006	005000	35	31.0	6.0	0,903	true	[005006, 005002, 005004, 005001, 005000]
1435	5	005006	005000	36	24.0	6.0	0,841	true	[005006, 005002, 005004, 005001, 005003, 005000]
1436	5	005006	005000	37	24.0	6.0	0,885	true	[005006, 005002, 005004, 005003, 005000]
1437	5	005006	005000	38	26.0	6.0	0,894	true	[005006, 005002, 005004, 005003, 005001, 005000]
1438	5	005006	005000	39	16.0	4.0	0,867	true	[005006, 005002, 005005, 005004, 005000]
1439	5	005006	005000	40	16.0	5.0	0,876	true	[005006, 005002, 005005, 005004, 005001, 005000]
1440	5	005006	005000	41	16.0	5.0	0,816	true	[005006, 005002, 005005, 005004, 005001, 005003, 005000]
1441	5	005006	005000	42	16.0	5.0	0,858	true	[005006, 005002, 005005, 005004, 005003, 005000]
1442	5	005006	005000	43	16.0	5.0	0,867	true	[005006, 005002, 005005, 005004, 005003, 005001, 005000]
1443	5	005006	005000	44	35.0	3.0	0,922	true	[005006, 005005, 005002, 005000]
1444	5	005006	005000	45	29.0	4.0	0,894	true	[005006, 005005, 005002, 005001, 005000]
1445	5	005006	005000	46	24.0	4.0	0,832	true	[005006, 005005, 005002, 005001, 005003, 005000]
1446	5	005006	005000	47	26.0	4.0	0,824	true	[005006, 005005, 005002, 005001, 005003, 005004, 005000]
1447	5	005006	005000	48	29.0	4.0	0,832	true	[005006, 005005, 005002, 005001, 005004, 005000]
1448	5	005006	005000	49	24.0	4.0	0,824	true	[005006, 005005, 005002, 005001, 005004, 005003, 005000]
1449	5	005006	005000	50	17.0	4.0	0,867	true	[005006, 005005, 005002, 005003, 005000]
1450	5	005006	005000	51	17.0	4.0	0,876	true	[005006, 005005, 005002, 005003, 005001, 005000]
1451	5	005006	005000	52	17.0	4.0	0,816	true	[005006, 005005, 005002, 005003, 005001, 005004, 005000]
1452	5	005006	005000	53	17.0	4.0	0,858	true	[005006, 005005, 005002, 005003, 005004, 005000]
1453	5	005006	005000	54	17.0	4.0	0,867	true	[005006, 005005, 005002, 005003, 005004, 005001, 005000]
1454	5	005006	005000	55	31.0	4.0	0,849	true	[005006, 005005, 005002, 005004, 005000]
1455	5	005006	005000	56	31.0	4.0	0,858	true	[005006, 005005, 005002, 005004, 005001, 005000]
1456	5	005006	005000	57	24.0	4.0	0,799	true	[005006, 005005, 005002, 005004, 005001, 005003, 005000]
1457	5	005006	005000	58	24.0	4.0	0,841	true	[005006, 005005, 005002, 005004, 005003, 005000]
1458	5	005006	005000	59	26.0	4.0	0,849	true	[005006, 005005, 005002, 005004, 005003, 005001, 005000]
1459	5	005006	005000	60	16.0	4.0	0,913	true	[005006, 005005, 005004, 005000]
1460	5	005006	005000	61	16.0	4.0	0,922	true	[005006, 005005, 005004, 005001, 005000]
1461	5	005006	005000	62	16.0	3.0	0,876	true	[005006, 005005, 005004, 005001, 005002, 005000]
1462	5	005006	005000	63	16.0	4.0	0,824	true	[005006, 005005, 005004, 005001, 005002, 005003, 005000]
1463	5	005006	005000	64	16.0	4.0	0,859	true	[005006, 005005, 005004, 005001, 005003, 005000]
1464	5	005006	005000	65	16.0	3.0	0,859	true	[005006, 005005, 005004, 005001, 005003, 005002, 005000]
1465	5	005006	005000	66	16.0	3.0	0,894	true	[005006, 005005, 005004, 005002, 005000]
1466	5	005006	005000	67	16.0	4.0	0,867	true	[005006, 005005, 005004, 005002, 005001, 005000]
1467	5	005006	005000	68	16.0	4.0	0,807	true	[005006, 005005, 005004, 005002, 005001, 005003, 005000]
1468	5	005006	005000	69	16.0	4.0	0,841	true	[005006, 005005, 005004, 005002, 005003, 005000]
1469	5	005006	005000	70	16.0	4.0	0,850	true	[005006, 005005, 005004, 005002, 005003, 005001, 005000]
1470	5	005006	005000	71	16.0	4.0	0,903	true	[005006, 005005, 005004, 005003, 005000]
1471	5	005006	005000	72	16.0	4.0	0,913	true	[005006, 005005, 005004, 005003, 005001, 005000]
1472	5	005006	005000	73	16.0	3.0	0,868	true	[005006, 005005, 005004, 005003, 005001, 005002, 005000]
1473	5	005006	005000	74	16.0	3.0	0,904	true	[005006, 005005, 005004, 005003, 005002, 005000]
1474	5	005006	005000	75	16.0	4.0	0,876	true	[005006, 005005, 005004, 005003, 005002, 005001, 005000]
1475	5	005006	005003	76	17.0	3.0	0,903	true	[005006, 005000, 005001, 005002, 005003]
1476	5	005006	005003	77	26.0	3.0	0,876	true	[005006, 005000, 005001, 005002, 005004, 005003]
1477	5	005006	005003	78	16.0	3.0	0,850	true	[005006, 005000, 005001, 005002, 005005, 005004, 005003]
1478	5	005006	005003	79	41.0	3.0	0,941	true	[005006, 005000, 005001, 005003]
1479	5	005006	005003	80	17.0	3.0	0,867	true	[005006, 005000, 005001, 005004, 005002, 005003]
1480	5	005006	005003	81	26.0	3.0	0,931	true	[005006, 005000, 005001, 005004, 005003]
1481	5	005006	005003	82	16.0	3.0	0,841	true	[005006, 005000, 005001, 005004, 005005, 005002, 005003]
1482	5	005006	005003	83	29.0	3.0	0,894	true	[005006, 005000, 005002, 005001, 005003]
1483	5	005006	005003	84	26.0	3.0	0,885	true	[005006, 005000, 005002, 005001, 005004, 005003]
1484	5	005006	005003	85	17.0	3.0	0,931	true	[005006, 005000, 005002, 005003]
1485	5	005006	005003	86	31.0	3.0	0,858	true	[005006, 005000, 005002, 005004, 005001, 005003]
1486	5	005006	005003	87	26.0	3.0	0,903	true	[005006, 005000, 005002, 005004, 005003]
1487	5	005006	005003	88	16.0	3.0	0,833	true	[005006, 005000, 005002, 005005, 005004, 005001, 005003]
1488	5	005006	005003	89	16.0	3.0	0,876	true	[005006, 005000, 005002, 005005, 005004, 005003]
1489	5	005006	005003	90	24.0	3.0	0,931	true	[005006, 005000, 005003]
1490	5	005006	005003	91	17.0	3.0	0,841	true	[005006, 005000, 005004, 005001, 005002, 005003]
1491	5	005006	005003	92	36.0	3.0	0,876	true	[005006, 005000, 005004, 005001, 005003]
1492	5	005006	005003	93	29.0	3.0	0,824	true	[005006, 005000, 005004, 005002, 005001, 005003]
1493	5	005006	005003	94	17.0	3.0	0,858	true	[005006, 005000, 005004, 005002, 005003]
1494	5	005006	005003	95	26.0	3.0	0,922	true	[005006, 005000, 005004, 005003]
1495	5	005006	005003	96	16.0	3.0	0,799	true	[005006, 005000, 005004, 005005, 005002, 005001, 005003]
1496	5	005006	005003	97	16.0	3.0	0,832	true	[005006, 005000, 005004, 005005, 005002, 005003]
1497	5	005006	005003	98	17.0	3.0	0,931	true	[005006, 005001, 005000, 005002, 005003]
1498	5	005006	005003	99	26.0	3.0	0,903	true	[005006, 005001, 005000, 005002, 005004, 005003]
1499	5	005006	005003	100	16.0	3.0	0,876	true	[005006, 005001, 005000, 005002, 005005, 005004, 005003]
1500	5	005006	005003	101	24.0	6.0	0,931	true	[005006, 005001, 005000, 005003]
1501	5	005006	005003	102	36.0	7.0	0,941	true	[005006, 005001, 005003]
1502	6	006002	006000	0	7.0	5.0	0,990	true	[006002, 006000]
1503	6	006002	006000	1	35.0	6.0	0,970	true	[006002, 006001, 006000]
1504	6	006002	006000	2	7.0	6.0	0,980	true	[006002, 006001, 006004, 006000]
1505	6	006002	006000	3	17.0	8.0	0,960	true	[006002, 006001, 006004, 006003, 006000]
1506	6	006002	006000	4	8.0	3.0	0,941	true	[006002, 006001, 006005, 006000]
1507	6	006002	006000	5	14.0	3.0	0,922	true	[006002, 006001, 006006, 006005, 006000]
1508	6	006002	006000	6	33.0	8.0	0,960	true	[006002, 006003, 006000]
1509	6	006002	006000	7	7.0	6.0	0,903	true	[006002, 006003, 006004, 006000]
1510	6	006002	006000	8	17.0	6.0	0,894	true	[006002, 006003, 006004, 006001, 006000]
1511	6	006002	006000	9	8.0	3.0	0,867	true	[006002, 006003, 006004, 006001, 006005, 006000]
1512	6	006002	006000	10	14.0	3.0	0,850	true	[006002, 006003, 006004, 006001, 006006, 006005, 006000]
1513	6	006002	006000	11	5.0	3.0	0,970	true	[006002, 006004, 006000]
1514	6	006002	006000	12	5.0	3.0	0,960	true	[006002, 006004, 006001, 006000]
1515	6	006002	006000	13	5.0	3.0	0,931	true	[006002, 006004, 006001, 006005, 006000]
1516	6	006002	006000	14	5.0	3.0	0,913	true	[006002, 006004, 006001, 006006, 006005, 006000]
1517	6	006002	006000	15	5.0	3.0	0,950	true	[006002, 006004, 006003, 006000]
1518	6	006002	006000	16	41.0	3.0	0,980	true	[006002, 006005, 006000]
1519	6	006002	006000	17	8.0	6.0	0,931	true	[006002, 006005, 006001, 006000]
1520	6	006002	006000	18	7.0	6.0	0,941	true	[006002, 006005, 006001, 006004, 006000]
1521	6	006002	006000	19	8.0	7.0	0,922	true	[006002, 006005, 006001, 006004, 006003, 006000]
1522	6	006002	006000	20	14.0	5.0	0,913	true	[006002, 006005, 006006, 006001, 006000]
1523	6	006002	006000	21	7.0	5.0	0,922	true	[006002, 006005, 006006, 006001, 006004, 006000]
1524	6	006002	006000	22	14.0	5.0	0,903	true	[006002, 006005, 006006, 006001, 006004, 006003, 006000]
1525	7	007001	007000	0	31.0	10.0	0,970	true	[007001, 007000]
1526	7	007001	007000	1	30.0	4.0	0,950	true	[007001, 007002, 007000]
1527	7	007001	007000	2	13.0	6.0	0,903	true	[007001, 007002, 007003, 007000]
1528	7	007001	007000	3	13.0	3.0	0,867	true	[007001, 007002, 007003, 007005, 007004, 007000]
1529	7	007001	007000	4	8.0	3.0	0,832	true	[007001, 007002, 007003, 007005, 007004, 007006, 007000]
1530	7	007001	007000	5	8.0	3.0	0,849	true	[007001, 007002, 007003, 007005, 007006, 007000]
1531	7	007001	007000	6	13.0	3.0	0,798	true	[007001, 007002, 007003, 007005, 007006, 007004, 007000]
1532	7	007001	007000	7	8.0	6.0	0,867	true	[007001, 007002, 007003, 007006, 007000]
1533	7	007001	007000	8	9.0	6.0	0,815	true	[007001, 007002, 007003, 007006, 007004, 007000]
1534	7	007001	007000	9	9.0	6.0	0,799	true	[007001, 007002, 007003, 007006, 007005, 007004, 007000]
1535	7	007001	007000	10	41.0	3.0	0,894	true	[007001, 007002, 007005, 007003, 007000]
1536	7	007001	007000	11	8.0	3.0	0,858	true	[007001, 007002, 007005, 007003, 007006, 007000]
1537	7	007001	007000	12	9.0	3.0	0,807	true	[007001, 007002, 007005, 007003, 007006, 007004, 007000]
1538	7	007001	007000	13	35.0	3.0	0,858	true	[007001, 007002, 007005, 007004, 007000]
1539	7	007001	007000	14	8.0	3.0	0,824	true	[007001, 007002, 007005, 007004, 007006, 007000]
1540	7	007001	007000	15	9.0	3.0	0,807	true	[007001, 007002, 007005, 007004, 007006, 007003, 007000]
1541	7	007001	007000	16	8.0	3.0	0,840	true	[007001, 007002, 007005, 007006, 007000]
1542	7	007001	007000	17	9.0	3.0	0,824	true	[007001, 007002, 007005, 007006, 007003, 007000]
1543	7	007001	007000	18	18.0	3.0	0,790	true	[007001, 007002, 007005, 007006, 007004, 007000]
1544	7	007001	007000	19	8.0	6.0	0,931	true	[007001, 007002, 007006, 007000]
1545	7	007001	007000	20	9.0	6.0	0,913	true	[007001, 007002, 007006, 007003, 007000]
1546	7	007001	007000	21	9.0	3.0	0,876	true	[007001, 007002, 007006, 007003, 007005, 007004, 007000]
1547	7	007001	007000	22	12.0	6.0	0,876	true	[007001, 007002, 007006, 007004, 007000]
1548	7	007001	007000	23	12.0	3.0	0,876	true	[007001, 007002, 007006, 007004, 007005, 007003, 007000]
1549	7	007001	007000	24	12.0	3.0	0,894	true	[007001, 007002, 007006, 007005, 007003, 007000]
1550	7	007001	007000	25	12.0	6.0	0,858	true	[007001, 007002, 007006, 007005, 007004, 007000]
1551	7	007001	007000	26	33.0	4.0	0,941	true	[007001, 007003, 007000]
1552	7	007001	007000	27	13.0	4.0	0,912	true	[007001, 007003, 007002, 007000]
1553	7	007001	007000	28	13.0	3.0	0,824	true	[007001, 007003, 007002, 007005, 007004, 007000]
1554	7	007001	007000	29	8.0	3.0	0,791	true	[007001, 007003, 007002, 007005, 007004, 007006, 007000]
1555	7	007001	007000	30	8.0	3.0	0,807	true	[007001, 007003, 007002, 007005, 007006, 007000]
1556	7	007001	007000	31	13.0	3.0	0,759	true	[007001, 007003, 007002, 007005, 007006, 007004, 007000]
1557	7	007001	007000	32	8.0	4.0	0,894	true	[007001, 007003, 007002, 007006, 007000]
1558	7	007001	007000	33	12.0	4.0	0,840	true	[007001, 007003, 007002, 007006, 007004, 007000]
1559	7	007001	007000	34	12.0	4.0	0,824	true	[007001, 007003, 007002, 007006, 007005, 007004, 007000]
1560	7	007001	007000	35	30.0	3.0	0,903	true	[007001, 007003, 007005, 007002, 007000]
1561	7	007001	007000	36	8.0	3.0	0,885	true	[007001, 007003, 007005, 007002, 007006, 007000]
1562	7	007001	007000	37	12.0	3.0	0,832	true	[007001, 007003, 007005, 007002, 007006, 007004, 007000]
1563	7	007001	007000	38	33.0	3.0	0,903	true	[007001, 007003, 007005, 007004, 007000]
1564	7	007001	007000	39	8.0	3.0	0,867	true	[007001, 007003, 007005, 007004, 007006, 007000]
1565	7	007001	007000	40	12.0	3.0	0,885	true	[007001, 007003, 007005, 007004, 007006, 007002, 007000]
1566	7	007001	007000	41	8.0	3.0	0,885	true	[007001, 007003, 007005, 007006, 007000]
1567	7	007001	007000	42	12.0	3.0	0,903	true	[007001, 007003, 007005, 007006, 007002, 007000]
1568	7	007001	007000	43	18.0	3.0	0,832	true	[007001, 007003, 007005, 007006, 007004, 007000]
1569	7	007001	007000	44	8.0	4.0	0,903	true	[007001, 007003, 007006, 007000]
1570	7	007001	007000	45	9.0	4.0	0,922	true	[007001, 007003, 007006, 007002, 007000]
1571	7	007001	007000	46	9.0	3.0	0,832	true	[007001, 007003, 007006, 007002, 007005, 007004, 007000]
1572	7	007001	007000	47	9.0	4.0	0,849	true	[007001, 007003, 007006, 007004, 007000]
1573	7	007001	007000	48	9.0	3.0	0,815	true	[007001, 007003, 007006, 007004, 007005, 007002, 007000]
1574	7	007001	007000	49	9.0	3.0	0,832	true	[007001, 007003, 007006, 007005, 007002, 007000]
1575	7	007001	007000	50	9.0	4.0	0,832	true	[007001, 007003, 007006, 007005, 007004, 007000]
1576	7	007001	007000	51	8.0	6.0	0,941	true	[007001, 007006, 007000]
1577	7	007001	007000	52	11.0	4.0	0,960	true	[007001, 007006, 007002, 007000]
1578	7	007001	007000	53	11.0	6.0	0,913	true	[007001, 007006, 007002, 007003, 007000]
1579	7	007001	007000	54	11.0	3.0	0,876	true	[007001, 007006, 007002, 007003, 007005, 007004, 007000]
1580	7	007001	007000	55	11.0	3.0	0,903	true	[007001, 007006, 007002, 007005, 007003, 007000]
1581	7	007001	007000	56	11.0	3.0	0,867	true	[007001, 007006, 007002, 007005, 007004, 007000]
1582	7	007001	007000	57	9.0	7.0	0,922	true	[007001, 007006, 007003, 007000]
1583	7	007001	007000	58	9.0	4.0	0,894	true	[007001, 007006, 007003, 007002, 007000]
1584	7	007001	007000	59	9.0	3.0	0,807	true	[007001, 007006, 007003, 007002, 007005, 007004, 007000]
1585	7	007001	007000	60	9.0	3.0	0,885	true	[007001, 007006, 007003, 007005, 007002, 007000]
1586	7	007001	007000	61	9.0	3.0	0,885	true	[007001, 007006, 007003, 007005, 007004, 007000]
1587	7	007001	007000	62	11.0	6.0	0,885	true	[007001, 007006, 007004, 007000]
1588	7	007001	007000	63	11.0	3.0	0,849	true	[007001, 007006, 007004, 007005, 007002, 007000]
1589	7	007001	007000	64	11.0	3.0	0,807	true	[007001, 007006, 007004, 007005, 007002, 007003, 007000]
1590	7	007001	007000	65	11.0	3.0	0,885	true	[007001, 007006, 007004, 007005, 007003, 007000]
1591	7	007001	007000	66	11.0	3.0	0,858	true	[007001, 007006, 007004, 007005, 007003, 007002, 007000]
1592	7	007001	007000	67	11.0	3.0	0,867	true	[007001, 007006, 007005, 007002, 007000]
1593	7	007001	007000	68	11.0	3.0	0,824	true	[007001, 007006, 007005, 007002, 007003, 007000]
1594	7	007001	007000	69	11.0	3.0	0,903	true	[007001, 007006, 007005, 007003, 007000]
1595	7	007001	007000	70	11.0	3.0	0,876	true	[007001, 007006, 007005, 007003, 007002, 007000]
1596	7	007001	007000	71	11.0	7.0	0,867	true	[007001, 007006, 007005, 007004, 007000]
1597	7	007001	007004	72	13.0	3.0	0,903	true	[007001, 007000, 007002, 007003, 007005, 007004]
1598	7	007001	007004	73	13.0	3.0	0,832	true	[007001, 007000, 007002, 007003, 007005, 007006, 007004]
1599	7	007001	007004	74	9.0	4.0	0,850	true	[007001, 007000, 007002, 007003, 007006, 007004]
1600	7	007001	007004	75	9.0	4.0	0,833	true	[007001, 007000, 007002, 007003, 007006, 007005, 007004]
1601	7	007001	007004	76	9.0	3.0	0,841	true	[007001, 007000, 007002, 007005, 007003, 007006, 007004]
1602	7	007001	007004	77	30.0	3.0	0,894	true	[007001, 007000, 007002, 007005, 007004]
1603	7	007001	007004	78	18.0	3.0	0,823	true	[007001, 007000, 007002, 007005, 007006, 007004]
1604	7	007001	007004	79	9.0	3.0	0,913	true	[007001, 007000, 007002, 007006, 007003, 007005, 007004]
1605	7	007001	007004	80	12.0	4.0	0,912	true	[007001, 007000, 007002, 007006, 007004]
1606	7	007001	007004	81	12.0	4.0	0,894	true	[007001, 007000, 007002, 007006, 007005, 007004]
1607	7	007001	007004	82	13.0	3.0	0,850	true	[007001, 007000, 007003, 007002, 007005, 007004]
1608	7	007001	007004	83	13.0	3.0	0,782	true	[007001, 007000, 007003, 007002, 007005, 007006, 007004]
1609	7	007001	007004	84	12.0	6.0	0,867	true	[007001, 007000, 007003, 007002, 007006, 007004]
1610	7	007001	007004	85	12.0	6.0	0,850	true	[007001, 007000, 007003, 007002, 007006, 007005, 007004]
1611	7	007001	007004	86	12.0	3.0	0,858	true	[007001, 007000, 007003, 007005, 007002, 007006, 007004]
1612	7	007001	007004	87	31.0	3.0	0,932	true	[007001, 007000, 007003, 007005, 007004]
1613	7	007001	007004	88	18.0	3.0	0,858	true	[007001, 007000, 007003, 007005, 007006, 007004]
1614	7	007001	007004	89	9.0	3.0	0,858	true	[007001, 007000, 007003, 007006, 007002, 007005, 007004]
1615	7	007001	007004	90	9.0	6.0	0,876	true	[007001, 007000, 007003, 007006, 007004]
1616	7	007001	007004	91	9.0	7.0	0,858	true	[007001, 007000, 007003, 007006, 007005, 007004]
1617	7	007001	007004	92	31.0	7.0	0,931	true	[007001, 007000, 007004]
1618	7	007001	007004	93	8.0	3.0	0,885	true	[007001, 007000, 007006, 007002, 007003, 007005, 007004]
1619	7	007001	007004	94	8.0	3.0	0,876	true	[007001, 007000, 007006, 007002, 007005, 007004]
1620	7	007001	007004	95	8.0	3.0	0,816	true	[007001, 007000, 007006, 007003, 007002, 007005, 007004]
1621	7	007001	007004	96	8.0	3.0	0,894	true	[007001, 007000, 007006, 007003, 007005, 007004]
1622	7	007001	007004	97	8.0	6.0	0,894	true	[007001, 007000, 007006, 007004]
1623	7	007001	007004	98	8.0	6.0	0,876	true	[007001, 007000, 007006, 007005, 007004]
1624	7	007001	007004	99	30.0	3.0	0,913	true	[007001, 007002, 007000, 007003, 007005, 007004]
1625	7	007001	007004	100	18.0	3.0	0,841	true	[007001, 007002, 007000, 007003, 007005, 007006, 007004]
1626	7	007001	007004	101	30.0	4.0	0,912	true	[007001, 007002, 007000, 007004]
1627	8	008001	008002	0	13.0	9.0	0,941	true	[008001, 008000, 008002]
1628	8	008001	008002	1	13.0	4.0	0,970	true	[008001, 008000, 008003, 008002]
1629	8	008001	008002	2	13.0	4.0	0,931	true	[008001, 008000, 008003, 008005, 008002]
1630	8	008001	008002	3	5.0	6.0	0,922	true	[008001, 008000, 008003, 008005, 008004, 008002]
1631	8	008001	008002	4	13.0	4.0	0,931	true	[008001, 008000, 008003, 008006, 008005, 008002]
1632	8	008001	008002	5	5.0	6.0	0,922	true	[008001, 008000, 008003, 008006, 008005, 008004, 008002]
1633	8	008001	008002	6	13.0	3.0	0,951	true	[008001, 008000, 008006, 008003, 008002]
1634	8	008001	008002	7	13.0	3.0	0,913	true	[008001, 008000, 008006, 008003, 008005, 008002]
1635	8	008001	008002	8	5.0	3.0	0,904	true	[008001, 008000, 008006, 008003, 008005, 008004, 008002]
1636	8	008001	008002	9	13.0	3.0	0,913	true	[008001, 008000, 008006, 008005, 008002]
1637	8	008001	008002	10	13.0	3.0	0,932	true	[008001, 008000, 008006, 008005, 008003, 008002]
1638	8	008001	008002	11	5.0	3.0	0,904	true	[008001, 008000, 008006, 008005, 008004, 008002]
1639	8	008001	008002	12	15.0	3.0	0,941	true	[008001, 008003, 008000, 008002]
1640	8	008001	008002	13	16.0	3.0	0,913	true	[008001, 008003, 008000, 008006, 008005, 008002]
1641	8	008001	008002	14	5.0	3.0	0,904	true	[008001, 008003, 008000, 008006, 008005, 008004, 008002]
1642	8	008001	008002	15	21.0	3.0	0,970	true	[008001, 008003, 008002]
1643	8	008001	008002	16	16.0	3.0	0,931	true	[008001, 008003, 008005, 008002]
1644	8	008001	008002	17	5.0	3.0	0,922	true	[008001, 008003, 008005, 008004, 008002]
1645	8	008001	008002	18	15.0	3.0	0,904	true	[008001, 008003, 008005, 008006, 008000, 008002]
1646	8	008001	008002	19	15.0	3.0	0,922	true	[008001, 008003, 008006, 008000, 008002]
1647	8	008001	008002	20	15.0	3.0	0,931	true	[008001, 008003, 008006, 008005, 008002]
1648	8	008001	008002	21	5.0	3.0	0,922	true	[008001, 008003, 008006, 008005, 008004, 008002]
1649	8	008001	008002	22	21.0	3.0	0,941	true	[008001, 008004, 008002]
1650	8	008001	008002	23	5.0	3.0	0,894	true	[008001, 008004, 008005, 008002]
1651	8	008001	008002	24	5.0	3.0	0,885	true	[008001, 008004, 008005, 008003, 008000, 008002]
1652	8	008001	008002	25	5.0	3.0	0,912	true	[008001, 008004, 008005, 008003, 008002]
1653	8	008001	008002	26	5.0	3.0	0,867	true	[008001, 008004, 008005, 008003, 008006, 008000, 008002]
1654	8	008001	008002	27	5.0	3.0	0,867	true	[008001, 008004, 008005, 008006, 008000, 008002]
1655	8	008001	008002	28	5.0	3.0	0,894	true	[008001, 008004, 008005, 008006, 008000, 008003, 008002]
1656	8	008001	008002	29	5.0	3.0	0,885	true	[008001, 008004, 008005, 008006, 008003, 008000, 008002]
1657	8	008001	008002	30	5.0	3.0	0,912	true	[008001, 008004, 008005, 008006, 008003, 008002]
1658	8	008001	008002	31	16.0	3.0	0,970	true	[008001, 008005, 008002]
1659	8	008001	008002	32	15.0	3.0	0,960	true	[008001, 008005, 008003, 008000, 008002]
1660	8	008001	008002	33	21.0	3.0	0,990	true	[008001, 008005, 008003, 008002]
1661	8	008001	008002	34	15.0	3.0	0,941	true	[008001, 008005, 008003, 008006, 008000, 008002]
1662	8	008001	008002	35	5.0	3.0	0,960	true	[008001, 008005, 008004, 008002]
1663	8	008001	008002	36	15.0	3.0	0,941	true	[008001, 008005, 008006, 008000, 008002]
1664	8	008001	008002	37	21.0	3.0	0,970	true	[008001, 008005, 008006, 008000, 008003, 008002]
1665	8	008001	008002	38	15.0	3.0	0,960	true	[008001, 008005, 008006, 008003, 008000, 008002]
1666	8	008001	008002	39	15.0	3.0	0,990	true	[008001, 008005, 008006, 008003, 008002]
1667	8	008001	008002	40	15.0	3.0	0,951	true	[008001, 008006, 008000, 008002]
1668	8	008001	008002	41	21.0	3.0	0,980	true	[008001, 008006, 008000, 008003, 008002]
1669	8	008001	008002	42	16.0	3.0	0,941	true	[008001, 008006, 008000, 008003, 008005, 008002]
1670	8	008001	008002	43	5.0	3.0	0,932	true	[008001, 008006, 008000, 008003, 008005, 008004, 008002]
1671	8	008001	008002	44	15.0	6.0	0,970	true	[008001, 008006, 008003, 008000, 008002]
1672	8	008001	008002	45	15.0	4.0	1,000	true	[008001, 008006, 008003, 008002]
1673	8	008001	008002	46	15.0	4.0	0,960	true	[008001, 008006, 008003, 008005, 008002]
1674	8	008001	008002	47	5.0	6.0	0,951	true	[008001, 008006, 008003, 008005, 008004, 008002]
1675	8	008001	008002	48	16.0	4.0	0,960	true	[008001, 008006, 008005, 008002]
1676	8	008001	008002	49	15.0	6.0	0,951	true	[008001, 008006, 008005, 008003, 008000, 008002]
1677	8	008001	008002	50	21.0	4.0	0,980	true	[008001, 008006, 008005, 008003, 008002]
1678	8	008001	008002	51	5.0	6.0	0,951	true	[008001, 008006, 008005, 008004, 008002]
1679	8	008001	008005	52	13.0	4.0	0,931	true	[008001, 008000, 008002, 008003, 008005]
1680	8	008001	008005	53	13.0	4.0	0,931	true	[008001, 008000, 008002, 008003, 008006, 008005]
1681	8	008001	008005	54	5.0	6.0	0,904	true	[008001, 008000, 008002, 008004, 008005]
1682	8	008001	008005	55	13.0	4.0	0,913	true	[008001, 008000, 008002, 008005]
1683	8	008001	008005	56	5.0	4.0	0,931	true	[008001, 008000, 008003, 008002, 008004, 008005]
1684	8	008001	008005	57	13.0	4.0	0,941	true	[008001, 008000, 008003, 008002, 008005]
1685	8	008001	008005	58	13.0	6.0	0,960	true	[008001, 008000, 008003, 008005]
1686	8	008001	008005	59	13.0	6.0	0,960	true	[008001, 008000, 008003, 008006, 008005]
1687	8	008001	008005	60	5.0	3.0	0,913	true	[008001, 008000, 008006, 008003, 008002, 008004, 008005]
1688	8	008001	008005	61	13.0	3.0	0,922	true	[008001, 008000, 008006, 008003, 008002, 008005]
1689	8	008001	008005	62	13.0	3.0	0,941	true	[008001, 008000, 008006, 008003, 008005]
1690	8	008001	008005	63	13.0	3.0	0,941	true	[008001, 008000, 008006, 008005]
1691	8	008001	008005	64	5.0	3.0	0,904	true	[008001, 008003, 008000, 008002, 008004, 008005]
1692	8	008001	008005	65	15.0	3.0	0,913	true	[008001, 008003, 008000, 008002, 008005]
1693	8	008001	008005	66	27.0	3.0	0,941	true	[008001, 008003, 008000, 008006, 008005]
1694	8	008001	008005	67	15.0	3.0	0,913	true	[008001, 008003, 008002, 008000, 008006, 008005]
1695	8	008001	008005	68	5.0	3.0	0,931	true	[008001, 008003, 008002, 008004, 008005]
1696	8	008001	008005	69	16.0	3.0	0,941	true	[008001, 008003, 008002, 008005]
1697	8	008001	008005	70	27.0	3.0	0,960	true	[008001, 008003, 008005]
1698	8	008001	008005	71	5.0	3.0	0,885	true	[008001, 008003, 008006, 008000, 008002, 008004, 008005]
1699	8	008001	008005	72	15.0	3.0	0,894	true	[008001, 008003, 008006, 008000, 008002, 008005]
1700	8	008001	008005	73	15.0	3.0	0,960	true	[008001, 008003, 008006, 008005]
1701	8	008001	008005	74	15.0	3.0	0,903	true	[008001, 008004, 008002, 008000, 008003, 008005]
1702	8	008001	008005	75	15.0	3.0	0,903	true	[008001, 008004, 008002, 008000, 008003, 008006, 008005]
1703	8	008001	008005	76	15.0	3.0	0,885	true	[008001, 008004, 008002, 008000, 008006, 008003, 008005]
1704	8	008001	008005	77	15.0	3.0	0,885	true	[008001, 008004, 008002, 008000, 008006, 008005]
1705	8	008001	008005	78	21.0	3.0	0,912	true	[008001, 008004, 008002, 008003, 008000, 008006, 008005]
1706	8	008001	008005	79	21.0	3.0	0,931	true	[008001, 008004, 008002, 008003, 008005]
1707	8	008001	008005	80	15.0	3.0	0,931	true	[008001, 008004, 008002, 008003, 008006, 008005]
1708	8	008001	008005	81	16.0	3.0	0,912	true	[008001, 008004, 008002, 008005]
1709	8	008001	008005	82	5.0	3.0	0,922	true	[008001, 008004, 008005]
1710	8	008001	008005	83	26.0	3.0	1,000	true	[008001, 008005]
1711	8	008001	008005	84	15.0	3.0	0,941	true	[008001, 008006, 008000, 008002, 008003, 008005]
1712	8	008001	008005	85	5.0	3.0	0,913	true	[008001, 008006, 008000, 008002, 008004, 008005]
1713	8	008001	008005	86	15.0	3.0	0,922	true	[008001, 008006, 008000, 008002, 008005]
1714	8	008001	008005	87	5.0	3.0	0,941	true	[008001, 008006, 008000, 008003, 008002, 008004, 008005]
1715	8	008001	008005	88	16.0	3.0	0,951	true	[008001, 008006, 008000, 008003, 008002, 008005]
1716	8	008001	008005	89	30.0	3.0	0,970	true	[008001, 008006, 008000, 008003, 008005]
1717	8	008001	008005	90	5.0	6.0	0,931	true	[008001, 008006, 008003, 008000, 008002, 008004, 008005]
1718	8	008001	008005	91	15.0	4.0	0,941	true	[008001, 008006, 008003, 008000, 008002, 008005]
1719	8	008001	008005	92	5.0	4.0	0,960	true	[008001, 008006, 008003, 008002, 008004, 008005]
1720	8	008001	008005	93	15.0	4.0	0,970	true	[008001, 008006, 008003, 008002, 008005]
1721	8	008001	008005	94	15.0	6.0	0,990	true	[008001, 008006, 008003, 008005]
1722	8	008001	008005	95	45.0	8.0	0,990	true	[008001, 008006, 008005]
1723	8	008001	008004	96	5.0	4.0	0,904	true	[008001, 008000, 008002, 008003, 008005, 008004]
1724	8	008001	008004	97	5.0	4.0	0,904	true	[008001, 008000, 008002, 008003, 008006, 008005, 008004]
1725	8	008001	008004	98	13.0	8.0	0,931	true	[008001, 008000, 008002, 008004]
1726	8	008001	008004	99	5.0	4.0	0,885	true	[008001, 008000, 008002, 008005, 008004]
1727	8	008001	008004	100	13.0	4.0	0,960	true	[008001, 008000, 008003, 008002, 008004]
1728	8	008001	008004	101	21.0	3.0	0,950	true	[008001, 008004]
1729	9	009005	009006	0	7.0	5.0	0,841	true	[009005, 009001, 009000, 009002, 009003, 009004, 009006]
1730	9	009005	009006	1	7.0	5.0	0,885	true	[009005, 009001, 009000, 009002, 009004, 009006]
1731	9	009005	009006	2	7.0	4.0	0,903	true	[009005, 009001, 009000, 009002, 009006]
1732	9	009005	009006	3	11.0	5.0	0,850	true	[009005, 009001, 009000, 009003, 009002, 009004, 009006]
1733	9	009005	009006	4	11.0	4.0	0,867	true	[009005, 009001, 009000, 009003, 009002, 009006]
1734	9	009005	009006	5	11.0	4.0	0,859	true	[009005, 009001, 009000, 009003, 009004, 009002, 009006]
1735	9	009005	009006	6	11.0	5.0	0,876	true	[009005, 009001, 009000, 009003, 009004, 009006]
1736	9	009005	009006	7	19.0	7.0	0,931	true	[009005, 009001, 009000, 009006]
1737	9	009005	009006	8	7.0	5.0	0,832	true	[009005, 009001, 009002, 009000, 009003, 009004, 009006]
1738	9	009005	009006	9	7.0	8.0	0,885	true	[009005, 009001, 009002, 009000, 009006]
1739	9	009005	009006	10	11.0	8.0	0,850	true	[009005, 009001, 009002, 009003, 009000, 009006]
1740	9	009005	009006	11	17.0	5.0	0,885	true	[009005, 009001, 009002, 009003, 009004, 009006]
1741	9	009005	009006	12	11.0	7.0	0,841	true	[009005, 009001, 009002, 009004, 009003, 009000, 009006]
1742	9	009005	009006	13	17.0	5.0	0,932	true	[009005, 009001, 009002, 009004, 009006]
1743	9	009005	009006	14	11.0	4.0	0,951	true	[009005, 009001, 009002, 009006]
1744	9	009005	009006	15	7.0	7.0	0,867	true	[009005, 009001, 009004, 009002, 009000, 009006]
1745	9	009005	009006	16	11.0	7.0	0,833	true	[009005, 009001, 009004, 009002, 009003, 009000, 009006]
1746	9	009005	009006	17	11.0	4.0	0,932	true	[009005, 009001, 009004, 009002, 009006]
1747	9	009005	009006	18	7.0	4.0	0,832	true	[009005, 009001, 009004, 009003, 009000, 009002, 009006]
1748	9	009005	009006	19	11.0	8.0	0,858	true	[009005, 009001, 009004, 009003, 009000, 009006]
1749	9	009005	009006	20	7.0	8.0	0,824	true	[009005, 009001, 009004, 009003, 009002, 009000, 009006]
1750	9	009005	009006	21	11.0	4.0	0,885	true	[009005, 009001, 009004, 009003, 009002, 009006]
1751	9	009005	009006	22	19.0	5.0	0,951	true	[009005, 009001, 009004, 009006]
1752	9	009005	009006	23	19.0	7.0	0,931	true	[009005, 009001, 009006]
1753	9	009005	009006	24	7.0	5.0	0,922	true	[009005, 009002, 009000, 009001, 009004, 009006]
1754	9	009005	009006	25	7.0	7.0	0,903	true	[009005, 009002, 009000, 009001, 009006]
1755	9	009005	009006	26	7.0	7.0	0,832	true	[009005, 009002, 009000, 009003, 009004, 009001, 009006]
1756	9	009005	009006	27	7.0	5.0	0,867	true	[009005, 009002, 009000, 009003, 009004, 009006]
1757	9	009005	009006	28	7.0	8.0	0,922	true	[009005, 009002, 009000, 009006]
1758	9	009005	009006	29	8.0	5.0	0,894	true	[009005, 009002, 009001, 009000, 009003, 009004, 009006]
1759	9	009005	009006	30	8.0	7.0	0,951	true	[009005, 009002, 009001, 009000, 009006]
1760	9	009005	009006	31	8.0	8.0	0,876	true	[009005, 009002, 009001, 009004, 009003, 009000, 009006]
1761	9	009005	009006	32	8.0	5.0	0,970	true	[009005, 009002, 009001, 009004, 009006]
1762	9	009005	009006	33	8.0	7.0	0,950	true	[009005, 009002, 009001, 009006]
1763	9	009005	009006	34	8.0	5.0	0,885	true	[009005, 009002, 009003, 009000, 009001, 009004, 009006]
1764	9	009005	009006	35	8.0	7.0	0,867	true	[009005, 009002, 009003, 009000, 009001, 009006]
1765	9	009005	009006	36	8.0	8.0	0,885	true	[009005, 009002, 009003, 009000, 009006]
1766	9	009005	009006	37	8.0	7.0	0,885	true	[009005, 009002, 009003, 009004, 009001, 009000, 009006]
1767	9	009005	009006	38	8.0	7.0	0,885	true	[009005, 009002, 009003, 009004, 009001, 009006]
1768	9	009005	009006	39	8.0	5.0	0,922	true	[009005, 009002, 009003, 009004, 009006]
1769	9	009005	009006	40	8.0	7.0	0,932	true	[009005, 009002, 009004, 009001, 009000, 009006]
1770	9	009005	009006	41	8.0	7.0	0,931	true	[009005, 009002, 009004, 009001, 009006]
1771	9	009005	009006	42	8.0	7.0	0,858	true	[009005, 009002, 009004, 009003, 009000, 009001, 009006]
1772	9	009005	009006	43	8.0	7.0	0,876	true	[009005, 009002, 009004, 009003, 009000, 009006]
1773	9	009005	009006	44	8.0	5.0	0,970	true	[009005, 009002, 009004, 009006]
1774	9	009005	009006	45	8.0	4.0	0,990	true	[009005, 009002, 009006]
1775	9	009005	009006	46	11.0	3.0	0,858	true	[009005, 009003, 009000, 009001, 009002, 009004, 009006]
1776	9	009005	009006	47	11.0	3.0	0,876	true	[009005, 009003, 009000, 009001, 009002, 009006]
1777	9	009005	009006	48	11.0	3.0	0,858	true	[009005, 009003, 009000, 009001, 009004, 009002, 009006]
1778	9	009005	009006	49	11.0	3.0	0,876	true	[009005, 009003, 009000, 009001, 009004, 009006]
1779	9	009005	009006	50	11.0	3.0	0,858	true	[009005, 009003, 009000, 009001, 009006]
1780	9	009005	009006	51	7.0	3.0	0,832	true	[009005, 009003, 009000, 009002, 009001, 009004, 009006]
1781	9	009005	009006	52	7.0	3.0	0,815	true	[009005, 009003, 009000, 009002, 009001, 009006]
1782	9	009005	009006	53	7.0	3.0	0,799	true	[009005, 009003, 009000, 009002, 009004, 009001, 009006]
1783	9	009005	009006	54	7.0	3.0	0,832	true	[009005, 009003, 009000, 009002, 009004, 009006]
1784	9	009005	009006	55	7.0	3.0	0,849	true	[009005, 009003, 009000, 009002, 009006]
1785	9	009005	009006	56	11.0	3.0	0,875	true	[009005, 009003, 009000, 009006]
1786	9	009005	009006	57	7.0	3.0	0,841	true	[009005, 009003, 009002, 009000, 009001, 009004, 009006]
1787	9	009005	009006	58	7.0	3.0	0,823	true	[009005, 009003, 009002, 009000, 009001, 009006]
1788	9	009005	009006	59	7.0	3.0	0,840	true	[009005, 009003, 009002, 009000, 009006]
1789	9	009005	009006	60	17.0	3.0	0,867	true	[009005, 009003, 009002, 009001, 009000, 009006]
1790	9	009005	009006	61	17.0	3.0	0,885	true	[009005, 009003, 009002, 009001, 009004, 009006]
1791	9	009005	009006	62	17.0	3.0	0,867	true	[009005, 009003, 009002, 009001, 009006]
1792	9	009005	009006	63	20.0	3.0	0,850	true	[009005, 009003, 009002, 009004, 009001, 009000, 009006]
1793	9	009005	009006	64	23.0	3.0	0,849	true	[009005, 009003, 009002, 009004, 009001, 009006]
1794	9	009005	009006	65	23.0	3.0	0,885	true	[009005, 009003, 009002, 009004, 009006]
1795	9	009005	009006	66	11.0	3.0	0,903	true	[009005, 009003, 009002, 009006]
1796	9	009005	009006	67	7.0	3.0	0,849	true	[009005, 009003, 009004, 009001, 009000, 009002, 009006]
1797	9	009005	009006	68	20.0	3.0	0,876	true	[009005, 009003, 009004, 009001, 009000, 009006]
1798	9	009005	009006	69	7.0	3.0	0,832	true	[009005, 009003, 009004, 009001, 009002, 009000, 009006]
1799	9	009005	009006	70	11.0	3.0	0,894	true	[009005, 009003, 009004, 009001, 009002, 009006]
1800	9	009005	009006	71	24.0	3.0	0,876	true	[009005, 009003, 009004, 009001, 009006]
1801	9	009005	009006	72	7.0	3.0	0,815	true	[009005, 009003, 009004, 009002, 009000, 009001, 009006]
1802	9	009005	009006	73	7.0	3.0	0,832	true	[009005, 009003, 009004, 009002, 009000, 009006]
1803	9	009005	009006	74	17.0	3.0	0,859	true	[009005, 009003, 009004, 009002, 009001, 009000, 009006]
1804	9	009005	009006	75	17.0	3.0	0,858	true	[009005, 009003, 009004, 009002, 009001, 009006]
1805	9	009005	009006	76	11.0	3.0	0,894	true	[009005, 009003, 009004, 009002, 009006]
1806	9	009005	009006	77	26.0	3.0	0,912	true	[009005, 009003, 009004, 009006]
1807	9	009005	009006	78	7.0	3.0	0,876	true	[009005, 009004, 009001, 009000, 009002, 009006]
1808	9	009005	009006	79	11.0	3.0	0,841	true	[009005, 009004, 009001, 009000, 009003, 009002, 009006]
1809	9	009005	009006	80	12.0	3.0	0,903	true	[009005, 009004, 009001, 009000, 009006]
1810	9	009005	009006	81	7.0	3.0	0,858	true	[009005, 009004, 009001, 009002, 009000, 009006]
1811	9	009005	009006	82	11.0	3.0	0,824	true	[009005, 009004, 009001, 009002, 009003, 009000, 009006]
1812	9	009005	009006	83	11.0	3.0	0,922	true	[009005, 009004, 009001, 009002, 009006]
1813	9	009005	009006	84	12.0	3.0	0,903	true	[009005, 009004, 009001, 009006]
1814	9	009005	009006	85	7.0	3.0	0,841	true	[009005, 009004, 009002, 009000, 009001, 009006]
1815	9	009005	009006	86	7.0	3.0	0,858	true	[009005, 009004, 009002, 009000, 009006]
1816	9	009005	009006	87	12.0	3.0	0,885	true	[009005, 009004, 009002, 009001, 009000, 009006]
1817	9	009005	009006	88	12.0	3.0	0,885	true	[009005, 009004, 009002, 009001, 009006]
1818	9	009005	009006	89	11.0	3.0	0,807	true	[009005, 009004, 009002, 009003, 009000, 009001, 009006]
1819	9	009005	009006	90	11.0	3.0	0,824	true	[009005, 009004, 009002, 009003, 009000, 009006]
1820	9	009005	009006	91	11.0	3.0	0,922	true	[009005, 009004, 009002, 009006]
1821	9	009005	009006	92	11.0	3.0	0,849	true	[009005, 009004, 009003, 009000, 009001, 009002, 009006]
1822	9	009005	009006	93	11.0	3.0	0,832	true	[009005, 009004, 009003, 009000, 009001, 009006]
1823	9	009005	009006	94	7.0	3.0	0,790	true	[009005, 009004, 009003, 009000, 009002, 009001, 009006]
1824	9	009005	009006	95	7.0	3.0	0,823	true	[009005, 009004, 009003, 009000, 009002, 009006]
1825	9	009005	009006	96	11.0	3.0	0,849	true	[009005, 009004, 009003, 009000, 009006]
1826	9	009005	009006	97	7.0	3.0	0,799	true	[009005, 009004, 009003, 009002, 009000, 009001, 009006]
1827	9	009005	009006	98	7.0	3.0	0,815	true	[009005, 009004, 009003, 009002, 009000, 009006]
1828	9	009005	009006	99	12.0	3.0	0,841	true	[009005, 009004, 009003, 009002, 009001, 009000, 009006]
1829	9	009005	009006	100	12.0	3.0	0,841	true	[009005, 009004, 009003, 009002, 009001, 009006]
1830	9	009005	009006	101	11.0	3.0	0,876	true	[009005, 009004, 009003, 009002, 009006]
1831	9	009005	009006	102	12.0	3.0	0,941	true	[009005, 009004, 009006]
1832	9	009005	009006	103	35.0	9.0	1,000	true	[009005, 009006]
1833	10	010005	010001	0	13.0	3.0	0,960	true	[010005, 010000, 010001]
1834	10	010005	010001	1	13.0	9.0	0,960	true	[010005, 010000, 010002, 010001]
1835	10	010005	010001	2	13.0	6.0	0,912	true	[010005, 010000, 010002, 010004, 010001]
1836	10	010005	010001	3	6.0	4.0	0,904	true	[010005, 010000, 010002, 010004, 010003, 010006, 010001]
1837	10	010005	010001	4	13.0	4.0	0,912	true	[010005, 010000, 010003, 010004, 010001]
1838	10	010005	010001	5	13.0	4.0	0,904	true	[010005, 010000, 010003, 010004, 010002, 010001]
1839	10	010005	010001	6	6.0	4.0	0,941	true	[010005, 010000, 010003, 010006, 010001]
1840	10	010005	010001	7	13.0	6.0	0,941	true	[010005, 010000, 010004, 010001]
1841	10	010005	010001	8	13.0	9.0	0,931	true	[010005, 010000, 010004, 010002, 010001]
1842	10	010005	010001	9	6.0	4.0	0,932	true	[010005, 010000, 010004, 010003, 010006, 010001]
1843	10	010005	010001	10	7.0	4.0	0,941	true	[010005, 010000, 010006, 010001]
1844	10	010005	010001	11	6.0	4.0	0,876	true	[010005, 010000, 010006, 010003, 010004, 010001]
1845	10	010005	010001	12	6.0	4.0	0,868	true	[010005, 010000, 010006, 010003, 010004, 010002, 010001]
1846	10	010005	010001	13	17.0	7.0	1,000	true	[010005, 010001]
1847	10	010005	010001	14	6.0	3.0	0,931	true	[010005, 010002, 010000, 010001]
1848	10	010005	010001	15	6.0	4.0	0,885	true	[010005, 010002, 010000, 010003, 010004, 010001]
1849	10	010005	010001	16	6.0	4.0	0,913	true	[010005, 010002, 010000, 010003, 010006, 010001]
1850	10	010005	010001	17	6.0	6.0	0,912	true	[010005, 010002, 010000, 010004, 010001]
1851	10	010005	010001	18	6.0	4.0	0,904	true	[010005, 010002, 010000, 010004, 010003, 010006, 010001]
1852	10	010005	010001	19	6.0	4.0	0,913	true	[010005, 010002, 010000, 010006, 010001]
1853	10	010005	010001	20	6.0	4.0	0,850	true	[010005, 010002, 010000, 010006, 010003, 010004, 010001]
1854	10	010005	010001	21	6.0	9.0	0,931	true	[010005, 010002, 010001]
1855	10	010005	010001	22	6.0	3.0	0,903	true	[010005, 010002, 010004, 010000, 010001]
1856	10	010005	010001	23	6.0	4.0	0,885	true	[010005, 010002, 010004, 010000, 010003, 010006, 010001]
1857	10	010005	010001	24	6.0	4.0	0,885	true	[010005, 010002, 010004, 010000, 010006, 010001]
1858	10	010005	010001	25	6.0	6.0	0,885	true	[010005, 010002, 010004, 010001]
1859	10	010005	010001	26	6.0	3.0	0,876	true	[010005, 010002, 010004, 010003, 010000, 010001]
1860	10	010005	010001	27	6.0	4.0	0,859	true	[010005, 010002, 010004, 010003, 010000, 010006, 010001]
1861	10	010005	010001	28	6.0	3.0	0,841	true	[010005, 010002, 010004, 010003, 010006, 010000, 010001]
1862	10	010005	010001	29	6.0	4.0	0,876	true	[010005, 010002, 010004, 010003, 010006, 010001]
1863	10	010005	010001	30	12.0	3.0	0,960	true	[010005, 010003, 010000, 010001]
1864	10	010005	010001	31	12.0	7.0	0,960	true	[010005, 010003, 010000, 010002, 010001]
1865	10	010005	010001	32	12.0	6.0	0,912	true	[010005, 010003, 010000, 010002, 010004, 010001]
1866	10	010005	010001	33	12.0	6.0	0,941	true	[010005, 010003, 010000, 010004, 010001]
1867	10	010005	010001	34	12.0	7.0	0,931	true	[010005, 010003, 010000, 010004, 010002, 010001]
1868	10	010005	010001	35	7.0	4.0	0,941	true	[010005, 010003, 010000, 010006, 010001]
1869	10	010005	010001	36	12.0	3.0	0,951	true	[010005, 010003, 010004, 010000, 010001]
1870	10	010005	010001	37	12.0	4.0	0,951	true	[010005, 010003, 010004, 010000, 010002, 010001]
1871	10	010005	010001	38	7.0	4.0	0,932	true	[010005, 010003, 010004, 010000, 010006, 010001]
1872	10	010005	010001	39	12.0	4.0	0,931	true	[010005, 010003, 010004, 010001]
1873	10	010005	010001	40	12.0	3.0	0,922	true	[010005, 010003, 010004, 010002, 010000, 010001]
1874	10	010005	010001	41	7.0	4.0	0,904	true	[010005, 010003, 010004, 010002, 010000, 010006, 010001]
1875	10	010005	010001	42	12.0	4.0	0,922	true	[010005, 010003, 010004, 010002, 010001]
1876	10	010005	010001	43	6.0	3.0	0,922	true	[010005, 010003, 010006, 010000, 010001]
1877	10	010005	010001	44	6.0	9.0	0,922	true	[010005, 010003, 010006, 010000, 010002, 010001]
1878	10	010005	010001	45	6.0	6.0	0,876	true	[010005, 010003, 010006, 010000, 010002, 010004, 010001]
1879	10	010005	010001	46	6.0	6.0	0,903	true	[010005, 010003, 010006, 010000, 010004, 010001]
1880	10	010005	010001	47	6.0	9.0	0,894	true	[010005, 010003, 010006, 010000, 010004, 010002, 010001]
1881	10	010005	010001	48	6.0	4.0	0,960	true	[010005, 010003, 010006, 010001]
1882	10	010005	010001	49	13.0	3.0	0,922	true	[010005, 010004, 010000, 010001]
1883	10	010005	010001	50	13.0	5.0	0,922	true	[010005, 010004, 010000, 010002, 010001]
1884	10	010005	010001	51	6.0	4.0	0,903	true	[010005, 010004, 010000, 010003, 010006, 010001]
1885	10	010005	010001	52	7.0	4.0	0,903	true	[010005, 010004, 010000, 010006, 010001]
1886	10	010005	010001	53	13.0	5.0	0,903	true	[010005, 010004, 010001]
1887	10	010005	010001	54	13.0	3.0	0,894	true	[010005, 010004, 010002, 010000, 010001]
1888	10	010005	010001	55	6.0	4.0	0,876	true	[010005, 010004, 010002, 010000, 010003, 010006, 010001]
1889	10	010005	010001	56	7.0	4.0	0,876	true	[010005, 010004, 010002, 010000, 010006, 010001]
1890	10	010005	010001	57	13.0	5.0	0,894	true	[010005, 010004, 010002, 010001]
1891	10	010005	010001	58	13.0	3.0	0,894	true	[010005, 010004, 010003, 010000, 010001]
1892	10	010005	010001	59	13.0	4.0	0,894	true	[010005, 010004, 010003, 010000, 010002, 010001]
1893	10	010005	010001	60	7.0	4.0	0,876	true	[010005, 010004, 010003, 010000, 010006, 010001]
1894	10	010005	010001	61	6.0	3.0	0,858	true	[010005, 010004, 010003, 010006, 010000, 010001]
1895	10	010005	010001	62	6.0	4.0	0,858	true	[010005, 010004, 010003, 010006, 010000, 010002, 010001]
1896	10	010005	010001	63	6.0	4.0	0,894	true	[010005, 010004, 010003, 010006, 010001]
1897	10	010005	010001	64	18.0	3.0	0,922	true	[010005, 010006, 010000, 010001]
1898	10	010005	010001	65	30.0	9.0	0,922	true	[010005, 010006, 010000, 010002, 010001]
1899	10	010005	010001	66	30.0	6.0	0,876	true	[010005, 010006, 010000, 010002, 010004, 010001]
1900	10	010005	010001	67	25.0	4.0	0,876	true	[010005, 010006, 010000, 010003, 010004, 010001]
1901	10	010005	010001	68	25.0	4.0	0,868	true	[010005, 010006, 010000, 010003, 010004, 010002, 010001]
1902	10	010005	010001	69	20.0	6.0	0,903	true	[010005, 010006, 010000, 010004, 010001]
1903	10	010005	010001	70	20.0	9.0	0,894	true	[010005, 010006, 010000, 010004, 010002, 010001]
1904	10	010005	010001	71	7.0	4.0	0,960	true	[010005, 010006, 010001]
1905	10	010005	010001	72	6.0	3.0	0,922	true	[010005, 010006, 010003, 010000, 010001]
1906	10	010005	010001	73	6.0	7.0	0,922	true	[010005, 010006, 010003, 010000, 010002, 010001]
1907	10	010005	010001	74	6.0	6.0	0,876	true	[010005, 010006, 010003, 010000, 010002, 010004, 010001]
1908	10	010005	010001	75	6.0	6.0	0,903	true	[010005, 010006, 010003, 010000, 010004, 010001]
1909	10	010005	010001	76	6.0	7.0	0,895	true	[010005, 010006, 010003, 010000, 010004, 010002, 010001]
1910	10	010005	010001	77	6.0	3.0	0,913	true	[010005, 010006, 010003, 010004, 010000, 010001]
1911	10	010005	010001	78	6.0	4.0	0,913	true	[010005, 010006, 010003, 010004, 010000, 010002, 010001]
1912	10	010005	010001	79	6.0	4.0	0,894	true	[010005, 010006, 010003, 010004, 010001]
1913	10	010005	010001	80	6.0	3.0	0,886	true	[010005, 010006, 010003, 010004, 010002, 010000, 010001]
1914	10	010005	010001	81	6.0	4.0	0,886	true	[010005, 010006, 010003, 010004, 010002, 010001]
1915	10	010005	010004	82	13.0	3.0	0,904	true	[010005, 010000, 010001, 010002, 010004]
1916	10	010005	010004	83	13.0	3.0	0,912	true	[010005, 010000, 010001, 010004]
1917	10	010005	010004	84	6.0	3.0	0,904	true	[010005, 010000, 010001, 010006, 010003, 010004]
1918	10	010005	010004	85	13.0	6.0	0,912	true	[010005, 010000, 010002, 010001, 010004]
1919	10	010005	010004	86	6.0	4.0	0,904	true	[010005, 010000, 010002, 010001, 010006, 010003, 010004]
1920	10	010005	010004	87	13.0	9.0	0,960	true	[010005, 010000, 010002, 010004]
1921	10	010005	010004	88	13.0	4.0	0,960	true	[010005, 010000, 010003, 010004]
1922	10	010005	010004	89	6.0	4.0	0,886	true	[010005, 010000, 010003, 010006, 010001, 010002, 010004]
1923	10	010005	010004	90	6.0	4.0	0,894	true	[010005, 010000, 010003, 010006, 010001, 010004]
1924	10	010005	010004	91	13.0	9.0	0,990	true	[010005, 010000, 010004]
1925	10	010005	010004	92	7.0	4.0	0,885	true	[010005, 010000, 010006, 010001, 010002, 010004]
1926	10	010005	010004	93	7.0	4.0	0,894	true	[010005, 010000, 010006, 010001, 010004]
1927	10	010005	010004	94	6.0	4.0	0,922	true	[010005, 010000, 010006, 010003, 010004]
1928	10	010005	010004	95	17.0	3.0	0,941	true	[010005, 010001, 010000, 010002, 010004]
1929	10	010005	010004	96	17.0	3.0	0,941	true	[010005, 010001, 010000, 010003, 010004]
1930	10	010005	010004	97	17.0	3.0	0,970	true	[010005, 010001, 010000, 010004]
1931	10	010005	010004	98	6.0	3.0	0,904	true	[010005, 010001, 010000, 010006, 010003, 010004]
1932	10	010005	010004	99	17.0	4.0	0,941	true	[010005, 010001, 010002, 010000, 010003, 010004]
1933	10	010005	010004	100	17.0	7.0	0,970	true	[010005, 010001, 010002, 010000, 010004]
1934	10	010005	010004	101	17.0	7.0	0,941	true	[010005, 010001, 010002, 010004]
1935	10	010005	010004	102	17.0	6.0	0,950	true	[010005, 010001, 010004]
1936	10	010005	010004	103	13.0	5.0	0,950	true	[010005, 010004]
1937	11	011001	011006	0	12.0	3.0	0,867	true	[011001, 011000, 011003, 011002, 011005, 011006]
1938	11	011001	011006	1	12.0	3.0	0,885	true	[011001, 011000, 011003, 011002, 011006]
1939	11	011001	011006	2	8.0	3.0	0,894	true	[011001, 011000, 011003, 011004, 011006]
1940	11	011001	011006	3	18.0	3.0	0,894	true	[011001, 011000, 011003, 011005, 011002, 011006]
1941	11	011001	011006	4	18.0	3.0	0,894	true	[011001, 011000, 011003, 011005, 011006]
1942	11	011001	011006	5	18.0	3.0	0,960	true	[011001, 011000, 011003, 011006]
1943	11	011001	011006	6	8.0	3.0	0,841	true	[011001, 011000, 011004, 011003, 011002, 011005, 011006]
1944	11	011001	011006	7	8.0	4.0	0,858	true	[011001, 011000, 011004, 011003, 011002, 011006]
1945	11	011001	011006	8	8.0	3.0	0,867	true	[011001, 011000, 011004, 011003, 011005, 011002, 011006]
1946	11	011001	011006	9	8.0	4.0	0,867	true	[011001, 011000, 011004, 011003, 011005, 011006]
1947	11	011001	011006	10	8.0	4.0	0,931	true	[011001, 011000, 011004, 011003, 011006]
1948	11	011001	011006	11	17.0	3.0	0,960	true	[011001, 011000, 011004, 011006]
1949	11	011001	011006	12	8.0	3.0	0,849	true	[011001, 011000, 011005, 011002, 011003, 011004, 011006]
1950	11	011001	011006	13	12.0	3.0	0,912	true	[011001, 011000, 011005, 011002, 011003, 011006]
1951	11	011001	011006	14	30.0	3.0	0,931	true	[011001, 011000, 011005, 011002, 011006]
1952	11	011001	011006	15	12.0	5.0	0,867	true	[011001, 011000, 011005, 011003, 011002, 011006]
1953	11	011001	011006	16	8.0	3.0	0,876	true	[011001, 011000, 011005, 011003, 011004, 011006]
1954	11	011001	011006	17	30.0	5.0	0,941	true	[011001, 011000, 011005, 011003, 011006]
1955	11	011001	011006	18	30.0	5.0	0,931	true	[011001, 011000, 011005, 011006]
1956	11	011001	011006	19	12.0	3.0	0,876	true	[011001, 011002, 011003, 011000, 011004, 011006]
1957	11	011001	011006	20	12.0	3.0	0,849	true	[011001, 011002, 011003, 011000, 011005, 011006]
1958	11	011001	011006	21	8.0	4.0	0,824	true	[011001, 011002, 011003, 011004, 011000, 011005, 011006]
1959	11	011001	011006	22	8.0	3.0	0,884	true	[011001, 011002, 011003, 011004, 011006]
1960	11	011001	011006	23	12.0	3.0	0,858	true	[011001, 011002, 011003, 011005, 011000, 011004, 011006]
1961	11	011001	011006	24	12.0	7.0	0,885	true	[011001, 011002, 011003, 011005, 011006]
1962	11	011001	011006	25	12.0	7.0	0,950	true	[011001, 011002, 011003, 011006]
1963	11	011001	011006	26	8.0	3.0	0,858	true	[011001, 011002, 011005, 011000, 011003, 011004, 011006]
1964	11	011001	011006	27	18.0	3.0	0,922	true	[011001, 011002, 011005, 011000, 011003, 011006]
1965	11	011001	011006	28	8.0	3.0	0,894	true	[011001, 011002, 011005, 011000, 011004, 011003, 011006]
1966	11	011001	011006	29	17.0	3.0	0,922	true	[011001, 011002, 011005, 011000, 011004, 011006]
1967	11	011001	011006	30	17.0	3.0	0,885	true	[011001, 011002, 011005, 011003, 011000, 011004, 011006]
1968	11	011001	011006	31	8.0	3.0	0,894	true	[011001, 011002, 011005, 011003, 011004, 011006]
1969	11	011001	011006	32	37.0	3.0	0,960	true	[011001, 011002, 011005, 011003, 011006]
1970	11	011001	011006	33	34.0	3.0	0,950	true	[011001, 011002, 011005, 011006]
1971	11	011001	011006	34	37.0	7.0	0,970	true	[011001, 011002, 011006]
1972	11	011001	011006	35	17.0	3.0	0,913	true	[011001, 011003, 011000, 011004, 011006]
1973	11	011001	011006	36	18.0	3.0	0,885	true	[011001, 011003, 011000, 011005, 011002, 011006]
1974	11	011001	011006	37	18.0	3.0	0,885	true	[011001, 011003, 011000, 011005, 011006]
1975	11	011001	011006	38	12.0	3.0	0,867	true	[011001, 011003, 011002, 011005, 011000, 011004, 011006]
1976	11	011001	011006	39	12.0	3.0	0,894	true	[011001, 011003, 011002, 011005, 011006]
1977	11	011001	011006	40	12.0	7.0	0,912	true	[011001, 011003, 011002, 011006]
1978	11	011001	011006	41	8.0	3.0	0,859	true	[011001, 011003, 011004, 011000, 011005, 011002, 011006]
1979	11	011001	011006	42	8.0	4.0	0,858	true	[011001, 011003, 011004, 011000, 011005, 011006]
1980	11	011001	011006	43	8.0	3.0	0,922	true	[011001, 011003, 011004, 011006]
1981	11	011001	011006	44	17.0	3.0	0,895	true	[011001, 011003, 011005, 011000, 011004, 011006]
1982	11	011001	011006	45	23.0	3.0	0,922	true	[011001, 011003, 011005, 011002, 011006]
1983	11	011001	011006	46	23.0	7.0	0,922	true	[011001, 011003, 011005, 011006]
1984	11	011001	011006	47	23.0	9.0	0,990	true	[011001, 011003, 011006]
1985	11	011001	011006	48	12.0	3.0	0,841	true	[011001, 011004, 011000, 011003, 011002, 011005, 011006]
1986	11	011001	011006	49	12.0	3.0	0,858	true	[011001, 011004, 011000, 011003, 011002, 011006]
1987	11	011001	011006	50	17.0	3.0	0,868	true	[011001, 011004, 011000, 011003, 011005, 011002, 011006]
1988	11	011001	011006	51	17.0	3.0	0,867	true	[011001, 011004, 011000, 011003, 011005, 011006]
1989	11	011001	011006	52	17.0	3.0	0,931	true	[011001, 011004, 011000, 011003, 011006]
1990	11	011001	011006	53	12.0	3.0	0,885	true	[011001, 011004, 011000, 011005, 011002, 011003, 011006]
1991	11	011001	011006	54	17.0	3.0	0,904	true	[011001, 011004, 011000, 011005, 011002, 011006]
1992	11	011001	011006	55	12.0	4.0	0,841	true	[011001, 011004, 011000, 011005, 011003, 011002, 011006]
1993	11	011001	011006	56	17.0	4.0	0,913	true	[011001, 011004, 011000, 011005, 011003, 011006]
1994	11	011001	011006	57	17.0	4.0	0,903	true	[011001, 011004, 011000, 011005, 011006]
1995	11	011001	011006	58	8.0	3.0	0,841	true	[011001, 011004, 011003, 011000, 011005, 011002, 011006]
1996	11	011001	011006	59	8.0	3.0	0,841	true	[011001, 011004, 011003, 011000, 011005, 011006]
1997	11	011001	011006	60	8.0	3.0	0,849	true	[011001, 011004, 011003, 011002, 011005, 011006]
1998	11	011001	011006	61	8.0	4.0	0,867	true	[011001, 011004, 011003, 011002, 011006]
1999	11	011001	011006	62	8.0	3.0	0,876	true	[011001, 011004, 011003, 011005, 011002, 011006]
2000	11	011001	011006	63	8.0	4.0	0,876	true	[011001, 011004, 011003, 011005, 011006]
2001	11	011001	011006	64	8.0	4.0	0,941	true	[011001, 011004, 011003, 011006]
2002	11	011001	011006	65	41.0	3.0	0,970	true	[011001, 011004, 011006]
2003	11	011001	011006	66	12.0	3.0	0,824	true	[011001, 011005, 011000, 011003, 011002, 011006]
2004	11	011001	011006	67	8.0	3.0	0,832	true	[011001, 011005, 011000, 011003, 011004, 011006]
2005	11	011001	011006	68	16.0	3.0	0,894	true	[011001, 011005, 011000, 011003, 011006]
2006	11	011001	011006	69	8.0	4.0	0,799	true	[011001, 011005, 011000, 011004, 011003, 011002, 011006]
2007	11	011001	011006	70	8.0	4.0	0,867	true	[011001, 011005, 011000, 011004, 011003, 011006]
2008	11	011001	011006	71	16.0	3.0	0,894	true	[011001, 011005, 011000, 011004, 011006]
2009	11	011001	011006	72	12.0	3.0	0,832	true	[011001, 011005, 011002, 011003, 011000, 011004, 011006]
2010	11	011001	011006	73	8.0	3.0	0,841	true	[011001, 011005, 011002, 011003, 011004, 011006]
2011	11	011001	011006	74	12.0	3.0	0,903	true	[011001, 011005, 011002, 011003, 011006]
2012	11	011001	011006	75	16.0	3.0	0,922	true	[011001, 011005, 011002, 011006]
2013	11	011001	011006	76	16.0	3.0	0,859	true	[011001, 011005, 011003, 011000, 011004, 011006]
2014	11	011001	011006	77	12.0	5.0	0,858	true	[011001, 011005, 011003, 011002, 011006]
2015	11	011001	011006	78	8.0	3.0	0,867	true	[011001, 011005, 011003, 011004, 011006]
2016	11	011001	011006	79	16.0	5.0	0,931	true	[011001, 011005, 011003, 011006]
2017	11	011001	011006	80	16.0	5.0	0,922	true	[011001, 011005, 011006]
2018	11	011001	011006	81	6.0	8.0	0,960	true	[011001, 011006]
2019	11	011001	011005	82	12.0	3.0	0,903	true	[011001, 011000, 011003, 011002, 011005]
2020	11	011001	011005	83	12.0	3.0	0,849	true	[011001, 011000, 011003, 011002, 011006, 011005]
2021	11	011001	011005	84	8.0	3.0	0,858	true	[011001, 011000, 011003, 011004, 011006, 011002, 011005]
2022	11	011001	011005	85	8.0	3.0	0,858	true	[011001, 011000, 011003, 011004, 011006, 011005]
2023	11	011001	011005	86	18.0	3.0	0,931	true	[011001, 011000, 011003, 011005]
2024	11	011001	011005	87	18.0	3.0	0,922	true	[011001, 011000, 011003, 011006, 011002, 011005]
2025	11	011001	011005	88	18.0	3.0	0,922	true	[011001, 011000, 011003, 011006, 011005]
2026	11	011001	011005	89	8.0	3.0	0,876	true	[011001, 011000, 011004, 011003, 011002, 011005]
2027	11	011001	011005	90	8.0	4.0	0,824	true	[011001, 011000, 011004, 011003, 011002, 011006, 011005]
2028	11	011001	011005	91	8.0	4.0	0,903	true	[011001, 011000, 011004, 011003, 011005]
2029	11	011001	011005	92	8.0	3.0	0,894	true	[011001, 011000, 011004, 011003, 011006, 011002, 011005]
2030	11	011001	011005	93	8.0	4.0	0,894	true	[011001, 011000, 011004, 011003, 011006, 011005]
2031	11	011001	011005	94	12.0	3.0	0,858	true	[011001, 011000, 011004, 011006, 011002, 011003, 011005]
2032	11	011001	011005	95	17.0	3.0	0,922	true	[011001, 011000, 011004, 011006, 011002, 011005]
2033	11	011001	011005	96	12.0	3.0	0,903	true	[011001, 011000, 011004, 011006, 011003, 011002, 011005]
2034	11	011001	011005	97	17.0	3.0	0,932	true	[011001, 011000, 011004, 011006, 011003, 011005]
2035	11	011001	011005	98	17.0	3.0	0,922	true	[011001, 011000, 011004, 011006, 011005]
2036	11	011001	011005	99	30.0	5.0	0,970	true	[011001, 011000, 011005]
2037	11	011001	011005	100	12.0	3.0	0,841	true	[011001, 011002, 011003, 011000, 011004, 011006, 011005]
2038	11	011001	011005	101	12.0	3.0	0,885	true	[011001, 011002, 011003, 011000, 011005]
2039	11	011001	011005	102	12.0	7.0	0,922	true	[011001, 011002, 011003, 011005]
2040	11	011001	011005	103	37.0	3.0	0,990	true	[011001, 011002, 011005]
2041	11	011001	011005	104	16.0	5.0	0,960	true	[011001, 011005]
2042	12	012003	012004	0	6.0	4.0	0,922	true	[012003, 012002, 012000, 012005, 012001, 012004]
2043	12	012003	012004	1	36.0	5.0	0,922	true	[012003, 012002, 012000, 012005, 012004]
2044	12	012003	012004	2	39.0	6.0	0,931	true	[012003, 012002, 012004]
2045	12	012003	012004	3	6.0	4.0	0,941	true	[012003, 012002, 012005, 012001, 012004]
2046	12	012003	012004	4	22.0	5.0	0,941	true	[012003, 012002, 012005, 012004]
2047	12	012003	012004	5	38.0	5.0	0,922	true	[012003, 012002, 012006, 012001, 012004]
2048	12	012003	012004	6	6.0	4.0	0,904	true	[012003, 012002, 012006, 012001, 012005, 012004]
2049	12	012003	012004	7	47.0	7.0	1,000	true	[012003, 012004]
2050	12	012003	012004	8	6.0	3.0	0,885	true	[012003, 012005, 012000, 012002, 012004]
2051	12	012003	012004	9	6.0	3.0	0,876	true	[012003, 012005, 012000, 012002, 012006, 012001, 012004]
2052	12	012003	012004	10	6.0	3.0	0,950	true	[012003, 012005, 012001, 012004]
2053	12	012003	012004	11	6.0	3.0	0,867	true	[012003, 012005, 012001, 012006, 012002, 012004]
2054	12	012003	012004	12	6.0	3.0	0,903	true	[012003, 012005, 012002, 012004]
2055	12	012003	012004	13	6.0	3.0	0,894	true	[012003, 012005, 012002, 012006, 012001, 012004]
2056	12	012003	012004	14	6.0	3.0	0,950	true	[012003, 012005, 012004]
2057	12	012003	012004	15	52.0	5.0	0,960	true	[012003, 012006, 012001, 012004]
2058	12	012003	012004	16	6.0	4.0	0,876	true	[012003, 012006, 012001, 012005, 012000, 012002, 012004]
2059	12	012003	012004	17	6.0	4.0	0,894	true	[012003, 012006, 012001, 012005, 012002, 012004]
2060	12	012003	012004	18	6.0	4.0	0,941	true	[012003, 012006, 012001, 012005, 012004]
2061	12	012003	012004	19	6.0	4.0	0,941	true	[012003, 012006, 012002, 012000, 012005, 012001, 012004]
2062	12	012003	012004	20	36.0	5.0	0,941	true	[012003, 012006, 012002, 012000, 012005, 012004]
2063	12	012003	012004	21	38.0	7.0	0,950	true	[012003, 012006, 012002, 012004]
2064	12	012003	012004	22	6.0	4.0	0,960	true	[012003, 012006, 012002, 012005, 012001, 012004]
2065	12	012003	012004	23	22.0	5.0	0,960	true	[012003, 012006, 012002, 012005, 012004]
2066	13	013004	013002	0	16.0	3.0	0,922	true	[013004, 013000, 013001, 013002]
2067	13	013004	013002	1	16.0	3.0	0,858	true	[013004, 013000, 013001, 013003, 013005, 013002]
2068	13	013004	013002	2	16.0	3.0	0,868	true	[013004, 013000, 013001, 013003, 013006, 013005, 013002]
2069	13	013004	013002	3	16.0	3.0	0,867	true	[013004, 013000, 013001, 013006, 013003, 013005, 013002]
2070	13	013004	013002	4	16.0	3.0	0,932	true	[013004, 013000, 013001, 013006, 013005, 013002]
2071	13	013004	013002	5	38.0	6.0	0,960	true	[013004, 013000, 013002]
2072	13	013004	013002	6	7.0	3.0	0,858	true	[013004, 013000, 013003, 013001, 013002]
2073	13	013004	013002	7	7.0	3.0	0,867	true	[013004, 013000, 013003, 013001, 013006, 013005, 013002]
2074	13	013004	013002	8	7.0	3.0	0,867	true	[013004, 013000, 013003, 013005, 013002]
2075	13	013004	013002	9	7.0	3.0	0,841	true	[013004, 013000, 013003, 013005, 013006, 013001, 013002]
2076	13	013004	013002	10	7.0	3.0	0,867	true	[013004, 013000, 013003, 013006, 013001, 013002]
2077	13	013004	013002	11	7.0	3.0	0,876	true	[013004, 013000, 013003, 013006, 013005, 013002]
2078	13	013004	013002	12	39.0	5.0	0,913	true	[013004, 013000, 013006, 013001, 013002]
2079	13	013004	013002	13	30.0	5.0	0,850	true	[013004, 013000, 013006, 013001, 013003, 013005, 013002]
2080	13	013004	013002	14	26.0	6.0	0,850	true	[013004, 013000, 013006, 013003, 013001, 013002]
2081	13	013004	013002	15	26.0	6.0	0,858	true	[013004, 013000, 013006, 013003, 013005, 013002]
2082	13	013004	013002	16	43.0	6.0	0,922	true	[013004, 013000, 013006, 013005, 013002]
2083	13	013004	013002	17	30.0	6.0	0,824	true	[013004, 013000, 013006, 013005, 013003, 013001, 013002]
2084	13	013004	013002	18	7.0	3.0	0,932	true	[013004, 013001, 013000, 013002]
2085	13	013004	013002	19	7.0	3.0	0,841	true	[013004, 013001, 013000, 013003, 013005, 013002]
2086	13	013004	013002	20	7.0	3.0	0,850	true	[013004, 013001, 013000, 013003, 013006, 013005, 013002]
2087	13	013004	013002	21	7.0	3.0	0,833	true	[013004, 013001, 013000, 013006, 013003, 013005, 013002]
2088	13	013004	013002	22	7.0	3.0	0,895	true	[013004, 013001, 013000, 013006, 013005, 013002]
2089	13	013004	013002	23	7.0	6.0	0,931	true	[013004, 013001, 013002]
2090	13	013004	013002	24	7.0	3.0	0,867	true	[013004, 013001, 013003, 013000, 013002]
2091	13	013004	013002	25	7.0	3.0	0,833	true	[013004, 013001, 013003, 013000, 013006, 013005, 013002]
2092	13	013004	013002	26	7.0	6.0	0,867	true	[013004, 013001, 013003, 013005, 013002]
2093	13	013004	013002	27	7.0	6.0	0,833	true	[013004, 013001, 013003, 013005, 013006, 013000, 013002]
2094	13	013004	013002	28	7.0	6.0	0,859	true	[013004, 013001, 013003, 013006, 013000, 013002]
2095	13	013004	013002	29	7.0	6.0	0,876	true	[013004, 013001, 013003, 013006, 013005, 013002]
2096	13	013004	013002	30	7.0	5.0	0,922	true	[013004, 013001, 013006, 013000, 013002]
2097	13	013004	013002	31	7.0	3.0	0,832	true	[013004, 013001, 013006, 013000, 013003, 013005, 013002]
2098	13	013004	013002	32	7.0	3.0	0,876	true	[013004, 013001, 013006, 013003, 013000, 013002]
2099	13	013004	013002	33	7.0	5.0	0,876	true	[013004, 013001, 013006, 013003, 013005, 013002]
2100	13	013004	013002	34	7.0	5.0	0,941	true	[013004, 013001, 013006, 013005, 013002]
2101	13	013004	013002	35	7.0	3.0	0,849	true	[013004, 013001, 013006, 013005, 013003, 013000, 013002]
2102	13	013004	013002	36	7.0	3.0	0,867	true	[013004, 013003, 013000, 013001, 013002]
2103	13	013004	013002	37	7.0	3.0	0,876	true	[013004, 013003, 013000, 013001, 013006, 013005, 013002]
2104	13	013004	013002	38	7.0	3.0	0,903	true	[013004, 013003, 013000, 013002]
2105	13	013004	013002	39	7.0	3.0	0,858	true	[013004, 013003, 013000, 013006, 013001, 013002]
2106	13	013004	013002	40	7.0	3.0	0,867	true	[013004, 013003, 013000, 013006, 013005, 013002]
2107	13	013004	013002	41	16.0	3.0	0,894	true	[013004, 013003, 013001, 013000, 013002]
2108	13	013004	013002	42	16.0	3.0	0,859	true	[013004, 013003, 013001, 013000, 013006, 013005, 013002]
2109	13	013004	013002	43	22.0	6.0	0,894	true	[013004, 013003, 013001, 013002]
2110	13	013004	013002	44	22.0	5.0	0,885	true	[013004, 013003, 013001, 013006, 013000, 013002]
2111	13	013004	013002	45	22.0	5.0	0,903	true	[013004, 013003, 013001, 013006, 013005, 013002]
2112	13	013004	013002	46	22.0	6.0	0,903	true	[013004, 013003, 013005, 013002]
2113	13	013004	013002	47	16.0	3.0	0,833	true	[013004, 013003, 013005, 013006, 013000, 013001, 013002]
2114	13	013004	013002	48	22.0	6.0	0,867	true	[013004, 013003, 013005, 013006, 013000, 013002]
2115	13	013004	013002	49	16.0	3.0	0,876	true	[013004, 013003, 013005, 013006, 013001, 013000, 013002]
2116	13	013004	013002	50	22.0	5.0	0,876	true	[013004, 013003, 013005, 013006, 013001, 013002]
2117	13	013004	013002	51	16.0	3.0	0,859	true	[013004, 013003, 013006, 013000, 013001, 013002]
2118	13	013004	013002	52	22.0	6.0	0,894	true	[013004, 013003, 013006, 013000, 013002]
2119	13	013004	013002	53	16.0	3.0	0,904	true	[013004, 013003, 013006, 013001, 013000, 013002]
2120	13	013004	013002	54	22.0	5.0	0,903	true	[013004, 013003, 013006, 013001, 013002]
2121	13	013004	013002	55	22.0	6.0	0,913	true	[013004, 013003, 013006, 013005, 013002]
2122	13	013004	013002	56	48.0	4.0	0,980	true	[013004, 013005, 013002]
2123	13	013004	013002	57	7.0	3.0	0,849	true	[013004, 013005, 013003, 013000, 013001, 013002]
2124	13	013004	013002	58	7.0	3.0	0,884	true	[013004, 013005, 013003, 013000, 013002]
2125	13	013004	013002	59	7.0	3.0	0,840	true	[013004, 013005, 013003, 013000, 013006, 013001, 013002]
2126	13	013004	013002	60	16.0	3.0	0,876	true	[013004, 013005, 013003, 013001, 013000, 013002]
2127	13	013004	013002	61	30.0	4.0	0,876	true	[013004, 013005, 013003, 013001, 013002]
2128	13	013004	013002	62	30.0	4.0	0,867	true	[013004, 013005, 013003, 013001, 013006, 013000, 013002]
2129	13	013004	013002	63	16.0	3.0	0,841	true	[013004, 013005, 013003, 013006, 013000, 013001, 013002]
2130	13	013004	013002	64	26.0	4.0	0,876	true	[013004, 013005, 013003, 013006, 013000, 013002]
2131	13	013004	013002	65	16.0	3.0	0,885	true	[013004, 013005, 013003, 013006, 013001, 013000, 013002]
2132	13	013004	013002	66	26.0	4.0	0,885	true	[013004, 013005, 013003, 013006, 013001, 013002]
2133	13	013004	013002	67	16.0	3.0	0,903	true	[013004, 013005, 013006, 013000, 013001, 013002]
2134	13	013004	013002	68	38.0	4.0	0,941	true	[013004, 013005, 013006, 013000, 013002]
2135	13	013004	013002	69	7.0	3.0	0,841	true	[013004, 013005, 013006, 013000, 013003, 013001, 013002]
2136	13	013004	013002	70	16.0	3.0	0,951	true	[013004, 013005, 013006, 013001, 013000, 013002]
2137	13	013004	013002	71	39.0	4.0	0,950	true	[013004, 013005, 013006, 013001, 013002]
2138	13	013004	013002	72	7.0	3.0	0,885	true	[013004, 013005, 013006, 013001, 013003, 013000, 013002]
2139	13	013004	013002	73	7.0	3.0	0,858	true	[013004, 013005, 013006, 013003, 013000, 013001, 013002]
2140	13	013004	013002	74	7.0	3.0	0,894	true	[013004, 013005, 013006, 013003, 013000, 013002]
2141	13	013004	013002	75	16.0	3.0	0,885	true	[013004, 013005, 013006, 013003, 013001, 013000, 013002]
2142	13	013004	013002	76	26.0	4.0	0,885	true	[013004, 013005, 013006, 013003, 013001, 013002]
2143	13	013004	013002	77	16.0	3.0	0,903	true	[013004, 013006, 013000, 013001, 013002]
2144	13	013004	013002	78	16.0	3.0	0,841	true	[013004, 013006, 013000, 013001, 013003, 013005, 013002]
2145	13	013004	013002	79	38.0	6.0	0,941	true	[013004, 013006, 013000, 013002]
2146	13	013004	013002	80	7.0	3.0	0,841	true	[013004, 013006, 013000, 013003, 013001, 013002]
2147	13	013004	013002	81	7.0	3.0	0,849	true	[013004, 013006, 013000, 013003, 013005, 013002]
2148	13	013004	013002	82	16.0	3.0	0,951	true	[013004, 013006, 013001, 013000, 013002]
2149	13	013004	013002	83	7.0	3.0	0,858	true	[013004, 013006, 013001, 013000, 013003, 013005, 013002]
2150	13	013004	013002	84	39.0	5.0	0,950	true	[013004, 013006, 013001, 013002]
2151	13	013004	013002	85	7.0	3.0	0,885	true	[013004, 013006, 013001, 013003, 013000, 013002]
2152	13	013004	013002	86	30.0	5.0	0,885	true	[013004, 013006, 013001, 013003, 013005, 013002]
2153	13	013004	013002	87	7.0	3.0	0,858	true	[013004, 013006, 013003, 013000, 013001, 013002]
2154	13	013004	013002	88	7.0	3.0	0,894	true	[013004, 013006, 013003, 013000, 013002]
2155	13	013004	013002	89	16.0	3.0	0,885	true	[013004, 013006, 013003, 013001, 013000, 013002]
2156	13	013004	013002	90	26.0	6.0	0,885	true	[013004, 013006, 013003, 013001, 013002]
2157	13	013004	013002	91	26.0	6.0	0,894	true	[013004, 013006, 013003, 013005, 013002]
2158	13	013004	013002	92	48.0	6.0	0,960	true	[013004, 013006, 013005, 013002]
2159	13	013004	013002	93	7.0	3.0	0,832	true	[013004, 013006, 013005, 013003, 013000, 013001, 013002]
2160	13	013004	013002	94	7.0	3.0	0,867	true	[013004, 013006, 013005, 013003, 013000, 013002]
2161	13	013004	013002	95	16.0	3.0	0,858	true	[013004, 013006, 013005, 013003, 013001, 013000, 013002]
2162	13	013004	013002	96	30.0	6.0	0,858	true	[013004, 013006, 013005, 013003, 013001, 013002]
2163	13	013004	013003	97	16.0	3.0	0,858	true	[013004, 013000, 013001, 013002, 013005, 013003]
2164	13	013004	013003	98	16.0	3.0	0,868	true	[013004, 013000, 013001, 013002, 013005, 013006, 013003]
2165	13	013004	013003	99	16.0	3.0	0,922	true	[013004, 013000, 013001, 013003]
2166	13	013004	013003	100	16.0	3.0	0,932	true	[013004, 013000, 013001, 013006, 013003]
2167	13	013004	013003	101	7.0	3.0	0,931	true	[013004, 013000, 013003]
2168	13	013004	013003	102	22.0	8.0	0,970	true	[013004, 013003]
2169	-1	000001	001005	0	125.0	44.0	0,997	true	[000001, 001005]
2170	-1	000005	002003	0	150.0	25.0	0,998	true	[000005, 002003]
2171	-1	000002	007001	0	100.0	29.0	0,996	true	[000002, 007001]
2172	-1	001004	002005	0	125.0	43.0	0,995	true	[001004, 002005]
2173	-1	001006	003003	0	140.0	36.0	0,997	true	[001006, 003003]
2174	-1	002001	005006	0	130.0	26.0	0,998	true	[002001, 005006]
2175	-1	003001	004004	0	115.0	23.0	0,996	true	[003001, 004004]
2176	-1	003004	010005	0	150.0	42.0	0,995	true	[003004, 010005]
2177	-1	004002	005000	0	145.0	33.0	0,995	true	[004002, 005000]
2178	-1	004003	006002	0	105.0	48.0	0,996	true	[004003, 006002]
2179	-1	005003	009005	0	115.0	50.0	0,997	true	[005003, 009005]
2180	-1	005005	012003	0	120.0	28.0	0,998	true	[005005, 012003]
2181	-1	006000	007000	0	105.0	26.0	0,999	true	[006000, 007000]
2182	-1	007004	008001	0	150.0	45.0	0,999	true	[007004, 008001]
2183	-1	008002	009006	0	145.0	37.0	0,996	true	[008002, 009006]
2184	-1	008005	011001	0	125.0	41.0	0,999	true	[008005, 011001]
2185	-1	008004	013004	0	115.0	36.0	0,998	true	[008004, 013004]
2186	-1	010001	011006	0	150.0	34.0	0,996	true	[010001, 011006]
2187	-1	010004	013002	0	145.0	39.0	0,995	true	[010004, 013002]
2188	-1	011005	013003	0	135.0	30.0	0,999	true	[011005, 013003]
2189	-1	012004	013006	0	135.0	43.0	0,998	true	[012004, 013006]
