TransactionId	ASId	Ingress	Egress	PathletId	Bandwidth	Delay	Reliability	Status	Full Path
5098	0	000008	000006	0	8.0	3.0	0,850	true	[000008, 000000, 000001, 000002, 000003, 000004, 000005, 000006]
5099	0	000008	000006	1	8.0	3.0	0,791	true	[000008, 000000, 000001, 000002, 000003, 000004, 000005, 000009, 000006]
5100	0	000008	000006	2	8.0	3.0	0,752	true	[000008, 000000, 000001, 000002, 000003, 000004, 000005, 000009, 000007, 000006]
5101	0	000008	000006	3	9.0	3.0	0,808	true	[000008, 000000, 000001, 000002, 000003, 000004, 000007, 000006]
5102	0	000008	000006	4	9.0	3.0	0,760	true	[000008, 000000, 000001, 000002, 000003, 000004, 000007, 000009, 000005, 000006]
5103	0	000008	000006	5	9.0	3.0	0,767	true	[000008, 000000, 000001, 000002, 000003, 000004, 000007, 000009, 000006]
5104	0	000008	000006	6	5.0	3.0	0,876	true	[000008, 000000, 000001, 000002, 000003, 000006]
5105	0	000008	000006	7	8.0	3.0	0,752	true	[000008, 000000, 000001, 000002, 000003, 000009, 000005, 000004, 000007, 000006]
5106	0	000008	000006	8	9.0	3.0	0,808	true	[000008, 000000, 000001, 000002, 000003, 000009, 000005, 000006]
5107	0	000008	000006	9	9.0	3.0	0,816	true	[000008, 000000, 000001, 000002, 000003, 000009, 000006]
5108	0	000008	000006	10	8.0	3.0	0,767	true	[000008, 000000, 000001, 000002, 000003, 000009, 000007, 000004, 000005, 000006]
5109	0	000008	000006	11	9.0	3.0	0,775	true	[000008, 000000, 000001, 000002, 000003, 000009, 000007, 000006]
5110	0	000008	000006	12	5.0	3.0	0,877	true	[000008, 000000, 000001, 000002, 000004, 000003, 000006]
5111	0	000008	000006	13	9.0	3.0	0,808	true	[000008, 000000, 000001, 000002, 000004, 000003, 000009, 000005, 000006]
5112	0	000008	000006	14	9.0	3.0	0,816	true	[000008, 000000, 000001, 000002, 000004, 000003, 000009, 000006]
5113	0	000008	000006	15	9.0	3.0	0,775	true	[000008, 000000, 000001, 000002, 000004, 000003, 000009, 000007, 000006]
5114	0	000008	000006	16	8.0	3.0	0,886	true	[000008, 000000, 000001, 000002, 000004, 000005, 000006]
5115	0	000008	000006	17	5.0	3.0	0,816	true	[000008, 000000, 000001, 000002, 000004, 000005, 000009, 000003, 000006]
5116	0	000008	000006	18	8.0	3.0	0,824	true	[000008, 000000, 000001, 000002, 000004, 000005, 000009, 000006]
5117	0	000008	000006	19	8.0	3.0	0,783	true	[000008, 000000, 000001, 000002, 000004, 000005, 000009, 000007, 000006]
5118	0	000008	000006	20	9.0	3.0	0,841	true	[000008, 000000, 000001, 000002, 000004, 000007, 000006]
5119	0	000008	000006	21	5.0	3.0	0,791	true	[000008, 000000, 000001, 000002, 000004, 000007, 000009, 000003, 000006]
5120	0	000008	000006	22	9.0	3.0	0,791	true	[000008, 000000, 000001, 000002, 000004, 000007, 000009, 000005, 000006]
5121	0	000008	000006	23	9.0	3.0	0,799	true	[000008, 000000, 000001, 000002, 000004, 000007, 000009, 000006]
5122	0	000008	000006	24	5.0	3.0	0,859	true	[000008, 000000, 000001, 000002, 000005, 000004, 000003, 000006]
5123	0	000008	000006	25	7.0	3.0	0,800	true	[000008, 000000, 000001, 000002, 000005, 000004, 000003, 000009, 000006]
5124	0	000008	000006	26	7.0	3.0	0,760	true	[000008, 000000, 000001, 000002, 000005, 000004, 000003, 000009, 000007, 000006]
5125	0	000008	000006	27	7.0	3.0	0,825	true	[000008, 000000, 000001, 000002, 000005, 000004, 000007, 000006]
5126	0	000008	000006	28	5.0	3.0	0,775	true	[000008, 000000, 000001, 000002, 000005, 000004, 000007, 000009, 000003, 000006]
5127	0	000008	000006	29	7.0	3.0	0,783	true	[000008, 000000, 000001, 000002, 000005, 000004, 000007, 000009, 000006]
5128	0	000008	000006	30	7.0	3.0	0,885	true	[000008, 000000, 000001, 000002, 000005, 000006]
5129	0	000008	000006	31	7.0	3.0	0,752	true	[000008, 000000, 000001, 000002, 000005, 000009, 000003, 000004, 000007, 000006]
5130	0	000008	000006	32	5.0	3.0	0,816	true	[000008, 000000, 000001, 000002, 000005, 000009, 000003, 000006]
5131	0	000008	000006	33	7.0	3.0	0,824	true	[000008, 000000, 000001, 000002, 000005, 000009, 000006]
5132	0	000008	000006	34	5.0	3.0	0,768	true	[000008, 000000, 000001, 000002, 000005, 000009, 000007, 000004, 000003, 000006]
5133	0	000008	000006	35	7.0	3.0	0,783	true	[000008, 000000, 000001, 000002, 000005, 000009, 000007, 000006]
5134	0	000008	000006	36	9.0	3.0	0,904	true	[000008, 000000, 000001, 000002, 000006]
5135	0	000008	000006	37	8.0	3.0	0,850	true	[000008, 000000, 000001, 000002, 000009, 000003, 000004, 000005, 000006]
5136	0	000008	000006	38	9.0	3.0	0,808	true	[000008, 000000, 000001, 000002, 000009, 000003, 000004, 000007, 000006]
5137	0	000008	000006	39	5.0	3.0	0,876	true	[000008, 000000, 000001, 000002, 000009, 000003, 000006]
5138	0	000008	000006	40	5.0	3.0	0,850	true	[000008, 000000, 000001, 000002, 000009, 000005, 000004, 000003, 000006]
5139	0	000008	000006	41	8.0	3.0	0,816	true	[000008, 000000, 000001, 000002, 000009, 000005, 000004, 000007, 000006]
5140	0	000008	000006	42	9.0	3.0	0,876	true	[000008, 000000, 000001, 000002, 000009, 000005, 000006]
5141	0	000008	000006	43	9.0	3.0	0,885	true	[000008, 000000, 000001, 000002, 000009, 000006]
5142	0	000008	000006	44	5.0	3.0	0,824	true	[000008, 000000, 000001, 000002, 000009, 000007, 000004, 000003, 000006]
5143	0	000008	000006	45	8.0	3.0	0,833	true	[000008, 000000, 000001, 000002, 000009, 000007, 000004, 000005, 000006]
5144	0	000008	000006	46	9.0	3.0	0,841	true	[000008, 000000, 000001, 000002, 000009, 000007, 000006]
5145	0	000008	000006	47	5.0	3.0	0,868	true	[000008, 000000, 000001, 000004, 000002, 000003, 000006]
5146	0	000008	000006	48	10.0	3.0	0,800	true	[000008, 000000, 000001, 000004, 000002, 000003, 000009, 000005, 000006]
5147	0	000008	000006	49	10.0	3.0	0,808	true	[000008, 000000, 000001, 000004, 000002, 000003, 000009, 000006]
5148	0	000008	000006	50	10.0	3.0	0,767	true	[000008, 000000, 000001, 000004, 000002, 000003, 000009, 000007, 000006]
5149	0	000008	000006	51	7.0	3.0	0,877	true	[000008, 000000, 000001, 000004, 000002, 000005, 000006]
5150	0	000008	000006	52	5.0	3.0	0,808	true	[000008, 000000, 000001, 000004, 000002, 000005, 000009, 000003, 000006]
5151	0	000008	000006	53	7.0	3.0	0,816	true	[000008, 000000, 000001, 000004, 000002, 000005, 000009, 000006]
5152	0	000008	000006	54	7.0	3.0	0,775	true	[000008, 000000, 000001, 000004, 000002, 000005, 000009, 000007, 000006]
5153	0	000008	000006	55	10.0	3.0	0,895	true	[000008, 000000, 000001, 000004, 000002, 000006]
5154	0	000008	000006	56	5.0	3.0	0,868	true	[000008, 000000, 000001, 000004, 000002, 000009, 000003, 000006]
5155	0	000008	000006	57	10.0	3.0	0,868	true	[000008, 000000, 000001, 000004, 000002, 000009, 000005, 000006]
5156	0	000008	000006	58	10.0	3.0	0,876	true	[000008, 000000, 000001, 000004, 000002, 000009, 000006]
5157	0	000008	000006	59	10.0	3.0	0,833	true	[000008, 000000, 000001, 000004, 000002, 000009, 000007, 000006]
5158	0	000008	000006	60	7.0	4.0	0,842	true	[000008, 000000, 000001, 000004, 000003, 000002, 000005, 000006]
5159	0	000008	000006	61	7.0	3.0	0,783	true	[000008, 000000, 000001, 000004, 000003, 000002, 000005, 000009, 000006]
5160	0	000008	000006	62	7.0	4.0	0,744	true	[000008, 000000, 000001, 000004, 000003, 000002, 000005, 000009, 000007, 000006]
5161	0	000008	000006	63	10.0	4.0	0,859	true	[000008, 000000, 000001, 000004, 000003, 000002, 000006]
5162	0	000008	000006	64	10.0	4.0	0,833	true	[000008, 000000, 000001, 000004, 000003, 000002, 000009, 000005, 000006]
5163	0	000008	000006	65	10.0	3.0	0,841	true	[000008, 000000, 000001, 000004, 000003, 000002, 000009, 000006]
5164	0	000008	000006	66	10.0	4.0	0,799	true	[000008, 000000, 000001, 000004, 000003, 000002, 000009, 000007, 000006]
5165	0	000008	000006	67	5.0	4.0	0,904	true	[000008, 000000, 000001, 000004, 000003, 000006]
5166	0	000008	000006	68	7.0	4.0	0,842	true	[000008, 000000, 000001, 000004, 000003, 000009, 000002, 000005, 000006]
5167	0	000008	000006	69	10.0	4.0	0,859	true	[000008, 000000, 000001, 000004, 000003, 000009, 000002, 000006]
5168	0	000008	000006	70	7.0	4.0	0,800	true	[000008, 000000, 000001, 000004, 000003, 000009, 000005, 000002, 000006]
5169	0	000008	000006	71	10.0	4.0	0,833	true	[000008, 000000, 000001, 000004, 000003, 000009, 000005, 000006]
5170	0	000008	000006	72	10.0	3.0	0,841	true	[000008, 000000, 000001, 000004, 000003, 000009, 000006]
5171	0	000008	000006	73	10.0	4.0	0,799	true	[000008, 000000, 000001, 000004, 000003, 000009, 000007, 000006]
5172	0	000008	000006	74	5.0	5.0	0,850	true	[000008, 000000, 000001, 000004, 000005, 000002, 000003, 000006]
5173	0	000008	000006	75	7.0	3.0	0,791	true	[000008, 000000, 000001, 000004, 000005, 000002, 000003, 000009, 000006]
5174	0	000008	000006	76	7.0	4.0	0,752	true	[000008, 000000, 000001, 000004, 000005, 000002, 000003, 000009, 000007, 000006]
5175	0	000008	000006	77	7.0	4.0	0,877	true	[000008, 000000, 000001, 000004, 000005, 000002, 000006]
5176	0	000008	000006	78	5.0	4.0	0,850	true	[000008, 000000, 000001, 000004, 000005, 000002, 000009, 000003, 000006]
5177	0	000008	000006	79	7.0	3.0	0,859	true	[000008, 000000, 000001, 000004, 000005, 000002, 000009, 000006]
5178	0	000008	000006	80	7.0	4.0	0,816	true	[000008, 000000, 000001, 000004, 000005, 000002, 000009, 000007, 000006]
5179	0	000008	000006	81	8.0	6.0	0,913	true	[000008, 000000, 000001, 000004, 000005, 000006]
5180	0	000008	000006	82	5.0	4.0	0,841	true	[000008, 000000, 000001, 000004, 000005, 000009, 000002, 000003, 000006]
5181	0	000008	000006	83	8.0	4.0	0,868	true	[000008, 000000, 000001, 000004, 000005, 000009, 000002, 000006]
5182	0	000008	000006	84	8.0	4.0	0,800	true	[000008, 000000, 000001, 000004, 000005, 000009, 000003, 000002, 000006]
5183	0	000008	000006	85	5.0	5.0	0,841	true	[000008, 000000, 000001, 000004, 000005, 000009, 000003, 000006]
5184	0	000008	000006	86	8.0	3.0	0,850	true	[000008, 000000, 000001, 000004, 000005, 000009, 000006]
5185	0	000008	000006	87	8.0	4.0	0,807	true	[000008, 000000, 000001, 000004, 000005, 000009, 000007, 000006]
5186	0	000008	000006	88	10.0	4.0	0,867	true	[000008, 000000, 000001, 000004, 000007, 000006]
5187	0	000008	000006	89	5.0	4.0	0,816	true	[000008, 000000, 000001, 000004, 000007, 000009, 000002, 000003, 000006]
5188	0	000008	000006	90	7.0	4.0	0,824	true	[000008, 000000, 000001, 000004, 000007, 000009, 000002, 000005, 000006]
5189	0	000008	000006	91	10.0	4.0	0,841	true	[000008, 000000, 000001, 000004, 000007, 000009, 000002, 000006]
5190	0	000008	000006	92	7.0	4.0	0,760	true	[000008, 000000, 000001, 000004, 000007, 000009, 000003, 000002, 000005, 000006]
5191	0	000008	000006	93	10.0	4.0	0,775	true	[000008, 000000, 000001, 000004, 000007, 000009, 000003, 000002, 000006]
5192	0	000008	000006	94	5.0	4.0	0,816	true	[000008, 000000, 000001, 000004, 000007, 000009, 000003, 000006]
5193	0	000008	000006	95	5.0	4.0	0,760	true	[000008, 000000, 000001, 000004, 000007, 000009, 000005, 000002, 000003, 000006]
5194	0	000008	000006	96	7.0	4.0	0,783	true	[000008, 000000, 000001, 000004, 000007, 000009, 000005, 000002, 000006]
5195	0	000008	000006	97	10.0	4.0	0,816	true	[000008, 000000, 000001, 000004, 000007, 000009, 000005, 000006]
5196	0	000008	000006	98	10.0	3.0	0,824	true	[000008, 000000, 000001, 000004, 000007, 000009, 000006]
5197	0	000008	000006	99	5.0	3.0	0,842	true	[000008, 000000, 000001, 000007, 000004, 000002, 000003, 000006]
5198	0	000008	000006	100	6.0	3.0	0,776	true	[000008, 000000, 000001, 000007, 000004, 000002, 000003, 000009, 000005, 000006]
5199	0	000008	000006	101	6.0	3.0	0,783	true	[000008, 000000, 000001, 000007, 000004, 000002, 000003, 000009, 000006]
5200	0	000008	000006	102	6.0	3.0	0,868	true	[000008, 000000, 000001, 000007, 000004, 000002, 000006]
5201	0	000008	000006	103	6.0	5.0	0,894	true	[000008, 000000, 000001, 000007, 000006]
5202	0	000008	000006	104	31.0	3.0	0,950	true	[000008, 000006]
5203	1	001005	001006	0	5.0	5.0	0,858	true	[001005, 001000, 001001, 001002, 001003, 001006]
5204	1	001005	001006	1	5.0	3.0	0,824	true	[001005, 001000, 001001, 001002, 001003, 001007, 001004, 001006]
5205	1	001005	001006	2	5.0	5.0	0,850	true	[001005, 001000, 001001, 001002, 001003, 001007, 001006]
5206	1	001005	001006	3	5.0	3.0	0,808	true	[001005, 001000, 001001, 001002, 001003, 001007, 001008, 001009, 001004, 001006]
5207	1	001005	001006	4	5.0	3.0	0,791	true	[001005, 001000, 001001, 001002, 001003, 001008, 001007, 001004, 001006]
5208	1	001005	001006	5	5.0	5.0	0,816	true	[001005, 001000, 001001, 001002, 001003, 001008, 001007, 001006]
5209	1	001005	001006	6	5.0	3.0	0,824	true	[001005, 001000, 001001, 001002, 001003, 001008, 001009, 001004, 001006]
5210	1	001005	001006	7	5.0	5.0	0,800	true	[001005, 001000, 001001, 001002, 001003, 001008, 001009, 001004, 001007, 001006]
5211	1	001005	001006	8	5.0	3.0	0,841	true	[001005, 001000, 001001, 001002, 001003, 001009, 001004, 001006]
5212	1	001005	001006	9	5.0	3.0	0,816	true	[001005, 001000, 001001, 001002, 001003, 001009, 001004, 001007, 001006]
5213	1	001005	001006	10	5.0	3.0	0,808	true	[001005, 001000, 001001, 001002, 001003, 001009, 001008, 001007, 001004, 001006]
5214	1	001005	001006	11	5.0	3.0	0,833	true	[001005, 001000, 001001, 001002, 001003, 001009, 001008, 001007, 001006]
5215	1	001005	001006	12	5.0	3.0	0,904	true	[001005, 001000, 001001, 001002, 001004, 001006]
5216	1	001005	001006	13	5.0	5.0	0,850	true	[001005, 001000, 001001, 001002, 001004, 001007, 001003, 001006]
5217	1	001005	001006	14	5.0	5.0	0,877	true	[001005, 001000, 001001, 001002, 001004, 001007, 001006]
5218	1	001005	001006	15	5.0	5.0	0,816	true	[001005, 001000, 001001, 001002, 001004, 001007, 001008, 001003, 001006]
5219	1	001005	001006	16	5.0	3.0	0,833	true	[001005, 001000, 001001, 001002, 001004, 001007, 001008, 001009, 001003, 001006]
5220	1	001005	001006	17	5.0	3.0	0,868	true	[001005, 001000, 001001, 001002, 001004, 001009, 001003, 001006]
5221	1	001005	001006	18	5.0	3.0	0,859	true	[001005, 001000, 001001, 001002, 001004, 001009, 001003, 001007, 001006]
5222	1	001005	001006	19	5.0	3.0	0,825	true	[001005, 001000, 001001, 001002, 001004, 001009, 001003, 001008, 001007, 001006]
5223	1	001005	001006	20	5.0	5.0	0,850	true	[001005, 001000, 001001, 001002, 001004, 001009, 001008, 001003, 001006]
5224	1	001005	001006	21	5.0	5.0	0,842	true	[001005, 001000, 001001, 001002, 001004, 001009, 001008, 001003, 001007, 001006]
5225	1	001005	001006	22	5.0	5.0	0,833	true	[001005, 001000, 001001, 001002, 001004, 001009, 001008, 001007, 001003, 001006]
5226	1	001005	001006	23	5.0	5.0	0,859	true	[001005, 001000, 001001, 001002, 001004, 001009, 001008, 001007, 001006]
5227	1	001005	001006	24	5.0	3.0	0,841	true	[001005, 001000, 001001, 001003, 001002, 001004, 001006]
5228	1	001005	001006	25	5.0	5.0	0,816	true	[001005, 001000, 001001, 001003, 001002, 001004, 001007, 001006]
5229	1	001005	001006	26	5.0	5.0	0,799	true	[001005, 001000, 001001, 001003, 001002, 001004, 001009, 001008, 001007, 001006]
5230	1	001005	001006	27	5.0	5.0	0,885	true	[001005, 001000, 001001, 001003, 001006]
5231	1	001005	001006	28	5.0	3.0	0,850	true	[001005, 001000, 001001, 001003, 001007, 001004, 001006]
5232	1	001005	001006	29	5.0	5.0	0,876	true	[001005, 001000, 001001, 001003, 001007, 001006]
5233	1	001005	001006	30	5.0	3.0	0,833	true	[001005, 001000, 001001, 001003, 001007, 001008, 001009, 001004, 001006]
5234	1	001005	001006	31	5.0	3.0	0,816	true	[001005, 001000, 001001, 001003, 001008, 001007, 001004, 001006]
5235	1	001005	001006	32	5.0	5.0	0,841	true	[001005, 001000, 001001, 001003, 001008, 001007, 001006]
5236	1	001005	001006	33	5.0	3.0	0,850	true	[001005, 001000, 001001, 001003, 001008, 001009, 001004, 001006]
5237	1	001005	001006	34	5.0	5.0	0,824	true	[001005, 001000, 001001, 001003, 001008, 001009, 001004, 001007, 001006]
5238	1	001005	001006	35	5.0	3.0	0,867	true	[001005, 001000, 001001, 001003, 001009, 001004, 001006]
5239	1	001005	001006	36	5.0	3.0	0,841	true	[001005, 001000, 001001, 001003, 001009, 001004, 001007, 001006]
5240	1	001005	001006	37	5.0	3.0	0,833	true	[001005, 001000, 001001, 001003, 001009, 001008, 001007, 001004, 001006]
5241	1	001005	001006	38	5.0	3.0	0,859	true	[001005, 001000, 001001, 001003, 001009, 001008, 001007, 001006]
5242	1	001005	001006	39	5.0	4.0	0,832	true	[001005, 001000, 001001, 001004, 001002, 001003, 001006]
5243	1	001005	001006	40	5.0	4.0	0,824	true	[001005, 001000, 001001, 001004, 001002, 001003, 001007, 001006]
5244	1	001005	001006	41	5.0	4.0	0,791	true	[001005, 001000, 001001, 001004, 001002, 001003, 001008, 001007, 001006]
5245	1	001005	001006	42	5.0	3.0	0,807	true	[001005, 001000, 001001, 001004, 001002, 001003, 001009, 001008, 001007, 001006]
5246	1	001005	001006	43	5.0	3.0	0,894	true	[001005, 001000, 001001, 001004, 001006]
5247	1	001005	001006	44	5.0	4.0	0,841	true	[001005, 001000, 001001, 001004, 001007, 001003, 001006]
5248	1	001005	001006	45	5.0	4.0	0,867	true	[001005, 001000, 001001, 001004, 001007, 001006]
5249	1	001005	001006	46	5.0	4.0	0,808	true	[001005, 001000, 001001, 001004, 001007, 001008, 001003, 001006]
5250	1	001005	001006	47	5.0	3.0	0,824	true	[001005, 001000, 001001, 001004, 001007, 001008, 001009, 001003, 001006]
5251	1	001005	001006	48	5.0	3.0	0,859	true	[001005, 001000, 001001, 001004, 001009, 001003, 001006]
5252	1	001005	001006	49	5.0	3.0	0,850	true	[001005, 001000, 001001, 001004, 001009, 001003, 001007, 001006]
5253	1	001005	001006	50	5.0	3.0	0,816	true	[001005, 001000, 001001, 001004, 001009, 001003, 001008, 001007, 001006]
5254	1	001005	001006	51	5.0	4.0	0,841	true	[001005, 001000, 001001, 001004, 001009, 001008, 001003, 001006]
5255	1	001005	001006	52	5.0	4.0	0,833	true	[001005, 001000, 001001, 001004, 001009, 001008, 001003, 001007, 001006]
5256	1	001005	001006	53	5.0	4.0	0,824	true	[001005, 001000, 001001, 001004, 001009, 001008, 001007, 001003, 001006]
5257	1	001005	001006	54	5.0	4.0	0,850	true	[001005, 001000, 001001, 001004, 001009, 001008, 001007, 001006]
5258	1	001005	001006	55	5.0	5.0	0,922	true	[001005, 001000, 001001, 001006]
5259	1	001005	001006	56	5.0	3.0	0,850	true	[001005, 001000, 001001, 001007, 001003, 001002, 001004, 001006]
5260	1	001005	001006	57	5.0	5.0	0,895	true	[001005, 001000, 001001, 001007, 001003, 001006]
5261	1	001005	001006	58	5.0	3.0	0,859	true	[001005, 001000, 001001, 001007, 001003, 001008, 001009, 001004, 001006]
5262	1	001005	001006	59	5.0	3.0	0,877	true	[001005, 001000, 001001, 001007, 001003, 001009, 001004, 001006]
5263	1	001005	001006	60	5.0	5.0	0,833	true	[001005, 001000, 001001, 001007, 001004, 001002, 001003, 001006]
5264	1	001005	001006	61	5.0	3.0	0,895	true	[001005, 001000, 001001, 001007, 001004, 001006]
5265	1	001005	001006	62	5.0	3.0	0,859	true	[001005, 001000, 001001, 001007, 001004, 001009, 001003, 001006]
5266	1	001005	001006	63	5.0	5.0	0,842	true	[001005, 001000, 001001, 001007, 001004, 001009, 001008, 001003, 001006]
5267	1	001005	001006	64	5.0	5.0	0,922	true	[001005, 001000, 001001, 001007, 001006]
5268	1	001005	001006	65	5.0	3.0	0,816	true	[001005, 001000, 001001, 001007, 001008, 001003, 001002, 001004, 001006]
5269	1	001005	001006	66	5.0	5.0	0,859	true	[001005, 001000, 001001, 001007, 001008, 001003, 001006]
5270	1	001005	001006	67	5.0	3.0	0,842	true	[001005, 001000, 001001, 001007, 001008, 001003, 001009, 001004, 001006]
5271	1	001005	001006	68	5.0	3.0	0,833	true	[001005, 001000, 001001, 001007, 001008, 001009, 001003, 001002, 001004, 001006]
5272	1	001005	001006	69	5.0	3.0	0,877	true	[001005, 001000, 001001, 001007, 001008, 001009, 001003, 001006]
5273	1	001005	001006	70	5.0	5.0	0,816	true	[001005, 001000, 001001, 001007, 001008, 001009, 001004, 001002, 001003, 001006]
5274	1	001005	001006	71	5.0	3.0	0,877	true	[001005, 001000, 001001, 001007, 001008, 001009, 001004, 001006]
5275	1	001005	001006	72	5.0	3.0	0,816	true	[001005, 001000, 001001, 001008, 001003, 001002, 001004, 001006]
5276	1	001005	001006	73	5.0	5.0	0,791	true	[001005, 001000, 001001, 001008, 001003, 001002, 001004, 001007, 001006]
5277	1	001005	001006	74	5.0	5.0	0,858	true	[001005, 001000, 001001, 001008, 001003, 001006]
5278	1	001005	001006	75	5.0	3.0	0,824	true	[001005, 001000, 001001, 001008, 001003, 001007, 001004, 001006]
5279	1	001005	001006	76	5.0	5.0	0,850	true	[001005, 001000, 001001, 001008, 001003, 001007, 001006]
5280	1	001005	001006	77	5.0	3.0	0,841	true	[001005, 001000, 001001, 001008, 001003, 001009, 001004, 001006]
5281	1	001005	001006	78	5.0	3.0	0,816	true	[001005, 001000, 001001, 001008, 001003, 001009, 001004, 001007, 001006]
5282	1	001005	001006	79	5.0	3.0	0,799	true	[001005, 001000, 001001, 001008, 001007, 001003, 001002, 001004, 001006]
5283	1	001005	001006	80	5.0	5.0	0,841	true	[001005, 001000, 001001, 001008, 001007, 001003, 001006]
5284	1	001005	001006	81	5.0	3.0	0,825	true	[001005, 001000, 001001, 001008, 001007, 001003, 001009, 001004, 001006]
5285	1	001005	001006	82	5.0	5.0	0,783	true	[001005, 001000, 001001, 001008, 001007, 001004, 001002, 001003, 001006]
5286	1	001005	001006	83	5.0	3.0	0,841	true	[001005, 001000, 001001, 001008, 001007, 001004, 001006]
5287	1	001005	001006	84	5.0	3.0	0,808	true	[001005, 001000, 001001, 001008, 001007, 001004, 001009, 001003, 001006]
5288	1	001005	001006	85	5.0	5.0	0,867	true	[001005, 001000, 001001, 001008, 001007, 001006]
5289	1	001005	001006	86	5.0	3.0	0,832	true	[001005, 001000, 001001, 001008, 001009, 001003, 001002, 001004, 001006]
5290	1	001005	001006	87	5.0	3.0	0,807	true	[001005, 001000, 001001, 001008, 001009, 001003, 001002, 001004, 001007, 001006]
5291	1	001005	001006	88	5.0	3.0	0,876	true	[001005, 001000, 001001, 001008, 001009, 001003, 001006]
5292	1	001005	001006	89	5.0	3.0	0,841	true	[001005, 001000, 001001, 001008, 001009, 001003, 001007, 001004, 001006]
5293	1	001005	001006	90	5.0	3.0	0,867	true	[001005, 001000, 001001, 001008, 001009, 001003, 001007, 001006]
5294	1	001005	001006	91	5.0	5.0	0,816	true	[001005, 001000, 001001, 001008, 001009, 001004, 001002, 001003, 001006]
5295	1	001005	001006	92	5.0	5.0	0,808	true	[001005, 001000, 001001, 001008, 001009, 001004, 001002, 001003, 001007, 001006]
5296	1	001005	001006	93	5.0	3.0	0,876	true	[001005, 001000, 001001, 001008, 001009, 001004, 001006]
5297	1	001005	001006	94	5.0	5.0	0,824	true	[001005, 001000, 001001, 001008, 001009, 001004, 001007, 001003, 001006]
5298	1	001005	001006	95	5.0	5.0	0,850	true	[001005, 001000, 001001, 001008, 001009, 001004, 001007, 001006]
5299	1	001005	001006	96	5.0	3.0	0,824	true	[001005, 001000, 001002, 001001, 001003, 001006]
5300	1	001005	001006	97	5.0	3.0	0,791	true	[001005, 001000, 001002, 001001, 001003, 001007, 001004, 001006]
5301	1	001005	001006	98	5.0	3.0	0,816	true	[001005, 001000, 001002, 001001, 001003, 001007, 001006]
5302	1	001005	001006	99	5.0	3.0	0,775	true	[001005, 001000, 001002, 001001, 001003, 001007, 001008, 001009, 001004, 001006]
5303	1	001005	001006	100	5.0	3.0	0,760	true	[001005, 001000, 001002, 001001, 001003, 001008, 001007, 001004, 001006]
5304	1	001005	001006	101	5.0	3.0	0,783	true	[001005, 001000, 001002, 001001, 001003, 001008, 001007, 001006]
5305	1	001005	001006	102	5.0	3.0	0,858	true	[001005, 001000, 001002, 001001, 001006]
5306	1	001005	001006	103	5.0	7.0	0,941	true	[001005, 001000, 001006]
5307	1	001005	001006	104	28.0	6.0	0,960	true	[001005, 001006]
5308	2	002001	002007	0	15.0	3.0	0,824	true	[002001, 002000, 002002, 002003, 002004, 002005, 002007]
5309	2	002001	002007	1	15.0	3.0	0,841	true	[002001, 002000, 002002, 002003, 002004, 002005, 002008, 002007]
5310	2	002001	002007	2	15.0	4.0	0,849	true	[002001, 002000, 002002, 002003, 002004, 002006, 002007]
5311	2	002001	002007	3	13.0	4.0	0,885	true	[002001, 002000, 002002, 002003, 002004, 002007]
5312	2	002001	002007	4	15.0	3.0	0,832	true	[002001, 002000, 002002, 002003, 002004, 002008, 002005, 002007]
5313	2	002001	002007	5	15.0	3.0	0,850	true	[002001, 002000, 002002, 002003, 002004, 002008, 002007]
5314	2	002001	002007	6	16.0	3.0	0,832	true	[002001, 002000, 002002, 002003, 002005, 002004, 002006, 002007]
5315	2	002001	002007	7	13.0	3.0	0,867	true	[002001, 002000, 002002, 002003, 002005, 002004, 002007]
5316	2	002001	002007	8	16.0	3.0	0,833	true	[002001, 002000, 002002, 002003, 002005, 002004, 002008, 002007]
5317	2	002001	002007	9	19.0	4.0	0,876	true	[002001, 002000, 002002, 002003, 002005, 002007]
5318	2	002001	002007	10	19.0	3.0	0,841	true	[002001, 002000, 002002, 002003, 002005, 002008, 002004, 002006, 002007]
5319	2	002001	002007	11	13.0	3.0	0,876	true	[002001, 002000, 002002, 002003, 002005, 002008, 002004, 002007]
5320	2	002001	002007	12	19.0	3.0	0,894	true	[002001, 002000, 002002, 002003, 002005, 002008, 002007]
5321	2	002001	002007	13	7.0	3.0	0,816	true	[002001, 002000, 002002, 002003, 002006, 002004, 002005, 002007]
5322	2	002001	002007	14	7.0	3.0	0,833	true	[002001, 002000, 002002, 002003, 002006, 002004, 002005, 002008, 002007]
5323	2	002001	002007	15	7.0	4.0	0,876	true	[002001, 002000, 002002, 002003, 002006, 002004, 002007]
5324	2	002001	002007	16	7.0	3.0	0,824	true	[002001, 002000, 002002, 002003, 002006, 002004, 002008, 002005, 002007]
5325	2	002001	002007	17	7.0	3.0	0,841	true	[002001, 002000, 002002, 002003, 002006, 002004, 002008, 002007]
5326	2	002001	002007	18	7.0	4.0	0,931	true	[002001, 002000, 002002, 002003, 002006, 002007]
5327	2	002001	002007	19	19.0	4.0	0,922	true	[002001, 002000, 002002, 002003, 002007]
5328	2	002001	002007	20	16.0	3.0	0,799	true	[002001, 002000, 002002, 002003, 002008, 002004, 002005, 002007]
5329	2	002001	002007	21	19.0	4.0	0,824	true	[002001, 002000, 002002, 002003, 002008, 002004, 002006, 002007]
5330	2	002001	002007	22	13.0	4.0	0,858	true	[002001, 002000, 002002, 002003, 002008, 002004, 002007]
5331	2	002001	002007	23	16.0	3.0	0,815	true	[002001, 002000, 002002, 002003, 002008, 002005, 002004, 002006, 002007]
5332	2	002001	002007	24	13.0	3.0	0,850	true	[002001, 002000, 002002, 002003, 002008, 002005, 002004, 002007]
5333	2	002001	002007	25	19.0	3.0	0,858	true	[002001, 002000, 002002, 002003, 002008, 002005, 002007]
5334	2	002001	002007	26	19.0	3.0	0,876	true	[002001, 002000, 002002, 002003, 002008, 002007]
5335	2	002001	002007	27	14.0	3.0	0,816	true	[002001, 002000, 002002, 002003, 002009, 002005, 002004, 002006, 002007]
5336	2	002001	002007	28	13.0	3.0	0,850	true	[002001, 002000, 002002, 002003, 002009, 002005, 002004, 002007]
5337	2	002001	002007	29	14.0	3.0	0,816	true	[002001, 002000, 002002, 002003, 002009, 002005, 002004, 002008, 002007]
5338	2	002001	002007	30	14.0	4.0	0,859	true	[002001, 002000, 002002, 002003, 002009, 002005, 002007]
5339	2	002001	002007	31	14.0	3.0	0,824	true	[002001, 002000, 002002, 002003, 002009, 002005, 002008, 002004, 002006, 002007]
5340	2	002001	002007	32	13.0	3.0	0,859	true	[002001, 002000, 002002, 002003, 002009, 002005, 002008, 002004, 002007]
5341	2	002001	002007	33	14.0	3.0	0,877	true	[002001, 002000, 002002, 002003, 002009, 002005, 002008, 002007]
5342	2	002001	002007	34	15.0	4.0	0,841	true	[002001, 002000, 002002, 002004, 002003, 002005, 002007]
5343	2	002001	002007	35	15.0	3.0	0,858	true	[002001, 002000, 002002, 002004, 002003, 002005, 002008, 002007]
5344	2	002001	002007	36	7.0	4.0	0,894	true	[002001, 002000, 002002, 002004, 002003, 002006, 002007]
5345	2	002001	002007	37	15.0	4.0	0,885	true	[002001, 002000, 002002, 002004, 002003, 002007]
5346	2	002001	002007	38	15.0	3.0	0,824	true	[002001, 002000, 002002, 002004, 002003, 002008, 002005, 002007]
5347	2	002001	002007	39	15.0	3.0	0,841	true	[002001, 002000, 002002, 002004, 002003, 002008, 002007]
5348	2	002001	002007	40	14.0	4.0	0,824	true	[002001, 002000, 002002, 002004, 002003, 002009, 002005, 002007]
5349	2	002001	002007	41	14.0	3.0	0,841	true	[002001, 002000, 002002, 002004, 002003, 002009, 002005, 002008, 002007]
5350	2	002001	002007	42	7.0	3.0	0,876	true	[002001, 002000, 002002, 002004, 002005, 002003, 002006, 002007]
5351	2	002001	002007	43	16.0	3.0	0,867	true	[002001, 002000, 002002, 002004, 002005, 002003, 002007]
5352	2	002001	002007	44	16.0	3.0	0,824	true	[002001, 002000, 002002, 002004, 002005, 002003, 002008, 002007]
5353	2	002001	002007	45	16.0	3.0	0,876	true	[002001, 002000, 002002, 002004, 002005, 002007]
5354	2	002001	002007	46	7.0	3.0	0,858	true	[002001, 002000, 002002, 002004, 002005, 002008, 002003, 002006, 002007]
5355	2	002001	002007	47	16.0	3.0	0,850	true	[002001, 002000, 002002, 002004, 002005, 002008, 002003, 002007]
5356	2	002001	002007	48	16.0	3.0	0,894	true	[002001, 002000, 002002, 002004, 002005, 002008, 002007]
5357	2	002001	002007	49	7.0	3.0	0,859	true	[002001, 002000, 002002, 002004, 002005, 002009, 002003, 002006, 002007]
5358	2	002001	002007	50	14.0	3.0	0,850	true	[002001, 002000, 002002, 002004, 002005, 002009, 002003, 002007]
5359	2	002001	002007	51	14.0	3.0	0,808	true	[002001, 002000, 002002, 002004, 002005, 002009, 002003, 002008, 002007]
5360	2	002001	002007	52	7.0	4.0	0,833	true	[002001, 002000, 002002, 002004, 002006, 002003, 002005, 002007]
5361	2	002001	002007	53	7.0	3.0	0,850	true	[002001, 002000, 002002, 002004, 002006, 002003, 002005, 002008, 002007]
5362	2	002001	002007	54	7.0	4.0	0,876	true	[002001, 002000, 002002, 002004, 002006, 002003, 002007]
5363	2	002001	002007	55	7.0	3.0	0,815	true	[002001, 002000, 002002, 002004, 002006, 002003, 002008, 002005, 002007]
5364	2	002001	002007	56	7.0	3.0	0,832	true	[002001, 002000, 002002, 002004, 002006, 002003, 002008, 002007]
5365	2	002001	002007	57	7.0	4.0	0,816	true	[002001, 002000, 002002, 002004, 002006, 002003, 002009, 002005, 002007]
5366	2	002001	002007	58	7.0	3.0	0,833	true	[002001, 002000, 002002, 002004, 002006, 002003, 002009, 002005, 002008, 002007]
5367	2	002001	002007	59	17.0	4.0	0,903	true	[002001, 002000, 002002, 002004, 002006, 002007]
5368	2	002001	002007	60	13.0	4.0	0,941	true	[002001, 002000, 002002, 002004, 002007]
5369	2	002001	002007	61	17.0	4.0	0,816	true	[002001, 002000, 002002, 002004, 002008, 002003, 002005, 002007]
5370	2	002001	002007	62	7.0	4.0	0,867	true	[002001, 002000, 002002, 002004, 002008, 002003, 002006, 002007]
5371	2	002001	002007	63	17.0	4.0	0,858	true	[002001, 002000, 002002, 002004, 002008, 002003, 002007]
5372	2	002001	002007	64	14.0	4.0	0,799	true	[002001, 002000, 002002, 002004, 002008, 002003, 002009, 002005, 002007]
5373	2	002001	002007	65	7.0	3.0	0,885	true	[002001, 002000, 002002, 002004, 002008, 002005, 002003, 002006, 002007]
5374	2	002001	002007	66	17.0	3.0	0,877	true	[002001, 002000, 002002, 002004, 002008, 002005, 002003, 002007]
5375	2	002001	002007	67	17.0	3.0	0,885	true	[002001, 002000, 002002, 002004, 002008, 002005, 002007]
5376	2	002001	002007	68	7.0	3.0	0,868	true	[002001, 002000, 002002, 002004, 002008, 002005, 002009, 002003, 002006, 002007]
5377	2	002001	002007	69	14.0	3.0	0,859	true	[002001, 002000, 002002, 002004, 002008, 002005, 002009, 002003, 002007]
5378	2	002001	002007	70	17.0	3.0	0,904	true	[002001, 002000, 002002, 002004, 002008, 002007]
5379	2	002001	002007	71	15.0	4.0	0,815	true	[002001, 002000, 002002, 002005, 002003, 002004, 002006, 002007]
5380	2	002001	002007	72	13.0	4.0	0,850	true	[002001, 002000, 002002, 002005, 002003, 002004, 002007]
5381	2	002001	002007	73	15.0	3.0	0,816	true	[002001, 002000, 002002, 002005, 002003, 002004, 002008, 002007]
5382	2	002001	002007	74	7.0	4.0	0,841	true	[002001, 002000, 002002, 002005, 002003, 002006, 002004, 002007]
5383	2	002001	002007	75	7.0	3.0	0,808	true	[002001, 002000, 002002, 002005, 002003, 002006, 002004, 002008, 002007]
5384	2	002001	002007	76	7.0	4.0	0,894	true	[002001, 002000, 002002, 002005, 002003, 002006, 002007]
5385	2	002001	002007	77	19.0	4.0	0,885	true	[002001, 002000, 002002, 002005, 002003, 002007]
5386	2	002001	002007	78	19.0	4.0	0,791	true	[002001, 002000, 002002, 002005, 002003, 002008, 002004, 002006, 002007]
5387	2	002001	002007	79	13.0	4.0	0,824	true	[002001, 002000, 002002, 002005, 002003, 002008, 002004, 002007]
5388	2	002001	002007	80	19.0	3.0	0,841	true	[002001, 002000, 002002, 002005, 002003, 002008, 002007]
5389	2	002001	002007	81	7.0	3.0	0,841	true	[002001, 002000, 002002, 002005, 002004, 002003, 002006, 002007]
5390	2	002001	002007	82	15.0	3.0	0,832	true	[002001, 002000, 002002, 002005, 002004, 002003, 002007]
5391	2	002001	002007	83	15.0	3.0	0,791	true	[002001, 002000, 002002, 002005, 002004, 002003, 002008, 002007]
5392	2	002001	002007	84	7.0	3.0	0,824	true	[002001, 002000, 002002, 002005, 002004, 002006, 002003, 002007]
5393	2	002001	002007	85	7.0	3.0	0,783	true	[002001, 002000, 002002, 002005, 002004, 002006, 002003, 002008, 002007]
5394	2	002001	002007	86	16.0	3.0	0,849	true	[002001, 002000, 002002, 002005, 002004, 002006, 002007]
5395	2	002001	002007	87	13.0	3.0	0,885	true	[002001, 002000, 002002, 002005, 002004, 002007]
5396	2	002001	002007	88	7.0	3.0	0,816	true	[002001, 002000, 002002, 002005, 002004, 002008, 002003, 002006, 002007]
5397	2	002001	002007	89	16.0	3.0	0,807	true	[002001, 002000, 002002, 002005, 002004, 002008, 002003, 002007]
5398	2	002001	002007	90	16.0	3.0	0,850	true	[002001, 002000, 002002, 002005, 002004, 002008, 002007]
5399	2	002001	002007	91	19.0	4.0	0,894	true	[002001, 002000, 002002, 002005, 002007]
5400	2	002001	002007	92	15.0	3.0	0,798	true	[002001, 002000, 002002, 002005, 002008, 002003, 002004, 002006, 002007]
5401	2	002001	002007	93	13.0	3.0	0,832	true	[002001, 002000, 002002, 002005, 002008, 002003, 002004, 002007]
5402	2	002001	002007	94	7.0	3.0	0,824	true	[002001, 002000, 002002, 002005, 002008, 002003, 002006, 002004, 002007]
5403	2	002001	002007	95	7.0	3.0	0,876	true	[002001, 002000, 002002, 002005, 002008, 002003, 002006, 002007]
5404	2	002001	002007	96	19.0	3.0	0,867	true	[002001, 002000, 002002, 002005, 002008, 002003, 002007]
5405	2	002001	002007	97	7.0	3.0	0,850	true	[002001, 002000, 002002, 002005, 002008, 002004, 002003, 002006, 002007]
5406	2	002001	002007	98	15.0	3.0	0,841	true	[002001, 002000, 002002, 002005, 002008, 002004, 002003, 002007]
5407	2	002001	002007	99	7.0	3.0	0,833	true	[002001, 002000, 002002, 002005, 002008, 002004, 002006, 002003, 002007]
5408	2	002001	002007	100	19.0	3.0	0,858	true	[002001, 002000, 002002, 002005, 002008, 002004, 002006, 002007]
5409	2	002001	002007	101	13.0	3.0	0,894	true	[002001, 002000, 002002, 002005, 002008, 002004, 002007]
5410	2	002001	002007	102	19.0	3.0	0,913	true	[002001, 002000, 002002, 002005, 002008, 002007]
5411	2	002001	002007	103	5.0	4.0	0,960	true	[002001, 002000, 002002, 002007]
5412	3	003000	003009	0	10.0	3.0	0,783	true	[003000, 003001, 003002, 003003, 003004, 003005, 003006, 003007, 003009]
5413	3	003000	003009	1	10.0	4.0	0,808	true	[003000, 003001, 003002, 003003, 003004, 003005, 003006, 003009]
5414	3	003000	003009	2	10.0	3.0	0,808	true	[003000, 003001, 003002, 003003, 003004, 003005, 003007, 003006, 003009]
5415	3	003000	003009	3	10.0	4.0	0,833	true	[003000, 003001, 003002, 003003, 003004, 003005, 003007, 003009]
5416	3	003000	003009	4	10.0	3.0	0,791	true	[003000, 003001, 003002, 003003, 003004, 003005, 003008, 003006, 003007, 003009]
5417	3	003000	003009	5	10.0	4.0	0,816	true	[003000, 003001, 003002, 003003, 003004, 003005, 003008, 003006, 003009]
5418	3	003000	003009	6	10.0	5.0	0,816	true	[003000, 003001, 003002, 003003, 003004, 003005, 003009]
5419	3	003000	003009	7	10.0	4.0	0,825	true	[003000, 003001, 003002, 003003, 003004, 003006, 003005, 003007, 003009]
5420	3	003000	003009	8	10.0	5.0	0,808	true	[003000, 003001, 003002, 003003, 003004, 003006, 003005, 003009]
5421	3	003000	003009	9	10.0	3.0	0,808	true	[003000, 003001, 003002, 003003, 003004, 003006, 003007, 003005, 003009]
5422	3	003000	003009	10	10.0	3.0	0,825	true	[003000, 003001, 003002, 003003, 003004, 003006, 003007, 003009]
5423	3	003000	003009	11	10.0	4.0	0,833	true	[003000, 003001, 003002, 003003, 003004, 003006, 003008, 003005, 003007, 003009]
5424	3	003000	003009	12	10.0	4.0	0,816	true	[003000, 003001, 003002, 003003, 003004, 003006, 003008, 003005, 003009]
5425	3	003000	003009	13	10.0	4.0	0,850	true	[003000, 003001, 003002, 003003, 003004, 003006, 003009]
5426	3	003000	003009	14	10.0	4.0	0,842	true	[003000, 003001, 003002, 003003, 003004, 003007, 003005, 003006, 003009]
5427	3	003000	003009	15	10.0	4.0	0,850	true	[003000, 003001, 003002, 003003, 003004, 003007, 003005, 003008, 003006, 003009]
5428	3	003000	003009	16	10.0	5.0	0,850	true	[003000, 003001, 003002, 003003, 003004, 003007, 003005, 003009]
5429	3	003000	003009	17	10.0	3.0	0,800	true	[003000, 003001, 003002, 003003, 003004, 003007, 003006, 003005, 003009]
5430	3	003000	003009	18	10.0	3.0	0,808	true	[003000, 003001, 003002, 003003, 003004, 003007, 003006, 003008, 003005, 003009]
5431	3	003000	003009	19	10.0	3.0	0,842	true	[003000, 003001, 003002, 003003, 003004, 003007, 003006, 003009]
5432	3	003000	003009	20	10.0	4.0	0,868	true	[003000, 003001, 003002, 003003, 003004, 003007, 003009]
5433	3	003000	003009	21	10.0	3.0	0,800	true	[003000, 003001, 003002, 003003, 003004, 003008, 003005, 003006, 003007, 003009]
5434	3	003000	003009	22	10.0	4.0	0,825	true	[003000, 003001, 003002, 003003, 003004, 003008, 003005, 003006, 003009]
5435	3	003000	003009	23	10.0	3.0	0,825	true	[003000, 003001, 003002, 003003, 003004, 003008, 003005, 003007, 003006, 003009]
5436	3	003000	003009	24	10.0	4.0	0,850	true	[003000, 003001, 003002, 003003, 003004, 003008, 003005, 003007, 003009]
5437	3	003000	003009	25	10.0	5.0	0,833	true	[003000, 003001, 003002, 003003, 003004, 003008, 003005, 003009]
5438	3	003000	003009	26	10.0	4.0	0,825	true	[003000, 003001, 003002, 003003, 003004, 003008, 003006, 003005, 003007, 003009]
5439	3	003000	003009	27	10.0	4.0	0,808	true	[003000, 003001, 003002, 003003, 003004, 003008, 003006, 003005, 003009]
5440	3	003000	003009	28	10.0	3.0	0,808	true	[003000, 003001, 003002, 003003, 003004, 003008, 003006, 003007, 003005, 003009]
5441	3	003000	003009	29	10.0	3.0	0,825	true	[003000, 003001, 003002, 003003, 003004, 003008, 003006, 003007, 003009]
5442	3	003000	003009	30	10.0	4.0	0,850	true	[003000, 003001, 003002, 003003, 003004, 003008, 003006, 003009]
5443	3	003000	003009	31	10.0	5.0	0,841	true	[003000, 003001, 003002, 003003, 003004, 003009]
5444	3	003000	003009	32	10.0	3.0	0,800	true	[003000, 003001, 003002, 003003, 003005, 003004, 003006, 003007, 003009]
5445	3	003000	003009	33	10.0	4.0	0,824	true	[003000, 003001, 003002, 003003, 003005, 003004, 003006, 003009]
5446	3	003000	003009	34	10.0	3.0	0,816	true	[003000, 003001, 003002, 003003, 003005, 003004, 003007, 003006, 003009]
5447	3	003000	003009	35	10.0	4.0	0,841	true	[003000, 003001, 003002, 003003, 003005, 003004, 003007, 003009]
5448	3	003000	003009	36	10.0	3.0	0,800	true	[003000, 003001, 003002, 003003, 003005, 003004, 003008, 003006, 003007, 003009]
5449	3	003000	003009	37	10.0	4.0	0,825	true	[003000, 003001, 003002, 003003, 003005, 003004, 003008, 003006, 003009]
5450	3	003000	003009	38	10.0	5.0	0,816	true	[003000, 003001, 003002, 003003, 003005, 003004, 003009]
5451	3	003000	003009	39	10.0	4.0	0,833	true	[003000, 003001, 003002, 003003, 003005, 003006, 003004, 003007, 003009]
5452	3	003000	003009	40	10.0	6.0	0,808	true	[003000, 003001, 003002, 003003, 003005, 003006, 003004, 003009]
5453	3	003000	003009	41	10.0	3.0	0,800	true	[003000, 003001, 003002, 003003, 003005, 003006, 003007, 003004, 003009]
5454	3	003000	003009	42	10.0	3.0	0,842	true	[003000, 003001, 003002, 003003, 003005, 003006, 003007, 003009]
5455	3	003000	003009	43	10.0	4.0	0,833	true	[003000, 003001, 003002, 003003, 003005, 003006, 003008, 003004, 003007, 003009]
5456	3	003000	003009	44	10.0	4.0	0,808	true	[003000, 003001, 003002, 003003, 003005, 003006, 003008, 003004, 003009]
5457	3	003000	003009	45	10.0	4.0	0,868	true	[003000, 003001, 003002, 003003, 003005, 003006, 003009]
5458	3	003000	003009	46	10.0	4.0	0,859	true	[003000, 003001, 003002, 003003, 003005, 003007, 003004, 003006, 003009]
5459	3	003000	003009	47	10.0	4.0	0,859	true	[003000, 003001, 003002, 003003, 003005, 003007, 003004, 003008, 003006, 003009]
5460	3	003000	003009	48	10.0	6.0	0,850	true	[003000, 003001, 003002, 003003, 003005, 003007, 003004, 003009]
5461	3	003000	003009	49	10.0	3.0	0,808	true	[003000, 003001, 003002, 003003, 003005, 003007, 003006, 003004, 003009]
5462	3	003000	003009	50	10.0	3.0	0,808	true	[003000, 003001, 003002, 003003, 003005, 003007, 003006, 003008, 003004, 003009]
5463	3	003000	003009	51	10.0	3.0	0,868	true	[003000, 003001, 003002, 003003, 003005, 003007, 003006, 003009]
5464	3	003000	003009	52	10.0	4.0	0,895	true	[003000, 003001, 003002, 003003, 003005, 003007, 003009]
5465	3	003000	003009	53	10.0	3.0	0,817	true	[003000, 003001, 003002, 003003, 003005, 003008, 003004, 003006, 003007, 003009]
5466	3	003000	003009	54	10.0	4.0	0,842	true	[003000, 003001, 003002, 003003, 003005, 003008, 003004, 003006, 003009]
5467	3	003000	003009	55	10.0	3.0	0,833	true	[003000, 003001, 003002, 003003, 003005, 003008, 003004, 003007, 003006, 003009]
5468	3	003000	003009	56	10.0	4.0	0,859	true	[003000, 003001, 003002, 003003, 003005, 003008, 003004, 003007, 003009]
5469	3	003000	003009	57	10.0	6.0	0,833	true	[003000, 003001, 003002, 003003, 003005, 003008, 003004, 003009]
5470	3	003000	003009	58	10.0	4.0	0,842	true	[003000, 003001, 003002, 003003, 003005, 003008, 003006, 003004, 003007, 003009]
5471	3	003000	003009	59	10.0	4.0	0,816	true	[003000, 003001, 003002, 003003, 003005, 003008, 003006, 003004, 003009]
5472	3	003000	003009	60	10.0	3.0	0,808	true	[003000, 003001, 003002, 003003, 003005, 003008, 003006, 003007, 003004, 003009]
5473	3	003000	003009	61	10.0	3.0	0,850	true	[003000, 003001, 003002, 003003, 003005, 003008, 003006, 003007, 003009]
5474	3	003000	003009	62	10.0	4.0	0,877	true	[003000, 003001, 003002, 003003, 003005, 003008, 003006, 003009]
5475	3	003000	003009	63	10.0	7.0	0,877	true	[003000, 003001, 003002, 003003, 003005, 003009]
5476	3	003000	003009	64	10.0	5.0	0,876	true	[003000, 003001, 003002, 003003, 003009]
5477	3	003000	003009	65	5.0	3.0	0,825	true	[003000, 003001, 003002, 003004, 003003, 003005, 003006, 003007, 003009]
5478	3	003000	003009	66	5.0	4.0	0,850	true	[003000, 003001, 003002, 003004, 003003, 003005, 003006, 003009]
5479	3	003000	003009	67	5.0	3.0	0,850	true	[003000, 003001, 003002, 003004, 003003, 003005, 003007, 003006, 003009]
5480	3	003000	003009	68	5.0	4.0	0,877	true	[003000, 003001, 003002, 003004, 003003, 003005, 003007, 003009]
5481	3	003000	003009	69	5.0	3.0	0,833	true	[003000, 003001, 003002, 003004, 003003, 003005, 003008, 003006, 003007, 003009]
5482	3	003000	003009	70	5.0	4.0	0,859	true	[003000, 003001, 003002, 003004, 003003, 003005, 003008, 003006, 003009]
5483	3	003000	003009	71	5.0	5.0	0,859	true	[003000, 003001, 003002, 003004, 003003, 003005, 003009]
5484	3	003000	003009	72	5.0	5.0	0,858	true	[003000, 003001, 003002, 003004, 003003, 003009]
5485	3	003000	003009	73	5.0	5.0	0,832	true	[003000, 003001, 003002, 003004, 003005, 003003, 003009]
5486	3	003000	003009	74	5.0	3.0	0,833	true	[003000, 003001, 003002, 003004, 003005, 003006, 003007, 003009]
5487	3	003000	003009	75	5.0	4.0	0,859	true	[003000, 003001, 003002, 003004, 003005, 003006, 003009]
5488	3	003000	003009	76	5.0	3.0	0,859	true	[003000, 003001, 003002, 003004, 003005, 003007, 003006, 003009]
5489	3	003000	003009	77	5.0	4.0	0,885	true	[003000, 003001, 003002, 003004, 003005, 003007, 003009]
5490	3	003000	003009	78	5.0	3.0	0,841	true	[003000, 003001, 003002, 003004, 003005, 003008, 003006, 003007, 003009]
5491	3	003000	003009	79	5.0	4.0	0,867	true	[003000, 003001, 003002, 003004, 003005, 003008, 003006, 003009]
5492	3	003000	003009	80	5.0	5.0	0,867	true	[003000, 003001, 003002, 003004, 003005, 003009]
5493	3	003000	003009	81	5.0	5.0	0,824	true	[003000, 003001, 003002, 003004, 003006, 003005, 003003, 003009]
5494	3	003000	003009	82	5.0	4.0	0,877	true	[003000, 003001, 003002, 003004, 003006, 003005, 003007, 003009]
5495	3	003000	003009	83	5.0	6.0	0,859	true	[003000, 003001, 003002, 003004, 003006, 003005, 003009]
5496	3	003000	003009	84	5.0	3.0	0,824	true	[003000, 003001, 003002, 003004, 003006, 003007, 003005, 003003, 003009]
5497	3	003000	003009	85	5.0	3.0	0,859	true	[003000, 003001, 003002, 003004, 003006, 003007, 003005, 003009]
5498	3	003000	003009	86	5.0	3.0	0,877	true	[003000, 003001, 003002, 003004, 003006, 003007, 003009]
5499	3	003000	003009	87	5.0	4.0	0,833	true	[003000, 003001, 003002, 003004, 003006, 003008, 003005, 003003, 003009]
5500	3	003000	003009	88	5.0	4.0	0,886	true	[003000, 003001, 003002, 003004, 003006, 003008, 003005, 003007, 003009]
5501	3	003000	003009	89	5.0	4.0	0,868	true	[003000, 003001, 003002, 003004, 003006, 003008, 003005, 003009]
5502	3	003000	003009	90	5.0	4.0	0,904	true	[003000, 003001, 003002, 003004, 003006, 003009]
5503	3	003000	003009	91	5.0	5.0	0,867	true	[003000, 003001, 003002, 003004, 003007, 003005, 003003, 003009]
5504	3	003000	003009	92	5.0	4.0	0,895	true	[003000, 003001, 003002, 003004, 003007, 003005, 003006, 003009]
5505	3	003000	003009	93	5.0	4.0	0,904	true	[003000, 003001, 003002, 003004, 003007, 003005, 003008, 003006, 003009]
5506	3	003000	003009	94	5.0	7.0	0,904	true	[003000, 003001, 003002, 003004, 003007, 003005, 003009]
5507	3	003000	003009	95	5.0	3.0	0,816	true	[003000, 003001, 003002, 003004, 003007, 003006, 003005, 003003, 003009]
5508	3	003000	003009	96	5.0	3.0	0,850	true	[003000, 003001, 003002, 003004, 003007, 003006, 003005, 003009]
5509	3	003000	003009	97	5.0	3.0	0,825	true	[003000, 003001, 003002, 003004, 003007, 003006, 003008, 003005, 003003, 003009]
5510	3	003000	003009	98	5.0	3.0	0,859	true	[003000, 003001, 003002, 003004, 003007, 003006, 003008, 003005, 003009]
5511	3	003000	003009	99	5.0	3.0	0,895	true	[003000, 003001, 003002, 003004, 003007, 003006, 003009]
5512	3	003000	003009	100	5.0	4.0	0,922	true	[003000, 003001, 003002, 003004, 003007, 003009]
5513	3	003000	003009	101	5.0	6.0	0,894	true	[003000, 003001, 003002, 003004, 003009]
5514	3	003000	003009	102	33.0	7.0	0,951	true	[003000, 003001, 003002, 003009]
5515	4	004008	004007	0	23.0	3.0	0,751	true	[004008, 004000, 004001, 004002, 004004, 004003, 004005, 004006, 004007]
5516	4	004008	004007	1	23.0	3.0	0,736	true	[004008, 004000, 004001, 004002, 004004, 004003, 004005, 004006, 004009, 004007]
5517	4	004008	004007	2	10.0	3.0	0,783	true	[004008, 004000, 004001, 004002, 004004, 004003, 004005, 004007]
5518	4	004008	004007	3	10.0	3.0	0,736	true	[004008, 004000, 004001, 004002, 004004, 004003, 004006, 004005, 004007]
5519	4	004008	004007	4	22.0	3.0	0,783	true	[004008, 004000, 004001, 004002, 004004, 004003, 004006, 004007]
5520	4	004008	004007	5	22.0	3.0	0,767	true	[004008, 004000, 004001, 004002, 004004, 004003, 004006, 004009, 004007]
5521	4	004008	004007	6	23.0	3.0	0,815	true	[004008, 004000, 004001, 004002, 004004, 004003, 004007]
5522	4	004008	004007	7	22.0	3.0	0,728	true	[004008, 004000, 004001, 004002, 004004, 004005, 004003, 004006, 004007]
5523	4	004008	004007	8	22.0	3.0	0,714	true	[004008, 004000, 004001, 004002, 004004, 004005, 004003, 004006, 004009, 004007]
5524	4	004008	004007	9	23.0	3.0	0,759	true	[004008, 004000, 004001, 004002, 004004, 004005, 004003, 004007]
5525	4	004008	004007	10	22.0	3.0	0,713	true	[004008, 004000, 004001, 004002, 004004, 004005, 004006, 004003, 004007]
5526	4	004008	004007	11	23.0	3.0	0,759	true	[004008, 004000, 004001, 004002, 004004, 004005, 004006, 004007]
5527	4	004008	004007	12	23.0	3.0	0,743	true	[004008, 004000, 004001, 004002, 004004, 004005, 004006, 004009, 004007]
5528	4	004008	004007	13	10.0	3.0	0,790	true	[004008, 004000, 004001, 004002, 004004, 004005, 004007]
5529	4	004008	004007	14	10.0	3.0	0,736	true	[004008, 004000, 004001, 004002, 004004, 004006, 004003, 004005, 004007]
5530	4	004008	004007	15	22.0	3.0	0,767	true	[004008, 004000, 004001, 004002, 004004, 004006, 004003, 004007]
5531	4	004008	004007	16	23.0	3.0	0,736	true	[004008, 004000, 004001, 004002, 004004, 004006, 004005, 004003, 004007]
5532	4	004008	004007	17	10.0	3.0	0,767	true	[004008, 004000, 004001, 004002, 004004, 004006, 004005, 004007]
5533	4	004008	004007	18	23.0	3.0	0,815	true	[004008, 004000, 004001, 004002, 004004, 004006, 004007]
5534	4	004008	004007	19	23.0	3.0	0,799	true	[004008, 004000, 004001, 004002, 004004, 004006, 004009, 004007]
5535	4	004008	004007	20	10.0	3.0	0,729	true	[004008, 004000, 004001, 004002, 004004, 004009, 004006, 004003, 004005, 004007]
5536	4	004008	004007	21	20.0	3.0	0,759	true	[004008, 004000, 004001, 004002, 004004, 004009, 004006, 004003, 004007]
5537	4	004008	004007	22	20.0	3.0	0,729	true	[004008, 004000, 004001, 004002, 004004, 004009, 004006, 004005, 004003, 004007]
5538	4	004008	004007	23	10.0	3.0	0,759	true	[004008, 004000, 004001, 004002, 004004, 004009, 004006, 004005, 004007]
5539	4	004008	004007	24	20.0	3.0	0,807	true	[004008, 004000, 004001, 004002, 004004, 004009, 004006, 004007]
5540	4	004008	004007	25	20.0	3.0	0,807	true	[004008, 004000, 004001, 004002, 004004, 004009, 004007]
5541	4	004008	004007	26	25.0	3.0	0,767	true	[004008, 004000, 004001, 004002, 004005, 004003, 004004, 004006, 004007]
5542	4	004008	004007	27	25.0	3.0	0,752	true	[004008, 004000, 004001, 004002, 004005, 004003, 004004, 004006, 004009, 004007]
5543	4	004008	004007	28	20.0	3.0	0,760	true	[004008, 004000, 004001, 004002, 004005, 004003, 004004, 004009, 004006, 004007]
5544	4	004008	004007	29	20.0	3.0	0,759	true	[004008, 004000, 004001, 004002, 004005, 004003, 004004, 004009, 004007]
5545	4	004008	004007	30	20.0	3.0	0,714	true	[004008, 004000, 004001, 004002, 004005, 004003, 004006, 004004, 004009, 004007]
5546	4	004008	004007	31	22.0	3.0	0,767	true	[004008, 004000, 004001, 004002, 004005, 004003, 004006, 004007]
5547	4	004008	004007	32	22.0	3.0	0,751	true	[004008, 004000, 004001, 004002, 004005, 004003, 004006, 004009, 004007]
5548	4	004008	004007	33	25.0	3.0	0,799	true	[004008, 004000, 004001, 004002, 004005, 004003, 004007]
5549	4	004008	004007	34	22.0	3.0	0,744	true	[004008, 004000, 004001, 004002, 004005, 004004, 004003, 004006, 004007]
5550	4	004008	004007	35	22.0	3.0	0,729	true	[004008, 004000, 004001, 004002, 004005, 004004, 004003, 004006, 004009, 004007]
5551	4	004008	004007	36	25.0	3.0	0,775	true	[004008, 004000, 004001, 004002, 004005, 004004, 004003, 004007]
5552	4	004008	004007	37	22.0	3.0	0,728	true	[004008, 004000, 004001, 004002, 004005, 004004, 004006, 004003, 004007]
5553	4	004008	004007	38	25.0	3.0	0,775	true	[004008, 004000, 004001, 004002, 004005, 004004, 004006, 004007]
5554	4	004008	004007	39	25.0	3.0	0,759	true	[004008, 004000, 004001, 004002, 004005, 004004, 004006, 004009, 004007]
5555	4	004008	004007	40	20.0	3.0	0,721	true	[004008, 004000, 004001, 004002, 004005, 004004, 004009, 004006, 004003, 004007]
5556	4	004008	004007	41	20.0	3.0	0,767	true	[004008, 004000, 004001, 004002, 004005, 004004, 004009, 004006, 004007]
5557	4	004008	004007	42	20.0	3.0	0,767	true	[004008, 004000, 004001, 004002, 004005, 004004, 004009, 004007]
5558	4	004008	004007	43	20.0	3.0	0,714	true	[004008, 004000, 004001, 004002, 004005, 004006, 004003, 004004, 004009, 004007]
5559	4	004008	004007	44	22.0	3.0	0,751	true	[004008, 004000, 004001, 004002, 004005, 004006, 004003, 004007]
5560	4	004008	004007	45	25.0	3.0	0,751	true	[004008, 004000, 004001, 004002, 004005, 004006, 004004, 004003, 004007]
5561	4	004008	004007	46	20.0	3.0	0,744	true	[004008, 004000, 004001, 004002, 004005, 004006, 004004, 004009, 004007]
5562	4	004008	004007	47	25.0	3.0	0,799	true	[004008, 004000, 004001, 004002, 004005, 004006, 004007]
5563	4	004008	004007	48	20.0	3.0	0,744	true	[004008, 004000, 004001, 004002, 004005, 004006, 004009, 004004, 004003, 004007]
5564	4	004008	004007	49	25.0	3.0	0,782	true	[004008, 004000, 004001, 004002, 004005, 004006, 004009, 004007]
5565	4	004008	004007	50	10.0	3.0	0,832	true	[004008, 004000, 004001, 004002, 004005, 004007]
5566	4	004008	004007	51	10.0	3.0	0,775	true	[004008, 004000, 004001, 004002, 004006, 004003, 004004, 004005, 004007]
5567	4	004008	004007	52	20.0	3.0	0,791	true	[004008, 004000, 004001, 004002, 004006, 004003, 004004, 004009, 004007]
5568	4	004008	004007	53	20.0	3.0	0,736	true	[004008, 004000, 004001, 004002, 004006, 004003, 004005, 004004, 004009, 004007]
5569	4	004008	004007	54	10.0	3.0	0,799	true	[004008, 004000, 004001, 004002, 004006, 004003, 004005, 004007]
5570	4	004008	004007	55	22.0	3.0	0,832	true	[004008, 004000, 004001, 004002, 004006, 004003, 004007]
5571	4	004008	004007	56	10.0	3.0	0,799	true	[004008, 004000, 004001, 004002, 004006, 004004, 004003, 004005, 004007]
5572	4	004008	004007	57	25.0	3.0	0,833	true	[004008, 004000, 004001, 004002, 004006, 004004, 004003, 004007]
5573	4	004008	004007	58	25.0	3.0	0,775	true	[004008, 004000, 004001, 004002, 004006, 004004, 004005, 004003, 004007]
5574	4	004008	004007	59	10.0	3.0	0,807	true	[004008, 004000, 004001, 004002, 004006, 004004, 004005, 004007]
5575	4	004008	004007	60	20.0	3.0	0,824	true	[004008, 004000, 004001, 004002, 004006, 004004, 004009, 004007]
5576	4	004008	004007	61	20.0	3.0	0,759	true	[004008, 004000, 004001, 004002, 004006, 004005, 004003, 004004, 004009, 004007]
5577	4	004008	004007	62	25.0	3.0	0,799	true	[004008, 004000, 004001, 004002, 004006, 004005, 004003, 004007]
5578	4	004008	004007	63	25.0	3.0	0,775	true	[004008, 004000, 004001, 004002, 004006, 004005, 004004, 004003, 004007]
5579	4	004008	004007	64	20.0	3.0	0,767	true	[004008, 004000, 004001, 004002, 004006, 004005, 004004, 004009, 004007]
5580	4	004008	004007	65	10.0	3.0	0,832	true	[004008, 004000, 004001, 004002, 004006, 004005, 004007]
5581	4	004008	004007	66	25.0	3.0	0,885	true	[004008, 004000, 004001, 004002, 004006, 004007]
5582	4	004008	004007	67	10.0	3.0	0,791	true	[004008, 004000, 004001, 004002, 004006, 004009, 004004, 004003, 004005, 004007]
5583	4	004008	004007	68	20.0	3.0	0,824	true	[004008, 004000, 004001, 004002, 004006, 004009, 004004, 004003, 004007]
5584	4	004008	004007	69	20.0	3.0	0,767	true	[004008, 004000, 004001, 004002, 004006, 004009, 004004, 004005, 004003, 004007]
5585	4	004008	004007	70	10.0	3.0	0,799	true	[004008, 004000, 004001, 004002, 004006, 004009, 004004, 004005, 004007]
5586	4	004008	004007	71	25.0	3.0	0,867	true	[004008, 004000, 004001, 004002, 004006, 004009, 004007]
5587	4	004008	004007	72	14.0	3.0	0,867	true	[004008, 004000, 004001, 004002, 004007]
5588	4	004008	004007	73	20.0	3.0	0,736	true	[004008, 004000, 004001, 004002, 004009, 004004, 004003, 004005, 004006, 004007]
5589	4	004008	004007	74	10.0	3.0	0,767	true	[004008, 004000, 004001, 004002, 004009, 004004, 004003, 004005, 004007]
5590	4	004008	004007	75	10.0	3.0	0,721	true	[004008, 004000, 004001, 004002, 004009, 004004, 004003, 004006, 004005, 004007]
5591	4	004008	004007	76	20.0	3.0	0,767	true	[004008, 004000, 004001, 004002, 004009, 004004, 004003, 004006, 004007]
5592	4	004008	004007	77	20.0	3.0	0,799	true	[004008, 004000, 004001, 004002, 004009, 004004, 004003, 004007]
5593	4	004008	004007	78	20.0	3.0	0,714	true	[004008, 004000, 004001, 004002, 004009, 004004, 004005, 004003, 004006, 004007]
5594	4	004008	004007	79	20.0	3.0	0,744	true	[004008, 004000, 004001, 004002, 004009, 004004, 004005, 004003, 004007]
5595	4	004008	004007	80	20.0	3.0	0,699	true	[004008, 004000, 004001, 004002, 004009, 004004, 004005, 004006, 004003, 004007]
5596	4	004008	004007	81	20.0	3.0	0,744	true	[004008, 004000, 004001, 004002, 004009, 004004, 004005, 004006, 004007]
5597	4	004008	004007	82	10.0	3.0	0,775	true	[004008, 004000, 004001, 004002, 004009, 004004, 004005, 004007]
5598	4	004008	004007	83	10.0	3.0	0,721	true	[004008, 004000, 004001, 004002, 004009, 004004, 004006, 004003, 004005, 004007]
5599	4	004008	004007	84	20.0	3.0	0,752	true	[004008, 004000, 004001, 004002, 004009, 004004, 004006, 004003, 004007]
5600	4	004008	004007	85	20.0	3.0	0,721	true	[004008, 004000, 004001, 004002, 004009, 004004, 004006, 004005, 004003, 004007]
5601	4	004008	004007	86	10.0	3.0	0,752	true	[004008, 004000, 004001, 004002, 004009, 004004, 004006, 004005, 004007]
5602	4	004008	004007	87	20.0	3.0	0,799	true	[004008, 004000, 004001, 004002, 004009, 004004, 004006, 004007]
5603	4	004008	004007	88	10.0	3.0	0,736	true	[004008, 004000, 004001, 004002, 004009, 004006, 004003, 004004, 004005, 004007]
5604	4	004008	004007	89	10.0	3.0	0,759	true	[004008, 004000, 004001, 004002, 004009, 004006, 004003, 004005, 004007]
5605	4	004008	004007	90	22.0	3.0	0,791	true	[004008, 004000, 004001, 004002, 004009, 004006, 004003, 004007]
5606	4	004008	004007	91	10.0	3.0	0,760	true	[004008, 004000, 004001, 004002, 004009, 004006, 004004, 004003, 004005, 004007]
5607	4	004008	004007	92	25.0	3.0	0,791	true	[004008, 004000, 004001, 004002, 004009, 004006, 004004, 004003, 004007]
5608	4	004008	004007	93	25.0	3.0	0,736	true	[004008, 004000, 004001, 004002, 004009, 004006, 004004, 004005, 004003, 004007]
5609	4	004008	004007	94	10.0	3.0	0,767	true	[004008, 004000, 004001, 004002, 004009, 004006, 004004, 004005, 004007]
5610	4	004008	004007	95	25.0	3.0	0,759	true	[004008, 004000, 004001, 004002, 004009, 004006, 004005, 004003, 004007]
5611	4	004008	004007	96	25.0	3.0	0,736	true	[004008, 004000, 004001, 004002, 004009, 004006, 004005, 004004, 004003, 004007]
5612	4	004008	004007	97	10.0	3.0	0,791	true	[004008, 004000, 004001, 004002, 004009, 004006, 004005, 004007]
5613	4	004008	004007	98	25.0	3.0	0,841	true	[004008, 004000, 004001, 004002, 004009, 004006, 004007]
5614	4	004008	004007	99	25.0	3.0	0,841	true	[004008, 004000, 004001, 004002, 004009, 004007]
5615	4	004008	004007	100	23.0	3.0	0,751	true	[004008, 004000, 004001, 004003, 004004, 004002, 004005, 004006, 004007]
5616	4	004008	004007	101	10.0	3.0	0,783	true	[004008, 004000, 004001, 004003, 004004, 004002, 004005, 004007]
5617	4	004008	004007	102	14.0	3.0	0,815	true	[004008, 004000, 004001, 004003, 004004, 004002, 004007]
5618	4	004008	004007	103	26.0	3.0	0,885	true	[004008, 004000, 004001, 004003, 004007]
5619	4	004008	004007	104	25.0	3.0	0,941	true	[004008, 004000, 004001, 004007]
5620	4	004008	004007	105	13.0	5.0	0,960	true	[004008, 004000, 004007]
5621	4	004008	004007	106	7.0	3.0	0,960	true	[004008, 004007]
5622	5	005000	005005	0	29.0	5.0	0,875	true	[005000, 005002, 005003, 005001, 005005]
5623	5	005000	005005	1	9.0	4.0	0,885	true	[005000, 005002, 005003, 005001, 005006, 005005]
5624	5	005000	005005	2	9.0	4.0	0,867	true	[005000, 005002, 005003, 005001, 005006, 005007, 005005]
5625	5	005000	005005	3	9.0	3.0	0,824	true	[005000, 005002, 005003, 005001, 005006, 005007, 005008, 005005]
5626	5	005000	005005	4	9.0	3.0	0,832	true	[005000, 005002, 005003, 005001, 005006, 005008, 005005]
5627	5	005000	005005	5	9.0	4.0	0,791	true	[005000, 005002, 005003, 005001, 005006, 005008, 005007, 005005]
5628	5	005000	005005	6	9.0	4.0	0,816	true	[005000, 005002, 005003, 005001, 005006, 005009, 005007, 005005]
5629	5	005000	005005	7	9.0	3.0	0,775	true	[005000, 005002, 005003, 005001, 005006, 005009, 005007, 005008, 005005]
5630	5	005000	005005	8	29.0	4.0	0,885	true	[005000, 005002, 005003, 005001, 005007, 005005]
5631	5	005000	005005	9	19.0	4.0	0,885	true	[005000, 005002, 005003, 005001, 005007, 005006, 005005]
5632	5	005000	005005	10	11.0	3.0	0,832	true	[005000, 005002, 005003, 005001, 005007, 005006, 005008, 005005]
5633	5	005000	005005	11	18.0	3.0	0,841	true	[005000, 005002, 005003, 005001, 005007, 005008, 005005]
5634	5	005000	005005	12	11.0	4.0	0,807	true	[005000, 005002, 005003, 005001, 005007, 005008, 005006, 005005]
5635	5	005000	005005	13	13.0	4.0	0,833	true	[005000, 005002, 005003, 005001, 005007, 005009, 005006, 005005]
5636	5	005000	005005	14	11.0	3.0	0,783	true	[005000, 005002, 005003, 005001, 005007, 005009, 005006, 005008, 005005]
5637	5	005000	005005	15	15.0	3.0	0,849	true	[005000, 005002, 005003, 005001, 005008, 005005]
5638	5	005000	005005	16	11.0	4.0	0,815	true	[005000, 005002, 005003, 005001, 005008, 005006, 005005]
5639	5	005000	005005	17	11.0	4.0	0,799	true	[005000, 005002, 005003, 005001, 005008, 005006, 005007, 005005]
5640	5	005000	005005	18	11.0	4.0	0,751	true	[005000, 005002, 005003, 005001, 005008, 005006, 005009, 005007, 005005]
5641	5	005000	005005	19	15.0	4.0	0,807	true	[005000, 005002, 005003, 005001, 005008, 005007, 005005]
5642	5	005000	005005	20	15.0	4.0	0,807	true	[005000, 005002, 005003, 005001, 005008, 005007, 005006, 005005]
5643	5	005000	005005	21	13.0	4.0	0,759	true	[005000, 005002, 005003, 005001, 005008, 005007, 005009, 005006, 005005]
5644	5	005000	005005	22	15.0	4.0	0,832	true	[005000, 005002, 005003, 005004, 005008, 005001, 005005]
5645	5	005000	005005	23	9.0	4.0	0,841	true	[005000, 005002, 005003, 005004, 005008, 005001, 005006, 005005]
5646	5	005000	005005	24	9.0	4.0	0,824	true	[005000, 005002, 005003, 005004, 005008, 005001, 005006, 005007, 005005]
5647	5	005000	005005	25	9.0	4.0	0,775	true	[005000, 005002, 005003, 005004, 005008, 005001, 005006, 005009, 005007, 005005]
5648	5	005000	005005	26	15.0	4.0	0,841	true	[005000, 005002, 005003, 005004, 005008, 005001, 005007, 005005]
5649	5	005000	005005	27	15.0	4.0	0,841	true	[005000, 005002, 005003, 005004, 005008, 005001, 005007, 005006, 005005]
5650	5	005000	005005	28	13.0	4.0	0,791	true	[005000, 005002, 005003, 005004, 005008, 005001, 005007, 005009, 005006, 005005]
5651	5	005000	005005	29	21.0	3.0	0,894	true	[005000, 005002, 005003, 005004, 005008, 005005]
5652	5	005000	005005	30	9.0	4.0	0,815	true	[005000, 005002, 005003, 005004, 005008, 005006, 005001, 005005]
5653	5	005000	005005	31	9.0	4.0	0,824	true	[005000, 005002, 005003, 005004, 005008, 005006, 005001, 005007, 005005]
5654	5	005000	005005	32	11.0	5.0	0,858	true	[005000, 005002, 005003, 005004, 005008, 005006, 005005]
5655	5	005000	005005	33	11.0	4.0	0,815	true	[005000, 005002, 005003, 005004, 005008, 005006, 005007, 005001, 005005]
5656	5	005000	005005	34	11.0	5.0	0,841	true	[005000, 005002, 005003, 005004, 005008, 005006, 005007, 005005]
5657	5	005000	005005	35	11.0	4.0	0,767	true	[005000, 005002, 005003, 005004, 005008, 005006, 005009, 005007, 005001, 005005]
5658	5	005000	005005	36	11.0	4.0	0,791	true	[005000, 005002, 005003, 005004, 005008, 005006, 005009, 005007, 005005]
5659	5	005000	005005	37	18.0	4.0	0,824	true	[005000, 005002, 005003, 005004, 005008, 005007, 005001, 005005]
5660	5	005000	005005	38	9.0	4.0	0,833	true	[005000, 005002, 005003, 005004, 005008, 005007, 005001, 005006, 005005]
5661	5	005000	005005	39	18.0	5.0	0,849	true	[005000, 005002, 005003, 005004, 005008, 005007, 005005]
5662	5	005000	005005	40	9.0	4.0	0,807	true	[005000, 005002, 005003, 005004, 005008, 005007, 005006, 005001, 005005]
5663	5	005000	005005	41	18.0	5.0	0,850	true	[005000, 005002, 005003, 005004, 005008, 005007, 005006, 005005]
5664	5	005000	005005	42	9.0	4.0	0,759	true	[005000, 005002, 005003, 005004, 005008, 005007, 005009, 005006, 005001, 005005]
5665	5	005000	005005	43	13.0	4.0	0,799	true	[005000, 005002, 005003, 005004, 005008, 005007, 005009, 005006, 005005]
5666	5	005000	005005	44	29.0	4.0	0,876	true	[005000, 005002, 005003, 005007, 005001, 005005]
5667	5	005000	005005	45	9.0	4.0	0,885	true	[005000, 005002, 005003, 005007, 005001, 005006, 005005]
5668	5	005000	005005	46	9.0	3.0	0,832	true	[005000, 005002, 005003, 005007, 005001, 005006, 005008, 005005]
5669	5	005000	005005	47	15.0	3.0	0,849	true	[005000, 005002, 005003, 005007, 005001, 005008, 005005]
5670	5	005000	005005	48	11.0	4.0	0,815	true	[005000, 005002, 005003, 005007, 005001, 005008, 005006, 005005]
5671	5	005000	005005	49	29.0	5.0	0,903	true	[005000, 005002, 005003, 005007, 005005]
5672	5	005000	005005	50	9.0	4.0	0,858	true	[005000, 005002, 005003, 005007, 005006, 005001, 005005]
5673	5	005000	005005	51	9.0	3.0	0,832	true	[005000, 005002, 005003, 005007, 005006, 005001, 005008, 005005]
5674	5	005000	005005	52	19.0	5.0	0,903	true	[005000, 005002, 005003, 005007, 005006, 005005]
5675	5	005000	005005	53	11.0	4.0	0,790	true	[005000, 005002, 005003, 005007, 005006, 005008, 005001, 005005]
5676	5	005000	005005	54	11.0	3.0	0,849	true	[005000, 005002, 005003, 005007, 005006, 005008, 005005]
5677	5	005000	005005	55	15.0	4.0	0,798	true	[005000, 005002, 005003, 005007, 005008, 005001, 005005]
5678	5	005000	005005	56	9.0	4.0	0,807	true	[005000, 005002, 005003, 005007, 005008, 005001, 005006, 005005]
5679	5	005000	005005	57	18.0	3.0	0,858	true	[005000, 005002, 005003, 005007, 005008, 005005]
5680	5	005000	005005	58	9.0	4.0	0,782	true	[005000, 005002, 005003, 005007, 005008, 005006, 005001, 005005]
5681	5	005000	005005	59	11.0	5.0	0,823	true	[005000, 005002, 005003, 005007, 005008, 005006, 005005]
5682	5	005000	005005	60	9.0	4.0	0,807	true	[005000, 005002, 005003, 005007, 005009, 005006, 005001, 005005]
5683	5	005000	005005	61	9.0	3.0	0,783	true	[005000, 005002, 005003, 005007, 005009, 005006, 005001, 005008, 005005]
5684	5	005000	005005	62	13.0	4.0	0,850	true	[005000, 005002, 005003, 005007, 005009, 005006, 005005]
5685	5	005000	005005	63	11.0	4.0	0,743	true	[005000, 005002, 005003, 005007, 005009, 005006, 005008, 005001, 005005]
5686	5	005000	005005	64	11.0	3.0	0,799	true	[005000, 005002, 005003, 005007, 005009, 005006, 005008, 005005]
5687	5	005000	005005	65	15.0	4.0	0,832	true	[005000, 005002, 005003, 005008, 005001, 005005]
5688	5	005000	005005	66	9.0	4.0	0,841	true	[005000, 005002, 005003, 005008, 005001, 005006, 005005]
5689	5	005000	005005	67	9.0	4.0	0,824	true	[005000, 005002, 005003, 005008, 005001, 005006, 005007, 005005]
5690	5	005000	005005	68	9.0	4.0	0,775	true	[005000, 005002, 005003, 005008, 005001, 005006, 005009, 005007, 005005]
5691	5	005000	005005	69	15.0	4.0	0,841	true	[005000, 005002, 005003, 005008, 005001, 005007, 005005]
5692	5	005000	005005	70	15.0	4.0	0,841	true	[005000, 005002, 005003, 005008, 005001, 005007, 005006, 005005]
5693	5	005000	005005	71	13.0	4.0	0,791	true	[005000, 005002, 005003, 005008, 005001, 005007, 005009, 005006, 005005]
5694	5	005000	005005	72	21.0	3.0	0,894	true	[005000, 005002, 005003, 005008, 005005]
5695	5	005000	005005	73	9.0	4.0	0,815	true	[005000, 005002, 005003, 005008, 005006, 005001, 005005]
5696	5	005000	005005	74	9.0	4.0	0,824	true	[005000, 005002, 005003, 005008, 005006, 005001, 005007, 005005]
5697	5	005000	005005	75	11.0	5.0	0,858	true	[005000, 005002, 005003, 005008, 005006, 005005]
5698	5	005000	005005	76	11.0	4.0	0,815	true	[005000, 005002, 005003, 005008, 005006, 005007, 005001, 005005]
5699	5	005000	005005	77	11.0	5.0	0,841	true	[005000, 005002, 005003, 005008, 005006, 005007, 005005]
5700	5	005000	005005	78	11.0	4.0	0,767	true	[005000, 005002, 005003, 005008, 005006, 005009, 005007, 005001, 005005]
5701	5	005000	005005	79	11.0	4.0	0,791	true	[005000, 005002, 005003, 005008, 005006, 005009, 005007, 005005]
5702	5	005000	005005	80	18.0	4.0	0,823	true	[005000, 005002, 005003, 005008, 005007, 005001, 005005]
5703	5	005000	005005	81	9.0	4.0	0,832	true	[005000, 005002, 005003, 005008, 005007, 005001, 005006, 005005]
5704	5	005000	005005	82	18.0	5.0	0,849	true	[005000, 005002, 005003, 005008, 005007, 005005]
5705	5	005000	005005	83	9.0	4.0	0,807	true	[005000, 005002, 005003, 005008, 005007, 005006, 005001, 005005]
5706	5	005000	005005	84	18.0	5.0	0,849	true	[005000, 005002, 005003, 005008, 005007, 005006, 005005]
5707	5	005000	005005	85	9.0	4.0	0,759	true	[005000, 005002, 005003, 005008, 005007, 005009, 005006, 005001, 005005]
5708	5	005000	005005	86	13.0	4.0	0,799	true	[005000, 005002, 005003, 005008, 005007, 005009, 005006, 005005]
5709	5	005000	005005	87	6.0	4.0	0,858	true	[005000, 005002, 005003, 005009, 005006, 005001, 005005]
5710	5	005000	005005	88	6.0	4.0	0,867	true	[005000, 005002, 005003, 005009, 005006, 005001, 005007, 005005]
5711	5	005000	005005	89	6.0	3.0	0,824	true	[005000, 005002, 005003, 005009, 005006, 005001, 005007, 005008, 005005]
5712	5	005000	005005	90	6.0	3.0	0,832	true	[005000, 005002, 005003, 005009, 005006, 005001, 005008, 005005]
5713	5	005000	005005	91	6.0	4.0	0,791	true	[005000, 005002, 005003, 005009, 005006, 005001, 005008, 005007, 005005]
5714	5	005000	005005	92	6.0	5.0	0,903	true	[005000, 005002, 005003, 005009, 005006, 005005]
5715	5	005000	005005	93	6.0	4.0	0,858	true	[005000, 005002, 005003, 005009, 005006, 005007, 005001, 005005]
5716	5	005000	005005	94	6.0	3.0	0,832	true	[005000, 005002, 005003, 005009, 005006, 005007, 005001, 005008, 005005]
5717	5	005000	005005	95	6.0	5.0	0,885	true	[005000, 005002, 005003, 005009, 005006, 005007, 005005]
5718	5	005000	005005	96	6.0	4.0	0,782	true	[005000, 005002, 005003, 005009, 005006, 005007, 005008, 005001, 005005]
5719	5	005000	005005	97	6.0	3.0	0,841	true	[005000, 005002, 005003, 005009, 005006, 005007, 005008, 005005]
5720	5	005000	005005	98	6.0	4.0	0,790	true	[005000, 005002, 005003, 005009, 005006, 005008, 005001, 005005]
5721	5	005000	005005	99	6.0	4.0	0,799	true	[005000, 005002, 005003, 005009, 005006, 005008, 005001, 005007, 005005]
5722	5	005000	005005	100	6.0	3.0	0,849	true	[005000, 005002, 005003, 005009, 005006, 005008, 005005]
5723	5	005000	005005	101	34.0	5.0	0,980	true	[005000, 005005]
5724	6	006004	006001	0	10.0	3.0	0,931	true	[006004, 006003, 006000, 006002, 006001]
5725	6	006004	006001	1	10.0	4.0	0,894	true	[006004, 006003, 006000, 006002, 006007, 006001]
5726	6	006004	006001	2	15.0	4.0	0,876	true	[006004, 006003, 006000, 006002, 006007, 006005, 006001]
5727	6	006004	006001	3	15.0	4.0	0,816	true	[006004, 006003, 006000, 006002, 006007, 006005, 006006, 006001]
5728	6	006004	006001	4	15.0	4.0	0,791	true	[006004, 006003, 006000, 006002, 006007, 006005, 006006, 006008, 006001]
5729	6	006004	006001	5	6.0	3.0	0,799	true	[006004, 006003, 006000, 006002, 006007, 006005, 006006, 006009, 006001]
5730	6	006004	006001	6	6.0	4.0	0,850	true	[006004, 006003, 006000, 006002, 006007, 006005, 006008, 006001]
5731	6	006004	006001	7	6.0	4.0	0,807	true	[006004, 006003, 006000, 006002, 006007, 006005, 006008, 006006, 006001]
5732	6	006004	006001	8	6.0	3.0	0,791	true	[006004, 006003, 006000, 006002, 006007, 006005, 006008, 006006, 006009, 006001]
5733	6	006004	006001	9	6.0	3.0	0,824	true	[006004, 006003, 006000, 006002, 006007, 006005, 006009, 006001]
5734	6	006004	006001	10	15.0	4.0	0,824	true	[006004, 006003, 006000, 006002, 006007, 006005, 006009, 006006, 006001]
5735	6	006004	006001	11	15.0	4.0	0,799	true	[006004, 006003, 006000, 006002, 006007, 006005, 006009, 006006, 006008, 006001]
5736	6	006004	006001	12	6.0	3.0	0,858	true	[006004, 006003, 006000, 006002, 006007, 006009, 006001]
5737	6	006004	006001	13	15.0	4.0	0,876	true	[006004, 006003, 006000, 006002, 006007, 006009, 006005, 006001]
5738	6	006004	006001	14	15.0	4.0	0,816	true	[006004, 006003, 006000, 006002, 006007, 006009, 006005, 006006, 006001]
5739	6	006004	006001	15	15.0	4.0	0,791	true	[006004, 006003, 006000, 006002, 006007, 006009, 006005, 006006, 006008, 006001]
5740	6	006004	006001	16	6.0	4.0	0,850	true	[006004, 006003, 006000, 006002, 006007, 006009, 006005, 006008, 006001]
5741	6	006004	006001	17	6.0	4.0	0,808	true	[006004, 006003, 006000, 006002, 006007, 006009, 006005, 006008, 006006, 006001]
5742	6	006004	006001	18	15.0	4.0	0,859	true	[006004, 006003, 006000, 006002, 006007, 006009, 006006, 006001]
5743	6	006004	006001	19	15.0	4.0	0,850	true	[006004, 006003, 006000, 006002, 006007, 006009, 006006, 006005, 006001]
5744	6	006004	006001	20	6.0	4.0	0,825	true	[006004, 006003, 006000, 006002, 006007, 006009, 006006, 006005, 006008, 006001]
5745	6	006004	006001	21	15.0	4.0	0,833	true	[006004, 006003, 006000, 006002, 006007, 006009, 006006, 006008, 006001]
5746	6	006004	006001	22	6.0	4.0	0,841	true	[006004, 006003, 006000, 006002, 006007, 006009, 006006, 006008, 006005, 006001]
5747	6	006004	006001	23	11.0	4.0	0,903	true	[006004, 006003, 006000, 006002, 006008, 006001]
5748	6	006004	006001	24	6.0	4.0	0,913	true	[006004, 006003, 006000, 006002, 006008, 006005, 006001]
5749	6	006004	006001	25	6.0	4.0	0,850	true	[006004, 006003, 006000, 006002, 006008, 006005, 006006, 006001]
5750	6	006004	006001	26	6.0	3.0	0,833	true	[006004, 006003, 006000, 006002, 006008, 006005, 006006, 006009, 006001]
5751	6	006004	006001	27	6.0	4.0	0,816	true	[006004, 006003, 006000, 006002, 006008, 006005, 006006, 006009, 006007, 006001]
5752	6	006004	006001	28	6.0	4.0	0,841	true	[006004, 006003, 006000, 006002, 006008, 006005, 006007, 006001]
5753	6	006004	006001	29	6.0	3.0	0,807	true	[006004, 006003, 006000, 006002, 006008, 006005, 006007, 006009, 006001]
5754	6	006004	006001	30	6.0	4.0	0,808	true	[006004, 006003, 006000, 006002, 006008, 006005, 006007, 006009, 006006, 006001]
5755	6	006004	006001	31	6.0	3.0	0,859	true	[006004, 006003, 006000, 006002, 006008, 006005, 006009, 006001]
5756	6	006004	006001	32	6.0	4.0	0,859	true	[006004, 006003, 006000, 006002, 006008, 006005, 006009, 006006, 006001]
5757	6	006004	006001	33	6.0	4.0	0,842	true	[006004, 006003, 006000, 006002, 006008, 006005, 006009, 006007, 006001]
5758	6	006004	006001	34	11.0	4.0	0,858	true	[006004, 006003, 006000, 006002, 006008, 006006, 006001]
5759	6	006004	006001	35	11.0	4.0	0,850	true	[006004, 006003, 006000, 006002, 006008, 006006, 006005, 006001]
5760	6	006004	006001	36	10.0	4.0	0,783	true	[006004, 006003, 006000, 006002, 006008, 006006, 006005, 006007, 006001]
5761	6	006004	006001	37	6.0	3.0	0,752	true	[006004, 006003, 006000, 006002, 006008, 006006, 006005, 006007, 006009, 006001]
5762	6	006004	006001	38	6.0	3.0	0,799	true	[006004, 006003, 006000, 006002, 006008, 006006, 006005, 006009, 006001]
5763	6	006004	006001	39	10.0	4.0	0,783	true	[006004, 006003, 006000, 006002, 006008, 006006, 006005, 006009, 006007, 006001]
5764	6	006004	006001	40	6.0	3.0	0,841	true	[006004, 006003, 006000, 006002, 006008, 006006, 006009, 006001]
5765	6	006004	006001	41	11.0	4.0	0,859	true	[006004, 006003, 006000, 006002, 006008, 006006, 006009, 006005, 006001]
5766	6	006004	006001	42	10.0	4.0	0,791	true	[006004, 006003, 006000, 006002, 006008, 006006, 006009, 006005, 006007, 006001]
5767	6	006004	006001	43	10.0	4.0	0,824	true	[006004, 006003, 006000, 006002, 006008, 006006, 006009, 006007, 006001]
5768	6	006004	006001	44	11.0	4.0	0,807	true	[006004, 006003, 006000, 006002, 006008, 006006, 006009, 006007, 006005, 006001]
5769	6	006004	006001	45	15.0	4.0	0,876	true	[006004, 006003, 006000, 006006, 006001]
5770	6	006004	006001	46	15.0	4.0	0,867	true	[006004, 006003, 006000, 006006, 006005, 006001]
5771	6	006004	006001	47	10.0	4.0	0,799	true	[006004, 006003, 006000, 006006, 006005, 006007, 006001]
5772	6	006004	006001	48	10.0	3.0	0,783	true	[006004, 006003, 006000, 006006, 006005, 006007, 006002, 006001]
5773	6	006004	006001	49	11.0	4.0	0,759	true	[006004, 006003, 006000, 006006, 006005, 006007, 006002, 006008, 006001]
5774	6	006004	006001	50	6.0	3.0	0,767	true	[006004, 006003, 006000, 006006, 006005, 006007, 006009, 006001]
5775	6	006004	006001	51	6.0	4.0	0,841	true	[006004, 006003, 006000, 006006, 006005, 006008, 006001]
5776	6	006004	006001	52	6.0	3.0	0,816	true	[006004, 006003, 006000, 006006, 006005, 006008, 006002, 006001]
5777	6	006004	006001	53	6.0	4.0	0,783	true	[006004, 006003, 006000, 006006, 006005, 006008, 006002, 006007, 006001]
5778	6	006004	006001	54	6.0	3.0	0,752	true	[006004, 006003, 006000, 006006, 006005, 006008, 006002, 006007, 006009, 006001]
5779	6	006004	006001	55	6.0	3.0	0,815	true	[006004, 006003, 006000, 006006, 006005, 006009, 006001]
5780	6	006004	006001	56	10.0	4.0	0,799	true	[006004, 006003, 006000, 006006, 006005, 006009, 006007, 006001]
5781	6	006004	006001	57	10.0	3.0	0,783	true	[006004, 006003, 006000, 006006, 006005, 006009, 006007, 006002, 006001]
5782	6	006004	006001	58	11.0	4.0	0,760	true	[006004, 006003, 006000, 006006, 006005, 006009, 006007, 006002, 006008, 006001]
5783	6	006004	006001	59	15.0	4.0	0,849	true	[006004, 006003, 006000, 006006, 006008, 006001]
5784	6	006004	006001	60	10.0	3.0	0,824	true	[006004, 006003, 006000, 006006, 006008, 006002, 006001]
5785	6	006004	006001	61	10.0	4.0	0,791	true	[006004, 006003, 006000, 006006, 006008, 006002, 006007, 006001]
5786	6	006004	006001	62	11.0	4.0	0,775	true	[006004, 006003, 006000, 006006, 006008, 006002, 006007, 006005, 006001]
5787	6	006004	006001	63	6.0	3.0	0,729	true	[006004, 006003, 006000, 006006, 006008, 006002, 006007, 006005, 006009, 006001]
5788	6	006004	006001	64	6.0	3.0	0,759	true	[006004, 006003, 006000, 006006, 006008, 006002, 006007, 006009, 006001]
5789	6	006004	006001	65	11.0	4.0	0,775	true	[006004, 006003, 006000, 006006, 006008, 006002, 006007, 006009, 006005, 006001]
5790	6	006004	006001	66	6.0	4.0	0,858	true	[006004, 006003, 006000, 006006, 006008, 006005, 006001]
5791	6	006004	006001	67	6.0	4.0	0,791	true	[006004, 006003, 006000, 006006, 006008, 006005, 006007, 006001]
5792	6	006004	006001	68	6.0	3.0	0,775	true	[006004, 006003, 006000, 006006, 006008, 006005, 006007, 006002, 006001]
5793	6	006004	006001	69	6.0	3.0	0,759	true	[006004, 006003, 006000, 006006, 006008, 006005, 006007, 006009, 006001]
5794	6	006004	006001	70	6.0	3.0	0,807	true	[006004, 006003, 006000, 006006, 006008, 006005, 006009, 006001]
5795	6	006004	006001	71	6.0	4.0	0,791	true	[006004, 006003, 006000, 006006, 006008, 006005, 006009, 006007, 006001]
5796	6	006004	006001	72	6.0	3.0	0,775	true	[006004, 006003, 006000, 006006, 006008, 006005, 006009, 006007, 006002, 006001]
5797	6	006004	006001	73	6.0	3.0	0,858	true	[006004, 006003, 006000, 006006, 006009, 006001]
5798	6	006004	006001	74	15.0	4.0	0,876	true	[006004, 006003, 006000, 006006, 006009, 006005, 006001]
5799	6	006004	006001	75	10.0	4.0	0,807	true	[006004, 006003, 006000, 006006, 006009, 006005, 006007, 006001]
5800	6	006004	006001	76	10.0	3.0	0,791	true	[006004, 006003, 006000, 006006, 006009, 006005, 006007, 006002, 006001]
5801	6	006004	006001	77	11.0	4.0	0,767	true	[006004, 006003, 006000, 006006, 006009, 006005, 006007, 006002, 006008, 006001]
5802	6	006004	006001	78	6.0	4.0	0,850	true	[006004, 006003, 006000, 006006, 006009, 006005, 006008, 006001]
5803	6	006004	006001	79	6.0	3.0	0,824	true	[006004, 006003, 006000, 006006, 006009, 006005, 006008, 006002, 006001]
5804	6	006004	006001	80	6.0	4.0	0,791	true	[006004, 006003, 006000, 006006, 006009, 006005, 006008, 006002, 006007, 006001]
5805	6	006004	006001	81	10.0	4.0	0,841	true	[006004, 006003, 006000, 006006, 006009, 006007, 006001]
5806	6	006004	006001	82	10.0	3.0	0,824	true	[006004, 006003, 006000, 006006, 006009, 006007, 006002, 006001]
5807	6	006004	006001	83	11.0	4.0	0,799	true	[006004, 006003, 006000, 006006, 006009, 006007, 006002, 006008, 006001]
5808	6	006004	006001	84	6.0	4.0	0,808	true	[006004, 006003, 006000, 006006, 006009, 006007, 006002, 006008, 006005, 006001]
5809	6	006004	006001	85	15.0	4.0	0,824	true	[006004, 006003, 006000, 006006, 006009, 006007, 006005, 006001]
5810	6	006004	006001	86	6.0	4.0	0,799	true	[006004, 006003, 006000, 006006, 006009, 006007, 006005, 006008, 006001]
5811	6	006004	006001	87	6.0	3.0	0,775	true	[006004, 006003, 006000, 006006, 006009, 006007, 006005, 006008, 006002, 006001]
5812	6	006004	006001	88	10.0	3.0	0,885	true	[006004, 006003, 006000, 006007, 006001]
5813	6	006004	006001	89	10.0	3.0	0,867	true	[006004, 006003, 006000, 006007, 006002, 006001]
5814	6	006004	006001	90	11.0	3.0	0,841	true	[006004, 006003, 006000, 006007, 006002, 006008, 006001]
5815	6	006004	006001	91	6.0	3.0	0,850	true	[006004, 006003, 006000, 006007, 006002, 006008, 006005, 006001]
5816	6	006004	006001	92	6.0	3.0	0,791	true	[006004, 006003, 006000, 006007, 006002, 006008, 006005, 006006, 006001]
5817	6	006004	006001	93	6.0	3.0	0,775	true	[006004, 006003, 006000, 006007, 006002, 006008, 006005, 006006, 006009, 006001]
5818	6	006004	006001	94	6.0	3.0	0,800	true	[006004, 006003, 006000, 006007, 006002, 006008, 006005, 006009, 006001]
5819	6	006004	006001	95	6.0	3.0	0,800	true	[006004, 006003, 006000, 006007, 006002, 006008, 006005, 006009, 006006, 006001]
5820	6	006004	006001	96	11.0	3.0	0,799	true	[006004, 006003, 006000, 006007, 006002, 006008, 006006, 006001]
5821	6	006004	006001	97	11.0	3.0	0,791	true	[006004, 006003, 006000, 006007, 006002, 006008, 006006, 006005, 006001]
5822	6	006004	006001	98	6.0	3.0	0,744	true	[006004, 006003, 006000, 006007, 006002, 006008, 006006, 006005, 006009, 006001]
5823	6	006004	006001	99	6.0	3.0	0,783	true	[006004, 006003, 006000, 006007, 006002, 006008, 006006, 006009, 006001]
5824	6	006004	006001	100	11.0	3.0	0,800	true	[006004, 006003, 006000, 006007, 006002, 006008, 006006, 006009, 006005, 006001]
5825	6	006004	006001	101	15.0	4.0	0,950	true	[006004, 006003, 006001]
5826	7	007008	007004	0	10.0	3.0	0,876	true	[007008, 007000, 007001, 007002, 007003, 007005, 007004]
5827	7	007008	007004	1	16.0	3.0	0,850	true	[007008, 007000, 007001, 007002, 007003, 007009, 007006, 007004]
5828	7	007008	007004	2	15.0	5.0	0,931	true	[007008, 007000, 007001, 007002, 007004]
5829	7	007008	007004	3	10.0	4.0	0,850	true	[007008, 007000, 007001, 007002, 007005, 007003, 007009, 007006, 007004]
5830	7	007008	007004	4	16.0	5.0	0,876	true	[007008, 007000, 007001, 007002, 007005, 007004]
5831	7	007008	007004	5	16.0	5.0	0,885	true	[007008, 007000, 007001, 007002, 007007, 007004]
5832	7	007008	007004	6	10.0	4.0	0,858	true	[007008, 007000, 007001, 007002, 007009, 007003, 007005, 007004]
5833	7	007008	007004	7	16.0	5.0	0,903	true	[007008, 007000, 007001, 007002, 007009, 007006, 007004]
5834	7	007008	007004	8	15.0	3.0	0,951	true	[007008, 007000, 007001, 007003, 007002, 007004]
5835	7	007008	007004	9	16.0	3.0	0,895	true	[007008, 007000, 007001, 007003, 007002, 007005, 007004]
5836	7	007008	007004	10	16.0	3.0	0,904	true	[007008, 007000, 007001, 007003, 007002, 007007, 007004]
5837	7	007008	007004	11	16.0	3.0	0,922	true	[007008, 007000, 007001, 007003, 007002, 007009, 007006, 007004]
5838	7	007008	007004	12	10.0	4.0	0,951	true	[007008, 007000, 007001, 007003, 007005, 007002, 007004]
5839	7	007008	007004	13	10.0	4.0	0,904	true	[007008, 007000, 007001, 007003, 007005, 007002, 007007, 007004]
5840	7	007008	007004	14	10.0	4.0	0,922	true	[007008, 007000, 007001, 007003, 007005, 007002, 007009, 007006, 007004]
5841	7	007008	007004	15	10.0	4.0	0,931	true	[007008, 007000, 007001, 007003, 007005, 007004]
5842	7	007008	007004	16	15.0	5.0	0,931	true	[007008, 007000, 007001, 007003, 007009, 007002, 007004]
5843	7	007008	007004	17	16.0	5.0	0,876	true	[007008, 007000, 007001, 007003, 007009, 007002, 007005, 007004]
5844	7	007008	007004	18	16.0	5.0	0,885	true	[007008, 007000, 007001, 007003, 007009, 007002, 007007, 007004]
5845	7	007008	007004	19	16.0	5.0	0,903	true	[007008, 007000, 007001, 007003, 007009, 007006, 007004]
5846	7	007008	007004	20	11.0	5.0	0,922	true	[007008, 007000, 007001, 007004]
5847	7	007008	007004	21	10.0	3.0	0,895	true	[007008, 007000, 007001, 007009, 007002, 007003, 007005, 007004]
5848	7	007008	007004	22	15.0	5.0	0,951	true	[007008, 007000, 007001, 007009, 007002, 007004]
5849	7	007008	007004	23	16.0	5.0	0,895	true	[007008, 007000, 007001, 007009, 007002, 007005, 007004]
5850	7	007008	007004	24	16.0	5.0	0,904	true	[007008, 007000, 007001, 007009, 007002, 007007, 007004]
5851	7	007008	007004	25	15.0	3.0	0,895	true	[007008, 007000, 007001, 007009, 007003, 007002, 007004]
5852	7	007008	007004	26	16.0	3.0	0,842	true	[007008, 007000, 007001, 007009, 007003, 007002, 007005, 007004]
5853	7	007008	007004	27	16.0	3.0	0,850	true	[007008, 007000, 007001, 007009, 007003, 007002, 007007, 007004]
5854	7	007008	007004	28	10.0	4.0	0,895	true	[007008, 007000, 007001, 007009, 007003, 007005, 007002, 007004]
5855	7	007008	007004	29	10.0	4.0	0,850	true	[007008, 007000, 007001, 007009, 007003, 007005, 007002, 007007, 007004]
5856	7	007008	007004	30	10.0	4.0	0,876	true	[007008, 007000, 007001, 007009, 007003, 007005, 007004]
5857	7	007008	007004	31	16.0	5.0	0,922	true	[007008, 007000, 007001, 007009, 007006, 007004]
5858	7	007008	007004	32	10.0	3.0	0,876	true	[007008, 007000, 007002, 007001, 007003, 007005, 007004]
5859	7	007008	007004	33	16.0	3.0	0,850	true	[007008, 007000, 007002, 007001, 007003, 007009, 007006, 007004]
5860	7	007008	007004	34	11.0	3.0	0,867	true	[007008, 007000, 007002, 007001, 007004]
5861	7	007008	007004	35	10.0	3.0	0,824	true	[007008, 007000, 007002, 007001, 007009, 007003, 007005, 007004]
5862	7	007008	007004	36	16.0	3.0	0,867	true	[007008, 007000, 007002, 007001, 007009, 007006, 007004]
5863	7	007008	007004	37	11.0	3.0	0,885	true	[007008, 007000, 007002, 007003, 007001, 007004]
5864	7	007008	007004	38	16.0	3.0	0,886	true	[007008, 007000, 007002, 007003, 007001, 007009, 007006, 007004]
5865	7	007008	007004	39	10.0	3.0	0,894	true	[007008, 007000, 007002, 007003, 007005, 007004]
5866	7	007008	007004	40	11.0	3.0	0,833	true	[007008, 007000, 007002, 007003, 007009, 007001, 007004]
5867	7	007008	007004	41	16.0	3.0	0,867	true	[007008, 007000, 007002, 007003, 007009, 007006, 007004]
5868	7	007008	007004	42	15.0	3.0	0,951	true	[007008, 007000, 007002, 007004]
5869	7	007008	007004	43	10.0	3.0	0,885	true	[007008, 007000, 007002, 007005, 007003, 007001, 007004]
5870	7	007008	007004	44	10.0	3.0	0,886	true	[007008, 007000, 007002, 007005, 007003, 007001, 007009, 007006, 007004]
5871	7	007008	007004	45	10.0	3.0	0,833	true	[007008, 007000, 007002, 007005, 007003, 007009, 007001, 007004]
5872	7	007008	007004	46	10.0	3.0	0,867	true	[007008, 007000, 007002, 007005, 007003, 007009, 007006, 007004]
5873	7	007008	007004	47	16.0	3.0	0,894	true	[007008, 007000, 007002, 007005, 007004]
5874	7	007008	007004	48	16.0	3.0	0,903	true	[007008, 007000, 007002, 007007, 007004]
5875	7	007008	007004	49	10.0	3.0	0,894	true	[007008, 007000, 007002, 007009, 007001, 007003, 007005, 007004]
5876	7	007008	007004	50	11.0	3.0	0,885	true	[007008, 007000, 007002, 007009, 007001, 007004]
5877	7	007008	007004	51	11.0	3.0	0,867	true	[007008, 007000, 007002, 007009, 007003, 007001, 007004]
5878	7	007008	007004	52	10.0	3.0	0,876	true	[007008, 007000, 007002, 007009, 007003, 007005, 007004]
5879	7	007008	007004	53	16.0	3.0	0,922	true	[007008, 007000, 007002, 007009, 007006, 007004]
5880	7	007008	007004	54	9.0	5.0	0,941	true	[007008, 007000, 007004]
5881	7	007008	007004	55	13.0	5.0	0,859	true	[007008, 007000, 007005, 007002, 007001, 007003, 007009, 007006, 007004]
5882	7	007008	007004	56	11.0	5.0	0,876	true	[007008, 007000, 007005, 007002, 007001, 007004]
5883	7	007008	007004	57	13.0	5.0	0,876	true	[007008, 007000, 007005, 007002, 007001, 007009, 007006, 007004]
5884	7	007008	007004	58	11.0	3.0	0,894	true	[007008, 007000, 007005, 007002, 007003, 007001, 007004]
5885	7	007008	007004	59	13.0	3.0	0,895	true	[007008, 007000, 007005, 007002, 007003, 007001, 007009, 007006, 007004]
5886	7	007008	007004	60	11.0	3.0	0,841	true	[007008, 007000, 007005, 007002, 007003, 007009, 007001, 007004]
5887	7	007008	007004	61	13.0	3.0	0,876	true	[007008, 007000, 007005, 007002, 007003, 007009, 007006, 007004]
5888	7	007008	007004	62	13.0	5.0	0,960	true	[007008, 007000, 007005, 007002, 007004]
5889	7	007008	007004	63	13.0	5.0	0,913	true	[007008, 007000, 007005, 007002, 007007, 007004]
5890	7	007008	007004	64	11.0	5.0	0,894	true	[007008, 007000, 007005, 007002, 007009, 007001, 007004]
5891	7	007008	007004	65	11.0	5.0	0,876	true	[007008, 007000, 007005, 007002, 007009, 007003, 007001, 007004]
5892	7	007008	007004	66	13.0	5.0	0,932	true	[007008, 007000, 007005, 007002, 007009, 007006, 007004]
5893	7	007008	007004	67	10.0	4.0	0,941	true	[007008, 007000, 007005, 007003, 007001, 007002, 007004]
5894	7	007008	007004	68	10.0	4.0	0,894	true	[007008, 007000, 007005, 007003, 007001, 007002, 007007, 007004]
5895	7	007008	007004	69	10.0	4.0	0,913	true	[007008, 007000, 007005, 007003, 007001, 007002, 007009, 007006, 007004]
5896	7	007008	007004	70	10.0	4.0	0,931	true	[007008, 007000, 007005, 007003, 007001, 007004]
5897	7	007008	007004	71	10.0	4.0	0,960	true	[007008, 007000, 007005, 007003, 007001, 007009, 007002, 007004]
5898	7	007008	007004	72	10.0	4.0	0,913	true	[007008, 007000, 007005, 007003, 007001, 007009, 007002, 007007, 007004]
5899	7	007008	007004	73	10.0	4.0	0,932	true	[007008, 007000, 007005, 007003, 007001, 007009, 007006, 007004]
5900	7	007008	007004	74	10.0	3.0	0,876	true	[007008, 007000, 007005, 007003, 007002, 007001, 007004]
5901	7	007008	007004	75	10.0	3.0	0,876	true	[007008, 007000, 007005, 007003, 007002, 007001, 007009, 007006, 007004]
5902	7	007008	007004	76	10.0	3.0	0,960	true	[007008, 007000, 007005, 007003, 007002, 007004]
5903	7	007008	007004	77	10.0	3.0	0,913	true	[007008, 007000, 007005, 007003, 007002, 007007, 007004]
5904	7	007008	007004	78	10.0	3.0	0,894	true	[007008, 007000, 007005, 007003, 007002, 007009, 007001, 007004]
5905	7	007008	007004	79	10.0	3.0	0,932	true	[007008, 007000, 007005, 007003, 007002, 007009, 007006, 007004]
5906	7	007008	007004	80	10.0	4.0	0,885	true	[007008, 007000, 007005, 007003, 007009, 007001, 007002, 007004]
5907	7	007008	007004	81	10.0	4.0	0,841	true	[007008, 007000, 007005, 007003, 007009, 007001, 007002, 007007, 007004]
5908	7	007008	007004	82	10.0	4.0	0,876	true	[007008, 007000, 007005, 007003, 007009, 007001, 007004]
5909	7	007008	007004	83	10.0	4.0	0,858	true	[007008, 007000, 007005, 007003, 007009, 007002, 007001, 007004]
5910	7	007008	007004	84	10.0	4.0	0,941	true	[007008, 007000, 007005, 007003, 007009, 007002, 007004]
5911	7	007008	007004	85	10.0	4.0	0,894	true	[007008, 007000, 007005, 007003, 007009, 007002, 007007, 007004]
5912	7	007008	007004	86	10.0	4.0	0,913	true	[007008, 007000, 007005, 007003, 007009, 007006, 007004]
5913	7	007008	007004	87	13.0	5.0	0,941	true	[007008, 007000, 007005, 007004]
5914	7	007008	007004	88	16.0	5.0	0,970	true	[007008, 007000, 007006, 007004]
5915	7	007008	007004	89	10.0	3.0	0,833	true	[007008, 007000, 007006, 007009, 007001, 007002, 007003, 007005, 007004]
5916	7	007008	007004	90	15.0	5.0	0,885	true	[007008, 007000, 007006, 007009, 007001, 007002, 007004]
5917	7	007008	007004	91	16.0	5.0	0,833	true	[007008, 007000, 007006, 007009, 007001, 007002, 007005, 007004]
5918	7	007008	007004	92	16.0	5.0	0,841	true	[007008, 007000, 007006, 007009, 007001, 007002, 007007, 007004]
5919	7	007008	007004	93	15.0	3.0	0,904	true	[007008, 007000, 007006, 007009, 007001, 007003, 007002, 007004]
5920	7	007008	007004	94	16.0	3.0	0,850	true	[007008, 007000, 007006, 007009, 007001, 007003, 007002, 007005, 007004]
5921	7	007008	007004	95	16.0	3.0	0,859	true	[007008, 007000, 007006, 007009, 007001, 007003, 007002, 007007, 007004]
5922	7	007008	007004	96	10.0	4.0	0,904	true	[007008, 007000, 007006, 007009, 007001, 007003, 007005, 007002, 007004]
5923	7	007008	007004	97	10.0	4.0	0,859	true	[007008, 007000, 007006, 007009, 007001, 007003, 007005, 007002, 007007, 007004]
5924	7	007008	007004	98	10.0	4.0	0,885	true	[007008, 007000, 007006, 007009, 007001, 007003, 007005, 007004]
5925	7	007008	007004	99	11.0	5.0	0,876	true	[007008, 007000, 007006, 007009, 007001, 007004]
5926	7	007008	007004	100	10.0	4.0	0,867	true	[007008, 007000, 007006, 007009, 007002, 007001, 007003, 007005, 007004]
5927	7	007008	007004	101	11.0	5.0	0,858	true	[007008, 007000, 007006, 007009, 007002, 007001, 007004]
5928	7	007008	007004	102	15.0	5.0	0,941	true	[007008, 007000, 007006, 007009, 007002, 007004]
5929	8	008008	008001	0	26.0	10.0	1,000	true	[008008, 008001]
5930	8	008008	008001	1	23.0	3.0	0,931	true	[008008, 008002, 008004, 008000, 008001]
5931	8	008008	008001	2	16.0	3.0	0,931	true	[008008, 008002, 008004, 008000, 008003, 008001]
5932	8	008008	008001	3	6.0	3.0	0,894	true	[008008, 008002, 008004, 008000, 008003, 008007, 008001]
5933	8	008008	008001	4	15.0	3.0	0,867	true	[008008, 008002, 008004, 008000, 008003, 008007, 008005, 008001]
5934	8	008008	008001	5	16.0	3.0	0,885	true	[008008, 008002, 008004, 008000, 008003, 008007, 008009, 008001]
5935	8	008008	008001	6	16.0	3.0	0,922	true	[008008, 008002, 008004, 008000, 008003, 008009, 008001]
5936	8	008008	008001	7	6.0	3.0	0,931	true	[008008, 008002, 008004, 008000, 008003, 008009, 008007, 008001]
5937	8	008008	008001	8	15.0	3.0	0,904	true	[008008, 008002, 008004, 008000, 008003, 008009, 008007, 008005, 008001]
5938	8	008008	008001	9	23.0	3.0	0,894	true	[008008, 008002, 008004, 008000, 008005, 008001]
5939	8	008008	008001	10	6.0	3.0	0,922	true	[008008, 008002, 008004, 008000, 008005, 008007, 008001]
5940	8	008008	008001	11	15.0	3.0	0,885	true	[008008, 008002, 008004, 008000, 008005, 008007, 008003, 008001]
5941	8	008008	008001	12	15.0	3.0	0,876	true	[008008, 008002, 008004, 008000, 008005, 008007, 008003, 008009, 008001]
5942	8	008008	008001	13	15.0	3.0	0,913	true	[008008, 008002, 008004, 008000, 008005, 008007, 008009, 008001]
5943	8	008008	008001	14	15.0	3.0	0,922	true	[008008, 008002, 008004, 008000, 008005, 008007, 008009, 008003, 008001]
5944	8	008008	008001	15	23.0	3.0	0,913	true	[008008, 008002, 008004, 008000, 008006, 008003, 008001]
5945	8	008008	008001	16	6.0	3.0	0,876	true	[008008, 008002, 008004, 008000, 008006, 008003, 008007, 008001]
5946	8	008008	008001	17	15.0	3.0	0,850	true	[008008, 008002, 008004, 008000, 008006, 008003, 008007, 008005, 008001]
5947	8	008008	008001	18	16.0	3.0	0,868	true	[008008, 008002, 008004, 008000, 008006, 008003, 008007, 008009, 008001]
5948	8	008008	008001	19	23.0	3.0	0,904	true	[008008, 008002, 008004, 008000, 008006, 008003, 008009, 008001]
5949	8	008008	008001	20	6.0	3.0	0,913	true	[008008, 008002, 008004, 008000, 008006, 008003, 008009, 008007, 008001]
5950	8	008008	008001	21	15.0	3.0	0,885	true	[008008, 008002, 008004, 008000, 008006, 008003, 008009, 008007, 008005, 008001]
5951	8	008008	008001	22	6.0	3.0	0,894	true	[008008, 008002, 008004, 008000, 008007, 008001]
5952	8	008008	008001	23	22.0	3.0	0,858	true	[008008, 008002, 008004, 008000, 008007, 008003, 008001]
5953	8	008008	008001	24	22.0	3.0	0,850	true	[008008, 008002, 008004, 008000, 008007, 008003, 008009, 008001]
5954	8	008008	008001	25	15.0	3.0	0,867	true	[008008, 008002, 008004, 008000, 008007, 008005, 008001]
5955	8	008008	008001	26	16.0	3.0	0,885	true	[008008, 008002, 008004, 008000, 008007, 008009, 008001]
5956	8	008008	008001	27	16.0	3.0	0,894	true	[008008, 008002, 008004, 008000, 008007, 008009, 008003, 008001]
5957	8	008008	008001	28	23.0	3.0	0,904	true	[008008, 008002, 008004, 008000, 008009, 008001]
5958	8	008008	008001	29	23.0	3.0	0,913	true	[008008, 008002, 008004, 008000, 008009, 008003, 008001]
5959	8	008008	008001	30	6.0	3.0	0,876	true	[008008, 008002, 008004, 008000, 008009, 008003, 008007, 008001]
5960	8	008008	008001	31	15.0	3.0	0,850	true	[008008, 008002, 008004, 008000, 008009, 008003, 008007, 008005, 008001]
5961	8	008008	008001	32	6.0	3.0	0,913	true	[008008, 008002, 008004, 008000, 008009, 008007, 008001]
5962	8	008008	008001	33	16.0	3.0	0,876	true	[008008, 008002, 008004, 008000, 008009, 008007, 008003, 008001]
5963	8	008008	008001	34	15.0	3.0	0,885	true	[008008, 008002, 008004, 008000, 008009, 008007, 008005, 008001]
5964	8	008008	008001	35	23.0	3.0	0,941	true	[008008, 008002, 008004, 008001]
5965	8	008008	008001	36	16.0	3.0	0,932	true	[008008, 008002, 008004, 008003, 008000, 008001]
5966	8	008008	008001	37	16.0	3.0	0,895	true	[008008, 008002, 008004, 008003, 008000, 008005, 008001]
5967	8	008008	008001	38	6.0	3.0	0,922	true	[008008, 008002, 008004, 008003, 008000, 008005, 008007, 008001]
5968	8	008008	008001	39	15.0	3.0	0,913	true	[008008, 008002, 008004, 008003, 008000, 008005, 008007, 008009, 008001]
5969	8	008008	008001	40	6.0	3.0	0,894	true	[008008, 008002, 008004, 008003, 008000, 008007, 008001]
5970	8	008008	008001	41	15.0	3.0	0,867	true	[008008, 008002, 008004, 008003, 008000, 008007, 008005, 008001]
5971	8	008008	008001	42	16.0	3.0	0,885	true	[008008, 008002, 008004, 008003, 008000, 008007, 008009, 008001]
5972	8	008008	008001	43	16.0	3.0	0,904	true	[008008, 008002, 008004, 008003, 008000, 008009, 008001]
5973	8	008008	008001	44	6.0	3.0	0,913	true	[008008, 008002, 008004, 008003, 008000, 008009, 008007, 008001]
5974	8	008008	008001	45	15.0	3.0	0,886	true	[008008, 008002, 008004, 008003, 008000, 008009, 008007, 008005, 008001]
5975	8	008008	008001	46	23.0	3.0	0,951	true	[008008, 008002, 008004, 008003, 008001]
5976	8	008008	008001	47	23.0	3.0	0,913	true	[008008, 008002, 008004, 008003, 008006, 008000, 008001]
5977	8	008008	008001	48	23.0	3.0	0,877	true	[008008, 008002, 008004, 008003, 008006, 008000, 008005, 008001]
5978	8	008008	008001	49	6.0	3.0	0,904	true	[008008, 008002, 008004, 008003, 008006, 008000, 008005, 008007, 008001]
5979	8	008008	008001	50	15.0	3.0	0,895	true	[008008, 008002, 008004, 008003, 008006, 008000, 008005, 008007, 008009, 008001]
5980	8	008008	008001	51	6.0	3.0	0,876	true	[008008, 008002, 008004, 008003, 008006, 008000, 008007, 008001]
5981	8	008008	008001	52	15.0	3.0	0,850	true	[008008, 008002, 008004, 008003, 008006, 008000, 008007, 008005, 008001]
5982	8	008008	008001	53	16.0	3.0	0,867	true	[008008, 008002, 008004, 008003, 008006, 008000, 008007, 008009, 008001]
5983	8	008008	008001	54	23.0	3.0	0,886	true	[008008, 008002, 008004, 008003, 008006, 008000, 008009, 008001]
5984	8	008008	008001	55	6.0	3.0	0,895	true	[008008, 008002, 008004, 008003, 008006, 008000, 008009, 008007, 008001]
5985	8	008008	008001	56	15.0	3.0	0,868	true	[008008, 008002, 008004, 008003, 008006, 008000, 008009, 008007, 008005, 008001]
5986	8	008008	008001	57	22.0	3.0	0,858	true	[008008, 008002, 008004, 008003, 008007, 008000, 008001]
5987	8	008008	008001	58	22.0	3.0	0,824	true	[008008, 008002, 008004, 008003, 008007, 008000, 008005, 008001]
5988	8	008008	008001	59	22.0	3.0	0,833	true	[008008, 008002, 008004, 008003, 008007, 008000, 008009, 008001]
5989	8	008008	008001	60	6.0	3.0	0,913	true	[008008, 008002, 008004, 008003, 008007, 008001]
5990	8	008008	008001	61	15.0	3.0	0,885	true	[008008, 008002, 008004, 008003, 008007, 008005, 008000, 008001]
5991	8	008008	008001	62	15.0	3.0	0,859	true	[008008, 008002, 008004, 008003, 008007, 008005, 008000, 008009, 008001]
5992	8	008008	008001	63	15.0	3.0	0,885	true	[008008, 008002, 008004, 008003, 008007, 008005, 008001]
5993	8	008008	008001	64	16.0	3.0	0,876	true	[008008, 008002, 008004, 008003, 008007, 008009, 008000, 008001]
5994	8	008008	008001	65	16.0	3.0	0,842	true	[008008, 008002, 008004, 008003, 008007, 008009, 008000, 008005, 008001]
5995	8	008008	008001	66	16.0	3.0	0,904	true	[008008, 008002, 008004, 008003, 008007, 008009, 008001]
5996	8	008008	008001	67	23.0	3.0	0,913	true	[008008, 008002, 008004, 008003, 008009, 008000, 008001]
5997	8	008008	008001	68	23.0	3.0	0,877	true	[008008, 008002, 008004, 008003, 008009, 008000, 008005, 008001]
5998	8	008008	008001	69	6.0	3.0	0,904	true	[008008, 008002, 008004, 008003, 008009, 008000, 008005, 008007, 008001]
5999	8	008008	008001	70	6.0	3.0	0,876	true	[008008, 008002, 008004, 008003, 008009, 008000, 008007, 008001]
6000	8	008008	008001	71	15.0	3.0	0,850	true	[008008, 008002, 008004, 008003, 008009, 008000, 008007, 008005, 008001]
6001	8	008008	008001	72	23.0	3.0	0,941	true	[008008, 008002, 008004, 008003, 008009, 008001]
6002	8	008008	008001	73	16.0	3.0	0,894	true	[008008, 008002, 008004, 008003, 008009, 008007, 008000, 008001]
6003	8	008008	008001	74	16.0	3.0	0,859	true	[008008, 008002, 008004, 008003, 008009, 008007, 008000, 008005, 008001]
6004	8	008008	008001	75	6.0	3.0	0,951	true	[008008, 008002, 008004, 008003, 008009, 008007, 008001]
6005	8	008008	008001	76	15.0	3.0	0,922	true	[008008, 008002, 008004, 008003, 008009, 008007, 008005, 008000, 008001]
6006	8	008008	008001	77	15.0	3.0	0,922	true	[008008, 008002, 008004, 008003, 008009, 008007, 008005, 008001]
6007	8	008008	008001	78	23.0	3.0	0,903	true	[008008, 008002, 008004, 008005, 008000, 008001]
6008	8	008008	008001	79	16.0	3.0	0,903	true	[008008, 008002, 008004, 008005, 008000, 008003, 008001]
6009	8	008008	008001	80	6.0	3.0	0,867	true	[008008, 008002, 008004, 008005, 008000, 008003, 008007, 008001]
6010	8	008008	008001	81	16.0	3.0	0,859	true	[008008, 008002, 008004, 008005, 008000, 008003, 008007, 008009, 008001]
6011	8	008008	008001	82	16.0	3.0	0,894	true	[008008, 008002, 008004, 008005, 008000, 008003, 008009, 008001]
6012	8	008008	008001	83	6.0	3.0	0,903	true	[008008, 008002, 008004, 008005, 008000, 008003, 008009, 008007, 008001]
6013	8	008008	008001	84	23.0	3.0	0,885	true	[008008, 008002, 008004, 008005, 008000, 008006, 008003, 008001]
6014	8	008008	008001	85	6.0	3.0	0,850	true	[008008, 008002, 008004, 008005, 008000, 008006, 008003, 008007, 008001]
6015	8	008008	008001	86	16.0	3.0	0,841	true	[008008, 008002, 008004, 008005, 008000, 008006, 008003, 008007, 008009, 008001]
6016	8	008008	008001	87	23.0	3.0	0,876	true	[008008, 008002, 008004, 008005, 008000, 008006, 008003, 008009, 008001]
6017	8	008008	008001	88	6.0	3.0	0,885	true	[008008, 008002, 008004, 008005, 008000, 008006, 008003, 008009, 008007, 008001]
6018	8	008008	008001	89	6.0	3.0	0,867	true	[008008, 008002, 008004, 008005, 008000, 008007, 008001]
6019	8	008008	008001	90	22.0	3.0	0,832	true	[008008, 008002, 008004, 008005, 008000, 008007, 008003, 008001]
6020	8	008008	008001	91	22.0	3.0	0,824	true	[008008, 008002, 008004, 008005, 008000, 008007, 008003, 008009, 008001]
6021	8	008008	008001	92	16.0	3.0	0,858	true	[008008, 008002, 008004, 008005, 008000, 008007, 008009, 008001]
6022	8	008008	008001	93	16.0	3.0	0,867	true	[008008, 008002, 008004, 008005, 008000, 008007, 008009, 008003, 008001]
6023	8	008008	008001	94	23.0	3.0	0,876	true	[008008, 008002, 008004, 008005, 008000, 008009, 008001]
6024	8	008008	008001	95	23.0	3.0	0,885	true	[008008, 008002, 008004, 008005, 008000, 008009, 008003, 008001]
6025	8	008008	008001	96	6.0	3.0	0,850	true	[008008, 008002, 008004, 008005, 008000, 008009, 008003, 008007, 008001]
6026	8	008008	008001	97	6.0	3.0	0,885	true	[008008, 008002, 008004, 008005, 008000, 008009, 008007, 008001]
6027	8	008008	008001	98	16.0	3.0	0,850	true	[008008, 008002, 008004, 008005, 008000, 008009, 008007, 008003, 008001]
6028	8	008008	008001	99	23.0	3.0	0,903	true	[008008, 008002, 008004, 008005, 008001]
6029	8	008008	008001	100	15.0	3.0	0,876	true	[008008, 008002, 008004, 008005, 008007, 008000, 008001]
6030	8	008008	008001	101	6.0	3.0	0,931	true	[008008, 008002, 008004, 008005, 008007, 008001]
6031	9	009001	009007	0	9.0	3.0	0,867	true	[009001, 009000, 009002, 009003, 009005, 009006, 009004, 009007]
6032	9	009001	009007	1	21.0	3.0	0,816	true	[009001, 009000, 009002, 009003, 009005, 009006, 009004, 009009, 009008, 009007]
6033	9	009001	009007	2	24.0	3.0	0,885	true	[009001, 009000, 009002, 009003, 009005, 009006, 009007]
6034	9	009001	009007	3	12.0	3.0	0,824	true	[009001, 009000, 009002, 009003, 009005, 009009, 009004, 009006, 009007]
6035	9	009001	009007	4	9.0	3.0	0,858	true	[009001, 009000, 009002, 009003, 009005, 009009, 009004, 009007]
6036	9	009001	009007	5	12.0	3.0	0,858	true	[009001, 009000, 009002, 009003, 009005, 009009, 009008, 009007]
6037	9	009001	009007	6	9.0	4.0	0,885	true	[009001, 009000, 009002, 009003, 009006, 009004, 009007]
6038	9	009001	009007	7	18.0	4.0	0,833	true	[009001, 009000, 009002, 009003, 009006, 009004, 009009, 009008, 009007]
6039	9	009001	009007	8	9.0	6.0	0,807	true	[009001, 009000, 009002, 009003, 009006, 009005, 009009, 009004, 009007]
6040	9	009001	009007	9	12.0	4.0	0,807	true	[009001, 009000, 009002, 009003, 009006, 009005, 009009, 009008, 009007]
6041	9	009001	009007	10	18.0	6.0	0,904	true	[009001, 009000, 009002, 009003, 009006, 009007]
6042	9	009001	009007	11	24.0	7.0	0,903	true	[009001, 009000, 009002, 009003, 009007]
6043	9	009001	009007	12	24.0	4.0	0,903	true	[009001, 009000, 009002, 009003, 009008, 009007]
6044	9	009001	009007	13	21.0	4.0	0,868	true	[009001, 009000, 009002, 009003, 009008, 009009, 009004, 009006, 009007]
6045	9	009001	009007	14	9.0	5.0	0,903	true	[009001, 009000, 009002, 009003, 009008, 009009, 009004, 009007]
6046	9	009001	009007	15	9.0	4.0	0,824	true	[009001, 009000, 009002, 009003, 009008, 009009, 009005, 009006, 009004, 009007]
6047	9	009001	009007	16	12.0	5.0	0,841	true	[009001, 009000, 009002, 009003, 009008, 009009, 009005, 009006, 009007]
6048	9	009001	009007	17	12.0	4.0	0,868	true	[009001, 009000, 009002, 009003, 009009, 009004, 009006, 009007]
6049	9	009001	009007	18	9.0	4.0	0,903	true	[009001, 009000, 009002, 009003, 009009, 009004, 009007]
6050	9	009001	009007	19	9.0	4.0	0,824	true	[009001, 009000, 009002, 009003, 009009, 009005, 009006, 009004, 009007]
6051	9	009001	009007	20	12.0	4.0	0,841	true	[009001, 009000, 009002, 009003, 009009, 009005, 009006, 009007]
6052	9	009001	009007	21	12.0	4.0	0,903	true	[009001, 009000, 009002, 009003, 009009, 009008, 009007]
6053	9	009001	009007	22	12.0	3.0	0,791	true	[009001, 009000, 009002, 009004, 009006, 009003, 009005, 009009, 009008, 009007]
6054	9	009001	009007	23	18.0	3.0	0,833	true	[009001, 009000, 009002, 009004, 009006, 009003, 009007]
6055	9	009001	009007	24	18.0	3.0	0,833	true	[009001, 009000, 009002, 009004, 009006, 009003, 009008, 009007]
6056	9	009001	009007	25	12.0	3.0	0,833	true	[009001, 009000, 009002, 009004, 009006, 009003, 009009, 009008, 009007]
6057	9	009001	009007	26	24.0	3.0	0,816	true	[009001, 009000, 009002, 009004, 009006, 009005, 009003, 009007]
6058	9	009001	009007	27	24.0	3.0	0,816	true	[009001, 009000, 009002, 009004, 009006, 009005, 009003, 009008, 009007]
6059	9	009001	009007	28	12.0	3.0	0,816	true	[009001, 009000, 009002, 009004, 009006, 009005, 009003, 009009, 009008, 009007]
6060	9	009001	009007	29	12.0	3.0	0,775	true	[009001, 009000, 009002, 009004, 009006, 009005, 009009, 009003, 009007]
6061	9	009001	009007	30	12.0	3.0	0,775	true	[009001, 009000, 009002, 009004, 009006, 009005, 009009, 009003, 009008, 009007]
6062	9	009001	009007	31	12.0	3.0	0,775	true	[009001, 009000, 009002, 009004, 009006, 009005, 009009, 009008, 009003, 009007]
6063	9	009001	009007	32	12.0	3.0	0,775	true	[009001, 009000, 009002, 009004, 009006, 009005, 009009, 009008, 009007]
6064	9	009001	009007	33	24.0	3.0	0,867	true	[009001, 009000, 009002, 009004, 009006, 009007]
6065	9	009001	009007	34	9.0	3.0	0,903	true	[009001, 009000, 009002, 009004, 009007]
6066	9	009001	009007	35	12.0	3.0	0,832	true	[009001, 009000, 009002, 009004, 009009, 009003, 009005, 009006, 009007]
6067	9	009001	009007	36	12.0	3.0	0,850	true	[009001, 009000, 009002, 009004, 009009, 009003, 009006, 009007]
6068	9	009001	009007	37	12.0	3.0	0,850	true	[009001, 009000, 009002, 009004, 009009, 009003, 009007]
6069	9	009001	009007	38	12.0	3.0	0,850	true	[009001, 009000, 009002, 009004, 009009, 009003, 009008, 009007]
6070	9	009001	009007	39	12.0	3.0	0,807	true	[009001, 009000, 009002, 009004, 009009, 009005, 009003, 009006, 009007]
6071	9	009001	009007	40	12.0	3.0	0,807	true	[009001, 009000, 009002, 009004, 009009, 009005, 009003, 009007]
6072	9	009001	009007	41	12.0	3.0	0,807	true	[009001, 009000, 009002, 009004, 009009, 009005, 009003, 009008, 009007]
6073	9	009001	009007	42	12.0	3.0	0,759	true	[009001, 009000, 009002, 009004, 009009, 009005, 009006, 009003, 009007]
6074	9	009001	009007	43	12.0	3.0	0,759	true	[009001, 009000, 009002, 009004, 009009, 009005, 009006, 009003, 009008, 009007]
6075	9	009001	009007	44	12.0	3.0	0,791	true	[009001, 009000, 009002, 009004, 009009, 009005, 009006, 009007]
6076	9	009001	009007	45	21.0	3.0	0,832	true	[009001, 009000, 009002, 009004, 009009, 009008, 009003, 009005, 009006, 009007]
6077	9	009001	009007	46	18.0	3.0	0,850	true	[009001, 009000, 009002, 009004, 009009, 009008, 009003, 009006, 009007]
6078	9	009001	009007	47	21.0	3.0	0,850	true	[009001, 009000, 009002, 009004, 009009, 009008, 009003, 009007]
6079	9	009001	009007	48	21.0	3.0	0,850	true	[009001, 009000, 009002, 009004, 009009, 009008, 009007]
6080	9	009001	009007	49	12.0	3.0	0,783	true	[009001, 009000, 009003, 009002, 009004, 009006, 009005, 009009, 009008, 009007]
6081	9	009001	009007	50	24.0	3.0	0,876	true	[009001, 009000, 009003, 009002, 009004, 009006, 009007]
6082	9	009001	009007	51	9.0	3.0	0,912	true	[009001, 009000, 009003, 009002, 009004, 009007]
6083	9	009001	009007	52	12.0	3.0	0,799	true	[009001, 009000, 009003, 009002, 009004, 009009, 009005, 009006, 009007]
6084	9	009001	009007	53	21.0	3.0	0,859	true	[009001, 009000, 009003, 009002, 009004, 009009, 009008, 009007]
6085	9	009001	009007	54	9.0	3.0	0,913	true	[009001, 009000, 009003, 009005, 009006, 009004, 009007]
6086	9	009001	009007	55	21.0	3.0	0,859	true	[009001, 009000, 009003, 009005, 009006, 009004, 009009, 009008, 009007]
6087	9	009001	009007	56	24.0	3.0	0,931	true	[009001, 009000, 009003, 009005, 009006, 009007]
6088	9	009001	009007	57	12.0	3.0	0,867	true	[009001, 009000, 009003, 009005, 009009, 009004, 009006, 009007]
6089	9	009001	009007	58	9.0	3.0	0,903	true	[009001, 009000, 009003, 009005, 009009, 009004, 009007]
6090	9	009001	009007	59	12.0	3.0	0,903	true	[009001, 009000, 009003, 009005, 009009, 009008, 009007]
6091	9	009001	009007	60	9.0	4.0	0,932	true	[009001, 009000, 009003, 009006, 009004, 009007]
6092	9	009001	009007	61	18.0	4.0	0,877	true	[009001, 009000, 009003, 009006, 009004, 009009, 009008, 009007]
6093	9	009001	009007	62	9.0	6.0	0,850	true	[009001, 009000, 009003, 009006, 009005, 009009, 009004, 009007]
6094	9	009001	009007	63	12.0	4.0	0,850	true	[009001, 009000, 009003, 009006, 009005, 009009, 009008, 009007]
6095	9	009001	009007	64	18.0	6.0	0,951	true	[009001, 009000, 009003, 009006, 009007]
6096	9	009001	009007	65	24.0	7.0	0,951	true	[009001, 009000, 009003, 009007]
6097	9	009001	009007	66	24.0	4.0	0,951	true	[009001, 009000, 009003, 009008, 009007]
6098	9	009001	009007	67	21.0	4.0	0,913	true	[009001, 009000, 009003, 009008, 009009, 009004, 009006, 009007]
6099	9	009001	009007	68	9.0	5.0	0,951	true	[009001, 009000, 009003, 009008, 009009, 009004, 009007]
6100	9	009001	009007	69	9.0	4.0	0,867	true	[009001, 009000, 009003, 009008, 009009, 009005, 009006, 009004, 009007]
6101	9	009001	009007	70	12.0	5.0	0,885	true	[009001, 009000, 009003, 009008, 009009, 009005, 009006, 009007]
6102	9	009001	009007	71	12.0	4.0	0,913	true	[009001, 009000, 009003, 009009, 009004, 009006, 009007]
6103	9	009001	009007	72	9.0	4.0	0,951	true	[009001, 009000, 009003, 009009, 009004, 009007]
6104	9	009001	009007	73	9.0	4.0	0,867	true	[009001, 009000, 009003, 009009, 009005, 009006, 009004, 009007]
6105	9	009001	009007	74	12.0	4.0	0,885	true	[009001, 009000, 009003, 009009, 009005, 009006, 009007]
6106	9	009001	009007	75	12.0	4.0	0,951	true	[009001, 009000, 009003, 009009, 009008, 009007]
6107	9	009001	009007	76	7.0	3.0	0,832	true	[009001, 009000, 009004, 009002, 009003, 009005, 009006, 009007]
6108	9	009001	009007	77	7.0	3.0	0,807	true	[009001, 009000, 009004, 009002, 009003, 009005, 009009, 009008, 009007]
6109	9	009001	009007	78	7.0	3.0	0,759	true	[009001, 009000, 009004, 009002, 009003, 009006, 009005, 009009, 009008, 009007]
6110	9	009001	009007	79	7.0	3.0	0,850	true	[009001, 009000, 009004, 009002, 009003, 009006, 009007]
6111	9	009001	009007	80	7.0	3.0	0,849	true	[009001, 009000, 009004, 009002, 009003, 009007]
6112	9	009001	009007	81	7.0	3.0	0,849	true	[009001, 009000, 009004, 009002, 009003, 009008, 009007]
6113	9	009001	009007	82	7.0	3.0	0,791	true	[009001, 009000, 009004, 009002, 009003, 009008, 009009, 009005, 009006, 009007]
6114	9	009001	009007	83	7.0	3.0	0,791	true	[009001, 009000, 009004, 009002, 009003, 009009, 009005, 009006, 009007]
6115	9	009001	009007	84	7.0	3.0	0,849	true	[009001, 009000, 009004, 009002, 009003, 009009, 009008, 009007]
6116	9	009001	009007	85	7.0	3.0	0,824	true	[009001, 009000, 009004, 009006, 009003, 009005, 009009, 009008, 009007]
6117	9	009001	009007	86	7.0	4.0	0,867	true	[009001, 009000, 009004, 009006, 009003, 009007]
6118	9	009001	009007	87	7.0	4.0	0,867	true	[009001, 009000, 009004, 009006, 009003, 009008, 009007]
6119	9	009001	009007	88	7.0	4.0	0,867	true	[009001, 009000, 009004, 009006, 009003, 009009, 009008, 009007]
6120	9	009001	009007	89	7.0	3.0	0,850	true	[009001, 009000, 009004, 009006, 009005, 009003, 009007]
6121	9	009001	009007	90	7.0	3.0	0,850	true	[009001, 009000, 009004, 009006, 009005, 009003, 009008, 009007]
6122	9	009001	009007	91	7.0	3.0	0,850	true	[009001, 009000, 009004, 009006, 009005, 009003, 009009, 009008, 009007]
6123	9	009001	009007	92	7.0	4.0	0,807	true	[009001, 009000, 009004, 009006, 009005, 009009, 009003, 009007]
6124	9	009001	009007	93	7.0	4.0	0,807	true	[009001, 009000, 009004, 009006, 009005, 009009, 009003, 009008, 009007]
6125	9	009001	009007	94	7.0	4.0	0,807	true	[009001, 009000, 009004, 009006, 009005, 009009, 009008, 009003, 009007]
6126	9	009001	009007	95	7.0	4.0	0,807	true	[009001, 009000, 009004, 009006, 009005, 009009, 009008, 009007]
6127	9	009001	009007	96	7.0	4.0	0,903	true	[009001, 009000, 009004, 009006, 009007]
6128	9	009001	009007	97	7.0	8.0	0,941	true	[009001, 009000, 009004, 009007]
6129	9	009001	009007	98	7.0	3.0	0,867	true	[009001, 009000, 009004, 009009, 009003, 009005, 009006, 009007]
6130	9	009001	009007	99	7.0	4.0	0,885	true	[009001, 009000, 009004, 009009, 009003, 009006, 009007]
6131	9	009001	009007	100	7.0	4.0	0,885	true	[009001, 009000, 009004, 009009, 009003, 009007]
6132	9	009001	009007	101	24.0	4.0	0,980	true	[009001, 009000, 009007]
6133	9	009001	009007	102	14.0	9.0	0,990	true	[009001, 009007]
6134	10	010002	010004	0	7.0	3.0	0,876	true	[010002, 010000, 010001, 010003, 010005, 010004]
6135	10	010002	010004	1	5.0	3.0	0,841	true	[010002, 010000, 010001, 010003, 010005, 010008, 010007, 010004]
6136	10	010002	010004	2	5.0	3.0	0,850	true	[010002, 010000, 010001, 010003, 010005, 010008, 010009, 010006, 010004]
6137	10	010002	010004	3	5.0	3.0	0,841	true	[010002, 010000, 010001, 010003, 010008, 010005, 010004]
6138	10	010002	010004	4	5.0	3.0	0,807	true	[010002, 010000, 010001, 010003, 010008, 010007, 010004]
6139	10	010002	010004	5	7.0	3.0	0,815	true	[010002, 010000, 010001, 010003, 010008, 010009, 010006, 010004]
6140	10	010002	010004	6	7.0	3.0	0,885	true	[010002, 010000, 010001, 010003, 010009, 010006, 010004]
6141	10	010002	010004	7	5.0	3.0	0,841	true	[010002, 010000, 010001, 010003, 010009, 010008, 010005, 010004]
6142	10	010002	010004	8	5.0	3.0	0,807	true	[010002, 010000, 010001, 010003, 010009, 010008, 010007, 010004]
6143	10	010002	010004	9	7.0	3.0	0,903	true	[010002, 010000, 010001, 010004]
6144	10	010002	010004	10	7.0	3.0	0,841	true	[010002, 010000, 010001, 010008, 010003, 010005, 010004]
6145	10	010002	010004	11	7.0	3.0	0,849	true	[010002, 010000, 010001, 010008, 010003, 010009, 010006, 010004]
6146	10	010002	010004	12	5.0	3.0	0,885	true	[010002, 010000, 010001, 010008, 010005, 010003, 010009, 010006, 010004]
6147	10	010002	010004	13	5.0	3.0	0,894	true	[010002, 010000, 010001, 010008, 010005, 010004]
6148	10	010002	010004	14	5.0	3.0	0,858	true	[010002, 010000, 010001, 010008, 010007, 010004]
6149	10	010002	010004	15	7.0	3.0	0,841	true	[010002, 010000, 010001, 010008, 010009, 010003, 010005, 010004]
6150	10	010002	010004	16	7.0	3.0	0,867	true	[010002, 010000, 010001, 010008, 010009, 010006, 010004]
6151	10	010002	010004	17	7.0	3.0	0,894	true	[010002, 010000, 010001, 010009, 010003, 010005, 010004]
6152	10	010002	010004	18	5.0	3.0	0,858	true	[010002, 010000, 010001, 010009, 010003, 010005, 010008, 010007, 010004]
6153	10	010002	010004	19	5.0	3.0	0,858	true	[010002, 010000, 010001, 010009, 010003, 010008, 010005, 010004]
6154	10	010002	010004	20	5.0	3.0	0,824	true	[010002, 010000, 010001, 010009, 010003, 010008, 010007, 010004]
6155	10	010002	010004	21	7.0	3.0	0,922	true	[010002, 010000, 010001, 010009, 010006, 010004]
6156	10	010002	010004	22	7.0	3.0	0,824	true	[010002, 010000, 010001, 010009, 010008, 010003, 010005, 010004]
6157	10	010002	010004	23	5.0	3.0	0,876	true	[010002, 010000, 010001, 010009, 010008, 010005, 010004]
6158	10	010002	010004	24	5.0	3.0	0,841	true	[010002, 010000, 010001, 010009, 010008, 010007, 010004]
6159	10	010002	010004	25	38.0	3.0	0,931	true	[010002, 010000, 010004]
6160	10	010002	010004	26	9.0	3.0	0,858	true	[010002, 010000, 010005, 010003, 010001, 010004]
6161	10	010002	010004	27	5.0	3.0	0,816	true	[010002, 010000, 010005, 010003, 010001, 010008, 010007, 010004]
6162	10	010002	010004	28	9.0	3.0	0,824	true	[010002, 010000, 010005, 010003, 010001, 010008, 010009, 010006, 010004]
6163	10	010002	010004	29	9.0	3.0	0,876	true	[010002, 010000, 010005, 010003, 010001, 010009, 010006, 010004]
6164	10	010002	010004	30	5.0	3.0	0,799	true	[010002, 010000, 010005, 010003, 010001, 010009, 010008, 010007, 010004]
6165	10	010002	010004	31	9.0	3.0	0,824	true	[010002, 010000, 010005, 010003, 010008, 010001, 010004]
6166	10	010002	010004	32	9.0	3.0	0,841	true	[010002, 010000, 010005, 010003, 010008, 010001, 010009, 010006, 010004]
6167	10	010002	010004	33	5.0	3.0	0,815	true	[010002, 010000, 010005, 010003, 010008, 010007, 010004]
6168	10	010002	010004	34	9.0	3.0	0,807	true	[010002, 010000, 010005, 010003, 010008, 010009, 010001, 010004]
6169	10	010002	010004	35	9.0	3.0	0,823	true	[010002, 010000, 010005, 010003, 010008, 010009, 010006, 010004]
6170	10	010002	010004	36	9.0	3.0	0,876	true	[010002, 010000, 010005, 010003, 010009, 010001, 010004]
6171	10	010002	010004	37	5.0	3.0	0,833	true	[010002, 010000, 010005, 010003, 010009, 010001, 010008, 010007, 010004]
6172	10	010002	010004	38	9.0	3.0	0,894	true	[010002, 010000, 010005, 010003, 010009, 010006, 010004]
6173	10	010002	010004	39	9.0	3.0	0,824	true	[010002, 010000, 010005, 010003, 010009, 010008, 010001, 010004]
6174	10	010002	010004	40	5.0	3.0	0,816	true	[010002, 010000, 010005, 010003, 010009, 010008, 010007, 010004]
6175	10	010002	010004	41	19.0	3.0	0,903	true	[010002, 010000, 010005, 010004]
6176	10	010002	010004	42	5.0	3.0	0,858	true	[010002, 010000, 010005, 010008, 010001, 010003, 010009, 010006, 010004]
6177	10	010002	010004	43	5.0	3.0	0,876	true	[010002, 010000, 010005, 010008, 010001, 010004]
6178	10	010002	010004	44	5.0	3.0	0,894	true	[010002, 010000, 010005, 010008, 010001, 010009, 010006, 010004]
6179	10	010002	010004	45	5.0	3.0	0,824	true	[010002, 010000, 010005, 010008, 010003, 010001, 010004]
6180	10	010002	010004	46	5.0	3.0	0,840	true	[010002, 010000, 010005, 010008, 010003, 010001, 010009, 010006, 010004]
6181	10	010002	010004	47	5.0	3.0	0,841	true	[010002, 010000, 010005, 010008, 010003, 010009, 010001, 010004]
6182	10	010002	010004	48	5.0	3.0	0,858	true	[010002, 010000, 010005, 010008, 010003, 010009, 010006, 010004]
6183	10	010002	010004	49	5.0	3.0	0,867	true	[010002, 010000, 010005, 010008, 010007, 010004]
6184	10	010002	010004	50	5.0	3.0	0,858	true	[010002, 010000, 010005, 010008, 010009, 010001, 010004]
6185	10	010002	010004	51	5.0	3.0	0,824	true	[010002, 010000, 010005, 010008, 010009, 010003, 010001, 010004]
6186	10	010002	010004	52	5.0	3.0	0,876	true	[010002, 010000, 010005, 010008, 010009, 010006, 010004]
6187	10	010002	010004	53	13.0	3.0	0,912	true	[010002, 010000, 010006, 010004]
6188	10	010002	010004	54	9.0	3.0	0,867	true	[010002, 010000, 010006, 010009, 010001, 010003, 010005, 010004]
6189	10	010002	010004	55	5.0	3.0	0,832	true	[010002, 010000, 010006, 010009, 010001, 010003, 010005, 010008, 010007, 010004]
6190	10	010002	010004	56	5.0	3.0	0,832	true	[010002, 010000, 010006, 010009, 010001, 010003, 010008, 010005, 010004]
6191	10	010002	010004	57	5.0	3.0	0,799	true	[010002, 010000, 010006, 010009, 010001, 010003, 010008, 010007, 010004]
6192	10	010002	010004	58	13.0	3.0	0,894	true	[010002, 010000, 010006, 010009, 010001, 010004]
6193	10	010002	010004	59	9.0	3.0	0,832	true	[010002, 010000, 010006, 010009, 010001, 010008, 010003, 010005, 010004]
6194	10	010002	010004	60	5.0	3.0	0,885	true	[010002, 010000, 010006, 010009, 010001, 010008, 010005, 010004]
6195	10	010002	010004	61	5.0	3.0	0,849	true	[010002, 010000, 010006, 010009, 010001, 010008, 010007, 010004]
6196	10	010002	010004	62	13.0	3.0	0,858	true	[010002, 010000, 010006, 010009, 010003, 010001, 010004]
6197	10	010002	010004	63	5.0	3.0	0,850	true	[010002, 010000, 010006, 010009, 010003, 010001, 010008, 010005, 010004]
6198	10	010002	010004	64	5.0	3.0	0,816	true	[010002, 010000, 010006, 010009, 010003, 010001, 010008, 010007, 010004]
6199	10	010002	010004	65	9.0	3.0	0,885	true	[010002, 010000, 010006, 010009, 010003, 010005, 010004]
6200	10	010002	010004	66	5.0	3.0	0,858	true	[010002, 010000, 010006, 010009, 010003, 010005, 010008, 010001, 010004]
6201	10	010002	010004	67	5.0	3.0	0,850	true	[010002, 010000, 010006, 010009, 010003, 010005, 010008, 010007, 010004]
6202	10	010002	010004	68	13.0	3.0	0,824	true	[010002, 010000, 010006, 010009, 010003, 010008, 010001, 010004]
6203	10	010002	010004	69	5.0	3.0	0,849	true	[010002, 010000, 010006, 010009, 010003, 010008, 010005, 010004]
6204	10	010002	010004	70	5.0	3.0	0,815	true	[010002, 010000, 010006, 010009, 010003, 010008, 010007, 010004]
6205	10	010002	010004	71	9.0	3.0	0,816	true	[010002, 010000, 010006, 010009, 010008, 010001, 010003, 010005, 010004]
6206	10	010002	010004	72	13.0	3.0	0,841	true	[010002, 010000, 010006, 010009, 010008, 010001, 010004]
6207	10	010002	010004	73	13.0	3.0	0,791	true	[010002, 010000, 010006, 010009, 010008, 010003, 010001, 010004]
6208	10	010002	010004	74	9.0	3.0	0,815	true	[010002, 010000, 010006, 010009, 010008, 010003, 010005, 010004]
6209	10	010002	010004	75	5.0	3.0	0,824	true	[010002, 010000, 010006, 010009, 010008, 010005, 010003, 010001, 010004]
6210	10	010002	010004	76	5.0	3.0	0,867	true	[010002, 010000, 010006, 010009, 010008, 010005, 010004]
6211	10	010002	010004	77	5.0	3.0	0,832	true	[010002, 010000, 010006, 010009, 010008, 010007, 010004]
6212	10	010002	010004	78	5.0	3.0	0,912	true	[010002, 010000, 010007, 010004]
6213	10	010002	010004	79	9.0	3.0	0,877	true	[010002, 010000, 010007, 010008, 010001, 010003, 010005, 010004]
6214	10	010002	010004	80	13.0	3.0	0,885	true	[010002, 010000, 010007, 010008, 010001, 010003, 010009, 010006, 010004]
6215	10	010002	010004	81	16.0	3.0	0,904	true	[010002, 010000, 010007, 010008, 010001, 010004]
6216	10	010002	010004	82	9.0	3.0	0,895	true	[010002, 010000, 010007, 010008, 010001, 010009, 010003, 010005, 010004]
6217	10	010002	010004	83	13.0	3.0	0,922	true	[010002, 010000, 010007, 010008, 010001, 010009, 010006, 010004]
6218	10	010002	010004	84	16.0	3.0	0,850	true	[010002, 010000, 010007, 010008, 010003, 010001, 010004]
6219	10	010002	010004	85	13.0	3.0	0,867	true	[010002, 010000, 010007, 010008, 010003, 010001, 010009, 010006, 010004]
6220	10	010002	010004	86	9.0	3.0	0,876	true	[010002, 010000, 010007, 010008, 010003, 010005, 010004]
6221	10	010002	010004	87	16.0	3.0	0,867	true	[010002, 010000, 010007, 010008, 010003, 010009, 010001, 010004]
6222	10	010002	010004	88	13.0	3.0	0,885	true	[010002, 010000, 010007, 010008, 010003, 010009, 010006, 010004]
6223	10	010002	010004	89	5.0	3.0	0,885	true	[010002, 010000, 010007, 010008, 010005, 010003, 010001, 010004]
6224	10	010002	010004	90	5.0	3.0	0,904	true	[010002, 010000, 010007, 010008, 010005, 010003, 010001, 010009, 010006, 010004]
6225	10	010002	010004	91	5.0	3.0	0,904	true	[010002, 010000, 010007, 010008, 010005, 010003, 010009, 010001, 010004]
6226	10	010002	010004	92	5.0	3.0	0,922	true	[010002, 010000, 010007, 010008, 010005, 010003, 010009, 010006, 010004]
6227	10	010002	010004	93	5.0	3.0	0,931	true	[010002, 010000, 010007, 010008, 010005, 010004]
6228	10	010002	010004	94	9.0	3.0	0,859	true	[010002, 010000, 010007, 010008, 010009, 010001, 010003, 010005, 010004]
6229	10	010002	010004	95	16.0	3.0	0,885	true	[010002, 010000, 010007, 010008, 010009, 010001, 010004]
6230	10	010002	010004	96	16.0	3.0	0,850	true	[010002, 010000, 010007, 010008, 010009, 010003, 010001, 010004]
6231	10	010002	010004	97	9.0	3.0	0,876	true	[010002, 010000, 010007, 010008, 010009, 010003, 010005, 010004]
6232	10	010002	010004	98	13.0	3.0	0,903	true	[010002, 010000, 010007, 010008, 010009, 010006, 010004]
6233	10	010002	010004	99	9.0	3.0	0,868	true	[010002, 010000, 010008, 010001, 010003, 010005, 010004]
6234	10	010002	010004	100	13.0	3.0	0,876	true	[010002, 010000, 010008, 010001, 010003, 010009, 010006, 010004]
6235	10	010002	010004	101	16.0	3.0	0,894	true	[010002, 010000, 010008, 010001, 010004]
6236	10	010002	010004	102	50.0	6.0	0,950	true	[010002, 010004]
6237	11	011007	011001	0	29.0	3.0	0,941	true	[011007, 011000, 011001]
6238	11	011007	011001	1	34.0	3.0	0,931	true	[011007, 011000, 011002, 011001]
6239	11	011007	011001	2	13.0	3.0	0,903	true	[011007, 011000, 011002, 011003, 011001]
6240	11	011007	011001	3	13.0	3.0	0,849	true	[011007, 011000, 011002, 011003, 011004, 011001]
6241	11	011007	011001	4	13.0	3.0	0,823	true	[011007, 011000, 011002, 011003, 011004, 011005, 011001]
6242	11	011007	011001	5	13.0	3.0	0,832	true	[011007, 011000, 011002, 011003, 011004, 011005, 011006, 011001]
6243	11	011007	011001	6	13.0	3.0	0,782	true	[011007, 011000, 011002, 011003, 011004, 011005, 011006, 011008, 011001]
6244	11	011007	011001	7	7.0	3.0	0,791	true	[011007, 011000, 011002, 011003, 011004, 011005, 011006, 011009, 011001]
6245	11	011007	011001	8	13.0	3.0	0,815	true	[011007, 011000, 011002, 011003, 011004, 011005, 011008, 011001]
6246	11	011007	011001	9	13.0	3.0	0,782	true	[011007, 011000, 011002, 011003, 011004, 011005, 011008, 011006, 011001]
6247	11	011007	011001	10	7.0	3.0	0,743	true	[011007, 011000, 011002, 011003, 011004, 011005, 011008, 011006, 011009, 011001]
6248	11	011007	011001	11	13.0	3.0	0,807	true	[011007, 011000, 011002, 011003, 011004, 011005, 011009, 011001]
6249	11	011007	011001	12	7.0	3.0	0,782	true	[011007, 011000, 011002, 011003, 011004, 011005, 011009, 011006, 011001]
6250	11	011007	011001	13	7.0	3.0	0,736	true	[011007, 011000, 011002, 011003, 011004, 011005, 011009, 011006, 011008, 011001]
6251	11	011007	011001	14	5.0	3.0	0,823	true	[011007, 011000, 011002, 011003, 011005, 011001]
6252	11	011007	011001	15	5.0	3.0	0,849	true	[011007, 011000, 011002, 011003, 011005, 011004, 011001]
6253	11	011007	011001	16	5.0	3.0	0,832	true	[011007, 011000, 011002, 011003, 011005, 011006, 011001]
6254	11	011007	011001	17	5.0	3.0	0,782	true	[011007, 011000, 011002, 011003, 011005, 011006, 011008, 011001]
6255	11	011007	011001	18	5.0	3.0	0,791	true	[011007, 011000, 011002, 011003, 011005, 011006, 011009, 011001]
6256	11	011007	011001	19	5.0	3.0	0,815	true	[011007, 011000, 011002, 011003, 011005, 011008, 011001]
6257	11	011007	011001	20	5.0	3.0	0,782	true	[011007, 011000, 011002, 011003, 011005, 011008, 011006, 011001]
6258	11	011007	011001	21	5.0	3.0	0,743	true	[011007, 011000, 011002, 011003, 011005, 011008, 011006, 011009, 011001]
6259	11	011007	011001	22	5.0	3.0	0,807	true	[011007, 011000, 011002, 011003, 011005, 011009, 011001]
6260	11	011007	011001	23	5.0	3.0	0,782	true	[011007, 011000, 011002, 011003, 011005, 011009, 011006, 011001]
6261	11	011007	011001	24	5.0	3.0	0,736	true	[011007, 011000, 011002, 011003, 011005, 011009, 011006, 011008, 011001]
6262	11	011007	011001	25	13.0	3.0	0,885	true	[011007, 011000, 011002, 011003, 011008, 011001]
6263	11	011007	011001	26	13.0	3.0	0,824	true	[011007, 011000, 011002, 011003, 011008, 011005, 011001]
6264	11	011007	011001	27	13.0	3.0	0,850	true	[011007, 011000, 011002, 011003, 011008, 011005, 011004, 011001]
6265	11	011007	011001	28	13.0	3.0	0,832	true	[011007, 011000, 011002, 011003, 011008, 011005, 011006, 011001]
6266	11	011007	011001	29	7.0	3.0	0,791	true	[011007, 011000, 011002, 011003, 011008, 011005, 011006, 011009, 011001]
6267	11	011007	011001	30	13.0	3.0	0,807	true	[011007, 011000, 011002, 011003, 011008, 011005, 011009, 011001]
6268	11	011007	011001	31	7.0	3.0	0,783	true	[011007, 011000, 011002, 011003, 011008, 011005, 011009, 011006, 011001]
6269	11	011007	011001	32	13.0	3.0	0,849	true	[011007, 011000, 011002, 011003, 011008, 011006, 011001]
6270	11	011007	011001	33	13.0	3.0	0,791	true	[011007, 011000, 011002, 011003, 011008, 011006, 011005, 011001]
6271	11	011007	011001	34	13.0	3.0	0,815	true	[011007, 011000, 011002, 011003, 011008, 011006, 011005, 011004, 011001]
6272	11	011007	011001	35	13.0	3.0	0,775	true	[011007, 011000, 011002, 011003, 011008, 011006, 011005, 011009, 011001]
6273	11	011007	011001	36	7.0	3.0	0,807	true	[011007, 011000, 011002, 011003, 011008, 011006, 011009, 011001]
6274	11	011007	011001	37	7.0	3.0	0,743	true	[011007, 011000, 011002, 011003, 011008, 011006, 011009, 011005, 011001]
6275	11	011007	011001	38	7.0	3.0	0,767	true	[011007, 011000, 011002, 011003, 011008, 011006, 011009, 011005, 011004, 011001]
6276	11	011007	011001	39	13.0	3.0	0,858	true	[011007, 011000, 011002, 011003, 011009, 011001]
6277	11	011007	011001	40	13.0	3.0	0,790	true	[011007, 011000, 011002, 011003, 011009, 011005, 011001]
6278	11	011007	011001	41	13.0	3.0	0,815	true	[011007, 011000, 011002, 011003, 011009, 011005, 011004, 011001]
6279	11	011007	011001	42	13.0	3.0	0,799	true	[011007, 011000, 011002, 011003, 011009, 011005, 011006, 011001]
6280	11	011007	011001	43	13.0	3.0	0,751	true	[011007, 011000, 011002, 011003, 011009, 011005, 011006, 011008, 011001]
6281	11	011007	011001	44	13.0	3.0	0,783	true	[011007, 011000, 011002, 011003, 011009, 011005, 011008, 011001]
6282	11	011007	011001	45	13.0	3.0	0,751	true	[011007, 011000, 011002, 011003, 011009, 011005, 011008, 011006, 011001]
6283	11	011007	011001	46	7.0	3.0	0,832	true	[011007, 011000, 011002, 011003, 011009, 011006, 011001]
6284	11	011007	011001	47	7.0	3.0	0,775	true	[011007, 011000, 011002, 011003, 011009, 011006, 011005, 011001]
6285	11	011007	011001	48	7.0	3.0	0,799	true	[011007, 011000, 011002, 011003, 011009, 011006, 011005, 011004, 011001]
6286	11	011007	011001	49	7.0	3.0	0,767	true	[011007, 011000, 011002, 011003, 011009, 011006, 011005, 011008, 011001]
6287	11	011007	011001	50	7.0	3.0	0,783	true	[011007, 011000, 011002, 011003, 011009, 011006, 011008, 011001]
6288	11	011007	011001	51	7.0	3.0	0,729	true	[011007, 011000, 011002, 011003, 011009, 011006, 011008, 011005, 011001]
6289	11	011007	011001	52	7.0	3.0	0,751	true	[011007, 011000, 011002, 011003, 011009, 011006, 011008, 011005, 011004, 011001]
6290	11	011007	011001	53	14.0	3.0	0,894	true	[011007, 011000, 011002, 011004, 011001]
6291	11	011007	011001	54	14.0	3.0	0,858	true	[011007, 011000, 011002, 011004, 011003, 011001]
6292	11	011007	011001	55	5.0	3.0	0,782	true	[011007, 011000, 011002, 011004, 011003, 011005, 011001]
6293	11	011007	011001	56	5.0	3.0	0,790	true	[011007, 011000, 011002, 011004, 011003, 011005, 011006, 011001]
6294	11	011007	011001	57	5.0	3.0	0,743	true	[011007, 011000, 011002, 011004, 011003, 011005, 011006, 011008, 011001]
6295	11	011007	011001	58	5.0	3.0	0,751	true	[011007, 011000, 011002, 011004, 011003, 011005, 011006, 011009, 011001]
6296	11	011007	011001	59	5.0	3.0	0,774	true	[011007, 011000, 011002, 011004, 011003, 011005, 011008, 011001]
6297	11	011007	011001	60	5.0	3.0	0,743	true	[011007, 011000, 011002, 011004, 011003, 011005, 011008, 011006, 011001]
6298	11	011007	011001	61	5.0	3.0	0,706	true	[011007, 011000, 011002, 011004, 011003, 011005, 011008, 011006, 011009, 011001]
6299	11	011007	011001	62	5.0	3.0	0,766	true	[011007, 011000, 011002, 011004, 011003, 011005, 011009, 011001]
6300	11	011007	011001	63	5.0	3.0	0,743	true	[011007, 011000, 011002, 011004, 011003, 011005, 011009, 011006, 011001]
6301	11	011007	011001	64	5.0	3.0	0,699	true	[011007, 011000, 011002, 011004, 011003, 011005, 011009, 011006, 011008, 011001]
6302	11	011007	011001	65	14.0	3.0	0,841	true	[011007, 011000, 011002, 011004, 011003, 011008, 011001]
6303	11	011007	011001	66	14.0	3.0	0,783	true	[011007, 011000, 011002, 011004, 011003, 011008, 011005, 011001]
6304	11	011007	011001	67	14.0	3.0	0,791	true	[011007, 011000, 011002, 011004, 011003, 011008, 011005, 011006, 011001]
6305	11	011007	011001	68	7.0	3.0	0,752	true	[011007, 011000, 011002, 011004, 011003, 011008, 011005, 011006, 011009, 011001]
6306	11	011007	011001	69	14.0	3.0	0,767	true	[011007, 011000, 011002, 011004, 011003, 011008, 011005, 011009, 011001]
6307	11	011007	011001	70	7.0	3.0	0,743	true	[011007, 011000, 011002, 011004, 011003, 011008, 011005, 011009, 011006, 011001]
6308	11	011007	011001	71	14.0	3.0	0,807	true	[011007, 011000, 011002, 011004, 011003, 011008, 011006, 011001]
6309	11	011007	011001	72	14.0	3.0	0,751	true	[011007, 011000, 011002, 011004, 011003, 011008, 011006, 011005, 011001]
6310	11	011007	011001	73	14.0	3.0	0,736	true	[011007, 011000, 011002, 011004, 011003, 011008, 011006, 011005, 011009, 011001]
6311	11	011007	011001	74	7.0	3.0	0,767	true	[011007, 011000, 011002, 011004, 011003, 011008, 011006, 011009, 011001]
6312	11	011007	011001	75	7.0	3.0	0,706	true	[011007, 011000, 011002, 011004, 011003, 011008, 011006, 011009, 011005, 011001]
6313	11	011007	011001	76	14.0	3.0	0,815	true	[011007, 011000, 011002, 011004, 011003, 011009, 011001]
6314	11	011007	011001	77	14.0	3.0	0,751	true	[011007, 011000, 011002, 011004, 011003, 011009, 011005, 011001]
6315	11	011007	011001	78	14.0	3.0	0,759	true	[011007, 011000, 011002, 011004, 011003, 011009, 011005, 011006, 011001]
6316	11	011007	011001	79	14.0	3.0	0,714	true	[011007, 011000, 011002, 011004, 011003, 011009, 011005, 011006, 011008, 011001]
6317	11	011007	011001	80	14.0	3.0	0,743	true	[011007, 011000, 011002, 011004, 011003, 011009, 011005, 011008, 011001]
6318	11	011007	011001	81	14.0	3.0	0,713	true	[011007, 011000, 011002, 011004, 011003, 011009, 011005, 011008, 011006, 011001]
6319	11	011007	011001	82	7.0	3.0	0,790	true	[011007, 011000, 011002, 011004, 011003, 011009, 011006, 011001]
6320	11	011007	011001	83	7.0	3.0	0,736	true	[011007, 011000, 011002, 011004, 011003, 011009, 011006, 011005, 011001]
6321	11	011007	011001	84	7.0	3.0	0,729	true	[011007, 011000, 011002, 011004, 011003, 011009, 011006, 011005, 011008, 011001]
6322	11	011007	011001	85	7.0	3.0	0,743	true	[011007, 011000, 011002, 011004, 011003, 011009, 011006, 011008, 011001]
6323	11	011007	011001	86	7.0	3.0	0,692	true	[011007, 011000, 011002, 011004, 011003, 011009, 011006, 011008, 011005, 011001]
6324	11	011007	011001	87	14.0	3.0	0,867	true	[011007, 011000, 011002, 011004, 011005, 011001]
6325	11	011007	011001	88	5.0	3.0	0,858	true	[011007, 011000, 011002, 011004, 011005, 011003, 011001]
6326	11	011007	011001	89	5.0	3.0	0,841	true	[011007, 011000, 011002, 011004, 011005, 011003, 011008, 011001]
6327	11	011007	011001	90	5.0	3.0	0,807	true	[011007, 011000, 011002, 011004, 011005, 011003, 011008, 011006, 011001]
6328	11	011007	011001	91	5.0	3.0	0,767	true	[011007, 011000, 011002, 011004, 011005, 011003, 011008, 011006, 011009, 011001]
6329	11	011007	011001	92	5.0	3.0	0,815	true	[011007, 011000, 011002, 011004, 011005, 011003, 011009, 011001]
6330	11	011007	011001	93	5.0	3.0	0,790	true	[011007, 011000, 011002, 011004, 011005, 011003, 011009, 011006, 011001]
6331	11	011007	011001	94	5.0	3.0	0,743	true	[011007, 011000, 011002, 011004, 011005, 011003, 011009, 011006, 011008, 011001]
6332	11	011007	011001	95	14.0	3.0	0,876	true	[011007, 011000, 011002, 011004, 011005, 011006, 011001]
6333	11	011007	011001	96	14.0	3.0	0,824	true	[011007, 011000, 011002, 011004, 011005, 011006, 011008, 011001]
6334	11	011007	011001	97	14.0	3.0	0,824	true	[011007, 011000, 011002, 011004, 011005, 011006, 011008, 011003, 011001]
6335	11	011007	011001	98	14.0	3.0	0,783	true	[011007, 011000, 011002, 011004, 011005, 011006, 011008, 011003, 011009, 011001]
6336	11	011007	011001	99	7.0	3.0	0,832	true	[011007, 011000, 011002, 011004, 011005, 011006, 011009, 011001]
6337	11	011007	011001	100	7.0	3.0	0,807	true	[011007, 011000, 011002, 011004, 011005, 011006, 011009, 011003, 011001]
6338	11	011007	011001	101	16.0	9.0	0,970	true	[011007, 011001]
6339	12	012000	012002	0	18.0	5.0	0,912	true	[012000, 012001, 012002]
6340	12	012000	012002	1	30.0	6.0	0,876	true	[012000, 012001, 012003, 012002]
6341	12	012000	012002	2	25.0	4.0	0,840	true	[012000, 012001, 012003, 012005, 012006, 012004, 012002]
6342	12	012000	012002	3	8.0	4.0	0,807	true	[012000, 012001, 012003, 012005, 012006, 012004, 012007, 012002]
6343	12	012000	012002	4	8.0	4.0	0,782	true	[012000, 012001, 012003, 012005, 012006, 012004, 012007, 012008, 012002]
6344	12	012000	012002	5	8.0	4.0	0,767	true	[012000, 012001, 012003, 012005, 012006, 012004, 012007, 012008, 012009, 012002]
6345	12	012000	012002	6	10.0	4.0	0,774	true	[012000, 012001, 012003, 012005, 012006, 012004, 012008, 012002]
6346	12	012000	012002	7	10.0	4.0	0,767	true	[012000, 012001, 012003, 012005, 012006, 012004, 012008, 012007, 012002]
6347	12	012000	012002	8	10.0	4.0	0,759	true	[012000, 012001, 012003, 012005, 012006, 012004, 012008, 012009, 012002]
6348	12	012000	012002	9	37.0	4.0	0,766	true	[012000, 012001, 012003, 012005, 012006, 012008, 012002]
6349	12	012000	012002	10	10.0	4.0	0,783	true	[012000, 012001, 012003, 012005, 012006, 012008, 012004, 012002]
6350	12	012000	012002	11	8.0	4.0	0,751	true	[012000, 012001, 012003, 012005, 012006, 012008, 012004, 012007, 012002]
6351	12	012000	012002	12	18.0	4.0	0,759	true	[012000, 012001, 012003, 012005, 012006, 012008, 012007, 012002]
6352	12	012000	012002	13	8.0	4.0	0,791	true	[012000, 012001, 012003, 012005, 012006, 012008, 012007, 012004, 012002]
6353	12	012000	012002	14	28.0	4.0	0,751	true	[012000, 012001, 012003, 012005, 012006, 012008, 012009, 012002]
6354	12	012000	012002	15	37.0	3.0	0,791	true	[012000, 012001, 012003, 012005, 012006, 012009, 012002]
6355	12	012000	012002	16	28.0	3.0	0,759	true	[012000, 012001, 012003, 012005, 012006, 012009, 012008, 012002]
6356	12	012000	012002	17	10.0	3.0	0,775	true	[012000, 012001, 012003, 012005, 012006, 012009, 012008, 012004, 012002]
6357	12	012000	012002	18	8.0	3.0	0,744	true	[012000, 012001, 012003, 012005, 012006, 012009, 012008, 012004, 012007, 012002]
6358	12	012000	012002	19	18.0	3.0	0,752	true	[012000, 012001, 012003, 012005, 012006, 012009, 012008, 012007, 012002]
6359	12	012000	012002	20	8.0	3.0	0,783	true	[012000, 012001, 012003, 012005, 012006, 012009, 012008, 012007, 012004, 012002]
6360	12	012000	012002	21	37.0	3.0	0,824	true	[012000, 012001, 012003, 012005, 012007, 012002]
6361	12	012000	012002	22	8.0	3.0	0,858	true	[012000, 012001, 012003, 012005, 012007, 012004, 012002]
6362	12	012000	012002	23	8.0	3.0	0,783	true	[012000, 012001, 012003, 012005, 012007, 012004, 012006, 012008, 012002]
6363	12	012000	012002	24	8.0	3.0	0,767	true	[012000, 012001, 012003, 012005, 012007, 012004, 012006, 012008, 012009, 012002]
6364	12	012000	012002	25	8.0	3.0	0,807	true	[012000, 012001, 012003, 012005, 012007, 012004, 012006, 012009, 012002]
6365	12	012000	012002	26	8.0	3.0	0,775	true	[012000, 012001, 012003, 012005, 012007, 012004, 012006, 012009, 012008, 012002]
6366	12	012000	012002	27	8.0	3.0	0,791	true	[012000, 012001, 012003, 012005, 012007, 012004, 012008, 012002]
6367	12	012000	012002	28	8.0	3.0	0,752	true	[012000, 012001, 012003, 012005, 012007, 012004, 012008, 012006, 012009, 012002]
6368	12	012000	012002	29	8.0	3.0	0,775	true	[012000, 012001, 012003, 012005, 012007, 012004, 012008, 012009, 012002]
6369	12	012000	012002	30	18.0	3.0	0,799	true	[012000, 012001, 012003, 012005, 012007, 012008, 012002]
6370	12	012000	012002	31	10.0	3.0	0,816	true	[012000, 012001, 012003, 012005, 012007, 012008, 012004, 012002]
6371	12	012000	012002	32	10.0	3.0	0,767	true	[012000, 012001, 012003, 012005, 012007, 012008, 012004, 012006, 012009, 012002]
6372	12	012000	012002	33	18.0	3.0	0,807	true	[012000, 012001, 012003, 012005, 012007, 012008, 012006, 012004, 012002]
6373	12	012000	012002	34	18.0	3.0	0,760	true	[012000, 012001, 012003, 012005, 012007, 012008, 012006, 012009, 012002]
6374	12	012000	012002	35	18.0	3.0	0,783	true	[012000, 012001, 012003, 012005, 012007, 012008, 012009, 012002]
6375	12	012000	012002	36	18.0	3.0	0,799	true	[012000, 012001, 012003, 012005, 012007, 012008, 012009, 012006, 012004, 012002]
6376	12	012000	012002	37	28.0	4.0	0,798	true	[012000, 012001, 012003, 012005, 012008, 012002]
6377	12	012000	012002	38	10.0	4.0	0,815	true	[012000, 012001, 012003, 012005, 012008, 012004, 012002]
6378	12	012000	012002	39	10.0	3.0	0,767	true	[012000, 012001, 012003, 012005, 012008, 012004, 012006, 012009, 012002]
6379	12	012000	012002	40	8.0	4.0	0,783	true	[012000, 012001, 012003, 012005, 012008, 012004, 012007, 012002]
6380	12	012000	012002	41	25.0	4.0	0,807	true	[012000, 012001, 012003, 012005, 012008, 012006, 012004, 012002]
6381	12	012000	012002	42	8.0	4.0	0,775	true	[012000, 012001, 012003, 012005, 012008, 012006, 012004, 012007, 012002]
6382	12	012000	012002	43	28.0	3.0	0,759	true	[012000, 012001, 012003, 012005, 012008, 012006, 012009, 012002]
6383	12	012000	012002	44	18.0	4.0	0,791	true	[012000, 012001, 012003, 012005, 012008, 012007, 012002]
6384	12	012000	012002	45	8.0	4.0	0,824	true	[012000, 012001, 012003, 012005, 012008, 012007, 012004, 012002]
6385	12	012000	012002	46	8.0	3.0	0,775	true	[012000, 012001, 012003, 012005, 012008, 012007, 012004, 012006, 012009, 012002]
6386	12	012000	012002	47	28.0	4.0	0,783	true	[012000, 012001, 012003, 012005, 012008, 012009, 012002]
6387	12	012000	012002	48	25.0	3.0	0,799	true	[012000, 012001, 012003, 012005, 012008, 012009, 012006, 012004, 012002]
6388	12	012000	012002	49	8.0	3.0	0,767	true	[012000, 012001, 012003, 012005, 012008, 012009, 012006, 012004, 012007, 012002]
6389	12	012000	012002	50	37.0	4.0	0,815	true	[012000, 012001, 012003, 012005, 012009, 012002]
6390	12	012000	012002	51	25.0	3.0	0,832	true	[012000, 012001, 012003, 012005, 012009, 012006, 012004, 012002]
6391	12	012000	012002	52	8.0	3.0	0,799	true	[012000, 012001, 012003, 012005, 012009, 012006, 012004, 012007, 012002]
6392	12	012000	012002	53	8.0	3.0	0,775	true	[012000, 012001, 012003, 012005, 012009, 012006, 012004, 012007, 012008, 012002]
6393	12	012000	012002	54	10.0	3.0	0,767	true	[012000, 012001, 012003, 012005, 012009, 012006, 012004, 012008, 012002]
6394	12	012000	012002	55	10.0	3.0	0,760	true	[012000, 012001, 012003, 012005, 012009, 012006, 012004, 012008, 012007, 012002]
6395	12	012000	012002	56	37.0	3.0	0,759	true	[012000, 012001, 012003, 012005, 012009, 012006, 012008, 012002]
6396	12	012000	012002	57	10.0	3.0	0,775	true	[012000, 012001, 012003, 012005, 012009, 012006, 012008, 012004, 012002]
6397	12	012000	012002	58	8.0	3.0	0,744	true	[012000, 012001, 012003, 012005, 012009, 012006, 012008, 012004, 012007, 012002]
6398	12	012000	012002	59	18.0	3.0	0,752	true	[012000, 012001, 012003, 012005, 012009, 012006, 012008, 012007, 012002]
6399	12	012000	012002	60	8.0	3.0	0,783	true	[012000, 012001, 012003, 012005, 012009, 012006, 012008, 012007, 012004, 012002]
6400	12	012000	012002	61	28.0	4.0	0,783	true	[012000, 012001, 012003, 012005, 012009, 012008, 012002]
6401	12	012000	012002	62	10.0	4.0	0,799	true	[012000, 012001, 012003, 012005, 012009, 012008, 012004, 012002]
6402	12	012000	012002	63	8.0	4.0	0,767	true	[012000, 012001, 012003, 012005, 012009, 012008, 012004, 012007, 012002]
6403	12	012000	012002	64	25.0	4.0	0,791	true	[012000, 012001, 012003, 012005, 012009, 012008, 012006, 012004, 012002]
6404	12	012000	012002	65	8.0	4.0	0,759	true	[012000, 012001, 012003, 012005, 012009, 012008, 012006, 012004, 012007, 012002]
6405	12	012000	012002	66	18.0	4.0	0,775	true	[012000, 012001, 012003, 012005, 012009, 012008, 012007, 012002]
6406	12	012000	012002	67	8.0	4.0	0,807	true	[012000, 012001, 012003, 012005, 012009, 012008, 012007, 012004, 012002]
6407	12	012000	012002	68	20.0	6.0	0,903	true	[012000, 012001, 012003, 012006, 012004, 012002]
6408	12	012000	012002	69	8.0	5.0	0,867	true	[012000, 012001, 012003, 012006, 012004, 012007, 012002]
6409	12	012000	012002	70	8.0	3.0	0,790	true	[012000, 012001, 012003, 012006, 012004, 012007, 012005, 012008, 012002]
6410	12	012000	012002	71	8.0	3.0	0,775	true	[012000, 012001, 012003, 012006, 012004, 012007, 012005, 012008, 012009, 012002]
6411	12	012000	012002	72	8.0	3.0	0,807	true	[012000, 012001, 012003, 012006, 012004, 012007, 012005, 012009, 012002]
6412	12	012000	012002	73	8.0	3.0	0,775	true	[012000, 012001, 012003, 012006, 012004, 012007, 012005, 012009, 012008, 012002]
6413	12	012000	012002	74	8.0	5.0	0,841	true	[012000, 012001, 012003, 012006, 012004, 012007, 012008, 012002]
6414	12	012000	012002	75	8.0	5.0	0,775	true	[012000, 012001, 012003, 012006, 012004, 012007, 012008, 012005, 012009, 012002]
6415	12	012000	012002	76	8.0	5.0	0,824	true	[012000, 012001, 012003, 012006, 012004, 012007, 012008, 012009, 012002]
6416	12	012000	012002	77	10.0	4.0	0,832	true	[012000, 012001, 012003, 012006, 012004, 012008, 012002]
6417	12	012000	012002	78	10.0	3.0	0,775	true	[012000, 012001, 012003, 012006, 012004, 012008, 012005, 012007, 012002]
6418	12	012000	012002	79	10.0	4.0	0,767	true	[012000, 012001, 012003, 012006, 012004, 012008, 012005, 012009, 012002]
6419	12	012000	012002	80	10.0	4.0	0,824	true	[012000, 012001, 012003, 012006, 012004, 012008, 012007, 012002]
6420	12	012000	012002	81	10.0	3.0	0,767	true	[012000, 012001, 012003, 012006, 012004, 012008, 012007, 012005, 012009, 012002]
6421	12	012000	012002	82	10.0	4.0	0,816	true	[012000, 012001, 012003, 012006, 012004, 012008, 012009, 012002]
6422	12	012000	012002	83	10.0	3.0	0,759	true	[012000, 012001, 012003, 012006, 012004, 012008, 012009, 012005, 012007, 012002]
6423	12	012000	012002	84	20.0	3.0	0,799	true	[012000, 012001, 012003, 012006, 012005, 012007, 012002]
6424	12	012000	012002	85	8.0	3.0	0,832	true	[012000, 012001, 012003, 012006, 012005, 012007, 012004, 012002]
6425	12	012000	012002	86	8.0	3.0	0,767	true	[012000, 012001, 012003, 012006, 012005, 012007, 012004, 012008, 012002]
6426	12	012000	012002	87	8.0	3.0	0,752	true	[012000, 012001, 012003, 012006, 012005, 012007, 012004, 012008, 012009, 012002]
6427	12	012000	012002	88	18.0	3.0	0,775	true	[012000, 012001, 012003, 012006, 012005, 012007, 012008, 012002]
6428	12	012000	012002	89	10.0	3.0	0,791	true	[012000, 012001, 012003, 012006, 012005, 012007, 012008, 012004, 012002]
6429	12	012000	012002	90	18.0	3.0	0,759	true	[012000, 012001, 012003, 012006, 012005, 012007, 012008, 012009, 012002]
6430	12	012000	012002	91	20.0	5.0	0,774	true	[012000, 012001, 012003, 012006, 012005, 012008, 012002]
6431	12	012000	012002	92	10.0	4.0	0,790	true	[012000, 012001, 012003, 012006, 012005, 012008, 012004, 012002]
6432	12	012000	012002	93	8.0	4.0	0,759	true	[012000, 012001, 012003, 012006, 012005, 012008, 012004, 012007, 012002]
6433	12	012000	012002	94	18.0	5.0	0,767	true	[012000, 012001, 012003, 012006, 012005, 012008, 012007, 012002]
6434	12	012000	012002	95	8.0	5.0	0,799	true	[012000, 012001, 012003, 012006, 012005, 012008, 012007, 012004, 012002]
6435	12	012000	012002	96	20.0	5.0	0,759	true	[012000, 012001, 012003, 012006, 012005, 012008, 012009, 012002]
6436	12	012000	012002	97	20.0	6.0	0,790	true	[012000, 012001, 012003, 012006, 012005, 012009, 012002]
6437	12	012000	012002	98	20.0	6.0	0,759	true	[012000, 012001, 012003, 012006, 012005, 012009, 012008, 012002]
6438	12	012000	012002	99	10.0	4.0	0,775	true	[012000, 012001, 012003, 012006, 012005, 012009, 012008, 012004, 012002]
6439	12	012000	012002	100	8.0	4.0	0,744	true	[012000, 012001, 012003, 012006, 012005, 012009, 012008, 012004, 012007, 012002]
6440	12	012000	012002	101	20.0	10.0	0,960	true	[012000, 012002]
6441	13	013001	013002	0	7.0	10.0	0,941	true	[013001, 013003, 013000, 013002]
6442	13	013001	013002	1	7.0	6.0	0,941	true	[013001, 013003, 013000, 013004, 013002]
6443	13	013001	013002	2	7.0	3.0	0,903	true	[013001, 013003, 013000, 013004, 013007, 013002]
6444	13	013001	013002	3	7.0	3.0	0,876	true	[013001, 013003, 013000, 013004, 013007, 013005, 013002]
6445	13	013001	013002	4	7.0	3.0	0,841	true	[013001, 013003, 013000, 013004, 013007, 013005, 013006, 013009, 013002]
6446	13	013001	013002	5	7.0	3.0	0,791	true	[013001, 013003, 013000, 013004, 013007, 013005, 013008, 013009, 013002]
6447	13	013001	013002	6	7.0	3.0	0,859	true	[013001, 013003, 013000, 013004, 013007, 013005, 013009, 013002]
6448	13	013001	013002	7	7.0	3.0	0,858	true	[013001, 013003, 013000, 013004, 013007, 013006, 013005, 013002]
6449	13	013001	013002	8	7.0	3.0	0,775	true	[013001, 013003, 013000, 013004, 013007, 013006, 013005, 013008, 013009, 013002]
6450	13	013001	013002	9	7.0	3.0	0,841	true	[013001, 013003, 013000, 013004, 013007, 013006, 013005, 013009, 013002]
6451	13	013001	013002	10	7.0	3.0	0,894	true	[013001, 013003, 013000, 013004, 013007, 013006, 013009, 013002]
6452	13	013001	013002	11	7.0	3.0	0,876	true	[013001, 013003, 013000, 013004, 013007, 013006, 013009, 013005, 013002]
6453	13	013001	013002	12	7.0	3.0	0,807	true	[013001, 013003, 013000, 013004, 013007, 013006, 013009, 013008, 013005, 013002]
6454	13	013001	013002	13	7.0	3.0	0,841	true	[013001, 013003, 013000, 013004, 013007, 013008, 013005, 013002]
6455	13	013001	013002	14	7.0	3.0	0,807	true	[013001, 013003, 013000, 013004, 013007, 013008, 013005, 013006, 013009, 013002]
6456	13	013001	013002	15	7.0	3.0	0,824	true	[013001, 013003, 013000, 013004, 013007, 013008, 013005, 013009, 013002]
6457	13	013001	013002	16	7.0	3.0	0,841	true	[013001, 013003, 013000, 013004, 013007, 013008, 013009, 013002]
6458	13	013001	013002	17	7.0	3.0	0,824	true	[013001, 013003, 013000, 013004, 013007, 013008, 013009, 013005, 013002]
6459	13	013001	013002	18	7.0	3.0	0,807	true	[013001, 013003, 013000, 013004, 013007, 013008, 013009, 013006, 013005, 013002]
6460	13	013001	013002	19	7.0	4.0	0,876	true	[013001, 013003, 013000, 013004, 013009, 013002]
6461	13	013001	013002	20	7.0	4.0	0,859	true	[013001, 013003, 013000, 013004, 013009, 013005, 013002]
6462	13	013001	013002	21	7.0	4.0	0,833	true	[013001, 013003, 013000, 013004, 013009, 013005, 013006, 013007, 013002]
6463	13	013001	013002	22	7.0	4.0	0,850	true	[013001, 013003, 013000, 013004, 013009, 013005, 013007, 013002]
6464	13	013001	013002	23	7.0	3.0	0,816	true	[013001, 013003, 013000, 013004, 013009, 013005, 013008, 013007, 013002]
6465	13	013001	013002	24	7.0	6.0	0,841	true	[013001, 013003, 013000, 013004, 013009, 013006, 013005, 013002]
6466	13	013001	013002	25	7.0	6.0	0,833	true	[013001, 013003, 013000, 013004, 013009, 013006, 013005, 013007, 013002]
6467	13	013001	013002	26	7.0	3.0	0,799	true	[013001, 013003, 013000, 013004, 013009, 013006, 013005, 013008, 013007, 013002]
6468	13	013001	013002	27	7.0	6.0	0,885	true	[013001, 013003, 013000, 013004, 013009, 013006, 013007, 013002]
6469	13	013001	013002	28	7.0	6.0	0,859	true	[013001, 013003, 013000, 013004, 013009, 013006, 013007, 013005, 013002]
6470	13	013001	013002	29	7.0	3.0	0,824	true	[013001, 013003, 013000, 013004, 013009, 013006, 013007, 013008, 013005, 013002]
6471	13	013001	013002	30	7.0	3.0	0,791	true	[013001, 013003, 013000, 013004, 013009, 013008, 013005, 013002]
6472	13	013001	013002	31	7.0	3.0	0,767	true	[013001, 013003, 013000, 013004, 013009, 013008, 013005, 013006, 013007, 013002]
6473	13	013001	013002	32	7.0	3.0	0,783	true	[013001, 013003, 013000, 013004, 013009, 013008, 013005, 013007, 013002]
6474	13	013001	013002	33	7.0	3.0	0,833	true	[013001, 013003, 013000, 013004, 013009, 013008, 013007, 013002]
6475	13	013001	013002	34	7.0	3.0	0,807	true	[013001, 013003, 013000, 013004, 013009, 013008, 013007, 013005, 013002]
6476	13	013001	013002	35	7.0	3.0	0,791	true	[013001, 013003, 013000, 013004, 013009, 013008, 013007, 013006, 013005, 013002]
6477	13	013001	013002	36	7.0	3.0	0,885	true	[013001, 013003, 013000, 013005, 013002]
6478	13	013001	013002	37	7.0	3.0	0,858	true	[013001, 013003, 013000, 013005, 013006, 013007, 013002]
6479	13	013001	013002	38	7.0	3.0	0,876	true	[013001, 013003, 013000, 013005, 013006, 013007, 013004, 013002]
6480	13	013001	013002	39	7.0	3.0	0,816	true	[013001, 013003, 013000, 013005, 013006, 013007, 013004, 013009, 013002]
6481	13	013001	013002	40	7.0	3.0	0,799	true	[013001, 013003, 013000, 013005, 013006, 013007, 013008, 013009, 013002]
6482	13	013001	013002	41	7.0	3.0	0,807	true	[013001, 013003, 013000, 013005, 013006, 013007, 013008, 013009, 013004, 013002]
6483	13	013001	013002	42	7.0	3.0	0,849	true	[013001, 013003, 013000, 013005, 013006, 013009, 013002]
6484	13	013001	013002	43	7.0	3.0	0,858	true	[013001, 013003, 013000, 013005, 013006, 013009, 013004, 013002]
6485	13	013001	013002	44	7.0	3.0	0,824	true	[013001, 013003, 013000, 013005, 013006, 013009, 013004, 013007, 013002]
6486	13	013001	013002	45	7.0	3.0	0,807	true	[013001, 013003, 013000, 013005, 013006, 013009, 013008, 013007, 013002]
6487	13	013001	013002	46	7.0	3.0	0,824	true	[013001, 013003, 013000, 013005, 013006, 013009, 013008, 013007, 013004, 013002]
6488	13	013001	013002	47	7.0	3.0	0,876	true	[013001, 013003, 013000, 013005, 013007, 013002]
6489	13	013001	013002	48	7.0	3.0	0,894	true	[013001, 013003, 013000, 013005, 013007, 013004, 013002]
6490	13	013001	013002	49	7.0	3.0	0,833	true	[013001, 013003, 013000, 013005, 013007, 013004, 013009, 013002]
6491	13	013001	013002	50	7.0	3.0	0,867	true	[013001, 013003, 013000, 013005, 013007, 013006, 013009, 013002]
6492	13	013001	013002	51	7.0	3.0	0,876	true	[013001, 013003, 013000, 013005, 013007, 013006, 013009, 013004, 013002]
6493	13	013001	013002	52	7.0	3.0	0,815	true	[013001, 013003, 013000, 013005, 013007, 013008, 013009, 013002]
6494	13	013001	013002	53	7.0	3.0	0,824	true	[013001, 013003, 013000, 013005, 013007, 013008, 013009, 013004, 013002]
6495	13	013001	013002	54	7.0	3.0	0,841	true	[013001, 013003, 013000, 013005, 013008, 013007, 013002]
6496	13	013001	013002	55	7.0	3.0	0,858	true	[013001, 013003, 013000, 013005, 013008, 013007, 013004, 013002]
6497	13	013001	013002	56	7.0	3.0	0,799	true	[013001, 013003, 013000, 013005, 013008, 013007, 013004, 013009, 013002]
6498	13	013001	013002	57	7.0	3.0	0,832	true	[013001, 013003, 013000, 013005, 013008, 013007, 013006, 013009, 013002]
6499	13	013001	013002	58	7.0	3.0	0,841	true	[013001, 013003, 013000, 013005, 013008, 013007, 013006, 013009, 013004, 013002]
6500	13	013001	013002	59	7.0	3.0	0,798	true	[013001, 013003, 013000, 013005, 013008, 013009, 013002]
6501	13	013001	013002	60	7.0	3.0	0,807	true	[013001, 013003, 013000, 013005, 013008, 013009, 013004, 013002]
6502	13	013001	013002	61	7.0	3.0	0,775	true	[013001, 013003, 013000, 013005, 013008, 013009, 013004, 013007, 013002]
6503	13	013001	013002	62	7.0	3.0	0,807	true	[013001, 013003, 013000, 013005, 013008, 013009, 013006, 013007, 013002]
6504	13	013001	013002	63	7.0	3.0	0,823	true	[013001, 013003, 013000, 013005, 013008, 013009, 013006, 013007, 013004, 013002]
6505	13	013001	013002	64	7.0	3.0	0,867	true	[013001, 013003, 013000, 013005, 013009, 013002]
6506	13	013001	013002	65	7.0	3.0	0,876	true	[013001, 013003, 013000, 013005, 013009, 013004, 013002]
6507	13	013001	013002	66	7.0	3.0	0,841	true	[013001, 013003, 013000, 013005, 013009, 013004, 013007, 013002]
6508	13	013001	013002	67	7.0	3.0	0,876	true	[013001, 013003, 013000, 013005, 013009, 013006, 013007, 013002]
6509	13	013001	013002	68	7.0	3.0	0,894	true	[013001, 013003, 013000, 013005, 013009, 013006, 013007, 013004, 013002]
6510	13	013001	013002	69	7.0	3.0	0,824	true	[013001, 013003, 013000, 013005, 013009, 013008, 013007, 013002]
6511	13	013001	013002	70	7.0	3.0	0,841	true	[013001, 013003, 013000, 013005, 013009, 013008, 013007, 013004, 013002]
6512	13	013001	013002	71	7.0	5.0	0,840	true	[013001, 013003, 013000, 013006, 013005, 013002]
6513	13	013001	013002	72	7.0	5.0	0,832	true	[013001, 013003, 013000, 013006, 013005, 013007, 013002]
6514	13	013001	013002	73	7.0	3.0	0,849	true	[013001, 013003, 013000, 013006, 013005, 013007, 013004, 013002]
6515	13	013001	013002	74	7.0	3.0	0,791	true	[013001, 013003, 013000, 013006, 013005, 013007, 013004, 013009, 013002]
6516	13	013001	013002	75	7.0	3.0	0,775	true	[013001, 013003, 013000, 013006, 013005, 013007, 013008, 013009, 013002]
6517	13	013001	013002	76	7.0	3.0	0,783	true	[013001, 013003, 013000, 013006, 013005, 013007, 013008, 013009, 013004, 013002]
6518	13	013001	013002	77	7.0	3.0	0,799	true	[013001, 013003, 013000, 013006, 013005, 013008, 013007, 013002]
6519	13	013001	013002	78	7.0	3.0	0,815	true	[013001, 013003, 013000, 013006, 013005, 013008, 013007, 013004, 013002]
6520	13	013001	013002	79	7.0	3.0	0,759	true	[013001, 013003, 013000, 013006, 013005, 013008, 013007, 013004, 013009, 013002]
6521	13	013001	013002	80	7.0	3.0	0,759	true	[013001, 013003, 013000, 013006, 013005, 013008, 013009, 013002]
6522	13	013001	013002	81	7.0	3.0	0,766	true	[013001, 013003, 013000, 013006, 013005, 013008, 013009, 013004, 013002]
6523	13	013001	013002	82	7.0	3.0	0,736	true	[013001, 013003, 013000, 013006, 013005, 013008, 013009, 013004, 013007, 013002]
6524	13	013001	013002	83	7.0	4.0	0,824	true	[013001, 013003, 013000, 013006, 013005, 013009, 013002]
6525	13	013001	013002	84	7.0	4.0	0,832	true	[013001, 013003, 013000, 013006, 013005, 013009, 013004, 013002]
6526	13	013001	013002	85	7.0	3.0	0,799	true	[013001, 013003, 013000, 013006, 013005, 013009, 013004, 013007, 013002]
6527	13	013001	013002	86	7.0	3.0	0,783	true	[013001, 013003, 013000, 013006, 013005, 013009, 013008, 013007, 013002]
6528	13	013001	013002	87	7.0	3.0	0,799	true	[013001, 013003, 013000, 013006, 013005, 013009, 013008, 013007, 013004, 013002]
6529	13	013001	013002	88	7.0	5.0	0,885	true	[013001, 013003, 013000, 013006, 013007, 013002]
6530	13	013001	013002	89	7.0	3.0	0,903	true	[013001, 013003, 013000, 013006, 013007, 013004, 013002]
6531	13	013001	013002	90	7.0	3.0	0,841	true	[013001, 013003, 013000, 013006, 013007, 013004, 013009, 013002]
6532	13	013001	013002	91	7.0	3.0	0,824	true	[013001, 013003, 013000, 013006, 013007, 013004, 013009, 013005, 013002]
6533	13	013001	013002	92	7.0	3.0	0,759	true	[013001, 013003, 013000, 013006, 013007, 013004, 013009, 013008, 013005, 013002]
6534	13	013001	013002	93	7.0	5.0	0,858	true	[013001, 013003, 013000, 013006, 013007, 013005, 013002]
6535	13	013001	013002	94	7.0	3.0	0,774	true	[013001, 013003, 013000, 013006, 013007, 013005, 013008, 013009, 013002]
6536	13	013001	013002	95	7.0	3.0	0,782	true	[013001, 013003, 013000, 013006, 013007, 013005, 013008, 013009, 013004, 013002]
6537	13	013001	013002	96	7.0	4.0	0,841	true	[013001, 013003, 013000, 013006, 013007, 013005, 013009, 013002]
6538	13	013001	013002	97	7.0	4.0	0,850	true	[013001, 013003, 013000, 013006, 013007, 013005, 013009, 013004, 013002]
6539	13	013001	013002	98	7.0	3.0	0,823	true	[013001, 013003, 013000, 013006, 013007, 013008, 013005, 013002]
6540	13	013001	013002	99	7.0	3.0	0,807	true	[013001, 013003, 013000, 013006, 013007, 013008, 013005, 013009, 013002]
6541	13	013001	013002	100	7.0	3.0	0,815	true	[013001, 013003, 013000, 013006, 013007, 013008, 013005, 013009, 013004, 013002]
6542	13	013001	013002	101	8.0	8.0	0,980	true	[013001, 013003, 013002]
6543	-1	000008	001005	0	125.0	44.0	0,997	true	[000008, 001005]
6544	-1	000006	002001	0	150.0	25.0	0,998	true	[000006, 002001]
6545	-1	000000	007008	0	100.0	29.0	0,996	true	[000000, 007008]
6546	-1	001006	002007	0	125.0	43.0	0,995	true	[001006, 002007]
6547	-1	001004	003000	0	140.0	36.0	0,997	true	[001004, 003000]
6548	-1	002004	005000	0	130.0	26.0	0,998	true	[002004, 005000]
6549	-1	003009	004008	0	115.0	23.0	0,996	true	[003009, 004008]
6550	-1	003006	010002	0	150.0	42.0	0,995	true	[003006, 010002]
6551	-1	004007	005005	0	145.0	33.0	0,995	true	[004007, 005005]
6552	-1	004006	006004	0	105.0	48.0	0,996	true	[004006, 006004]
6553	-1	005001	009001	0	115.0	50.0	0,997	true	[005001, 009001]
6554	-1	005002	012000	0	120.0	28.0	0,998	true	[005002, 012000]
6555	-1	006001	007004	0	105.0	26.0	0,999	true	[006001, 007004]
6556	-1	007001	008008	0	150.0	45.0	0,999	true	[007001, 008008]
6557	-1	008001	009007	0	145.0	37.0	0,996	true	[008001, 009007]
6558	-1	008000	011007	0	125.0	41.0	0,999	true	[008000, 011007]
6559	-1	008006	013001	0	115.0	36.0	0,998	true	[008006, 013001]
6560	-1	010004	011001	0	150.0	34.0	0,996	true	[010004, 011001]
6561	-1	010001	013002	0	145.0	39.0	0,995	true	[010001, 013002]
6562	-1	011006	013007	0	135.0	30.0	0,999	true	[011006, 013007]
6563	-1	012002	013003	0	135.0	43.0	0,998	true	[012002, 013003]
