TransactionId	ASId	Ingress	Egress	PathletId	Bandwidth	Delay	Reliability	Status	Full Path
2190	0	000003	000001	0	18.0	7.0	0,941	true	[000003, 000000, 000001]
2191	0	000003	000001	1	14.0	8.0	0,912	true	[000003, 000000, 000002, 000001]
2192	0	000003	000001	2	14.0	4.0	0,850	true	[000003, 000000, 000002, 000004, 000005, 000006, 000001]
2193	0	000003	000001	3	10.0	4.0	0,824	true	[000003, 000000, 000002, 000004, 000005, 000007, 000006, 000001]
2194	0	000003	000001	4	14.0	4.0	0,876	true	[000003, 000000, 000002, 000004, 000006, 000001]
2195	0	000003	000001	5	14.0	6.0	0,841	true	[000003, 000000, 000002, 000005, 000004, 000006, 000001]
2196	0	000003	000001	6	14.0	7.0	0,885	true	[000003, 000000, 000002, 000005, 000006, 000001]
2197	0	000003	000001	7	10.0	8.0	0,858	true	[000003, 000000, 000002, 000005, 000007, 000006, 000001]
2198	0	000003	000001	8	6.0	8.0	0,876	true	[000003, 000000, 000002, 000006, 000001]
2199	0	000003	000001	9	14.0	6.0	0,816	true	[000003, 000000, 000002, 000007, 000005, 000004, 000006, 000001]
2200	0	000003	000001	10	14.0	7.0	0,859	true	[000003, 000000, 000002, 000007, 000005, 000006, 000001]
2201	0	000003	000001	11	10.0	8.0	0,849	true	[000003, 000000, 000002, 000007, 000006, 000001]
2202	0	000003	000001	12	29.0	7.0	0,884	true	[000003, 000000, 000005, 000002, 000001]
2203	0	000003	000001	13	29.0	4.0	0,849	true	[000003, 000000, 000005, 000002, 000004, 000006, 000001]
2204	0	000003	000001	14	6.0	7.0	0,849	true	[000003, 000000, 000005, 000002, 000006, 000001]
2205	0	000003	000001	15	10.0	7.0	0,823	true	[000003, 000000, 000005, 000002, 000007, 000006, 000001]
2206	0	000003	000001	16	16.0	4.0	0,849	true	[000003, 000000, 000005, 000004, 000002, 000001]
2207	0	000003	000001	17	6.0	4.0	0,815	true	[000003, 000000, 000005, 000004, 000002, 000006, 000001]
2208	0	000003	000001	18	10.0	4.0	0,790	true	[000003, 000000, 000005, 000004, 000002, 000007, 000006, 000001]
2209	0	000003	000001	19	16.0	6.0	0,815	true	[000003, 000000, 000005, 000004, 000006, 000001]
2210	0	000003	000001	20	6.0	6.0	0,783	true	[000003, 000000, 000005, 000004, 000006, 000002, 000001]
2211	0	000003	000001	21	10.0	6.0	0,759	true	[000003, 000000, 000005, 000004, 000006, 000007, 000002, 000001]
2212	0	000003	000001	22	28.0	7.0	0,858	true	[000003, 000000, 000005, 000006, 000001]
2213	0	000003	000001	23	6.0	7.0	0,824	true	[000003, 000000, 000005, 000006, 000002, 000001]
2214	0	000003	000001	24	28.0	4.0	0,824	true	[000003, 000000, 000005, 000006, 000004, 000002, 000001]
2215	0	000003	000001	25	10.0	7.0	0,799	true	[000003, 000000, 000005, 000006, 000007, 000002, 000001]
2216	0	000003	000001	26	25.0	7.0	0,858	true	[000003, 000000, 000005, 000007, 000002, 000001]
2217	0	000003	000001	27	25.0	4.0	0,824	true	[000003, 000000, 000005, 000007, 000002, 000004, 000006, 000001]
2218	0	000003	000001	28	6.0	7.0	0,824	true	[000003, 000000, 000005, 000007, 000002, 000006, 000001]
2219	0	000003	000001	29	10.0	7.0	0,832	true	[000003, 000000, 000005, 000007, 000006, 000001]
2220	0	000003	000001	30	6.0	7.0	0,799	true	[000003, 000000, 000005, 000007, 000006, 000002, 000001]
2221	0	000003	000001	31	10.0	4.0	0,799	true	[000003, 000000, 000005, 000007, 000006, 000004, 000002, 000001]
2222	0	000003	000001	32	33.0	7.0	0,884	true	[000003, 000000, 000006, 000001]
2223	0	000003	000001	33	6.0	7.0	0,849	true	[000003, 000000, 000006, 000002, 000001]
2224	0	000003	000001	34	33.0	4.0	0,849	true	[000003, 000000, 000006, 000004, 000002, 000001]
2225	0	000003	000001	35	16.0	6.0	0,815	true	[000003, 000000, 000006, 000004, 000005, 000002, 000001]
2226	0	000003	000001	36	16.0	6.0	0,791	true	[000003, 000000, 000006, 000004, 000005, 000007, 000002, 000001]
2227	0	000003	000001	37	28.0	7.0	0,858	true	[000003, 000000, 000006, 000005, 000002, 000001]
2228	0	000003	000001	38	16.0	4.0	0,824	true	[000003, 000000, 000006, 000005, 000004, 000002, 000001]
2229	0	000003	000001	39	25.0	7.0	0,832	true	[000003, 000000, 000006, 000005, 000007, 000002, 000001]
2230	0	000003	000001	40	10.0	7.0	0,823	true	[000003, 000000, 000006, 000007, 000002, 000001]
2231	0	000003	000001	41	10.0	7.0	0,832	true	[000003, 000000, 000006, 000007, 000005, 000002, 000001]
2232	0	000003	000001	42	10.0	4.0	0,799	true	[000003, 000000, 000006, 000007, 000005, 000004, 000002, 000001]
2233	0	000003	000001	43	31.0	8.0	0,876	true	[000003, 000000, 000007, 000002, 000001]
2234	0	000003	000001	44	16.0	4.0	0,816	true	[000003, 000000, 000007, 000002, 000004, 000005, 000006, 000001]
2235	0	000003	000001	45	31.0	4.0	0,841	true	[000003, 000000, 000007, 000002, 000004, 000006, 000001]
2236	0	000003	000001	46	16.0	6.0	0,807	true	[000003, 000000, 000007, 000002, 000005, 000004, 000006, 000001]
2237	0	000003	000001	47	28.0	7.0	0,850	true	[000003, 000000, 000007, 000002, 000005, 000006, 000001]
2238	0	000003	000001	48	6.0	8.0	0,841	true	[000003, 000000, 000007, 000002, 000006, 000001]
2239	0	000003	000001	49	25.0	8.0	0,885	true	[000003, 000000, 000007, 000005, 000002, 000001]
2240	0	000003	000001	50	25.0	4.0	0,849	true	[000003, 000000, 000007, 000005, 000002, 000004, 000006, 000001]
2241	0	000003	000001	51	6.0	8.0	0,849	true	[000003, 000000, 000007, 000005, 000002, 000006, 000001]
2242	0	000003	000001	52	16.0	4.0	0,849	true	[000003, 000000, 000007, 000005, 000004, 000002, 000001]
2243	0	000003	000001	53	6.0	4.0	0,815	true	[000003, 000000, 000007, 000005, 000004, 000002, 000006, 000001]
2244	0	000003	000001	54	16.0	6.0	0,815	true	[000003, 000000, 000007, 000005, 000004, 000006, 000001]
2245	0	000003	000001	55	6.0	6.0	0,783	true	[000003, 000000, 000007, 000005, 000004, 000006, 000002, 000001]
2246	0	000003	000001	56	25.0	7.0	0,858	true	[000003, 000000, 000007, 000005, 000006, 000001]
2247	0	000003	000001	57	6.0	7.0	0,824	true	[000003, 000000, 000007, 000005, 000006, 000002, 000001]
2248	0	000003	000001	58	25.0	4.0	0,824	true	[000003, 000000, 000007, 000005, 000006, 000004, 000002, 000001]
2249	0	000003	000001	59	10.0	8.0	0,849	true	[000003, 000000, 000007, 000006, 000001]
2250	0	000003	000001	60	6.0	8.0	0,815	true	[000003, 000000, 000007, 000006, 000002, 000001]
2251	0	000003	000001	61	10.0	4.0	0,815	true	[000003, 000000, 000007, 000006, 000004, 000002, 000001]
2252	0	000003	000001	62	10.0	6.0	0,783	true	[000003, 000000, 000007, 000006, 000004, 000005, 000002, 000001]
2253	0	000003	000001	63	10.0	7.0	0,824	true	[000003, 000000, 000007, 000006, 000005, 000002, 000001]
2254	0	000003	000001	64	10.0	4.0	0,791	true	[000003, 000000, 000007, 000006, 000005, 000004, 000002, 000001]
2255	0	000003	000001	65	32.0	7.0	1,000	true	[000003, 000001]
2256	0	000003	000001	66	14.0	3.0	0,941	true	[000003, 000004, 000002, 000000, 000001]
2257	0	000003	000001	67	14.0	3.0	0,858	true	[000003, 000004, 000002, 000000, 000005, 000006, 000001]
2258	0	000003	000001	68	10.0	3.0	0,832	true	[000003, 000004, 000002, 000000, 000005, 000007, 000006, 000001]
2259	0	000003	000001	69	14.0	3.0	0,885	true	[000003, 000004, 000002, 000000, 000006, 000001]
2260	0	000003	000001	70	14.0	3.0	0,859	true	[000003, 000004, 000002, 000000, 000007, 000005, 000006, 000001]
2261	0	000003	000001	71	10.0	3.0	0,850	true	[000003, 000004, 000002, 000000, 000007, 000006, 000001]
2262	0	000003	000001	72	20.0	3.0	0,951	true	[000003, 000004, 000002, 000001]
2263	0	000003	000001	73	18.0	3.0	0,912	true	[000003, 000004, 000002, 000005, 000000, 000001]
2264	0	000003	000001	74	20.0	3.0	0,858	true	[000003, 000004, 000002, 000005, 000000, 000006, 000001]
2265	0	000003	000001	75	10.0	3.0	0,824	true	[000003, 000004, 000002, 000005, 000000, 000007, 000006, 000001]
2266	0	000003	000001	76	18.0	3.0	0,885	true	[000003, 000004, 000002, 000005, 000006, 000000, 000001]
2267	0	000003	000001	77	20.0	3.0	0,922	true	[000003, 000004, 000002, 000005, 000006, 000001]
2268	0	000003	000001	78	10.0	3.0	0,850	true	[000003, 000004, 000002, 000005, 000006, 000007, 000000, 000001]
2269	0	000003	000001	79	18.0	3.0	0,913	true	[000003, 000004, 000002, 000005, 000007, 000000, 000001]
2270	0	000003	000001	80	20.0	3.0	0,858	true	[000003, 000004, 000002, 000005, 000007, 000000, 000006, 000001]
2271	0	000003	000001	81	10.0	3.0	0,858	true	[000003, 000004, 000002, 000005, 000007, 000006, 000000, 000001]
2272	0	000003	000001	82	10.0	3.0	0,894	true	[000003, 000004, 000002, 000005, 000007, 000006, 000001]
2273	0	000003	000001	83	6.0	3.0	0,876	true	[000003, 000004, 000002, 000006, 000000, 000001]
2274	0	000003	000001	84	6.0	3.0	0,913	true	[000003, 000004, 000002, 000006, 000001]
2275	0	000003	000001	85	6.0	3.0	0,850	true	[000003, 000004, 000002, 000006, 000005, 000000, 000001]
2276	0	000003	000001	86	6.0	3.0	0,850	true	[000003, 000004, 000002, 000006, 000005, 000007, 000000, 000001]
2277	0	000003	000001	87	6.0	3.0	0,841	true	[000003, 000004, 000002, 000006, 000007, 000000, 000001]
2278	0	000003	000001	88	6.0	3.0	0,824	true	[000003, 000004, 000002, 000006, 000007, 000005, 000000, 000001]
2279	0	000003	000001	89	18.0	3.0	0,903	true	[000003, 000004, 000002, 000007, 000000, 000001]
2280	0	000003	000001	90	20.0	3.0	0,824	true	[000003, 000004, 000002, 000007, 000000, 000005, 000006, 000001]
2281	0	000003	000001	91	20.0	3.0	0,850	true	[000003, 000004, 000002, 000007, 000000, 000006, 000001]
2282	0	000003	000001	92	18.0	3.0	0,885	true	[000003, 000004, 000002, 000007, 000005, 000000, 000001]
2283	0	000003	000001	93	20.0	3.0	0,832	true	[000003, 000004, 000002, 000007, 000005, 000000, 000006, 000001]
2284	0	000003	000001	94	18.0	3.0	0,859	true	[000003, 000004, 000002, 000007, 000005, 000006, 000000, 000001]
2285	0	000003	000001	95	20.0	3.0	0,895	true	[000003, 000004, 000002, 000007, 000005, 000006, 000001]
2286	0	000003	000001	96	10.0	3.0	0,849	true	[000003, 000004, 000002, 000007, 000006, 000000, 000001]
2287	0	000003	000001	97	10.0	3.0	0,885	true	[000003, 000004, 000002, 000007, 000006, 000001]
2288	0	000003	000001	98	10.0	3.0	0,824	true	[000003, 000004, 000002, 000007, 000006, 000005, 000000, 000001]
2289	0	000003	000001	99	16.0	3.0	0,876	true	[000003, 000004, 000005, 000000, 000001]
2290	0	000003	000001	100	14.0	3.0	0,850	true	[000003, 000004, 000005, 000000, 000002, 000001]
2291	1	001000	001005	0	8.0	3.0	0,932	true	[001000, 001001, 001002, 001005]
2292	1	001000	001005	1	10.0	3.0	0,885	true	[001000, 001001, 001003, 001004, 001005]
2293	1	001000	001005	2	24.0	3.0	0,913	true	[001000, 001001, 001003, 001005]
2294	1	001000	001005	3	20.0	3.0	0,922	true	[001000, 001001, 001005]
2295	1	001000	001005	4	5.0	3.0	0,876	true	[001000, 001001, 001006, 001002, 001005]
2296	1	001000	001005	5	8.0	4.0	0,859	true	[001000, 001002, 001001, 001003, 001004, 001005]
2297	1	001000	001005	6	8.0	4.0	0,885	true	[001000, 001002, 001001, 001003, 001005]
2298	1	001000	001005	7	8.0	3.0	0,894	true	[001000, 001002, 001001, 001005]
2299	1	001000	001005	8	12.0	4.0	0,941	true	[001000, 001002, 001005]
2300	1	001000	001005	9	5.0	4.0	0,807	true	[001000, 001002, 001006, 001001, 001003, 001004, 001005]
2301	1	001000	001005	10	5.0	4.0	0,832	true	[001000, 001002, 001006, 001001, 001003, 001005]
2302	1	001000	001005	11	5.0	3.0	0,840	true	[001000, 001002, 001006, 001001, 001005]
2303	1	001000	001005	12	8.0	3.0	0,885	true	[001000, 001003, 001001, 001002, 001005]
2304	1	001000	001005	13	20.0	3.0	0,876	true	[001000, 001003, 001001, 001005]
2305	1	001000	001005	14	5.0	3.0	0,832	true	[001000, 001003, 001001, 001006, 001002, 001005]
2306	1	001000	001005	15	10.0	3.0	0,913	true	[001000, 001003, 001004, 001005]
2307	1	001000	001005	16	28.0	3.0	0,941	true	[001000, 001003, 001005]
2308	1	001000	001005	17	26.0	5.0	1,000	true	[001000, 001005]
2309	1	001000	001005	18	5.0	4.0	0,922	true	[001000, 001006, 001001, 001002, 001005]
2310	1	001000	001005	19	5.0	4.0	0,876	true	[001000, 001006, 001001, 001003, 001004, 001005]
2311	1	001000	001005	20	5.0	4.0	0,903	true	[001000, 001006, 001001, 001003, 001005]
2312	1	001000	001005	21	5.0	3.0	0,912	true	[001000, 001006, 001001, 001005]
2313	1	001000	001005	22	8.0	4.0	0,841	true	[001000, 001006, 001002, 001001, 001003, 001004, 001005]
2314	1	001000	001005	23	8.0	4.0	0,867	true	[001000, 001006, 001002, 001001, 001003, 001005]
2315	1	001000	001005	24	8.0	3.0	0,876	true	[001000, 001006, 001002, 001001, 001005]
2316	1	001000	001005	25	11.0	4.0	0,922	true	[001000, 001006, 001002, 001005]
2317	1	001000	001006	26	8.0	3.0	0,903	true	[001000, 001001, 001002, 001006]
2318	1	001000	001006	27	10.0	3.0	0,824	true	[001000, 001001, 001003, 001004, 001005, 001002, 001006]
2319	1	001000	001006	28	11.0	3.0	0,850	true	[001000, 001001, 001003, 001005, 001002, 001006]
2320	1	001000	001006	29	11.0	3.0	0,858	true	[001000, 001001, 001005, 001002, 001006]
2321	1	001000	001006	30	5.0	3.0	0,941	true	[001000, 001001, 001006]
2322	1	001000	001006	31	5.0	4.0	0,913	true	[001000, 001002, 001001, 001006]
2323	1	001000	001006	32	5.0	3.0	0,867	true	[001000, 001002, 001005, 001001, 001006]
2324	1	001000	001006	33	5.0	4.0	0,859	true	[001000, 001002, 001005, 001003, 001001, 001006]
2325	1	001000	001006	34	5.0	4.0	0,833	true	[001000, 001002, 001005, 001004, 001003, 001001, 001006]
2326	1	001000	001006	35	11.0	4.0	0,912	true	[001000, 001002, 001006]
2327	1	001000	001006	36	8.0	3.0	0,858	true	[001000, 001003, 001001, 001002, 001006]
2328	1	001000	001006	37	11.0	3.0	0,815	true	[001000, 001003, 001001, 001005, 001002, 001006]
2329	1	001000	001006	38	5.0	3.0	0,894	true	[001000, 001003, 001001, 001006]
2330	1	001000	001006	39	8.0	3.0	0,807	true	[001000, 001003, 001004, 001005, 001001, 001002, 001006]
2331	1	001000	001006	40	5.0	3.0	0,841	true	[001000, 001003, 001004, 001005, 001001, 001006]
2332	1	001000	001006	41	5.0	3.0	0,850	true	[001000, 001003, 001004, 001005, 001002, 001001, 001006]
2333	1	001000	001006	42	10.0	3.0	0,850	true	[001000, 001003, 001004, 001005, 001002, 001006]
2334	1	001000	001006	43	8.0	3.0	0,832	true	[001000, 001003, 001005, 001001, 001002, 001006]
2335	1	001000	001006	44	5.0	3.0	0,867	true	[001000, 001003, 001005, 001001, 001006]
2336	1	001000	001006	45	5.0	3.0	0,876	true	[001000, 001003, 001005, 001002, 001001, 001006]
2337	1	001000	001006	46	11.0	3.0	0,876	true	[001000, 001003, 001005, 001002, 001006]
2338	1	001000	001006	47	8.0	3.0	0,884	true	[001000, 001005, 001001, 001002, 001006]
2339	1	001000	001006	48	5.0	3.0	0,922	true	[001000, 001005, 001001, 001006]
2340	1	001000	001006	49	5.0	4.0	0,932	true	[001000, 001005, 001002, 001001, 001006]
2341	1	001000	001006	50	11.0	4.0	0,931	true	[001000, 001005, 001002, 001006]
2342	1	001000	001006	51	8.0	5.0	0,876	true	[001000, 001005, 001003, 001001, 001002, 001006]
2343	1	001000	001006	52	5.0	5.0	0,913	true	[001000, 001005, 001003, 001001, 001006]
2344	1	001000	001006	53	8.0	4.0	0,850	true	[001000, 001005, 001004, 001003, 001001, 001002, 001006]
2345	1	001000	001006	54	5.0	4.0	0,885	true	[001000, 001005, 001004, 001003, 001001, 001006]
2346	1	001000	001006	55	54.0	4.0	0,990	true	[001000, 001006]
2347	1	001005	001006	56	8.0	3.0	0,903	true	[001005, 001000, 001001, 001002, 001006]
2348	1	001005	001006	57	5.0	3.0	0,941	true	[001005, 001000, 001001, 001006]
2349	1	001005	001006	58	5.0	4.0	0,913	true	[001005, 001000, 001002, 001001, 001006]
2350	1	001005	001006	59	11.0	4.0	0,912	true	[001005, 001000, 001002, 001006]
2351	1	001005	001006	60	8.0	3.0	0,858	true	[001005, 001000, 001003, 001001, 001002, 001006]
2352	1	001005	001006	61	5.0	3.0	0,894	true	[001005, 001000, 001003, 001001, 001006]
2353	1	001005	001006	62	26.0	4.0	0,990	true	[001005, 001000, 001006]
2354	1	001005	001006	63	11.0	3.0	0,840	true	[001005, 001001, 001000, 001002, 001006]
2355	1	001005	001006	64	20.0	3.0	0,912	true	[001005, 001001, 001000, 001006]
2356	1	001005	001006	65	8.0	3.0	0,885	true	[001005, 001001, 001002, 001000, 001006]
2357	1	001005	001006	66	8.0	3.0	0,884	true	[001005, 001001, 001002, 001006]
2358	1	001005	001006	67	11.0	3.0	0,798	true	[001005, 001001, 001003, 001000, 001002, 001006]
2359	1	001005	001006	68	20.0	3.0	0,867	true	[001005, 001001, 001003, 001000, 001006]
2360	1	001005	001006	69	5.0	3.0	0,922	true	[001005, 001001, 001006]
2361	1	001005	001006	70	5.0	3.0	0,885	true	[001005, 001002, 001000, 001001, 001006]
2362	1	001005	001006	71	5.0	3.0	0,841	true	[001005, 001002, 001000, 001003, 001001, 001006]
2363	1	001005	001006	72	12.0	4.0	0,931	true	[001005, 001002, 001000, 001006]
2364	1	001005	001006	73	8.0	3.0	0,922	true	[001005, 001002, 001001, 001000, 001006]
2365	1	001005	001006	74	8.0	3.0	0,876	true	[001005, 001002, 001001, 001003, 001000, 001006]
2366	1	001005	001006	75	5.0	4.0	0,932	true	[001005, 001002, 001001, 001006]
2367	1	001005	001006	76	11.0	4.0	0,931	true	[001005, 001002, 001006]
2368	1	001005	001006	77	8.0	3.0	0,850	true	[001005, 001003, 001000, 001001, 001002, 001006]
2369	1	001005	001006	78	5.0	3.0	0,885	true	[001005, 001003, 001000, 001001, 001006]
2370	1	001005	001006	79	5.0	3.0	0,859	true	[001005, 001003, 001000, 001002, 001001, 001006]
2371	1	001005	001006	80	11.0	3.0	0,858	true	[001005, 001003, 001000, 001002, 001006]
2372	1	001005	001006	81	28.0	3.0	0,931	true	[001005, 001003, 001000, 001006]
2373	1	001005	001006	82	11.0	3.0	0,832	true	[001005, 001003, 001001, 001000, 001002, 001006]
2374	1	001005	001006	83	24.0	3.0	0,903	true	[001005, 001003, 001001, 001000, 001006]
2375	1	001005	001006	84	8.0	4.0	0,876	true	[001005, 001003, 001001, 001002, 001000, 001006]
2376	1	001005	001006	85	8.0	6.0	0,876	true	[001005, 001003, 001001, 001002, 001006]
2377	1	001005	001006	86	5.0	8.0	0,913	true	[001005, 001003, 001001, 001006]
2378	1	001005	001006	87	8.0	3.0	0,824	true	[001005, 001004, 001003, 001000, 001001, 001002, 001006]
2379	1	001005	001006	88	5.0	3.0	0,859	true	[001005, 001004, 001003, 001000, 001001, 001006]
2380	1	001005	001006	89	5.0	3.0	0,833	true	[001005, 001004, 001003, 001000, 001002, 001001, 001006]
2381	1	001005	001006	90	10.0	3.0	0,832	true	[001005, 001004, 001003, 001000, 001002, 001006]
2382	1	001005	001006	91	10.0	3.0	0,903	true	[001005, 001004, 001003, 001000, 001006]
2383	1	001005	001006	92	10.0	3.0	0,807	true	[001005, 001004, 001003, 001001, 001000, 001002, 001006]
2384	1	001005	001006	93	10.0	3.0	0,876	true	[001005, 001004, 001003, 001001, 001000, 001006]
2385	1	001005	001006	94	8.0	4.0	0,850	true	[001005, 001004, 001003, 001001, 001002, 001000, 001006]
2386	1	001005	001006	95	8.0	4.0	0,850	true	[001005, 001004, 001003, 001001, 001002, 001006]
2387	1	001005	001006	96	5.0	4.0	0,885	true	[001005, 001004, 001003, 001001, 001006]
2388	2	002007	002000	0	24.0	6.0	0,960	true	[002007, 002000]
2389	2	002007	002000	1	26.0	3.0	0,970	true	[002007, 002001, 002000]
2390	2	002007	002000	2	9.0	3.0	0,951	true	[002007, 002001, 002002, 002000]
2391	2	002007	002000	3	9.0	3.0	0,867	true	[002007, 002001, 002002, 002003, 002000]
2392	2	002007	002000	4	9.0	3.0	0,858	true	[002007, 002001, 002002, 002003, 002004, 002000]
2393	2	002007	002000	5	9.0	3.0	0,859	true	[002007, 002001, 002002, 002003, 002004, 002005, 002000]
2394	2	002007	002000	6	9.0	3.0	0,791	true	[002007, 002001, 002002, 002003, 002004, 002005, 002006, 002000]
2395	2	002007	002000	7	9.0	3.0	0,823	true	[002007, 002001, 002002, 002003, 002006, 002000]
2396	2	002007	002000	8	9.0	3.0	0,824	true	[002007, 002001, 002002, 002003, 002006, 002005, 002000]
2397	2	002007	002000	9	9.0	3.0	0,775	true	[002007, 002001, 002002, 002003, 002006, 002005, 002004, 002000]
2398	2	002007	002000	10	5.0	3.0	0,903	true	[002007, 002001, 002002, 002004, 002000]
2399	2	002007	002000	11	5.0	3.0	0,876	true	[002007, 002001, 002002, 002004, 002003, 002000]
2400	2	002007	002000	12	5.0	3.0	0,832	true	[002007, 002001, 002002, 002004, 002003, 002006, 002000]
2401	2	002007	002000	13	5.0	3.0	0,833	true	[002007, 002001, 002002, 002004, 002003, 002006, 002005, 002000]
2402	2	002007	002000	14	5.0	3.0	0,904	true	[002007, 002001, 002002, 002004, 002005, 002000]
2403	2	002007	002000	15	5.0	3.0	0,833	true	[002007, 002001, 002002, 002004, 002005, 002006, 002000]
2404	2	002007	002000	16	5.0	3.0	0,791	true	[002007, 002001, 002002, 002004, 002005, 002006, 002003, 002000]
2405	2	002007	002000	17	9.0	3.0	0,867	true	[002007, 002001, 002002, 002006, 002000]
2406	2	002007	002000	18	9.0	3.0	0,823	true	[002007, 002001, 002002, 002006, 002003, 002000]
2407	2	002007	002000	19	9.0	3.0	0,815	true	[002007, 002001, 002002, 002006, 002003, 002004, 002000]
2408	2	002007	002000	20	9.0	3.0	0,816	true	[002007, 002001, 002002, 002006, 002003, 002004, 002005, 002000]
2409	2	002007	002000	21	9.0	3.0	0,867	true	[002007, 002001, 002002, 002006, 002005, 002000]
2410	2	002007	002000	22	9.0	3.0	0,816	true	[002007, 002001, 002002, 002006, 002005, 002004, 002000]
2411	2	002007	002000	23	9.0	3.0	0,791	true	[002007, 002001, 002002, 002006, 002005, 002004, 002003, 002000]
2412	2	002007	002000	24	19.0	3.0	0,903	true	[002007, 002001, 002003, 002000]
2413	2	002007	002000	25	13.0	3.0	0,894	true	[002007, 002001, 002003, 002002, 002000]
2414	2	002007	002000	26	5.0	3.0	0,849	true	[002007, 002001, 002003, 002002, 002004, 002000]
2415	2	002007	002000	27	5.0	3.0	0,850	true	[002007, 002001, 002003, 002002, 002004, 002005, 002000]
2416	2	002007	002000	28	5.0	3.0	0,783	true	[002007, 002001, 002003, 002002, 002004, 002005, 002006, 002000]
2417	2	002007	002000	29	11.0	3.0	0,815	true	[002007, 002001, 002003, 002002, 002006, 002000]
2418	2	002007	002000	30	13.0	3.0	0,815	true	[002007, 002001, 002003, 002002, 002006, 002005, 002000]
2419	2	002007	002000	31	13.0	3.0	0,767	true	[002007, 002001, 002003, 002002, 002006, 002005, 002004, 002000]
2420	2	002007	002000	32	23.0	3.0	0,894	true	[002007, 002001, 002003, 002004, 002000]
2421	2	002007	002000	33	5.0	3.0	0,904	true	[002007, 002001, 002003, 002004, 002002, 002000]
2422	2	002007	002000	34	5.0	3.0	0,824	true	[002007, 002001, 002003, 002004, 002002, 002006, 002000]
2423	2	002007	002000	35	5.0	3.0	0,824	true	[002007, 002001, 002003, 002004, 002002, 002006, 002005, 002000]
2424	2	002007	002000	36	23.0	3.0	0,894	true	[002007, 002001, 002003, 002004, 002005, 002000]
2425	2	002007	002000	37	11.0	3.0	0,824	true	[002007, 002001, 002003, 002004, 002005, 002006, 002000]
2426	2	002007	002000	38	16.0	3.0	0,816	true	[002007, 002001, 002003, 002004, 002005, 002006, 002002, 002000]
2427	2	002007	002000	39	11.0	3.0	0,858	true	[002007, 002001, 002003, 002006, 002000]
2428	2	002007	002000	40	16.0	3.0	0,849	true	[002007, 002001, 002003, 002006, 002002, 002000]
2429	2	002007	002000	41	5.0	3.0	0,807	true	[002007, 002001, 002003, 002006, 002002, 002004, 002000]
2430	2	002007	002000	42	5.0	3.0	0,807	true	[002007, 002001, 002003, 002006, 002002, 002004, 002005, 002000]
2431	2	002007	002000	43	21.0	3.0	0,858	true	[002007, 002001, 002003, 002006, 002005, 002000]
2432	2	002007	002000	44	21.0	3.0	0,807	true	[002007, 002001, 002003, 002006, 002005, 002004, 002000]
2433	2	002007	002000	45	5.0	3.0	0,816	true	[002007, 002001, 002003, 002006, 002005, 002004, 002002, 002000]
2434	2	002007	002000	46	29.0	3.0	0,941	true	[002007, 002001, 002004, 002000]
2435	2	002007	002000	47	5.0	3.0	0,951	true	[002007, 002001, 002004, 002002, 002000]
2436	2	002007	002000	48	5.0	3.0	0,867	true	[002007, 002001, 002004, 002002, 002003, 002000]
2437	2	002007	002000	49	5.0	3.0	0,824	true	[002007, 002001, 002004, 002002, 002003, 002006, 002000]
2438	2	002007	002000	50	5.0	3.0	0,824	true	[002007, 002001, 002004, 002002, 002003, 002006, 002005, 002000]
2439	2	002007	002000	51	5.0	3.0	0,867	true	[002007, 002001, 002004, 002002, 002006, 002000]
2440	2	002007	002000	52	5.0	3.0	0,824	true	[002007, 002001, 002004, 002002, 002006, 002003, 002000]
2441	2	002007	002000	53	5.0	3.0	0,867	true	[002007, 002001, 002004, 002002, 002006, 002005, 002000]
2442	2	002007	002000	54	19.0	3.0	0,912	true	[002007, 002001, 002004, 002003, 002000]
2443	2	002007	002000	55	13.0	3.0	0,903	true	[002007, 002001, 002004, 002003, 002002, 002000]
2444	2	002007	002000	56	11.0	3.0	0,824	true	[002007, 002001, 002004, 002003, 002002, 002006, 002000]
2445	2	002007	002000	57	13.0	3.0	0,824	true	[002007, 002001, 002004, 002003, 002002, 002006, 002005, 002000]
2446	2	002007	002000	58	11.0	3.0	0,867	true	[002007, 002001, 002004, 002003, 002006, 002000]
2447	2	002007	002000	59	16.0	3.0	0,858	true	[002007, 002001, 002004, 002003, 002006, 002002, 002000]
2448	2	002007	002000	60	21.0	3.0	0,867	true	[002007, 002001, 002004, 002003, 002006, 002005, 002000]
2449	2	002007	002000	61	29.0	3.0	0,941	true	[002007, 002001, 002004, 002005, 002000]
2450	2	002007	002000	62	11.0	3.0	0,867	true	[002007, 002001, 002004, 002005, 002006, 002000]
2451	2	002007	002000	63	16.0	3.0	0,858	true	[002007, 002001, 002004, 002005, 002006, 002002, 002000]
2452	2	002007	002000	64	13.0	3.0	0,782	true	[002007, 002001, 002004, 002005, 002006, 002002, 002003, 002000]
2453	2	002007	002000	65	19.0	3.0	0,824	true	[002007, 002001, 002004, 002005, 002006, 002003, 002000]
2454	2	002007	002000	66	13.0	3.0	0,815	true	[002007, 002001, 002004, 002005, 002006, 002003, 002002, 002000]
2455	2	002007	002000	67	32.0	3.0	0,970	true	[002007, 002001, 002005, 002000]
2456	2	002007	002000	68	32.0	3.0	0,913	true	[002007, 002001, 002005, 002004, 002000]
2457	2	002007	002000	69	5.0	3.0	0,922	true	[002007, 002001, 002005, 002004, 002002, 002000]
2458	2	002007	002000	70	5.0	3.0	0,841	true	[002007, 002001, 002005, 002004, 002002, 002003, 002000]
2459	2	002007	002000	71	5.0	3.0	0,799	true	[002007, 002001, 002005, 002004, 002002, 002003, 002006, 002000]
2460	2	002007	002000	72	5.0	3.0	0,841	true	[002007, 002001, 002005, 002004, 002002, 002006, 002000]
2461	2	002007	002000	73	5.0	3.0	0,799	true	[002007, 002001, 002005, 002004, 002002, 002006, 002003, 002000]
2462	2	002007	002000	74	19.0	3.0	0,885	true	[002007, 002001, 002005, 002004, 002003, 002000]
2463	2	002007	002000	75	13.0	3.0	0,876	true	[002007, 002001, 002005, 002004, 002003, 002002, 002000]
2464	2	002007	002000	76	11.0	3.0	0,799	true	[002007, 002001, 002005, 002004, 002003, 002002, 002006, 002000]
2465	2	002007	002000	77	11.0	3.0	0,841	true	[002007, 002001, 002005, 002004, 002003, 002006, 002000]
2466	2	002007	002000	78	16.0	3.0	0,832	true	[002007, 002001, 002005, 002004, 002003, 002006, 002002, 002000]
2467	2	002007	002000	79	11.0	3.0	0,894	true	[002007, 002001, 002005, 002006, 002000]
2468	2	002007	002000	80	16.0	3.0	0,885	true	[002007, 002001, 002005, 002006, 002002, 002000]
2469	2	002007	002000	81	13.0	3.0	0,807	true	[002007, 002001, 002005, 002006, 002002, 002003, 002000]
2470	2	002007	002000	82	13.0	3.0	0,799	true	[002007, 002001, 002005, 002006, 002002, 002003, 002004, 002000]
2471	2	002007	002000	83	5.0	3.0	0,841	true	[002007, 002001, 002005, 002006, 002002, 002004, 002000]
2472	2	002007	002000	84	5.0	3.0	0,816	true	[002007, 002001, 002005, 002006, 002002, 002004, 002003, 002000]
2473	2	002007	002000	85	19.0	3.0	0,849	true	[002007, 002001, 002005, 002006, 002003, 002000]
2474	2	002007	002000	86	13.0	3.0	0,841	true	[002007, 002001, 002005, 002006, 002003, 002002, 002000]
2475	2	002007	002000	87	5.0	3.0	0,799	true	[002007, 002001, 002005, 002006, 002003, 002002, 002004, 002000]
2476	2	002007	002000	88	21.0	3.0	0,841	true	[002007, 002001, 002005, 002006, 002003, 002004, 002000]
2477	2	002007	002000	89	5.0	3.0	0,850	true	[002007, 002001, 002005, 002006, 002003, 002004, 002002, 002000]
2478	2	002007	002000	90	10.0	6.0	0,950	true	[002007, 002002, 002000]
2479	2	002007	002000	91	9.0	3.0	0,913	true	[002007, 002002, 002001, 002000]
2480	2	002007	002000	92	9.0	3.0	0,849	true	[002007, 002002, 002001, 002003, 002000]
2481	2	002007	002000	93	9.0	3.0	0,841	true	[002007, 002002, 002001, 002003, 002004, 002000]
2482	2	002007	002000	94	9.0	3.0	0,841	true	[002007, 002002, 002001, 002003, 002004, 002005, 002000]
2483	2	002007	002000	95	9.0	3.0	0,775	true	[002007, 002002, 002001, 002003, 002004, 002005, 002006, 002000]
2484	2	002007	002000	96	9.0	3.0	0,807	true	[002007, 002002, 002001, 002003, 002006, 002000]
2485	2	002007	002000	97	9.0	3.0	0,807	true	[002007, 002002, 002001, 002003, 002006, 002005, 002000]
2486	2	002007	002000	98	9.0	3.0	0,759	true	[002007, 002002, 002001, 002003, 002006, 002005, 002004, 002000]
2487	2	002007	002000	99	9.0	3.0	0,885	true	[002007, 002002, 002001, 002004, 002000]
2488	2	002007	002000	100	9.0	3.0	0,858	true	[002007, 002002, 002001, 002004, 002003, 002000]
2489	3	003005	003003	0	15.0	4.0	0,885	true	[003005, 003000, 003001, 003002, 003003]
2490	3	003005	003003	1	15.0	4.0	0,849	true	[003005, 003000, 003001, 003002, 003004, 003003]
2491	3	003005	003003	2	15.0	4.0	0,849	true	[003005, 003000, 003001, 003002, 003004, 003007, 003003]
2492	3	003005	003003	3	13.0	4.0	0,841	true	[003005, 003000, 003001, 003002, 003006, 003003]
2493	3	003005	003003	4	5.0	4.0	0,903	true	[003005, 003000, 003001, 003002, 003007, 003003]
2494	3	003005	003003	5	5.0	4.0	0,832	true	[003005, 003000, 003001, 003002, 003007, 003004, 003003]
2495	3	003005	003003	6	27.0	4.0	0,941	true	[003005, 003000, 003001, 003003]
2496	3	003005	003003	7	9.0	3.0	0,849	true	[003005, 003000, 003001, 003004, 003002, 003003]
2497	3	003005	003003	8	9.0	3.0	0,807	true	[003005, 003000, 003001, 003004, 003002, 003006, 003003]
2498	3	003005	003003	9	5.0	3.0	0,867	true	[003005, 003000, 003001, 003004, 003002, 003007, 003003]
2499	3	003005	003003	10	9.0	3.0	0,885	true	[003005, 003000, 003001, 003004, 003003]
2500	3	003005	003003	11	5.0	3.0	0,832	true	[003005, 003000, 003001, 003004, 003007, 003002, 003003]
2501	3	003005	003003	12	5.0	3.0	0,791	true	[003005, 003000, 003001, 003004, 003007, 003002, 003006, 003003]
2502	3	003005	003003	13	9.0	3.0	0,885	true	[003005, 003000, 003001, 003004, 003007, 003003]
2503	3	003005	003003	14	5.0	3.0	0,885	true	[003005, 003000, 003001, 003007, 003002, 003003]
2504	3	003005	003003	15	5.0	3.0	0,849	true	[003005, 003000, 003001, 003007, 003002, 003004, 003003]
2505	3	003005	003003	16	5.0	3.0	0,841	true	[003005, 003000, 003001, 003007, 003002, 003006, 003003]
2506	3	003005	003003	17	32.0	3.0	0,941	true	[003005, 003000, 003001, 003007, 003003]
2507	3	003005	003003	18	32.0	3.0	0,832	true	[003005, 003000, 003001, 003007, 003004, 003002, 003003]
2508	3	003005	003003	19	13.0	3.0	0,790	true	[003005, 003000, 003001, 003007, 003004, 003002, 003006, 003003]
2509	3	003005	003003	20	19.0	3.0	0,867	true	[003005, 003000, 003001, 003007, 003004, 003003]
2510	3	003005	003003	21	9.0	3.0	0,876	true	[003005, 003000, 003004, 003001, 003002, 003003]
2511	3	003005	003003	22	9.0	3.0	0,832	true	[003005, 003000, 003004, 003001, 003002, 003006, 003003]
2512	3	003005	003003	23	5.0	3.0	0,894	true	[003005, 003000, 003004, 003001, 003002, 003007, 003003]
2513	3	003005	003003	24	9.0	3.0	0,931	true	[003005, 003000, 003004, 003001, 003003]
2514	3	003005	003003	25	5.0	3.0	0,876	true	[003005, 003000, 003004, 003001, 003007, 003002, 003003]
2515	3	003005	003003	26	5.0	3.0	0,832	true	[003005, 003000, 003004, 003001, 003007, 003002, 003006, 003003]
2516	3	003005	003003	27	9.0	3.0	0,931	true	[003005, 003000, 003004, 003001, 003007, 003003]
2517	3	003005	003003	28	15.0	4.0	0,894	true	[003005, 003000, 003004, 003002, 003001, 003003]
2518	3	003005	003003	29	15.0	3.0	0,894	true	[003005, 003000, 003004, 003002, 003001, 003007, 003003]
2519	3	003005	003003	30	39.0	4.0	0,876	true	[003005, 003000, 003004, 003002, 003003]
2520	3	003005	003003	31	13.0	4.0	0,832	true	[003005, 003000, 003004, 003002, 003006, 003003]
2521	3	003005	003003	32	5.0	3.0	0,894	true	[003005, 003000, 003004, 003002, 003007, 003001, 003003]
2522	3	003005	003003	33	5.0	4.0	0,894	true	[003005, 003000, 003004, 003002, 003007, 003003]
2523	3	003005	003003	34	19.0	4.0	0,912	true	[003005, 003000, 003004, 003003]
2524	3	003005	003003	35	15.0	3.0	0,858	true	[003005, 003000, 003004, 003007, 003001, 003002, 003003]
2525	3	003005	003003	36	13.0	3.0	0,815	true	[003005, 003000, 003004, 003007, 003001, 003002, 003006, 003003]
2526	3	003005	003003	37	27.0	3.0	0,912	true	[003005, 003000, 003004, 003007, 003001, 003003]
2527	3	003005	003003	38	5.0	4.0	0,876	true	[003005, 003000, 003004, 003007, 003002, 003001, 003003]
2528	3	003005	003003	39	5.0	4.0	0,858	true	[003005, 003000, 003004, 003007, 003002, 003003]
2529	3	003005	003003	40	5.0	4.0	0,815	true	[003005, 003000, 003004, 003007, 003002, 003006, 003003]
2530	3	003005	003003	41	39.0	4.0	0,912	true	[003005, 003000, 003004, 003007, 003003]
2531	3	003005	003003	42	15.0	4.0	0,849	true	[003005, 003000, 003006, 003002, 003001, 003003]
2532	3	003005	003003	43	9.0	3.0	0,799	true	[003005, 003000, 003006, 003002, 003001, 003004, 003003]
2533	3	003005	003003	44	9.0	3.0	0,799	true	[003005, 003000, 003006, 003002, 003001, 003004, 003007, 003003]
2534	3	003005	003003	45	15.0	3.0	0,849	true	[003005, 003000, 003006, 003002, 003001, 003007, 003003]
2535	3	003005	003003	46	15.0	3.0	0,783	true	[003005, 003000, 003006, 003002, 003001, 003007, 003004, 003003]
2536	3	003005	003003	47	27.0	4.0	0,832	true	[003005, 003000, 003006, 003002, 003003]
2537	3	003005	003003	48	9.0	3.0	0,815	true	[003005, 003000, 003006, 003002, 003004, 003001, 003003]
2538	3	003005	003003	49	9.0	3.0	0,815	true	[003005, 003000, 003006, 003002, 003004, 003001, 003007, 003003]
2539	3	003005	003003	50	19.0	4.0	0,798	true	[003005, 003000, 003006, 003002, 003004, 003003]
2540	3	003005	003003	51	27.0	3.0	0,798	true	[003005, 003000, 003006, 003002, 003004, 003007, 003001, 003003]
2541	3	003005	003003	52	27.0	4.0	0,798	true	[003005, 003000, 003006, 003002, 003004, 003007, 003003]
2542	3	003005	003003	53	5.0	3.0	0,849	true	[003005, 003000, 003006, 003002, 003007, 003001, 003003]
2543	3	003005	003003	54	5.0	3.0	0,799	true	[003005, 003000, 003006, 003002, 003007, 003001, 003004, 003003]
2544	3	003005	003003	55	5.0	4.0	0,849	true	[003005, 003000, 003006, 003002, 003007, 003003]
2545	3	003005	003003	56	5.0	3.0	0,799	true	[003005, 003000, 003006, 003002, 003007, 003004, 003001, 003003]
2546	3	003005	003003	57	5.0	4.0	0,783	true	[003005, 003000, 003006, 003002, 003007, 003004, 003003]
2547	3	003005	003003	58	13.0	4.0	0,876	true	[003005, 003000, 003006, 003003]
2548	3	003005	003003	59	15.0	3.0	0,885	true	[003005, 003000, 003007, 003001, 003002, 003003]
2549	3	003005	003003	60	15.0	3.0	0,849	true	[003005, 003000, 003007, 003001, 003002, 003004, 003003]
2550	3	003005	003003	61	13.0	3.0	0,841	true	[003005, 003000, 003007, 003001, 003002, 003006, 003003]
2551	3	003005	003003	62	27.0	3.0	0,941	true	[003005, 003000, 003007, 003001, 003003]
2552	3	003005	003003	63	9.0	3.0	0,849	true	[003005, 003000, 003007, 003001, 003004, 003002, 003003]
2553	3	003005	003003	64	9.0	3.0	0,807	true	[003005, 003000, 003007, 003001, 003004, 003002, 003006, 003003]
2554	3	003005	003003	65	9.0	3.0	0,885	true	[003005, 003000, 003007, 003001, 003004, 003003]
2555	3	003005	003003	66	5.0	4.0	0,903	true	[003005, 003000, 003007, 003002, 003001, 003003]
2556	3	003005	003003	67	5.0	3.0	0,850	true	[003005, 003000, 003007, 003002, 003001, 003004, 003003]
2557	3	003005	003003	68	5.0	4.0	0,885	true	[003005, 003000, 003007, 003002, 003003]
2558	3	003005	003003	69	5.0	3.0	0,867	true	[003005, 003000, 003007, 003002, 003004, 003001, 003003]
2559	3	003005	003003	70	5.0	4.0	0,849	true	[003005, 003000, 003007, 003002, 003004, 003003]
2560	3	003005	003003	71	5.0	4.0	0,841	true	[003005, 003000, 003007, 003002, 003006, 003003]
2561	3	003005	003003	72	28.0	4.0	0,941	true	[003005, 003000, 003007, 003003]
2562	3	003005	003003	73	9.0	3.0	0,832	true	[003005, 003000, 003007, 003004, 003001, 003002, 003003]
2563	3	003005	003003	74	9.0	3.0	0,791	true	[003005, 003000, 003007, 003004, 003001, 003002, 003006, 003003]
2564	3	003005	003003	75	9.0	3.0	0,885	true	[003005, 003000, 003007, 003004, 003001, 003003]
2565	3	003005	003003	76	15.0	4.0	0,849	true	[003005, 003000, 003007, 003004, 003002, 003001, 003003]
2566	3	003005	003003	77	28.0	4.0	0,832	true	[003005, 003000, 003007, 003004, 003002, 003003]
2567	3	003005	003003	78	13.0	4.0	0,790	true	[003005, 003000, 003007, 003004, 003002, 003006, 003003]
2568	3	003005	003003	79	19.0	4.0	0,867	true	[003005, 003000, 003007, 003004, 003003]
2569	3	003005	003003	80	39.0	4.0	0,876	true	[003005, 003001, 003000, 003004, 003002, 003003]
2570	3	003005	003003	81	13.0	4.0	0,832	true	[003005, 003001, 003000, 003004, 003002, 003006, 003003]
2571	3	003005	003003	82	5.0	4.0	0,894	true	[003005, 003001, 003000, 003004, 003002, 003007, 003003]
2572	3	003005	003003	83	19.0	6.0	0,912	true	[003005, 003001, 003000, 003004, 003003]
2573	3	003005	003003	84	5.0	4.0	0,858	true	[003005, 003001, 003000, 003004, 003007, 003002, 003003]
2574	3	003005	003003	85	5.0	4.0	0,815	true	[003005, 003001, 003000, 003004, 003007, 003002, 003006, 003003]
2575	3	003005	003003	86	39.0	6.0	0,912	true	[003005, 003001, 003000, 003004, 003007, 003003]
2576	3	003005	003003	87	27.0	4.0	0,832	true	[003005, 003001, 003000, 003006, 003002, 003003]
2577	3	003005	003003	88	19.0	4.0	0,799	true	[003005, 003001, 003000, 003006, 003002, 003004, 003003]
2578	3	003005	003003	89	27.0	4.0	0,799	true	[003005, 003001, 003000, 003006, 003002, 003004, 003007, 003003]
2579	3	003005	003003	90	5.0	4.0	0,849	true	[003005, 003001, 003000, 003006, 003002, 003007, 003003]
2580	3	003005	003003	91	5.0	4.0	0,783	true	[003005, 003001, 003000, 003006, 003002, 003007, 003004, 003003]
2581	3	003005	003003	92	13.0	4.0	0,876	true	[003005, 003001, 003000, 003006, 003003]
2582	3	003005	003003	93	5.0	4.0	0,885	true	[003005, 003001, 003000, 003007, 003002, 003003]
2583	3	003005	003003	94	5.0	4.0	0,850	true	[003005, 003001, 003000, 003007, 003002, 003004, 003003]
2584	3	003005	003003	95	5.0	4.0	0,841	true	[003005, 003001, 003000, 003007, 003002, 003006, 003003]
2585	3	003005	003003	96	28.0	6.0	0,941	true	[003005, 003001, 003000, 003007, 003003]
2586	3	003005	003003	97	28.0	4.0	0,832	true	[003005, 003001, 003000, 003007, 003004, 003002, 003003]
2587	3	003005	003003	98	13.0	4.0	0,791	true	[003005, 003001, 003000, 003007, 003004, 003002, 003006, 003003]
2588	3	003005	003003	99	19.0	6.0	0,867	true	[003005, 003001, 003000, 003007, 003004, 003003]
2589	3	003005	003003	100	15.0	4.0	0,903	true	[003005, 003001, 003002, 003003]
2590	3	003005	003003	101	27.0	6.0	0,960	true	[003005, 003001, 003003]
2591	4	004000	004005	0	6.0	4.0	0,922	true	[004000, 004002, 004004, 004001, 004003, 004006, 004005]
2592	4	004000	004005	1	7.0	5.0	0,894	true	[004000, 004002, 004004, 004001, 004003, 004007, 004006, 004005]
2593	4	004000	004005	2	7.0	8.0	0,876	true	[004000, 004002, 004004, 004001, 004005]
2594	4	004000	004005	3	7.0	5.0	0,876	true	[004000, 004002, 004004, 004001, 004006, 004005]
2595	4	004000	004005	4	7.0	5.0	0,922	true	[004000, 004002, 004004, 004003, 004001, 004005]
2596	4	004000	004005	5	7.0	5.0	0,922	true	[004000, 004002, 004004, 004003, 004001, 004006, 004005]
2597	4	004000	004005	6	6.0	4.0	0,876	true	[004000, 004002, 004004, 004003, 004006, 004001, 004005]
2598	4	004000	004005	7	6.0	4.0	0,970	true	[004000, 004002, 004004, 004003, 004006, 004005]
2599	4	004000	004005	8	7.0	5.0	0,849	true	[004000, 004002, 004004, 004003, 004007, 004006, 004001, 004005]
2600	4	004000	004005	9	7.0	5.0	0,941	true	[004000, 004002, 004004, 004003, 004007, 004006, 004005]
2601	4	004000	004005	10	7.0	5.0	0,858	true	[004000, 004002, 004004, 004006, 004001, 004005]
2602	4	004000	004005	11	6.0	4.0	0,903	true	[004000, 004002, 004004, 004006, 004003, 004001, 004005]
2603	4	004000	004005	12	7.0	6.0	0,951	true	[004000, 004002, 004004, 004006, 004005]
2604	4	004000	004005	13	7.0	5.0	0,876	true	[004000, 004002, 004004, 004006, 004007, 004003, 004001, 004005]
2605	4	004000	004005	14	7.0	6.0	0,894	true	[004000, 004002, 004004, 004007, 004003, 004001, 004005]
2606	4	004000	004005	15	7.0	5.0	0,894	true	[004000, 004002, 004004, 004007, 004003, 004001, 004006, 004005]
2607	4	004000	004005	16	6.0	4.0	0,849	true	[004000, 004002, 004004, 004007, 004003, 004006, 004001, 004005]
2608	4	004000	004005	17	6.0	4.0	0,941	true	[004000, 004002, 004004, 004007, 004003, 004006, 004005]
2609	4	004000	004005	18	7.0	5.0	0,876	true	[004000, 004002, 004004, 004007, 004006, 004001, 004005]
2610	4	004000	004005	19	6.0	4.0	0,922	true	[004000, 004002, 004004, 004007, 004006, 004003, 004001, 004005]
2611	4	004000	004005	20	7.0	5.0	0,970	true	[004000, 004002, 004004, 004007, 004006, 004005]
2612	4	004000	004005	21	12.0	5.0	0,893	true	[004000, 004002, 004006, 004001, 004005]
2613	4	004000	004005	22	6.0	4.0	0,941	true	[004000, 004002, 004006, 004003, 004001, 004005]
2614	4	004000	004005	23	6.0	4.0	0,893	true	[004000, 004002, 004006, 004003, 004004, 004001, 004005]
2615	4	004000	004005	24	6.0	4.0	0,867	true	[004000, 004002, 004006, 004003, 004007, 004004, 004001, 004005]
2616	4	004000	004005	25	10.0	5.0	0,876	true	[004000, 004002, 004006, 004004, 004001, 004005]
2617	4	004000	004005	26	12.0	5.0	0,922	true	[004000, 004002, 004006, 004004, 004003, 004001, 004005]
2618	4	004000	004005	27	12.0	5.0	0,894	true	[004000, 004002, 004006, 004004, 004007, 004003, 004001, 004005]
2619	4	004000	004005	28	12.0	5.0	0,990	true	[004000, 004002, 004006, 004005]
2620	4	004000	004005	29	12.0	5.0	0,912	true	[004000, 004002, 004006, 004007, 004003, 004001, 004005]
2621	4	004000	004005	30	10.0	5.0	0,867	true	[004000, 004002, 004006, 004007, 004003, 004004, 004001, 004005]
2622	4	004000	004005	31	10.0	5.0	0,893	true	[004000, 004002, 004006, 004007, 004004, 004001, 004005]
2623	4	004000	004005	32	12.0	5.0	0,941	true	[004000, 004002, 004006, 004007, 004004, 004003, 004001, 004005]
2624	4	004000	004005	33	8.0	4.0	0,867	true	[004000, 004002, 004007, 004003, 004001, 004004, 004006, 004005]
2625	4	004000	004005	34	8.0	4.0	0,885	true	[004000, 004002, 004007, 004003, 004001, 004005]
2626	4	004000	004005	35	8.0	4.0	0,885	true	[004000, 004002, 004007, 004003, 004001, 004006, 004005]
2627	4	004000	004005	36	8.0	4.0	0,841	true	[004000, 004002, 004007, 004003, 004004, 004001, 004005]
2628	4	004000	004005	37	8.0	4.0	0,841	true	[004000, 004002, 004007, 004003, 004004, 004001, 004006, 004005]
2629	4	004000	004005	38	8.0	4.0	0,824	true	[004000, 004002, 004007, 004003, 004004, 004006, 004001, 004005]
2630	4	004000	004005	39	8.0	4.0	0,913	true	[004000, 004002, 004007, 004003, 004004, 004006, 004005]
2631	4	004000	004005	40	6.0	4.0	0,841	true	[004000, 004002, 004007, 004003, 004006, 004001, 004005]
2632	4	004000	004005	41	6.0	4.0	0,824	true	[004000, 004002, 004007, 004003, 004006, 004004, 004001, 004005]
2633	4	004000	004005	42	6.0	4.0	0,931	true	[004000, 004002, 004007, 004003, 004006, 004005]
2634	4	004000	004005	43	6.0	4.0	0,912	true	[004000, 004002, 004007, 004004, 004001, 004003, 004006, 004005]
2635	4	004000	004005	44	8.0	4.0	0,867	true	[004000, 004002, 004007, 004004, 004001, 004005]
2636	4	004000	004005	45	8.0	4.0	0,867	true	[004000, 004002, 004007, 004004, 004001, 004006, 004005]
2637	4	004000	004005	46	8.0	4.0	0,912	true	[004000, 004002, 004007, 004004, 004003, 004001, 004005]
2638	4	004000	004005	47	8.0	4.0	0,912	true	[004000, 004002, 004007, 004004, 004003, 004001, 004006, 004005]
2639	4	004000	004005	48	6.0	4.0	0,867	true	[004000, 004002, 004007, 004004, 004003, 004006, 004001, 004005]
2640	4	004000	004005	49	6.0	4.0	0,960	true	[004000, 004002, 004007, 004004, 004003, 004006, 004005]
2641	4	004000	004005	50	8.0	4.0	0,849	true	[004000, 004002, 004007, 004004, 004006, 004001, 004005]
2642	4	004000	004005	51	6.0	4.0	0,894	true	[004000, 004002, 004007, 004004, 004006, 004003, 004001, 004005]
2643	4	004000	004005	52	8.0	4.0	0,941	true	[004000, 004002, 004007, 004004, 004006, 004005]
2644	4	004000	004005	53	8.0	4.0	0,867	true	[004000, 004002, 004007, 004006, 004001, 004005]
2645	4	004000	004005	54	6.0	4.0	0,912	true	[004000, 004002, 004007, 004006, 004003, 004001, 004005]
2646	4	004000	004005	55	6.0	4.0	0,867	true	[004000, 004002, 004007, 004006, 004003, 004004, 004001, 004005]
2647	4	004000	004005	56	8.0	4.0	0,849	true	[004000, 004002, 004007, 004006, 004004, 004001, 004005]
2648	4	004000	004005	57	8.0	4.0	0,894	true	[004000, 004002, 004007, 004006, 004004, 004003, 004001, 004005]
2649	4	004000	004005	58	8.0	4.0	0,960	true	[004000, 004002, 004007, 004006, 004005]
2650	4	004000	004005	59	7.0	5.0	0,884	true	[004000, 004003, 004001, 004004, 004002, 004006, 004005]
2651	4	004000	004005	60	7.0	4.0	0,858	true	[004000, 004003, 004001, 004004, 004002, 004007, 004006, 004005]
2652	4	004000	004005	61	10.0	6.0	0,884	true	[004000, 004003, 004001, 004004, 004006, 004005]
2653	4	004000	004005	62	8.0	4.0	0,875	true	[004000, 004003, 004001, 004004, 004007, 004002, 004006, 004005]
2654	4	004000	004005	63	10.0	5.0	0,903	true	[004000, 004003, 004001, 004004, 004007, 004006, 004005]
2655	4	004000	004005	64	33.0	9.0	0,903	true	[004000, 004003, 004001, 004005]
2656	4	004000	004005	65	19.0	5.0	0,903	true	[004000, 004003, 004001, 004006, 004005]
2657	4	004000	004005	66	10.0	5.0	0,857	true	[004000, 004003, 004004, 004001, 004005]
2658	4	004000	004005	67	10.0	5.0	0,857	true	[004000, 004003, 004004, 004001, 004006, 004005]
2659	4	004000	004005	68	7.0	5.0	0,840	true	[004000, 004003, 004004, 004002, 004006, 004001, 004005]
2660	4	004000	004005	69	7.0	5.0	0,931	true	[004000, 004003, 004004, 004002, 004006, 004005]
2661	4	004000	004005	70	7.0	4.0	0,815	true	[004000, 004003, 004004, 004002, 004007, 004006, 004001, 004005]
2662	4	004000	004005	71	7.0	4.0	0,903	true	[004000, 004003, 004004, 004002, 004007, 004006, 004005]
2663	4	004000	004005	72	19.0	5.0	0,840	true	[004000, 004003, 004004, 004006, 004001, 004005]
2664	4	004000	004005	73	29.0	5.0	0,931	true	[004000, 004003, 004004, 004006, 004005]
2665	4	004000	004005	74	8.0	4.0	0,832	true	[004000, 004003, 004004, 004007, 004002, 004006, 004001, 004005]
2666	4	004000	004005	75	8.0	4.0	0,922	true	[004000, 004003, 004004, 004007, 004002, 004006, 004005]
2667	4	004000	004005	76	14.0	5.0	0,857	true	[004000, 004003, 004004, 004007, 004006, 004001, 004005]
2668	4	004000	004005	77	14.0	5.0	0,950	true	[004000, 004003, 004004, 004007, 004006, 004005]
2669	4	004000	004005	78	6.0	4.0	0,857	true	[004000, 004003, 004006, 004001, 004005]
2670	4	004000	004005	79	6.0	4.0	0,840	true	[004000, 004003, 004006, 004002, 004004, 004001, 004005]
2671	4	004000	004005	80	6.0	4.0	0,832	true	[004000, 004003, 004006, 004002, 004007, 004004, 004001, 004005]
2672	4	004000	004005	81	6.0	4.0	0,840	true	[004000, 004003, 004006, 004004, 004001, 004005]
2673	4	004000	004005	82	6.0	4.0	0,950	true	[004000, 004003, 004006, 004005]
2674	4	004000	004005	83	6.0	4.0	0,815	true	[004000, 004003, 004006, 004007, 004002, 004004, 004001, 004005]
2675	4	004000	004005	84	6.0	4.0	0,857	true	[004000, 004003, 004006, 004007, 004004, 004001, 004005]
2676	4	004000	004005	85	7.0	4.0	0,791	true	[004000, 004003, 004007, 004002, 004004, 004001, 004005]
2677	4	004000	004005	86	7.0	4.0	0,791	true	[004000, 004003, 004007, 004002, 004004, 004001, 004006, 004005]
2678	4	004000	004005	87	7.0	4.0	0,775	true	[004000, 004003, 004007, 004002, 004004, 004006, 004001, 004005]
2679	4	004000	004005	88	7.0	4.0	0,858	true	[004000, 004003, 004007, 004002, 004004, 004006, 004005]
2680	4	004000	004005	89	8.0	4.0	0,807	true	[004000, 004003, 004007, 004002, 004006, 004001, 004005]
2681	4	004000	004005	90	8.0	4.0	0,791	true	[004000, 004003, 004007, 004002, 004006, 004004, 004001, 004005]
2682	4	004000	004005	91	8.0	4.0	0,894	true	[004000, 004003, 004007, 004002, 004006, 004005]
2683	4	004000	004005	92	10.0	6.0	0,832	true	[004000, 004003, 004007, 004004, 004001, 004005]
2684	4	004000	004005	93	10.0	5.0	0,832	true	[004000, 004003, 004007, 004004, 004001, 004006, 004005]
2685	4	004000	004005	94	7.0	5.0	0,815	true	[004000, 004003, 004007, 004004, 004002, 004006, 004001, 004005]
2686	4	004000	004005	95	7.0	5.0	0,903	true	[004000, 004003, 004007, 004004, 004002, 004006, 004005]
2687	4	004000	004005	96	14.0	5.0	0,815	true	[004000, 004003, 004007, 004004, 004006, 004001, 004005]
2688	4	004000	004005	97	14.0	6.0	0,903	true	[004000, 004003, 004007, 004004, 004006, 004005]
2689	4	004000	004005	98	18.0	5.0	0,832	true	[004000, 004003, 004007, 004006, 004001, 004005]
2690	4	004000	004005	99	7.0	5.0	0,815	true	[004000, 004003, 004007, 004006, 004002, 004004, 004001, 004005]
2691	4	004000	004005	100	10.0	5.0	0,815	true	[004000, 004003, 004007, 004006, 004004, 004001, 004005]
2692	4	004000	004005	101	18.0	5.0	0,922	true	[004000, 004003, 004007, 004006, 004005]
2693	5	005007	005005	0	16.0	4.0	0,815	true	[005007, 005000, 005001, 005002, 005003, 005005]
2694	5	005007	005005	1	26.0	4.0	0,858	true	[005007, 005000, 005001, 005002, 005005]
2695	5	005007	005005	2	16.0	4.0	0,841	true	[005007, 005000, 005001, 005003, 005002, 005005]
2696	5	005007	005005	3	24.0	4.0	0,867	true	[005007, 005000, 005001, 005003, 005005]
2697	5	005007	005005	4	5.0	4.0	0,841	true	[005007, 005000, 005001, 005004, 005003, 005002, 005005]
2698	5	005007	005005	5	5.0	4.0	0,867	true	[005007, 005000, 005001, 005004, 005003, 005005]
2699	5	005007	005005	6	5.0	4.0	0,824	true	[005007, 005000, 005001, 005004, 005006, 005003, 005002, 005005]
2700	5	005007	005005	7	5.0	4.0	0,849	true	[005007, 005000, 005001, 005004, 005006, 005003, 005005]
2701	5	005007	005005	8	20.0	4.0	0,903	true	[005007, 005000, 005001, 005005]
2702	5	005007	005005	9	13.0	4.0	0,815	true	[005007, 005000, 005001, 005006, 005003, 005002, 005005]
2703	5	005007	005005	10	13.0	4.0	0,841	true	[005007, 005000, 005001, 005006, 005003, 005005]
2704	5	005007	005005	11	16.0	4.0	0,815	true	[005007, 005000, 005001, 005006, 005004, 005003, 005002, 005005]
2705	5	005007	005005	12	19.0	4.0	0,841	true	[005007, 005000, 005001, 005006, 005004, 005003, 005005]
2706	5	005007	005005	13	21.0	4.0	0,858	true	[005007, 005000, 005003, 005001, 005002, 005005]
2707	5	005007	005005	14	20.0	4.0	0,903	true	[005007, 005000, 005003, 005001, 005005]
2708	5	005007	005005	15	16.0	4.0	0,849	true	[005007, 005000, 005003, 005002, 005001, 005005]
2709	5	005007	005005	16	16.0	4.0	0,858	true	[005007, 005000, 005003, 005002, 005005]
2710	5	005007	005005	17	5.0	4.0	0,858	true	[005007, 005000, 005003, 005004, 005001, 005002, 005005]
2711	5	005007	005005	18	5.0	4.0	0,903	true	[005007, 005000, 005003, 005004, 005001, 005005]
2712	5	005007	005005	19	19.0	4.0	0,833	true	[005007, 005000, 005003, 005004, 005006, 005001, 005002, 005005]
2713	5	005007	005005	20	19.0	4.0	0,876	true	[005007, 005000, 005003, 005004, 005006, 005001, 005005]
2714	5	005007	005005	21	21.0	4.0	0,885	true	[005007, 005000, 005003, 005005]
2715	5	005007	005005	22	13.0	4.0	0,833	true	[005007, 005000, 005003, 005006, 005001, 005002, 005005]
2716	5	005007	005005	23	13.0	4.0	0,876	true	[005007, 005000, 005003, 005006, 005001, 005005]
2717	5	005007	005005	24	5.0	4.0	0,841	true	[005007, 005000, 005003, 005006, 005004, 005001, 005002, 005005]
2718	5	005007	005005	25	5.0	4.0	0,885	true	[005007, 005000, 005003, 005006, 005004, 005001, 005005]
2719	5	005007	005005	26	16.0	4.0	0,807	true	[005007, 005000, 005006, 005001, 005002, 005003, 005005]
2720	5	005007	005005	27	19.0	4.0	0,850	true	[005007, 005000, 005006, 005001, 005002, 005005]
2721	5	005007	005005	28	16.0	4.0	0,833	true	[005007, 005000, 005006, 005001, 005003, 005002, 005005]
2722	5	005007	005005	29	19.0	4.0	0,858	true	[005007, 005000, 005006, 005001, 005003, 005005]
2723	5	005007	005005	30	5.0	4.0	0,833	true	[005007, 005000, 005006, 005001, 005004, 005003, 005002, 005005]
2724	5	005007	005005	31	5.0	4.0	0,858	true	[005007, 005000, 005006, 005001, 005004, 005003, 005005]
2725	5	005007	005005	32	19.0	4.0	0,894	true	[005007, 005000, 005006, 005001, 005005]
2726	5	005007	005005	33	13.0	4.0	0,859	true	[005007, 005000, 005006, 005003, 005001, 005002, 005005]
2727	5	005007	005005	34	13.0	4.0	0,903	true	[005007, 005000, 005006, 005003, 005001, 005005]
2728	5	005007	005005	35	13.0	4.0	0,850	true	[005007, 005000, 005006, 005003, 005002, 005001, 005005]
2729	5	005007	005005	36	13.0	4.0	0,858	true	[005007, 005000, 005006, 005003, 005002, 005005]
2730	5	005007	005005	37	5.0	4.0	0,859	true	[005007, 005000, 005006, 005003, 005004, 005001, 005002, 005005]
2731	5	005007	005005	38	5.0	4.0	0,903	true	[005007, 005000, 005006, 005003, 005004, 005001, 005005]
2732	5	005007	005005	39	13.0	4.0	0,885	true	[005007, 005000, 005006, 005003, 005005]
2733	5	005007	005005	40	5.0	4.0	0,816	true	[005007, 005000, 005006, 005004, 005001, 005002, 005003, 005005]
2734	5	005007	005005	41	5.0	4.0	0,859	true	[005007, 005000, 005006, 005004, 005001, 005002, 005005]
2735	5	005007	005005	42	5.0	4.0	0,841	true	[005007, 005000, 005006, 005004, 005001, 005003, 005002, 005005]
2736	5	005007	005005	43	5.0	4.0	0,867	true	[005007, 005000, 005006, 005004, 005001, 005003, 005005]
2737	5	005007	005005	44	5.0	4.0	0,903	true	[005007, 005000, 005006, 005004, 005001, 005005]
2738	5	005007	005005	45	24.0	4.0	0,859	true	[005007, 005000, 005006, 005004, 005003, 005001, 005002, 005005]
2739	5	005007	005005	46	20.0	4.0	0,903	true	[005007, 005000, 005006, 005004, 005003, 005001, 005005]
2740	5	005007	005005	47	16.0	4.0	0,850	true	[005007, 005000, 005006, 005004, 005003, 005002, 005001, 005005]
2741	5	005007	005005	48	16.0	4.0	0,858	true	[005007, 005000, 005006, 005004, 005003, 005002, 005005]
2742	5	005007	005005	49	25.0	4.0	0,885	true	[005007, 005000, 005006, 005004, 005003, 005005]
2743	5	005007	005005	50	16.0	4.0	0,849	true	[005007, 005001, 005000, 005003, 005002, 005005]
2744	5	005007	005005	51	21.0	4.0	0,876	true	[005007, 005001, 005000, 005003, 005005]
2745	5	005007	005005	52	13.0	4.0	0,850	true	[005007, 005001, 005000, 005006, 005003, 005002, 005005]
2746	5	005007	005005	53	13.0	4.0	0,876	true	[005007, 005001, 005000, 005006, 005003, 005005]
2747	5	005007	005005	54	16.0	4.0	0,850	true	[005007, 005001, 005000, 005006, 005004, 005003, 005002, 005005]
2748	5	005007	005005	55	25.0	4.0	0,876	true	[005007, 005001, 005000, 005006, 005004, 005003, 005005]
2749	5	005007	005005	56	16.0	4.0	0,894	true	[005007, 005001, 005002, 005003, 005005]
2750	5	005007	005005	57	26.0	4.0	0,941	true	[005007, 005001, 005002, 005005]
2751	5	005007	005005	58	16.0	5.0	0,922	true	[005007, 005001, 005003, 005002, 005005]
2752	5	005007	005005	59	24.0	5.0	0,951	true	[005007, 005001, 005003, 005005]
2753	5	005007	005005	60	5.0	5.0	0,922	true	[005007, 005001, 005004, 005003, 005002, 005005]
2754	5	005007	005005	61	5.0	5.0	0,951	true	[005007, 005001, 005004, 005003, 005005]
2755	5	005007	005005	62	5.0	4.0	0,850	true	[005007, 005001, 005004, 005006, 005000, 005003, 005002, 005005]
2756	5	005007	005005	63	5.0	4.0	0,876	true	[005007, 005001, 005004, 005006, 005000, 005003, 005005]
2757	5	005007	005005	64	5.0	5.0	0,904	true	[005007, 005001, 005004, 005006, 005003, 005002, 005005]
2758	5	005007	005005	65	5.0	5.0	0,932	true	[005007, 005001, 005004, 005006, 005003, 005005]
2759	5	005007	005005	66	20.0	4.0	0,990	true	[005007, 005001, 005005]
2760	5	005007	005005	67	16.0	4.0	0,841	true	[005007, 005001, 005006, 005000, 005003, 005002, 005005]
2761	5	005007	005005	68	19.0	4.0	0,867	true	[005007, 005001, 005006, 005000, 005003, 005005]
2762	5	005007	005005	69	13.0	5.0	0,894	true	[005007, 005001, 005006, 005003, 005002, 005005]
2763	5	005007	005005	70	13.0	5.0	0,922	true	[005007, 005001, 005006, 005003, 005005]
2764	5	005007	005005	71	16.0	5.0	0,894	true	[005007, 005001, 005006, 005004, 005003, 005002, 005005]
2765	5	005007	005005	72	19.0	5.0	0,922	true	[005007, 005001, 005006, 005004, 005003, 005005]
2766	5	005007	005005	73	5.0	4.0	0,832	true	[005007, 005004, 005001, 005000, 005003, 005002, 005005]
2767	5	005007	005005	74	5.0	4.0	0,858	true	[005007, 005004, 005001, 005000, 005003, 005005]
2768	5	005007	005005	75	5.0	4.0	0,833	true	[005007, 005004, 005001, 005000, 005006, 005003, 005002, 005005]
2769	5	005007	005005	76	5.0	4.0	0,859	true	[005007, 005004, 005001, 005000, 005006, 005003, 005005]
2770	5	005007	005005	77	5.0	4.0	0,876	true	[005007, 005004, 005001, 005002, 005003, 005005]
2771	5	005007	005005	78	5.0	4.0	0,922	true	[005007, 005004, 005001, 005002, 005005]
2772	5	005007	005005	79	5.0	4.0	0,904	true	[005007, 005004, 005001, 005003, 005002, 005005]
2773	5	005007	005005	80	5.0	4.0	0,932	true	[005007, 005004, 005001, 005003, 005005]
2774	5	005007	005005	81	5.0	4.0	0,970	true	[005007, 005004, 005001, 005005]
2775	5	005007	005005	82	5.0	4.0	0,824	true	[005007, 005004, 005001, 005006, 005000, 005003, 005002, 005005]
2776	5	005007	005005	83	5.0	4.0	0,850	true	[005007, 005004, 005001, 005006, 005000, 005003, 005005]
2777	5	005007	005005	84	5.0	4.0	0,877	true	[005007, 005004, 005001, 005006, 005003, 005002, 005005]
2778	5	005007	005005	85	5.0	4.0	0,904	true	[005007, 005004, 005001, 005006, 005003, 005005]
2779	5	005007	005005	86	16.0	4.0	0,850	true	[005007, 005004, 005003, 005000, 005001, 005002, 005005]
2780	5	005007	005005	87	16.0	4.0	0,894	true	[005007, 005004, 005003, 005000, 005001, 005005]
2781	5	005007	005005	88	16.0	4.0	0,841	true	[005007, 005004, 005003, 005000, 005006, 005001, 005002, 005005]
2782	5	005007	005005	89	16.0	4.0	0,885	true	[005007, 005004, 005003, 005000, 005006, 005001, 005005]
2783	5	005007	005005	90	16.0	4.0	0,922	true	[005007, 005004, 005003, 005001, 005002, 005005]
2784	5	005007	005005	91	16.0	4.0	0,970	true	[005007, 005004, 005003, 005001, 005005]
2785	5	005007	005005	92	16.0	4.0	0,913	true	[005007, 005004, 005003, 005002, 005001, 005005]
2786	5	005007	005005	93	16.0	4.0	0,922	true	[005007, 005004, 005003, 005002, 005005]
2787	5	005007	005005	94	16.0	4.0	0,951	true	[005007, 005004, 005003, 005005]
2788	5	005007	005005	95	13.0	4.0	0,850	true	[005007, 005004, 005003, 005006, 005000, 005001, 005002, 005005]
2789	5	005007	005005	96	13.0	4.0	0,894	true	[005007, 005004, 005003, 005006, 005000, 005001, 005005]
2790	5	005007	005005	97	13.0	4.0	0,895	true	[005007, 005004, 005003, 005006, 005001, 005002, 005005]
2791	5	005007	005005	98	13.0	4.0	0,941	true	[005007, 005004, 005003, 005006, 005001, 005005]
2792	5	005007	005005	99	16.0	4.0	0,808	true	[005007, 005004, 005006, 005000, 005001, 005002, 005003, 005005]
2793	5	005007	005005	100	16.0	4.0	0,850	true	[005007, 005004, 005006, 005000, 005001, 005002, 005005]
2794	5	005007	005005	101	16.0	4.0	0,894	true	[005007, 005004, 005006, 005000, 005001, 005005]
2795	6	006003	006000	0	38.0	10.0	0,960	true	[006003, 006000]
2796	6	006003	006000	1	35.0	7.0	0,980	true	[006003, 006001, 006000]
2797	6	006003	006000	2	11.0	7.0	0,941	true	[006003, 006001, 006005, 006000]
2798	6	006003	006000	3	28.0	7.0	0,912	true	[006003, 006001, 006005, 006004, 006000]
2799	6	006003	006000	4	35.0	6.0	0,903	true	[006003, 006001, 006005, 006004, 006002, 006000]
2800	6	006003	006000	5	16.0	4.0	0,867	true	[006003, 006001, 006005, 006004, 006002, 006007, 006000]
2801	6	006003	006000	6	16.0	4.0	0,850	true	[006003, 006001, 006005, 006004, 006002, 006007, 006006, 006000]
2802	6	006003	006000	7	17.0	7.0	0,913	true	[006003, 006001, 006005, 006004, 006006, 006000]
2803	6	006003	006000	8	17.0	6.0	0,913	true	[006003, 006001, 006005, 006004, 006006, 006007, 006000]
2804	6	006003	006000	9	16.0	4.0	0,858	true	[006003, 006001, 006005, 006004, 006006, 006007, 006002, 006000]
2805	6	006003	006000	10	17.0	7.0	0,894	true	[006003, 006001, 006005, 006006, 006000]
2806	6	006003	006000	11	28.0	7.0	0,876	true	[006003, 006001, 006005, 006006, 006004, 006000]
2807	6	006003	006000	12	29.0	6.0	0,868	true	[006003, 006001, 006005, 006006, 006004, 006002, 006000]
2808	6	006003	006000	13	16.0	4.0	0,833	true	[006003, 006001, 006005, 006006, 006004, 006002, 006007, 006000]
2809	6	006003	006000	14	17.0	6.0	0,895	true	[006003, 006001, 006005, 006006, 006007, 006000]
2810	6	006003	006000	15	16.0	4.0	0,841	true	[006003, 006001, 006005, 006006, 006007, 006002, 006000]
2811	6	006003	006000	16	16.0	4.0	0,816	true	[006003, 006001, 006005, 006006, 006007, 006002, 006004, 006000]
2812	6	006003	006000	17	17.0	7.0	0,894	true	[006003, 006001, 006005, 006007, 006000]
2813	6	006003	006000	18	16.0	4.0	0,841	true	[006003, 006001, 006005, 006007, 006002, 006000]
2814	6	006003	006000	19	16.0	4.0	0,815	true	[006003, 006001, 006005, 006007, 006002, 006004, 006000]
2815	6	006003	006000	20	16.0	4.0	0,816	true	[006003, 006001, 006005, 006007, 006002, 006004, 006006, 006000]
2816	6	006003	006000	21	17.0	6.0	0,876	true	[006003, 006001, 006005, 006007, 006006, 006000]
2817	6	006003	006000	22	17.0	6.0	0,858	true	[006003, 006001, 006005, 006007, 006006, 006004, 006000]
2818	6	006003	006000	23	17.0	6.0	0,850	true	[006003, 006001, 006005, 006007, 006006, 006004, 006002, 006000]
2819	6	006003	006000	24	5.0	7.0	0,931	true	[006003, 006001, 006006, 006000]
2820	6	006003	006000	25	5.0	7.0	0,912	true	[006003, 006001, 006006, 006004, 006000]
2821	6	006003	006000	26	5.0	6.0	0,904	true	[006003, 006001, 006006, 006004, 006002, 006000]
2822	6	006003	006000	27	5.0	4.0	0,867	true	[006003, 006001, 006006, 006004, 006002, 006007, 006000]
2823	6	006003	006000	28	5.0	4.0	0,841	true	[006003, 006001, 006006, 006004, 006002, 006007, 006005, 006000]
2824	6	006003	006000	29	5.0	7.0	0,941	true	[006003, 006001, 006006, 006004, 006005, 006000]
2825	6	006003	006000	30	5.0	7.0	0,894	true	[006003, 006001, 006006, 006004, 006005, 006007, 006000]
2826	6	006003	006000	31	5.0	4.0	0,841	true	[006003, 006001, 006006, 006004, 006005, 006007, 006002, 006000]
2827	6	006003	006000	32	5.0	7.0	0,922	true	[006003, 006001, 006006, 006005, 006000]
2828	6	006003	006000	33	5.0	7.0	0,894	true	[006003, 006001, 006006, 006005, 006004, 006000]
2829	6	006003	006000	34	5.0	6.0	0,885	true	[006003, 006001, 006006, 006005, 006004, 006002, 006000]
2830	6	006003	006000	35	5.0	4.0	0,850	true	[006003, 006001, 006006, 006005, 006004, 006002, 006007, 006000]
2831	6	006003	006000	36	5.0	7.0	0,876	true	[006003, 006001, 006006, 006005, 006007, 006000]
2832	6	006003	006000	37	5.0	4.0	0,824	true	[006003, 006001, 006006, 006005, 006007, 006002, 006000]
2833	6	006003	006000	38	5.0	4.0	0,799	true	[006003, 006001, 006006, 006005, 006007, 006002, 006004, 006000]
2834	6	006003	006000	39	5.0	6.0	0,932	true	[006003, 006001, 006006, 006007, 006000]
2835	6	006003	006000	40	5.0	4.0	0,876	true	[006003, 006001, 006006, 006007, 006002, 006000]
2836	6	006003	006000	41	5.0	4.0	0,850	true	[006003, 006001, 006006, 006007, 006002, 006004, 006000]
2837	6	006003	006000	42	5.0	4.0	0,876	true	[006003, 006001, 006006, 006007, 006002, 006004, 006005, 006000]
2838	6	006003	006000	43	5.0	6.0	0,904	true	[006003, 006001, 006006, 006007, 006005, 006000]
2839	6	006003	006000	44	5.0	6.0	0,876	true	[006003, 006001, 006006, 006007, 006005, 006004, 006000]
2840	6	006003	006000	45	5.0	6.0	0,867	true	[006003, 006001, 006006, 006007, 006005, 006004, 006002, 006000]
2841	6	006003	006000	46	17.0	7.0	0,912	true	[006003, 006001, 006007, 006000]
2842	6	006003	006000	47	16.0	4.0	0,858	true	[006003, 006001, 006007, 006002, 006000]
2843	6	006003	006000	48	16.0	4.0	0,832	true	[006003, 006001, 006007, 006002, 006004, 006000]
2844	6	006003	006000	49	11.0	4.0	0,858	true	[006003, 006001, 006007, 006002, 006004, 006005, 006000]
2845	6	006003	006000	50	16.0	4.0	0,815	true	[006003, 006001, 006007, 006002, 006004, 006005, 006006, 006000]
2846	6	006003	006000	51	16.0	4.0	0,832	true	[006003, 006001, 006007, 006002, 006004, 006006, 006000]
2847	6	006003	006000	52	11.0	4.0	0,824	true	[006003, 006001, 006007, 006002, 006004, 006006, 006005, 006000]
2848	6	006003	006000	53	11.0	7.0	0,885	true	[006003, 006001, 006007, 006005, 006000]
2849	6	006003	006000	54	28.0	7.0	0,858	true	[006003, 006001, 006007, 006005, 006004, 006000]
2850	6	006003	006000	55	35.0	6.0	0,849	true	[006003, 006001, 006007, 006005, 006004, 006002, 006000]
2851	6	006003	006000	56	17.0	7.0	0,858	true	[006003, 006001, 006007, 006005, 006004, 006006, 006000]
2852	6	006003	006000	57	17.0	7.0	0,841	true	[006003, 006001, 006007, 006005, 006006, 006000]
2853	6	006003	006000	58	28.0	7.0	0,824	true	[006003, 006001, 006007, 006005, 006006, 006004, 006000]
2854	6	006003	006000	59	29.0	6.0	0,816	true	[006003, 006001, 006007, 006005, 006006, 006004, 006002, 006000]
2855	6	006003	006000	60	17.0	6.0	0,894	true	[006003, 006001, 006007, 006006, 006000]
2856	6	006003	006000	61	17.0	6.0	0,876	true	[006003, 006001, 006007, 006006, 006004, 006000]
2857	6	006003	006000	62	17.0	6.0	0,867	true	[006003, 006001, 006007, 006006, 006004, 006002, 006000]
2858	6	006003	006000	63	11.0	6.0	0,903	true	[006003, 006001, 006007, 006006, 006004, 006005, 006000]
2859	6	006003	006000	64	11.0	6.0	0,885	true	[006003, 006001, 006007, 006006, 006005, 006000]
2860	6	006003	006000	65	17.0	6.0	0,858	true	[006003, 006001, 006007, 006006, 006005, 006004, 006000]
2861	6	006003	006000	66	17.0	6.0	0,850	true	[006003, 006001, 006007, 006006, 006005, 006004, 006002, 006000]
2862	6	006003	006000	67	9.0	5.0	0,941	true	[006003, 006002, 006000]
2863	6	006003	006000	68	9.0	5.0	0,912	true	[006003, 006002, 006004, 006000]
2864	6	006003	006000	69	9.0	5.0	0,941	true	[006003, 006002, 006004, 006005, 006000]
2865	6	006003	006000	70	9.0	5.0	0,922	true	[006003, 006002, 006004, 006005, 006001, 006000]
2866	6	006003	006000	71	5.0	5.0	0,876	true	[006003, 006002, 006004, 006005, 006001, 006006, 006000]
2867	6	006003	006000	72	5.0	5.0	0,877	true	[006003, 006002, 006004, 006005, 006001, 006006, 006007, 006000]
2868	6	006003	006000	73	9.0	5.0	0,858	true	[006003, 006002, 006004, 006005, 006001, 006007, 006000]
2869	6	006003	006000	74	9.0	5.0	0,841	true	[006003, 006002, 006004, 006005, 006001, 006007, 006006, 006000]
2870	6	006003	006000	75	9.0	5.0	0,894	true	[006003, 006002, 006004, 006005, 006006, 006000]
2871	6	006003	006000	76	5.0	5.0	0,904	true	[006003, 006002, 006004, 006005, 006006, 006001, 006000]
2872	6	006003	006000	77	5.0	5.0	0,841	true	[006003, 006002, 006004, 006005, 006006, 006001, 006007, 006000]
2873	6	006003	006000	78	9.0	5.0	0,895	true	[006003, 006002, 006004, 006005, 006006, 006007, 006000]
2874	6	006003	006000	79	9.0	5.0	0,867	true	[006003, 006002, 006004, 006005, 006006, 006007, 006001, 006000]
2875	6	006003	006000	80	9.0	5.0	0,894	true	[006003, 006002, 006004, 006005, 006007, 006000]
2876	6	006003	006000	81	9.0	5.0	0,867	true	[006003, 006002, 006004, 006005, 006007, 006001, 006000]
2877	6	006003	006000	82	5.0	5.0	0,824	true	[006003, 006002, 006004, 006005, 006007, 006001, 006006, 006000]
2878	6	006003	006000	83	9.0	5.0	0,876	true	[006003, 006002, 006004, 006005, 006007, 006006, 006000]
2879	6	006003	006000	84	5.0	5.0	0,886	true	[006003, 006002, 006004, 006005, 006007, 006006, 006001, 006000]
2880	6	006003	006000	85	9.0	5.0	0,913	true	[006003, 006002, 006004, 006006, 006000]
2881	6	006003	006000	86	5.0	5.0	0,922	true	[006003, 006002, 006004, 006006, 006001, 006000]
2882	6	006003	006000	87	5.0	5.0	0,886	true	[006003, 006002, 006004, 006006, 006001, 006005, 006000]
2883	6	006003	006000	88	5.0	5.0	0,842	true	[006003, 006002, 006004, 006006, 006001, 006005, 006007, 006000]
2884	6	006003	006000	89	5.0	5.0	0,859	true	[006003, 006002, 006004, 006006, 006001, 006007, 006000]
2885	6	006003	006000	90	5.0	5.0	0,833	true	[006003, 006002, 006004, 006006, 006001, 006007, 006005, 006000]
2886	6	006003	006000	91	9.0	5.0	0,904	true	[006003, 006002, 006004, 006006, 006005, 006000]
2887	6	006003	006000	92	9.0	5.0	0,886	true	[006003, 006002, 006004, 006006, 006005, 006001, 006000]
2888	6	006003	006000	93	9.0	5.0	0,824	true	[006003, 006002, 006004, 006006, 006005, 006001, 006007, 006000]
2889	6	006003	006000	94	9.0	5.0	0,859	true	[006003, 006002, 006004, 006006, 006005, 006007, 006000]
2890	6	006003	006000	95	9.0	5.0	0,833	true	[006003, 006002, 006004, 006006, 006005, 006007, 006001, 006000]
2891	6	006003	006000	96	9.0	5.0	0,913	true	[006003, 006002, 006004, 006006, 006007, 006000]
2892	6	006003	006000	97	9.0	5.0	0,885	true	[006003, 006002, 006004, 006006, 006007, 006001, 006000]
2893	6	006003	006000	98	9.0	5.0	0,850	true	[006003, 006002, 006004, 006006, 006007, 006001, 006005, 006000]
2894	6	006003	006000	99	9.0	5.0	0,886	true	[006003, 006002, 006004, 006006, 006007, 006005, 006000]
2895	6	006003	006000	100	9.0	5.0	0,868	true	[006003, 006002, 006004, 006006, 006007, 006005, 006001, 006000]
2896	7	007007	007003	0	37.0	3.0	0,840	true	[007007, 007000, 007001, 007002, 007003]
2897	7	007007	007003	1	39.0	3.0	0,858	true	[007007, 007000, 007001, 007002, 007005, 007004, 007003]
2898	7	007007	007003	2	7.0	3.0	0,816	true	[007007, 007000, 007001, 007002, 007005, 007004, 007006, 007003]
2899	7	007007	007003	3	32.0	3.0	0,832	true	[007007, 007000, 007001, 007002, 007005, 007006, 007003]
2900	7	007007	007003	4	7.0	3.0	0,858	true	[007007, 007000, 007001, 007002, 007005, 007006, 007004, 007003]
2901	7	007007	007003	5	47.0	5.0	0,922	true	[007007, 007000, 007001, 007003]
2902	7	007007	007003	6	43.0	3.0	0,903	true	[007007, 007000, 007001, 007004, 007003]
2903	7	007007	007003	7	37.0	3.0	0,832	true	[007007, 007000, 007001, 007004, 007005, 007002, 007003]
2904	7	007007	007003	8	32.0	3.0	0,858	true	[007007, 007000, 007001, 007004, 007005, 007006, 007003]
2905	7	007007	007003	9	7.0	3.0	0,858	true	[007007, 007000, 007001, 007004, 007006, 007003]
2906	7	007007	007003	10	7.0	3.0	0,832	true	[007007, 007000, 007001, 007004, 007006, 007005, 007002, 007003]
2907	7	007007	007003	11	37.0	3.0	0,824	true	[007007, 007000, 007001, 007005, 007002, 007003]
2908	7	007007	007003	12	45.0	3.0	0,876	true	[007007, 007000, 007001, 007005, 007004, 007003]
2909	7	007007	007003	13	7.0	3.0	0,832	true	[007007, 007000, 007001, 007005, 007004, 007006, 007003]
2910	7	007007	007003	14	32.0	3.0	0,849	true	[007007, 007000, 007001, 007005, 007006, 007003]
2911	7	007007	007003	15	7.0	3.0	0,876	true	[007007, 007000, 007001, 007005, 007006, 007004, 007003]
2912	7	007007	007003	16	17.0	5.0	0,922	true	[007007, 007000, 007002, 007001, 007003]
2913	7	007007	007003	17	17.0	3.0	0,903	true	[007007, 007000, 007002, 007001, 007004, 007003]
2914	7	007007	007003	18	17.0	3.0	0,859	true	[007007, 007000, 007002, 007001, 007004, 007005, 007006, 007003]
2915	7	007007	007003	19	7.0	3.0	0,859	true	[007007, 007000, 007002, 007001, 007004, 007006, 007003]
2916	7	007007	007003	20	17.0	3.0	0,876	true	[007007, 007000, 007002, 007001, 007005, 007004, 007003]
2917	7	007007	007003	21	7.0	3.0	0,833	true	[007007, 007000, 007002, 007001, 007005, 007004, 007006, 007003]
2918	7	007007	007003	22	17.0	3.0	0,850	true	[007007, 007000, 007002, 007001, 007005, 007006, 007003]
2919	7	007007	007003	23	7.0	3.0	0,876	true	[007007, 007000, 007002, 007001, 007005, 007006, 007004, 007003]
2920	7	007007	007003	24	17.0	3.0	0,912	true	[007007, 007000, 007002, 007003]
2921	7	007007	007003	25	17.0	5.0	0,903	true	[007007, 007000, 007002, 007005, 007001, 007003]
2922	7	007007	007003	26	17.0	3.0	0,885	true	[007007, 007000, 007002, 007005, 007001, 007004, 007003]
2923	7	007007	007003	27	7.0	3.0	0,841	true	[007007, 007000, 007002, 007005, 007001, 007004, 007006, 007003]
2924	7	007007	007003	28	17.0	3.0	0,913	true	[007007, 007000, 007002, 007005, 007004, 007001, 007003]
2925	7	007007	007003	29	17.0	3.0	0,932	true	[007007, 007000, 007002, 007005, 007004, 007003]
2926	7	007007	007003	30	7.0	3.0	0,885	true	[007007, 007000, 007002, 007005, 007004, 007006, 007003]
2927	7	007007	007003	31	17.0	3.0	0,903	true	[007007, 007000, 007002, 007005, 007006, 007003]
2928	7	007007	007003	32	7.0	3.0	0,913	true	[007007, 007000, 007002, 007005, 007006, 007004, 007001, 007003]
2929	7	007007	007003	33	7.0	3.0	0,932	true	[007007, 007000, 007002, 007005, 007006, 007004, 007003]
2930	7	007007	007003	34	50.0	5.0	0,941	true	[007007, 007000, 007003]
2931	7	007007	007003	35	37.0	3.0	0,867	true	[007007, 007000, 007004, 007001, 007002, 007003]
2932	7	007007	007003	36	32.0	3.0	0,859	true	[007007, 007000, 007004, 007001, 007002, 007005, 007006, 007003]
2933	7	007007	007003	37	43.0	3.0	0,951	true	[007007, 007000, 007004, 007001, 007003]
2934	7	007007	007003	38	37.0	3.0	0,850	true	[007007, 007000, 007004, 007001, 007005, 007002, 007003]
2935	7	007007	007003	39	32.0	3.0	0,876	true	[007007, 007000, 007004, 007001, 007005, 007006, 007003]
2936	7	007007	007003	40	44.0	4.0	0,970	true	[007007, 007000, 007004, 007003]
2937	7	007007	007003	41	37.0	3.0	0,841	true	[007007, 007000, 007004, 007005, 007001, 007002, 007003]
2938	7	007007	007003	42	44.0	3.0	0,922	true	[007007, 007000, 007004, 007005, 007001, 007003]
2939	7	007007	007003	43	39.0	3.0	0,903	true	[007007, 007000, 007004, 007005, 007002, 007001, 007003]
2940	7	007007	007003	44	37.0	3.0	0,894	true	[007007, 007000, 007004, 007005, 007002, 007003]
2941	7	007007	007003	45	32.0	3.0	0,922	true	[007007, 007000, 007004, 007005, 007006, 007003]
2942	7	007007	007003	46	7.0	3.0	0,922	true	[007007, 007000, 007004, 007006, 007003]
2943	7	007007	007003	47	7.0	3.0	0,841	true	[007007, 007000, 007004, 007006, 007005, 007001, 007002, 007003]
2944	7	007007	007003	48	7.0	3.0	0,922	true	[007007, 007000, 007004, 007006, 007005, 007001, 007003]
2945	7	007007	007003	49	7.0	3.0	0,903	true	[007007, 007000, 007004, 007006, 007005, 007002, 007001, 007003]
2946	7	007007	007003	50	7.0	3.0	0,894	true	[007007, 007000, 007004, 007006, 007005, 007002, 007003]
2947	7	007007	007003	51	37.0	3.0	0,815	true	[007007, 007000, 007005, 007001, 007002, 007003]
2948	7	007007	007003	52	46.0	5.0	0,894	true	[007007, 007000, 007005, 007001, 007003]
2949	7	007007	007003	53	43.0	3.0	0,876	true	[007007, 007000, 007005, 007001, 007004, 007003]
2950	7	007007	007003	54	7.0	3.0	0,833	true	[007007, 007000, 007005, 007001, 007004, 007006, 007003]
2951	7	007007	007003	55	39.0	5.0	0,876	true	[007007, 007000, 007005, 007002, 007001, 007003]
2952	7	007007	007003	56	39.0	3.0	0,859	true	[007007, 007000, 007005, 007002, 007001, 007004, 007003]
2953	7	007007	007003	57	7.0	3.0	0,816	true	[007007, 007000, 007005, 007002, 007001, 007004, 007006, 007003]
2954	7	007007	007003	58	37.0	3.0	0,867	true	[007007, 007000, 007005, 007002, 007003]
2955	7	007007	007003	59	37.0	3.0	0,824	true	[007007, 007000, 007005, 007004, 007001, 007002, 007003]
2956	7	007007	007003	60	43.0	3.0	0,903	true	[007007, 007000, 007005, 007004, 007001, 007003]
2957	7	007007	007003	61	45.0	3.0	0,922	true	[007007, 007000, 007005, 007004, 007003]
2958	7	007007	007003	62	7.0	3.0	0,876	true	[007007, 007000, 007005, 007004, 007006, 007003]
2959	7	007007	007003	63	32.0	3.0	0,894	true	[007007, 007000, 007005, 007006, 007003]
2960	7	007007	007003	64	7.0	3.0	0,824	true	[007007, 007000, 007005, 007006, 007004, 007001, 007002, 007003]
2961	7	007007	007003	65	7.0	3.0	0,903	true	[007007, 007000, 007005, 007006, 007004, 007001, 007003]
2962	7	007007	007003	66	7.0	3.0	0,922	true	[007007, 007000, 007005, 007006, 007004, 007003]
2963	7	007007	007003	67	32.0	3.0	0,913	true	[007007, 007000, 007006, 007003]
2964	7	007007	007003	68	7.0	3.0	0,841	true	[007007, 007000, 007006, 007004, 007001, 007002, 007003]
2965	7	007007	007003	69	7.0	3.0	0,922	true	[007007, 007000, 007006, 007004, 007001, 007003]
2966	7	007007	007003	70	7.0	3.0	0,824	true	[007007, 007000, 007006, 007004, 007001, 007005, 007002, 007003]
2967	7	007007	007003	71	7.0	3.0	0,941	true	[007007, 007000, 007006, 007004, 007003]
2968	7	007007	007003	72	7.0	3.0	0,816	true	[007007, 007000, 007006, 007004, 007005, 007001, 007002, 007003]
2969	7	007007	007003	73	7.0	3.0	0,894	true	[007007, 007000, 007006, 007004, 007005, 007001, 007003]
2970	7	007007	007003	74	7.0	3.0	0,877	true	[007007, 007000, 007006, 007004, 007005, 007002, 007001, 007003]
2971	7	007007	007003	75	7.0	3.0	0,867	true	[007007, 007000, 007006, 007004, 007005, 007002, 007003]
2972	7	007007	007003	76	37.0	3.0	0,832	true	[007007, 007000, 007006, 007005, 007001, 007002, 007003]
2973	7	007007	007003	77	44.0	5.0	0,913	true	[007007, 007000, 007006, 007005, 007001, 007003]
2974	7	007007	007003	78	43.0	3.0	0,894	true	[007007, 007000, 007006, 007005, 007001, 007004, 007003]
2975	7	007007	007003	79	39.0	5.0	0,894	true	[007007, 007000, 007006, 007005, 007002, 007001, 007003]
2976	7	007007	007003	80	39.0	3.0	0,876	true	[007007, 007000, 007006, 007005, 007002, 007001, 007004, 007003]
2977	7	007007	007003	81	37.0	3.0	0,885	true	[007007, 007000, 007006, 007005, 007002, 007003]
2978	7	007007	007003	82	37.0	3.0	0,841	true	[007007, 007000, 007006, 007005, 007004, 007001, 007002, 007003]
2979	7	007007	007003	83	43.0	3.0	0,922	true	[007007, 007000, 007006, 007005, 007004, 007001, 007003]
2980	7	007007	007003	84	44.0	3.0	0,941	true	[007007, 007000, 007006, 007005, 007004, 007003]
2981	7	007007	007003	85	17.0	3.0	0,893	true	[007007, 007001, 007000, 007002, 007003]
2982	7	007007	007003	86	17.0	3.0	0,912	true	[007007, 007001, 007000, 007002, 007005, 007004, 007003]
2983	7	007007	007003	87	7.0	3.0	0,867	true	[007007, 007001, 007000, 007002, 007005, 007004, 007006, 007003]
2984	7	007007	007003	88	17.0	3.0	0,885	true	[007007, 007001, 007000, 007002, 007005, 007006, 007003]
2985	7	007007	007003	89	7.0	3.0	0,912	true	[007007, 007001, 007000, 007002, 007005, 007006, 007004, 007003]
2986	7	007007	007003	90	40.0	5.0	0,922	true	[007007, 007001, 007000, 007003]
2987	7	007007	007003	91	40.0	4.0	0,950	true	[007007, 007001, 007000, 007004, 007003]
2988	7	007007	007003	92	37.0	3.0	0,876	true	[007007, 007001, 007000, 007004, 007005, 007002, 007003]
2989	7	007007	007003	93	32.0	3.0	0,903	true	[007007, 007001, 007000, 007004, 007005, 007006, 007003]
2990	7	007007	007003	94	7.0	3.0	0,903	true	[007007, 007001, 007000, 007004, 007006, 007003]
2991	7	007007	007003	95	7.0	3.0	0,876	true	[007007, 007001, 007000, 007004, 007006, 007005, 007002, 007003]
2992	7	007007	007003	96	37.0	3.0	0,849	true	[007007, 007001, 007000, 007005, 007002, 007003]
2993	7	007007	007003	97	40.0	3.0	0,903	true	[007007, 007001, 007000, 007005, 007004, 007003]
2994	7	007007	007003	98	7.0	3.0	0,858	true	[007007, 007001, 007000, 007005, 007004, 007006, 007003]
2995	7	007007	007003	99	32.0	3.0	0,876	true	[007007, 007001, 007000, 007005, 007006, 007003]
2996	7	007007	007003	100	7.0	3.0	0,903	true	[007007, 007001, 007000, 007005, 007006, 007004, 007003]
2997	7	007007	007003	101	40.0	5.0	1,000	true	[007007, 007001, 007003]
2998	7	007007	007003	102	31.0	3.0	0,990	true	[007007, 007003]
2999	8	008005	008006	0	16.0	3.0	0,841	true	[008005, 008000, 008001, 008002, 008003, 008007, 008006]
3000	8	008005	008006	1	16.0	3.0	0,859	true	[008005, 008000, 008001, 008002, 008004, 008006]
3001	8	008005	008006	2	16.0	3.0	0,885	true	[008005, 008000, 008001, 008002, 008006]
3002	8	008005	008006	3	15.0	3.0	0,816	true	[008005, 008000, 008001, 008003, 008002, 008004, 008006]
3003	8	008005	008006	4	15.0	3.0	0,841	true	[008005, 008000, 008001, 008003, 008002, 008006]
3004	8	008005	008006	5	15.0	3.0	0,850	true	[008005, 008000, 008001, 008003, 008007, 008006]
3005	8	008005	008006	6	15.0	3.0	0,816	true	[008005, 008000, 008001, 008004, 008002, 008003, 008007, 008006]
3006	8	008005	008006	7	15.0	3.0	0,859	true	[008005, 008000, 008001, 008004, 008002, 008006]
3007	8	008005	008006	8	15.0	3.0	0,867	true	[008005, 008000, 008001, 008004, 008006]
3008	8	008005	008006	9	16.0	3.0	0,913	true	[008005, 008000, 008001, 008006]
3009	8	008005	008006	10	16.0	3.0	0,808	true	[008005, 008000, 008001, 008007, 008003, 008002, 008004, 008006]
3010	8	008005	008006	11	16.0	3.0	0,833	true	[008005, 008000, 008001, 008007, 008003, 008002, 008006]
3011	8	008005	008006	12	16.0	3.0	0,858	true	[008005, 008000, 008001, 008007, 008006]
3012	8	008005	008006	13	5.0	4.0	0,799	true	[008005, 008000, 008004, 008001, 008002, 008003, 008007, 008006]
3013	8	008005	008006	14	5.0	4.0	0,841	true	[008005, 008000, 008004, 008001, 008002, 008006]
3014	8	008005	008006	15	5.0	4.0	0,799	true	[008005, 008000, 008004, 008001, 008003, 008002, 008006]
3015	8	008005	008006	16	5.0	4.0	0,807	true	[008005, 008000, 008004, 008001, 008003, 008007, 008006]
3016	8	008005	008006	17	5.0	4.0	0,867	true	[008005, 008000, 008004, 008001, 008006]
3017	8	008005	008006	18	5.0	4.0	0,791	true	[008005, 008000, 008004, 008001, 008007, 008003, 008002, 008006]
3018	8	008005	008006	19	5.0	4.0	0,815	true	[008005, 008000, 008004, 008001, 008007, 008006]
3019	8	008005	008006	20	5.0	3.0	0,799	true	[008005, 008000, 008004, 008002, 008001, 008003, 008007, 008006]
3020	8	008005	008006	21	5.0	3.0	0,858	true	[008005, 008000, 008004, 008002, 008001, 008006]
3021	8	008005	008006	22	5.0	3.0	0,807	true	[008005, 008000, 008004, 008002, 008001, 008007, 008006]
3022	8	008005	008006	23	5.0	3.0	0,816	true	[008005, 008000, 008004, 008002, 008003, 008001, 008006]
3023	8	008005	008006	24	5.0	3.0	0,767	true	[008005, 008000, 008004, 008002, 008003, 008001, 008007, 008006]
3024	8	008005	008006	25	5.0	3.0	0,807	true	[008005, 008000, 008004, 008002, 008003, 008007, 008001, 008006]
3025	8	008005	008006	26	5.0	3.0	0,841	true	[008005, 008000, 008004, 008002, 008003, 008007, 008006]
3026	8	008005	008006	27	5.0	3.0	0,885	true	[008005, 008000, 008004, 008002, 008006]
3027	8	008005	008006	28	5.0	4.0	0,894	true	[008005, 008000, 008004, 008006]
3028	8	008005	008006	29	18.0	4.0	0,960	true	[008005, 008000, 008006]
3029	8	008005	008006	30	5.0	3.0	0,833	true	[008005, 008001, 008000, 008004, 008002, 008003, 008007, 008006]
3030	8	008005	008006	31	5.0	3.0	0,876	true	[008005, 008001, 008000, 008004, 008002, 008006]
3031	8	008005	008006	32	5.0	3.0	0,885	true	[008005, 008001, 008000, 008004, 008006]
3032	8	008005	008006	33	15.0	3.0	0,950	true	[008005, 008001, 008000, 008006]
3033	8	008005	008006	34	15.0	6.0	0,904	true	[008005, 008001, 008002, 008003, 008007, 008006]
3034	8	008005	008006	35	5.0	3.0	0,894	true	[008005, 008001, 008002, 008004, 008000, 008006]
3035	8	008005	008006	36	15.0	3.0	0,922	true	[008005, 008001, 008002, 008004, 008006]
3036	8	008005	008006	37	15.0	4.0	0,951	true	[008005, 008001, 008002, 008006]
3037	8	008005	008006	38	5.0	3.0	0,849	true	[008005, 008001, 008003, 008002, 008004, 008000, 008006]
3038	8	008005	008006	39	15.0	3.0	0,876	true	[008005, 008001, 008003, 008002, 008004, 008006]
3039	8	008005	008006	40	15.0	4.0	0,903	true	[008005, 008001, 008003, 008002, 008006]
3040	8	008005	008006	41	15.0	6.0	0,912	true	[008005, 008001, 008003, 008007, 008006]
3041	8	008005	008006	42	5.0	6.0	0,903	true	[008005, 008001, 008004, 008000, 008006]
3042	8	008005	008006	43	15.0	3.0	0,876	true	[008005, 008001, 008004, 008002, 008003, 008007, 008006]
3043	8	008005	008006	44	15.0	3.0	0,922	true	[008005, 008001, 008004, 008002, 008006]
3044	8	008005	008006	45	15.0	6.0	0,931	true	[008005, 008001, 008004, 008006]
3045	8	008005	008006	46	15.0	9.0	0,980	true	[008005, 008001, 008006]
3046	8	008005	008006	47	5.0	3.0	0,841	true	[008005, 008001, 008007, 008003, 008002, 008004, 008000, 008006]
3047	8	008005	008006	48	15.0	3.0	0,867	true	[008005, 008001, 008007, 008003, 008002, 008004, 008006]
3048	8	008005	008006	49	15.0	4.0	0,894	true	[008005, 008001, 008007, 008003, 008002, 008006]
3049	8	008005	008006	50	15.0	6.0	0,922	true	[008005, 008001, 008007, 008006]
3050	8	008005	008006	51	5.0	3.0	0,832	true	[008005, 008002, 008001, 008000, 008004, 008006]
3051	8	008005	008006	52	16.0	3.0	0,894	true	[008005, 008002, 008001, 008000, 008006]
3052	8	008005	008006	53	15.0	6.0	0,858	true	[008005, 008002, 008001, 008003, 008007, 008006]
3053	8	008005	008006	54	5.0	6.0	0,850	true	[008005, 008002, 008001, 008004, 008000, 008006]
3054	8	008005	008006	55	15.0	6.0	0,876	true	[008005, 008002, 008001, 008004, 008006]
3055	8	008005	008006	56	25.0	6.0	0,922	true	[008005, 008002, 008001, 008006]
3056	8	008005	008006	57	23.0	6.0	0,867	true	[008005, 008002, 008001, 008007, 008006]
3057	8	008005	008006	58	5.0	3.0	0,791	true	[008005, 008002, 008003, 008001, 008000, 008004, 008006]
3058	8	008005	008006	59	15.0	3.0	0,850	true	[008005, 008002, 008003, 008001, 008000, 008006]
3059	8	008005	008006	60	5.0	6.0	0,807	true	[008005, 008002, 008003, 008001, 008004, 008000, 008006]
3060	8	008005	008006	61	15.0	6.0	0,832	true	[008005, 008002, 008003, 008001, 008004, 008006]
3061	8	008005	008006	62	15.0	6.0	0,876	true	[008005, 008002, 008003, 008001, 008006]
3062	8	008005	008006	63	15.0	6.0	0,824	true	[008005, 008002, 008003, 008001, 008007, 008006]
3063	8	008005	008006	64	5.0	3.0	0,783	true	[008005, 008002, 008003, 008007, 008001, 008000, 008004, 008006]
3064	8	008005	008006	65	16.0	3.0	0,841	true	[008005, 008002, 008003, 008007, 008001, 008000, 008006]
3065	8	008005	008006	66	5.0	6.0	0,799	true	[008005, 008002, 008003, 008007, 008001, 008004, 008000, 008006]
3066	8	008005	008006	67	15.0	6.0	0,824	true	[008005, 008002, 008003, 008007, 008001, 008004, 008006]
3067	8	008005	008006	68	23.0	6.0	0,867	true	[008005, 008002, 008003, 008007, 008001, 008006]
3068	8	008005	008006	69	25.0	6.0	0,904	true	[008005, 008002, 008003, 008007, 008006]
3069	8	008005	008006	70	5.0	3.0	0,791	true	[008005, 008002, 008004, 008000, 008001, 008003, 008007, 008006]
3070	8	008005	008006	71	5.0	3.0	0,850	true	[008005, 008002, 008004, 008000, 008001, 008006]
3071	8	008005	008006	72	5.0	3.0	0,799	true	[008005, 008002, 008004, 008000, 008001, 008007, 008006]
3072	8	008005	008006	73	5.0	3.0	0,894	true	[008005, 008002, 008004, 008000, 008006]
3073	8	008005	008006	74	15.0	3.0	0,867	true	[008005, 008002, 008004, 008001, 008000, 008006]
3074	8	008005	008006	75	15.0	3.0	0,833	true	[008005, 008002, 008004, 008001, 008003, 008007, 008006]
3075	8	008005	008006	76	15.0	3.0	0,894	true	[008005, 008002, 008004, 008001, 008006]
3076	8	008005	008006	77	15.0	3.0	0,841	true	[008005, 008002, 008004, 008001, 008007, 008006]
3077	8	008005	008006	78	25.0	3.0	0,922	true	[008005, 008002, 008004, 008006]
3078	8	008005	008006	79	25.0	4.0	0,951	true	[008005, 008002, 008006]
3079	8	008005	008006	80	5.0	3.0	0,790	true	[008005, 008003, 008001, 008000, 008004, 008002, 008006]
3080	8	008005	008006	81	5.0	3.0	0,798	true	[008005, 008003, 008001, 008000, 008004, 008006]
3081	8	008005	008006	82	5.0	3.0	0,858	true	[008005, 008003, 008001, 008000, 008006]
3082	8	008005	008006	83	5.0	3.0	0,807	true	[008005, 008003, 008001, 008002, 008004, 008000, 008006]
3083	8	008005	008006	84	5.0	3.0	0,832	true	[008005, 008003, 008001, 008002, 008004, 008006]
3084	8	008005	008006	85	5.0	4.0	0,858	true	[008005, 008003, 008001, 008002, 008006]
3085	8	008005	008006	86	5.0	6.0	0,815	true	[008005, 008003, 008001, 008004, 008000, 008006]
3086	8	008005	008006	87	5.0	3.0	0,832	true	[008005, 008003, 008001, 008004, 008002, 008006]
3087	8	008005	008006	88	5.0	6.0	0,840	true	[008005, 008003, 008001, 008004, 008006]
3088	8	008005	008006	89	5.0	8.0	0,884	true	[008005, 008003, 008001, 008006]
3089	8	008005	008006	90	5.0	6.0	0,832	true	[008005, 008003, 008001, 008007, 008006]
3090	8	008005	008006	91	5.0	3.0	0,791	true	[008005, 008003, 008002, 008001, 008000, 008004, 008006]
3091	8	008005	008006	92	5.0	3.0	0,850	true	[008005, 008003, 008002, 008001, 008000, 008006]
3092	8	008005	008006	93	5.0	6.0	0,807	true	[008005, 008003, 008002, 008001, 008004, 008000, 008006]
3093	8	008005	008006	94	5.0	6.0	0,832	true	[008005, 008003, 008002, 008001, 008004, 008006]
3094	8	008005	008006	95	5.0	8.0	0,876	true	[008005, 008003, 008002, 008001, 008006]
3095	8	008005	008006	96	5.0	6.0	0,824	true	[008005, 008003, 008002, 008001, 008007, 008006]
3096	8	008005	008006	97	5.0	3.0	0,807	true	[008005, 008003, 008002, 008004, 008000, 008001, 008006]
3097	8	008005	008006	98	5.0	3.0	0,759	true	[008005, 008003, 008002, 008004, 008000, 008001, 008007, 008006]
3098	8	008005	008006	99	5.0	3.0	0,849	true	[008005, 008003, 008002, 008004, 008000, 008006]
3099	8	008005	008006	100	5.0	3.0	0,824	true	[008005, 008003, 008002, 008004, 008001, 008000, 008006]
3100	8	008005	008006	101	5.0	3.0	0,850	true	[008005, 008003, 008002, 008004, 008001, 008006]
3101	8	008005	008006	102	5.0	3.0	0,876	true	[008005, 008003, 008002, 008004, 008006]
3102	8	008005	008006	103	5.0	4.0	0,903	true	[008005, 008003, 008002, 008006]
3103	8	008005	008006	104	22.0	5.0	0,970	true	[008005, 008006]
3104	9	009002	009001	0	5.0	5.0	0,894	true	[009002, 009000, 009003, 009001]
3105	9	009002	009001	1	12.0	3.0	0,867	true	[009002, 009000, 009003, 009005, 009001]
3106	9	009002	009001	2	12.0	3.0	0,824	true	[009002, 009000, 009003, 009005, 009006, 009001]
3107	9	009002	009001	3	12.0	3.0	0,791	true	[009002, 009000, 009003, 009005, 009006, 009004, 009001]
3108	9	009002	009001	4	12.0	3.0	0,759	true	[009002, 009000, 009003, 009005, 009006, 009004, 009007, 009001]
3109	9	009002	009001	5	12.0	3.0	0,807	true	[009002, 009000, 009003, 009005, 009006, 009007, 009001]
3110	9	009002	009001	6	12.0	3.0	0,791	true	[009002, 009000, 009003, 009005, 009006, 009007, 009004, 009001]
3111	9	009002	009001	7	12.0	3.0	0,867	true	[009002, 009000, 009003, 009006, 009001]
3112	9	009002	009001	8	12.0	3.0	0,832	true	[009002, 009000, 009003, 009006, 009004, 009001]
3113	9	009002	009001	9	12.0	3.0	0,799	true	[009002, 009000, 009003, 009006, 009004, 009007, 009001]
3114	9	009002	009001	10	12.0	3.0	0,824	true	[009002, 009000, 009003, 009006, 009005, 009001]
3115	9	009002	009001	11	12.0	3.0	0,850	true	[009002, 009000, 009003, 009006, 009007, 009001]
3116	9	009002	009001	12	12.0	3.0	0,833	true	[009002, 009000, 009003, 009006, 009007, 009004, 009001]
3117	9	009002	009001	13	12.0	3.0	0,849	true	[009002, 009000, 009003, 009007, 009001]
3118	9	009002	009001	14	12.0	3.0	0,832	true	[009002, 009000, 009003, 009007, 009004, 009001]
3119	9	009002	009001	15	12.0	3.0	0,782	true	[009002, 009000, 009003, 009007, 009004, 009006, 009001]
3120	9	009002	009001	16	12.0	3.0	0,743	true	[009002, 009000, 009003, 009007, 009004, 009006, 009005, 009001]
3121	9	009002	009001	17	12.0	3.0	0,832	true	[009002, 009000, 009003, 009007, 009006, 009001]
3122	9	009002	009001	18	12.0	3.0	0,799	true	[009002, 009000, 009003, 009007, 009006, 009004, 009001]
3123	9	009002	009001	19	12.0	3.0	0,790	true	[009002, 009000, 009003, 009007, 009006, 009005, 009001]
3124	9	009002	009001	20	10.0	4.0	0,876	true	[009002, 009000, 009004, 009001]
3125	9	009002	009001	21	10.0	4.0	0,823	true	[009002, 009000, 009004, 009006, 009001]
3126	9	009002	009001	22	5.0	3.0	0,798	true	[009002, 009000, 009004, 009006, 009003, 009001]
3127	9	009002	009001	23	10.0	3.0	0,774	true	[009002, 009000, 009004, 009006, 009003, 009005, 009001]
3128	9	009002	009001	24	10.0	3.0	0,758	true	[009002, 009000, 009004, 009006, 009003, 009007, 009001]
3129	9	009002	009001	25	10.0	4.0	0,782	true	[009002, 009000, 009004, 009006, 009005, 009001]
3130	9	009002	009001	26	5.0	3.0	0,758	true	[009002, 009000, 009004, 009006, 009005, 009003, 009001]
3131	9	009002	009001	27	10.0	3.0	0,721	true	[009002, 009000, 009004, 009006, 009005, 009003, 009007, 009001]
3132	9	009002	009001	28	10.0	4.0	0,807	true	[009002, 009000, 009004, 009006, 009007, 009001]
3133	9	009002	009001	29	5.0	3.0	0,766	true	[009002, 009000, 009004, 009006, 009007, 009003, 009001]
3134	9	009002	009001	30	10.0	3.0	0,743	true	[009002, 009000, 009004, 009006, 009007, 009003, 009005, 009001]
3135	9	009002	009001	31	10.0	3.0	0,840	true	[009002, 009000, 009004, 009007, 009001]
3136	9	009002	009001	32	5.0	3.0	0,798	true	[009002, 009000, 009004, 009007, 009003, 009001]
3137	9	009002	009001	33	10.0	3.0	0,774	true	[009002, 009000, 009004, 009007, 009003, 009005, 009001]
3138	9	009002	009001	34	10.0	3.0	0,736	true	[009002, 009000, 009004, 009007, 009003, 009005, 009006, 009001]
3139	9	009002	009001	35	10.0	3.0	0,774	true	[009002, 009000, 009004, 009007, 009003, 009006, 009001]
3140	9	009002	009001	36	10.0	3.0	0,736	true	[009002, 009000, 009004, 009007, 009003, 009006, 009005, 009001]
3141	9	009002	009001	37	10.0	3.0	0,824	true	[009002, 009000, 009004, 009007, 009006, 009001]
3142	9	009002	009001	38	5.0	3.0	0,799	true	[009002, 009000, 009004, 009007, 009006, 009003, 009001]
3143	9	009002	009001	39	10.0	3.0	0,775	true	[009002, 009000, 009004, 009007, 009006, 009003, 009005, 009001]
3144	9	009002	009001	40	10.0	3.0	0,782	true	[009002, 009000, 009004, 009007, 009006, 009005, 009001]
3145	9	009002	009001	41	5.0	3.0	0,759	true	[009002, 009000, 009004, 009007, 009006, 009005, 009003, 009001]
3146	9	009002	009001	42	32.0	5.0	0,876	true	[009002, 009000, 009006, 009001]
3147	9	009002	009001	43	5.0	3.0	0,849	true	[009002, 009000, 009006, 009003, 009001]
3148	9	009002	009001	44	26.0	3.0	0,824	true	[009002, 009000, 009006, 009003, 009005, 009001]
3149	9	009002	009001	45	46.0	3.0	0,807	true	[009002, 009000, 009006, 009003, 009007, 009001]
3150	9	009002	009001	46	41.0	3.0	0,791	true	[009002, 009000, 009006, 009003, 009007, 009004, 009001]
3151	9	009002	009001	47	26.0	5.0	0,840	true	[009002, 009000, 009006, 009004, 009001]
3152	9	009002	009001	48	26.0	3.0	0,807	true	[009002, 009000, 009006, 009004, 009007, 009001]
3153	9	009002	009001	49	5.0	3.0	0,766	true	[009002, 009000, 009006, 009004, 009007, 009003, 009001]
3154	9	009002	009001	50	26.0	3.0	0,743	true	[009002, 009000, 009006, 009004, 009007, 009003, 009005, 009001]
3155	9	009002	009001	51	26.0	4.0	0,832	true	[009002, 009000, 009006, 009005, 009001]
3156	9	009002	009001	52	5.0	3.0	0,807	true	[009002, 009000, 009006, 009005, 009003, 009001]
3157	9	009002	009001	53	32.0	3.0	0,766	true	[009002, 009000, 009006, 009005, 009003, 009007, 009001]
3158	9	009002	009001	54	32.0	3.0	0,751	true	[009002, 009000, 009006, 009005, 009003, 009007, 009004, 009001]
3159	9	009002	009001	55	12.0	5.0	0,858	true	[009002, 009000, 009006, 009007, 009001]
3160	9	009002	009001	56	5.0	3.0	0,815	true	[009002, 009000, 009006, 009007, 009003, 009001]
3161	9	009002	009001	57	12.0	3.0	0,791	true	[009002, 009000, 009006, 009007, 009003, 009005, 009001]
3162	9	009002	009001	58	12.0	3.0	0,841	true	[009002, 009000, 009006, 009007, 009004, 009001]
3163	9	009002	009001	59	5.0	4.0	0,849	true	[009002, 009004, 009000, 009003, 009001]
3164	9	009002	009001	60	10.0	3.0	0,824	true	[009002, 009004, 009000, 009003, 009005, 009001]
3165	9	009002	009001	61	10.0	3.0	0,782	true	[009002, 009004, 009000, 009003, 009005, 009006, 009001]
3166	9	009002	009001	62	10.0	3.0	0,767	true	[009002, 009004, 009000, 009003, 009005, 009006, 009007, 009001]
3167	9	009002	009001	63	10.0	3.0	0,824	true	[009002, 009004, 009000, 009003, 009006, 009001]
3168	9	009002	009001	64	10.0	3.0	0,782	true	[009002, 009004, 009000, 009003, 009006, 009005, 009001]
3169	9	009002	009001	65	10.0	3.0	0,807	true	[009002, 009004, 009000, 009003, 009006, 009007, 009001]
3170	9	009002	009001	66	10.0	3.0	0,807	true	[009002, 009004, 009000, 009003, 009007, 009001]
3171	9	009002	009001	67	10.0	3.0	0,790	true	[009002, 009004, 009000, 009003, 009007, 009006, 009001]
3172	9	009002	009001	68	10.0	3.0	0,751	true	[009002, 009004, 009000, 009003, 009007, 009006, 009005, 009001]
3173	9	009002	009001	69	10.0	4.0	0,832	true	[009002, 009004, 009000, 009006, 009001]
3174	9	009002	009001	70	5.0	3.0	0,807	true	[009002, 009004, 009000, 009006, 009003, 009001]
3175	9	009002	009001	71	10.0	3.0	0,783	true	[009002, 009004, 009000, 009006, 009003, 009005, 009001]
3176	9	009002	009001	72	10.0	3.0	0,766	true	[009002, 009004, 009000, 009006, 009003, 009007, 009001]
3177	9	009002	009001	73	10.0	4.0	0,790	true	[009002, 009004, 009000, 009006, 009005, 009001]
3178	9	009002	009001	74	5.0	3.0	0,766	true	[009002, 009004, 009000, 009006, 009005, 009003, 009001]
3179	9	009002	009001	75	10.0	3.0	0,728	true	[009002, 009004, 009000, 009006, 009005, 009003, 009007, 009001]
3180	9	009002	009001	76	10.0	4.0	0,815	true	[009002, 009004, 009000, 009006, 009007, 009001]
3181	9	009002	009001	77	5.0	3.0	0,774	true	[009002, 009004, 009000, 009006, 009007, 009003, 009001]
3182	9	009002	009001	78	10.0	3.0	0,751	true	[009002, 009004, 009000, 009006, 009007, 009003, 009005, 009001]
3183	9	009002	009001	79	11.0	8.0	0,922	true	[009002, 009004, 009001]
3184	9	009002	009001	80	5.0	5.0	0,815	true	[009002, 009004, 009006, 009000, 009003, 009001]
3185	9	009002	009001	81	11.0	3.0	0,791	true	[009002, 009004, 009006, 009000, 009003, 009005, 009001]
3186	9	009002	009001	82	11.0	3.0	0,774	true	[009002, 009004, 009006, 009000, 009003, 009007, 009001]
3187	9	009002	009001	83	11.0	7.0	0,866	true	[009002, 009004, 009006, 009001]
3188	9	009002	009001	84	5.0	3.0	0,840	true	[009002, 009004, 009006, 009003, 009001]
3189	9	009002	009001	85	11.0	3.0	0,815	true	[009002, 009004, 009006, 009003, 009005, 009001]
3190	9	009002	009001	86	11.0	3.0	0,798	true	[009002, 009004, 009006, 009003, 009007, 009001]
3191	9	009002	009001	87	11.0	4.0	0,823	true	[009002, 009004, 009006, 009005, 009001]
3192	9	009002	009001	88	5.0	3.0	0,798	true	[009002, 009004, 009006, 009005, 009003, 009001]
3193	9	009002	009001	89	11.0	3.0	0,758	true	[009002, 009004, 009006, 009005, 009003, 009007, 009001]
3194	9	009002	009001	90	11.0	7.0	0,849	true	[009002, 009004, 009006, 009007, 009001]
3195	9	009002	009001	91	5.0	3.0	0,807	true	[009002, 009004, 009006, 009007, 009003, 009001]
3196	9	009002	009001	92	11.0	3.0	0,782	true	[009002, 009004, 009006, 009007, 009003, 009005, 009001]
3197	9	009002	009001	93	11.0	3.0	0,885	true	[009002, 009004, 009007, 009001]
3198	9	009002	009001	94	11.0	3.0	0,791	true	[009002, 009004, 009007, 009003, 009000, 009006, 009001]
3199	9	009002	009001	95	11.0	3.0	0,751	true	[009002, 009004, 009007, 009003, 009000, 009006, 009005, 009001]
3200	9	009002	009001	96	5.0	3.0	0,840	true	[009002, 009004, 009007, 009003, 009001]
3201	9	009002	009001	97	11.0	3.0	0,815	true	[009002, 009004, 009007, 009003, 009005, 009001]
3202	9	009002	009001	98	11.0	3.0	0,774	true	[009002, 009004, 009007, 009003, 009005, 009006, 009001]
3203	9	009002	009001	99	11.0	3.0	0,815	true	[009002, 009004, 009007, 009003, 009006, 009001]
3204	9	009002	009001	100	11.0	3.0	0,774	true	[009002, 009004, 009007, 009003, 009006, 009005, 009001]
3205	10	010006	010002	0	10.0	3.0	0,912	true	[010006, 010000, 010001, 010003, 010004, 010002]
3206	10	010006	010002	1	9.0	4.0	0,941	true	[010006, 010000, 010001, 010003, 010007, 010002]
3207	10	010006	010002	2	10.0	5.0	0,912	true	[010006, 010000, 010001, 010004, 010002]
3208	10	010006	010002	3	9.0	3.0	0,922	true	[010006, 010000, 010001, 010004, 010003, 010007, 010002]
3209	10	010006	010002	4	5.0	4.0	0,922	true	[010006, 010000, 010001, 010005, 010002]
3210	10	010006	010002	5	24.0	9.0	0,960	true	[010006, 010000, 010002]
3211	10	010006	010002	6	10.0	4.0	0,931	true	[010006, 010000, 010003, 010001, 010004, 010002]
3212	10	010006	010002	7	5.0	4.0	0,941	true	[010006, 010000, 010003, 010001, 010005, 010002]
3213	10	010006	010002	8	5.0	3.0	0,922	true	[010006, 010000, 010003, 010004, 010001, 010005, 010002]
3214	10	010006	010002	9	10.0	3.0	0,931	true	[010006, 010000, 010003, 010004, 010002]
3215	10	010006	010002	10	9.0	6.0	0,960	true	[010006, 010000, 010003, 010007, 010002]
3216	10	010006	010002	11	9.0	4.0	0,922	true	[010006, 010000, 010004, 010001, 010003, 010007, 010002]
3217	10	010006	010002	12	5.0	4.0	0,904	true	[010006, 010000, 010004, 010001, 010005, 010002]
3218	10	010006	010002	13	10.0	5.0	0,912	true	[010006, 010000, 010004, 010002]
3219	10	010006	010002	14	5.0	3.0	0,904	true	[010006, 010000, 010004, 010003, 010001, 010005, 010002]
3220	10	010006	010002	15	9.0	3.0	0,922	true	[010006, 010000, 010004, 010003, 010007, 010002]
3221	10	010006	010002	16	5.0	3.0	0,894	true	[010006, 010000, 010005, 010001, 010003, 010004, 010002]
3222	10	010006	010002	17	5.0	3.0	0,922	true	[010006, 010000, 010005, 010001, 010003, 010007, 010002]
3223	10	010006	010002	18	5.0	3.0	0,894	true	[010006, 010000, 010005, 010001, 010004, 010002]
3224	10	010006	010002	19	5.0	3.0	0,904	true	[010006, 010000, 010005, 010001, 010004, 010003, 010007, 010002]
3225	10	010006	010002	20	21.0	3.0	0,960	true	[010006, 010000, 010005, 010002]
3226	10	010006	010002	21	9.0	6.0	0,951	true	[010006, 010000, 010007, 010002]
3227	10	010006	010002	22	10.0	4.0	0,922	true	[010006, 010000, 010007, 010003, 010001, 010004, 010002]
3228	10	010006	010002	23	5.0	4.0	0,932	true	[010006, 010000, 010007, 010003, 010001, 010005, 010002]
3229	10	010006	010002	24	5.0	3.0	0,913	true	[010006, 010000, 010007, 010003, 010004, 010001, 010005, 010002]
3230	10	010006	010002	25	10.0	3.0	0,922	true	[010006, 010000, 010007, 010003, 010004, 010002]
3231	10	010006	010002	26	12.0	5.0	0,970	true	[010006, 010002]
3232	10	010006	010002	27	10.0	3.0	0,876	true	[010006, 010003, 010000, 010001, 010004, 010002]
3233	10	010006	010002	28	5.0	3.0	0,885	true	[010006, 010003, 010000, 010001, 010005, 010002]
3234	10	010006	010002	29	22.0	3.0	0,922	true	[010006, 010003, 010000, 010002]
3235	10	010006	010002	30	5.0	3.0	0,867	true	[010006, 010003, 010000, 010004, 010001, 010005, 010002]
3236	10	010006	010002	31	10.0	3.0	0,875	true	[010006, 010003, 010000, 010004, 010002]
3237	10	010006	010002	32	5.0	3.0	0,858	true	[010006, 010003, 010000, 010005, 010001, 010004, 010002]
3238	10	010006	010002	33	21.0	3.0	0,922	true	[010006, 010003, 010000, 010005, 010002]
3239	10	010006	010002	34	9.0	3.0	0,912	true	[010006, 010003, 010000, 010007, 010002]
3240	10	010006	010002	35	22.0	3.0	0,903	true	[010006, 010003, 010001, 010000, 010002]
3241	10	010006	010002	36	10.0	3.0	0,858	true	[010006, 010003, 010001, 010000, 010004, 010002]
3242	10	010006	010002	37	21.0	3.0	0,903	true	[010006, 010003, 010001, 010000, 010005, 010002]
3243	10	010006	010002	38	9.0	3.0	0,894	true	[010006, 010003, 010001, 010000, 010007, 010002]
3244	10	010006	010002	39	22.0	3.0	0,885	true	[010006, 010003, 010001, 010004, 010000, 010002]
3245	10	010006	010002	40	21.0	3.0	0,885	true	[010006, 010003, 010001, 010004, 010000, 010005, 010002]
3246	10	010006	010002	41	9.0	3.0	0,876	true	[010006, 010003, 010001, 010004, 010000, 010007, 010002]
3247	10	010006	010002	42	10.0	3.0	0,893	true	[010006, 010003, 010001, 010004, 010002]
3248	10	010006	010002	43	5.0	3.0	0,885	true	[010006, 010003, 010001, 010005, 010000, 010002]
3249	10	010006	010002	44	5.0	3.0	0,841	true	[010006, 010003, 010001, 010005, 010000, 010004, 010002]
3250	10	010006	010002	45	5.0	3.0	0,876	true	[010006, 010003, 010001, 010005, 010000, 010007, 010002]
3251	10	010006	010002	46	5.0	3.0	0,903	true	[010006, 010003, 010001, 010005, 010002]
3252	10	010006	010002	47	5.0	3.0	0,850	true	[010006, 010003, 010004, 010000, 010001, 010005, 010002]
3253	10	010006	010002	48	11.0	3.0	0,885	true	[010006, 010003, 010004, 010000, 010002]
3254	10	010006	010002	49	11.0	3.0	0,885	true	[010006, 010003, 010004, 010000, 010005, 010002]
3255	10	010006	010002	50	9.0	3.0	0,876	true	[010006, 010003, 010004, 010000, 010007, 010002]
3256	10	010006	010002	51	11.0	3.0	0,885	true	[010006, 010003, 010004, 010001, 010000, 010002]
3257	10	010006	010002	52	11.0	3.0	0,885	true	[010006, 010003, 010004, 010001, 010000, 010005, 010002]
3258	10	010006	010002	53	9.0	3.0	0,876	true	[010006, 010003, 010004, 010001, 010000, 010007, 010002]
3259	10	010006	010002	54	5.0	3.0	0,867	true	[010006, 010003, 010004, 010001, 010005, 010000, 010002]
3260	10	010006	010002	55	5.0	3.0	0,859	true	[010006, 010003, 010004, 010001, 010005, 010000, 010007, 010002]
3261	10	010006	010002	56	5.0	3.0	0,885	true	[010006, 010003, 010004, 010001, 010005, 010002]
3262	10	010006	010002	57	10.0	3.0	0,893	true	[010006, 010003, 010004, 010002]
3263	10	010006	010002	58	10.0	3.0	0,867	true	[010006, 010003, 010007, 010000, 010001, 010004, 010002]
3264	10	010006	010002	59	5.0	3.0	0,876	true	[010006, 010003, 010007, 010000, 010001, 010005, 010002]
3265	10	010006	010002	60	20.0	3.0	0,912	true	[010006, 010003, 010007, 010000, 010002]
3266	10	010006	010002	61	5.0	3.0	0,859	true	[010006, 010003, 010007, 010000, 010004, 010001, 010005, 010002]
3267	10	010006	010002	62	10.0	3.0	0,867	true	[010006, 010003, 010007, 010000, 010004, 010002]
3268	10	010006	010002	63	5.0	3.0	0,849	true	[010006, 010003, 010007, 010000, 010005, 010001, 010004, 010002]
3269	10	010006	010002	64	20.0	3.0	0,912	true	[010006, 010003, 010007, 010000, 010005, 010002]
3270	10	010006	010002	65	9.0	3.0	0,922	true	[010006, 010003, 010007, 010002]
3271	10	010006	010002	66	10.0	3.0	0,867	true	[010006, 010005, 010000, 010001, 010003, 010004, 010002]
3272	10	010006	010002	67	9.0	3.0	0,894	true	[010006, 010005, 010000, 010001, 010003, 010007, 010002]
3273	10	010006	010002	68	10.0	3.0	0,867	true	[010006, 010005, 010000, 010001, 010004, 010002]
3274	10	010006	010002	69	9.0	3.0	0,876	true	[010006, 010005, 010000, 010001, 010004, 010003, 010007, 010002]
3275	10	010006	010002	70	12.0	3.0	0,912	true	[010006, 010005, 010000, 010002]
3276	10	010006	010002	71	10.0	3.0	0,885	true	[010006, 010005, 010000, 010003, 010001, 010004, 010002]
3277	10	010006	010002	72	10.0	3.0	0,885	true	[010006, 010005, 010000, 010003, 010004, 010002]
3278	10	010006	010002	73	9.0	3.0	0,912	true	[010006, 010005, 010000, 010003, 010007, 010002]
3279	10	010006	010002	74	9.0	3.0	0,876	true	[010006, 010005, 010000, 010004, 010001, 010003, 010007, 010002]
3280	10	010006	010002	75	10.0	3.0	0,867	true	[010006, 010005, 010000, 010004, 010002]
3281	10	010006	010002	76	9.0	3.0	0,876	true	[010006, 010005, 010000, 010004, 010003, 010007, 010002]
3282	10	010006	010002	77	9.0	3.0	0,903	true	[010006, 010005, 010000, 010007, 010002]
3283	10	010006	010002	78	10.0	3.0	0,876	true	[010006, 010005, 010000, 010007, 010003, 010001, 010004, 010002]
3284	10	010006	010002	79	10.0	3.0	0,876	true	[010006, 010005, 010000, 010007, 010003, 010004, 010002]
3285	10	010006	010002	80	5.0	4.0	0,876	true	[010006, 010005, 010001, 010000, 010002]
3286	10	010006	010002	81	5.0	3.0	0,849	true	[010006, 010005, 010001, 010000, 010003, 010004, 010002]
3287	10	010006	010002	82	5.0	4.0	0,876	true	[010006, 010005, 010001, 010000, 010003, 010007, 010002]
3288	10	010006	010002	83	5.0	4.0	0,832	true	[010006, 010005, 010001, 010000, 010004, 010002]
3289	10	010006	010002	84	5.0	3.0	0,841	true	[010006, 010005, 010001, 010000, 010004, 010003, 010007, 010002]
3290	10	010006	010002	85	5.0	4.0	0,867	true	[010006, 010005, 010001, 010000, 010007, 010002]
3291	10	010006	010002	86	5.0	3.0	0,841	true	[010006, 010005, 010001, 010000, 010007, 010003, 010004, 010002]
3292	10	010006	010002	87	5.0	4.0	0,894	true	[010006, 010005, 010001, 010003, 010000, 010002]
3293	10	010006	010002	88	5.0	4.0	0,849	true	[010006, 010005, 010001, 010003, 010000, 010004, 010002]
3294	10	010006	010002	89	5.0	4.0	0,885	true	[010006, 010005, 010001, 010003, 010000, 010007, 010002]
3295	10	010006	010002	90	5.0	3.0	0,858	true	[010006, 010005, 010001, 010003, 010004, 010000, 010002]
3296	10	010006	010002	91	5.0	3.0	0,850	true	[010006, 010005, 010001, 010003, 010004, 010000, 010007, 010002]
3297	10	010006	010002	92	5.0	3.0	0,867	true	[010006, 010005, 010001, 010003, 010004, 010002]
3298	10	010006	010002	93	5.0	4.0	0,885	true	[010006, 010005, 010001, 010003, 010007, 010000, 010002]
3299	10	010006	010002	94	5.0	4.0	0,841	true	[010006, 010005, 010001, 010003, 010007, 010000, 010004, 010002]
3300	10	010006	010002	95	5.0	4.0	0,894	true	[010006, 010005, 010001, 010003, 010007, 010002]
3301	10	010006	010002	96	5.0	4.0	0,858	true	[010006, 010005, 010001, 010004, 010000, 010002]
3302	10	010006	010002	97	5.0	4.0	0,858	true	[010006, 010005, 010001, 010004, 010000, 010003, 010007, 010002]
3303	10	010006	010002	98	5.0	4.0	0,850	true	[010006, 010005, 010001, 010004, 010000, 010007, 010002]
3304	10	010006	010002	99	5.0	4.0	0,867	true	[010006, 010005, 010001, 010004, 010002]
3305	10	010006	010002	100	5.0	3.0	0,876	true	[010006, 010005, 010001, 010004, 010003, 010000, 010002]
3306	10	010006	010002	101	12.0	8.0	0,931	true	[010006, 010005, 010002]
3307	11	011001	011006	0	6.0	3.0	0,841	true	[011001, 011000, 011002, 011004, 011003, 011006]
3308	11	011001	011006	1	14.0	3.0	0,832	true	[011001, 011000, 011002, 011004, 011003, 011007, 011006]
3309	11	011001	011006	2	18.0	3.0	0,885	true	[011001, 011000, 011002, 011005, 011006]
3310	11	011001	011006	3	23.0	3.0	0,931	true	[011001, 011000, 011002, 011006]
3311	11	011001	011006	4	6.0	3.0	0,867	true	[011001, 011000, 011002, 011007, 011003, 011006]
3312	11	011001	011006	5	14.0	3.0	0,858	true	[011001, 011000, 011002, 011007, 011006]
3313	11	011001	011006	6	15.0	5.0	0,816	true	[011001, 011000, 011003, 011004, 011002, 011005, 011006]
3314	11	011001	011006	7	15.0	5.0	0,858	true	[011001, 011000, 011003, 011004, 011002, 011006]
3315	11	011001	011006	8	14.0	5.0	0,791	true	[011001, 011000, 011003, 011004, 011002, 011007, 011006]
3316	11	011001	011006	9	6.0	5.0	0,912	true	[011001, 011000, 011003, 011006]
3317	11	011001	011006	10	15.0	5.0	0,841	true	[011001, 011000, 011003, 011007, 011002, 011005, 011006]
3318	11	011001	011006	11	15.0	5.0	0,884	true	[011001, 011000, 011003, 011007, 011002, 011006]
3319	11	011001	011006	12	14.0	5.0	0,903	true	[011001, 011000, 011003, 011007, 011006]
3320	11	011001	011006	13	18.0	5.0	0,841	true	[011001, 011000, 011004, 011002, 011005, 011006]
3321	11	011001	011006	14	23.0	5.0	0,885	true	[011001, 011000, 011004, 011002, 011006]
3322	11	011001	011006	15	6.0	5.0	0,824	true	[011001, 011000, 011004, 011002, 011007, 011003, 011006]
3323	11	011001	011006	16	14.0	5.0	0,815	true	[011001, 011000, 011004, 011002, 011007, 011006]
3324	11	011001	011006	17	6.0	5.0	0,867	true	[011001, 011000, 011004, 011003, 011006]
3325	11	011001	011006	18	18.0	5.0	0,799	true	[011001, 011000, 011004, 011003, 011007, 011002, 011005, 011006]
3326	11	011001	011006	19	23.0	5.0	0,840	true	[011001, 011000, 011004, 011003, 011007, 011002, 011006]
3327	11	011001	011006	20	14.0	5.0	0,858	true	[011001, 011000, 011004, 011003, 011007, 011006]
3328	11	011001	011006	21	6.0	3.0	0,816	true	[011001, 011000, 011005, 011002, 011004, 011003, 011006]
3329	11	011001	011006	22	11.0	3.0	0,807	true	[011001, 011000, 011005, 011002, 011004, 011003, 011007, 011006]
3330	11	011001	011006	23	11.0	3.0	0,903	true	[011001, 011000, 011005, 011002, 011006]
3331	11	011001	011006	24	6.0	3.0	0,841	true	[011001, 011000, 011005, 011002, 011007, 011003, 011006]
3332	11	011001	011006	25	11.0	3.0	0,832	true	[011001, 011000, 011005, 011002, 011007, 011006]
3333	11	011001	011006	26	11.0	3.0	0,894	true	[011001, 011000, 011005, 011006]
3334	11	011001	011006	27	23.0	8.0	0,903	true	[011001, 011000, 011006]
3335	11	011001	011006	28	6.0	5.0	0,783	true	[011001, 011000, 011007, 011002, 011004, 011003, 011006]
3336	11	011001	011006	29	18.0	5.0	0,824	true	[011001, 011000, 011007, 011002, 011005, 011006]
3337	11	011001	011006	30	23.0	5.0	0,866	true	[011001, 011000, 011007, 011002, 011006]
3338	11	011001	011006	31	18.0	5.0	0,799	true	[011001, 011000, 011007, 011003, 011004, 011002, 011005, 011006]
3339	11	011001	011006	32	23.0	5.0	0,840	true	[011001, 011000, 011007, 011003, 011004, 011002, 011006]
3340	11	011001	011006	33	6.0	5.0	0,894	true	[011001, 011000, 011007, 011003, 011006]
3341	11	011001	011006	34	14.0	5.0	0,885	true	[011001, 011000, 011007, 011006]
3342	11	011001	011006	35	15.0	3.0	0,886	true	[011001, 011003, 011000, 011002, 011005, 011006]
3343	11	011001	011006	36	15.0	3.0	0,932	true	[011001, 011003, 011000, 011002, 011006]
3344	11	011001	011006	37	14.0	3.0	0,858	true	[011001, 011003, 011000, 011002, 011007, 011006]
3345	11	011001	011006	38	15.0	4.0	0,841	true	[011001, 011003, 011000, 011004, 011002, 011005, 011006]
3346	11	011001	011006	39	15.0	4.0	0,885	true	[011001, 011003, 011000, 011004, 011002, 011006]
3347	11	011001	011006	40	14.0	4.0	0,816	true	[011001, 011003, 011000, 011004, 011002, 011007, 011006]
3348	11	011001	011006	41	11.0	3.0	0,904	true	[011001, 011003, 011000, 011005, 011002, 011006]
3349	11	011001	011006	42	11.0	3.0	0,833	true	[011001, 011003, 011000, 011005, 011002, 011007, 011006]
3350	11	011001	011006	43	11.0	3.0	0,894	true	[011001, 011003, 011000, 011005, 011006]
3351	11	011001	011006	44	15.0	4.0	0,903	true	[011001, 011003, 011000, 011006]
3352	11	011001	011006	45	15.0	4.0	0,824	true	[011001, 011003, 011000, 011007, 011002, 011005, 011006]
3353	11	011001	011006	46	15.0	4.0	0,867	true	[011001, 011003, 011000, 011007, 011002, 011006]
3354	11	011001	011006	47	14.0	4.0	0,885	true	[011001, 011003, 011000, 011007, 011006]
3355	11	011001	011006	48	18.0	3.0	0,841	true	[011001, 011003, 011004, 011000, 011002, 011005, 011006]
3356	11	011001	011006	49	21.0	3.0	0,885	true	[011001, 011003, 011004, 011000, 011002, 011006]
3357	11	011001	011006	50	14.0	3.0	0,816	true	[011001, 011003, 011004, 011000, 011002, 011007, 011006]
3358	11	011001	011006	51	11.0	3.0	0,859	true	[011001, 011003, 011004, 011000, 011005, 011002, 011006]
3359	11	011001	011006	52	11.0	3.0	0,791	true	[011001, 011003, 011004, 011000, 011005, 011002, 011007, 011006]
3360	11	011001	011006	53	11.0	3.0	0,850	true	[011001, 011003, 011004, 011000, 011005, 011006]
3361	11	011001	011006	54	21.0	4.0	0,858	true	[011001, 011003, 011004, 011000, 011006]
3362	11	011001	011006	55	18.0	4.0	0,783	true	[011001, 011003, 011004, 011000, 011007, 011002, 011005, 011006]
3363	11	011001	011006	56	21.0	4.0	0,824	true	[011001, 011003, 011004, 011000, 011007, 011002, 011006]
3364	11	011001	011006	57	14.0	4.0	0,841	true	[011001, 011003, 011004, 011000, 011007, 011006]
3365	11	011001	011006	58	11.0	3.0	0,824	true	[011001, 011003, 011004, 011002, 011000, 011005, 011006]
3366	11	011001	011006	59	21.0	3.0	0,832	true	[011001, 011003, 011004, 011002, 011000, 011006]
3367	11	011001	011006	60	14.0	3.0	0,816	true	[011001, 011003, 011004, 011002, 011000, 011007, 011006]
3368	11	011001	011006	61	11.0	3.0	0,807	true	[011001, 011003, 011004, 011002, 011005, 011000, 011006]
3369	11	011001	011006	62	11.0	3.0	0,791	true	[011001, 011003, 011004, 011002, 011005, 011000, 011007, 011006]
3370	11	011001	011006	63	18.0	4.0	0,850	true	[011001, 011003, 011004, 011002, 011005, 011006]
3371	11	011001	011006	64	21.0	4.0	0,894	true	[011001, 011003, 011004, 011002, 011006]
3372	11	011001	011006	65	11.0	3.0	0,767	true	[011001, 011003, 011004, 011002, 011007, 011000, 011005, 011006]
3373	11	011001	011006	66	21.0	4.0	0,775	true	[011001, 011003, 011004, 011002, 011007, 011000, 011006]
3374	11	011001	011006	67	14.0	4.0	0,824	true	[011001, 011003, 011004, 011002, 011007, 011006]
3375	11	011001	011006	68	6.0	4.0	0,951	true	[011001, 011003, 011006]
3376	11	011001	011006	69	18.0	3.0	0,867	true	[011001, 011003, 011007, 011000, 011002, 011005, 011006]
3377	11	011001	011006	70	21.0	3.0	0,913	true	[011001, 011003, 011007, 011000, 011002, 011006]
3378	11	011001	011006	71	18.0	4.0	0,824	true	[011001, 011003, 011007, 011000, 011004, 011002, 011005, 011006]
3379	11	011001	011006	72	21.0	4.0	0,867	true	[011001, 011003, 011007, 011000, 011004, 011002, 011006]
3380	11	011001	011006	73	11.0	3.0	0,885	true	[011001, 011003, 011007, 011000, 011005, 011002, 011006]
3381	11	011001	011006	74	11.0	3.0	0,876	true	[011001, 011003, 011007, 011000, 011005, 011006]
3382	11	011001	011006	75	21.0	4.0	0,885	true	[011001, 011003, 011007, 011000, 011006]
3383	11	011001	011006	76	11.0	3.0	0,850	true	[011001, 011003, 011007, 011002, 011000, 011005, 011006]
3384	11	011001	011006	77	21.0	3.0	0,858	true	[011001, 011003, 011007, 011002, 011000, 011006]
3385	11	011001	011006	78	11.0	3.0	0,807	true	[011001, 011003, 011007, 011002, 011004, 011000, 011005, 011006]
3386	11	011001	011006	79	21.0	4.0	0,815	true	[011001, 011003, 011007, 011002, 011004, 011000, 011006]
3387	11	011001	011006	80	11.0	3.0	0,832	true	[011001, 011003, 011007, 011002, 011005, 011000, 011006]
3388	11	011001	011006	81	18.0	4.0	0,876	true	[011001, 011003, 011007, 011002, 011005, 011006]
3389	11	011001	011006	82	21.0	4.0	0,922	true	[011001, 011003, 011007, 011002, 011006]
3390	11	011001	011006	83	14.0	4.0	0,941	true	[011001, 011003, 011007, 011006]
3391	11	011001	011006	84	18.0	3.0	0,867	true	[011001, 011004, 011000, 011002, 011005, 011006]
3392	11	011001	011006	85	26.0	3.0	0,913	true	[011001, 011004, 011000, 011002, 011006]
3393	11	011001	011006	86	6.0	3.0	0,850	true	[011001, 011004, 011000, 011002, 011007, 011003, 011006]
3394	11	011001	011006	87	14.0	3.0	0,841	true	[011001, 011004, 011000, 011002, 011007, 011006]
3395	11	011001	011006	88	6.0	3.0	0,894	true	[011001, 011004, 011000, 011003, 011006]
3396	11	011001	011006	89	15.0	3.0	0,824	true	[011001, 011004, 011000, 011003, 011007, 011002, 011005, 011006]
3397	11	011001	011006	90	15.0	3.0	0,867	true	[011001, 011004, 011000, 011003, 011007, 011002, 011006]
3398	11	011001	011006	91	14.0	3.0	0,885	true	[011001, 011004, 011000, 011003, 011007, 011006]
3399	11	011001	011006	92	11.0	3.0	0,885	true	[011001, 011004, 011000, 011005, 011002, 011006]
3400	11	011001	011006	93	6.0	3.0	0,824	true	[011001, 011004, 011000, 011005, 011002, 011007, 011003, 011006]
3401	11	011001	011006	94	11.0	3.0	0,816	true	[011001, 011004, 011000, 011005, 011002, 011007, 011006]
3402	11	011001	011006	95	11.0	3.0	0,876	true	[011001, 011004, 011000, 011005, 011006]
3403	11	011001	011006	96	39.0	3.0	0,885	true	[011001, 011004, 011000, 011006]
3404	11	011001	011006	97	18.0	3.0	0,807	true	[011001, 011004, 011000, 011007, 011002, 011005, 011006]
3405	11	011001	011006	98	24.0	3.0	0,849	true	[011001, 011004, 011000, 011007, 011002, 011006]
3406	11	011001	011006	99	6.0	3.0	0,876	true	[011001, 011004, 011000, 011007, 011003, 011006]
3407	11	011001	011006	100	14.0	3.0	0,867	true	[011001, 011004, 011000, 011007, 011006]
3408	12	012005	012003	0	17.0	4.0	0,866	true	[012005, 012002, 012001, 012000, 012003]
3409	12	012005	012003	1	20.0	3.0	0,858	true	[012005, 012002, 012001, 012000, 012006, 012003]
3410	12	012005	012003	2	18.0	3.0	0,841	true	[012005, 012002, 012001, 012000, 012006, 012007, 012003]
3411	12	012005	012003	3	18.0	3.0	0,867	true	[012005, 012002, 012001, 012000, 012006, 012007, 012004, 012003]
3412	12	012005	012003	4	17.0	3.0	0,832	true	[012005, 012002, 012001, 012000, 012007, 012003]
3413	12	012005	012003	5	17.0	3.0	0,858	true	[012005, 012002, 012001, 012000, 012007, 012004, 012003]
3414	12	012005	012003	6	17.0	3.0	0,832	true	[012005, 012002, 012001, 012000, 012007, 012006, 012003]
3415	12	012005	012003	7	44.0	4.0	0,922	true	[012005, 012002, 012001, 012003]
3416	12	012005	012003	8	17.0	4.0	0,867	true	[012005, 012002, 012001, 012006, 012000, 012003]
3417	12	012005	012003	9	17.0	3.0	0,832	true	[012005, 012002, 012001, 012006, 012000, 012007, 012003]
3418	12	012005	012003	10	17.0	3.0	0,858	true	[012005, 012002, 012001, 012006, 012000, 012007, 012004, 012003]
3419	12	012005	012003	11	20.0	3.0	0,912	true	[012005, 012002, 012001, 012006, 012003]
3420	12	012005	012003	12	17.0	4.0	0,840	true	[012005, 012002, 012001, 012006, 012007, 012000, 012003]
3421	12	012005	012003	13	18.0	3.0	0,894	true	[012005, 012002, 012001, 012006, 012007, 012003]
3422	12	012005	012003	14	18.0	3.0	0,922	true	[012005, 012002, 012001, 012006, 012007, 012004, 012003]
3423	12	012005	012003	15	16.0	4.0	0,815	true	[012005, 012002, 012001, 012007, 012000, 012003]
3424	12	012005	012003	16	16.0	3.0	0,807	true	[012005, 012002, 012001, 012007, 012000, 012006, 012003]
3425	12	012005	012003	17	16.0	3.0	0,866	true	[012005, 012002, 012001, 012007, 012003]
3426	12	012005	012003	18	16.0	3.0	0,893	true	[012005, 012002, 012001, 012007, 012004, 012003]
3427	12	012005	012003	19	16.0	4.0	0,823	true	[012005, 012002, 012001, 012007, 012006, 012000, 012003]
3428	12	012005	012003	20	16.0	3.0	0,867	true	[012005, 012002, 012001, 012007, 012006, 012003]
3429	12	012005	012003	21	31.0	4.0	0,980	true	[012005, 012002, 012003]
3430	12	012005	012003	22	28.0	4.0	0,970	true	[012005, 012002, 012004, 012003]
3431	12	012005	012003	23	17.0	3.0	0,867	true	[012005, 012002, 012004, 012007, 012000, 012001, 012003]
3432	12	012005	012003	24	17.0	3.0	0,858	true	[012005, 012002, 012004, 012007, 012000, 012001, 012006, 012003]
3433	12	012005	012003	25	17.0	3.0	0,884	true	[012005, 012002, 012004, 012007, 012000, 012003]
3434	12	012005	012003	26	17.0	3.0	0,867	true	[012005, 012002, 012004, 012007, 012000, 012006, 012001, 012003]
3435	12	012005	012003	27	17.0	3.0	0,876	true	[012005, 012002, 012004, 012007, 012000, 012006, 012003]
3436	12	012005	012003	28	16.0	3.0	0,849	true	[012005, 012002, 012004, 012007, 012001, 012000, 012003]
3437	12	012005	012003	29	16.0	3.0	0,841	true	[012005, 012002, 012004, 012007, 012001, 012000, 012006, 012003]
3438	12	012005	012003	30	16.0	3.0	0,903	true	[012005, 012002, 012004, 012007, 012001, 012003]
3439	12	012005	012003	31	16.0	3.0	0,849	true	[012005, 012002, 012004, 012007, 012001, 012006, 012000, 012003]
3440	12	012005	012003	32	16.0	3.0	0,894	true	[012005, 012002, 012004, 012007, 012001, 012006, 012003]
3441	12	012005	012003	33	25.0	3.0	0,941	true	[012005, 012002, 012004, 012007, 012003]
3442	12	012005	012003	34	18.0	3.0	0,876	true	[012005, 012002, 012004, 012007, 012006, 012000, 012001, 012003]
3443	12	012005	012003	35	17.0	3.0	0,894	true	[012005, 012002, 012004, 012007, 012006, 012000, 012003]
3444	12	012005	012003	36	17.0	3.0	0,876	true	[012005, 012002, 012004, 012007, 012006, 012001, 012000, 012003]
3445	12	012005	012003	37	18.0	3.0	0,932	true	[012005, 012002, 012004, 012007, 012006, 012001, 012003]
3446	12	012005	012003	38	18.0	3.0	0,941	true	[012005, 012002, 012004, 012007, 012006, 012003]
3447	12	012005	012003	39	17.0	4.0	0,815	true	[012005, 012004, 012002, 012001, 012000, 012003]
3448	12	012005	012003	40	20.0	3.0	0,807	true	[012005, 012004, 012002, 012001, 012000, 012006, 012003]
3449	12	012005	012003	41	18.0	3.0	0,791	true	[012005, 012004, 012002, 012001, 012000, 012006, 012007, 012003]
3450	12	012005	012003	42	17.0	3.0	0,783	true	[012005, 012004, 012002, 012001, 012000, 012007, 012003]
3451	12	012005	012003	43	17.0	3.0	0,783	true	[012005, 012004, 012002, 012001, 012000, 012007, 012006, 012003]
3452	12	012005	012003	44	28.0	4.0	0,867	true	[012005, 012004, 012002, 012001, 012003]
3453	12	012005	012003	45	17.0	4.0	0,815	true	[012005, 012004, 012002, 012001, 012006, 012000, 012003]
3454	12	012005	012003	46	17.0	3.0	0,783	true	[012005, 012004, 012002, 012001, 012006, 012000, 012007, 012003]
3455	12	012005	012003	47	20.0	3.0	0,858	true	[012005, 012004, 012002, 012001, 012006, 012003]
3456	12	012005	012003	48	17.0	4.0	0,791	true	[012005, 012004, 012002, 012001, 012006, 012007, 012000, 012003]
3457	12	012005	012003	49	18.0	3.0	0,841	true	[012005, 012004, 012002, 012001, 012006, 012007, 012003]
3458	12	012005	012003	50	16.0	4.0	0,766	true	[012005, 012004, 012002, 012001, 012007, 012000, 012003]
3459	12	012005	012003	51	16.0	3.0	0,759	true	[012005, 012004, 012002, 012001, 012007, 012000, 012006, 012003]
3460	12	012005	012003	52	16.0	3.0	0,815	true	[012005, 012004, 012002, 012001, 012007, 012003]
3461	12	012005	012003	53	16.0	4.0	0,775	true	[012005, 012004, 012002, 012001, 012007, 012006, 012000, 012003]
3462	12	012005	012003	54	16.0	3.0	0,815	true	[012005, 012004, 012002, 012001, 012007, 012006, 012003]
3463	12	012005	012003	55	28.0	4.0	0,922	true	[012005, 012004, 012002, 012003]
3464	12	012005	012003	56	30.0	5.0	0,950	true	[012005, 012004, 012003]
3465	12	012005	012003	57	17.0	3.0	0,815	true	[012005, 012004, 012007, 012000, 012001, 012002, 012003]
3466	12	012005	012003	58	17.0	3.0	0,849	true	[012005, 012004, 012007, 012000, 012001, 012003]
3467	12	012005	012003	59	17.0	3.0	0,841	true	[012005, 012004, 012007, 012000, 012001, 012006, 012003]
3468	12	012005	012003	60	17.0	3.0	0,866	true	[012005, 012004, 012007, 012000, 012003]
3469	12	012005	012003	61	17.0	3.0	0,815	true	[012005, 012004, 012007, 012000, 012006, 012001, 012002, 012003]
3470	12	012005	012003	62	17.0	3.0	0,850	true	[012005, 012004, 012007, 012000, 012006, 012001, 012003]
3471	12	012005	012003	63	17.0	3.0	0,858	true	[012005, 012004, 012007, 012000, 012006, 012003]
3472	12	012005	012003	64	16.0	3.0	0,832	true	[012005, 012004, 012007, 012001, 012000, 012003]
3473	12	012005	012003	65	16.0	3.0	0,824	true	[012005, 012004, 012007, 012001, 012000, 012006, 012003]
3474	12	012005	012003	66	16.0	3.0	0,849	true	[012005, 012004, 012007, 012001, 012002, 012003]
3475	12	012005	012003	67	16.0	3.0	0,885	true	[012005, 012004, 012007, 012001, 012003]
3476	12	012005	012003	68	16.0	3.0	0,832	true	[012005, 012004, 012007, 012001, 012006, 012000, 012003]
3477	12	012005	012003	69	16.0	3.0	0,876	true	[012005, 012004, 012007, 012001, 012006, 012003]
3478	12	012005	012003	70	25.0	3.0	0,922	true	[012005, 012004, 012007, 012003]
3479	12	012005	012003	71	18.0	3.0	0,824	true	[012005, 012004, 012007, 012006, 012000, 012001, 012002, 012003]
3480	12	012005	012003	72	18.0	3.0	0,858	true	[012005, 012004, 012007, 012006, 012000, 012001, 012003]
3481	12	012005	012003	73	17.0	3.0	0,876	true	[012005, 012004, 012007, 012006, 012000, 012003]
3482	12	012005	012003	74	17.0	3.0	0,858	true	[012005, 012004, 012007, 012006, 012001, 012000, 012003]
3483	12	012005	012003	75	18.0	3.0	0,876	true	[012005, 012004, 012007, 012006, 012001, 012002, 012003]
3484	12	012005	012003	76	18.0	3.0	0,913	true	[012005, 012004, 012007, 012006, 012001, 012003]
3485	12	012005	012003	77	18.0	3.0	0,922	true	[012005, 012004, 012007, 012006, 012003]
3486	12	012005	012003	78	20.0	4.0	0,858	true	[012005, 012006, 012000, 012001, 012002, 012003]
3487	12	012005	012003	79	20.0	4.0	0,850	true	[012005, 012006, 012000, 012001, 012002, 012004, 012003]
3488	12	012005	012003	80	20.0	3.0	0,824	true	[012005, 012006, 012000, 012001, 012002, 012004, 012007, 012003]
3489	12	012005	012003	81	20.0	4.0	0,894	true	[012005, 012006, 012000, 012001, 012003]
3490	12	012005	012003	82	16.0	3.0	0,841	true	[012005, 012006, 012000, 012001, 012007, 012003]
3491	12	012005	012003	83	16.0	3.0	0,841	true	[012005, 012006, 012000, 012001, 012007, 012004, 012002, 012003]
3492	12	012005	012003	84	16.0	3.0	0,867	true	[012005, 012006, 012000, 012001, 012007, 012004, 012003]
3493	12	012005	012003	85	17.0	4.0	0,912	true	[012005, 012006, 012000, 012003]
3494	12	012005	012003	86	16.0	4.0	0,807	true	[012005, 012006, 012000, 012007, 012001, 012002, 012003]
3495	12	012005	012003	87	16.0	4.0	0,799	true	[012005, 012006, 012000, 012007, 012001, 012002, 012004, 012003]
3496	12	012005	012003	88	16.0	4.0	0,841	true	[012005, 012006, 012000, 012007, 012001, 012003]
3497	12	012005	012003	89	17.0	3.0	0,876	true	[012005, 012006, 012000, 012007, 012003]
3498	12	012005	012003	90	17.0	3.0	0,824	true	[012005, 012006, 012000, 012007, 012004, 012002, 012001, 012003]
3499	12	012005	012003	91	17.0	3.0	0,876	true	[012005, 012006, 012000, 012007, 012004, 012002, 012003]
3500	12	012005	012003	92	17.0	3.0	0,903	true	[012005, 012006, 012000, 012007, 012004, 012003]
3501	12	012005	012003	93	17.0	4.0	0,894	true	[012005, 012006, 012001, 012000, 012003]
3502	12	012005	012003	94	17.0	3.0	0,858	true	[012005, 012006, 012001, 012000, 012007, 012003]
3503	12	012005	012003	95	17.0	3.0	0,858	true	[012005, 012006, 012001, 012000, 012007, 012004, 012002, 012003]
3504	12	012005	012003	96	17.0	3.0	0,885	true	[012005, 012006, 012001, 012000, 012007, 012004, 012003]
3505	12	012005	012003	97	20.0	4.0	0,912	true	[012005, 012006, 012001, 012002, 012003]
3506	12	012005	012003	98	20.0	4.0	0,903	true	[012005, 012006, 012001, 012002, 012004, 012003]
3507	12	012005	012003	99	17.0	3.0	0,824	true	[012005, 012006, 012001, 012002, 012004, 012007, 012000, 012003]
3508	12	012005	012003	100	20.0	3.0	0,876	true	[012005, 012006, 012001, 012002, 012004, 012007, 012003]
3509	12	012005	012003	101	20.0	4.0	0,951	true	[012005, 012006, 012001, 012003]
3510	12	012005	012003	102	33.0	3.0	0,960	true	[012005, 012006, 012003]
3511	13	013003	013002	0	5.0	5.0	0,894	true	[013003, 013000, 013001, 013004, 013005, 013002]
3512	13	013003	013002	1	5.0	5.0	0,849	true	[013003, 013000, 013001, 013004, 013005, 013006, 013002]
3513	13	013003	013002	2	5.0	5.0	0,894	true	[013003, 013000, 013001, 013004, 013006, 013002]
3514	13	013003	013002	3	5.0	5.0	0,849	true	[013003, 013000, 013001, 013004, 013006, 013005, 013002]
3515	13	013003	013002	4	5.0	6.0	0,922	true	[013003, 013000, 013001, 013005, 013002]
3516	13	013003	013002	5	5.0	6.0	0,832	true	[013003, 013000, 013001, 013005, 013004, 013006, 013002]
3517	13	013003	013002	6	5.0	6.0	0,876	true	[013003, 013000, 013001, 013005, 013006, 013002]
3518	13	013003	013002	7	34.0	7.0	0,970	true	[013003, 013000, 013002]
3519	13	013003	013002	8	14.0	3.0	0,932	true	[013003, 013000, 013004, 013001, 013005, 013002]
3520	13	013003	013002	9	14.0	3.0	0,885	true	[013003, 013000, 013004, 013001, 013005, 013006, 013002]
3521	13	013003	013002	10	25.0	3.0	0,903	true	[013003, 013000, 013004, 013005, 013002]
3522	13	013003	013002	11	25.0	3.0	0,858	true	[013003, 013000, 013004, 013005, 013006, 013002]
3523	13	013003	013002	12	25.0	3.0	0,903	true	[013003, 013000, 013004, 013006, 013002]
3524	13	013003	013002	13	25.0	3.0	0,858	true	[013003, 013000, 013004, 013006, 013005, 013002]
3525	13	013003	013002	14	14.0	5.0	0,894	true	[013003, 013000, 013005, 013001, 013004, 013006, 013002]
3526	13	013003	013002	15	23.0	7.0	0,960	true	[013003, 013000, 013005, 013002]
3527	13	013003	013002	16	23.0	6.0	0,867	true	[013003, 013000, 013005, 013004, 013006, 013002]
3528	13	013003	013002	17	23.0	7.0	0,912	true	[013003, 013000, 013005, 013006, 013002]
3529	13	013003	013002	18	14.0	5.0	0,885	true	[013003, 013000, 013007, 013001, 013004, 013005, 013002]
3530	13	013003	013002	19	14.0	5.0	0,841	true	[013003, 013000, 013007, 013001, 013004, 013005, 013006, 013002]
3531	13	013003	013002	20	14.0	5.0	0,885	true	[013003, 013000, 013007, 013001, 013004, 013006, 013002]
3532	13	013003	013002	21	14.0	5.0	0,841	true	[013003, 013000, 013007, 013001, 013004, 013006, 013005, 013002]
3533	13	013003	013002	22	18.0	5.0	0,913	true	[013003, 013000, 013007, 013001, 013005, 013002]
3534	13	013003	013002	23	18.0	5.0	0,824	true	[013003, 013000, 013007, 013001, 013005, 013004, 013006, 013002]
3535	13	013003	013002	24	18.0	5.0	0,867	true	[013003, 013000, 013007, 013001, 013005, 013006, 013002]
3536	13	013003	013002	25	5.0	3.0	0,922	true	[013003, 013001, 013000, 013002]
3537	13	013003	013002	26	5.0	3.0	0,858	true	[013003, 013001, 013000, 013004, 013005, 013002]
3538	13	013003	013002	27	5.0	3.0	0,815	true	[013003, 013001, 013000, 013004, 013005, 013006, 013002]
3539	13	013003	013002	28	5.0	3.0	0,858	true	[013003, 013001, 013000, 013004, 013006, 013002]
3540	13	013003	013002	29	5.0	3.0	0,815	true	[013003, 013001, 013000, 013004, 013006, 013005, 013002]
3541	13	013003	013002	30	5.0	3.0	0,913	true	[013003, 013001, 013000, 013005, 013002]
3542	13	013003	013002	31	5.0	3.0	0,824	true	[013003, 013001, 013000, 013005, 013004, 013006, 013002]
3543	13	013003	013002	32	5.0	3.0	0,867	true	[013003, 013001, 013000, 013005, 013006, 013002]
3544	13	013003	013002	33	14.0	3.0	0,931	true	[013003, 013001, 013004, 013000, 013002]
3545	13	013003	013002	34	14.0	3.0	0,922	true	[013003, 013001, 013004, 013000, 013005, 013002]
3546	13	013003	013002	35	14.0	3.0	0,876	true	[013003, 013001, 013004, 013000, 013005, 013006, 013002]
3547	13	013003	013002	36	14.0	3.0	0,894	true	[013003, 013001, 013004, 013005, 013000, 013002]
3548	13	013003	013002	37	14.0	3.0	0,922	true	[013003, 013001, 013004, 013005, 013002]
3549	13	013003	013002	38	14.0	3.0	0,876	true	[013003, 013001, 013004, 013005, 013006, 013002]
3550	13	013003	013002	39	14.0	3.0	0,922	true	[013003, 013001, 013004, 013006, 013002]
3551	13	013003	013002	40	14.0	3.0	0,849	true	[013003, 013001, 013004, 013006, 013005, 013000, 013002]
3552	13	013003	013002	41	14.0	3.0	0,876	true	[013003, 013001, 013004, 013006, 013005, 013002]
3553	13	013003	013002	42	19.0	3.0	0,922	true	[013003, 013001, 013005, 013000, 013002]
3554	13	013003	013002	43	19.0	3.0	0,859	true	[013003, 013001, 013005, 013000, 013004, 013006, 013002]
3555	13	013003	013002	44	19.0	3.0	0,951	true	[013003, 013001, 013005, 013002]
3556	13	013003	013002	45	19.0	3.0	0,867	true	[013003, 013001, 013005, 013004, 013000, 013002]
3557	13	013003	013002	46	19.0	3.0	0,858	true	[013003, 013001, 013005, 013004, 013006, 013002]
3558	13	013003	013002	47	19.0	3.0	0,903	true	[013003, 013001, 013005, 013006, 013002]
3559	13	013003	013002	48	19.0	3.0	0,824	true	[013003, 013001, 013005, 013006, 013004, 013000, 013002]
3560	13	013003	013002	49	18.0	3.0	0,913	true	[013003, 013001, 013007, 013000, 013002]
3561	13	013003	013002	50	18.0	3.0	0,850	true	[013003, 013001, 013007, 013000, 013004, 013005, 013002]
3562	13	013003	013002	51	18.0	3.0	0,807	true	[013003, 013001, 013007, 013000, 013004, 013005, 013006, 013002]
3563	13	013003	013002	52	18.0	3.0	0,850	true	[013003, 013001, 013007, 013000, 013004, 013006, 013002]
3564	13	013003	013002	53	18.0	3.0	0,807	true	[013003, 013001, 013007, 013000, 013004, 013006, 013005, 013002]
3565	13	013003	013002	54	18.0	3.0	0,904	true	[013003, 013001, 013007, 013000, 013005, 013002]
3566	13	013003	013002	55	18.0	3.0	0,816	true	[013003, 013001, 013007, 013000, 013005, 013004, 013006, 013002]
3567	13	013003	013002	56	18.0	3.0	0,858	true	[013003, 013001, 013007, 013000, 013005, 013006, 013002]
3568	13	013003	013002	57	19.0	9.0	0,970	true	[013003, 013002]
3569	13	013003	013002	58	5.0	3.0	0,850	true	[013003, 013005, 013000, 013001, 013004, 013006, 013002]
3570	13	013003	013002	59	23.0	3.0	0,922	true	[013003, 013005, 013000, 013002]
3571	13	013003	013002	60	23.0	3.0	0,858	true	[013003, 013005, 013000, 013004, 013006, 013002]
3572	13	013003	013002	61	14.0	3.0	0,841	true	[013003, 013005, 013000, 013007, 013001, 013004, 013006, 013002]
3573	13	013003	013002	62	5.0	3.0	0,885	true	[013003, 013005, 013001, 013000, 013002]
3574	13	013003	013002	63	5.0	3.0	0,824	true	[013003, 013005, 013001, 013000, 013004, 013006, 013002]
3575	13	013003	013002	64	14.0	3.0	0,894	true	[013003, 013005, 013001, 013004, 013000, 013002]
3576	13	013003	013002	65	14.0	3.0	0,885	true	[013003, 013005, 013001, 013004, 013006, 013002]
3577	13	013003	013002	66	18.0	3.0	0,876	true	[013003, 013005, 013001, 013007, 013000, 013002]
3578	13	013003	013002	67	18.0	3.0	0,816	true	[013003, 013005, 013001, 013007, 013000, 013004, 013006, 013002]
3579	13	013003	013002	68	25.0	3.0	0,951	true	[013003, 013005, 013002]
3580	13	013003	013002	69	30.0	3.0	0,867	true	[013003, 013005, 013004, 013000, 013002]
3581	13	013003	013002	70	5.0	3.0	0,858	true	[013003, 013005, 013004, 013001, 013000, 013002]
3582	13	013003	013002	71	14.0	3.0	0,850	true	[013003, 013005, 013004, 013001, 013007, 013000, 013002]
3583	13	013003	013002	72	25.0	3.0	0,858	true	[013003, 013005, 013004, 013006, 013002]
3584	13	013003	013002	73	25.0	3.0	0,903	true	[013003, 013005, 013006, 013002]
3585	13	013003	013002	74	29.0	3.0	0,824	true	[013003, 013005, 013006, 013004, 013000, 013002]
3586	13	013003	013002	75	5.0	3.0	0,815	true	[013003, 013005, 013006, 013004, 013001, 013000, 013002]
3587	13	013003	013002	76	14.0	3.0	0,807	true	[013003, 013005, 013006, 013004, 013001, 013007, 013000, 013002]
3588	13	013003	013002	77	25.0	7.0	0,931	true	[013003, 013006, 013002]
3589	13	013003	013002	78	5.0	3.0	0,807	true	[013003, 013006, 013004, 013000, 013001, 013005, 013002]
3590	13	013003	013002	79	34.0	3.0	0,849	true	[013003, 013006, 013004, 013000, 013002]
3591	13	013003	013002	80	23.0	3.0	0,841	true	[013003, 013006, 013004, 013000, 013005, 013002]
3592	13	013003	013002	81	18.0	3.0	0,799	true	[013003, 013006, 013004, 013000, 013007, 013001, 013005, 013002]
3593	13	013003	013002	82	5.0	5.0	0,840	true	[013003, 013006, 013004, 013001, 013000, 013002]
3594	13	013003	013002	83	5.0	5.0	0,832	true	[013003, 013006, 013004, 013001, 013000, 013005, 013002]
3595	13	013003	013002	84	14.0	5.0	0,841	true	[013003, 013006, 013004, 013001, 013005, 013000, 013002]
3596	13	013003	013002	85	14.0	5.0	0,867	true	[013003, 013006, 013004, 013001, 013005, 013002]
3597	13	013003	013002	86	14.0	5.0	0,832	true	[013003, 013006, 013004, 013001, 013007, 013000, 013002]
3598	13	013003	013002	87	14.0	5.0	0,824	true	[013003, 013006, 013004, 013001, 013007, 013000, 013005, 013002]
3599	13	013003	013002	88	23.0	6.0	0,815	true	[013003, 013006, 013004, 013005, 013000, 013002]
3600	13	013003	013002	89	5.0	6.0	0,782	true	[013003, 013006, 013004, 013005, 013001, 013000, 013002]
3601	13	013003	013002	90	18.0	5.0	0,775	true	[013003, 013006, 013004, 013005, 013001, 013007, 013000, 013002]
3602	13	013003	013002	91	25.0	6.0	0,840	true	[013003, 013006, 013004, 013005, 013002]
3603	13	013003	013002	92	23.0	7.0	0,858	true	[013003, 013006, 013005, 013000, 013002]
3604	13	013003	013002	93	5.0	6.0	0,824	true	[013003, 013006, 013005, 013001, 013000, 013002]
3605	13	013003	013002	94	14.0	3.0	0,832	true	[013003, 013006, 013005, 013001, 013004, 013000, 013002]
3606	13	013003	013002	95	18.0	5.0	0,815	true	[013003, 013006, 013005, 013001, 013007, 013000, 013002]
3607	13	013003	013002	96	25.0	7.0	0,884	true	[013003, 013006, 013005, 013002]
3608	13	013003	013002	97	29.0	3.0	0,807	true	[013003, 013006, 013005, 013004, 013000, 013002]
3609	13	013003	013002	98	5.0	5.0	0,798	true	[013003, 013006, 013005, 013004, 013001, 013000, 013002]
3610	13	013003	013002	99	14.0	5.0	0,790	true	[013003, 013006, 013005, 013004, 013001, 013007, 013000, 013002]
3611	13	013003	013002	100	5.0	5.0	0,867	true	[013003, 013007, 013000, 013001, 013004, 013005, 013002]
3612	13	013003	013002	101	18.0	7.0	0,941	true	[013003, 013007, 013000, 013002]
3613	-1	000003	001000	0	125.0	44.0	0,997	true	[000003, 001000]
3614	-1	000001	002007	0	150.0	25.0	0,998	true	[000001, 002007]
3615	-1	000007	007007	0	100.0	29.0	0,996	true	[000007, 007007]
3616	-1	001005	002000	0	125.0	43.0	0,995	true	[001005, 002000]
3617	-1	001006	003005	0	140.0	36.0	0,997	true	[001006, 003005]
3618	-1	002005	005007	0	130.0	26.0	0,998	true	[002005, 005007]
3619	-1	003003	004000	0	115.0	23.0	0,996	true	[003003, 004000]
3620	-1	003001	010006	0	150.0	42.0	0,995	true	[003001, 010006]
3621	-1	004005	005005	0	145.0	33.0	0,995	true	[004005, 005005]
3622	-1	004001	006003	0	105.0	48.0	0,996	true	[004001, 006003]
3623	-1	005000	009002	0	115.0	50.0	0,997	true	[005000, 009002]
3624	-1	005003	012005	0	120.0	28.0	0,998	true	[005003, 012005]
3625	-1	006000	007003	0	105.0	26.0	0,999	true	[006000, 007003]
3626	-1	007002	008005	0	150.0	45.0	0,999	true	[007002, 008005]
3627	-1	008006	009001	0	145.0	37.0	0,996	true	[008006, 009001]
3628	-1	008003	011001	0	125.0	41.0	0,999	true	[008003, 011001]
3629	-1	008004	013003	0	115.0	36.0	0,998	true	[008004, 013003]
3630	-1	010002	011006	0	150.0	34.0	0,996	true	[010002, 011006]
3631	-1	010003	013002	0	145.0	39.0	0,995	true	[010003, 013002]
3632	-1	011007	013006	0	135.0	30.0	0,999	true	[011007, 013006]
3633	-1	012003	013005	0	135.0	43.0	0,998	true	[012003, 013005]
